t,et,o,h,l,c,v
1163773800,2006-11-17 09:30,16.9,17.01,16.845,16.915,13519398
1164033000,2006-11-20 09:30,17.26,17.349955,17.17,17.24,9326000
1164119400,2006-11-21 09:30,17.17,17.300005,17.155,17.285005,5814400
1164205800,2006-11-22 09:30,17.370005,17.525,17.339995,17.525,4522800
1164378600,2006-11-24 09:30,17.475,17.54,17.44,17.54,1311800
1164637800,2006-11-27 09:30,17.47,17.5,17.22,17.25,6874000
1164724200,2006-11-28 09:30,17.205,17.335,17.19,17.32,7285400
1164810600,2006-11-29 09:30,17.305,17.47,17.300005,17.464995,2838600
1164897000,2006-11-30 09:30,17.464995,17.54,17.379995,17.5,3316000
1164983400,2006-12-01 09:30,17.455,17.5,17.225,17.36,8487398
1165242600,2006-12-04 09:30,17.42,17.64,17.415,17.615,7015200
1165329000,2006-12-05 09:30,17.61,17.745005,17.589995,17.69,6581600
1165415400,2006-12-06 09:30,17.665,17.74,17.6,17.620005,1758200
1165501800,2006-12-07 09:30,17.725,17.81,17.665,17.730005,3971600
1165588200,2006-12-08 09:30,17.714995,17.785005,17.685,17.775,1174000
1165847400,2006-12-11 09:30,17.815,17.82,17.71,17.71,14063796
1165933800,2006-12-12 09:30,17.6,17.625,17.415,17.51,6694200
1166020200,2006-12-13 09:30,17.56,17.615,17.51,17.615,5515000
1166106600,2006-12-14 09:30,17.58,17.76,17.54,17.745005,5522600
1166193000,2006-12-15 09:30,17.574995,17.745005,17.574995,17.685,11078602
1166452200,2006-12-18 09:30,17.68,17.68495,17.5,17.504995,6902600
1166538600,2006-12-19 09:30,17.4,17.65,17.4,17.635,7093400
1166625000,2006-12-20 09:30,17.574995,17.67,17.550005,17.550005,1907800
1166711400,2006-12-21 09:30,17.574995,17.67,17.25,17.33815,12633398
1166797800,2006-12-22 09:30,17.379995,17.385,17.195,17.245005,4232800
1167143400,2006-12-26 09:30,17.32,17.405,17.295,17.394995,759200
1167229800,2006-12-27 09:30,17.515,17.595,17.44,17.565,2260000
1167316200,2006-12-28 09:30,17.625,17.625,17.5,17.54,2766600
1167402600,2006-12-29 09:30,17.525,17.525,17.39,17.405,1049400
1167834600,2007-01-03 09:30,17.425005,17.53,17.22,17.305,7635600
1167921000,2007-01-04 09:30,17.29,17.29,17.115,17.225,8948796
1168007400,2007-01-05 09:30,17.185,17.230005,16.99,17.11,13999204
1168266600,2007-01-08 09:30,17.120005,17.144995,17.019995,17.11,6679000
1168353000,2007-01-09 09:30,17.15,17.205,16.985,17.115,7707800
1168439400,2007-01-10 09:30,17.050005,17.245005,16.99,17.235,8673796
1168525800,2007-01-11 09:30,17.254995,17.475,17.225,17.42,7368200
1168612200,2007-01-12 09:30,17.394995,17.68,17.394995,17.615,6379200
1168957800,2007-01-16 09:30,17.665,17.71,17.6,17.660005,4129800
1169044200,2007-01-17 09:30,17.665,17.74,17.589995,17.72,6434000
1169130600,2007-01-18 09:30,17.745005,17.795,17.589995,17.615,3644600
1169217000,2007-01-19 09:30,17.68,17.905,17.62455,17.885,21810796
1169476200,2007-01-22 09:30,17.925005,17.925005,17.654745,17.699995,6688800
1169562600,2007-01-23 09:30,17.75,17.935,17.68,17.925005,4842600
1169649000,2007-01-24 09:30,17.915,18.14,17.905,18.11,8075800
1169735400,2007-01-25 09:30,18.24,18.24,17.97,18.050005,7942000
1169821800,2007-01-26 09:30,18.08,18.08,17.875,18.04,6870800
1170081000,2007-01-29 09:30,18.055,18.085,17.93,17.97,5660000
1170167400,2007-01-30 09:30,17.985,18.03,17.915,18.019995,6068600
1170253800,2007-01-31 09:30,17.995005,18.324995,17.964995,18.125,7902600
1170340200,2007-02-01 09:30,18.315,18.39,18.295,18.345,3460600
1170426600,2007-02-02 09:30,18.31,18.345,18.185,18.315,13602000
1170685800,2007-02-05 09:30,18.35,18.379995,18.225,18.24,6067200
1170772200,2007-02-06 09:30,18.305,18.39,18.269995,18.365,8626602
1170858600,2007-02-07 09:30,18.365,18.455,18.33,18.365,24493602
1170945000,2007-02-08 09:30,18.324995,18.42,18.285005,18.385,25792204
1171031400,2007-02-09 09:30,18.425005,18.485,18.29,18.300005,8003200
1171290600,2007-02-12 09:30,18.335,18.44,18.300005,18.375,5516232
1171377000,2007-02-13 09:30,18.525,18.765,18.495005,18.745005,30785882
1171463400,2007-02-14 09:30,18.785005,18.875,18.735,18.86,10457540
1171549800,2007-02-15 09:30,18.875,18.96,18.835,18.949995,7286200
1171636200,2007-02-16 09:30,18.92,19,18.855005,18.855005,4864600
1171981800,2007-02-20 09:30,18.894995,19.03,18.83,19.01,6671800
1172068200,2007-02-21 09:30,18.949995,19.269995,18.905,19.129995,7654000
1172154600,2007-02-22 09:30,19.275,19.35,19.07,19.125,5853600
1172241000,2007-02-23 09:30,19.14,19.254995,19.019995,19.199995,9463796
1172500200,2007-02-26 09:30,19.475,19.58,19.295,19.375,8082738
1172586600,2007-02-27 09:30,18.99,19.019995,18.21,18.589995,18486204
1172673000,2007-02-28 09:30,18.625,18.725,18.36,18.725,16951000
1172759400,2007-03-01 09:30,18.25,18.699995,17.24,18.53,15466102
1172845800,2007-03-02 09:30,18.525,18.525,18.160005,18.225,11889204
1173105000,2007-03-05 09:30,18.050005,18.225,17.915,17.985,12041796
1173191400,2007-03-06 09:30,18.1,18.415,18.1,18.35,12724602
1173277800,2007-03-07 09:30,18.269995,18.435,18.254995,18.26,21999000
1173364200,2007-03-08 09:30,18.379995,18.629995,18.18,18.44,20080602
1173450600,2007-03-09 09:30,18.550005,18.705,18.535005,18.655,4042400
1173706200,2007-03-12 09:30,18.550005,18.795,18.550005,18.714995,4761800
1173792600,2007-03-13 09:30,18.625,18.735,18.22,18.26,14996796
1173879000,2007-03-14 09:30,18.275,18.464995,17.964995,18.375,14061204
1173965400,2007-03-15 09:30,18.535005,18.835,18.5,18.725,12262796
1174051800,2007-03-16 09:30,18.699995,18.71,18.425005,18.550005,13679796
1174311000,2007-03-19 09:30,18.75,18.824995,18.574995,18.824995,9540000
1174397400,2007-03-20 09:30,18.775,18.964995,18.75625,18.905,5469174
1174483800,2007-03-21 09:30,18.9,19.15,18.83,19.120005,10007126
1174570200,2007-03-22 09:30,19.105005,19.129995,18.989,19.03,2523800
1174656600,2007-03-23 09:30,19,19.11,18.949995,19.11,7180324
1174915800,2007-03-26 09:30,19.15,19.295,18.910005,19.245005,7396800
1175002200,2007-03-27 09:30,19.199995,19.254995,19,19.035005,6172200
1175088600,2007-03-28 09:30,19.074995,19.074995,18.800005,18.845,14652204
1175175000,2007-03-29 09:30,19.475,19.475,18.800795,18.99,9755796
1175261400,2007-03-30 09:30,19.050005,19.17,18.83,19.025,11558796
1175520600,2007-04-02 09:30,19.01,19.06,18.885,19.019995,4248200
1175607000,2007-04-03 09:30,19.065,19.295,19.065,19.225,6530000
1175693400,2007-04-04 09:30,19.225,19.305,19.22,19.254995,4702400
1175779800,2007-04-05 09:30,19.235,19.254995,19.17,19.230005,3154800
1176125400,2007-04-09 09:30,19.35,19.525,19.35,19.525,8681602
1176211800,2007-04-10 09:30,19.445,19.464995,19.31,19.31,3693790
1176298200,2007-04-11 09:30,19.449995,19.449995,19.155,19.225,9888164
1176384600,2007-04-12 09:30,19.24,19.4,19.19,19.394995,8429796
1176471000,2007-04-13 09:30,19.394995,19.449995,19.26,19.44,3594052
1176730200,2007-04-16 09:30,19.485,19.699995,19.47,19.699995,4032038
1176816600,2007-04-17 09:30,19.6,19.629995,19.485,19.515,5726966
1176903000,2007-04-18 09:30,19.46,19.515,19.36,19.410005,5452200
1176989400,2007-04-19 09:30,19.225,19.39,19.135,19.339995,7356000
1177075800,2007-04-20 09:30,19.5,19.57,19.449995,19.54,6308934
1177335000,2007-04-23 09:30,19.6,19.660005,19.495005,19.535005,5022614
1177421400,2007-04-24 09:30,19.550005,19.574995,19.32,19.455,11397492
1177507800,2007-04-25 09:30,19.545,19.800005,19.545,19.765,4172600
1177594200,2007-04-26 09:30,19.695,19.76,19.550005,19.685,4569884
1177680600,2007-04-27 09:30,19.595,19.685,19.485,19.67,5872378
1177939800,2007-04-30 09:30,19.65,19.71,19.31,19.31,6300330
1178026200,2007-05-01 09:30,19.295,19.345,19.065,19.230005,8152198
1178112600,2007-05-02 09:30,19.235,19.515,19.225,19.46,4752128
1178199000,2007-05-03 09:30,19.574995,19.615,19.44,19.525,3276520
1178285400,2007-05-04 09:30,19.665,19.769995,19.589995,19.699995,3975400
1178544600,2007-05-07 09:30,19.635,20.004995,19.635,19.96,6196002
1178631000,2007-05-08 09:30,19.975,19.975,19.775,19.975,10946922
1178717400,2007-05-09 09:30,19.875,20.0641,19.875,20.06,11946602
1178803800,2007-05-10 09:30,19.955,19.99,19.644995,19.675005,14010352
1178890200,2007-05-11 09:30,19.754995,19.945,19.714995,19.905,7986700
1179149400,2007-05-14 09:30,19.925005,19.995005,19.725,19.879995,5142200
1179235800,2007-05-15 09:30,19.870005,20.1,19.835,20.004995,7168600
1179322200,2007-05-16 09:30,20.004995,20.074995,19.855005,20.074995,5715800
1179408600,2007-05-17 09:30,19.925005,20.15,19.92,20.065,6543464
1179495000,2007-05-18 09:30,20.074995,20.21,20.074995,20.14,6388400
1179754200,2007-05-21 09:30,20.135,20.25995,20.129995,20.17,8148766
1179840600,2007-05-22 09:30,20.17,20.21,20.050005,20.050005,4164762
1179927000,2007-05-23 09:30,20.125,20.305,20.089995,20.14,14445304
1180013400,2007-05-24 09:30,20.125,20.29,19.845,19.925005,11932594
1180099800,2007-05-25 09:30,19.925005,20.160005,19.925005,20.160005,5871850
1180445400,2007-05-29 09:30,20.165,20.199995,20.004995,20.095,6117796
1180531800,2007-05-30 09:30,19.99,20.36,19.91345,20.35,10885532
1180618200,2007-05-31 09:30,20.415,20.545,20.385,20.449995,7053400
1180704600,2007-06-01 09:30,20.5,20.735,20.5,20.735,4435000
1180963800,2007-06-04 09:30,20.629995,20.629995,20.515,20.61,3991270
1181050200,2007-06-05 09:30,20.58,20.605005,20.43,20.54,8460242
1181136600,2007-06-06 09:30,20.47,20.475,20.205,20.275,10731204
1181223000,2007-06-07 09:30,20.175005,20.29,19.730005,19.82,16666860
1181309400,2007-06-08 09:30,19.894995,20.199995,19.65,20.199995,12843726
1181568600,2007-06-11 09:30,20.089995,20.129995,19.835,20.025,7718604
1181655000,2007-06-12 09:30,19.86,20.067495,19.775,19.78,10473398
1181741400,2007-06-13 09:30,19.910005,20.300005,19.879995,20.245005,8952704
1181827800,2007-06-14 09:30,20.245005,20.495005,20.245005,20.4,5466400
1181914200,2007-06-15 09:30,20.485,20.625,20.415,20.550005,7031400
1182173400,2007-06-18 09:30,20.96,20.96,20.485,20.550005,3887000
1182259800,2007-06-19 09:30,20.425005,20.660005,20.405,20.65,4719830
1182346200,2007-06-20 09:30,20.67,20.69,20.324995,20.39,6450000
1182432600,2007-06-21 09:30,20.33,20.574995,20.125,20.504995,13295094
1182519000,2007-06-22 09:30,20.449995,20.550005,20.339995,20.445,8828704
1182778200,2007-06-25 09:30,20.379995,20.47,20.125,20.125,7822800
1182864600,2007-06-26 09:30,20.175005,20.32,19.85,19.875,19086852
1182951000,2007-06-27 09:30,19.855005,20.074995,19.625,20.050005,17329594
1183037400,2007-06-28 09:30,20.120005,20.22,20.055,20.125,10014726
1183123800,2007-06-29 09:30,20.205,20.410005,20.095,20.25,15360758
1183383000,2007-07-02 09:30,20.415,20.61,20.295,20.574995,9339368
1183469400,2007-07-03 09:30,20.605005,20.629995,20.535005,20.58,4017388
1183642200,2007-07-05 09:30,20.58,20.629995,20.51,20.625,4547220
1183728600,2007-07-06 09:30,20.665,20.800005,20.555,20.800005,6072956
1183987800,2007-07-09 09:30,20.72,20.875,20.69,20.85,5009614
1184074200,2007-07-10 09:30,20.725,20.725,20.39,20.550005,9444688
1184160600,2007-07-11 09:30,20.57,20.754995,20.5,20.699995,5680720
1184247000,2007-07-12 09:30,21.025,21.32,20.875,21.225,14037718
1184333400,2007-07-13 09:30,21.28,21.519995,21.25,21.449995,7418498
1184592600,2007-07-16 09:30,21.449995,21.515,21.24,21.335,11682930
1184679000,2007-07-17 09:30,21.410005,21.56495,21.40425,21.525,8271632
1184765400,2007-07-18 09:30,21.315,21.56,21.275,21.56,13055796
1184851800,2007-07-19 09:30,21.565,21.629995,21.475,21.61,10068594
1184938200,2007-07-20 09:30,21.545,21.545,21.205,21.4,22897586
1185197400,2007-07-23 09:30,21.300005,21.47,21.28,21.375,10238164
1185283800,2007-07-24 09:30,21.185,21.24,20.800005,20.949995,13567688
1185370200,2007-07-25 09:30,21.025,21.25,20.315,20.6,29214790
1185456600,2007-07-26 09:30,20.32,20.370005,19.550005,19.915,38783680
1185543000,2007-07-27 09:30,19.800005,20.019995,19.42,19.46,29601820
1185802200,2007-07-30 09:30,19.57,20.004995,19.504995,19.949995,14804132
1185888600,2007-07-31 09:30,20.185,20.314245,19.699995,19.71,22727828
1185975000,2007-08-01 09:30,19.69,19.824995,19.32,19.824995,31120352
1186061400,2007-08-02 09:30,19.835,19.89,19.57,19.875,15090976
1186147800,2007-08-03 09:30,19.74,19.765,19.21,19.21,18734960
1186407000,2007-08-06 09:30,19.335,19.435,18.915,19.435,22638782
1186493400,2007-08-07 09:30,19.225,19.705,19.225,19.574995,20773390
1186579800,2007-08-08 09:30,19.67,20.15,19.635,20.08,18213180
1186666200,2007-08-09 09:30,19.74,19.875,19.394995,19.574995,16458078
1186752600,2007-08-10 09:30,19.375,19.64,19.08,19.339995,24854868
1187011800,2007-08-13 09:30,19.644995,19.655,19.33,19.425005,11671796
1187098200,2007-08-14 09:30,19.43,19.535005,18.855005,18.925005,14007140
1187184600,2007-08-15 09:30,18.905,18.980005,18.269995,18.449995,31921696
1187271000,2007-08-16 09:30,18.11,18.275,17.315,18.199995,33698240
1187357400,2007-08-17 09:30,18.845,19.175005,18.175005,18.449995,27778906
1187616600,2007-08-20 09:30,18.655,18.9,18.46,18.795,22433492
1187703000,2007-08-21 09:30,18.725,19.03,18.685,18.910005,15559406
1187789400,2007-08-22 09:30,19.089995,19.625,19.089995,19.625,33409204
1187875800,2007-08-23 09:30,19.68,19.695,19.165,19.25,13163796
1187962200,2007-08-24 09:30,19.315,19.699995,19.31,19.699995,11067398
1188221400,2007-08-27 09:30,19.699995,19.754995,19.49,19.525,10226796
1188307800,2007-08-28 09:30,19.35,19.405,18.92,19.074995,19082398
1188394200,2007-08-29 09:30,19.11,19.49,19.065,19.449995,15977796
1188480600,2007-08-30 09:30,19.235,19.54,19.15,19.4,11619204
1188567000,2007-08-31 09:30,19.64,19.824995,19.535005,19.574995,12699796
1188912600,2007-09-04 09:30,19.635,19.935,19.495005,19.85,10019000
1188999000,2007-09-05 09:30,19.625,19.779955,19.5,19.675005,14231796
1189085400,2007-09-06 09:30,19.714995,19.875,19.589995,19.775,11044000
1189171800,2007-09-07 09:30,19.555,19.605005,19.285005,19.31,22327000
1189431000,2007-09-10 09:30,19.480005,19.480005,18.985,19.19,20309000
1189517400,2007-09-11 09:30,19.300005,19.464995,19.225,19.44,14569796
1189603800,2007-09-12 09:30,19.315,19.550005,19.25,19.550005,7878200
1189690200,2007-09-13 09:30,19.64,19.769995,19.515,19.615,9552000
1189776600,2007-09-14 09:30,19.574995,19.870005,19.57,19.75,8962602
1190035800,2007-09-17 09:30,19.839995,20.050005,19.730005,19.730005,18160000
1190122200,2007-09-18 09:30,19.97,20.675005,19.82,20.65,27159602
1190208600,2007-09-19 09:30,20.800005,21.235,20.795,20.885,28976398
1190295000,2007-09-20 09:30,20.975,20.980005,20.765,20.82,28232758
1190381400,2007-09-21 09:30,21.06,21.06,20.775,20.785005,10791602
1190640600,2007-09-24 09:30,20.800005,21.03,20.730005,20.81,21746000
1190727000,2007-09-25 09:30,20.660005,20.815,20.585,20.74,11859602
1190813400,2007-09-26 09:30,20.885,21.089995,20.815,21,14055054
1190899800,2007-09-27 09:30,21.07,21.25,21.050005,21.245005,10488796
1190986200,2007-09-28 09:30,21.11,21.495005,20.99,21.055,10771242
1191245400,2007-10-01 09:30,21.074995,21.449995,21.074995,21.449995,11827796
1191331800,2007-10-02 09:30,21.405,21.405,21.115,21.300005,12957000
1191418200,2007-10-03 09:30,21.105005,21.230005,20.97,21.025,11385562
1191504600,2007-10-04 09:30,21.050005,21.135,20.865,21.115,8576204
1191591000,2007-10-05 09:30,21.29,21.75,21.25,21.475,9513226
1191850200,2007-10-08 09:30,21.46,21.46,21.225,21.35,3879600
1191936600,2007-10-09 09:30,21.455,21.9,21.415,21.75,9626796
1192023000,2007-10-10 09:30,21.620005,21.714995,21.410005,21.620005,11118196
1192109400,2007-10-11 09:30,21.725,21.935,21.29,21.5,18650398
1192195800,2007-10-12 09:30,21.53,21.714995,21.385,21.675005,11132812
1192455000,2007-10-15 09:30,21.769995,21.905,21.379995,21.550005,10986796
1192541400,2007-10-16 09:30,21.39,21.39,21.11,21.17,13680602
1192627800,2007-10-17 09:30,21.32,21.410005,20.9655,21.160005,16984204
1192714200,2007-10-18 09:30,21.07,21.47,21.07,21.324995,11466398
1192800600,2007-10-19 09:30,21.555,21.555,20.845,20.86,27097320
1193059800,2007-10-22 09:30,20.615,20.785005,20.394995,20.705,26742954
1193146200,2007-10-23 09:30,20.835,21.089995,20.6995,21.035005,16396398
1193232600,2007-10-24 09:30,20.885,21.205,20.735,21.074995,25052790
1193319000,2007-10-25 09:30,21.155,21.32,20.980005,21.24,15249602
1193405400,2007-10-26 09:30,21.35,21.71,21.32,21.64,15058398
1193664600,2007-10-29 09:30,22.07,22.07,21.74,21.879995,8782602
1193751000,2007-10-30 09:30,21.545,21.775,21.339995,21.365,29513290
1193837400,2007-10-31 09:30,21.65,21.99,21.480005,21.93,19290484
1193923800,2007-11-01 09:30,21.870005,21.870005,21.115,21.17,22556078
1194010200,2007-11-02 09:30,21.550005,21.550005,20.870005,21.36,21447468
1194273000,2007-11-05 09:30,21.115,21.24,20.905,21.11,18456352
1194359400,2007-11-06 09:30,21.25,21.629995,21.195,21.605005,19070156
1194445800,2007-11-07 09:30,21.18,21.515,20.935,21,19238148
1194532200,2007-11-08 09:30,21.25,21.385,20.76,21.199995,37757184
1194618600,2007-11-09 09:30,20.975,21.155,20.67,20.765,29194594
1194877800,2007-11-12 09:30,20.665,20.735,19.935,19.935,33083102
1194964200,2007-11-13 09:30,20.35,20.504995,20.160005,20.464995,28069632
1195050600,2007-11-14 09:30,20.64,20.86,20.525,20.57,18093664
1195137000,2007-11-15 09:30,20.665,20.665,19.935,20.125,36606752
1195223400,2007-11-16 09:30,20.335,20.335,19.8805,20.085,24523750
1195482600,2007-11-19 09:30,20.125,20.125,19.47,19.56,38249888
1195569000,2007-11-20 09:30,19.795,20.025,19.49,19.86,21631750
1195655400,2007-11-21 09:30,19.535005,19.725,19.33,19.47,22022710
1195828200,2007-11-23 09:30,19.475,19.96,19.475,19.76,4646818
1196087400,2007-11-26 09:30,19.805,20.11,19.345,19.345,36072800
1196173800,2007-11-27 09:30,19.315,19.72,19,19.5,21799742
1196260200,2007-11-28 09:30,19.79,20.71,19.57,20.425005,32825000
1196346600,2007-11-29 09:30,20.51,20.839995,20.375,20.629995,23789382
1196433000,2007-11-30 09:30,20.949995,21.199995,20.620005,20.824995,17616570
1196692200,2007-12-03 09:30,20.949995,20.949995,20.555,20.72,13088852
1196778600,2007-12-04 09:30,20.6,20.72,20.555,20.595,14278094
1196865000,2007-12-05 09:30,20.775,20.975,20.75,20.975,11607688
1196951400,2007-12-06 09:30,21.120005,21.385,20.925005,21.31,10925242
1197037800,2007-12-07 09:30,21.43,21.61,21.35,21.51,14165898
1197297000,2007-12-10 09:30,21.735,21.86,21.585,21.815,10826766
1197383400,2007-12-11 09:30,21.83,21.83,20.910005,20.910005,18192680
1197469800,2007-12-12 09:30,21.589995,21.625,20.89,21.19,21750140
1197556200,2007-12-13 09:30,21.175005,21.375,21.0087,21.355005,14456992
1197642600,2007-12-14 09:30,21.275,21.275,20.86,20.980005,13030836
1197901800,2007-12-17 09:30,20.875,20.875,20.22,20.235,17110398
1197988200,2007-12-18 09:30,20.65,20.65,20.035005,20.46,17759876
1198074600,2007-12-19 09:30,20.410005,20.615,20.28,20.43,11256610
1198161000,2007-12-20 09:30,20.75,20.805,20.33,20.805,11126062
1198247400,2007-12-21 09:30,20.935,21.135,20.800005,21.055,12057382
1198506600,2007-12-24 09:30,21.199995,21.295,21.129995,21.25,2636540
1198679400,2007-12-26 09:30,21.305,21.375,21.11,21.36,4013462
1198765800,2007-12-27 09:30,21.29,21.305,20.96,20.96,10193468
1198852200,2007-12-28 09:30,21.160005,21.254995,20.935,20.975,4273788
1199111400,2007-12-31 09:30,21.08,21.08,20.800005,20.85,4128550
1199284200,2008-01-02 09:30,20.85,20.975,20.49,20.65,19078468
1199370600,2008-01-03 09:30,20.76,21.085,20.725,21.025,17596218
1199457000,2008-01-04 09:30,20.785005,20.785005,20.35,20.39,28749828
1199716200,2008-01-07 09:30,20.405,20.53,19.835,20.11,39212416
1199802600,2008-01-08 09:30,20.199995,20.535005,19.735,19.800005,45845760
1199889000,2008-01-09 09:30,19.735,20.04,19.375,19.925005,51423520
1199975400,2008-01-10 09:30,19.805,20.405,19.589995,20.195,29527016
1200061800,2008-01-11 09:30,19.97,20.254995,19.894995,19.99,21819000
1200321000,2008-01-14 09:30,20.175005,20.72,20.1,20.660005,27600118
1200407400,2008-01-15 09:30,20.355005,20.644995,19.97,20.095,33195960
1200493800,2008-01-16 09:30,19.800005,20.06,19.144995,19.425005,38355392
1200580200,2008-01-17 09:30,19.185,19.42,18.324995,18.464995,46344160
1200666600,2008-01-18 09:30,18.54,18.975,18.235,18.675005,36622368
1201012200,2008-01-22 09:30,17.69,18.725,17.415,18.504995,44112000
1201098600,2008-01-23 09:30,18.04,18.845,17.324995,18.824995,56007040
1201185000,2008-01-24 09:30,19.045,19.4,18.93,19.125,38228992
1201271400,2008-01-25 09:30,19.730005,19.769995,19.085,19.22,35302144
1201530600,2008-01-28 09:30,19.275,19.620005,19.06,19.6,27844282
1201617000,2008-01-29 09:30,19.795,20.015,19.61,19.699995,27982618
1201703400,2008-01-30 09:30,19.6,20.324995,19.504995,19.625,27179648
1201789800,2008-01-31 09:30,19.620005,20.165,19.31,19.975,26620648
1201876200,2008-02-01 09:30,20.379995,20.53,20.07,20.46,26386382
1202135400,2008-02-04 09:30,20.379995,20.545,20.11,20.14,16332656
1202221800,2008-02-05 09:30,19.775,19.875,19.405,19.56,20378296
1202308200,2008-02-06 09:30,19.574995,19.86,19.265,19.425005,24290468
1202394600,2008-02-07 09:30,19.25,19.71,19.019995,19.5,21577868
1202481000,2008-02-08 09:30,19.324995,19.935,19.324995,19.915,32176852
1202740200,2008-02-11 09:30,19.94,20.185,19.675005,19.985,20756070
1202826600,2008-02-12 09:30,20.105005,20.6,20.01,20.345,44790528
1202913000,2008-02-13 09:30,20.995005,21.435,19.985,20.26,22274626
1202999400,2008-02-14 09:30,20.425005,20.615,20,20,32133984
1203085800,2008-02-15 09:30,20.050005,20.254995,19.875,20.125,21719250
1203431400,2008-02-19 09:30,20.24,20.835,20.24,20.625,30564742
1203517800,2008-02-20 09:30,20.324995,20.85,20.324995,20.745005,17907860
1203604200,2008-02-21 09:30,20.975,21.014505,20.415,20.464995,29482040
1203690600,2008-02-22 09:30,20.754995,20.754995,20.199995,20.660005,25291876
1203949800,2008-02-25 09:30,20.75,21.185,20.480005,21.135,29337860
1204036200,2008-02-26 09:30,21.14,21.375,20.894995,21.235,39241056
1204122600,2008-02-27 09:30,21.129995,21.44,20.93,21.230005,25096148
1204209000,2008-02-28 09:30,21.125,21.26,20.964995,21.115,21920328
1204295400,2008-02-29 09:30,21.050005,21.050005,20.33,20.435,20402960
1204554600,2008-03-03 09:30,20.495005,20.775,20.42,20.775,25723282
1204641000,2008-03-04 09:30,20.485,20.775,19.9,20.275,52488448
1204727400,2008-03-05 09:30,20.205,20.974,20.205,20.845,24710664
1204813800,2008-03-06 09:30,20.51,20.905,20.5,20.660005,28603390
1204900200,2008-03-07 09:30,20.25,20.5,19.65,19.795,53340896
1205155800,2008-03-10 09:30,19.655,19.699995,19.055,19.370005,67088928
1205242200,2008-03-11 09:30,19.905,20.550005,19.535005,20.550005,59767488
1205328600,2008-03-12 09:30,20.495005,20.585,20.1,20.254995,23493516
1205415000,2008-03-13 09:30,20.1,20.75,19.805,20.75,39172832
1205501400,2008-03-14 09:30,20.875,20.964995,20.045,20.385,50698464
1205760600,2008-03-17 09:30,19.574995,20.39,19.574995,19.975,35359136
1205847000,2008-03-18 09:30,20.415,20.69,20.095,20.675005,31234696
1205933400,2008-03-19 09:30,20.5,20.800005,19.275,19.275,51200256
1206019800,2008-03-20 09:30,19.089995,19.425005,18.550005,19.15,62156320
1206365400,2008-03-24 09:30,19.54,20.195,19.44,19.83,45884480
1206451800,2008-03-25 09:30,20.11,20.54,20.11,20.425005,32847914
1206538200,2008-03-26 09:30,20.5,20.574995,20.235,20.335,26800032
1206624600,2008-03-27 09:30,20.36,20.555,20.15,20.28,30371242
1206711000,2008-03-28 09:30,20.345,20.355005,20.03,20.11,18035586
1206970200,2008-03-31 09:30,20.295,20.345,19.910005,20.085,24523992
1207056600,2008-04-01 09:30,20.265,20.875,19.86,20.725,30459204
1207143000,2008-04-02 09:30,20.644995,20.915,20.44,20.865,24039312
1207229400,2008-04-03 09:30,20.574995,21.42,20.574995,21.245005,33810144
1207315800,2008-04-04 09:30,21.33,21.605005,21.025,21.455,28776734
1207575000,2008-04-07 09:30,21.620005,21.9,21.235,21.339995,43202048
1207661400,2008-04-08 09:30,21.24,21.54,21.125,21.54,27150210
1207747800,2008-04-09 09:30,21.36,21.629995,21.17,21.31,19537094
1207834200,2008-04-10 09:30,21.295,21.394995,20.980005,21.365,12589086
1207920600,2008-04-11 09:30,21.15,21.33,20.99,21.089995,24611016
1208179800,2008-04-14 09:30,21.004995,21.185,20.89,20.985,9611132
1208266200,2008-04-15 09:30,21.050005,21.295,20.85,21.1,22334296
1208352600,2008-04-16 09:30,21.28,22.11,21.28,22.11,34379008
1208439000,2008-04-17 09:30,21.964995,22.269995,21.665,22,31061320
1208525400,2008-04-18 09:30,21.975,22.31,21.9,22.120005,20974648
1208784600,2008-04-21 09:30,22.050005,22.254995,21.92,22.175005,19526554
1208871000,2008-04-22 09:30,22.230005,22.230005,21.699995,22,22538532
1208957400,2008-04-23 09:30,21.945,22.019995,21.574995,21.655,15473758
1209043800,2008-04-24 09:30,21.72,21.72,21.175005,21.339995,26390328
1209130200,2008-04-25 09:30,21.5,22.019995,21.385,21.949995,17533672
1209389400,2008-04-28 09:30,21.975,22.03,21.644995,21.824995,16152868
1209475800,2008-04-29 09:30,21.58,21.58,21.03,21.105005,21407024
1209562200,2008-04-30 09:30,21.115,21.475,21.095,21.155,18120836
1209648600,2008-05-01 09:30,21.095,21.17,20.67,21.004995,31045648
1209735000,2008-05-02 09:30,21.1,21.43,21.1,21.22,14330376
1209994200,2008-05-05 09:30,21.33,21.699995,21.33,21.699995,13105882
1210080600,2008-05-06 09:30,21.535005,21.925005,21.535005,21.875,19345242
1210167000,2008-05-07 09:30,21.910005,22.025,21.515,21.629995,21031648
1210253400,2008-05-08 09:30,21.714995,22.1,21.629995,22,26440360
1210339800,2008-05-09 09:30,21.945,21.945,21.574995,21.725,24151976
1210599000,2008-05-12 09:30,21.870005,22.18,21.615,22.17,18996632
1210685400,2008-05-13 09:30,22.21,22.300005,21.980005,22.295,20823016
1210771800,2008-05-14 09:30,22.315,22.714995,22.235,22.42,20852476
1210858200,2008-05-15 09:30,22.519995,22.78,22.480005,22.675005,17909210
1210944600,2008-05-16 09:30,22.83,23,22.65,22.955,22460774
1211203800,2008-05-19 09:30,23.035005,23.269995,22.85,22.894995,25403398
1211290200,2008-05-20 09:30,22.735,23.015,22.585,23.015,17727000
1211376600,2008-05-21 09:30,23.025,23.035005,22.22,22.339995,22155954
1211463000,2008-05-22 09:30,22.26,22.565,22.105005,22.24,20345172
1211549400,2008-05-23 09:30,22.035005,22.19,21.675005,21.935,26818632
1211895000,2008-05-27 09:30,22.01,22.01,21.519995,21.835,19087570
1211981400,2008-05-28 09:30,21.69,22.445,21.69,22.379995,20263094
1212067800,2008-05-29 09:30,22.335,22.335,21.97,22.230005,25546094
1212154200,2008-05-30 09:30,22.32,22.375,22.165,22.254995,16605968
1212413400,2008-06-02 09:30,22.165,22.295,21.925005,22.085,17745696
1212499800,2008-06-03 09:30,22.18,22.387495,21.805,22.11,29276984
1212586200,2008-06-04 09:30,22.045,22.379995,21.910005,22.015,26016446
1212672600,2008-06-05 09:30,22.065,22.754995,22.065,22.754995,26332766
1212759000,2008-06-06 09:30,22.56,22.74,22.085,22.085,21447258
1213018200,2008-06-09 09:30,22.25,22.53,22.089995,22.42,18371718
1213104600,2008-06-10 09:30,22.19,22.254995,21.995005,22.135,35153216
1213191000,2008-06-11 09:30,22.135,22.31,21.695,21.74,22366930
1213277400,2008-06-12 09:30,21.81,22.0025,21.535005,21.730005,18849274
1213363800,2008-06-13 09:30,21.83,22.35,21.825995,22.269995,19493930
1213623000,2008-06-16 09:30,22.31,22.464995,22.17,22.25,11738782
1213709400,2008-06-17 09:30,22.464995,22.605005,22.300005,22.370005,10913102
1213795800,2008-06-18 09:30,22.300005,22.415,22.08,22.22,17326922
1213882200,2008-06-19 09:30,22.245005,22.464995,22.18,22.26,13351844
1213968600,2008-06-20 09:30,22.1,22.135,21.605005,21.71,21645868
1214227800,2008-06-23 09:30,21.75,21.949995,21.59005,21.85,11339360
1214314200,2008-06-24 09:30,22,22,21.28,21.435,29273422
1214400600,2008-06-25 09:30,21.405,21.705,21.1225,21.5,21039422
1214487000,2008-06-26 09:30,21.49,21.49,20.785005,20.97,18639290
1214573400,2008-06-27 09:30,20.824995,21.074995,20.64,20.949995,16132782
1214832600,2008-06-30 09:30,21.035005,21.07,20.78,20.865,24305210
1214919000,2008-07-01 09:30,20.56,20.725,20.115,20.480005,29695782
1215005400,2008-07-02 09:30,20.615,20.76,19.57,19.605005,33785280
1215091800,2008-07-03 09:30,19.555,19.94,19.175005,19.725,27808930
1215437400,2008-07-07 09:30,20.095,20.095,19.435,19.824995,22551898
1215523800,2008-07-08 09:30,19.675005,19.675005,18.99,19.615,28694672
1215610200,2008-07-09 09:30,19.79,20.120005,19.33,19.65,36428544
1215696600,2008-07-10 09:30,19.82,20.074995,19.339995,19.725,27506118
1215783000,2008-07-11 09:30,19.660005,20.01,19.495005,19.71,20689258
1216042200,2008-07-14 09:30,19.99,20.160005,19.625,19.93,19538860
1216128600,2008-07-15 09:30,19.795,19.945,19.31,19.735,30573680
1216215000,2008-07-16 09:30,19.545,20.089995,19.195,19.81,31156352
1216301400,2008-07-17 09:30,19.785005,20.055,19.65,19.935,37798720
1216387800,2008-07-18 09:30,20.019995,20.1875,19.644995,19.800005,42198880
1216647000,2008-07-21 09:30,19.9,20.225,19.845,20.21,22030898
1216733400,2008-07-22 09:30,20.115,20.24,19.805,20.24,23805742
1216819800,2008-07-23 09:30,20.39,20.39,19.792505,19.985,22400196
1216906200,2008-07-24 09:30,19.839995,20.08,19.42,19.480005,23871586
1216992600,2008-07-25 09:30,19.455,19.7425,19.335,19.51,18803296
1217251800,2008-07-28 09:30,19.519995,19.71,19.42,19.485,12262554
1217338200,2008-07-29 09:30,19.54,19.97,19.54,19.870005,16971984
1217424600,2008-07-30 09:30,20.050005,20.51,19.964995,20.339995,19743546
1217511000,2008-07-31 09:30,20.49,20.53,20.11,20.19,31504540
1217597400,2008-08-01 09:30,20.19,20.225,19.665,19.824995,18123804
1217856600,2008-08-04 09:30,19.625,19.644995,18.800005,18.964995,36362944
1217943000,2008-08-05 09:30,18.964995,19.300005,18.78,19.185,27238180
1218029400,2008-08-06 09:30,19.22,19.64,19.22,19.375,16388484
1218115800,2008-08-07 09:30,19.315,19.595,19.160005,19.315,23957460
1218202200,2008-08-08 09:30,19.055,19.49,18.879995,19.235,23336328
1218461400,2008-08-11 09:30,19.300005,19.4075,19.07,19.26,19625422
1218547800,2008-08-12 09:30,19.519995,19.605005,19.300005,19.42,21875820
1218634200,2008-08-13 09:30,19.449995,19.94,19.375,19.839995,48483680
1218720600,2008-08-14 09:30,19.82,19.902495,19.53,19.800005,21090664
1218807000,2008-08-15 09:30,19.775,19.775,19.47,19.675005,17403180
1219066200,2008-08-18 09:30,19.839995,19.910005,19.394995,19.495005,12020226
1219152600,2008-08-19 09:30,19.29,19.574995,19.29,19.375,18344258
1219239000,2008-08-20 09:30,19.5,19.824995,19.449995,19.714995,18395648
1219325400,2008-08-21 09:30,19.775,20.01,19.75,19.885,14716290
1219411800,2008-08-22 09:30,19.875,20.04,19.76,19.875,14357460
1219671000,2008-08-25 09:30,19.9,19.9,19.31,19.445,19447382
1219757400,2008-08-26 09:30,19.31,19.580255,19.305,19.550005,11610742
1219843800,2008-08-27 09:30,19.550005,19.845,19.550005,19.730005,8170424
1219930200,2008-08-28 09:30,19.85,20.074995,19.805,20.01,10346960
1220016600,2008-08-29 09:30,20.074995,20.074995,19.775,19.875,7905424
1220362200,2008-09-02 09:30,19.61,19.78,19.29,19.375,17619790
1220448600,2008-09-03 09:30,19.275,19.601,19,19.275,20707078
1220535000,2008-09-04 09:30,19.11,19.24,18.345,18.589995,30545336
1220621400,2008-09-05 09:30,18.535005,18.785005,18.065,18.61,36890752
1220880600,2008-09-08 09:30,19,19.22,18.4,18.574995,30983204
1220967000,2008-09-09 09:30,18.625,18.625,17.855005,17.985,31722726
1221053400,2008-09-10 09:30,18.025,18.42,17.775,18.14,32859492
1221139800,2008-09-11 09:30,17.83,18.615,17.815,18.449995,30749468
1221226200,2008-09-12 09:30,18.47,19.1575,18.36,19.04,26420016
1221485400,2008-09-15 09:30,18.295,19.004995,18.14,18.25,26613312
1221571800,2008-09-16 09:30,17.96,18.655,17.644995,18.449995,41480704
1221658200,2008-09-17 09:30,18.095,18.57,17.699995,18.105005,37526336
1221744600,2008-09-18 09:30,17.97,18.665,17.425005,18.1,51748960
1221831000,2008-09-19 09:30,19.345,19.385,18.5,19.14,32296664
1222090200,2008-09-22 09:30,19.495005,19.5,18.644995,18.894995,21265656
1222176600,2008-09-23 09:30,18.620005,18.76,18.11,18.455,17525062
1222263000,2008-09-24 09:30,18.379995,18.405,17.9,18.089995,13280640
1222349400,2008-09-25 09:30,18.065,18.21,17.81,18.04,14911234
1222435800,2008-09-26 09:30,17.574995,17.714995,17.2875,17.620005,17577274
1222695000,2008-09-29 09:30,17.19,17.22,15.845,16.35,35240992
1222781400,2008-09-30 09:30,16.25,16.699995,16.085,16.699995,17123570
1222867800,2008-10-01 09:30,16.379995,16.595,16.065,16.425005,29278882
1222954200,2008-10-02 09:30,15.769995,15.93,14.964995,15.245005,25162468
1223040600,2008-10-03 09:30,15.095,15.845,14.89,15.095,33541102
1223299800,2008-10-06 09:30,14.754995,14.754995,13.445,14.35,45025376
1223386200,2008-10-07 09:30,14.58,14.765,13.525,13.61,32009984
1223472600,2008-10-08 09:30,13.144995,14.769995,13.050005,14.050005,60342208
1223559000,2008-10-09 09:30,14.445,14.675005,13.050005,13.15,50921408
1223645400,2008-10-10 09:30,12.46,13.555,12.025,12.839995,56873984
1223904600,2008-10-13 09:30,13.449995,14.644995,13.22,14.644995,26560516
1223991000,2008-10-14 09:30,15.045,15.045,13.695,14.22,66100768
1224077400,2008-10-15 09:30,13.605005,13.745005,12.324995,12.455,43745024
1224163800,2008-10-16 09:30,12.5,12.949995,11.7675,12.54,59726848
1224250200,2008-10-17 09:30,12.464995,13.425005,12.300005,12.875,44603840
1224509400,2008-10-20 09:30,12.955,13.765,12.955,13.525,27833156
1224595800,2008-10-21 09:30,13.35,13.67,12.955,12.955,26491626
1224682200,2008-10-22 09:30,12.74,12.74,11.684,12.245005,33348524
1224768600,2008-10-23 09:30,12.07,12.394995,11.305,11.964995,40596032
1224855000,2008-10-24 09:30,10.775,11.765,10.775,11.449995,34281536
1225114200,2008-10-27 09:30,11.195,11.74,10.6,10.6,24842554
1225200600,2008-10-28 09:30,11.205,12.245005,10.85,11.935,26486960
1225287000,2008-10-29 09:30,12.29,13.045,12.050005,12.425005,32849156
1225373400,2008-10-30 09:30,12.925005,13.04,12.28,12.815,31773984
1225459800,2008-10-31 09:30,12.685,13.245005,12.51,12.96,20083382
1225722600,2008-11-03 09:30,12.985,13.165,12.699995,12.9,17392626
1225809000,2008-11-04 09:30,13.26,13.65,13.225,13.504995,22697688
1225895400,2008-11-05 09:30,13.39,13.529,12.71,12.94,27715828
1225981800,2008-11-06 09:30,12.565,12.785005,12,12.235,22651140
1226068200,2008-11-07 09:30,12.25,12.515,12.04,12.435,17953704
1226327400,2008-11-10 09:30,12.805,12.935,12.22,12.44,16258570
1226413800,2008-11-11 09:30,12.25,12.25,11.68,11.945,25786852
1226500200,2008-11-12 09:30,11.730005,11.730005,11.185,11.185,15847282
1226586600,2008-11-13 09:30,11.235,12.120005,10.855005,12.095,25708750
1226673000,2008-11-14 09:30,11.85,12.050005,11.335,11.36,23204328
1226932200,2008-11-17 09:30,11.245005,11.535005,11.019995,11.125,19861766
1227018600,2008-11-18 09:30,11.199995,11.269995,10.745005,11,22309046
1227105000,2008-11-19 09:30,10.985,11.19995,10.26,10.339995,25173390
1227191400,2008-11-20 09:30,10.08,10.475,9.405,9.94,23566828
1227277800,2008-11-21 09:30,9.699995,10.115,9.464995,10.050005,31101484
1227537000,2008-11-24 09:30,10.25,11.01,10.21,10.629995,38938016
1227623400,2008-11-25 09:30,10.910005,11.185,10.635,11.019995,34041888
1227709800,2008-11-26 09:30,11.07,11.585,10.76,11.525,20649360
1227882600,2008-11-28 09:30,11.39,11.605005,11.315,11.574995,4819398
1228141800,2008-12-01 09:30,11.385,11.44,10.504995,10.595,16147782
1228228200,2008-12-02 09:30,10.730005,11.015,10.57,11.004995,16026976
1228314600,2008-12-03 09:30,10.75,11.07,10.519995,10.985,20515546
1228401000,2008-12-04 09:30,10.765,11.115,10.574995,10.765,19828758
1228487400,2008-12-05 09:30,10.57,11.045,10.235,10.964995,25984508
1228746600,2008-12-08 09:30,11.345,11.96,11.315,11.79,22923368
1228833000,2008-12-09 09:30,11.730005,12.199995,11.565245,11.665,20533524
1228919400,2008-12-10 09:30,12.035005,12.19,11.82,12.025,17260492
1229005800,2008-12-11 09:30,12.01,12.195,11.370005,11.504995,20884234
1229092200,2008-12-12 09:30,11.265,11.730005,11.089995,11.550005,31173710
1229351400,2008-12-15 09:30,11.79495,11.835,11.370005,11.525,21755906
1229437800,2008-12-16 09:30,11.730005,12.28,11.660005,12.230005,23280750
1229524200,2008-12-17 09:30,12.230005,12.435,12.04,12.24,24822140
1229610600,2008-12-18 09:30,12.355005,12.36,11.620005,11.769995,23135040
1229697000,2008-12-19 09:30,11.65,11.71,11.345,11.39,15611704
1229956200,2008-12-22 09:30,11.449995,11.449995,10.795,10.975,14129172
1230042600,2008-12-23 09:30,11.074995,11.205,10.905,10.935,13951328
1230129000,2008-12-24 09:30,11.035005,11.035005,10.885,10.945,8750376
1230301800,2008-12-26 09:30,11.04,11.155,10.92,11.08,4924384
1230561000,2008-12-29 09:30,11,11.01,10.699995,10.879995,13107906
1230647400,2008-12-30 09:30,11,11.199995,10.935,11.175005,7067604
1230733800,2008-12-31 09:30,11.120005,11.46,11.120005,11.370005,6101082
1230906600,2009-01-02 09:30,11.449995,11.855005,11.345,11.785005,14220140
1231165800,2009-01-05 09:30,11.72,12.004995,11.555,11.81,21107594
1231252200,2009-01-06 09:30,11.985,12.199995,11.785005,12.074995,26710446
1231338600,2009-01-07 09:30,11.964995,12.154955,11.78995,11.795,22702718
1231425000,2009-01-08 09:30,11.795,12.015,11.6975,11.96,18218546
1231511400,2009-01-09 09:30,11.97,11.99,11.65,11.67,19521484
1231770600,2009-01-12 09:30,11.620005,11.64,11.175005,11.185,15478672
1231857000,2009-01-13 09:30,11.185,11.39,11.1,11.245005,15887766
1231943400,2009-01-14 09:30,11.095,11.095,10.74,10.824995,19553320
1232029800,2009-01-15 09:30,10.85,11.24,10.545,11.144995,29909492
1232116200,2009-01-16 09:30,11.385,11.42,10.955,11.269995,31811648
1232461800,2009-01-20 09:30,11.265,11.265,10.61,10.635,26860382
1232548200,2009-01-21 09:30,10.824995,11.045,10.5287,11.01,24110718
1232634600,2009-01-22 09:30,10.785005,11,10.69,10.839995,18732680
1232721000,2009-01-23 09:30,10.625,11.205,10.585,11.004995,23545430
1232980200,2009-01-26 09:30,11.125,11.370005,10.824995,10.875,30691852
1233066600,2009-01-27 09:30,10.964995,11.11,10.800005,10.955,18488258
1233153000,2009-01-28 09:30,11.129995,11.394995,11.125,11.265,17366446
1233239400,2009-01-29 09:30,11.144995,11.144995,10.910005,10.96,16736242
1233325800,2009-01-30 09:30,10.99,11.01,10.464995,10.53,19483454
1233585000,2009-02-02 09:30,10.42,10.57,10.26,10.379995,11319360
1233671400,2009-02-03 09:30,10.47,10.65,10.42,10.58,15720954
1233757800,2009-02-04 09:30,10.72,11.025,10.71,10.71,22227570
1233844200,2009-02-05 09:30,10.78,11.14,10.61,10.995005,34992000
1233930600,2009-02-06 09:30,11.095,11.385,11.065,11.324995,24837540
1234189800,2009-02-09 09:30,11.35,11.515,11.17,11.285005,18826626
1234276200,2009-02-10 09:30,11.269995,11.480005,10.695,10.78,33388454
1234362600,2009-02-11 09:30,10.910005,11.03,10.671,10.78,20396000
1234449000,2009-02-12 09:30,10.644995,10.96,10.535005,10.96,31479696
1234535400,2009-02-13 09:30,10.975,10.985,10.76,10.795,17201968
1234881000,2009-02-17 09:30,10.445,10.5,10.29,10.324995,23708376
1234967400,2009-02-18 09:30,10.4,10.4087,10.105005,10.265,13852266
1235053800,2009-02-19 09:30,10.394995,10.54,10.15,10.160005,13695296
1235140200,2009-02-20 09:30,10.035005,10.339995,10,10.24,19965282
1235399400,2009-02-23 09:30,10.36,10.36,9.568495,9.620005,20161750
1235485800,2009-02-24 09:30,9.685,9.985,9.51,9.925005,15498992
1235572200,2009-02-25 09:30,9.980005,10.04,9.695,9.775,21228126
1235658600,2009-02-26 09:30,9.945,10.160005,9.74,9.785005,11943242
1235745000,2009-02-27 09:30,9.6,9.915,9.5,9.685,16655704
1236004200,2009-03-02 09:30,9.5,9.54,8.975,9.04,19704906
1236090600,2009-03-03 09:30,9.160005,9.26,8.964995,9.074995,19765656
1236177000,2009-03-04 09:30,9.305,9.545,9.295,9.39,18237148
1236263400,2009-03-05 09:30,9.385,9.385,8.975,9.085,10577532
1236349800,2009-03-06 09:30,9.230005,9.370005,8.915,9.199995,16929820
1236605400,2009-03-09 09:30,9.085,9.335,9.03,9.089995,14563148
1236691800,2009-03-10 09:30,9.324995,9.69,9.269995,9.595,32793938
1236778200,2009-03-11 09:30,9.815,9.985,9.67,9.885,11476876
1236864600,2009-03-12 09:30,9.915,10.175005,9.699995,10.129995,10095648
1236951000,2009-03-13 09:30,10.230005,10.305,10.035005,10.175005,8503024
1237210200,2009-03-16 09:30,10.29,10.615,10.29,10.335,11423758
1237296600,2009-03-17 09:30,10.295,10.425005,10.135,10.424005,8137564
1237383000,2009-03-18 09:30,10.300005,10.754995,10.205,10.730005,17207516
1237469400,2009-03-19 09:30,10.949995,11.06,10.824995,10.83,16815234
1237555800,2009-03-20 09:30,10.745005,10.887495,10.4905,10.574995,13617008
1237815000,2009-03-23 09:30,10.815,11.214995,10.714995,11.199995,15149484
1237901400,2009-03-24 09:30,11.055,11.335,11.01,11.155,11002054
1237987800,2009-03-25 09:30,11.235,11.545,10.955,11.254995,15909860
1238074200,2009-03-26 09:30,11.475,11.769995,11.415,11.705,18317774
1238160600,2009-03-27 09:30,11.605005,11.605005,11.385,11.449995,19948164
1238419800,2009-03-30 09:30,11.135,11.17,10.875,11.055,19211656
1238506200,2009-03-31 09:30,11.17,11.254995,10.935,11.105005,12458710
1238592600,2009-04-01 09:30,10.93,11.51,10.8255,11.33,20836828
1238679000,2009-04-02 09:30,11.769995,11.94,11.595,11.754995,15759204
1238765400,2009-04-03 09:30,11.78,11.925005,11.53,11.905,10990844
1239024600,2009-04-06 09:30,11.730005,11.775,11.44,11.695,8947454
1239111000,2009-04-07 09:30,11.54,11.54,11.265,11.295,11085836
1239197400,2009-04-08 09:30,11.385,11.51,11.22,11.425005,13050554
1239283800,2009-04-09 09:30,11.75,11.99005,11.714995,11.92,11480946
1239629400,2009-04-13 09:30,11.9,12.21,11.7745,12.074995,11772984
1239715800,2009-04-14 09:30,11.955,12.155,11.82,11.85,11286782
1239802200,2009-04-15 09:30,11.81,12.129995,11.769995,12.129995,11680992
1239888600,2009-04-16 09:30,12.254995,12.3125,11.915,12.135,14348750
1239975000,2009-04-17 09:30,12.165,12.295,12.074995,12.225,12754226
1240234200,2009-04-20 09:30,11.97,12.07,11.574995,11.660005,16328618
1240320600,2009-04-21 09:30,11.449995,11.925005,11.425005,11.894995,16170914
1240407000,2009-04-22 09:30,11.805,12.35,11.705,11.949995,22604196
1240493400,2009-04-23 09:30,11.995005,12.105005,11.845,11.980005,19798696
1240579800,2009-04-24 09:30,12.17,12.64,12.1,12.550005,20388070
1240839000,2009-04-27 09:30,12.35,12.46,12.155,12.275,15084304
1240925400,2009-04-28 09:30,12.055,12.345,12.025,12.21,19906016
1241011800,2009-04-29 09:30,12.32,12.6,12.32,12.485,12624352
1241098200,2009-04-30 09:30,12.76,12.964995,12.7475,12.835,20082290
1241184600,2009-05-01 09:30,12.85,13.054495,12.695,12.865,26840960
1241443800,2009-05-04 09:30,13.035005,13.620005,13.025,13.589995,26697774
1241530200,2009-05-05 09:30,13.620005,13.64985,13.339995,13.51,12500852
1241616600,2009-05-06 09:30,13.705,13.745695,13.435,13.565,30942040
1241703000,2009-05-07 09:30,13.78,13.81,12.964995,13.120005,21892226
1241789400,2009-05-08 09:30,13.24,13.495005,13.205,13.4,14349094
1242048600,2009-05-11 09:30,13.155,13.31,13.055,13.205,11733156
1242135000,2009-05-12 09:30,13.26,13.415,13.0925,13.337,13512876
1242221400,2009-05-13 09:30,13.089995,13.1,12.629995,12.76,20591226
1242307800,2009-05-14 09:30,12.699995,13.035005,12.64,12.870005,23127312
1242394200,2009-05-15 09:30,13,13.15,12.735,12.915,31324016
1242653400,2009-05-18 09:30,13.06,13.315,12.96505,13.285005,24118946
1242739800,2009-05-19 09:30,13.32,13.565,13.29995,13.44,12085922
1242826200,2009-05-20 09:30,13.675005,14.01,13.445,13.5,30819296
1242912600,2009-05-21 09:30,13.305,13.324995,13.025,13.199995,26430960
1242999000,2009-05-22 09:30,13.265,13.33,13.055,13.15,16844078
1243344600,2009-05-26 09:30,13.085,13.485,12.915,13.464995,15773672
1243431000,2009-05-27 09:30,13.394995,13.425005,12.93,12.96,14433102
1243517400,2009-05-28 09:30,13.095,13.22,12.8805,13.19,17546640
1243603800,2009-05-29 09:30,13.335,13.6,13.25,13.585,15584282
1243863000,2009-06-01 09:30,13.81,14.085,13.76,14,18535234
1243949400,2009-06-02 09:30,13.925005,14.19,13.9,14.14,19718868
1244035800,2009-06-03 09:30,13.975,13.980005,13.47,13.655,19743484
1244122200,2009-06-04 09:30,13.754995,14.015,13.6355,13.97,20818562
1244208600,2009-06-05 09:30,14.144995,14.15,13.629995,13.769995,18717118
1244467800,2009-06-08 09:30,13.695,13.769995,13.415,13.699995,17973040
1244554200,2009-06-09 09:30,13.775,14.055,13.695,13.945,16024000
1244640600,2009-06-10 09:30,14.155,14.18,13.69,13.96,29978242
1244727000,2009-06-11 09:30,14,14.33,13.995005,14.155,25738742
1244813400,2009-06-12 09:30,14.04,14.06,13.85,14.01,23645368
1245072600,2009-06-15 09:30,13.85,13.85,13.445,13.54,22613876
1245159000,2009-06-16 09:30,13.644995,13.675005,13.155,13.175005,35474784
1245245400,2009-06-17 09:30,13.1,13.214995,12.839995,13.025,38457504
1245331800,2009-06-18 09:30,13.045,13.324995,12.96,13.135,22789250
1245418200,2009-06-19 09:30,13.21,13.254995,12.935,13.035005,25587796
1245677400,2009-06-22 09:30,12.824995,12.855005,12.36,12.375,30055672
1245763800,2009-06-23 09:30,12.42,12.65,12.295,12.535005,26768898
1245850200,2009-06-24 09:30,12.74,12.96,12.589995,12.660005,23278734
1245936600,2009-06-25 09:30,12.644995,12.955,12.5,12.93,21997070
1246023000,2009-06-26 09:30,12.935,13.016,12.835,12.910005,13890570
1246282200,2009-06-29 09:30,13.004995,13.120005,12.85,13.025,10022664
1246368600,2009-06-30 09:30,13.065,13.14,12.82,12.9,15671054
1246455000,2009-07-01 09:30,13.04,13.21,12.9,12.93,15137734
1246541400,2009-07-02 09:30,12.745005,12.745005,12.555,12.574995,17927640
1246887000,2009-07-06 09:30,12.365,12.480005,12.24,12.475,20415618
1246973400,2009-07-07 09:30,12.46,12.5,12.120005,12.120005,20992562
1247059800,2009-07-08 09:30,12.225,12.3795,11.925005,12.129995,25764836
1247146200,2009-07-09 09:30,12.285005,12.355005,12.185,12.225,19396226
1247232600,2009-07-10 09:30,12.115,12.300005,11.955,12.155,20605040
1247491800,2009-07-13 09:30,12.18,12.525,11.97,12.525,14944024
1247578200,2009-07-14 09:30,12.61,12.685,12.42495,12.620005,11636508
1247664600,2009-07-15 09:30,12.845,13.115,12.824995,13.115,17773906
1247751000,2009-07-16 09:30,13.105005,13.324995,13.050005,13.24,14259602
1247837400,2009-07-17 09:30,13.25,13.415,13.17005,13.305,10055710
1248096600,2009-07-20 09:30,13.475,13.625,13.365,13.589995,21573876
1248183000,2009-07-21 09:30,13.875,13.97,13.460855,13.75,34603136
1248269400,2009-07-22 09:30,13.635,13.905,13.589995,13.79,24206328
1248355800,2009-07-23 09:30,13.775,14.346,13.769995,14.26,23905790
1248442200,2009-07-24 09:30,14.185,14.375,14.097505,14.375,15967704
1248701400,2009-07-27 09:30,14.42,14.495005,14.26,14.405,14459360
1248787800,2009-07-28 09:30,14.225,14.355005,14.045,14.285005,22254390
1248874200,2009-07-29 09:30,14.050005,14.085,13.89,13.985,29292328
1248960600,2009-07-30 09:30,14.24,14.542505,14.230005,14.410005,23760180
1249047000,2009-07-31 09:30,14.425005,14.695,14.335,14.56,17766406
1249306200,2009-08-03 09:30,14.815,15.074995,14.749945,15.074995,20119578
1249392600,2009-08-04 09:30,14.964995,15.135,14.835,15.019995,13339484
1249479000,2009-08-05 09:30,15.06,15.19,14.835,15.14,17119438
1249565400,2009-08-06 09:30,15.22,15.300005,14.9,15.015,17036376
1249651800,2009-08-07 09:30,15.199995,15.265,14.894995,15.105005,41092448
1249911000,2009-08-10 09:30,14.980005,15.055,14.775,14.905,30621844
1249997400,2009-08-11 09:30,14.785005,14.925005,14.68,14.870005,29480484
1250083800,2009-08-12 09:30,14.795,15.129995,14.7545,15.004995,23613476
1250170200,2009-08-13 09:30,15.165,15.339995,15.065,15.28,25768290
1250256600,2009-08-14 09:30,15.305,15.305,14.75,14.894995,29687484
1250515800,2009-08-17 09:30,14.480005,14.565,14.26,14.33,27638562
1250602200,2009-08-18 09:30,14.42,14.589995,14.36,14.545,16996758
1250688600,2009-08-19 09:30,14.33,14.824995,14.254995,14.735,25551898
1250775000,2009-08-20 09:30,14.76,14.845,14.68,14.765,19713828
1250861400,2009-08-21 09:30,14.99,15.160005,14.915,15.155,21569618
1251120600,2009-08-24 09:30,15.295,15.335,14.9637,15.035005,16760062
1251207000,2009-08-25 09:30,15.105005,15.269995,14.92495,14.96,13467164
1251293400,2009-08-26 09:30,14.925005,15.095,14.7855,14.905,15996492
1251379800,2009-08-27 09:30,14.935,15.085,14.629995,15.01,21248562
1251466200,2009-08-28 09:30,15.175005,15.19,14.92,15.105005,18068618
1251725400,2009-08-31 09:30,14.870005,14.905,14.73995,14.905,14415414
1251811800,2009-09-01 09:30,14.800005,15.055,14.449995,14.464995,27300414
1251898200,2009-09-02 09:30,14.46,14.635,14.335,14.6,18244148
1251984600,2009-09-03 09:30,14.695,14.824995,14.550005,14.81,13787360
1252071000,2009-09-04 09:30,14.83,15.025,14.665,15.015,11065570
1252416600,2009-09-08 09:30,15.29,15.33,15.144995,15.22,15698774
1252503000,2009-09-09 09:30,15.254995,15.370005,15.135,15.29,19215188
1252589400,2009-09-10 09:30,15.175005,15.410005,14.980005,15.375,19634454
1252675800,2009-09-11 09:30,15.495005,15.56,15.269995,15.394995,20257602
1252935000,2009-09-14 09:30,15.230005,15.605005,15.160005,15.589995,18643078
1253021400,2009-09-15 09:30,15.620005,16.01,15.574995,15.935,24747414
1253107800,2009-09-16 09:30,16.155,16.245005,15.97,16.155,16099602
1253194200,2009-09-17 09:30,16.144995,16.39,15.995005,16.08,23082468
1253280600,2009-09-18 09:30,16.115,16.129995,15.89,16.004995,19917126
1253539800,2009-09-21 09:30,15.795,15.910005,15.61,15.845,20813344
1253626200,2009-09-22 09:30,16.025,16.129995,15.96,16.019995,13709070
1253712600,2009-09-23 09:30,16.04,16.095,15.71,15.765,16841180
1253799000,2009-09-24 09:30,15.79,15.824995,15.315,15.42,25486422
1253885400,2009-09-25 09:30,15.300005,15.5,15.17,15.269995,20598898
1254144600,2009-09-28 09:30,15.305,15.65,15.275,15.56,13315516
1254231000,2009-09-29 09:30,15.589995,15.78,15.52005,15.574995,20585094
1254317400,2009-09-30 09:30,15.68,15.71,15.31,15.47,20115680
1254403800,2009-10-01 09:30,15.415,15.46,14.865,14.865,37932512
1254490200,2009-10-02 09:30,14.64,14.99,14.585,14.805,23810704
1254749400,2009-10-05 09:30,14.910005,15.1587,14.82,15.055,19942110
1254835800,2009-10-06 09:30,15.305,15.504995,15.160005,15.370005,24104656
1254922200,2009-10-07 09:30,15.345,15.49505,15.264955,15.375,12311360
1255008600,2009-10-08 09:30,15.67,15.800005,15.53,15.735,15055086
1255095000,2009-10-09 09:30,15.75,15.81,15.605005,15.75,13376266
1255354200,2009-10-12 09:30,15.81,15.99,15.730005,15.79,14219516
1255440600,2009-10-13 09:30,15.78,15.91835,15.625,15.875,18572406
1255527000,2009-10-14 09:30,16.08,16.234705,16.015,16.214995,20318672
1255613400,2009-10-15 09:30,16.14,16.3025,16.065,16.245005,14964610
1255699800,2009-10-16 09:30,16.15,16.195,16,16.019995,17983656
1255959000,2009-10-19 09:30,16.08,16.32,16.045,16.265,14581454
1256045400,2009-10-20 09:30,16.335,16.335,15.93,16.095,16380640
1256131800,2009-10-21 09:30,16.025,16.245005,15.855005,15.905,19167008
1256218200,2009-10-22 09:30,15.855005,16.160005,15.665255,16.095,15955922
1256304600,2009-10-23 09:30,16.18,16.18,15.705,15.775,18103258
1256563800,2009-10-26 09:30,15.800005,16.01,15.355005,15.370005,23824460
1256650200,2009-10-27 09:30,15.35,15.49,15.22,15.245005,29079282
1256736600,2009-10-28 09:30,15.21,15.265,14.74,14.775,28486672
1256823000,2009-10-29 09:30,15.03,15.28,14.93,15.214995,21907454
1256909400,2009-10-30 09:30,15.17,15.205,14.535005,14.67,37182912
1257172200,2009-11-02 09:30,14.725,15.065,14.475,14.800005,32588344
1257258600,2009-11-03 09:30,14.65,15.0075,14.56,14.949995,24762414
1257345000,2009-11-04 09:30,15.144995,15.26,14.9,14.949995,25514782
1257431400,2009-11-05 09:30,15.050005,15.315,15.015,15.214995,20124296
1257517800,2009-11-06 09:30,15.129995,15.5,15.115,15.345,19429422
1257777000,2009-11-09 09:30,15.535005,15.85,15.535005,15.845,19988446
1257863400,2009-11-10 09:30,15.81,15.96,15.615,15.865,19720820
1257949800,2009-11-11 09:30,16.050005,16.175005,15.964995,16.019995,24821812
1258036200,2009-11-12 09:30,15.99,16.19,15.870005,15.945,35413984
1258122600,2009-11-13 09:30,16.004995,16.15,15.9,16.004995,25552390
1258381800,2009-11-16 09:30,16.125,16.46,16.125,16.335,23842790
1258468200,2009-11-17 09:30,16.285005,16.550005,16.22,16.525,16986954
1258554600,2009-11-18 09:30,16.550005,16.64,16.405,16.525,18199344
1258641000,2009-11-19 09:30,16.370005,16.385,16.015,16.275,19200868
1258727400,2009-11-20 09:30,16.1,16.285005,16.055,16.22,17537296
1258986600,2009-11-23 09:30,16.475,16.6195,16.324995,16.385,21260954
1259073000,2009-11-24 09:30,16.410005,16.410005,16.205,16.365,14050516
1259159400,2009-11-25 09:30,16.4,16.629995,16.365,16.629995,15635852
1259332200,2009-11-27 09:30,16.065,16.35475,15.980005,16.175005,14899368
1259591400,2009-11-30 09:30,16.22,16.35,16.08,16.25,18373476
1259677800,2009-12-01 09:30,16.515,16.655,16.47,16.565,22712250
1259764200,2009-12-02 09:30,16.574995,16.800005,16.56,16.725,18317352
1259850600,2009-12-03 09:30,16.730005,16.805,16.44,16.455,28935304
1259937000,2009-12-04 09:30,16.705,16.775,16.045,16.275,46926368
1260196200,2009-12-07 09:30,16.214995,16.464995,16.199995,16.295,19687296
1260282600,2009-12-08 09:30,16.175005,16.214995,15.9945,16.035005,21137524
1260369000,2009-12-09 09:30,16.050005,16.245005,15.915,16.235,18096992
1260455400,2009-12-10 09:30,16.335,16.405,16.120005,16.175005,15660196
1260541800,2009-12-11 09:30,16.285005,16.33,16.07,16.22,15863812
1260801000,2009-12-14 09:30,16.339995,16.47,16.235,16.455,15146586
1260887400,2009-12-15 09:30,16.410005,16.565,16.22,16.295,25189540
1260973800,2009-12-16 09:30,16.379995,16.565,16.35,16.46,15224484
1261060200,2009-12-17 09:30,16.305,16.335,16.055,16.095,13799602
1261146600,2009-12-18 09:30,16.06,16.125,15.835,15.995005,19416664
1261405800,2009-12-21 09:30,16.1,16.29,16.08,16.230005,10198868
1261492200,2009-12-22 09:30,16.26,16.335,16.185,16.324995,9447594
1261578600,2009-12-23 09:30,16.379995,16.58,16.305,16.574995,10509250
1261665000,2009-12-24 09:30,16.65,16.745005,16.6,16.705,5442972
1262010600,2009-12-28 09:30,16.765,16.824995,16.644995,16.72,8028002
1262097000,2009-12-29 09:30,16.72,16.86,16.68,16.745005,7435046
1262183400,2009-12-30 09:30,16.629995,16.769995,16.5895,16.725,5948304
1262269800,2009-12-31 09:30,16.765,16.81,16.495005,16.495005,5164590
1262615400,2010-01-04 09:30,16.79,17.01,16.725,17.01,15134992
1262701800,2010-01-05 09:30,17.04,17.089995,16.905,17.065,17678304
1262788200,2010-01-06 09:30,17.07,17.415,17.04,17.355005,16183882
1262874600,2010-01-07 09:30,17.269995,17.29,17.08,17.22,11514414
1262961000,2010-01-08 09:30,17.18,17.46,17.14,17.46,9284704
1263220200,2010-01-11 09:30,17.68,17.69,17.2875,17.365,18217632
1263306600,2010-01-12 09:30,17.115,17.205,16.865,17.035005,26324296
1263393000,2010-01-13 09:30,17.08,17.25,16.875,17.235,23886180
1263479400,2010-01-14 09:30,17.225,17.26,17,17.025,19230984
1263565800,2010-01-15 09:30,17.004995,17.07,16.815,16.9,15210492
1263911400,2010-01-19 09:30,16.925005,17.175005,16.85,17.17,13603282
1263997800,2010-01-20 09:30,16.949995,17,16.71,16.865,23007492
1264084200,2010-01-21 09:30,16.885,16.885,16.129995,16.135,39632704
1264170600,2010-01-22 09:30,16.089995,16.285005,15.775,15.815,40095456
1264429800,2010-01-25 09:30,15.98005,16.120005,15.8975,15.955,20610172
1264516200,2010-01-26 09:30,15.78,15.995005,15.68,15.730005,33568800
1264602600,2010-01-27 09:30,15.655,15.769995,15.324995,15.595,39418400
1264689000,2010-01-28 09:30,15.695,15.74,15.24,15.315,32745844
1264775400,2010-01-29 09:30,15.435,15.6575,15.06,15.07,32241226
1265034600,2010-02-01 09:30,15.230005,15.67,15.230005,15.67,34561248
1265121000,2010-02-02 09:30,15.74,15.800005,15.51,15.72,32079328
1265207400,2010-02-03 09:30,15.660005,15.81,15.49,15.54,36213504
1265293800,2010-02-04 09:30,15.33,15.375,14.949995,14.96,45617888
1265380200,2010-02-05 09:30,15.004995,15.245005,14.74,15.24,64503264
1265639400,2010-02-08 09:30,15.269995,15.36,14.980005,14.995005,40944576
1265725800,2010-02-09 09:30,15.225,15.519995,15.125505,15.36,57487936
1265812200,2010-02-10 09:30,15.379995,15.410005,15.065,15.254995,43105056
1265898600,2010-02-11 09:30,15.245005,15.535005,15.17,15.515,38944128
1265985000,2010-02-12 09:30,15.24,15.57,15.17,15.485,39246400
1266330600,2010-02-16 09:30,15.68,15.901255,15.67,15.875,21028390
1266417000,2010-02-17 09:30,15.975,16.045,15.775,15.885,58793344
1266503400,2010-02-18 09:30,15.815,16.11,15.800005,16.055,39257152
1266589800,2010-02-19 09:30,15.935,16.230005,15.925005,16.144995,30426828
1266849000,2010-02-22 09:30,16.205,16.29,16.015,16.074995,22993726
1266935400,2010-02-23 09:30,16.025,16.11,15.725,15.82,40160704
1267021800,2010-02-24 09:30,15.845,15.9775,15.695,15.78,31930610
1267108200,2010-02-25 09:30,15.545,15.769995,15.394995,15.745005,40917984
1267194600,2010-02-26 09:30,15.824995,15.824995,15.605005,15.75,30666922
1267453800,2010-03-01 09:30,15.835,16.004995,15.75,15.99,39502624
1267540200,2010-03-02 09:30,16.115,16.254995,16.08,16.125,38858912
1267626600,2010-03-03 09:30,16.225,16.504995,16.205,16.265,28216258
1267713000,2010-03-04 09:30,16.315,16.435,16.245005,16.375,26747954
1267799400,2010-03-05 09:30,16.525,16.69165,16.464995,16.585,23340546
1268058600,2010-03-08 09:30,16.65,16.705,16.495005,16.585,28925790
1268145000,2010-03-09 09:30,16.485,16.644995,16.42,16.480005,30916774
1268231400,2010-03-10 09:30,16.485,16.625,16.36505,16.485,41650176
1268317800,2010-03-11 09:30,16.425005,16.58,16.29,16.58,29034492
1268404200,2010-03-12 09:30,16.665,16.765,16.61,16.644995,23063562
1268659800,2010-03-15 09:30,16.635,16.660005,16.5,16.64,18990790
1268746200,2010-03-16 09:30,16.695,16.885,16.69,16.885,27171454
1268832600,2010-03-17 09:30,16.94,17.095,16.925005,16.980005,17654562
1268919000,2010-03-18 09:30,16.985,17.095,16.835,16.86,24248040
1269005400,2010-03-19 09:30,16.85,16.96,16.620005,16.64,21252632
1269264600,2010-03-22 09:30,16.504995,16.902495,16.425005,16.885,22534250
1269351000,2010-03-23 09:30,16.9,17.105005,16.805,17.105005,29462540
1269437400,2010-03-24 09:30,16.995005,17.165,16.945,17.055,16904796
1269523800,2010-03-25 09:30,17.21,17.21,16.699995,16.714995,38080448
1269610200,2010-03-26 09:30,16.79,16.995005,16.725,16.839995,30944718
1269869400,2010-03-29 09:30,17,17.1,16.935,17.019995,17183320
1269955800,2010-03-30 09:30,17.01,17.165,16.925005,17.045,16926352
1270042200,2010-03-31 09:30,17.004995,17.105005,16.910005,16.96,15549032
1270128600,2010-04-01 09:30,17.129995,17.28,17.1075,17.254995,15941688
1270474200,2010-04-05 09:30,17.305,17.47,17.245005,17.464995,13178484
1270560600,2010-04-06 09:30,17.379995,17.550005,17.375,17.495005,17214984
1270647000,2010-04-07 09:30,17.435,17.58,17.2931,17.385,20756210
1270733400,2010-04-08 09:30,17.275,17.44,17.199995,17.425005,16575156
1270819800,2010-04-09 09:30,17.5,17.5,17.355005,17.455,16751954
1271079000,2010-04-12 09:30,17.464995,17.515,17.348745,17.4,11504688
1271165400,2010-04-13 09:30,17.339995,17.385,17.22,17.335,14107390
1271251800,2010-04-14 09:30,17.415,17.47,17.339995,17.464995,14628040
1271338200,2010-04-15 09:30,17.44,17.51,17.370005,17.464995,15054984
1271424600,2010-04-16 09:30,17.375,17.46,17.025,17.165,33745504
1271683800,2010-04-19 09:30,17.035005,17.195,16.870005,17.17,22585790
1271770200,2010-04-20 09:30,17.305,17.36,17.15,17.224505,11610492
1271856600,2010-04-21 09:30,17.26,17.26,17.01,17.18,22063914
1271943000,2010-04-22 09:30,17.055,17.35,16.9,17.35,24380390
1272029400,2010-04-23 09:30,17.33,17.57,17.315,17.504995,19691922
1272288600,2010-04-26 09:30,17.620005,17.735,17.525,17.58,14050188
1272375000,2010-04-27 09:30,17.504995,17.53,16.94,16.94,32078204
1272461400,2010-04-28 09:30,17.1,17.225,16.955,17.144995,32075390
1272547800,2010-04-29 09:30,17.245005,17.3575,17.17,17.300005,20037828
1272634200,2010-04-30 09:30,17.35,17.4,16.99,16.995005,21881774
1272893400,2010-05-03 09:30,17.04,17.120005,16.82,16.985,22380344
1272979800,2010-05-04 09:30,16.745005,16.76,16.28,16.394995,53973856
1273066200,2010-05-05 09:30,16.14,16.5025,16.065,16.275,35206272
1273152600,2010-05-06 09:30,16.144995,16.46,14.74,15.74,54861056
1273239000,2010-05-07 09:30,15.76,16.019995,15.33,15.565,54676704
1273498200,2010-05-10 09:30,16.195,16.35,16.11,16.305,36074752
1273584600,2010-05-11 09:30,16.125,16.33,16.07,16.1,28765282
1273671000,2010-05-12 09:30,16.199995,16.442495,16.17,16.435,25865968
1273757400,2010-05-13 09:30,16.394995,16.53,16.18,16.19,26687320
1273843800,2010-05-14 09:30,16.085,16.085,15.660005,15.795,40466976
1274103000,2010-05-17 09:30,15.86,15.955,15.415,15.795,37566880
1274189400,2010-05-18 09:30,15.935,16.175005,15.525,15.525,46808928
1274275800,2010-05-19 09:30,15.42,15.5725,15.175005,15.525,47502016
1274362200,2010-05-20 09:30,15.04,15.21,14.805,14.82,55262976
1274448600,2010-05-21 09:30,14.574995,15.245005,14.550005,15.185,39010304
1274707800,2010-05-24 09:30,15.120005,15.24,14.925005,14.925005,27133578
1274794200,2010-05-25 09:30,14.519995,15.199995,14.435,15.175005,37649152
1274880600,2010-05-26 09:30,15.324995,15.4375,15.004995,15.055,26874532
1274967000,2010-05-27 09:30,15.375,15.665,15.175005,15.65,29382648
1275053400,2010-05-28 09:30,15.61,15.635,15.265,15.375,29482742
1275399000,2010-06-01 09:30,15.22,15.405,14.855005,14.879995,31542102
1275485400,2010-06-02 09:30,15,15.339995,14.949995,15.339995,17503414
1275571800,2010-06-03 09:30,15.475,15.475,14.975,15.155,25279250
1275658200,2010-06-04 09:30,14.865,14.985,14.519995,14.555,30714626
1275917400,2010-06-07 09:30,14.565,14.685,14.285005,14.295,25023000
1276003800,2010-06-08 09:30,14.370005,14.675005,14.275,14.620005,43669824
1276090200,2010-06-09 09:30,14.815,14.985,14.54,14.64,27665946
1276176600,2010-06-10 09:30,14.915,15.165,14.89,15.165,21602648
1276263000,2010-06-11 09:30,15.004995,15.33505,14.99,15.335,15956804
1276522200,2010-06-14 09:30,15.475,15.53,15.160005,15.185,18202118
1276608600,2010-06-15 09:30,15.32,15.574995,15.265,15.56,14109468
1276695000,2010-06-16 09:30,15.445,15.629995,15.394995,15.54,12730218
1276781400,2010-06-17 09:30,15.574995,15.605005,15.26,15.455,27379812
1276867800,2010-06-18 09:30,15.42,15.555,15.415,15.475,18895750
1277127000,2010-06-21 09:30,15.75,15.9,15.46,15.57,24144210
1277213400,2010-06-22 09:30,15.550005,15.6495,15.185,15.185,23686578
1277299800,2010-06-23 09:30,15.205,15.315,14.96,15.214995,21678376
1277386200,2010-06-24 09:30,15.1,15.245005,14.824995,14.83,31521546
1277472600,2010-06-25 09:30,14.89,15.120005,14.745005,15.050005,22616032
1277731800,2010-06-28 09:30,15.035005,15.089995,14.839995,14.879995,25771976
1277818200,2010-06-29 09:30,14.589995,14.629995,14.2675,14.33,34058848
1277904600,2010-06-30 09:30,14.315,14.53,14.125,14.185,21027132
1277991000,2010-07-01 09:30,14.17,14.31,13.835,14.105005,32909820
1278077400,2010-07-02 09:30,14.160005,14.22,13.91625,14.025,19333836
1278423000,2010-07-06 09:30,14.315,14.35,13.9,14.04,20144946
1278509400,2010-07-07 09:30,14.050005,14.620005,14.035005,14.6,23703000
1278595800,2010-07-08 09:30,14.72,14.839995,14.59675,14.839995,17861540
1278682200,2010-07-09 09:30,14.795,15.195,14.795,15.195,18889360
1278941400,2010-07-12 09:30,15.205,15.205,14.92,14.995005,18878226
1279027800,2010-07-13 09:30,15.25,15.445,15.225,15.4,21409960
1279114200,2010-07-14 09:30,15.269995,15.455,15.185,15.35,17277562
1279200600,2010-07-15 09:30,15.365,15.39,15.135,15.335,16571282
1279287000,2010-07-16 09:30,15.225,15.300005,14.875,14.915,24858024
1279546200,2010-07-19 09:30,15,15.01,14.775,14.93,15229992
1279632600,2010-07-20 09:30,14.714995,15.394995,14.714995,15.379995,21015126
1279719000,2010-07-21 09:30,15.535005,15.615,15.195,15.33,18759602
1279805400,2010-07-22 09:30,15.504995,15.795,15.475,15.660005,32512242
1279891800,2010-07-23 09:30,15.685,16.025,15.665,16.004995,29362226
1280151000,2010-07-26 09:30,16.04,16.1,15.9375,16.1,14994226
1280237400,2010-07-27 09:30,16.199995,16.25,15.9,15.97,18349626
1280323800,2010-07-28 09:30,15.89,16.035005,15.85,15.92,21069954
1280410200,2010-07-29 09:30,16.025,16.165,15.765,15.905,16925500
1280496600,2010-07-30 09:30,15.76,16.065,15.71,16.004995,17518546
1280755800,2010-08-02 09:30,16.26,16.464995,16.220495,16.435,32954500
1280842200,2010-08-03 09:30,16.275,16.28,16.1,16.135,19116960
1280928600,2010-08-04 09:30,16.230005,16.300005,16.12815,16.285005,11275602
1281015000,2010-08-05 09:30,16.214995,16.334745,16.185,16.32,14070524
1281101400,2010-08-06 09:30,16.21,16.42,16.089995,16.245005,17376196
1281360600,2010-08-09 09:30,16.375,16.379995,16.23955,16.345,12161930
1281447000,2010-08-10 09:30,16.165,16.265,16.004995,16.17,25451320
1281533400,2010-08-11 09:30,15.855005,15.870005,15.615,15.625,35147072
1281619800,2010-08-12 09:30,15.435,15.78,15.43,15.725,23049242
1281706200,2010-08-13 09:30,15.665,15.735,15.595,15.65,12372032
1281965400,2010-08-16 09:30,15.58,15.82,15.550005,15.72,13069234
1282051800,2010-08-17 09:30,15.94,16.21,15.94,16.089995,23951492
1282138200,2010-08-18 09:30,16.074995,16.230005,15.95005,16.15,19570562
1282224600,2010-08-19 09:30,16.07,16.135,15.699995,15.78,25495734
1282311000,2010-08-20 09:30,15.685,15.76,15.595,15.745005,27923468
1282570200,2010-08-23 09:30,15.815,16.025,15.56,15.57,18901054
1282656600,2010-08-24 09:30,15.295,15.415,15.199995,15.21,29745656
1282743000,2010-08-25 09:30,15.089995,15.300005,14.94,15.254995,25564796
1282829400,2010-08-26 09:30,15.4,15.485,15.207495,15.235,14960882
1282915800,2010-08-27 09:30,15.335,15.699995,15.18,15.69,20732640
1283175000,2010-08-30 09:30,15.655,15.730005,15.455,15.455,10133570
1283261400,2010-08-31 09:30,15.36,15.6,15.355005,15.519995,19130602
1283347800,2010-09-01 09:30,15.72,16.019995,15.707495,15.985,24073890
1283434200,2010-09-02 09:30,16.035005,16.175005,15.94,16.175005,12315640
1283520600,2010-09-03 09:30,16.300005,16.375,16.225,16.365,15625602
1283866200,2010-09-07 09:30,16.300005,16.35,16.18,16.205,12193376
1283952600,2010-09-08 09:30,16.254995,16.435,16.235,16.33,10043890
1284039000,2010-09-09 09:30,16.485,16.535005,16.235,16.275,9453562
1284125400,2010-09-10 09:30,16.29,16.449995,16.29,16.410005,11265914
1284384600,2010-09-13 09:30,16.54,16.735,16.525,16.675005,24133226
1284471000,2010-09-14 09:30,16.595,16.76,16.54,16.644995,17105360
1284557400,2010-09-15 09:30,16.550005,16.644995,16.485,16.615,12888484
1284643800,2010-09-16 09:30,16.565,16.74,16.550005,16.695,25727344
1284730200,2010-09-17 09:30,16.415,16.44995,16.25505,16.36625,16339234
1284989400,2010-09-20 09:30,16.379995,16.5,16.265,16.47,16600680
1285075800,2010-09-21 09:30,16.47,16.475,16.24,16.394995,33795072
1285162200,2010-09-22 09:30,16.39,16.56,16.379995,16.435,20396484
1285248600,2010-09-23 09:30,16.29,16.480005,16.214995,16.28,14346180
1285335000,2010-09-24 09:30,16.485,16.705,16.475,16.68,17205938
1285594200,2010-09-27 09:30,16.685,16.71,16.565,16.585,11546328
1285680600,2010-09-28 09:30,16.565,16.615,16.285005,16.585,17403188
1285767000,2010-09-29 09:30,16.535005,16.565,16.4,16.455,19749688
1285853400,2010-09-30 09:30,16.565,16.64,16.269995,16.39,20472946
1285939800,2010-10-01 09:30,16.49,16.620005,16.480005,16.605005,15538352
1286199000,2010-10-04 09:30,16.475,16.54,16.28,16.339995,26111070
1286285400,2010-10-05 09:30,16.53,16.86,16.53,16.800005,26245382
1286371800,2010-10-06 09:30,16.839995,17.004995,16.82,16.96,13636500
1286458200,2010-10-07 09:30,17.01,17.019995,16.635,16.79,18279640
1286544600,2010-10-08 09:30,16.85,17.17,16.85,17.120005,15930078
1286803800,2010-10-11 09:30,17.199995,17.205,17.025,17.089995,11735930
1286890200,2010-10-12 09:30,17.050005,17.164495,16.870005,17.135,14605180
1286976600,2010-10-13 09:30,17.339995,17.475,17.245005,17.410005,14621758
1287063000,2010-10-14 09:30,17.405,17.44,17.144995,17.245005,16533054
1287149400,2010-10-15 09:30,17.379995,17.385,17.065,17.295,24595094
1287408600,2010-10-18 09:30,17.235,17.375,17.135,17.370005,13673172
1287495000,2010-10-19 09:30,17.07,17.165,16.85,16.925005,30250126
1287581400,2010-10-20 09:30,16.995005,17.39,16.955,17.275,20369562
1287667800,2010-10-21 09:30,17.35,17.425005,17.089995,17.269995,22257040
1287754200,2010-10-22 09:30,17.28,17.305,17.089995,17.144995,16613602
1288013400,2010-10-25 09:30,17.410005,17.585,17.370005,17.515,22728336
1288099800,2010-10-26 09:30,17.275,17.449995,17.155,17.410005,18678118
1288186200,2010-10-27 09:30,17.28,17.28,17.065,17.25,24652626
1288272600,2010-10-28 09:30,17.394995,17.455,17.144995,17.26,20057562
1288359000,2010-10-29 09:30,17.225,17.435,17.18,17.4,13569656
1288618200,2010-11-01 09:30,17.49,17.61,17.295,17.39,16195922
1288704600,2010-11-02 09:30,17.545,17.68,17.495005,17.57,23458992
1288791000,2010-11-03 09:30,17.625,17.65,17.25,17.519995,34311840
1288877400,2010-11-04 09:30,17.785005,18.095,17.78,18.095,20076304
1288963800,2010-11-05 09:30,18.120005,18.269995,18.055,18.160005,20205992
1289226600,2010-11-08 09:30,18.045,18.230005,18.025,18.205,15881790
1289313000,2010-11-09 09:30,18.295,18.355005,17.78,17.885,22728680
1289399400,2010-11-10 09:30,17.885,18.019995,17.675005,17.975,18655492
1289485800,2010-11-11 09:30,17.885,18.17,17.879995,18.160005,18777210
1289572200,2010-11-12 09:30,17.955,18.024,17.605005,17.754995,34953312
1289831400,2010-11-15 09:30,17.805,17.859945,17.6,17.615,19450148
1289917800,2010-11-16 09:30,17.410005,17.445,17.1,17.235,39756576
1290004200,2010-11-17 09:30,17.24,17.410005,17.15,17.230005,26661718
1290090600,2010-11-18 09:30,17.46,17.705,17.46,17.555,28865610
1290177000,2010-11-19 09:30,17.56,17.695,17.464995,17.695,18097710
1290436200,2010-11-22 09:30,17.620005,17.754995,17.47,17.74,23462094
1290522600,2010-11-23 09:30,17.464995,17.51,17.315,17.4,26474532
1290609000,2010-11-24 09:30,17.54,17.735,17.519995,17.735,16026500
1290781800,2010-11-26 09:30,17.550005,17.58,17.435,17.47,9311376
1291041000,2010-11-29 09:30,17.394995,17.64,17.18495,17.585,25669594
1291127400,2010-11-30 09:30,17.44,17.74,17.37525,17.595,31210648
1291213800,2010-12-01 09:30,17.89,18.085,17.85,18.074995,24599696
1291300200,2010-12-02 09:30,18.160005,18.39,18.11,18.35,18747508
1291386600,2010-12-03 09:30,18.275,18.545,18.265,18.504995,15744102
1291645800,2010-12-06 09:30,18.480005,18.569505,18.455,18.535005,9914476
1291732200,2010-12-07 09:30,18.765,18.805,18.525,18.56,21084804
1291818600,2010-12-08 09:30,18.57,18.635,18.269995,18.365,23584062
1291905000,2010-12-09 09:30,18.525,18.54,18.339995,18.464995,23028110
1291991400,2010-12-10 09:30,18.495005,18.644995,18.4,18.625,10437204
1292250600,2010-12-13 09:30,18.82,18.86,18.699995,18.725,12846476
1292337000,2010-12-14 09:30,18.72,18.832495,18.65,18.71,14227446
1292423400,2010-12-15 09:30,18.65,18.775,18.585,18.61,13388210
1292509800,2010-12-16 09:30,18.64,18.79,18.495005,18.785005,18492368
1292596200,2010-12-17 09:30,18.61,18.795,18.585,18.78,14399336
1292855400,2010-12-20 09:30,18.9,18.93,18.739195,18.839995,10694610
1292941800,2010-12-21 09:30,18.915,19.06,18.910005,19.03,9626242
1293028200,2010-12-22 09:30,19.1,19.1,18.945,19.019995,6326178
1293114600,2010-12-23 09:30,18.92,19.125,18.92,19.07,7744730
1293460200,2010-12-27 09:30,19.055,19.112505,18.94,19.1,4817558
1293546600,2010-12-28 09:30,19.18,19.18,19.085,19.14,6875528
1293633000,2010-12-29 09:30,19.22,19.25,19.17,19.22,5150298
1293719400,2010-12-30 09:30,19.214995,19.295,19.18,19.22,7155070
1293805800,2010-12-31 09:30,19.195,19.269995,19.155,19.205,4849368
1294065000,2011-01-03 09:30,19.410005,19.54,19.335,19.36,12113368
1294151400,2011-01-04 09:30,19.39,19.425005,18.985,19.230005,18978484
1294237800,2011-01-05 09:30,19.129995,19.285005,19.045,19.275,15597742
1294324200,2011-01-06 09:30,19.285005,19.375,19.120005,19.175005,15544844
1294410600,2011-01-07 09:30,19.235,19.29,18.99,19.1575,23128210
1294669800,2011-01-10 09:30,19.085,19.214995,18.86,19.18,20985352
1294756200,2011-01-11 09:30,19.275,19.35,19.21,19.335,13220640
1294842600,2011-01-12 09:30,19.485,19.555,19.415,19.525,13959164
1294929000,2011-01-13 09:30,19.504995,19.54,19.31,19.356245,14599414
1295015400,2011-01-14 09:30,19.32,19.4,19.199995,19.4,15843484
1295361000,2011-01-18 09:30,19.4225,19.525,19.405,19.50625,16477492
1295447400,2011-01-19 09:30,19.54,19.550005,19.0225,19.055,32037024
1295533800,2011-01-20 09:30,18.855005,18.9111,18.6205,18.785005,43715328
1295620200,2011-01-21 09:30,18.89,18.980005,18.714995,18.738745,22906242
1295879400,2011-01-24 09:30,18.805,19.045,18.735,18.94,20995492
1295965800,2011-01-25 09:30,18.875,18.964995,18.739,18.963755,26381562
1296052200,2011-01-26 09:30,19.03,19.4,19.025,19.365,22398578
1296138600,2011-01-27 09:30,19.35,19.375,19.065,19.205,22477390
1296225000,2011-01-28 09:30,19.199995,19.345,18.89,18.905,28584554
1296484200,2011-01-31 09:30,19.03,19.24,18.964995,19.22,19959734
1296570600,2011-02-01 09:30,19.4,19.775,19.365,19.735,32078000
1296657000,2011-02-02 09:30,19.724955,19.800005,19.605005,19.7025,12361750
1296743400,2011-02-03 09:30,19.71,19.8225,19.480005,19.785005,21654468
1296829800,2011-02-04 09:30,19.839995,19.865,19.6225,19.7875,16213782
1297089000,2011-02-07 09:30,19.85,20.0336,19.8478,19.893755,18363782
1297175400,2011-02-08 09:30,19.985,19.995005,19.824995,19.957495,15420218
1297261800,2011-02-09 09:30,19.910005,19.935,19.65,19.78,19337586
1297348200,2011-02-10 09:30,19.585,19.945,19.585,19.815,18023626
1297434600,2011-02-11 09:30,19.76,20,19.699995,19.925005,20157648
1297693800,2011-02-14 09:30,19.975,20.17,19.935,20.14,17148540
1297780200,2011-02-15 09:30,20.15,20.155,19.875,19.910005,14403000
1297866600,2011-02-16 09:30,20.025,20.22,20.01,20.167505,19586516
1297953000,2011-02-17 09:30,20.129995,20.36,20.065,20.35,16506546
1298039400,2011-02-18 09:30,20.379995,20.415,20.050005,20.125,14668540
1298385000,2011-02-22 09:30,19.865,20,19.445,19.480005,37060032
1298471400,2011-02-23 09:30,19.42,19.56,19.015,19.335,37641344
1298557800,2011-02-24 09:30,19.324995,19.504995,18.97,19.235,28467110
1298644200,2011-02-25 09:30,19.405,19.545,19.379995,19.519995,16714226
1298903400,2011-02-28 09:30,19.595,19.730005,19.504995,19.730005,15916110
1298989800,2011-03-01 09:30,19.775,19.82,19.235,19.245005,36185056
1299076200,2011-03-02 09:30,19.22,19.43905,19.19,19.315,22439790
1299162600,2011-03-03 09:30,19.54,19.705,19.504995,19.705,17433718
1299249000,2011-03-04 09:30,19.725,19.730005,19.375,19.525,23127656
1299508200,2011-03-07 09:30,19.675005,19.72,19.095,19.19,36635456
1299594600,2011-03-08 09:30,19.235,19.4775,19.035005,19.410005,20978766
1299681000,2011-03-09 09:30,19.315,19.3152,19,19.095,35342336
1299767400,2011-03-10 09:30,18.82,18.914705,18.589995,18.6775,62074080
1299853800,2011-03-11 09:30,18.605005,19.015,18.53,18.955,29390312
1300109400,2011-03-14 09:30,18.879995,19.050005,18.69,18.885,35232864
1300195800,2011-03-15 09:30,18.300005,18.980005,18.22,18.885,45778720
1300282200,2011-03-16 09:30,18.865,18.915,18.28,18.504995,46831616
1300368600,2011-03-17 09:30,18.870005,19.004995,18.722505,18.835,44882208
1300455000,2011-03-18 09:30,19.045,19.095,18.82,18.865,29858118
1300714200,2011-03-21 09:30,19.155,19.230005,19.03,19.192495,16935836
1300800600,2011-03-22 09:30,19.175005,19.230005,19.035005,19.1475,15176468
1300887000,2011-03-23 09:30,19.155,19.4795,19.04,19.425005,26330344
1300973400,2011-03-24 09:30,19.56,19.589995,19.315,19.51,23115016
1301059800,2011-03-25 09:30,19.605005,19.7725,19.525,19.615,21099804
1301319000,2011-03-28 09:30,19.61,19.76,19.504995,19.525,23836656
1301405400,2011-03-29 09:30,19.53,19.730005,19.393305,19.730005,19452976
1301491800,2011-03-30 09:30,19.93,19.9775,19.665,19.935,30185898
1301578200,2011-03-31 09:30,19.915,20.1145,19.9,20.01,21055718
1301664600,2011-04-01 09:30,20.125,20.185,20,20.085,18539368
1301923800,2011-04-04 09:30,20.185,20.28,20.1547,20.214995,14029376
1302010200,2011-04-05 09:30,20.199995,20.535005,20.120005,20.455,18773234
1302096600,2011-04-06 09:30,20.620005,20.64,20.225,20.285005,30214828
1302183000,2011-04-07 09:30,20.345,20.475,20.15,20.245005,26157688
1302269400,2011-04-08 09:30,20.4,20.46,20.015,20.1,17304844
1302528600,2011-04-11 09:30,20.155,20.2475,19.785005,19.875,20759640
1302615000,2011-04-12 09:30,19.650045,19.76,19.53,19.605005,26735172
1302701400,2011-04-13 09:30,19.745005,19.765,19.3375,19.49,32186876
1302787800,2011-04-14 09:30,19.36,19.615,19.36,19.550005,31582968
1302874200,2011-04-15 09:30,19.64,19.714995,19.49,19.68,22685804
1303133400,2011-04-18 09:30,19.449995,19.504995,19.22,19.405,22500376
1303219800,2011-04-19 09:30,19.485,19.769995,19.464995,19.75,32271046
1303306200,2011-04-20 09:30,20.085,20.15,19.945,20.01,26483562
1303392600,2011-04-21 09:30,20.120005,20.225,20.055,20.225,15353774
1303738200,2011-04-25 09:30,20.17,20.245005,19.975,20.07,12113438
1303824600,2011-04-26 09:30,20.155,20.370005,20.07,20.295,17444070
1303911000,2011-04-27 09:30,20.324995,20.36,19.945,20.36,26245226
1303997400,2011-04-28 09:30,20.335,20.51,20.26,20.355005,27605710
1304083800,2011-04-29 09:30,20.445,20.5,20.295,20.435,26800078
1304343000,2011-05-02 09:30,20.51,20.582495,20.2475,20.29,20484852
1304429400,2011-05-03 09:30,20.275,20.300005,19.942495,20.105005,30497688
1304515800,2011-05-04 09:30,20.085,20.11,19.615,19.75,42698560
1304602200,2011-05-05 09:30,19.61,19.875,19.415,19.515,49824320
1304688600,2011-05-06 09:30,19.865,19.96,19.56,19.675005,39236128
1304947800,2011-05-09 09:30,19.714995,20.02005,19.695,19.96,26753290
1305034200,2011-05-10 09:30,20.04,20.17,19.910005,20.129995,24389680
1305120600,2011-05-11 09:30,20.074995,20.089995,19.5105,19.595,36173120
1305207000,2011-05-12 09:30,19.535005,19.695,19.335,19.574995,36137120
1305293400,2011-05-13 09:30,19.65,19.685,19.265505,19.324995,39321088
1305552600,2011-05-16 09:30,19.254995,19.625,19.19,19.254995,39154016
1305639000,2011-05-17 09:30,19.144995,19.230005,18.915,19.03,46674944
1305725400,2011-05-18 09:30,19.120005,19.475,19.019995,19.455,35218368
1305811800,2011-05-19 09:30,19.475,19.655,19.365,19.449995,25635718
1305898200,2011-05-20 09:30,19.4,19.455,19.105005,19.254995,35581888
1306157400,2011-05-23 09:30,18.945,19.120005,18.865,19.055,26574468
1306243800,2011-05-24 09:30,19.19,19.375,19.045,19.15,33186368
1306330200,2011-05-25 09:30,19.115,19.53,19.074995,19.42,32169938
1306416600,2011-05-26 09:30,19.365,19.53,19.258245,19.464995,20341532
1306503000,2011-05-27 09:30,19.620005,19.754995,19.574995,19.675005,21204258
1306848600,2011-05-31 09:30,19.855005,19.935,19.58,19.875,32117304
1306935000,2011-06-01 09:30,19.785005,19.82,19.230005,19.254995,35498976
1307021400,2011-06-02 09:30,19.29,19.495005,19.055,19.285005,40104352
1307107800,2011-06-03 09:30,18.980005,19.175005,18.94,19.04,32957828
1307367000,2011-06-06 09:30,19.04,19.165,18.815,18.85,28586062
1307453400,2011-06-07 09:30,18.99,19.115,18.865,18.92,23036156
1307539800,2011-06-08 09:30,18.865,18.875,18.665,18.725,34934336
1307626200,2011-06-09 09:30,18.81,19.14,18.775,19.035005,35140704
1307712600,2011-06-10 09:30,18.92,19.050005,18.75,18.795,30926250
1307971800,2011-06-13 09:30,18.870005,18.942495,18.550005,18.685,26703860
1308058200,2011-06-14 09:30,18.935,19.1275,18.855005,19.045,37155520
1308144600,2011-06-15 09:30,18.85,18.96,18.525,18.605005,47199360
1308231000,2011-06-16 09:30,18.589995,18.675005,18.185,18.4225,52688416
1308317400,2011-06-17 09:30,18.495005,18.545,18.24,18.32,38706720
1308576600,2011-06-20 09:30,18.22,18.550005,18.22,18.475,31123188
1308663000,2011-06-21 09:30,18.620005,18.980005,18.620005,18.949995,29506054
1308749400,2011-06-22 09:30,18.85,19.089995,18.83,18.8725,26887508
1308835800,2011-06-23 09:30,18.555,18.879995,18.370005,18.855005,35532096
1308922200,2011-06-24 09:30,18.935,18.980105,18.667505,18.735,25526882
1309181400,2011-06-27 09:30,18.64,18.845045,18.5,18.775,20235062
1309267800,2011-06-28 09:30,18.885,19.14,18.81,19.14,20732476
1309354200,2011-06-29 09:30,19.269995,19.525,19.199995,19.445,28885516
1309440600,2011-06-30 09:30,19.480005,19.76,19.41495,19.685,24759148
1309527000,2011-07-01 09:30,19.69,19.894995,19.55435,19.865,26882774
1309872600,2011-07-05 09:30,19.85,19.954,19.777495,19.89,21080930
1309959000,2011-07-06 09:30,19.82,20.045,19.75,19.97,29283860
1310045400,2011-07-07 09:30,20.199995,20.36,20.125,20.2675,23141054
1310131800,2011-07-08 09:30,19.96,20.129995,19.9,20.115,22743156
1310391000,2011-07-11 09:30,19.82,19.910005,19.6,19.71,23123626
1310477400,2011-07-12 09:30,19.57,19.83,19.57,19.629995,17070054
1310563800,2011-07-13 09:30,19.76,20.01,19.72,19.800005,20590860
1310650200,2011-07-14 09:30,19.845,19.961745,19.56,19.61,21614626
1310736600,2011-07-15 09:30,19.705,19.81,19.612505,19.785005,26862688
1310995800,2011-07-18 09:30,19.735,19.800005,19.460505,19.550005,32280398
1311082200,2011-07-19 09:30,19.71,19.86,19.707495,19.845,19083008
1311168600,2011-07-20 09:30,19.894995,19.9,19.74,19.83,13646742
1311255000,2011-07-21 09:30,19.93,20.1,19.835,20.07,19497898
1311341400,2011-07-22 09:30,20.06,20.065,19.910005,19.975,14452664
1311600600,2011-07-25 09:30,19.775,20.06,19.74,19.925005,11050398
1311687000,2011-07-26 09:30,19.92,19.925005,19.675005,19.71,14344078
1311773400,2011-07-27 09:30,19.644995,19.725,19.230005,19.26,31928304
1311859800,2011-07-28 09:30,19.32,19.519995,19.195,19.22,20092110
1311946200,2011-07-29 09:30,18.935,19.2025,18.815,19.004995,26652938
1312205400,2011-08-01 09:30,19.355005,19.370005,18.76,18.94,29084960
1312291800,2011-08-02 09:30,18.79,18.99,18.355005,18.355005,41598112
1312378200,2011-08-03 09:30,18.379995,18.50445,17.975,18.449995,38961568
1312464600,2011-08-04 09:30,18.15,18.17,17.199995,17.199995,78015616
1312551000,2011-08-05 09:30,17.480005,17.64,16.68,17.160005,66009856
1312810200,2011-08-08 09:30,16.665,16.894995,15.81,15.905,75544704
1312896600,2011-08-09 09:30,16.160005,16.894995,15.805,16.885,62941824
1312983000,2011-08-10 09:30,16.51,16.945,16.254995,16.305,65754528
1313069400,2011-08-11 09:30,16.495005,17.339995,16.405,17.11,55098560
1313155800,2011-08-12 09:30,17.214995,17.4,17.08,17.22,29769266
1313415000,2011-08-15 09:30,17.324995,17.5,17.2175,17.495005,55693440
1313501400,2011-08-16 09:30,17.345,17.449995,17.070295,17.214995,32715860
1313587800,2011-08-17 09:30,17.315,17.550005,17.185,17.265,27525054
1313674200,2011-08-18 09:30,16.815,16.824995,16.115,16.26,53075296
1313760600,2011-08-19 09:30,16.04,16.550005,15.99,16,38924736
1314019800,2011-08-22 09:30,16.445,16.455,15.945,16,24816040
1314106200,2011-08-23 09:30,16.125,16.57,16.01,16.565,31366790
1314192600,2011-08-24 09:30,16.504995,16.805,16.410005,16.800005,19027218
1314279000,2011-08-25 09:30,16.815,16.945,16.53,16.615,22711774
1314365400,2011-08-26 09:30,16.495005,17.004995,16.185,16.964995,29035602
1314624600,2011-08-29 09:30,17.155,17.49,17.11,17.4775,25578672
1314711000,2011-08-30 09:30,17.405,17.735,17.355005,17.625,26398118
1314797400,2011-08-31 09:30,17.769995,17.958505,17.515,17.67,24743578
1314883800,2011-09-01 09:30,17.655,17.855005,17.415,17.43,25240790
1314970200,2011-09-02 09:30,17.050005,17.195,16.915,16.985,26353054
1315315800,2011-09-06 09:30,16.504995,16.925005,16.480005,16.894995,27213008
1315402200,2011-09-07 09:30,17.18,17.379995,17.085,17.379995,25526140
1315488600,2011-09-08 09:30,17.26,17.425005,17.08,17.15,23190578
1315575000,2011-09-09 09:30,16.945,16.945,16.487505,16.585,37835040
1315834200,2011-09-12 09:30,16.394995,16.660005,16.1305,16.472505,27529140
1315920600,2011-09-13 09:30,16.519995,16.81,16.3805,16.745005,27030414
1316007000,2011-09-14 09:30,16.800005,17.21,16.5225,17.004995,36008000
1316093400,2011-09-15 09:30,17.230005,17.315,17.015,17.295,25961750
1316179800,2011-09-16 09:30,17.26,17.4,17.089995,17.26,24813258
1316439000,2011-09-19 09:30,16.9,17.08,16.705,17.004995,22193516
1316525400,2011-09-20 09:30,17.03,17.19,16.795,16.805,28351398
1316611800,2011-09-21 09:30,16.76,16.78,16.019995,16.045,54034336
1316698200,2011-09-22 09:30,15.464995,15.480005,14.915,15.144995,61758688
1316784600,2011-09-23 09:30,15.055,15.345,14.975,15.120005,47446368
1317043800,2011-09-26 09:30,15.26,15.605005,14.905,15.605005,37981088
1317130200,2011-09-27 09:30,16.120005,16.285005,15.82,15.93,40351008
1317216600,2011-09-28 09:30,16.004995,16.004995,15.199995,15.2255,44935104
1317303000,2011-09-29 09:30,15.565,15.585,14.949995,15.24,40137632
1317389400,2011-09-30 09:30,14.995005,15.095,14.660005,14.6775,36236672
1317648600,2011-10-03 09:30,14.515,14.925005,14.265,14.265,38647136
1317735000,2011-10-04 09:30,14.055,14.835,13.885,14.82,50183488
1317821400,2011-10-05 09:30,14.85,15.46,14.74,15.410005,42067520
1317907800,2011-10-06 09:30,15.455,15.82505,15.3525,15.800005,41753344
1317994200,2011-10-07 09:30,15.925005,15.935,15.36,15.56,35341280
1318253400,2011-10-10 09:30,15.835,16.214995,15.83,16.214995,21397094
1318339800,2011-10-11 09:30,16.019995,16.365,15.987505,16.235,20205602
1318426200,2011-10-12 09:30,16.35,16.605005,16.285005,16.394995,24896046
1318512600,2011-10-13 09:30,16.24,16.3675,16,16.31,18489226
1318599000,2011-10-14 09:30,16.595,16.74,16.43,16.74,18897828
1318858200,2011-10-17 09:30,16.655,16.665,16.160005,16.17,19232164
1318944600,2011-10-18 09:30,16.125,16.67505,15.879995,16.585,34612736
1319031000,2011-10-19 09:30,16.555,16.555,16.035005,16.105005,22415804
1319117400,2011-10-20 09:30,16.089995,16.33,15.92,16.254995,30128226
1319203800,2011-10-21 09:30,16.485,16.685,16.44005,16.685,25566460
1319463000,2011-10-24 09:30,16.855005,17.089995,16.78,17.085,19921578
1319549400,2011-10-25 09:30,17.01,17.055,16.620005,16.65,26084078
1319635800,2011-10-26 09:30,16.915,17.07,16.525,16.949995,25711946
1319722200,2011-10-27 09:30,17.550005,18.04,17.43,17.870005,41626592
1319808600,2011-10-28 09:30,17.695,18.07,17.655,17.995005,19874102
1320067800,2011-10-31 09:30,17.660005,17.67,17.205,17.225,28058610
1320154200,2011-11-01 09:30,16.550005,17.11,16.4,16.765,46077664
1320240600,2011-11-02 09:30,17.089995,17.29,16.9,17.18,26117016
1320327000,2011-11-03 09:30,17.44,17.550005,17.055,17.53,30003476
1320413400,2011-11-04 09:30,17.375,17.555,17.144995,17.49,20281836
1320676200,2011-11-07 09:30,17.5,17.655,17.289495,17.64,18733282
1320762600,2011-11-08 09:30,17.675005,17.865,17.4925,17.85,30362266
1320849000,2011-11-09 09:30,17.379995,17.475,16.94,16.980005,45993472
1320935400,2011-11-10 09:30,17.245005,17.324995,16.9,17.185,25496602
1321021800,2011-11-11 09:30,17.4,17.644995,17.385,17.585,21089782
1321281000,2011-11-14 09:30,17.42,17.595,17.2864,17.4,19156656
1321367400,2011-11-15 09:30,17.324995,17.555,17.21,17.435,18233360
1321453800,2011-11-16 09:30,17.21,17.375,17.01,17.025,23883140
1321540200,2011-11-17 09:30,17.004995,17.0533,16.425005,16.54,40010944
1321626600,2011-11-18 09:30,16.695,16.82,16.515,16.629995,27961422
1321885800,2011-11-21 09:30,16.285005,16.449995,16.1625,16.339995,31661290
1321972200,2011-11-22 09:30,16.35,16.464995,16.155,16.214995,30049648
1322058600,2011-11-23 09:30,16.035005,16.08,15.769995,15.785005,28925180
1322231400,2011-11-25 09:30,15.72,15.94,15.705,15.705,8886954
1322490600,2011-11-28 09:30,16.305,16.410005,16.15,16.295,24770398
1322577000,2011-11-29 09:30,16.36,16.475,16.24,16.324995,23199242
1322663400,2011-11-30 09:30,16.955,17.275,16.93,17.26,40087168
1322749800,2011-12-01 09:30,17.17,17.4,17.055,17.15,24471820
1322836200,2011-12-02 09:30,17.339995,17.379995,16.985,17,20995930
1323095400,2011-12-05 09:30,17.269995,17.385,17.070055,17.199995,21636976
1323181800,2011-12-06 09:30,17.17,17.504995,17.112505,17.36,21470390
1323268200,2011-12-07 09:30,17.225,17.435,17.144995,17.375,23837696
1323354600,2011-12-08 09:30,17.214995,17.245005,16.79,16.835,27528876
1323441000,2011-12-09 09:30,16.695,17.14,16.65,17.050005,27346804
1323700200,2011-12-12 09:30,16.75,16.775,16.519995,16.644995,34151008
1323786600,2011-12-13 09:30,16.785005,16.949995,16.265,16.365,33691168
1323873000,2011-12-14 09:30,16.28,16.415,16.11,16.165,38940608
1323959400,2011-12-15 09:30,16.410005,16.445,16.160005,16.275,22521352
1324045800,2011-12-16 09:30,16.355005,16.485,16.160005,16.265,32362312
1324305000,2011-12-19 09:30,16.315,16.385,15.93,15.975,25961250
1324391400,2011-12-20 09:30,16.32,16.6325,16.254995,16.605005,32500680
1324477800,2011-12-21 09:30,16.57,16.68,16.42495,16.629995,19222554
1324564200,2011-12-22 09:30,16.685,16.8375,16.625,16.792505,15224524
1324650600,2011-12-23 09:30,16.82,16.955,16.785005,16.955,10832540
1324996200,2011-12-27 09:30,16.879995,17.015,16.879995,16.949995,5846932
1325082600,2011-12-28 09:30,16.945,16.96,16.54,16.545,12608516
1325169000,2011-12-29 09:30,16.54,16.769995,16.519995,16.76,8553460
1325255400,2011-12-30 09:30,16.72,16.835,16.72,16.75,7210182
1325601000,2012-01-03 09:30,17.120005,17.295,17.115,17.214995,22427438
1325687400,2012-01-04 09:30,17.195,17.375,17.125,17.36,17546922
1325773800,2012-01-05 09:30,17.21,17.475,17.160005,17.410005,15567382
1325860200,2012-01-06 09:30,17.35,17.445,17.275,17.385,14437312
1326119400,2012-01-09 09:30,17.410005,17.485,17.339995,17.42,18409188
1326205800,2012-01-10 09:30,17.69,17.82,17.67,17.745005,19925024
1326292200,2012-01-11 09:30,17.69,17.945,17.660005,17.917505,14130516
1326378600,2012-01-12 09:30,18.015,18.175005,17.875,18.17,22307180
1326465000,2012-01-13 09:30,18,18.074995,17.839995,18.050005,16838766
1326810600,2012-01-17 09:30,18.269995,18.319,18.08,18.15,23761140
1326897000,2012-01-18 09:30,18.15,18.355005,18.065,18.355005,15646492
1326983400,2012-01-19 09:30,18.379995,18.385,18.230005,18.370005,16385102
1327069800,2012-01-20 09:30,18.305,18.39,18.230005,18.29,11145156
1327329000,2012-01-23 09:30,18.32,18.415,18.230005,18.28,13986540
1327415400,2012-01-24 09:30,18.11,18.295,18.050005,18.28,13192766
1327501800,2012-01-25 09:30,18.17,18.625,18.08,18.57,16779468
1327588200,2012-01-26 09:30,18.69,18.865,18.46,18.565,17239454
1327674600,2012-01-27 09:30,18.525,18.65,18.425005,18.589995,12300844
1327933800,2012-01-30 09:30,18.31,18.64,18.269995,18.57,18451282
1328020200,2012-01-31 09:30,18.72,18.765,18.410005,18.589995,22727500
1328106600,2012-02-01 09:30,18.74,18.894995,18.730005,18.775,30380328
1328193000,2012-02-02 09:30,18.824995,18.885,18.675005,18.685,15186234
1328279400,2012-02-03 09:30,18.93,18.985,18.8095,18.94,19757554
1328538600,2012-02-06 09:30,18.800005,18.86,18.75,18.835,11370296
1328625000,2012-02-07 09:30,18.824995,18.905,18.65,18.815,23581040
1328711400,2012-02-08 09:30,18.85,18.94,18.71,18.835,12089640
1328797800,2012-02-09 09:30,18.9,18.925005,18.71,18.855005,15299368
1328884200,2012-02-10 09:30,18.595,18.605005,18.42,18.525,22533078
1329143400,2012-02-13 09:30,18.655,18.705,18.540495,18.574995,12850290
1329229800,2012-02-14 09:30,18.515,18.519995,18.199995,18.335,22075500
1329316200,2012-02-15 09:30,18.44,18.480005,18.300005,18.35,22110930
1329402600,2012-02-16 09:30,18.365,18.695,18.28,18.675005,20443844
1329489000,2012-02-17 09:30,18.72,18.7545,18.615,18.685,14894804
1329834600,2012-02-21 09:30,18.805,18.93,18.71,18.795,16203460
1329921000,2012-02-22 09:30,18.79,18.855005,18.67,18.765,11423960
1330007400,2012-02-23 09:30,18.769995,18.82,18.64,18.785005,9833594
1330093800,2012-02-24 09:30,18.839995,18.889505,18.735,18.775,8853086
1330353000,2012-02-27 09:30,18.67,18.85,18.58,18.78,15543078
1330439400,2012-02-28 09:30,18.785005,18.905,18.754995,18.839995,17825960
1330525800,2012-02-29 09:30,18.855005,18.905,18.449995,18.485,36795872
1330612200,2012-03-01 09:30,18.595,18.76,18.57,18.69,23217156
1330698600,2012-03-02 09:30,18.629995,18.79,18.535005,18.644995,17911984
1330957800,2012-03-05 09:30,18.57,18.574995,18.24,18.345,22498046
1331044200,2012-03-06 09:30,18.065,18.065,17.9,17.97,29573188
1331130600,2012-03-07 09:30,18.065,18.085,17.905,18.015,28666828
1331217000,2012-03-08 09:30,18.230005,18.35,18.120005,18.315,16481164
1331303400,2012-03-09 09:30,18.365,18.495005,18.26,18.32,14640258
1331559000,2012-03-12 09:30,18.315,18.4135,18.19,18.22,11159914
1331645400,2012-03-13 09:30,18.33,18.54,18.295,18.519995,20667782
1331731800,2012-03-14 09:30,18.519995,18.545,18.375,18.4485,16214390
1331818200,2012-03-15 09:30,18.475,18.585,18.42,18.585,14110828
1331904600,2012-03-16 09:30,18.550005,18.655,18.53,18.550005,23286140
1332163800,2012-03-19 09:30,18.550005,18.769995,18.54,18.665,15411984
1332250200,2012-03-20 09:30,18.4951,18.58375,18.385,18.56,14357876
1332336600,2012-03-21 09:30,18.585,18.635,18.472505,18.56,12127836
1332423000,2012-03-22 09:30,18.35,18.394995,18.160005,18.26,24702540
1332509400,2012-03-23 09:30,18.324995,18.495005,18.160005,18.455,18311218
1332768600,2012-03-26 09:30,18.625,18.695,18.535005,18.695,11456922
1332855000,2012-03-27 09:30,18.75,18.824995,18.655,18.655,9251898
1332941400,2012-03-28 09:30,18.620005,18.65,18.25,18.394995,23142594
1333027800,2012-03-29 09:30,18.230005,18.435,18.165,18.42,21611718
1333114200,2012-03-30 09:30,18.574995,18.585,18.370005,18.485,14499118
1333373400,2012-04-02 09:30,18.46,18.815,18.445,18.745005,36440288
1333459800,2012-04-03 09:30,18.69625,18.72,18.460505,18.605005,18684586
1333546200,2012-04-04 09:30,18.39,18.449995,18.24,18.345,15977750
1333632600,2012-04-05 09:30,18.33,18.54,18.19,18.24,23070390
1333978200,2012-04-09 09:30,18.004995,18.085,17.910005,17.975,20800876
1334064600,2012-04-10 09:30,17.925005,17.97,17.5485,17.605005,34071456
1334151000,2012-04-11 09:30,17.870005,17.9094,17.74,17.795,22649602
1334237400,2012-04-12 09:30,17.839995,18.324995,17.83,18.2825,26485484
1334323800,2012-04-13 09:30,18.21,18.26,18.050005,18.065,21583554
1334583000,2012-04-16 09:30,18.199995,18.24,18,18.120005,26686546
1334669400,2012-04-17 09:30,18.25,18.485,18.205,18.365,16225640
1334755800,2012-04-18 09:30,18.335,18.410005,18.25,18.315,14543196
1334842200,2012-04-19 09:30,18.375,18.42,18.129995,18.25,17504438
1334928600,2012-04-20 09:30,18.36,18.39,18.24,18.24,14918812
1335187800,2012-04-23 09:30,18.019995,18.025,17.78095,18.015,20618672
1335274200,2012-04-24 09:30,18.015,18.08,17.9,18.015,16401054
1335360600,2012-04-25 09:30,18.21,18.410005,18.199995,18.394995,19560578
1335447000,2012-04-26 09:30,18.269995,18.44,18.22,18.375,11820632
1335533400,2012-04-27 09:30,18.464995,18.525,18.365,18.464995,11163718
1335792600,2012-04-30 09:30,18.42,18.435,18.245005,18.335,18136570
1335879000,2012-05-01 09:30,18.335,18.550005,18.275,18.445,16599460
1335965400,2012-05-02 09:30,18.335,18.370005,18.205,18.355005,13232968
1336051800,2012-05-03 09:30,18.335,18.370005,18.089995,18.144995,19123750
1336138200,2012-05-04 09:30,18.015,18.06,17.800005,17.839995,24304368
1336397400,2012-05-07 09:30,17.754995,17.935,17.72,17.855005,22110454
1336483800,2012-05-08 09:30,17.72,17.785005,17.47,17.76995,24092226
1336570200,2012-05-09 09:30,17.480005,17.8225,17.445,17.61,28806250
1336656600,2012-05-10 09:30,17.79,17.824995,17.51,17.555,15880054
1336743000,2012-05-11 09:30,17.42,17.67,17.410005,17.504995,12204882
1337002200,2012-05-14 09:30,17.300005,17.42,17.19,17.262495,25746210
1337088600,2012-05-15 09:30,17.265,17.345,16.975,17.004995,23015054
1337175000,2012-05-16 09:30,17.07,17.2358,16.81,16.82,24198946
1337261400,2012-05-17 09:30,16.894995,16.9,16.449995,16.449995,27461460
1337347800,2012-05-18 09:30,16.54,16.667505,16.324995,16.385,29058078
1337607000,2012-05-21 09:30,16.4,16.894995,16.4,16.865,17148296
1337693400,2012-05-22 09:30,16.910005,17.0475,16.655,16.76,17223312
1337779800,2012-05-23 09:30,16.61,16.99,16.435,16.96,21292500
1337866200,2012-05-24 09:30,17.074995,17.105005,16.8375,17.065,23003040
1337952600,2012-05-25 09:30,17.050005,17.125,16.935,16.995005,13711438
1338298200,2012-05-29 09:30,17.195,17.35,17.120005,17.29,19128320
1338384600,2012-05-30 09:30,17.1,17.17,16.96,16.980005,14651242
1338471000,2012-05-31 09:30,16.955,17.025,16.685,16.910005,19871812
1338557400,2012-06-01 09:30,16.615,16.754995,16.54,16.550005,24651094
1338816600,2012-06-04 09:30,16.589995,16.605005,16.295,16.565,26895446
1338903000,2012-06-05 09:30,16.515,16.745005,16.495005,16.722505,15261258
1338989400,2012-06-06 09:30,16.865,17.144995,16.865,17.144995,16656876
1339075800,2012-06-07 09:30,17.35,17.47,17.115,17.175005,18561922
1339162200,2012-06-08 09:30,17.085,17.300005,16.96,17.29,12725382
1339421400,2012-06-11 09:30,17.435,17.5,16.949995,16.97,19767078
1339507800,2012-06-12 09:30,17.055,17.285005,16.955,17.285005,20855508
1339594200,2012-06-13 09:30,17.185,17.275045,16.97,17.019995,17328790
1339680600,2012-06-14 09:30,17.055,17.185,16.9625,17.160005,16883126
1339767000,2012-06-15 09:30,17.15,17.28,17.089995,17.265,21953352
1340026200,2012-06-18 09:30,17.205,17.4,17.129995,17.355005,13386148
1340112600,2012-06-19 09:30,17.464995,17.765,17.449995,17.685,16423266
1340199000,2012-06-20 09:30,17.644995,17.769995,17.464995,17.585,16677242
1340285400,2012-06-21 09:30,17.58,17.589995,16.99,17.01,19802906
1340371800,2012-06-22 09:30,17.105005,17.165,16.915,17.1,17982876
1340631000,2012-06-25 09:30,16.9,16.99,16.79,16.885,13185086
1340717400,2012-06-26 09:30,16.94,17.035005,16.79,16.9375,10923632
1340803800,2012-06-27 09:30,17.03,17.155,16.96,17.125,18311626
1340890200,2012-06-28 09:30,16.955,17.15,16.865,17.129995,17353946
1340976600,2012-06-29 09:30,17.56,17.644995,17.406,17.644995,25274008
1341235800,2012-07-02 09:30,17.605005,17.644995,17.36,17.555,34247968
1341322200,2012-07-03 09:30,17.625,17.8526,17.6005,17.805,11767328
1341495000,2012-07-05 09:30,17.725,17.885,17.65,17.78,11539734
1341581400,2012-07-06 09:30,17.565,17.605005,17.464995,17.574995,14664368
1341840600,2012-07-09 09:30,17.555,17.585,17.394995,17.464995,28865336
1341927000,2012-07-10 09:30,17.555,17.620005,17.11,17.205,23114140
1342013400,2012-07-11 09:30,17.265,17.265,17.04,17.15,22074204
1342099800,2012-07-12 09:30,16.949995,17.17,16.839995,17.065,24691914
1342186200,2012-07-13 09:30,17.115,17.415,17.115,17.370005,17216774
1342445400,2012-07-16 09:30,17.335,17.3675,17.165,17.305,9459032
1342531800,2012-07-17 09:30,17.405,17.56,17.26,17.525,22981430
1342618200,2012-07-18 09:30,17.43,17.660005,17.415,17.629995,18015210
1342704600,2012-07-19 09:30,17.705,17.86,17.595,17.82,19209360
1342791000,2012-07-20 09:30,17.665,17.76,17.620005,17.71,22186602
1343050200,2012-07-23 09:30,17.385,17.47,17.25,17.43,21265126
1343136600,2012-07-24 09:30,17.435,17.464995,17.050005,17.160005,17419968
1343223000,2012-07-25 09:30,17.29,17.295,17.06,17.160005,19121024
1343309400,2012-07-26 09:30,17.36,17.415,17.115,17.24,18970500
1343395800,2012-07-27 09:30,17.335,17.605005,17.29,17.555,18520984
1343655000,2012-07-30 09:30,17.535005,17.655,17.46,17.54,19071008
1343741400,2012-07-31 09:30,17.47,17.54,17.410005,17.42,10923938
1343827800,2012-08-01 09:30,17.51,17.65,17.42,17.425005,16126304
1343914200,2012-08-02 09:30,17.265,17.4,17.085,17.22,22311992
1344000600,2012-08-03 09:30,17.464995,17.629995,17.449995,17.56,20226188
1344259800,2012-08-06 09:30,17.620005,17.815,17.595,17.72,17345710
1344346200,2012-08-07 09:30,17.79,17.980005,17.79,17.925005,19681524
1344432600,2012-08-08 09:30,17.86,18.019995,17.83505,17.945,9726180
1344519000,2012-08-09 09:30,17.945,18.135,17.915,18.045,10711032
1344605400,2012-08-10 09:30,17.93,18.050005,17.894995,18.03,8358234
1344864600,2012-08-13 09:30,17.985,18.055,17.835,17.93,7057452
1344951000,2012-08-14 09:30,17.985,18.035005,17.79,17.85,13274438
1345037400,2012-08-15 09:30,17.78,17.92,17.769995,17.879995,8503360
1345123800,2012-08-16 09:30,17.93,18.18,17.910005,18.144995,14496782
1345210200,2012-08-17 09:30,18.17,18.205,18.08,18.120005,16835446
1345469400,2012-08-20 09:30,18.095,18.11,17.964995,18.085,8280500
1345555800,2012-08-21 09:30,18.185,18.315,18.04,18.11,10673664
1345642200,2012-08-22 09:30,18.025,18.26,17.94,18.26,17880656
1345728600,2012-08-23 09:30,18.22,18.22,17.942495,17.955,10351618
1345815000,2012-08-24 09:30,17.894995,17.964995,17.824995,17.92,8279562
1346074200,2012-08-27 09:30,17.945,17.97,17.79,17.815,8729946
1346160600,2012-08-28 09:30,17.7797,17.85,17.731245,17.775,7642822
1346247000,2012-08-29 09:30,17.800005,17.870005,17.695,17.815,8450516
1346333400,2012-08-30 09:30,17.754995,17.769995,17.6475,17.655,16120140
1346419800,2012-08-31 09:30,17.81,17.885,17.665,17.824995,14618664
1346765400,2012-09-04 09:30,17.845,17.845,17.545,17.595,13389938
1346851800,2012-09-05 09:30,17.585,17.705,17.535005,17.675005,14138296
1346938200,2012-09-06 09:30,17.800005,18.144995,17.785005,18.1175,17197250
1347024600,2012-09-07 09:30,18.245005,18.49,18.230005,18.475,22890054
1347283800,2012-09-10 09:30,18.415,18.620005,18.415,18.445,15600368
1347370200,2012-09-11 09:30,18.5,18.625,18.44,18.51,13273500
1347456600,2012-09-12 09:30,18.574995,18.6,18.3758,18.485,14826196
1347543000,2012-09-13 09:30,18.480005,19.035005,18.435,18.94,26310586
1347629400,2012-09-14 09:30,19.089995,19.285005,19.07,19.175005,18989774
1347888600,2012-09-17 09:30,19.050005,19.055,18.824995,18.879995,12097438
1347975000,2012-09-18 09:30,18.835,18.8675,18.71,18.83,17400016
1348061400,2012-09-19 09:30,18.915,19.01,18.86,18.935,13202696
1348147800,2012-09-20 09:30,18.754995,18.925005,18.660005,18.905,10375594
1348234200,2012-09-21 09:30,18.955,19,18.675005,18.722505,19132890
1348493400,2012-09-24 09:30,18.56,18.735,18.53,18.667505,9998766
1348579800,2012-09-25 09:30,18.75,18.75,18.36,18.370005,14794656
1348666200,2012-09-26 09:30,18.295,18.379995,18.155,18.28,11496632
1348752600,2012-09-27 09:30,18.44,18.54,18.300005,18.504995,9073960
1348839000,2012-09-28 09:30,18.394995,18.435995,18.300005,18.4,9339304
1349098200,2012-10-01 09:30,18.519995,18.665,18.405,18.46,11267376
1349184600,2012-10-02 09:30,18.495005,18.519995,18.245005,18.36,10950976
1349271000,2012-10-03 09:30,18.335,18.36725,18.19,18.275,16076844
1349357400,2012-10-04 09:30,18.410005,18.574995,18.370005,18.51,11995282
1349443800,2012-10-05 09:30,18.605005,18.76,18.5375,18.6,12348968
1349703000,2012-10-08 09:30,18.475,18.625,18.449995,18.565,7318648
1349789400,2012-10-09 09:30,18.574995,18.6625,18.375,18.39,17186664
1349875800,2012-10-10 09:30,18.36,18.379995,18.144995,18.19,17248554
1349962200,2012-10-11 09:30,18.355005,18.451105,18.265,18.265,13240688
1350048600,2012-10-12 09:30,18.275,18.379995,18.129995,18.185,12196930
1350307800,2012-10-15 09:30,18.195,18.355005,18.129995,18.339995,11264710
1350394200,2012-10-16 09:30,18.415,18.795,18.405,18.78,24575726
1350480600,2012-10-17 09:30,18.845,18.949995,18.76,18.932505,24277508
1350567000,2012-10-18 09:30,18.85,19.025,18.81,18.94,13783532
1350653400,2012-10-19 09:30,18.85,18.85,18.485,18.545,18354860
1350912600,2012-10-22 09:30,18.5,18.660005,18.4,18.629995,17946164
1350999000,2012-10-23 09:30,18.185,18.235,17.945,18.06875,30907500
1351085400,2012-10-24 09:30,18.214995,18.24,18.025,18.06,20232554
1351171800,2012-10-25 09:30,18.19,18.199995,17.9,18.019995,15850774
1351258200,2012-10-26 09:30,17.985,18.1,17.89,18.055,17973774
1351690200,2012-10-31 09:30,18.04,18.17,17.85,18.0151,28240532
1351776600,2012-11-01 09:30,18.055,18.379995,18.019995,18.365,12119664
1351863000,2012-11-02 09:30,18.495005,18.5,18.0225,18.035005,13352118
1352125800,2012-11-05 09:30,17.985,18.199995,17.964995,18.160005,10595774
1352212200,2012-11-06 09:30,18.245005,18.46,18.175005,18.35,11293446
1352298600,2012-11-07 09:30,18.135,18.195,17.879995,18.06,19381204
1352385000,2012-11-08 09:30,18.095,18.120005,17.769995,17.815,13864710
1352471400,2012-11-09 09:30,17.735,18.019995,17.72,17.78,17836008
1352730600,2012-11-12 09:30,17.865,17.894995,17.754995,17.78,9278438
1352817000,2012-11-13 09:30,17.68,17.915,17.625,17.75,11490516
1352903400,2012-11-14 09:30,17.75,17.795,17.415,17.4475,20690860
1352989800,2012-11-15 09:30,17.449995,17.5325,17.2575,17.39,16355524
1353076200,2012-11-16 09:30,17.449995,17.495005,17.22,17.43,17520070
1353335400,2012-11-19 09:30,17.75,17.945,17.685,17.9225,35596544
1353421800,2012-11-20 09:30,17.865,18.0375,17.815,17.94,13506898
1353508200,2012-11-21 09:30,17.92,17.99,17.875,17.97,9457626
1353681000,2012-11-23 09:30,18.07,18.21,18.025,18.199995,6250430
1353940200,2012-11-26 09:30,18.155,18.214995,18.04,18.214995,11571282
1354026600,2012-11-27 09:30,18.205,18.295,18.129995,18.1325,10179188
1354113000,2012-11-28 09:30,17.97,18.22,17.865,18.21,17816032
1354199400,2012-11-29 09:30,18.285005,18.394995,18.2455,18.335,12355328
1354285800,2012-11-30 09:30,18.31,18.405,18.295,18.35,11346726
1354545000,2012-12-03 09:30,18.405,18.464995,17.985,18.01,37776096
1354631400,2012-12-04 09:30,18.04,18.195,17.980005,18.042505,15628946
1354717800,2012-12-05 09:30,17.815,17.97,17.72,17.83,25851180
1354804200,2012-12-06 09:30,17.865,17.89,17.730005,17.875,9274946
1354890600,2012-12-07 09:30,17.975,18.03,17.910005,18.025,12329930
1355149800,2012-12-10 09:30,18.025,18.18,18,18.14,13683156
1355236200,2012-12-11 09:30,18.199995,18.33,18.185,18.285005,11097930
1355322600,2012-12-12 09:30,18.375,18.405,18.19,18.24,23637758
1355409000,2012-12-13 09:30,18.22,18.345,18.1,18.19,12723422
1355495400,2012-12-14 09:30,18.185,18.405,18.175005,18.324995,12194422
1355754600,2012-12-17 09:30,18.39,18.515,18.3505,18.51,13023390
1355841000,2012-12-18 09:30,18.54,18.75,18.495005,18.730005,16686860
1355927400,2012-12-19 09:30,18.76,18.78,18.644995,18.65,14353688
1356013800,2012-12-20 09:30,18.635,18.839995,18.58,18.83,10974774
1356100200,2012-12-21 09:30,18.370005,18.567495,18.35,18.5,19480640
1356359400,2012-12-24 09:30,18.56,18.65,18.42,18.595,19278844
1356532200,2012-12-26 09:30,18.675005,18.7875,18.655,18.71,20367164
1356618600,2012-12-27 09:30,18.754995,18.769995,18.410005,18.644995,17532336
1356705000,2012-12-28 09:30,18.519995,18.595,18.375,18.410005,13281570
1356964200,2012-12-31 09:30,18.379995,18.795,18.355005,18.769995,28666844
1357137000,2013-01-02 09:30,19.205,19.300005,19.095,19.24,25337930
1357223400,2013-01-03 09:30,19.22,19.295,19.04,19.1,15286742
1357309800,2013-01-04 09:30,19.155,19.36,19.14,19.335,11508688
1357569000,2013-01-07 09:30,19.245005,19.315,19.18,19.295,10614368
1357655400,2013-01-08 09:30,19.35,19.370005,19.18,19.324995,12000562
1357741800,2013-01-09 09:30,19.379995,19.47,19.35,19.449995,14343430
1357828200,2013-01-10 09:30,19.56,19.589995,19.355005,19.535005,14768016
1357914600,2013-01-11 09:30,19.53,19.53,19.375,19.504995,9721898
1358173800,2013-01-14 09:30,19.54,19.574995,19.475,19.51,14479422
1358260200,2013-01-15 09:30,19.42,19.555,19.415,19.53,18528718
1358346600,2013-01-16 09:30,19.410005,19.53,19.36,19.39,14970118
1358433000,2013-01-17 09:30,19.550005,19.6149,19.49,19.54,13419204
1358519400,2013-01-18 09:30,19.504995,19.675005,19.504995,19.67,17216586
1358865000,2013-01-22 09:30,19.67,19.875,19.67,19.86,16223726
1358951400,2013-01-23 09:30,19.81,19.824995,19.685,19.75,14509046
1359037800,2013-01-24 09:30,19.75,19.92,19.735,19.81,23181516
1359124200,2013-01-25 09:30,19.92,19.935,19.75,19.879995,14509422
1359383400,2013-01-28 09:30,19.879995,19.894995,19.625,19.69,24875102
1359469800,2013-01-29 09:30,19.685,19.83,19.67,19.800005,15957594
1359556200,2013-01-30 09:30,19.79,19.885,19.655,19.69,12627680
1359642600,2013-01-31 09:30,19.515,19.660005,19.475,19.51,13928476
1359729000,2013-02-01 09:30,19.615,19.777495,19.57,19.75,13208876
1359988200,2013-02-04 09:30,19.615,19.675005,19.545,19.56,10721828
1360074600,2013-02-05 09:30,19.64,19.7525,19.63005,19.660005,9513094
1360161000,2013-02-06 09:30,19.620005,19.699995,19.589995,19.68,12951438
1360247400,2013-02-07 09:30,19.660005,19.69,19.43,19.574995,15772540
1360333800,2013-02-08 09:30,19.625,19.705,19.58,19.69,11450890
1360593000,2013-02-11 09:30,19.71,19.71,19.595,19.665,7181582
1360679400,2013-02-12 09:30,19.615,19.705,19.574995,19.675005,14062484
1360765800,2013-02-13 09:30,19.74,19.800005,19.68,19.745005,12298296
1360852200,2013-02-14 09:30,19.69,19.714995,19.615,19.68,13490960
1360938600,2013-02-15 09:30,19.725,19.7475,19.595,19.675005,26724204
1361284200,2013-02-19 09:30,19.665,19.74,19.58,19.589995,12003610
1361370600,2013-02-20 09:30,19.550005,19.560205,19.035005,19.04,23075586
1361457000,2013-02-21 09:30,18.99,19.004995,18.75,18.865,27031352
1361543400,2013-02-22 09:30,18.96,19.115,18.93,19.115,14469258
1361802600,2013-02-25 09:30,19.21,19.22,18.675005,18.675005,26640352
1361889000,2013-02-26 09:30,18.83,18.910005,18.695,18.875,24047070
1361975400,2013-02-27 09:30,18.824995,19.28,18.82,19.21,25826398
1362061800,2013-02-28 09:30,19.199995,19.355005,19.175005,19.245005,19415110
1362148200,2013-03-01 09:30,19.120005,19.3225,19.0025,19.254995,21107532
1362407400,2013-03-04 09:30,19.175005,19.285005,19.1,19.28,18059648
1362493800,2013-03-05 09:30,19.43,19.555,19.365,19.410005,17910782
1362580200,2013-03-06 09:30,19.535005,19.64,19.5,19.58,16516938
1362666600,2013-03-07 09:30,19.625,19.68505,19.6025,19.635,8929570
1362753000,2013-03-08 09:30,19.71,19.824995,19.6775,19.795,11842460
1363008600,2013-03-11 09:30,19.76,19.925005,19.71,19.905,16000820
1363095000,2013-03-12 09:30,19.910005,20.019545,19.859945,19.92,11976282
1363181400,2013-03-13 09:30,19.9,19.935,19.82,19.870005,11204094
1363267800,2013-03-14 09:30,19.93,20.01,19.885,19.99,12384914
1363354200,2013-03-15 09:30,19.855005,19.980005,19.855005,19.925005,16119172
1363613400,2013-03-18 09:30,19.730005,19.85,19.685,19.785005,10095946
1363699800,2013-03-19 09:30,19.82,19.82,19.525,19.699995,15217468
1363786200,2013-03-20 09:30,19.81,19.8825,19.769995,19.85,8694484
1363872600,2013-03-21 09:30,19.67,19.725,19.51,19.51,13185438
1363959000,2013-03-22 09:30,19.555,19.615,19.475,19.535005,9632492
1364218200,2013-03-25 09:30,19.58,19.605005,19.29,19.385,12186382
1364304600,2013-03-26 09:30,19.44,19.535005,19.4125,19.519995,10985054
1364391000,2013-03-27 09:30,19.405,19.53,19.315,19.515,8253164
1364477400,2013-03-28 09:30,19.480005,19.64,19.480005,19.589995,15021078
1364823000,2013-04-01 09:30,19.574995,19.61,19.375,19.42,12671274
1364909400,2013-04-02 09:30,19.455,19.495005,19.19,19.230005,19017032
1364995800,2013-04-03 09:30,19.230005,19.32,18.980005,19.07,29741406
1365082200,2013-04-04 09:30,19.1,19.32,19.095,19.235,18316250
1365168600,2013-04-05 09:30,18.975,19.1686,18.975,19.155,15292602
1365427800,2013-04-08 09:30,19.199995,19.225,19.065,19.214995,8234742
1365514200,2013-04-09 09:30,19.245005,19.51,19.245005,19.44,18229758
1365600600,2013-04-10 09:30,19.495005,19.585,19.42,19.574995,12412828
1365687000,2013-04-11 09:30,19.555,19.750505,19.542505,19.660005,14884890
1365773400,2013-04-12 09:30,19.545,19.615,19.28,19.370005,24984328
1366032600,2013-04-15 09:30,19.175005,19.22,18.629995,18.655,41257088
1366119000,2013-04-16 09:30,18.815,19.004995,18.815,18.995005,19213376
1366205400,2013-04-17 09:30,18.824995,18.865,18.615,18.714995,19687570
1366291800,2013-04-18 09:30,18.785005,18.835,18.550005,18.660005,34676032
1366378200,2013-04-19 09:30,18.769995,18.885,18.725,18.879995,21524868
1366637400,2013-04-22 09:30,18.975,19.129995,18.78,19.06,14351172
1366723800,2013-04-23 09:30,19.11,19.25,19.03,19.225,18191172
1366810200,2013-04-24 09:30,19.300005,19.555,19.275,19.515,14130226
1366896600,2013-04-25 09:30,19.685,19.885,19.625,19.730005,12717860
1366983000,2013-04-26 09:30,19.714995,19.714995,19.379995,19.449995,15537796
1367242200,2013-04-29 09:30,19.504995,19.765,19.44,19.745005,13888312
1367328600,2013-04-30 09:30,19.71,19.785005,19.565,19.775,21361922
1367415000,2013-05-01 09:30,19.67,19.714995,19.410005,19.425005,20681570
1367501400,2013-05-02 09:30,19.519995,19.61,19.335,19.565,12346946
1367587800,2013-05-03 09:30,19.845,20.0025,19.765,19.910005,11660710
1367847000,2013-05-06 09:30,19.964995,19.9925,19.865,19.964995,9312398
1367933400,2013-05-07 09:30,20.019995,20.185,19.949995,20.155,12164890
1368019800,2013-05-08 09:30,20.135,20.335,20.105005,20.33,10271984
1368106200,2013-05-09 09:30,20.345,20.405,20.245005,20.305,11918680
1368192600,2013-05-10 09:30,20.29,20.33,20.135,20.285005,9758312
1368451800,2013-05-13 09:30,20.265,20.28,20.085,20.14,8911930
1368538200,2013-05-14 09:30,20.1,20.3925,20.1,20.39,10127992
1368624600,2013-05-15 09:30,20.315,20.5745,20.295,20.5025,10600446
1368711000,2013-05-16 09:30,20.415,20.5775,20.365,20.410005,9174430
1368797400,2013-05-17 09:30,20.449995,20.660005,20.449995,20.629995,14094414
1369056600,2013-05-20 09:30,20.595,20.75,20.550005,20.65,10508046
1369143000,2013-05-21 09:30,20.705,20.74,20.589995,20.625,9087546
1369229400,2013-05-22 09:30,20.629995,20.805,20.269995,20.345,24591274
1369315800,2013-05-23 09:30,20.125,20.4,20.027495,20.355005,13802274
1369402200,2013-05-24 09:30,20.265,20.31125,20.135,20.285005,11565054
1369747800,2013-05-28 09:30,20.525,20.550005,20.4,20.47,11206540
1369834200,2013-05-29 09:30,20.375,20.449995,20.21,20.405,12415218
1369920600,2013-05-30 09:30,20.442495,20.5475,20.365,20.47,9859758
1370007000,2013-05-31 09:30,20.335,20.49,20.14,20.15,15553468
1370266200,2013-06-03 09:30,20.205,20.26,20.015,20.25,12528790
1370352600,2013-06-04 09:30,20.25,20.365,20.11,20.225,12653680
1370439000,2013-06-05 09:30,20.17,20.17,19.775,19.775,17420398
1370525400,2013-06-06 09:30,19.769995,19.915,19.68,19.905,14445008
1370611800,2013-06-07 09:30,19.96,20.115,19.885,20.089995,19875234
1370871000,2013-06-10 09:30,20.160005,20.24,20.105005,20.185,9267000
1370957400,2013-06-11 09:30,19.955,20.11,19.845,19.905,12122930
1371043800,2013-06-12 09:30,20.055,20.115,19.79,19.805,15459024
1371130200,2013-06-13 09:30,19.754995,20.205,19.730005,20.17,18771110
1371216600,2013-06-14 09:30,20.105005,20.265,19.975,20.025,10057882
1371475800,2013-06-17 09:30,20.195,20.235,20.07,20.195,8977086
1371562200,2013-06-18 09:30,20.18,20.315,20.15,20.285005,8319320
1371648600,2013-06-19 09:30,20.245005,20.370005,20.129995,20.129995,16845492
1371735000,2013-06-20 09:30,19.824995,19.925005,19.54,19.61,26383954
1371821400,2013-06-21 09:30,19.635,19.644995,19.1875,19.3925,22138618
1372080600,2013-06-24 09:30,19.11,19.230005,18.89,19.085,24848984
1372167000,2013-06-25 09:30,19.305,19.305,19.08,19.199995,10672336
1372253400,2013-06-26 09:30,19.28,19.3375,19.105005,19.29,10216664
1372339800,2013-06-27 09:30,19.415,19.415,19.265,19.28,9347820
1372426200,2013-06-28 09:30,19.205,19.33,19.125,19.1725,16275618
1372685400,2013-07-01 09:30,19.385,19.485,19.247805,19.285005,22407040
1372771800,2013-07-02 09:30,19.21,19.379995,19.120005,19.225,8470984
1372858200,2013-07-03 09:30,19.11,19.269995,19.095,19.230005,6622212
1373031000,2013-07-05 09:30,19.36,19.370005,19.19,19.36,7050946
1373290200,2013-07-08 09:30,19.445,19.519995,19.39,19.47,7845718
1373376600,2013-07-09 09:30,19.605005,19.815,19.605005,19.769995,9597812
1373463000,2013-07-10 09:30,19.75,19.839995,19.655,19.765,7573440
1373549400,2013-07-11 09:30,20.019995,20.125,19.985,20.085,10640828
1373635800,2013-07-12 09:30,20.120005,20.125,19.931,20.015,7575716
1373895000,2013-07-15 09:30,20.015,20.1,19.9825,20.065,14743876
1373981400,2013-07-16 09:30,20.08,20.11,19.83,19.915,11726054
1374067800,2013-07-17 09:30,20.019995,20.155,19.97,20.1,13953204
1374154200,2013-07-18 09:30,20.07,20.22,20.0625,20.11,7518822
1374240600,2013-07-19 09:30,20.089995,20.24,20.06,20.24,12110836
1374499800,2013-07-22 09:30,20.230005,20.35,20.230005,20.26,9854062
1374586200,2013-07-23 09:30,20.44,20.54,20.28,20.32,9693960
1374672600,2013-07-24 09:30,20.405,20.405,20.045,20.129995,11482172
1374759000,2013-07-25 09:30,20.050005,20.345,19.980005,20.32,8061124
1374845400,2013-07-26 09:30,20.199995,20.269995,20.074995,20.245005,8402468
1375104600,2013-07-29 09:30,20.165,20.385,20.135,20.36,14709696
1375191000,2013-07-30 09:30,20.165,20.35,20.08,20.31,9645046
1375277400,2013-07-31 09:30,20.324995,20.43,20.21,20.24,11675290
1375363800,2013-08-01 09:30,20.375,20.495005,20.339995,20.39,9193960
1375450200,2013-08-02 09:30,20.36,20.519995,20.300005,20.504995,5682926
1375709400,2013-08-05 09:30,20.449995,20.525,20.415,20.449995,5077956
1375795800,2013-08-06 09:30,20.449995,20.464995,20.208505,20.261,6742604
1375882200,2013-08-07 09:30,20.19,20.334955,20.19,20.269995,5889256
1375968600,2013-08-08 09:30,20.445,20.644995,20.4,20.57,8398602
1376055000,2013-08-09 09:30,20.515,20.754995,20.515,20.69,14766414
1376314200,2013-08-12 09:30,20.65,20.720495,20.605005,20.660005,8093200
1376400600,2013-08-13 09:30,20.714995,20.795,20.6,20.735,7943386
1376487000,2013-08-14 09:30,20.745005,20.839995,20.68,20.69,7915146
1376573400,2013-08-15 09:30,20.5,20.574995,20.365,20.54,11202094
1376659800,2013-08-16 09:30,20.51,20.515,20.324995,20.379995,14140906
1376919000,2013-08-19 09:30,20.36,20.41995,20.2025,20.22,9288922
1377005400,2013-08-20 09:30,20.22,20.394995,20.18,20.335,6542104
1377091800,2013-08-21 09:30,20.275,20.373495,20.144995,20.18,9701320
1377178200,2013-08-22 09:30,20.26,20.449995,20.230005,20.42,9234516
1377264600,2013-08-23 09:30,20.455,20.625,20.362505,20.585,8925680
1377523800,2013-08-26 09:30,20.64,20.785005,20.565,20.585,11378086
1377610200,2013-08-27 09:30,20.42,20.480005,20.18,20.222505,11793618
1377696600,2013-08-28 09:30,20.199995,20.2875,20.15,20.185,6989912
1377783000,2013-08-29 09:30,20.115,20.367995,20.089995,20.25,8171116
1377869400,2013-08-30 09:30,20.265,20.31,20.17,20.214995,11200696
1378215000,2013-09-03 09:30,20.515,20.57,20.254995,20.336,8722594
1378301400,2013-09-04 09:30,20.29,20.550005,20.237505,20.525,8638274
1378387800,2013-09-05 09:30,20.535005,20.625,20.504995,20.56,11009046
1378474200,2013-09-06 09:30,20.714995,20.730005,20.449995,20.535005,9974796
1378733400,2013-09-09 09:30,20.6,20.870005,20.595,20.845,10876398
1378819800,2013-09-10 09:30,20.995005,21.105005,20.915,21.0325,14503282
1378906200,2013-09-11 09:30,21.04,21.17495,20.945,21.160005,12347710
1378992600,2013-09-12 09:30,21.065,21.125,20.9075,20.94,11921632
1379079000,2013-09-13 09:30,21,21.115,20.935,21.08,14828844
1379338200,2013-09-16 09:30,21.385,21.415,21.245005,21.315,16878734
1379424600,2013-09-17 09:30,21.285005,21.35,21.214995,21.254995,9300758
1379511000,2013-09-18 09:30,21.285005,21.775,21.2042,21.745005,20268960
1379597400,2013-09-19 09:30,21.83,21.89,21.620005,21.667505,12408172
1379683800,2013-09-20 09:30,21.615,21.615,21.285005,21.31,21980844
1379943000,2013-09-23 09:30,21.25,21.315,21.14,21.15,13112680
1380029400,2013-09-24 09:30,21.144995,21.300005,21.089995,21.14,6976784
1380115800,2013-09-25 09:30,21.195,21.335,21.115,21.195,8517922
1380202200,2013-09-26 09:30,21.285005,21.425005,21.225,21.335,11690328
1380288600,2013-09-27 09:30,21.18,21.245005,21.06,21.08,7592668
1380547800,2013-09-30 09:30,20.875,21.08,20.815,21.004995,11345290
1380634200,2013-10-01 09:30,21.004995,21.11,20.894995,21.095,10039812
1380720600,2013-10-02 09:30,20.975,21.155,20.905,21.15,8556508
1380807000,2013-10-03 09:30,21.120005,21.120005,20.817495,20.97,14168672
1380893400,2013-10-04 09:30,20.975,21.2825,20.93,21.275,10334078
1381152600,2013-10-07 09:30,21.03,21.209505,21,21.015,11989140
1381239000,2013-10-08 09:30,21.025,21.025,20.665,20.68,17206360
1381325400,2013-10-09 09:30,20.74,20.82495,20.54,20.71,12407062
1381411800,2013-10-10 09:30,20.995005,21.185,20.945,21.15,10849468
1381498200,2013-10-11 09:30,21.155,21.28,21.08,21.275,10120618
1381757400,2013-10-14 09:30,21.105005,21.375,21.105005,21.35,12320554
1381843800,2013-10-15 09:30,21.28,21.379995,21.17195,21.22,10735078
1381930200,2013-10-16 09:30,21.35,21.499495,21.269995,21.435,8541618
1382016600,2013-10-17 09:30,21.365,21.735,21.365,21.7125,9281930
1382103000,2013-10-18 09:30,21.855005,21.855005,21.6775,21.779505,14809696
1382362200,2013-10-21 09:30,21.795,21.82,21.695,21.775,7798412
1382448600,2013-10-22 09:30,21.89,22.14,21.875,22.089995,11038234
1382535000,2013-10-23 09:30,22,22.015,21.915,21.945,10782140
1382621400,2013-10-24 09:30,21.97,22.07,21.85,22.055,6482664
1382707800,2013-10-25 09:30,22.1,22.120005,21.910005,22.120005,11542812
1382967000,2013-10-28 09:30,22.105,22.145,21.945,22.01,12633738
1383053400,2013-10-29 09:30,22.01,22.06,21.915,22.0545,8566412
1383139800,2013-10-30 09:30,22.04,22.18,21.785,21.92,10999136
1383226200,2013-10-31 09:30,21.915,22.0325,21.87,21.885,11151476
1383312600,2013-11-01 09:30,21.91,21.955,21.715,21.835,10335002
1383575400,2013-11-04 09:30,21.93,21.935,21.816,21.9225,11139356
1383661800,2013-11-05 09:30,21.84,21.88,21.745,21.83,5941410
1383748200,2013-11-06 09:30,21.965,22.03,21.88,21.98,7945968
1383834600,2013-11-07 09:30,22.02,22.03,21.67,21.69,11869024
1383921000,2013-11-08 09:30,21.635,22.095,21.635,22.0925,10621596
1384180200,2013-11-11 09:30,22.09,22.1,22.01,22.085,4991560
1384266600,2013-11-12 09:30,21.975,22.075,21.9525,22.0145,8569558
1384353000,2013-11-13 09:30,21.935,22.1395,21.905,22.135,9382348
1384439400,2013-11-14 09:30,22.2,22.33,22.13,22.32,10359372
1384525800,2013-11-15 09:30,22.335,22.48,22.335,22.4625,9128046
1384785000,2013-11-18 09:30,22.515,22.535,22.25745,22.325,11379708
1384871400,2013-11-19 09:30,22.27,22.35,22.1835,22.255,7168110
1384957800,2013-11-20 09:30,22.23,22.295,22.025,22.075,9419436
1385044200,2013-11-21 09:30,22.24,22.27,22.12,22.255,6653790
1385130600,2013-11-22 09:30,22.285,22.38,22.1825,22.37,4763464
1385389800,2013-11-25 09:30,22.3,22.395,22.18,22.23,11304564
1385476200,2013-11-26 09:30,22.255,22.255,22.105,22.175,4147002
1385562600,2013-11-27 09:30,22.185,22.26,22.16,22.19,5666268
1385735400,2013-11-29 09:30,22.22,22.3,22.125,22.17,7344282
1385994600,2013-12-02 09:30,22.24,22.2925,22.1,22.115,10380992
1386081000,2013-12-03 09:30,22.04,22.05,21.755,21.855,11644688
1386167400,2013-12-04 09:30,21.81,22.055,21.79,21.96,19670556
1386253800,2013-12-05 09:30,21.905,21.94,21.79,21.835,9393204
1386340200,2013-12-06 09:30,22.075,22.18,22,22.135,9807738
1386599400,2013-12-09 09:30,22.195,22.26995,22.15,22.25,7371282
1386685800,2013-12-10 09:30,22.25,22.3833,22.25,22.315,7237710
1386772200,2013-12-11 09:30,22.33,22.345,21.9,21.935,11090716
1386858600,2013-12-12 09:30,21.9,21.9625,21.82,21.89,7484642
1386945000,2013-12-13 09:30,21.97,22.05,21.92495,21.995,5965490
1387204200,2013-12-16 09:30,22.13,22.195,22.035,22.085,8775582
1387290600,2013-12-17 09:30,21.99,22.245,21.98,22.23,17177270
1387377000,2013-12-18 09:30,22.285,22.5,22.01,22.5,27273222
1387463400,2013-12-19 09:30,22.54,22.57,22.35,22.535,15146176
1387549800,2013-12-20 09:30,22.455,22.5455,22.395,22.465,15678392
1387809000,2013-12-23 09:30,22.575,22.605,22.49,22.575,8222934
1387895400,2013-12-24 09:30,22.59,22.82,22.56,22.82,3774210
1388068200,2013-12-26 09:30,22.85,22.965,22.83,22.945,3992674
1388154600,2013-12-27 09:30,23.05,23.05,22.945,23.015,3677810
1388413800,2013-12-30 09:30,23.02,23.065,22.97505,23.03,4201000
1388500200,2013-12-31 09:30,23.065,23.11,22.9925,23.11,6357082
1388673000,2014-01-02 09:30,22.97,23.06495,22.865,22.925,13883716
1388759400,2014-01-03 09:30,22.955,22.975,22.86,22.87,8685316
1389018600,2014-01-06 09:30,22.92,22.925,22.69,22.745,8856198
1389105000,2014-01-07 09:30,22.75,22.89,22.64,22.705,7766178
1389191400,2014-01-08 09:30,22.74,22.87,22.65,22.84,8240650
1389277800,2014-01-09 09:30,22.85,22.925,22.66,22.75,8837926
1389364200,2014-01-10 09:30,22.795,22.84295,22.685,22.82,6199626
1389623400,2014-01-13 09:30,22.735,22.805,22.4775,22.51,10067828
1389709800,2014-01-14 09:30,22.575,22.85,22.55,22.825,7623976
1389796200,2014-01-15 09:30,22.835,23.0097,22.835,22.965,7056144
1389882600,2014-01-16 09:30,22.925,23.0225,22.905,23.02,9845822
1389969000,2014-01-17 09:30,23.03,23.065,22.93,22.965,14686076
1390314600,2014-01-21 09:30,23.2,23.2825,22.9895,23.105,14739714
1390401000,2014-01-22 09:30,23.08,23.125,22.815,22.88,11189302
1390487400,2014-01-23 09:30,22.795,22.82,22.3855,22.54,12997462
1390573800,2014-01-24 09:30,22.345,22.36,21.925,21.935,20200436
1390833000,2014-01-27 09:30,21.965,22.04,21.685,21.845,11904312
1390919400,2014-01-28 09:30,21.98,22.02,21.89,21.97,9693086
1391005800,2014-01-29 09:30,21.8,22.28,21.8,22.06,20632172
1391092200,2014-01-30 09:30,22.175,22.2525,21.99,22.165,16087242
1391178600,2014-01-31 09:30,21.885,22.2,21.835,22.02,12475360
1391437800,2014-02-03 09:30,21.985,22.115,21.48,21.505,39679544
1391524200,2014-02-04 09:30,21.625,21.835,21.52,21.695,14826738
1391610600,2014-02-05 09:30,21.615,21.775,21.3875,21.72,15796906
1391697000,2014-02-06 09:30,21.765,22.075,21.75,22.045,17781418
1391783400,2014-02-07 09:30,22.125,22.385,22.06,22.35,10363144
1392042600,2014-02-10 09:30,22.35,22.49715,22.2867,22.46,30499862
1392129000,2014-02-11 09:30,22.515,22.795,22.4775,22.72,13961394
1392215400,2014-02-12 09:30,22.695,22.825,22.63,22.68,7544216
1392301800,2014-02-13 09:30,22.53,22.95,22.505,22.875,13428230
1392388200,2014-02-14 09:30,22.915,23.085,22.835,23.06,10243374
1392733800,2014-02-18 09:30,23.05,23.13,22.955,23.075,11380100
1392820200,2014-02-19 09:30,23.06,23.26,22.895,22.915,15784506
1392906600,2014-02-20 09:30,22.98,23.185,22.845,23.155,13432498
1392993000,2014-02-21 09:30,23.195,23.26,23.095,23.095,7973706
1393252200,2014-02-24 09:30,23.015,23.225,23.005,23.015,29419440
1393338600,2014-02-25 09:30,23.03,23.2025,22.955,23.1,12785578
1393425000,2014-02-26 09:30,23.14,23.345,23.1,23.275,13506014
1393511400,2014-02-27 09:30,23.235,23.46,23.22,23.46,9697670
1393597800,2014-02-28 09:30,23.445,23.625,23.405,23.54,11785066
1393857000,2014-03-03 09:30,23.35,23.59,23.3,23.485,20375530
1393943400,2014-03-04 09:30,23.84,23.895,23.68,23.855,15331036
1394029800,2014-03-05 09:30,23.865,23.94,23.775,23.91,8155596
1394116200,2014-03-06 09:30,23.99,24.13,23.985,24,12570342
1394202600,2014-03-07 09:30,24.055,24.06,23.82,23.895,18069150
1394458200,2014-03-10 09:30,23.825,23.89,23.665,23.875,9715836
1394544600,2014-03-11 09:30,23.935,23.935,23.6175,23.63,13294764
1394631000,2014-03-12 09:30,23.585,23.675,23.515,23.62,10690482
1394717400,2014-03-13 09:30,23.71,23.795,23.37,23.45,15848424
1394803800,2014-03-14 09:30,23.45,23.585,23.41,23.45,12554502
1395063000,2014-03-17 09:30,23.595,23.785,23.535,23.64,10527614
1395149400,2014-03-18 09:30,23.68,23.795,23.635,23.775,9598582
1395235800,2014-03-19 09:30,23.73,23.815,23.43,23.565,15781096
1395322200,2014-03-20 09:30,23.45,23.88,23.45,23.88,11611362
1395408600,2014-03-21 09:30,23.8,23.84,23.6375,23.685,17539988
1395667800,2014-03-24 09:30,23.775,23.825,23.41525,23.5,9651178
1395754200,2014-03-25 09:30,23.63,23.75,23.54,23.63,10764514
1395840600,2014-03-26 09:30,23.75,23.755,23.285,23.29,12096720
1395927000,2014-03-27 09:30,23.35,23.355,23.13,23.225,9977270
1396013400,2014-03-28 09:30,23.3,23.5,23.235,23.385,13364226
1396272600,2014-03-31 09:30,23.575,23.67,23.47,23.64,9714654
1396359000,2014-04-01 09:30,23.75,23.795,23.62005,23.77,11566414
1396445400,2014-04-02 09:30,23.825,23.9995,23.715,23.945,8664644
1396531800,2014-04-03 09:30,24.035,24.13,23.885,23.975,9284544
1396618200,2014-04-04 09:30,24.135,24.17,23.61,23.67,18762688
1396877400,2014-04-07 09:30,23.595,23.69,23.24,23.325,14806074
1396963800,2014-04-08 09:30,23.355,23.511,23.25,23.415,9622188
1397050200,2014-04-09 09:30,23.525,23.827,23.38,23.77,8225848
1397136600,2014-04-10 09:30,23.765,23.785,23.25,23.295,10944418
1397223000,2014-04-11 09:30,23.205,23.315,23.015,23.015,10436598
1397482200,2014-04-14 09:30,23.225,23.29,23.045,23.2,9917258
1397568600,2014-04-15 09:30,23.215,23.355,22.96,23.34,9726388
1397655000,2014-04-16 09:30,23.465,23.705,23.435,23.685,11622320
1397741400,2014-04-17 09:30,23.675,23.8,23.6575,23.76,9443166
1398087000,2014-04-21 09:30,23.8,23.875,23.69,23.765,6638002
1398173400,2014-04-22 09:30,23.8,23.9325,23.715,23.85,9998262
1398259800,2014-04-23 09:30,23.865,23.925,23.815,23.855,7951902
1398346200,2014-04-24 09:30,23.92,23.975,23.705,23.75,6919922
1398432600,2014-04-25 09:30,23.705,23.7225,23.505,23.58,7001326
1398691800,2014-04-28 09:30,23.68,23.685,23.305,23.48,19147064
1398778200,2014-04-29 09:30,23.525,23.71,23.525,23.645,9954628
1398864600,2014-04-30 09:30,23.575,23.85,23.565,23.835,12036526
1398951000,2014-05-01 09:30,23.81,23.81,23.635,23.685,8340714
1399037400,2014-05-02 09:30,23.72,23.91,23.67,23.775,9966336
1399296600,2014-05-05 09:30,23.695,23.92,23.655,23.905,4798068
1399383000,2014-05-06 09:30,23.835,23.915,23.705,23.785,6856634
1399469400,2014-05-07 09:30,23.865,23.99,23.71,23.97,8584948
1399555800,2014-05-08 09:30,23.93,24.11,23.775,23.875,9689174
1399642200,2014-05-09 09:30,23.775,23.905,23.725,23.875,7954828
1399901400,2014-05-12 09:30,24.015,24.2,24.005,24.18,8871480
1399987800,2014-05-13 09:30,24.155,24.295,24.155,24.2,6821570
1400074200,2014-05-14 09:30,24.2,24.33495,24.15,24.205,9659076
1400160600,2014-05-15 09:30,24.14,24.155,23.7225,23.865,13087964
1400247000,2014-05-16 09:30,23.88,23.96,23.68295,23.95,8752816
1400506200,2014-05-19 09:30,23.905,24.175,23.895,24.05,5481450
1400592600,2014-05-20 09:30,24.025,24.1,23.86,23.92,9361166
1400679000,2014-05-21 09:30,23.985,24.09,23.94495,24.03,5028046
1400765400,2014-05-22 09:30,24.04,24.16,24,24.085,6447260
1400851800,2014-05-23 09:30,24.115,24.3,24.085,24.29,4489028
1401197400,2014-05-27 09:30,24.34,24.39,24.26,24.29,4343608
1401283800,2014-05-28 09:30,24.27,24.385,24.25,24.3,7973012
1401370200,2014-05-29 09:30,24.32,24.56,24.2345,24.545,5513876
1401456600,2014-05-30 09:30,24.445,24.55,24.42,24.54,6847546
1401715800,2014-06-02 09:30,24.58,24.69505,24.515,24.64,6841040
1401802200,2014-06-03 09:30,24.535,24.655,24.51,24.585,5275434
1401888600,2014-06-04 09:30,24.54,24.7,24.4625,24.625,5742254
1401975000,2014-06-05 09:30,24.68,24.7845,24.45,24.74,9723272
1402061400,2014-06-06 09:30,24.785,24.87495,24.74,24.86,5851798
1402320600,2014-06-09 09:30,24.815,24.895,24.75,24.795,14639526
1402407000,2014-06-10 09:30,24.74,24.835,24.65,24.83,5316902
1402493400,2014-06-11 09:30,24.75,24.8,24.645,24.69,4695070
1402579800,2014-06-12 09:30,24.69,24.735,24.4225,24.48,6802534
1402666200,2014-06-13 09:30,24.49,24.605,24.43,24.575,4893848
1402925400,2014-06-16 09:30,24.51,24.56995,24.4,24.52,15921834
1403011800,2014-06-17 09:30,24.36,24.62,24.35,24.57,12232272
1403098200,2014-06-18 09:30,24.59,24.85,24.56,24.835,16087650
1403184600,2014-06-19 09:30,24.865,24.875,24.7375,24.785,11532776
1403271000,2014-06-20 09:30,24.7,24.835,24.665,24.82,8435892
1403530200,2014-06-23 09:30,24.85,24.93,24.745,24.855,5905362
1403616600,2014-06-24 09:30,24.795,24.9335,24.62,24.62,8749700
1403703000,2014-06-25 09:30,24.665,24.935,24.665,24.815,13433596
1403789400,2014-06-26 09:30,24.865,24.915,24.6725,24.81,10903768
1403875800,2014-06-27 09:30,24.63,24.745,24.5775,24.7325,12705144
1404135000,2014-06-30 09:30,24.73,24.86,24.645,24.82,26247062
1404221400,2014-07-01 09:30,24.85,24.98,24.795,24.88,13985726
1404307800,2014-07-02 09:30,24.9,24.975,24.86,24.91,7744986
1404394200,2014-07-03 09:30,24.965,25.095,24.96,25.07,5619412
1404739800,2014-07-07 09:30,25.035,25.055,24.815,24.86,9971174
1404826200,2014-07-08 09:30,24.845,24.86,24.725,24.795,8553254
1404912600,2014-07-09 09:30,24.875,24.9125,24.81,24.88,8361844
1404999000,2014-07-10 09:30,24.66,24.8725,24.6355,24.77,8062520
1405085400,2014-07-11 09:30,24.76,24.8375,24.71,24.815,6975806
1405344600,2014-07-14 09:30,24.94,24.94,24.79,24.8,5030628
1405431000,2014-07-15 09:30,24.815,24.975,24.6801,24.75,5647926
1405517400,2014-07-16 09:30,24.83,24.94,24.82,24.92,7690236
1405603800,2014-07-17 09:30,24.835,24.96,24.7675,24.815,11014306
1405690200,2014-07-18 09:30,24.835,25.0125,24.815,24.97,9732322
1405949400,2014-07-21 09:30,24.885,24.94,24.8,24.9,9859142
1406035800,2014-07-22 09:30,24.975,25.01,24.9225,24.935,5637368
1406122200,2014-07-23 09:30,24.94,25.09,24.875,25.04,4539880
1406208600,2014-07-24 09:30,25.04,25.095,24.96165,25.01,5000898
1406295000,2014-07-25 09:30,24.95,25.14,24.95,25.055,4778354
1406554200,2014-07-28 09:30,25.055,25.1825,24.975,25.12,21347318
1406640600,2014-07-29 09:30,25.15,25.17,24.9315,24.94,7785052
1406727000,2014-07-30 09:30,25.005,25.065,24.76,24.81,10565186
1406813400,2014-07-31 09:30,24.625,24.7,24.325,24.325,12917564
1406899800,2014-08-01 09:30,24.275,24.43,24.19,24.345,11244084
1407159000,2014-08-04 09:30,24.415,24.6575,24.285,24.635,9932656
1407245400,2014-08-05 09:30,24.425,24.59,24.311,24.38,10275270
1407331800,2014-08-06 09:30,24.32,24.5925,24.27,24.56,12717434
1407418200,2014-08-07 09:30,24.67,24.745,24.28,24.345,10167362
1407504600,2014-08-08 09:30,24.4,24.615,24.31,24.6,8538194
1407763800,2014-08-11 09:30,24.665,24.76,24.565,24.575,10983396
1407850200,2014-08-12 09:30,24.57,24.6825,24.52,24.6525,14594362
1407936600,2014-08-13 09:30,24.765,24.815,24.635,24.79,8617688
1408023000,2014-08-14 09:30,24.83,24.8425,24.765,24.79,7214588
1408109400,2014-08-15 09:30,24.88,24.975,24.665,24.865,8878994
1408368600,2014-08-18 09:30,24.965,25.11,24.965,25.11,10696210
1408455000,2014-08-19 09:30,25.15,25.225,25.12,25.185,6289182
1408541400,2014-08-20 09:30,25.15,25.2475,25.125,25.22,9600852
1408627800,2014-08-21 09:30,25.255,25.265,25.11615,25.185,2725734
1408714200,2014-08-22 09:30,25.18,25.18,25.035,25.085,3614398
1408973400,2014-08-25 09:30,25.23,25.23,25.1325,25.18,3126208
1409059800,2014-08-26 09:30,25.195,25.265,25.185,25.205,3818430
1409146200,2014-08-27 09:30,25.245,25.265,25.1525,25.205,6599116
1409232600,2014-08-28 09:30,25.16,25.255,25.07,25.225,3673114
1409319000,2014-08-29 09:30,25.275,25.2995,25.195,25.265,5334286
1409664600,2014-09-02 09:30,25.26,25.305,25.13,25.18,13235610
1409751000,2014-09-03 09:30,25.28,25.33,25.205,25.22,6271212
1409837400,2014-09-04 09:30,25.24,25.3775,25.1605,25.22,11554056
1409923800,2014-09-05 09:30,25.2,25.335,25.13,25.33,6153608
1410183000,2014-09-08 09:30,25.285,25.37,25.185,25.23,4607546
1410269400,2014-09-09 09:30,25.2,25.205,24.97,25.025,6320950
1410355800,2014-09-10 09:30,24.98,25.0395,24.805,25.025,12728090
1410442200,2014-09-11 09:30,24.91,25.045,24.895,24.99,8525424
1410528600,2014-09-12 09:30,24.965,25.035,24.7775,24.875,7766022
1410787800,2014-09-15 09:30,24.895,24.9725,24.785,24.91,6382094
1410874200,2014-09-16 09:30,24.85,25.13,24.83,25.025,6635070
1410960600,2014-09-17 09:30,25.16,25.31,25.075,25.175,10319788
1411047000,2014-09-18 09:30,25.275,25.385,25.25,25.345,8969798
1411133400,2014-09-19 09:30,25.33,25.415,25.175,25.22,12151042
1411392600,2014-09-22 09:30,25.355,25.43,25.19,25.21,7674448
1411479000,2014-09-23 09:30,25.185,25.23,25.07,25.08,5930934
1411565400,2014-09-24 09:30,25.095,25.365,25.065,25.34,8558146
1411651800,2014-09-25 09:30,25.245,25.255,24.95495,24.955,9409954
1411738200,2014-09-26 09:30,24.975,25.225,24.955,25.2,9454952
1411997400,2014-09-29 09:30,25.085,25.165,24.93,25.095,18208094
1412083800,2014-09-30 09:30,25.07,25.1125,24.75,24.795,15665874
1412170200,2014-10-01 09:30,24.75,24.75,24.15,24.21,22576270
1412256600,2014-10-02 09:30,24.155,24.215,23.815,24.15,18146904
1412343000,2014-10-03 09:30,24.29,24.345,24.18,24.22,10886230
1412602200,2014-10-06 09:30,24.315,24.375,24.135,24.215,9574762
1412688600,2014-10-07 09:30,24.145,24.145,23.785,23.79,12121432
1412775000,2014-10-08 09:30,23.79,24.135,23.525,24.1,21046786
1412861400,2014-10-09 09:30,24.1,24.11,23.435,23.51,29256384
1412947800,2014-10-10 09:30,23.515,23.6,23.145,23.15,30357404
1413207000,2014-10-13 09:30,23.125,23.32,22.52,22.555,33150518
1413293400,2014-10-14 09:30,22.705,22.95,22.475,22.625,22002510
1413379800,2014-10-15 09:30,22.215,22.875,22.045,22.78,37910812
1413466200,2014-10-16 09:30,22.38,23.135,22.34,23.005,40440998
1413552600,2014-10-17 09:30,23.25,23.485,23.2,23.31,22297366
1413811800,2014-10-20 09:30,23.26,23.68,23.165,23.665,34382670
1413898200,2014-10-21 09:30,23.805,24.21,23.8,24.175,14263614
1413984600,2014-10-22 09:30,24.35,24.4,23.965,23.98,18426302
1414071000,2014-10-23 09:30,24.155,24.225,23.895,23.96,59893618
1414157400,2014-10-24 09:30,24.005,24.165,23.785,24.14,13413606
1414416600,2014-10-27 09:30,23.925,23.975,23.54,23.635,70286784
1414503000,2014-10-28 09:30,23.785,23.89,23.69,23.87,15199208
1414589400,2014-10-29 09:30,23.865,23.9,23.415,23.575,47813802
1414675800,2014-10-30 09:30,23.485,23.88,23.485,23.755,13382800
1414762200,2014-10-31 09:30,23.955,24.21,23.87,24.2,16805272
1415025000,2014-11-03 09:30,24.21,24.3,23.945,24.03,41656484
1415111400,2014-11-04 09:30,23.965,24.02,23.67,23.78,26076264
1415197800,2014-11-05 09:30,23.83,24.055,23.815,24.01,12231752
1415284200,2014-11-06 09:30,23.93,24.2525,23.93,24.205,7653056
1415370600,2014-11-07 09:30,24.23,24.36,24.215,24.32,10205038
1415629800,2014-11-10 09:30,24.31,24.4,24.25,24.385,7285928
1415716200,2014-11-11 09:30,24.375,24.5225,24.345,24.505,7220438
1415802600,2014-11-12 09:30,24.485,24.625,24.45,24.565,7708040
1415889000,2014-11-13 09:30,24.59,24.765,24.435,24.57,8238508
1415975400,2014-11-14 09:30,24.6,24.695,24.54,24.645,6337484
1416234600,2014-11-17 09:30,24.625,24.6675,24.55,24.64,5254104
1416321000,2014-11-18 09:30,24.645,24.955,24.645,24.935,10036236
1416407400,2014-11-19 09:30,24.915,24.98,24.8125,24.9,9681818
1416493800,2014-11-20 09:30,24.775,25.03,24.7,25.03,7716996
1416580200,2014-11-21 09:30,25.35,25.505,25.24,25.335,19118334
1416839400,2014-11-24 09:30,25.375,25.375,25.18,25.22,4283722
1416925800,2014-11-25 09:30,25.225,25.3,25.11,25.13,4812842
1417012200,2014-11-26 09:30,25.055,25.165,24.9575,25.15,3762038
1417185000,2014-11-28 09:30,24.905,24.93,24.525,24.58,9735456
1417444200,2014-12-01 09:30,24.505,24.615,24.195,24.325,24024618
1417530600,2014-12-02 09:30,24.325,24.525,24.27,24.47,11860958
1417617000,2014-12-03 09:30,24.525,24.865,24.4625,24.83,14694304
1417703400,2014-12-04 09:30,24.765,24.965,24.745,24.905,11708054
1417789800,2014-12-05 09:30,24.9,25.0525,24.8375,24.885,6722154
1418049000,2014-12-08 09:30,24.855,24.86,24.4525,24.49,11003702
1418135400,2014-12-09 09:30,24.36,24.57,24.26,24.555,12046776
1418221800,2014-12-10 09:30,24.455,24.48,23.99,24.05,15161156
1418308200,2014-12-11 09:30,24.125,24.33,24.02,24.07,7843512
1418394600,2014-12-12 09:30,23.825,23.96,23.385,23.4,17337720
1418653800,2014-12-15 09:30,23.485,23.555,23.18,23.275,17989928
1418740200,2014-12-16 09:30,23.19,23.67,23.0875,23.095,19044072
1418826600,2014-12-17 09:30,23.18,23.79,23.18,23.725,21216062
1418913000,2014-12-18 09:30,24.095,24.28,23.88,24.265,14030298
1418999400,2014-12-19 09:30,24.325,24.495,24.22,24.41,10772510
1419258600,2014-12-22 09:30,24.485,24.485,24.285,24.425,6613322
1419345000,2014-12-23 09:30,24.525,24.685,24.4725,24.615,14191268
1419431400,2014-12-24 09:30,24.525,24.62,24.4895,24.53,3757660
1419604200,2014-12-26 09:30,24.68,24.695,24.58,24.615,2593938
1419863400,2014-12-29 09:30,24.555,24.68495,24.555,24.615,4346454
1419949800,2014-12-30 09:30,24.56,24.64,24.52,24.53,4335150
1420036200,2014-12-31 09:30,24.585,24.585,24.285,24.29,5968870
1420209000,2015-01-02 09:30,24.29,24.435,24.1775,24.325,10469594
1420468200,2015-01-05 09:30,24.14,24.21,23.60175,23.705,10877686
1420554600,2015-01-06 09:30,23.775,23.85,23.37,23.495,10108938
1420641000,2015-01-07 09:30,23.67,23.83,23.58,23.76,7120626
1420727400,2015-01-08 09:30,24,24.39,23.94,24.325,15281080
1420813800,2015-01-09 09:30,24.435,24.489,24.09,24.2,13701542
1421073000,2015-01-12 09:30,24.085,24.245,23.875,24.145,9316234
1421159400,2015-01-13 09:30,24.28,24.35,23.685,23.875,11710070
1421245800,2015-01-14 09:30,23.455,23.6275,23.22,23.595,13568510
1421332200,2015-01-15 09:30,23.7,23.915,23.55,23.55,11710750
1421418600,2015-01-16 09:30,23.585,23.9625,23.515,23.925,10920384
1421764200,2015-01-20 09:30,24.09,24.12,23.735,23.965,8123288
1421850600,2015-01-21 09:30,23.915,24.225,23.855,24.2,9423160
1421937000,2015-01-22 09:30,24.32,24.545,24.155,24.505,11556626
1422023400,2015-01-23 09:30,24.455,24.455,24.1075,24.125,10073340
1422282600,2015-01-26 09:30,24.11,24.2575,24.005,24.23,6202114
1422369000,2015-01-27 09:30,23.895,24.2375,23.79,24.065,9032812
1422455400,2015-01-28 09:30,24.1,24.145,23.59,23.63,11556910
1422541800,2015-01-29 09:30,23.66,23.98,23.505,23.94,11916730
1422628200,2015-01-30 09:30,23.74,24.13,23.675,23.845,15617346
1422887400,2015-02-02 09:30,23.87,24.125,23.7075,24.06,13250912
1422973800,2015-02-03 09:30,24.225,24.605,24.1875,24.59,12252222
1423060200,2015-02-04 09:30,24.44,24.6125,24.375,24.43,11367216
1423146600,2015-02-05 09:30,24.51,25.045,24.51,25.02,11728946
1423233000,2015-02-06 09:30,25.03,25.07,24.89,24.96,11220276
1423492200,2015-02-09 09:30,24.825,25.075,24.825,24.93,7411122
1423578600,2015-02-10 09:30,25.09,25.14,24.855,25.115,6490920
1423665000,2015-02-11 09:30,25.05,25.165,24.93195,25.075,6447864
1423751400,2015-02-12 09:30,25.225,25.58,25.225,25.505,9801194
1423837800,2015-02-13 09:30,25.575,25.765,25.525,25.72,5802710
1424183400,2015-02-17 09:30,25.605,25.85,25.56,25.75,6542412
1424269800,2015-02-18 09:30,25.675,25.82,25.57,25.82,5948492
1424356200,2015-02-19 09:30,25.755,25.9475,25.64,25.89,6011438
1424442600,2015-02-20 09:30,25.84,26.005,25.635,25.965,7145892
1424701800,2015-02-23 09:30,25.88,25.985,25.765,25.935,5530120
1424788200,2015-02-24 09:30,26.005,26.08,25.9,26.045,4613644
1424874600,2015-02-25 09:30,26.03,26.11,25.925,25.97,3915230
1424961000,2015-02-26 09:30,25.965,26.02,25.73,25.805,5456026
1425047400,2015-02-27 09:30,25.775,25.88,25.735,25.745,6721258
1425306600,2015-03-02 09:30,25.755,25.9225,25.635,25.915,6564578
1425393000,2015-03-03 09:30,25.82,25.9075,25.69,25.775,6416510
1425479400,2015-03-04 09:30,25.63,25.745,25.5075,25.685,6586288
1425565800,2015-03-05 09:30,25.75,25.75,25.485,25.575,3874876
1425652200,2015-03-06 09:30,25.46,25.465,25.18,25.23,8789972
1425907800,2015-03-09 09:30,25.25,25.34255,25.21,25.265,5047372
1425994200,2015-03-10 09:30,25.065,25.065,24.845,24.88,10305228
1426080600,2015-03-11 09:30,24.925,24.96995,24.81,24.85,5070468
1426167000,2015-03-12 09:30,24.875,25.1775,24.875,25.16,6201196
1426253400,2015-03-13 09:30,25.05,25.07,24.76,24.92,8384434
1426512600,2015-03-16 09:30,25.03,25.03,24.7705,24.88,8025284
1426599000,2015-03-17 09:30,24.705,24.765,24.5,24.605,15765970
1426685400,2015-03-18 09:30,24.485,25.13,24.355,24.98,12978352
1426771800,2015-03-19 09:30,24.855,24.89,24.525,24.55,7913598
1426858200,2015-03-20 09:30,24.52,24.7725,24.44,24.615,9535026
1427117400,2015-03-23 09:30,24.585,24.715,24.5505,24.615,6741258
1427203800,2015-03-24 09:30,24.565,24.65,24.45,24.535,4460128
1427290200,2015-03-25 09:30,24.58,24.675,24.26,24.26,7364246
1427376600,2015-03-26 09:30,24.225,24.405,24.195,24.315,8144736
1427463000,2015-03-27 09:30,24.37,24.45,24.27,24.305,7369102
1427722200,2015-03-30 09:30,24.455,24.715,24.455,24.635,5590206
1427808600,2015-03-31 09:30,24.52,24.575,24.39,24.39,6928032
1427895000,2015-04-01 09:30,24.44,24.5,24.24,24.46,8415902
1427981400,2015-04-02 09:30,24.35,24.555,24.35,24.485,4940748
1428327000,2015-04-06 09:30,24.455,24.75,24.295,24.68,5381732
1428413400,2015-04-07 09:30,24.6,24.845,24.6,24.64,3673544
1428499800,2015-04-08 09:30,24.755,24.805,24.585,24.71,4251272
1428586200,2015-04-09 09:30,24.675,24.84,24.65,24.78,3810566
1428672600,2015-04-10 09:30,24.805,24.855,24.7327,24.85,3340080
1428931800,2015-04-13 09:30,24.76,24.8715,24.7375,24.75,3009172
1429018200,2015-04-14 09:30,24.7,24.895,24.6875,24.855,4350636
1429104600,2015-04-15 09:30,24.91,25.19,24.91,25.095,6234390
1429191000,2015-04-16 09:30,25.1,25.174,24.96,25.04,4334912
1429277400,2015-04-17 09:30,24.9,24.98,24.72,24.81,7655744
1429536600,2015-04-20 09:30,24.85,25.025,24.85,24.99,4301444
1429623000,2015-04-21 09:30,25.055,25.055,24.71,24.805,7943816
1429709400,2015-04-22 09:30,24.865,24.88,24.655,24.855,5424760
1429795800,2015-04-23 09:30,24.885,25.02505,24.795,24.92,9665646
1429882200,2015-04-24 09:30,25.045,25.14,24.9975,25.13,6189158
1430141400,2015-04-27 09:30,25.205,25.46,25.195,25.35,7235892
1430227800,2015-04-28 09:30,25.345,25.42,25.205,25.385,6368978
1430314200,2015-04-29 09:30,25.25,25.4575,25.175,25.37,6888516
1430400600,2015-04-30 09:30,25.28,25.4,25.115,25.21,8893330
1430487000,2015-05-01 09:30,25.365,25.69,25.32,25.625,13499804
1430746200,2015-05-04 09:30,25.7,25.745,25.545,25.555,8300418
1430832600,2015-05-05 09:30,25.5,25.695,25.205,25.265,7522662
1430919000,2015-05-06 09:30,25.41,25.46,25.1775,25.27,10031116
1431005400,2015-05-07 09:30,25.13,25.405,25.06,25.38,12460890
1431091800,2015-05-08 09:30,25.675,25.89,25.67,25.785,9261934
1431351000,2015-05-11 09:30,25.77,25.8075,25.625,25.665,8234452
1431437400,2015-05-12 09:30,25.57,25.57,25.38,25.395,7549680
1431523800,2015-05-13 09:30,25.325,25.4725,25.27,25.365,7628010
1431610200,2015-05-14 09:30,25.49,25.65,25.49,25.63,6318950
1431696600,2015-05-15 09:30,25.605,25.755,25.545,25.755,6259780
1431955800,2015-05-18 09:30,25.645,25.725,25.585,25.64,5381020
1432042200,2015-05-19 09:30,25.605,25.65,25.44,25.515,5428932
1432128600,2015-05-20 09:30,25.56,25.585,25.435,25.5,4407476
1432215000,2015-05-21 09:30,25.51,25.6425,25.43505,25.59,3818806
1432301400,2015-05-22 09:30,25.575,25.61,25.515,25.56,3509068
1432647000,2015-05-26 09:30,25.43,25.435,25.145,25.24,7575166
1432733400,2015-05-27 09:30,25.24,25.445,25.21,25.405,5585900
1432819800,2015-05-28 09:30,25.365,25.485,25.315,25.47,3484126
1432906200,2015-05-29 09:30,25.46,25.465,25.24,25.305,6502306
1433165400,2015-06-01 09:30,25.365,25.385,25.14,25.315,8735896
1433251800,2015-06-02 09:30,25.28,25.51,25.225,25.395,7311690
1433338200,2015-06-03 09:30,25.48,25.575,25.375,25.42,5260480
1433424600,2015-06-04 09:30,25.27,25.27,25,25.12,7545326
1433511000,2015-06-05 09:30,25.035,25.125,24.9,25.005,5924410
1433770200,2015-06-08 09:30,25.005,25.055,24.91,24.915,7849002
1433856600,2015-06-09 09:30,24.9,25.065,24.9,24.93,5217566
1433943000,2015-06-10 09:30,25.08,25.2785,25.065,25.19,5454436
1434029400,2015-06-11 09:30,25.215,25.3,25.18,25.25,3716476
1434115800,2015-06-12 09:30,25.21,25.22,25.05005,25.1,4746960
1434375000,2015-06-15 09:30,24.91,25.0375,24.815,24.945,6711804
1434461400,2015-06-16 09:30,24.895,25.09,24.88,25.075,4290394
1434547800,2015-06-17 09:30,25.125,25.235,24.94,25.18,7079166
1434634200,2015-06-18 09:30,25.27,25.455,25.255,25.39,7331224
1434720600,2015-06-19 09:30,25.235,25.32,25.105,25.105,7395074
1434979800,2015-06-22 09:30,25.24,25.24,25.125,25.2,3962564
1435066200,2015-06-23 09:30,25.21,25.24,25.08,25.13,4503156
1435152600,2015-06-24 09:30,25.075,25.09,24.805,24.81,6282642
1435239000,2015-06-25 09:30,24.82,24.91,24.715,24.79,4896102
1435325400,2015-06-26 09:30,24.84,24.885,24.66,24.695,5812040
1435584600,2015-06-29 09:30,24.505,24.585,24.095,24.12,12405326
1435671000,2015-06-30 09:30,24.33,24.4,24.1375,24.195,12598398
1435757400,2015-07-01 09:30,24.435,24.4445,24.265,24.33,10832572
1435843800,2015-07-02 09:30,24.365,24.42,24.165,24.255,10276654
1436189400,2015-07-06 09:30,24.055,24.285,23.92,24.055,12870674
1436275800,2015-07-07 09:30,24,24.05495,23.565,23.975,13718294
1436362200,2015-07-08 09:30,23.775,23.845,23.4275,23.45,14981632
1436448600,2015-07-09 09:30,23.795,23.825,23.515,23.52,9807620
1436535000,2015-07-10 09:30,23.785,23.8975,23.725,23.85,7608320
1436794200,2015-07-13 09:30,24,24.135,23.96,24.11,5799864
1436880600,2015-07-14 09:30,24.04,24.295,24.04,24.245,4889054
1436967000,2015-07-15 09:30,24.25,24.26,23.995,24.055,6131876
1437053400,2015-07-16 09:30,23.995,24.0675,23.915,23.995,9163436
1437139800,2015-07-17 09:30,23.92,23.985,23.705,23.83,14496962
1437399000,2015-07-20 09:30,23.835,23.835,23.585,23.63,8895442
1437485400,2015-07-21 09:30,23.61,23.8,23.415,23.485,6918684
1437571800,2015-07-22 09:30,23.435,23.505,23.33,23.385,11785088
1437658200,2015-07-23 09:30,23.44,23.5,22.985,23.045,9715142
1437744600,2015-07-24 09:30,23.04,23.05,22.3925,22.54,14524456
1438003800,2015-07-27 09:30,22.305,22.56,22.235,22.29,18553858
1438090200,2015-07-28 09:30,22.325,22.815,22.215,22.755,28776472
1438176600,2015-07-29 09:30,22.79,22.99,22.68,22.92,19170828
1438263000,2015-07-30 09:30,22.925,23.07,22.9,23.035,11191626
1438349400,2015-07-31 09:30,23.195,23.195,22.9275,22.975,9396080
1438608600,2015-08-03 09:30,22.955,23.06,22.6725,22.795,11408334
1438695000,2015-08-04 09:30,22.81,23.025,22.805,22.895,13195688
1438781400,2015-08-05 09:30,23.06,23.255,22.935,23.01,11673474
1438867800,2015-08-06 09:30,23.005,23.09,22.895,22.93,12226736
1438954200,2015-08-07 09:30,22.78,22.9225,22.535,22.61,11702986
1439213400,2015-08-10 09:30,22.825,23.18,22.685,23.165,10623084
1439299800,2015-08-11 09:30,22.8,22.915,22.64,22.735,11703854
1439386200,2015-08-12 09:30,22.55,22.85,22.485,22.82,13284500
1439472600,2015-08-13 09:30,22.75,22.855,22.6725,22.755,6056070
1439559000,2015-08-14 09:30,22.78,22.88,22.72,22.86,4275528
1439818200,2015-08-17 09:30,22.805,23,22.705,22.99,5095764
1439904600,2015-08-18 09:30,22.945,22.985,22.8125,22.84,5707916
1439991000,2015-08-19 09:30,22.725,22.7344,22.465,22.56,8573208
1440077400,2015-08-20 09:30,22.42,22.485,22.135,22.135,11617346
1440163800,2015-08-21 09:30,22.005,22.045,21.595,21.595,25100320
1440423000,2015-08-24 09:30,20.32,21.43,19.675,20.69,55362196
1440509400,2015-08-25 09:30,21.02,21.47,20.33,20.365,26679022
1440595800,2015-08-26 09:30,20.79,20.96,20.445,20.915,48975782
1440682200,2015-08-27 09:30,21.25,21.78,21.2225,21.675,23275306
1440768600,2015-08-28 09:30,21.62,21.88,21.55,21.8,12740522
1441027800,2015-08-31 09:30,21.72,21.84,21.44,21.68,17998730
1441114200,2015-09-01 09:30,21.11,21.38,20.89,21.02,17978426
1441200600,2015-09-02 09:30,21.275,21.345,20.995,21.32,14753004
1441287000,2015-09-03 09:30,21.375,21.69,21.355,21.45,9718900
1441373400,2015-09-04 09:30,21.115,21.22,20.99,21.025,14536048
1441719000,2015-09-08 09:30,21.405,21.57,21.28805,21.55,13149604
1441805400,2015-09-09 09:30,21.68,21.865,21.35005,21.385,13668754
1441891800,2015-09-10 09:30,21.265,21.58,21.265,21.435,10947344
1441978200,2015-09-11 09:30,21.245,21.415,21.215,21.405,5799004
1442237400,2015-09-14 09:30,21.375,21.38,21.1,21.15,6685828
1442323800,2015-09-15 09:30,21.19,21.365,21.1375,21.305,7124008
1442410200,2015-09-16 09:30,21.325,21.63,21.3,21.61,8727080
1442496600,2015-09-17 09:30,21.57,21.87,21.465,21.51,18276028
1442583000,2015-09-18 09:30,21.045,21.175,20.87,20.94,20257220
1442842200,2015-09-21 09:30,21.09,21.175,20.935,21.01,12034684
1442928600,2015-09-22 09:30,20.695,20.715,20.44,20.62,13189582
1443015000,2015-09-23 09:30,20.65,20.66,20.15,20.18,13856158
1443101400,2015-09-24 09:30,20.005,20.19,19.73,20.125,18589026
1443187800,2015-09-25 09:30,20.315,20.315,19.98,20.1,14634100
1443447000,2015-09-28 09:30,20.01,20.015,19.425,19.475,24683520
1443533400,2015-09-29 09:30,19.57,19.725,19.415,19.55,26944210
1443619800,2015-09-30 09:30,19.79,19.9995,19.7,19.96,15304466
1443706200,2015-10-01 09:30,20.04,20.185,19.78,20.185,19226194
1443792600,2015-10-02 09:30,19.845,20.68,19.845,20.68,46276056
1444051800,2015-10-05 09:30,20.9,21.225,20.72,21.22,27823954
1444138200,2015-10-06 09:30,21.35,21.66,21.325,21.495,28153296
1444224600,2015-10-07 09:30,21.555,21.845,21.4425,21.78,31866064
1444311000,2015-10-08 09:30,21.69,22.15,21.69,22.085,27989772
1444397400,2015-10-09 09:30,22.265,22.28,21.995,22.075,18153144
1444656600,2015-10-12 09:30,22.12,22.12,21.7775,21.885,14825628
1444743000,2015-10-13 09:30,21.735,21.96,21.635,21.8,17327092
1444829400,2015-10-14 09:30,21.805,22.09,21.76,21.975,13385994
1444915800,2015-10-15 09:30,21.995,22.146,21.75245,22.035,9153038
1445002200,2015-10-16 09:30,22.14,22.195,21.89,22.045,14481062
1445261400,2015-10-19 09:30,21.895,21.98,21.78,21.89,7809934
1445347800,2015-10-20 09:30,21.865,22.115,21.825,21.925,7618404
1445434200,2015-10-21 09:30,21.925,21.995,21.69,21.73,11033010
1445520600,2015-10-22 09:30,21.99,22.345,21.93415,22.325,14517994
1445607000,2015-10-23 09:30,22.535,22.6,22.3875,22.51,13013084
1445866200,2015-10-26 09:30,22.475,22.5416,22.3175,22.325,7989102
1445952600,2015-10-27 09:30,22.195,22.335,22.0425,22.23,12333442
1446039000,2015-10-28 09:30,22.195,22.61,22.195,22.565,15291036
1446125400,2015-10-29 09:30,22.455,22.66,22.44,22.61,10736248
1446211800,2015-10-30 09:30,22.6,22.8275,22.575,22.64,12850134
1446474600,2015-11-02 09:30,22.675,22.89,22.62,22.78,22701490
1446561000,2015-11-03 09:30,22.72,23.0425,22.705,22.87,15207872
1446647400,2015-11-04 09:30,22.83,22.99,22.71,22.72,13682358
1446733800,2015-11-05 09:30,22.69,22.69,22.425,22.605,20569906
1446820200,2015-11-06 09:30,22.42,22.7,22.385,22.665,9202806
1447079400,2015-11-09 09:30,22.56,22.66,22.31,22.51,10764180
1447165800,2015-11-10 09:30,22.43,22.5,22.2075,22.345,9809192
1447252200,2015-11-11 09:30,22.395,22.44,22.2325,22.37,12558826
1447338600,2015-11-12 09:30,22.14,22.17,21.92,21.92,18044452
1447425000,2015-11-13 09:30,21.905,22.315,21.87,22.2,14164762
1447684200,2015-11-16 09:30,22.245,22.5,22.165,22.485,15462990
1447770600,2015-11-17 09:30,22.525,22.685,22.4,22.46,25502248
1447857000,2015-11-18 09:30,22.54,22.8775,22.48075,22.86,15760512
1447943400,2015-11-19 09:30,22.805,22.965,22.795,22.835,10586106
1448029800,2015-11-20 09:30,22.89,22.995,22.71,22.765,7459470
1448289000,2015-11-23 09:30,22.8,22.97,22.7575,22.795,7656258
1448375400,2015-11-24 09:30,22.615,23.045,22.615,22.985,12506734
1448461800,2015-11-25 09:30,22.985,23.025,22.81,22.84,8317976
1448634600,2015-11-27 09:30,22.81,22.855,22.705,22.81,2541542
1448893800,2015-11-30 09:30,22.87,22.97,22.785,22.865,13122632
1448980200,2015-12-01 09:30,22.88,23.03,22.8,23.025,15434072
1449066600,2015-12-02 09:30,22.955,23.01,22.64,22.715,16011774
1449153000,2015-12-03 09:30,22.825,22.865,22.3975,22.515,11657560
1449239400,2015-12-04 09:30,22.565,22.97,22.495,22.91,11215492
1449498600,2015-12-07 09:30,22.785,22.895,22.355,22.5,12326128
1449585000,2015-12-08 09:30,22.265,22.455,22.045,22.075,14852386
1449671400,2015-12-09 09:30,22.645,23.03,22.505,22.74,25922882
1449757800,2015-12-10 09:30,22.6,22.785,22.42,22.57,10571598
1449844200,2015-12-11 09:30,21.985,22.235,21.94,21.97,19088450
1450103400,2015-12-14 09:30,21.855,21.93,21.485,21.68,17774336
1450189800,2015-12-15 09:30,21.9,22.02995,21.7525,21.8,10094006
1450276200,2015-12-16 09:30,21.915,22.045,21.615,22.025,16132828
1450362600,2015-12-17 09:30,22.06,22.06,21.585,21.585,18393008
1450449000,2015-12-18 09:30,21.38,21.525,21.135,21.135,28498498
1450708200,2015-12-21 09:30,21.28,21.385,21.145,21.325,11774190
1450794600,2015-12-22 09:30,21.435,21.695,21.365,21.595,10536402
1450881000,2015-12-23 09:30,21.75,22.14,21.75,22.105,11639226
1450967400,2015-12-24 09:30,22.055,22.145,22.01,22.055,7434024
1451313000,2015-12-28 09:30,21.96,21.96,21.77,21.9,8323122
1451399400,2015-12-29 09:30,22.025,22.1825,22.015,22.105,7770764
1451485800,2015-12-30 09:30,22.035,22.105,21.87,21.9,6678144
1451572200,2015-12-31 09:30,21.85,21.965,21.71,21.71,9359028
1451917800,2016-01-04 09:30,21.36,21.43,21.1275,21.37,28860380
1452004200,2016-01-05 09:30,21.46,21.46,21.2,21.36,18997916
1452090600,2016-01-06 09:30,21.07,21.09,20.6825,20.8,18614764
1452177000,2016-01-07 09:30,20.42,20.6225,20.125,20.235,25159348
1452263400,2016-01-08 09:30,20.43,20.45,19.975,20.03,17400352
1452522600,2016-01-11 09:30,20.135,20.14,19.535,19.69,20131306
1452609000,2016-01-12 09:30,19.98,19.98,19.475,19.72,14540518
1452695400,2016-01-13 09:30,19.865,19.905,19.24,19.265,21619168
1452781800,2016-01-14 09:30,19.34,19.6675,19.105,19.525,20745186
1452868200,2016-01-15 09:30,19.125,19.255,18.875,19.125,18717792
1453213800,2016-01-19 09:30,19.3,19.365,18.645,18.89,19731146
1453300200,2016-01-20 09:30,18.47,18.91,18.1463,18.75,25650774
1453386600,2016-01-21 09:30,18.84,19.055,18.5875,18.915,23401304
1453473000,2016-01-22 09:30,19.27,19.54,19.075,19.255,19075210
1453732200,2016-01-25 09:30,19.07,19.11,18.61,18.64,22283462
1453818600,2016-01-26 09:30,18.84,19.01,18.6425,18.96,15175614
1453905000,2016-01-27 09:30,18.925,19.25,18.76,18.81,15628692
1453991400,2016-01-28 09:30,18.98,19.01,18.67175,18.84,13311004
1454077800,2016-01-29 09:30,18.995,19.4,18.85,19.385,16002018
1454337000,2016-02-01 09:30,19.275,19.515,19.04,19.465,27190800
1454423400,2016-02-02 09:30,19.39,19.435,19.11,19.335,23018776
1454509800,2016-02-03 09:30,19.565,19.985,19.315,19.985,28828450
1454596200,2016-02-04 09:30,20.065,20.675,20.05,20.54,29180814
1454682600,2016-02-05 09:30,20.385,20.59375,20.235,20.305,22863734
1454941800,2016-02-08 09:30,20,20.16,19.4825,19.77,23207440
1455028200,2016-02-09 09:30,19.58,20.115,19.58,20.015,20513592
1455114600,2016-02-10 09:30,20.1,20.305,19.775,19.825,22744718
1455201000,2016-02-11 09:30,19.42,19.67505,19.235,19.395,27070090
1455287400,2016-02-12 09:30,19.67,19.97,19.45,19.97,17192782
1455633000,2016-02-16 09:30,20.17,20.3,19.915,20.275,13573648
1455719400,2016-02-17 09:30,20.44,20.79,20.435,20.675,14988440
1455805800,2016-02-18 09:30,20.7,20.705,20.465,20.615,10820316
1455892200,2016-02-19 09:30,20.505,20.52,20.29,20.375,11860946
1456151400,2016-02-22 09:30,20.605,20.835,20.575,20.765,10720940
1456237800,2016-02-23 09:30,20.6,20.61,20.22,20.255,13067472
1456324200,2016-02-24 09:30,20.05,20.49,19.955,20.465,20284886
1456410600,2016-02-25 09:30,20.515,20.745,20.3325,20.73,10271320
1456497000,2016-02-26 09:30,20.9,21.145,20.9,21.03,13506160
1456756200,2016-02-29 09:30,21.07,21.28,20.89,20.9,13677984
1456842600,2016-03-01 09:30,21.15,21.49,21.0156,21.435,24185084
1456929000,2016-03-02 09:30,21.195,21.395,21.13125,21.35,19728698
1457015400,2016-03-03 09:30,21.305,21.535,21.265,21.48,17211376
1457101800,2016-03-04 09:30,21.505,21.87,21.4325,21.73,19815508
1457361000,2016-03-07 09:30,21.74,22.03,21.735,21.98,15768786
1457447400,2016-03-08 09:30,21.8,21.805,21.425,21.55,12577700
1457533800,2016-03-09 09:30,21.665,21.79,21.535,21.685,11225616
1457620200,2016-03-10 09:30,21.74,21.93,21.55,21.8,15158158
1457706600,2016-03-11 09:30,22.015,22.26,22.015,22.2,10039918
1457962200,2016-03-14 09:30,22.06,22.17,21.965,22.05,10943934
1458048600,2016-03-15 09:30,21.85,22.1,21.72,22.1,9968654
1458135000,2016-03-16 09:30,21.75,22.285,21.75,22.285,14579466
1458221400,2016-03-17 09:30,22.245,22.765,22.245,22.695,15562238
1458307800,2016-03-18 09:30,22.755,22.87,22.585,22.71,15260388
1458567000,2016-03-21 09:30,22.66,22.815,22.38,22.815,10149492
1458653400,2016-03-22 09:30,22.375,22.64,22.34,22.555,8192250
1458739800,2016-03-23 09:30,22.365,22.435,22.235,22.275,11327224
1458826200,2016-03-24 09:30,22.09,22.285,21.995,22.275,7524144
1459171800,2016-03-28 09:30,22.25,22.45,22.23,22.37,7898676
1459258200,2016-03-29 09:30,22.215,22.5,22.14,22.495,8191110
1459344600,2016-03-30 09:30,22.595,22.6911,22.5,22.595,8072658
1459431000,2016-03-31 09:30,22.62,22.65,22.3305,22.405,11115528
1459517400,2016-04-01 09:30,22.245,22.62,22.08,22.62,17181092
1459776600,2016-04-04 09:30,22.475,22.605,22.285,22.325,11321110
1459863000,2016-04-05 09:30,22.16,22.295,22.13,22.185,10966322
1459949400,2016-04-06 09:30,22.13,22.44,21.985,22.44,11345476
1460035800,2016-04-07 09:30,22.27,22.305,22.02,22.115,10134162
1460122200,2016-04-08 09:30,22.235,22.51,22.235,22.26,8811534
1460381400,2016-04-11 09:30,22.46,22.595,22.36,22.36,7691376
1460467800,2016-04-12 09:30,22.495,22.71,22.37,22.67,9409768
1460554200,2016-04-13 09:30,22.815,22.97,22.795,22.895,9651806
1460640600,2016-04-14 09:30,22.995,23.035,22.86,22.91,7076610
1460727000,2016-04-15 09:30,22.97,23.03,22.82335,23.015,6874854
1460986200,2016-04-18 09:30,22.9,23.1225,22.815,23.12,8931374
1461072600,2016-04-19 09:30,23.21,23.63,23.175,23.615,12652160
1461159000,2016-04-20 09:30,23.645,23.66,23.48495,23.545,13013350
1461245400,2016-04-21 09:30,23.615,23.705,23.435,23.44,12141278
1461331800,2016-04-22 09:30,23.515,23.67825,23.47505,23.605,10859522
1461591000,2016-04-25 09:30,23.58,23.58,23.345,23.525,9203784
1461677400,2016-04-26 09:30,23.545,23.745,23.525,23.715,10080042
1461763800,2016-04-27 09:30,23.775,23.94,23.66835,23.915,11411574
1461850200,2016-04-28 09:30,23.735,23.955,23.59,23.69,11328200
1461936600,2016-04-29 09:30,23.61,23.77,23.39,23.55,12743830
1462195800,2016-05-02 09:30,23.645,23.65005,23.405,23.635,12408002
1462282200,2016-05-03 09:30,23.415,23.43,23.145,23.245,18644428
1462368600,2016-05-04 09:30,23.04,23.185,22.86,23.01,16141276
1462455000,2016-05-05 09:30,23.155,23.19,22.855,22.895,13941986
1462541400,2016-05-06 09:30,22.845,23.1,22.77,23.08,13554530
1462800600,2016-05-09 09:30,22.905,22.93945,22.77,22.8,13138172
1462887000,2016-05-10 09:30,22.915,23.2,22.87,23.18,13576320
1462973400,2016-05-11 09:30,23.22,23.3,23.085,23.1,11365012
1463059800,2016-05-12 09:30,23.52,23.595,23.12,23.2,19875250
1463146200,2016-05-13 09:30,23.19,23.31,22.89,22.975,11247898
1463405400,2016-05-16 09:30,23.025,23.395,23.015,23.37,11674286
1463491800,2016-05-17 09:30,23.255,23.485,23.2,23.25,12844898
1463578200,2016-05-18 09:30,23.12,23.29,22.79,22.895,19189512
1463664600,2016-05-19 09:30,22.85,23.005,22.70925,22.975,12529768
1463751000,2016-05-20 09:30,23.07,23.235,23.055,23.14,9825244
1464010200,2016-05-23 09:30,23.25,23.515,23.24,23.41,8569452
1464096600,2016-05-24 09:30,23.485,23.62,23.445,23.565,9029342
1464183000,2016-05-25 09:30,24.01,24.01,23.7,23.855,11248078
1464269400,2016-05-26 09:30,23.93,24.09,23.585,23.6,6667262
1464355800,2016-05-27 09:30,23.5,23.675,23.5,23.59,8625610
1464701400,2016-05-31 09:30,23.7,23.7,23.4325,23.47,8903772
1464787800,2016-06-01 09:30,23.425,23.545,23.185,23.5,9823626
1464874200,2016-06-02 09:30,23.475,23.645,23.37,23.63,6764094
1464960600,2016-06-03 09:30,23.735,23.885,23.585,23.83,9948354
1465219800,2016-06-06 09:30,23.935,24.1,23.895,24.075,13869474
1465306200,2016-06-07 09:30,24.095,24.165,23.98,24.085,7281344
1465392600,2016-06-08 09:30,24.24,24.3,24.14,24.225,7884446
1465479000,2016-06-09 09:30,24.1,24.108,23.94,24.05,7931146
1465565400,2016-06-10 09:30,23.9,24.01,23.81,23.87,9617766
1465824600,2016-06-13 09:30,23.88,23.96495,23.6,23.605,10637736
1465911000,2016-06-14 09:30,23.535,23.61,23.2725,23.43,15125040
1465997400,2016-06-15 09:30,23.52,23.7,23.48,23.535,8335786
1466083800,2016-06-16 09:30,23.435,23.625,23.23,23.615,11745328
1466170200,2016-06-17 09:30,23.45,23.65,23.395,23.6,11854178
1466429400,2016-06-20 09:30,23.825,24.03,23.72,23.735,11931944
1466515800,2016-06-21 09:30,23.755,23.79,23.5825,23.67,6126764
1466602200,2016-06-22 09:30,23.69,23.78,23.655,23.695,6083480
1466688600,2016-06-23 09:30,23.93,24.07,23.9,24.06,7116460
1466775000,2016-06-24 09:30,23.24,23.535,22.95,23.01,24895014
1467034200,2016-06-27 09:30,22.835,22.835,22.11,22.235,18118650
1467120600,2016-06-28 09:30,22.415,22.56,22.19,22.425,20741122
1467207000,2016-06-29 09:30,22.7,22.88,22.645,22.805,13310922
1467293400,2016-06-30 09:30,22.87,23.18,22.745,23.17,11955566
1467379800,2016-07-01 09:30,23.17,23.32825,23.105,23.18,9928238
1467725400,2016-07-05 09:30,23.06,23.15,22.68,22.76,11140226
1467811800,2016-07-06 09:30,22.68,22.88,22.5067,22.85,11675850
1467898200,2016-07-07 09:30,22.77,23.095,22.77,22.91,8517248
1467984600,2016-07-08 09:30,23.07,23.525,23.07,23.48,10482958
1468243800,2016-07-11 09:30,23.56,23.66,23.5,23.595,9244508
1468330200,2016-07-12 09:30,23.775,24.155,23.76,24.025,13508484
1468416600,2016-07-13 09:30,24.065,24.125,23.94505,24.09,7860838
1468503000,2016-07-14 09:30,24.185,24.34995,24.1582,24.305,9951054
1468589400,2016-07-15 09:30,24.39,24.46,24.325,24.39,7262284
1468848600,2016-07-18 09:30,24.39,24.575,24.235,24.55,5910986
1468935000,2016-07-19 09:30,24.42,24.51,24.305,24.405,7029514
1469021400,2016-07-20 09:30,24.345,24.48,24.235,24.415,8024450
1469107800,2016-07-21 09:30,24.43,24.435,24.175,24.265,7250554
1469194200,2016-07-22 09:30,24.29,24.385,24.225,24.33,7778774
1469453400,2016-07-25 09:30,24.305,24.305,24.125,24.29,9678332
1469539800,2016-07-26 09:30,24.285,24.49,24.265,24.475,8344250
1469626200,2016-07-27 09:30,24.495,24.59,24.325,24.505,8514142
1469712600,2016-07-28 09:30,24.45,24.55,24.3275,24.47,7331296
1469799000,2016-07-29 09:30,24.4,24.42,24.175,24.345,8545624
1470058200,2016-08-01 09:30,24.35,24.35,24.1118,24.21,7131674
1470144600,2016-08-02 09:30,24.19,24.26175,23.985,24.145,12103198
1470231000,2016-08-03 09:30,24.185,24.3,24.03,24.205,6950744
1470317400,2016-08-04 09:30,24.205,24.37,24.155,24.305,7105026
1470403800,2016-08-05 09:30,24.34,24.435,24.2975,24.385,6312016
1470663000,2016-08-08 09:30,24.41,24.505,24.375,24.435,9463530
1470749400,2016-08-09 09:30,24.445,24.53,24.31,24.36,7983760
1470835800,2016-08-10 09:30,24.405,24.47275,24.33,24.365,4511488
1470922200,2016-08-11 09:30,24.485,24.515,24.34,24.47,5391438
1471008600,2016-08-12 09:30,24.47,24.495,24.16,24.21,6764376
1471267800,2016-08-15 09:30,24.295,24.515,24.28,24.455,4634148
1471354200,2016-08-16 09:30,24.495,24.59,24.315,24.325,6769286
1471440600,2016-08-17 09:30,24.305,24.3575,24.1025,24.305,6152760
1471527000,2016-08-18 09:30,24.315,24.46,24.30505,24.46,6755848
1471613400,2016-08-19 09:30,24.4,24.53,24.255,24.495,9812206
1471872600,2016-08-22 09:30,24.405,24.495,24.275,24.46,6099970
1471959000,2016-08-23 09:30,24.675,24.785,24.615,24.67,8259448
1472045400,2016-08-24 09:30,24.635,24.635,24.355,24.385,7807832
1472131800,2016-08-25 09:30,24.36,24.535,24.355,24.505,6776304
1472218200,2016-08-26 09:30,24.6,24.76,24.265,24.365,11969650
1472477400,2016-08-29 09:30,24.33,24.63995,24.325,24.585,5967546
1472563800,2016-08-30 09:30,24.575,24.705,24.48,24.525,7531690
1472650200,2016-08-31 09:30,24.4,24.44,24.225,24.28,8380338
1472736600,2016-09-01 09:30,24.355,24.41,24.2,24.38,9463696
1472823000,2016-09-02 09:30,24.565,24.625,24.49,24.625,6608966
1473168600,2016-09-06 09:30,24.65,24.715,24.465,24.57,6408586
1473255000,2016-09-07 09:30,24.515,24.605,24.38,24.535,11484106
1473341400,2016-09-08 09:30,24.49,24.545,24.355,24.43,5730246
1473427800,2016-09-09 09:30,24.25,24.265,23.695,23.72,17347320
1473687000,2016-09-12 09:30,23.58,24.01,23.535,23.945,13025540
1473773400,2016-09-13 09:30,23.7,23.795,23.345,23.5,20947936
1473859800,2016-09-14 09:30,23.5,23.59,23.375,23.445,15579506
1473946200,2016-09-15 09:30,23.41,23.645,23.355,23.595,12250048
1474032600,2016-09-16 09:30,23.315,23.42,23.275,23.38,17158004
1474291800,2016-09-19 09:30,23.485,23.5675,23.375,23.415,7353042
1474378200,2016-09-20 09:30,23.59,23.62,23.34,23.345,7998774
1474464600,2016-09-21 09:30,23.475,23.73,23.43,23.7,11192468
1474551000,2016-09-22 09:30,23.87,23.98,23.715,23.775,5991382
1474637400,2016-09-23 09:30,23.695,23.81,23.65,23.655,8620414
1474896600,2016-09-26 09:30,23.67,23.705,23.515,23.545,7515626
1474983000,2016-09-27 09:30,23.465,23.635,23.425,23.615,6643504
1475069400,2016-09-28 09:30,23.67,23.91,23.56,23.885,9133218
1475155800,2016-09-29 09:30,23.79,23.95,23.625,23.7,9322702
1475242200,2016-09-30 09:30,23.845,23.96,23.77,23.875,9390540
1475501400,2016-10-03 09:30,23.89,23.955,23.815,23.845,16199472
1475587800,2016-10-04 09:30,23.88,23.925,23.48005,23.52,11833584
1475674200,2016-10-05 09:30,23.565,23.78495,23.565,23.68,13485574
1475760600,2016-10-06 09:30,23.625,23.8875,23.59,23.875,10459550
1475847000,2016-10-07 09:30,23.905,23.905,23.35,23.43,11781702
1476106200,2016-10-10 09:30,23.57,23.74,23.52,23.57,6183884
1476192600,2016-10-11 09:30,23.405,23.43,23.1,23.25,22701078
1476279000,2016-10-12 09:30,23.27,23.29,23.0905,23.205,8116312
1476365400,2016-10-13 09:30,22.955,23.14,22.78,23.085,9894102
1476451800,2016-10-14 09:30,23.185,23.325,23.135,23.16,9537412
1476711000,2016-10-17 09:30,23.17,23.265,23.135,23.18,6538158
1476797400,2016-10-18 09:30,23.41,23.46,23.31,23.39,5839698
1476883800,2016-10-19 09:30,23.445,23.6,23.355,23.56,5369586
1476970200,2016-10-20 09:30,23.53,23.6175,23.3775,23.54,5456394
1477056600,2016-10-21 09:30,23.35,23.545,23.3,23.53,7725792
1477315800,2016-10-24 09:30,23.62,23.66,23.525,23.585,6041430
1477402200,2016-10-25 09:30,23.48,23.575,23.3175,23.37,6744044
1477488600,2016-10-26 09:30,23.34,23.375,23.2281,23.335,6690220
1477575000,2016-10-27 09:30,23.395,23.435,23.2,23.305,9517124
1477661400,2016-10-28 09:30,23.375,23.5575,23.24,23.365,10611496
1477920600,2016-10-31 09:30,23.37,23.445,23.3275,23.375,14324200
1478007000,2016-11-01 09:30,23.425,23.52,23.11,23.24,28453894
1478093400,2016-11-02 09:30,23.275,23.32,23.115,23.115,11679670
1478179800,2016-11-03 09:30,23.1,23.2375,23.06,23.12,8482738
1478266200,2016-11-04 09:30,23.12,23.325,23.085,23.2,8831320
1478529000,2016-11-07 09:30,23.47,23.555,23.395,23.555,14197092
1478615400,2016-11-08 09:30,23.495,23.705,23.445,23.63,10583698
1478701800,2016-11-09 09:30,23.615,24.185,23.425,24.13,29530294
1478788200,2016-11-10 09:30,24.24,24.53,24.23,24.41,40670714
1478874600,2016-11-11 09:30,24.375,24.4,23.925,24.075,13428078
1479133800,2016-11-14 09:30,24.185,24.21,23.98,24.13,16677906
1479220200,2016-11-15 09:30,24.115,24.235,23.945,24.23,13921380
1479306600,2016-11-16 09:30,24.175,24.27,24.10345,24.185,7432976
1479393000,2016-11-17 09:30,24.26,24.28,24.07,24.195,8271732
1479479400,2016-11-18 09:30,24.19,24.19,24.0875,24.16,7788324
1479738600,2016-11-21 09:30,24.195,24.455,24.195,24.445,7598218
1479825000,2016-11-22 09:30,24.51,24.645,24.44,24.595,10270108
1479911400,2016-11-23 09:30,24.55,24.72,24.48,24.705,6997646
1480084200,2016-11-25 09:30,24.73,24.795,24.6875,24.78,3205178
1480343400,2016-11-28 09:30,24.795,24.795,24.62505,24.68,9059382
1480429800,2016-11-29 09:30,24.595,24.80495,24.5,24.705,6861388
1480516200,2016-11-30 09:30,24.835,25.03,24.755,24.97,14855452
1480602600,2016-12-01 09:30,25.055,25.165,24.905,24.98,16413434
1480689000,2016-12-02 09:30,24.96,25.0675,24.845,24.99,12528264
1480948200,2016-12-05 09:30,25.09,25.27,25.03,25.185,10625800
1481034600,2016-12-06 09:30,25.185,25.22,25.025,25.215,13429622
1481121000,2016-12-07 09:30,25.265,25.59,25.215,25.575,14901424
1481207400,2016-12-08 09:30,25.605,25.845,25.59495,25.745,14014218
1481293800,2016-12-09 09:30,25.81,25.81,25.62,25.75,8984836
1481553000,2016-12-12 09:30,25.785,25.845,25.62,25.635,9474972
1481639400,2016-12-13 09:30,25.73,25.745,25.4375,25.595,9274570
1481725800,2016-12-14 09:30,25.59,25.63,25.24505,25.29,18738332
1481812200,2016-12-15 09:30,25.2,25.52,25.155,25.455,12862078
1481898600,2016-12-16 09:30,25.395,25.395,25.145,25.21,10354676
1482157800,2016-12-19 09:30,25.135,25.23,25.065,25.16,6404530
1482244200,2016-12-20 09:30,25.13,25.2,25.045,25.18,8852834
1482330600,2016-12-21 09:30,25.275,25.293,25.15,25.19,6560270
1482417000,2016-12-22 09:30,25.165,25.195,25.01,25.085,6630878
1482503400,2016-12-23 09:30,25.155,25.155,24.985,25.135,4314796
1482849000,2016-12-27 09:30,25.205,25.3005,25.105,25.27,7773054
1482935400,2016-12-28 09:30,25.365,25.485,24.995,25.015,6155620
1483021800,2016-12-29 09:30,25.005,25.12,24.97575,25.015,5727236
1483108200,2016-12-30 09:30,25.05,25.09,24.75,24.85,9859816
1483453800,2017-01-03 09:30,24.915,25.135,24.815,24.995,15474932
1483540200,2017-01-04 09:30,25.095,25.405,25.095,25.36,9084690
1483626600,2017-01-05 09:30,25.33,25.425,25.2,25.285,7806034
1483713000,2017-01-06 09:30,25.285,25.33,25.1663,25.31,5894164
1483972200,2017-01-09 09:30,25.29,25.545,25.265,25.305,14201192
1484058600,2017-01-10 09:30,25.32,25.415,25.21035,25.32,5688322
1484145000,2017-01-11 09:30,25.275,25.5375,25.275,25.525,13199806
1484231400,2017-01-12 09:30,25.525,25.525,25.315,25.475,6312002
1484317800,2017-01-13 09:30,25.48,25.505,25.37,25.435,4896898
1484663400,2017-01-17 09:30,25.37,25.43,25.24,25.32,7363314
1484749800,2017-01-18 09:30,25.39,25.505,25.305,25.48,6073380
1484836200,2017-01-19 09:30,25.51,25.565,25.225,25.32,6606400
1484922600,2017-01-20 09:30,25.41,25.5875,25.39,25.545,10013722
1485181800,2017-01-23 09:30,25.545,25.635,25.4475,25.595,8322182
1485268200,2017-01-24 09:30,25.69,26.315,25.69,26.255,15961950
1485354600,2017-01-25 09:30,26.365,26.455,26.19995,26.43,16441878
1485441000,2017-01-26 09:30,26.435,26.63,26.37,26.5,10641176
1485527400,2017-01-27 09:30,26.435,26.485,26.35,26.405,9305138
1485786600,2017-01-30 09:30,26.31,26.31,26.02375,26.135,12086132
1485873000,2017-01-31 09:30,26.125,26.145,25.875,25.98,11053348
1485959400,2017-02-01 09:30,25.97,26.16,25.8925,26.11,20149720
1486045800,2017-02-02 09:30,26.1,26.1,25.905,25.995,10131418
1486132200,2017-02-03 09:30,26.035,26.07795,25.955,26.04,11083692
1486391400,2017-02-06 09:30,25.98,26.005,25.86,25.97,5445266
1486477800,2017-02-07 09:30,25.9,25.94,25.72715,25.765,8401600
1486564200,2017-02-08 09:30,25.75,25.835,25.665,25.825,9378386
1486650600,2017-02-09 09:30,25.835,25.895,25.76,25.815,16234862
1486737000,2017-02-10 09:30,25.93,26.09,25.915,26.05,6954962
1486996200,2017-02-13 09:30,26.15,26.335,26.15,26.265,7428136
1487082600,2017-02-14 09:30,26.22,26.2725,26.0875,26.26,7324564
1487169000,2017-02-15 09:30,26.19,26.31,26.175,26.225,6209808
1487255400,2017-02-16 09:30,26.25,26.37725,26.14,26.225,6408880
1487341800,2017-02-17 09:30,26.175,26.21,26.055,26.15,7928274
1487687400,2017-02-21 09:30,26.135,26.31,26.09,26.235,14751866
1487773800,2017-02-22 09:30,26.13,26.45,26.115,26.305,10228866
1487860200,2017-02-23 09:30,26.36,26.455,26.135,26.16,7070524
1487946600,2017-02-24 09:30,26.05,26.235,26.01,26.215,9624660
1488205800,2017-02-27 09:30,26.215,26.365,26.11,26.15,12595664
1488292200,2017-02-28 09:30,26.13,26.25,26.085,26.125,7724490
1488378600,2017-03-01 09:30,26.365,26.72,26.365,26.635,11802190
1488465000,2017-03-02 09:30,26.615,26.6265,26.35,26.35,9149368
1488551400,2017-03-03 09:30,26.35,26.435,26.26,26.33,5924256
1488810600,2017-03-06 09:30,26.235,26.305,26.12,26.16,7113428
1488897000,2017-03-07 09:30,26.175,26.2,26.0025,26.015,7676284
1488983400,2017-03-08 09:30,26.035,26.285,25.975,26.015,10178268
1489069800,2017-03-09 09:30,26.05,26.0825,25.81,25.935,9039680
1489156200,2017-03-10 09:30,26.075,26.1375,25.935,26.055,9538182
1489411800,2017-03-13 09:30,26.085,26.135,26.015,26.13,7070374
1489498200,2017-03-14 09:30,26.025,26.045,25.875,25.905,11313020
1489584600,2017-03-15 09:30,26.015,26.365,25.9925,26.32,11398090
1489671000,2017-03-16 09:30,26.38,26.415,26.1,26.14,13080158
1489757400,2017-03-17 09:30,26.18,26.265,26.145,26.17,10261176
1490016600,2017-03-20 09:30,26.19,26.3275,26.09,26.31085,5510400
1490103000,2017-03-21 09:30,26.335,26.39,25.835,25.875,14679362
1490189400,2017-03-22 09:30,25.855,25.97,25.685,25.95,11302792
1490275800,2017-03-23 09:30,25.91,26.14,25.85,26.06,9532754
1490362200,2017-03-24 09:30,26.045,26.115,25.72,25.83,12040590
1490621400,2017-03-27 09:30,25.585,25.935,25.52,25.885,8577770
1490707800,2017-03-28 09:30,25.92,26.275,25.855,26.185,7867170
1490794200,2017-03-29 09:30,26.145,26.275,26.115,26.205,6022724
1490880600,2017-03-30 09:30,26.19,26.35,26.18,26.21,5983172
1490967000,2017-03-31 09:30,26.23,26.35,26.18,26.205,7425392
1491226200,2017-04-03 09:30,26.215,26.32125,25.895,26.105,9030934
1491312600,2017-04-04 09:30,26.085,26.2075,26.015,26.2,6526668
1491399000,2017-04-05 09:30,26.28,26.4933,26.155,26.18,10009762
1491485400,2017-04-06 09:30,26.205,26.42,26.12,26.32,6163998
1491571800,2017-04-07 09:30,26.245,26.385,26.215,26.295,5061812
1491831000,2017-04-10 09:30,26.295,26.3725,26.2,26.3,6923014
1491917400,2017-04-11 09:30,26.22,26.28,26.08,26.23,7831446
1492003800,2017-04-12 09:30,26.195,26.23995,25.8875,25.905,7779618
1492090200,2017-04-13 09:30,25.855,25.905,25.635,25.655,8386956
1492435800,2017-04-17 09:30,25.725,25.85,25.675,25.84,7701942
1492522200,2017-04-18 09:30,25.725,25.89,25.695,25.81,5073808
1492608600,2017-04-19 09:30,25.9,25.975,25.79995,25.845,6260448
1492695000,2017-04-20 09:30,25.96,26.235,25.94,26.13,8138784
1492781400,2017-04-21 09:30,26.11,26.1675,26.0275,26.1,7183290
1493040600,2017-04-24 09:30,26.385,26.47,26.34,26.4,11133592
1493127000,2017-04-25 09:30,26.63,26.86,26.615,26.825,15764520
1493213400,2017-04-26 09:30,26.785,26.91,26.72,26.82,6333890
1493299800,2017-04-27 09:30,26.785,26.84,26.585,26.76,9209970
1493386200,2017-04-28 09:30,26.705,26.785,26.535,26.535,8080004
1493645400,2017-05-01 09:30,26.66,26.66,26.475,26.55,7949564
1493731800,2017-05-02 09:30,26.56,26.635,26.475,26.595,6931638
1493818200,2017-05-03 09:30,26.485,26.545,26.2575,26.335,13197718
1493904600,2017-05-04 09:30,26.41,26.43,26.28,26.365,7487602
1493991000,2017-05-05 09:30,26.415,26.76,26.415,26.74,11447440
1494250200,2017-05-08 09:30,26.68,26.715,26.47,26.525,10216258
1494336600,2017-05-09 09:30,26.5,26.55,26.29,26.325,9386460
1494423000,2017-05-10 09:30,26.365,26.445,26.3,26.41,6388034
1494509400,2017-05-11 09:30,26.34,26.43,26.13,26.37,6680580
1494595800,2017-05-12 09:30,26.35,26.385,26.285,26.305,4718348
1494855000,2017-05-15 09:30,26.385,26.615,26.385,26.535,6526156
1494941400,2017-05-16 09:30,26.545,26.605,26.5025,26.54,6068816
1495027800,2017-05-17 09:30,26.355,26.375,25.975,25.98,16264872
1495114200,2017-05-18 09:30,25.88,26.06,25.675,25.995,13926696
1495200600,2017-05-19 09:30,26.045,26.33,26.04,26.22,9978666
1495459800,2017-05-22 09:30,26.31,26.375,26.1725,26.25,5743186
1495546200,2017-05-23 09:30,26.305,26.3675,26.235,26.27,7095906
1495632600,2017-05-24 09:30,26.325,26.505,26.32,26.445,6299806
1495719000,2017-05-25 09:30,26.54,26.605,26.3525,26.415,9707534
1495805400,2017-05-26 09:30,26.375,26.49,26.345,26.465,4240140
1496151000,2017-05-30 09:30,26.425,26.5075,26.37,26.46,5597624
1496237400,2017-05-31 09:30,26.495,26.545,26.285,26.54,12338910
1496323800,2017-06-01 09:30,26.525,26.89,26.52,26.86,15808116
1496410200,2017-06-02 09:30,26.85,26.9825,26.795,26.925,9810868
1496669400,2017-06-05 09:30,26.9,26.955,26.8025,26.84,5658642
1496755800,2017-06-06 09:30,26.765,26.93,26.7025,26.855,8257222
1496842200,2017-06-07 09:30,26.94,26.985,26.805,26.89,8332028
1496928600,2017-06-08 09:30,26.845,27.055,26.84,26.97,7152436
1497015000,2017-06-09 09:30,27.03,27.345,27.03,27.315,14996596
1497274200,2017-06-12 09:30,27.28,27.43,27.15,27.21,11520888
1497360600,2017-06-13 09:30,27.195,27.56,27.195,27.55,6725002
1497447000,2017-06-14 09:30,27.59,27.61,27.185,27.26,11182342
1497533400,2017-06-15 09:30,27.07,27.17,26.905,27.02,9720248
1497619800,2017-06-16 09:30,27.02,27.025,26.86,27.01,9150286
1497879000,2017-06-19 09:30,27.145,27.26,27.11,27.225,5012828
1497965400,2017-06-20 09:30,27.17,27.17,27.07,27.075,6916884
1498051800,2017-06-21 09:30,27.11,27.135,26.755,26.79,9522600
1498138200,2017-06-22 09:30,26.79,26.9183,26.77,26.82,6704224
1498224600,2017-06-23 09:30,26.885,27.005,26.78,26.925,6690702
1498483800,2017-06-26 09:30,27.015,27.05,26.895,27.005,8108124
1498570200,2017-06-27 09:30,27.06,27.095,26.83,26.84,7226380
1498656600,2017-06-28 09:30,27.035,27.15,26.985,27.085,6591982
1498743000,2017-06-29 09:30,27.075,27.12,26.6875,26.76,8811632
1498829400,2017-06-30 09:30,26.805,27.025,26.8,26.905,6258696
1499088600,2017-07-03 09:30,26.97,27.2075,26.945,27.14,6216976
1499261400,2017-07-05 09:30,27.17,27.18,26.96,27.05,11411472
1499347800,2017-07-06 09:30,26.9,27.075,26.85,26.93,9858882
1499434200,2017-07-07 09:30,26.975,27.1,26.87,27.07,5246782
1499693400,2017-07-10 09:30,27.065,27.3475,26.95505,27.24,7711722
1499779800,2017-07-11 09:30,27.24,27.27,27.035,27.2,4017206
1499866200,2017-07-12 09:30,27.345,27.54,27.3,27.515,5802444
1499952600,2017-07-13 09:30,27.54,27.5875,27.445,27.485,4266776
1500039000,2017-07-14 09:30,27.585,27.68,27.51,27.625,6508812
1500298200,2017-07-17 09:30,27.64,27.75,27.58,27.68,5979668
1500384600,2017-07-18 09:30,27.605,27.61,27.46,27.565,4634544
1500471000,2017-07-19 09:30,27.575,27.8475,27.575,27.83,6846100
1500557400,2017-07-20 09:30,27.765,27.775,27.5375,27.625,9041090
1500643800,2017-07-21 09:30,27.545,27.63495,27.505,27.63,5446926
1500903000,2017-07-24 09:30,27.6,27.645,27.4875,27.605,5522148
1500989400,2017-07-25 09:30,27.845,27.96,27.8075,27.9,9110434
1501075800,2017-07-26 09:30,27.88,27.88,27.6875,27.73,7623930
1501162200,2017-07-27 09:30,27.76,27.81,27.5,27.63,7578578
1501248600,2017-07-28 09:30,27.655,27.74,27.425,27.53,9382378
1501507800,2017-07-31 09:30,27.59,27.6225,27.3025,27.32,9019676
1501594200,2017-08-01 09:30,27.435,27.435,27.205,27.34,21064306
1501680600,2017-08-02 09:30,27.26,27.405,27.14,27.365,6438916
1501767000,2017-08-03 09:30,27.455,27.455,27.13,27.16,7983570
1501853400,2017-08-04 09:30,27.24,27.32,27.225,27.29,5272666
1502112600,2017-08-07 09:30,27.33,27.4025,27.285,27.305,5056256
1502199000,2017-08-08 09:30,27.25,27.275,27.0325,27.09,8324018
1502285400,2017-08-09 09:30,27.07,27.1475,27.025,27.115,6909726
1502371800,2017-08-10 09:30,27.015,27.06,26.78,26.805,12957644
1502458200,2017-08-11 09:30,26.725,26.84,26.705,26.74,7829984
1502717400,2017-08-14 09:30,26.88,27.0325,26.88,26.99,7159644
1502803800,2017-08-15 09:30,27.01,27.045,26.915,26.995,3973020
1502890200,2017-08-16 09:30,27.085,27.26,27.08,27.26,10653340
1502976600,2017-08-17 09:30,27.17,27.215,26.84,26.845,8904092
1503063000,2017-08-18 09:30,26.75,26.9725,26.735,26.855,7537320
1503322200,2017-08-21 09:30,26.9,26.9525,26.815,26.88,5403196
1503408600,2017-08-22 09:30,26.955,27.23,26.955,27.23,6240754
1503495000,2017-08-23 09:30,27.11,27.2675,27.08,27.18,8219206
1503581400,2017-08-24 09:30,27.175,27.225,27.095,27.13,5330332
1503667800,2017-08-25 09:30,27.23,27.2725,27.1575,27.215,5828878
1503927000,2017-08-28 09:30,27.315,27.315,27.14,27.255,4621618
1504013400,2017-08-29 09:30,27.09,27.16,27.0175,27.125,6019616
1504099800,2017-08-30 09:30,27.105,27.3525,27.0275,27.325,10283834
1504186200,2017-08-31 09:30,27.45,27.59495,27.425,27.535,9280504
1504272600,2017-09-01 09:30,27.63,27.74315,27.5625,27.715,10567394
1504618200,2017-09-05 09:30,27.74,27.81,27.37,27.4,13655936
1504704600,2017-09-06 09:30,27.425,27.5075,27.2675,27.47,12517022
1504791000,2017-09-07 09:30,27.505,27.53,27.34,27.515,8885260
1504877400,2017-09-08 09:30,27.495,27.535,27.3825,27.505,5438440
1505136600,2017-09-11 09:30,27.655,27.9375,27.605,27.865,10144626
1505223000,2017-09-12 09:30,27.99,28.195,27.985,28.1,13287374
1505309400,2017-09-13 09:30,28.105,28.115,27.95,28.09,8780576
1505395800,2017-09-14 09:30,28.09,28.2275,28.02445,28.185,8557516
1505482200,2017-09-15 09:30,28.015,28.085,27.94,28.035,9401798
1505741400,2017-09-18 09:30,28.09,28.22,28.04,28.19,8851380
1505827800,2017-09-19 09:30,28.28,28.35,28.16,28.335,6063926
1505914200,2017-09-20 09:30,28.425,28.4925,28.28,28.435,8864812
1506000600,2017-09-21 09:30,28.38,28.4775,28.37,28.375,6344838
1506087000,2017-09-22 09:30,28.325,28.365,28.23,28.275,5887122
1506346200,2017-09-25 09:30,28.255,28.325,28.125,28.325,10978060
1506432600,2017-09-26 09:30,28.35,28.385,28.19,28.2,5490642
1506519000,2017-09-27 09:30,28.235,28.275,27.995,28.2,7937238
1506605400,2017-09-28 09:30,28.175,28.405,28.1,28.4,8713406
1506691800,2017-09-29 09:30,28.38,28.4375,28.265,28.4,8288866
1506951000,2017-10-02 09:30,28.365,28.71,28.355,28.71,15031880
1507037400,2017-10-03 09:30,28.75,28.8425,28.6675,28.83,7337692
1507123800,2017-10-04 09:30,28.86,28.925,28.82,28.84,7681022
1507210200,2017-10-05 09:30,28.9,29.015,28.86,29.015,7339968
1507296600,2017-10-06 09:30,28.89,28.965,28.835,28.95,5262350
1507555800,2017-10-09 09:30,28.98,28.9925,28.85,28.945,3339032
1507642200,2017-10-10 09:30,29.055,29.055,28.865,28.965,5144498
1507728600,2017-10-11 09:30,28.95,28.98,28.83,28.98,4033598
1507815000,2017-10-12 09:30,28.92,29.075,28.91,29.035,6376214
1507901400,2017-10-13 09:30,29.22,29.25,29.16,29.175,6715734
1508160600,2017-10-16 09:30,29.305,29.32,29.07,29.155,6626206
1508247000,2017-10-17 09:30,29.12,29.14,29.005,29.08,5482108
1508333400,2017-10-18 09:30,29.09,29.11,28.985,29.01,8878578
1508419800,2017-10-19 09:30,28.95,29.12,28.85,29.12,5450772
1508506200,2017-10-20 09:30,29.23,29.37,29.22,29.37,9474738
1508765400,2017-10-23 09:30,29.46,29.585,29.3,29.315,6293030
1508851800,2017-10-24 09:30,29.39,29.5241,29.37,29.48,8450362
1508938200,2017-10-25 09:30,29.48,29.515,29.19505,29.325,11317802
1509024600,2017-10-26 09:30,29.575,29.80875,29.465,29.715,13985944
1509111000,2017-10-27 09:30,29.69,29.69,29.39,29.56,10382216
1509370200,2017-10-30 09:30,29.525,29.585,29.36,29.42,10491422
1509456600,2017-10-31 09:30,29.455,29.575,29.445,29.5,8011890
1509543000,2017-11-01 09:30,29.65,29.74,29.535,29.645,11202092
1509629400,2017-11-02 09:30,29.685,29.685,29.365,29.43,25637656
1509715800,2017-11-03 09:30,29.45,29.4524,29.2772,29.415,7582034
1509978600,2017-11-06 09:30,29.375,29.4975,29.26,29.29,7396686
1510065000,2017-11-07 09:30,29.335,29.38,29.23,29.32,7251928
1510151400,2017-11-08 09:30,29.365,29.405,29.27,29.35,5133318
1510237800,2017-11-09 09:30,29.2,29.2475,29.01,29.1,9454118
1510324200,2017-11-10 09:30,29.005,29.1325,28.9925,29.055,5700006
1510583400,2017-11-13 09:30,28.945,29.245,28.85,29.205,5408460
1510669800,2017-11-14 09:30,29.03,29.06,28.865,28.94,7373448
1510756200,2017-11-15 09:30,28.765,28.84,28.63,28.765,10961292
1510842600,2017-11-16 09:30,28.865,29.15,28.84,29.115,7014708
1510929000,2017-11-17 09:30,29.04,29.2475,29.015,29.155,5651810
1511188200,2017-11-20 09:30,29.13,29.2776,29.09,29.195,8318166
1511274600,2017-11-21 09:30,29.36,29.495,29.315,29.35,6200302
1511361000,2017-11-22 09:30,29.38,29.39,29.27,29.27,4751672
1511533800,2017-11-24 09:30,29.335,29.455,29.32,29.42,2446344
1511793000,2017-11-27 09:30,29.435,29.435,29.24,29.245,7602388
1511879400,2017-11-28 09:30,29.295,29.585,29.28,29.57,8801300
1511965800,2017-11-29 09:30,29.605,29.635,29.51,29.615,7738152
1512052200,2017-11-30 09:30,29.68,29.985,29.625,29.78,15017286
1512138600,2017-12-01 09:30,29.835,29.875,29.3075,29.535,16367704
1512397800,2017-12-04 09:30,29.745,30.0831,29.735,29.84,13046876
1512484200,2017-12-05 09:30,29.85,29.9,29.68,29.69,16453046
1512570600,2017-12-06 09:30,29.635,29.7,29.505,29.515,8077388
1512657000,2017-12-07 09:30,29.485,29.72,29.425,29.715,7160596
1512743400,2017-12-08 09:30,29.75,29.85,29.6475,29.715,10270380
1513002600,2017-12-11 09:30,29.795,29.88,29.71,29.755,10457484
1513089000,2017-12-12 09:30,29.815,29.855,29.73,29.76,12029050
1513175400,2017-12-13 09:30,29.78,29.88,29.7675,29.84,8363650
1513261800,2017-12-14 09:30,29.915,29.915,29.495,29.51,8369084
1513348200,2017-12-15 09:30,29.48,29.625,29.435,29.54,10057984
1513607400,2017-12-18 09:30,29.735,30,29.715,29.975,9742622
1513693800,2017-12-19 09:30,29.995,30.045,29.915,29.94,6309652
1513780200,2017-12-20 09:30,30.08,30.095,29.9475,29.95,9517052
1513866600,2017-12-21 09:30,30.085,30.12,29.94,30.055,6423794
1513953000,2017-12-22 09:30,30.105,30.195,30.045,30.17,6011140
1514298600,2017-12-26 09:30,30.185,30.22,30.125,30.145,3319692
1514385000,2017-12-27 09:30,30.2,30.2425,30.16,30.185,8373160
1514471400,2017-12-28 09:30,30.22,30.325,30.1525,30.32,3130750
1514557800,2017-12-29 09:30,30.435,30.435,30.235,30.265,4969640
1514903400,2018-01-02 09:30,30.425,30.705,30.345,30.695,17958478
1514989800,2018-01-03 09:30,30.775,30.945,30.705,30.91,9904548
1515076200,2018-01-04 09:30,31.04,31.2436,31.025,31.18,8240184
1515162600,2018-01-05 09:30,31.315,31.4625,31.245,31.43,9343996
1515421800,2018-01-08 09:30,31.46,31.505,31.3222,31.475,9078230
1515508200,2018-01-09 09:30,31.515,31.66,31.405,31.425,9510972
1515594600,2018-01-10 09:30,31.365,31.37,31.17,31.235,8440834
1515681000,2018-01-11 09:30,31.36,31.645,31.335,31.645,11642642
1515767400,2018-01-12 09:30,31.765,31.785,31.585,31.695,9097508
1516113000,2018-01-16 09:30,31.79,31.83,31.13,31.325,17025846
1516199400,2018-01-17 09:30,31.55,31.61,31.34,31.47,21698878
1516285800,2018-01-18 09:30,31.375,31.565,31.265,31.45,11787498
1516372200,2018-01-19 09:30,31.595,31.65625,31.465,31.64,9866484
1516631400,2018-01-22 09:30,31.595,31.595,31.395,31.565,11437934
1516717800,2018-01-23 09:30,31.5,31.585,31.335,31.56,8042972
1516804200,2018-01-24 09:30,31.64,31.855,31.56,31.695,11488374
1516890600,2018-01-25 09:30,31.84,32.04,31.7774,31.905,15536584
1516977000,2018-01-26 09:30,31.925,32.085,31.695,32.045,7762626
1517236200,2018-01-29 09:30,32.02,32.06,31.66,31.68,10662636
1517322600,2018-01-30 09:30,31.545,31.695,31.38,31.45,17635370
1517409000,2018-01-31 09:30,31.55,31.58,31.265,31.475,19825534
1517495400,2018-02-01 09:30,31.255,31.46,30.99,31.045,18972296
1517581800,2018-02-02 09:30,30.875,30.92,30.2055,30.23,19349330
1517841000,2018-02-05 09:30,30.105,30.437,29.075,29.075,37141422
1517927400,2018-02-06 09:30,28.65,30.075,28.57,30.025,38680582
1518013800,2018-02-07 09:30,29.89,30.3,29.755,29.755,33502088
1518100200,2018-02-08 09:30,29.8,29.865,28.7,28.71,25599986
1518186600,2018-02-09 09:30,29.025,29.405,28.31,29.21,52835036
1518445800,2018-02-12 09:30,29.44,29.975,29.355,29.8,20940360
1518532200,2018-02-13 09:30,29.68,29.86,29.61,29.725,13552630
1518618600,2018-02-14 09:30,29.48,30.185,29.42,30.125,15999402
1518705000,2018-02-15 09:30,30.34,30.37,29.98,30.35,12298152
1518791400,2018-02-16 09:30,30.21,30.535,30.105,30.24,16916942
1519137000,2018-02-20 09:30,30.11,30.33195,29.995,30.105,10487482
1519223400,2018-02-21 09:30,30.13,30.535,29.995,30,9994612
1519309800,2018-02-22 09:30,30.13,30.48,30.09,30.2,9058894
1519396200,2018-02-23 09:30,30.375,30.655,30.22,30.645,7063978
1519655400,2018-02-26 09:30,30.775,30.7975,30.473,30.78,6508914
1519741800,2018-02-27 09:30,30.75,30.795,30.355,30.355,11837184
1519828200,2018-02-28 09:30,30.44,30.47,29.81,29.815,11141388
1519914600,2018-03-01 09:30,29.8,29.925,29.29,29.51,19925022
1520001000,2018-03-02 09:30,29.335,29.56,29.1825,29.48,16019380
1520260200,2018-03-05 09:30,29.345,29.955,29.305,29.87,13161286
1520346600,2018-03-06 09:30,30.005,30.425,29.86,30.2,17614920
1520433000,2018-03-07 09:30,29.88,30.17,29.83,30.09,16786684
1520519400,2018-03-08 09:30,30.155,30.215,29.91,30.115,10334602
1520605800,2018-03-09 09:30,30.305,30.675,30.19,30.66,11726348
1520861400,2018-03-12 09:30,30.695,30.845,30.525,30.585,9550342
1520947800,2018-03-13 09:30,30.75,30.8724,30.425,30.46,12138408
1521034200,2018-03-14 09:30,30.595,30.6,30.025,30.085,10858860
1521120600,2018-03-15 09:30,30.125,30.15,29.685,29.69,10470538
1521207000,2018-03-16 09:30,29.52,29.735,29.465,29.575,11052930
1521466200,2018-03-19 09:30,29.49,29.51,28.937,29.15,12682522
1521552600,2018-03-20 09:30,29.255,29.35,29.06,29.12,7228836
1521639000,2018-03-21 09:30,29.19,29.715,29.09,29.45,9707338
1521725400,2018-03-22 09:30,29.215,29.3182,28.5525,28.57,15399420
1521811800,2018-03-23 09:30,28.635,28.78,27.985,28.01,15817828
1522071000,2018-03-26 09:30,28.34,28.61,28.075,28.585,11684258
1522157400,2018-03-27 09:30,28.66,28.84,28.15,28.295,14581972
1522243800,2018-03-28 09:30,28.345,28.45,27.845,27.935,23688360
1522330200,2018-03-29 09:30,28.065,28.62,28.0375,28.47,12421312
1522675800,2018-04-02 09:30,28.375,28.515,27.605,27.85,18658706
1522762200,2018-04-03 09:30,27.915,28.325,27.74,28.245,13572880
1522848600,2018-04-04 09:30,27.775,28.4525,27.6151,28.43,12873364
1522935000,2018-04-05 09:30,28.565,29.06,28.52,28.96,15388626
1523021400,2018-04-06 09:30,28.675,28.81,28.075,28.255,15822816
1523280600,2018-04-09 09:30,28.41,28.75,28.21,28.41,12578414
1523367000,2018-04-10 09:30,28.79,29.15575,28.7475,28.995,25667312
1523453400,2018-04-11 09:30,28.785,28.8975,28.67,28.78,12914808
1523539800,2018-04-12 09:30,28.91,29.205,28.835,29.085,7073528
1523626200,2018-04-13 09:30,29.245,29.325,28.95,29.055,8643514
1523885400,2018-04-16 09:30,29.27,29.4875,29.12,29.445,12664234
1523971800,2018-04-17 09:30,29.635,29.865,29.505,29.78,9562302
1524058200,2018-04-18 09:30,29.95,30.125,29.88,29.995,9472432
1524144600,2018-04-19 09:30,30.03,30.03,29.55,29.66,11639296
1524231000,2018-04-20 09:30,29.665,29.755,29.375,29.5,8702266
1524490200,2018-04-23 09:30,29.44,29.535,29.335,29.415,6195474
1524576600,2018-04-24 09:30,29.525,29.525,28.32,28.62,17448454
1524663000,2018-04-25 09:30,28.67,28.865,28.41,28.775,15901386
1524749400,2018-04-26 09:30,28.91,29.075,28.745,28.955,9875140
1524835800,2018-04-27 09:30,28.96,29.035,28.6725,28.88,15796748
1525095000,2018-04-30 09:30,28.925,29.025,28.475,28.505,9750396
1525181400,2018-05-01 09:30,28.35,28.49,28.11,28.48,12562138
1525267800,2018-05-02 09:30,28.525,28.635,28.36,28.415,12740538
1525354200,2018-05-03 09:30,28.45,28.73,28.145,28.545,19521560
1525440600,2018-05-04 09:30,28.36,29.0575,28.345,28.9,8906224
1525699800,2018-05-07 09:30,28.93,29.07,28.79245,28.89,9891690
1525786200,2018-05-08 09:30,28.82,28.95,28.675,28.83,7349224
1525872600,2018-05-09 09:30,28.94,29.285,28.94,29.245,24065702
1525959000,2018-05-10 09:30,29.27,29.625,29.25,29.455,9665994
1526045400,2018-05-11 09:30,29.475,29.68275,29.405,29.445,7104948
1526304600,2018-05-14 09:30,29.53,29.655,29.445,29.56,5571562
1526391000,2018-05-15 09:30,29.41,29.52,29.23,29.47,14328230
1526477400,2018-05-16 09:30,29.47,29.86,29.47,29.82,6724824
1526563800,2018-05-17 09:30,29.75,30,29.75,29.89,20734648
1526650200,2018-05-18 09:30,29.855,30.015,29.84,29.93,6550710
1526909400,2018-05-21 09:30,30.09,30.16,29.985,30.09,10592068
1526995800,2018-05-22 09:30,30.09,30.18,29.81,29.84,7704990
1527082200,2018-05-23 09:30,29.645,29.78,29.505,29.77,7298810
1527168600,2018-05-24 09:30,29.71,29.82,29.515,29.665,7098740
1527255000,2018-05-25 09:30,29.54,29.595,29.3975,29.505,8115332
1527600600,2018-05-29 09:30,29.255,29.43,28.9,28.995,11699812
1527687000,2018-05-30 09:30,29.205,29.425,29.115,29.335,8706170
1527773400,2018-05-31 09:30,29.37,29.415,29.07505,29.09,11556514
1527859800,2018-06-01 09:30,29.305,29.6275,29.305,29.535,7605342
1528119000,2018-06-04 09:30,29.65,29.765,29.63,29.705,9079780
1528205400,2018-06-05 09:30,29.74,30.0325,29.7,29.93,6651452
1528291800,2018-06-06 09:30,29.965,30.495,29.88,30.485,16384874
1528378200,2018-06-07 09:30,30.5,30.525,30.195,30.33,10314516
1528464600,2018-06-08 09:30,30.3,30.47,30.135,30.415,7571960
1528723800,2018-06-11 09:30,30.375,30.535,30.32,30.46,5773572
1528810200,2018-06-12 09:30,30.505,30.6025,30.385,30.5,8955788
1528896600,2018-06-13 09:30,30.535,30.55,30.135,30.17,8118432
1528983000,2018-06-14 09:30,30.295,30.365,30.095,30.215,5079414
1529069400,2018-06-15 09:30,29.88,29.966,29.655,29.865,13096424
1529328600,2018-06-18 09:30,29.635,29.845,29.6,29.79,17983062
1529415000,2018-06-19 09:30,29.44,29.5,28.995,29.245,14423344
1529501400,2018-06-20 09:30,29.365,29.365,29.0275,29.15,10670510
1529587800,2018-06-21 09:30,29.08,29.11,28.79,28.84,14372954
1529674200,2018-06-22 09:30,29.055,29.33,29.055,29.26,14228806
1529933400,2018-06-25 09:30,29.115,29.115,28.56755,28.805,19581108
1530019800,2018-06-26 09:30,28.855,29.00315,28.795,28.915,7416236
1530106200,2018-06-27 09:30,29.07,29.375,28.815,28.825,11575506
1530192600,2018-06-28 09:30,28.835,29.005,28.63,28.935,11778730
1530279000,2018-06-29 09:30,28.995,29.385,28.995,29.035,10085732
1530538200,2018-07-02 09:30,28.825,28.945,28.675,28.88,15365724
1530624600,2018-07-03 09:30,29.065,29.245,28.765,28.83,6778860
1530797400,2018-07-05 09:30,29.03,29.105,28.805,29.08,11118368
1530883800,2018-07-06 09:30,29.03,29.31,28.895,29.225,9061840
1531143000,2018-07-09 09:30,29.365,29.5,29.34,29.485,9075626
1531229400,2018-07-10 09:30,29.475,29.75,29.475,29.735,11947274
1531315800,2018-07-11 09:30,29.425,29.51,29.105,29.235,22691174
1531402200,2018-07-12 09:30,29.415,29.44,29.185,29.305,13237936
1531488600,2018-07-13 09:30,29.255,29.395,29.21,29.29,6924036
1531747800,2018-07-16 09:30,29.305,29.365,28.99,29.055,8983150
1531834200,2018-07-17 09:30,29.08,29.5325,28.97,29.435,15363964
1531920600,2018-07-18 09:30,29.4,29.57,29.16,29.16,11774378
1532007000,2018-07-19 09:30,29.265,29.3,29.06,29.265,12835018
1532093400,2018-07-20 09:30,29.145,29.2484,29.01,29.145,14642028
1532352600,2018-07-23 09:30,29.135,29.145,28.96,28.985,8298914
1532439000,2018-07-24 09:30,29.19,29.5225,29.19,29.36,14233654
1532525400,2018-07-25 09:30,29.375,29.63,29.1675,29.59,9467216
1532611800,2018-07-26 09:30,29.585,29.815,29.49,29.76,12395354
1532698200,2018-07-27 09:30,29.85,29.875,29.575,29.65,11042114
1532957400,2018-07-30 09:30,29.68,29.865,29.545,29.595,6944336
1533043800,2018-07-31 09:30,29.66,29.9424,29.6475,29.865,10475180
1533130200,2018-08-01 09:30,29.8,29.865,29.505,29.56,12120714
1533216600,2018-08-02 09:30,29.315,29.38,29.03,29.365,18536232
1533303000,2018-08-03 09:30,29.465,29.6575,29.445,29.645,10659172
1533562200,2018-08-06 09:30,29.415,29.75,29.32,29.635,9262154
1533648600,2018-08-07 09:30,29.72,29.91,29.7025,29.735,9514844
1533735000,2018-08-08 09:30,29.76,29.845,29.5925,29.61,13012498
1533821400,2018-08-09 09:30,29.705,29.9327,29.705,29.77,8488132
1533907800,2018-08-10 09:30,29.57,29.6245,29.305,29.34,12104572
1534167000,2018-08-13 09:30,29.365,29.4825,28.9325,29.045,10872142
1534253400,2018-08-14 09:30,29.165,29.4425,29.145,29.29,8272090
1534339800,2018-08-15 09:30,29,29.01,28.5075,28.825,16978952
1534426200,2018-08-16 09:30,28.935,29.16,28.935,29,12689328
1534512600,2018-08-17 09:30,28.945,29.27,28.935,29.215,10517988
1534771800,2018-08-20 09:30,29.27,29.475,29.27,29.42,9683068
1534858200,2018-08-21 09:30,29.48,29.67,29.43,29.535,9916096
1534944600,2018-08-22 09:30,29.52,29.5675,29.3475,29.385,10865358
1535031000,2018-08-23 09:30,29.325,29.325,29.105,29.185,8884064
1535117400,2018-08-24 09:30,29.34,29.6025,29.31,29.565,9903164
1535376600,2018-08-27 09:30,29.625,30.065,29.625,29.97,11218176
1535463000,2018-08-28 09:30,30.015,30.1475,29.76,29.855,7686238
1535549400,2018-08-29 09:30,29.86,30.1325,29.73,30.08,8557008
1535635800,2018-08-30 09:30,29.94,30.08,29.635,29.725,11678504
1535722200,2018-08-31 09:30,29.68,29.87,29.57,29.635,8561474
1536067800,2018-09-04 09:30,29.555,29.57,29.2775,29.43,11944434
1536154200,2018-09-05 09:30,29.405,29.68,29.32,29.625,9280760
1536240600,2018-09-06 09:30,29.66,29.86,29.48,29.685,12008178
1536327000,2018-09-07 09:30,29.465,29.6,29.295,29.49,14598120
1536586200,2018-09-10 09:30,29.57,29.685,29.51,29.525,9542992
1536672600,2018-09-11 09:30,29.31,29.66,29.205,29.585,15497942
1536759000,2018-09-12 09:30,29.58,29.735,29.465,29.6,12482594
1536845400,2018-09-13 09:30,29.835,29.935,29.7,29.715,8205788
1536931800,2018-09-14 09:30,29.78,29.835,29.63,29.705,9707424
1537191000,2018-09-17 09:30,29.695,29.985,29.695,29.81,7766776
1537277400,2018-09-18 09:30,29.895,30,29.735,29.84,8157052
1537363800,2018-09-19 09:30,29.87,30.29,29.87,30.165,15854390
1537450200,2018-09-20 09:30,30.375,30.58,30.36495,30.49,11195292
1537536600,2018-09-21 09:30,30.47,30.525,30.2,30.28,16308600
1537795800,2018-09-24 09:30,30.18,30.2175,29.805,29.855,9201330
1537882200,2018-09-25 09:30,29.925,29.955,29.665,29.7,10123674
1537968600,2018-09-26 09:30,29.555,29.685,29.345,29.405,17022552
1538055000,2018-09-27 09:30,29.385,29.385,29.115,29.15,12559850
1538141400,2018-09-28 09:30,29.065,29.11,28.91,28.965,10761894
1538400600,2018-10-01 09:30,29.125,29.375,29.125,29.255,8772960
1538487000,2018-10-02 09:30,29.275,29.4569,29.2296,29.38,7347514
1538573400,2018-10-03 09:30,29.48,29.52,29.145,29.17,7870072
1538659800,2018-10-04 09:30,29.16,29.16,28.805,29.035,11157794
1538746200,2018-10-05 09:30,28.98,29.09,28.7,28.82,10704350
1539005400,2018-10-08 09:30,28.705,28.855,28.585,28.805,12580682
1539091800,2018-10-09 09:30,28.43,28.43,27.805,27.85,22714776
1539178200,2018-10-10 09:30,27.865,27.88,27.11,27.12,26403366
1539264600,2018-10-11 09:30,27.1,27.34,26.71,26.805,36573564
1539351000,2018-10-12 09:30,27.235,27.315,26.685,26.88,21301048
1539610200,2018-10-15 09:30,26.875,27.045,26.78,26.79,10256520
1539696600,2018-10-16 09:30,26.875,27.28,26.78,27.22,11053086
1539783000,2018-10-17 09:30,27.19,27.25,26.87,27.045,17069908
1539869400,2018-10-18 09:30,26.92,27.18,26.595,26.74,15387906
1539955800,2018-10-19 09:30,26.675,26.915,26.505,26.55,14211704
1540215000,2018-10-22 09:30,26.665,26.76,26.25,26.34,26652914
1540301400,2018-10-23 09:30,25.915,26.215,25.515,26.08,40403746
1540387800,2018-10-24 09:30,25.985,26.115,25.1975,25.255,41268020
1540474200,2018-10-25 09:30,25.405,25.775,25.37,25.58,28511696
1540560600,2018-10-26 09:30,25.225,25.695,25.045,25.43,47958548
1540819800,2018-10-29 09:30,25.755,25.94,25.11,25.37,34825310
1540906200,2018-10-30 09:30,25.3,25.9975,25.275,25.95,46345178
1540992600,2018-10-31 09:30,26.245,26.475,26.135,26.305,26335464
1541079000,2018-11-01 09:30,26.785,27.1075,26.595,27.045,27448518
1541165400,2018-11-02 09:30,27.23,27.305,26.625,26.98,26879650
1541428200,2018-11-05 09:30,27,27.125,26.86,27.06,15713556
1541514600,2018-11-06 09:30,27.14,27.53,27.065,27.505,13145210
1541601000,2018-11-07 09:30,27.715,28.015,27.545,28,13562278
1541687400,2018-11-08 09:30,27.845,28.0025,27.735,27.88,12894826
1541773800,2018-11-09 09:30,27.715,27.715,27.285,27.49,18024884
1542033000,2018-11-12 09:30,27.455,27.51,27.03,27.085,20119658
1542119400,2018-11-13 09:30,27.145,27.435,26.965,27.005,19012348
1542205800,2018-11-14 09:30,27.165,27.36,26.835,26.975,19452612
1542292200,2018-11-15 09:30,26.885,27.4725,26.76,27.345,23983404
1542378600,2018-11-16 09:30,27.26,27.69,27.185,27.62,17462088
1542637800,2018-11-19 09:30,27.56,27.71,27.15,27.225,24568356
1542724200,2018-11-20 09:30,26.965,27.02,26.61,26.73,22518662
1542810600,2018-11-21 09:30,26.82,27.205,26.82,26.945,14026708
1542983400,2018-11-23 09:30,26.695,26.835,26.575,26.655,6302218
1543242600,2018-11-26 09:30,26.885,27.055,26.8,26.96,10714632
1543329000,2018-11-27 09:30,26.755,26.905,26.45,26.63,11792900
1543415400,2018-11-28 09:30,26.7,27.04,26.34,27.04,17062082
1543501800,2018-11-29 09:30,27.035,27.39,26.975,27.235,14276392
1543588200,2018-11-30 09:30,27.045,27.385,27.015,27.305,12116332
1543847400,2018-12-03 09:30,27.87,28.07,27.49,27.785,17152154
1543933800,2018-12-04 09:30,27.75,27.8025,26.915,26.96,18091616
1544106600,2018-12-06 09:30,26.51,26.595,25.94,26.595,26450566
1544193000,2018-12-07 09:30,26.57,27,25.87,25.955,28052614
1544452200,2018-12-10 09:30,25.965,26.135,25.555,26.025,23329790
1544538600,2018-12-11 09:30,26.485,26.635,25.835,25.94,20142202
1544625000,2018-12-12 09:30,26.325,26.47,26.15,26.165,14901900
1544711400,2018-12-13 09:30,26.245,26.33,25.765,25.86,29257188
1544797800,2018-12-14 09:30,25.66,25.92,25.565,25.66,15958772
1545057000,2018-12-17 09:30,25.695,25.8675,25.055,25.22,30503286
1545143400,2018-12-18 09:30,25.41,25.67,25.205,25.36,23365826
1545229800,2018-12-19 09:30,25.4,25.895,24.9,25.015,39400758
1545316200,2018-12-20 09:30,24.945,25.185,24.43,24.68,46346246
1545402600,2018-12-21 09:30,24.655,25.06,24.275,24.3,41112142
1545661800,2018-12-24 09:30,24.14,24.33,23.655,23.67,22656484
1545834600,2018-12-26 09:30,23.78,24.7395,23.525,24.73,34232136
1545921000,2018-12-27 09:30,24.425,25.195,24.32,25.185,29847230
1546007400,2018-12-28 09:30,25.32,25.4536,24.955,25.05,18906082
1546266600,2018-12-31 09:30,25.135,25.305,24.98,25.26,15595992
1546439400,2019-01-02 09:30,24.89,25.485,24.75,25.39,18247384
1546525800,2019-01-03 09:30,25.255,25.255,24.62,24.67,19667934
1546612200,2019-01-04 09:30,25.07,25.74,25.03,25.64,17901236
1546871400,2019-01-07 09:30,25.65,26.0325,25.48,25.73,14948970
1546957800,2019-01-08 09:30,25.855,26.04,25.71,26,20657230
1547044200,2019-01-09 09:30,26.065,26.11,25.765,26.01,16250308
1547130600,2019-01-10 09:30,25.825,26.255,25.8,26.24,16942742
1547217000,2019-01-11 09:30,26.105,26.2,25.965,26.135,12372430
1547476200,2019-01-14 09:30,25.905,26.075,25.775,25.935,23006476
1547562600,2019-01-15 09:30,25.77,25.93,25.605,25.765,15094204
1547649000,2019-01-16 09:30,25.77,26,25.73,25.865,27437346
1547735400,2019-01-17 09:30,25.725,26.38,25.725,26.32,20411022
1547821800,2019-01-18 09:30,26.54,26.88,26.465,26.755,17515250
1548167400,2019-01-22 09:30,26.63,26.675,26.23,26.385,14866890
1548253800,2019-01-23 09:30,26.425,26.495,25.955,26.205,11409960
1548340200,2019-01-24 09:30,26.06,26.225,25.95,26.065,10499344
1548426600,2019-01-25 09:30,26.465,26.705,26.355,26.56,9833952
1548685800,2019-01-28 09:30,26.37,26.54,26.29,26.52,11943978
1548772200,2019-01-29 09:30,26.585,26.86995,26.585,26.795,16445994
1548858600,2019-01-30 09:30,26.905,27.295,26.79505,27.08,14150180
1548945000,2019-01-31 09:30,26.5,26.79,26.215,26.675,24950526
1549031400,2019-02-01 09:30,26.66,26.8175,26.54,26.755,11078938
1549290600,2019-02-04 09:30,26.705,26.73375,26.52995,26.71,7115622
1549377000,2019-02-05 09:30,26.77,26.97,26.755,26.905,8857730
1549463400,2019-02-06 09:30,26.775,26.88,26.69575,26.745,9910066
1549549800,2019-02-07 09:30,26.575,26.625,26.1575,26.375,12735910
1549636200,2019-02-08 09:30,26.23,26.355,26.015,26.35,9042764
1549895400,2019-02-11 09:30,26.445,26.48,26.265,26.39,8316648
1549981800,2019-02-12 09:30,26.635,27.015,26.56,26.98,20139658
1550068200,2019-02-13 09:30,27.13,27.21,27.005,27.015,14694248
1550154600,2019-02-14 09:30,26.89,27.07,26.8,26.875,9769978
1550241000,2019-02-15 09:30,27.17,27.31,27.04,27.24,15294316
1550586600,2019-02-19 09:30,27.14,27.54,27.115,27.41,24528986
1550673000,2019-02-20 09:30,27.46,28.05,27.42,27.88,22618566
1550759400,2019-02-21 09:30,27.915,27.98,27.655,27.77,17103790
1550845800,2019-02-22 09:30,27.91,27.975,27.79,27.89,9581528
1551105000,2019-02-25 09:30,28.005,28.1475,27.945,28.07,12375854
1551191400,2019-02-26 09:30,28.005,28.09,27.9,27.91,12384590
1551277800,2019-02-27 09:30,27.85,27.95,27.685,27.865,9262396
1551364200,2019-02-28 09:30,27.835,27.86,27.465,27.525,17525048
1551450600,2019-03-01 09:30,27.725,27.87,27.395,27.49,19683060
1551709800,2019-03-04 09:30,27.55,27.7275,27.195,27.615,15920750
1551796200,2019-03-05 09:30,27.555,27.625,27.455,27.485,10463460
1551882600,2019-03-06 09:30,27.565,27.74,27.505,27.545,9231068
1551969000,2019-03-07 09:30,27.485,27.49,27.115,27.32,23923728
1552055400,2019-03-08 09:30,27.175,27.385,27.03,27.365,14400788
1552311000,2019-03-11 09:30,27.48,27.765,27.44,27.755,13715416
1552397400,2019-03-12 09:30,27.795,28.02,27.795,27.86,14432286
1552483800,2019-03-13 09:30,28.015,28.17,27.9375,27.995,11036776
1552570200,2019-03-14 09:30,27.915,27.975,27.72,27.785,10079582
1552656600,2019-03-15 09:30,27.78,27.915,27.595,27.7,14518044
1552915800,2019-03-18 09:30,27.72,27.805,27.555,27.765,8690940
1553002200,2019-03-19 09:30,27.9,28.075,27.605,27.73,10542554
1553088600,2019-03-20 09:30,27.715,27.85,27.44,27.705,22469968
1553175000,2019-03-21 09:30,27.61,28.1025,27.58,28,15919322
1553261400,2019-03-22 09:30,27.755,27.76,27.115,27.165,18247488
1553520600,2019-03-25 09:30,27.15,27.36,27.07,27.115,13125430
1553607000,2019-03-26 09:30,27.295,27.365,27.085,27.28,11799544
1553693400,2019-03-27 09:30,27.21,27.3425,27.05,27.245,19565170
1553779800,2019-03-28 09:30,27.285,27.5225,27.275,27.51,9741822
1553866200,2019-03-29 09:30,27.54,27.76,27.415,27.75,12654632
1554125400,2019-04-01 09:30,27.945,28.205,27.9075,28.165,12908600
1554211800,2019-04-02 09:30,28.235,28.38,28.12,28.26,14224614
1554298200,2019-04-03 09:30,28.49,28.81,28.405,28.63,34728966
1554384600,2019-04-04 09:30,28.65,28.93,28.635,28.92,12205692
1554471000,2019-04-05 09:30,28.925,29.025,28.825,28.91,7337284
1554730200,2019-04-08 09:30,28.89,28.9475,28.77,28.92,13149446
1554816600,2019-04-09 09:30,28.8,28.84,28.625,28.71,12221534
1554903000,2019-04-10 09:30,28.735,28.79,28.585,28.695,7594776
1554989400,2019-04-11 09:30,28.685,28.785,28.6,28.68,6989142
1555075800,2019-04-12 09:30,28.915,29.06,28.825,29.06,7217322
1555335000,2019-04-15 09:30,29.06,29.0775,28.875,28.925,5410166
1555421400,2019-04-16 09:30,28.895,29.06,28.76,29.055,7474956
1555507800,2019-04-17 09:30,29.115,29.25,28.865,28.875,6740478
1555594200,2019-04-18 09:30,28.9,28.985,28.76,28.91,7268834
1555939800,2019-04-22 09:30,28.8,28.895,28.675,28.715,11976136
1556026200,2019-04-23 09:30,28.67,28.935,28.6,28.845,15290320
1556112600,2019-04-24 09:30,28.815,28.905,28.665,28.665,7616538
1556199000,2019-04-25 09:30,28.535,28.5725,28.21,28.3,10360122
1556285400,2019-04-26 09:30,28.3,28.61,28.245,28.535,9900184
1556544600,2019-04-29 09:30,28.46,28.56,28.375,28.48,12113008
1556631000,2019-04-30 09:30,28.555,28.76,28.41,28.725,6798454
1556717400,2019-05-01 09:30,28.765,28.765,28.2,28.205,13101878
1556803800,2019-05-02 09:30,28.07,28.22,27.8625,28.06,21946736
1556890200,2019-05-03 09:30,28.115,28.35,28.09,28.335,12066758
1557149400,2019-05-06 09:30,27.66,28.04,27.66,27.93,31202198
1557235800,2019-05-07 09:30,27.665,27.715,27.295,27.44,19501932
1557322200,2019-05-08 09:30,27.42,27.545,27.3,27.415,12319358
1557408600,2019-05-09 09:30,27.105,27.305,26.88995,27.2,13428744
1557495000,2019-05-10 09:30,27.15,27.67,27.035,27.57,12945720
1557754200,2019-05-13 09:30,27.06,27.55145,26.745,26.95,14097554
1557840600,2019-05-14 09:30,27.045,27.3849,26.975,27.18,12203714
1557927000,2019-05-15 09:30,27,27.305,26.885,27.11,10524346
1558013400,2019-05-16 09:30,27.315,27.58,27.315,27.49,9810658
1558099800,2019-05-17 09:30,27.28,27.5175,27.205,27.325,12166644
1558359000,2019-05-20 09:30,27.08,27.19,26.89,26.935,10033056
1558445400,2019-05-21 09:30,27.13,27.39,27.09,27.35,8743428
1558531800,2019-05-22 09:30,27.3,27.4,27.1575,27.16,10616994
1558618200,2019-05-23 09:30,26.87,26.96,26.6225,26.745,9845346
1558704600,2019-05-24 09:30,27.015,27.095,26.75,26.895,8180732
1559050200,2019-05-28 09:30,26.89,26.975,26.605,26.625,9652112
1559136600,2019-05-29 09:30,26.42,26.6675,26.35,26.63,17477570
1559223000,2019-05-30 09:30,26.64,26.795,26.6025,26.675,8950164
1559309400,2019-05-31 09:30,26.36,26.4875,26.26,26.375,11983528
1559568600,2019-06-03 09:30,26.45,27.215,26.375,27.205,26310848
1559655000,2019-06-04 09:30,27.5,28.025,27.34,27.97,35556442
1559741400,2019-06-05 09:30,28.145,28.24,27.755,28.175,39408584
1559827800,2019-06-06 09:30,28.315,28.605,28.215,28.51,39823438
1559914200,2019-06-07 09:30,28.695,28.87,28.635,28.765,46422264
1560173400,2019-06-10 09:30,28.945,28.985,28.79,28.815,28725246
1560259800,2019-06-11 09:30,28.965,29.075,28.745,28.795,15737304
1560346200,2019-06-12 09:30,28.81,28.93,28.7725,28.89,7100838
1560432600,2019-06-13 09:30,28.995,29.09505,28.96,29.06,14784232
1560519000,2019-06-14 09:30,29,29.03,28.835,28.935,7875426
1560778200,2019-06-17 09:30,28.89,28.9075,28.63,28.67,15014098
1560864600,2019-06-18 09:30,28.825,29.095,28.7925,28.895,13775728
1560951000,2019-06-19 09:30,28.895,28.905,28.585,28.735,14332812
1561037400,2019-06-20 09:30,29.1,29.18,28.85,29.1,13487562
1561123800,2019-06-21 09:30,28.91,28.96,28.805,28.835,11652018
1561383000,2019-06-24 09:30,28.845,29.005,28.72,28.945,9203770
1561469400,2019-06-25 09:30,28.98,29.0725,28.865,28.96,11431816
1561555800,2019-06-26 09:30,28.945,29.035,28.87,28.91,8369580
1561642200,2019-06-27 09:30,28.955,29.055,28.935,29.005,6877982
1561728600,2019-06-28 09:30,29.05,29.29,29.02,29.25,10017024
1561987800,2019-07-01 09:30,29.465,29.48,29.23,29.475,11951938
1562074200,2019-07-02 09:30,29.475,29.475,29.255,29.445,12640198
1562160600,2019-07-03 09:30,29.425,29.595,29.37,29.595,4951548
1562333400,2019-07-05 09:30,29.31,29.46,29.17,29.46,7620184
1562592600,2019-07-08 09:30,29.34,29.405,29.07,29.12,19583648
1562679000,2019-07-09 09:30,29.015,29.055,28.7675,28.835,10388218
1562765400,2019-07-10 09:30,29.005,29.07,28.74,28.775,14628104
1562851800,2019-07-11 09:30,28.75,28.9049,28.635,28.9,22182936
1562938200,2019-07-12 09:30,28.98,29.195,28.965,29.185,8810080
1563197400,2019-07-15 09:30,29.17,29.225,29.075,29.205,9076630
1563283800,2019-07-16 09:30,29.225,29.53,29.195,29.275,9052008
1563370200,2019-07-17 09:30,29.28,29.32,29.01,29.015,14334862
1563456600,2019-07-18 09:30,28.915,29.165,28.88,29.14,7545582
1563543000,2019-07-19 09:30,29.115,29.355,29.115,29.205,7622394
1563802200,2019-07-22 09:30,29.27,29.31,29.085,29.13,5828634
1563888600,2019-07-23 09:30,29.265,29.73,29.265,29.73,8403406
1563975000,2019-07-24 09:30,29.64,29.7625,29.57,29.71,7529872
1564061400,2019-07-25 09:30,29.61,29.61,29.19,29.495,12270998
1564147800,2019-07-26 09:30,29.42,29.5375,29.225,29.53,15275330
1564407000,2019-07-29 09:30,29.435,29.49,29.335,29.43,5783110
1564493400,2019-07-30 09:30,29.21,29.645,29.165,29.625,8029554
1564579800,2019-07-31 09:30,29.54,29.68,28.905,29.17,16205388
1564666200,2019-08-01 09:30,29.135,29.58,28.8725,29.005,19565844
1564752600,2019-08-02 09:30,28.85,28.885,28.465,28.665,14996042
1565011800,2019-08-05 09:30,28.415,28.515,27.93,28.125,20582138
1565098200,2019-08-06 09:30,28.245,28.25,27.82,28.16,22989120
1565184600,2019-08-07 09:30,27.92,28.59,27.895,28.55,46538742
1565271000,2019-08-08 09:30,28.695,29.105,28.695,29.095,11470232
1565357400,2019-08-09 09:30,28.98,29.025,28.71,28.865,9249162
1565616600,2019-08-12 09:30,28.825,28.855,28.36,28.415,45067302
1565703000,2019-08-13 09:30,28.44,29.075,28.275,28.72,14148520
1565789400,2019-08-14 09:30,28.3,28.42,27.785,27.81,18258614
1565875800,2019-08-15 09:30,27.965,27.97,27.62,27.82,17837888
1565962200,2019-08-16 09:30,27.94,28.375,27.905,28.31,11693440
1566221400,2019-08-19 09:30,28.56,28.64,28.4875,28.535,6655968
1566307800,2019-08-20 09:30,28.415,28.445,28.18,28.2,9478080
1566394200,2019-08-21 09:30,28.39,28.455,28.1977,28.345,6404590
1566480600,2019-08-22 09:30,28.4,28.53,28.0875,28.155,5214888
1566567000,2019-08-23 09:30,28.03,28.15,27.34,27.475,18181254
1566826200,2019-08-26 09:30,27.7,27.74,27.435,27.565,14902720
1566912600,2019-08-27 09:30,27.67,27.8375,27.5125,27.585,11189892
1566999000,2019-08-28 09:30,27.495,27.86,27.415,27.8,7544972
1567085400,2019-08-29 09:30,28.145,28.28,28.1025,28.155,8186884
1567171800,2019-08-30 09:30,28.38,28.49,28.2525,28.345,10142620
1567517400,2019-09-03 09:30,28.125,28.185,27.93,28.12,11615722
1567603800,2019-09-04 09:30,28.37,28.485,28.28,28.465,11884072
1567690200,2019-09-05 09:30,28.67,28.775,28.485,28.51,11648180
1567776600,2019-09-06 09:30,28.565,28.6925,28.445,28.62,7904502
1568035800,2019-09-09 09:30,28.68,28.695,28.415,28.47,13703940
1568122200,2019-09-10 09:30,28.445,28.755,28.395,28.75,9959084
1568208600,2019-09-11 09:30,28.815,29.04,28.62,29.025,10816094
1568295000,2019-09-12 09:30,29.225,29.3675,29.03,29.25,21448340
1568381400,2019-09-13 09:30,29.435,29.66,29.405,29.57,10947944
1568640600,2019-09-16 09:30,29.48,29.5889,29.055,29.085,9467524
1568727000,2019-09-17 09:30,29.07,29.38,28.98,29.32,8170724
1568813400,2019-09-18 09:30,29.33,29.38,29.07,29.335,8164610
1568899800,2019-09-19 09:30,29.405,29.555,29.33,29.385,6532550
1568986200,2019-09-20 09:30,29.345,29.4,29.04,29.17,10393958
1569245400,2019-09-23 09:30,28.97,29.19,28.96645,29.1,6141758
1569331800,2019-09-24 09:30,29.16,29.225,28.76,28.85,18080902
1569418200,2019-09-25 09:30,28.85,29.055,28.725,29,9185792
1569504600,2019-09-26 09:30,29.035,29.05,28.805,28.935,8078602
1569591000,2019-09-27 09:30,28.98,29.105,28.74,28.855,12372132
1569850200,2019-09-30 09:30,28.87,29.155,28.865,29.1,7760534
1569936600,2019-10-01 09:30,29.145,29.245,28.41,28.415,14637120
1570023000,2019-10-02 09:30,28.15,28.19,27.64,27.905,23381646
1570109400,2019-10-03 09:30,27.835,28.01,27.55,28.005,16532576
1570195800,2019-10-04 09:30,28.025,28.22,28,28.155,12590404
1570455000,2019-10-07 09:30,28.08,28.345,27.97,28.055,17261074
1570541400,2019-10-08 09:30,27.855,27.875,27.555,27.565,15629954
1570627800,2019-10-09 09:30,27.835,27.975,27.68,27.875,18196004
1570714200,2019-10-10 09:30,27.965,28.2625,27.89,28.13,13547354
1570800600,2019-10-11 09:30,28.465,28.94,28.43,28.675,20618494
1571059800,2019-10-14 09:30,28.575,28.65,28.455,28.47,9410110
1571146200,2019-10-15 09:30,28.615,28.81,28.52,28.67,9830632
1571232600,2019-10-16 09:30,28.675,28.9375,28.655,28.73,7691006
1571319000,2019-10-17 09:30,28.87,29.025,28.755,28.805,6223706
1571405400,2019-10-18 09:30,28.73,28.88,28.64,28.755,6164156
1571664600,2019-10-21 09:30,28.885,28.975,28.6625,28.665,5852586
1571751000,2019-10-22 09:30,28.645,28.74,28.42,28.545,8234472
1571837400,2019-10-23 09:30,28.65,28.85,28.62,28.725,7997744
1571923800,2019-10-24 09:30,28.835,28.995,28.66,28.815,9401388
1572010200,2019-10-25 09:30,28.82,29.2,28.79,29.13,8075072
1572269400,2019-10-28 09:30,29.245,29.36815,29.125,29.22,6808976
1572355800,2019-10-29 09:30,29.09,29.535,29.0225,29.4,8291074
1572442200,2019-10-30 09:30,29.31,29.4675,29.17,29.425,12694394
1572528600,2019-10-31 09:30,29.39,29.45,28.935,29.095,14273352
1572615000,2019-11-01 09:30,29.245,29.505,29.215,29.505,9332582
1572877800,2019-11-04 09:30,29.725,29.795,29.5775,29.735,6180662
1572964200,2019-11-05 09:30,29.725,29.95,29.6675,29.785,7481040
1573050600,2019-11-06 09:30,29.76,29.845,29.655,29.765,7988634
1573137000,2019-11-07 09:30,29.93,29.995,29.85,29.965,8387724
1573223400,2019-11-08 09:30,29.9,30.09,29.875,30.085,5760282
1573482600,2019-11-11 09:30,29.925,30.075,29.8714,30.04,8242718
1573569000,2019-11-12 09:30,30.135,30.3,30.04,30.195,9920642
1573655400,2019-11-13 09:30,30.07,30.18,29.9625,30.02,10686932
1573741800,2019-11-14 09:30,29.95,30.23,29.935,30.205,7162368
1573828200,2019-11-15 09:30,30.355,30.4025,30.1,30.18,6821728
1574087400,2019-11-18 09:30,30.055,30.195,30.02,30.105,5833124
1574173800,2019-11-19 09:30,30.235,30.235,29.94145,30.04,7262480
1574260200,2019-11-20 09:30,29.925,29.98,29.63,29.665,11225946
1574346600,2019-11-21 09:30,29.655,29.7,29.5375,29.615,6347276
1574433000,2019-11-22 09:30,29.685,29.795,29.63,29.665,5749372
1574692200,2019-11-25 09:30,29.765,29.87,29.725,29.86,6228698
1574778600,2019-11-26 09:30,29.84,30.0425,29.77,30.01,7872370
1574865000,2019-11-27 09:30,30.065,30.155,29.905,30.13,10082988
1575037800,2019-11-29 09:30,30.025,30.115,29.92,30.02,7067206
1575297000,2019-12-02 09:30,29.97,30.0225,29.72,29.72,13946526
1575383400,2019-12-03 09:30,29.46,29.5625,29.31,29.53,17322002
1575469800,2019-12-04 09:30,29.725,29.925,29.53,29.595,11218508
1575556200,2019-12-05 09:30,29.645,29.765,29.495,29.745,10409290
1575642600,2019-12-06 09:30,29.99,30.0975,29.915,30.05,13194360
1575901800,2019-12-09 09:30,30.08,30.155,29.95,29.99,6062092
1575988200,2019-12-10 09:30,29.94,29.985,29.755,29.81,7100722
1576074600,2019-12-11 09:30,29.95,30.065,29.89,30.035,6985306
1576161000,2019-12-12 09:30,30.07,30.4925,30,30.455,14450758
1576247400,2019-12-13 09:30,30.495,30.62,30.21,30.22,10166892
1576506600,2019-12-16 09:30,30.495,30.5225,30.32,30.35,17985998
1576593000,2019-12-17 09:30,30.4,30.53,30.295,30.395,10051708
1576679400,2019-12-18 09:30,30.425,30.425,30.125,30.355,7347352
1576765800,2019-12-19 09:30,30.38,30.505,30.35,30.46,6191202
1576852200,2019-12-20 09:30,30.305,30.4825,30.305,30.44,8514854
1577111400,2019-12-23 09:30,30.425,30.55,30.35,30.525,6288038
1577197800,2019-12-24 09:30,30.54,30.63,30.49,30.56,2901346
1577370600,2019-12-26 09:30,30.625,30.695,30.52,30.695,5604708
1577457000,2019-12-27 09:30,30.805,30.805,30.565,30.58,13605474
1577716200,2019-12-30 09:30,30.645,30.65,30.45,30.485,6015482
1577802600,2019-12-31 09:30,30.48,30.74,30.435,30.71,5390064
1577975400,2020-01-02 09:30,30.915,30.97,30.3125,30.35,14714866
1578061800,2020-01-03 09:30,30.04,30.22,29.85,29.86,24846832
1578321000,2020-01-06 09:30,29.775,29.915,29.705,29.73,31528728
1578407400,2020-01-07 09:30,29.68,29.9,29.6,29.695,40534108
1578493800,2020-01-08 09:30,29.7,29.92,29.6,29.8,16159200
1578580200,2020-01-09 09:30,29.895,29.9625,29.8125,29.91,7572318
1578666600,2020-01-10 09:30,29.98,30.055,29.74,29.79,11274740
1578925800,2020-01-13 09:30,29.815,30.185,29.785,30.175,8818614
1579012200,2020-01-14 09:30,30.145,30.235,29.985,30.05,11010168
1579098600,2020-01-15 09:30,30.045,30.39405,30.04,30.255,7797096
1579185000,2020-01-16 09:30,30.36,30.485,30.26,30.435,18799862
1579271400,2020-01-17 09:30,30.47,30.575,30.39,30.57,10894310
1579617000,2020-01-21 09:30,30.36,30.415,30.195,30.24,7614806
1579703400,2020-01-22 09:30,30.305,30.3275,30.105,30.12,5475266
1579789800,2020-01-23 09:30,29.88,30.1125,29.665,30.085,6925274
1579876200,2020-01-24 09:30,30.13,30.145,29.745,29.87,10493406
1580135400,2020-01-27 09:30,29.34,29.435,29.225,29.225,13869166
1580221800,2020-01-28 09:30,29.37,29.65,29.306,29.555,8982268
1580308200,2020-01-29 09:30,29.655,29.815,29.635,29.65,7138432
1580394600,2020-01-30 09:30,29.26,29.505,29.07,29.465,17398138
1580481000,2020-01-31 09:30,29.195,29.215,28.72,28.815,22041692
1580740200,2020-02-03 09:30,28.925,29.55,28.9,29.42,24321608
1580826600,2020-02-04 09:30,29.78,30.1,29.66,29.94,27190140
1580913000,2020-02-05 09:30,30.2,30.55,29.985,30.495,34300712
1580999400,2020-02-06 09:30,30.645,30.645,30.37,30.48,24751752
1581085800,2020-02-07 09:30,30.29,30.29,29.94125,30.045,15666524
1581345000,2020-02-10 09:30,30,30.11,29.935,30.03,9051120
1581431400,2020-02-11 09:30,30.19,30.47,30.175,30.195,8117116
1581517800,2020-02-12 09:30,30.4,30.42,30.26,30.36,6486940
1581604200,2020-02-13 09:30,30.32,30.44,30.17,30.25,8235500
1581690600,2020-02-14 09:30,30.26,30.37,30.1725,30.255,7254954
1582036200,2020-02-18 09:30,30.21,30.285,30.04,30.18,9416240
1582122600,2020-02-19 09:30,30.25,30.3725,30.23,30.26,13654782
1582209000,2020-02-20 09:30,30.15,30.515,30.09,30.31,10361146
1582295400,2020-02-21 09:30,30.185,30.28,30.1,30.17,13040966
1582554600,2020-02-24 09:30,29.405,29.53875,29.185,29.32,18589744
1582641000,2020-02-25 09:30,29.325,29.35,27.98,28.055,40123972
1582727400,2020-02-26 09:30,28.205,28.58,27.915,27.96,28607116
1582813800,2020-02-27 09:30,27.5,27.82,26.65,26.65,41394426
1582900200,2020-02-28 09:30,25.805,26.405,25.575,26.36,61484308
1583159400,2020-03-02 09:30,26.61,27.495,26.3125,27.49,33634672
1583245800,2020-03-03 09:30,27.58,28.07,26.885,27.25,56780340
1583332200,2020-03-04 09:30,27.73,28.395,27.345,28.38,28160012
1583418600,2020-03-05 09:30,27.56,27.87,27.31,27.48,28354630
1583505000,2020-03-06 09:30,26.765,26.99,26.245,26.765,37882280
1583760600,2020-03-09 09:30,24.84,25.765,24.18,24.26,28490068
1583847000,2020-03-10 09:30,25.17,25.28,24.02,25.245,33436268
1583933400,2020-03-11 09:30,24.525,24.595,23.71,24.045,29909576
1584019800,2020-03-12 09:30,22.285,23.255,21.185,21.73,30731598
1584106200,2020-03-13 09:30,23.135,23.27,21.6,23.255,24228134
1584365400,2020-03-16 09:30,18.845,21.615,18.845,20.695,28854262
1584451800,2020-03-17 09:30,21.015,22.2,20.415,21.975,22089924
1584538200,2020-03-18 09:30,20.55,21.395,19.2075,20.57,19751768
1584624600,2020-03-19 09:30,20.215,21.425,19.785,21.095,17973702
1584711000,2020-03-20 09:30,21.275,21.305,20.0075,20.34,30497376
1584970200,2020-03-23 09:30,20.08,20.22,19.08,19.175,37355048
1585056600,2020-03-24 09:30,20.385,21.57,20.215,21.43,23758514
1585143000,2020-03-25 09:30,21.35,22.815,21.13,21.93,27152820
1585229400,2020-03-26 09:30,22.19,23.07,22.145,22.96,26768032
1585315800,2020-03-27 09:30,22.105,22.605,21.935,22.13,28151184
1585575000,2020-03-30 09:30,22.405,22.925,22.22,22.835,19508330
1585661400,2020-03-31 09:30,22.765,23.085,22.43,22.52,17017398
1585747800,2020-04-01 09:30,21.695,22.1175,21.445,21.505,20480804
1585834200,2020-04-02 09:30,21.48,22.365,21.435,21.83,23569120
1585920600,2020-04-03 09:30,21.68,22.125,21.21,21.305,18531614
1586179800,2020-04-06 09:30,22.22,23.06,22.22,22.89,20933478
1586266200,2020-04-07 09:30,23.735,24.315,23.385,23.5,22422604
1586352600,2020-04-08 09:30,23.75,24.76,23.485,24.65,32927166
1586439000,2020-04-09 09:30,24.92,25.85,24.895,25.71,61476716
1586784600,2020-04-13 09:30,25.51,25.58,24.795,25.145,31714548
1586871000,2020-04-14 09:30,25.67,25.835,25.21,25.47,16523976
1586957400,2020-04-15 09:30,24.66,24.685,24.105,24.3,11401134
1587043800,2020-04-16 09:30,24.345,24.395,23.76,24.16,9256114
1587130200,2020-04-17 09:30,24.73,25.21,24.72495,25.13,12609196
1587389400,2020-04-20 09:30,24.69,25.09,24.44,24.51,9686370
1587475800,2020-04-21 09:30,23.885,24.175,23.795,23.905,11975394
1587562200,2020-04-22 09:30,24.395,24.56,24.135,24.375,7665192
1587648600,2020-04-23 09:30,24.515,25.045,24.515,24.545,12767198
1587735000,2020-04-24 09:30,24.745,25,24.475,24.93,8291436
1587994200,2020-04-27 09:30,25.005,25.69,24.97,25.595,9722162
1588080600,2020-04-28 09:30,26.015,26.225,25.75,26.07,13503908
1588167000,2020-04-29 09:30,26.61,26.87,26.5,26.735,11752640
1588253400,2020-04-30 09:30,26.315,26.315,25.9,25.94,10813558
1588339800,2020-05-01 09:30,25.49,25.6,25.16,25.395,10133956
1588599000,2020-05-04 09:30,25.2,25.52,24.95,25.485,10140920
1588685400,2020-05-05 09:30,25.71,25.895,25.495,25.55,9005610
1588771800,2020-05-06 09:30,25.62,25.815,25.085,25.11,7506408
1588858200,2020-05-07 09:30,25.36,25.855,25.325,25.625,8245826
1588944600,2020-05-08 09:30,25.995,26.275,25.9147,26.24,7566900
1589203800,2020-05-11 09:30,25.805,25.96,25.575,25.84,8857106
1589290200,2020-05-12 09:30,25.925,26.0875,25.445,25.445,8400096
1589376600,2020-05-13 09:30,25.32,25.425,24.68,24.91,10532180
1589463000,2020-05-14 09:30,24.45,25.215,24.1575,25.215,10841900
1589549400,2020-05-15 09:30,25.055,25.455,24.93,25.435,9761230
1589808600,2020-05-18 09:30,26.31,26.805,26.245,26.595,8851448
1589895000,2020-05-19 09:30,26.495,26.71,26.315,26.34,9785836
1589981400,2020-05-20 09:30,26.69,27.05,26.685,26.76,7598732
1590067800,2020-05-21 09:30,26.68,26.825,26.405,26.505,10491348
1590154200,2020-05-22 09:30,26.475,26.515,26.26,26.465,7465142
1590499800,2020-05-26 09:30,27.065,27.335,26.97,27.19,8228828
1590586200,2020-05-27 09:30,27.5,27.645,27.115,27.465,13983416
1590672600,2020-05-28 09:30,27.85,27.945,27.45,27.72,10969488
1590759000,2020-05-29 09:30,27.725,27.82,27.395,27.725,14772654
1591018200,2020-06-01 09:30,27.735,28.015,27.695,27.915,6466896
1591104600,2020-06-02 09:30,28.005,28.46,27.9725,28.42,8654196
1591191000,2020-06-03 09:30,28.775,29.275,28.74,29.065,9448214
1591277400,2020-06-04 09:30,28.945,29.25,28.9,29.17,9007304
1591363800,2020-06-05 09:30,29.935,30.145,29.82,29.915,11259946
1591623000,2020-06-08 09:30,30.03,30.1225,29.69,29.955,10512930
1591709400,2020-06-09 09:30,29.61,29.785,29.415,29.59,12017884
1591795800,2020-06-10 09:30,29.715,29.715,29.135,29.255,10384720
1591882200,2020-06-11 09:30,28.425,28.51,26.88,26.995,58196836
1591968600,2020-06-12 09:30,27.93,28.045,27,27.52,27863744
1592227800,2020-06-15 09:30,26.795,27.975,26.645,27.81,13771334
1592314200,2020-06-16 09:30,28.77,28.895,27.955,28.39,19004878
1592400600,2020-06-17 09:30,28.57,28.6,28.075,28.155,8050862
1592487000,2020-06-18 09:30,28.05,28.335,28,28.175,7135222
1592573400,2020-06-19 09:30,28.645,28.695,27.89,28.09,14836996
1592832600,2020-06-22 09:30,27.93,28.155,27.685,28.04,6738904
1592919000,2020-06-23 09:30,28.46,28.485,28.095,28.105,6231956
1593005400,2020-06-24 09:30,27.805,27.835,27.205,27.285,11306196
1593091800,2020-06-25 09:30,27.21,27.655,26.965,27.625,10509390
1593178200,2020-06-26 09:30,27.52,27.57,27.08,27.245,16345800
1593437400,2020-06-29 09:30,27.475,27.895,27.41,27.775,9878148
1593523800,2020-06-30 09:30,27.68,28.34,27.6,28.175,7877766
1593610200,2020-07-01 09:30,28.205,28.33,27.85,28.235,16292166
1593696600,2020-07-02 09:30,28.63,29,28.57,28.765,16066208
1594042200,2020-07-06 09:30,29.31,29.34,28.8,29.175,15728334
1594128600,2020-07-07 09:30,28.965,29.2675,28.945,29.185,14897618
1594215000,2020-07-08 09:30,29.235,29.39,28.445,28.77,18333620
1594301400,2020-07-09 09:30,28.905,28.945,28.18,28.5,31458756
1594387800,2020-07-10 09:30,28.565,29.03,28.545,28.995,9314450
1594647000,2020-07-13 09:30,29.295,29.585,28.975,28.995,18069236
1594733400,2020-07-14 09:30,28.935,29.765,28.9,29.725,18868528
1594819800,2020-07-15 09:30,30.245,30.35,30.02,30.225,16457368
1594906200,2020-07-16 09:30,30.285,30.555,30.1725,30.325,11128700
1594992600,2020-07-17 09:30,30.54,30.66,30.42895,30.58,8155622
1595251800,2020-07-20 09:30,30.565,30.645,30.265,30.315,7186328
1595338200,2020-07-21 09:30,30.505,30.73,30.505,30.58,7554446
1595424600,2020-07-22 09:30,30.53,30.9441,30.52,30.935,5898962
1595511000,2020-07-23 09:30,30.91,31.1425,30.625,30.84,8828232
1595597400,2020-07-24 09:30,30.73,30.895,30.56,30.735,11726926
1595856600,2020-07-27 09:30,30.935,31.295,30.835,31.18,7281848
1595943000,2020-07-28 09:30,31.085,31.085,30.465,30.495,9140274
1596029400,2020-07-29 09:30,30.595,30.835,30.545,30.745,8223094
1596115800,2020-07-30 09:30,30.285,30.375,29.9,30.15,14042264
1596202200,2020-07-31 09:30,30.205,30.255,29.8,30.18,10541318
1596461400,2020-08-03 09:30,30.335,30.345,30.005,30.01,11078046
1596547800,2020-08-04 09:30,29.89,30.505,29.83,30.435,15834968
1596634200,2020-08-05 09:30,30.72,31.205,30.635,30.88,11793972
1596720600,2020-08-06 09:30,30.84,30.92,30.6304,30.75,13938962
1596807000,2020-08-07 09:30,30.59,30.86,30.445,30.855,7971620
1597066200,2020-08-10 09:30,30.885,31.155,30.84,31.155,6678294
1597152600,2020-08-11 09:30,31.425,31.605,31.0375,31.1,8975446
1597239000,2020-08-12 09:30,31.475,31.51,31.21,31.285,7929144
1597325400,2020-08-13 09:30,31.135,31.4,31.0945,31.28,16852300
1597411800,2020-08-14 09:30,31.14,31.44,31.1,31.315,5180156
1597671000,2020-08-17 09:30,31.56,31.68,31.325,31.455,3719922
1597757400,2020-08-18 09:30,31.555,31.615,31.295,31.325,4763932
1597843800,2020-08-19 09:30,31.445,31.52,31.145,31.235,6209398
1597930200,2020-08-20 09:30,31,31.145,30.915,31.125,4662372
1598016600,2020-08-21 09:30,30.89,31,30.775,30.945,5512632
1598275800,2020-08-24 09:30,31.34,31.495,31.235,31.49,7063148
1598362200,2020-08-25 09:30,31.6,31.7025,31.23,31.365,5754858
1598448600,2020-08-26 09:30,31.335,31.75,31.255,31.695,4762844
1598535000,2020-08-27 09:30,31.805,31.87,31.515,31.61,7297612
1598621400,2020-08-28 09:30,31.765,32.015,31.62,31.985,4845718
1598880600,2020-08-31 09:30,31.93,32.005,31.495,31.495,6105060
1598967000,2020-09-01 09:30,31.495,32.415,31.37,32.38,18465830
1599053400,2020-09-02 09:30,32.515,33.165,32.305,33.115,22910440
1599139800,2020-09-03 09:30,33.07,33.07,31.86,32.2,28890856
1599226200,2020-09-04 09:30,32.39,32.56,31.735,32.22,27926100
1599571800,2020-09-08 09:30,31.9,31.925,31.375,31.615,16465270
1599658200,2020-09-09 09:30,32.005,32.6425,31.985,32.43,13236446
1599744600,2020-09-10 09:30,32.59,32.71,32.065,32.125,14234656
1599831000,2020-09-11 09:30,32.38,32.695,32.23,32.535,19444612
1600090200,2020-09-14 09:30,32.805,33.1,32.675,33.005,11562866
1600176600,2020-09-15 09:30,33.17,33.385,33.15,33.165,8611668
1600263000,2020-09-16 09:30,33.24,33.5675,33.095,33.19,19140344
1600349400,2020-09-17 09:30,32.84,33.505,32.665,33.435,23226596
1600435800,2020-09-18 09:30,33.54,33.54,32.825,32.86,18910526
1600695000,2020-09-21 09:30,32.045,32.075,31.24,31.605,16070756
1600781400,2020-09-22 09:30,31.63,31.745,31.405,31.665,11727344
1600867800,2020-09-23 09:30,31.605,31.635,30.71,30.735,14883704
1600954200,2020-09-24 09:30,30.72,31.27,30.465,30.955,22009772
1601040600,2020-09-25 09:30,30.665,31.33,30.5555,31.23,8869018
1601299800,2020-09-28 09:30,31.675,31.995,31.545,31.735,8570940
1601386200,2020-09-29 09:30,31.755,31.855,31.415,31.5,11333322
1601472600,2020-09-30 09:30,31.64,32.08,31.57,31.82,12347274
1601559000,2020-10-01 09:30,31.97,32.12,31.265,31.37,29154792
1601645400,2020-10-02 09:30,31.015,31.895,30.9201,31.65,27852518
1601904600,2020-10-05 09:30,31.905,32.47,31.895,32.255,18641058
1601991000,2020-10-06 09:30,32.415,32.6825,31.79,31.85,31357650
1602077400,2020-10-07 09:30,32.255,32.755,32.205,32.67,14277946
1602163800,2020-10-08 09:30,32.92,33.125,32.83,33,12583142
1602250200,2020-10-09 09:30,33.275,33.4,33.05,33.255,9546860
1602509400,2020-10-12 09:30,33.445,33.485,33.1825,33.2,8131278
1602595800,2020-10-13 09:30,32.965,33.15,32.78,32.905,10341226
1602682200,2020-10-14 09:30,32.94,33.2146,32.895,33,8766998
1602768600,2020-10-15 09:30,32.54,32.945,32.5,32.905,8749584
1602855000,2020-10-16 09:30,33.1,33.2875,33.005,33.135,20164902
1603114200,2020-10-19 09:30,33.245,33.3575,32.65,32.75,10827596
1603200600,2020-10-20 09:30,32.945,33.1725,32.725,32.825,8399450
1603287000,2020-10-21 09:30,32.82,33.205,32.7,32.7,7800220
1603373400,2020-10-22 09:30,32.685,32.92,32.36,32.88,7066576
1603459800,2020-10-23 09:30,33.115,33.24,32.8335,33,8233082
1603719000,2020-10-26 09:30,32.585,32.59,31.925,32.175,14833820
1603805400,2020-10-27 09:30,32.185,32.23,31.85,31.87,9313210
1603891800,2020-10-28 09:30,31.09,31.395,30.85,30.97,15424426
1603978200,2020-10-29 09:30,30.88,31.855,30.77,31.61,15086756
1604064600,2020-10-30 09:30,31.48,31.72,31.09,31.59,14679880
1604327400,2020-11-02 09:30,32.065,32.755,31.98,32.64,15867416
1604413800,2020-11-03 09:30,33.03,33.3218,32.805,33.15,17784136
1604500200,2020-11-04 09:30,32.995,33.205,32.285,32.585,22192552
1604586600,2020-11-05 09:30,33.335,34.16995,33.31,33.915,17705862
1604673000,2020-11-06 09:30,34.11,34.305,33.86,34,12151442
1604932200,2020-11-09 09:30,35.63,36.205,34.715,34.765,32868824
1605018600,2020-11-10 09:30,34.91,35.255,34.865,35.175,19650556
1605105000,2020-11-11 09:30,35.2,35.2,34.4175,34.65,12835882
1605191400,2020-11-12 09:30,34.495,34.52,33.7,33.92,11053684
1605277800,2020-11-13 09:30,34.175,34.605,34.165,34.505,11077166
1605537000,2020-11-16 09:30,35.06,35.2275,34.79,35.185,10964426
1605623400,2020-11-17 09:30,34.965,35.135,34.61,35.055,13894364
1605709800,2020-11-18 09:30,35.17,35.2725,34.75,34.765,9242994
1605796200,2020-11-19 09:30,34.675,34.965,34.4,34.91,7465502
1605882600,2020-11-20 09:30,34.9,35.04,34.725,34.88,8858548
1606141800,2020-11-23 09:30,35.155,35.385,35.0075,35.17,8959172
1606228200,2020-11-24 09:30,35.495,36.15,35.455,36.045,12271530
1606314600,2020-11-25 09:30,35.98,35.995,35.605,35.67,7890558
1606487400,2020-11-27 09:30,35.83,35.9875,35.685,35.855,4594666
1606746600,2020-11-30 09:30,35.805,35.835,35.3075,35.495,9913680
1606833000,2020-12-01 09:30,36.1,36.165,35.7175,35.885,10474270
1606919400,2020-12-02 09:30,35.775,35.8995,35.36,35.425,10779576
1607005800,2020-12-03 09:30,35.525,35.6425,35.1,35.18,11470232
1607092200,2020-12-04 09:30,35.33,35.89405,35.32,35.89,11538676
1607351400,2020-12-07 09:30,35.865,35.97125,35.53,35.655,8008734
1607437800,2020-12-08 09:30,35.46,35.94,35.445,35.855,7046618
1607524200,2020-12-09 09:30,35.995,36.065,35.535,35.875,13518186
1607610600,2020-12-10 09:30,35.685,35.96,35.535,35.655,7156552
1607697000,2020-12-11 09:30,35.415,35.615,35.185,35.45,6851812
1607956200,2020-12-14 09:30,35.76,35.815,34.985,35,10226430
1608042600,2020-12-15 09:30,35.335,35.725,35.245,35.635,8021638
1608129000,2020-12-16 09:30,35.715,35.765,35.385,35.535,8139312
1608215400,2020-12-17 09:30,35.87,35.974,35.735,35.945,7591468
1608301800,2020-12-18 09:30,35.98,36.195,35.675,36.105,10906698
1608561000,2020-12-21 09:30,35.29,35.825,35,35.735,10098522
1608647400,2020-12-22 09:30,35.73,35.775,35.465,35.515,6654222
1608733800,2020-12-23 09:30,35.71,35.9375,35.545,35.565,8219112
1608820200,2020-12-24 09:30,35.595,35.7925,35.455,35.79,2732528
1609165800,2020-12-28 09:30,36.125,36.17,35.635,35.65,5322614
1609252200,2020-12-29 09:30,35.84,35.92,35.385,35.565,6852988
1609338600,2020-12-30 09:30,35.685,36.13,35.665,36.055,5655068
1609425000,2020-12-31 09:30,36.105,36.255,35.81,36.195,6500982
1609770600,2021-01-04 09:30,36.515,36.6975,35.645,35.85,18266448
1609857000,2021-01-05 09:30,35.79,36.755,35.79,36.655,26811970
1609943400,2021-01-06 09:30,37.05,38.425,37.01,38.155,48520394
1610029800,2021-01-07 09:30,38.385,38.695,38.3,38.44,18577758
1610116200,2021-01-08 09:30,38.51,38.545,37.78,38.255,16988362
1610375400,2021-01-11 09:30,37.69,38.41,37.55,38.255,12240272
1610461800,2021-01-12 09:30,38.22,38.885,38.095,38.74,17844446
1610548200,2021-01-13 09:30,38.7,38.79,38.185,38.345,9809118
1610634600,2021-01-14 09:30,38.47,38.505,38.17,38.215,11074242
1610721000,2021-01-15 09:30,37.86,37.93,37.275,37.67,19708982
1611066600,2021-01-19 09:30,37.975,38.075,37.64,37.8,9912490
1611153000,2021-01-20 09:30,37.985,38.04,37.765,37.925,10326672
1611239400,2021-01-21 09:30,37.88,37.955,37.355,37.37,12647436
1611325800,2021-01-22 09:30,36.95,37.3375,36.89,37.19,12132290
1611585000,2021-01-25 09:30,37.04,37.145,36.345,36.995,24149886
1611671400,2021-01-26 09:30,37.225,37.365,36.475,36.485,13555100
1611757800,2021-01-27 09:30,35.925,35.925,35.005,35.41,24779446
1611844200,2021-01-28 09:30,35.765,36.2425,35.67,36.02,14483452
1611930600,2021-01-29 09:30,35.87,36.055,35.1375,35.32,17978622
1612189800,2021-02-01 09:30,35.685,35.8,35.16,35.735,16011908
1612276200,2021-02-02 09:30,36,36.385,35.8,36.205,15789580
1612362600,2021-02-03 09:30,36.305,36.49,36.14,36.275,12846332
1612449000,2021-02-04 09:30,36.17,36.34,35.835,36.145,12994216
1612535400,2021-02-05 09:30,36.495,36.815,36.42,36.765,12575922
1612794600,2021-02-08 09:30,37.08,37.2,36.975,37.07,12635616
1612881000,2021-02-09 09:30,37.09,37.12,36.705,36.795,14513968
1612967400,2021-02-10 09:30,37.035,37.0725,36.52,36.755,10917800
1613053800,2021-02-11 09:30,36.865,37,36.475,36.79,13346046
1613140200,2021-02-12 09:30,36.71,37.19,36.66,37.17,6575786
1613485800,2021-02-16 09:30,37.31,37.435,37.045,37.1,12383728
1613572200,2021-02-17 09:30,36.995,37.15,36.6,37.08,11821180
1613658600,2021-02-18 09:30,36.985,37.025,36.68,36.85,12117544
1613745000,2021-02-19 09:30,37.06,37.69,37.05,37.525,11359422
1614004200,2021-02-22 09:30,37.48,37.8225,37.355,37.67,12198754
1614090600,2021-02-23 09:30,37.65,37.9,36.98,37.8,22022346
1614177000,2021-02-24 09:30,37.82,38.29,37.68,38.13,14763896
1614263400,2021-02-25 09:30,38.055,38.12,37.1,37.25,20375940
1614349800,2021-02-26 09:30,37.155,37.27,36.535,36.775,16280232
1614609000,2021-03-01 09:30,37.26,37.905,37.26,37.705,15016218
1614695400,2021-03-02 09:30,37.815,38.26,37.79,37.915,15127734
1614781800,2021-03-03 09:30,37.775,38.045,37.535,37.54,17340898
1614868200,2021-03-04 09:30,37.48,37.63,36.17,36.81,37034706
1614954600,2021-03-05 09:30,37.19,37.78,36.41,37.655,23513650
1615213800,2021-03-08 09:30,37.78,38.73,37.7125,38.16,29673008
1615300200,2021-03-09 09:30,38.415,38.705,38.135,38.395,15732812
1615386600,2021-03-10 09:30,38.585,39.335,38.56,39.03,14336518
1615473000,2021-03-11 09:30,39.39,39.555,39.215,39.24,9525044
1615559400,2021-03-12 09:30,39.235,39.37,39.13,39.345,9627818
1615815000,2021-03-15 09:30,39.345,39.415,38.91595,39.39,9292914
1615901400,2021-03-16 09:30,39.355,39.395,38.845,39.065,13154380
1615987800,2021-03-17 09:30,39.03,39.5075,38.935,39.415,11091242
1616074200,2021-03-18 09:30,39.32,39.77,39.12,39.195,13173574
1616160600,2021-03-19 09:30,39.12,39.265,38.54,39,17836892
1616419800,2021-03-22 09:30,38.775,39.02,38.545,38.86,12876698
1616506200,2021-03-23 09:30,38.685,38.715,37.915,38.05,20470250
1616592600,2021-03-24 09:30,38.22,38.8575,38.22,38.325,13471106
1616679000,2021-03-25 09:30,38.17,38.95,37.95,38.88,15393452
1616765400,2021-03-26 09:30,39.245,39.875,39.115,39.845,15219180
1617024600,2021-03-29 09:30,39.7,40.085,39.485,39.71,12980064
1617111000,2021-03-30 09:30,39.695,39.805,39.49,39.595,13141174
1617197400,2021-03-31 09:30,39.67,39.79,39.3,39.4,14174790
1617283800,2021-04-01 09:30,39.465,39.7725,39.225,39.745,14326250
1617629400,2021-04-05 09:30,40.155,40.38,39.96,40.235,17460960
1617715800,2021-04-06 09:30,40.165,40.4675,40.13,40.325,12551952
1617802200,2021-04-07 09:30,40.26,40.3275,39.545,39.63,17575804
1617888600,2021-04-08 09:30,39.72,39.7575,39.35,39.68,10828670
1617975000,2021-04-09 09:30,39.775,40.035,39.6525,40.025,10617844
1618234200,2021-04-12 09:30,40,40.21,39.99,40.165,8856456
1618320600,2021-04-13 09:30,40.1,40.19,39.89,40.07,9312276
1618407000,2021-04-14 09:30,40.1,40.5225,40.085,40.36,9953388
1618493400,2021-04-15 09:30,40.56,40.91,40.4,40.835,10863052
1618579800,2021-04-16 09:30,41.235,41.4375,41.15935,41.33,12928274
1618839000,2021-04-19 09:30,41.33,41.405,40.91,41.14,12112900
1618925400,2021-04-20 09:30,41.065,41.1425,40.595,40.745,10643176
1619011800,2021-04-21 09:30,40.755,41.535,40.705,41.485,10809394
1619098200,2021-04-22 09:30,41.435,41.435,40.7325,40.785,16101284
1619184600,2021-04-23 09:30,40.965,41.5875,40.815,41.455,9370032
1619443800,2021-04-26 09:30,41.62,41.94,41.535,41.7,8191954
1619530200,2021-04-27 09:30,41.515,41.71105,41.335,41.59,8883308
1619616600,2021-04-28 09:30,41.61,41.88,41.53,41.705,7794038
1619703000,2021-04-29 09:30,41.96,41.985,41.5325,41.965,11571074
1619789400,2021-04-30 09:30,41.785,41.98,41.425,41.52,10352554
1620048600,2021-05-03 09:30,41.875,42.39,41.845,42.14,12405596
1620135000,2021-05-04 09:30,41.865,42.6,41.8275,42.6,15622696
1620221400,2021-05-05 09:30,42.77,43.21,42.77,43.14,9654352
1620307800,2021-05-06 09:30,43.225,43.53,42.7975,43.505,14774698
1620394200,2021-05-07 09:30,43.515,44.02,43.325,43.935,15089380
1620653400,2021-05-10 09:30,44.445,44.606,43.736,43.74,18238288
1620739800,2021-05-11 09:30,43.39,43.945,43.09,43.885,18997044
1620826200,2021-05-12 09:30,43.72,43.82,42.73,42.78,18269138
1620912600,2021-05-13 09:30,42.845,43.565,42.745,43.435,22130950
1620999000,2021-05-14 09:30,43.63,44.07,43.5875,43.955,11112514
1621258200,2021-05-17 09:30,43.98,44.42,43.7575,44.34,15624090
1621344600,2021-05-18 09:30,44.415,44.44,43.82,43.85,13594728
1621431000,2021-05-19 09:30,43.24,43.37,42.69,43.18,24960038
1621517400,2021-05-20 09:30,43.255,43.395,43.035,43.205,11750202
1621603800,2021-05-21 09:30,43.445,43.76,43.275,43.3,13533346
1621863000,2021-05-24 09:30,43.555,43.8525,43.375,43.685,10218452
1621949400,2021-05-25 09:30,43.77,43.87,43.265,43.315,9688864
1622035800,2021-05-26 09:30,43.33,43.465,43.035,43.33,12616318
1622122200,2021-05-27 09:30,43.685,43.89,43.56,43.675,11654872
1622208600,2021-05-28 09:30,43.77,43.825,43.455,43.63,10690858
1622554200,2021-06-01 09:30,44.135,44.31,43.94,44.24,13700732
1622640600,2021-06-02 09:30,44.3,44.31,43.8125,43.87,11410598
1622727000,2021-06-03 09:30,43.56,43.88,43.32595,43.86,12529160
1622813400,2021-06-04 09:30,44.045,44.11,43.775,43.955,10291772
1623072600,2021-06-07 09:30,43.975,43.975,43.225,43.42,12097648
1623159000,2021-06-08 09:30,43.44,43.6775,43.1125,43.5,11582072
1623245400,2021-06-09 09:30,43.415,43.54,43.15,43.16,19761134
1623331800,2021-06-10 09:30,43.49,43.55,42.895,42.9,12269152
1623418200,2021-06-11 09:30,43.205,43.365,42.83,43.06,8715974
1623677400,2021-06-14 09:30,42.94,43.045,42.3,42.53,12375572
1623763800,2021-06-15 09:30,42.595,42.62,42.1375,42.44,20967348
1623850200,2021-06-16 09:30,42.44,42.46,41.8725,41.97,16649014
1623936600,2021-06-17 09:30,41.85,41.855,40.535,41.035,30323134
1624023000,2021-06-18 09:30,40.61,40.78,40.37,40.37,23531696
1624282200,2021-06-21 09:30,40.665,41.09,40.65,41.03,18014326
1624368600,2021-06-22 09:30,41.2,41.3725,40.905,41.195,11156870
1624455000,2021-06-23 09:30,41.315,41.42,40.925,40.93,10336826
1624541400,2021-06-24 09:30,41.235,41.3,40.925,41.06,10540562
1624627800,2021-06-25 09:30,41.2825,41.45,41.03,41.065,20219088
1624887000,2021-06-28 09:30,41.195,41.23,40.7425,41.065,10148214
1624973400,2021-06-29 09:30,41.245,41.465,40.945,41.045,9840144
1625059800,2021-06-30 09:30,40.93,41.215,40.925,41.155,9728522
1625146200,2021-07-01 09:30,41.485,41.54,41.17,41.38,14184688
1625232600,2021-07-02 09:30,41.435,41.49,41.16,41.44,12341862
1625578200,2021-07-06 09:30,41.42,41.435,40.54,40.825,12216650
1625664600,2021-07-07 09:30,40.835,41.285,40.7375,41.25,13178758
1625751000,2021-07-08 09:30,40.575,40.91,40.335,40.69,15825576
1625837400,2021-07-09 09:30,41.215,41.6,41.1325,41.49,14981580
1626096600,2021-07-12 09:30,41.24,41.7475,41.085,41.625,20226262
1626183000,2021-07-13 09:30,41.55,41.645,41.115,41.245,24709226
1626269400,2021-07-14 09:30,41.295,41.6225,41.04,41.16,12376592
1626355800,2021-07-15 09:30,40.95,41.4375,40.925,41.165,12688290
1626442200,2021-07-16 09:30,41.24,41.27,40.47,40.545,19222166
1626701400,2021-07-19 09:30,39.83,39.865,39.34,39.675,23013486
1626787800,2021-07-20 09:30,39.57,40.415,39.445,40.125,21231538
1626874200,2021-07-21 09:30,40.405,40.695,40.3525,40.565,13671234
1626960600,2021-07-22 09:30,40.66,40.6975,40.245,40.58,9453402
1627047000,2021-07-23 09:30,40.78,40.905,40.42,40.865,10392770
1627306200,2021-07-26 09:30,40.965,41.25,40.875,41.21,11820636
1627392600,2021-07-27 09:30,40.955,41.45,40.565,41.265,16864318
1627479000,2021-07-28 09:30,41.28,41.5325,40.985,41.385,12214472
1627565400,2021-07-29 09:30,41.675,41.9925,41.575,41.84,12574854
1627651800,2021-07-30 09:30,41.76,42.27,41.76,42.01,11172374
1627911000,2021-08-02 09:30,42.21,42.455,41.5,41.5,17009990
1627997400,2021-08-03 09:30,41.54,41.935,41.185,41.93,13131910
1628083800,2021-08-04 09:30,41.755,41.98,41.51,41.53,10539848
1628170200,2021-08-05 09:30,41.73,42.01,41.43,41.47,13965498
1628256600,2021-08-06 09:30,41.715,42.1225,41.675,42.07,14054290
1628515800,2021-08-09 09:30,41.995,42.125,41.68,42.02,10743572
1628602200,2021-08-10 09:30,42.005,42.82,42.005,42.655,16047420
1628688600,2021-08-11 09:30,42.98,43.2895,42.785,43.255,16544770
1628775000,2021-08-12 09:30,43.26,43.3,42.8,43.185,9612762
1628861400,2021-08-13 09:30,43.245,43.315,43.145,43.225,7815974
1629120600,2021-08-16 09:30,42.96,43.065,42.555,43.01,12274492
1629207000,2021-08-17 09:30,42.775,42.825,42.02,42.515,14924010
1629293400,2021-08-18 09:30,42.365,42.62,41.995,42.02,14712744
1629379800,2021-08-19 09:30,41.545,41.83,41.42,41.645,15936708
1629466200,2021-08-20 09:30,41.66,41.98,41.595,41.89,13973688
1629725400,2021-08-23 09:30,42.125,42.3625,42.02,42.25,8095508
1629811800,2021-08-24 09:30,42.45,42.645,42.385,42.515,11059586
1629898200,2021-08-25 09:30,42.4,42.85,42.235,42.71,9824460
1629984600,2021-08-26 09:30,42.695,42.75,42.395,42.415,11541754
1630071000,2021-08-27 09:30,42.63,43.1,42.585,42.975,10357558
1630330200,2021-08-30 09:30,43.15,43.23,42.93,42.93,9012718
1630416600,2021-08-31 09:30,42.905,42.905,42.5975,42.805,10608930
1630503000,2021-09-01 09:30,42.76,42.8645,42.325,42.695,14017820
1630589400,2021-09-02 09:30,42.82,43.055,42.805,42.97,10631276
1630675800,2021-09-03 09:30,42.925,43.05,42.675,42.685,22880662
1631021400,2021-09-07 09:30,42.535,42.565,42.3425,42.405,13864682
1631107800,2021-09-08 09:30,42.28,42.32,41.855,42,12419918
1631194200,2021-09-09 09:30,41.88,42.3,41.88,42.015,9871412
1631280600,2021-09-10 09:30,42.21,42.525,41.9775,42.005,17780364
1631539800,2021-09-13 09:30,42.375,42.5,41.73,41.995,15220080
1631626200,2021-09-14 09:30,42.14,42.17,41.445,41.535,12087302
1631712600,2021-09-15 09:30,41.64,42.025,41.56,41.975,12651672
1631799000,2021-09-16 09:30,41.815,41.855,41.22,41.52,11250730
1631885400,2021-09-17 09:30,41.29,41.365,40.535,40.665,19931998
1632144600,2021-09-20 09:30,39.54,39.895,39.18345,39.71,20155524
1632231000,2021-09-21 09:30,39.955,40.025,39.445,39.615,15229416
1632317400,2021-09-22 09:30,39.995,40.425,39.995,40.025,15312224
1632403800,2021-09-23 09:30,40.325,40.87,40.285,40.595,9516654
1632490200,2021-09-24 09:30,40.41,40.75,40.315,40.535,7251792
1632749400,2021-09-27 09:30,40.64,41.08,40.635,40.85,10433026
1632835800,2021-09-28 09:30,40.75,40.81,40.22,40.345,16570526
1632922200,2021-09-29 09:30,40.34,40.43,40.1,40.18,13939522
1633008600,2021-09-30 09:30,40.3,40.465,39.545,39.555,21458884
1633095000,2021-10-01 09:30,39.745,40.4,39.445,40.185,18499982
1633354200,2021-10-04 09:30,40.235,40.485,39.725,40.01,17111638
1633440600,2021-10-05 09:30,40.12,40.59,39.85,40.365,13584116
1633527000,2021-10-06 09:30,39.955,40.29,39.5275,40.29,15448504
1633613400,2021-10-07 09:30,40.635,41.26,40.635,40.815,16938578
1633699800,2021-10-08 09:30,40.915,41.015,40.515,40.59,12798074
1633959000,2021-10-11 09:30,40.73,41.189,40.59,40.595,9673532
1634045400,2021-10-12 09:30,40.62,40.84,40.5,40.65,15331480
1634131800,2021-10-13 09:30,40.915,41.14,40.465,40.955,14431314
1634218200,2021-10-14 09:30,41.355,42.0075,41.24,41.95,11374680
1634304600,2021-10-15 09:30,42.17,42.2875,41.97,42.075,11705092
1634563800,2021-10-18 09:30,41.715,42.125,41.64,42.045,12699794
1634650200,2021-10-19 09:30,42.235,42.265,41.915,42.265,9591002
1634736600,2021-10-20 09:30,42.3,42.655,42.2,42.605,9303906
1634823000,2021-10-21 09:30,42.43,42.51,42.055,42.495,13392216
1634909400,2021-10-22 09:30,42.575,42.86625,42.415,42.415,11568426
1635168600,2021-10-25 09:30,42.685,43.02,42.425,42.84,10799304
1635255000,2021-10-26 09:30,42.915,43.135,42.56,42.96,11553938
1635341400,2021-10-27 09:30,42.795,42.87,42.315,42.345,11404186
1635427800,2021-10-28 09:30,42.395,42.84325,42.385,42.765,8303370
1635514200,2021-10-29 09:30,42.605,42.915,42.405,42.56,8699124
1635773400,2021-11-01 09:30,42.63,42.9136,42.51,42.66,11040446
1635859800,2021-11-02 09:30,42.77,43.23,42.69,43.145,13271182
1635946200,2021-11-03 09:30,43.22,43.78,43.105,43.595,19187376
1636032600,2021-11-04 09:30,43.66,43.75565,43.385,43.57,10073144
1636119000,2021-11-05 09:30,43.68,44.03,43.635,43.91,11658808
1636381800,2021-11-08 09:30,44.39,44.615,44.305,44.46,10690040
1636468200,2021-11-09 09:30,44.475,44.665,44.295,44.665,15768522
1636554600,2021-11-10 09:30,44.62,44.8235,44.27,44.36,12872464
1636641000,2021-11-11 09:30,44.56,44.9,44.465,44.715,8158390
1636727400,2021-11-12 09:30,44.835,45.0725,44.73,45.05,8774744
1636986600,2021-11-15 09:30,45.065,45.085,44.685,44.845,8628062
1637073000,2021-11-16 09:30,44.87,44.995,44.69,44.72,8776272
1637159400,2021-11-17 09:30,44.65,44.765,44.3875,44.425,10559144
1637245800,2021-11-18 09:30,44.46,44.545,44.145,44.235,10389182
1637332200,2021-11-19 09:30,44.08,44.42,44.01,44.155,10426702
1637591400,2021-11-22 09:30,44.175,44.6975,44.155,44.225,13380070
1637677800,2021-11-23 09:30,44.24,44.585,44.045,44.27,15232676
1637764200,2021-11-24 09:30,44.035,44.135,43.8575,43.955,10365240
1637937000,2021-11-26 09:30,42.955,43.405,42.735,43.2,14215010
1638196200,2021-11-29 09:30,43.53,43.62535,43.115,43.4,12280398
1638282600,2021-11-30 09:30,43.18,43.29,42.245,42.325,24004602
1638369000,2021-12-01 09:30,42.995,43.365,41.875,41.895,22485738
1638455400,2021-12-02 09:30,42.035,42.925,41.955,42.75,17957346
1638541800,2021-12-03 09:30,42.82,43.28,42.275,42.655,19977364
1638801000,2021-12-06 09:30,43.085,43.62,42.93,43.28,16245972
1638887400,2021-12-07 09:30,43.78,44.215,43.775,43.94,11306942
1638973800,2021-12-08 09:30,44.09,44.2225,43.87,44.125,9216620
1639060200,2021-12-09 09:30,43.795,44.09,43.7,43.88,6601546
1639146600,2021-12-10 09:30,44.215,44.32,43.86,44.15,9585100
1639405800,2021-12-13 09:30,44.125,44.225,43.74045,43.885,9406680
1639492200,2021-12-14 09:30,43.85,44.21,43.71995,43.84,9073574
1639578600,2021-12-15 09:30,43.655,43.9875,43.18,43.935,14623080
1639665000,2021-12-16 09:30,44.235,44.67,44.2,44.385,13071268
1639751400,2021-12-17 09:30,44.225,44.3545,43.8,43.83,15665466
1640010600,2021-12-20 09:30,42.99,43.015,42.285,42.83,14155524
1640097000,2021-12-21 09:30,43.14,43.54,43.105,43.37,9063526
1640183400,2021-12-22 09:30,43.32,43.75,43.265,43.715,6190250
1640269800,2021-12-23 09:30,43.785,44.2975,43.72,44.155,5746036
1640615400,2021-12-27 09:30,44.295,44.825,44.23005,44.82,4919558
1640701800,2021-12-28 09:30,44.8,45.1275,44.79,45.08,8538104
1640788200,2021-12-29 09:30,45.04,45.345,45,45.265,5153978
1640874600,2021-12-30 09:30,45.28,45.54,45.0675,45.105,6340012
1640961000,2021-12-31 09:30,45.025,45.42,45.015,45.305,6457756
1641220200,2022-01-03 09:30,45.36,45.4144,44.61,44.715,15088708
1641306600,2022-01-04 09:30,44.845,45.435,44.825,45.265,19937738
1641393000,2022-01-05 09:30,45.5,46.1525,45.245,45.26,21252752
1641479400,2022-01-06 09:30,45.365,45.365,44.625,44.69,17868764
1641565800,2022-01-07 09:30,44.745,44.82,44.455,44.65,16543660
1641825000,2022-01-10 09:30,44.41,44.515,43.7725,44.195,16819140
1641911400,2022-01-11 09:30,44.26,44.695,43.88,44.68,13614832
1641997800,2022-01-12 09:30,45.055,45.225,44.68,45.13,10215696
1642084200,2022-01-13 09:30,45.06,45.295,44.67,44.78,12006148
1642170600,2022-01-14 09:30,44.285,44.485,43.87,44.4,14588762
1642516200,2022-01-18 09:30,43.92,43.995,43.475,43.815,15581730
1642602600,2022-01-19 09:30,44.14,44.25,43.6825,43.705,14832864
1642689000,2022-01-20 09:30,43.815,44.1387,43.02,43.07,17147260
1642775400,2022-01-21 09:30,42.815,42.975,41.88,42.02,32542498
1643034600,2022-01-24 09:30,41.23,42.155,40.455,42.045,42458932
1643121000,2022-01-25 09:30,41.415,42.02,40.6975,41.665,29311370
1643207400,2022-01-26 09:30,42,42.35,40.8125,41.23,26921634
1643293800,2022-01-27 09:30,41.685,42.235,40.98,41.37,23174582
1643380200,2022-01-28 09:30,41.19,41.625,40.615,41.61,22016388
1643639400,2022-01-31 09:30,41.39,42.2525,41.32,42.225,14549588
1643725800,2022-02-01 09:30,42.44,42.975,42.21,42.875,18608500
1643812200,2022-02-02 09:30,42.865,43.2,42.635,43.01,14159120
1643898600,2022-02-03 09:30,42.635,42.9425,42.19,42.26,15542700
1643985000,2022-02-04 09:30,41.69,42.025,41.315,41.56,23376144
1644244200,2022-02-07 09:30,41.645,41.745,41.2125,41.355,25255488
1644330600,2022-02-08 09:30,41.52,42.07,41.435,41.995,15501792
1644417000,2022-02-09 09:30,42.41,42.975,42.395,42.91,21469242
1644503400,2022-02-10 09:30,42.755,43.61,42.45,42.66,26621900
1644589800,2022-02-11 09:30,42.445,42.835,41.8575,42,25266804
1644849000,2022-02-14 09:30,42.03,42.07,41.3375,41.655,18896734
1644935400,2022-02-15 09:30,41.945,42.485,41.9,42.42,13351010
1645021800,2022-02-16 09:30,42.375,42.82,42.295,42.73,15678052
1645108200,2022-02-17 09:30,42.29,42.42,41.855,42,13083828
1645194600,2022-02-18 09:30,42.09,42.31,41.695,41.93,17929668
1645540200,2022-02-22 09:30,41.73,41.91,40.995,41.335,21308828
1645626600,2022-02-23 09:30,41.6,41.75,40.745,40.805,19162200
1645713000,2022-02-24 09:30,39.885,40.8,39.69,40.685,31807394
1645799400,2022-02-25 09:30,40.87,42.19,40.835,42.17,22258868
1646058600,2022-02-28 09:30,41.52,41.975,41.285,41.69,22460460
1646145000,2022-03-01 09:30,41.57,41.895,40.485,40.73,26263926
1646231400,2022-03-02 09:30,40.98,41.855,40.885,41.625,19142894
1646317800,2022-03-03 09:30,41.995,42.145,41.255,41.675,19472064
1646404200,2022-03-04 09:30,41.165,41.5475,40.84,41.53,17329044
1646663400,2022-03-07 09:30,41.415,41.445,40.085,40.09,21826458
1646749800,2022-03-08 09:30,40.145,40.725,39.645,39.885,25990062
1646836200,2022-03-09 09:30,40.545,41.365,40.325,41.12,20626524
1646922600,2022-03-10 09:30,40.695,41.2825,40.64,41.23,15590040
1647009000,2022-03-11 09:30,41.285,41.64,40.89,40.925,13862930
1647264600,2022-03-14 09:30,41.19,41.455,40.66,40.865,15631152
1647351000,2022-03-15 09:30,40.885,41.415,40.61,41.335,18169762
1647437400,2022-03-16 09:30,41.8,42.38,41.14,41.985,23893180
1647523800,2022-03-17 09:30,41.845,42.81,41.79,42.79,14102956
1647610200,2022-03-18 09:30,42.58,43.1225,42.465,43.05,19242180
1647869400,2022-03-21 09:30,43.065,43.435,42.96,43.245,17759374
1647955800,2022-03-22 09:30,43.575,43.755,43.32,43.48,13931896
1648042200,2022-03-23 09:30,43.375,43.575,43.225,43.28,11578790
1648128600,2022-03-24 09:30,43.55,44.17,43.515,44.15,10905290
1648215000,2022-03-25 09:30,44.25,44.67,44.17,44.645,10050036
1648474200,2022-03-28 09:30,44.48,44.51,44.005,44.445,10706862
1648560600,2022-03-29 09:30,44.485,44.82,44.15,44.82,15656120
1648647000,2022-03-30 09:30,44.835,44.915,44.455,44.67,8967148
1648733400,2022-03-31 09:30,44.485,44.82,44.07,44.075,10599360
1648819800,2022-04-01 09:30,44.33,44.705,44.07,44.54,12484058
1649079000,2022-04-04 09:30,44.615,44.615,44.155,44.55,11518066
1649165400,2022-04-05 09:30,44.525,44.83,44.065,44.195,11457354
1649251800,2022-04-06 09:30,43.91,43.925,43.305,43.685,16795584
1649338200,2022-04-07 09:30,43.74,44.15,43.435,43.97,11529154
1649424600,2022-04-08 09:30,44.225,44.53,43.995,44.24,10311046
1649683800,2022-04-11 09:30,44.095,44.49,43.965,44.02,12266194
1649770200,2022-04-12 09:30,44.235,44.605,43.85,44.03,14295614
1649856600,2022-04-13 09:30,44.115,44.7,43.94,44.68,17061528
1649943000,2022-04-14 09:30,44.73,45.06,44.505,44.53,12664048
1650288600,2022-04-18 09:30,44.5,44.8325,44.42,44.57,12443016
1650375000,2022-04-19 09:30,44.445,45.085,44.335,44.99,10121352
1650461400,2022-04-20 09:30,45.06,45.45,44.975,45.275,17289390
1650547800,2022-04-21 09:30,45.615,45.745,44.41,44.535,15328688
1650634200,2022-04-22 09:30,44.165,44.17655,42.79,42.87,18824244
1650893400,2022-04-25 09:30,42.415,42.86,41.57,42.75,26687798
1650979800,2022-04-26 09:30,42.94,43.18,42.07,42.09,21081414
1651066200,2022-04-27 09:30,42.47,43.195,42.3325,42.71,26049576
1651152600,2022-04-28 09:30,42.92,43.535,42.195,43.385,20702978
1651239000,2022-04-29 09:30,43.525,43.885,42.41,42.515,21265716
1651498200,2022-05-02 09:30,42.57,42.75,41.565,42.385,32838176
1651584600,2022-05-03 09:30,42.415,43.1,42.33,42.86,22845062
1651671000,2022-05-04 09:30,43.14,44.28,42.745,44.25,29811176
1651757400,2022-05-05 09:30,43.94,44.085,42.4125,42.88,24543634
1651843800,2022-05-06 09:30,42.54,42.54,41.565,42.265,28715706
1652103000,2022-05-09 09:30,41.495,41.87,40.815,40.93,27881744
1652189400,2022-05-10 09:30,41.61,41.72,40.19,40.675,34030428
1652275800,2022-05-11 09:30,40.79,41.785,40.605,40.695,33836416
1652362200,2022-05-12 09:30,40.27,41.025,39.88,40.62,26458234
1652448600,2022-05-13 09:30,40.945,41.6525,40.9425,41.245,17295338
1652707800,2022-05-16 09:30,41.07,41.5,40.6925,41.17,16692562
1652794200,2022-05-17 09:30,42.095,42.4,41.67,42.335,15136796
1652880600,2022-05-18 09:30,41.93,42.025,40.845,41.02,13932494
1652967000,2022-05-19 09:30,40.75,41.795,40.7,41.31,16195088
1653053400,2022-05-20 09:30,41.715,41.875,40.31,41.21,16114366
1653312600,2022-05-23 09:30,41.735,42.065,41.45,41.965,12760284
1653399000,2022-05-24 09:30,41.825,41.87,41.01,41.725,14059614
1653485400,2022-05-25 09:30,41.565,42.0875,41.42,41.91,11071612
1653571800,2022-05-26 09:30,42.2,42.895,42.12,42.68,11073266
1653658200,2022-05-27 09:30,43.04,43.695,42.97,43.68,13588750
1654003800,2022-05-31 09:30,43.27,43.43,42.87,43.015,18490838
1654090200,2022-06-01 09:30,43.085,43.2175,42.17,42.585,14350058
1654176600,2022-06-02 09:30,43.04,43.76,42.9425,43.76,13050788
1654263000,2022-06-03 09:30,43.37,43.68,43.18,43.335,10651350
1654522200,2022-06-06 09:30,43.655,43.92,43.51,43.745,11184234
1654608600,2022-06-07 09:30,43.375,44.1125,43.26,44.06,12411734
1654695000,2022-06-08 09:30,43.605,43.975,43.0475,43.145,8475626
1654781400,2022-06-09 09:30,42.815,42.96,42.11,42.125,10812862
1654867800,2022-06-10 09:30,41.31,41.38,40.78,40.835,16668358
1655127000,2022-06-13 09:30,39.79,39.88,39.01,39.24,20820480
1655213400,2022-06-14 09:30,39.23,39.465,38.635,38.94,15700736
1655299800,2022-06-15 09:30,39.435,39.485,38.22,38.93,20859426
1655386200,2022-06-16 09:30,37.865,37.99,37.205,37.525,18569342
1655472600,2022-06-17 09:30,37.47,37.73,36.80955,37.46,25019622
1655818200,2022-06-21 09:30,37.785,37.94,37.475,37.765,11233180
1655904600,2022-06-22 09:30,36.95,37.645,36.845,37.28,16064826
1655991000,2022-06-23 09:30,37.13,37.34,36.385,36.77,18934792
1656077400,2022-06-24 09:30,37.02,38.24,36.98,38.23,22495130
1656336600,2022-06-27 09:30,38.2,38.33,37.8,37.915,13583722
1656423000,2022-06-28 09:30,38.14,38.495,37.45,37.51,9846388
1656509400,2022-06-29 09:30,37.58,37.645,36.855,37.24,10594820
1656595800,2022-06-30 09:30,36.66,37.1375,36.29,36.8,13860324
1656682200,2022-07-01 09:30,36.495,37.115,36.095,37.06,16434202
1657027800,2022-07-05 09:30,36.085,36.32,35.555,36.315,19413620
1657114200,2022-07-06 09:30,36.275,36.65,35.88,36.545,16601920
1657200600,2022-07-07 09:30,36.995,37.25,36.765,36.87,9897322
1657287000,2022-07-08 09:30,36.925,36.985,36.315,36.51,8182594
1657546200,2022-07-11 09:30,36.14,36.575,36.075,36.41,8287580
1657632600,2022-07-12 09:30,36.255,36.82,36.21,36.34,13606912
1657719000,2022-07-13 09:30,35.745,36.34,35.565,36.13,19998760
1657805400,2022-07-14 09:30,35.455,35.4925,34.99,35.465,15012334
1657891800,2022-07-15 09:30,36.04,36.145,35.58,36.02,10334034
1658151000,2022-07-18 09:30,36.49,36.66,35.97,36.105,7533400
1658237400,2022-07-19 09:30,36.505,37.29,36.465,37.205,11284828
1658323800,2022-07-20 09:30,37.155,37.435,36.995,37.27,9383416
1658410200,2022-07-21 09:30,37.205,37.81,37.035,37.8,9401832
1658496600,2022-07-22 09:30,38.03,38.225,37.36,37.53,10807486
1658755800,2022-07-25 09:30,37.63,37.7325,37.38,37.685,7729838
1658842200,2022-07-26 09:30,37.49,37.65,37.285,37.43,7703748
1658928600,2022-07-27 09:30,37.165,38.03,36.985,37.88,11703224
1659015000,2022-07-28 09:30,38.06,38.59,37.975,38.55,11831986
1659101400,2022-07-29 09:30,38.825,39.17,38.675,39.065,9258278
1659360600,2022-08-01 09:30,38.88,38.91,38.4675,38.75,10411690
1659447000,2022-08-02 09:30,38.555,38.8925,38.14,38.355,11367378
1659533400,2022-08-03 09:30,38.565,38.66,38.07,38.395,9597468
1659619800,2022-08-04 09:30,38.455,38.75,38.225,38.42,6898892
1659706200,2022-08-05 09:30,38.115,38.72025,38.06,38.555,5891962
1659965400,2022-08-08 09:30,39.025,39.32,38.745,38.77,9414246
1660051800,2022-08-09 09:30,38.835,38.85,38.4425,38.58,13987306
1660138200,2022-08-10 09:30,39.33,39.9,39.32,39.675,8528296
1660224600,2022-08-11 09:30,40.04,40.315,39.76,39.81,6129156
1660311000,2022-08-12 09:30,39.935,40.57,39.86,40.56,7447274
1660570200,2022-08-15 09:30,40.13,40.595,39.995,40.535,6380276
1660656600,2022-08-16 09:30,40.42,40.935,40.415,40.76,5211552
1660743000,2022-08-17 09:30,40.305,40.395,39.9875,40.2,8159836
1660829400,2022-08-18 09:30,40.36,40.4225,40.065,40.325,4562740
1660915800,2022-08-19 09:30,40.105,40.105,39.44,39.585,6634518
1661175000,2022-08-22 09:30,38.97,39.17,38.815,38.955,7031924
1661261400,2022-08-23 09:30,38.96,39.535,38.96,39.34,9840444
1661347800,2022-08-24 09:30,39.29,39.5675,39.18,39.425,5778186
1661434200,2022-08-25 09:30,39.695,40.3325,39.695,40.32,6130962
1661520600,2022-08-26 09:30,40.41,40.445,39.0568,39.085,8666006
1661779800,2022-08-29 09:30,38.655,39.13,38.56,38.81,7198996
1661866200,2022-08-30 09:30,38.91,38.935,37.95,38.175,7402574
1661952600,2022-08-31 09:30,38.24,38.24,37.69,37.705,10050746
1662039000,2022-09-01 09:30,37.25,37.315,36.755,37.21,11796020
1662125400,2022-09-02 09:30,37.76,38.0575,37.01,37.175,14134200
1662471000,2022-09-06 09:30,37.39,37.525,36.895,37.06,12551202
1662557400,2022-09-07 09:30,36.96,38.15,36.875,38.085,12192402
1662643800,2022-09-08 09:30,37.705,38.4825,37.57,38.455,8796590
1662730200,2022-09-09 09:30,38.84,39.1425,38.735,39.035,7296546
1662989400,2022-09-12 09:30,39.435,39.58995,39.16,39.4,8099078
1663075800,2022-09-13 09:30,38.395,38.83185,37.8975,37.995,9404020
1663162200,2022-09-14 09:30,37.825,37.865,37.165,37.53,11562412
1663248600,2022-09-15 09:30,37.385,37.7725,36.9675,37.035,10417430
1663335000,2022-09-16 09:30,36.535,36.59025,36.055,36.45,16265358
1663594200,2022-09-19 09:30,35.85,36.895,35.805,36.845,10323444
1663680600,2022-09-20 09:30,36.345,36.345,35.8725,36.145,9549818
1663767000,2022-09-21 09:30,36.405,36.48,35.34,35.355,17767114
1663853400,2022-09-22 09:30,35.5,35.6,34.905,34.93,11752914
1663939800,2022-09-23 09:30,34.33,34.375,33.705,34.215,14010280
1664199000,2022-09-26 09:30,33.97,34.405,33.49,33.66,14978084
1664285400,2022-09-27 09:30,34.09,34.285,33.425,33.735,14157846
1664371800,2022-09-28 09:30,33.915,34.765,33.7825,34.605,13507868
1664458200,2022-09-29 09:30,34.275,34.275,33.6,34.095,11454534
1664544600,2022-09-30 09:30,34.07,34.635,33.9,34.005,10820796
1664803800,2022-10-03 09:30,34.55,35.3675,34.355,35.11,19858332
1664890200,2022-10-04 09:30,35.815,36.44,35.755,36.4,30250312
1664976600,2022-10-05 09:30,35.89,36.285,35.585,35.99,18429712
1665063000,2022-10-06 09:30,35.71,36.09,35.52,35.61,23953548
1665149400,2022-10-07 09:30,35.315,35.39,34.505,34.73,10183842
1665408600,2022-10-10 09:30,34.865,35.0075,34.5725,34.805,10391274
1665495000,2022-10-11 09:30,34.515,35.1,34.2875,34.535,13918880
1665581400,2022-10-12 09:30,34.545,34.5775,34.255,34.275,16029284
1665667800,2022-10-13 09:30,33.605,35.44,33.43,35.28,19446358
1665754200,2022-10-14 09:30,35.51,35.585,34.03,34.09,16595462
1666013400,2022-10-17 09:30,34.78,35.175,34.735,34.94,11471470
1666099800,2022-10-18 09:30,35.78,36,35.23,35.625,15958882
1666186200,2022-10-19 09:30,35.365,35.66,34.99,35.205,8690410
1666272600,2022-10-20 09:30,35.255,35.89,34.865,34.95,11416566
1666359000,2022-10-21 09:30,34.885,36.21,34.85,36.16,16680936
1666618200,2022-10-24 09:30,36.305,36.5,35.88,35.95,13474780
1666704600,2022-10-25 09:30,35.975,36.865,35.92985,36.84,12002592
1666791000,2022-10-26 09:30,37.05,37.485,36.7875,37.1,13530668
1666877400,2022-10-27 09:30,37.155,37.445,36.93625,37.005,9953954
1666963800,2022-10-28 09:30,36.89,37.4475,36.71,37.375,9254806
1667223000,2022-10-31 09:30,37.17,37.475,36.985,37.04,9583460
1667309400,2022-11-01 09:30,37.595,37.635,36.825,37.135,23318080
1667395800,2022-11-02 09:30,37.285,37.605,36.155,36.17,31466622
1667482200,2022-11-03 09:30,35.72,36.695,35.635,36.445,17458912
1667568600,2022-11-04 09:30,37.375,37.99,37.065,37.71,19279680
1667831400,2022-11-07 09:30,37.945,38.03,37.55,38.005,11153138
1667917800,2022-11-08 09:30,38.225,39.04,38.12,38.66,12313586
1668004200,2022-11-09 09:30,38.48,38.825,37.9475,38.035,13207824
1668090600,2022-11-10 09:30,39.58,40.17,39.39,40.14,17436560
1668177000,2022-11-11 09:30,40.59,41.09,40.505,40.625,12982334
1668436200,2022-11-14 09:30,40.49,41.1275,40.45,40.57,12733852
1668522600,2022-11-15 09:30,41.015,41.04,40.11,40.51,14455066
1668609000,2022-11-16 09:30,40.355,40.485,40.035,40.115,12797796
1668695400,2022-11-17 09:30,39.5,39.755,39.24,39.73,9358722
1668781800,2022-11-18 09:30,40.135,40.135,39.625,39.995,7491134
1669041000,2022-11-21 09:30,39.71,40.265,39.62,40.13,7238224
1669127400,2022-11-22 09:30,40.43,41.05,40.3375,41.04,7214122
1669213800,2022-11-23 09:30,41,41.24,40.895,41.2,8496400
1669386600,2022-11-25 09:30,41.14,41.215,41.05,41.185,2456570
1669645800,2022-11-28 09:30,40.885,40.9,40.185,40.265,6464098
1669732200,2022-11-29 09:30,40.415,40.62,40.29,40.4,5673104
1669818600,2022-11-30 09:30,40.415,41.39,40.04,41.375,14625048
1669905000,2022-12-01 09:30,41.66,41.705,41.0625,41.425,8215892
1669991400,2022-12-02 09:30,40.885,41.99,40.885,41.88,6825048
1670250600,2022-12-05 09:30,41.565,41.7275,40.985,41.05,9452488
1670337000,2022-12-06 09:30,41.075,41.325,40.3875,40.685,9495612
1670423400,2022-12-07 09:30,40.62,40.995,40.495,40.595,8167208
1670509800,2022-12-08 09:30,40.86,41.105,40.7625,40.895,5523788
1670596200,2022-12-09 09:30,40.795,41.145,40.48,40.49,7872386
1670855400,2022-12-12 09:30,40.515,40.85,40.37,40.84,6386110
1670941800,2022-12-13 09:30,42.1,42.18,41.11,41.405,12576062
1671028200,2022-12-14 09:30,41.235,41.5,40.64505,40.96,15635206
1671114600,2022-12-15 09:30,40.265,40.305,39.61,39.71,10458590
1671201000,2022-12-16 09:30,39.395,39.66,39.15,39.54,14570520
1671460200,2022-12-19 09:30,39.21,39.435,38.59,38.775,6459916
1671546600,2022-12-20 09:30,38.845,39.2575,38.83,39.03,5641886
1671633000,2022-12-21 09:30,39.235,39.5325,39.14,39.37,5755490
1671719400,2022-12-22 09:30,39.09,39.09,38.33,38.99,6631166
1671805800,2022-12-23 09:30,38.99,39.27,38.775,39.26,6202348
1672151400,2022-12-27 09:30,39.355,39.555,39.125,39.295,4868544
1672237800,2022-12-28 09:30,39.285,39.435,38.665,38.695,5046450
1672324200,2022-12-29 09:30,38.91,39.2775,38.91,39.115,6446122
1672410600,2022-12-30 09:30,38.83,38.975,38.5125,38.84,5818862
1672756200,2023-01-03 09:30,38.905,39.16,38.445,38.8,10684020
1672842600,2023-01-04 09:30,38.995,39.5825,38.9725,39.475,9742300
1672929000,2023-01-05 09:30,38.86,39.07,38.57,38.85,8212638
1673015400,2023-01-06 09:30,39.21,40.275,39.21,40.185,8729182
1673274600,2023-01-09 09:30,40.515,40.98,40.305,40.44,16791438
1673361000,2023-01-10 09:30,40.455,40.8725,40.23,40.845,8048974
1673447400,2023-01-11 09:30,41.275,41.505,41.03,41.485,9845730
1673533800,2023-01-12 09:30,41.58,41.76,41.165,41.64,7787598
1673620200,2023-01-13 09:30,41.4,41.9775,41.365,41.895,6965136
1673965800,2023-01-17 09:30,41.965,42.045,41.4325,41.475,6943124
1674052200,2023-01-18 09:30,41.855,41.915,40.87,40.89,9445096
1674138600,2023-01-19 09:30,40.58,40.745,40.25625,40.575,8159780
1674225000,2023-01-20 09:30,40.68,41.42,40.465,41.39,6897420
1674484200,2023-01-23 09:30,41.335,41.7,41.135,41.525,12497500
1674570600,2023-01-24 09:30,41.295,41.61,40.9475,41.55,9361110
1674657000,2023-01-25 09:30,41.095,41.65,40.955,41.635,7204082
1674743400,2023-01-26 09:30,41.285,41.8525,41.155,41.835,11506234
1674829800,2023-01-27 09:30,41.55,41.995,41.51,41.7,6839558
1675089000,2023-01-30 09:30,41.445,41.94,41.36,41.415,10421838
1675175400,2023-01-31 09:30,41.445,42.34,41.445,42.325,7742740
1675261800,2023-02-01 09:30,42.08,42.95,41.805,42.605,14447260
1675348200,2023-02-02 09:30,42.42,42.5925,41.835,42.47,12327984
1675434600,2023-02-03 09:30,42.005,42.34,41.645,41.705,11875752
1675693800,2023-02-06 09:30,41.335,41.5,41.025,41.245,12524686
1675780200,2023-02-07 09:30,41.19,41.905,41.17,41.8,15106044
1675866600,2023-02-08 09:30,41.58,41.98,41.435,41.465,10531866
1675953000,2023-02-09 09:30,41.785,41.875,40.68,40.865,16661174
1676039400,2023-02-10 09:30,40.775,41.075,40.53,41.015,7015928
1676298600,2023-02-13 09:30,41.085,41.3125,40.82,41.23,5498550
1676385000,2023-02-14 09:30,41.055,41.4375,40.85,41.325,8214948
1676471400,2023-02-15 09:30,41.05,41.5125,40.94,41.505,7956850
1676557800,2023-02-16 09:30,40.93,41.515,40.83,41.035,8673800
1676644200,2023-02-17 09:30,40.75,40.79,40.4275,40.65,7452448
1676989800,2023-02-21 09:30,40.44,40.58,39.92,39.98,11800620
1677076200,2023-02-22 09:30,40.16,40.48,39.955,40.28,11868772
1677162600,2023-02-23 09:30,40.43,40.6,39.73,40.325,11192666
1677249000,2023-02-24 09:30,39.645,40.65,39.435,40.595,18648168
1677508200,2023-02-27 09:30,40.855,41.115,40.6875,40.73,12939548
1677594600,2023-02-28 09:30,40.72,41.1806,40.645,40.915,17093514
1677681000,2023-03-01 09:30,41.005,41.635,41,41.235,15481652
1677767400,2023-03-02 09:30,41.02,41.805,40.9225,41.705,12670238
1677853800,2023-03-03 09:30,41.98,42.3225,41.655,42.3,11994760
1678113000,2023-03-06 09:30,42.135,42.135,41.545,41.615,10962846
1678199400,2023-03-07 09:30,41.46,41.46,40.65,40.795,13520610
1678285800,2023-03-08 09:30,40.815,41.095,40.675,40.995,11590378
1678372200,2023-03-09 09:30,41.025,41.16,39.815,39.94,12851938
1678458600,2023-03-10 09:30,39.955,39.965,38.88,39.09,26125100
1678714200,2023-03-13 09:30,38.7,39.2175,38.4,38.69,40705080
1678800600,2023-03-14 09:30,39.255,39.64,38.76,39.185,16477288
1678887000,2023-03-15 09:30,38.175,38.26,37.385,37.915,28524436
1678973400,2023-03-16 09:30,37.555,38.4,37.44,38.35,21612828
1679059800,2023-03-17 09:30,38.215,38.225,37.69,37.755,18887086
1679319000,2023-03-20 09:30,37.885,38.385,37.885,38.365,14787666
1679405400,2023-03-21 09:30,38.815,38.995,38.57,38.83,9498032
1679491800,2023-03-22 09:30,38.765,39.055,38.13,38.14,14655106
1679578200,2023-03-23 09:30,38.31,38.8625,37.8,38.095,13439540
1679664600,2023-03-24 09:30,37.805,38.495,37.53,38.405,13465240
1679923800,2023-03-27 09:30,38.805,38.9625,38.41,38.69,10613926
1680010200,2023-03-28 09:30,38.685,38.94,38.645,38.875,10248040
1680096600,2023-03-29 09:30,39.375,39.44,39.24,39.415,8270264
1680183000,2023-03-30 09:30,39.825,39.85,39.5425,39.685,8433766
1680269400,2023-03-31 09:30,39.69,40.35,39.69,40.33,13526462
1680528600,2023-04-03 09:30,40.41,40.69,40.285,40.585,16128530
1680615000,2023-04-04 09:30,40.485,40.505,39.845,40,17497340
1680701400,2023-04-05 09:30,39.7,39.965,39.55,39.91,18561016
1680787800,2023-04-06 09:30,39.645,39.8525,39.5175,39.815,19031386
1681133400,2023-04-10 09:30,39.66,40.075,39.62,40.005,9267134
1681219800,2023-04-11 09:30,40.185,40.535,40.17,40.315,7715330
1681306200,2023-04-12 09:30,40.595,40.685,40.2725,40.345,11888048
1681392600,2023-04-13 09:30,40.37,40.895,40.285,40.76,18002998
1681479000,2023-04-14 09:30,40.66,40.9425,40.2575,40.465,8826312
1681738200,2023-04-17 09:30,40.485,40.71,40.375,40.7,7366186
1681824600,2023-04-18 09:30,40.855,41.005,40.68,40.87,6766020
1681911000,2023-04-19 09:30,40.595,40.7925,40.5,40.755,7309570
1681997400,2023-04-20 09:30,40.465,40.84,40.455,40.71,8052024
1682083800,2023-04-21 09:30,40.55,40.5925,40.125,40.35,10844138
1682343000,2023-04-24 09:30,40.415,40.635,40.365,40.625,7731050
1682429400,2023-04-25 09:30,40.2,40.24,39.725,39.745,11966194
1682515800,2023-04-26 09:30,39.585,39.7175,39.1425,39.275,11910446
1682602200,2023-04-27 09:30,39.39,39.825,39.1625,39.81,11826360
1682688600,2023-04-28 09:30,39.795,40.345,39.685,40.275,10143224
1682947800,2023-05-01 09:30,40.325,40.52,40.1825,40.255,8416496
1683034200,2023-05-02 09:30,39.88,39.935,39.23,39.865,11680944
1683120600,2023-05-03 09:30,39.925,40.12,39.41,39.425,12701398
1683207000,2023-05-04 09:30,39.51,39.7629,39.0725,39.17,16655096
1683293400,2023-05-05 09:30,39.6,39.97,39.565,39.83,10267302
1683552600,2023-05-08 09:30,40.075,40.13,39.6375,39.7,7680010
1683639000,2023-05-09 09:30,39.48,39.545,39.1775,39.34,15114412
1683725400,2023-05-10 09:30,39.815,39.815,38.935,39.365,11730208
1683811800,2023-05-11 09:30,38.99,39.11,38.7955,38.98,12849750
1683898200,2023-05-12 09:30,39.155,39.225,38.715,39.05,8287230
1684157400,2023-05-15 09:30,39.25,39.41,39.005,39.38,6487294
1684243800,2023-05-16 09:30,39.17,39.21,38.715,38.73,8346402
1684330200,2023-05-17 09:30,38.915,39.14,38.7325,38.985,10505662
1684416600,2023-05-18 09:30,38.805,39.255,38.62,39.215,13352436
1684503000,2023-05-19 09:30,39.5,39.515,39.1,39.315,9943166
1684762200,2023-05-22 09:30,39.395,39.505,39.045,39.11,8288590
1684848600,2023-05-23 09:30,38.825,38.93,38.425,38.505,10494160
1684935000,2023-05-24 09:30,38.34,38.375,37.99,38.065,14128078
1685021400,2023-05-25 09:30,38.11,38.115,37.72,37.93,11713076
1685107800,2023-05-26 09:30,38.21,38.36,37.95,38.12,15882532
1685453400,2023-05-30 09:30,38.09,38.16,37.625,37.915,12780658
1685539800,2023-05-31 09:30,37.7,37.825,37.355,37.51,13816734
1685626200,2023-06-01 09:30,37.7,38.12,37.5275,38.01,14559666
1685712600,2023-06-02 09:30,38.76,39.375,38.7,39.285,17659046
1685971800,2023-06-05 09:30,39.365,39.695,39.11,39.255,16183580
1686058200,2023-06-06 09:30,39.095,39.605,39.07,39.505,15206796
1686144600,2023-06-07 09:30,39.415,40.01,39.415,39.975,13330828
1686231000,2023-06-08 09:30,39.995,40.11,39.555,39.83,11719324
1686317400,2023-06-09 09:30,39.675,39.73705,39.35,39.5,11621424
1686576600,2023-06-12 09:30,39.545,39.73,39.265,39.68,9691294
1686663000,2023-06-13 09:30,39.98,40.625,39.895,40.6,16467164
1686749400,2023-06-14 09:30,40.92,40.955,40.2125,40.43,13956572
1686835800,2023-06-15 09:30,40.38,40.935,40.345,40.775,11778154
1686922200,2023-06-16 09:30,40.84,40.8925,40.58,40.875,16966772
1687267800,2023-06-20 09:30,40.265,40.35,39.9,40.125,11739620
1687354200,2023-06-21 09:30,39.935,40.4225,39.815,40.255,13355334
1687440600,2023-06-22 09:30,40.11,40.195,39.78,40.16,8650342
1687527000,2023-06-23 09:30,39.74,39.91,39.535,39.835,11953578
1687786200,2023-06-26 09:30,39.945,40.3025,39.85,40.25,8335842
1687872600,2023-06-27 09:30,40.35,40.85,40.2225,40.82,13676376
1687959000,2023-06-28 09:30,40.72,40.72,40.355,40.54,10987164
1688045400,2023-06-29 09:30,40.43,41.07,40.34,41.05,10563948
1688131800,2023-06-30 09:30,41.27,41.54,41.12,41.435,12966828
1688391000,2023-07-03 09:30,41.415,41.77,41.345,41.59,7865678
1688563800,2023-07-05 09:30,41.135,41.175,40.485,40.565,23658730
1688650200,2023-07-06 09:30,40.045,40.295,39.655,40.27,17904184
1688736600,2023-07-07 09:30,40.245,41.025,40.19,40.62,13663010
1688995800,2023-07-10 09:30,40.33,40.855,40.295,40.61,11196120
1689082200,2023-07-11 09:30,40.855,41.04,40.675,41.01,9412114
1689168600,2023-07-12 09:30,41.51,41.675,41.205,41.55,23076766
1689255000,2023-07-13 09:30,41.69,41.925,41.54,41.875,9609922
1689341400,2023-07-14 09:30,41.895,41.895,41.4425,41.63,11252136
1689600600,2023-07-17 09:30,41.49,41.7525,41.415,41.67,9072912
1689687000,2023-07-18 09:30,41.515,42.12,41.515,41.995,11795646
1689773400,2023-07-19 09:30,41.94,42.05,41.64,41.77,10383670
1689859800,2023-07-20 09:30,41.905,41.9625,41.58,41.87,9853312
1689946200,2023-07-21 09:30,41.75,41.94,41.54,41.875,9047944
1690205400,2023-07-24 09:30,41.925,42.08,41.74,42.005,8705664
1690291800,2023-07-25 09:30,42.24,42.92,42.175,42.76,17521066
1690378200,2023-07-26 09:30,42.46,42.73,42.2775,42.615,12335244
1690464600,2023-07-27 09:30,42.765,42.89,42.3,42.34,14101436
1690551000,2023-07-28 09:30,42.8,42.805,42.4125,42.635,8129598
1690810200,2023-07-31 09:30,42.735,42.93,42.615,42.86,11001674
1690896600,2023-08-01 09:30,42.65,42.845,42.5,42.67,15073324
1690983000,2023-08-02 09:30,42.28,42.525,42.085,42.14,20371614
1691069400,2023-08-03 09:30,42.015,42.23,41.805,41.88,18758754
1691155800,2023-08-04 09:30,42.09,42.3925,41.7475,41.785,16990030
1691415000,2023-08-07 09:30,41.935,42.13,41.7525,42.06,10322194
1691501400,2023-08-08 09:30,41.375,41.6925,41.17,41.615,12857556
1691587800,2023-08-09 09:30,41.775,41.86,41.39,41.445,15928132
1691674200,2023-08-10 09:30,41.65,41.8875,41.38,41.475,11145056
1691760600,2023-08-11 09:30,41.365,41.5675,41.215,41.36,7974564
1692019800,2023-08-14 09:30,41.26,41.455,41.035,41.45,7753430
1692106200,2023-08-15 09:30,41.05,41.14,40.685,40.775,11392626
1692192600,2023-08-16 09:30,40.71,40.915,40.48505,40.5,10564344
1692279000,2023-08-17 09:30,40.78,41.035,40.3775,40.42,10530800
1692365400,2023-08-18 09:30,40.185,40.5075,40.095,40.415,9817890
1692624600,2023-08-21 09:30,40.515,40.575,40.125,40.42,9705318
1692711000,2023-08-22 09:30,40.61,40.6795,40.2625,40.385,7218164
1692797400,2023-08-23 09:30,40.38,40.5875,40.2775,40.45,7004544
1692883800,2023-08-24 09:30,40.265,40.6275,40.225,40.28,8140456
1692970200,2023-08-25 09:30,40.465,40.585,40.06,40.4,10757816
1693229400,2023-08-28 09:30,40.51,40.89,40.49,40.695,10101864
1693315800,2023-08-29 09:30,40.72,41.38995,40.58,41.37,11751082
1693402200,2023-08-30 09:30,41.37,41.54,41.2975,41.465,7597356
1693488600,2023-08-31 09:30,41.535,41.64,41.4,41.445,6559984
1693575000,2023-09-01 09:30,41.84,42.02,41.7475,41.91,11825306
1693920600,2023-09-05 09:30,41.845,41.88,41.135,41.135,12926410
1694007000,2023-09-06 09:30,40.99,41.235,40.725,41.045,9306282
1694093400,2023-09-07 09:30,40.88,41.025,40.5575,40.86,8874414
1694179800,2023-09-08 09:30,40.78,41.075,40.775,40.9,6986306
1694439000,2023-09-11 09:30,41.165,41.3625,40.995,41.075,8070524
1694525400,2023-09-12 09:30,40.94,41.17,40.8875,40.98,8421332
1694611800,2023-09-13 09:30,40.96,41.045,40.625,40.74,9170946
1694698200,2023-09-14 09:30,41.165,41.3975,41.0125,41.315,8669032
1694784600,2023-09-15 09:30,41.2,41.38005,40.7875,40.855,13975558
1695043800,2023-09-18 09:30,40.61,40.7,40.365,40.49,7366566
1695130200,2023-09-19 09:30,40.465,40.6425,40.105,40.455,8168170
1695216600,2023-09-20 09:30,40.61,40.71,40.005,40.03,9299736
1695303000,2023-09-21 09:30,39.76,39.775,39.21,39.225,13559518
1695389400,2023-09-22 09:30,39.33,39.5225,39.115,39.185,12035152
1695648600,2023-09-25 09:30,39.035,39.515,39.01,39.495,8245830
1695735000,2023-09-26 09:30,39.255,39.465,38.815,38.925,10951928
1695821400,2023-09-27 09:30,39.12,39.1725,38.69,38.92,11031198
1695907800,2023-09-28 09:30,38.99,39.4775,38.99,39.34,9398254
1695994200,2023-09-29 09:30,39.715,39.72,39.17,39.275,11714400
1696253400,2023-10-02 09:30,39.12,39.175,38.49,38.755,22598718
1696339800,2023-10-03 09:30,38.36,39.14,38.36,38.65,26358094
1696426200,2023-10-04 09:30,39.05,39.17,38.58,39.105,17954026
1696512600,2023-10-05 09:30,39.005,39.215,38.395,38.63,20474368
1696599000,2023-10-06 09:30,38.53,39.265,38.39,38.995,16086218
1696858200,2023-10-09 09:30,38.77,39.16,38.58,39.045,12974754
1696944600,2023-10-10 09:30,39.265,39.785,39.2075,39.46,13710088
1697031000,2023-10-11 09:30,39.62,39.7801,39.225,39.555,9858896
1697117400,2023-10-12 09:30,39.725,39.725,38.665,38.965,12126584
1697203800,2023-10-13 09:30,39.16,39.33,38.65,38.82,11269272
1697463000,2023-10-16 09:30,39.11,39.46,38.98,39.2,12363806
1697549400,2023-10-17 09:30,38.915,39.72,38.915,39.585,11636666
1697635800,2023-10-18 09:30,39.325,39.325,38.5075,38.56,13017268
1697722200,2023-10-19 09:30,38.42,38.74,38.06,38.11,18466326
1697808600,2023-10-20 09:30,38.095,38.17,37.635,37.65,14322442
1698067800,2023-10-23 09:30,37.285,37.62,37.165,37.23,18276102
1698154200,2023-10-24 09:30,37.535,37.895,37.4725,37.67,14848358
1698240600,2023-10-25 09:30,37.595,37.66,37.2,37.23,12539946
1698327000,2023-10-26 09:30,37.5,37.8275,37.38,37.49,17553352
1698413400,2023-10-27 09:30,37.505,37.7536,37.385,37.475,16473234
1698672600,2023-10-30 09:30,37.855,38.01,37.5875,37.86,11954226
1698759000,2023-10-31 09:30,37.795,38.1375,37.7,38.03,11162674
1698845400,2023-11-01 09:30,37.975,38.135,37.6575,38.05,17560902
1698931800,2023-11-02 09:30,38.3,38.8,38.275,38.785,13101282
1699018200,2023-11-03 09:30,39.105,39.665,39.105,39.395,12129536
1699281000,2023-11-06 09:30,39.405,39.43,39.115,39.2,9337552
1699367400,2023-11-07 09:30,38.82,38.85005,38.39,38.44,15015940
1699453800,2023-11-08 09:30,38.535,38.6675,38.31,38.56,10941664
1699540200,2023-11-09 09:30,38.82,38.825,38.2025,38.23,13877916
1699626600,2023-11-10 09:30,38.265,38.71,38.215,38.68,7248306
1699885800,2023-11-13 09:30,38.455,38.785,38.405,38.625,8079410
1699972200,2023-11-14 09:30,39.075,39.945,39.0675,39.765,10995862
1700058600,2023-11-15 09:30,39.855,40.305,39.815,39.94,9819798
1700145000,2023-11-16 09:30,39.93,40.105,39.825,40.06,7165526
1700231400,2023-11-17 09:30,40.185,40.27,40.0125,40.135,6890294
1700490600,2023-11-20 09:30,40.075,40.3275,39.86,40.205,9634512
1700577000,2023-11-21 09:30,40.325,40.51,40.295,40.36,7363076
1700663400,2023-11-22 09:30,40.36,40.445,40.18,40.385,7522920
1700836200,2023-11-24 09:30,40.39,40.695,40.39,40.56,3689878
1701095400,2023-11-27 09:30,40.41,40.555,40.235,40.51,6524604
1701181800,2023-11-28 09:30,40.51,40.81,40.39,40.59,6996222
1701268200,2023-11-29 09:30,40.745,40.985,40.705,40.8,6244364
1701354600,2023-11-30 09:30,40.825,41.24,40.69,41.205,11482406
1701441000,2023-12-01 09:30,41.265,41.8175,41.17,41.675,16782750
1701700200,2023-12-04 09:30,41.33,41.63,41.17,41.19,21230196
1701786600,2023-12-05 09:30,40.985,41.01,40.53,40.625,17533468
1701873000,2023-12-06 09:30,40.805,40.94,40.5025,40.54,16910238
1701959400,2023-12-07 09:30,40.695,40.86,40.575,40.815,8559598
1702045800,2023-12-08 09:30,40.785,41.16,40.785,40.965,8246918
1702305000,2023-12-11 09:30,40.89,41.26,40.815,41.255,9205830
1702391400,2023-12-12 09:30,41.64,41.8,41.295,41.495,20435040
1702477800,2023-12-13 09:30,41.045,42.02,40.941,42,16392544
1702564200,2023-12-14 09:30,42.255,42.9275,42.255,42.695,12713342
1702650600,2023-12-15 09:30,42.46,42.85,42.46,42.585,10811192
1702909800,2023-12-18 09:30,42.61,42.7,42.325,42.355,8052884
1702996200,2023-12-19 09:30,42.63,42.84495,42.5825,42.745,7285414
1703082600,2023-12-20 09:30,42.63,42.735,42.08,42.09,9359022
1703169000,2023-12-21 09:30,42.445,42.5425,42.25,42.535,7544706
1703255400,2023-12-22 09:30,42.695,42.895,42.62,42.8,5386744
1703601000,2023-12-26 09:30,42.855,43.125,42.8,43,6731476
1703687400,2023-12-27 09:30,42.92,43.15,42.87,43.105,6819606
1703773800,2023-12-28 09:30,43.03,43.1025,42.9025,42.94,7214070
1703860200,2023-12-29 09:30,42.795,42.89,42.6825,42.77,6992284
1704205800,2024-01-02 09:30,42.46,42.765,42.40065,42.695,19924880
1704292200,2024-01-03 09:30,42.25,42.45,41.94,42.235,23358600
1704378600,2024-01-04 09:30,42.165,42.3575,42.02,42.1,20424162
1704465000,2024-01-05 09:30,41.985,42.405,41.935,42.17,14692808
1704724200,2024-01-08 09:30,41.95,42.36,41.8,42.35,10366152
1704810600,2024-01-09 09:30,42.08,42.08,41.73,41.865,12910496
1704897000,2024-01-10 09:30,41.715,41.85,41.61,41.81,8202762
1704983400,2024-01-11 09:30,41.86,41.86,41.38,41.685,8542120
1705069800,2024-01-12 09:30,41.925,42.02,41.545,41.725,8267846
1705415400,2024-01-16 09:30,41.47,41.545,41.145,41.245,10552748
1705501800,2024-01-17 09:30,40.825,41.0875,40.765,40.945,9287520
1705588200,2024-01-18 09:30,41.025,41.135,40.73,41.075,9320904
1705674600,2024-01-19 09:30,41.115,41.19,40.72,41.115,11653556
1705933800,2024-01-22 09:30,40.88,41.3075,40.88,41.235,10785166
1706020200,2024-01-23 09:30,41.43,41.555,41.215,41.37,7891740
1706106600,2024-01-24 09:30,41.395,41.5,40.78675,40.81,10317728
1706193000,2024-01-25 09:30,41.005,41.26,40.885,41.24,9734396
1706279400,2024-01-26 09:30,41.39,41.49,41.17,41.255,7799214
1706538600,2024-01-29 09:30,41.225,41.475,41.035,41.46,7125884
1706625000,2024-01-30 09:30,41.375,41.8425,41.295,41.65,10851316
1706711400,2024-01-31 09:30,41.715,41.7675,41.065,41.105,13478354
1706797800,2024-02-01 09:30,41.735,41.855,41.2325,41.79,19793786
1706884200,2024-02-02 09:30,41.485,41.745,41.09,41.545,22920396
1707143400,2024-02-05 09:30,40.65,40.745,40.3675,40.49,24886818
1707229800,2024-02-06 09:30,40.82,41.295,40.82,41.205,19053182
1707316200,2024-02-07 09:30,41.44,41.6475,41.42,41.535,10820482
1707402600,2024-02-08 09:30,41.595,41.5975,41.185,41.48,6798576
1707489000,2024-02-09 09:30,41.385,41.5875,41.265,41.57,7635560
1707748200,2024-02-12 09:30,41.67,42.0925,41.635,41.9,6796460
1707834600,2024-02-13 09:30,41.5,41.62,41.01,41.31,12864690
1707921000,2024-02-14 09:30,41.52,41.655,41.31,41.575,8762024
1708007400,2024-02-15 09:30,41.805,42.425,41.805,42.36,11984222
1708093800,2024-02-16 09:30,42.54,42.8725,42.495,42.585,9313338
1708439400,2024-02-20 09:30,42.56,42.63,42.37,42.495,9019092
1708525800,2024-02-21 09:30,42.485,42.755,42.325,42.73,8122350
1708612200,2024-02-22 09:30,42.81,43.225,42.755,43.16,9448666
1708698600,2024-02-23 09:30,43.25,43.4775,43.1452,43.415,7079248
1708957800,2024-02-26 09:30,43.275,43.335,43.105,43.155,6653586
1709044200,2024-02-27 09:30,43.315,43.425,43.19,43.315,8254548
1709130600,2024-02-28 09:30,43.19,43.61,43.075,43.45,8994002
1709217000,2024-02-29 09:30,43.715,43.9,43.565,43.78,12247620
1709303400,2024-03-01 09:30,43.78,44.09,43.745,43.98,10401620
1709562600,2024-03-04 09:30,44.03,44.375,43.98,44.3,9349206
1709649000,2024-03-05 09:30,44.15,44.435,43.915,44.065,8493854
1709735400,2024-03-06 09:30,44.305,44.545,44.24,44.39,10224070
1709821800,2024-03-07 09:30,44.74,45.145,44.735,44.935,7942264
1709908200,2024-03-08 09:30,45.075,45.1,44.665,44.675,10311130
1710163800,2024-03-11 09:30,44.885,45.37,44.725,45.18,23270932
1710250200,2024-03-12 09:30,45.175,45.2325,44.9525,45.175,10149318
1710336600,2024-03-13 09:30,45.315,45.8275,45.315,45.62,14529502
1710423000,2024-03-14 09:30,45.495,45.5975,45.1775,45.38,19451934
1710509400,2024-03-15 09:30,45.085,45.6,45.055,45.4,18702590
1710768600,2024-03-18 09:30,45.38,45.68,45.3,45.32,15242376
1710855000,2024-03-19 09:30,45.265,45.4025,45.13,45.325,10832950
1710941400,2024-03-20 09:30,45.29,45.94505,45.2,45.78,13252366
1711027800,2024-03-21 09:30,45.9,46.041,45.72,45.97,9384162
1711114200,2024-03-22 09:30,45.87,45.98,45.6575,45.685,5874666
1711373400,2024-03-25 09:30,45.66,45.885,45.62,45.7,5662720
1711459800,2024-03-26 09:30,45.775,45.8595,45.635,45.665,5434702
1711546200,2024-03-27 09:30,45.78,46.3325,45.74,46.32,8444492
1711632600,2024-03-28 09:30,46.325,46.6025,46.235,46.445,9025282
1711978200,2024-04-01 09:30,46.665,46.665,46.2507,46.335,7646916
1712064600,2024-04-02 09:30,46.29,46.33,45.9625,46.165,9570762
1712151000,2024-04-03 09:30,46.215,46.5,46.175,46.44,10022944
1712237400,2024-04-04 09:30,46.695,46.8575,45.865,45.97,12659008
1712323800,2024-04-05 09:30,45.965,46.445,45.9225,46.385,9804522
1712583000,2024-04-08 09:30,46.535,46.585,46.295,46.42,6521950
1712669400,2024-04-09 09:30,46.78,46.795,46.0525,46.53,11350692
1712755800,2024-04-10 09:30,45.815,46.08,45.6375,45.805,14114268
1712842200,2024-04-11 09:30,45.85,45.965,45.5325,45.77,9900578
1712928600,2024-04-12 09:30,45.635,45.725,44.7575,44.96,12113178
1713187800,2024-04-15 09:30,45.44,45.6075,44.59,44.745,11506542
1713274200,2024-04-16 09:30,44.5,44.64,44.245,44.4,13555786
1713360600,2024-04-17 09:30,44.7,44.9,44.3675,44.5,9156748
1713447000,2024-04-18 09:30,44.86,44.8925,44.3075,44.515,7497844
1713533400,2024-04-19 09:30,44.63,44.8175,44.315,44.48,10109026
1713792600,2024-04-22 09:30,44.235,44.76,44.065,44.525,8284604
1713879000,2024-04-23 09:30,43.97,44.35375,43.885,44.14,11470088
1713965400,2024-04-24 09:30,43.96,44.2075,43.83,44.17,9553780
1714051800,2024-04-25 09:30,44.17,44.585,43.775,44.485,9220114
1714138200,2024-04-26 09:30,44.505,44.95,44.495,44.76,6274330
1714397400,2024-04-29 09:30,44.96,45.19,44.915,45.135,5676742
1714483800,2024-04-30 09:30,44.76,44.865,44.305,44.315,9871834
1714570200,2024-05-01 09:30,44.48,45.26,44.37,44.545,15456200
1714656600,2024-05-02 09:30,44.305,44.505,43.95,44.315,15567380
1714743000,2024-05-03 09:30,44.685,44.885,44.525,44.765,8999484
1715002200,2024-05-06 09:30,45.04,45.21,44.835,45.035,6615586
1715088600,2024-05-07 09:30,45.205,45.645,45.2,45.57,8862194
1715175000,2024-05-08 09:30,45.4,45.57,45.315,45.36,6522786
1715261400,2024-05-09 09:30,45.48,45.9025,45.42375,45.865,7070008
1715347800,2024-05-10 09:30,46.06,46.105,45.89,45.92,5472684
1715607000,2024-05-13 09:30,46.005,46.165,45.85,45.89,5030672
1715693400,2024-05-14 09:30,46.015,46.1,45.7825,45.935,7480336
1715779800,2024-05-15 09:30,46.25,46.28,45.805,46.015,7922136
1715866200,2024-05-16 09:30,46.03,46.065,45.6575,45.685,7245730
1715952600,2024-05-17 09:30,45.855,46.075,45.785,46.075,7256338
1716211800,2024-05-20 09:30,46.01,46.22,45.8875,46.14,4544588
1716298200,2024-05-21 09:30,46.14,46.1475,45.935,46.14,5424940
1716384600,2024-05-22 09:30,45.71,45.875,45.48,45.69,8703200
1716471000,2024-05-23 09:30,45.755,45.8,45.195,45.285,5688234
1716557400,2024-05-24 09:30,45.495,45.74,45.495,45.68,4597938
1716903000,2024-05-28 09:30,45.69,45.75,45.3425,45.505,4223472
1716989400,2024-05-29 09:30,45.075,45.19,44.82,44.855,8145024
1717075800,2024-05-30 09:30,44.765,45.245,44.765,45.22,6599364
1717162200,2024-05-31 09:30,45.265,45.7725,44.9425,45.765,8203216
1717421400,2024-06-03 09:30,45.755,45.775,45.105,45.495,11900220
1717507800,2024-06-04 09:30,45.13,45.215,44.73,44.99,6778924
1717594200,2024-06-05 09:30,45,45.32,44.81,45.3,6820722
1717680600,2024-06-06 09:30,45.3,45.36,45.1,45.35,4238830
1717767000,2024-06-07 09:30,44.88,45.27,44.7,44.895,8358944
1718026200,2024-06-10 09:30,44.775,44.8925,44.6725,44.85,5223546
1718112600,2024-06-11 09:30,44.6,44.835,44.42,44.835,6457210
1718199000,2024-06-12 09:30,45.375,45.51,44.805,44.92,8174136
1718285400,2024-06-13 09:30,44.67,44.96,44.5025,44.905,7937112
1718371800,2024-06-14 09:30,44.645,44.72,44.21,44.49,5694414
1718631000,2024-06-17 09:30,44.33,44.895,44.2225,44.82,7631594
1718717400,2024-06-18 09:30,44.83,44.995,44.5625,44.77,6872616
1718890200,2024-06-20 09:30,44.745,45.035,44.71,44.815,6440990
1718976600,2024-06-21 09:30,44.695,44.905,44.485,44.82,8209840
1719235800,2024-06-24 09:30,44.795,45.08,44.67,44.895,8065146
1719322200,2024-06-25 09:30,44.81,44.82,44.18,44.325,7292132
1719408600,2024-06-26 09:30,44.105,44.335,43.975,44.295,6474572
1719495000,2024-06-27 09:30,44.29,44.31,44.06,44.17,16279582
1719581400,2024-06-28 09:30,44.175,44.48,44.02,44.155,7750608
1719840600,2024-07-01 09:30,44.19,44.355,43.34,43.475,8647388
1719927000,2024-07-02 09:30,43.37,43.675,43.2025,43.555,13117506
1720013400,2024-07-03 09:30,43.7,43.99,43.6607,43.88,4591106
1720186200,2024-07-05 09:30,43.855,44.0025,43.61,43.95,8846782
1720445400,2024-07-08 09:30,44.08,44.2345,43.9225,44.08,10496898
1720531800,2024-07-09 09:30,43.885,43.975,43.62,43.63,5951040
1720618200,2024-07-10 09:30,43.85,44.24,43.78,44.215,7915322
1720704600,2024-07-11 09:30,44.435,44.885,44.405,44.82,11914002
1720791000,2024-07-12 09:30,45.075,45.4639,44.955,45.25,9795960
1721050200,2024-07-15 09:30,45.255,45.44,45.03,45.135,6485370
1721136600,2024-07-16 09:30,45.095,46.05,45.075,46.01,7466024
1721223000,2024-07-17 09:30,45.985,46.19,45.895,45.915,8790442
1721309400,2024-07-18 09:30,45.645,46.145,45.4025,45.46,8910188
1721395800,2024-07-19 09:30,45.245,45.345,44.92,45.055,9365292
1721655000,2024-07-22 09:30,45.17,45.26,44.83,45.205,7526182
1721741400,2024-07-23 09:30,45.34,45.4625,45.065,45.385,6493450
1721827800,2024-07-24 09:30,45.465,45.52,44.7575,44.805,8548996
1721914200,2024-07-25 09:30,44.6,45.475,44.56,44.93,10052426
1722000600,2024-07-26 09:30,45.225,45.84,45.12,45.665,7069764
1722259800,2024-07-29 09:30,45.695,45.8675,45.495,45.745,7049682
1722346200,2024-07-30 09:30,45.585,45.9275,45.5,45.595,8502202
1722432600,2024-07-31 09:30,45.985,46.495,45.83515,46.07,10466752
1722519000,2024-08-01 09:30,46.275,46.695,45.595,45.885,17134346
1722605400,2024-08-02 09:30,45.37,45.475,44.425,45.02,20945244
1722864600,2024-08-05 09:30,44.21,44.375,43.64,44.015,19483068
1722951000,2024-08-06 09:30,43.955,44.805,43.88,44.24,11812226
1723037400,2024-08-07 09:30,44.615,44.8,43.61,43.64,11097464
1723123800,2024-08-08 09:30,43.865,44.41,43.835,44.315,10758970
1723210200,2024-08-09 09:30,44.34,44.4225,43.8725,44.28,5722306
1723469400,2024-08-12 09:30,44.33,44.39,43.9825,44.085,5561886
1723555800,2024-08-13 09:30,44.24,44.62,44.135,44.525,6236124
1723642200,2024-08-14 09:30,44.635,44.6575,44.2975,44.525,7241046
1723728600,2024-08-15 09:30,44.95,45.3225,44.855,45.23,7728570
1723815000,2024-08-16 09:30,45.15,45.3125,44.9475,45.285,5803124
1724074200,2024-08-19 09:30,45.29,45.54,45.29,45.5,4586492
1724160600,2024-08-20 09:30,45.525,45.6425,45.29,45.335,4834632
1724247000,2024-08-21 09:30,45.485,45.895,45.465,45.855,4610944
1724333400,2024-08-22 09:30,45.855,45.935,45.6,45.76,5684306
1724419800,2024-08-23 09:30,45.95,46.48,45.9175,46.365,5798054
1724679000,2024-08-26 09:30,46.57,46.915,46.495,46.57,7663084
1724765400,2024-08-27 09:30,46.535,46.585,46.2725,46.575,8845350
1724851800,2024-08-28 09:30,46.42,46.6225,46.205,46.375,6524164
1724938200,2024-08-29 09:30,46.54,46.9175,46.245,46.63,6051232
1725024600,2024-08-30 09:30,46.76,47.2075,46.5325,47.14,8647558
1725370200,2024-09-03 09:30,46.455,46.68,45.925,46.07,9503490
1725456600,2024-09-04 09:30,46.185,46.38,45.8275,45.88,6313362
1725543000,2024-09-05 09:30,45.975,46.03,45.415,45.52,7587084
1725629400,2024-09-06 09:30,45.455,45.725,44.85505,44.945,10616516
1725888600,2024-09-09 09:30,45.205,45.6155,45.205,45.38,6412492
1725975000,2024-09-10 09:30,45.36,45.41,45.035,45.4,6299724
1726061400,2024-09-11 09:30,45.4,45.56,44.445,45.51,7392890
1726147800,2024-09-12 09:30,45.655,45.94,45.395,45.93,5962710
1726234200,2024-09-13 09:30,46.065,46.5932245,46.03,46.345,6459070
1726493400,2024-09-16 09:30,46.55,46.86,46.415,46.775,5838670
1726579800,2024-09-17 09:30,46.795,47.21,46.75,46.865,5881438
1726666200,2024-09-18 09:30,46.965,47.215,46.55,46.665,11155408
1726752600,2024-09-19 09:30,47.44,47.56,47.11,47.37,8351834
1726839000,2024-09-20 09:30,47.315,47.315,46.85,47.035,9617336
1727098200,2024-09-23 09:30,47.01,47.275,46.91,47.235,5159738
1727184600,2024-09-24 09:30,47.66,47.96,47.565,47.88,7918750
1727271000,2024-09-25 09:30,48.01,48.05,47.4475,47.56,5815590
1727357400,2024-09-26 09:30,48.075,48.6125,48.075,48.545,10243416
1727443800,2024-09-27 09:30,48.54,48.8901,48.36,48.46,8498562
1727703000,2024-09-30 09:30,48.38,48.435,47.825,48.19,7373696
1727789400,2024-10-01 09:30,48.24,48.27,47.85,48.07,11546890
1727875800,2024-10-02 09:30,47.95,48.265,47.76,47.885,10571496
1727962200,2024-10-03 09:30,47.6,47.6075,47.225,47.355,13542620
1728048600,2024-10-04 09:30,47.65,47.785,47.2875,47.585,11380300
1728307800,2024-10-07 09:30,47.37,47.56,47.18,47.445,7800524
1728394200,2024-10-08 09:30,47.17,47.285,46.92,47.225,8933914
1728480600,2024-10-09 09:30,47.19,47.66,47.115,47.525,8561972
1728567000,2024-10-10 09:30,47.505,47.71,47.305,47.635,6764668
1728653400,2024-10-11 09:30,47.73,48.08,47.66,47.945,6631238
1728912600,2024-10-14 09:30,47.73,48.2475,47.6525,48.22,6217218
1728999000,2024-10-15 09:30,48.11,48.565,48.11,48.17,7717530
1729085400,2024-10-16 09:30,48.225,48.64,48.205,48.545,7465824
1729171800,2024-10-17 09:30,48.65,48.7275,48.465,48.62,5043598
1729258200,2024-10-18 09:30,48.765,48.935,48.5675,48.815,6035508
1729517400,2024-10-21 09:30,48.76,48.835,48.275,48.44,4343216
1729603800,2024-10-22 09:30,48.405,48.48,47.73,47.995,6954650
1729690200,2024-10-23 09:30,47.87,48.13,47.64,47.865,6782636
1729776600,2024-10-24 09:30,47.77,47.865,47.085,47.28,5092712
1729863000,2024-10-25 09:30,47.26,47.45,46.955,46.98,7406936
1730122200,2024-10-28 09:30,47.21,47.4325,47.1575,47.37,7701660
1730208600,2024-10-29 09:30,47.135,47.345,47.01,47.065,7315692
1730295000,2024-10-30 09:30,47.065,47.6325,47.065,47.32,10643616
1730381400,2024-10-31 09:30,47,47.195,46.675,46.695,8106936
1730467800,2024-11-01 09:30,46.73,46.8925,46.55,46.565,6928032
1730730600,2024-11-04 09:30,46.82,47.0825,46.5575,46.77,15308624
1730817000,2024-11-05 09:30,46.66,47.0275,46.51,46.84,7973094
1730903400,2024-11-06 09:30,47.87,47.965,47.1325,47.485,12702802
1730989800,2024-11-07 09:30,47.61,47.84,47.51,47.67,19949830
1731076200,2024-11-08 09:30,47.495,47.54,47.1475,47.235,8805656
1731335400,2024-11-11 09:30,47.185,47.3775,46.9775,47.03,7694020
1731421800,2024-11-12 09:30,46.8,46.865,46.115,46.23,7078918
1731508200,2024-11-13 09:30,46.265,46.435,46.115,46.34,6310108
1731594600,2024-11-14 09:30,46.275,46.325,45.9075,45.96,5911420
1731681000,2024-11-15 09:30,45.94,46.035,45.5625,45.64,6395584
1731940200,2024-11-18 09:30,45.725,45.995,45.64,45.995,7875378
1732026600,2024-11-19 09:30,45.65,45.919,45.41,45.845,6540558
1732113000,2024-11-20 09:30,45.87,46.275,45.69,46.22,8345806
1732199400,2024-11-21 09:30,46.23,46.79995,46.095,46.785,8402308
1732285800,2024-11-22 09:30,46.745,47.1,46.7158,47.045,5857186
1732545000,2024-11-25 09:30,47.235,47.6,47.18,47.53,7524890
1732631400,2024-11-26 09:30,47.41,47.41,46.9925,47.175,6104562
1732717800,2024-11-27 09:30,47.245,47.58,47.09,47.15,14047348
1732890600,2024-11-29 09:30,47.155,47.43,47.085,47.39,4265182
1733149800,2024-12-02 09:30,47.44,47.47,47.025,47.36,12785670
1733236200,2024-12-03 09:30,47.55,47.59,47.12,47.21,11099356
1733322600,2024-12-04 09:30,47.025,47.055,46.605,46.75,10865920
1733409000,2024-12-05 09:30,46.5,46.57,45.92,46.135,12762898
1733495400,2024-12-06 09:30,46.25,46.315,45.935,45.955,7130930
1733754600,2024-12-09 09:30,46.32,46.575,45.935,45.945,9417626
1733841000,2024-12-10 09:30,45.89,45.925,45.1925,45.475,7718626
1733927400,2024-12-11 09:30,45.625,45.625,45.285,45.315,12288114
1734013800,2024-12-12 09:30,45.155,45.28,44.98145,45,7294130
1734100200,2024-12-13 09:30,44.84,44.905,44.465,44.615,8099230
1734359400,2024-12-16 09:30,44.525,44.6775,44.1975,44.22,10486588
1734445800,2024-12-17 09:30,44.025,44.345,43.96505,43.975,8289884
1734532200,2024-12-18 09:30,43.95,44.0975,42.70585,42.725,14797408
1734618600,2024-12-19 09:30,42.765,43.06,42.255,42.265,12496664
1734705000,2024-12-20 09:30,42.19,43.04,42.165,42.79,14685068
1734964200,2024-12-23 09:30,42.515,42.585,42.13,42.535,11339160
1735050600,2024-12-24 09:30,42.545,42.8,42.34,42.765,5502364
1735223400,2024-12-26 09:30,42.59,42.8581,42.485,42.7,6517798
1735309800,2024-12-27 09:30,42.485,42.855,42.3025,42.47,8568174
1735569000,2024-12-30 09:30,42.195,42.195,41.7,41.9,7528136
1735655400,2024-12-31 09:30,42.04,42.21,41.8475,42.07,8883180
1735828200,2025-01-02 09:30,42.27,42.41,41.545,41.605,20004272
1735914600,2025-01-03 09:30,41.74,41.795,41.52,41.595,19348494
1736173800,2025-01-06 09:30,42.005,42.275,41.8125,41.875,16602460
1736260200,2025-01-07 09:30,41.9,42.325,41.6375,41.85,23068910
1736346600,2025-01-08 09:30,41.88,42.085,41.58,42.08,15743212
1736519400,2025-01-10 09:30,41.785,41.955,41.54,41.65,18553606
1736778600,2025-01-13 09:30,41.61,42.6025,41.575,42.58,20014706
1736865000,2025-01-14 09:30,42.82,43.1425,42.7075,43.11,13084640
1736951400,2025-01-15 09:30,43.735,43.85,43.235,43.52,12564138
1737037800,2025-01-16 09:30,43.555,43.885,43.435,43.88,11550918
1737124200,2025-01-17 09:30,44.17,44.45,44,44.165,11589184
1737469800,2025-01-21 09:30,44.58,44.855,44.52,44.73,10348002
1737556200,2025-01-22 09:30,44.78,44.795,44.36,44.37,11894270
1737642600,2025-01-23 09:30,44.37,44.615,44.135,44.615,8568746
1737729000,2025-01-24 09:30,44.815,44.83,44.4525,44.5,6300210
1737988200,2025-01-27 09:30,44.41,44.565,44.15505,44.525,12938906
1738074600,2025-01-28 09:30,44.63,44.635,44.28,44.38,9287748
1738161000,2025-01-29 09:30,44.21,44.51,44.19,44.3,9020452
1738247400,2025-01-30 09:30,44.21,44.75,44.13005,44.72,12398308
1738333800,2025-01-31 09:30,44.665,44.8,44.2125,44.395,13902718
1738593000,2025-02-03 09:30,43.945,44.5675,43.465,44.44,21249764
1738679400,2025-02-04 09:30,44.585,44.75295,44.445,44.57,19718388
1738765800,2025-02-05 09:30,44.38,44.75,44.235,44.535,14194246
1738852200,2025-02-06 09:30,44.565,44.805,44.34,44.69,15303172
1738938600,2025-02-07 09:30,44.575,44.6425,44.1,44.145,13545868
1739197800,2025-02-10 09:30,44.465,44.515,44.1325,44.37,8950956
1739284200,2025-02-11 09:30,44.51,44.915,44.4425,44.63,9441836
1739370600,2025-02-12 09:30,44.03,44.535,43.88,44.31,11027220
1739457000,2025-02-13 09:30,44.555,45.1325,44.495,45.08,10430936
1739543400,2025-02-14 09:30,45.21,45.435,44.915,44.925,9631512
1739889000,2025-02-18 09:30,45.05,45.495,44.775,45.495,7115902
1739975400,2025-02-19 09:30,44.945,45.1,44.8025,44.96,7608042
1740061800,2025-02-20 09:30,44.84,45.015,44.5625,44.855,9868660
1740148200,2025-02-21 09:30,44.945,44.95,43.985,44.035,9954288
1740407400,2025-02-24 09:30,44.145,44.24,43.86,43.985,9454440
1740493800,2025-02-25 09:30,44.015,44.465,43.975,44.325,9281264
1740580200,2025-02-26 09:30,44.485,44.72,44.26,44.305,7965170
1740666600,2025-02-27 09:30,44.325,44.605,43.975,44.005,7088952
1740753000,2025-02-28 09:30,44.175,44.415,43.835,44.38,9316554
1741012200,2025-03-03 09:30,44.795,44.955,43.38505,43.49,16883102
1741098600,2025-03-04 09:30,43.59,43.59,42.8375,42.9,22518716
1741185000,2025-03-05 09:30,43.3,44.135,43.235,44.02,17368682
1741271400,2025-03-06 09:30,43.8,44.21,43.5525,43.79,18493772
1741357800,2025-03-07 09:30,43.595,44.0925,43.39,43.91,15654592
1741613400,2025-03-10 09:30,43.52,43.77,42.6925,42.995,16673180
1741699800,2025-03-11 09:30,43.07,43.105,42.4225,42.665,15426116
1741786200,2025-03-12 09:30,42.78,42.84,42.2725,42.465,12607118
1741872600,2025-03-13 09:30,42.495,42.93,42.17,42.435,10283028
1741959000,2025-03-14 09:30,42.785,43.0525,42.61,42.99,9507374
1742218200,2025-03-17 09:30,42.9,43.665,42.9,43.53,8615230
1742304600,2025-03-18 09:30,43.71,43.71,43.2825,43.455,10023992
1742391000,2025-03-19 09:30,43.49,43.7625,43.1875,43.6,10253576
1742477400,2025-03-20 09:30,43.47,43.695,43.265,43.325,7606144
1742563800,2025-03-21 09:30,42.965,42.965,42.365,42.895,16808714
1742823000,2025-03-24 09:30,43.125,43.355,42.97,43.27,9205144
1742909400,2025-03-25 09:30,43.405,43.49375,43.075,43.26,7622250
1742995800,2025-03-26 09:30,43.305,43.6,43.13,43.34,8161164
1743082200,2025-03-27 09:30,43.215,43.47,42.915,43.32,6049238
1743168600,2025-03-28 09:30,43.425,43.44,42.47,42.525,9147654
1743427800,2025-03-31 09:30,42.375,43.195,42.0325,42.99,8881860
1743514200,2025-04-01 09:30,42.88,43.17,42.495,43.15,12197622
1743600600,2025-04-02 09:30,42.75,43.5625,42.75,43.505,11863838
1743687000,2025-04-03 09:30,42.11,42.39,41.43,41.54,18958632
1743773400,2025-04-04 09:30,40.545,40.64,38.845,38.94,29389798
1744032600,2025-04-07 09:30,38.075,39.935,37.12,38.315,50243892
1744119000,2025-04-08 09:30,39.21,39.33,36.56,37.135,27497354
1744205400,2025-04-09 09:30,36.93,40.5825,36.875,40.38,40440230
1744291800,2025-04-10 09:30,39.735,39.75,38.17,39.09,28167692
1744378200,2025-04-11 09:30,39.175,40.545,38.98,40.25,17207040
1744637400,2025-04-14 09:30,40.725,40.915,40.24,40.735,10426488
1744723800,2025-04-15 09:30,40.565,40.945,40.3775,40.415,8028712
1744810200,2025-04-16 09:30,40.45,40.725,39.825,40.1,10726666
1744896600,2025-04-17 09:30,40.215,40.69,40.1675,40.375,9535896
1745242200,2025-04-21 09:30,40.345,40.345,39.39,39.76,7885816
1745328600,2025-04-22 09:30,40.165,40.8075,40.165,40.69,7294048
1745415000,2025-04-23 09:30,41.145,41.735,40.61,40.74,13337090
1745501400,2025-04-24 09:30,40.805,41.69505,40.655,41.62,9995502
1745587800,2025-04-25 09:30,41.295,41.425,40.975,41.31,9400402
1745847000,2025-04-28 09:30,41.365,41.675,40.98,41.385,7779554
1745933400,2025-04-29 09:30,41.47,41.905,41.27,41.73,9526874
1746019800,2025-04-30 09:30,41.24,42.0775,41.01755,41.945,9867614
1746106200,2025-05-01 09:30,41.47,42.06805,41.4475,41.76,11208458
1746192600,2025-05-02 09:30,42.26,42.6425,42.1075,42.465,8572372
1746451800,2025-05-05 09:30,42.275,42.455,42.09,42.15,5679108
1746538200,2025-05-06 09:30,42.01,42.2,41.7325,41.845,6111160
1746624600,2025-05-07 09:30,41.89,41.98,41.455,41.615,8746470
1746711000,2025-05-08 09:30,41.905,42.5825,41.8,42.17,8063154
1746797400,2025-05-09 09:30,42.175,42.3375,42.04,42.28,6360032
1747056600,2025-05-12 09:30,43.4325,43.74,43.04,43.26,8799002
1747143000,2025-05-13 09:30,43.28,43.37,43.03,43.045,6839046
1747229400,2025-05-14 09:30,42.8,42.8544,42.42,42.65,7891220
1747315800,2025-05-15 09:30,42.535,43.1075,42.505,43.085,7114536
1747402200,2025-05-16 09:30,43.09,43.53,42.84,43.525,6426700
1747661400,2025-05-19 09:30,43.28,43.685,43.09,43.635,10166614
1747747800,2025-05-20 09:30,43.57,43.64,43.3725,43.56,5128608
1747834200,2025-05-21 09:30,43.215,43.4475,42.915,42.98,9613098
1747920600,2025-05-22 09:30,42.925,43.1175,42.62,42.935,7651138
1748007000,2025-05-23 09:30,42.61,43.005,42.53,42.85,7343188
1748352600,2025-05-27 09:30,43.28,43.61,43.145,43.6,6898682
1748439000,2025-05-28 09:30,43.55,43.555,42.965,43.005,10597068
1748525400,2025-05-29 09:30,43.225,43.24,42.735,43.165,9869572
1748611800,2025-05-30 09:30,43.05,43.23,42.61,43.17,12114286
1748871000,2025-06-02 09:30,43.44,43.445,43.095,43.425,15811070
1748957400,2025-06-03 09:30,43.26,43.88495,43.055,43.87,13218238
1749043800,2025-06-04 09:30,43.925,44.155,43.85,44.035,13267946
1749130200,2025-06-05 09:30,44.2025,44.225,43.675,43.775,14234980
1749216600,2025-06-06 09:30,44.1,44.2225,43.79,43.89,9348472
1749475800,2025-06-09 09:30,43.995,44.475,43.945,44.185,11666970
1749562200,2025-06-10 09:30,44.18,44.495,44.18,44.46,7875194
1749648600,2025-06-11 09:30,44.345,44.39,43.87,44.02,10307912
1749735000,2025-06-12 09:30,43.86,44.235,43.66,44.205,8659906
1749821400,2025-06-13 09:30,43.78,44.2475,43.57,43.69,14289474
1750080600,2025-06-16 09:30,43.885,44.29,43.885,44.06,10504068
1750167000,2025-06-17 09:30,43.94,43.99,43.565,43.63,9158450
1750253400,2025-06-18 09:30,43.675,43.845,43.45,43.505,8554304
1750426200,2025-06-20 09:30,43.755,43.8175,43.15,43.21,13409814
1750685400,2025-06-23 09:30,42.995,43.5075,42.77,43.47,10120526
1750771800,2025-06-24 09:30,43.565,43.895,43.505,43.83,8768174
1750858200,2025-06-25 09:30,43.745,43.745,43.36,43.41,8744058
1750944600,2025-06-26 09:30,43.625,44.03,43.625,43.89,10508710
1751031000,2025-06-27 09:30,43.905,44.14,43.7,43.945,9375600
1751290200,2025-06-30 09:30,43.99,44.01,43.685,43.905,8533848
1751376600,2025-07-01 09:30,44.025,45.295,43.945,45.04,15844606
1751463000,2025-07-02 09:30,45.255,45.73,45.1725,45.715,14644582
1751549400,2025-07-03 09:30,45.68,45.845,45.6,45.685,6765906
1751895000,2025-07-07 09:30,45.45,45.6075,45.005,45.245,11762216
1751981400,2025-07-08 09:30,45.34,45.76,45.285,45.615,16347724
1752067800,2025-07-09 09:30,45.735,45.94,45.4575,45.89,13435524
1752154200,2025-07-10 09:30,46,46.43,45.905,46.135,12865714
1752240600,2025-07-11 09:30,45.64,45.8375,45.405,45.76,11564096
1752499800,2025-07-14 09:30,45.575,45.675,45.3375,45.505,12949492
1752586200,2025-07-15 09:30,45.58,45.605,44.555,44.57,14653994
1752672600,2025-07-16 09:30,44.625,44.7375,44.17,44.69,13616078
1752759000,2025-07-17 09:30,44.595,45.04,44.53505,45.005,11840920
1752845400,2025-07-18 09:30,45.08,45.145,44.84,45.11,13623798
1753104600,2025-07-21 09:30,45.385,45.7375,45.2875,45.34,10631050
1753191000,2025-07-22 09:30,45.295,46.005,45.27,45.965,13650948
1753277400,2025-07-23 09:30,46.145,46.37,46.04,46.12,13494426
1753363800,2025-07-24 09:30,45.7,46,45.51,45.645,17343872
1753450200,2025-07-25 09:30,45.765,46.21,45.64,46.185,15752766
1753709400,2025-07-28 09:30,45.92,45.985,45.385,45.515,15015044
1753795800,2025-07-29 09:30,45.435,45.44,45.0725,45.34,14205896
1753882200,2025-07-30 09:30,45.135,45.18,44.235,44.425,23629430
1753968600,2025-07-31 09:30,43.9,44.41,43.815,43.865,23230678
1754055000,2025-08-01 09:30,43.565,43.585,43.01,43.36,28581974
1754314200,2025-08-04 09:30,43.61,43.98,43.595,43.935,15496940
1754400600,2025-08-05 09:30,44.165,44.3325,43.835,44.245,16047284
1754487000,2025-08-06 09:30,44.2,44.31,43.7525,43.765,13141032
1754573400,2025-08-07 09:30,44.195,44.265,43.685,43.955,15272556
1754659800,2025-08-08 09:30,44.115,44.3175,43.98,44.175,10402654
1754919000,2025-08-11 09:30,44.21,44.4,43.8225,44.075,12035682
1755005400,2025-08-12 09:30,44.15,44.69,44.105,44.65,12501266
1755091800,2025-08-13 09:30,44.88,45.51,44.76,45.49,16882374
1755178200,2025-08-14 09:30,45.075,45.09,44.67,45.015,16098774
1755264600,2025-08-15 09:30,45.31,45.31,44.9125,45.015,16132252
1755523800,2025-08-18 09:30,44.95,45.05,44.69505,44.755,9423074
1755610200,2025-08-19 09:30,44.79,45.245,44.79,45.025,11980498
1755696600,2025-08-20 09:30,45.035,45.3375,44.9,45.06,13435960
1755783000,2025-08-21 09:30,44.885,45.2975,44.82505,45.195,13017570
1755869400,2025-08-22 09:30,45.385,46.3175,45.325,46.09,11434318
1756128600,2025-08-25 09:30,46.045,46.1,45.7575,45.835,12563886
1756215000,2025-08-26 09:30,45.715,46,45.68,45.96,8414322
1756301400,2025-08-27 09:30,45.76,46.13,45.715,46.075,8967804
1756387800,2025-08-28 09:30,46.205,46.22,45.75,46.075,8557370
1756474200,2025-08-29 09:30,46.085,46.3575,46.025,46.14,8288792
1756819800,2025-09-02 09:30,45.75,45.845,45.52,45.795,13028718
1756906200,2025-09-03 09:30,45.77,45.82,45.3675,45.485,10157644
1756992600,2025-09-04 09:30,45.48,45.685,45.11,45.66,12530292
1757079000,2025-09-05 09:30,45.83,46.35,45.655,45.98,15054454
1757338200,2025-09-08 09:30,46.065,46.065,45.4825,46.02,13605794
1757424600,2025-09-09 09:30,45.775,45.955,45.1425,45.27,12112442
1757511000,2025-09-10 09:30,45.235,45.615,45.18,45.355,10671574
1757597400,2025-09-11 09:30,45.315,46.35,45.285,46.305,11685270
1757683800,2025-09-12 09:30,46.065,46.24,45.755,45.84,11069470
1757943000,2025-09-15 09:30,45.895,45.915,45.3925,45.47,9791370
1758029400,2025-09-16 09:30,45.58,45.67,45.215,45.33,9700478
1758115800,2025-09-17 09:30,45.37,46.23,45.165,45.435,13319602
1758202200,2025-09-18 09:30,45.295,45.575,45.08,45.435,15116004
1758288600,2025-09-19 09:30,45.55,45.58,45.27,45.415,16468160
1758547800,2025-09-22 09:30,45.185,45.3275,44.975,45.185,8882452
1758634200,2025-09-23 09:30,45.29,45.63,44.9825,45.04,8228724
1758720600,2025-09-24 09:30,44.86,45.0825,44.4325,44.49,10669776
1758807000,2025-09-25 09:30,44.33,44.34,43.84,43.91,11077290
1758893400,2025-09-26 09:30,44.02,44.495,43.9825,44.42,9945168
1759152600,2025-09-29 09:30,44.705,44.735,44.34,44.59,9378892
1759239000,2025-09-30 09:30,44.49,44.8425,44.405,44.81,9408464
1759325400,2025-10-01 09:30,44.755,44.86,44.2325,44.34,13750058
1759411800,2025-10-02 09:30,44.275,44.8775,44.275,44.855,10674248
1759498200,2025-10-03 09:30,44.845,45.1675,44.8,44.93,9827858
1759757400,2025-10-06 09:30,44.955,45.135,44.795,44.89,8938090
1759843800,2025-10-07 09:30,44.96,45.14,44.55,44.71,11308902
1759930200,2025-10-08 09:30,44.925,45.12,44.745,44.95,12184214
1760016600,2025-10-09 09:30,45.125,45.215,44.2225,44.335,13232024
1760103000,2025-10-10 09:30,44.42,44.52,43.42,43.425,22263040
1760362200,2025-10-13 09:30,44.015,44.3975,43.89,44.115,11980150
1760448600,2025-10-14 09:30,43.71,44.75,43.625,44.555,10797776
1760535000,2025-10-15 09:30,44.74,45,44.115,44.355,10555874
1760621400,2025-10-16 09:30,44.575,44.575,43.8,44.025,13389564
1760707800,2025-10-17 09:30,43.995,44.19,43.705,43.94,12791100
1760967000,2025-10-20 09:30,44.33,44.5,44.1875,44.465,8425392
1761053400,2025-10-21 09:30,44.135,44.455,43.995,44.295,9335944
1761139800,2025-10-22 09:30,44.14,44.4228,43.985,44.16,13133122
1761226200,2025-10-23 09:30,44.48,44.8025,44.37,44.69,10682664
1761312600,2025-10-24 09:30,44.625,44.7925,44.465,44.505,13450486
1761571800,2025-10-27 09:30,44.485,44.6875,44.295,44.485,11936556
1761658200,2025-10-28 09:30,44.455,44.77,44.38,44.545,13049868
1761744600,2025-10-29 09:30,44.375,44.51,43.5875,43.67,20989974
1761831000,2025-10-30 09:30,43.375,43.52,43.06,43.085,20798572
1761917400,2025-10-31 09:30,42.855,43.05,42.52,42.835,17528880
1762180200,2025-11-03 09:30,42.79,42.84,42.145,42.57,24127370
1762266600,2025-11-04 09:30,42.265,42.54,42.035,42.36,22164866
1762353000,2025-11-05 09:30,42.605,42.82,42.48,42.61,18828516
1762439400,2025-11-06 09:30,42.715,42.925,42.37,42.4,22407482
1762525800,2025-11-07 09:30,42.51,42.9925,42.355,42.91,17975832
1762785000,2025-11-10 09:30,43.195,43.4075,42.8325,43.315,15233492
1762871400,2025-11-11 09:30,43.495,43.8525,43.3972,43.765,11641446
1762957800,2025-11-12 09:30,43.9,44.335,43.8575,44.075,13923834
1763044200,2025-11-13 09:30,44.085,44.22,43.75,43.785,17940610
1763130600,2025-11-14 09:30,43.475,43.7275,43.3175,43.385,12829958
1763389800,2025-11-17 09:30,43.28,43.4,42.665,42.725,14150732
1763476200,2025-11-18 09:30,42.77,43.0575,42.53,42.76,20615076
1763562600,2025-11-19 09:30,43.02,43.05,42.6,42.87,15385802
1763649000,2025-11-20 09:30,43.165,43.355,42.2125,42.23,22669144
1763735400,2025-11-21 09:30,42.44,43.505,42.3525,43.175,20989598
1763994600,2025-11-24 09:30,43.145,43.36,42.96,43.26,14549726
1764081000,2025-11-25 09:30,43.485,44.005,43.455,43.905,12455888
1764167400,2025-11-26 09:30,43.94,44.56,43.92,44.445,9895374
1764340200,2025-11-28 09:30,44.565,44.875,44.455,44.7,4786832
1764599400,2025-12-01 09:30,44.64,44.98,44.565,44.59,13367884
1764685800,2025-12-02 09:30,44.68,44.68,43.925,44.185,12905918
1764772200,2025-12-03 09:30,44.38,44.6225,44.3425,44.495,11841830
1764858600,2025-12-04 09:30,44.38,44.505,44.1225,44.235,9913022
1764945000,2025-12-05 09:30,44.34,44.635,44.09,44.09,7134027
1765204200,2025-12-08 09:30,44.08,44.1,43.45,43.48,11389224
1765290600,2025-12-09 09:30,43.42,43.82,43.37,43.39,8801114
1765377000,2025-12-10 09:30,43.35,44.34,43.35,44.24,10919472
1765463400,2025-12-11 09:30,44.29,45.215,44.29,45.12,11009172
1765549800,2025-12-12 09:30,45.51,45.575,44.97,45.15,14078643
1765809000,2025-12-15 09:30,45.42,45.44,44.85,45.12,9228843
1765895400,2025-12-16 09:30,45.18,45.21,44.715,45,9742309
1765981800,2025-12-17 09:30,45.01,45.365,44.94,45.19,10934998
1766068200,2025-12-18 09:30,45.27,45.625,45.125,45.17,8978142
1766154600,2025-12-19 09:30,45.2,45.535,45.09,45.37,10358053
1766413800,2025-12-22 09:30,45.39,45.71,45.33,45.67,9862655
1766500200,2025-12-23 09:30,45.78,45.8,45.535,45.75,8424796
1766586600,2025-12-24 09:30,45.73,45.89,45.61,45.84,2767614
1766759400,2025-12-26 09:30,45.95,46.14,45.86,46.11,5035787
1767018600,2025-12-29 09:30,45.74,45.86,45.535,45.74,6370409
1767105000,2025-12-30 09:30,45.81,45.85,45.63,45.73,4432075
1767191400,2025-12-31 09:30,45.61,45.67,45.328,45.35,5704262
1767364200,2026-01-02 09:30,45.52,46.175,45.27,46.12,18031002
1767623400,2026-01-05 09:30,46.02,46.73,46,46.58,22033934
1767709800,2026-01-06 09:30,46.73,47.63,46.69,47.5,18351568
1767796200,2026-01-07 09:30,47.34,47.56,46.63,46.68,16963809
1767882600,2026-01-08 09:30,46.41,47.63,46.27,47.5,14918890
1767969000,2026-01-09 09:30,47.59,48.29,47.555,48.26,11769696
1768228200,2026-01-12 09:30,48.37,48.61,48.2026,48.52,12673138
1768314600,2026-01-13 09:30,48.6,48.76,48.39,48.73,10797859
1768401000,2026-01-14 09:30,48.75,49.14,48.63,48.75,16030116
1768487400,2026-01-15 09:30,48.77,49.11,48.61,48.96,17883630
1768573800,2026-01-16 09:30,48.57,48.72,48.36,48.68,10769302
1768919400,2026-01-20 09:30,48.35,48.52,48.02,48.19,17363825
1769005800,2026-01-21 09:30,48.82,49.38,48.67,49.24,16940422
1769092200,2026-01-22 09:30,49.37,49.825,49.345,49.52,14648291
1769178600,2026-01-23 09:30,49.46,49.99,49.36,49.97,19550710
1769437800,2026-01-26 09:30,50.42,50.475,50.015,50.03,13900941
1769524200,2026-01-27 09:30,49.865,50.18,49.68,49.98,10123803
1769610600,2026-01-28 09:30,50.12,50.21,49.54,49.95,13517233
1769697000,2026-01-29 09:30,50.45,50.62,49.285,50,20503731
1769783400,2026-01-30 09:30,49.215,49.65,48.81,49.27,28082600
1770042600,2026-02-02 09:30,49.25,49.81,49.2,49.65,25155336
1770129000,2026-02-03 09:30,50.18,51.22,50.06,50.7,34077441
1770215400,2026-02-04 09:30,51.01,52.02,51.01,51.89,35878617
1770301800,2026-02-05 09:30,51.38,51.52,50.3601,50.5,25667272
1770388200,2026-02-06 09:30,50.86,51.615,50.86,51.51,14367401
1770647400,2026-02-09 09:30,51.47,52.31,51.265,52.18,12325169
1770733800,2026-02-10 09:30,52.15,52.985,52.12,52.91,18381378
1770820200,2026-02-11 09:30,53.11,53.67,53.11,53.62,24891284
1770906600,2026-02-12 09:30,53.67,54.14,52.74,52.83,30108108
1770993000,2026-02-13 09:30,52.54,53.637,52.44,53.31,19918942
1771338600,2026-02-17 09:30,52.7,52.965,52.08,52.7,20404661
1771425000,2026-02-18 09:30,53,53.34,52.74,53.02,11992740
1771511400,2026-02-19 09:30,52.65,53.17,52.43,52.83,18340238
1771597800,2026-02-20 09:30,52.62,53.2535,52.32,52.96,17810549
1771857000,2026-02-23 09:30,52.49,53.1,52.36,52.96,17354008
1771943400,2026-02-24 09:30,52.96,53.5,52.91,53.36,13452185
1772029800,2026-02-25 09:30,53.73,53.75,52.665,53.06,12379430
1772116200,2026-02-26 09:30,52.89,53.12,52.345,53,15645084
1772202600,2026-02-27 09:30,52.86,53.485,52.67,53.41,12122719
1772461800,2026-03-02 09:30,53.07,53.385,52.51,53.25,19444582
1772548200,2026-03-03 09:30,51.67,52.085,50.69,51.94,27307856
1772634600,2026-03-04 09:30,52.32,52.38,51.675,51.92,17141841
1772721000,2026-03-05 09:30,51.6,51.78,50.51,50.83,19902083
1772807400,2026-03-06 09:30,50.31,50.36,49.44,49.86,23171127
1773063000,2026-03-09 09:30,49.26,50.185,48.6,49.99,22461901
1773149400,2026-03-10 09:30,49.99,50.42,49.63,49.88,19214972
1773235800,2026-03-11 09:30,49.73,49.89,49.28,49.84,12570923
1773322200,2026-03-12 09:30,49.79,50.23,49.63,49.68,19572873
1773408600,2026-03-13 09:30,50.03,50.13,49.01,49.19,17240310
1773667800,2026-03-16 09:30,49.46,49.765,49.09,49.4,15641254
1773754200,2026-03-17 09:30,49.68,49.98,49.48,49.52,12770548
1773840600,2026-03-18 09:30,49.18,49.275,48.48,48.48,16432435
1773927000,2026-03-19 09:30,47.64,47.995,47.215,47.74,23546718
1774013400,2026-03-20 09:30,47.85,47.96,46.73,46.98,19735086
1774272600,2026-03-23 09:30,47.4,48.15,47.355,47.55,19208407
1774359000,2026-03-24 09:30,47.275,48.79,47.24,48.45,15814659
1774445400,2026-03-25 09:30,49,49.445,48.665,49.41,15047127
1774531800,2026-03-26 09:30,48.97,49.73,48.965,49.09,12903755
1774618200,2026-03-27 09:30,49.04,49.29,48.78,48.91,10746256
1774877400,2026-03-30 09:30,49.51,49.74,48.9001,49.09,16612882
1774963800,2026-03-31 09:30,49.515,50.23,49.285,49.97,20487775
1775050200,2026-04-01 09:30,50.34,50.66,50.165,50.46,19966759
1775136600,2026-04-02 09:30,50.08,50.92,49.91,50.41,13799934
1775482200,2026-04-06 09:30,50.21,50.43,49.85,50.22,8885560
1775568600,2026-04-07 09:30,50.12,50.32,49.68,50.08,9953373
1775655000,2026-04-08 09:30,51.08,51.78,50.7725,51.75,14354153
1775741400,2026-04-09 09:30,51.56,52.07,51.47,51.67,7658501
1775827800,2026-04-10 09:30,51.93,52.22,51.88,51.96,6138465
1776087000,2026-04-13 09:30,51.69,52.255,51.555,52.19,9890593
1776173400,2026-04-14 09:30,52.26,52.26,51.65,52.01,8273876
1776259800,2026-04-15 09:30,51.9,51.9,51.235,51.38,20300869
1776346200,2026-04-16 09:30,51.52,51.97,51.49,51.75,12382795
1776432600,2026-04-17 09:30,51.6,52.37,51.465,51.88,11796043
1776691800,2026-04-20 09:30,51.84,52.4,51.67,52.23,8558092
1776778200,2026-04-21 09:30,52.25,52.57,51.635,51.77,9558082
1776864600,2026-04-22 09:30,52.24,52.42,51.695,51.83,8933113
1776951000,2026-04-23 09:30,51.71,51.9,51.28,51.81,13728378
1777037400,2026-04-24 09:30,51.75,52,51.325,51.92,7420283
1777296600,2026-04-27 09:30,51.995,52.175,51.61,51.78,8025878
1777383000,2026-04-28 09:30,51.875,51.98,51.01,51.4,9073055
1777469400,2026-04-29 09:30,51.49,51.51,50.89,50.96,7053253
1777555800,2026-04-30 09:30,50.92,51.71,50.8,51.47,15283080
1777642200,2026-05-01 09:30,51.64,51.77,51.34,51.35,9358179
1777901400,2026-05-04 09:30,51.155,51.26,50.5,50.65,10041575
1777987800,2026-05-05 09:30,51.04,51.79,50.8941,51.53,10775122
1778074200,2026-05-06 09:30,52.32,52.665,52.14,52.41,10500268
1778160600,2026-05-07 09:30,52.6,52.77,51.375,51.4,13026632
1778247000,2026-05-08 09:30,51.81,51.905,51.5,51.59,7599997
1778506200,2026-05-11 09:30,51.86,52.405,51.83,52.26,8586863
1778592600,2026-05-12 09:30,52,52.29,51.46,52.14,11594656
1778679000,2026-05-13 09:30,52.13,52.515,52.02,52.06,8455420
1778765400,2026-05-14 09:30,52.12,52.25,51.595,51.67,10703699
1778851800,2026-05-15 09:30,51.01,51.19,50.245,50.3,11192913
1779111000,2026-05-18 09:30,50.33,50.715,50.07,50.22,10543694
1779197400,2026-05-19 09:30,49.78,49.86,48.89,49.04,11881549
1779283800,2026-05-20 09:30,48.99,49.78,48.895,49.72,20467054
1779370200,2026-05-21 09:30,49.54,50.25,49.135,50.02,10235945
1779456600,2026-05-22 09:30,50.33,50.5,49.985,50.29,6955861
1779802200,2026-05-26 09:30,50.68,51.165,50.65,50.99,8241784
1779888600,2026-05-27 09:30,51.01,51.37,50.98,51.18,9010726
1779975000,2026-05-28 09:30,51.07,51.47,50.61,51.36,10566987
1780061400,2026-05-29 09:30,51.28,51.575,51.11,51.15,11728551
1780320600,2026-06-01 09:30,50.65,51.05,50.125,50.92,24538184
1780407000,2026-06-02 09:30,50.82,51.665,50.7225,51.52,19926831
1780493400,2026-06-03 09:30,51.35,52.025,51.24,51.63,12438681
1780579800,2026-06-04 09:30,51.83,52.1999,51.435,51.62,9689267
1780666200,2026-06-05 09:30,51.41,51.65,50.495,50.63,12395723
1780925400,2026-06-08 09:30,50.61,50.81,49.905,49.96,10994332
1781011800,2026-06-09 09:30,50.59,50.82,49.84,50.77,13510484
1781098200,2026-06-10 09:30,50.75,50.86,49.57,49.6,9676490
1781184600,2026-06-11 09:30,50.07,51.33,50,51.22,12443086
1781271000,2026-06-12 09:30,51.71,52.355,51.52,52.18,15194700
1781530200,2026-06-15 09:30,52.87,53.195,52.47,52.5,14993336
1781616600,2026-06-16 09:30,52.69,53.085,52.64,52.72,8429967
1781703000,2026-06-17 09:30,52.52,53.31,51.86,52.02,16228882
1781789400,2026-06-18 09:30,52.22,52.43,51.76,51.81,11934062
1782135000,2026-06-22 09:30,51.18,51.82,51.1501,51.62,9088399
1782221400,2026-06-23 09:30,51.07,51.475,50.79,50.87,10273760
1782307800,2026-06-24 09:30,50.87,51.53,50.79,51.16,12425637
1782394200,2026-06-25 09:30,51.41,52.19,51.27,51.84,9656083
1782480600,2026-06-26 09:30,51.57,51.89,51.375,51.6,9233770
1782739800,2026-06-29 09:30,51.28,51.3973,50.25,50.66,12726141
1782826200,2026-06-30 09:30,51.07,51.19,50.67,50.83,8329051
1782912600,2026-07-01 09:30,50.72,51.47,50.475,51.02,14129150
1782999000,2026-07-02 09:30,51.4,52.025,51.295,52.01,12375725
1783344600,2026-07-06 09:30,51.92,52.04,51.35,51.98,20090472
1783431000,2026-07-07 09:30,51.96,52.12,51.295,51.51,12304983
1783517400,2026-07-08 09:30,51,51.04,49.885,50.16,13282518
1783603800,2026-07-09 09:30,50.37,50.545,50.12,50.26,10529444
1783690200,2026-07-10 09:30,50.29,51.11,50.29,50.89,7507477
1783949400,2026-07-13 09:30,50.97,51.345,50.355,50.58,9031384
1784035800,2026-07-14 09:30,51.15,51.45,50.59,50.64,8755453
1784122200,2026-07-15 09:30,50.66,50.84,50.11,50.5,12323268
1784208600,2026-07-16 09:30,50.31,50.93,50.28,50.89,7147386
1784295000,2026-07-17 09:30,50.8,51.445,50.385,50.53,8670746
1784554200,2026-07-20 09:30,50.64,50.73,49.88,50.03,10680275
1784640600,2026-07-21 09:30,50.5,50.54,49.845,50.1,8699892
1784727000,2026-07-22 09:30,50.33,50.97,50.3,50.82,10222317
1784813400,2026-07-23 09:30,50.42,50.97,50.12,50.29,10924990
1784899800,2026-07-24 09:30,50.32,51.27,50.21,51.26,12192766
1785159000,2026-07-27 09:30,51.47,51.63,51.085,51.39,8704309
1785245400,2026-07-28 09:30,52,52.775,51.88,52.34,11774861
1785331800,2026-07-29 09:30,52.34,52.34,51.325,51.74,13744759
1785418200,2026-07-30 09:30,52.21,52.305,51.275,51.64,10866904
1785504600,2026-07-31 09:30,50.91,51.05,50.205,50.43,18329136
1785763800,2026-08-03 09:30,50.74,51.04,50.35,51.01,11964085
1785850200,2026-08-04 09:30,51.31,52.07,51.025,52,16876660
1785936600,2026-08-05 09:30,52.59,52.96,52.45,52.64,12070515
1786023000,2026-08-06 09:30,52.63,52.86,52.01,52.17,9000613
1786109400,2026-08-07 09:30,52.34,52.94,52.17,52.86,13068359
1786368600,2026-08-10 09:30,52.81,53.2,52.61,53.18,11932597
1786455000,2026-08-11 09:30,53.07,53.595,53,53.24,11450888
1786541400,2026-08-12 09:30,53.45,53.48,52.535,52.58,9843364
1786627800,2026-08-13 09:30,52.6,52.78,52.215,52.31,10407156
1786714200,2026-08-14 09:30,52.46,52.645,52.27,52.54,7479620
1786973400,2026-08-17 09:30,52.35,52.44,52.065,52.24,7654902
1787059800,2026-08-18 09:30,52.22,52.31,51.75,51.78,7774461
1787146200,2026-08-19 09:30,52.52,53.145,52.275,52.52,10882946
1787232600,2026-08-20 09:30,52.1,53.04,52.04,52.42,9367319
1787319000,2026-08-21 09:30,53.07,53.715,52.95,53.54,14467112
1787578200,2026-08-24 09:30,54.005,54.19,53.28,53.58,12839717
1787664600,2026-08-25 09:30,53.48,53.645,53.005,53.58,8183404
1787751000,2026-08-26 09:30,53.59,54.09,53.515,53.67,7074166
1787837400,2026-08-27 09:30,53.22,53.485,53.095,53.23,7784647
1787923800,2026-08-28 09:30,53.66,53.8,52.84,53.18,13595059
1788183000,2026-08-31 09:30,53.16,53.26,52.565,52.69,12113055
1788269400,2026-09-01 09:30,52.44,52.46,52.02,52.07,15500499
1788355800,2026-09-02 09:30,52.36,53.19,52.27,52.95,12846732
1788442200,2026-09-03 09:30,53.45,53.515,52.335,52.62,14287870
1788528600,2026-09-04 09:30,52.16,52.67,51.975,52.44,10873874
1788874200,2026-09-08 09:30,52.36,52.58,51.935,51.94,11935821
1788960600,2026-09-09 09:30,52.02,52.15,51.38,51.39,13121487
1789047000,2026-09-10 09:30,50.76,51.05,50.58,50.76,9652458
1789133400,2026-09-11 09:30,51.19,51.21,50.87,50.95,8969603
1789392600,2026-09-14 09:30,50.68,50.81,50.34,50.49,11410430
1789479000,2026-09-15 09:30,50.55,50.745,50.26,50.73,9844223
1789565400,2026-09-16 09:30,50.93,51.11,49.9095,50.36,9587522
1789651800,2026-09-17 09:30,50.9,51.01,50.52,50.71,9063836
1789738200,2026-09-18 09:30,50.425,50.62,49.8803,49.99,10500973
1789997400,2026-09-21 09:30,50.13,50.18,49.655,49.71,10586631
1790083800,2026-09-22 09:30,50.07,50.635,49.91,50.53,10405522
1790170200,2026-09-23 09:30,50.25,50.54,50.04,50.28,10467002
1790256600,2026-09-24 09:30,50.14,50.23,49.57,49.68,12868183
1790343000,2026-09-25 09:30,49.78,49.96,49.45,49.8,10013719
1790602200,2026-09-28 09:30,49.295,49.735,48.94,49.47,10938440
1790688600,2026-09-29 09:30,49.388,49.55,48.905,49.1,12116153
1790775000,2026-09-30 09:30,49.29,49.43,48.69,48.7,11244186
1790861400,2026-10-01 09:30,48.34,48.635,47.81,48.54,25570064
1790947800,2026-10-02 09:30,48.83,49.36,48.8,48.86,13936132
1791207000,2026-10-05 09:30,48.83,49.765,48.51,49.5,13539631
1791293400,2026-10-06 09:30,49.55,49.965,49.445,49.73,12922012
