t,et,o,h,l,c,v
1163773800,2006-11-17 09:30,35.559641,35.66298,35.376313,35.66298,16318969
1164033000,2006-11-20 09:30,35.449649,35.739643,35.382976,35.522981,19312693
1164119400,2006-11-21 09:30,35.66631,36.089639,35.66631,36.089639,20054894
1164205800,2006-11-22 09:30,36.199641,36.456302,36.069643,36.34297,18803591
1164378600,2006-11-24 09:30,36.129639,36.439639,36.116309,36.3363,6264962
1164637800,2006-11-27 09:30,36.619634,36.619634,35.649644,35.649644,26716767
1164724200,2006-11-28 09:30,35.649644,35.856311,35.382976,35.856311,28600189
1164810600,2006-11-29 09:30,36.096302,36.589301,36.096302,36.436302,22907632
1164897000,2006-11-30 09:30,36.559631,36.856301,36.399636,36.599634,13969639
1164983400,2006-12-01 09:30,36.752962,36.846295,36.166305,36.449639,29047484
1165242600,2006-12-04 09:30,36.6663,37.289627,36.599634,37.209628,16613263
1165329000,2006-12-05 09:30,37.34629,37.879621,37.272964,37.859621,32339726
1165415400,2006-12-06 09:30,37.506292,37.776289,37.466289,37.599624,11059610
1165501800,2006-12-07 09:30,37.599624,37.749623,37.296294,37.466289,15916659
1165588200,2006-12-08 09:30,37.366296,37.572958,37.172962,37.299624,11158611
1165847400,2006-12-11 09:30,37.366296,37.392956,37.169625,37.316294,6801968
1165933800,2006-12-12 09:30,37.082963,37.132959,36.6263,36.866301,19814295
1166020200,2006-12-13 09:30,36.962964,37.116299,36.909631,37.066296,9895598
1166106600,2006-12-14 09:30,37.272964,37.726286,37.266294,37.699626,11988419
1166193000,2006-12-15 09:30,37.97962,37.982954,37.732956,37.866291,11638616
1166452200,2006-12-18 09:30,37.899621,38.119619,37.566291,37.602957,12088920
1166538600,2006-12-19 09:30,37.199631,37.502955,36.866301,37.366296,31979722
1166625000,2006-12-20 09:30,37.229628,37.32296,37.116299,37.249628,13221132
1166711400,2006-12-21 09:30,37.249628,37.33296,36.992963,37.182962,14906843
1166797800,2006-12-22 09:30,37.33296,37.366296,37.01296,37.316294,9581195
1167143400,2006-12-26 09:30,37.299624,37.712956,37.269627,37.66296,5689856
1167229800,2006-12-27 09:30,37.929617,38.199621,37.772959,38.199621,16816362
1167316200,2006-12-28 09:30,38.216281,38.266284,37.972954,38.126285,8598985
1167402600,2006-12-29 09:30,38.149619,38.259617,38.022956,38.056286,8026580
1167834600,2007-01-03 09:30,38.66628,38.802945,38.079623,38.379616,38546482
1167921000,2007-01-04 09:30,38.082953,38.092952,37.569628,37.849622,26830462
1168007400,2007-01-05 09:30,37.466289,37.549621,36.739633,36.742966,33141928
1168266600,2007-01-08 09:30,36.95963,37.149629,36.752962,37.00963,23326733
1168353000,2007-01-09 09:30,36.732966,36.782969,35.982974,36.182972,43958842
1168439400,2007-01-10 09:30,35.802975,36.252967,35.512975,36.099639,58528761
1168525800,2007-01-11 09:30,36.31297,37.049626,36.189641,36.556301,48178384
1168612200,2007-01-12 09:30,36.822965,37.299624,36.632964,37.299624,27292175
1168957800,2007-01-16 09:30,37.449629,37.482959,37.196295,37.432959,25978759
1169044200,2007-01-17 09:30,37.33296,37.492958,37.129629,37.276294,20524108
1169130600,2007-01-18 09:30,37.599624,37.632954,36.882961,36.882961,31396813
1169217000,2007-01-19 09:30,37.016297,37.547425,37.016297,37.546291,18094083
1169476200,2007-01-22 09:30,37.599624,37.842955,37.382956,37.502955,20959403
1169562600,2007-01-23 09:30,37.499625,38.356286,37.452959,38.356286,28305880
1169649000,2007-01-24 09:30,38.32962,38.832945,38.239618,38.689616,20194104
1169735400,2007-01-25 09:30,38.442949,38.499615,37.499625,37.499625,28916386
1169821800,2007-01-26 09:30,37.66629,37.826288,37.249628,37.729623,29696699
1170081000,2007-01-29 09:30,37.539625,37.566291,37.146295,37.229628,29898604
1170167400,2007-01-30 09:30,37.35296,37.806289,37.35296,37.806289,20502802
1170253800,2007-01-31 09:30,37.462959,38.099619,37.252957,38.099619,31860915
1170340200,2007-02-01 09:30,38.266284,38.599614,38.266284,38.566281,34174244
1170426600,2007-02-02 09:30,38.582948,38.659613,38.33295,38.449619,20925515
1170685800,2007-02-05 09:30,38.33628,38.526281,38.166285,38.486285,16255065
1170772200,2007-02-06 09:30,38.769612,38.946277,38.599614,38.866281,17354867
1170858600,2007-02-07 09:30,38.95961,38.98628,38.602947,38.716276,16291662
1170945000,2007-02-08 09:30,38.506282,38.716276,38.326283,38.509615,19789697
1171031400,2007-02-09 09:30,38.66628,38.752116,37.99962,38.049616,31972222
1171290600,2007-02-12 09:30,38.116289,38.116289,37.602957,37.789622,27900291
1171377000,2007-02-13 09:30,37.982954,38.466279,37.956287,38.389616,30303819
1171463400,2007-02-14 09:30,38.432949,39.29294,37.949624,39.216271,37477205
1171549800,2007-02-15 09:30,39.249608,39.349607,39.122942,39.239608,14388143
1171636200,2007-02-16 09:30,39.086272,39.32961,38.962944,39.32961,14832454
1171981800,2007-02-20 09:30,39.032946,39.499605,39.00961,39.432939,15368556
1172068200,2007-02-21 09:30,39.192941,39.62627,39.042943,39.542938,14292739
1172154600,2007-02-22 09:30,39.726266,39.859601,39.36294,39.499605,24231839
1172241000,2007-02-23 09:30,39.412943,39.549601,38.899611,39.166275,27175465
1172500200,2007-02-26 09:30,39.34627,39.409606,38.856281,39.149609,14965730
1172586600,2007-02-27 09:30,37.66629,39.032946,34.946317,35.966304,89869186
1172673000,2007-02-28 09:30,36.499635,37.272964,36.216301,36.582968,63695148
1172759400,2007-03-01 09:30,35.689646,36.716296,35.179645,36.3363,58854492
1172845800,2007-03-02 09:30,36.016307,36.789632,35.849642,35.98631,59928551.00000001
1173105000,2007-03-05 09:30,35.182982,35.866311,34.519655,35.076316,54985413
1173191400,2007-03-06 09:30,35.672977,36.702966,35.672977,36.619634,49910902
1173277800,2007-03-07 09:30,36.349637,36.67963,36.186305,36.366306,31768511
1173364200,2007-03-08 09:30,37.032966,37.812955,36.916298,37.259627,36276362
1173450600,2007-03-09 09:30,37.596287,37.599624,36.95963,37.396293,26060954
1173706200,2007-03-12 09:30,37.432959,37.852955,37.31963,37.582958,25128848
1173792600,2007-03-13 09:30,37.246298,37.496295,36.29297,36.366306,43363627
1173879000,2007-03-14 09:30,36.449639,36.859631,35.772979,36.789632,49966402
1173965400,2007-03-15 09:30,36.532971,37.33629,36.532971,37.089629,30401248
1174051800,2007-03-16 09:30,37.179625,37.34629,36.632964,36.749633,22226028
1174311000,2007-03-19 09:30,37.266294,37.632954,37.192961,37.599624,24143479
1174397400,2007-03-20 09:30,37.519625,37.866291,37.406293,37.782959,15405727
1174483800,2007-03-21 09:30,37.956287,39.109609,37.826288,38.95961,42041997
1174570200,2007-03-22 09:30,39.042943,39.209608,38.70628,38.792945,21576473
1174656600,2007-03-23 09:30,38.919607,39.079613,38.792945,39.00961,16886265
1174915800,2007-03-26 09:30,38.919607,39.066276,38.399616,38.876278,23227615
1175002200,2007-03-27 09:30,38.949614,38.949614,38.456282,38.776279,18514592
1175088600,2007-03-28 09:30,38.306284,38.499615,37.929617,38.162955,22615879
1175175000,2007-03-29 09:30,38.66628,38.929607,38.299614,38.839612,23175933
1175261400,2007-03-30 09:30,38.899611,39.066276,38.449619,38.832945,28558035
1175520600,2007-04-02 09:30,38.949614,39.219608,38.739613,39.149609,18873470
1175607000,2007-04-03 09:30,39.499605,39.786269,39.35294,39.699606,24303174
1175693400,2007-04-04 09:30,39.879601,40.026266,39.712936,39.99627,21912288
1175779800,2007-04-05 09:30,39.932934,40.232931,39.832935,40.099599,21811412
1176125400,2007-04-09 09:30,40.279597,40.586257,40.169595,40.256264,21373536
1176211800,2007-04-10 09:30,40.282934,40.499595,40.259597,40.446262,15370443
1176298200,2007-04-11 09:30,40.612927,40.749593,39.966264,40.072933,28064095
1176384600,2007-04-12 09:30,40.132929,40.769592,39.9596,40.742926,23446065
1176471000,2007-04-13 09:30,40.832925,40.98959,40.33293,40.98959,11782041
1176730200,2007-04-16 09:30,41.182922,41.462919,41.102922,41.449589,20166657
1176816600,2007-04-17 09:30,41.386253,41.386253,40.922924,41.206255,26238637
1176903000,2007-04-18 09:30,40.832925,41.059586,40.742926,40.892921,16979113
1176989400,2007-04-19 09:30,40.236268,40.619594,39.919597,40.569598,30470869
1177075800,2007-04-20 09:30,41.129589,41.316254,40.869591,41.052923,15983292
1177335000,2007-04-23 09:30,41.036256,41.156255,40.796259,40.836255,14394776
1177421400,2007-04-24 09:30,40.882921,41.00959,40.66959,40.896258,18733159
1177507800,2007-04-25 09:30,41.152925,41.429582,40.932924,41.34625,17789616
1177594200,2007-04-26 09:30,41.33625,41.449589,41.086252,41.279587,20426232
1177680600,2007-04-27 09:30,40.886258,41.112922,40.709593,41.086252,24456466
1177939800,2007-04-30 09:30,40.812925,40.929587,40.119599,40.279597,27584009
1178026200,2007-05-01 09:30,40.412933,40.592927,40.099599,40.439599,28772057
1178112600,2007-05-02 09:30,40.629594,41.286254,40.582928,41.242921,26205826
1178199000,2007-05-03 09:30,41.379586,41.659583,41.212921,41.609584,15807299
1178285400,2007-05-04 09:30,41.702916,41.982914,41.519585,41.576251,15575849
1178544600,2007-05-07 09:30,41.699586,41.99625,41.699586,41.846245,10084729
1178631000,2007-05-08 09:30,41.639584,41.639584,41.139589,41.30292,27634332
1178717400,2007-05-09 09:30,41.399586,42.041246,41.35292,41.96958,22212621
1178803800,2007-05-10 09:30,41.746253,41.96958,40.849592,40.942924,36275717
1178890200,2007-05-11 09:30,41.166255,42.149579,41.166255,41.982914,21416041
1179149400,2007-05-14 09:30,41.902918,42.33291,41.35292,41.566251,28344214
1179235800,2007-05-15 09:30,41.576251,42.006247,41.34292,41.62625,27392874
1179322200,2007-05-16 09:30,41.859581,42.32958,41.536251,42.219578,18247178
1179408600,2007-05-17 09:30,42.00291,42.232911,41.702916,42.049576,17952623
1179495000,2007-05-18 09:30,42.176245,42.32291,41.96958,42.282914,16459547
1179754200,2007-05-21 09:30,42.246248,42.596237,42.209578,42.339577,33299396
1179840600,2007-05-22 09:30,42.442909,42.572908,42.35291,42.366246,23904941
1179927000,2007-05-23 09:30,42.66624,42.799569,42.01291,42.299574,41565754
1180013400,2007-05-24 09:30,42.232911,42.366246,41.092922,41.282924,52782191
1180099800,2007-05-25 09:30,41.736253,41.99958,41.61975,41.916248,20317421
1180445400,2007-05-29 09:30,42.082913,42.199581,41.33292,41.772919,20446035
1180531800,2007-05-30 09:30,40.99959,42.199581,40.939594,42.196245,35050616
1180618200,2007-05-31 09:30,42.229578,42.499575,42.072913,42.266244,25499585
1180704600,2007-06-01 09:30,42.582908,43.376233,42.582908,43.376233,24035796
1180963800,2007-06-04 09:30,43.0029,43.32957,42.916238,43.182902,26455038
1181050200,2007-06-05 09:30,43.0129,43.139569,42.689576,43.032906,27283022
1181136600,2007-06-06 09:30,42.732906,42.732906,41.949584,41.949584,40849263
1181223000,2007-06-07 09:30,41.99625,42.31291,41.079593,41.30292,65890930
1181309400,2007-06-08 09:30,41.416253,42.199581,41.376253,42.032916,42550433
1181568600,2007-06-11 09:30,42.062913,42.649574,41.892911,42.392906,22266174
1181655000,2007-06-12 09:30,41.922914,42.272914,41.516252,41.67958,31146755
1181741400,2007-06-13 09:30,41.95958,42.64624,41.949584,42.489575,32834098
1181827800,2007-06-14 09:30,42.65624,43.402903,42.65624,43.156235,22375126
1181914200,2007-06-15 09:30,43.66623,44.139559,43.66623,44.139559,45033144
1182173400,2007-06-18 09:30,44.219558,44.382886,43.982893,44.179555,14039204
1182259800,2007-06-19 09:30,43.909561,44.416223,43.879561,44.229558,20064728
1182346200,2007-06-20 09:30,44.562888,44.642884,43.66623,43.852895,31779809
1182432600,2007-06-21 09:30,43.916228,44.489555,43.762892,44.399556,26637968
1182519000,2007-06-22 09:30,44.066226,44.35289,43.599564,43.812895,22471724
1182778200,2007-06-25 09:30,43.782899,43.95956,43.219568,43.479565,29348696
1182864600,2007-06-26 09:30,43.64623,43.746233,43.099569,43.099569,29622050
1182951000,2007-06-27 09:30,42.966234,43.736233,42.732906,43.699566,31516710
1183037400,2007-06-28 09:30,43.432899,43.99956,43.432899,43.722896,22270347
1183123800,2007-06-29 09:30,43.906228,44.166225,43.409566,43.882891,39395280
1183383000,2007-07-02 09:30,43.99956,44.766219,43.99956,44.766219,30618318
1183469400,2007-07-03 09:30,44.832885,45.122882,44.832885,45.122882,13577304
1183642200,2007-07-05 09:30,44.869551,45.379546,44.869551,45.32288,25942807
1183728600,2007-07-06 09:30,45.576211,46.286204,45.572878,46.099539,31670893
1183987800,2007-07-09 09:30,46.426202,46.699536,46.399536,46.546201,28653076
1184074200,2007-07-10 09:30,46.046206,46.206205,45.539545,45.62621,40039807
1184160600,2007-07-11 09:30,45.872875,46.152875,45.499545,46.006207,25900324
1184247000,2007-07-12 09:30,46.30287,47.212861,46.30287,47.016197,29065193
1184333400,2007-07-13 09:30,47.326193,47.632854,47.162865,47.582858,24262976
1184592600,2007-07-16 09:30,47.229528,47.399526,46.909531,47.106199,23918312
1184679000,2007-07-17 09:30,47.229528,47.266194,46.872865,47.096192,21789628
1184765400,2007-07-18 09:30,46.502865,46.846195,46.139539,46.519535,34859868
1184851800,2007-07-19 09:30,46.836195,47.306194,46.832865,46.966194,24521120
1184938200,2007-07-20 09:30,47.216191,47.382856,46.399536,46.659533,48011016
1185197400,2007-07-23 09:30,47.619524,48.032856,47.462859,48.00952,35520073
1185283800,2007-07-24 09:30,47.66619,47.762852,46.269537,46.366206,53650568
1185370200,2007-07-25 09:30,47.069533,47.33286,46.066206,46.632864,45875393
1185456600,2007-07-26 09:30,45.67621,45.719543,43.256234,44.396223,99228272
1185543000,2007-07-27 09:30,44.502885,44.812885,43.432899,43.682897,64010512
1185802200,2007-07-30 09:30,44.166225,45.489545,44.166225,45.112882,50424167.99999999
1185888600,2007-07-31 09:30,45.722876,45.879541,44.189561,44.189561,63244136.00000001
1185975000,2007-08-01 09:30,43.639564,44.409556,43.149569,44.016227,106336662.99999999
1186061400,2007-08-02 09:30,44.066226,44.766219,43.946227,44.502885,46616458
1186147800,2007-08-03 09:30,44.466219,44.499555,42.252907,42.582908,64852920
1186407000,2007-08-06 09:30,43.069573,43.63623,42.182912,43.3429,72395907
1186493400,2007-08-07 09:30,43.169565,44.136225,42.97957,43.66623,54839924
1186579800,2007-08-08 09:30,44.546221,45.489545,44.496225,45.132879,50679098
1186666200,2007-08-09 09:30,43.752892,44.266224,42.952904,43.266234,78722227
1186752600,2007-08-10 09:30,42.356246,43.68623,41.962914,42.516242,82479512
1187011800,2007-08-13 09:30,43.516232,43.786229,42.909571,42.936237,39933705
1187098200,2007-08-14 09:30,43.162905,43.249568,41.66625,41.826248,50445816
1187184600,2007-08-15 09:30,41.369586,41.809579,40.016267,40.182932,77353349
1187271000,2007-08-16 09:30,39.382936,39.896268,37.136295,39.499605,140055896
1187357400,2007-08-17 09:30,40.99959,42.29291,39.546271,40.749593,99856214
1187616600,2007-08-20 09:30,41.202921,41.356256,40.122932,40.832925,64116737
1187703000,2007-08-21 09:30,40.62626,41.166255,40.34626,40.682927,43294815
1187789400,2007-08-22 09:30,41.366256,42.532911,41.366256,42.432909,57894194
1187875800,2007-08-23 09:30,42.829575,42.992903,42.056246,42.649574,46374007
1187962200,2007-08-24 09:30,42.66291,43.759562,42.532911,43.66623,52962433
1188221400,2007-08-27 09:30,43.622897,44.599554,43.489565,43.866231,28239222
1188307800,2007-08-28 09:30,43.34623,43.502895,41.876248,42.082913,56966777
1188394200,2007-08-29 09:30,42.862905,43.962894,42.682907,43.749563,42500231
1188480600,2007-08-30 09:30,43.266234,44.139559,43.066236,43.526231,29959799
1188567000,2007-08-31 09:30,44.66622,45.399546,44.32956,44.649553,53839210
1188912600,2007-09-04 09:30,44.216221,45.726206,44.216221,45.402883,33825995
1188999000,2007-09-05 09:30,45.01955,45.01955,44.256224,44.716216,38522494
1189085400,2007-09-06 09:30,44.96955,45.289547,44.63622,45.066216,20812732
1189171800,2007-09-07 09:30,44.242891,44.426222,43.682897,44.049556,48953739
1189431000,2007-09-10 09:30,44.66622,44.68622,43.419562,44.082893,32353355
1189517400,2007-09-11 09:30,44.602887,45.149548,44.546221,44.972884,32632310
1189603800,2007-09-12 09:30,44.742886,45.32955,44.516222,45.132879,30018090
1189690200,2007-09-13 09:30,45.436212,45.962874,45.296214,45.632874,22941394
1189776600,2007-09-14 09:30,45.416213,45.872875,45.189551,45.722876,17142687
1190035800,2007-09-17 09:30,45.37288,45.526211,44.906218,45.432879,22866522
1190122200,2007-09-18 09:30,45.566211,47.716186,45.366216,47.632854,68340011
1190208600,2007-09-19 09:30,47.766189,48.62618,47.692856,47.849522,63006390
1190295000,2007-09-20 09:30,47.96952,48.276184,47.416193,47.699526,34830207
1190381400,2007-09-21 09:30,48.256184,48.479515,48.172852,48.33285,30381198
1190640600,2007-09-24 09:30,49.33284,49.33284,48.66618,48.932844,31511529
1190727000,2007-09-25 09:30,48.532851,48.949514,48.222851,48.749513,28051885
1190813400,2007-09-26 09:30,49.399506,49.548505,49.042843,49.399506,27546287
1190899800,2007-09-27 09:30,50.162835,50.66616,49.642834,50.132829,32800159
1190986200,2007-09-28 09:30,50.249498,50.396163,49.456172,49.816169,37227678
1191245400,2007-10-01 09:30,50.289497,51.587817,50.056166,51.382816,38410485
1191331800,2007-10-02 09:30,51.869481,52.32948,51.222821,51.732816,40943578
1191418200,2007-10-03 09:30,51.579488,51.752812,50.166165,50.166165,49248444
1191504600,2007-10-04 09:30,50.366166,50.822825,49.809499,50.66616,23239744
1191591000,2007-10-05 09:30,51.216151,52.589474,51.166155,52.356146,64113953
1191850200,2007-10-08 09:30,51.66282,51.949484,51.436152,51.799479,32786355
1191936600,2007-10-09 09:30,52.179475,52.64614,51.966144,52.606144,30145426
1192023000,2007-10-10 09:30,52.442809,52.856141,52.152815,52.67614,36830699
1192109400,2007-10-11 09:30,53.339467,53.599464,51.142819,52.212811,71039366
1192195800,2007-10-12 09:30,52.456142,53.166135,52.286144,53.166135,27468451
1192455000,2007-10-15 09:30,53.256134,53.382796,51.836145,52.516142,40018255
1192541400,2007-10-16 09:30,52.162815,52.189481,51.182822,51.542818,60324603
1192627800,2007-10-17 09:30,52.732806,52.96947,51.699486,52.732806,67459586
1192714200,2007-10-18 09:30,51.832815,53.116139,51.759482,52.99947,55143671
1192800600,2007-10-19 09:30,52.536141,52.659473,50.062833,50.732826,82592265
1193059800,2007-10-22 09:30,50.232831,51.102822,49.66284,51.099489,60902480.99999999
1193146200,2007-10-23 09:30,51.752812,52.712806,51.502815,52.516142,55528731
1193232600,2007-10-24 09:30,52.036146,52.34281,50.486165,52.172812,49925503
1193319000,2007-10-25 09:30,52.862805,52.982803,51.916148,52.836135,43169681
1193405400,2007-10-26 09:30,54.016127,54.569458,53.499465,54.33279,44119941
1193664600,2007-10-29 09:30,55.232781,55.689446,54.939454,55.582778,38281576
1193751000,2007-10-30 09:30,54.766119,54.899451,54.349457,54.532791,36922272
1193837400,2007-10-31 09:30,55.00278,55.826108,54.33279,55.729443,63321033
1193923800,2007-11-01 09:30,54.186125,54.556121,53.289467,53.479465,56598853
1194010200,2007-11-02 09:30,53.832795,54.309454,52.819475,53.782799,59190591
1194273000,2007-11-05 09:30,52.366146,52.629474,51.542818,51.912818,43943842
1194359400,2007-11-06 09:30,53.426132,54.089459,52.66947,53.882791,39764236
1194445800,2007-11-07 09:30,53.092802,53.552798,51.906148,52.166145,46820037
1194532200,2007-11-08 09:30,52.406143,52.966134,50.629494,52.432809,83405010
1194618600,2007-11-09 09:30,51.486155,52.199481,50.802825,51.199491,52734719
1194877800,2007-11-12 09:30,50.482829,50.796159,48.339517,48.366186,69952299
1194964200,2007-11-13 09:30,50.299494,51.972814,50.089499,51.782819,74957549
1195050600,2007-11-14 09:30,52.769472,53.099469,51.459485,51.832815,47815849
1195137000,2007-11-15 09:30,51.239488,51.772819,50.129499,50.639494,55260744
1195223400,2007-11-16 09:30,50.812825,51.359486,50.049496,51.266154,60027000
1195482600,2007-11-19 09:30,50.30283,50.402833,48.466179,48.902848,52245210.00000001
1195569000,2007-11-20 09:30,49.496175,50.729493,48.992843,50.246168,83209264
1195655400,2007-11-21 09:30,48.569518,48.762842,47.406193,47.716186,77409702
1195828200,2007-11-23 09:30,48.582848,49.732836,48.582848,49.126175,24245960
1196087400,2007-11-26 09:30,49.339507,49.819505,47.176195,47.176195,72462484
1196173800,2007-11-27 09:30,47.916188,49.196175,47.642854,48.982844,75100351
1196260200,2007-11-28 09:30,49.522841,51.66615,49.499505,51.66615,100932241
1196346600,2007-11-29 09:30,51.049486,51.749483,50.659493,51.032826,62431200
1196433000,2007-11-30 09:30,52.426142,52.566141,51.056156,51.466149,64250802
1196692200,2007-12-03 09:30,51.369486,51.64615,50.899491,51.01949,41653001
1196778600,2007-12-04 09:30,50.802825,51.496155,50.736163,50.886158,32139285
1196865000,2007-12-05 09:30,52.099479,53.149469,52.099479,53.146135,46454561
1196951400,2007-12-06 09:30,52.866141,54.049456,52.66614,53.982794,49785263
1197037800,2007-12-07 09:30,53.732796,53.799459,53.089469,53.3428,47260561
1197297000,2007-12-10 09:30,53.3328,53.576131,53.096132,53.359466,30087852
1197383400,2007-12-11 09:30,53.592797,53.739463,50.899491,53.432799,67519875
1197469800,2007-12-12 09:30,53.432799,53.879461,51.486155,52.632804,72615222
1197556200,2007-12-13 09:30,51.166155,51.592817,50.482829,51.186155,75752245
1197642600,2007-12-14 09:30,50.132829,50.789825,49.936167,49.966164,52611310
1197901800,2007-12-17 09:30,49.119509,49.202841,47.812855,47.836185,62022332.00000001
1197988200,2007-12-18 09:30,49.349507,49.386173,47.909521,49.149508,69889562
1198074600,2007-12-19 09:30,49.326173,49.772839,49.00284,49.469505,56492051.99999999
1198161000,2007-12-20 09:30,49.70617,49.859501,49.086172,49.739503,45520967
1198247400,2007-12-21 09:30,50.466159,51.239488,50.366166,51.199491,56461716
1198506600,2007-12-24 09:30,50.689496,51.452819,50.626194,51.446152,18304848
1198679400,2007-12-26 09:30,51.049486,51.826148,50.949494,51.712816,23497641
1198765800,2007-12-27 09:30,51.246158,51.34282,50.396163,50.519495,30705811
1198852200,2007-12-28 09:30,51.036156,51.179485,50.3295,50.709493,37557294
1199111400,2007-12-31 09:30,50.849492,50.962824,50.00283,50.099499,26840599
1199284200,2008-01-02 09:30,50.439499,50.752822,48.96951,49.272844,68030312
1199370600,2008-01-03 09:30,49.866171,50.056166,49.486175,49.716166,47761134
1199457000,2008-01-04 09:30,49.259507,49.349507,47.756189,48.222851,83072606
1199716200,2008-01-07 09:30,48.622847,48.932844,47.809519,48.576181,54091356
1199802600,2008-01-08 09:30,49.139509,49.65617,48.069523,48.199521,88768919
1199889000,2008-01-09 09:30,48.902848,49.779502,48.199521,49.779502,85492790
1199975400,2008-01-10 09:30,48.972844,50.649494,48.739513,50.366166,84511709
1200061800,2008-01-11 09:30,49.299504,49.882831,48.66285,48.949514,78241886
1200321000,2008-01-14 09:30,49.6795,49.916168,49.232841,49.6695,70594929
1200407400,2008-01-15 09:30,48.699516,48.889511,47.266194,47.422892,90635130
1200493800,2008-01-16 09:30,46.716196,46.919527,44.726216,45.449549,141278276
1200580200,2008-01-17 09:30,46.166205,46.492868,43.929557,44.266224,133311061.00000001
1200666600,2008-01-18 09:30,45.486215,45.752872,44.056226,45.132879,119656316.00000001
1201012200,2008-01-22 09:30,42.309574,45.032886,41.832915,43.99956,153345597
1201098600,2008-01-23 09:30,42.03958,44.429552,40.67626,44.279557,173385749
1201185000,2008-01-24 09:30,44.199561,45.446212,44.106229,45.139549,93141571
1201271400,2008-01-25 09:30,45.992873,46.272874,44.269557,44.452889,65709728.99999999
1201530600,2008-01-28 09:30,44.366226,45.552878,42.33291,45.552878,61926139.00000001
1201617000,2008-01-29 09:30,45.439549,45.536211,44.692886,45.32955,42873545
1201703400,2008-01-30 09:30,44.649553,46.359536,44.379556,44.732856,90783211
1201789800,2008-01-31 09:30,43.879561,45.932874,43.702896,45.629544,91631140
1201876200,2008-02-01 09:30,45.866211,46.6962,45.66621,46.539535,66238022
1202135400,2008-02-04 09:30,46.879531,46.99953,46.406203,46.726196,47432196
1202221800,2008-02-05 09:30,45.649544,45.749543,43.732896,44.169555,81963651
1202308200,2008-02-06 09:30,44.499555,45.036216,43.3029,43.446199,94312351
1202394600,2008-02-07 09:30,43.299564,44.609554,42.869571,44.182892,81690192
1202481000,2008-02-08 09:30,43.632894,44.409556,43.476229,44.099559,64338834.99999999
1202740200,2008-02-11 09:30,43.939564,44.66289,43.422899,44.64622,62669186
1202826600,2008-02-12 09:30,45.086212,46.136205,44.97955,45.366216,95164647
1202913000,2008-02-13 09:30,45.849542,46.519535,45.33288,46.386203,80838856
1202999400,2008-02-14 09:30,46.802865,46.946197,45.746213,45.789542,77575927
1203085800,2008-02-15 09:30,45.936207,46.146205,45.392876,46.116209,40973167
1203431400,2008-02-19 09:30,47.326193,47.369526,46.442869,46.719533,60715135
1203517800,2008-02-20 09:30,45.982874,47.286194,45.769542,47.109529,67324609
1203604200,2008-02-21 09:30,47.416193,47.519525,46.279537,46.449539,47179632
1203690600,2008-02-22 09:30,46.922864,47.149528,45.879541,47.072863,58151141
1203949800,2008-02-25 09:30,46.982864,48.01285,46.642864,47.949524,62953013
1204036200,2008-02-26 09:30,47.592857,48.766179,47.429522,48.582848,62865652
1204122600,2008-02-27 09:30,48.216181,49.282844,48.102852,48.992843,59915158.99999999
1204209000,2008-02-28 09:30,48.486185,48.876178,48.222851,48.466179,52139321
1204295400,2008-02-29 09:30,47.932854,47.949524,46.456202,46.539535,69116947
1204554600,2008-03-03 09:30,46.542868,47.112862,45.99954,46.792865,85376773
1204641000,2008-03-04 09:30,46.00954,46.439539,44.852885,45.70621,95443530
1204727400,2008-03-05 09:30,46.239538,46.866201,45.909541,46.6662,63579707
1204813800,2008-03-06 09:30,46.399536,46.549531,45.00955,45.066216,57512207
1204900200,2008-03-07 09:30,44.64622,45.509545,44.149559,44.442889,70810980
1205155800,2008-03-10 09:30,44.759552,44.759552,43.239568,43.6629,70677154
1205242200,2008-03-11 09:30,45.519545,46.632864,44.782889,46.599534,100195097
1205328600,2008-03-12 09:30,46.099539,46.6662,45.606214,45.736213,59353505
1205415000,2008-03-13 09:30,44.436222,45.776209,44.082893,45.31955,85103075
1205501400,2008-03-14 09:30,45.30288,45.416213,43.366236,43.712896,94846068
1205760600,2008-03-17 09:30,42.086242,43.006237,41.619584,42.632904,104936249
1205847000,2008-03-18 09:30,43.516232,44.929547,43.419562,44.849552,82057492
1205933400,2008-03-19 09:30,44.349557,44.632884,42.099579,42.155112,98299702
1206019800,2008-03-20 09:30,42.122912,42.982904,41.592917,42.866271,83455794
1206365400,2008-03-24 09:30,43.459565,44.846215,43.236238,44.509592,63315513
1206451800,2008-03-25 09:30,44.552888,45.269547,44.549551,45.192881,49841046
1206538200,2008-03-26 09:30,44.962884,45.026216,44.396223,44.826218,46040125
1206624600,2008-03-27 09:30,45.262877,45.289547,44.542888,44.609554,45650367
1206711000,2008-03-28 09:30,45.00288,45.082883,44.36289,44.529555,42123994
1206970200,2008-03-31 09:30,44.616224,44.839552,44.396223,44.792885,51358497
1207056600,2008-04-01 09:30,45.296214,46.549531,45.192881,46.512835,59322449
1207143000,2008-04-02 09:30,46.512865,46.892861,45.99954,46.549531,48964179
1207229400,2008-04-03 09:30,46.382866,47.412863,46.249538,47.112862,49385719
1207315800,2008-04-04 09:30,46.872865,47.542858,46.576201,46.922864,48387507
1207575000,2008-04-07 09:30,47.742856,48.182852,47.256194,47.546191,48938025
1207661400,2008-04-08 09:30,47.149528,47.529525,46.95953,47.28486,37714361
1207747800,2008-04-09 09:30,47.126195,47.29286,46.35287,46.549531,38656571
1207834200,2008-04-10 09:30,46.896198,47.419522,46.476199,47.216191,38851396
1207920600,2008-04-11 09:30,46.742866,46.9962,46.226201,46.446202,45479623
1208179800,2008-04-14 09:30,46.256204,46.726196,46.00287,46.3362,43521729
1208266200,2008-04-15 09:30,46.852865,46.976194,46.449539,46.879531,34588401
1208352600,2008-04-16 09:30,47.439529,48.532851,47.432859,48.266184,52372459.00000001
1208439000,2008-04-17 09:30,47.806189,48.122852,47.549521,47.916188,35450721
1208525400,2008-04-18 09:30,48.579518,48.899511,48.206185,48.63818,43182479
1208784600,2008-04-21 09:30,48.409516,48.956177,47.33286,48.886178,39228110
1208871000,2008-04-22 09:30,48.722846,48.802845,48.072853,48.432849,45971826
1208957400,2008-04-23 09:30,48.939514,49.159508,48.532851,49.129509,38048501
1209043800,2008-04-24 09:30,48.96951,49.149508,48.106189,48.499515,38298499
1209130200,2008-04-25 09:30,48.899511,48.942844,48.149519,48.856181,36430267
1209389400,2008-04-28 09:30,49.016177,49.146175,48.67951,48.762842,28085599
1209475800,2008-04-29 09:30,48.632844,48.632844,47.852855,47.899521,43114403
1209562200,2008-04-30 09:30,48.199521,49.03951,48.059516,48.886178,56735846.99999999
1209648600,2008-05-01 09:30,48.866181,49.506172,48.579518,49.406173,36340887
1209735000,2008-05-02 09:30,50.026166,50.089499,49.499505,49.879501,36100405
1209994200,2008-05-05 09:30,49.832835,50.059496,49.572838,49.842835,22732679
1210080600,2008-05-06 09:30,49.66284,50.516162,49.432839,50.399496,36007683
1210167000,2008-05-07 09:30,49.992833,50.116169,48.802845,48.899511,52249866
1210253400,2008-05-08 09:30,49.142839,49.596167,49.03951,49.402843,34319137
1210339800,2008-05-09 09:30,48.956177,49.162845,48.70618,48.99951,33387192
1210599000,2008-05-12 09:30,49.072843,49.649504,48.712846,49.629504,31890612
1210685400,2008-05-13 09:30,49.749503,49.9695,49.416173,49.866171,24984249
1210771800,2008-05-14 09:30,50.249498,50.489495,49.889501,49.98617,27883532
1210858200,2008-05-15 09:30,50.279497,51.079493,50.129499,51.049486,41979923
1210944600,2008-05-16 09:30,51.316154,51.732816,51.129489,51.699486,30127261
1211203800,2008-05-19 09:30,51.719483,52.486145,51.596147,51.709483,45427369
1211290200,2008-05-20 09:30,50.97949,50.99949,50.522831,50.812825,44971667
1211376600,2008-05-21 09:30,51.02949,51.389486,50.119499,50.296164,47547100
1211463000,2008-05-22 09:30,50.562828,50.642824,50.112832,50.442829,26301662
1211549400,2008-05-23 09:30,50.006167,50.116169,49.349507,49.562838,31784297
1211895000,2008-05-27 09:30,49.406173,49.612837,48.97951,49.482839,35205844
1211981400,2008-05-28 09:30,49.63617,50.149499,49.182842,50.149499,31076665
1212067800,2008-05-29 09:30,50.196165,50.832825,49.976164,50.259497,36030489
1212154200,2008-05-30 09:30,50.556161,50.839492,50.366166,50.432829,29933444
1212413400,2008-06-02 09:30,50.392826,50.392826,49.519505,49.832835,39888797
1212499800,2008-06-03 09:30,49.849502,49.926167,48.736183,48.932844,44795334
1212586200,2008-06-04 09:30,48.66285,49.104509,48.416183,48.506182,46607551
1212672600,2008-06-05 09:30,48.926177,50.049496,48.782849,50.049496,36881219
1212759000,2008-06-06 09:30,49.349507,49.449509,48.236188,48.236188,48717979
1213018200,2008-06-09 09:30,48.402853,48.602847,47.532861,48.112852,49329622
1213104600,2008-06-10 09:30,47.392856,47.416193,46.906198,47.00286,67030173.99999999
1213191000,2008-06-11 09:30,47.166195,47.289527,46.266204,46.299534,72146305
1213277400,2008-06-12 09:30,46.649534,47.252857,46.356206,46.569538,59170191.00000001
1213363800,2008-06-13 09:30,46.599534,47.229528,46.349537,47.072863,42621216
1213623000,2008-06-16 09:30,47.032866,47.406193,46.916198,47.232861,34441271
1213709400,2008-06-17 09:30,47.729523,47.859521,47.399526,47.432859,38012243
1213795800,2008-06-18 09:30,47.356196,47.562858,46.732866,47.202861,48612567
1213882200,2008-06-19 09:30,46.982864,47.426192,46.812865,47.276194,52999777
1213968600,2008-06-20 09:30,46.512865,46.622867,45.642874,45.732876,94398223
1214227800,2008-06-23 09:30,45.916208,46.069543,45.66954,45.866211,50194686
1214314200,2008-06-24 09:30,45.619544,46.182872,45.242881,45.66288,55307209
1214400600,2008-06-25 09:30,45.452879,46.429532,45.452879,46.049536,64861704
1214487000,2008-06-26 09:30,45.299544,45.422879,44.432889,44.469555,69865802
1214573400,2008-06-27 09:30,44.67622,45.122882,44.432889,44.899551,54491728
1214832600,2008-06-30 09:30,45.216211,45.392876,44.962884,45.239548,52758959
1214919000,2008-07-01 09:30,44.216221,44.609554,43.606234,44.432889,88606390
1215005400,2008-07-02 09:30,44.63622,44.772889,43.059566,43.166235,77360261
1215091800,2008-07-03 09:30,43.602897,43.602897,42.639574,43.042903,51495297.99999999
1215437400,2008-07-07 09:30,43.399566,43.852895,42.499575,42.889571,84796015
1215523800,2008-07-08 09:30,42.819575,43.449569,42.262907,43.416233,91547523
1215610200,2008-07-09 09:30,43.599564,43.952894,42.426242,42.539575,89475150
1215696600,2008-07-10 09:30,43.062903,43.522901,42.596237,43.309564,82660858
1215783000,2008-07-11 09:30,42.972904,43.649564,42.582908,43.01957,74597689
1216042200,2008-07-14 09:30,43.619564,43.846225,41.732916,42.966234,48638655
1216128600,2008-07-15 09:30,42.306244,43.0129,41.522921,42.249578,108377499
1216215000,2008-07-16 09:30,42.246248,43.582898,42.022916,43.469565,72722551
1216301400,2008-07-17 09:30,43.709563,44.072893,43.356236,43.672897,88663462
1216387800,2008-07-18 09:30,43.309564,43.67623,43.142899,43.296234,50927309
1216647000,2008-07-21 09:30,43.562898,43.966224,43.492898,43.832895,42358020
1216733400,2008-07-22 09:30,43.2929,43.866231,43.0129,43.859561,47997092
1216819800,2008-07-23 09:30,44.079563,44.35289,43.769562,43.922894,47456454
1216906200,2008-07-24 09:30,43.66,44,41.58,42.3,33791136
1216992600,2008-07-25 09:30,42.64999,42.75,42.235,42.59,26549392
1217251800,2008-07-28 09:30,42.64,42.74001,41.75,41.87,22918288
1217338200,2008-07-29 09:30,41.99001,44.19,41.75999,44.19,28970864
1217424600,2008-07-30 09:30,43.47,44.39999,42.02,43.73,38187536
1217511000,2008-07-31 09:30,42.84,43.69,42.64999,42.75,65915936
1217597400,2008-08-01 09:30,43.2,43.2,42.16,42.46001,36367744
1217856600,2008-08-04 09:30,41.95,42.08,40.96001,41.16,55599456
1217943000,2008-08-05 09:30,41.2,41.78999,41.00999,41.69,42552576
1218029400,2008-08-06 09:30,41.60001,42.52,41.55,42.52,34367664
1218115800,2008-08-07 09:30,41.72,41.8,40.94,41.06,38381168
1218202200,2008-08-08 09:30,40.57001,41.28999,40.41,41.16,51194096
1218461400,2008-08-11 09:30,40.91,41.14,40.58,40.73,43444688
1218547800,2008-08-12 09:30,40.42,40.71001,39.99001,40.39,39537776
1218634200,2008-08-13 09:30,40.03999,40.52,39.64,40.38,52150560
1218720600,2008-08-14 09:30,40.36,41.07001,40.35001,40.91,34218576
1218807000,2008-08-15 09:30,40.74001,40.95,40.2,40.27,37679216
1219066200,2008-08-18 09:30,40.45,40.5,39.25999,39.59,34649648
1219152600,2008-08-19 09:30,39.13,39.39,38.73,39.2572,58502144
1219239000,2008-08-20 09:30,39.78999,40.28999,39.66,40.25999,39617072
1219325400,2008-08-21 09:30,39.74001,40.44,39.67,40.2,26882448
1219411800,2008-08-22 09:30,40.44,40.46001,39.67,40.17,19299632
1219671000,2008-08-25 09:30,40.03999,40.10001,39.31,39.34,30942720
1219757400,2008-08-26 09:30,39.46001,39.66,39.2,39.41,25503168
1219843800,2008-08-27 09:30,39.74001,40.35001,39.63,40.25,31425680
1219930200,2008-08-28 09:30,40.33,40.61,40.23,40.53,29213680
1220016600,2008-08-29 09:30,40.45,40.48,39.85001,40.05,26262304
1220362200,2008-09-02 09:30,39.37,39.71001,38.75999,38.84,45490320
1220448600,2008-09-03 09:30,38.75999,38.75999,37.91,38.2,58413552
1220535000,2008-09-04 09:30,37.77,37.91,36.39999,36.44,70460880
1220621400,2008-09-05 09:30,36.41,37.03,35.95,36.96001,58893504
1220880600,2008-09-08 09:30,38.58,38.75,36.87,37.42,64827328
1220967000,2008-09-09 09:30,36.7,36.88,34.75,35.32001,71020688
1221053400,2008-09-10 09:30,35.92999,36.21001,35.23,35.8875,74812000
1221139800,2008-09-11 09:30,34.67,35.45,34.35001,35.36,103652816
1221226200,2008-09-12 09:30,35.25,36.99001,35.03999,36.53999,83242000
1221485400,2008-09-15 09:30,34.35001,35.25999,33.55,33.67,108169872
1221571800,2008-09-16 09:30,32.19,34.25,31.95,33.96001,115788320
1221658200,2008-09-17 09:30,32.88,33.24001,31.38,31.55,153448624
1221744600,2008-09-18 09:30,32.7,34.8,31.21001,34.21001,155278256
1221831000,2008-09-19 09:30,38.77,39.75,36.05,38.47,157949936
1222090200,2008-09-22 09:30,37.75,37.75,35.88,35.96001,112364816
1222176600,2008-09-23 09:30,35.63,36.31,34.38,34.84,75597120
1222263000,2008-09-24 09:30,35.45,35.74001,34.78,35.24001,64728752
1222349400,2008-09-25 09:30,35.72,37.5,35.5,37.05,98211008
1222435800,2008-09-26 09:30,35.10001,36.07001,34,35.78999,56618976
1222695000,2008-09-29 09:30,34.13,34.33,30.88,31.61,126723248
1222781400,2008-09-30 09:30,33.23,34.53,32.75,34.17,77584560
1222867800,2008-10-01 09:30,33.81,34.58,33.10001,34.58,69639872
1222954200,2008-10-02 09:30,33.27,33.28,31.46001,31.55,81035376
1223040600,2008-10-03 09:30,31.92999,33.08,30.64999,30.72,83975008
1223299800,2008-10-06 09:30,28.48,28.88,26.51469,28.41,155815056
1223386200,2008-10-07 09:30,28.87,29.11,26.2,26.2,115117120
1223472600,2008-10-08 09:30,25.60001,27.38,25.14999,26.2,133619808
1223559000,2008-10-09 09:30,26.89,27.3,24.16,24.27,129264432
1223645400,2008-10-10 09:30,23.17,25.99001,22.24001,24.55,181839680
1223904600,2008-10-13 09:30,26.75,30.37,26.17999,30.14,177218432
1223991000,2008-10-14 09:30,30.10001,31.25,27.81,28.64,154344560
1224077400,2008-10-15 09:30,26.85001,26.95,23.91,24.00999,153735440
1224163800,2008-10-16 09:30,24.60001,25.19,22.55,25.19,182103680
1224250200,2008-10-17 09:30,23.89999,25.89999,23.58,24.39999,121812688
1224509400,2008-10-20 09:30,25.16,26.21001,24.78999,26.11,84463872
1224595800,2008-10-21 09:30,25,25.35001,24.03,24.03,86398816
1224682200,2008-10-22 09:30,22.95,23.11,21.14,21.5,157052368
1224768600,2008-10-23 09:30,21.39999,22.53,20.66,22.10001,153278128
1224855000,2008-10-24 09:30,19.38,20.81,19.19,19.82001,170200368
1225114200,2008-10-27 09:30,19.31,20.44,19.16,19.3,142887008
1225200600,2008-10-28 09:30,20.64,24.24001,20.10001,23.34,219284944
1225287000,2008-10-29 09:30,22.22,24.00999,21.77,22.60001,159876944
1225373400,2008-10-30 09:30,24.5,25.75,24.37,25.64999,186225808
1225459800,2008-10-31 09:30,25.02,25.95,24.75,25.42999,162086880
1225722600,2008-11-03 09:30,25.64,25.75999,25.09,25.2,90110064
1225809000,2008-11-04 09:30,26.42,27.63,26.14999,27.5,138803936
1225895400,2008-11-05 09:30,26.14999,26.38,23.8,24,153171376
1225981800,2008-11-06 09:30,23.94,24.17999,22.33,22.78999,158032752
1226068200,2008-11-07 09:30,23.85001,24.67999,23.41,24.64,152082128
1226327400,2008-11-10 09:30,25.71001,25.71001,24.17999,24.87,96125008
1226413800,2008-11-11 09:30,24.03,24.28,22.91,23.32001,128590192
1226500200,2008-11-12 09:30,22.82001,22.84,21.34,21.59,182274816
1226586600,2008-11-13 09:30,21.96001,24.73,20.89,24.58,241242368
1226673000,2008-11-14 09:30,23.2,23.66,22.14999,22.22,180106688
1226932200,2008-11-17 09:30,22.03999,22.78999,21.69,21.85001,118846256
1227018600,2008-11-18 09:30,21.57001,21.97,20.67999,21.53,111382880
1227105000,2008-11-19 09:30,21.13,21.36,19.61,19.67,155996256
1227191400,2008-11-20 09:30,19.49001,20.07001,18.22,18.25999,244593248
1227277800,2008-11-21 09:30,20.03999,20.99001,18.98,20.89,248688128
1227537000,2008-11-24 09:30,20.8,22.64999,20.78,22.16,188104000
1227623400,2008-11-25 09:30,22.55,22.60001,21.24001,21.74001,133692000
1227709800,2008-11-26 09:30,21.61,23.44,21.57001,23.39999,120738624
1227882600,2008-11-28 09:30,22.84,23.08,22.73,22.95,36654560
1228141800,2008-12-01 09:30,22.14999,22.2,20.69,20.74001,138664816
1228228200,2008-12-02 09:30,21.64,22.13,21.14,22.05,112480880
1228314600,2008-12-03 09:30,21.25999,22.37,21.14999,22.23,93150368
1228401000,2008-12-04 09:30,21.62,22.2,21.02,21.28,117523376
1228487400,2008-12-05 09:30,21.13,22.55,20.88,22.53999,96683680
1228746600,2008-12-08 09:30,23.42,24.21001,23.38,23.98,122277312
1228833000,2008-12-09 09:30,23.67,24.28999,23.28,23.64999,103924368
1228919400,2008-12-10 09:30,24.37,25.12,24.33,25.06,100969440
1229005800,2008-12-11 09:30,24.85001,25.58,24.33,24.42,112768688
1229092200,2008-12-12 09:30,23.87,24.97,23.69749,24.75999,98495808
1229351400,2008-12-15 09:30,24.87,24.91,24.12,24.42999,67469744
1229437800,2008-12-16 09:30,24.81,26.46001,24.7,26.38,146609440
1229524200,2008-12-17 09:30,25.71001,26.33,25.62,25.92,98931312
1229610600,2008-12-18 09:30,26.08,26.17,25.22,25.35001,92867872
1229697000,2008-12-19 09:30,25.69,26,25.19,25.44,56423392
1229956200,2008-12-22 09:30,25.25,25.32001,24.17999,24.49001,73538432
1230042600,2008-12-23 09:30,24.17999,24.33,23.8,23.95,70302432
1230129000,2008-12-24 09:30,24.14999,24.3,23.67,24.12,29364352
1230301800,2008-12-26 09:30,24.14999,24.22,23.73,24.03999,24741152
1230561000,2008-12-29 09:30,24.34,24.39999,23.78999,24,36271776
1230647400,2008-12-30 09:30,24.21001,24.71001,24.16,24.64,50083840
1230733800,2008-12-31 09:30,24.45,25.07001,24.33,24.97,44816128
1230906600,2009-01-02 09:30,25.2,26.37,25.13,26.16,69504816
1231165800,2009-01-05 09:30,26,26.75999,25.94,26.5,64790016
1231252200,2009-01-06 09:30,26.89,27.28,26.7,27.10001,67980560
1231338600,2009-01-07 09:30,26.34,26.36,25.44,25.53999,83200752
1231425000,2009-01-08 09:30,25.09,25.49001,24.89999,25.42999,56783856
1231511400,2009-01-09 09:30,25.24001,25.34,24.63,24.88,103509120
1231770600,2009-01-12 09:30,24.60001,24.62,23.66,23.83,65283456
1231857000,2009-01-13 09:30,23.69,24.23,23.57001,23.89999,55003104
1231943400,2009-01-14 09:30,23.37,23.38,22.53,22.74001,103438624
1232029800,2009-01-15 09:30,22.75999,23.28,21.92,23,113911872
1232116200,2009-01-16 09:30,23.66,23.67999,22.53,23.25,79520688
1232461800,2009-01-20 09:30,22.53,22.60001,21.49001,21.52,126067056
1232548200,2009-01-21 09:30,22.09,22.8,21.53999,22.69,103794256
1232634600,2009-01-22 09:30,21.94,22.36,21.4628,21.94,83312064
1232721000,2009-01-23 09:30,21.13,22.42999,21.09,22.22,77371008
1232980200,2009-01-26 09:30,22.45,23.0833,22.21001,22.48,67314560
1233066600,2009-01-27 09:30,22.75,23.06,22.55,22.88,72898624
1233153000,2009-01-28 09:30,23.60001,24.17999,23.48,24.03999,93810192
1233239400,2009-01-29 09:30,23.27,23.36,22.81,22.82001,59938528
1233325800,2009-01-30 09:30,23.08,23.32001,22.47,22.64999,99451440
1233585000,2009-02-02 09:30,22.2,22.62,22.10001,22.42,47755008
1233671400,2009-02-03 09:30,22.64999,23.16,22.39,23.09,53165664
1233757800,2009-02-04 09:30,23.32001,23.78999,23.06,23.25999,65515120
1233844200,2009-02-05 09:30,23.11,24.02,22.89,23.75,95946688
1233930600,2009-02-06 09:30,24.11,25.03999,24.02,24.94,79129120
1234189800,2009-02-09 09:30,24.89999,25.11,24.60001,24.81,53789200
1234276200,2009-02-10 09:30,24.62,24.85001,23.31,23.31,92940688
1234362600,2009-02-11 09:30,23.89999,24.17,23.425,24.00999,66603120
1234449000,2009-02-12 09:30,23.27,23.91,23.06,23.86,69737248
1234535400,2009-02-13 09:30,23.96001,24.14,23.6595,23.98,58075040
1234881000,2009-02-17 09:30,22.59,22.71001,22.08,22.45,115593680
1234967400,2009-02-18 09:30,22.47,22.7,21.88,22.28999,83949056
1235053800,2009-02-19 09:30,22.75999,22.78,22.03,22.08,59604304
1235140200,2009-02-20 09:30,21.39999,21.95,21.2,21.52,102871312
1235399400,2009-02-23 09:30,22.13,22.17999,20.95,20.99001,103473184
1235485800,2009-02-24 09:30,21.19,22.2,21.05,22.14,99572256
1235572200,2009-02-25 09:30,21.98,22.215,21.395,21.75999,81190256
1235658600,2009-02-26 09:30,22.03999,22.3,21.53999,21.57001,57001536
1235745000,2009-02-27 09:30,21.00999,21.9489,21,21.23,74844432
1236004200,2009-03-02 09:30,20.62,20.75999,19.86,19.94,97425936
1236090600,2009-03-03 09:30,20.45,20.61,19.89,20.22,85418064
1236177000,2009-03-04 09:30,21.25,21.9514,21.06,21.64,102894624
1236263400,2009-03-05 09:30,20.89,21.21001,20.63,20.75,101631008
1236349800,2009-03-06 09:30,21.17999,21.46001,20.55,21.10001,76629680
1236605400,2009-03-09 09:30,20.82001,21.32001,20.63,20.69,67052368
1236691800,2009-03-10 09:30,21.58,22.39,21.50999,22.37,92650944
1236778200,2009-03-11 09:30,22.53999,22.7,22.03,22.37,73894432
1236864600,2009-03-12 09:30,22.28,23.28,22.19,23.23,77711376
1236951000,2009-03-13 09:30,23.41,23.49001,22.8667,23.36,67993632
1237210200,2009-03-16 09:30,23.73,24,23.35001,23.38,58546240
1237296600,2009-03-17 09:30,23.32001,23.89,23.14999,23.89,61653792
1237383000,2009-03-18 09:30,23.64,24.50999,23.28,24.39,80664560
1237469400,2009-03-19 09:30,24.67,24.74001,24.12,24.23,95862816
1237555800,2009-03-20 09:30,24.16,24.36,23.82001,23.89999,68480192
1237815000,2009-03-23 09:30,24.96001,26.14999,24.91,26.11,135861008
1237901400,2009-03-24 09:30,25.42999,25.8,25.22,25.3,101955632
1237987800,2009-03-25 09:30,25.53,26.13,25.17,25.67999,111157008
1238074200,2009-03-26 09:30,26.25999,26.48,25.98,26.38,76717008
1238160600,2009-03-27 09:30,25.81,25.84,25.425,25.60001,98453120
1238419800,2009-03-30 09:30,24.53,24.53999,24.07001,24.28,78970560
1238506200,2009-03-31 09:30,24.97,25.2,24.67,24.81,83243808
1238592600,2009-04-01 09:30,24.8,25.71001,24.72,25.63,62564144
1238679000,2009-04-02 09:30,26.59,27.41,26.558,27.02,106963376
1238765400,2009-04-03 09:30,26.84,27.42,26.74001,27.35001,75873440
1239024600,2009-04-06 09:30,27.06,27.11,26.56,27.00999,71267936
1239111000,2009-04-07 09:30,26.53999,26.7225,26.34,26.39,45654368
1239197400,2009-04-08 09:30,26.60001,27,26.41,26.78,48555696
1239283800,2009-04-09 09:30,27.67999,27.97,27.63,27.95,90146688
1239629400,2009-04-13 09:30,27.88,28.255,27.64,28.12,52646592
1239715800,2009-04-14 09:30,27.95,28.22,27.61,27.67,59826064
1239802200,2009-04-15 09:30,27.75,28.08,27.58,28.07001,54943440
1239888600,2009-04-16 09:30,28.22,28.5,27.87,28.31,81079504
1239975000,2009-04-17 09:30,28.25999,28.34,27.97,28.11,53672416
1240234200,2009-04-20 09:30,27.39,27.39999,26.71001,26.74001,81305680
1240320600,2009-04-21 09:30,26.67,27.38,26.49001,27.31,78959056
1240407000,2009-04-22 09:30,26.89999,27.60001,26.85001,27.08,49026944
1240493400,2009-04-23 09:30,27.46001,27.56,27.10001,27.5,60315488
1240579800,2009-04-24 09:30,27.92999,28.16499,27.75999,28.02,55511472
1240839000,2009-04-27 09:30,27.2,27.5,26.91,27.08,63329520
1240925400,2009-04-28 09:30,26.52,27.24001,26.5,26.99001,47904304
1241011800,2009-04-29 09:30,27.74001,28.66,27.64999,28.41,74378944
1241098200,2009-04-30 09:30,28.95,29.03,28.42999,28.67,98172128
1241184600,2009-05-01 09:30,28.71001,29.31,28.58,29.09,57110320
1241443800,2009-05-04 09:30,29.95,32.05,29.85001,31.10001,98250368
1241530200,2009-05-05 09:30,30.86,30.89,30.47,30.82001,68791568
1241616600,2009-05-06 09:30,31.27,31.60001,30.89,31.349,73781312
1241703000,2009-05-07 09:30,31.78999,31.81,30.33,30.57001,75759376
1241789400,2009-05-08 09:30,31.28,31.69,30.92999,31.59,75767632
1242048600,2009-05-11 09:30,31,31.16,30.64999,30.85001,58826848
1242135000,2009-05-12 09:30,31.35001,31.42,30.67,31.07001,49687008
1242221400,2009-05-13 09:30,30.36,30.44,29.83,29.92999,67085440
1242307800,2009-05-14 09:30,29.81,30.55,29.78,30.36,44896480
1242394200,2009-05-15 09:30,30.38,30.63,29.85001,30.08,53304880
1242653400,2009-05-18 09:30,31.09,31.86,31,31.75,74265568
1242739800,2009-05-19 09:30,31.87,32.45,31.74001,32.11,73776256
1242826200,2009-05-20 09:30,32.49001,32.91,32.09,32.21001,77054880
1242912600,2009-05-21 09:30,31.61,31.78999,31.23,31.61,63183488
1242999000,2009-05-22 09:30,31.69,32.08,31.58,31.75,44242400
1243344600,2009-05-26 09:30,31.25,32.2,30.97,32.13,67058432
1243431000,2009-05-27 09:30,32.49001,32.63,31.74001,31.75999,98045680
1243517400,2009-05-28 09:30,32.28999,32.825,32.02,32.74001,69978128
1243603800,2009-05-29 09:30,33.27,33.41,32.88,33.24001,70410496
1243863000,2009-06-01 09:30,34.25999,34.89,34.10001,34.64,75200752
1243949400,2009-06-02 09:30,34.23,34.46001,33.9583,34.14,100628496
1244035800,2009-06-03 09:30,33.63,33.75,32.49001,32.92999,108757744
1244122200,2009-06-04 09:30,33.17999,33.64999,30.78,33.53999,71568064
1244208600,2009-06-05 09:30,34.16,34.17,33.13,33.61,71692624
1244467800,2009-06-08 09:30,32.88,33.37,32.595,33.09,64025648
1244554200,2009-06-09 09:30,33.3,33.35001,32.69141,33.14999,62174928
1244640600,2009-06-10 09:30,33.91,33.95,33.10001,33.56799,60048144
1244727000,2009-06-11 09:30,33.73,34.60001,33.69,34.28999,68831504
1244813400,2009-06-12 09:30,33.82001,33.87,33.39999,33.74001,55824448
1245072600,2009-06-15 09:30,33.08,33.10001,32.17999,32.53,75791008
1245159000,2009-06-16 09:30,32.7,32.88,31.92,32.03999,71535872
1245245400,2009-06-17 09:30,31.78999,32.00999,31.33,31.67999,94096000
1245331800,2009-06-18 09:30,31.55,31.88,31.35001,31.59,62573280
1245418200,2009-06-19 09:30,32.02,32.07001,31.67,31.75,60688496
1245677400,2009-06-22 09:30,31.31,31.39,30.58,30.60001,80991808
1245763800,2009-06-23 09:30,30.56,30.64999,30.12,30.55,87109184
1245850200,2009-06-24 09:30,31.36,31.69,31,31.22,80958560
1245936600,2009-06-25 09:30,31.02,32.14999,31.00999,32.14999,83275008
1246023000,2009-06-26 09:30,32.16,32.48,32.06,32.32001,64987872
1246282200,2009-06-29 09:30,32.61,32.66,32.23,32.56,52786816
1246368600,2009-06-30 09:30,32.53,32.67,32,32.23,92033504
1246455000,2009-07-01 09:30,32.92,33.2,32.74001,32.82001,83474816
1246541400,2009-07-02 09:30,32.25999,32.28,31.87,31.92,59914224
1246887000,2009-07-06 09:30,31.47,31.89999,31.22,31.85001,52120320
1246973400,2009-07-07 09:30,31.8,31.87,31.08,31.10001,68787056
1247059800,2009-07-08 09:30,31.22,31.31,30.25,30.74001,92051504
1247146200,2009-07-09 09:30,31.39,31.55,31.06,31.291,64759200
1247232600,2009-07-10 09:30,30.87,31.06,30.58,30.92,74323312
1247491800,2009-07-13 09:30,30.73,31.3,30.295,31.14,70112064
1247578200,2009-07-14 09:30,31.52,31.64,31.17,31.48,41729616
1247664600,2009-07-15 09:30,32.42,33.21049,32.37,33.17,91648000
1247751000,2009-07-16 09:30,32.98,33.46001,32.72,33.23,63990800
1247837400,2009-07-17 09:30,33.33,33.64999,33.14,33.57001,56902464
1248096600,2009-07-20 09:30,34.39,34.77,34.28999,34.77,68490688
1248183000,2009-07-21 09:30,34.95,34.97,34.13,34.66499,68862880
1248269400,2009-07-22 09:30,34.17999,34.89,34.16,34.59,69406624
1248355800,2009-07-23 09:30,34.84,35.78,34.77,35.57001,79876752
1248442200,2009-07-24 09:30,35.2,35.42999,34.92999,35.39999,49266048
1248701400,2009-07-27 09:30,35.55,35.75,35.19,35.71001,42828208
1248787800,2009-07-28 09:30,35.39999,35.645,35.03999,35.55,53861088
1248874200,2009-07-29 09:30,35.11,35.13,34.53,34.75,53107584
1248960600,2009-07-30 09:30,35.73,36.02,35.57001,35.61,90263680
1249047000,2009-07-31 09:30,35.84,36.05,35.52,35.78,119533744
1249306200,2009-08-03 09:30,36.74001,37.19,36.57001,37.12,78103008
1249392600,2009-08-04 09:30,36.55,36.99001,36.48,36.78,53355824
1249479000,2009-08-05 09:30,36.48,36.62,35.92,36.47,47802272
1249565400,2009-08-06 09:30,36.66,36.71001,35.78999,36.17,53347696
1249651800,2009-08-07 09:30,36.50999,36.75,36.19,36.53,57771568
1249911000,2009-08-10 09:30,36.22,36.33,35.81,36.12,61357056
1249997400,2009-08-11 09:30,35.82001,35.84,35.2168,35.44,70127504
1250083800,2009-08-12 09:30,35.31,36,35.28999,35.75999,64543216
1250170200,2009-08-13 09:30,36.36,36.39,35.81,36.38,67566432
1250256600,2009-08-14 09:30,36.33,36.37,35.55,35.72,52593584
1250515800,2009-08-17 09:30,34.47,34.545,34.13,34.32001,105003056
1250602200,2009-08-18 09:30,34.77,35.09,34.67,35.07001,67454880
1250688600,2009-08-19 09:30,34.38,35.25011,34.28,35.16,67895440
1250775000,2009-08-20 09:30,35.25999,35.83501,35.17999,35.77,71353056
1250861400,2009-08-21 09:30,36.11,36.42999,35.97,36.31,81207808
1251120600,2009-08-24 09:30,36.71001,36.91,36.33,36.47,58466976
1251207000,2009-08-25 09:30,36.73,37,36.37,36.39,61418864
1251293400,2009-08-26 09:30,36.21001,36.38,35.99001,36.28,57205936
1251379800,2009-08-27 09:30,36.05,36.28,35.53,36.21001,59720304
1251466200,2009-08-28 09:30,36.42,36.48,35.82001,36.02,51683504
1251725400,2009-08-31 09:30,35.41,35.44,35.19,35.31,72352688
1251811800,2009-09-01 09:30,35.39999,35.87,34.61,34.64,95728624
1251898200,2009-09-02 09:30,34.69,35.1604,34.64,35.00999,68405184
1251984600,2009-09-03 09:30,35.52,35.74001,35.19,35.71001,53726384
1252071000,2009-09-04 09:30,35.97,36.44,35.67,36.39999,58978208
1252416600,2009-09-08 09:30,37.03,37.21001,36.97,37.14999,59866320
1252503000,2009-09-09 09:30,37.3,37.59,37.11,37.35001,67098320
1252589400,2009-09-10 09:30,37.37,37.87,35.53149,37.84,58468832
1252675800,2009-09-11 09:30,37.98,38.17,37.61,37.86,45286752
1252935000,2009-09-14 09:30,37.31,37.8,37.25999,37.72,36751360
1253021400,2009-09-15 09:30,37.78,38.2,37.64999,38.17,61604416
1253107800,2009-09-16 09:30,38.73,42,38.53,39.13,80170432
1253194200,2009-09-17 09:30,39.03,39.35001,38.74001,38.92,76626688
1253280600,2009-09-18 09:30,39.11,39.14999,38.84,39.03,66818944
1253539800,2009-09-21 09:30,38.50999,38.77,38.14999,38.69,78144496
1253626200,2009-09-22 09:30,39.21001,39.36,38.95,39.28,46286624
1253712600,2009-09-23 09:30,39.21001,39.50999,38.69,38.69,72559744
1253799000,2009-09-24 09:30,38.83,38.89999,37.7,37.92999,93478496
1253885400,2009-09-25 09:30,37.92999,38.28,37.85001,38.09,61307168
1254144600,2009-09-28 09:30,38.19,38.83,38.12,38.58,52269008
1254231000,2009-09-29 09:30,38.78,38.89999,38.414,38.66901,42195632
1254317400,2009-09-30 09:30,38.97,39.32001,38.39999,38.91,147151120
1254403800,2009-10-01 09:30,38.81,38.87,37.785,37.85001,107070752
1254490200,2009-10-02 09:30,37.38,37.98,37.3,37.86,73685120
1254749400,2009-10-05 09:30,38.2097,38.85001,38.00999,38.74001,73829248
1254835800,2009-10-06 09:30,39.14,39.77499,39.06,39.38,80647872
1254922200,2009-10-07 09:30,39.25999,39.41,38.98,39.34,51404496
1255008600,2009-10-08 09:30,39.67999,39.96001,39.41,39.82001,62070224
1255095000,2009-10-09 09:30,39.8,39.96001,39.675,39.85001,54137648
1255354200,2009-10-12 09:30,40.12,40.38,39.985,40.17999,38016672
1255440600,2009-10-13 09:30,40.10001,40.33,39.75,40.25,58377968
1255527000,2009-10-14 09:30,41.08,41.55,40.95,41.55,96045808
1255613400,2009-10-15 09:30,41.11,41.42,41.02,41.32001,72497312
1255699800,2009-10-16 09:30,40.69,40.92,40.35001,40.75,72392816
1255959000,2009-10-19 09:30,41.09,41.60001,40.91,41.53,60428800
1256045400,2009-10-20 09:30,41.31,41.32001,40.57001,40.98,84293568
1256131800,2009-10-21 09:30,40.78999,41.55,40.74001,40.75999,74519376
1256218200,2009-10-22 09:30,40.7,41.24001,40.3,41.10001,71025008
1256304600,2009-10-23 09:30,41.36,41.42999,40.55,40.75999,73931936
1256563800,2009-10-26 09:30,41.10001,41.42999,40.16,40.25,79281808
1256650200,2009-10-27 09:30,40.25999,40.32001,39.55,39.55,95899872
1256736600,2009-10-28 09:30,39.14,39.14,37.64999,37.74001,169931120
1256823000,2009-10-29 09:30,38.39999,39.52,38.39999,39.41,99432880
1256909400,2009-10-30 09:30,39.07001,39.10001,37.32001,37.57001,222484064
1257172200,2009-11-02 09:30,38.13,38.69,37.48,38.13,137965568
1257258600,2009-11-03 09:30,37.44,38.32001,37.39999,38.19,71908624
1257345000,2009-11-04 09:30,39.03999,39.401,38.63,38.89999,95723744
1257431400,2009-11-05 09:30,39.17999,39.71001,38.99001,39.7,75485680
1257517800,2009-11-06 09:30,39.31,39.87,39.21001,39.64999,58870176
1257777000,2009-11-09 09:30,40.37,41.16,40.36,41.11,106762880
1257863400,2009-11-10 09:30,40.67,41.13,40.61,40.92,62719552
1257949800,2009-11-11 09:30,41.49001,41.63,40.98,41.27,69184320
1258036200,2009-11-12 09:30,40.97,41.17999,40.28,40.35001,75714816
1258122600,2009-11-13 09:30,40.61,41.17,40.42999,41.03999,70030880
1258381800,2009-11-16 09:30,41.63,42.24001,41.61,42.07001,101093504
1258468200,2009-11-17 09:30,41.64999,41.92,41.37,41.92,49649424
1258554600,2009-11-18 09:30,41.89999,41.97,41.46001,41.59,46361840
1258641000,2009-11-19 09:30,41.14,41.14,40.45,40.82001,119413312
1258727400,2009-11-20 09:30,40.60001,40.82001,40.39,40.64999,66354752
1258986600,2009-11-23 09:30,41.55,41.86,41.32001,41.5,62387008
1259073000,2009-11-24 09:30,41.2,41.31,40.78999,41.27,71683632
1259159400,2009-11-25 09:30,41.48,41.78999,41.24001,41.75,56185104
1259332200,2009-11-27 09:30,39.77,40.64999,39.28999,40.13,105903504
1259591400,2009-11-30 09:30,40.46001,40.62,40.07001,40.52,102170752
1259677800,2009-12-01 09:30,41.34,41.83,41.3,41.67999,88990368
1259764200,2009-12-02 09:30,41.72,42.16,41.67999,41.85001,64268592
1259850600,2009-12-03 09:30,42.09,42.31,41.39,41.46001,65365152
1259937000,2009-12-04 09:30,42.27,42.52,41.3,41.84,108672368
1260196200,2009-12-07 09:30,41.57001,41.91,41.45,41.48,78380368
1260282600,2009-12-08 09:30,41.07001,41.09,40.60001,40.71001,76094944
1260369000,2009-12-09 09:30,40.77,41,40.50999,40.96001,62356176
1260455400,2009-12-10 09:30,41.17,41.35001,40.92,41.2,43126048
1260541800,2009-12-11 09:30,41.39999,41.44,41.09,41.35001,41519616
1260801000,2009-12-14 09:30,41.55,41.7,41.38,41.63,54210720
1260887400,2009-12-15 09:30,41.17999,41.57001,41.14999,41.2,47036128
1260973800,2009-12-16 09:30,41.50999,41.83569,41.3,41.44,45983808
1261060200,2009-12-17 09:30,40.7,40.77,40.24001,40.25,77317744
1261146600,2009-12-18 09:30,40.39,40.5,40,40.36,61829888
1261405800,2009-12-21 09:30,40.48,40.73,40.265,40.31,54924784
1261492200,2009-12-22 09:30,40.14999,40.39,40.09,40.39,61634320
1261578600,2009-12-23 09:30,40.67,40.9565,40.39999,40.78999,48972448
1261665000,2009-12-24 09:30,41.13,41.23,41,41.2,19694768
1262010600,2009-12-28 09:30,41.47,41.50999,41.14999,41.34,27344640
1262097000,2009-12-29 09:30,41.42,41.44,41.12,41.17999,31570496
1262183400,2009-12-30 09:30,41.23,41.37,41.13,41.36,30589136
1262269800,2009-12-31 09:30,41.63,41.75999,41.39,41.5,36506576
1262615400,2010-01-04 09:30,42.17999,42.74001,42.16,42.71001,70764944
1262701800,2010-01-05 09:30,42.91,43.17,42.75999,43.02,50199056
1262788200,2010-01-06 09:30,43.08,43.295,43.00999,43.11,50670656
1262874600,2010-01-07 09:30,42.85001,42.98,42.62,42.86,41803888
1262961000,2010-01-08 09:30,42.88,43.22,42.74001,43.2,41121648
1263220200,2010-01-11 09:30,43.45,43.47,42.89999,43.11,42549248
1263306600,2010-01-12 09:30,42.61,42.7,42.2,42.42,65902560
1263393000,2010-01-13 09:30,42.59,42.7,42.14999,42.55,48040176
1263479400,2010-01-14 09:30,42.52,42.62,42.37,42.44,52894272
1263565800,2010-01-15 09:30,42.32001,42.37959,41.83,41.9493,76689376
1263911400,2010-01-19 09:30,42.08,42.8,42.07001,42.8,57600928
1263997800,2010-01-20 09:30,42.11,42.11,41.42999,41.77,78940192
1264084200,2010-01-21 09:30,41.55,41.67999,40.48,40.50751,116104256
1264170600,2010-01-22 09:30,40.21989,40.35001,39.53,39.61,108174432
1264429800,2010-01-25 09:30,40.13,40.32001,39.66499,39.89999,86171056
1264516200,2010-01-26 09:30,39.13,39.60001,35.81,39.07001,89834880
1264602600,2010-01-27 09:30,38.78999,39.1167,38.38,38.97,91626368
1264689000,2010-01-28 09:30,39.32001,39.48,38.36,38.7,98092256
1264775400,2010-01-29 09:30,39.14999,39.25999,38.08,38.28,151728320
1265034600,2010-02-01 09:30,38.64,39.35001,38.61,39.31,81928064
1265121000,2010-02-02 09:30,39.39,39.71001,39.02,39.63,91743680
1265207400,2010-02-03 09:30,39.64,39.8201,39.27,39.39999,64330368
1265293800,2010-02-04 09:30,38.75,38.8,37.60001,37.62,131791440
1265380200,2010-02-05 09:30,37.28999,37.39999,36.17999,37.2,165909248
1265639400,2010-02-08 09:30,37.17999,37.48,36.82001,36.83,78752368
1265725800,2010-02-09 09:30,37.73,38.37,37.42999,38.03,133343632
1265812200,2010-02-10 09:30,38.03999,38.285,37.50999,37.92999,84650624
1265898600,2010-02-11 09:30,38.19,38.97,37.87,38.92999,90210752
1265985000,2010-02-12 09:30,38.14,38.58,37.87,38.44,63053280
1266330600,2010-02-16 09:30,39.02,39.46001,38.75,39.42999,73199312
1266417000,2010-02-17 09:30,39.73,39.75999,39.325,39.57001,63633248
1266503400,2010-02-18 09:30,39.25999,39.86,39.2,39.72,61597568
1266589800,2010-02-19 09:30,39.27,39.63,39.16,39.38,77266752
1266849000,2010-02-22 09:30,39.62,39.64,39.3,39.42999,56448640
1266935400,2010-02-23 09:30,39.21001,39.42999,38.49001,38.52,103220688
1267021800,2010-02-24 09:30,38.77499,39.07001,38.55,38.89,73043872
1267108200,2010-02-25 09:30,37.97,38.64,37.75999,38.57001,73642432
1267194600,2010-02-26 09:30,38.61,39.03999,38.37,38.96001,65728320
1267453800,2010-03-01 09:30,39.42999,39.73,39.33,39.62,73148000
1267540200,2010-03-02 09:30,40.02,40.3,39.85001,40.06599,66354880
1267626600,2010-03-03 09:30,40.28,40.62,39.97,40.12,68780624
1267713000,2010-03-04 09:30,40.14999,40.2,39.66,39.91,61072768
1267799400,2010-03-05 09:30,40.46001,40.95,40.31,40.95,78181184
1268058600,2010-03-08 09:30,41.03999,41.19,40.92,40.98,56723920
1268145000,2010-03-09 09:30,40.8,41.39999,40.78999,41.21001,66759744
1268231400,2010-03-10 09:30,41.3,41.67,41.21001,41.5,73994496
1268317800,2010-03-11 09:30,41.25999,41.55,41.03999,41.50999,42420160
1268404200,2010-03-12 09:30,41.7,41.71001,41.25,41.37,48950080
1268659800,2010-03-15 09:30,41.13,41.24001,40.8105,41.07001,43560736
1268746200,2010-03-16 09:30,41.21001,41.62,41.05,41.60001,58416960
1268832600,2010-03-17 09:30,42.00999,42.2525,41.87,42.05,72018320
1268919000,2010-03-18 09:30,41.97,42.03,41.53,41.73,73867808
1269005400,2010-03-19 09:30,41.8,41.87,41.13,41.19,65993872
1269264600,2010-03-22 09:30,40.77,41.38,40.67,41.34,57583392
1269351000,2010-03-23 09:30,41.39,41.66071,41.2,41.63,50537904
1269437400,2010-03-24 09:30,41.19,41.36,41.00999,41.00999,65085360
1269523800,2010-03-25 09:30,41.35001,41.5,40.82001,40.89999,72398000
1269610200,2010-03-26 09:30,41.24001,41.388,40.75,41.10001,69798816
1269869400,2010-03-29 09:30,41.53,41.86,41.435,41.84,57964368
1269955800,2010-03-30 09:30,41.94,42.12,41.72,42,50328208
1270042200,2010-03-31 09:30,41.86,42.23,41.84,42.1225,52859264
1270128600,2010-04-01 09:30,42.74001,43.22,42.74001,43.22,96283376
1270474200,2010-04-05 09:30,43.44,43.75,43.34,43.61,63637664
1270560600,2010-04-06 09:30,43.44,43.84,43.41,43.74001,42926832
1270647000,2010-04-07 09:30,43.56,43.67,43.13,43.36,55642992
1270733400,2010-04-08 09:30,43.07001,43.56,42.86,43.5125,52083136
1270819800,2010-04-09 09:30,43.60001,46.6599,43.53,43.78,46650912
1271079000,2010-04-12 09:30,43.45,43.67,43.42999,43.42999,43559728
1271165400,2010-04-13 09:30,43.31,43.39,42.91,43.34,47073264
1271251800,2010-04-14 09:30,43.78999,44.02,43.59,43.98,42957936
1271338200,2010-04-15 09:30,43.7,43.98,43.64999,43.74001,43464352
1271424600,2010-04-16 09:30,43.25,43.32001,42.27,42.46001,142490000
1271683800,2010-04-19 09:30,41.96001,42.38,41.64999,42.28999,89439184
1271770200,2010-04-20 09:30,42.67,42.86,42.45,42.78999,63886144
1271856600,2010-04-21 09:30,42.71001,42.77,42.25999,42.64999,64145344
1271943000,2010-04-22 09:30,42.27,42.87,41.99001,42.83,72789808
1272029400,2010-04-23 09:30,42.69,43.11,42.49001,43.06,64726144
1272288600,2010-04-26 09:30,43.33,43.39999,42.99001,43.06,46317456
1272375000,2010-04-27 09:30,42.58,42.67999,41.42999,41.515,132888368
1272461400,2010-04-28 09:30,42.00999,42.06,41.28999,41.87,68982560
1272547800,2010-04-29 09:30,42.25999,42.61,42.16,42.56,69913936
1272634200,2010-04-30 09:30,42.53999,42.69,42.00999,42.05,77534320
1272893400,2010-05-03 09:30,42.19,42.42,41.89999,42.28,47652784
1272979800,2010-05-04 09:30,41.38,41.41,40.23,40.34,159998816
1273066200,2010-05-05 09:30,39.5808,40.25999,39.23,39.61,131996624
1273152600,2010-05-06 09:30,39.31,39.75999,36.58,37.9901,225062320
1273239000,2010-05-07 09:30,38.36,38.84,37.25,38.19,191271008
1273498200,2010-05-10 09:30,40.63,41.03,40.39,40.94,187921312
1273584600,2010-05-11 09:30,40,40.8,39.89999,40.2,119869872
1273671000,2010-05-12 09:30,40.53999,40.77,40.39999,40.7,73936752
1273757400,2010-05-13 09:30,40.7,40.92999,40.28999,40.32001,71630128
1273843800,2010-05-14 09:30,40.03,40.06,39.10001,39.49001,113085248
1274103000,2010-05-17 09:30,39.39999,39.67,38.39999,39.25,101715120
1274189400,2010-05-18 09:30,39.64,39.78999,38.3,38.42751,113550320
1274275800,2010-05-19 09:30,37.89999,38.3,37.36,38.06,129639872
1274362200,2010-05-20 09:30,36.61,37.06,36,36.16499,174383440
1274448600,2010-05-21 09:30,35.71001,37.38,35.67,37.34,169454496
1274707800,2010-05-24 09:30,37.37,37.63,36.89999,36.95,90942192
1274794200,2010-05-25 09:30,35.47,36.61,35.21001,36.55,144259008
1274880600,2010-05-26 09:30,36.92999,37.51891,36.44,36.53,128281872
1274967000,2010-05-27 09:30,37.96001,38.81,37.67999,38.74001,147183568
1275053400,2010-05-28 09:30,38.52,38.59,37.92,38.10001,113229376
1275399000,2010-06-01 09:30,37.71001,38.42999,37.38,37.405,91072064
1275485400,2010-06-02 09:30,37.83,38.74001,37.63,38.71001,103745008
1275571800,2010-06-03 09:30,38.96001,39.00999,38.08,38.57001,70471376
1275658200,2010-06-04 09:30,37.74001,38.12,37.09,37.2,108944944
1275917400,2010-06-07 09:30,37.34,37.5,36.59,36.62,82133632
1276003800,2010-06-08 09:30,37.03,37.50999,36.58,37.46001,108437936
1276090200,2010-06-09 09:30,37.62,38.12,37.06,37.25999,87950000
1276176600,2010-06-10 09:30,38.03999,38.61,37.98,38.56,92861744
1276263000,2010-06-11 09:30,38,38.78999,37.99001,38.75999,66499248
1276522200,2010-06-14 09:30,39.24001,39.5,38.67,38.77,83991872
1276608600,2010-06-15 09:30,39.2,39.99001,39.05,39.94,96497808
1276695000,2010-06-16 09:30,39.50999,40.12,39.45,39.94,63909808
1276781400,2010-06-17 09:30,40.05,40.06,39.41,39.74001,68660688
1276867800,2010-06-18 09:30,39.91,40.13,39.69,39.92,64640320
1277127000,2010-06-21 09:30,40.96001,41.13,40.3,40.61,96723808
1277213400,2010-06-22 09:30,40.53,40.73,39.73,39.83,100336560
1277299800,2010-06-23 09:30,39.85001,39.88,39.25,39.67,93969376
1277386200,2010-06-24 09:30,39.49001,39.49001,38.82001,38.97,82636192
1277472600,2010-06-25 09:30,39.08,39.53,38.77,39.42999,60658032
1277731800,2010-06-28 09:30,39.39999,39.5,39.03,39.16,36245168
1277818200,2010-06-29 09:30,38.10001,38.14,37.39999,37.57001,120424368
1277904600,2010-06-30 09:30,37.75999,38.10001,37.21809,37.32001,84176688
1277991000,2010-07-01 09:30,37.5,37.64,36.75999,37.59,113346944
1278077400,2010-07-02 09:30,37.69991,37.96001,37.42999,37.75,63854736
1278423000,2010-07-06 09:30,38.72,39.03999,38.06,38.45,76516880
1278509400,2010-07-07 09:30,38.39999,39.31,38.36,39.3,68038000
1278595800,2010-07-08 09:30,39.37,39.53,38.98,39.49001,60958624
1278682200,2010-07-09 09:30,39.52,40.00999,39.46001,39.97501,43779168
1278941400,2010-07-12 09:30,39.81,40.03999,39.47,39.64999,53211568
1279027800,2010-07-13 09:30,39.99001,40.24001,39.89,40.11,52194768
1279114200,2010-07-14 09:30,39.85001,40.14,39.71001,40.03,46617904
1279200600,2010-07-15 09:30,39.85001,39.92999,39.35001,39.84,66745376
1279287000,2010-07-16 09:30,39.50999,39.50999,38.58,38.64999,99497440
1279546200,2010-07-19 09:30,39.02,39.25,38.75,39.16,46717776
1279632600,2010-07-20 09:30,38.89999,40.14,38.88,40.08,92259936
1279719000,2010-07-21 09:30,40.25,40.28,39.48,39.67,66007376
1279805400,2010-07-22 09:30,40.36,40.94,40.32001,40.87,74054496
1279891800,2010-07-23 09:30,40.75999,41.19,40.49001,41.14999,65676192
1280151000,2010-07-26 09:30,41.07001,41.47,40.91,41.42999,64847360
1280237400,2010-07-27 09:30,41.66,41.71001,41.14999,41.36,63763664
1280323800,2010-07-28 09:30,41.11,41.38,40.98,41.13,43131376
1280410200,2010-07-29 09:30,41.56,41.64999,40.89,41.2,49964688
1280496600,2010-07-30 09:30,40.89,41.53,40.75999,41.39999,54277376
1280755800,2010-08-02 09:30,42.17999,42.59,42.07001,42.47501,69629504
1280842200,2010-08-03 09:30,42.14,42.42999,41.92999,42.27,60210656
1280928600,2010-08-04 09:30,42.28,42.42999,42,42.33,55875808
1281015000,2010-08-05 09:30,42.02,42.2,41.87,42.14,43650512
1281101400,2010-08-06 09:30,41.86,42.19,41.60001,42.08,65732256
1281360600,2010-08-09 09:30,42.36,42.39,42.16,42.3,27051920
1281447000,2010-08-10 09:30,41.56,41.99001,41.42,41.72,68741248
1281533400,2010-08-11 09:30,40.85001,40.85001,40.32001,40.39,92786128
1281619800,2010-08-12 09:30,40.00999,40.58,39.97,40.46001,43920672
1281706200,2010-08-13 09:30,40.63,40.82001,40.50999,40.67999,28674880
1281965400,2010-08-16 09:30,40.66,41.10001,40.56,41.06,34651920
1282051800,2010-08-17 09:30,41.47,41.72,41.31,41.49001,39415856
1282138200,2010-08-18 09:30,41.39999,41.67,41.19501,41.46001,38009424
1282224600,2010-08-19 09:30,41.47,41.59,40.88,41.14,56729200
1282311000,2010-08-20 09:30,40.99001,41.05,40.69,41.02,54134848
1282570200,2010-08-23 09:30,41.12,41.25999,40.63,40.64999,44772720
1282656600,2010-08-24 09:30,40.17,40.33,39.81,40.13,80718496
1282743000,2010-08-25 09:30,39.72,40.03,39.31,39.87,89915936
1282829400,2010-08-26 09:30,40.08,40.25,39.56,39.62,59972928
1282915800,2010-08-27 09:30,40,40.5,39.57001,40.49001,77006880
1283175000,2010-08-30 09:30,40.24001,40.42,39.81,39.82001,48060672
1283261400,2010-08-31 09:30,39.845,40.22,39.73,40.06,72406816
1283347800,2010-09-01 09:30,40.78999,41.49001,40.75999,41.47,83436816
1283434200,2010-09-02 09:30,41.39,41.62,41.25,41.53999,47355104
1283520600,2010-09-03 09:30,42.03999,42.17,41.80949,42.03,48716896
1283866200,2010-09-07 09:30,41.77,41.8,41.39999,41.42,45214640
1283952600,2010-09-08 09:30,41.73,42.03999,41.66,41.868,40613472
1284039000,2010-09-09 09:30,42.31,42.34,41.89999,42.112,34925296
1284125400,2010-09-10 09:30,42.12,42.34,42.07001,42.25999,33236848
1284384600,2010-09-13 09:30,43.07001,43.32001,43.03,43.27,63310384
1284471000,2010-09-14 09:30,43.14999,43.53,42.98,43.25,65154032
1284557400,2010-09-15 09:30,43.09,43.34,42.97,43.31,41108128
1284643800,2010-09-16 09:30,42.97,43.17,42.92999,43.09,36080592
1284730200,2010-09-17 09:30,43.28999,43.31,42.96001,43.02,40118048
1284989400,2010-09-20 09:30,43.33,43.75,43.19,43.7,53864464
1285075800,2010-09-21 09:30,43.72,43.82001,43.31,43.57001,54263408
1285162200,2010-09-22 09:30,43.64999,43.91,43.47501,43.60001,45586800
1285248600,2010-09-23 09:30,43.33,43.77,43.21001,43.32001,62060208
1285335000,2010-09-24 09:30,43.85001,44.14999,43.85001,44.12,57929728
1285594200,2010-09-27 09:30,44.09,44.22,43.97,44.03751,40319456
1285680600,2010-09-28 09:30,44.10001,44.44,43.74001,44.36,50013424
1285767000,2010-09-29 09:30,44.39,44.71001,44.32001,44.50999,58311552
1285853400,2010-09-30 09:30,44.83,44.99001,44.45,44.77,60499168
1285939800,2010-10-01 09:30,45.25,45.5,45.10001,45.42999,69689680
1286199000,2010-10-04 09:30,45.39999,45.50999,45.08,45.28999,49856512
1286285400,2010-10-05 09:30,45.63,46.2,45.57001,46.11,76615744
1286371800,2010-10-06 09:30,46.10001,46.23,46,46.09,50341088
1286458200,2010-10-07 09:30,46.19,46.2,45.45,45.67999,49224960
1286544600,2010-10-08 09:30,45.64999,46.3,45.55,46.23,54002864
1286803800,2010-10-11 09:30,46.14999,46.28999,46.03,46.2,32414400
1286890200,2010-10-12 09:30,45.78999,46.11,45.53,46.00999,63621472
1286976600,2010-10-13 09:30,46.53999,47.00999,46.53,46.855,69189744
1287063000,2010-10-14 09:30,46.82001,46.99001,46.53999,46.77499,50758592
1287149400,2010-10-15 09:30,47.02,47.03,46.38,46.72,83974496
1287408600,2010-10-18 09:30,46.36,46.8,46.285,46.74001,51898272
1287495000,2010-10-19 09:30,45.67999,45.83,45.08,45.25999,90104496
1287581400,2010-10-20 09:30,45.64,46.28,45.60001,45.98,62292176
1287667800,2010-10-21 09:30,46.24001,46.5,45.49001,45.98,85422368
1287754200,2010-10-22 09:30,46.17,46.21001,45.87691,46.03,42843520
1288013400,2010-10-25 09:30,46.59,46.89,46.5,46.53,53950832
1288099800,2010-10-26 09:30,46.23,46.56,46.09,46.49001,36715584
1288186200,2010-10-27 09:30,45.83,45.83,45.27,45.7,70443056
1288272600,2010-10-28 09:30,46.12,46.16,45.75,45.99001,45927360
1288359000,2010-10-29 09:30,45.91,46.13,45.83,46.12,38057616
1288618200,2010-11-01 09:30,46.59,46.87,46.38,46.63,47367040
1288704600,2010-11-02 09:30,47.05,47.25,46.95,47.205,48355808
1288791000,2010-11-03 09:30,47.32001,47.53,46.74001,47.5,94128432
1288877400,2010-11-04 09:30,48.22,48.58,48.17,48.58,83569376
1288963800,2010-11-05 09:30,48.33,48.60001,48.28999,48.49001,53781568
1289226600,2010-11-08 09:30,48.10989,48.33,47.99001,48.295,37107504
1289313000,2010-11-09 09:30,48.53,48.62,47.52,47.67999,55352368
1289399400,2010-11-10 09:30,47.94,48.11,47.3701,48.03,66304816
1289485800,2010-11-11 09:30,47.56,47.60001,47.3,47.56,48410336
1289572200,2010-11-12 09:30,46.89,47.13,46.22,46.41,88811872
1289831400,2010-11-15 09:30,46.64,46.88,46.36,46.39,48594528
1289917800,2010-11-16 09:30,45.91,45.96001,45.02,45.1675,136590496
1290004200,2010-11-17 09:30,45.32001,45.64,45.23,45.39999,80353872
1290090600,2010-11-18 09:30,46.27,46.57001,46.24001,46.48,77990192
1290177000,2010-11-19 09:30,46.25999,46.55,45.98,46.50999,48175120
1290436200,2010-11-22 09:30,46.27,46.58,45.83,46.37,46794896
1290522600,2010-11-23 09:30,45.14999,45.24001,44.8,44.89999,86771248
1290609000,2010-11-24 09:30,45.63,45.955,45.57001,45.935,63287728
1290781800,2010-11-26 09:30,45.015,45.25,44.8,44.92999,60387072
1291041000,2010-11-29 09:30,44.96001,45.23,44.50999,45.14999,80430256
1291127400,2010-11-30 09:30,44.62,45.14999,44.53,44.78,78843056
1291213800,2010-12-01 09:30,45.89999,46.16,45.75,46.065,81892320
1291300200,2010-12-02 09:30,46.21001,46.98199,46.19,46.97,72597440
1291386600,2010-12-03 09:30,46.57001,47.21001,46.57001,47.14,44690464
1291645800,2010-12-06 09:30,46.87,47.13,46.83,47.06,44990064
1291732200,2010-12-07 09:30,47.59,47.61,46.83,46.84,64411600
1291818600,2010-12-08 09:30,46.75,46.87,46.28,46.53999,48924064
1291905000,2010-12-09 09:30,46.72,46.75999,46.25,46.38499,63132736
1291991400,2010-12-10 09:30,46.41,46.59,46.245,46.59,44844272
1292250600,2010-12-13 09:30,46.87,47.12,46.74001,46.89,49177744
1292337000,2010-12-14 09:30,46.92999,47.14,46.81,46.96001,53612400
1292423400,2010-12-15 09:30,46.69,46.75999,46.14999,46.2,69038624
1292509800,2010-12-16 09:30,46.24001,46.39,46.02,46.33,55441376
1292596200,2010-12-17 09:30,46.21001,46.42,46.13,46.405,43610672
1292855400,2010-12-20 09:30,46.36,46.41,46.08,46.185,48887376
1292941800,2010-12-21 09:30,46.33,46.66,46.32001,46.5,59666272
1293028200,2010-12-22 09:30,46.48,46.71001,46.44,46.66251,24942320
1293114600,2010-12-23 09:30,46.5,46.63,46.44,46.61,27545296
1293460200,2010-12-27 09:30,46.44,46.55,46.33,46.46001,29293024
1293546600,2010-12-28 09:30,46.55,46.58,46.39999,46.5,30329952
1293633000,2010-12-29 09:30,46.82001,47.10001,46.81,47.07001,30892112
1293719400,2010-12-30 09:30,47.33,47.39,47.17,47.31,28376000
1293805800,2010-12-31 09:30,47.42999,47.67999,47.31,47.642,34328544
1294065000,2011-01-03 09:30,48.03,48.31,48.03,48.10001,40117712
1294151400,2011-01-04 09:30,48.25999,48.32001,47.75,48.32001,45176384
1294237800,2011-01-05 09:30,47.89999,48.3,47.88,48.2,47527008
1294324200,2011-01-06 09:30,48.00999,48.03999,47.58,47.685,43978096
1294410600,2011-01-07 09:30,47.50999,47.62,46.92999,47.25,57127792
1294669800,2011-01-10 09:30,46.8,46.85001,46.50999,46.75999,62557584
1294756200,2011-01-11 09:30,47.27,47.39,47.07001,47.255,53338608
1294842600,2011-01-12 09:30,47.89999,48.21001,47.84,48.21001,67254816
1294929000,2011-01-13 09:30,48.10001,48.11,47.67,47.78999,53294528
1295015400,2011-01-14 09:30,47.63,47.94,47.61,47.92999,38686192
1295361000,2011-01-18 09:30,47.85001,47.955,47.75,47.86,30565744
1295447400,2011-01-19 09:30,48,48.00999,47.32001,47.49001,64944672
1295533800,2011-01-20 09:30,47.13,47.14,46.53,46.97,75797936
1295620200,2011-01-21 09:30,47,47.07001,46.44,46.48,87318816
1295879400,2011-01-24 09:30,46.48,46.85001,46.41,46.8425,61839216
1295965800,2011-01-25 09:30,46.60001,46.7,46.23,46.55499,63560016
1296052200,2011-01-26 09:30,47,47.14999,46.82001,46.97,66604432
1296138600,2011-01-27 09:30,47.08,47.14999,46.75,46.81,80518496
1296225000,2011-01-28 09:30,46.61,46.62,45.25,45.33,185092192
1296484200,2011-01-31 09:30,45.72,45.98,45.57001,45.81,97696496
1296570600,2011-02-01 09:30,46.21001,46.98,46.16,46.92,105876624
1296657000,2011-02-02 09:30,46.75999,47.14,46.52,46.57001,68885440
1296743400,2011-02-03 09:30,46.655,46.75999,46.25999,46.50999,56885568
1296829800,2011-02-04 09:30,46.58,46.66,46.13,46.4975,76698000
1297089000,2011-02-07 09:30,46.39999,46.75999,46.35001,46.56,60079728
1297175400,2011-02-08 09:30,46.42,46.61,46.2,46.58,74244560
1297261800,2011-02-09 09:30,45.94,46.03999,45.31,45.50999,105680816
1297348200,2011-02-10 09:30,44.85001,45.3,44.7,45.08,114355936
1297434600,2011-02-11 09:30,44.78999,45.69,44.78,45.625,126542064
1297693800,2011-02-14 09:30,45.7,45.72,45.38,45.39999,79054128
1297780200,2011-02-15 09:30,45.42999,45.64999,45.31,45.49001,57068720
1297866600,2011-02-16 09:30,45.59,45.94,45.52,45.87,64667920
1297953000,2011-02-17 09:30,45.73,46.08,45.67999,46.03,55294880
1298039400,2011-02-18 09:30,46.17999,46.42999,46.03,46.31,50411488
1298385000,2011-02-22 09:30,45.33,45.67,44.69,44.83,107185184
1298471400,2011-02-23 09:30,44.96001,45.17999,44.36,44.871,91844432
1298557800,2011-02-24 09:30,44.85001,45.06,44.55499,44.98,71574064
1298644200,2011-02-25 09:30,45.39,45.60001,45.17999,45.52,62720080
1298903400,2011-02-28 09:30,45.7,45.94,45.52,45.78999,54080912
1298989800,2011-03-01 09:30,46.09,46.14,45.23,45.32001,69733680
1299076200,2011-03-02 09:30,45.44,46.02,45.44,45.94,60123840
1299162600,2011-03-03 09:30,46.50999,46.92999,46.42999,46.85249,61312000
1299249000,2011-03-04 09:30,46.91,47.14999,46.47,46.895,66752192
1299508200,2011-03-07 09:30,46.96001,47.00999,46.06,46.24001,47800720
1299594600,2011-03-08 09:30,46.64999,47.13,46.3,46.86,63994944
1299681000,2011-03-09 09:30,46.89,47.08,46.64999,46.95,47015392
1299767400,2011-03-10 09:30,46.05,46.12,45.50999,45.56,91102880
1299853800,2011-03-11 09:30,45.28,46.17999,45.27,46.03,75137120
1300109400,2011-03-14 09:30,45.85001,46.32001,45.71001,46.3,59928848
1300195800,2011-03-15 09:30,44.5,45.77,44.5,45.53,103061568
1300282200,2011-03-16 09:30,45.52,46.17999,44.25,44.60001,106384752
1300368600,2011-03-17 09:30,45.25999,45.38,44.89,45.14999,68596944
1300455000,2011-03-18 09:30,45.64,45.69,45.21001,45.23,81228320
1300714200,2011-03-21 09:30,46.08,46.25,45.99001,46.0975,49432800
1300800600,2011-03-22 09:30,46.22,46.28,46.03,46.24001,38875312
1300887000,2011-03-23 09:30,46.34,46.95,46.19,46.85001,53491072
1300973400,2011-03-24 09:30,47.08,47.45,46.86501,47.39,53774064
1301059800,2011-03-25 09:30,47.39999,47.64,47.23,47.34,44789440
1301319000,2011-03-28 09:30,47.28999,47.41,47.07001,47.095,36596304
1301405400,2011-03-29 09:30,47.31,47.64999,47.13,47.64,56965952
1301491800,2011-03-30 09:30,48.07001,48.39999,48.00999,48.25,70059872
1301578200,2011-03-31 09:30,48.53999,48.75,48.47,48.67,73143936
1301664600,2011-04-01 09:30,49.24001,49.56,49,49.45,82179504
1301923800,2011-04-04 09:30,49.67999,49.89,49.50999,49.87,45865312
1302010200,2011-04-05 09:30,49.64999,50.03,49.53999,49.77,69546624
1302096600,2011-04-06 09:30,50.21001,50.3,49.94,50.03999,69305008
1302183000,2011-04-07 09:30,50.07001,50.3,49.7,49.99001,48796576
1302269400,2011-04-08 09:30,50.27,50.28,49.8,50.03999,54656000
1302528600,2011-04-11 09:30,49.91,49.98,49.35001,49.45,52996528
1302615000,2011-04-12 09:30,49.06,49.14,48.45,48.52,72884560
1302701400,2011-04-13 09:30,49.35989,49.45,48.67,48.92,53501296
1302787800,2011-04-14 09:30,48.82001,49.16,48.63499,49.07001,57134480
1302874200,2011-04-15 09:30,49.06,49.14999,48.75999,49.13499,54469376
1303133400,2011-04-18 09:30,48.14999,48.19,47.56,47.89999,93614560
1303219800,2011-04-19 09:30,48.3,48.61,48.25,48.5899,50810048
1303306200,2011-04-20 09:30,49.66,49.75999,49.44,49.74001,49915232
1303392600,2011-04-21 09:30,50.03999,50.19,49.78999,50.175,30299664
1303738200,2011-04-25 09:30,50.11,50.14999,49.6299,49.77,33403712
1303824600,2011-04-26 09:30,49.92,50.23,49.66,50.2,39738272
1303911000,2011-04-27 09:30,50.13,50.17,49.37,50.11,60936416
1303997400,2011-04-28 09:30,49.66,49.77,49.39,49.7,45843136
1304083800,2011-04-29 09:30,49.74001,50.14,49.66,50,38282160
1304343000,2011-05-02 09:30,50.24001,50.42999,49.84,50.00999,50953232
1304429400,2011-05-03 09:30,49.32001,49.35001,48.58,48.895,83702752
1304515800,2011-05-04 09:30,48.7,48.74001,47.8699,48.09,82942064
1304602200,2011-05-05 09:30,47.7,48.09,47.27,47.63,79820256
1304688600,2011-05-06 09:30,48.37,48.86,47.88,48.25,92685120
1304947800,2011-05-09 09:30,48.24001,48.4601,47.92999,48.34,48372096
1305034200,2011-05-10 09:30,48.47,48.91,48.42999,48.91,55009056
1305120600,2011-05-11 09:30,48.56,48.58,47.53,47.83,82972432
1305207000,2011-05-12 09:30,47.44,48.06,47.14999,47.97,71018752
1305293400,2011-05-13 09:30,47.74001,47.84,46.62,46.92,83201680
1305552600,2011-05-16 09:30,46.75999,47.42,46.67999,46.85001,72381056
1305639000,2011-05-17 09:30,46.58,47.03,46.39999,47,60097424
1305725400,2011-05-18 09:30,47.31,47.84,47.12,47.75999,49434832
1305811800,2011-05-19 09:30,47.64999,47.705,47.17999,47.45,37847552
1305898200,2011-05-20 09:30,47.34,47.38,46.82001,47.07001,60138128
1306157400,2011-05-23 09:30,45.92999,46.2,45.77,46.09,59794864
1306243800,2011-05-24 09:30,46.50999,46.69,46.36,46.55,46599712
1306330200,2011-05-25 09:30,46.27,46.80499,46.25999,46.64999,43400928
1306416600,2011-05-26 09:30,46.83,47.28,46.75,47.25,47179808
1306503000,2011-05-27 09:30,47.57001,47.87,47.52,47.75,38849760
1306848600,2011-05-31 09:30,48.57001,48.60001,48.14999,48.53,58762272
1306935000,2011-06-01 09:30,48.42999,48.565,47.59,47.66,55373840
1307021400,2011-06-02 09:30,47.99001,48.2,47.61,48.11,38988288
1307107800,2011-06-03 09:30,47.55,48.12,47.53,47.87,42955568
1307367000,2011-06-06 09:30,47.82001,47.82001,47.03999,47.10001,51478176
1307453400,2011-06-07 09:30,47.71001,47.86,47.45,47.47,58092032
1307539800,2011-06-08 09:30,47.3,47.42999,46.985,47.13,63855936
1307626200,2011-06-09 09:30,47.11,47.64,46.97,47.5,40819280
1307712600,2011-06-10 09:30,46.97,46.97,46.38,46.47,61947040
1307971800,2011-06-13 09:30,46.69,46.81,46.25,46.39,37673232
1308058200,2011-06-14 09:30,47.02,47.27,46.97,47.09,46393664
1308144600,2011-06-15 09:30,46.48,46.72,45.97,46.08,66901808
1308231000,2011-06-16 09:30,45.78999,46.14,45.37,45.73,66083504
1308317400,2011-06-17 09:30,46.07001,46.09,45.69,45.78999,61268256
1308576600,2011-06-20 09:30,45.57001,45.78999,45.47,45.72,40025328
1308663000,2011-06-21 09:30,46.13,46.61501,46.03,46.56,48523664
1308749400,2011-06-22 09:30,45.75999,46.08,45.59,45.64,40585216
1308835800,2011-06-23 09:30,45.03,45.60001,44.77,45.58,63562720
1308922200,2011-06-24 09:30,45.88,45.89999,45.41,45.5,44225808
1309181400,2011-06-27 09:30,45.48,46.13,45.41,46.03,53454976
1309267800,2011-06-28 09:30,46.07001,46.67,45.94,46.66,45599040
1309354200,2011-06-29 09:30,46.78,47.19,46.5,47.09,55290560
1309440600,2011-06-30 09:30,47.3398,47.62,47.2,47.60001,46188400
1309527000,2011-07-01 09:30,47.58,48.28999,46.75,48.16,44635312
1309872600,2011-07-05 09:30,48.28,48.32001,47.98,48.14,51375584
1309959000,2011-07-06 09:30,47.92999,48.02,47.61,47.82001,56127808
1310045400,2011-07-07 09:30,48.37,48.63,48.27499,48.48,49543024
1310131800,2011-07-08 09:30,47.92999,48.00999,47.45,47.92999,50270944
1310391000,2011-07-11 09:30,47.10001,47.17999,46.52,46.59,58199200
1310477400,2011-07-12 09:30,46.25,46.60001,46.08,46.12,46967792
1310563800,2011-07-13 09:30,46.53999,47.27,46.42999,46.87,59429808
1310650200,2011-07-14 09:30,47.12,47.17,46.27,46.368,53279936
1310736600,2011-07-15 09:30,46.82001,46.84,46.36,46.66,35172592
1310995800,2011-07-18 09:30,46.23,46.33,45.8,46.12,46490304
1311082200,2011-07-19 09:30,46.5,46.84,46.36,46.78999,37415168
1311168600,2011-07-20 09:30,47.02991,47.10001,46.81,46.92999,29604592
1311255000,2011-07-21 09:30,47.17,47.77,47.03,47.67999,45701408
1311341400,2011-07-22 09:30,47.69,47.78,47.42,47.64999,31952832
1311600600,2011-07-25 09:30,47.34,47.74001,47.24001,47.55,32506000
1311687000,2011-07-26 09:30,47.84,47.98,47.55,47.71001,29118240
1311773400,2011-07-27 09:30,47.53999,47.53999,46.75,46.87,54479440
1311859800,2011-07-28 09:30,47.09,47.27,46.74001,46.91,44734352
1311946200,2011-07-29 09:30,46.55,47.25,46.42,47.11,48432240
1312205400,2011-08-01 09:30,47.67,47.69,46.63499,47.07001,48470544
1312291800,2011-08-02 09:30,46.67999,46.75999,45.59,45.62,73707312
1312378200,2011-08-03 09:30,45.60001,45.63,44.66,45.461,73967120
1312464600,2011-08-04 09:30,44.24001,44.36,42.78999,42.86,139357632
1312551000,2011-08-05 09:30,43.14999,43.25999,41.32001,42.58,154378752
1312810200,2011-08-08 09:30,40.73,41.245,38.71001,39.03,175346752
1312896600,2011-08-09 09:30,40,41.34,38.81,41.32001,191409744
1312983000,2011-08-10 09:30,40.06,40.53999,39.12,39.13,122595376
1313069400,2011-08-11 09:30,40.05,41.8,39.755,41.29201,121155312
1313155800,2011-08-12 09:30,41.32001,41.56,40.83,41.27,64753456
1313415000,2011-08-15 09:30,41.91,42.33,41.89999,42.23,65967120
1313501400,2011-08-16 09:30,41.78,42.17,41.34,41.87,61580496
1313587800,2011-08-17 09:30,42.14999,42.48,41.75999,42.17,45132784
1313674200,2011-08-18 09:30,40.63,44.05,39.64101,40.17999,106849808
1313760600,2011-08-19 09:30,39.62,40.74001,39.61,39.67999,72408752
1314019800,2011-08-22 09:30,40.34,40.50999,39.50999,39.64,51908896
1314106200,2011-08-23 09:30,40.16,41.07001,39.74001,41.03,73247248
1314192600,2011-08-24 09:30,40.39,40.87,39.98,40.63,48122576
1314279000,2011-08-25 09:30,40.62,40.78,39.62,39.84,57129232
1314365400,2011-08-26 09:30,39.88,40.53999,39.23,40.52,74397120
1314624600,2011-08-29 09:30,41.28,41.84,41.25,41.83,46761456
1314711000,2011-08-30 09:30,41.59,42.14999,41.37,41.89,51886624
1314797400,2011-08-31 09:30,42.64999,42.92999,42.41,42.75,74775008
1314883800,2011-09-01 09:30,42.87,43.27,42.5,42.52,76396064
1314970200,2011-09-02 09:30,41.86,42.07001,41.35001,41.56,69256688
1315315800,2011-09-06 09:30,40.19,41.16,40.17,41.13,66073936
1315402200,2011-09-07 09:30,41.83,42.38,41.60001,42.35001,49845536
1315488600,2011-09-08 09:30,41.62,42.11,41.3,41.41,59112256
1315575000,2011-09-09 09:30,40.77,41.8343,39.85001,40.00999,76809008
1315834200,2011-09-12 09:30,39.27,39.97,38.98,39.92999,69393632
1315920600,2011-09-13 09:30,39.73,40.03999,39.39999,39.99001,68096624
1316007000,2011-09-14 09:30,39.71001,40.22,38.89,39.88,82237376
1316093400,2011-09-15 09:30,40.39,40.47,39.8,40.46001,62837040
1316179800,2011-09-16 09:30,40.64999,40.82001,40.14999,40.53,46199232
1316439000,2011-09-19 09:30,39.10001,39.53,38.92,39.33,67933248
1316525400,2011-09-20 09:30,39.48,39.75999,39.02,39.03999,53481184
1316611800,2011-09-21 09:30,38.8101,39.05,37.56,37.59,105523568
1316698200,2011-09-22 09:30,35.81,36.10001,34.705,34.95,159912688
1316784600,2011-09-23 09:30,35.39,35.92999,35.13,35.88,102755744
1317043800,2011-09-26 09:30,35.57001,36.47,35.09,36.42,94318752
1317130200,2011-09-27 09:30,37.61,38.24001,37.39,37.58,112513872
1317216600,2011-09-28 09:30,37.39999,37.66,36.41,36.45,80064688
1317303000,2011-09-29 09:30,37.42,37.545,36.39,36.95,74702624
1317389400,2011-09-30 09:30,36.00999,36.36,35.03,35.095,102876560
1317648600,2011-10-03 09:30,35.07001,35.59,34.28999,34.36,107062368
1317735000,2011-10-04 09:30,33.92999,34.94,33.42,34.89,111591376
1317821400,2011-10-05 09:30,34.75999,35.75,34.49001,35.7,81021936
1317907800,2011-10-06 09:30,35.78,36.91,35.62,36.88,140583376
1317994200,2011-10-07 09:30,37.10001,37.235,36.2,36.44,76505376
1318253400,2011-10-10 09:30,37.46001,38.13,37.42999,38.07001,69650368
1318339800,2011-10-11 09:30,37.58,38.28,37.5,38.09,72091056
1318426200,2011-10-12 09:30,38.89,39.72,38.87,39.16,101800256
1318512600,2011-10-13 09:30,38.84,39.00999,38.28999,38.81,57089424
1318599000,2011-10-14 09:30,39.39999,39.605,39.16,39.59,72968256
1318858200,2011-10-17 09:30,39.17,39.25999,38.21001,38.25,63742992
1318944600,2011-10-18 09:30,38.32001,39.46001,37.73,39.27,85368128
1319031000,2011-10-19 09:30,39.02,39.205,38.465,38.52,52366224
1319117400,2011-10-20 09:30,38.21001,38.22,37.13,37.78,83655504
1319203800,2011-10-21 09:30,38.39,38.89999,38.37,38.855,69673248
1319463000,2011-10-24 09:30,39.34,40.5,39.3,40.38,87943312
1319549400,2011-10-25 09:30,39.89999,40.02,39.42999,39.58,76780320
1319635800,2011-10-26 09:30,40.39,40.50999,39.52,40.31,62943216
1319722200,2011-10-27 09:30,42.09,43.22,41.73,42.75999,155078192
1319808600,2011-10-28 09:30,42.02,42.66,41.94,42.39999,59845376
1320067800,2011-10-31 09:30,41.60001,41.67999,40.75999,40.815,69669184
1320154200,2011-11-01 09:30,39.28999,40.31,39.14,39.82001,91618320
1320240600,2011-11-02 09:30,40.94,41.14,40.42,41.03999,64639968
1320327000,2011-11-03 09:30,41.28999,41.63,40.67,41.46001,58914832
1320413400,2011-11-04 09:30,41.11,41.25999,40.55,41.19,50084832
1320676200,2011-11-07 09:30,41.13,41.63,40.97,41.53999,44450608
1320762600,2011-11-08 09:30,41.61,42.08,41.10001,42.03,70278880
1320849000,2011-11-09 09:30,40.3999,40.565,39.48,39.57001,111328256
1320935400,2011-11-10 09:30,40.19,40.3,39.55,39.83,48435952
1321021800,2011-11-11 09:30,40.37,40.89999,40.37,40.785,48885440
1321281000,2011-11-14 09:30,40.5,40.60001,40,40.23,47275008
1321367400,2011-11-15 09:30,40.17999,40.7,39.86,40.48,45852608
1321453800,2011-11-16 09:30,39.75,40.17,39.39,39.39,64826064
1321540200,2011-11-17 09:30,39.60001,39.7,38.17999,38.388,102958320
1321626600,2011-11-18 09:30,38.95,38.96001,38.32001,38.53999,51241136
1321885800,2011-11-21 09:30,37.50999,37.66,36.88,37.3,59898896
1321972200,2011-11-22 09:30,37.45,37.66,36.99001,37.42999,46356640
1322058600,2011-11-23 09:30,36.78999,36.82001,36.22,36.22,65701680
1322231400,2011-11-25 09:30,36.23,36.73,36.10001,36.10001,30076224
1322490600,2011-11-28 09:30,37.72501,37.86,37.46001,37.83,79397680
1322577000,2011-11-29 09:30,37.72,38.22,37.62,37.659,52657168
1322663400,2011-11-30 09:30,39.5,40.07001,39.295,40.00999,92376000
1322749800,2011-12-01 09:30,40.03,40.35001,39.81,39.8875,46229168
1322836200,2011-12-02 09:30,40.39,40.42999,39.75,39.77,47176400
1323095400,2011-12-05 09:30,40.5,40.59,40.12,40.42,59553312
1323181800,2011-12-06 09:30,39.86,40.17,39.59,39.87,43432704
1323268200,2011-12-07 09:30,39.77,40.16,39.50999,40.03,73277184
1323354600,2011-12-08 09:30,39.42999,39.56,38.48,38.59,86320368
1323441000,2011-12-09 09:30,38.71001,39.48,38.7,39.37,51866768
1323700200,2011-12-12 09:30,38.24001,38.28999,37.66,37.89,82243248
1323786600,2011-12-13 09:30,38.24001,38.45,37.42,37.53999,59290208
1323873000,2011-12-14 09:30,37.39999,37.60001,36.98,37,66650880
1323959400,2011-12-15 09:30,37.74001,37.75,37.12,37.245,82106496
1324045800,2011-12-16 09:30,37.62,37.84,37.37,37.52,64384736
1324305000,2011-12-19 09:30,37.23,37.28,36.48,36.55,56109376
1324391400,2011-12-20 09:30,37.16,37.79781,37.13,37.72501,71392624
1324477800,2011-12-21 09:30,37.63,37.85001,37.2,37.84,47572464
1324564200,2011-12-22 09:30,37.89,38.37,37.88,38.33501,58645712
1324650600,2011-12-23 09:30,38.32001,38.5,38.16,38.485,21521520
1324996200,2011-12-27 09:30,38.17999,38.3,38.03999,38.12,26198528
1325082600,2011-12-28 09:30,37.92999,37.98,37.42999,37.48,39326016
1325169000,2011-12-29 09:30,37.67,37.96001,37.63,37.91,32240480
1325255400,2011-12-30 09:30,37.88,38.14,37.86,37.94,33434304
1325601000,2012-01-03 09:30,38.98,39.27,38.89,39.10001,72559312
1325687400,2012-01-04 09:30,38.74001,38.97,38.60001,38.882,46225616
1325773800,2012-01-05 09:30,38.64,38.83,38.33,38.71001,54383344
1325860200,2012-01-06 09:30,38.67,38.67,38.2,38.22501,50333040
1326119400,2012-01-09 09:30,38.58,38.7,38.37,38.61501,45818416
1326205800,2012-01-10 09:30,39.5,39.67999,39.36011,39.45799,59619904
1326292200,2012-01-11 09:30,39.23,39.50999,39.12,39.49001,47747920
1326378600,2012-01-12 09:30,39.69,39.75,39.38,39.64999,43329952
1326465000,2012-01-13 09:30,39.36,39.38,38.94,39.28999,57208144
1326810600,2012-01-17 09:30,40.14,40.25,39.88,40.03999,70478496
1326897000,2012-01-18 09:30,40.25,41.07001,40.14999,41.05,72679680
1326983400,2012-01-19 09:30,41.25999,41.48,41.14,41.41,68479120
1327069800,2012-01-20 09:30,41.31,41.49001,41.12,41.38,43401376
1327329000,2012-01-23 09:30,41.58,41.98,41.50999,41.78,62224848
1327415400,2012-01-24 09:30,41.39999,41.84,41.23,41.83501,39864800
1327501800,2012-01-25 09:30,41.52,42.42,41.39,42.31,64939168
1327588200,2012-01-26 09:30,42.61,42.75999,41.98,42.14,68097872
1327674600,2012-01-27 09:30,42.16,42.50999,42.14,42.36,51984112
1327933800,2012-01-30 09:30,41.50999,41.89,41.35001,41.75,43109824
1328020200,2012-01-31 09:30,42.27,42.55,41.83,42.11,69525248
1328106600,2012-02-01 09:30,42.75,43.25,42.67,43.045,82804256
1328193000,2012-02-02 09:30,43.25,43.549,43.14,43.16,71522816
1328279400,2012-02-03 09:30,43.73,43.94,43.48,43.88,72001248
1328538600,2012-02-06 09:30,43.28999,43.50999,43.2,43.505,40208688
1328625000,2012-02-07 09:30,43.31,43.67999,43.03999,43.60001,47240320
1328711400,2012-02-08 09:30,43.87,44.10001,43.71001,43.91,53168384
1328797800,2012-02-09 09:30,43.9705,44,43.61,43.89,44004416
1328884200,2012-02-10 09:30,42.94,43,42.74001,42.91499,62255392
1329143400,2012-02-13 09:30,43.63,43.66499,43.28999,43.61501,47448784
1329229800,2012-02-14 09:30,43.32001,43.45,42.98,43.25999,42653728
1329316200,2012-02-15 09:30,43.78,43.78999,43.28,43.38,51795392
1329402600,2012-02-16 09:30,43.21001,43.88,43.08,43.845,52445040
1329489000,2012-02-17 09:30,44.00999,44.10001,43.78,43.92999,50694368
1329834600,2012-02-21 09:30,44.05,44.08,43.67999,43.75,46318448
1329921000,2012-02-22 09:30,43.81,43.895,43.66,43.825,40181776
1330007400,2012-02-23 09:30,43.74001,43.85159,43.49001,43.75,36443728
1330093800,2012-02-24 09:30,43.96001,44.25999,43.93201,44.19,37876992
1330353000,2012-02-27 09:30,43.57001,43.91,43.38,43.75,42999296
1330439400,2012-02-28 09:30,44.03,44.37,43.92,44.36,40977648
1330525800,2012-02-29 09:30,44.64,44.91,44.21001,44.33,72110368
1330612200,2012-03-01 09:30,44.48,44.86501,44.42,44.75,51045600
1330698600,2012-03-02 09:30,44.60001,44.75,44.42,44.64,32352400
1330957800,2012-03-05 09:30,44.23,44.24001,43.67999,43.87,50657376
1331044200,2012-03-06 09:30,42.75,42.8,42.22,42.405,103961376
1331130600,2012-03-07 09:30,42.75,42.95,42.55,42.91,45234176
1331217000,2012-03-08 09:30,43.57001,43.89,43.39999,43.81,40674384
1331303400,2012-03-09 09:30,43.81,44.03999,43.69,43.78999,36487664
1331559000,2012-03-12 09:30,43.49001,43.55,43.14999,43.31,31492208
1331645400,2012-03-13 09:30,43.74001,44.53,43.62,44.49001,61339024
1331731800,2012-03-14 09:30,44.25999,44.37,43.675,43.78999,59777872
1331818200,2012-03-15 09:30,44.03,44.17999,43.75999,44.14,35061472
1331904600,2012-03-16 09:30,44.07001,44.25,43.931,44.09,36520080
1332163800,2012-03-19 09:30,43.71001,44.10001,43.64999,43.92,30002544
1332250200,2012-03-20 09:30,43.1601,43.2739,42.89999,43.16,53828800
1332336600,2012-03-21 09:30,43.17999,43.34,42.94,43.235,49696800
1332423000,2012-03-22 09:30,42.81,42.84,42.38,42.58,73056192
1332509400,2012-03-23 09:30,42.63,42.95,42.42,42.89999,31696016
1332768600,2012-03-26 09:30,43.17999,43.67,43.10001,43.655,67483872
1332855000,2012-03-27 09:30,43.64999,43.7,43.38,43.42,35628384
1332941400,2012-03-28 09:30,43.21001,43.3,42.50999,42.69,55594256
1333027800,2012-03-29 09:30,42.22,42.67999,41.91,42.64,53901104
1333114200,2012-03-30 09:30,43.05,43.06,42.63,42.94501,48515728
1333373400,2012-04-02 09:30,42.89999,43.73,42.78999,43.545,62062896
1333459800,2012-04-03 09:30,43.61,43.75,43,43.28999,58379328
1333546200,2012-04-04 09:30,42.56,42.63499,42.24001,42.50999,49772896
1333632600,2012-04-05 09:30,42.52,43.85001,42.5,42.74001,45579536
1333978200,2012-04-09 09:30,42.09,42.31,41.97,42.11,42343168
1334064600,2012-04-10 09:30,41.97,42.09,41.17,41.295,81354064
1334151000,2012-04-11 09:30,41.88,42,41.64,41.735,45581360
1334237400,2012-04-12 09:30,41.95,42.82001,41.94,42.81,64008720
1334323800,2012-04-13 09:30,42.58,42.7,42.045,42.16,64221088
1334583000,2012-04-16 09:30,42.46001,42.50999,41.76199,41.94501,62839856
1334669400,2012-04-17 09:30,42.17,42.53,41.98,42.42999,51806544
1334755800,2012-04-18 09:30,42.06,42.35001,41.99001,42.23,40456352
1334842200,2012-04-19 09:30,42.14999,42.48,41.82001,42.045,42080912
1334928600,2012-04-20 09:30,42.31,42.55,42.25999,42.325,43456816
1335187800,2012-04-23 09:30,41.57001,41.61,41.07001,41.52,63094128
1335274200,2012-04-24 09:30,41.63,41.88,41.53,41.61,50571920
1335360600,2012-04-25 09:30,41.95,42.00999,41.72861,41.985,45740352
1335447000,2012-04-26 09:30,41.84,42.31,41.795,42.25,35723280
1335533400,2012-04-27 09:30,42.27499,42.39999,42.05,42.31,40038064
1335792600,2012-04-30 09:30,42.31,42.32001,42.07001,42.215,39795776
1335879000,2012-05-01 09:30,42.25,42.88,42.14,42.5,37660544
1335965400,2012-05-02 09:30,42.37,42.49001,42.14999,42.41499,35379888
1336051800,2012-05-03 09:30,42.44,42.47,41.91,42.10001,45672480
1336138200,2012-05-04 09:30,41.87,41.94,41.28999,41.36,58481664
1336397400,2012-05-07 09:30,41.28999,41.57001,41.24001,41.50999,44096256
1336483800,2012-05-08 09:30,41.13,41.14,40.42,40.85001,66821312
1336570200,2012-05-09 09:30,40.11,40.60001,39.87,40.32001,86836624
1336656600,2012-05-10 09:30,40.735,40.74001,40.42,40.49001,48343216
1336743000,2012-05-11 09:30,40.00999,40.52,39.92999,39.965,56289920
1337002200,2012-05-14 09:30,39.27,39.34,39.05,39.06,63050496
1337088600,2012-05-15 09:30,39.09,39.23,38.57001,38.72,61529088
1337175000,2012-05-16 09:30,38.50999,38.75,38.12,38.17,82694064
1337261400,2012-05-17 09:30,38.14999,38.23,37.61,37.64999,74324880
1337347800,2012-05-18 09:30,37.75999,37.86,37.17,37.28999,75162368
1337607000,2012-05-21 09:30,37.5,38.24001,37.46001,38.17999,62510032
1337693400,2012-05-22 09:30,38.14,38.41,37.53999,37.78,52848016
1337779800,2012-05-23 09:30,37.38499,37.55,36.69,37.52,72030320
1337866200,2012-05-24 09:30,37.63,37.64,36.97,37.33,57707600
1337952600,2012-05-25 09:30,37.17999,37.36501,37.05,37.14999,47690720
1338298200,2012-05-29 09:30,38.145,38.36,37.87,38.2,71175680
1338384600,2012-05-30 09:30,37.47,37.655,37.3,37.53999,80092432
1338471000,2012-05-31 09:30,37.605,37.89,37.22,37.7,66536880
1338557400,2012-06-01 09:30,36.92999,37.12,36.64,36.69,79957504
1338816600,2012-06-04 09:30,36.75,36.99001,36.57001,36.85001,57107136
1338903000,2012-06-05 09:30,36.855,37.05009,36.64999,36.94501,58858384
1338989400,2012-06-06 09:30,37.36,38.08,37.35001,38.02499,55300736
1339075800,2012-06-07 09:30,38.84,38.92,38.13,38.25999,49636176
1339162200,2012-06-08 09:30,37.69,37.99001,37.55,37.92999,39734288
1339421400,2012-06-11 09:30,38.27,38.31,37.35001,37.38499,51801808
1339507800,2012-06-12 09:30,37.91,38.19,37.72501,38.16,54033568
1339594200,2012-06-13 09:30,38.10001,38.455,37.92999,38.02,43926832
1339680600,2012-06-14 09:30,37.97,38.42,37.77,38.285,46465248
1339767000,2012-06-15 09:30,38.47,39,38.38,38.99001,63027456
1340026200,2012-06-18 09:30,38.74001,39.17,38.64,39.07001,37552800
1340112600,2012-06-19 09:30,39.39999,39.94501,39.34,39.7,50142512
1340199000,2012-06-20 09:30,39.7,39.82001,39.17999,39.57001,58815744
1340285400,2012-06-21 09:30,38.83,38.88,37.62,37.67,58824704
1340371800,2012-06-22 09:30,37.97,37.99001,37.58,37.78999,33163248
1340631000,2012-06-25 09:30,37.23,37.24001,36.88,37.08501,44292624
1340717400,2012-06-26 09:30,37.33501,37.56,37.06,37.41,35913584
1340803800,2012-06-27 09:30,37.64,37.78,37.52,37.64999,28255632
1340890200,2012-06-28 09:30,37.31,37.50999,37.05,37.47,34184384
1340976600,2012-06-29 09:30,38.64999,39.19,38.59,39.13499,78079936
1341235800,2012-07-02 09:30,39.06,39.19,38.78999,39.125,38509824
1341322200,2012-07-03 09:30,39.5,39.92,39.38,39.91,36099680
1341495000,2012-07-05 09:30,39.56,39.74001,39.27,39.49001,33517616
1341581400,2012-07-06 09:30,38.89999,38.99001,38.61,38.77,49424128
1341840600,2012-07-09 09:30,38.60001,38.6985,38.39,38.63,34530736
1341927000,2012-07-10 09:30,38.985,39.02,38.06,38.2,48654976
1342013400,2012-07-11 09:30,38.345,38.58,38.13,38.39999,37130000
1342099800,2012-07-12 09:30,37.67,37.99001,37.45,37.75999,45107616
1342186200,2012-07-13 09:30,38.08,38.53,38.05,38.485,37182352
1342445400,2012-07-16 09:30,38.27,38.49001,38.08,38.395,26283952
1342531800,2012-07-17 09:30,38.64,38.95,38.205,38.91,40019344
1342618200,2012-07-18 09:30,38.35001,38.91,38.33,38.81,47416928
1342704600,2012-07-19 09:30,39.00999,39.24001,38.87,39.16499,44703728
1342791000,2012-07-20 09:30,38.69,38.78999,38.45,38.58501,43769248
1343050200,2012-07-23 09:30,37.49001,37.77,37.14999,37.58,55598400
1343136600,2012-07-24 09:30,37.75999,37.77,37.17999,37.41499,46775520
1343223000,2012-07-25 09:30,37.69,37.84,37.37,37.60001,34494400
1343309400,2012-07-26 09:30,38.19,38.50999,38.03,38.45,50711184
1343395800,2012-07-27 09:30,38.88,39.60001,38.75999,39.52499,50862496
1343655000,2012-07-30 09:30,39.25999,39.50999,39.21181,39.3,41406944
1343741400,2012-07-31 09:30,39.49001,39.64999,39.12,39.12,58788784
1343827800,2012-08-01 09:30,39.53999,40.45,39.14,39.19,49853024
1343914200,2012-08-02 09:30,38.75,39.10001,38.44,38.73,50866832
1344000600,2012-08-03 09:30,39.53,40.02029,39.48,39.92999,60513136
1344259800,2012-08-06 09:30,39.98,40.36,39.98,40.17999,37181520
1344346200,2012-08-07 09:30,40.24001,40.58,40.23,40.28999,43259904
1344432600,2012-08-08 09:30,40.145,40.53999,40.11,40.37,36570176
1344519000,2012-08-09 09:30,40.50999,40.78,40.47,40.53999,34528224
1344605400,2012-08-10 09:30,40.38,40.78,40.25999,40.73,32247776
1344864600,2012-08-13 09:30,40.47,40.59,40.14,40.36501,40396800
1344951000,2012-08-14 09:30,40.60001,40.66,40.28999,40.36,26732784
1345037400,2012-08-15 09:30,40.25,40.39999,40.17,40.3,18836336
1345123800,2012-08-16 09:30,40.41,40.74001,40.21001,40.67,37695760
1345210200,2012-08-17 09:30,40.49001,40.52,40.24001,40.47,46358224
1345469400,2012-08-20 09:30,40.21001,40.47,40.11,40.45,28711152
1345555800,2012-08-21 09:30,40.67,40.84,40.27,40.39,27941808
1345642200,2012-08-22 09:30,40.14999,40.5,40.00999,40.41,36551152
1345728600,2012-08-23 09:30,40.31,40.37,39.92,40.03999,39512000
1345815000,2012-08-24 09:30,39.87,40.21001,39.7,40.05,34421504
1346074200,2012-08-27 09:30,39.85001,39.89,39.61,39.64,23179600
1346160600,2012-08-28 09:30,39.59,39.74001,39.5,39.56,24377776
1346247000,2012-08-29 09:30,39.60001,39.62,39.24001,39.37,31372496
1346333400,2012-08-30 09:30,39.12,39.12,38.85001,38.91,36609872
1346419800,2012-08-31 09:30,39.2,39.46001,38.95,39.28,41552304
1346765400,2012-09-04 09:30,39.3,39.3,38.9267,39.065,32627360
1346851800,2012-09-05 09:30,38.89999,38.97,38.675,38.86,33051056
1346938200,2012-09-06 09:30,39.08501,39.85001,39.08,39.72501,47868912
1347024600,2012-09-07 09:30,40.255,40.66,40.21001,40.64,59902192
1347283800,2012-09-10 09:30,40.41,40.545,40.09,40.12,37361440
1347370200,2012-09-11 09:30,40.345,40.72,40.315,40.60001,32692160
1347456600,2012-09-12 09:30,40.83501,40.92999,40.62,40.78,44014352
1347543000,2012-09-13 09:30,40.61,42.00999,40.52,41.875,95671568
1347629400,2012-09-14 09:30,42.31,42.83501,42.2,42.37,85090944
1347888600,2012-09-17 09:30,42.16,42.24001,41.81,41.91,47652784
1347975000,2012-09-18 09:30,41.89709,42.06,41.72,41.925,37259776
1348061400,2012-09-19 09:30,41.94,42,41.77,41.92999,39322736
1348147800,2012-09-20 09:30,41.45,41.71001,41.21001,41.67999,46217376
1348234200,2012-09-21 09:30,42.03,42.05,41.73,41.77499,49929504
1348493400,2012-09-24 09:30,41.61,41.8,41.49001,41.74001,29070672
1348579800,2012-09-25 09:30,41.81,41.87,41.11,41.11501,49645200
1348666200,2012-09-26 09:30,40.985,41.06,40.66,40.925,44747008
1348752600,2012-09-27 09:30,41.42999,41.715,41.24001,41.58,40569680
1348839000,2012-09-28 09:30,41.48,41.52,41.2,41.325,55360992
1349098200,2012-10-01 09:30,41.685,42.10001,41.63,41.74001,40299696
1349184600,2012-10-02 09:30,41.97,42.0211,41.59,41.8,36829712
1349271000,2012-10-03 09:30,41.81,41.83,41.45,41.52,41571232
1349357400,2012-10-04 09:30,41.66,41.98,41.55,41.94501,44450880
1349443800,2012-10-05 09:30,42.16,42.33,41.8,41.95,53557600
1349703000,2012-10-08 09:30,41.42999,41.64,41.37,41.58,33006144
1349789400,2012-10-09 09:30,41.53,41.56239,41.10001,41.27,44369680
1349875800,2012-10-10 09:30,41.325,41.34,40.92,41.02,51701936
1349962200,2012-10-11 09:30,41.47,41.62,41.38,41.39999,41911712
1350048600,2012-10-12 09:30,41.345,41.57001,41.17999,41.27,35969536
1350307800,2012-10-15 09:30,41.38,41.62,41.21001,41.50999,35889584
1350394200,2012-10-16 09:30,41.78,42.06,41.77,41.94,54306448
1350480600,2012-10-17 09:30,42.06,42.36,41.92,42.27,58925488
1350567000,2012-10-18 09:30,42.06,42.35001,41.96001,42.155,48732320
1350653400,2012-10-19 09:30,41.89,41.89999,41.38,41.5,49583232
1350912600,2012-10-22 09:30,41.86,42.05,41.63,41.89999,42518320
1350999000,2012-10-23 09:30,41.235,41.24001,40.81619,41.03999,58436864
1351085400,2012-10-24 09:30,41.41,41.48,41.08,41.08,35062944
1351171800,2012-10-25 09:30,41.66499,41.74001,41.10001,41.5,41006224
1351258200,2012-10-26 09:30,41.265,41.38,41.06,41.21001,36208128
1351690200,2012-10-31 09:30,41.33,41.41499,41.02,41.14999,58457472
1351776600,2012-11-01 09:30,41.535,41.89,41.47,41.82001,63484688
1351863000,2012-11-02 09:30,42.05,42.05,41.48,41.60001,53942368
1352125800,2012-11-05 09:30,41.55,41.84,41.47,41.8,33477152
1352212200,2012-11-06 09:30,41.91,42.25999,41.89,42.1301,48098896
1352298600,2012-11-07 09:30,41.78999,41.81,41.17999,41.44031,65258912
1352385000,2012-11-08 09:30,41.41,41.67,40.87,40.92,73473568
1352471400,2012-11-09 09:30,40.97,41.33,40.91,41,60594704
1352730600,2012-11-12 09:30,41.17,41.31,41.07001,41.155,43640448
1352817000,2012-11-13 09:30,40.66,40.98,40.52,40.78,56929536
1352903400,2012-11-14 09:30,40.84,40.88,40.06,40.155,65058656
1352989800,2012-11-15 09:30,40.23,40.41,40.06,40.28999,56282720
1353076200,2012-11-16 09:30,40.25,40.44,39.92,40.41,55424896
1353335400,2012-11-19 09:30,40.77,41.14,40.765,41.11501,60801488
1353421800,2012-11-20 09:30,40.78999,41.03999,40.67999,41.035,49354624
1353508200,2012-11-21 09:30,40.88,41.03999,40.78,40.96001,49864144
1353681000,2012-11-23 09:30,41.45,41.67999,41.42,41.63,38725312
1353940200,2012-11-26 09:30,41.46001,41.64,41.38,41.63499,38361664
1354026600,2012-11-27 09:30,41.58501,41.645,41.27,41.2814,39719312
1354113000,2012-11-28 09:30,41.03,41.55,40.8945,41.50999,45433184
1354199400,2012-11-29 09:30,41.74001,41.95,41.58,41.815,60141920
1354285800,2012-11-30 09:30,41.89999,41.92,41.67999,41.785,60627504
1354545000,2012-12-03 09:30,42.05,42.05,41.77,41.77,47979648
1354631400,2012-12-04 09:30,41.935,42.12,41.86,41.89011,48560016
1354717800,2012-12-05 09:30,42.32001,42.58,42.2,42.3391,60799264
1354804200,2012-12-06 09:30,42.39999,42.69,42.37,42.66,45177552
1354890600,2012-12-07 09:30,42.74001,42.82001,42.58,42.785,33920352
1355149800,2012-12-10 09:30,42.78,43.11,42.75,43.0309,52020848
1355236200,2012-12-11 09:30,43.07001,43.32001,43.03,43.25,55722448
1355322600,2012-12-12 09:30,43.39,43.64999,43.2067,43.38,57451312
1355409000,2012-12-13 09:30,43.35001,43.47,43.06,43.19,55617840
1355495400,2012-12-14 09:30,43.27,43.46001,43.22,43.38,39422816
1355754600,2012-12-17 09:30,43.28,43.50999,43.23,43.495,55647536
1355841000,2012-12-18 09:30,43.19,43.57001,43,43.53,61648960
1355927400,2012-12-19 09:30,43.58099,43.73,43.48,43.50999,50249024
1356013800,2012-12-20 09:30,43.52,43.78,43.39,43.77,57106032
1356100200,2012-12-21 09:30,43.03,43.3,42.97,43.265,66038688
1356359400,2012-12-24 09:30,43.21001,43.25,43.09,43.17999,18908192
1356532200,2012-12-26 09:30,43.495,43.58,43.28999,43.30499,25381904
1356618600,2012-12-27 09:30,43.53999,43.64999,43.2,43.54311,41600496
1356705000,2012-12-28 09:30,43.52,43.85001,43.49001,43.7,42093248
1356964200,2012-12-31 09:30,43.75,44.42,43.67,44.35001,49353744
1357137000,2013-01-02 09:30,44.91,45.3333,44.78,45.22501,101185744
1357223400,2013-01-03 09:30,44.89999,45.28,44.83501,44.9024,66219568
1357309800,2013-01-04 09:30,44.685,45.005,44.5994,44.99001,51086896
1357569000,2013-01-07 09:30,44.64,44.69,44.50999,44.64999,50598720
1357655400,2013-01-08 09:30,44.39999,44.45,44.08501,44.25,48457856
1357741800,2013-01-09 09:30,44.39,44.55,44.36,44.44,38511152
1357828200,2013-01-10 09:30,44.71001,44.92,44.53,44.825,44170800
1357914600,2013-01-11 09:30,44.48,44.50999,43.95,44.47,54702304
1358173800,2013-01-14 09:30,44.64999,44.715,44.44,44.66,63801904
1358260200,2013-01-15 09:30,44.36,44.49001,44.10001,44.47,55409056
1358346600,2013-01-16 09:30,44.13,44.45,44.11,44.42999,32090096
1358433000,2013-01-17 09:30,44.625,44.85001,44.59,44.67799,39873136
1358519400,2013-01-18 09:30,44.69,44.8,44.53999,44.77499,51709504
1358865000,2013-01-22 09:30,44.625,44.71001,44.53329,44.705,46493888
1358951400,2013-01-23 09:30,44.5,44.53999,44.33,44.47,32607808
1359037800,2013-01-24 09:30,44.42,44.58,44.2,44.31,38920480
1359124200,2013-01-25 09:30,44.22,44.3,43.92,44.16,52779440
1359383400,2013-01-28 09:30,44.035,44.03999,43.71001,43.85001,56862336
1359469800,2013-01-29 09:30,44.10001,44.45,43.87,44.34,46274848
1359556200,2013-01-30 09:30,44.14999,44.28,44.11,44.13,47812736
1359642600,2013-01-31 09:30,44.17999,44.27,44.05,44.215,51081600
1359729000,2013-02-01 09:30,44.47,44.64,44.31,44.505,50348448
1359988200,2013-02-04 09:30,44.17,44.21001,43.78999,43.92,48193552
1360074600,2013-02-05 09:30,44.10001,44.19,43.9324,43.97,41440000
1360161000,2013-02-06 09:30,43.75999,43.92,43.62,43.92,56869232
1360247400,2013-02-07 09:30,43.85001,43.86,43.32001,43.53,47884208
1360333800,2013-02-08 09:30,43.66,43.92,43.64999,43.85001,36377904
1360593000,2013-02-11 09:30,43.77,43.88499,43.63,43.83,25663616
1360679400,2013-02-12 09:30,43.83,44.13,43.67999,43.95,40661264
1360765800,2013-02-13 09:30,44.19501,44.28,44.07001,44.17,32068336
1360852200,2013-02-14 09:30,44,44.21001,43.94,44.145,28975184
1360938600,2013-02-15 09:30,44.185,44.2133,43.96001,43.99001,42285056
1361284200,2013-02-19 09:30,44.03,44.22,44.03,44.08,55630384
1361370600,2013-02-20 09:30,44.28,44.28,43.645,43.685,47496640
1361457000,2013-02-21 09:30,43.34,43.36,42.88,43.09,78468496
1361543400,2013-02-22 09:30,43.38,43.38499,43.10001,43.28,73001808
1361802600,2013-02-25 09:30,43.625,43.67,42.59,42.7,81535632
1361889000,2013-02-26 09:30,42.94,43.07001,42.66,42.94,69633680
1361975400,2013-02-27 09:30,42.94501,43.46001,42.92,43.41,45986512
1362061800,2013-02-28 09:30,43.39,43.48,43.17,43.205,43961024
1362148200,2013-03-01 09:30,43.07001,43.35001,42.895,43.31,52273168
1362407400,2013-03-04 09:30,42.825,42.96001,42.67,42.905,43730848
1362493800,2013-03-05 09:30,43.34,43.6429,43.31,43.41499,49300752
1362580200,2013-03-06 09:30,43.63,43.705,43.49001,43.63,42439568
1362666600,2013-03-07 09:30,43.64,43.8,43.58,43.75,44079184
1362753000,2013-03-08 09:30,44.03,44.23,43.83,44.13,61846096
1363008600,2013-03-11 09:30,43.92999,43.94,43.75999,43.89,44046752
1363095000,2013-03-12 09:30,43.67,43.73,43.28999,43.39,50934656
1363181400,2013-03-13 09:30,43.31,43.32001,42.95,42.98,80499936
1363267800,2013-03-14 09:30,43.13,43.28,43.10001,43.16,40119808
1363354200,2013-03-15 09:30,42.92,42.97,42.73,42.77,61240352
1363613400,2013-03-18 09:30,42.28,42.52,42.24001,42.285,69343936
1363699800,2013-03-19 09:30,42.32001,42.34,41.72,41.99001,81729312
1363786200,2013-03-20 09:30,42.31,42.41,42.2,42.231,53647088
1363872600,2013-03-21 09:30,42.015,42.09,41.75,41.8,50648000
1363959000,2013-03-22 09:30,41.905,42.005,41.8,41.96001,41763392
1364218200,2013-03-25 09:30,42.24001,42.3,41.75,41.92,46751216
1364304600,2013-03-26 09:30,42.285,42.53999,42.28,42.52,55547296
1364391000,2013-03-27 09:30,42.25,42.69,42.13,42.67999,42991792
1364477400,2013-03-28 09:30,42.56,42.78,42.47,42.77,43219760
1364823000,2013-04-01 09:30,42.72,42.74001,42.23,42.31,48386576
1364909400,2013-04-02 09:30,42.53999,42.53999,42.27,42.325,39392880
1364995800,2013-04-03 09:30,42.27,42.34,41.74001,41.83,66774560
1365082200,2013-04-04 09:30,41.78999,41.88,41.47,41.709,72966064
1365168600,2013-04-05 09:30,40.985,41.755,40.92,41.61,93360880
1365427800,2013-04-08 09:30,41.45,41.74001,41.34,41.67999,46406848
1365514200,2013-04-09 09:30,41.735,42.36,41.625,42.09,77325248
1365600600,2013-04-10 09:30,42.39,42.78999,42.35001,42.495,49605504
1365687000,2013-04-11 09:30,42.56,42.64,42.39,42.52499,46006304
1365773400,2013-04-12 09:30,42.07001,42.11,41.55,41.875,109321184
1366032600,2013-04-15 09:30,41.50999,41.515,40.82001,40.86,69586064
1366119000,2013-04-16 09:30,41.685,41.8,41.37,41.7,51188704
1366205400,2013-04-17 09:30,41.345,41.35001,40.75999,41.035,87858496
1366291800,2013-04-18 09:30,41.28999,41.32001,40.87,41.045,47811968
1366378200,2013-04-19 09:30,41.61,41.73,41.47,41.64,50232320
1366637400,2013-04-22 09:30,41.78,41.84,41.48,41.84,33583200
1366723800,2013-04-23 09:30,41.75999,42.13,41.69,42.03999,64693520
1366810200,2013-04-24 09:30,42.12,42.45,42.11,42.295,51542624
1366896600,2013-04-25 09:30,42.52,42.83,42.44,42.67,41504128
1366983000,2013-04-26 09:30,42.45,42.50999,42.095,42.24001,51739760
1367242200,2013-04-29 09:30,42.61501,42.83,42.44,42.67999,43874720
1367328600,2013-04-30 09:30,42.83,43.41,42.64999,43.28999,80948880
1367415000,2013-05-01 09:30,43.22,43.24001,42.67999,42.82001,64532784
1367501400,2013-05-02 09:30,43,43.17999,42.89,43.1601,46990496
1367587800,2013-05-03 09:30,43.41,43.77,43.36,43.52,57682880
1367847000,2013-05-06 09:30,43.515,43.61,43.39,43.58,31402192
1367933400,2013-05-07 09:30,43.75,43.97,43.63,43.89,38933216
1368019800,2013-05-08 09:30,44.07001,44.27,44.03999,44.23,47973088
1368106200,2013-05-09 09:30,44.14999,44.19,43.69,43.91,40290448
1368192600,2013-05-10 09:30,43.62,43.67999,43.37,43.57001,44867520
1368451800,2013-05-13 09:30,43.31,43.34,43.13,43.17,51315264
1368538200,2013-05-14 09:30,43.34,43.56,43.28,43.37,39461008
1368624600,2013-05-15 09:30,43.27,43.45,43.16,43.38499,54677456
1368711000,2013-05-16 09:30,43.375,43.545,43.22,43.23,34833456
1368797400,2013-05-17 09:30,43.33,43.48,43.25,43.42,37786080
1369056600,2013-05-20 09:30,43.41,43.58,43.28999,43.53,33027232
1369143000,2013-05-21 09:30,43.45,43.645,43.16,43.44,39757744
1369229400,2013-05-22 09:30,43.56,43.955,42.8,42.96001,95248880
1369315800,2013-05-23 09:30,42.28,42.67999,42.05499,42.64,84327440
1369402200,2013-05-24 09:30,42.27,42.3,42.03,42.265,70236064
1369747800,2013-05-28 09:30,42.77499,42.86749,42.455,42.5,51418176
1369834200,2013-05-29 09:30,42.22,42.28999,41.92999,41.96001,71461376
1369920600,2013-05-30 09:30,41.895,42.24001,41.87,41.96001,57619376
1370007000,2013-05-31 09:30,41.62,41.67999,41.14,41.19501,109498256
1370266200,2013-06-03 09:30,41.39999,41.95,41.11,41.81,103868192
1370352600,2013-06-04 09:30,41.78999,41.83,41.17999,41.3,61790432
1370439000,2013-06-05 09:30,41.21001,41.28,40.53,40.56,88096368
1370525400,2013-06-06 09:30,40.5,40.94,40.39,40.89999,79390064
1370611800,2013-06-07 09:30,40.67,40.97,40.42999,40.69,83417184
1370871000,2013-06-10 09:30,40.33,40.33,39.985,40.14,94653632
1370957400,2013-06-11 09:30,39.32001,39.67,39.19,39.38,91970000
1371043800,2013-06-12 09:30,39.7,39.72,39.02,39.11,110464624
1371130200,2013-06-13 09:30,39.09,39.95,39.03,39.94,109955808
1371216600,2013-06-14 09:30,39.80499,39.905,39.2,39.31,101834880
1371475800,2013-06-17 09:30,39.75,39.92999,39.425,39.67,59802736
1371562200,2013-06-18 09:30,39.57001,39.87,39.46989,39.83501,57236944
1371648600,2013-06-19 09:30,39.53999,39.72,38.53999,38.61,106461120
1371735000,2013-06-20 09:30,37.685,37.69,36.43069,36.88,151379056
1371821400,2013-06-21 09:30,37.405,37.64,36.78,37.41,122377440
1372080600,2013-06-24 09:30,36.49001,37.03999,36.16,36.64999,105818128
1372167000,2013-06-25 09:30,37.27499,37.47,36.88,37.42999,81150128
1372253400,2013-06-26 09:30,37.72,38.17,37.71001,38.02,79737936
1372339800,2013-06-27 09:30,37.98,38.34,37.97,38.28,95787744
1372426200,2013-06-28 09:30,37.99001,38.60001,37.92999,38.5,92251568
1372685400,2013-07-01 09:30,38.67999,38.88,38.47,38.62,64189696
1372771800,2013-07-02 09:30,38.52,38.78,37.69,37.92999,91595744
1372858200,2013-07-03 09:30,37.395,37.91,37.355,37.58,51570784
1373031000,2013-07-05 09:30,37.64,37.69,36.98,37.34,94284688
1373290200,2013-07-08 09:30,37.34,37.67999,37.28,37.39,63868848
1373376600,2013-07-09 09:30,37.8,37.92999,37.52,37.88,68931808
1373463000,2013-07-10 09:30,37.7,37.95,37.48,37.52,72780816
1373549400,2013-07-11 09:30,38.91,39.39,38.71001,39.355,99049504
1373635800,2013-07-12 09:30,38.92,39.00999,38.75,38.94,48446400
1373895000,2013-07-15 09:30,39.14999,39.55,39.13,39.34,78941680
1373981400,2013-07-16 09:30,39.44,39.53999,39.14999,39.5,59925760
1374067800,2013-07-17 09:30,39.83,39.89999,39.69,39.86,64776832
1374154200,2013-07-18 09:30,39.61,39.73,39.33,39.39,63396752
1374240600,2013-07-19 09:30,39.33,39.34,39.13,39.27499,56381904
1374499800,2013-07-22 09:30,39.375,39.74001,39.23,39.67,60947840
1374586200,2013-07-23 09:30,40.05,40.24001,39.92999,40.10001,69873872
1374672600,2013-07-24 09:30,40.10001,40.11,39.45,39.69,73854064
1374759000,2013-07-25 09:30,39.56,39.96001,39.53999,39.92,45388000
1374845400,2013-07-26 09:30,39.7,39.88,39.39999,39.83,37847664
1375104600,2013-07-29 09:30,39.505,39.56,39.31,39.33,50233312
1375191000,2013-07-30 09:30,39.50999,39.53999,39.16,39.24001,38655408
1375277400,2013-07-31 09:30,38.92999,39.48,38.75999,39.00999,81128944
1375363800,2013-08-01 09:30,39.42999,39.86,39.35001,39.715,81917120
1375450200,2013-08-02 09:30,39.61,39.94,39.58,39.71001,46528128
1375709400,2013-08-05 09:30,39.575,39.59,39.295,39.46001,41164768
1375795800,2013-08-06 09:30,39.295,39.3,38.87,38.96001,51418192
1375882200,2013-08-07 09:30,38.59,38.75999,38.50999,38.53999,54242288
1375968600,2013-08-08 09:30,38.97,39.45,38.72,39.28,75526816
1376055000,2013-08-09 09:30,39.28999,39.59,39.28,39.36,56199568
1376314200,2013-08-12 09:30,39.52,39.88,39.52,39.72501,61381792
1376400600,2013-08-13 09:30,39.97501,40.09,39.77,39.97,61264048
1376487000,2013-08-14 09:30,40.13,40.2,40.03999,40.10001,48288096
1376573400,2013-08-15 09:30,39.59,39.72,39.22,39.64,59751840
1376659800,2013-08-16 09:30,39.67,39.74001,39.25,39.3,72808320
1376919000,2013-08-19 09:30,38.99001,39.03,38.53999,38.56,53831584
1377005400,2013-08-20 09:30,38.37,38.73,38.35001,38.49001,53697536
1377091800,2013-08-21 09:30,38.03,38.08,37.50999,37.59,108745744
1377178200,2013-08-22 09:30,38.00999,38.28,37.98,38.2,57470896
1377264600,2013-08-23 09:30,38.5,38.72,38.2701,38.64999,57345168
1377523800,2013-08-26 09:30,38.7,38.73,38.155,38.23,42255792
1377610200,2013-08-27 09:30,37.60001,37.67,37.27,37.355,89367056
1377696600,2013-08-28 09:30,37.28999,37.78999,37.17,37.42999,69410624
1377783000,2013-08-29 09:30,37.86501,38.16,37.64,37.72501,63988704
1377869400,2013-08-30 09:30,38.17,38.19,37.74001,38.02,104219936
1378215000,2013-09-03 09:30,38.57001,38.71001,38.17,38.25999,62694816
1378301400,2013-09-04 09:30,38.48,38.95,38.39999,38.935,60083376
1378387800,2013-09-05 09:30,38.97,39.5,38.92,39.39999,59046560
1378474200,2013-09-06 09:30,39.95,40.14,39.50999,39.97501,75420432
1378733400,2013-09-09 09:30,40.38,41.11,40.35001,41.035,116122192
1378819800,2013-09-10 09:30,41.27,41.42999,41.14999,41.345,80657056
1378906200,2013-09-11 09:30,41.17999,41.496,41.10001,41.37,73496496
1378992600,2013-09-12 09:30,41.22,41.25999,40.88,40.89,58466608
1379079000,2013-09-13 09:30,40.96001,41.21001,40.87,41.155,44927104
1379338200,2013-09-16 09:30,41.87,41.89999,41.52,41.62,69757056
1379424600,2013-09-17 09:30,41.63,41.69501,41.45,41.53,47001328
1379511000,2013-09-18 09:30,41.41,43.32001,41.23,43.27499,113379440
1379597400,2013-09-19 09:30,43.13,43.17,42.78,43.03999,100093120
1379683800,2013-09-20 09:30,42.84,42.84219,42.00999,42.075,77281744
1379943000,2013-09-23 09:30,42.14,42.38,42.07001,42.22501,61147744
1380029400,2013-09-24 09:30,42.07001,42.17,41.78999,41.87,43439264
1380115800,2013-09-25 09:30,41.87,41.89999,41.5,41.55,56353664
1380202200,2013-09-26 09:30,41.78999,41.94,41.49001,41.72,54419376
1380288600,2013-09-27 09:30,41.39,41.47,41.11,41.235,69040752
1380547800,2013-09-30 09:30,40.59,40.92,40.495,40.755,93884496
1380634200,2013-10-01 09:30,41.03999,41.59,41.00999,41.57001,62524736
1380720600,2013-10-02 09:30,41.37,41.75,41.23,41.72501,46986432
1380807000,2013-10-03 09:30,41.92999,42.02,41.27,41.57001,51161744
1380893400,2013-10-04 09:30,41.67,42.14999,41.60001,42.11,36780880
1381152600,2013-10-07 09:30,41.55991,41.925,41.52,41.75,51700464
1381239000,2013-10-08 09:30,41.89999,41.96001,41.31,41.35001,66220560
1381325400,2013-10-09 09:30,41.64,41.84,41.311,41.655,67258752
1381411800,2013-10-10 09:30,42.17999,42.715,42.14999,42.64,99094880
1381498200,2013-10-11 09:30,42.46001,42.8806,42.39,42.825,42764160
1381757400,2013-10-14 09:30,42.47,43.175,42.39999,43.08,43319792
1381843800,2013-10-15 09:30,42.89,43.03,42.55,42.66,54390528
1381930200,2013-10-16 09:30,42.87,43.17,42.8,42.995,64756688
1382016600,2013-10-17 09:30,42.955,43.31,42.89,43.265,58641328
1382103000,2013-10-18 09:30,43.46001,43.50999,43.25999,43.30901,55660464
1382362200,2013-10-21 09:30,43.34,43.405,43.14999,43.24001,44243744
1382448600,2013-10-22 09:30,43.545,43.91,43.49001,43.655,74995184
1382535000,2013-10-23 09:30,42.92999,42.98,42.62,42.64,69414880
1382621400,2013-10-24 09:30,42.88,42.88,42.485,42.55,57466896
1382707800,2013-10-25 09:30,42.58,42.83,42.465,42.745,45421808
1382967000,2013-10-28 09:30,42.81,43.07,42.77,43,44569395
1383053400,2013-10-29 09:30,43.15,43.22,43.09,43.135,32543697
1383139800,2013-10-30 09:30,43.31,43.31,42.71,42.9,55443055
1383226200,2013-10-31 09:30,43,43.01,42.44,42.455,68089033
1383312600,2013-11-01 09:30,42.615,42.71,42.21,42.475,83621931
1383575400,2013-11-04 09:30,42.56,42.755,42.55,42.74,35360707
1383661800,2013-11-05 09:30,42.19,42.25,41.85,41.88,73296067
1383748200,2013-11-06 09:30,42.19,42.24,41.98,42.01,61350146
1383834600,2013-11-07 09:30,42.09,42.11,41.16,41.25,94552303
1383921000,2013-11-08 09:30,41.01,41.18,40.7499,41.159,79167698
1384180200,2013-11-11 09:30,41.12,41.19,40.85,40.95,58497789
1384266600,2013-11-12 09:30,40.96,41.01,40.44,40.73,81457940
1384353000,2013-11-13 09:30,40.34,40.89,40.32,40.8,69898797
1384439400,2013-11-14 09:30,40.83,41.47,40.715,41.455,87796860
1384525800,2013-11-15 09:30,41.93,42.43,41.88,42.245,94071944
1384785000,2013-11-18 09:30,42.8,43.09,42.62,42.625,80445082
1384871400,2013-11-19 09:30,42.75,42.81,42.32,42.37,59573098
1384957800,2013-11-20 09:30,42.41,42.47,41.72,41.79,62636106
1385044200,2013-11-21 09:30,41.66,41.82,41.53,41.75,51404693
1385130600,2013-11-22 09:30,41.78,42.1,41.7,42.05,49745289
1385389800,2013-11-25 09:30,42.03,42.04,41.47,41.51,59686272
1385476200,2013-11-26 09:30,41.5,41.775,41.38,41.65,37990862
1385562600,2013-11-27 09:30,41.82,42.01,41.65,41.92,45419561
1385735400,2013-11-29 09:30,42.24,42.46,42.16,42.35,41826562
1385994600,2013-12-02 09:30,42.19,42.26,41.38,41.46,67975409
1386081000,2013-12-03 09:30,41.31,41.62,41.03,41.32,108127146
1386167400,2013-12-04 09:30,41.06,41.38,40.84,41.27,62378719
1386253800,2013-12-05 09:30,41.15,41.41,41.01,41.03,56729446
1386340200,2013-12-06 09:30,41.73,42.09,41.61,41.94,75512433
1386599400,2013-12-09 09:30,42.06,42.24,41.96,42,56373752
1386685800,2013-12-10 09:30,41.79,42.06,41.78,42.02,44351424
1386772200,2013-12-11 09:30,41.71,41.71,41.04,41.09,74628374
1386858600,2013-12-12 09:30,40.92,41,40.665,40.85,62076500
1386945000,2013-12-13 09:30,40.98,41.05,40.78,40.95,62277358
1387204200,2013-12-16 09:30,41.2001,41.51,41.16,41.215,59551594
1387290600,2013-12-17 09:30,41.165,41.17,40.83,40.86,53390909
1387377000,2013-12-18 09:30,40.77,41.68,40.14,41.3,107990515
1387463400,2013-12-19 09:30,40.575,40.7,40.22,40.54,70838155
1387549800,2013-12-20 09:30,40.54,40.75,40.44,40.48,86690774
1387809000,2013-12-23 09:30,40.81,40.97,40.7,40.78,56621738
1387895400,2013-12-24 09:30,40.97,41.08,40.94,41.02,18409004
1388068200,2013-12-26 09:30,40.85,40.91,40.65,40.67,24739826
1388154600,2013-12-27 09:30,41.09,41.31,41.03,41.3,35691026
1388413800,2013-12-30 09:30,41.36,41.54,41.31,41.48,39861703
1388500200,2013-12-31 09:30,41.58,41.85,41.5,41.795,38839313
1388673000,2014-01-02 09:30,41,41.01,40.15,40.19,138488360
1388759400,2014-01-03 09:30,40.39,40.4,39.94,40.12,83579679
1389018600,2014-01-06 09:30,39.96,39.96,39.73,39.74,55735007
1389105000,2014-01-07 09:30,39.945,40.09,39.79,39.91,57341433
1389191400,2014-01-08 09:30,39.97,40.01,39.66,39.78,63182542
1389277800,2014-01-09 09:30,39.65,39.72,39.26,39.57,74405122
1389364200,2014-01-10 09:30,39.8,40.42,39.79,40.27,110244164
1389623400,2014-01-13 09:30,40.35,40.4,39.68,39.79,62209485
1389709800,2014-01-14 09:30,40.01,40.34,39.83,40.22,75830664
1389796200,2014-01-15 09:30,40.19,40.31,40.12,40.21,47361841
1389882600,2014-01-16 09:30,40.16,40.26,39.9,39.99,56673870
1389969000,2014-01-17 09:30,39.97,39.98,39.74,39.79,61288198
1390314600,2014-01-21 09:30,40,40.05,39.56,39.73,46683021
1390401000,2014-01-22 09:30,40.06,40.27,39.88,40.26,56188311
1390487400,2014-01-23 09:30,39.77,39.77,38.99,39.27,109930307
1390573800,2014-01-24 09:30,38.75,38.78,38.2,38.24,127153810
1390833000,2014-01-27 09:30,38.29,38.37,37.765,38.09,118532287
1390919400,2014-01-28 09:30,38.34,38.5,38.2,38.33,86568659
1391005800,2014-01-29 09:30,37.83,38.2,37.59,37.78,142219092
1391092200,2014-01-30 09:30,38.32,38.41,37.99,38.13,84660556
1391178600,2014-01-31 09:30,37.68,38.27,37.58,38.19,102329496
1391437800,2014-02-03 09:30,37.86,37.92,37.05,37.11,123117136
1391524200,2014-02-04 09:30,37.72,38.09,37.62,37.86,138955432
1391610600,2014-02-05 09:30,37.7,37.96,37.45,37.72,86064852
1391697000,2014-02-06 09:30,37.99,38.57,37.99,38.51,99403083
1391783400,2014-02-07 09:30,38.81,38.92,38.52,38.73,80356633
1392042600,2014-02-10 09:30,38.56,38.59,38.13,38.3,68839448
1392129000,2014-02-11 09:30,38.51,39.215,38.5,39.13,93164751
1392215400,2014-02-12 09:30,39.39,39.58,39.02,39.14,68705651
1392301800,2014-02-13 09:30,38.57,39.21,38.57,39.18,50414896
1392388200,2014-02-14 09:30,39.45,39.87,39.38,39.66,69806333
1392733800,2014-02-18 09:30,39.64,39.72,39.27,39.29,69542516
1392820200,2014-02-19 09:30,39.14,39.46,38.93,39.02,101924704
1392906600,2014-02-20 09:30,38.98,39.25,38.74,39.16,71686253
1392993000,2014-02-21 09:30,39.37,39.59,39.28,39.43,66907628
1393252200,2014-02-24 09:30,39.39,39.78,39.34,39.43,58971135
1393338600,2014-02-25 09:30,39.35,39.44,38.87,38.98,77028588
1393425000,2014-02-26 09:30,39.2,39.28,38.85,39.01,59122516
1393511400,2014-02-27 09:30,39.36,39.82,39.28,39.75,67962107
1393597800,2014-02-28 09:30,39.78,39.84,39.22,39.48,88240602
1393857000,2014-03-03 09:30,38.72,38.94,38.49,38.78,98832125
1393943400,2014-03-04 09:30,39.53,39.59,39.27,39.44,63102949
1394029800,2014-03-05 09:30,39.32,39.53,39.25,39.47,42856824
1394116200,2014-03-06 09:30,39.83,40.22,39.82,40.03,86027532
1394202600,2014-03-07 09:30,39.85,39.87,39.28,39.52,66565576
1394458200,2014-03-10 09:30,39.26,39.27,38.92,39.25,57747080
1394544600,2014-03-11 09:30,39.31,39.43,38.71,38.81,72692598
1394631000,2014-03-12 09:30,38.58,38.93,38.46,38.89,56882798
1394717400,2014-03-13 09:30,38.98,39,38.03,38.19,79967392
1394803800,2014-03-14 09:30,38.25,38.62,38.25,38.4,64589778
1395063000,2014-03-17 09:30,38.74,38.96,38.74,38.87,57491956
1395149400,2014-03-18 09:30,38.96,39.43,38.93,39.41,68134923
1395235800,2014-03-19 09:30,39.13,39.305,38.4,38.57,95952980
1395322200,2014-03-20 09:30,38.31,38.82,38.17,38.74,60572255
1395408600,2014-03-21 09:30,39,39.45,38.93,38.98,86968929
1395667800,2014-03-24 09:30,39.33,39.45,39.085,39.36,54328111
1395754200,2014-03-25 09:30,39.76,39.96,39.64,39.81,93531373
1395840600,2014-03-26 09:30,40.16,40.29,39.88,39.9,91290279
1395927000,2014-03-27 09:30,40.05,40.48,40.03,40.42,73438906
1396013400,2014-03-28 09:30,40.78,41.02,40.69,40.74,67464403
1396272600,2014-03-31 09:30,40.99,41.25,40.97,41.01,75256086
1396359000,2014-04-01 09:30,41.4,41.49,41.24,41.49,65718465
1396445400,2014-04-02 09:30,41.33,41.61,41.27,41.57,44076331
1396531800,2014-04-03 09:30,41.38,41.44,41,41.41,84662350
1396618200,2014-04-04 09:30,41.85,42.13,41.24,41.3,127800667
1396877400,2014-04-07 09:30,41.34,41.59,41.24,41.475,60586217
1396963800,2014-04-08 09:30,42.06,42.26,41.82,41.96,107044060
1397050200,2014-04-09 09:30,42.01,42.47,41.725,42.28,71616995
1397136600,2014-04-10 09:30,42.27,42.42,41.78,41.83,74794953
1397223000,2014-04-11 09:30,41.54,41.89,41.53,41.83,76313827
1397482200,2014-04-14 09:30,41.96,41.97,41.53,41.741,44883446
1397568600,2014-04-15 09:30,41.48,41.51,40.6,41.11,155302075
1397655000,2014-04-16 09:30,41.31,41.67,41.21,41.63,64113142
1397741400,2014-04-17 09:30,41.67,42.15,41.55,42.01,69955323
1398087000,2014-04-21 09:30,41.95,41.96,41.641,41.75,29288544
1398173400,2014-04-22 09:30,41.8,41.86,41.62,41.64,43060039
1398259800,2014-04-23 09:30,41.44,41.46,41.1,41.34,58299271
1398346200,2014-04-24 09:30,41.37,41.39,41.0232,41.38,39310828
1398432600,2014-04-25 09:30,40.84,40.85,40.54,40.82,72614047
1398691800,2014-04-28 09:30,40.87,41.16,40.67,41.02,64020570
1398778200,2014-04-29 09:30,41.28,41.57,41.2568,41.41,71181609
1398864600,2014-04-30 09:30,41.09,41.33,41.04,41.33,49063136
1398951000,2014-05-01 09:30,41.275,41.48,41.08,41.38,31161437
1399037400,2014-05-02 09:30,41.3,41.73,41.27,41.61,63037514
1399296600,2014-05-05 09:30,41.32,41.415,41.2,41.38,26894801
1399383000,2014-05-06 09:30,41.42,41.81,41.4,41.57,41163074
1399469400,2014-05-07 09:30,41.45,41.8,41.38,41.79,43226516
1399555800,2014-05-08 09:30,41.91,42.04,41.69,41.69,49820304
1399642200,2014-05-09 09:30,41.73,41.83,41.56,41.62,43952987
1399901400,2014-05-12 09:30,42.23,42.35,42.07,42.32,63396523
1399987800,2014-05-13 09:30,42.39,42.66,42.33,42.48,53342459
1400074200,2014-05-14 09:30,42.72,42.92,42.66,42.78,57544661
1400160600,2014-05-15 09:30,42.72,42.73,42.23,42.38,56309407
1400247000,2014-05-16 09:30,42.74,43,42.62,42.94,70419590
1400506200,2014-05-19 09:30,42.88,43,42.84,42.94,32471544
1400592600,2014-05-20 09:30,42.78,42.88,42.48,42.59,63708788
1400679000,2014-05-21 09:30,42.82,42.94,42.79,42.92,50661329
1400765400,2014-05-22 09:30,43.12,43.22,43.04,43.22,51414981
1400851800,2014-05-23 09:30,43.16,43.29,43.12,43.14,55456061
1401197400,2014-05-27 09:30,42.96,43.03,42.63,42.77,40157336
1401283800,2014-05-28 09:30,42.99,43.11,42.84,43.02,45095397
1401370200,2014-05-29 09:30,43.13,43.205,43.02,43.14,28979598
1401456600,2014-05-30 09:30,42.87,42.92,42.46,42.55,72201895
1401715800,2014-06-02 09:30,42.73,42.82,42.65,42.68,33555010
1401802200,2014-06-03 09:30,42.73,43.04,42.72,42.92,38021728
1401888600,2014-06-04 09:30,42.63,42.76,42.56,42.68,25658118
1401975000,2014-06-05 09:30,43.07,43.2,42.9,43.13,41043616
1402061400,2014-06-06 09:30,43.48,43.66,43.41,43.56,45430044
1402320600,2014-06-09 09:30,43.51,43.7799,43.51,43.72,38995563
1402407000,2014-06-10 09:30,43.77,43.98,43.71,43.95,31574355
1402493400,2014-06-11 09:30,43.69,43.875,43.68,43.8,44722505
1402579800,2014-06-12 09:30,43.87,43.905,43.445,43.59,40266227
1402666200,2014-06-13 09:30,43.44,43.65,43.35,43.61,27554136
1402925400,2014-06-16 09:30,43.48,43.52,43.28,43.41,32040735
1403011800,2014-06-17 09:30,43.36,43.44,43.24,43.42,35013490
1403098200,2014-06-18 09:30,43.32,43.93,43.185,43.9,62132247
1403184600,2014-06-19 09:30,43.76,43.84,43.52,43.65,48497874
1403271000,2014-06-20 09:30,43.5,43.59,43.4,43.56,36743994
1403530200,2014-06-23 09:30,43.53,43.55,43.32,43.47,27608961
1403616600,2014-06-24 09:30,43.59,43.89,43.36,43.45,49440984
1403703000,2014-06-25 09:30,43.13,43.24,43,43.2,35940194
1403789400,2014-06-26 09:30,43.32,43.32,43.1,43.25,21874948
1403875800,2014-06-27 09:30,43.25,43.38,43.115,43.35,21988894
1404135000,2014-06-30 09:30,43.37,43.415,43.2,43.23,34343196
1404221400,2014-07-01 09:30,43.55,43.68,43.53,43.64,42222381
1404307800,2014-07-02 09:30,43.82,43.92,43.79,43.9,35955790
1404394200,2014-07-03 09:30,43.8,44.19,43.77,44.16,26627083
1404739800,2014-07-07 09:30,44.07,44.16,43.98,44.13,26962800
1404826200,2014-07-08 09:30,44.1,44.13,43.84,43.9325,29107068
1404912600,2014-07-09 09:30,43.95,44.23,43.9,44.18,29892621
1404999000,2014-07-10 09:30,43.54,43.955,43.43,43.94,43704017
1405085400,2014-07-11 09:30,43.76,43.97,43.73,43.89,32082732
1405344600,2014-07-14 09:30,44.15,44.24,44.07,44.23,23137062
1405431000,2014-07-15 09:30,44.27,44.32,43.99,44.2,38034166
1405517400,2014-07-16 09:30,44.42,44.47,44.25,44.31,26424026
1405603800,2014-07-17 09:30,44,44.08,43.4,43.48,66994887
1405690200,2014-07-18 09:30,44.1,44.26,43.9401,44.16,51872708
1405949400,2014-07-21 09:30,43.94,44.399,43.92,44.31,56036353
1406035800,2014-07-22 09:30,44.8,44.83,44.7,44.72,43480273
1406122200,2014-07-23 09:30,44.82,44.82,44.66,44.76,29647865
1406208600,2014-07-24 09:30,44.82,45,44.77,44.96,31503690
1406295000,2014-07-25 09:30,44.75,44.83,44.64,44.78,34409227
1406554200,2014-07-28 09:30,44.84,45.11,44.76,45.09,38243158
1406640600,2014-07-29 09:30,45.13,45.13,44.79,44.82,35723143
1406727000,2014-07-30 09:30,45.01,45.05,44.39,44.6,54179568
1406813400,2014-07-31 09:30,44.06,44.15,43.66,43.82,88185169
1406899800,2014-08-01 09:30,43.95,44.175,43.65,44.06,108801014
1407159000,2014-08-04 09:30,44.26,44.57,44.08,44.47,43920938
1407245400,2014-08-05 09:30,44.02,44.14,43.65,43.79,67276000
1407331800,2014-08-06 09:30,43.55,43.73,43.44,43.485,63565172
1407418200,2014-08-07 09:30,43.59,43.62,43.14,43.32,77764021
1407504600,2014-08-08 09:30,43.505,43.779,43.33,43.71,53612359
1407763800,2014-08-11 09:30,43.92,44.31,43.89,44.27,49923985
1407850200,2014-08-12 09:30,44.09,44.33,44.04,44.32,36824539
1407936600,2014-08-13 09:30,44.67,44.78,44.44,44.56,49491868
1408023000,2014-08-14 09:30,44.59,44.71,44.53,44.63,33152137
1408109400,2014-08-15 09:30,44.73,44.83,44.28,44.51,66006084
1408368600,2014-08-18 09:30,44.74,44.94,44.635,44.94,38362101
1408455000,2014-08-19 09:30,44.98,45.17,44.96,45.15,33592713
1408541400,2014-08-20 09:30,44.94,45.14,44.86,45.06,30890787
1408627800,2014-08-21 09:30,44.96,45.04,44.81,44.87,35476948
1408714200,2014-08-22 09:30,44.92,44.99,44.58,44.75,45995835
1408973400,2014-08-25 09:30,44.87,45.1,44.81,45.08,31989853
1409059800,2014-08-26 09:30,45.17,45.38,45.15,45.35,45918813
1409146200,2014-08-27 09:30,45.44,45.58,45.34,45.58,34239121
1409232600,2014-08-28 09:30,44.99,45.18,44.94,45.13,38158697
1409319000,2014-08-29 09:30,45.17,45.24,45,45.06,39793813
1409664600,2014-09-02 09:30,45.05,45.06,44.88,44.99,48128976
1409751000,2014-09-03 09:30,45.75,45.79,45.5,45.58,51700418
1409837400,2014-09-04 09:30,45.73,45.83,45.34,45.46,41676675
1409923800,2014-09-05 09:30,45.54,45.85,45.42,45.85,53037396
1410183000,2014-09-08 09:30,45.68,45.72,45.22,45.31,50222951
1410269400,2014-09-09 09:30,45.04,45.14,44.56,44.75,85940610
1410355800,2014-09-10 09:30,44.33,44.64,44.23,44.56,57440068
1410442200,2014-09-11 09:30,44.25,44.33,44.19,44.26,70624497
1410528600,2014-09-12 09:30,43.99,44,43.6401,43.79,85786015
1410787800,2014-09-15 09:30,43.66,43.71,43.44,43.57,68507793
1410874200,2014-09-16 09:30,43.53,44.44,43.5,44.14,97318581
1410960600,2014-09-17 09:30,44.195,44.27,43.72,43.73,76121704
1411047000,2014-09-18 09:30,43.87,43.95,43.73,43.79,50513912
1411133400,2014-09-19 09:30,43.92,43.97,43.35,43.46,88033081
1411392600,2014-09-22 09:30,43.08,43.13,42.61,42.8,83094024
1411479000,2014-09-23 09:30,42.7,42.9,42.5,42.56,82990709
1411565400,2014-09-24 09:30,42.87,43.26,42.66,43.17,55218861
1411651800,2014-09-25 09:30,42.51,42.53,42.12,42.23,68810746
1411738200,2014-09-26 09:30,42.27,42.57,42.21,42.42,54551815
1411997400,2014-09-29 09:30,41.37,41.77,41.36,41.56,74209568
1412083800,2014-09-30 09:30,41.45,41.64,41.36,41.56,87704450
1412170200,2014-10-01 09:30,41.34,41.375,40.7,40.71,109935982
1412256600,2014-10-02 09:30,40.86,41.215,40.37,40.93,92886394
1412343000,2014-10-03 09:30,41.08,41.39,40.89,41.28,61010963
1412602200,2014-10-06 09:30,42.12,42.16,41.81,41.82,84259616
1412688600,2014-10-07 09:30,41.76,41.865,41.45,41.45,41767475
1412775000,2014-10-08 09:30,41.53,42.15,41.06,42.07,90903024
1412861400,2014-10-09 09:30,41.9,41.95,41.27,41.41,82942796
1412947800,2014-10-10 09:30,40.96,41.1,40.47,40.51,104177298
1413207000,2014-10-13 09:30,41.2,41.5,40.9,40.92,89760992
1413293400,2014-10-14 09:30,41.06,41.42,40.84,41.16,71636692
1413379800,2014-10-15 09:30,40.6,40.81,39.78,40.64,122284529
1413466200,2014-10-16 09:30,39.7,40.72,39.68,40.27,101076490
1413552600,2014-10-17 09:30,40.71,41,40.48,40.72,73616371
1413811800,2014-10-20 09:30,40.68,40.89,40.59,40.84,50854731
1413898200,2014-10-21 09:30,40.76,41.17,40.73,41.0099,49877254
1413984600,2014-10-22 09:30,40.96,41.04,40.6,40.74,50711590
1414071000,2014-10-23 09:30,40.84,40.97,40.68,40.73,43661609
1414157400,2014-10-24 09:30,40.77,41.215,40.74,41.02,43724663
1414416600,2014-10-27 09:30,40.37,40.76,40.28,40.7,44793234
1414503000,2014-10-28 09:30,41.19,41.64,41.18,41.52,73891720
1414589400,2014-10-29 09:30,41.91,42.02,41.32,41.58,75309238
1414675800,2014-10-30 09:30,41.66,42.14,41.66,41.97,54208151
1414762200,2014-10-31 09:30,42.16,42.33,41.995,42.15,108786282
1415025000,2014-11-03 09:30,42.01,42.035,41.7,41.8,59606582
1415111400,2014-11-04 09:30,41.85,41.88,41.55,41.84,41428198
1415197800,2014-11-05 09:30,41.5,41.545,41.23,41.47,48726561
1415284200,2014-11-06 09:30,41.35,41.41,40.94,40.96,52054353
1415370600,2014-11-07 09:30,41.08,41.28,41.01,41.22,42327528
1415629800,2014-11-10 09:30,41.66,41.69,41.3,41.33,45891646
1415716200,2014-11-11 09:30,41.2,41.36,41.14,41.29,28394984
1415802600,2014-11-12 09:30,41.31,41.5,41.17,41.21,25122319
1415889000,2014-11-13 09:30,41.39,41.405,40.99,41.1,30709793
1415975400,2014-11-14 09:30,41.03,41.46,40.995,41.44,47386412
1416234600,2014-11-17 09:30,41.09,41.09,40.92,41,38237751
1416321000,2014-11-18 09:30,41.06,41.25,41.05,41.22,23114458
1416407400,2014-11-19 09:30,41.09,41.36,40.91,41.2,49215328
1416493800,2014-11-20 09:30,41.17,41.32,41.1,41.13,28926175
1416580200,2014-11-21 09:30,42.19,42.46,41.98,42.44,111455167
1416839400,2014-11-24 09:30,42.21,42.23,42.05,42.09,38061314
1416925800,2014-11-25 09:30,42.16,42.2,41.79,41.82,43794310
1417012200,2014-11-26 09:30,42.19,42.38,42.15,42.349,30953292
1417185000,2014-11-28 09:30,41.87,41.88,41.48,41.5,49144671
1417444200,2014-12-01 09:30,41.05,41.06,40.74,40.79,75105884
1417530600,2014-12-02 09:30,40.91,40.95,40.74,40.78,47273320
1417617000,2014-12-03 09:30,40.88,41.055,40.84,40.89,37508283
1417703400,2014-12-04 09:30,41.08,41.1,40.87,40.96,31459900
1417789800,2014-12-05 09:30,40.76,41,40.67,40.88,32496263
1418049000,2014-12-08 09:30,40.61,40.62,40.22,40.28,43437853
1418135400,2014-12-09 09:30,39.8,39.93,39.67,39.9,54564138
1418221800,2014-12-10 09:30,39.79,39.8,39.27,39.31,55591679
1418308200,2014-12-11 09:30,39.14,39.35,38.92,38.98,65853686
1418394600,2014-12-12 09:30,38.9,38.91,38.33,38.34,79274575
1418653800,2014-12-15 09:30,38.42,38.45,37.59,37.79,93921700
1418740200,2014-12-16 09:30,37.37,38.315,37.225,37.73,117074114
1418826600,2014-12-17 09:30,37.35,38.55,37.31,38.05,119530839
1418913000,2014-12-18 09:30,38.63,38.87,38.31,38.57,70091393
1418999400,2014-12-19 09:30,38.64,39.02,38.63,38.84,61239644
1419258600,2014-12-22 09:30,39.31,39.45,39.23,39.38,47398461
1419345000,2014-12-23 09:30,39.06,39.09,38.8,39.02,52339345
1419431400,2014-12-24 09:30,39.09,39.16,38.92,39.11,21433907
1419604200,2014-12-26 09:30,39.47,39.63,39.39,39.42,28723046
1419863400,2014-12-29 09:30,39.43,39.51,39.18,39.18,38964338
1419949800,2014-12-30 09:30,39.13,39.34,39.12,39.26,32332735
1420036200,2014-12-31 09:30,39.47,39.49,39.21,39.29,34940694
1420209000,2015-01-02 09:30,39.19,39.21,38.675,38.77,65009964
1420468200,2015-01-05 09:30,38.52,38.52,38.02,38.08,83166552
1420554600,2015-01-06 09:30,38.09,38.26,37.72,37.92,52066122
1420641000,2015-01-07 09:30,38.57,38.77,38.44,38.74,64948658
1420727400,2015-01-08 09:30,39.31,39.58,39.26,39.4,55081573
1420813800,2015-01-09 09:30,39.52,39.5399,39.15,39.27,38550074
1421073000,2015-01-12 09:30,39.15,39.2,38.9,38.95,55381813
1421159400,2015-01-13 09:30,39.45,39.65,38.97,39.29,55565632
1421245800,2015-01-14 09:30,38.86,39.16,38.76,39.07,83761032
1421332200,2015-01-15 09:30,39.59,39.725,39.1,39.16,57441569
1421418600,2015-01-16 09:30,39.13,39.54,39.07,39.49,72675158
1421764200,2015-01-20 09:30,39.41,39.46,39.22,39.43,57716857
1421850600,2015-01-21 09:30,39.76,40.34,39.74,40.3,74714921
1421937000,2015-01-22 09:30,40.51,41.11,40.32,41.07,95318358
1422023400,2015-01-23 09:30,40.82,40.96,40.74,40.76,52368148
1422282600,2015-01-26 09:30,40.63,40.91,40.57,40.78,47266132
1422369000,2015-01-27 09:30,40.3,40.66,40.29,40.56,42525180
1422455400,2015-01-28 09:30,40.46,40.5,40.01,40.12,56697952
1422541800,2015-01-29 09:30,40.07,40.15,39.72,40.12,53124382
1422628200,2015-01-30 09:30,39.3,39.55,39.02,39.02,103745394
1422887400,2015-02-02 09:30,39.53,39.87,39.44,39.72,50443565
1422973800,2015-02-03 09:30,40.16,40.52,40.11,40.47,48552665
1423060200,2015-02-04 09:30,40.425,40.64,40.21,40.27,34900718
1423146600,2015-02-05 09:30,40.15,40.54,40.14,40.51,32092387
1423233000,2015-02-06 09:30,39.91,40.12,39.71,39.82,64291989
1423492200,2015-02-09 09:30,39.69,39.89,39.68,39.76,35632498
1423578600,2015-02-10 09:30,39.63,39.72,39.5,39.66,46949411
1423665000,2015-02-11 09:30,39.34,39.49,39.1,39.37,44240290
1423751400,2015-02-12 09:30,39.8,40.27,39.77,40.21,55855430
1423837800,2015-02-13 09:30,40.43,40.69,40.43,40.67,44640020
1424183400,2015-02-17 09:30,40.55,40.6,40.24,40.58,30152771
1424269800,2015-02-18 09:30,40.38,40.64,40.27,40.57,36036679
1424356200,2015-02-19 09:30,40.24,40.61,40.2,40.4,38785755
1424442600,2015-02-20 09:30,40.25,40.725,40.16,40.67,32542663
1424701800,2015-02-23 09:30,40.42,40.46,40.17,40.26,34091726
1424788200,2015-02-24 09:30,40.48,40.96,40.26,40.84,64630530
1424874600,2015-02-25 09:30,40.72,40.865,40.67,40.76,28592485
1424961000,2015-02-26 09:30,40.81,40.87,40.7039,40.77,25889805
1425047400,2015-02-27 09:30,40.69,41,40.69,40.74,43207622
1425306600,2015-03-02 09:30,40.64,40.71,40.53,40.68,36669942
1425393000,2015-03-03 09:30,40.44,40.49,40.35,40.365,40406088
1425479400,2015-03-04 09:30,40.05,40.07,39.76,39.93,51564422
1425565800,2015-03-05 09:30,40,40.07,39.74,39.87,33714036
1425652200,2015-03-06 09:30,39.54,39.62,39.17,39.26,72516867
1425907800,2015-03-09 09:30,39.24,39.27,39.11,39.11,34915606
1425994200,2015-03-10 09:30,38.52,38.55,38.22,38.24,84229634
1426080600,2015-03-11 09:30,38.47,38.6,38.36,38.53,47978744
1426167000,2015-03-12 09:30,39.04,39.08,38.705,38.77,46829691
1426253400,2015-03-13 09:30,38.47,38.47,38.065,38.3,69885193
1426512600,2015-03-16 09:30,38.68,38.8,38.595,38.76,50569897
1426599000,2015-03-17 09:30,38.8,39.23,38.76,39.21,53697707
1426685400,2015-03-18 09:30,39.12,40.3,39.04,40.17,101688185
1426771800,2015-03-19 09:30,39.8,39.81,39.365,39.49,64499905
1426858200,2015-03-20 09:30,39.87,40.17,39.84,40.08,67345317
1427117400,2015-03-23 09:30,40.16,40.27,40,40.2,35502717
1427203800,2015-03-24 09:30,40.25,40.38,40.2001,40.36,45280301
1427290200,2015-03-25 09:30,40.35,40.39,39.69,39.72,49779870
1427376600,2015-03-26 09:30,39.53,39.57,39.19,39.35,76980147
1427463000,2015-03-27 09:30,39.36,39.5,39.28,39.46,42211959
1427722200,2015-03-30 09:30,39.92,40.3,39.9,40.22,51535681
1427808600,2015-03-31 09:30,39.97,40.1872,39.85,40.13,47508781
1427895000,2015-04-01 09:30,40.45,40.68,40.36,40.63,56392696
1427981400,2015-04-02 09:30,40.98,41.34,40.9,41.24,62389157
1428327000,2015-04-06 09:30,41.63,42,41.59,41.77,54678351
1428413400,2015-04-07 09:30,41.68,41.8,41.55,41.56,33279469
1428499800,2015-04-08 09:30,42.52,42.59,42.195,42.43,65023086
1428586200,2015-04-09 09:30,42.68,42.87,42.53,42.85,52128782
1428672600,2015-04-10 09:30,42.66,42.89,42.63,42.88,49898997
1428931800,2015-04-13 09:30,42.96,43.11,42.605,42.63,55031113
1429018200,2015-04-14 09:30,42.73,42.91,42.54,42.82,42601075
1429104600,2015-04-15 09:30,42.81,43.14,42.73,43.12,40254654
1429191000,2015-04-16 09:30,43.24,43.71,43.17,43.46,55057686
1429277400,2015-04-17 09:30,42.55,42.77,42.445,42.7,76687966
1429536600,2015-04-20 09:30,42.65,42.79,42.62,42.66,28811270
1429623000,2015-04-21 09:30,43.02,43.105,42.89,42.91,33309127
1429709400,2015-04-22 09:30,43.2,43.41,43.09,43.37,29271870
1429795800,2015-04-23 09:30,43.26,43.79,43.24,43.69,32056529
1429882200,2015-04-24 09:30,43.87,43.9,43.78,43.845,44030105
1430141400,2015-04-27 09:30,44.02,44.12,43.93,44.02,41819295
1430227800,2015-04-28 09:30,44.04,44.186,43.895,44.09,32442123
1430314200,2015-04-29 09:30,43.65,43.77,43.42,43.54,45752880
1430400600,2015-04-30 09:30,43.19,43.2,42.87,42.88,98330169
1430487000,2015-05-01 09:30,43.09,43.26,42.87,43.14,44928908
1430746200,2015-05-04 09:30,43.16,43.46,43.135,43.39,31314266
1430832600,2015-05-05 09:30,43.19,43.25,42.91,42.92,38738669
1430919000,2015-05-06 09:30,42.98,43.02,42.31,42.39,52439672
1431005400,2015-05-07 09:30,42.14,42.34,42.06,42.33,44347001
1431091800,2015-05-08 09:30,42.82,43.07,42.69,42.87,56822757
1431351000,2015-05-11 09:30,42.82,42.89,42.42,42.46,34705391
1431437400,2015-05-12 09:30,42.13,42.43,42.1,42.32,38432527
1431523800,2015-05-13 09:30,42.71,42.79,42.37,42.4,41156732
1431610200,2015-05-14 09:30,42.69,42.89,42.63,42.82,37071444
1431696600,2015-05-15 09:30,42.79,43.16,42.69,43.15,40940652
1431955800,2015-05-18 09:30,42.91,42.93,42.69,42.71,35675332
1432042200,2015-05-19 09:30,42.81,42.84,42.7,42.78,32065337
1432128600,2015-05-20 09:30,42.69,42.87,42.54,42.75,37659249
1432215000,2015-05-21 09:30,42.44,42.63,42.38,42.6,27575693
1432301400,2015-05-22 09:30,42.82,42.87,42.65,42.74,37907045
1432647000,2015-05-26 09:30,42.47,42.475,41.93,42.06,51008619
1432733400,2015-05-27 09:30,41.73,42.1,41.66,42.07,35464679
1432819800,2015-05-28 09:30,41.43,41.57,41.28,41.52,42689075
1432906200,2015-05-29 09:30,41.45,41.49,41.07,41.12,59462243
1433165400,2015-06-01 09:30,41.14,41.16,40.87,40.96,52509734
1433251800,2015-06-02 09:30,40.92,41.2998,40.86,41.12,42331686
1433338200,2015-06-03 09:30,40.94,41.06,40.81,40.91,39291397
1433424600,2015-06-04 09:30,40.55,40.68,40.27,40.29,46637320
1433511000,2015-06-05 09:30,39.98,40.31,39.905,40.11,51982787
1433770200,2015-06-08 09:30,40.17,40.22,40.06,40.1,34008201
1433856600,2015-06-09 09:30,39.94,39.97,39.81,39.86,33384139
1433943000,2015-06-10 09:30,40.24,40.49,40.22,40.44,64828098
1434029400,2015-06-11 09:30,40.34,40.355,40.13,40.24,33807975
1434115800,2015-06-12 09:30,40.25,40.29,40.12,40.24,40975874
1434375000,2015-06-15 09:30,39.76,39.84,39.665,39.79,34097030
1434461400,2015-06-16 09:30,39.65,39.86,39.57,39.8,33605930
1434547800,2015-06-17 09:30,39.81,40.27,39.58,40.04,70505902
1434634200,2015-06-18 09:30,40.35,40.56,40.28,40.41,60019026
1434720600,2015-06-19 09:30,40.22,40.36,40.06,40.06,55891699
1434979800,2015-06-22 09:30,40.75,40.77,40.59,40.64,45009751
1435066200,2015-06-23 09:30,40.8,41.06,40.79,41.04,40579117
1435152600,2015-06-24 09:30,41,41.07,40.75,40.75,56107139
1435239000,2015-06-25 09:30,40.5,40.52,40.28,40.31,33663820
1435325400,2015-06-26 09:30,39.95,40.15,39.89,39.93,34721454
1435584600,2015-06-29 09:30,39.29,39.44,39.03,39.04,59610844
1435671000,2015-06-30 09:30,39.74,39.76,39.48,39.62,61266600
1435757400,2015-07-01 09:30,39.84,39.86,39.5,39.59,38622342
1435843800,2015-07-02 09:30,39.83,40.02,39.75,39.78,34085776
1436189400,2015-07-06 09:30,38.72,38.94,38.515,38.67,66892535
1436275800,2015-07-07 09:30,37.94,38.16,37.41,38.09,100698454
1436362200,2015-07-08 09:30,37.08,37.25,36.715,36.78,93898992
1436448600,2015-07-09 09:30,37.9,38.03,37.48,37.49,72889004
1436535000,2015-07-10 09:30,38.43,38.57,38.185,38.44,64726560
1436794200,2015-07-13 09:30,38.69,38.79,38.595,38.7,43846188
1436880600,2015-07-14 09:30,38.52,38.8,38.48,38.77,30252213
1436967000,2015-07-15 09:30,38.53,38.56,38.29,38.33,44039354
1437053400,2015-07-16 09:30,38.76,38.865,38.65,38.81,36217609
1437139800,2015-07-17 09:30,38.87,38.88,38.69,38.76,35714808
1437399000,2015-07-20 09:30,38.39,38.59,38.22,38.51,31706957
1437485400,2015-07-21 09:30,38.68,38.71,38.495,38.52,27625403
1437571800,2015-07-22 09:30,38.2,38.21,37.93,37.97,39326826
1437658200,2015-07-23 09:30,37.95,37.98,37.565,37.6,42787708
1437744600,2015-07-24 09:30,37.29,37.3,36.87,37.06,55194159
1438003800,2015-07-27 09:30,36.44,36.575,36.27,36.36,73051830
1438090200,2015-07-28 09:30,36.64,36.76,36.4,36.73,49701293
1438176600,2015-07-29 09:30,36.82,37.25,36.71,37.09,61119894
1438263000,2015-07-30 09:30,36.68,36.79,36.49,36.72,44051375
1438349400,2015-07-31 09:30,37.065,37.2561,36.97,37.12,85020490
1438608600,2015-08-03 09:30,36.67,36.7,36.36,36.5,45674666
1438695000,2015-08-04 09:30,36.81,36.93,36.52,36.63,38618375
1438781400,2015-08-05 09:30,36.975,37.01,36.57,36.64,30785329
1438867800,2015-08-06 09:30,36.45,36.47,36.22,36.32,42182275
1438954200,2015-08-07 09:30,36.32,36.46,36.22,36.3,37027158
1439213400,2015-08-10 09:30,36.52,36.99,36.48,36.91,43071886
1439299800,2015-08-11 09:30,36.04,36.15,35.78,36.1,58642542
1439386200,2015-08-12 09:30,35.45,35.55,35.25,35.54,64539958
1439472600,2015-08-13 09:30,35.55,35.705,35.42,35.48,58165632
1439559000,2015-08-14 09:30,35.57,35.68,35.49,35.53,35715206
1439818200,2015-08-17 09:30,35.02,35.18,34.95,35.14,42609469
1439904600,2015-08-18 09:30,34.75,34.85,34.64,34.76,42639480
1439991000,2015-08-19 09:30,34.5,34.68,34.045,34.33,112308575
1440077400,2015-08-20 09:30,33.87,33.97,33.7,33.79,116628642
1440163800,2015-08-21 09:30,33.29,33.45,32.71,32.75,129140197
1440423000,2015-08-24 09:30,30.53,32.22,30,31.32,218802277
1440509400,2015-08-25 09:30,33.26,33.28,31.72,31.72,135001767
1440595800,2015-08-26 09:30,32.51,32.9,31.91,32.77,134618542
1440682200,2015-08-27 09:30,33.41,34.28,33.4,34.22,144856251
1440768600,2015-08-28 09:30,33.7,34.01,33.59,33.78,68659175
1441027800,2015-08-31 09:30,33.53,33.9,33.245,33.84,98538591
1441114200,2015-09-01 09:30,32.81,33.02,32.36,32.53,83635912
1441200600,2015-09-02 09:30,33.04,33.05,32.6315,33,55550982
1441287000,2015-09-03 09:30,33.06,33.565,33.01,33.13,67468224
1441373400,2015-09-04 09:30,32.51,32.61,31.945,32.14,81962808
1441719000,2015-09-08 09:30,33.02,33.21,32.86,33.16,53584297
1441805400,2015-09-09 09:30,33.78,33.84,32.99,32.99,56389186
1441891800,2015-09-10 09:30,33.08,33.53,32.9997,33.33,49745400
1441978200,2015-09-11 09:30,33.235,33.5,33.17,33.46,42195874
1442237400,2015-09-14 09:30,33.35,33.45,33.15,33.41,39313763
1442323800,2015-09-15 09:30,33.4,33.82,33.36,33.73,51913629
1442410200,2015-09-16 09:30,34.28,34.69,34.23,34.55,85209588
1442496600,2015-09-17 09:30,34.28,35.35,34.26,34.47,105902366
1442583000,2015-09-18 09:30,34.13,34.375,33.69,33.83,90964930
1442842200,2015-09-21 09:30,33.84,33.905,33.64,33.77,45318262
1442928600,2015-09-22 09:30,33.04,33.17,32.88,33.14,58874115
1443015000,2015-09-23 09:30,32.99,33.03,32.6,32.61,44721041
1443101400,2015-09-24 09:30,32.1,32.6272,31.94,32.47,79880757
1443187800,2015-09-25 09:30,32.935,32.94,32.351,32.4,59861594
1443447000,2015-09-28 09:30,32.14,32.15,31.61,31.71,58659482
1443533400,2015-09-29 09:30,31.82,32.02,31.64,31.86,52829467
1443619800,2015-09-30 09:30,32.69,32.85,32.48,32.78,80422192
1443706200,2015-10-01 09:30,33.05,33.12,32.71,32.96,48402553
1443792600,2015-10-02 09:30,32.81,33.85,32.69,33.84,83904650
1444051800,2015-10-05 09:30,34.23,34.59,34.17,34.57,77868979
1444138200,2015-10-06 09:30,34.45,34.59,34.32,34.51,47313421
1444224600,2015-10-07 09:30,35.36,35.65,35.16,35.43,97905926
1444311000,2015-10-08 09:30,35.22,35.86,35.18,35.81,64163639
1444397400,2015-10-09 09:30,36.17,36.26,35.77,35.94,61563411
1444656600,2015-10-12 09:30,36,36.02,35.63,35.67,44030151
1444743000,2015-10-13 09:30,35.25,35.55,35.06,35.09,72241640
1444829400,2015-10-14 09:30,35.34,35.525,35.24,35.36,57724924
1444915800,2015-10-15 09:30,35.94,36.24,35.7337,36.22,60410755
1445002200,2015-10-16 09:30,36.09,36.26,35.9,36.25,65003777
1445261400,2015-10-19 09:30,35.87,35.9,35.7,35.88,52354553
1445347800,2015-10-20 09:30,35.79,35.93,35.71,35.87,44212504
1445434200,2015-10-21 09:30,35.64,35.67,35.33,35.35,55037001
1445520600,2015-10-22 09:30,35.72,36.16,35.72,36.08,56963309
1445607000,2015-10-23 09:30,36.35,36.42,36.145,36.29,53726991
1445866200,2015-10-26 09:30,36.11,36.13,35.915,35.96,41789192
1445952600,2015-10-27 09:30,35.58,35.71,35.47,35.55,56392847
1446039000,2015-10-28 09:30,35.63,35.8,34.94,35.14,125416012
1446125400,2015-10-29 09:30,34.8,34.97,34.74,34.81,63886035
1446211800,2015-10-30 09:30,35.07,35.08,34.85,34.87,72076025
1446474600,2015-11-02 09:30,35.17,35.56,35.15,35.56,51896475
1446561000,2015-11-03 09:30,35.46,36.17,35.45,36.03,68335371
1446647400,2015-11-04 09:30,36.25,36.27,35.63,35.74,69243647
1446733800,2015-11-05 09:30,35.71,35.92,35.57,35.8,43303022
1446820200,2015-11-06 09:30,35.01,35.35,34.82,35.3,65547223
1447079400,2015-11-09 09:30,34.79,34.91,34.34,34.42,76448575
1447165800,2015-11-10 09:30,34.27,34.36,34.12,34.27,53876189
1447252200,2015-11-11 09:30,34.54,34.5462,34.275,34.34,34433080
1447338600,2015-11-12 09:30,34.19,34.42,33.98,34.01,53097924
1447425000,2015-11-13 09:30,33.775,33.81,33.44,33.54,72046830
1447684200,2015-11-16 09:30,33.64,34.2,33.58,34.19,61895258
1447770600,2015-11-17 09:30,34.24,34.295,34.03,34.09,58447537
1447857000,2015-11-18 09:30,34.045,34.5,34.02,34.4592,48166088
1447943400,2015-11-19 09:30,34.68,34.86,34.62,34.77,68973856
1448029800,2015-11-20 09:30,35.11,35.3,35.01,35.12,73122394
1448289000,2015-11-23 09:30,34.97,35.04,34.7601,34.79,55352079
1448375400,2015-11-24 09:30,34.555,35.03,34.525,34.97,62017473
1448461800,2015-11-25 09:30,34.75,34.78,34.57,34.7,37938276
1448634600,2015-11-27 09:30,34.24,34.25,33.9,33.94,54817150
1448893800,2015-11-30 09:30,33.85,34.03,33.77,33.99,91134922
1448980200,2015-12-01 09:30,34.16,34.3,34.09,34.25,56692143
1449066600,2015-12-02 09:30,34.05,34.1,33.7,33.84,59090997
1449153000,2015-12-03 09:30,33.965,33.99,33.52,33.65,52692538
1449239400,2015-12-04 09:30,33.37,33.94,33.37,33.88,79516410
1449498600,2015-12-07 09:30,33.56,33.58,33.23,33.317,47613079
1449585000,2015-12-08 09:30,32.64,32.98,32.56,32.95,71352240
1449671400,2015-12-09 09:30,32.85,33.19,32.605,32.68,66422844
1449757800,2015-12-10 09:30,32.585,32.72,32.39,32.4592,59281044
1449844200,2015-12-11 09:30,31.79,31.825,31.5,31.55,89805968
1450103400,2015-12-14 09:30,31.88,32.08,31.59,32.06,83798020
1450189800,2015-12-15 09:30,32.46,32.68,32.45,32.55,78124349
1450276200,2015-12-16 09:30,32.8,33.36,32.66,33.19,105082176
1450362600,2015-12-17 09:30,33.21,33.24,32.76,32.76,93646702
1450449000,2015-12-18 09:30,32.77,32.86,32.58,32.65,96868868
1450708200,2015-12-21 09:30,32.46,32.49,32.17,32.4,64002428
1450794600,2015-12-22 09:30,32.41,32.675,32.37,32.66,49664557
1450881000,2015-12-23 09:30,32.905,33.15,32.9,33.12,47463979
1450967400,2015-12-24 09:30,32.93,33.06,32.91,33,21532667
1451313000,2015-12-28 09:30,32.74,32.79,32.63,32.77,38299217
1451399400,2015-12-29 09:30,32.86,32.93,32.76,32.8,43931475
1451485800,2015-12-30 09:30,32.48,32.53,32.27,32.29,51320045
1451572200,2015-12-31 09:30,32.29,32.417,32.18,32.19,44184697
1451917800,2016-01-04 09:30,31.35,31.38,31.05,31.31,83489056
1452004200,2016-01-05 09:30,31.45,31.5,31.3,31.38,57773894
1452090600,2016-01-06 09:30,30.79,30.99,30.66,30.7792,65835110
1452177000,2016-01-07 09:30,29.99,30.41,29.81,29.83,88974694
1452263400,2016-01-08 09:30,30.025,30.135,29.5,29.51,73528022
1452522600,2016-01-11 09:30,29.79,29.81,29.23,29.5,56225509
1452609000,2016-01-12 09:30,29.705,29.85,29.35,29.56,61357495
1452695400,2016-01-13 09:30,29.9,30,29.18,29.25,71788667
1452781800,2016-01-14 09:30,29.28,29.74,29.06,29.63,65521213
1452868200,2016-01-15 09:30,28.47,28.65,28.08,28.455,117573941
1453213800,2016-01-19 09:30,29.2,29.24,28.66,28.88,79535127
1453300200,2016-01-20 09:30,28.17,28.46,27.61,28.25,103223537
1453386600,2016-01-21 09:30,28.24,28.73,28.03,28.36,81845885
1453473000,2016-01-22 09:30,29.26,29.34,29.06,29.33,75886562
1453732200,2016-01-25 09:30,29.13,29.25,28.81,28.825,59623302
1453818600,2016-01-26 09:30,28.99,29.295,28.935,29.25,60020081
1453905000,2016-01-27 09:30,29.24,29.5599,28.95,29.15,74020200
1453991400,2016-01-28 09:30,29.72,29.785,29.355,29.61,84739859
1454077800,2016-01-29 09:30,30.08,30.595,30.05,30.57,81973841
1454337000,2016-02-01 09:30,30.055,30.365,29.975,30.28,43254606
1454423400,2016-02-02 09:30,29.78,29.82,29.22,29.3,75516023
1454509800,2016-02-03 09:30,29.61,30.15,29.12,30.13,117143203
1454596200,2016-02-04 09:30,30.36,30.74,30.165,30.36,99923322
1454682600,2016-02-05 09:30,30.24,30.34,29.89,30.01,70370692
1454941800,2016-02-08 09:30,29.55,29.735,29.25,29.6,72716781
1455028200,2016-02-09 09:30,29.04,29.53,28.89,29.19,67275702
1455114600,2016-02-10 09:30,29.52,29.85,29.3,29.31,67192394
1455201000,2016-02-11 09:30,28.72,29.02,28.6,28.82,86795536
1455287400,2016-02-12 09:30,29.07,29.33,28.93,29.32,68435953
1455633000,2016-02-16 09:30,29.87,30.01,29.743,29.97,54396229
1455719400,2016-02-17 09:30,30.24,30.63,30.21,30.56,69297618
1455805800,2016-02-18 09:30,30.67,30.67,30.31,30.38,59141156
1455892200,2016-02-19 09:30,30.19,30.39,30.075,30.24,59068967
1456151400,2016-02-22 09:30,30.75,30.99,30.7,30.99,42673436
1456237800,2016-02-23 09:30,30.64,30.69,30.29,30.33,54666101
1456324200,2016-02-24 09:30,29.84,30.365,29.67,30.26,59334180
1456410600,2016-02-25 09:30,30.22,30.4,29.995,30.36,45895149
1456497000,2016-02-26 09:30,30.56,30.58,30.03,30.06,54635593
1456756200,2016-02-29 09:30,30.36,30.61,30.29,30.32,65543074
1456842600,2016-03-01 09:30,30.9,31.42,30.89,31.4,69324530
1456929000,2016-03-02 09:30,31.44,31.84,31.37,31.82,66977488
1457015400,2016-03-03 09:30,31.85,32.19,31.81,32.18,66934149
1457101800,2016-03-04 09:30,32.49,32.96,32.41,32.82,102487740
1457361000,2016-03-07 09:30,32.5,32.93,32.47,32.77,67816590
1457447400,2016-03-08 09:30,32.37,32.42,32.085,32.21,50510144
1457533800,2016-03-09 09:30,32.42,32.59,32.31,32.41,54890340
1457620200,2016-03-10 09:30,32.6,32.66,31.99,32.46,69716396
1457706600,2016-03-11 09:30,32.95,33.21,32.91,33.14,74998485
1457962200,2016-03-14 09:30,33.03,33.15,32.845,32.94,43838477
1458048600,2016-03-15 09:30,32.44,32.48,32.29,32.47,66967754
1458135000,2016-03-16 09:30,32.21,33.21,32.2,33.12,98218450
1458221400,2016-03-17 09:30,33.57,33.93,33.3975,33.85,114746810
1458307800,2016-03-18 09:30,34.02,34.19,33.99,34.0285,102194588
1458567000,2016-03-21 09:30,33.99,34.18,33.94,34.1,59921402
1458653400,2016-03-22 09:30,33.8,34.16,33.79,34.02,41960945
1458739800,2016-03-23 09:30,33.74,33.74,33.4,33.44,58628497
1458826200,2016-03-24 09:30,33.08,33.37,33,33.36,61479061
1459171800,2016-03-28 09:30,33.38,33.48,33.32,33.47,40595508
1459258200,2016-03-29 09:30,33.27,33.94,33.2,33.93,81638819
1459344600,2016-03-30 09:30,34.44,34.58,34.27,34.28,53128602
1459431000,2016-03-31 09:30,34.4,34.51,34.15,34.25,109595060
1459517400,2016-04-01 09:30,33.52,34.21,33.42,34.15,76178771
1459776600,2016-04-04 09:30,34.13,34.1399,33.71,33.74,46429033
1459863000,2016-04-05 09:30,33.21,33.32,33.02,33.08,61660857
1459949400,2016-04-06 09:30,32.99,33.49,32.9,33.48,56608660
1460035800,2016-04-07 09:30,33.04,33.11,32.725,32.81,75406046
1460122200,2016-04-08 09:30,33.53,33.57,33.25,33.38,44785168
1460381400,2016-04-11 09:30,33.93,34.05,33.76,33.81,63971977
1460467800,2016-04-12 09:30,33.93,34.44,33.78,34.33,70261607
1460554200,2016-04-13 09:30,34.88,34.96,34.725,34.94,95376362
1460640600,2016-04-14 09:30,34.88,34.91,34.72,34.77,49781436
1460727000,2016-04-15 09:30,34.73,34.79,34.565,34.57,61733669
1460986200,2016-04-18 09:30,34.45,34.9,34.38,34.73,51810566
1461072600,2016-04-19 09:30,35.07,35.34,35.025,35.26,70368815
1461159000,2016-04-20 09:30,34.98,35.28,34.855,35.1,51670080
1461245400,2016-04-21 09:30,35.01,35.01,34.68,34.75,59286609
1461331800,2016-04-22 09:30,34.61,34.85,34.51,34.54,43727083
1461591000,2016-04-25 09:30,34.52,34.52,34.265,34.3192,40116106
1461677400,2016-04-26 09:30,34.58,34.7,34.48,34.69,46394347
1461763800,2016-04-27 09:30,34.55,34.96,34.45,34.9,56192059
1461850200,2016-04-28 09:30,34.55,34.85,34.46,34.54,51718922
1461936600,2016-04-29 09:30,34.44,34.58,34.11,34.39,86482678
1462195800,2016-05-02 09:30,34.39,34.4,34.14,34.295,36886957
1462282200,2016-05-03 09:30,33.65,33.71,33.32,33.33,94755375
1462368600,2016-05-04 09:30,33.12,33.18,32.77,32.79,105838422
1462455000,2016-05-05 09:30,33.11,33.15,32.68,32.78,83029528
1462541400,2016-05-06 09:30,32.67,32.97,32.645,32.83,81640035
1462800600,2016-05-09 09:30,32.76,32.77,32.32,32.41,84074348
1462887000,2016-05-10 09:30,32.77,33.05,32.76,33.03,69384441
1462973400,2016-05-11 09:30,33,33.18,32.87,32.95,58600267
1463059800,2016-05-12 09:30,33.14,33.195,32.74,32.86,63469813
1463146200,2016-05-13 09:30,32.58,32.72,32.205,32.27,62016682
1463405400,2016-05-16 09:30,32.59,32.77,32.58,32.66,51206618
1463491800,2016-05-17 09:30,32.59,32.745,32.42,32.51,63616421
1463578200,2016-05-18 09:30,32.29,32.63,32.01,32.19,91541326
1463664600,2016-05-19 09:30,31.92,31.995,31.7,31.89,74454959
1463751000,2016-05-20 09:30,32.19,32.3,32.15,32.21,54928271
1464010200,2016-05-23 09:30,32.14,32.345,32.12,32.15,52648161
1464096600,2016-05-24 09:30,32.32,32.55,32.29,32.48,58219202
1464183000,2016-05-25 09:30,32.79,33.02,32.77,32.87,53751305
1464269400,2016-05-26 09:30,33.13,33.19,32.91,33.09,48215079
1464355800,2016-05-27 09:30,33.21,33.275,32.99,33.08,43342877
1464701400,2016-05-31 09:30,33.16,33.3,33.0328,33.12,94760091
1464787800,2016-06-01 09:30,32.99,33.17,32.91,33.1,52115056
1464874200,2016-06-02 09:30,33.07,33.4099,33.02,33.37,48252488
1464960600,2016-06-03 09:30,33.78,33.9,33.52,33.88,89424767
1465219800,2016-06-06 09:30,34.01,34.3,33.98,34.24,110069484
1465306200,2016-06-07 09:30,34.46,34.59,34.43,34.55,59933998
1465392600,2016-06-08 09:30,34.78,34.86,34.66,34.8,75850107
1465479000,2016-06-09 09:30,34.33,34.48,34.28,34.4,54934264
1465565400,2016-06-10 09:30,33.7,33.845,33.45,33.53,77417463
1465824600,2016-06-13 09:30,33.09,33.37,33.02,33.06,56865518
1465911000,2016-06-14 09:30,32.96,33.12,32.68,32.95,71023798
1465997400,2016-06-15 09:30,33.29,33.59,33.18,33.3,64707021
1466083800,2016-06-16 09:30,32.7,33.21,32.49,33.18,73981908
1466170200,2016-06-17 09:30,33.24,33.29,33.02,33.27,56740375
1466429400,2016-06-20 09:30,33.9,34.08,33.825,33.86,78204244
1466515800,2016-06-21 09:30,34.02,34.22,33.83,34.12,75173081
1466602200,2016-06-22 09:30,34.08,34.16,33.88,33.94,67273460
1466688600,2016-06-23 09:30,34.4,34.76,34.25,34.76,70159943
1466775000,2016-06-24 09:30,32.76,33.46,32.57,32.64,158565994
1467034200,2016-06-27 09:30,32.5,32.505,31.89,32.23,103047455
1467120600,2016-06-28 09:30,33,33.2,32.88,33.18,68332893
1467207000,2016-06-29 09:30,33.82,34.02,33.76,34.02,82587328
1467293400,2016-06-30 09:30,34.17,34.45,34.01,34.36,92761746
1467379800,2016-07-01 09:30,34.62,34.75,34.54,34.69,66514835
1467725400,2016-07-05 09:30,34.205,34.24,33.9,33.95,63420151
1467811800,2016-07-06 09:30,33.49,33.86,33.325,33.86,61084453
1467898200,2016-07-07 09:30,34.02,34.12,33.67,33.77,49586830
1467984600,2016-07-08 09:30,34.15,34.51,34.11,34.5,74907875
1468243800,2016-07-11 09:30,34.79,34.95,34.765,34.83,70201998
1468330200,2016-07-12 09:30,35.29,35.43,35.185,35.32,89275177
1468416600,2016-07-13 09:30,35.33,35.35,35.035,35.26,62034262
1468503000,2016-07-14 09:30,35.65,35.87,35.57,35.77,99969166
1468589400,2016-07-15 09:30,35.74,35.765,35.55,35.69,82124283
1468848600,2016-07-18 09:30,35.58,36.02,35.58,36.005,75861679
1468935000,2016-07-19 09:30,35.69,35.755,35.52,35.64,54832738
1469021400,2016-07-20 09:30,35.72,35.9,35.62,35.82,48091544
1469107800,2016-07-21 09:30,35.74,35.89,35.6135,35.705,56354259
1469194200,2016-07-22 09:30,35.825,35.98,35.72,35.97,45498638
1469453400,2016-07-25 09:30,35.84,35.85,35.58,35.61,44174078
1469539800,2016-07-26 09:30,35.81,35.96,35.755,35.89,63593832
1469626200,2016-07-27 09:30,35.95,36.12,35.65,36.01,67888585
1469712600,2016-07-28 09:30,35.95,36.02,35.79,36.02,45589990
1469799000,2016-07-29 09:30,36.03,36.25,35.87,36.205,85265694
1470058200,2016-08-01 09:30,36.3,36.36,36.09,36.14,57793966
1470144600,2016-08-02 09:30,36.08,36.165,35.62,35.88,81854648
1470231000,2016-08-03 09:30,35.63,36.02,35.55,36,42844922
1470317400,2016-08-04 09:30,36.1,36.35,36.02,36.2,70532503
1470403800,2016-08-05 09:30,36.46,36.66,36.36,36.62,55759984
1470663000,2016-08-08 09:30,36.86,36.96,36.8201,36.88,43636843
1470749400,2016-08-09 09:30,37.02,37.28,37.01,37.13,65823636
1470835800,2016-08-10 09:30,37.32,37.34,37.03,37.14,59111740
1470922200,2016-08-11 09:30,37.29,37.64,37.24,37.62,82544259
1471008600,2016-08-12 09:30,37.5,37.6,37.3301,37.48,54790365
1471267800,2016-08-15 09:30,37.76,37.9775,37.75,37.87,55160066
1471354200,2016-08-16 09:30,37.79,37.79,37.5701,37.7,62084010
1471440600,2016-08-17 09:30,37.41,37.56,37.095,37.46,106432518
1471527000,2016-08-18 09:30,37.7,37.83,37.595,37.81,63045704
1471613400,2016-08-19 09:30,37.4,37.63,37.24,37.6,63995699
1471872600,2016-08-22 09:30,37.25,37.25,36.99,37.1,62902102
1471959000,2016-08-23 09:30,37.42,37.5,36.92,36.95,72474983
1472045400,2016-08-24 09:30,36.89,37.1,36.82,37.05,75080703
1472131800,2016-08-25 09:30,36.91,37.1,36.91,37.08,56434333
1472218200,2016-08-26 09:30,37.16,37.55,36.465,36.76,178796178
1472477400,2016-08-29 09:30,36.76,37.09,36.745,37.04,49578796
1472563800,2016-08-30 09:30,37.09,37.22,36.88,36.94,48196920
1472650200,2016-08-31 09:30,36.75,36.79,36.42,36.53,98943192
1472736600,2016-09-01 09:30,36.565,36.81,36.48,36.81,67120386
1472823000,2016-09-02 09:30,37.31,37.43,37.15,37.41,88393032
1473168600,2016-09-06 09:30,37.91,38.2352,37.83,38.21,108573830
1473255000,2016-09-07 09:30,38.22,38.235,38.01,38.09,58618803
1473341400,2016-09-08 09:30,38.1,38.21,37.9,37.99,73367303
1473427800,2016-09-09 09:30,37.4,37.41,36.69,36.71,124082606
1473687000,2016-09-12 09:30,36.21,37.1,36.14,36.96,119811628
1473773400,2016-09-13 09:30,36.41,36.55,35.85,36.03,160782496
1473859800,2016-09-14 09:30,36.15,36.54,36.12,36.14,90163072
1473946200,2016-09-15 09:30,36.4,36.855,36.24,36.76,87634818
1474032600,2016-09-16 09:30,36.46,36.56,36.175,36.51,92611953
1474291800,2016-09-19 09:30,36.97,37.1,36.74,36.8,55874728
1474378200,2016-09-20 09:30,37.09,37.09,36.81,36.82,48531167
1474464600,2016-09-21 09:30,37.18,37.9,37.065,37.85,123874764
1474551000,2016-09-22 09:30,38.18,38.315,37.98,38.12,73865442
1474637400,2016-09-23 09:30,37.81,37.91,37.61,37.63,56201937
1474896600,2016-09-26 09:30,37.29,37.38,37.08,37.08,47253894
1474983000,2016-09-27 09:30,37.35,37.61,37.19,37.61,60877315
1475069400,2016-09-28 09:30,37.67,37.98,37.33,37.95,82411299
1475155800,2016-09-29 09:30,37.75,37.85,37.18,37.29,74659146
1475242200,2016-09-30 09:30,37.455,37.59,37.28,37.45,85539137
1475501400,2016-10-03 09:30,37.53,37.78,37.38,37.71,77690287
1475587800,2016-10-04 09:30,37.73,37.815,37.165,37.29,95339786
1475674200,2016-10-05 09:30,37.67,37.88,37.55,37.83,61950139
1475760600,2016-10-06 09:30,37.63,37.889,37.54,37.86,45429735
1475847000,2016-10-07 09:30,37.91,37.96,37.4,37.69,77792830
1476106200,2016-10-10 09:30,37.94,38.19,37.88,38.1,56113651
1476192600,2016-10-11 09:30,37.44,37.46,37.035,37.22,79646905
1476279000,2016-10-12 09:30,37.1,37.285,36.98,37.15,48482939
1476365400,2016-10-13 09:30,36.58,36.96,36.38,36.82,67497271
1476451800,2016-10-14 09:30,37.13,37.21,36.81,36.88,54235814
1476711000,2016-10-17 09:30,36.83,36.98,36.795,36.84,37742252
1476797400,2016-10-18 09:30,37.47,37.56,37.34,37.49,50174862
1476883800,2016-10-19 09:30,37.67,37.8,37.53,37.72,49171177
1476970200,2016-10-20 09:30,37.59,37.77,37.47,37.61,55283923
1477056600,2016-10-21 09:30,37.39,37.63,37.34,37.6,33058478
1477315800,2016-10-24 09:30,37.9,37.93,37.66,37.76,28142242
1477402200,2016-10-25 09:30,37.73,37.87,37.67,37.8,32233888
1477488600,2016-10-26 09:30,37.38,37.5766,37.28,37.4,50715461
1477575000,2016-10-27 09:30,37.43,37.43,37.05,37.08,47286973
1477661400,2016-10-28 09:30,37.12,37.28,36.75,36.93,69558057
1477920600,2016-10-31 09:30,37.1,37.265,37.045,37.14,60365067
1478007000,2016-11-01 09:30,37.28,37.29,36.55,36.84,90113167
1478093400,2016-11-02 09:30,36.7,36.8,36.2325,36.4,82319313
1478179800,2016-11-03 09:30,36.44,36.545,36.17,36.3,67403028
1478266200,2016-11-04 09:30,36.01,36.18,35.88,35.93,78558890
1478529000,2016-11-07 09:30,36.805,37.27,36.75,37.23,85341263
1478615400,2016-11-08 09:30,37.06,37.67,36.97,37.47,83963302
1478701800,2016-11-09 09:30,36.34,36.69,36.09,36.26,193443901
1478788200,2016-11-10 09:30,35.92,36.05,35.04,35.22,206490907
1478874600,2016-11-11 09:30,34.55,34.84,34.12,34.55,182114720
1479133800,2016-11-14 09:30,34.32,34.5,34.03,34.3,107881574
1479220200,2016-11-15 09:30,34.57,35.05,34.55,34.99,89936999
1479306600,2016-11-16 09:30,34.58,34.79,34.515,34.7,65387916
1479393000,2016-11-17 09:30,34.82,35.02,34.685,34.75,80829225
1479479400,2016-11-18 09:30,34.82,34.89,34.57,34.59,51490535
1479738600,2016-11-21 09:30,34.9,35.03,34.83,34.93,45251832
1479825000,2016-11-22 09:30,35.44,35.48,35.2,35.46,61503050
1479911400,2016-11-23 09:30,34.96,35.13,34.88,35.08,43495581
1480084200,2016-11-25 09:30,35.28,35.31,35.2,35.25,28572724
1480343400,2016-11-28 09:30,35.39,35.53,35.345,35.39,50952962
1480429800,2016-11-29 09:30,35.28,35.55,35.24,35.44,36457747
1480516200,2016-11-30 09:30,35.6,35.65,35.48,35.5,86930273
1480602600,2016-12-01 09:30,35.4,35.48,35.07,35.08,80947539
1480689000,2016-12-02 09:30,35.08,35.29,35.06,35.12,58727461
1480948200,2016-12-05 09:30,35.29,35.44,35.27,35.41,53275059
1481034600,2016-12-06 09:30,35.52,35.61,35.43,35.6,48356889
1481121000,2016-12-07 09:30,35.82,36.245,35.755,36.2,61773286
1481207400,2016-12-08 09:30,36.1,36.41,36.08,36.36,60291791
1481293800,2016-12-09 09:30,36.14,36.28,36.07,36.17,60173351
1481553000,2016-12-12 09:30,35.97,36.1,35.83,35.93,40766342
1481639400,2016-12-13 09:30,36.14,36.41,36.13,36.33,48943238
1481725800,2016-12-14 09:30,36.04,36.17,35.24,35.25,95189974
1481812200,2016-12-15 09:30,35.27,35.45,35.1735,35.31,68897045
1481898600,2016-12-16 09:30,35.23,35.34,35.05,35.15,75471111
1482157800,2016-12-19 09:30,35.17,35.18,34.91,34.91,45241667
1482244200,2016-12-20 09:30,35.01,35.095,34.94,35.03,39157788
1482330600,2016-12-21 09:30,34.69,34.7,34.46,34.49,52040637
1482417000,2016-12-22 09:30,34.12,34.14,33.94,34.08,48802817
1482503400,2016-12-23 09:30,34.11,34.28,34.08,34.28,32062910
1482849000,2016-12-27 09:30,34.36,34.47,34.35,34.43,25959884
1482935400,2016-12-28 09:30,34.715,34.76,34.6,34.69,33745605
1483021800,2016-12-29 09:30,35.04,35.3,35.02,35.26,48465533
1483108200,2016-12-30 09:30,35.25,35.27,34.905,35.01,60515635
1483453800,2017-01-03 09:30,35.39,35.65,35.3,35.43,64483744
1483540200,2017-01-04 09:30,35.63,35.77,35.61,35.7,83072622
1483626600,2017-01-05 09:30,35.96,36.15,35.94,36.09,60303238
1483713000,2017-01-06 09:30,35.97,36,35.84,35.94,33132170
1483972200,2017-01-09 09:30,35.92,36,35.865,35.91,33950788
1484058600,2017-01-10 09:30,36.13,36.32,36.1,36.12,46621738
1484145000,2017-01-11 09:30,36.19,36.58,36.05,36.55,92509308
1484231400,2017-01-12 09:30,36.7,36.71,36.52,36.71,38318130
1484317800,2017-01-13 09:30,36.57,36.71,36.53,36.68,35241962
1484663400,2017-01-17 09:30,36.6,36.72,36.55,36.66,38367034
1484749800,2017-01-18 09:30,36.68,36.69,36.39,36.46,37054165
1484836200,2017-01-19 09:30,36.47,36.48,36.2,36.35,52877043
1484922600,2017-01-20 09:30,36.39,36.47,36.22,36.42,59295635
1485181800,2017-01-23 09:30,36.67,36.97,36.65,36.96,51401810
1485268200,2017-01-24 09:30,37.12,37.33,37.1,37.19,45519946
1485354600,2017-01-25 09:30,37.445,37.62,37.36,37.6,42660765
1485441000,2017-01-26 09:30,37.59,37.605,37.41,37.44,43300073
1485527400,2017-01-27 09:30,37.44,37.52,37.32,37.47,30457512
1485786600,2017-01-30 09:30,37.2,37.28,37.11,37.27,34712017
1485873000,2017-01-31 09:30,37.31,37.41,37.2,37.34,67258608
1485959400,2017-02-01 09:30,37.49,37.56,37.26,37.36,54321520
1486045800,2017-02-02 09:30,37.48,37.56,37.4225,37.52,26814047
1486132200,2017-02-03 09:30,37.69,37.82,37.6,37.75,34305228
1486391400,2017-02-06 09:30,37.71,37.75,37.63,37.66,30250115
1486477800,2017-02-07 09:30,37.575,37.62,37.43,37.47,31693709
1486564200,2017-02-08 09:30,37.495,37.74,37.48,37.7,37862935
1486650600,2017-02-09 09:30,37.86,37.935,37.81,37.87,38286651
1486737000,2017-02-10 09:30,37.96,38.22,37.94,38.22,38798731
1486996200,2017-02-13 09:30,38.215,38.38,38.21,38.34,34006963
1487082600,2017-02-14 09:30,38.34,38.38,38.03,38.38,55327347
1487169000,2017-02-15 09:30,38.39,38.71,38.35,38.69,49527259
1487255400,2017-02-16 09:30,38.73,38.73,38.52,38.55,42986824
1487341800,2017-02-17 09:30,38.25,38.4,38.22,38.39,54880654
1487687400,2017-02-21 09:30,38.625,38.82,38.59,38.81,42603681
1487773800,2017-02-22 09:30,38.75,38.93,38.73,38.93,39083504
1487860200,2017-02-23 09:30,39.13,39.15,38.88,38.94,46763059
1487946600,2017-02-24 09:30,38.47,38.56,38.42,38.48,44575133
1488205800,2017-02-27 09:30,38.37,38.48,38.27,38.36,53625475
1488292200,2017-02-28 09:30,38.32,38.33,37.98,37.99,71508890
1488378600,2017-03-01 09:30,38.3,38.605,38.28,38.58,93966280
1488465000,2017-03-02 09:30,38.2,38.27,37.89,37.9,63517956
1488551400,2017-03-03 09:30,38.08,38.23,37.96,38.19,54969881
1488810600,2017-03-06 09:30,38.25,38.26,38.09,38.21,30455760
1488897000,2017-03-07 09:30,38.33,38.35,38.18,38.25,43470406
1488983400,2017-03-08 09:30,38.16,38.22,37.86,37.89,60587032
1489069800,2017-03-09 09:30,37.7,37.76,37.39,37.59,64159105
1489156200,2017-03-10 09:30,37.89,38.01,37.8,38.01,45184899
1489411800,2017-03-13 09:30,38.405,38.57,38.37,38.54,42405890
1489498200,2017-03-14 09:30,38.42,38.47,38.29,38.32,56600251
1489584600,2017-03-15 09:30,38.515,39.39,38.4101,39.32,124080884
1489671000,2017-03-16 09:30,39.6,39.65,39.44,39.56,137911751
1489757400,2017-03-17 09:30,39.6,39.62,39.46,39.49,68267940
1490016600,2017-03-20 09:30,39.74,40.06,39.68,39.985,70310042
1490103000,2017-03-21 09:30,40.15,40.23,39.48,39.51,71712924
1490189400,2017-03-22 09:30,39.475,39.79,39.38,39.7,70134050
1490275800,2017-03-23 09:30,39.555,39.85,39.55,39.71,53877548
1490362200,2017-03-24 09:30,39.68,39.88,39.67,39.81,68871398
1490621400,2017-03-27 09:30,39.55,39.77,39.43,39.7,52896682
1490707800,2017-03-28 09:30,39.67,39.9284,39.67,39.81,51799005
1490794200,2017-03-29 09:30,39.72,39.91,39.64,39.88,36190977
1490880600,2017-03-30 09:30,39.715,39.8363,39.64,39.67,33282533
1490967000,2017-03-31 09:30,39.42,39.48,39.31,39.39,94971508
1491226200,2017-04-03 09:30,39.51,39.65,39.365,39.61,60048290
1491312600,2017-04-04 09:30,39.53,39.69,39.455,39.63,44136505
1491399000,2017-04-05 09:30,39.795,39.9,39.49,39.51,44099174
1491485400,2017-04-06 09:30,39.47,39.54,39.32,39.44,35544831
1491571800,2017-04-07 09:30,39.36,39.55,39.33,39.37,40355764
1491831000,2017-04-10 09:30,39.22,39.26,39.09,39.21,33853798
1491917400,2017-04-11 09:30,39.2,39.25,38.89,39.12,46002845
1492003800,2017-04-12 09:30,39.29,39.32,39.065,39.31,55149077
1492090200,2017-04-13 09:30,39.4,39.5,39.13,39.14,48182489
1492435800,2017-04-17 09:30,39.32,39.55,39.26,39.55,29862304
1492522200,2017-04-18 09:30,39.105,39.24,38.96,39.05,50889201
1492608600,2017-04-19 09:30,39.145,39.16,38.7125,38.81,58751142
1492695000,2017-04-20 09:30,39.225,39.3,39.11,39.29,46722886
1492781400,2017-04-21 09:30,39.3,39.35,39.215,39.29,32949549
1493040600,2017-04-24 09:30,39.87,39.93,39.75,39.85,63549750
1493127000,2017-04-25 09:30,40.14,40.31,40.1,40.2,50446771
1493213400,2017-04-26 09:30,40.13,40.25,40,40.05,56451984
1493299800,2017-04-27 09:30,40.13,40.14,39.88,40,42298065
1493386200,2017-04-28 09:30,40.04,40.13,39.93,40.06,56635409
1493645400,2017-05-01 09:30,40.245,40.4,40.15,40.29,41171016
1493731800,2017-05-02 09:30,40.46,40.63,40.41,40.58,55325459
1493818200,2017-05-03 09:30,40.41,40.45,40.2,40.31,58336148
1493904600,2017-05-04 09:30,40.09,40.11,39.83,39.86,81078255
1493991000,2017-05-05 09:30,39.8,40.19,39.79,40.19,52581021
1494250200,2017-05-08 09:30,40.3,40.4,40.1525,40.18,35951542
1494336600,2017-05-09 09:30,40.49,40.81,40.46,40.69,70127299
1494423000,2017-05-10 09:30,40.81,40.96,40.76,40.96,47629112
1494509400,2017-05-11 09:30,41.01,41.115,40.81,41.05,37366092
1494595800,2017-05-12 09:30,41.11,41.26,41.1,41.22,65418202
1494855000,2017-05-15 09:30,41.43,41.66,41.4,41.64,52560962
1494941400,2017-05-16 09:30,41.61,41.7,41.53,41.68,41936342
1495027800,2017-05-17 09:30,41.32,41.37,40.945,40.97,63287347
1495114200,2017-05-18 09:30,39.98,40.645,39.82,40.29,121234696
1495200600,2017-05-19 09:30,40.88,41.23,40.87,41.15,63741950
1495459800,2017-05-22 09:30,41.19,41.32,41.15,41.19,46357544
1495546200,2017-05-23 09:30,41.22,41.2775,41.12,41.23,39495566
1495632600,2017-05-24 09:30,41.235,41.46,41.2,41.39,49380823
1495719000,2017-05-25 09:30,41.61,41.725,41.505,41.59,39606853
1495805400,2017-05-26 09:30,41.67,41.76,41.625,41.74,31372722
1496151000,2017-05-30 09:30,41.51,41.58,41.44,41.52,35122845
1496237400,2017-05-31 09:30,41.4,41.4175,41.13,41.2,80159450
1496323800,2017-06-01 09:30,41.31,41.56,41.21,41.55,46802081
1496410200,2017-06-02 09:30,41.7,41.79,41.6,41.76,43699219
1496669400,2017-06-05 09:30,41.75,41.85,41.67,41.71,39245537
1496755800,2017-06-06 09:30,41.66,41.82,41.64,41.73,34184858
1496842200,2017-06-07 09:30,41.6,41.7566,41.45,41.68,34745374
1496928600,2017-06-08 09:30,41.96,41.98,41.771,41.93,48941401
1497015000,2017-06-09 09:30,41.96,42.035,41.38,41.61,73660798
1497274200,2017-06-12 09:30,41.37,41.42,41.19,41.39,52374239
1497360600,2017-06-13 09:30,41.605,41.64,41.45,41.59,38327816
1497447000,2017-06-14 09:30,41.9,41.92,41.44,41.58,70500377
1497533400,2017-06-15 09:30,41.08,41.17,40.9,41.15,87660693
1497619800,2017-06-16 09:30,41.24,41.29,41.04,41.22,53875924
1497879000,2017-06-19 09:30,41.47,41.7,41.44,41.63,68181236
1497965400,2017-06-20 09:30,41.32,41.33,40.95,40.98,71371996
1498051800,2017-06-21 09:30,41.17,41.27,41,41.07,54840399
1498138200,2017-06-22 09:30,41.29,41.45,41.19,41.28,50400697
1498224600,2017-06-23 09:30,41.35,41.58,41.32,41.5,46141188
1498483800,2017-06-26 09:30,41.89,42.0067,41.7629,41.9,44381003
1498570200,2017-06-27 09:30,41.67,41.77,41.4,41.41,54898417
1498656600,2017-06-28 09:30,41.53,41.77,41.43,41.73,33600779
1498743000,2017-06-29 09:30,41.525,41.54,40.92,41.2,66218668
1498829400,2017-06-30 09:30,41.445,41.57,41.36,41.39,76054252
1499088600,2017-07-03 09:30,41.62,41.76,41.535,41.63,38427043
1499261400,2017-07-05 09:30,41.39,41.57,41.185,41.55,49490955
1499347800,2017-07-06 09:30,41.25,41.33,40.99,41.05,50429865
1499434200,2017-07-07 09:30,41.16,41.23,40.95,41.13,69254072
1499693400,2017-07-10 09:30,41.27,41.5477,41.245,41.52,38230806
1499779800,2017-07-11 09:30,41.74,41.91,41.62,41.86,41916902
1499866200,2017-07-12 09:30,42.45,42.76,42.42,42.67,80106578
1499952600,2017-07-13 09:30,42.74,42.9,42.7,42.88,38698844
1500039000,2017-07-14 09:30,43.17,43.45,43.145,43.42,51171347
1500298200,2017-07-17 09:30,43.25,43.279,43.13,43.22,44287998
1500384600,2017-07-18 09:30,43.14,43.39,43.08,43.35,49195463
1500471000,2017-07-19 09:30,43.75,43.7958,43.61,43.71,37949735
1500557400,2017-07-20 09:30,43.745,43.76,43.56,43.66,35990038
1500643800,2017-07-21 09:30,43.67,43.68,43.51,43.63,35835617
1500903000,2017-07-24 09:30,43.815,43.82,43.63,43.76,37613823
1500989400,2017-07-25 09:30,43.81,43.87,43.64,43.65,37103866
1501075800,2017-07-26 09:30,43.72,44.06,43.66,44.01,49001682
1501162200,2017-07-27 09:30,44.145,44.16,43.46,43.77,61916493
1501248600,2017-07-28 09:30,43.61,43.76,43.495,43.75,46072612
1501507800,2017-07-31 09:30,43.84,43.84,43.68,43.8,60833459
1501594200,2017-08-01 09:30,44,44.03,43.88,43.93,37138383
1501680600,2017-08-02 09:30,44.01,44.05,43.74,43.97,29234825
1501767000,2017-08-03 09:30,43.76,43.79,43.57,43.79,45351448
1501853400,2017-08-04 09:30,43.89,43.98,43.69,43.95,48442698
1502112600,2017-08-07 09:30,44.11,44.28,44.08,44.25,23791111
1502199000,2017-08-08 09:30,44.37,44.58,44.2,44.26,33793653
1502285400,2017-08-09 09:30,43.75,43.89,43.625,43.86,29007399
1502371800,2017-08-10 09:30,43.49,43.5,42.8,42.82,104326525
1502458200,2017-08-11 09:30,42.87,43.1,42.72,42.92,52964604
1502717400,2017-08-14 09:30,43.39,43.57,43.31,43.36,37340393
1502803800,2017-08-15 09:30,43.325,43.44,43.24,43.41,29467848
1502890200,2017-08-16 09:30,43.77,43.89,43.705,43.86,43356256
1502976600,2017-08-17 09:30,43.76,43.83,43.24,43.3,65838559
1503063000,2017-08-18 09:30,43.47,43.85,43.2935,43.67,67014448
1503322200,2017-08-21 09:30,43.77,43.92,43.67,43.83,27756393
1503408600,2017-08-22 09:30,44.14,44.38,44.1,44.32,30935801
1503495000,2017-08-23 09:30,44.24,44.57,44.21,44.53,48383894
1503581400,2017-08-24 09:30,44.73,44.77,44.53,44.67,52141747
1503667800,2017-08-25 09:30,44.92,45.07,44.84,44.93,55530902
1503927000,2017-08-28 09:30,44.91,44.91,44.68,44.77,37424881
1504013400,2017-08-29 09:30,44.33,44.7,44.26,44.69,45507824
1504099800,2017-08-30 09:30,44.63,44.79,44.6,44.76,46687557
1504186200,2017-08-31 09:30,44.77,44.93,44.72,44.83,62118318
1504272600,2017-09-01 09:30,45.01,45.18,44.945,45.16,55195523
1504618200,2017-09-05 09:30,44.81,44.9,44.34,44.57,49130465
1504704600,2017-09-06 09:30,44.74,44.91,44.665,44.86,44733777
1504791000,2017-09-07 09:30,45.08,45.19,45.02,45.19,39114326
1504877400,2017-09-08 09:30,45.12,45.125,44.81,44.89,41973566
1505136600,2017-09-11 09:30,45.26,45.52,45.25,45.49,45287788
1505223000,2017-09-12 09:30,45.4,45.53,45.37,45.44,49495033
1505309400,2017-09-13 09:30,45.26,45.33,45.1,45.2,54758749
1505395800,2017-09-14 09:30,45.09,45.335,45.05,45.32,36057923
1505482200,2017-09-15 09:30,45.4,45.65,45.31,45.59,47816320
1505741400,2017-09-18 09:30,45.875,45.96,45.685,45.75,37633357
1505827800,2017-09-19 09:30,45.775,45.86,45.64,45.85,63740997
1505914200,2017-09-20 09:30,45.87,45.94,45.21,45.64,78810018
1506000600,2017-09-21 09:30,45.775,45.79,45.5448,45.64,32668245
1506087000,2017-09-22 09:30,45.39,45.47,45.31,45.38,39264280
1506346200,2017-09-25 09:30,45,45,44.435,44.61,85660578
1506432600,2017-09-26 09:30,44.7,44.76,44.42,44.49,62892876
1506519000,2017-09-27 09:30,44.36,44.445,44.09,44.33,80084732
1506605400,2017-09-28 09:30,44.095,44.36,44.09,44.3,54957624
1506691800,2017-09-29 09:30,44.64,44.92,44.55,44.81,70546841
1506951000,2017-10-02 09:30,44.805,45.025,44.79,44.82,68124262
1507037400,2017-10-03 09:30,45.18,45.54,45.13,45.53,54087392
1507123800,2017-10-04 09:30,45.51,45.63,45.46,45.52,45574140
1507210200,2017-10-05 09:30,45.71,45.99,45.695,45.86,38759152
1507296600,2017-10-06 09:30,45.44,45.66,45.31,45.63,44870238
1507555800,2017-10-09 09:30,45.51,45.6,45.43,45.6,25021529
1507642200,2017-10-10 09:30,45.95,46.08,45.89,46.05,45691763
1507728600,2017-10-11 09:30,46.04,46.28,46.03,46.26,48802879
1507815000,2017-10-12 09:30,46.275,46.37,46.2,46.24,35546580
1507901400,2017-10-13 09:30,46.66,46.75,46.6,46.66,61902224
1508160600,2017-10-16 09:30,46.775,46.82,46.62,46.63,34089396
1508247000,2017-10-17 09:30,46.51,46.53,46.295,46.39,38828205
1508333400,2017-10-18 09:30,46.55,46.65,46.41,46.5,36187183
1508419800,2017-10-19 09:30,46.02,46.115,45.89,46.09,51486974
1508506200,2017-10-20 09:30,46.32,46.35,46.18,46.26,46370198
1508765400,2017-10-23 09:30,46.18,46.19,45.88,45.89,47564006
1508851800,2017-10-24 09:30,45.98,46.14,45.88,45.89,40213393
1508938200,2017-10-25 09:30,46.07,46.13,45.43,45.79,57309647
1509024600,2017-10-26 09:30,45.82,45.91,45.47,45.48,55320537
1509111000,2017-10-27 09:30,45.72,46.19,45.58,46.14,55225617
1509370200,2017-10-30 09:30,45.985,46.11,45.79,45.85,35732536
1509456600,2017-10-31 09:30,46.13,46.28,46.06,46.28,63902279
1509543000,2017-11-01 09:30,46.7,46.8499,46.49,46.52,51926299
1509629400,2017-11-02 09:30,46.59,46.625,46.36,46.58,38024475
1509715800,2017-11-03 09:30,46.54,46.56,46.094,46.34,42909923
1509978600,2017-11-06 09:30,46.56,46.87,46.54,46.86,30828532
1510065000,2017-11-07 09:30,46.81,46.87,46.49,46.56,46904397
1510151400,2017-11-08 09:30,46.7,46.805,46.62,46.78,35006334
1510237800,2017-11-09 09:30,46.46,46.59,46.14,46.49,39894897
1510324200,2017-11-10 09:30,46.43,46.455,46.185,46.29,32484355
1510583400,2017-11-13 09:30,46.13,46.29,46.02,46.19,52239657
1510669800,2017-11-14 09:30,46.11,46.16,45.82,45.88,56682271
1510756200,2017-11-15 09:30,45.65,45.765,45.45,45.64,49000924
1510842600,2017-11-16 09:30,46.31,46.73,46.295,46.59,46316431
1510929000,2017-11-17 09:30,46.725,47.02,46.7,46.82,46258926
1511188200,2017-11-20 09:30,46.77,47.1,46.75,47.06,45493820
1511274600,2017-11-21 09:30,47.63,47.88,47.61,47.69,63587672
1511361000,2017-11-22 09:30,47.84,47.93,47.645,47.81,60764043
1511533800,2017-11-24 09:30,47.66,47.74,47.61,47.71,25838011
1511793000,2017-11-27 09:30,47.31,47.33,46.99,47.01,47853180
1511879400,2017-11-28 09:30,47.39,47.52,47.18,47.36,54357626
1511965800,2017-11-29 09:30,47.17,47.17,46.5,46.61,66267338
1512052200,2017-11-30 09:30,46.47,46.48,46.07,46.1,118059328
1512138600,2017-12-01 09:30,45.98,46.065,45.62,45.84,88358904
1512397800,2017-12-04 09:30,46.35,46.425,45.89,45.93,67381607
1512484200,2017-12-05 09:30,45.96,46.21,45.855,45.9,32103246
1512570600,2017-12-06 09:30,45.18,45.38,45.06,45.28,81862776
1512657000,2017-12-07 09:30,45.1,45.53,45.05,45.41,70820766
1512743400,2017-12-08 09:30,45.92,46,45.74,45.94,42794875
1513002600,2017-12-11 09:30,46.12,46.26,46.1,46.17,46795936
1513089000,2017-12-12 09:30,45.74,45.955,45.66,45.86,47157787
1513175400,2017-12-13 09:30,46.145,46.557,46.14,46.41,75946181
1513261800,2017-12-14 09:30,46.255,46.38,46.07,46.07,50968221
1513348200,2017-12-15 09:30,46.16,46.26,45.93,46.17,67881229
1513607400,2017-12-18 09:30,46.57,46.85,46.53,46.69,61186071
1513693800,2017-12-19 09:30,46.07,46.07,45.68,45.75,51306757
1513780200,2017-12-20 09:30,45.96,46.02,45.8,45.81,42832807
1513866600,2017-12-21 09:30,46,46.27,45.97,46.11,40602244
1513953000,2017-12-22 09:30,46.29,46.51,46.23,46.5,40032655
1514298600,2017-12-26 09:30,46.42,46.47,46.26,46.46,29614138
1514385000,2017-12-27 09:30,46.52,46.64,46.45,46.58,35373191
1514471400,2017-12-28 09:30,47.01,47.05,46.79,46.9,34284347
1514557800,2017-12-29 09:30,47.28,47.32,47.06,47.12,46485096
1514903400,2018-01-02 09:30,47.78,48.07,47.73,48.01,68969445
1514989800,2018-01-03 09:30,48.285,48.535,48.275,48.47,56228656
1515076200,2018-01-04 09:30,48.59,48.78,48.57,48.71,52154899
1515162600,2018-01-05 09:30,48.82,49.14,48.77,49.13,50026859
1515421800,2018-01-08 09:30,49.06,49.22,49.02,49.13,36998238
1515508200,2018-01-09 09:30,49.12,49.13,48.83,49.05,42131612
1515594600,2018-01-10 09:30,48.68,48.84,48.53,48.74,72183945
1515681000,2018-01-11 09:30,48.67,49.0475,48.66,49.04,38720921
1515767400,2018-01-12 09:30,49.14,49.54,49.01,49.51,69358300
1516113000,2018-01-16 09:30,49.7,49.85,49.23,49.32,80418039
1516199400,2018-01-17 09:30,49.7,50.09,49.63,49.97,65863461
1516285800,2018-01-18 09:30,49.96,50.1,49.894,50.03,33946964
1516372200,2018-01-19 09:30,50.28,50.44,50.125,50.44,60503664
1516631400,2018-01-22 09:30,50.41,50.735,50.3,50.73,49691230
1516717800,2018-01-23 09:30,50.73,50.99,50.65,50.97,61277278
1516804200,2018-01-24 09:30,51.3,51.52,51.04,51.4,63963102
1516890600,2018-01-25 09:30,51.45,51.83,51.21,51.37,61533725
1516977000,2018-01-26 09:30,51.73,52.08,51.61,52.08,80566213
1517236200,2018-01-29 09:30,51.45,51.51,51.22,51.29,58884196
1517322600,2018-01-30 09:30,50.74,50.8,50.38,50.59,87601422
1517409000,2018-01-31 09:30,51.28,51.34,50.635,51.03,96959601
1517495400,2018-02-01 09:30,50.57,50.85,50.3,50.34,72143773
1517581800,2018-02-02 09:30,49.82,49.85,49.01,49.05,116832751
1517841000,2018-02-05 09:30,48.98,49.48,47.33,47.33,151202055
1517927400,2018-02-06 09:30,47.32,49.28,47.18,48.87,183650323
1518013800,2018-02-07 09:30,48,48.52,47.3,47.33,156301210
1518100200,2018-02-08 09:30,47.63,47.67,45.63,45.69,163250216
1518186600,2018-02-09 09:30,46.31,46.78,45.035,46.42,153419817
1518445800,2018-02-12 09:30,47.075,47.4899,46.66,47.15,104447724
1518532200,2018-02-13 09:30,47.22,47.649,47.17,47.51,55739728
1518618600,2018-02-14 09:30,47.41,48.8161,47.39,48.7,96491519
1518705000,2018-02-15 09:30,49.56,49.86,48.99,49.7,95168116
1518791400,2018-02-16 09:30,49.34,49.99,49.33,49.54,70876396
1519137000,2018-02-20 09:30,48.66,49.03,48.59,48.86,78660318
1519223400,2018-02-21 09:30,49.3,49.86,48.78,48.82,66591916
1519309800,2018-02-22 09:30,48.97,49.3475,48.81,48.85,62436347
1519396200,2018-02-23 09:30,49.45,49.74,49.24,49.72,43623263
1519655400,2018-02-26 09:30,49.85,50.18,49.57,50.18,51742594
1519741800,2018-02-27 09:30,49.53,49.59,48.72,48.72,94670974
1519828200,2018-02-28 09:30,48.83,48.885,48.02,48.02,102169924
1519914600,2018-03-01 09:30,48.37,48.75,47.5,47.93,112694415
1520001000,2018-03-02 09:30,47.35,48.225,47.105,48.13,72756150
1520260200,2018-03-05 09:30,47.61,48.29,47.55,48.2,55905433
1520346600,2018-03-06 09:30,49.01,49.03,48.52,48.65,57199220
1520433000,2018-03-07 09:30,48.34,48.73,48.12,48.7,46554777
1520519400,2018-03-08 09:30,48.79,48.84,48.48,48.71,46733946
1520605800,2018-03-09 09:30,49.11,49.77,49.07,49.75,58818725
1520861400,2018-03-12 09:30,49.81,49.97,49.61,49.87,52944535
1520947800,2018-03-13 09:30,50.1,50.18,49.24,49.42,60376008
1521034200,2018-03-14 09:30,49.79,49.86,49.225,49.5,51067183
1521120600,2018-03-15 09:30,49.66,49.73,49.1407,49.32,65778886
1521207000,2018-03-16 09:30,49.14,49.35,49.12,49.21,66155822
1521466200,2018-03-19 09:30,48.89,49,48.39,48.68,65394241
1521552600,2018-03-20 09:30,49.09,49.34,48.98,49.22,60101736
1521639000,2018-03-21 09:30,49.16,49.7,49.01,49.51,78575130
1521725400,2018-03-22 09:30,48.37,48.61,47.78,47.86,87622656
1521811800,2018-03-23 09:30,47.94,48.025,46.865,46.89,82908809
1522071000,2018-03-26 09:30,48.1,48.47,47.545,48.41,73320846
1522157400,2018-03-27 09:30,48.45,48.52,47.42,47.53,84232084
1522243800,2018-03-28 09:30,47.38,47.55,46.97,47.29,78141146
1522330200,2018-03-29 09:30,47.63,48.45,47.57,48.28,84346938
1522675800,2018-04-02 09:30,47.95,48.17,46.96,47.41,72405692
1522762200,2018-04-03 09:30,47.84,47.94,47.46,47.88,52874480
1522848600,2018-04-04 09:30,46.59,47.93,46.541,47.9,68352403
1522935000,2018-04-05 09:30,48.09,48.26,47.83,48.02,48247675
1523021400,2018-04-06 09:30,47.54,47.87,46.8,47.08,76156729
1523280600,2018-04-09 09:30,47.42,47.655,47.12,47.13,55352661
1523367000,2018-04-10 09:30,47.82,48.12,47.61,48.05,90103933
1523453400,2018-04-11 09:30,47.7485,48.1761,47.74,48.07,51569199
1523539800,2018-04-12 09:30,47.97,48.19,47.89,48.05,52968504
1523626200,2018-04-13 09:30,48.01,48.06,47.44,47.57,56517996
1523885400,2018-04-16 09:30,47.5,47.665,47.35,47.63,43005826
1523971800,2018-04-17 09:30,47.42,47.865,47.4,47.73,58168092
1524058200,2018-04-18 09:30,47.91,48.31,47.84,48.14,80289538
1524144600,2018-04-19 09:30,48.26,48.29,47.7025,47.86,67581053
1524231000,2018-04-20 09:30,47.59,47.615,47.05,47.26,80997724
1524490200,2018-04-23 09:30,47.17,47.3,46.775,46.88,74337460
1524576600,2018-04-24 09:30,47.26,47.36,46.43,46.66,72196821
1524663000,2018-04-25 09:30,46.31,46.41,46.01,46.3,69106843
1524749400,2018-04-26 09:30,46.57,46.995,46.535,46.97,45047763
1524835800,2018-04-27 09:30,47.24,47.335,46.97,47.26,33544994
1525095000,2018-04-30 09:30,47.43,47.49,46.91,46.92,49179040
1525181400,2018-05-01 09:30,46.64,46.76,46.1,46.69,75862382
1525267800,2018-05-02 09:30,46.74,46.84,46.28,46.32,66837856
1525354200,2018-05-03 09:30,46.29,46.35,45.601,46.22,83449163
1525440600,2018-05-04 09:30,45.77,46.59,45.725,46.43,60099064
1525699800,2018-05-07 09:30,46.05,46.35,46.02,46.16,58886085
1525786200,2018-05-08 09:30,46.27,46.44,45.975,46.42,58783587
1525872600,2018-05-09 09:30,46.56,46.61,46.27,46.51,46129470
1525959000,2018-05-10 09:30,47.07,47.65,46.99,47.48,115804028
1526045400,2018-05-11 09:30,47.68,47.73,47.275,47.4,68631643
1526304600,2018-05-14 09:30,47.66,47.78,47.39,47.46,34353335
1526391000,2018-05-15 09:30,46.58,46.7,46.28,46.48,78379271
1526477400,2018-05-16 09:30,46.92,47.27,46.92,47.18,60004232
1526563800,2018-05-17 09:30,46.67,46.8,46.305,46.46,73013981
1526650200,2018-05-18 09:30,46.05,46.19,45.94,46.07,59258660
1526909400,2018-05-21 09:30,46.445,46.54,46.16,46.35,59330191
1526995800,2018-05-22 09:30,46.55,46.75,46.45,46.51,32584721
1527082200,2018-05-23 09:30,45.96,46.53,45.95,46.49,70687825
1527168600,2018-05-24 09:30,46.24,46.33,45.73,46.24,79762933
1527255000,2018-05-25 09:30,46.23,46.5005,46.19,46.43,39374469
1527600600,2018-05-29 09:30,45.74,45.88,45.12,45.35,112089894
1527687000,2018-05-30 09:30,45.36,45.76,45.16,45.71,72813832
1527773400,2018-05-31 09:30,45.65,45.92,45.46,45.69,92099450
1527859800,2018-06-01 09:30,46.06,46.35,46,46.33,66762244
1528119000,2018-06-04 09:30,46.72,46.91,46.7,46.8,36302897
1528205400,2018-06-05 09:30,46.66,46.74,46.42,46.44,40092242
1528291800,2018-06-06 09:30,46.84,47.15,46.74,47.14,46801478
1528378200,2018-06-07 09:30,46.97,47.02,46.13,46.42,89752533
1528464600,2018-06-08 09:30,46.17,46.53,45.99,46.33,73944735
1528723800,2018-06-11 09:30,46.38,46.5,46.26,46.33,38323461
1528810200,2018-06-12 09:30,46.31,46.365,46.03,46.21,57189759
1528896600,2018-06-13 09:30,46.29,46.36,45.62,45.9,100698771
1528983000,2018-06-14 09:30,45.9,45.99,45.54,45.59,76094837
1529069400,2018-06-15 09:30,45.17,45.29,44.92,45.23,86357619
1529328600,2018-06-18 09:30,44.585,44.74,44.34,44.68,83532574
1529415000,2018-06-19 09:30,43.57,43.985,43.41,43.9,122657299
1529501400,2018-06-20 09:30,44.3,44.355,44.035,44.09,69822796
1529587800,2018-06-21 09:30,43.82,43.84,43.41,43.47,86214072
1529674200,2018-06-22 09:30,44.1,44.12,43.77,43.92,55933128
1529933400,2018-06-25 09:30,43.51,43.555,42.9,43.33,110854478
1530019800,2018-06-26 09:30,43.35,43.425,43.05,43.16,70229141
1530106200,2018-06-27 09:30,43.1,43.11,42.2,42.33,95340377
1530192600,2018-06-28 09:30,42.29,42.71,42.15,42.69,105345285
1530279000,2018-06-29 09:30,43.235,43.45,43.2,43.33,108877043
1530538200,2018-07-02 09:30,42.62,42.97,42.525,42.9,78848728
1530624600,2018-07-03 09:30,43.18,43.215,42.87,42.93,28637131
1530797400,2018-07-05 09:30,43.05,43.09,42.65,42.82,67394429
1530883800,2018-07-06 09:30,42.95,43.58,42.92,43.41,69933923
1531143000,2018-07-09 09:30,44.01,44.2,43.79,44.19,80552656
1531229400,2018-07-10 09:30,44.05,44.11,43.74,44.09,63808293
1531315800,2018-07-11 09:30,43.37,43.58,43.06,43.23,58679170
1531402200,2018-07-12 09:30,43.76,43.915,43.6,43.82,53833345
1531488600,2018-07-13 09:30,43.77,43.9485,43.62,43.85,40516369
1531747800,2018-07-16 09:30,43.64,43.7,43.45,43.61,31717263
1531834200,2018-07-17 09:30,43.44,44.01,43.39,43.93,46911481
1531920600,2018-07-18 09:30,43.69,43.92,43.56,43.88,41182142
1532007000,2018-07-19 09:30,43.2,43.525,43.055,43.34,72549340
1532093400,2018-07-20 09:30,43.77,44.04,43.7439,43.96,75114612
1532352600,2018-07-23 09:30,43.76,43.775,43.53,43.67,57679100
1532439000,2018-07-24 09:30,44.39,44.57,44.175,44.31,66639430
1532525400,2018-07-25 09:30,44.6,45.06,44.48,45.03,77834618
1532611800,2018-07-26 09:30,44.65,44.78,44.495,44.53,68705938
1532698200,2018-07-27 09:30,44.86,44.95,44.445,44.69,63744125
1532957400,2018-07-30 09:30,44.79,44.86,44.485,44.62,41541403
1533043800,2018-07-31 09:30,44.62,44.93,44.51,44.86,88217474
1533130200,2018-08-01 09:30,44.47,44.69,44.34,44.46,61755049
1533216600,2018-08-02 09:30,43.55,43.94,43.46,43.87,68678627
1533303000,2018-08-03 09:30,44.02,44.26,43.97,44.21,41043795
1533562200,2018-08-06 09:30,43.89,44.02,43.765,43.87,33153764
1533648600,2018-08-07 09:30,44.38,44.55,44.3,44.32,38719539
1533735000,2018-08-08 09:30,44.23,44.32,44.09,44.26,30610395
1533821400,2018-08-09 09:30,44.32,44.42,44.1,44.13,35013909
1533907800,2018-08-10 09:30,43.14,43.33,43.045,43.19,86629897
1534167000,2018-08-13 09:30,42.79,42.89,42.365,42.48,75183458
1534253400,2018-08-14 09:30,42.64,42.86,42.56,42.74,56724833
1534339800,2018-08-15 09:30,41.54,41.71,41.13,41.51,138633621
1534426200,2018-08-16 09:30,41.92,42.11,41.75,41.77,78123949
1534512600,2018-08-17 09:30,41.62,42.31,41.52,42.21,76030397
1534771800,2018-08-20 09:30,42.31,42.44,42.17,42.4,50763065
1534858200,2018-08-21 09:30,42.83,43.11,42.8,42.94,70462311
1534944600,2018-08-22 09:30,42.98,43.35,42.98,43.28,45602891
1535031000,2018-08-23 09:30,43.13,43.26,42.53,42.58,68878364
1535117400,2018-08-24 09:30,43.22,43.4,43.08,43.37,69304244
1535376600,2018-08-27 09:30,43.77,44.16,43.76,43.99,96574756
1535463000,2018-08-28 09:30,44.11,44.18,43.74,43.83,50093424
1535549400,2018-08-29 09:30,43.73,44.12,43.64,44.1,58165632
1535635800,2018-08-30 09:30,43.42,43.42,42.8,42.95,120206401
1535722200,2018-08-31 09:30,42.89,43.31,42.84,43.17,88660471
1536067800,2018-09-04 09:30,42.49,42.49,42.225,42.33,76724737
1536154200,2018-09-05 09:30,41.84,41.91,41.59,41.72,77834786
1536240600,2018-09-06 09:30,41.8,41.91,41.48,41.76,73104428
1536327000,2018-09-07 09:30,41.63,41.9385,41.385,41.55,61590666
1536586200,2018-09-10 09:30,41.54,41.54,41.09,41.14,61126199
1536672600,2018-09-11 09:30,40.74,41.24,40.63,41.23,74608662
1536759000,2018-09-12 09:30,41.04,41.69,40.89,41.44,116612699
1536845400,2018-09-13 09:30,42.06,42.28,41.81,42,96306519
1536931800,2018-09-14 09:30,42.23,42.28,41.76,41.96,65202690
1537191000,2018-09-17 09:30,41.65,41.81,41.52,41.58,74603909
1537277400,2018-09-18 09:30,41.78,42.05,41.77,41.98,52000734
1537363800,2018-09-19 09:30,42.33,42.61,42.32,42.56,55892416
1537450200,2018-09-20 09:30,42.93,43.06,42.69,43.03,93427436
1537536600,2018-09-21 09:30,43.09,43.3,43.025,43.23,102717843
1537795800,2018-09-24 09:30,42.73,42.79,42.585,42.74,54411652
1537882200,2018-09-25 09:30,42.81,43.01,42.755,42.91,49466978
1537968600,2018-09-26 09:30,42.98,43.51,42.94,43,84080435
1538055000,2018-09-27 09:30,43.13,43.35,43.09,43.21,45547496
1538141400,2018-09-28 09:30,42.89,43.15,42.78,42.92,64732793
1538400600,2018-10-01 09:30,43.13,43.16,42.83,42.93,31030819
1538487000,2018-10-02 09:30,42.37,42.6,42.255,42.39,57719665
1538573400,2018-10-03 09:30,42.69,42.715,41.92,42.04,76571167
1538659800,2018-10-04 09:30,41.61,41.62,40.81,40.99,132360948
1538746200,2018-10-05 09:30,41.01,41.08,40.463,40.84,80578922
1539005400,2018-10-08 09:30,40.56,40.99,40.48,40.9,59744390
1539091800,2018-10-09 09:30,40.57,40.96,40.43,40.75,60976845
1539178200,2018-10-10 09:30,40.5401,40.55,39.525,39.54,99036681
1539264600,2018-10-11 09:30,39.32,39.74,38.77,39.14,168923760
1539351000,2018-10-12 09:30,40.26,40.36,39.745,40.29,116892132
1539610200,2018-10-15 09:30,39.94,40.1399,39.78,39.86,52651029
1539696600,2018-10-16 09:30,40.36,40.9,40.29,40.86,65949781
1539783000,2018-10-17 09:30,40.55,40.58,40.16,40.36,69718741
1539869400,2018-10-18 09:30,39.93,39.96,39.16,39.3,107005060
1539955800,2018-10-19 09:30,39.91,40.155,39.575,39.67,81176190
1540215000,2018-10-22 09:30,40.34,40.42,39.92,40.1,67724893
1540301400,2018-10-23 09:30,39.15,39.89,38.93,39.66,89864603
1540387800,2018-10-24 09:30,39.46,39.51,38.36,38.38,87632516
1540474200,2018-10-25 09:30,38.82,39.3899,38.71,39.12,80961564
1540560600,2018-10-26 09:30,38.3053,38.97,38.135,38.67,139198804
1540819800,2018-10-29 09:30,39.01,39.07,37.575,38,102322849
1540906200,2018-10-30 09:30,38.225,38.75,38.145,38.74,99881479
1540992600,2018-10-31 09:30,39.16,39.39,39,39.16,92768292
1541079000,2018-11-01 09:30,39.78,40.59,39.56,40.56,120482247
1541165400,2018-11-02 09:30,41.25,41.4,40.41,40.82,111324677
1541428200,2018-11-05 09:30,40.81,41.02,40.705,40.93,58320035
1541514600,2018-11-06 09:30,40.7273,40.93,40.64,40.86,40848033
1541601000,2018-11-07 09:30,41.41,41.7,41.1536,41.63,81011462
1541687400,2018-11-08 09:30,41.09,41.23,40.42,40.55,90610903
1541773800,2018-11-09 09:30,39.93,39.98,39.49,39.8,82945707
1542033000,2018-11-12 09:30,39.665,39.74,39.14,39.24,68569689
1542119400,2018-11-13 09:30,39.62,40.075,39.44,39.69,106305571
1542205800,2018-11-14 09:30,40.06,40.19,39.57,39.93,96621097
1542292200,2018-11-15 09:30,40.14,41.05,40.06,40.82,146475788
1542378600,2018-11-16 09:30,40.49,41.11,40.37,40.9,135075944
1542637800,2018-11-19 09:30,40.62,40.68,40.24,40.35,77777254
1542724200,2018-11-20 09:30,39.72,39.91,39.34,39.48,98272815
1542810600,2018-11-21 09:30,40.21,40.48,40.13,40.21,68104629
1542983400,2018-11-23 09:30,39.74,39.95,39.71,39.74,32048232
1543242600,2018-11-26 09:30,40.3,40.42,40.08,40.23,76320465
1543329000,2018-11-27 09:30,40.09,40.51,40.03,40.51,81069109
1543415400,2018-11-28 09:30,40.79,41.51,40.47,41.48,121010942
1543501800,2018-11-29 09:30,41.19,41.4,40.92,41.12,104369565
1543588200,2018-11-30 09:30,40.96,41.1667,40.8,41.08,92961164
1543847400,2018-12-03 09:30,42.13,42.15,41.7,41.91,125019886
1543933800,2018-12-04 09:30,41.95,42.02,40.9232,41.02,134758231
1544106600,2018-12-06 09:30,39.9299,40.68,39.68,40.64,165155089
1544193000,2018-12-07 09:30,40.58,40.85,39.78,39.88,134304559
1544452200,2018-12-10 09:30,39.61,39.68,38.97,39.46,104465323
1544538600,2018-12-11 09:30,40.02,40.03,39.48,39.76,104014748
1544625000,2018-12-12 09:30,40.5,40.78,40.38,40.41,89712214
1544711400,2018-12-13 09:30,40.56,40.68,40.35,40.4,72445402
1544797800,2018-12-14 09:30,39.89,40.18,39.8,39.83,94915744
1545057000,2018-12-17 09:30,39.89,40.04,39.33,39.46,109276223
1545143400,2018-12-18 09:30,39.17,39.38,39.03,39.14,102509755
1545229800,2018-12-19 09:30,39.33,39.73,38.17,38.49,204046229
1545316200,2018-12-20 09:30,38.88,39.13,38.46,38.79,183908869
1545402600,2018-12-21 09:30,38.9,39.11,38.32,38.52,143673404
1545661800,2018-12-24 09:30,38.44,38.72,38.16,38.16,50709476
1545834600,2018-12-26 09:30,38.41,38.96,38.04,38.92,96347194
1545921000,2018-12-27 09:30,38.4,38.91,38.245,38.87,81792664
1546007400,2018-12-28 09:30,39.19,39.455,39,39.24,72869062
1546266600,2018-12-31 09:30,39.5,39.54,38.93,39.06,72972223
1546439400,2019-01-02 09:30,38.59,39.185,38.575,39.16,57219752
1546525800,2019-01-03 09:30,38.73,38.76,38.3,38.45,62767552
1546612200,2019-01-04 09:30,39.01,39.8584,38.92,39.69,103055092
1546871400,2019-01-07 09:30,39.72,39.95,39.495,39.78,76597004
1546957800,2019-01-08 09:30,39.8,40,39.57,39.93,70518151
1547044200,2019-01-09 09:30,40.34,40.86,40.33,40.64,125118786
1547130600,2019-01-10 09:30,40.42,40.96,40.42,40.93,85207644
1547217000,2019-01-11 09:30,40.6,40.8,40.5,40.73,63136215
1547476200,2019-01-14 09:30,40.21,40.575,40.14,40.39,76217012
1547562600,2019-01-15 09:30,40.62,40.89,40.55,40.67,78913211
1547649000,2019-01-16 09:30,40.96,41.31,40.95,41.17,82543629
1547735400,2019-01-17 09:30,40.84,41.55,40.8,41.35,85522752
1547821800,2019-01-18 09:30,41.52,41.7189,41.4224,41.55,98171425
1548167400,2019-01-22 09:30,41.06,41.15,40.65,40.83,101294882
1548253800,2019-01-23 09:30,41.21,41.28,40.895,41.25,66625171
1548340200,2019-01-24 09:30,41.28,41.68,41.28,41.65,76076938
1548426600,2019-01-25 09:30,42.1,42.31,42.04,42.2,105779454
1548685800,2019-01-28 09:30,41.57,41.79,41.44,41.76,85543126
1548772200,2019-01-29 09:30,41.97,41.99,41.73,41.83,56518856
1548858600,2019-01-30 09:30,42.08,42.825,41.88,42.74,127796788
1548945000,2019-01-31 09:30,42.79,43.14,42.78,43.1,119929210
1549031400,2019-02-01 09:30,42.78,42.84,42.63,42.76,65766095
1549290600,2019-02-04 09:30,42.625,42.95,42.54,42.83,45770207
1549377000,2019-02-05 09:30,43.03,43.46,42.96,43.42,81720100
1549463400,2019-02-06 09:30,43.22,43.25,42.74,42.83,58195044
1549549800,2019-02-07 09:30,42.49,42.71,42.03,42.4,101061439
1549636200,2019-02-08 09:30,42.09,42.23,41.845,42.16,64212352
1549895400,2019-02-11 09:30,42.24,42.26,42,42.02,42213376
1549981800,2019-02-12 09:30,42.37,42.55,42.31,42.37,66073136
1550068200,2019-02-13 09:30,42.39,42.47,41.97,42.07,82318061
1550154600,2019-02-14 09:30,41.82,42.3,41.74,42.15,91302782
1550241000,2019-02-15 09:30,42.13,42.13,41.95,42.09,72362243
1550586600,2019-02-19 09:30,41.93,42.51,41.93,42.42,64391533
1550673000,2019-02-20 09:30,42.645,42.93,42.54,42.66,73694822
1550759400,2019-02-21 09:30,42.63,42.67,42.37,42.57,48092664
1550845800,2019-02-22 09:30,42.93,43.16,42.84,43.04,58022150
1551105000,2019-02-25 09:30,43.515,43.73,43.42,43.52,66533750
1551191400,2019-02-26 09:30,43.22,43.52,43.19,43.37,58330592
1551277800,2019-02-27 09:30,43.09,43.16,42.85,43,69471165
1551364200,2019-02-28 09:30,42.72,42.7356,42.44,42.44,87434698
1551450600,2019-03-01 09:30,42.78,42.805,42.41,42.49,94263876
1551709800,2019-03-04 09:30,42.72,42.78,42.18,42.55,94168259
1551796200,2019-03-05 09:30,42.75,43.04,42.6648,42.97,54576835
1551882600,2019-03-06 09:30,42.99,43.05,42.66,42.73,61237842
1551969000,2019-03-07 09:30,42.48,42.49,41.87,41.94,83415319
1552055400,2019-03-08 09:30,41.44,41.675,41.39,41.64,97985914
1552311000,2019-03-11 09:30,42.01,42.47,42.01,42.42,63002281
1552397400,2019-03-12 09:30,42.64,42.75,42.555,42.64,42726928
1552483800,2019-03-13 09:30,42.66,42.75,42.55,42.69,61450029
1552570200,2019-03-14 09:30,42.5158,42.54,42.2944,42.46,58460653
1552656600,2019-03-15 09:30,42.85,43.14,42.82,43.08,139870973
1552915800,2019-03-18 09:30,43.39,43.5799,43.33,43.56,42149274
1553002200,2019-03-19 09:30,43.61,43.74,43.48,43.58,53192726
1553088600,2019-03-20 09:30,43.44,44.01,43.14,43.65,90678753
1553175000,2019-03-21 09:30,43.42,43.72,43.32,43.71,71400551
1553261400,2019-03-22 09:30,43.05,43.15,42.39,42.43,118616986
1553520600,2019-03-25 09:30,42.34,42.66,42.3,42.53,53285336
1553607000,2019-03-26 09:30,42.67,42.78,42.43,42.66,57145814
1553693400,2019-03-27 09:30,42.44,42.53,42.06,42.2,72804288
1553779800,2019-03-28 09:30,42.34,42.53,42.19,42.48,41052892
1553866200,2019-03-29 09:30,42.95,43,42.72,42.92,70439147
1554125400,2019-04-01 09:30,43.5,43.67,43.4,43.63,70455929
1554211800,2019-04-02 09:30,43.67,43.69,43.35,43.49,48692186
1554298200,2019-04-03 09:30,43.91,44.14,43.73,43.79,73639431
1554384600,2019-04-04 09:30,43.78,44.14,43.755,44.06,47028410
1554471000,2019-04-05 09:30,44.18,44.42,44.1416,44.4,50360884
1554730200,2019-04-08 09:30,44.18,44.44,44.105,44.4,30209010
1554816600,2019-04-09 09:30,44.43,44.455,44.27,44.31,49530348
1554903000,2019-04-10 09:30,44.5,44.64,44.41,44.52,51143393
1554989400,2019-04-11 09:30,44.2,44.23,43.92,44.04,55153624
1555075800,2019-04-12 09:30,44.48,44.52,44.26,44.36,54695660
1555335000,2019-04-15 09:30,44.32,44.34,43.96,44.13,37958126
1555421400,2019-04-16 09:30,44.32,44.52,44.32,44.46,43860110
1555507800,2019-04-17 09:30,44.77,44.84,44.48,44.59,56935425
1555594200,2019-04-18 09:30,44.43,44.65,44.3,44.56,56639815
1555939800,2019-04-22 09:30,44.14,44.32,44.06,44.27,35929135
1556026200,2019-04-23 09:30,44.1969,44.45,44.145,44.37,32829940
1556112600,2019-04-24 09:30,44.07,44.08,43.63,43.77,69033589
1556199000,2019-04-25 09:30,43.5,43.72,43.37,43.71,61168480
1556285400,2019-04-26 09:30,43.78,43.96,43.64,43.88,55441688
1556544600,2019-04-29 09:30,44,44.05,43.88,43.97,34398276
1556631000,2019-04-30 09:30,43.85,44.025,43.63,43.93,69577089
1556717400,2019-05-01 09:30,44.01,44.35,43.54,43.6,98629108
1556803800,2019-05-02 09:30,43.7,43.85,43.45,43.7,53101890
1556890200,2019-05-03 09:30,44.02,44.28,43.955,44.22,56642026
1557149400,2019-05-06 09:30,42.84,43.39,42.79,43.31,80976981
1557235800,2019-05-07 09:30,42.86,42.86,42.21,42.46,94189032
1557322200,2019-05-08 09:30,42.58,42.76,42.38,42.4,73548621
1557408600,2019-05-09 09:30,41.45,41.93,41.15,41.73,130848958
1557495000,2019-05-10 09:30,41.85,42.11,41.34,41.98,90343274
1557754200,2019-05-13 09:30,40.68,40.87,40.38,40.58,154670935
1557840600,2019-05-14 09:30,41.13,41.3,40.98,41.15,89406841
1557927000,2019-05-15 09:30,40.9,41.305,40.84,41.23,79039531
1558013400,2019-05-16 09:30,41.17,41.4195,41.01,41.03,60101129
1558099800,2019-05-17 09:30,40.35,40.63,40.25,40.29,83972521
1558359000,2019-05-20 09:30,40.17,40.2968,39.97,40.12,53810044
1558445400,2019-05-21 09:30,40.39,40.64,40.29,40.63,59832625
1558531800,2019-05-22 09:30,40.58,40.62,40.39,40.43,44117578
1558618200,2019-05-23 09:30,39.88,40.08,39.75,39.91,86731077
1558704600,2019-05-24 09:30,40.22,40.27,39.91,39.95,66379673
1559050200,2019-05-28 09:30,40.37,40.42,40.01,40.09,98395196
1559136600,2019-05-29 09:30,39.93,40.37,39.88,40.35,82060436
1559223000,2019-05-30 09:30,40.48,40.73,40.445,40.57,69626266
1559309400,2019-05-31 09:30,40.38,40.805,40.35,40.71,85220608
1559568600,2019-06-03 09:30,41.045,41.3,40.97,41.08,75619908
1559655000,2019-06-04 09:30,40.91,41.2,40.82,41.17,64141927
1559741400,2019-06-05 09:30,41.22,41.235,40.73,40.84,64072152
1559827800,2019-06-06 09:30,40.835,40.95,40.69,40.86,47722546
1559914200,2019-06-07 09:30,41.08,41.52,41.06,41.18,63584414
1560173400,2019-06-10 09:30,41.56,41.8057,41.47,41.61,57245783
1560259800,2019-06-11 09:30,42.15,42.2175,41.96,42.08,69040637
1560346200,2019-06-12 09:30,41.78,41.8093,41.55,41.63,55120584
1560432600,2019-06-13 09:30,41.685,41.76,41.43,41.56,59717507
1560519000,2019-06-14 09:30,41.29,41.31,41.08,41.1,71468267
1560778200,2019-06-17 09:30,40.82,41.03,40.815,40.95,48715626
1560864600,2019-06-18 09:30,41.4,42.03,41.39,41.94,112482370
1560951000,2019-06-19 09:30,42.02,42.5,41.92,42.29,105746236
1561037400,2019-06-20 09:30,43.18,43.21,42.735,42.91,89200408
1561123800,2019-06-21 09:30,42.74,42.87,42.67,42.77,55543967
1561383000,2019-06-24 09:30,42.745,42.82,42.665,42.71,37025571
1561469400,2019-06-25 09:30,42.54,42.59,42.21,42.27,62167462
1561555800,2019-06-26 09:30,42.6,42.82,42.57,42.67,45126654
1561642200,2019-06-27 09:30,42.85,42.99,42.78,42.97,42358152
1561728600,2019-06-28 09:30,42.97,42.995,42.78,42.91,66236038
1561987800,2019-07-01 09:30,43.7,43.74,43.26,43.42,73395993
1562074200,2019-07-02 09:30,43.38,43.41,43.19,43.31,67518954
1562160600,2019-07-03 09:30,43.11,43.23,43.05,43.23,31218534
1562333400,2019-07-05 09:30,42.93,43.03,42.71,42.93,51678010
1562592600,2019-07-08 09:30,42.63,42.73,42.56,42.67,37679412
1562679000,2019-07-09 09:30,42.33,42.585,42.32,42.54,28227610
1562765400,2019-07-10 09:30,42.97,43.13,42.86,42.9,53673060
1562851800,2019-07-11 09:30,43.05,43.05,42.7,42.82,44486089
1562938200,2019-07-12 09:30,42.86,42.89,42.68,42.85,30512213
1563197400,2019-07-15 09:30,43.03,43.1,42.97,43.01,28026464
1563283800,2019-07-16 09:30,43.06,43.18,42.91,42.95,37093688
1563370200,2019-07-17 09:30,42.93,43.01,42.77,42.82,32866045
1563456600,2019-07-18 09:30,42.8,43.13,42.7775,43.08,63380468
1563543000,2019-07-19 09:30,43.2,43.22,42.82,42.86,81774913
1563802200,2019-07-22 09:30,42.97,43.03,42.84,42.87,29826345
1563888600,2019-07-23 09:30,42.92,43.02,42.75,42.92,37246383
1563975000,2019-07-24 09:30,42.87,43.02,42.87,42.99,40358793
1564061400,2019-07-25 09:30,42.9,43.11,42.53,42.61,55327733
1564147800,2019-07-26 09:30,42.78,42.82,42.58,42.7,33068630
1564407000,2019-07-29 09:30,42.56,42.65,42.41,42.62,31912380
1564493400,2019-07-30 09:30,42.29,42.43,42.16,42.29,57335796
1564579800,2019-07-31 09:30,42.27,42.295,41.28,41.77,98764739
1564666200,2019-08-01 09:30,41.78,42.1,40.84,40.95,139325851
1564752600,2019-08-02 09:30,40.79,40.88,40.43,40.55,92796263
1565011800,2019-08-05 09:30,39.43,39.51,38.85,39.05,131194119
1565098200,2019-08-06 09:30,39.72,39.81,39.35,39.61,88071482
1565184600,2019-08-07 09:30,39.205,39.81,39.05,39.79,106772540
1565271000,2019-08-08 09:30,40.04,40.3,39.9419,40.28,81187740
1565357400,2019-08-09 09:30,40.03,40.09,39.695,39.87,64703987
1565616600,2019-08-12 09:30,39.37,39.515,39.28,39.39,78559798
1565703000,2019-08-13 09:30,39.09,40.11,39.02,39.89,110812058
1565789400,2019-08-14 09:30,39.09,39.19,38.72,38.74,102911485
1565875800,2019-08-15 09:30,39.1,39.16,38.81,39,78403199
1565962200,2019-08-16 09:30,39.36,39.635,39.36,39.54,53443372
1566221400,2019-08-19 09:30,40.04,40.05,39.67,39.7,43331556
1566307800,2019-08-20 09:30,39.83,39.97,39.73,39.78,44922944
1566394200,2019-08-21 09:30,40.2,40.2,39.97,40.16,41678152
1566480600,2019-08-22 09:30,39.86,39.92,39.53,39.64,41603816
1566567000,2019-08-23 09:30,39.55,39.925,38.99,39.05,80562617
1566826200,2019-08-26 09:30,39.33,39.38,39.16,39.26,58141833
1566912600,2019-08-27 09:30,39.53,39.67,39.295,39.33,62905351
1566999000,2019-08-28 09:30,39.26,39.51,39.16,39.44,49484638
1567085400,2019-08-29 09:30,39.69,39.91,39.55,39.88,43360547
1567171800,2019-08-30 09:30,40.21,40.215,39.96,40.19,57071304
1567517400,2019-09-03 09:30,39.73,39.95,39.73,39.94,50339954
1567603800,2019-09-04 09:30,40.49,40.66,40.4,40.61,65960008
1567690200,2019-09-05 09:30,41.09,41.22,41.045,41.07,72705311
1567776600,2019-09-06 09:30,41.3,41.39,41.2,41.25,48716198
1568035800,2019-09-09 09:30,41.36,41.5,41.25,41.38,38554203
1568122200,2019-09-10 09:30,41.34,41.485,41.17,41.41,48493121
1568208600,2019-09-11 09:30,41.56,41.73,41.485,41.7,62563891
1568295000,2019-09-12 09:30,41.97,42.25,41.82,42,74590051
1568381400,2019-09-13 09:30,42.25,42.35,42.16,42.24,58403450
1568640600,2019-09-16 09:30,41.91,42.11,41.81,41.91,62905788
1568727000,2019-09-17 09:30,41.53,41.94,41.5,41.91,98987768
1568813400,2019-09-18 09:30,41.84,41.895,41.41,41.74,71023402
1568899800,2019-09-19 09:30,41.74,41.875,41.5,41.57,52530279
1568986200,2019-09-20 09:30,41.88,41.93,41.44,41.61,86133210
1569245400,2019-09-23 09:30,41.41,41.67,41.41,41.65,43554749
1569331800,2019-09-24 09:30,41.63,41.64,41.165,41.21,57469840
1569418200,2019-09-25 09:30,40.935,41.27,40.7916,41.18,43467163
1569504600,2019-09-26 09:30,41.25,41.3,41.05,41.17,38031302
1569591000,2019-09-27 09:30,41.17,41.265,40.4943,40.64,79886694
1569850200,2019-09-30 09:30,40.98,41.1,40.82,40.87,44228834
1569936600,2019-10-01 09:30,40.9,40.91,40.55,40.58,48907565
1570023000,2019-10-02 09:30,40.28,40.34,40.07,40.27,41850827
1570109400,2019-10-03 09:30,40.41,40.79,40.3,40.79,62375078
1570195800,2019-10-04 09:30,40.67,41.05,40.625,40.97,54334699
1570455000,2019-10-07 09:30,40.72,40.93,40.595,40.63,57119507
1570541400,2019-10-08 09:30,40.55,40.6,40.31,40.34,58679975
1570627800,2019-10-09 09:30,40.67,40.81,40.6,40.65,41483869
1570714200,2019-10-10 09:30,40.8,41.24,40.79,41.07,52315046
1570800600,2019-10-11 09:30,41.695,42.045,41.625,41.73,96068245
1571059800,2019-10-14 09:30,41.68,41.74,41.54,41.55,29268598
1571146200,2019-10-15 09:30,41.67,42.01,41.645,41.92,51167119
1571232600,2019-10-16 09:30,41.88,42.08,41.79,42.04,40793926
1571319000,2019-10-17 09:30,42.37,42.39,42.14,42.2,56583809
1571405400,2019-10-18 09:30,42.11,42.215,41.87,41.98,78917646
1571664600,2019-10-21 09:30,42.16,42.365,42.095,42.36,38546828
1571751000,2019-10-22 09:30,42.39,42.535,42.33,42.39,59633618
1571837400,2019-10-23 09:30,42.22,42.445,42.19,42.4,43371616
1571923800,2019-10-24 09:30,42.575,42.59,42.37,42.4,61730298
1572010200,2019-10-25 09:30,42.4,42.725,42.38,42.7,49443677
1572269400,2019-10-28 09:30,42.9,43.06,42.88,42.95,56279119
1572355800,2019-10-29 09:30,42.73,42.86,42.69,42.73,33949795
1572442200,2019-10-30 09:30,42.63,42.92,42.45,42.92,60881019
1572528600,2019-10-31 09:30,42.76,42.77,42.36,42.58,56057745
1572615000,2019-11-01 09:30,43.03,43.25,43.01,43.22,72772359
1572877800,2019-11-04 09:30,43.77,43.82,43.58,43.65,62191561
1572964200,2019-11-05 09:30,43.91,43.94,43.7,43.9,62354450
1573050600,2019-11-06 09:30,43.87,43.91,43.62,43.76,61670503
1573137000,2019-11-07 09:30,44.09,44.25,44.025,44.08,97598192
1573223400,2019-11-08 09:30,43.73,43.825,43.59,43.68,68673665
1573482600,2019-11-11 09:30,43.14,43.415,43.095,43.37,47092848
1573569000,2019-11-12 09:30,43.255,43.28,43.01,43.09,57454896
1573655400,2019-11-13 09:30,42.66,42.84,42.6,42.76,63195303
1573741800,2019-11-14 09:30,42.72,42.85,42.57,42.79,48737674
1573828200,2019-11-15 09:30,43.07,43.22,43.03,43.13,67670690
1574087400,2019-11-18 09:30,43.14,43.22,43.015,43.06,52550522
1574173800,2019-11-19 09:30,43.38,43.38,43.09,43.15,40854433
1574260200,2019-11-20 09:30,43,43.16,42.78,42.96,51992572
1574346600,2019-11-21 09:30,42.79,42.89,42.68,42.87,43842635
1574433000,2019-11-22 09:30,42.95,42.99,42.77,42.87,23519905
1574692200,2019-11-25 09:30,43.14,43.34,43.1,43.3,57053838
1574778600,2019-11-26 09:30,43.06,43.19,42.89,43.17,49571231
1574865000,2019-11-27 09:30,43.09,43.24,43.0144,43.22,30402274
1575037800,2019-11-29 09:30,42.64,42.72,42.54,42.54,35476630
1575297000,2019-12-02 09:30,42.665,42.68,42.37,42.53,59779443
1575383400,2019-12-03 09:30,42.16,42.32,41.97,42.31,50646616
1575469800,2019-12-04 09:30,42.63,42.7,42.57,42.63,47026121
1575556200,2019-12-05 09:30,42.72,42.88,42.65,42.82,43346776
1575642600,2019-12-06 09:30,43.07,43.13,42.98,43.07,56768682
1575901800,2019-12-09 09:30,43.03,43.17,42.88,42.9,38944673
1575988200,2019-12-10 09:30,42.99,43.135,42.91,43.05,34791262
1576074600,2019-12-11 09:30,43.29,43.72,43.27,43.68,60086474
1576161000,2019-12-12 09:30,43.81,44.5,43.77,44.44,132214567
1576247400,2019-12-13 09:30,44.55,44.87,44.3,44.42,160526984
1576506600,2019-12-16 09:30,43.89,44.01,43.82,43.86,81834034
1576593000,2019-12-17 09:30,44.2,44.31,44.122,44.26,79061249
1576679400,2019-12-18 09:30,44.46,44.51,44.36,44.5,67065055
1576765800,2019-12-19 09:30,44.36,44.53,44.33,44.52,59364930
1576852200,2019-12-20 09:30,44.57,44.6672,44.5,44.61,69296997
1577111400,2019-12-23 09:30,44.59,44.67,44.5439,44.67,29479481
1577197800,2019-12-24 09:30,44.58,44.62,44.48,44.57,18951476
1577370600,2019-12-26 09:30,44.74,44.91,44.72,44.89,24948037
1577457000,2019-12-27 09:30,45.18,45.2,44.95,45.07,48408338
1577716200,2019-12-30 09:30,45.18,45.18,44.71,44.77,44528115
1577802600,2019-12-31 09:30,44.795,44.92,44.675,44.87,47295482
1577975400,2020-01-02 09:30,45.36,45.78,45.35,45.78,78491559
1578061800,2020-01-03 09:30,45.03,45.26,44.91,44.93,79002404
1578321000,2020-01-06 09:30,44.6,44.87,44.59,44.82,40087897
1578407400,2020-01-07 09:30,44.79,44.9,44.69,44.79,65784053
1578493800,2020-01-08 09:30,44.725,45.3,44.69,45.05,86913292
1578580200,2020-01-09 09:30,45.48,45.48,45.255,45.35,53200703
1578666600,2020-01-10 09:30,45.64,45.77,45.53,45.59,67573809
1578925800,2020-01-13 09:30,45.91,46.32,45.81,46.3,79596939
1579012200,2020-01-14 09:30,46.03,46.07,45.82,46.04,75761995
1579098600,2020-01-15 09:30,45.87,45.92,45.605,45.68,60620612
1579185000,2020-01-16 09:30,45.98,46.04,45.83,45.97,50712674
1579271400,2020-01-17 09:30,46.12,46.26,46.01,46.23,72382094
1579617000,2020-01-21 09:30,45.27,45.35,45.03,45.06,106662596
1579703400,2020-01-22 09:30,45.56,45.58,45.3,45.43,57585050
1579789800,2020-01-23 09:30,44.72,45.1,44.48,44.96,88714278
1579876200,2020-01-24 09:30,45.02,45.03,44.39,44.6,88654523
1580135400,2020-01-27 09:30,42.74,44.9678,42.66,43.06,129321780
1580221800,2020-01-28 09:30,43.22,43.5,43.03,43.42,82396721
1580308200,2020-01-29 09:30,43.76,43.79,43.5,43.63,51815669
1580394600,2020-01-30 09:30,42.66,43.03,42.43,42.98,105864162
1580481000,2020-01-31 09:30,42.3,42.33,41.88,42.11,99532173
1580740200,2020-02-03 09:30,42.27,42.68,42.26,42.58,71311715
1580826600,2020-02-04 09:30,43.68,43.93,43.65,43.68,73939335
1580913000,2020-02-05 09:30,44.46,44.47,43.9,43.93,74350867
1580999400,2020-02-06 09:30,44.33,44.345,43.96,43.97,80118764
1581085800,2020-02-07 09:30,43.53,43.55,43.25,43.36,58449867
1581345000,2020-02-10 09:30,43.38,43.63,43.38,43.6,45350815
1581431400,2020-02-11 09:30,44.14,44.41,44.08,44.17,58708609
1581517800,2020-02-12 09:30,44.59,44.8387,44.5,44.77,41641128
1581604200,2020-02-13 09:30,44.29,44.45,44.155,44.18,64757520
1581690600,2020-02-14 09:30,44.46,44.47,44.04,44.2,45095608
1582036200,2020-02-18 09:30,43.89,44.045,43.81,43.91,40181704
1582122600,2020-02-19 09:30,44.25,44.33,44.19,44.23,45651533
1582209000,2020-02-20 09:30,43.88,44.3376,43.395,43.54,109316283
1582295400,2020-02-21 09:30,43.44,43.5286,43.23,43.29,70553456
1582554600,2020-02-24 09:30,41.46,41.91,41.43,41.67,101505576
1582641000,2020-02-25 09:30,42.28,42.345,41.34,41.34,118601255
1582727400,2020-02-26 09:30,41.83,42.24,41.64,41.67,109412604
1582813800,2020-02-27 09:30,41.21,41.515,40.663,40.67,151063157
1582900200,2020-02-28 09:30,39.545,40.62,39.28,40.52,201191179
1583159400,2020-03-02 09:30,40.64,41.41,40.395,41.4,135152314
1583245800,2020-03-03 09:30,41.41,42.08,40.83,41.12,141798744
1583332200,2020-03-04 09:30,41.74,41.93,41.51,41.85,80064751
1583418600,2020-03-05 09:30,41.52,41.68,40.8,40.97,107474246
1583505000,2020-03-06 09:30,40.27,40.385,39.805,40.13,104006918
1583760600,2020-03-09 09:30,37.23,38.1,36.6,37.39,143376875
1583847000,2020-03-10 09:30,38.95,39.33,38.17,39.29,142773748
1583933400,2020-03-11 09:30,38.2,38.325,37.22,37.46,137908382
1584019800,2020-03-12 09:30,34.13,34.67,32.89,33.71,171341239
1584106200,2020-03-13 09:30,36.61,36.7,34.38,36.14,128272917
1584365400,2020-03-16 09:30,32,33.48,31.59,31.63,101553863
1584451800,2020-03-17 09:30,32.56,33.81,32.025,33.81,92310860
1584538200,2020-03-18 09:30,30.91,32.02,30.15,30.89,101136097
1584624600,2020-03-19 09:30,30.805,31.55,30.25,31.13,68919725
1584711000,2020-03-20 09:30,32.59,32.72,31.25,31.36,100290250
1584970200,2020-03-23 09:30,31.06,31.155,30.095,30.61,97833105
1585056600,2020-03-24 09:30,32.61,32.97,32.35,32.91,84450496
1585143000,2020-03-25 09:30,33.51,34.53,33.185,34.07,79589227
1585229400,2020-03-26 09:30,34.36,35.445,34.28,35.36,89991486
1585315800,2020-03-27 09:30,33.45,33.96,33.19,33.35,74103904
1585575000,2020-03-30 09:30,33.47,33.93,33.215,33.9,47544933
1585661400,2020-03-31 09:30,33.98,34.545,33.92,34.13,64137384
1585747800,2020-04-01 09:30,33.1,33.33,32.62,32.67,65580759
1585834200,2020-04-02 09:30,33.29,33.935,33.2,33.77,55784013
1585920600,2020-04-03 09:30,33.69,33.86,32.95,33.13,68672544
1586179800,2020-04-06 09:30,34.44,34.95,34.295,34.94,82394801
1586266200,2020-04-07 09:30,36.09,36.12,35.045,35.12,74322608
1586352600,2020-04-08 09:30,35.21,35.57,34.94,35.48,47113153
1586439000,2020-04-09 09:30,35.86,36.09,35.26,35.35,67239257
1586784600,2020-04-13 09:30,35.34,35.45,35,35.4,38193423
1586871000,2020-04-14 09:30,36.21,36.48,36.005,36.21,52817418
1586957400,2020-04-15 09:30,35.35,35.46,35.12,35.28,60775466
1587043800,2020-04-16 09:30,35.78,35.82,35.355,35.47,37215111
1587130200,2020-04-17 09:30,36.43,36.475,36,36.26,40870252
1587389400,2020-04-20 09:30,35.88,36.235,35.73,35.8,44402672
1587475800,2020-04-21 09:30,34.98,35.18,34.74,34.81,46166679
1587562200,2020-04-22 09:30,35.78,35.87,35.69,35.76,37455874
1587648600,2020-04-23 09:30,36.04,36.29,35.61,35.63,40733107
1587735000,2020-04-24 09:30,35.69,35.74,35.25,35.58,30553936
1587994200,2020-04-27 09:30,36.05,36.37,35.995,36.3,30617352
1588080600,2020-04-28 09:30,36.82,36.85,36.35,36.37,34463923
1588167000,2020-04-29 09:30,36.99,37.5,36.92,37.43,45483071
1588253400,2020-04-30 09:30,37.24,37.36,36.4,36.64,59181729
1588339800,2020-05-01 09:30,35.75,35.88,35.2,35.32,56828977
1588599000,2020-05-04 09:30,35.46,35.74,35.32,35.7,37036197
1588685400,2020-05-05 09:30,36.06,36.24,35.86,35.9,41772738
1588771800,2020-05-06 09:30,36.12,36.16,35.765,35.79,36584458
1588858200,2020-05-07 09:30,36.13,36.24,35.91,36.08,36885439
1588944600,2020-05-08 09:30,36.54,36.95,36.51,36.84,60613601
1589203800,2020-05-11 09:30,36.62,36.84,36.56,36.6,31053702
1589290200,2020-05-12 09:30,36.9,37.16,36.45,36.46,49641419
1589376600,2020-05-13 09:30,36.87,36.95,36.15,36.39,55002889
1589463000,2020-05-14 09:30,35.69,36.59,35.555,36.53,58633685
1589549400,2020-05-15 09:30,35.96,36.2,35.84,36.03,40401985
1589808600,2020-05-18 09:30,36.92,37.52,36.905,37.44,47488157
1589895000,2020-05-19 09:30,37.38,37.56,37.12,37.14,36152592
1589981400,2020-05-20 09:30,37.73,37.91,37.425,37.63,43140512
1590067800,2020-05-21 09:30,37.4,37.53,37.02,37.2,42845510
1590154200,2020-05-22 09:30,36.62,36.62,36.31,36.43,47354950
1590499800,2020-05-26 09:30,37.58,37.73,37.19,37.23,54511247
1590586200,2020-05-27 09:30,37.4,37.43,36.91,37.35,47182424
1590672600,2020-05-28 09:30,37.47,37.65,37.07,37.09,53396100
1590759000,2020-05-29 09:30,37.35,37.8,37.09,37.73,63740744
1591018200,2020-06-01 09:30,38.08,38.63,38.01,38.6,49360706
1591104600,2020-06-02 09:30,39.07,39.57,38.98,39.52,54010482
1591191000,2020-06-03 09:30,40.05,40.52,39.99,40.44,60769335
1591277400,2020-06-04 09:30,39.91,40.18,39.675,39.87,50969339
1591363800,2020-06-05 09:30,40.9,41.16,40.815,40.92,52467919
1591623000,2020-06-08 09:30,40.8,41.19,40.555,41.17,39777057
1591709400,2020-06-09 09:30,40.58,40.98,40.43,40.89,44389765
1591795800,2020-06-10 09:30,41.005,41.31,40.67,41.19,81172706
1591882200,2020-06-11 09:30,39.86,40.08,38.985,39.04,91271386
1591968600,2020-06-12 09:30,40.02,40.1,39.28,39.87,73779518
1592227800,2020-06-15 09:30,38.62,39.51,38.5,39.28,76869654
1592314200,2020-06-16 09:30,40.27,40.27,39.25,39.53,79638033
1592400600,2020-06-17 09:30,39.87,40.11,39.79,39.91,61471153
1592487000,2020-06-18 09:30,39.81,40.08,39.8,39.93,48131406
1592573400,2020-06-19 09:30,40.47,40.48,39.78,39.92,72411345
1592832600,2020-06-22 09:30,40.19,40.5,40.1,40.41,39024205
1592919000,2020-06-23 09:30,40.89,41.065,40.76,40.8,32995810
1593005400,2020-06-24 09:30,40.635,40.76,39.975,40.26,51150249
1593091800,2020-06-25 09:30,40.12,40.44,39.98,40.43,48198962
1593178200,2020-06-26 09:30,40.31,40.33,39.765,39.94,53901484
1593437400,2020-06-29 09:30,39.95,40.14,39.715,40.12,34712671
1593523800,2020-06-30 09:30,40.05,40.09,39.745,39.99,67644616
1593610200,2020-07-01 09:30,40.205,40.587,40.18,40.44,52401725
1593696600,2020-07-02 09:30,41.31,41.6,41.18,41.36,42240181
1594042200,2020-07-06 09:30,42.78,43.15,42.78,43.14,69159908
1594128600,2020-07-07 09:30,42.59,42.88,42.395,42.42,34004169
1594215000,2020-07-08 09:30,43,43.52,42.945,43.52,42278146
1594301400,2020-07-09 09:30,43.9,43.96,43.13,43.52,64950427
1594387800,2020-07-10 09:30,43.23,43.3,42.95,43.24,45293847
1594647000,2020-07-13 09:30,43.54,43.855,42.87,42.95,47039635
1594733400,2020-07-14 09:30,42.45,43.125,42.35,43.01,56528028
1594819800,2020-07-15 09:30,43.27,43.3523,42.97,43.14,48309080
1594906200,2020-07-16 09:30,42.3079,42.57,42.245,42.53,36511978
1594992600,2020-07-17 09:30,42.84,42.86,42.55,42.77,40912970
1595251800,2020-07-20 09:30,43.01,43.37,42.89,43.32,23319268
1595338200,2020-07-21 09:30,44,44.02,43.7,43.72,44423417
1595424600,2020-07-22 09:30,43.71,43.71,43.285,43.53,31232170
1595511000,2020-07-23 09:30,43.5,43.665,42.97,43.18,39243611
1595597400,2020-07-24 09:30,42.72,43.14,42.63,43.14,30184756
1595856600,2020-07-27 09:30,43.44,43.84,43.31,43.81,39112173
1595943000,2020-07-28 09:30,43.73,43.78,43.4,43.45,31219090
1596029400,2020-07-29 09:30,43.85,44.27,43.85,44.15,37830933
1596115800,2020-07-30 09:30,43.63,43.76,43.19,43.59,47900312
1596202200,2020-07-31 09:30,43.63,43.64,42.96,43.29,62457744
1596461400,2020-08-03 09:30,43.45,43.69,43.41,43.59,30603667
1596547800,2020-08-04 09:30,43.78,44.17,43.77,44.17,40597390
1596634200,2020-08-05 09:30,44.56,44.85,44.53,44.65,36771098
1596720600,2020-08-06 09:30,44.52,44.81,44.36,44.79,33523690
1596807000,2020-08-07 09:30,43.99,44.145,43.64,43.87,35759274
1597066200,2020-08-10 09:30,43.94,44.07,43.64,43.98,26964730
1597152600,2020-08-11 09:30,44.27,44.355,43.81,43.86,34166428
1597239000,2020-08-12 09:30,44.31,44.575,44.21,44.45,30741321
1597325400,2020-08-13 09:30,44.4,44.47,44.13,44.32,26509218
1597411800,2020-08-14 09:30,44.21,44.31,44.145,44.24,24593855
1597671000,2020-08-17 09:30,44.57,44.82,44.495,44.8,26422332
1597757400,2020-08-18 09:30,44.8,44.87,44.46,44.75,34464938
1597843800,2020-08-19 09:30,44.61,44.62,44.19,44.2,28391126
1597930200,2020-08-20 09:30,43.4569,44.07,43.37,44.06,38399470
1598016600,2020-08-21 09:30,43.98,44.295,43.79,44.28,34658129
1598275800,2020-08-24 09:30,44.94,44.965,44.595,44.77,26576626
1598362200,2020-08-25 09:30,44.92,45.26,44.82,45.22,27607558
1598448600,2020-08-26 09:30,45.23,45.39,45.165,45.34,31465273
1598535000,2020-08-27 09:30,45.46,45.46,44.77,44.96,31947441
1598621400,2020-08-28 09:30,45.24,45.56,45.12,45.55,24151747
1598880600,2020-08-31 09:30,44.71,44.72,44.25,44.54,52790024
1598967000,2020-09-01 09:30,44.96,45.33,44.915,45.3,34212355
1599053400,2020-09-02 09:30,45.36,45.37,44.78,45.18,50638434
1599139800,2020-09-03 09:30,44.94,44.9531,44.04,44.32,82433299
1599226200,2020-09-04 09:30,44.42,44.655,43.58,44.34,62284847
1599571800,2020-09-08 09:30,43.56,43.96,43.43,43.57,50051349
1599658200,2020-09-09 09:30,44.01,44.31,43.9,44.22,49010482
1599744600,2020-09-10 09:30,44.27,44.335,43.51,43.51,54276171
1599831000,2020-09-11 09:30,44.11,44.25,43.71,43.93,49400724
1600090200,2020-09-14 09:30,44.51,44.71,44.445,44.64,38892308
1600176600,2020-09-15 09:30,45.185,45.23,45.02,45.11,30540997
1600263000,2020-09-16 09:30,45.25,45.405,45.03,45.05,38180405
1600349400,2020-09-17 09:30,44.51,44.94,44.48,44.87,38231115
1600435800,2020-09-18 09:30,44.91,44.9483,44.45,44.52,34270521
1600695000,2020-09-21 09:30,43.77,44.14,43.39,44.11,42901544
1600781400,2020-09-22 09:30,43.95,43.97,43.42,43.78,44883950
1600867800,2020-09-23 09:30,43.65,43.73,43.06,43.1,40836951
1600954200,2020-09-24 09:30,42.5,43.2,42.43,42.9,46493837
1601040600,2020-09-25 09:30,42.54,42.96,42.29,42.94,44165700
1601299800,2020-09-28 09:30,43.51,43.6,43.21,43.42,45528488
1601386200,2020-09-29 09:30,43.29,43.53,43.245,43.39,25333160
1601472600,2020-09-30 09:30,43.73,44.21,43.7,44.09,48674280
1601559000,2020-10-01 09:30,44.42,44.53,44.16,44.5,51521055
1601645400,2020-10-02 09:30,43.83,44.375,43.78,43.99,32647060
1601904600,2020-10-05 09:30,44.23,44.58,44.23,44.58,36059119
1601991000,2020-10-06 09:30,44.72,45,44.51,44.66,43464757
1602077400,2020-10-07 09:30,45.07,45.29,44.94,45.15,45691054
1602163800,2020-10-08 09:30,45.31,45.57,44.9484,45.52,29670157
1602250200,2020-10-09 09:30,45.63,45.955,45.5,45.83,31895130
1602509400,2020-10-12 09:30,46.08,46.34,45.98,46.23,40037696
1602595800,2020-10-13 09:30,46.07,46.1,45.8,46.04,35584963
1602682200,2020-10-14 09:30,46.02,46.14,45.71,45.73,42300463
1602768600,2020-10-15 09:30,45.07,45.44,45.02,45.4,41126350
1602855000,2020-10-16 09:30,45.56,45.6899,45.41,45.56,31611525
1603114200,2020-10-19 09:30,45.7,45.89,45.34,45.43,30869535
1603200600,2020-10-20 09:30,45.71,46.17,45.69,45.93,51623018
1603287000,2020-10-21 09:30,46,46.315,45.94,46.06,42909729
1603373400,2020-10-22 09:30,46.135,46.175,45.82,46.05,41884144
1603459800,2020-10-23 09:30,46.09,46.32,45.87,46.32,36931741
1603719000,2020-10-26 09:30,45.77,46.04,45.35,45.72,53574288
1603805400,2020-10-27 09:30,45.85,46.05,45.695,45.92,41828635
1603891800,2020-10-28 09:30,45.19,45.247,44.73,44.77,67047156
1603978200,2020-10-29 09:30,44.94,45.37,44.78,45.22,44763527
1604064600,2020-10-30 09:30,44.85,44.92,44.41,44.71,66155380
1604327400,2020-11-02 09:30,45.18,45.3,44.92,45.28,51000472
1604413800,2020-11-03 09:30,45.36,45.599,45.18,45.48,49744325
1604500200,2020-11-04 09:30,46.09,47.09,46,46.91,81110201
1604586600,2020-11-05 09:30,47.71,47.91,47.31,47.71,78029316
1604673000,2020-11-06 09:30,47.67,48.11,47.54,47.93,57353252
1604932200,2020-11-09 09:30,49.48,49.53,48.24,48.26,74889427
1605018600,2020-11-10 09:30,48.07,48.19,47.5,47.71,68735574
1605105000,2020-11-11 09:30,47.635,48.095,47.56,48.02,46272034
1605191400,2020-11-12 09:30,48.14,48.31,47.54,47.66,41294750
1605277800,2020-11-13 09:30,48.24,48.36,47.985,48.33,48158676
1605537000,2020-11-16 09:30,48.85,49.0899,48.76,48.93,63565902
1605623400,2020-11-17 09:30,48.63,49.01,48.56,48.88,34661641
1605709800,2020-11-18 09:30,49.09,49.1,48.7,48.71,32343464
1605796200,2020-11-19 09:30,48.48,48.855,48.38,48.79,27523991
1605882600,2020-11-20 09:30,48.9,49.2,48.855,49.06,35261022
1606141800,2020-11-23 09:30,49.585,49.6,49.075,49.19,38982057
1606228200,2020-11-24 09:30,49.6,49.88,49.34,49.85,39281004
1606314600,2020-11-25 09:30,49.4,49.6,49.255,49.57,47357994
1606487400,2020-11-27 09:30,49.95,50.17,49.91,50.04,27040333
1606746600,2020-11-30 09:30,49.31,49.31,48.71,48.73,60622759
1606833000,2020-12-01 09:30,49.59,49.88,49.345,49.69,50376594
1606919400,2020-12-02 09:30,49.61,49.86,49.42,49.76,42826160
1607005800,2020-12-03 09:30,50.23,50.58,50.19,50.33,61408281
1607092200,2020-12-04 09:30,50.72,50.88,50.63,50.85,42230866
1607351400,2020-12-07 09:30,50.78,50.99,50.65,50.85,43115107
1607437800,2020-12-08 09:30,50.79,50.87,50.625,50.87,28632558
1607524200,2020-12-09 09:30,51.03,51.03,50.19,50.43,40762595
1607610600,2020-12-10 09:30,50.365,51.1361,50.34,51.08,36032000
1607697000,2020-12-11 09:30,50.76,50.91,50.63,50.72,38034373
1607956200,2020-12-14 09:30,50.32,50.35,49.91,49.94,34407158
1608042600,2020-12-15 09:30,50.16,50.51,50.02,50.48,39347063
1608129000,2020-12-16 09:30,50.58,50.8,50.47,50.72,38114246
1608215400,2020-12-17 09:30,51.05,51.11,50.89,51.05,36323850
1608301800,2020-12-18 09:30,50.95,51.02,50.78,50.99,47662778
1608561000,2020-12-21 09:30,49.86,50.45,49.84,50.24,48558424
1608647400,2020-12-22 09:30,50.11,50.16,49.77,49.84,35232653
1608733800,2020-12-23 09:30,50.32,50.46,50.25,50.35,36469440
1608820200,2020-12-24 09:30,50.21,50.33,49.86,50.13,20688956
1609165800,2020-12-28 09:30,50.37,50.435,50.155,50.27,26906053
1609252200,2020-12-29 09:30,50.72,51.06,50.675,51.02,41965924
1609338600,2020-12-30 09:30,51.64,51.88,51.59,51.7,35759462
1609425000,2020-12-31 09:30,51.99,52,51.36,51.67,35680186
1609770600,2021-01-04 09:30,52.62,52.81,51.83,52,48201262
1609857000,2021-01-05 09:30,52.4889,53.27,52.485,53.25,53358001
1609943400,2021-01-06 09:30,52.85,53.44,52.66,52.8,56418741
1610029800,2021-01-07 09:30,53.08,53.3,52.82,53.3,41031306
1610116200,2021-01-08 09:30,54.25,54.74,53.94,54.71,76024498
1610375400,2021-01-11 09:30,53.99,54.3,53.91,53.97,40816547
1610461800,2021-01-12 09:30,54.31,54.605,54.16,54.5,47570547
1610548200,2021-01-13 09:30,54.6,54.89,54.28,54.62,33561164
1610634600,2021-01-14 09:30,55.22,55.48,55.06,55.13,38837183
1610721000,2021-01-15 09:30,54.56,54.67,54.21,54.35,58518980
1611066600,2021-01-19 09:30,55.5,55.535,55.12,55.25,50429307
1611153000,2021-01-20 09:30,56.2,56.26,55.95,56.22,38832495
1611239400,2021-01-21 09:30,56.41,56.45,56.11,56.32,31457543
1611325800,2021-01-22 09:30,55.54,55.95,55.47,55.83,48224126
1611585000,2021-01-25 09:30,56.45,56.54,55.71,56.25,50793675
1611671400,2021-01-26 09:30,55.79,55.93,55.533,55.84,32282993
1611757800,2021-01-27 09:30,54.66,54.88,54.25,54.29,45279578
1611844200,2021-01-28 09:30,54.19,54.87,54.05,54.67,38054957
1611930600,2021-01-29 09:30,53.7245,53.85,53.045,53.31,57657831
1612189800,2021-02-01 09:30,54.4179,54.85,54.16,54.75,51427026
1612276200,2021-02-02 09:30,55.55,55.585,55.29,55.46,33172488
1612362600,2021-02-03 09:30,55.83,55.95,55.5701,55.74,32363188
1612449000,2021-02-04 09:30,55.68,55.8,55.34,55.76,40161847
1612535400,2021-02-05 09:30,56.01,56.26,55.8,56.24,24242258
1612794600,2021-02-08 09:30,56.035,56.4399,56.03,56.34,21606011
1612881000,2021-02-09 09:30,56.35,56.99,56.34,56.94,27200068
1612967400,2021-02-10 09:30,57.45,57.53,56.795,57.14,30531214
1613053800,2021-02-11 09:30,57.65,57.995,57.5401,57.75,48874971
1613140200,2021-02-12 09:30,57.5,57.97,57.41,57.8,28398784
1613485800,2021-02-16 09:30,58.13,58.29,57.785,57.94,34953986
1613572200,2021-02-17 09:30,57.84,58,57.55,57.96,37791756
1613658600,2021-02-18 09:30,57.02,57.16,56.54,57.16,46120980
1613745000,2021-02-19 09:30,57.5,57.81,57.34,57.53,39809791
1614004200,2021-02-22 09:30,56,56.3699,55.78,55.84,46925479
1614090600,2021-02-23 09:30,55.48,56.275,54.79,56.09,40316191
1614177000,2021-02-24 09:30,55.16,55.75,54.82,55.73,36631306
1614263400,2021-02-25 09:30,55.76,55.9,54.38,54.46,50895176
1614349800,2021-02-26 09:30,54.11,54.15,53.39,53.73,68933553
1614609000,2021-03-01 09:30,54.82,55.33,54.7,55.17,53424690
1614695400,2021-03-02 09:30,54.87,54.9066,54.46,54.63,38533934
1614781800,2021-03-03 09:30,55.04,55.18,54.32,54.52,43013344
1614868200,2021-03-04 09:30,54.3,54.55,52.9727,53.25,70653833
1614954600,2021-03-05 09:30,54.01,54.03,52.8,53.83,64018450
1615213800,2021-03-08 09:30,52.88,53.03,52.25,52.38,54120608
1615300200,2021-03-09 09:30,53.15,53.83,53.08,53.53,42450080
1615386600,2021-03-10 09:30,53.77,53.79,53.04,53.29,42853870
1615473000,2021-03-11 09:30,54.51,55.039,54.27,54.97,57247152
1615559400,2021-03-12 09:30,53.84,53.99,53.58,53.99,41559756
1615815000,2021-03-15 09:30,53.73,54.13,53.585,54.12,32448549
1615901400,2021-03-16 09:30,54.29,54.55,54.105,54.35,41261588
1615987800,2021-03-17 09:30,53.65,54.66,53.52,54.42,57032356
1616074200,2021-03-18 09:30,53.93,54.09,53.39,53.42,49207981
1616160600,2021-03-19 09:30,53.5,54.08,53.33,54.08,60265704
1616419800,2021-03-22 09:30,53.74,54.075,53.55,53.92,24860400
1616506200,2021-03-23 09:30,53.22,53.395,52.86,52.89,40356401
1616592600,2021-03-24 09:30,52.55,52.625,51.68,51.68,45315418
1616679000,2021-03-25 09:30,51.56,52.07,51.515,51.92,73684605
1616765400,2021-03-26 09:30,52.4,53.32,52.16,53.27,142401306
1617024600,2021-03-29 09:30,52.84,53.115,52.64,52.9,51309474
1617111000,2021-03-30 09:30,52.88,53.18,52.725,53.07,44414333
1617197400,2021-03-31 09:30,53.01,53.515,53.01,53.34,38807487
1617283800,2021-04-01 09:30,54.12,54.22,53.81,53.86,44592743
1617629400,2021-04-05 09:30,54.19,54.25,53.95,54.07,30891725
1617715800,2021-04-06 09:30,54.08,54.595,53.96,54.37,31509153
1617802200,2021-04-07 09:30,53.61,53.75,53.38,53.57,47888147
1617888600,2021-04-08 09:30,54.12,54.28,53.985,54.01,50373110
1617975000,2021-04-09 09:30,53.49,53.57,53.3726,53.55,35808309
1618234200,2021-04-12 09:30,53.18,53.29,53.06,53.23,30046136
1618320600,2021-04-13 09:30,53.24,53.64,53.16,53.45,33697886
1618407000,2021-04-14 09:30,53.93,54.04,53.67,53.72,27449544
1618493400,2021-04-15 09:30,54.16,54.26,53.99,54.21,42621963
1618579800,2021-04-16 09:30,54.35,54.43,54.095,54.35,32031334
1618839000,2021-04-19 09:30,54.24,54.34,53.96,54.15,34318551
1618925400,2021-04-20 09:30,54.09,54.2,53.56,53.71,27732788
1619011800,2021-04-21 09:30,53.46,54.065,53.34,54.04,33407563
1619098200,2021-04-22 09:30,54.08,54.185,53.68,53.85,39452055
1619184600,2021-04-23 09:30,54.38,54.69,54.34,54.63,27062929
1619443800,2021-04-26 09:30,54.54,54.75,54.43,54.7,26805179
1619530200,2021-04-27 09:30,54.69,54.84,54.58,54.67,25563387
1619616600,2021-04-28 09:30,54.93,55.34,54.755,55.08,37380977
1619703000,2021-04-29 09:30,55.26,55.27,54.495,54.95,36614395
1619789400,2021-04-30 09:30,54.272,54.365,53.85,53.98,46299932
1620048600,2021-05-03 09:30,53.94,54.23,53.761,53.98,20627952
1620135000,2021-05-04 09:30,53.58,53.66,52.98,53.37,38634821
1620221400,2021-05-05 09:30,53.63,53.8,53.455,53.62,26062877
1620307800,2021-05-06 09:30,53.9,54.16,53.73,54.13,29454308
1620394200,2021-05-07 09:30,54.46,54.93,54.39,54.69,41590553
1620653400,2021-05-10 09:30,54.47,54.49,53.66,53.71,40686941
1620739800,2021-05-11 09:30,52.7,53.58,52.66,53.56,37374271
1620826200,2021-05-12 09:30,52.68,52.905,52.01,52.08,53632887
1620912600,2021-05-13 09:30,52.24,52.51,51.74,52.01,42935500
1620999000,2021-05-14 09:30,52.61,53.035,52.48,52.95,40362997
1621258200,2021-05-17 09:30,52.61,52.94,52.53,52.9,23169583
1621344600,2021-05-18 09:30,53.59,53.88,53.52,53.61,32405558
1621431000,2021-05-19 09:30,52.95,53.65,52.91,53.45,46284087
1621517400,2021-05-20 09:30,53.53,53.87,53.52,53.76,33273044
1621603800,2021-05-21 09:30,53.74,53.74,53.06,53.14,39111023
1621863000,2021-05-24 09:30,53.3901,53.71,53.28,53.58,22406817
1621949400,2021-05-25 09:30,54.27,54.36,54.03,54.11,40993676
1622035800,2021-05-26 09:30,54.32,54.57,54.3,54.51,26984837
1622122200,2021-05-27 09:30,54.56,54.67,54.4,54.52,35598902
1622208600,2021-05-28 09:30,54.66,55,54.64,54.87,43730268
1622554200,2021-06-01 09:30,56.14,56.175,55.82,56,41656081
1622640600,2021-06-02 09:30,55.92,56.13,55.77,56.09,24532458
1622727000,2021-06-03 09:30,55.51,55.6575,55.34,55.49,40790471
1622813400,2021-06-04 09:30,55.88,56.03,55.8,55.99,29038051
1623072600,2021-06-07 09:30,55.71,55.74,55.46,55.71,24830478
1623159000,2021-06-08 09:30,55.52,55.5466,55.26,55.44,38113845
1623245400,2021-06-09 09:30,55.38,55.53,55.23,55.28,30916920
1623331800,2021-06-10 09:30,55.24,55.5574,55.19,55.48,28571087
1623418200,2021-06-11 09:30,55.34,55.385,55.1122,55.29,28375686
1623677400,2021-06-14 09:30,55.33,55.56,55.27,55.44,26421439
1623763800,2021-06-15 09:30,55.3,55.31,54.94,55.06,34121413
1623850200,2021-06-16 09:30,54.95,55.095,54.09,54.31,44138309
1623936600,2021-06-17 09:30,54.54,54.8199,54.45,54.61,27847206
1624023000,2021-06-18 09:30,54.38,54.48,54.125,54.23,42443623
1624282200,2021-06-21 09:30,54.17,54.46,53.92,54.46,26977431
1624368600,2021-06-22 09:30,54,54.26,53.85,54.21,35862643
1624455000,2021-06-23 09:30,54.6,54.9,54.51,54.54,26049154
1624541400,2021-06-24 09:30,54.86,55.09,54.81,55.04,20096394
1624627800,2021-06-25 09:30,55.52,55.59,55.29,55.5,24992355
1624887000,2021-06-28 09:30,55.48,55.62,55.4,55.55,22644853
1624973400,2021-06-29 09:30,55.16,55.53,55.04,55.51,18308796
1625059800,2021-06-30 09:30,55.12,55.308,55.045,55.15,33223449
1625146200,2021-07-01 09:30,55.18,55.245,54.565,54.84,27478511
1625232600,2021-07-02 09:30,54.62,54.785,54.45,54.78,24289142
1625578200,2021-07-06 09:30,54.12,54.21,53.62,53.82,38127087
1625664600,2021-07-07 09:30,54.13,54.14,53.555,53.76,25651662
1625751000,2021-07-08 09:30,52.59,52.84,52.46,52.64,45146377
1625837400,2021-07-09 09:30,53.23,53.57,53.09,53.55,28860481
1626096600,2021-07-12 09:30,53.38,53.63,53.28,53.6,22116115
1626183000,2021-07-13 09:30,53.69,53.99,53.64,53.65,29025499
1626269400,2021-07-14 09:30,54.13,54.19,53.775,53.88,19739572
1626355800,2021-07-15 09:30,54.095,54.285,53.885,54.01,33310577
1626442200,2021-07-16 09:30,54.08,54.12,53.48,53.59,23386333
1626701400,2021-07-19 09:30,52.75,52.79,52.41,52.69,33737927
1626787800,2021-07-20 09:30,52.445,52.9899,52.33,52.86,37946032
1626874200,2021-07-21 09:30,52.58,53.21,52.53,53.2,24101371
1626960600,2021-07-22 09:30,53.35,53.37,53.07,53.3,27160838
1627047000,2021-07-23 09:30,52.69,52.7,52.23,52.51,31210475
1627306200,2021-07-26 09:30,51.41,51.75,51.3026,51.51,43701367
1627392600,2021-07-27 09:30,50.41,50.565,49.83,50.47,73640742
1627479000,2021-07-28 09:30,51.08,51.935,50.96,51.84,56446157
1627565400,2021-07-29 09:30,52.25,52.28,51.89,52.1,43339411
1627651800,2021-07-30 09:30,51.45,51.855,51.43,51.6,59797099
1627911000,2021-08-02 09:30,52.05,52.25,51.91,51.97,40234753
1627997400,2021-08-03 09:30,51.9,52.22,51.6899,52.19,30589882
1628083800,2021-08-04 09:30,52.58,52.79,52.345,52.46,32586558
1628170200,2021-08-05 09:30,52.38,52.56,52.34,52.38,15941746
1628256600,2021-08-06 09:30,52.17,52.19,51.79,51.94,36049465
1628515800,2021-08-09 09:30,52.165,52.3,52.05,52.11,24062256
1628602200,2021-08-10 09:30,52.33,52.36,52.105,52.18,15222572
1628688600,2021-08-11 09:30,52.49,52.5,52.085,52.32,22374794
1628775000,2021-08-12 09:30,51.88,51.9,51.65,51.86,25748315
1628861400,2021-08-13 09:30,51.64,51.73,51.39,51.73,28396159
1629120600,2021-08-16 09:30,51.29,51.31,51.04,51.26,46229642
1629207000,2021-08-17 09:30,50.33,50.62,50.115,50.32,78463005
1629293400,2021-08-18 09:30,50.69,50.89,50.38,50.4,42994827
1629379800,2021-08-19 09:30,49.41,49.735,49.37,49.54,63275201
1629466200,2021-08-20 09:30,49.13,49.59,49.11,49.5,44682069
1629725400,2021-08-23 09:30,49.97,50.32,49.855,50.25,45453897
1629811800,2021-08-24 09:30,51,51.465,51,51.39,51292040
1629898200,2021-08-25 09:30,51.33,51.5,51.205,51.45,25272823
1629984600,2021-08-26 09:30,51.13,51.19,50.91,50.96,29030575
1630071000,2021-08-27 09:30,51.26,51.59,51.1,51.59,32971360
1630330200,2021-08-30 09:30,51.66,51.77,51.43,51.7,18519022
1630416600,2021-08-31 09:30,52.47,52.52,52.33,52.41,43226797
1630503000,2021-09-01 09:30,52.73,53.28,52.73,53.08,35980480
1630589400,2021-09-02 09:30,53.02,53.125,52.76,52.84,24988569
1630675800,2021-09-03 09:30,52.95,53.19,52.93,53.12,21313234
1631021400,2021-09-07 09:30,53.29,53.58,53.25,53.43,33509834
1631107800,2021-09-08 09:30,53.11,53.12,52.53,52.65,53397950
1631194200,2021-09-09 09:30,52.39,52.645,52.295,52.55,34707135
1631280600,2021-09-10 09:30,52.95,53.01,52.48,52.49,40329327
1631539800,2021-09-13 09:30,52.56,52.77,52.36,52.63,35318353
1631626200,2021-09-14 09:30,52.49,52.52,52.09,52.19,35994376
1631712600,2021-09-15 09:30,52.01,52.18,51.8,52.18,38735127
1631799000,2021-09-16 09:30,51.43,51.625,51.25,51.59,43721342
1631885400,2021-09-17 09:30,51.61,51.67,51.265,51.37,45481415
1632144600,2021-09-20 09:30,50.15,50.42,49.57,49.99,52798161
1632231000,2021-09-21 09:30,50.36,50.495,50.14,50.36,39347377
1632317400,2021-09-22 09:30,50.83,51.34,50.82,50.99,46189176
1632403800,2021-09-23 09:30,51.23,51.44,51.12,51.39,27138382
1632490200,2021-09-24 09:30,50.85,50.95,50.725,50.78,29743499
1632749400,2021-09-27 09:30,50.83,51.23,50.67,51.11,31181730
1632835800,2021-09-28 09:30,50.86,50.92,50.285,50.45,44156315
1632922200,2021-09-29 09:30,50.32,50.455,49.96,49.98,43140608
1633008600,2021-09-30 09:30,50.555,50.735,50.28,50.38,66460128
1633095000,2021-10-01 09:30,50.37,50.5099,49.88,50.33,45259227
1633354200,2021-10-04 09:30,49.91,49.95,49.28,49.59,43597127
1633440600,2021-10-05 09:30,49.725,50.125,49.675,49.94,28762192
1633527000,2021-10-06 09:30,49.2,49.71,49.11,49.66,57466033
1633613400,2021-10-07 09:30,50.37,50.87,50.33,50.63,60345110
1633699800,2021-10-08 09:30,50.76,50.91,50.64,50.82,24990622
1633959000,2021-10-11 09:30,51.07,51.23,50.7,50.72,26808286
1634045400,2021-10-12 09:30,50.75,50.82,50.4201,50.46,29309410
1634131800,2021-10-13 09:30,50.93,51.26,50.785,51.16,35305567
1634218200,2021-10-14 09:30,51.43,51.48,51.135,51.32,23980893
1634304600,2021-10-15 09:30,51.63,52.03,51.52,51.94,41223763
1634563800,2021-10-18 09:30,51.61,51.96,51.57,51.81,26239134
1634650200,2021-10-19 09:30,52.21,52.56,52.125,52.5,40639867
1634736600,2021-10-20 09:30,52.62,52.62,52.3748,52.49,27540285
1634823000,2021-10-21 09:30,52.09,52.22,51.985,52.15,35403970
1634909400,2021-10-22 09:30,52.21,52.42,51.845,52.04,51230954
1635168600,2021-10-25 09:30,52.28,52.39,52.02,52.31,32479912
1635255000,2021-10-26 09:30,52.44,52.5,51.95,52.04,32195245
1635341400,2021-10-27 09:30,51.72,51.97,51.565,51.62,32422138
1635427800,2021-10-28 09:30,51.39,51.67,51.25,51.67,27363496
1635514200,2021-10-29 09:30,50.99,51.07,50.65,50.92,51488872
1635773400,2021-11-01 09:30,50.89,51.34,50.85,51.32,31197440
1635859800,2021-11-02 09:30,50.95,50.98,50.78,50.86,34098046
1635946200,2021-11-03 09:30,50.8,51.175,50.62,51.1,49350822
1636032600,2021-11-04 09:30,51.21,51.235,50.8,50.98,23722435
1636119000,2021-11-05 09:30,51.16,51.18,50.745,50.92,23969881
1636381800,2021-11-08 09:30,51.28,51.45,51.22,51.39,23735312
1636468200,2021-11-09 09:30,51.42,51.58,51.1,51.19,28482154
1636554600,2021-11-10 09:30,51.305,51.53,50.86,50.98,36032563
1636641000,2021-11-11 09:30,51.65,52,51.64,51.86,55636791
1636727400,2021-11-12 09:30,51.85,52.06,51.78,52,31956190
1636986600,2021-11-15 09:30,52.12,52.14,51.78,51.83,31610660
1637073000,2021-11-16 09:30,51.91,52.01,51.7101,51.9,32899225
1637159400,2021-11-17 09:30,51.96,51.98,51.48,51.63,22601919
1637245800,2021-11-18 09:30,51.12,51.135,50.75,51,36719870
1637332200,2021-11-19 09:30,51.06,51.23,50.89,50.92,36975739
1637591400,2021-11-22 09:30,50.85,50.99,50.49,50.51,37116192
1637677800,2021-11-23 09:30,50.52,50.71,50.24,50.46,38638436
1637764200,2021-11-24 09:30,50.14,50.4,50.02,50.39,32810646
1637937000,2021-11-26 09:30,49.07,49.11,48.51,48.7,58023260
1638196200,2021-11-29 09:30,49.21,49.22,48.725,48.89,44405045
1638282600,2021-11-30 09:30,48.89,49.17,48.35,48.84,81647456
1638369000,2021-12-01 09:30,49.61,49.98,48.985,49.02,52674807
1638455400,2021-12-02 09:30,49.61,49.97,49.35,49.62,73971372
1638541800,2021-12-03 09:30,49.56,49.65,48.71,48.92,79115063
1638801000,2021-12-06 09:30,48.88,49.33,48.67,49.3,54871289
1638887400,2021-12-07 09:30,49.91,50.11,49.87,50.08,51825037
1638973800,2021-12-08 09:30,50.1,50.415,49.97,50.28,38176506
1639060200,2021-12-09 09:30,50.12,50.31,49.975,50.04,36476036
1639146600,2021-12-10 09:30,50.03,50.15,49.9,50.08,42011276
1639405800,2021-12-13 09:30,48.98,49.03,48.47,48.59,50773405
1639492200,2021-12-14 09:30,48.31,48.61,48.27,48.48,42023896
1639578600,2021-12-15 09:30,48.16,48.38,47.65,48.34,57129094
1639665000,2021-12-16 09:30,48.72,48.91,48.305,48.4,60401128
1639751400,2021-12-17 09:30,48.04,48.345,47.935,48.16,55498587
1640010600,2021-12-20 09:30,47.49,47.49,47.15,47.44,40091657
1640097000,2021-12-21 09:30,47.83,48.25,47.795,48.24,31786877
1640183400,2021-12-22 09:30,48.1,48.49,48,48.47,27630845
1640269800,2021-12-23 09:30,48.54,48.81,48.4,48.72,22174437
1640615400,2021-12-27 09:30,48.73,49.01,48.73,48.94,27012674
1640701800,2021-12-28 09:30,48.96,49,48.76,48.78,24529840
1640788200,2021-12-29 09:30,48.69,48.71,48.34,48.56,27939159
1640874600,2021-12-30 09:30,48.5,49.22,48.5,49.09,34900270
1640961000,2021-12-31 09:30,48.98,49.35,48.84,48.85,30439060
1641220200,2022-01-03 09:30,49.08,49.26,48.78,49.2,27572713
1641306600,2022-01-04 09:30,49.26,49.26,48.93,49.03,24579515
1641393000,2022-01-05 09:30,48.8,49.15,48.22,48.23,46425132
1641479400,2022-01-06 09:30,48.36,48.6799,48.155,48.45,34288708
1641565800,2022-01-07 09:30,48.69,48.98,48.5,48.89,32640999
1641825000,2022-01-10 09:30,48.94,49.08,48.56,48.89,43581753
1641911400,2022-01-11 09:30,49.31,50.04,49.16,50.02,57536372
1641997800,2022-01-12 09:30,50.64,50.89,50.4601,50.85,56499124
1642084200,2022-01-13 09:30,50.64,50.675,50.09,50.13,33229013
1642170600,2022-01-14 09:30,49.99,50.195,49.8201,50.11,40642296
1642516200,2022-01-18 09:30,49.21,49.495,49.15,49.22,45012852
1642602600,2022-01-19 09:30,49.59,49.7,49.39,49.43,43998144
1642689000,2022-01-20 09:30,50.26,50.54,49.67,49.72,58279461
1642775400,2022-01-21 09:30,49.62,49.69,48.95,49,59673805
1643034600,2022-01-24 09:30,48.23,48.32,47.1901,48.31,87788425
1643121000,2022-01-25 09:30,48.025,48.475,47.715,48.22,54804125
1643207400,2022-01-26 09:30,48.49,48.58,47.505,47.61,55516742
1643293800,2022-01-27 09:30,47.6,47.675,47.04,47.06,61064012
1643380200,2022-01-28 09:30,47.16,47.32,46.66,47.29,48799306
1643639400,2022-01-31 09:30,47.89,48.9,47.84,48.84,65614892
1643725800,2022-02-01 09:30,49.02,49.14,48.6,49.14,50158023
1643812200,2022-02-02 09:30,49.33,49.3586,48.73,49.06,35128102
1643898600,2022-02-03 09:30,48.45,48.775,48.37,48.54,38246759
1643985000,2022-02-04 09:30,48.32,48.89,48.22,48.66,36644187
1644244200,2022-02-07 09:30,48.45,48.835,48.41,48.56,31917110
1644330600,2022-02-08 09:30,48.48,49.04,48.46,49.03,25562307
1644417000,2022-02-09 09:30,49.44,49.83,49.38,49.8,40082912
1644503400,2022-02-10 09:30,49.39,50.11,49.38,49.47,55440723
1644589800,2022-02-11 09:30,49.49,49.7,48.64,48.72,53838300
1644849000,2022-02-14 09:30,48.51,48.62,48.12,48.38,59439822
1644935400,2022-02-15 09:30,49.03,49.47,48.985,49.43,32939335
1645021800,2022-02-16 09:30,49.37,49.99,49.33,49.79,47236827
1645108200,2022-02-17 09:30,49.56,49.655,49.11,49.21,41245306
1645194600,2022-02-18 09:30,49.03,49.06,48.62,48.72,41312339
1645540200,2022-02-22 09:30,48.02,48.37,47.715,48.03,60704499
1645626600,2022-02-23 09:30,48.2401,48.27,47.38,47.47,38873698
1645713000,2022-02-24 09:30,45.04,46.52,45.01,46.49,95679505
1645799400,2022-02-25 09:30,46.69,47.4,46.455,47.35,58887868
1646058600,2022-02-28 09:30,46.25,46.85,46.175,46.73,79366590
1646145000,2022-03-01 09:30,46.5,46.855,45.84,46.11,72297336
1646231400,2022-03-02 09:30,46.15,46.39,45.705,46.19,61858699
1646317800,2022-03-03 09:30,46.01,46.1,45.45,45.54,57514131
1646404200,2022-03-04 09:30,44.64,44.91,44.37,44.62,68351792
1646663400,2022-03-07 09:30,43.86,44.015,42.91,42.95,77557695
1646749800,2022-03-08 09:30,43.17,43.63,42.73,43.09,90831466
1646836200,2022-03-09 09:30,43.765,44.42,43.61,44.31,59840921
1646922600,2022-03-10 09:30,43.62,43.685,43.205,43.48,59158298
1647009000,2022-03-11 09:30,43.73,43.78,42.56,42.57,72846776
1647264600,2022-03-14 09:30,42.07,42.37,41.42,41.54,85650997
1647351000,2022-03-15 09:30,40.96,41.67,40.8,41.6,85987473
1647437400,2022-03-16 09:30,43.53,45.04,43.32,44.95,134225676
1647523800,2022-03-17 09:30,44.56,44.7999,44.15,44.72,80743564
1647610200,2022-03-18 09:30,44.35,45.45,44.24,45.36,77755144
1647869400,2022-03-21 09:30,44.7,44.85,44.32,44.66,58558709
1647955800,2022-03-22 09:30,45.28,45.62,45.245,45.47,61380892
1648042200,2022-03-23 09:30,45.03,45.67,44.92,45.17,76986656
1648128600,2022-03-24 09:30,45.2,45.45,45.045,45.41,52016599
1648215000,2022-03-25 09:30,45,45.07,44.745,45.05,39294483
1648474200,2022-03-28 09:30,45.09,45.22,44.81,45.2,49756950
1648560600,2022-03-29 09:30,45.98,46.0975,45.73,45.97,54088180
1648647000,2022-03-30 09:30,45.89,46.23,45.74,45.84,57717399
1648733400,2022-03-31 09:30,45.63,45.66,45.12,45.15,74448369
1648819800,2022-04-01 09:30,46.01,46.15,45.615,45.9,54193647
1649079000,2022-04-04 09:30,46.5,46.775,46.34,46.71,48057674
1649165400,2022-04-05 09:30,46.52,46.521,45.765,45.85,45058142
1649251800,2022-04-06 09:30,45.55,45.61,45.025,45.25,56877144
1649338200,2022-04-07 09:30,44.99,45.1,44.665,44.89,38954957
1649424600,2022-04-08 09:30,45.02,45.17,44.88,44.93,41263435
1649683800,2022-04-11 09:30,44.54,44.73,44.35,44.37,47878166
1649770200,2022-04-12 09:30,44.73,44.77,44.19,44.23,41815159
1649856600,2022-04-13 09:30,44.47,44.88,44.44,44.81,33529439
1649943000,2022-04-14 09:30,44.57,44.59,44.2,44.23,38915067
1650288600,2022-04-18 09:30,44,44.285,43.86,44.08,29106458
1650375000,2022-04-19 09:30,43.62,43.89,43.43,43.86,40066440
1650461400,2022-04-20 09:30,43.91,43.92,43.515,43.6,36373467
1650547800,2022-04-21 09:30,43.61,43.69,42.67,42.76,44857422
1650634200,2022-04-22 09:30,42.84,43.115,42.37,42.38,68371929
1650893400,2022-04-25 09:30,41.68,42.125,41.59,42.07,67643841
1650979800,2022-04-26 09:30,41.8,41.85,41.15,41.15,70774625
1651066200,2022-04-27 09:30,41.46,41.89,41.4,41.63,61593961
1651152600,2022-04-28 09:30,41.97,42.29,41.54,42.23,43769874
1651239000,2022-04-29 09:30,43.03,43.22,42.345,42.38,61703926
1651498200,2022-05-02 09:30,42.26,42.48,41.81,42.32,55015808
1651584600,2022-05-03 09:30,42.59,42.69,42.43,42.63,45593119
1651671000,2022-05-04 09:30,42.2,43.165,41.94,43.09,57175252
1651757400,2022-05-05 09:30,42.2,42.27,41.115,41.5,63268880
1651843800,2022-05-06 09:30,41.11,41.24,40.685,40.93,67425784
1652103000,2022-05-09 09:30,40.19,40.41,39.72,39.75,83251550
1652189400,2022-05-10 09:30,40.35,40.4,39.59,39.94,69865069
1652275800,2022-05-11 09:30,40.2101,40.52,39.63,39.66,75198469
1652362200,2022-05-12 09:30,39.25,39.75,38.945,39.4,73481269
1652448600,2022-05-13 09:30,39.84,40.5,39.81,40.49,49196095
1652707800,2022-05-16 09:30,40.19,40.5,40.1,40.33,32424976
1652794200,2022-05-17 09:30,41.4,41.45,40.985,41.32,49516433
1652880600,2022-05-18 09:30,41.03,41.2,40.27,40.33,53296348
1652967000,2022-05-19 09:30,40.49,41.15,40.49,40.97,55163654
1653053400,2022-05-20 09:30,41.41,41.56,40.59,41.14,59025369
1653312600,2022-05-23 09:30,41.39,41.57,41.18,41.45,36619406
1653399000,2022-05-24 09:30,40.81,40.84,40.35,40.73,46400467
1653485400,2022-05-25 09:30,40.62,41.03,40.55,40.93,37863216
1653571800,2022-05-26 09:30,40.86,41.67,40.86,41.57,51355768
1653658200,2022-05-27 09:30,41.86,42.07,41.73,42.05,31262934
1654003800,2022-05-31 09:30,43.13,43.14,42.64,42.64,72069005
1654090200,2022-06-01 09:30,42.91,42.96,42.16,42.34,40495649
1654176600,2022-06-02 09:30,42.51,43.09,42.395,43.07,44322320
1654263000,2022-06-03 09:30,42.66,42.67,42.27,42.37,39337078
1654522200,2022-06-06 09:30,43.13,43.23,42.49,42.6,43126061
1654608600,2022-06-07 09:30,42.34,42.77,42.27,42.73,57455308
1654695000,2022-06-08 09:30,42.94,43.13,42.78,42.96,43591826
1654781400,2022-06-09 09:30,42.22,42.31,41.56,41.59,53115977
1654867800,2022-06-10 09:30,41.5,41.58,41.03,41.13,44176784
1655127000,2022-06-13 09:30,40.06,40.305,39.525,39.69,67647031
1655213400,2022-06-14 09:30,40.1,40.41,39.995,40.24,58868440
1655299800,2022-06-15 09:30,40.38,41.05,40.16,40.77,67577892
1655386200,2022-06-16 09:30,39.55,39.72,39.255,39.52,68035843
1655472600,2022-06-17 09:30,39.95,40.05,39.42,39.67,63646277
1655818200,2022-06-21 09:30,40.24,40.475,40.18,40.31,35943853
1655904600,2022-06-22 09:30,39.48,39.855,39.4107,39.59,41337935
1655991000,2022-06-23 09:30,39.71,39.915,39.36,39.71,44261632
1656077400,2022-06-24 09:30,40.17,40.68,40.1,40.65,41176340
1656336600,2022-06-27 09:30,40.92,40.94,40.63,40.7,27076383
1656423000,2022-06-28 09:30,41.03,41.185,40.415,40.45,31095696
1656509400,2022-06-29 09:30,40.36,40.45,40.155,40.29,33969157
1656595800,2022-06-30 09:30,39.75,40.19,39.505,40.1,52233183
1656682200,2022-07-01 09:30,39.62,39.86,39.37,39.85,44010619
1657027800,2022-07-05 09:30,39.03,39.54,38.87,39.54,49452627
1657114200,2022-07-06 09:30,39.25,39.41,38.96,39.3,36060276
1657200600,2022-07-07 09:30,39.84,40.265,39.83,40.09,56831508
1657287000,2022-07-08 09:30,39.96,40.26,39.81,40.09,20993464
1657546200,2022-07-11 09:30,39.18,39.2254,38.86,39.02,52682483
1657632600,2022-07-12 09:30,38.86,39.07,38.68,38.87,24669741
1657719000,2022-07-13 09:30,38.3,38.985,38.3,38.78,39415686
1657805400,2022-07-14 09:30,38.37,38.5,38.05,38.43,43245365
1657891800,2022-07-15 09:30,38.45,38.67,38.1237,38.63,44468404
1658151000,2022-07-18 09:30,39.24,39.44,38.84,38.9,38982916
1658237400,2022-07-19 09:30,39.35,39.58,39.27,39.54,33006249
1658323800,2022-07-20 09:30,39.39,39.5,39.19,39.37,38969941
1658410200,2022-07-21 09:30,39.5,39.84,39.43,39.82,36814897
1658496600,2022-07-22 09:30,39.73,39.805,39.24,39.42,25611771
1658755800,2022-07-25 09:30,39.49,39.6,39.385,39.56,21653232
1658842200,2022-07-26 09:30,39.57,39.67,39.1813,39.25,22891384
1658928600,2022-07-27 09:30,39.57,40.08,39.41,39.98,37678899
1659015000,2022-07-28 09:30,40.04,40.21,39.585,40.15,37796675
1659101400,2022-07-29 09:30,39.63,39.99,39.45,39.96,54050655
1659360600,2022-08-01 09:30,39.55,39.905,39.31,39.62,34807952
1659447000,2022-08-02 09:30,39.27,39.8499,39.18,39.43,41014352
1659533400,2022-08-03 09:30,39.49,39.82,39.33,39.74,34939542
1659619800,2022-08-04 09:30,40,40.14,39.86,40.02,31865156
1659706200,2022-08-05 09:30,39.77,40.115,39.74,40.06,28488535
1659965400,2022-08-08 09:30,40.13,40.345,40.02,40.11,39088068
1660051800,2022-08-09 09:30,40.15,40.21,39.88,39.96,22828560
1660138200,2022-08-10 09:30,40.23,40.5,40.075,40.46,27028180
1660224600,2022-08-11 09:30,40.79,41.2,40.54,40.62,39235317
1660311000,2022-08-12 09:30,40.62,41.07,40.605,41.05,24877884
1660570200,2022-08-15 09:30,40.69,40.94,40.655,40.86,29734516
1660656600,2022-08-16 09:30,40.76,40.96,40.72,40.85,20906967
1660743000,2022-08-17 09:30,40.65,40.875,40.555,40.68,34206675
1660829400,2022-08-18 09:30,40.53,40.56,40.26,40.45,30612065
1660915800,2022-08-19 09:30,40.08,40.115,39.78,39.9,36042864
1661175000,2022-08-22 09:30,39.58,39.695,39.51,39.55,26934138
1661261400,2022-08-23 09:30,39.59,39.92,39.511,39.76,33028158
1661347800,2022-08-24 09:30,39.44,39.9899,39.41,39.75,23561593
1661434200,2022-08-25 09:30,40.18,40.62,40.1,40.61,44653066
1661520600,2022-08-26 09:30,40.92,40.96,39.97,40.01,41080902
1661779800,2022-08-29 09:30,39.83,40.07,39.75,39.76,22689805
1661866200,2022-08-30 09:30,39.89,39.9,39.14,39.29,34508591
1661952600,2022-08-31 09:30,39.67,39.84,39.4,39.43,37142243
1662039000,2022-09-01 09:30,39.05,39.13,38.715,39.12,38353380
1662125400,2022-09-02 09:30,39.05,39.215,38.67,38.76,35916945
1662471000,2022-09-06 09:30,38.62,38.68,38.27,38.3,50091481
1662557400,2022-09-07 09:30,38.12,38.6499,38.08,38.64,39074741
1662643800,2022-09-08 09:30,38.24,38.47,38.12,38.43,55415062
1662730200,2022-09-09 09:30,38.78,39.09,38.77,39,26119615
1662989400,2022-09-12 09:30,39.37,39.64,39.27,39.58,41791003
1663075800,2022-09-13 09:30,38.81,38.97,38.29,38.36,44191487
1663162200,2022-09-14 09:30,38.6,38.6663,38.39,38.55,37146249
1663248600,2022-09-15 09:30,38.27,38.52,38.07,38.14,47618877
1663335000,2022-09-16 09:30,37.78,37.91,37.61,37.79,67124965
1663594200,2022-09-19 09:30,37.48,37.94,37.46,37.91,33531661
1663680600,2022-09-20 09:30,37.73,37.87,37.56,37.7,36967528
1663767000,2022-09-21 09:30,37.48,37.72,37.02,37.07,62370483
1663853400,2022-09-22 09:30,37.05,37.15,36.81,36.89,41989221
1663939800,2022-09-23 09:30,36.21,36.26,35.8,35.98,49807147
1664199000,2022-09-26 09:30,35.76,35.96,35.47,35.54,53011920
1664285400,2022-09-27 09:30,35.775,36.03,35.34,35.5,47114146
1664371800,2022-09-28 09:30,35.27,35.9,35.19,35.81,49946846
1664458200,2022-09-29 09:30,35.18,35.2,34.72,35.01,43114064
1664544600,2022-09-30 09:30,34.92,35.25,34.85,34.88,50082350
1664803800,2022-10-03 09:30,35.12,35.54,34.955,35.45,41489691
1664890200,2022-10-04 09:30,36.2,36.72,36.175,36.61,51598591
1664976600,2022-10-05 09:30,36.51,36.76,36.25,36.63,30037225
1665063000,2022-10-06 09:30,36.51,36.715,36.375,36.41,29747195
1665149400,2022-10-07 09:30,36.07,36.125,35.59,35.65,35957596
1665408600,2022-10-10 09:30,35.42,35.44,35.02,35.15,31109865
1665495000,2022-10-11 09:30,34.76,35.005,34.475,34.59,46679013
1665581400,2022-10-12 09:30,34.62,34.81,34.505,34.63,42471896
1665667800,2022-10-13 09:30,33.75,34.925,33.67,34.73,51431223
1665754200,2022-10-14 09:30,34.95,34.96,34.18,34.21,33384589
1666013400,2022-10-17 09:30,34.91,35.27,34.91,35.15,51122060
1666099800,2022-10-18 09:30,35.49,35.565,34.9,35.16,33911113
1666186200,2022-10-19 09:30,34.61,34.81,34.39,34.52,31393747
1666272600,2022-10-20 09:30,34.77,35.285,34.7,34.74,44239968
1666359000,2022-10-21 09:30,34.66,35.31,34.53,35.27,43879540
1666618200,2022-10-24 09:30,33.97,34.005,33.485,33.93,55046002
1666704600,2022-10-25 09:30,33.98,34.28,33.95,34.21,31871488
1666791000,2022-10-26 09:30,34.31,35.08,34.305,34.77,37978149
1666877400,2022-10-27 09:30,34.53,34.855,34.46,34.5,34224602
1666963800,2022-10-28 09:30,34.03,34.33,33.95,34.29,46296731
1667223000,2022-10-31 09:30,33.92,34.27,33.92,34.19,44107389
1667309400,2022-11-01 09:30,35.1,35.15,34.695,34.82,50932843
1667395800,2022-11-02 09:30,34.9,35.32,34.5,34.53,47646752
1667482200,2022-11-03 09:30,34.3,34.84,34.28,34.73,38319265
1667568600,2022-11-04 09:30,36.03,36.2,35.67,36.2,70533628
1667831400,2022-11-07 09:30,36.43,36.51,36.09,36.22,38404823
1667917800,2022-11-08 09:30,36.29,36.67,36.16,36.48,36282359
1668004200,2022-11-09 09:30,36.21,36.38,35.8,35.85,34148663
1668090600,2022-11-10 09:30,36.82,37.18,36.67,37.15,53986881
1668177000,2022-11-11 09:30,37.87,38.21,37.78,38.16,52270396
1668436200,2022-11-14 09:30,37.95,38.2,37.785,37.93,42158218
1668522600,2022-11-15 09:30,39.12,39.16,38.54,38.8,77069271
1668609000,2022-11-16 09:30,38.47,38.515,38.12,38.18,49376531
1668695400,2022-11-17 09:30,37.49,38.3,37.48,38.25,56473763
1668781800,2022-11-18 09:30,38.14,38.15,37.845,38.03,45040239
1669041000,2022-11-21 09:30,37.54,37.625,37.35,37.55,29250898
1669127400,2022-11-22 09:30,37.46,37.65,37.39,37.64,33677926
1669213800,2022-11-23 09:30,37.6883,37.975,37.68,37.95,43490574
1669386600,2022-11-25 09:30,37.84,37.88,37.735,37.77,19986866
1669645800,2022-11-28 09:30,37.59,38,37.59,37.6,45016029
1669732200,2022-11-29 09:30,38.4,38.58,38.31,38.41,50909515
1669818600,2022-11-30 09:30,39.235,39.68,38.9804,39.52,103403394
1669905000,2022-12-01 09:30,39.63,39.71,39.251,39.39,50195887
1669991400,2022-12-02 09:30,39.01,39.66,39.01,39.54,47593698
1670250600,2022-12-05 09:30,39.53,39.55,38.99,39.09,62268820
1670337000,2022-12-06 09:30,39.24,39.29,38.94,39.04,31558232
1670423400,2022-12-07 09:30,38.75,38.955,38.68,38.81,46263421
1670509800,2022-12-08 09:30,39.19,39.395,39.06,39.28,41138161
1670596200,2022-12-09 09:30,39.345,39.41,39.02,39.02,48742711
1670855400,2022-12-12 09:30,38.88,38.9,38.565,38.9,41524592
1670941800,2022-12-13 09:30,39.11,39.21,38.505,38.59,60886936
1671028200,2022-12-14 09:30,38.6,38.8,38.31,38.61,62300912
1671114600,2022-12-15 09:30,38.32,38.45,37.685,37.72,48081332
1671201000,2022-12-16 09:30,37.9,38.065,37.77,37.83,48065155
1671460200,2022-12-19 09:30,38.11,38.11,37.79,37.86,22995332
1671546600,2022-12-20 09:30,37.725,38,37.685,37.85,25688184
1671633000,2022-12-21 09:30,37.79,38.19,37.7115,38.19,23607710
1671719400,2022-12-22 09:30,38.08,38.11,37.57,37.85,27012428
1671805800,2022-12-23 09:30,37.79,37.91,37.61,37.8,19543302
1672151400,2022-12-27 09:30,38.13,38.555,38.08,38.36,42338892
1672237800,2022-12-28 09:30,38.26,38.3,37.78,37.8,31813851
1672324200,2022-12-29 09:30,38.23,38.49,38.18,38.43,27088685
1672410600,2022-12-30 09:30,38.14,38.305,37.76,37.9,38297786
1672756200,2023-01-03 09:30,38.34,38.635,38.11,38.22,35557884
1672842600,2023-01-04 09:30,38.9,39.41,38.68,39.37,57044181
1672929000,2023-01-05 09:30,38.99,39.33,38.98,39.25,25175581
1673015400,2023-01-06 09:30,39.5,40.09,39.26,40.07,49058048
1673274600,2023-01-09 09:30,40.55,40.68,40.35,40.37,59967547
1673361000,2023-01-10 09:30,40.48,40.67,40.28,40.66,34936535
1673447400,2023-01-11 09:30,40.59,40.84,40.52,40.83,41854837
1673533800,2023-01-12 09:30,40.89,41.12,40.5,41.03,42088849
1673620200,2023-01-13 09:30,40.98,41.33,40.97,41.3,32838925
1673965800,2023-01-17 09:30,41.02,41.12,40.9,41.07,41015984
1674052200,2023-01-18 09:30,41.43,41.48,40.77,40.79,54860346
1674138600,2023-01-19 09:30,40.96,41.25,40.94,41.1,33834923
1674225000,2023-01-20 09:30,41.39,41.73,41.26,41.73,42854853
1674484200,2023-01-23 09:30,41.79,42.23,41.755,42.03,38252692
1674570600,2023-01-24 09:30,41.87,42.085,41.81,42.06,34713267
1674657000,2023-01-25 09:30,41.84,42.1,41.61,42.1,30325116
1674743400,2023-01-26 09:30,42.44,42.53,42.21,42.5,28722089
1674829800,2023-01-27 09:30,42.36,42.3796,42.095,42.3,36989059
1675089000,2023-01-30 09:30,41.63,41.8228,41.43,41.45,38598299
1675175400,2023-01-31 09:30,41.09,41.36,41.01,41.36,43197759
1675261800,2023-02-01 09:30,41.55,42.03,41.265,41.87,51809125
1675348200,2023-02-02 09:30,41.87,41.9,41.415,41.62,45943769
1675434600,2023-02-03 09:30,41.11,41.3965,40.78,40.88,42340972
1675693800,2023-02-06 09:30,40.15,40.36,40,40.28,41471507
1675780200,2023-02-07 09:30,40.34,40.595,40.05,40.44,31941581
1675866600,2023-02-08 09:30,40.54,40.595,40.22,40.39,38255409
1675953000,2023-02-09 09:30,40.96,41,40.44,40.58,27083842
1676039400,2023-02-10 09:30,40.35,40.37,40.055,40.19,34464031
1676298600,2023-02-13 09:30,40.33,40.6,40.235,40.52,20906694
1676385000,2023-02-14 09:30,40.23,40.64,40.1,40.45,21664339
1676471400,2023-02-15 09:30,39.8407,40.11,39.77,40.11,31114554
1676557800,2023-02-16 09:30,39.92,40.31,39.805,40.12,29721772
1676644200,2023-02-17 09:30,39.67,39.785,39.52,39.68,35131677
1676989800,2023-02-21 09:30,39.4,39.615,39.17,39.18,33984275
1677076200,2023-02-22 09:30,39.07,39.2,38.87,38.99,37035483
1677162600,2023-02-23 09:30,39.495,39.555,38.93,39.18,28551714
1677249000,2023-02-24 09:30,38.31,38.49,38.145,38.3,48596306
1677508200,2023-02-27 09:30,38.53,38.6,38.42,38.5,24344634
1677594600,2023-02-28 09:30,38.36,38.52,38.19,38.23,39670647
1677681000,2023-03-01 09:30,39.17,39.21,38.97,39.05,39597537
1677767400,2023-03-02 09:30,38.87,39.29,38.8,39.19,28952990
1677853800,2023-03-03 09:30,39.32,39.58,39.27,39.54,20682440
1678113000,2023-03-06 09:30,39.51,39.68,39.39,39.4,26014297
1678199400,2023-03-07 09:30,39.24,39.25,38.71,38.74,36382359
1678285800,2023-03-08 09:30,38.75,38.98,38.74,38.9,18795881
1678372200,2023-03-09 09:30,38.51,38.58,37.96,38.04,40118857
1678458600,2023-03-10 09:30,38.02,38.25,37.8,37.84,49329407
1678714200,2023-03-13 09:30,37.73,38.17,37.65,37.9,43071440
1678800600,2023-03-14 09:30,37.84,38.015,37.72,37.92,36333442
1678887000,2023-03-15 09:30,37.09,37.28,36.9,37.27,53216978
1678973400,2023-03-16 09:30,37.21,37.86,37.15,37.84,39893652
1679059800,2023-03-17 09:30,37.81,37.865,37.48,37.61,40165563
1679319000,2023-03-20 09:30,37.53,37.83,37.44,37.75,28299050
1679405400,2023-03-21 09:30,38.04,38.19,37.89,38.09,27670620
1679491800,2023-03-22 09:30,38.37,38.815,38.22,38.24,40375321
1679578200,2023-03-23 09:30,38.97,39.21,38.575,38.77,39622202
1679664600,2023-03-24 09:30,38.46,38.68,38.39,38.67,28046030
1679923800,2023-03-27 09:30,38.4,38.49,38.26,38.46,36646669
1680010200,2023-03-28 09:30,38.8,39.01,38.76,39.01,43707605
1680096600,2023-03-29 09:30,39,39.18,38.9,39.12,32173200
1680183000,2023-03-30 09:30,39.46,39.61,39.35,39.51,32982191
1680269400,2023-03-31 09:30,39.51,39.62,39.32,39.46,36174655
1680528600,2023-04-03 09:30,39.44,39.57,39.32,39.54,19637663
1680615000,2023-04-04 09:30,39.47,39.57,39.35,39.54,31518729
1680701400,2023-04-05 09:30,39.46,39.49,39.085,39.23,35785548
1680787800,2023-04-06 09:30,39.14,39.47,39.035,39.39,22277669
1681133400,2023-04-10 09:30,39.27,39.44,39.2,39.43,20271737
1681219800,2023-04-11 09:30,39.77,39.84,39.65,39.67,23177049
1681306200,2023-04-12 09:30,39.8,39.83,39.31,39.39,29882231
1681392600,2023-04-13 09:30,39.85,40,39.805,39.93,28752750
1681479000,2023-04-14 09:30,39.75,39.92,39.53,39.72,26673227
1681738200,2023-04-17 09:30,39.88,39.95,39.73,39.89,26173558
1681824600,2023-04-18 09:30,39.96,40.01,39.74,39.84,23990644
1681911000,2023-04-19 09:30,39.38,39.49,39.3,39.44,25851726
1681997400,2023-04-20 09:30,39.39,39.62,39.26,39.38,29763644
1682083800,2023-04-21 09:30,39.04,39.055,38.79,39.01,26632615
1682343000,2023-04-24 09:30,38.92,38.98,38.79,38.92,19963280
1682429400,2023-04-25 09:30,38.4,38.43,38.13,38.19,31095114
1682515800,2023-04-26 09:30,38.66,38.69,38.38,38.41,45521279
1682602200,2023-04-27 09:30,38.63,38.98,38.59,38.93,23496215
1682688600,2023-04-28 09:30,38.94,39.16,38.92,39.13,22480970
1682947800,2023-05-01 09:30,38.97,39.265,38.95,39,16796995
1683034200,2023-05-02 09:30,38.845,38.85,38.48,38.62,24041493
1683120600,2023-05-03 09:30,38.66,38.82,38.5308,38.56,18827810
1683207000,2023-05-04 09:30,38.88,39,38.78,38.87,29417165
1683293400,2023-05-05 09:30,39.05,39.425,38.99,39.39,18248233
1683552600,2023-05-08 09:30,39.53,39.55,39.335,39.41,19721251
1683639000,2023-05-09 09:30,39.01,39.2,38.97,39.17,17294908
1683725400,2023-05-10 09:30,39.13,39.255,38.94,39.15,22410260
1683811800,2023-05-11 09:30,38.81,39.02,38.7,39.01,34620303
1683898200,2023-05-12 09:30,38.74,38.75,38.47,38.55,32789262
1684157400,2023-05-15 09:30,38.96,39.31,38.84,39.26,28910974
1684243800,2023-05-16 09:30,38.99,39.15,38.96,38.98,24887446
1684330200,2023-05-17 09:30,38.98,39.21,38.905,39.16,24358158
1684416600,2023-05-18 09:30,39.01,39.03,38.7801,38.95,30378920
1684503000,2023-05-19 09:30,39.05,39.09,38.895,38.98,26847632
1684762200,2023-05-22 09:30,39.26,39.47,39.26,39.3,30253989
1684848600,2023-05-23 09:30,38.95,39.05,38.67,38.69,43844545
1684935000,2023-05-24 09:30,38.645,38.67,38.38,38.4,31559625
1685021400,2023-05-25 09:30,38.51,38.51,38.25,38.32,28492936
1685107800,2023-05-26 09:30,38.66,39.07,38.66,39,24941713
1685453400,2023-05-30 09:30,38.9,38.91,38.44,38.55,25536858
1685539800,2023-05-31 09:30,38.24,38.25,37.905,38.19,35917936
1685626200,2023-06-01 09:30,38.25,38.89,38.23,38.87,32875390
1685712600,2023-06-02 09:30,39.5,39.64,39.485,39.54,53717010
1685971800,2023-06-05 09:30,39.43,39.55,39.35,39.53,19150987
1686058200,2023-06-06 09:30,39.45,39.93,39.41,39.88,35447662
1686144600,2023-06-07 09:30,39.56,39.765,39.34,39.4,44313269
1686231000,2023-06-08 09:30,39.43,39.715,39.42,39.68,26886812
1686317400,2023-06-09 09:30,39.83,40.05,39.82,39.86,22199581
1686576600,2023-06-12 09:30,39.88,39.99,39.8201,39.94,25268475
1686663000,2023-06-13 09:30,40.37,40.47,40.225,40.34,35053051
1686749400,2023-06-14 09:30,40.35,40.73,40.33,40.64,37898295
1686835800,2023-06-15 09:30,40.84,41.04,40.7633,41.02,36328418
1686922200,2023-06-16 09:30,41.09,41.09,40.77,40.88,40001895
1687267800,2023-06-20 09:30,40.29,40.35,39.955,40.08,50477078
1687354200,2023-06-21 09:30,39.86,39.96,39.74,39.89,20771426
1687440600,2023-06-22 09:30,39.64,39.8,39.58,39.75,22804258
1687527000,2023-06-23 09:30,39.23,39.23,39.06,39.17,26321709
1687786200,2023-06-26 09:30,39.33,39.48,39.26,39.3,18302393
1687872600,2023-06-27 09:30,39.62,39.72,39.52,39.7,21799723
1687959000,2023-06-28 09:30,39.39,39.505,39.295,39.46,21628452
1688045400,2023-06-29 09:30,39.16,39.285,39.145,39.25,23278340
1688131800,2023-06-30 09:30,39.56,39.72,39.465,39.56,23366918
1688391000,2023-07-03 09:30,40.01,40.21,39.95,40,15417002
1688563800,2023-07-05 09:30,39.83,39.845,39.69,39.76,15853837
1688650200,2023-07-06 09:30,39.17,39.23,38.805,38.95,36352502
1688736600,2023-07-07 09:30,39.08,39.6,39.07,39.39,21518573
1688995800,2023-07-10 09:30,39.15,39.44,39.14,39.42,22273406
1689082200,2023-07-11 09:30,39.66,39.84,39.495,39.82,19618976
1689168600,2023-07-12 09:30,40.43,40.735,40.41,40.71,61015898
1689255000,2023-07-13 09:30,40.93,41.32,40.91,41.24,44062419
1689341400,2023-07-14 09:30,41.14,41.155,40.98,41.01,26724529
1689600600,2023-07-17 09:30,40.84,41.07,40.67,41.06,25782907
1689687000,2023-07-18 09:30,40.83,40.92,40.64,40.76,29378017
1689773400,2023-07-19 09:30,40.82,40.985,40.63,40.68,26941224
1689859800,2023-07-20 09:30,40.5,40.595,40.315,40.38,31226710
1689946200,2023-07-21 09:30,40.49,40.535,40.29,40.32,21620459
1690205400,2023-07-24 09:30,40.455,41.02,40.42,40.87,47123642
1690291800,2023-07-25 09:30,41.37,41.4,41.185,41.21,32437347
1690378200,2023-07-26 09:30,41.03,41.57,41.01,41.45,34963064
1690464600,2023-07-27 09:30,41.48,41.51,40.9,40.94,37548530
1690551000,2023-07-28 09:30,41.74,41.96,41.67,41.93,34528975
1690810200,2023-07-31 09:30,41.79,42,41.72,41.95,28034726
1690896600,2023-08-01 09:30,41.61,41.65,41.37,41.42,34641581
1690983000,2023-08-02 09:30,40.75,40.75,40.34,40.43,35589292
1691069400,2023-08-03 09:30,40.48,40.7351,40.44,40.59,20896307
1691155800,2023-08-04 09:30,40.7,40.92,40.49,40.54,29249529
1691415000,2023-08-07 09:30,40.65,40.65,40.31,40.48,19419139
1691501400,2023-08-08 09:30,39.87,40,39.675,39.99,22600722
1691587800,2023-08-09 09:30,40.25,40.275,39.93,40.09,27936927
1691674200,2023-08-10 09:30,40.38,40.695,40.0801,40.15,26321355
1691760600,2023-08-11 09:30,39.7,39.73,39.455,39.56,32303552
1692019800,2023-08-14 09:30,39.18,39.4451,39.04,39.37,25510066
1692106200,2023-08-15 09:30,39.18,39.18,38.87,38.92,31837460
1692192600,2023-08-16 09:30,38.7,38.89,38.56,38.57,37596643
1692279000,2023-08-17 09:30,39.05,39.07,38.63,38.66,35544165
1692365400,2023-08-18 09:30,38.26,38.4751,38.205,38.4,33913062
1692624600,2023-08-21 09:30,38.34,38.52,38.27,38.49,24331901
1692711000,2023-08-22 09:30,38.64,38.68,38.355,38.41,26689768
1692797400,2023-08-23 09:30,38.7,39.07,38.68,39.02,27643274
1692883800,2023-08-24 09:30,39.16,39.235,38.86,38.87,25776714
1692970200,2023-08-25 09:30,38.88,38.995,38.58,38.91,20154876
1693229400,2023-08-28 09:30,39.19,39.325,39.115,39.29,21426870
1693315800,2023-08-29 09:30,39.4,39.82,39.29,39.79,30243423
1693402200,2023-08-30 09:30,39.57,39.7655,39.55,39.66,16164203
1693488600,2023-08-31 09:30,39.37,39.39,39.11,39.17,35424740
1693575000,2023-09-01 09:30,39.71,39.83,39.54,39.63,26152330
1693920600,2023-09-05 09:30,39.42,39.455,39.27,39.31,23571585
1694007000,2023-09-06 09:30,39.22,39.425,39.03,39.09,29118537
1694093400,2023-09-07 09:30,38.7,38.73,38.55,38.63,23907516
1694179800,2023-09-08 09:30,38.74,38.825,38.65,38.71,15128903
1694439000,2023-09-11 09:30,39.14,39.21,38.995,39.19,20748142
1694525400,2023-09-12 09:30,38.9,39.19,38.89,39.07,26259609
1694611800,2023-09-13 09:30,39.03,39.155,38.95,39.02,20708052
1694698200,2023-09-14 09:30,39.25,39.38,39.13,39.28,22611195
1694784600,2023-09-15 09:30,39.29,39.355,39.09,39.13,32981736
1695043800,2023-09-18 09:30,39.01,39.105,38.9,39.08,22967013
1695130200,2023-09-19 09:30,38.91,38.98,38.77,38.85,17404019
1695216600,2023-09-20 09:30,38.96,39.11,38.69,38.69,24528504
1695303000,2023-09-21 09:30,38.1,38.2,38.01,38.02,33916697
1695389400,2023-09-22 09:30,38.64,38.71,38.44,38.47,40006625
1695648600,2023-09-25 09:30,38.15,38.34,38.145,38.3,29050081
1695735000,2023-09-26 09:30,37.92,38.035,37.73,37.76,39426120
1695821400,2023-09-27 09:30,37.95,37.975,37.6348,37.82,27715836
1695907800,2023-09-28 09:30,37.65,37.96,37.58,37.92,31425545
1695994200,2023-09-29 09:30,38.33,38.33,37.88,37.95,41783590
1696253400,2023-10-02 09:30,37.88,37.93,37.66,37.76,30529179
1696339800,2023-10-03 09:30,37.4,37.55,37.2,37.26,52953946
1696426200,2023-10-04 09:30,37.19,37.255,37.02,37.15,36174278
1696512600,2023-10-05 09:30,37.16,37.32,37.03,37.29,27725934
1696599000,2023-10-06 09:30,37.28,37.92,37.22,37.83,33737597
1696858200,2023-10-09 09:30,37.32,37.66,37.255,37.65,21799903
1696944600,2023-10-10 09:30,37.9,38.25,37.865,38.19,35189080
1697031000,2023-10-11 09:30,38.47,38.57,38.2738,38.43,24577668
1697117400,2023-10-12 09:30,38.51,38.53,37.9,38,36022038
1697203800,2023-10-13 09:30,38.03,38.16,37.77,37.86,26188011
1697463000,2023-10-16 09:30,37.86,38.225,37.81,38.14,21117721
1697549400,2023-10-17 09:30,37.83,38.225,37.82,38.04,24251723
1697635800,2023-10-18 09:30,37.68,37.73,37.4,37.46,29849146
1697722200,2023-10-19 09:30,37.35,37.55,37.22,37.24,28401814
1697808600,2023-10-20 09:30,36.92,37.05,36.76,36.79,39070014
1698067800,2023-10-23 09:30,36.52,36.905,36.375,36.76,34568662
1698154200,2023-10-24 09:30,36.89,37.3,36.89,37.23,33962196
1698240600,2023-10-25 09:30,36.85,37,36.7,36.74,25267353
1698327000,2023-10-26 09:30,36.47,36.65,36.395,36.56,28415823
1698413400,2023-10-27 09:30,36.89,36.95,36.47,36.53,34216881
1698672600,2023-10-30 09:30,37.1,37.145,36.785,36.91,30506728
1698759000,2023-10-31 09:30,36.61,36.72,36.41,36.7,37734317
1698845400,2023-11-01 09:30,36.69,37.06,36.65,37.04,27879383
1698931800,2023-11-02 09:30,37.59,37.72,37.47,37.69,33661453
1699018200,2023-11-03 09:30,38.19,38.54,38.17,38.46,41736531
1699281000,2023-11-06 09:30,38.96,38.995,38.72,38.77,32347134
1699367400,2023-11-07 09:30,38.53,38.725,38.355,38.7,18218531
1699453800,2023-11-08 09:30,38.47,38.62,38.36,38.44,18963473
1699540200,2023-11-09 09:30,38.42,38.5307,38.03,38.08,25631114
1699626600,2023-11-10 09:30,38.08,38.35,38.015,38.35,18543017
1699885800,2023-11-13 09:30,38.22,38.49,38.14,38.34,23437433
1699972200,2023-11-14 09:30,38.92,39.42,38.91,39.36,66042473
1700058600,2023-11-15 09:30,39.69,39.91,39.6,39.69,43281734
1700145000,2023-11-16 09:30,39.24,39.495,39.14,39.31,22868285
1700231400,2023-11-17 09:30,39.32,39.4301,39.24,39.36,28460930
1700490600,2023-11-20 09:30,39.54,39.92,39.52,39.85,35801308
1700577000,2023-11-21 09:30,39.75,39.83,39.52,39.6,20929670
1700663400,2023-11-22 09:30,39.55,39.64,39.38,39.52,20007157
1700836200,2023-11-24 09:30,39.36,39.57,39.33,39.54,11365033
1701095400,2023-11-27 09:30,39.37,39.42,39.27,39.38,22925243
1701181800,2023-11-28 09:30,39.56,39.775,39.49,39.71,35006717
1701268200,2023-11-29 09:30,39.51,39.72,39.44,39.48,26049154
1701354600,2023-11-30 09:30,39.57,39.61,39.29,39.56,30482770
1701441000,2023-12-01 09:30,39.29,39.73,39.205,39.73,27140196
1701700200,2023-12-04 09:30,39.42,39.5,39.1901,39.28,28074884
1701786600,2023-12-05 09:30,38.93,39.09,38.84,39.04,25462341
1701873000,2023-12-06 09:30,39.28,39.3,38.98,38.99,23069039
1701959400,2023-12-07 09:30,39.12,39.2,38.9999,39.18,19735030
1702045800,2023-12-08 09:30,38.93,39.14,38.85,39.01,25195432
1702305000,2023-12-11 09:30,39.01,39.25,38.96,39.24,20426387
1702391400,2023-12-12 09:30,39.12,39.265,38.94,39.25,20278349
1702477800,2023-12-13 09:30,39.02,39.66,38.83,39.64,42607770
1702564200,2023-12-14 09:30,39.9,40.28,39.9,40.22,51998907
1702650600,2023-12-15 09:30,40.18,40.275,39.98,39.98,37110359
1702909800,2023-12-18 09:30,39.95,39.99,39.78,39.96,37419352
1702996200,2023-12-19 09:30,40.13,40.36,40.1,40.3,33688596
1703082600,2023-12-20 09:30,39.29,39.355,38.79,38.84,44766591
1703169000,2023-12-21 09:30,39.38,39.6,39.31,39.57,33402795
1703255400,2023-12-22 09:30,39.26,39.456,39.215,39.38,17082948
1703601000,2023-12-26 09:30,39.7,39.77,39.575,39.69,16173194
1703687400,2023-12-27 09:30,39.89,39.98,39.82,39.92,30120642
1703773800,2023-12-28 09:30,40.28,40.44,40.22,40.23,36660649
1703860200,2023-12-29 09:30,40.2,40.42,40.17,40.21,48758237
1704205800,2024-01-02 09:30,39.83,39.95,39.65,39.74,20839203
1704292200,2024-01-03 09:30,39.33,39.645,39.315,39.52,32220848
1704378600,2024-01-04 09:30,39.39,39.6,39.3801,39.39,20388615
1704465000,2024-01-05 09:30,39.45,39.705,39.375,39.44,21875623
1704724200,2024-01-08 09:30,39.17,39.565,39.13,39.55,16208686
1704810600,2024-01-09 09:30,38.98,39.08,38.91,38.99,31344425
1704897000,2024-01-10 09:30,38.94,38.965,38.81,38.9,20149369
1704983400,2024-01-11 09:30,39.11,39.17,38.78,39.06,24682081
1705069800,2024-01-12 09:30,39.34,39.4951,39.17,39.2,21605763
1705415400,2024-01-16 09:30,38.51,38.53,38.19,38.25,44486806
1705501800,2024-01-17 09:30,37.5,37.7,37.48,37.68,50591570
1705588200,2024-01-18 09:30,37.97,38.03,37.83,37.99,31884760
1705674600,2024-01-19 09:30,38.08,38.42,37.94,38.39,31372016
1705933800,2024-01-22 09:30,37.95,38.145,37.91,38.05,25753711
1706020200,2024-01-23 09:30,38.21,38.4299,38.19,38.38,34710411
1706106600,2024-01-24 09:30,39.07,39.09,38.77,38.81,38215751
1706193000,2024-01-25 09:30,38.97,39.02,38.735,38.86,23156960
1706279400,2024-01-26 09:30,38.82,39,38.79,38.89,21031551
1706538600,2024-01-29 09:30,39,39.01,38.7025,38.91,24133552
1706625000,2024-01-30 09:30,38.49,38.61,38.41,38.6,22928188
1706711400,2024-01-31 09:30,38.46,38.725,38.265,38.39,37689739
1706797800,2024-02-01 09:30,38.62,38.775,38.53,38.76,22048379
1706884200,2024-02-02 09:30,38.59,38.69,38.45,38.65,29803674
1707143400,2024-02-05 09:30,38.55,38.8,38.49,38.7,26934954
1707229800,2024-02-06 09:30,39.31,39.6,39.23,39.58,41288419
1707316200,2024-02-07 09:30,39.5,39.68,39.465,39.63,22270167
1707402600,2024-02-08 09:30,39.46,39.5,39.3,39.41,23485837
1707489000,2024-02-09 09:30,39.46,39.64,39.25,39.58,22416486
1707748200,2024-02-12 09:30,39.64,40.1,39.63,39.89,33026511
1707834600,2024-02-13 09:30,39.38,39.525,38.95,39.14,42252408
1707921000,2024-02-14 09:30,39.61,39.74,39.535,39.7,28923100
1708007400,2024-02-15 09:30,39.73,39.91,39.71,39.89,27273258
1708093800,2024-02-16 09:30,40.05,40.21,39.995,40.08,36729053
1708439400,2024-02-20 09:30,40.24,40.32,40.04,40.14,32493764
1708525800,2024-02-21 09:30,40.22,40.33,40.08,40.21,29076101
1708612200,2024-02-22 09:30,40.57,40.66,40.4305,40.62,32548054
1708698600,2024-02-23 09:30,40.59,40.66,40.455,40.6,37973622
1708957800,2024-02-26 09:30,40.38,40.485,40.35,40.42,23804696
1709044200,2024-02-27 09:30,40.53,40.56,40.45,40.5,21206377
1709130600,2024-02-28 09:30,40.12,40.135,39.895,39.97,31288915
1709217000,2024-02-29 09:30,40.18,40.185,39.93,39.99,43973800
1709303400,2024-03-01 09:30,40.28,40.56,40.195,40.48,35477283
1709562600,2024-03-04 09:30,40.54,40.54,40.335,40.39,38144455
1709649000,2024-03-05 09:30,40.19,40.29,39.96,40.03,32915178
1709735400,2024-03-06 09:30,40.6393,40.77,40.5505,40.61,45875017
1709821800,2024-03-07 09:30,40.675,40.89,40.59,40.86,26916060
1709908200,2024-03-08 09:30,40.99,41.12,40.765,40.82,30341386
1710163800,2024-03-11 09:30,40.9,41.05,40.865,40.91,22761639
1710250200,2024-03-12 09:30,41.25,41.38,41.07,41.36,37392446
1710336600,2024-03-13 09:30,41.19,41.31,41.155,41.23,25743137
1710423000,2024-03-14 09:30,41.26,41.31,40.91,41.02,31566236
1710509400,2024-03-15 09:30,40.84,40.92,40.71,40.77,32816634
1710768600,2024-03-18 09:30,41.01,41.05,40.79,40.84,23107946
1710855000,2024-03-19 09:30,40.58,40.715,40.42,40.64,23851778
1710941400,2024-03-20 09:30,40.72,41.12,40.66,41.1,32307978
1711027800,2024-03-21 09:30,41.38,41.39,41.125,41.15,27655693
1711114200,2024-03-22 09:30,40.9,40.96,40.7918,40.86,30355589
1711373400,2024-03-25 09:30,40.8,40.95,40.8,40.89,12894783
1711459800,2024-03-26 09:30,40.99,41.01,40.84,40.86,15363263
1711546200,2024-03-27 09:30,40.84,40.93,40.745,40.93,21819488
1711632600,2024-03-28 09:30,41.02,41.195,41.02,41.08,28296307
1711978200,2024-04-01 09:30,41.26,41.46,41.06,41.15,20857128
1712064600,2024-04-02 09:30,41.29,41.4275,41.24,41.28,22346167
1712151000,2024-04-03 09:30,41.09,41.41,41.05,41.31,33272488
1712237400,2024-04-04 09:30,41.72,41.79,41.135,41.16,33317740
1712323800,2024-04-05 09:30,41.11,41.34,41.025,41.25,31563967
1712583000,2024-04-08 09:30,41.47,41.6,41.4501,41.52,18452544
1712669400,2024-04-09 09:30,41.79,41.87,41.6,41.8,23965782
1712755800,2024-04-10 09:30,41.29,41.34,41.06,41.23,37281820
1712842200,2024-04-11 09:30,41.53,41.55,41.22,41.48,23648585
1712928600,2024-04-12 09:30,40.89,40.9,40.4438,40.53,50234623
1713187800,2024-04-15 09:30,40.77,40.77,40.2,40.27,31290295
1713274200,2024-04-16 09:30,39.73,39.925,39.62,39.74,43707959
1713360600,2024-04-17 09:30,39.95,39.97,39.59,39.71,26019403
1713447000,2024-04-18 09:30,39.9,40.1,39.78,39.87,20581853
1713533400,2024-04-19 09:30,39.71,39.805,39.5817,39.71,29537419
1713792600,2024-04-22 09:30,39.79,40.21,39.755,40.14,25738758
1713879000,2024-04-23 09:30,40.18,40.51,40.16,40.47,21907135
1713965400,2024-04-24 09:30,40.72,40.75,40.48,40.61,18118099
1714051800,2024-04-25 09:30,40.27,40.75,40.22,40.7,21962536
1714138200,2024-04-26 09:30,41.08,41.18,41.02,41.17,24407721
1714397400,2024-04-29 09:30,41.37,41.58,41.3205,41.57,31041175
1714483800,2024-04-30 09:30,41.18,41.32,40.99,40.99,32748733
1714570200,2024-05-01 09:30,41.06,41.475,40.975,41.03,34489455
1714656600,2024-05-02 09:30,41.58,42.19,41.45,42.09,48855695
1714743000,2024-05-03 09:30,42.34,42.49,42.17,42.47,31815171
1715002200,2024-05-06 09:30,42.47,42.54,42.4,42.51,19706315
1715088600,2024-05-07 09:30,42.31,42.38,42.22,42.27,21080973
1715175000,2024-05-08 09:30,42,42.295,42,42.28,18933665
1715261400,2024-05-09 09:30,42.25,42.42,42.16,42.41,22204429
1715347800,2024-05-10 09:30,42.69,42.74,42.45,42.5,28056369
1715607000,2024-05-13 09:30,42.79,42.96,42.765,42.82,22233782
1715693400,2024-05-14 09:30,42.86,43.07,42.84,43.05,24295900
1715779800,2024-05-15 09:30,43.36,43.51,43.15,43.51,30011894
1715866200,2024-05-16 09:30,43.545,43.7,43.45,43.6,27395149
1715952600,2024-05-17 09:30,43.63,43.87,43.55,43.79,30865063
1716211800,2024-05-20 09:30,43.53,43.71,43.495,43.63,24233973
1716298200,2024-05-21 09:30,43.36,43.43,43.24,43.36,18469997
1716384600,2024-05-22 09:30,43.4,43.43,43.13,43.22,23030792
1716471000,2024-05-23 09:30,43.44,43.47,42.82,42.9,28606999
1716557400,2024-05-24 09:30,42.97,43.125,42.935,43.02,20986337
1716903000,2024-05-28 09:30,43.16,43.245,42.875,42.96,21179376
1716989400,2024-05-29 09:30,42.36,42.4,42.24,42.32,30803812
1717075800,2024-05-30 09:30,42.04,42.31,42.015,42.2,20743950
1717162200,2024-05-31 09:30,41.8,41.82,41.455,41.79,49609203
1717421400,2024-06-03 09:30,42.38,42.43,42.05,42.23,33839429
1717507800,2024-06-04 09:30,41.56,41.715,41.41,41.64,38401095
1717594200,2024-06-05 09:30,42.055,42.34,41.98,42.31,28092327
1717680600,2024-06-06 09:30,42.51,42.56,42.37,42.52,26450464
1717767000,2024-06-07 09:30,42.36,42.42,42.005,42.04,37626386
1718026200,2024-06-10 09:30,42.11,42.37,42.01,42.29,30846504
1718112600,2024-06-11 09:30,41.8,41.86,41.61,41.86,35762981
1718199000,2024-06-12 09:30,42.41,42.53,42.195,42.28,34679604
1718285400,2024-06-13 09:30,42.33,42.41,42.025,42.18,21553642
1718371800,2024-06-14 09:30,42.09,42.26,42.02,42.23,18813552
1718631000,2024-06-17 09:30,42.34,42.57,42.23,42.5,21037571
1718717400,2024-06-18 09:30,42.6,42.97,42.6,42.89,35675471
1718890200,2024-06-20 09:30,43.08,43.08,42.66,42.82,43438138
1718976600,2024-06-21 09:30,42.73,42.82,42.65,42.67,20427549
1719235800,2024-06-24 09:30,42.75,42.99,42.66,42.67,19839980
1719322200,2024-06-25 09:30,42.6,42.6,42.46,42.57,27026173
1719408600,2024-06-26 09:30,42.46,42.541,42.38,42.48,18961923
1719495000,2024-06-27 09:30,42.7,42.71,42.47,42.51,24041473
1719581400,2024-06-28 09:30,42.78,42.81,42.51,42.59,22614494
1719840600,2024-07-01 09:30,42.86,42.919,42.62,42.69,18805487
1719927000,2024-07-02 09:30,42.54,42.84,42.52,42.82,21593181
1720013400,2024-07-03 09:30,43.1,43.47,43.1,43.45,27233348
1720186200,2024-07-05 09:30,43.62,43.65,43.31,43.63,21337790
1720445400,2024-07-08 09:30,43.74,43.805,43.61,43.64,18685213
1720531800,2024-07-09 09:30,43.73,43.875,43.67,43.82,19369793
1720618200,2024-07-10 09:30,43.98,44.08,43.89,44.07,15332676
1720704600,2024-07-11 09:30,44.54,44.58,44.21,44.33,35655429
1720791000,2024-07-12 09:30,44.47,44.64,44.455,44.51,24799279
1721050200,2024-07-15 09:30,44.27,44.285,43.99,44.04,24174925
1721136600,2024-07-16 09:30,44.06,44.3,44.02,44.29,19234310
1721223000,2024-07-17 09:30,43.75,43.82,43.54,43.57,42630934
1721309400,2024-07-18 09:30,43.65,43.675,43.085,43.16,42400068
1721395800,2024-07-19 09:30,43.01,43.07,42.74,42.74,34590681
1721655000,2024-07-22 09:30,43.02,43.14,42.905,43.1,17057484
1721741400,2024-07-23 09:30,42.78,42.85,42.66,42.72,22891995
1721827800,2024-07-24 09:30,42.53,42.575,42.085,42.1,28113747
1721914200,2024-07-25 09:30,41.92,42.245,41.775,41.93,27940491
1722000600,2024-07-26 09:30,42.28,42.46,42.1899,42.36,21393710
1722259800,2024-07-29 09:30,42.32,42.325,42.07,42.22,14299188
1722346200,2024-07-30 09:30,42.25,42.26,41.8899,42.03,19193605
1722432600,2024-07-31 09:30,42.95,43.105,42.82,42.95,38600419
1722519000,2024-08-01 09:30,42.79,42.875,42.085,42.2,35497087
1722605400,2024-08-02 09:30,41.53,41.665,41.365,41.6,34956447
1722864600,2024-08-05 09:30,39.41,40.6899,39.39,40.42,60439470
1722951000,2024-08-06 09:30,40.28,40.95,40.2,40.65,32540176
1723037400,2024-08-07 09:30,41.56,41.59,40.88,40.9,36654427
1723123800,2024-08-08 09:30,41.45,41.86,41.3101,41.83,30021998
1723210200,2024-08-09 09:30,41.93,42.135,41.765,42.06,21142895
1723469400,2024-08-12 09:30,42.16,42.365,42.085,42.2,15042347
1723555800,2024-08-13 09:30,42.31,42.68,42.285,42.67,21073624
1723642200,2024-08-14 09:30,42.61,42.63,42.28,42.44,17537053
1723728600,2024-08-15 09:30,42.65,43,42.57,42.91,26914019
1723815000,2024-08-16 09:30,43.16,43.425,43.14,43.41,31457954
1724074200,2024-08-19 09:30,43.63,43.91,43.57,43.83,26716609
1724160600,2024-08-20 09:30,43.7,43.705,43.38,43.49,19230757
1724247000,2024-08-21 09:30,43.51,43.75,43.5,43.66,14644427
1724333400,2024-08-22 09:30,43.54,43.55,43.06,43.12,22515044
1724419800,2024-08-23 09:30,43.55,43.925,43.44,43.84,27848692
1724679000,2024-08-26 09:30,43.61,43.66,43.41,43.47,18429318
1724765400,2024-08-27 09:30,43.47,43.59,43.3517,43.53,14424724
1724851800,2024-08-28 09:30,43.42,43.45,43.1,43.26,15442999
1724938200,2024-08-29 09:30,43.34,43.51,43.255,43.28,15497642
1725024600,2024-08-30 09:30,43.5,43.52,43.175,43.37,29450428
1725370200,2024-09-03 09:30,42.96,43.01,42.46,42.51,35293658
1725456600,2024-09-04 09:30,42.4,42.75,42.4,42.5,24895911
1725543000,2024-09-05 09:30,42.52,42.73,42.43,42.56,22513874
1725629400,2024-09-06 09:30,42.54,42.59,41.75,41.78,32437042
1725888600,2024-09-09 09:30,42.03,42.23,41.965,42.13,19917378
1725975000,2024-09-10 09:30,42.05,42.05,41.69,41.97,19700411
1726061400,2024-09-11 09:30,41.9,42.3,41.555,42.28,26253319
1726147800,2024-09-12 09:30,42.37,42.64,42.26,42.63,19998591
1726234200,2024-09-13 09:30,42.77,42.9,42.75,42.83,16882294
1726493400,2024-09-16 09:30,42.99,43.01,42.78,42.97,14733159
1726579800,2024-09-17 09:30,43.19,43.215,42.91,43.02,20623712
1726666200,2024-09-18 09:30,43.1,43.4375,42.805,42.87,26010481
1726752600,2024-09-19 09:30,43.62,43.88,43.37,43.78,41025476
1726839000,2024-09-20 09:30,43.81,43.845,43.54,43.69,33038056
1727098200,2024-09-23 09:30,43.92,44.17,43.885,44.03,24891691
1727184600,2024-09-24 09:30,45.155,45.64,44.99,45.53,64472676
1727271000,2024-09-25 09:30,45.25,45.37,45.02,45.05,41967757
1727357400,2024-09-26 09:30,46.72,46.88,46.3,46.7,80876305
1727443800,2024-09-27 09:30,46.67,46.945,46.53,46.61,51540075
1727703000,2024-09-30 09:30,46.35,46.375,45.745,45.86,61400537
1727789400,2024-10-01 09:30,46.1,46.205,45.59,46.19,38648946
1727875800,2024-10-02 09:30,47.1,47.15,46.73,47.1,55790353
1727962200,2024-10-03 09:30,46.25,46.72,46.2,46.54,31198327
1728048600,2024-10-04 09:30,46.88,46.99,46.675,46.97,29483871
1728307800,2024-10-07 09:30,47.3,47.44,47.0201,47.36,42198005
1728394200,2024-10-08 09:30,46.14,46.285,45.785,46.19,47817310
1728480600,2024-10-09 09:30,45.58,46.06,45.525,45.94,35395829
1728567000,2024-10-10 09:30,46.02,46.13,45.635,46.03,18052363
1728653400,2024-10-11 09:30,45.75,46.38,45.695,46.36,28389204
1728912600,2024-10-14 09:30,46.01,46.43,45.89,46.17,20415388
1728999000,2024-10-15 09:30,45.75,45.78,45.08,45.19,31227548
1729085400,2024-10-16 09:30,45.51,45.695,45.45,45.54,25111186
1729171800,2024-10-17 09:30,45.4,45.56,45.24,45.47,36885773
1729258200,2024-10-18 09:30,46.17,46.18,45.87,45.92,30391600
1729517400,2024-10-21 09:30,45.54,45.705,45.34,45.6,19614867
1729603800,2024-10-22 09:30,45.38,45.595,45.36,45.5,19243454
1729690200,2024-10-23 09:30,45.34,45.47,45.055,45.23,19822006
1729776600,2024-10-24 09:30,45.18,45.235,44.945,45.16,16257058
1729863000,2024-10-25 09:30,45.31,45.455,45.05,45.12,21428467
1730122200,2024-10-28 09:30,45.22,45.42,45.16,45.32,15169358
1730208600,2024-10-29 09:30,45.3,45.335,45.14,45.18,15439314
1730295000,2024-10-30 09:30,44.72,44.93,44.645,44.74,24150150
1730381400,2024-10-31 09:30,44.6,44.6,44.19,44.45,43988772
1730467800,2024-11-01 09:30,44.78,44.91,44.48,44.49,17525910
1730730600,2024-11-04 09:30,44.94,45.075,44.72,44.74,24674236
1730817000,2024-11-05 09:30,45.23,45.4059,45.1899,45.35,21398324
1730903400,2024-11-06 09:30,44.53,44.935,44.345,44.79,37143334
1730989800,2024-11-07 09:30,45.55,45.91,45.53,45.78,39247611
1731076200,2024-11-08 09:30,45.01,45.09,44.4625,44.65,44833788
1731335400,2024-11-11 09:30,44.48,44.5,44.17,44.31,21342330
1731421800,2024-11-12 09:30,43.69,43.73,43.33,43.47,33946696
1731508200,2024-11-13 09:30,43.515,43.53,43.1249,43.19,26586783
1731594600,2024-11-14 09:30,43.13,43.2299,42.94,42.95,34443155
1731681000,2024-11-15 09:30,43.09,43.12,42.85,42.95,29127824
1731940200,2024-11-18 09:30,43.16,43.46,43.16,43.44,27785162
1732026600,2024-11-19 09:30,43.3,43.515,43.27,43.41,16624494
1732113000,2024-11-20 09:30,43.35,43.385,43.125,43.36,18358021
1732199400,2024-11-21 09:30,43.22,43.31,43.07,43.27,16086867
1732285800,2024-11-22 09:30,43.11,43.29,43.1,43.28,14104103
1732545000,2024-11-25 09:30,43.46,43.48,43.185,43.31,18855120
1732631400,2024-11-26 09:30,43.31,43.32,43.075,43.13,19119677
1732717800,2024-11-27 09:30,43.39,43.44,43.03,43.19,17921965
1732890600,2024-11-29 09:30,42.81,43.3,42.795,43.26,17372215
1733149800,2024-12-02 09:30,43.36,43.485,43.2147,43.43,16508740
1733236200,2024-12-03 09:30,43.26,43.55,43.1,43.52,49462532
1733322600,2024-12-04 09:30,43.66,43.6962,43.49,43.63,21339136
1733409000,2024-12-05 09:30,43.85,43.965,43.825,43.92,23736136
1733495400,2024-12-06 09:30,44.03,44.06,43.79,43.85,13142374
1733754600,2024-12-09 09:30,44.79,45.1,44.73,44.75,34841459
1733841000,2024-12-10 09:30,44.28,44.32,44,44.03,26979799
1733927400,2024-12-11 09:30,44.13,44.24,43.99,44.21,20405592
1734013800,2024-12-12 09:30,44.055,44.22,43.93,43.99,17662981
1734100200,2024-12-13 09:30,44.1,44.109,43.88,44.03,19381229
1734359400,2024-12-16 09:30,43.83,43.96,43.78,43.79,32259825
1734445800,2024-12-17 09:30,42.72,43.01,42.69,42.96,30224025
1734532200,2024-12-18 09:30,42.9,43.01,41.88,41.96,33249481
1734618600,2024-12-19 09:30,42.37,42.41,42.1,42.1,31146856
1734705000,2024-12-20 09:30,41.96,42.49,41.925,42.27,25512206
1734964200,2024-12-23 09:30,42.28,42.55,42.21,42.51,17955497
1735050600,2024-12-24 09:30,42.51,42.67,42.455,42.64,7066781
1735223400,2024-12-26 09:30,42.36,42.58,42.34,42.49,16152229
1735309800,2024-12-27 09:30,42.23,42.325,42.11,42.3,22672390
1735569000,2024-12-30 09:30,42.04,42.09,41.84,41.96,25055026
1735655400,2024-12-31 09:30,41.94,42.04,41.785,41.82,40524003
1735828200,2025-01-02 09:30,41.87,41.99,41.675,41.76,25287214
1735914600,2025-01-03 09:30,42.085,42.185,41.955,42.15,17705965
1736173800,2025-01-06 09:30,42.6,42.73,42.275,42.3,26200904
1736260200,2025-01-07 09:30,42.46,42.47,41.955,42,30912455
1736346600,2025-01-08 09:30,41.74,41.85,41.61,41.8,20257514
1736519400,2025-01-10 09:30,41.27,41.27,41.015,41.09,42204315
1736778600,2025-01-13 09:30,40.63,40.83,40.61,40.81,28154909
1736865000,2025-01-14 09:30,41.34,41.39,41.14,41.27,23438554
1736951400,2025-01-15 09:30,41.71,41.83,41.615,41.81,22557031
1737037800,2025-01-16 09:30,41.94,41.95,41.75,41.76,17711438
1737124200,2025-01-17 09:30,41.96,42.38,41.895,42.09,30692265
1737469800,2025-01-21 09:30,42.46,42.6,42.2901,42.54,16728152
1737556200,2025-01-22 09:30,42.6,42.68,42.45,42.57,16894933
1737642600,2025-01-23 09:30,42.48,42.705,42.4,42.67,15212765
1737729000,2025-01-24 09:30,42.91,43.05,42.75,42.95,20962770
1737988200,2025-01-27 09:30,42.2,42.315,42.08,42.17,25964225
1738074600,2025-01-28 09:30,42.24,42.5,41.99,42.48,22438231
1738161000,2025-01-29 09:30,42.73,42.82,42.4398,42.49,24922391
1738247400,2025-01-30 09:30,42.82,43.34,42.795,43.21,30450278
1738333800,2025-01-31 09:30,43.22,43.32,42.65,42.72,29988413
1738593000,2025-02-03 09:30,42.02,42.67,41.97,42.41,37505721
1738679400,2025-02-04 09:30,42.94,43.31,42.875,43.17,26992857
1738765800,2025-02-05 09:30,43.01,43.17,42.95,43.06,21829247
1738852200,2025-02-06 09:30,43.2,43.26,43.11,43.24,19365681
1738938600,2025-02-07 09:30,43.615,43.72,43.16,43.2,32804389
1739197800,2025-02-10 09:30,43.62,43.72,43.51,43.72,19596704
1739284200,2025-02-11 09:30,43.42,43.645,43.35,43.55,19596768
1739370600,2025-02-12 09:30,43.49,43.945,43.375,43.79,19985964
1739457000,2025-02-13 09:30,43.49,44.07,43.48,44.07,22840972
1739543400,2025-02-14 09:30,44.36,44.41,44.1901,44.41,24329380
1739889000,2025-02-18 09:30,44.76,44.79,44.59,44.69,23037136
1739975400,2025-02-19 09:30,44.65,44.6858,44.52,44.62,20275247
1740061800,2025-02-20 09:30,44.95,45.225,44.795,45.03,29210497
1740148200,2025-02-21 09:30,45.255,45.42,44.74,44.9,33974725
1740407400,2025-02-24 09:30,44.65,44.66,44.19,44.21,38306964
1740493800,2025-02-25 09:30,44.35,44.37,44.06,44.24,19955547
1740580200,2025-02-26 09:30,44.75,44.99,44.57,44.68,25170980
1740666600,2025-02-27 09:30,44.3,44.4,43.78,43.81,30518894
1740753000,2025-02-28 09:30,43.05,43.26,42.86,43.21,52402337
1741012200,2025-03-03 09:30,43.46,43.595,42.6819,42.83,45587736
1741098600,2025-03-04 09:30,42.98,43.555,42.71,43.19,30082445
1741185000,2025-03-05 09:30,43.96,44.545,43.83,44.48,47763449
1741271400,2025-03-06 09:30,44.45,44.635,44.155,44.2,33544539
1741357800,2025-03-07 09:30,44.34,44.54,44.005,44.42,23474495
1741613400,2025-03-10 09:30,43.75,43.88,43.09,43.36,29502637
1741699800,2025-03-11 09:30,43.73,43.95,43.415,43.72,21184081
1741786200,2025-03-12 09:30,43.91,44.02,43.625,43.96,17731649
1741872600,2025-03-13 09:30,43.52,43.91,43.485,43.78,17870354
1741959000,2025-03-14 09:30,44.31,44.59,44.26,44.58,21858446
1742218200,2025-03-17 09:30,44.74,45.4,44.74,45.34,37712443
1742304600,2025-03-18 09:30,45.25,45.28,44.9416,45.11,19974226
1742391000,2025-03-19 09:30,45.29,45.38,45,45.22,31657452
1742477400,2025-03-20 09:30,44.6,44.87,44.535,44.8,25180928
1742563800,2025-03-21 09:30,44.44,44.65,44.4,44.58,19403829
1742823000,2025-03-24 09:30,44.75,44.895,44.66,44.78,20478983
1742909400,2025-03-25 09:30,44.735,44.855,44.61,44.65,29535910
1742995800,2025-03-26 09:30,44.62,44.68,44.32,44.38,22050037
1743082200,2025-03-27 09:30,44.42,44.76,44.42,44.6,15749099
1743168600,2025-03-28 09:30,44.17,44.22,43.7049,43.77,27866493
1743427800,2025-03-31 09:30,43.31,43.74,43.155,43.7,25638315
1743514200,2025-04-01 09:30,43.65,43.96,43.51,43.84,21530331
1743600600,2025-04-02 09:30,43.72,44.04,43.705,43.9,18068123
1743687000,2025-04-03 09:30,42.98,43.2885,42.96,42.97,26997523
1743773400,2025-04-04 09:30,41.35,41.48,40.14,40.58,75852969
1744032600,2025-04-07 09:30,38.84,40.54,38.57,39.07,87724876
1744119000,2025-04-08 09:30,40.22,40.25,38.19,38.52,57879101
1744205400,2025-04-09 09:30,38.735,41.33,38.46,41.19,71100624
1744291800,2025-04-10 09:30,40.83,40.885,39.83,40.48,44475853
1744378200,2025-04-11 09:30,41.115,41.805,40.965,41.75,43956504
1744637400,2025-04-14 09:30,42.03,42.375,41.86,42.13,22549557
1744723800,2025-04-15 09:30,42.2,42.345,42.08,42.09,18077533
1744810200,2025-04-16 09:30,41.79,42.025,41.4325,41.6,19984742
1744896600,2025-04-17 09:30,42.06,42.23,41.88,41.92,23264393
1745242200,2025-04-21 09:30,42.17,42.215,41.6112,41.91,16440713
1745328600,2025-04-22 09:30,42.375,42.825,42.3401,42.54,25716059
1745415000,2025-04-23 09:30,43.29,43.52,42.98,43.03,24787365
1745501400,2025-04-24 09:30,43.15,43.58,43.1,43.53,28843537
1745587800,2025-04-25 09:30,43.22,43.45,43.135,43.45,18363715
1745847000,2025-04-28 09:30,43.51,43.585,43.32,43.53,11002235
1745933400,2025-04-29 09:30,43.59,43.76,43.56,43.65,12809121
1746019800,2025-04-30 09:30,43.59,43.83,43.405,43.76,20928833
1746106200,2025-05-01 09:30,43.93,43.96,43.705,43.75,14740506
1746192600,2025-05-02 09:30,45.15,45.17,44.835,45,33945930
1746451800,2025-05-05 09:30,45.46,45.53,45.34,45.34,22661091
1746538200,2025-05-06 09:30,45,45.335,44.975,45.16,17418668
1746624600,2025-05-07 09:30,44.82,44.83,44.52,44.64,23390689
1746711000,2025-05-08 09:30,44.79,44.865,44.56,44.61,17573746
1746797400,2025-05-09 09:30,45.1,45.155,44.825,44.91,16091123
1747056600,2025-05-12 09:30,46.02,46.02,45.71,45.88,26843541
1747143000,2025-05-13 09:30,45.565,46.13,45.535,45.96,23970298
1747229400,2025-05-14 09:30,46.41,46.46,46.25,46.31,22561715
1747315800,2025-05-15 09:30,46.23,46.29,46.035,46.29,21682475
1747402200,2025-05-16 09:30,46.21,46.3,46.055,46.26,23296896
1747661400,2025-05-19 09:30,45.94,46.37,45.94,46.36,16823034
1747747800,2025-05-20 09:30,46.17,46.32,46.125,46.31,20233681
1747834200,2025-05-21 09:30,46.49,46.595,46.12,46.19,25570461
1747920600,2025-05-22 09:30,45.97,46.15,45.9,46.04,16773041
1748007000,2025-05-23 09:30,45.91,46.3051,45.87,46.23,22018911
1748352600,2025-05-27 09:30,46.065,46.18,45.97,46.12,26279258
1748439000,2025-05-28 09:30,45.995,46.015,45.87,45.91,26970520
1748525400,2025-05-29 09:30,46.32,46.34,45.93,46.08,24292350
1748611800,2025-05-30 09:30,45.655,45.66,45.2301,45.52,42291621
1748871000,2025-06-02 09:30,45.69,45.87,45.52,45.85,20576505
1748957400,2025-06-03 09:30,45.84,46.01,45.7448,45.96,20943361
1749043800,2025-06-04 09:30,46.4,46.59,46.35,46.53,26497822
1749130200,2025-06-05 09:30,46.925,46.975,46.65,46.77,26294167
1749216600,2025-06-06 09:30,46.81,46.95,46.715,46.92,16629852
1749475800,2025-06-09 09:30,47.17,47.39,47.11,47.32,22715154
1749562200,2025-06-10 09:30,47.55,47.63,47.34,47.59,26583556
1749648600,2025-06-11 09:30,47.84,47.97,47.73,47.79,28230755
1749735000,2025-06-12 09:30,47.73,47.895,47.685,47.87,19734396
1749821400,2025-06-13 09:30,47,47.295,46.98,47.11,35198054
1750080600,2025-06-16 09:30,47.18,47.495,47.175,47.23,26995886
1750167000,2025-06-17 09:30,46.91,47.01,46.54,46.61,35176869
1750253400,2025-06-18 09:30,46.62,46.785,46.48,46.6,26286883
1750426200,2025-06-20 09:30,46.78,46.78,46.285,46.33,32783286
1750685400,2025-06-23 09:30,46.25,46.72,46.15,46.71,22233171
1750771800,2025-06-24 09:30,47.44,47.94,47.41,47.92,36113994
1750858200,2025-06-25 09:30,47.895,47.99,47.82,47.96,23739152
1750944600,2025-06-26 09:30,48.175,48.355,48.05,48.28,21962151
1751031000,2025-06-27 09:30,48.04,48.25,47.955,48.09,37593385
1751290200,2025-06-30 09:30,48,48.27,47.9,48.24,32966305
1751376600,2025-07-01 09:30,48.35,48.42,48.19,48.33,25392965
1751463000,2025-07-02 09:30,48.17,48.54,48.1271,48.54,23950637
1751549400,2025-07-03 09:30,48.58,48.8,48.58,48.76,20080100
1751895000,2025-07-07 09:30,48.275,48.39,47.96,48.07,24462512
1751981400,2025-07-08 09:30,48.365,48.42,48.24,48.37,16317191
1752067800,2025-07-09 09:30,48.38,48.38,48.15,48.29,14846203
1752154200,2025-07-10 09:30,48.38,48.43,48.195,48.42,21892231
1752240600,2025-07-11 09:30,48.34,48.39,48.22,48.26,27338383
1752499800,2025-07-14 09:30,48.27,48.37,48.2,48.33,16882110
1752586200,2025-07-15 09:30,48.84,48.88,48.61,48.68,24890616
1752672600,2025-07-16 09:30,48.66,48.92,48.475,48.91,32619959
1752759000,2025-07-17 09:30,48.85,49.215,48.795,49.19,22323873
1752845400,2025-07-18 09:30,49.33,49.415,49.05,49.08,23407972
1753104600,2025-07-21 09:30,49.33,49.6,49.25,49.4,16861658
1753191000,2025-07-22 09:30,49.255,49.4399,49.05,49.43,22316599
1753277400,2025-07-23 09:30,49.735,49.96,49.69,49.93,23744641
1753363800,2025-07-24 09:30,49.78,49.845,49.625,49.66,18948012
1753450200,2025-07-25 09:30,49.38,49.54,49.31,49.51,15605044
1753709400,2025-07-28 09:30,49.29,49.335,49.09,49.18,27703376
1753795800,2025-07-29 09:30,49.29,49.35,49.13,49.2,24742726
1753882200,2025-07-30 09:30,49.04,49.13,48.74,48.84,37855503
1753968600,2025-07-31 09:30,48.73,48.805,48.48,48.56,30587088
1754055000,2025-08-01 09:30,48.38,48.38,47.98,48.2,27234648
1754314200,2025-08-04 09:30,48.735,48.79,48.56,48.7,32920385
1754400600,2025-08-05 09:30,48.96,49.02,48.725,48.84,18709201
1754487000,2025-08-06 09:30,48.9,49.0951,48.8,49.07,17094077
1754573400,2025-08-07 09:30,49.6,49.675,49.35,49.48,23379228
1754659800,2025-08-08 09:30,49.33,49.46,49.285,49.44,16926907
1754919000,2025-08-11 09:30,49.4,49.455,49.23,49.3,15176100
1755005400,2025-08-12 09:30,49.51,49.93,49.465,49.9,22908716
1755091800,2025-08-13 09:30,50.45,50.59,50.41,50.5,28585673
1755178200,2025-08-14 09:30,49.87,50.01,49.7384,49.88,28016613
1755264600,2025-08-15 09:30,50.03,50.075,49.88,49.94,24042556
1755523800,2025-08-18 09:30,50.16,50.24,50.1,50.23,19212460
1755610200,2025-08-19 09:30,50.1,50.1,49.76,49.82,17226997
1755696600,2025-08-20 09:30,49.73,49.8,49.45,49.75,20299186
1755783000,2025-08-21 09:30,49.58,49.74,49.54,49.64,14428472
1755869400,2025-08-22 09:30,49.93,50.63,49.89,50.63,31264250
1756128600,2025-08-25 09:30,50.54,50.665,50.33,50.34,23701444
1756215000,2025-08-26 09:30,50.29,50.36,50.1601,50.21,25684053
1756301400,2025-08-27 09:30,49.63,49.93,49.585,49.91,31452898
1756387800,2025-08-28 09:30,49.86,50.12,49.835,50.1,21353962
1756474200,2025-08-29 09:30,49.81,49.9,49.65,49.86,24867355
1756819800,2025-09-02 09:30,49.41,49.83,49.345,49.82,24343881
1756906200,2025-09-03 09:30,49.97,50.07,49.875,50.01,29036034
1756992600,2025-09-04 09:30,49.69,49.85,49.53,49.85,14791956
1757079000,2025-09-05 09:30,50.53,50.6154,50.175,50.45,24805860
1757338200,2025-09-08 09:30,50.71,50.92,50.63,50.91,23345120
1757424600,2025-09-09 09:30,51.11,51.285,51.1,51.19,23818569
1757511000,2025-09-10 09:30,51.6,51.75,51.5001,51.54,27151984
1757597400,2025-09-11 09:30,51.89,52.32,51.87,52.29,38948461
1757683800,2025-09-12 09:30,52.33,52.35,52.185,52.26,17773082
1757943000,2025-09-15 09:30,52.58,52.67,52.485,52.64,22076431
1758029400,2025-09-16 09:30,52.88,53.07,52.765,53.03,28614384
1758115800,2025-09-17 09:30,53.25,53.67,52.985,53.26,53353369
1758202200,2025-09-18 09:30,52.91,53.16,52.785,53.13,30544534
1758288600,2025-09-19 09:30,53.07,53.12,52.91,53.01,37385059
1758547800,2025-09-22 09:30,53.05,53.28,52.98,53.27,18357714
1758634200,2025-09-23 09:30,53.32,53.53,53.245,53.3,21298580
1758720600,2025-09-24 09:30,53.26,53.345,53.05,53.12,24947218
1758807000,2025-09-25 09:30,52.78,52.98,52.635,52.81,27611881
1758893400,2025-09-26 09:30,52.44,52.71,52.345,52.71,22608775
1759152600,2025-09-29 09:30,53.24,53.39,53.12,53.19,26754738
1759239000,2025-09-30 09:30,53.34,53.44,53.195,53.4,25165263
1759325400,2025-10-01 09:30,53.59,53.85,53.59,53.82,29971269
1759411800,2025-10-02 09:30,54.35,54.35,53.895,54.07,27872025
1759498200,2025-10-03 09:30,54.33,54.39,54.0619,54.23,21836027
1759757400,2025-10-06 09:30,54.35,54.55,54.295,54.48,17890471
1759843800,2025-10-07 09:30,54.68,54.69,54.02,54.06,18605590
1759930200,2025-10-08 09:30,54.13,54.49,54.115,54.49,15391626
1760016600,2025-10-09 09:30,54.52,54.53,53.8,53.93,24685544
1760103000,2025-10-10 09:30,53.96,54.04,51.8219,51.94,67908246
1760362200,2025-10-13 09:30,53.44,53.65,53.2,53.45,34717490
1760448600,2025-10-14 09:30,52.61,53.37,52.53,52.97,36062758
1760535000,2025-10-15 09:30,53.85,54.04,53.505,53.84,31145700
1760621400,2025-10-16 09:30,54.34,54.58,54.05,54.19,29782033
1760707800,2025-10-17 09:30,53.83,54.275,53.795,54.18,24373618
1760967000,2025-10-20 09:30,54.56,55.025,54.555,54.92,29450610
1761053400,2025-10-21 09:30,54.59,54.59,54.31,54.31,27091775
1761139800,2025-10-22 09:30,54.43,54.685,54.005,54.26,23595474
1761226200,2025-10-23 09:30,54.48,54.86,54.46,54.74,19655835
1761312600,2025-10-24 09:30,55.18,55.205,55.005,55.1,19506251
1761571800,2025-10-27 09:30,55.715,55.7399,55.5,55.71,24016505
1761658200,2025-10-28 09:30,55.38,55.765,55.33,55.69,25911549
1761744600,2025-10-29 09:30,56.22,56.31,55.745,56.01,32924601
1761831000,2025-10-30 09:30,55.45,55.66,55.315,55.43,22532835
1761917400,2025-10-31 09:30,55.34,55.385,55.03,55.3,29316434
1762180200,2025-11-03 09:30,55.69,55.73,55.365,55.65,18735927
1762266600,2025-11-04 09:30,54.73,55.065,54.61,54.63,25655752
1762353000,2025-11-05 09:30,54.64,55.25,54.61,55.12,22362009
1762439400,2025-11-06 09:30,55.07,55.22,54.52,54.71,24880814
1762525800,2025-11-07 09:30,54.205,54.55,53.8,54.55,32432333
1762785000,2025-11-10 09:30,55.28,55.55,55.095,55.51,27712194
1762871400,2025-11-11 09:30,55.51,55.7,55.37,55.57,22791823
1762957800,2025-11-12 09:30,55.655,55.66,55.415,55.58,24137861
1763044200,2025-11-13 09:30,55.7,55.73,54.815,54.93,29877469
1763130600,2025-11-14 09:30,54.53,55.3,54.405,54.96,27660028
1763389800,2025-11-17 09:30,54.52,54.89,54.14,54.31,24765074
1763476200,2025-11-18 09:30,53.88,54.245,53.675,54.04,29360262
1763562600,2025-11-19 09:30,53.84,54.17,53.61,53.85,20897928
1763649000,2025-11-20 09:30,54.43,54.485,53.08,53.11,32026351
1763735400,2025-11-21 09:30,52.71,53.33,52.38,53.1,40328780
1763994600,2025-11-24 09:30,53.12,53.7,53.12,53.66,33650563
1764081000,2025-11-25 09:30,53.63,53.87,53.21,53.85,25248180
1764167400,2025-11-26 09:30,54.1,54.33,53.96,54.24,22161638
1764340200,2025-11-28 09:30,54.16,54.37,54.12,54.32,15057453
1764599400,2025-12-01 09:30,54.15,54.45,54.145,54.28,17854074
1764685800,2025-12-02 09:30,54.36,54.38,54.07,54.3,22523089
1764772200,2025-12-03 09:30,54.14,54.35,54.05,54.34,16750182
1764858600,2025-12-04 09:30,54.41,54.41,54.18,54.33,14443495
1764945000,2025-12-05 09:30,54.93,55.12,54.67,54.74,20114547
1765204200,2025-12-08 09:30,54.865,54.87,54.48,54.62,29055648
1765290600,2025-12-09 09:30,54.3,54.58,54.25,54.53,17789155
1765377000,2025-12-10 09:30,54.65,55.24,54.58,55.14,35022917
1765463400,2025-12-11 09:30,54.7,54.95,54.48,54.88,22013616
1765549800,2025-12-12 09:30,54.91,54.945,54.1,54.24,30590003
1765809000,2025-12-15 09:30,54.55,54.575,54.07,54.08,29137022
1765895400,2025-12-16 09:30,52.96,53.125,52.77,52.98,38180868
1765981800,2025-12-17 09:30,53.255,53.305,52.58,52.6,35740791
1766068200,2025-12-18 09:30,53.27,53.5,53.135,53.2,29985716
1766154600,2025-12-19 09:30,53.54,53.89,53.5,53.72,28831658
1766413800,2025-12-22 09:30,53.97,54.05,53.885,54.01,21645446
1766500200,2025-12-23 09:30,53.99,54.33,53.9,54.31,25319659
1766586600,2025-12-24 09:30,54.41,54.4587,54.34,54.42,9565286
1766759400,2025-12-26 09:30,54.57,54.82,54.525,54.8,11351951
1767018600,2025-12-29 09:30,54.52,54.68,54.4301,54.66,18816661
1767105000,2025-12-30 09:30,54.87,54.99,54.81,54.88,24643047
1767191400,2025-12-31 09:30,54.9,54.92,54.675,54.71,20000924
1767364200,2026-01-02 09:30,55.89,56.25,55.81,56.24,38255887
1767623400,2026-01-05 09:30,56.59,56.86,56.36,56.86,37082488
1767709800,2026-01-06 09:30,57.17,57.43,57.16,57.28,29801701
1767796200,2026-01-07 09:30,57.03,57.05,56.8,56.85,26931301
1767882600,2026-01-08 09:30,56.75,56.89,56.62,56.87,27719776
1767969000,2026-01-09 09:30,56.88,57.16,56.71,57.14,31540743
1768228200,2026-01-12 09:30,57.24,57.97,57.21,57.94,47304266
1768314600,2026-01-13 09:30,57.77,57.805,57.38,57.51,34414934
1768401000,2026-01-14 09:30,57.58,57.77,57.4401,57.75,45156387
1768487400,2026-01-15 09:30,58.145,58.38,57.93,58.09,60438104
1768573800,2026-01-16 09:30,57.97,58.01,57.57,57.87,30623987
1768919400,2026-01-20 09:30,57.345,57.75,57.235,57.31,37026874
1769005800,2026-01-21 09:30,57.99,58.48,57.92,58.26,44193755
1769092200,2026-01-22 09:30,58.7,58.93,58.495,58.7,33731365
1769178600,2026-01-23 09:30,58.56,59.15,58.43,59.07,31584651
1769437800,2026-01-26 09:30,59.04,59.3899,58.99,59.17,37944967
1769524200,2026-01-27 09:30,59.97,60.365,59.88,60.34,62222268
1769610600,2026-01-28 09:30,60.87,60.87,60.37,60.75,52067699
1769697000,2026-01-29 09:30,60.86,60.95,59.545,60.44,70851897
1769783400,2026-01-30 09:30,59.81,60.07,58.83,59.1,73861242
1770042600,2026-02-02 09:30,58.58,59.47,58.56,59.28,44512251
1770129000,2026-02-03 09:30,59.93,59.99,59.0306,59.6,41132269
1770215400,2026-02-04 09:30,59.89,59.91,58.55,58.8,50852437
1770301800,2026-02-05 09:30,58.55,59.03,58.215,58.53,50880874
1770388200,2026-02-06 09:30,59.24,60.09,59.22,60.07,37534828
1770647400,2026-02-09 09:30,59.965,60.65,59.9,60.51,35324336
1770733800,2026-02-10 09:30,60.72,60.8165,60.42,60.6,32247095
1770820200,2026-02-11 09:30,61.175,61.625,60.78,61.56,38158948
1770906600,2026-02-12 09:30,61.835,61.905,60.6801,60.86,48070636
1770993000,2026-02-13 09:30,60.72,61.21,60.13,61.12,40091288
1771338600,2026-02-17 09:30,60.72,61.08,60.19,60.87,38127228
1771425000,2026-02-18 09:30,61.03,61.55,60.91,61.19,29966901
1771511400,2026-02-19 09:30,60.825,61.07,60.575,61.04,38043844
1771597800,2026-02-20 09:30,61.01,62.36,60.97,62.34,56421588
1771857000,2026-02-23 09:30,62.015,62.25,61.5118,61.65,36573383
1771943400,2026-02-24 09:30,62.24,62.84,62.105,62.62,44407283
1772029800,2026-02-25 09:30,63.42,63.43,63.04,63.31,42201175
1772116200,2026-02-26 09:30,63.28,63.31,62.08,62.71,52083204
1772202600,2026-02-27 09:30,62.2,65.96,62.12,62.58,34830091
1772461800,2026-03-02 09:30,60.79,61.8499,60.79,61.5,46879877
1772548200,2026-03-03 09:30,57.97,58.905,56.74,58.42,99942885
1772634600,2026-03-04 09:30,58.545,59.5758,58.24,59.05,74073252
1772721000,2026-03-05 09:30,58.02,58.575,56.89,57.63,81396890
1772807400,2026-03-06 09:30,56.825,57.7,56.56,57.32,55731836
1773063000,2026-03-09 09:30,56.66,58.65,56.24,58.45,65072528
1773149400,2026-03-10 09:30,58.655,59.88,58.3412,58.68,56415086
1773235800,2026-03-11 09:30,58.7,59.16,58.385,58.83,35658157
1773322200,2026-03-12 09:30,57.99,58.03,56.86,56.95,53035002
1773408600,2026-03-13 09:30,57.62,58.01,56.6639,56.8,47897122
1773667800,2026-03-16 09:30,58.05,58.64,57.99,58.38,36204920
1773754200,2026-03-17 09:30,58.88,59.055,58.525,58.75,24929123
1773840600,2026-03-18 09:30,58.38,58.625,57.5444,57.56,37207423
1773927000,2026-03-19 09:30,56.44,57.87,56.264,57.62,50957578
1774013400,2026-03-20 09:30,56.95,57.01,55.44,55.64,78534156
1774272600,2026-03-23 09:30,56.885,57.84,56.56,57.31,61193446
1774359000,2026-03-24 09:30,56.13,56.915,56.03,56.52,37192272
1774445400,2026-03-25 09:30,57.42,57.765,57.03,57.42,36444042
1774531800,2026-03-26 09:30,56.26,56.64,55.44,55.47,42794939
1774618200,2026-03-27 09:30,55.35,55.74,55,55.2,38596105
1774877400,2026-03-30 09:30,55.5,55.535,54.435,54.75,32281489
1774963800,2026-03-31 09:30,54.935,56.86,54.88,56.79,64809404
1775050200,2026-04-01 09:30,57.21,57.825,57.02,57.23,51176296
1775136600,2026-04-02 09:30,55.57,57.03,55.43,56.59,33449845
1775482200,2026-04-06 09:30,56.95,57.42,56.74,57.11,19981723
1775568600,2026-04-07 09:30,57.17,57.33,56.325,57.31,28112832
1775655000,2026-04-08 09:30,60.86,60.99,59.9,60.44,50444840
1775741400,2026-04-09 09:30,59.76,60.515,59.485,60.28,35719549
1775827800,2026-04-10 09:30,60.71,60.885,60.365,60.56,20508651
1776087000,2026-04-13 09:30,60.08,61.1299,60,61.07,24457387
1776173400,2026-04-14 09:30,61.6,62.26,61.57,62.24,23734192
1776259800,2026-04-15 09:30,62.04,62.315,61.855,62.2,26278694
1776346200,2026-04-16 09:30,62.43,62.73,62.055,62.45,32327551
1776432600,2026-04-17 09:30,63.53,64.22,63.37,63.64,46228643
1776691800,2026-04-20 09:30,63.11,63.26,62.78,63.18,20045648
1776778200,2026-04-21 09:30,63.28,63.365,62.15,62.25,25552579
1776864600,2026-04-22 09:30,62.99,63.415,62.885,63.38,19635732
1776951000,2026-04-23 09:30,62.75,63.07,61.695,62.35,33271524
1777037400,2026-04-24 09:30,63.28,63.82,63.095,63.74,26360826
1777296600,2026-04-27 09:30,63.9,63.975,63.5,63.64,14689534
1777383000,2026-04-28 09:30,62.79,63.115,62.53,62.99,20628904
1777469400,2026-04-29 09:30,63.07,63.1199,62.44,62.69,21066219
1777555800,2026-04-30 09:30,63.24,64.14,62.875,63.99,32196997
1777642200,2026-05-01 09:30,63.84,64.665,63.8,64.13,22489220
1777901400,2026-05-04 09:30,64.47,64.865,63.81,64.1,19751753
1777987800,2026-05-05 09:30,64.98,65.625,64.89,65.4,18700982
1778074200,2026-05-06 09:30,66.85,67.59,66.635,67.49,35376449
1778160600,2026-05-07 09:30,67.67,67.67,66.48,66.59,34734667
1778247000,2026-05-08 09:30,67.33,67.96,67.28,67.94,27606254
1778506200,2026-05-11 09:30,67.83,68.15,67.585,67.89,14667108
1778592600,2026-05-12 09:30,66.22,66.51,64.985,65.82,37773354
1778679000,2026-05-13 09:30,66.57,67.445,66.265,67.21,26065354
1778765400,2026-05-14 09:30,66.952,67.515,66.83,67.38,21184438
1778851800,2026-05-15 09:30,65.23,65.465,64.715,65.07,34830879
1779111000,2026-05-18 09:30,65.66,65.76,64.382,64.97,37739830
1779197400,2026-05-19 09:30,63.62,64.845,63.48,64.26,37009419
1779283800,2026-05-20 09:30,64.49,65.56,64.395,65.46,32484716
1779370200,2026-05-21 09:30,65.23,66.345,65.05,66.03,28726485
1779456600,2026-05-22 09:30,66,66.39,65.74,65.88,30856320
1779802200,2026-05-26 09:30,67.715,68.495,67.69,68.4,25457011
1779888600,2026-05-27 09:30,68.76,68.96,67.94,68.39,31992371
1779975000,2026-05-28 09:30,67.645,68.77,67.425,68.61,33063295
1780061400,2026-05-29 09:30,68.93,69.11,68.495,68.6,32143085
1780320600,2026-06-01 09:30,69.38,70.51,69.13,70.08,31731103
1780407000,2026-06-02 09:30,70.29,70.86,70.06,70.8,16577427
1780493400,2026-06-03 09:30,70.42,70.47,69.56,69.92,22147084
1780579800,2026-06-04 09:30,68.52,69.285,68.075,69.1,21260298
1780666200,2026-06-05 09:30,66.73,66.885,64.36,64.59,56184498
1780925400,2026-06-08 09:30,66.065,66.37,65.59,65.75,29088373
1781011800,2026-06-09 09:30,67.21,67.455,64.07,65.82,42106665
1781098200,2026-06-10 09:30,65.31,66.28,64.58,64.66,37541930
1781184600,2026-06-11 09:30,65.27,67.595,65.175,67.5,41505657
1781271000,2026-06-12 09:30,67.53,68.2,67.085,67.88,39782751
1781530200,2026-06-15 09:30,69.61,69.88,69.375,69.75,37751514
1781616600,2026-06-16 09:30,69.33,69.735,68.5845,68.64,31283481
1781703000,2026-06-17 09:30,69.57,70.075,68.41,68.56,36131293
1781789400,2026-06-18 09:30,70.18,70.92,70.15,70.79,49998097
1782135000,2026-06-22 09:30,71.29,71.57,70.985,71.21,25302326
1782221400,2026-06-23 09:30,67.245,68.23,67.065,67.17,39068999
1782307800,2026-06-24 09:30,67.38,67.61,66.595,67.25,22973259
1782394200,2026-06-25 09:30,68.905,68.99,67.27,67.96,24479776
1782480600,2026-06-26 09:30,66.34,67.715,66.27,67.19,24158894
1782739800,2026-06-29 09:30,66.99,67.46,65.995,67.43,18609726
1782826200,2026-06-30 09:30,67.59,68.5,67.4804,68.41,20384262
1782912600,2026-07-01 09:30,66.91,67.46,66.48,66.48,28146677
1782999000,2026-07-02 09:30,66.53,67.19,64.8,65.7,34260828
1783344600,2026-07-06 09:30,67.245,67.79,67.21,67.57,24039307
1783431000,2026-07-07 09:30,65.99,66.33,65.255,65.72,26285125
1783517400,2026-07-08 09:30,65.16,66.245,64.965,66.23,20723495
1783603800,2026-07-09 09:30,66.57,66.96,66.365,66.78,19566803
1783690200,2026-07-10 09:30,66.54,67.02,66.185,66.9,18694776
1783949400,2026-07-13 09:30,65.19,65.29,64.39,64.5,25474754
1784035800,2026-07-14 09:30,65.53,65.8,65.105,65.67,18557842
1784122200,2026-07-15 09:30,65.87,66.04,64.66,65.57,30073856
1784208600,2026-07-16 09:30,64.43,64.72,63.915,64.19,21565692
1784295000,2026-07-17 09:30,62.3,63.89,62.005,63.29,35145369
1784554200,2026-07-20 09:30,64.035,64.1707,63.48,63.56,19269608
1784640600,2026-07-21 09:30,65.119,65.5,64.82,65.34,20839299
1784727000,2026-07-22 09:30,64.64,65.1899,64.63,64.99,13400147
1784813400,2026-07-23 09:30,64.49,65.035,63.99,64.6,13003342
1784899800,2026-07-24 09:30,63.95,64.15,63.245,63.33,20525619
1785159000,2026-07-27 09:30,64.22,64.27,62.845,63.62,23441421
1785245400,2026-07-28 09:30,62.06,62.795,61.675,62.36,29000865
1785331800,2026-07-29 09:30,61.73,62.7,60.765,61.07,32438147
1785418200,2026-07-30 09:30,62.48,63.64,62.295,63.59,42234966
1785504600,2026-07-31 09:30,64.93,65.06,63.505,64.09,31148570
1785763800,2026-08-03 09:30,63.74,64.445,63.34,64.32,21829561
1785850200,2026-08-04 09:30,65.22,66.14,65.12,66,25811425
1785936600,2026-08-05 09:30,65.95,66.235,65.67,65.72,21452661
1786023000,2026-08-06 09:30,64.68,65.56,64.465,65.02,20782376
1786109400,2026-08-07 09:30,65.87,65.94,65.005,65.64,21462078
1786368600,2026-08-10 09:30,65.21,65.36,64.98,65.17,19095123
1786455000,2026-08-11 09:30,65.62,65.75,65.19,65.43,9763383
1786541400,2026-08-12 09:30,66.61,66.67,66.195,66.46,20256641
1786627800,2026-08-13 09:30,66.42,66.97,66.345,66.68,14549135
1786714200,2026-08-14 09:30,66.845,67.09,66.42221,66.61,11964713
1786973400,2026-08-17 09:30,67.33,67.94,67.225,67.32,17036869
1787059800,2026-08-18 09:30,66.03,66.28,65.25,65.34,24782771
1787146200,2026-08-19 09:30,66.55,66.6,65.84,66.11,16168596
1787232600,2026-08-20 09:30,66.18,66.81,66.135,66.62,16821773
1787319000,2026-08-21 09:30,67.425,67.49,66.97,67.12,18381082
1787578200,2026-08-24 09:30,66.4,66.44,65.775,66.11,16073657
1787664600,2026-08-25 09:30,66.84,67.29,66.63,67.25,16396316
1787751000,2026-08-26 09:30,67.36,67.55,67.135,67.17,14934191
1787837400,2026-08-27 09:30,67.57,67.69,67.205,67.61,10911259
1787923800,2026-08-28 09:30,67.7,68,66.97,67.14,11763244
1788183000,2026-08-31 09:30,67.29,67.41,66.81,67.02,20905050
1788269400,2026-09-01 09:30,67.06,67.425,66.56,66.77,17084741
1788355800,2026-09-02 09:30,66.81,67.195,66.77,67.15,9798205
1788442200,2026-09-03 09:30,67.07,67.545,66.71,67.47,12203650
1788528600,2026-09-04 09:30,67.73,68.73,67.725,68.7,22133079
1788874200,2026-09-08 09:30,68.99,69.125,68.72,68.83,18051058
1788960600,2026-09-09 09:30,68.66,69,68.295,68.48,16270958
1789047000,2026-09-10 09:30,67.37,67.51,66.96,67,22822230
1789133400,2026-09-11 09:30,67.98,68.03,67.69,67.84,21480551
1789392600,2026-09-14 09:30,65.95,66.485,65.72,65.99,24207029
1789479000,2026-09-15 09:30,66.12,66.135,65.56,65.76,13861710
1789565400,2026-09-16 09:30,66.41,66.58,65.29,65.72,17607504
1789651800,2026-09-17 09:30,66.78,67.075,66.705,66.91,18612264
1789738200,2026-09-18 09:30,66.835,67.065,66.565,67.03,19432097
1789997400,2026-09-21 09:30,68.29,68.93,68.13,68.83,21980072
1790083800,2026-09-22 09:30,68.53,69.23,68.495,69.1,20106737
1790170200,2026-09-23 09:30,68.48,68.53,67.534,67.71,23853648
1790256600,2026-09-24 09:30,67.57,67.69,66.99,67.25,18070048
1790343000,2026-09-25 09:30,67.79,68.17,67.485,67.98,19753821
1790602200,2026-09-28 09:30,67.17,67.465,66.5,67.2,23108082
1790688600,2026-09-29 09:30,67.26,67.44,66.95,67.4,12982541
1790775000,2026-09-30 09:30,67.12,67.155,66.59,66.79,21443423
1790861400,2026-10-01 09:30,66.72,67.01,66.16,66.81,18928517
1790947800,2026-10-02 09:30,67.6,67.875,67.205,67.67,18359431
1791207000,2026-10-05 09:30,68.45,68.875,68.3584,68.73,16444682
1791293400,2026-10-06 09:30,68.75,68.76,68.25,68.27,14503226
