t,et,o,h,l,c,v
1163773800,2006-11-17 09:30,29.381575,29.381575,29.22732,29.22732,12762140
1164033000,2006-11-20 09:30,29.308515,29.470881,29.276032,29.41405,13281557
1164119400,2006-11-21 09:30,29.430288,29.430288,29.300388,29.365338,4278147
1164205800,2006-11-22 09:30,29.365338,29.470881,29.284159,29.397821,2485496
1164378600,2006-11-24 09:30,29.22732,29.349092,29.186727,29.251676,2505819
1164637800,2006-11-27 09:30,29.259787,29.259787,28.788918,28.797029,9620382
1164724200,2006-11-28 09:30,28.853852,28.90258,28.659011,28.845741,8993560
1164810600,2006-11-29 09:30,28.943157,29.113658,28.861978,29.024352,5154150
1164897000,2006-11-30 09:30,28.935047,29.113658,28.829496,28.967513,4430881
1164983400,2006-12-01 09:30,28.951284,29.04059,28.60218,28.797029,10393534
1165242600,2006-12-04 09:30,28.90258,29.251676,28.886335,29.202964,8238387
1165329000,2006-12-05 09:30,29.22732,29.357219,29.121777,29.340982,10043850
1165415400,2006-12-06 09:30,29.324744,29.422177,29.308515,29.381575,3269488
1165501800,2006-12-07 09:30,29.438398,29.560187,29.259787,29.308515,5471690
1165588200,2006-12-08 09:30,29.243557,29.462754,29.202964,29.397821,6417157
1165847400,2006-12-11 09:30,29.462754,29.617018,29.446525,29.560187,10907289
1165933800,2006-12-12 09:30,29.470881,29.633255,29.430288,29.584543,7819727
1166020200,2006-12-13 09:30,29.633255,29.738798,29.568305,29.617018,4948575
1166106600,2006-12-14 09:30,29.625144,29.868689,29.576416,29.868689,7149788
1166193000,2006-12-15 09:30,29.819985,29.836222,29.657611,29.71445,8297636
1166452200,2006-12-18 09:30,29.803756,29.925528,29.763154,29.860579,6475174
1166538600,2006-12-19 09:30,29.763154,29.909291,29.690094,29.836222,13323316
1166625000,2006-12-20 09:30,29.868689,29.941766,29.746917,29.933647,5204160
1166711400,2006-12-21 09:30,29.957995,29.990478,29.779383,29.803756,9409141
1166797800,2006-12-22 09:30,29.795629,29.803756,29.576416,29.657611,4099547
1167143400,2006-12-26 09:30,29.71445,29.925528,29.698205,29.925528,5113503
1167229800,2006-12-27 09:30,30.014834,30.152852,29.998596,30.136614,5214504
1167316200,2006-12-28 09:30,30.071657,30.152852,29.949884,29.998596,8435338
1167402600,2006-12-29 09:30,29.966122,30.03919,29.811866,29.828112,4285784
1167834600,2007-01-03 09:30,30.006723,30.193445,29.746917,29.97424,9370587
1167921000,2007-01-04 09:30,29.957995,29.97424,29.738798,29.876816,6650205
1168007400,2007-01-05 09:30,29.795629,29.860579,29.584543,29.625144,7982063
1168266600,2007-01-08 09:30,29.649492,29.795629,29.454644,29.771273,4429896
1168353000,2007-01-09 09:30,29.771273,29.893062,29.560187,29.722561,6000835
1168439400,2007-01-10 09:30,29.576416,29.844333,29.55206,29.819985,3616588
1168525800,2007-01-11 09:30,29.828112,30.006723,29.803756,30.006723,4678088
1168612200,2007-01-12 09:30,29.893062,30.071657,29.893062,30.03919,8133201
1168957800,2007-01-16 09:30,30.03919,30.120385,29.998596,30.120385,5318956
1169044200,2007-01-17 09:30,30.079783,30.169089,29.957995,30.03919,4930592
1169130600,2007-01-18 09:30,30.096029,30.120385,29.901172,29.917418,5031963
1169217000,2007-01-19 09:30,29.957995,30.031079,29.893062,30.006723,4205353
1169476200,2007-01-22 09:30,30.03919,30.071657,29.901172,29.982351,5731954
1169562600,2007-01-23 09:30,29.884935,30.022953,29.836222,29.966122,7709236
1169649000,2007-01-24 09:30,29.957995,30.274624,29.925528,30.274624,5151931
1169735400,2007-01-25 09:30,30.282751,30.298997,29.795629,29.836222,15356767
1169821800,2007-01-26 09:30,29.85246,29.97424,29.673848,29.893062,11199698
1170081000,2007-01-29 09:30,29.876816,29.933647,29.706323,29.746917,13651445
1170167400,2007-01-30 09:30,29.763154,29.909291,29.730679,29.860579,7692243
1170253800,2007-01-31 09:30,29.860579,30.177208,29.771273,30.10414,15298141
1170340200,2007-02-01 09:30,30.185318,30.315226,30.160962,30.298997,18414894
1170426600,2007-02-02 09:30,30.307107,30.396413,30.274624,30.355819,7708991
1170685800,2007-02-05 09:30,30.380175,30.404532,30.22592,30.347701,5312797
1170772200,2007-02-06 09:30,30.380175,30.510075,30.339582,30.485718,9900599
1170858600,2007-02-07 09:30,30.510075,30.648092,30.485718,30.59938,5619742
1170945000,2007-02-08 09:30,30.518193,30.534431,30.339582,30.501964,6933250
1171031400,2007-02-09 09:30,30.453236,30.607499,29.998596,30.177208,21992683
1171290600,2007-02-12 09:30,30.22592,30.258395,30.022953,30.10414,11943376
1171377000,2007-02-13 09:30,30.144733,30.388286,30.120385,30.323353,12944839
1171463400,2007-02-14 09:30,30.380175,30.696805,30.36393,30.615626,12219936
1171549800,2007-02-15 09:30,30.648092,30.713042,30.566897,30.66433,12013993
1171636200,2007-02-16 09:30,30.575024,30.66433,30.534431,30.656203,6768815
1171981800,2007-02-20 09:30,30.607499,30.842949,29.933647,30.818593,6512497
1172068200,2007-02-21 09:30,30.688686,30.769865,30.623736,30.688686,5234338
1172154600,2007-02-22 09:30,30.761754,30.810467,30.542549,30.566897,11649403
1172241000,2007-02-23 09:30,30.583143,30.59938,30.201564,30.282751,20246468
1172500200,2007-02-26 09:30,30.420769,30.461362,29.941766,30.063546,21972542
1172586600,2007-02-27 09:30,29.698205,29.868689,28.3505,28.659011,40894606
1172673000,2007-02-28 09:30,28.991886,29.373448,28.853852,29.186727,26696884
1172759400,2007-03-01 09:30,28.821385,29.267913,28.577824,29.154252,32222873
1172845800,2007-03-02 09:30,29.121777,29.219209,28.821385,28.821385,15167578
1173105000,2007-03-05 09:30,28.553468,28.894453,28.033871,28.366738,21421045
1173191400,2007-03-06 09:30,28.66713,29.048709,28.594061,28.959403,23829687
1173277800,2007-03-07 09:30,28.935047,29.048709,28.756435,28.788918,14018499
1173364200,2007-03-08 09:30,29.373448,29.373448,28.967513,29.048709,24361161
1173450600,2007-03-09 09:30,29.235431,29.276032,28.983759,29.121777,11768264
1173706200,2007-03-12 09:30,29.024352,29.22732,28.918809,29.121777,17753087
1173792600,2007-03-13 09:30,28.886335,28.918809,28.09071,28.253076,55864116
1173879000,2007-03-14 09:30,28.253076,28.447917,27.749708,28.318026,49924997
1173965400,2007-03-15 09:30,28.3505,28.797029,28.334255,28.659011,38843795
1174051800,2007-03-16 09:30,28.626528,28.66713,28.236839,28.431687,23636927
1174311000,2007-03-19 09:30,28.618417,28.74019,28.447917,28.618417,19659826
1174397400,2007-03-20 09:30,28.634655,28.926928,28.610307,28.878224,21942724
1174483800,2007-03-21 09:30,28.90258,29.698205,28.853852,29.535831,41203838
1174570200,2007-03-22 09:30,29.600788,29.633255,29.300388,29.357219,20910401
1174656600,2007-03-23 09:30,29.308515,29.503356,29.276032,29.389694,15024698
1174915800,2007-03-26 09:30,29.349092,29.470881,29.032463,29.243557,20603297
1175002200,2007-03-27 09:30,29.202964,29.219209,29.024352,29.064946,7704561
1175088600,2007-03-28 09:30,28.90258,29.048709,28.60218,28.699613,21512429
1175175000,2007-03-29 09:30,28.910691,29.064946,28.691486,28.845741,17227184
1175261400,2007-03-30 09:30,28.951284,29.073065,28.594061,28.926928,14564826
1175520600,2007-04-02 09:30,28.90258,28.90258,28.512874,28.659011,14569614
1175607000,2007-04-03 09:30,28.910691,29.105548,28.853852,29.016242,16621940
1175693400,2007-04-04 09:30,29.008115,29.121777,28.926928,29.016242,14408094
1175779800,2007-04-05 09:30,29.008115,29.097421,28.910691,29.032463,6653774
1176125400,2007-04-09 09:30,29.105548,29.113658,28.959403,29.024352,7641761
1176211800,2007-04-10 09:30,29.024352,29.16237,29.024352,29.154252,12001416
1176298200,2007-04-11 09:30,29.146125,29.146125,28.821385,28.910691,13691418
1176384600,2007-04-12 09:30,28.861978,28.926928,28.683367,28.861978,12347651
1176471000,2007-04-13 09:30,28.90258,29.073065,28.878224,28.983759,19045541
1176730200,2007-04-16 09:30,29.243557,29.698205,29.243557,29.690094,39942512
1176816600,2007-04-17 09:30,29.690094,29.828112,29.584543,29.681967,15470505
1176903000,2007-04-18 09:30,29.795629,30.128496,29.722561,30.022953,31130777
1176989400,2007-04-19 09:30,29.917418,30.055427,29.755027,29.982351,17758909
1177075800,2007-04-20 09:30,30.160962,30.234047,30.022953,30.136614,21008841
1177335000,2007-04-23 09:30,30.136614,30.258395,30.022953,30.055427,11679633
1177421400,2007-04-24 09:30,30.079783,30.10414,29.763154,29.966122,15716200
1177507800,2007-04-25 09:30,30.055427,30.388286,30.006723,30.372057,20039803
1177594200,2007-04-26 09:30,30.323353,30.388286,30.152852,30.323353,9489877
1177680600,2007-04-27 09:30,30.209691,30.315226,30.096029,30.282751,11870276
1177939800,2007-04-30 09:30,30.274624,30.36393,30.014834,30.047301,18625571
1178026200,2007-05-01 09:30,30.03919,30.201564,29.85246,30.10414,14064983
1178112600,2007-05-02 09:30,30.160962,30.339582,30.047301,30.234047,10992576
1178199000,2007-05-03 09:30,30.412658,30.518193,30.274624,30.518193,12612500
1178285400,2007-05-04 09:30,30.583143,30.648092,30.493837,30.623736,10921429
1178544600,2007-05-07 09:30,30.648092,30.737398,30.583143,30.66433,5845811
1178631000,2007-05-08 09:30,30.591253,30.623736,30.461362,30.59938,7472871
1178717400,2007-05-09 09:30,30.623736,30.794221,30.52632,30.761754,14581397
1178803800,2007-05-10 09:30,30.615626,30.729288,30.323353,30.323353,15895820
1178890200,2007-05-11 09:30,30.453236,30.648092,30.453236,30.648092,16821981
1179149400,2007-05-14 09:30,30.672449,30.688686,30.339582,30.501964,37236897
1179235800,2007-05-15 09:30,30.534431,30.696805,30.36393,30.428888,20253242
1179322200,2007-05-16 09:30,30.575024,30.777992,30.477592,30.777992,19647051
1179408600,2007-05-17 09:30,30.672449,30.696805,30.558787,30.623736,7518324
1179495000,2007-05-18 09:30,30.769865,30.769865,30.623736,30.704932,12369240
1179754200,2007-05-21 09:30,30.721161,30.802348,30.623736,30.737398,16405966
1179840600,2007-05-22 09:30,30.769865,30.85106,30.639982,30.761754,15248092
1179927000,2007-05-23 09:30,30.713042,30.932255,30.696805,30.737398,20119148
1180013400,2007-05-24 09:30,30.794221,30.85106,30.355819,30.461362,24819855
1180099800,2007-05-25 09:30,30.445125,30.558787,30.372057,30.518193,11262482
1180445400,2007-05-29 09:30,30.583143,30.66433,30.485718,30.648092,9935752
1180531800,2007-05-30 09:30,30.461362,30.859171,30.461362,30.859171,16642520
1180618200,2007-05-31 09:30,30.940366,30.972832,30.688686,30.769865,13729390
1180704600,2007-06-01 09:30,30.818593,30.924128,30.753636,30.867297,8896522
1180963800,2007-06-04 09:30,30.769865,30.826704,30.729288,30.826704,12320072
1181050200,2007-06-05 09:30,30.672449,30.753636,30.558787,30.639982,17926477
1181136600,2007-06-06 09:30,30.52632,30.528585,30.307107,30.380175,18763226
1181223000,2007-06-07 09:30,30.266514,30.412658,29.78751,29.868689,31747447
1181309400,2007-06-08 09:30,29.901172,30.22592,29.811866,30.217801,22678133
1181568600,2007-06-11 09:30,30.201564,30.428888,30.047301,30.355819,24488669
1181655000,2007-06-12 09:30,30.152852,30.404532,29.876816,29.941766,25860337
1181741400,2007-06-13 09:30,30.047301,30.52632,30.047301,30.510075,15422294
1181827800,2007-06-14 09:30,30.428888,30.623736,30.404532,30.461362,23031135
1181914200,2007-06-15 09:30,30.615626,30.615626,30.380175,30.404532,11829725
1182173400,2007-06-18 09:30,30.493837,30.575024,30.323353,30.396413,9996611
1182259800,2007-06-19 09:30,30.282751,30.52632,30.242157,30.52632,10076852
1182346200,2007-06-20 09:30,30.518193,30.591253,29.876816,29.990478,25602995
1182432600,2007-06-21 09:30,29.957995,30.079783,29.633255,30.03919,47183967.00000001
1182519000,2007-06-22 09:30,29.949884,29.949884,29.470881,29.657611,47424912.00000001
1182778200,2007-06-25 09:30,29.503356,29.795629,29.219209,29.422177,40586517
1182864600,2007-06-26 09:30,29.446525,29.584543,29.146125,29.146125,36638989
1182951000,2007-06-27 09:30,29.146125,29.584543,29.064946,29.584543,36702132
1183037400,2007-06-28 09:30,29.584543,29.746917,29.357219,29.535831,32578989
1183123800,2007-06-29 09:30,29.568305,29.71445,29.064946,29.373448,37331986
1183383000,2007-07-02 09:30,29.78751,29.811866,29.381575,29.625144,18325743
1183469400,2007-07-03 09:30,29.730679,29.909291,29.730679,29.884935,18109517
1183642200,2007-07-05 09:30,29.633255,29.836222,29.568305,29.633255,24885895
1183728600,2007-07-06 09:30,29.633255,29.78751,29.511483,29.779383,16092588
1183987800,2007-07-09 09:30,29.755027,29.795629,29.600788,29.657611,19674818
1184074200,2007-07-10 09:30,29.454644,29.487127,28.90258,29.032463,52157828
1184160600,2007-07-11 09:30,28.918809,29.235431,28.853852,29.129896,55055374.99999999
1184247000,2007-07-12 09:30,29.267913,29.771273,29.243557,29.665722,40834951
1184333400,2007-07-13 09:30,29.755027,29.876816,29.617018,29.779383,26318873
1184592600,2007-07-16 09:30,29.706323,29.982351,29.641366,29.673848,29989274
1184679000,2007-07-17 09:30,29.673848,29.917418,29.673848,29.771273,34975806
1184765400,2007-07-18 09:30,29.470881,30.031079,29.04059,29.389694,62446943
1184851800,2007-07-19 09:30,29.479,29.633255,29.170481,29.29227,40456979
1184938200,2007-07-20 09:30,29.324744,29.357219,28.642774,28.780792,86494300
1185197400,2007-07-23 09:30,28.74019,29.048709,28.642774,28.764546,44616008.99999999
1185283800,2007-07-24 09:30,28.334255,28.553468,27.830904,28.041982,94863483
1185370200,2007-07-25 09:30,28.204372,28.399213,27.806547,28.171889,91859080
1185456600,2007-07-26 09:30,27.684775,27.85526,27.067746,27.506156,105550848.99999999
1185543000,2007-07-27 09:30,27.424969,27.774081,27.067746,27.075873,95862026.99999999
1185802200,2007-07-30 09:30,27.368146,27.619817,26.79171,27.587343,103199398
1185888600,2007-07-31 09:30,27.839014,30.242157,26.710515,26.710515,121943324.99999999
1185975000,2007-08-01 09:30,26.864778,27.181408,26.393886,27.010915,123161570
1186061400,2007-08-02 09:30,27.319417,27.522385,26.945965,27.189534,81056996
1186147800,2007-08-03 09:30,26.954084,27.205756,25.996077,26.028552,165968758
1186407000,2007-08-06 09:30,26.134095,27.400612,25.947373,27.360019,141456913
1186493400,2007-08-07 09:30,27.222001,27.936447,27.092102,27.554868,144205589
1186579800,2007-08-08 09:30,27.757835,28.569705,27.619817,28.212482,135140867
1186666200,2007-08-09 09:30,27.400612,27.960803,26.905372,27.197645,124440868
1186752600,2007-08-10 09:30,26.759243,27.522385,26.669938,27.075873,95010521
1187011800,2007-08-13 09:30,27.709123,27.709123,26.54003,26.832303,71000155
1187098200,2007-08-14 09:30,27.010915,27.035271,26.239647,26.361419,87651353
1187184600,2007-08-15 09:30,26.142214,26.881016,25.947373,26.125968,100526557
1187271000,2007-08-16 09:30,25.931128,29.917418,25.582016,26.913482,201654984
1187357400,2007-08-17 09:30,28.723961,28.732079,27.303188,28.009515,218091802.00000003
1187616600,2007-08-20 09:30,28.09071,28.115058,27.262595,27.636047,108981506
1187703000,2007-08-21 09:30,27.465562,28.066354,27.465562,27.830904,58700038
1187789400,2007-08-22 09:30,28.001404,28.244949,27.652292,27.903972,86261810
1187875800,2007-08-23 09:30,28.212482,28.253076,27.76515,27.944565,63157067
1187962200,2007-08-24 09:30,27.879616,28.180016,27.684775,28.041982,43548843.99999999
1188221400,2007-08-27 09:30,27.977048,28.001404,27.676648,27.717242,24230460
1188307800,2007-08-28 09:30,27.441206,27.465562,26.799821,26.889134,76739497
1188394200,2007-08-29 09:30,27.035271,27.360019,26.678048,27.213882,61876034
1188480600,2007-08-30 09:30,26.885083,27.270713,26.864778,27.04339,58470522.99999999
1188567000,2007-08-31 09:30,27.595469,27.60358,27.140806,27.400612,68206978
1188912600,2007-09-04 09:30,27.473681,27.92832,27.327544,27.611691,45038737
1188999000,2007-09-05 09:30,27.562987,27.579224,27.11645,27.27884,55608291
1189085400,2007-09-06 09:30,27.270713,27.53863,26.905372,27.075873,39250638
1189171800,2007-09-07 09:30,26.79171,27.067746,26.637455,26.799821,92869942
1189431000,2007-09-10 09:30,26.864778,27.027964,26.426368,26.710515,73798770
1189517400,2007-09-11 09:30,26.848549,27.189534,26.824177,26.986567,62391013
1189603800,2007-09-12 09:30,27.035271,27.189534,26.85666,27.04339,40105928
1189690200,2007-09-13 09:30,27.213882,27.522385,27.189534,27.489918,67155421
1189776600,2007-09-14 09:30,27.189534,27.587343,27.157052,27.587343,37355891
1190035800,2007-09-17 09:30,27.360019,27.360019,27.092102,27.327544,50534573
1190122200,2007-09-18 09:30,27.506156,28.496645,27.238238,28.358611,170993129
1190208600,2007-09-19 09:30,28.675257,28.959403,28.456043,28.537222,92118590
1190295000,2007-09-20 09:30,28.618417,28.650884,28.050108,28.188126,79724113
1190381400,2007-09-21 09:30,28.285551,28.285551,27.774081,28.09071,66623671
1190640600,2007-09-24 09:30,28.131287,28.131287,27.587343,27.701004,61015305
1190727000,2007-09-25 09:30,27.554868,27.660419,27.343773,27.644173,44206900
1190813400,2007-09-26 09:30,27.717242,27.895853,27.498037,27.652292,65173429
1190899800,2007-09-27 09:30,27.774081,27.993278,27.692886,27.977048,44098015
1190986200,2007-09-28 09:30,27.782191,28.041982,27.733479,27.863387,37899663
1191245400,2007-10-01 09:30,27.709123,28.456043,27.684775,28.391094,61748979
1191331800,2007-10-02 09:30,28.537222,28.764546,28.456043,28.715842,36324455
1191418200,2007-10-03 09:30,28.553468,28.821385,28.512874,28.650884,52117210
1191504600,2007-10-04 09:30,28.748317,28.861978,28.626528,28.821385,37435806
1191591000,2007-10-05 09:30,28.90258,29.202964,28.861978,29.138014,48811913
1191850200,2007-10-08 09:30,29.097421,29.097421,28.618417,28.74019,25853774
1191936600,2007-10-09 09:30,28.878224,29.089302,28.675257,28.983759,39644514
1192023000,2007-10-10 09:30,28.926928,29.016242,28.66713,28.821385,40219443
1192109400,2007-10-11 09:30,29.146125,29.146125,28.585951,28.66713,77531013
1192195800,2007-10-12 09:30,28.561578,28.861978,28.561578,28.853852,41238740
1192455000,2007-10-15 09:30,28.74019,28.748317,27.968922,28.269322,94926921
1192541400,2007-10-16 09:30,28.082583,28.115058,27.60358,27.741598,83536999
1192627800,2007-10-17 09:30,27.968922,28.074465,27.222001,27.725352,91606725
1192714200,2007-10-18 09:30,27.157052,27.457452,27.11645,27.376256,88920640
1192800600,2007-10-19 09:30,27.230112,27.384375,26.426368,26.46697,110448638
1193059800,2007-10-22 09:30,26.199045,26.954084,26.199045,26.79171,80657031
1193146200,2007-10-23 09:30,27.092102,27.092102,26.637455,26.937838,60839828.99999999
1193232600,2007-10-24 09:30,26.872905,26.905372,26.061035,26.734871,128791949
1193319000,2007-10-25 09:30,26.767354,26.970321,26.125968,26.710515,96872809.00000001
1193405400,2007-10-26 09:30,27.213882,27.360019,26.596853,27.360019,97517385
1193664600,2007-10-29 09:30,27.368146,27.441206,27.108339,27.441206,47012334
1193751000,2007-10-30 09:30,27.311307,27.311307,26.994677,27.019034,35145784
1193837400,2007-10-31 09:30,27.124577,27.514274,26.872905,27.384375,104633894
1193923800,2007-11-01 09:30,26.588743,27.157052,25.97984,25.97984,112438650.99999999
1194010200,2007-11-02 09:30,26.036679,26.093502,25.159859,25.849941,196625765
1194273000,2007-11-05 09:30,25.135503,25.622617,24.932536,25.387175,124973052
1194359400,2007-11-06 09:30,25.49271,25.817466,25.127376,25.817466,101415093
1194445800,2007-11-07 09:30,25.330344,25.435887,24.404812,24.404812,125426031.00000001
1194532200,2007-11-08 09:30,24.762035,24.778272,23.779664,24.656492,146104908
1194618600,2007-11-09 09:30,24.153132,25.16797,23.909572,24.469762,165321502.00000003
1194877800,2007-11-12 09:30,24.648373,25.314098,24.502228,24.559067,134177658
1194964200,2007-11-13 09:30,25.111131,25.858068,24.98124,25.711923,161914237
1195050600,2007-11-14 09:30,26.255876,26.377664,25.598261,25.614499,118796181
1195137000,2007-11-15 09:30,25.362827,25.598261,24.404812,24.965002,134508214
1195223400,2007-11-16 09:30,24.965002,25.086775,24.445406,24.770146,100718942
1195482600,2007-11-19 09:30,24.445406,24.518474,23.820266,24.10442,168274014
1195569000,2007-11-20 09:30,23.666002,24.234328,23.097701,23.576697,180045751
1195655400,2007-11-21 09:30,23.251957,23.60918,22.935328,23.211363,134890738
1195828200,2007-11-23 09:30,23.422458,23.925809,23.422458,23.763435,88477672.00000001
1196087400,2007-11-26 09:30,23.86897,23.86897,22.813555,22.967794,127808796
1196173800,2007-11-27 09:30,23.21949,23.519874,22.927217,23.381856,122950265
1196260200,2007-11-28 09:30,23.950165,24.778272,23.860859,24.778272,205360147.99999997
1196346600,2007-11-29 09:30,24.599661,24.762035,24.177489,24.559067,107154160.00000001
1196433000,2007-11-30 09:30,25.460243,25.720033,25.021842,25.16797,145074635
1196692200,2007-12-03 09:30,25.038071,25.151733,24.770146,24.965002,72612235
1196778600,2007-12-04 09:30,24.559067,24.68084,24.396693,24.502228,75441417
1196865000,2007-12-05 09:30,24.883807,25.086775,24.591534,24.867578,107125603
1196951400,2007-12-06 09:30,24.908163,25.671329,24.84323,25.671329,122173116
1197037800,2007-12-07 09:30,25.720033,25.776872,25.330344,25.330344,100441794
1197297000,2007-12-10 09:30,25.606372,26.052908,25.403404,25.866178,97804998
1197383400,2007-12-11 09:30,25.91489,26.093502,24.550957,24.559067,168416519
1197469800,2007-12-12 09:30,25.387175,25.452133,23.909572,24.372337,175993614
1197556200,2007-12-13 09:30,24.10442,24.388567,23.682248,24.364211,167688482
1197642600,2007-12-14 09:30,24.039471,24.453524,23.820266,23.828393,86586374
1197901800,2007-12-17 09:30,23.706604,24.03136,23.560467,23.576697,85765729.99999999
1197988200,2007-12-18 09:30,23.925809,23.958276,23.195134,23.592942,103553977
1198074600,2007-12-19 09:30,23.722841,24.10442,23.47928,23.73096,135714929
1198161000,2007-12-20 09:30,23.942054,24.088183,23.21949,23.560467,121023454
1198247400,2007-12-21 09:30,23.666002,23.828393,23.414331,23.779664,83202818
1198506600,2007-12-24 09:30,23.885215,24.250557,23.86897,24.209972,54014913
1198679400,2007-12-26 09:30,24.16937,24.177489,23.877097,24.039471,29027149
1198765800,2007-12-27 09:30,23.974521,23.974521,23.536119,23.552341,44500227
1198852200,2007-12-28 09:30,23.787791,23.787791,23.325025,23.495518,39865929
1199111400,2007-12-31 09:30,23.422458,23.812147,23.251957,23.487391,61093760.99999999
1199284200,2008-01-02 09:30,23.60918,23.682248,22.998653,23.024633,80493418
1199370600,2008-01-03 09:30,23.122058,23.243757,22.862259,22.878488,55324680
1199457000,2008-01-04 09:30,22.659292,22.678785,22.188407,22.229001,93377865
1199716200,2008-01-07 09:30,22.391375,22.594342,21.977329,22.285831,112083914
1199802600,2008-01-08 09:30,22.440087,22.586232,21.473961,21.473961,148622474
1199889000,2008-01-09 09:30,21.59575,21.969202,21.035552,21.879896,164205560
1199975400,2008-01-10 09:30,21.660683,22.748597,21.457716,22.253357,275527717
1200061800,2008-01-11 09:30,22.139695,22.821666,21.92049,22.326425,224740335.00000003
1200321000,2008-01-14 09:30,22.602461,22.651165,22.24523,22.634936,108332772.00000001
1200407400,2008-01-15 09:30,22.212763,22.24523,21.701285,21.701285,141940911
1200493800,2008-01-16 09:30,21.831184,22.488799,21.620098,22.066618,176390466
1200580200,2008-01-17 09:30,22.10722,22.115347,20.930009,20.946246,208527237
1200666600,2008-01-18 09:30,21.10862,21.270994,20.272394,20.702685,220429221
1201012200,2008-01-22 09:30,19.655381,21.644454,19.574186,21.149214,314548132
1201098600,2008-01-23 09:30,20.589023,22.651165,20.467251,22.651165,302089920
1201185000,2008-01-24 09:30,22.651165,22.870378,22.358892,22.659292,197429775
1201271400,2008-01-25 09:30,23.048989,23.065227,21.92049,22.066618,166294781
1201530600,2008-01-28 09:30,22.188407,23.536119,21.863651,22.854132,113368219
1201617000,2008-01-29 09:30,23.024633,23.21949,22.626817,23.203245,124450032
1201703400,2008-01-30 09:30,22.975921,23.804037,22.73236,22.73236,263843580
1201789800,2008-01-31 09:30,22.383264,24.299261,22.293958,23.657892,224010228
1201876200,2008-02-01 09:30,23.54423,24.096293,23.454924,24.096293,163008934
1202135400,2008-02-04 09:30,23.836503,23.942054,23.284423,23.398102,93417438.00000001
1202221800,2008-02-05 09:30,22.878488,22.992167,22.293958,22.448197,154548151
1202308200,2008-02-06 09:30,22.561859,22.683648,22.042262,22.188407,129205414
1202394600,2008-02-07 09:30,21.977329,22.683648,21.92049,22.391375,159170271
1202481000,2008-02-08 09:30,22.310188,22.375137,21.709412,22.017914,128552916
1202740200,2008-02-11 09:30,21.977329,21.977329,21.335944,21.530792,134980349
1202826600,2008-02-12 09:30,21.782472,22.164051,21.547022,22.123457,189444201.00000003
1202913000,2008-02-13 09:30,22.050389,22.10722,21.563267,22.042262,106412977
1202999400,2008-02-14 09:30,21.952957,22.099101,21.441487,21.441487,128104095
1203085800,2008-02-15 09:30,21.482088,21.782472,21.246638,21.782472,125276903
1203431400,2008-02-19 09:30,22.050389,22.123457,21.404961,21.749989,117508803
1203517800,2008-02-20 09:30,21.335944,22.001685,21.262875,22.001685,145578794
1203604200,2008-02-21 09:30,21.969202,22.139695,21.522666,21.611979,93123519
1203690600,2008-02-22 09:30,21.66881,22.082864,21.181688,22.082864,137777979
1203949800,2008-02-25 09:30,21.831184,22.277713,21.530792,22.082864,184671260
1204036200,2008-02-26 09:30,21.993558,22.610588,21.928601,22.277713,127634049
1204122600,2008-02-27 09:30,22.034152,22.659292,21.92049,22.375137,121480493
1204209000,2008-02-28 09:30,22.17217,22.188407,21.676929,21.676929,109460421.00000001
1204295400,2008-02-29 09:30,21.392783,21.417131,20.791991,20.970602,172461264.99999997
1204554600,2008-03-03 09:30,20.840703,20.873186,20.394174,20.686448,136288223
1204641000,2008-03-04 09:30,20.329217,20.629617,19.955765,20.572786,200790845
1204727400,2008-03-05 09:30,20.637735,20.873186,20.150622,20.410412,225170827
1204813800,2008-03-06 09:30,20.077545,20.215555,19.566075,19.704085,172326623
1204900200,2008-03-07 09:30,19.379337,20.174978,19.322506,19.744687,245495421
1205155800,2008-03-10 09:30,19.793391,19.898926,19.078945,19.184488,208729456
1205242200,2008-03-11 09:30,20.053189,20.564667,19.509236,20.442878,280520359
1205328600,2008-03-12 09:30,20.491607,21.035552,19.931409,20.101893,210995671
1205415000,2008-03-13 09:30,19.574186,20.913763,19.030233,20.053189,258947782
1205501400,2008-03-14 09:30,20.248038,20.377945,19.095182,19.48488,313631808
1205760600,2008-03-17 09:30,18.096574,19.322506,18.096574,19.038351,261446487
1205847000,2008-03-18 09:30,20.012587,20.735152,19.655381,20.637735,343895530
1205933400,2008-03-19 09:30,20.905653,21.189815,20.093783,20.093783,267078325
1206019800,2008-03-20 09:30,20.248038,21.538911,20.2318,21.368427,274312784
1206365400,2008-03-24 09:30,21.603861,22.220882,21.555148,21.644454,182755012
1206451800,2008-03-25 09:30,21.59575,21.798718,21.157332,21.579505,156322741
1206538200,2008-03-26 09:30,21.254748,21.335944,20.718922,20.800109,158308753
1206624600,2008-03-27 09:30,21.003077,21.035552,20.394174,20.475361,151398465
1206711000,2008-03-28 09:30,20.524074,20.637735,19.931409,20.012587,109152411
1206970200,2008-03-31 09:30,19.947654,20.540311,19.817747,20.191207,108322228
1207056600,2008-04-01 09:30,20.913763,21.693166,20.85694,21.611979,206248842
1207143000,2008-04-02 09:30,21.758116,22.058508,21.43336,21.59575,157710667
1207229400,2008-04-03 09:30,21.352181,21.798718,21.254748,21.693166,121485577
1207315800,2008-04-04 09:30,21.652573,21.701285,21.246638,21.400893,109694823
1207575000,2008-04-07 09:30,21.725633,21.904253,21.449605,21.530792,121471644
1207661400,2008-04-08 09:30,21.335944,21.506444,21.084264,21.287231,111112153
1207747800,2008-04-09 09:30,21.352181,21.352181,20.775753,20.930009,120966637.00000001
1207834200,2008-04-10 09:30,20.743279,21.092383,20.556557,20.800109,135534782
1207920600,2008-04-11 09:30,20.394174,20.865059,20.345462,20.402293,113601399
1208179800,2008-04-14 09:30,20.272394,20.29675,19.80962,19.923282,123065811
1208266200,2008-04-15 09:30,20.11002,20.321106,19.785272,20.126249,115203567
1208352600,2008-04-16 09:30,20.524074,20.775753,20.386056,20.670218,138224021
1208439000,2008-04-17 09:30,20.515955,21.141087,20.48348,21.027425,155259694
1208525400,2008-04-18 09:30,21.697234,21.831184,21.335944,21.490199,155131594
1208784600,2008-04-21 09:30,21.262875,21.270994,20.954365,21.157332,80731683
1208871000,2008-04-22 09:30,21.003077,21.059908,20.743279,20.865059,103609730
1208957400,2008-04-23 09:30,20.913763,21.051781,20.580913,20.727041,100916629
1209043800,2008-04-24 09:30,20.808228,21.620098,20.800109,21.473961,151706021
1209130200,2008-04-25 09:30,21.709412,21.936727,21.246638,21.879896,102618951
1209389400,2008-04-28 09:30,21.896134,22.050389,21.676929,21.936727,94386579
1209475800,2008-04-29 09:30,21.839295,21.961083,21.59575,21.66881,79226950
1209562200,2008-04-30 09:30,21.693166,21.961083,21.449605,21.603861,106348533
1209648600,2008-05-01 09:30,21.547022,22.423849,21.473961,22.342662,125977075
1209735000,2008-05-02 09:30,22.781072,22.870378,22.253357,22.496926,121317136.00000001
1209994200,2008-05-05 09:30,22.326425,22.383264,22.026033,22.10722,78788850
1210080600,2008-05-06 09:30,21.798718,22.358892,21.04367,22.342662,124644566
1210167000,2008-05-07 09:30,22.367018,22.367018,21.449605,21.538911,119069328
1210253400,2008-05-08 09:30,21.628217,21.628217,21.019314,21.100509,166681246
1210339800,2008-05-09 09:30,20.970602,21.449605,20.92189,21.100509,142152768
1210599000,2008-05-12 09:30,21.124857,21.417131,21.04367,21.352181,83452395
1210685400,2008-05-13 09:30,21.425249,21.441487,21.019314,21.157332,92769394
1210771800,2008-05-14 09:30,21.262875,21.409012,21.149214,21.303477,80154586
1210858200,2008-05-15 09:30,21.287231,21.59575,21.10862,21.514555,90153663.99999999
1210944600,2008-05-16 09:30,21.579505,21.579505,21.124857,21.425249,64599642
1211203800,2008-05-19 09:30,21.303477,21.555148,21.051781,21.222282,85775584
1211290200,2008-05-20 09:30,21.003077,21.011196,20.605261,20.727041,97250939
1211376600,2008-05-21 09:30,20.670218,20.800109,20.085672,20.199326,133511365
1211463000,2008-05-22 09:30,20.061316,20.515955,20.061316,20.312987,81777092
1211549400,2008-05-23 09:30,20.223682,20.2318,19.915171,20.012587,89089928
1211895000,2008-05-27 09:30,19.915171,20.215555,19.907052,20.118139,83716831
1211981400,2008-05-28 09:30,20.280513,20.29675,19.720314,20.004477,139138354
1212067800,2008-05-29 09:30,19.955765,20.451005,19.955765,20.3617,96740079
1212154200,2008-05-30 09:30,20.475361,20.499718,19.931409,20.101893,79072403
1212413400,2008-06-02 09:30,20.053189,20.053189,19.606652,19.801509,104725278
1212499800,2008-06-03 09:30,19.963883,20.020714,19.436168,19.73656,151590535
1212586200,2008-06-04 09:30,19.622898,19.97201,19.379337,19.614779,169160697.99999997
1212672600,2008-06-05 09:30,19.695958,20.004477,19.647254,20.004477,138094226
1212759000,2008-06-06 09:30,19.752797,19.760916,18.932817,18.940927,192733516
1213018200,2008-06-09 09:30,19.046478,19.16014,18.356381,18.681121,210267969
1213104600,2008-06-10 09:30,18.453805,18.981521,18.380737,18.73796,217476788
1213191000,2008-06-11 09:30,18.811028,18.843511,18.129057,18.194007,214704856
1213277400,2008-06-12 09:30,18.340143,18.819138,18.250838,18.689247,245347161
1213363800,2008-06-13 09:30,18.794782,18.981521,18.413203,18.981521,157523840
1213623000,2008-06-16 09:30,18.802909,19.281912,18.681121,19.16014,152812484
1213709400,2008-06-17 09:30,19.354981,19.363108,18.526882,18.599942,151222180
1213795800,2008-06-18 09:30,18.260499,18.754205,18.080345,18.291431,185532166
1213882200,2008-06-19 09:30,18.332025,18.526882,17.92609,18.48628,205246830
1213968600,2008-06-20 09:30,18.023514,18.267075,17.04927,18.007268,222641023
1214227800,2008-06-23 09:30,17.909852,17.942335,17.317187,17.438968,150613176
1214314200,2008-06-24 09:30,17.398366,17.836784,17.162932,17.641935,249891987
1214400600,2008-06-25 09:30,17.747478,18.234608,17.593223,17.601333,270737472
1214487000,2008-06-26 09:30,17.236,17.390255,16.895015,16.968075,178041982
1214573400,2008-06-27 09:30,16.935608,17.097982,16.521563,16.700174,179677553.99999997
1214832600,2008-06-30 09:30,16.716403,16.748878,16.286112,16.448478,180641058
1214919000,2008-07-01 09:30,16.180561,16.570267,15.888304,16.497207,292237368
1215005400,2008-07-02 09:30,16.586496,16.830065,16.2374,16.245511,180507342
1215091800,2008-07-03 09:30,16.440367,16.545911,16.066899,16.188688,102758066.99999999
1215437400,2008-07-07 09:30,16.351062,16.521563,15.49048,15.652854,235131475.99999997
1215523800,2008-07-08 09:30,15.774626,16.675802,15.571658,16.667691,306120122
1215610200,2008-07-09 09:30,16.667691,16.748878,15.693447,15.717803,277525810
1215696600,2008-07-10 09:30,15.571658,15.945127,15.384522,15.604141,287463125
1215783000,2008-07-11 09:30,15.165723,15.660964,14.849094,15.165723,383965629
1216042200,2008-07-14 09:30,15.587904,15.75027,14.386336,14.386336,291442679
1216128600,2008-07-15 09:30,14.256437,14.792271,13.61506,13.939808,577858031
1216215000,2008-07-16 09:30,14.410692,15.766515,14.207725,15.766515,448283316
1216301400,2008-07-17 09:30,16.407901,16.959964,15.839576,16.448478,650002941
1216387800,2008-07-18 09:30,16.943727,17.122338,16.399774,16.781353,317010812
1216647000,2008-07-21 09:30,17.203525,17.438968,16.732641,16.846303,260980817
1216733400,2008-07-22 09:30,16.391655,18.258964,16.156205,18.258964,408097493
1216819800,2008-07-23 09:30,17.828673,18.746078,17.747478,18.234608,439011289
1216906200,2008-07-24 09:30,18.356381,18.356381,16.959964,17.008676,335577981
1216992600,2008-07-25 09:30,17.073626,17.398366,16.627098,16.943727,241549371
1217251800,2008-07-28 09:30,16.86254,17.211644,16.075026,16.148094,209350244.99999997
1217338200,2008-07-29 09:30,16.261756,17.455205,16.034432,17.455205,307886967
1217424600,2008-07-30 09:30,17.755597,17.958564,17.106109,17.723122,334657873
1217511000,2008-07-31 09:30,17.37401,17.86114,17.30095,17.560748,208579107
1217597400,2008-08-01 09:30,17.568867,17.715012,17.081737,17.560748,233233616
1217856600,2008-08-04 09:30,17.398366,17.666283,17.081737,17.414612,173799076
1217943000,2008-08-05 09:30,17.690639,18.299542,17.560748,18.299542,222974200
1218029400,2008-08-06 09:30,18.007268,18.242719,17.788072,18.11282,174849648
1218115800,2008-08-07 09:30,17.747478,17.92609,17.057381,17.219771,232777484.00000003
1218202200,2008-08-08 09:30,17.097982,17.966683,17.074998,17.812428,217546060
1218461400,2008-08-11 09:30,17.755597,18.478153,17.617579,18.11282,198756411
1218547800,2008-08-12 09:30,17.853029,17.869251,17.04927,17.195398,235496992.99999997
1218634200,2008-08-13 09:30,16.992431,17.033033,16.432257,16.700174,282309433
1218720600,2008-08-14 09:30,16.610868,17.260348,16.545911,17.219771,159928087
1218807000,2008-08-15 09:30,17.276594,17.568867,17.122338,17.341543,164805715
1219066200,2008-08-18 09:30,17.276594,17.276594,16.602741,16.675802,199203084
1219152600,2008-08-19 09:30,16.440367,16.505317,16.010076,16.188688,214482614
1219239000,2008-08-20 09:30,16.213044,16.521563,15.920771,16.521563,210654572
1219325400,2008-08-21 09:30,16.123738,16.407901,16.05067,16.221163,162569908
1219411800,2008-08-22 09:30,16.610868,16.903142,16.440367,16.838192,181546306
1219671000,2008-08-25 09:30,16.610779,16.618979,16.2374,16.245511,118762324
1219757400,2008-08-26 09:30,16.261756,16.505317,16.083226,16.375418,130538534.00000001
1219843800,2008-08-27 09:30,16.383528,16.716403,16.253637,16.692047,109439097
1219930200,2008-08-28 09:30,16.870659,17.414612,16.805709,17.365899,190764846
1220016600,2008-08-29 09:30,17.187288,17.487672,17.138576,17.390255,171604438.99999997
1220362200,2008-09-02 09:30,17.828673,17.958564,17.317187,17.633816,200302472
1220448600,2008-09-03 09:30,17.552629,17.92609,17.37401,17.909852,178582383
1220535000,2008-09-04 09:30,17.650062,17.804301,17.024914,17.033033,226400463
1220621400,2008-09-05 09:30,16.773234,17.650062,16.748878,17.650062,294183255
1220880600,2008-09-08 09:30,19.054589,19.078945,17.739368,18.413203,518553955
1220967000,2008-09-09 09:30,18.039751,18.429449,17.179169,17.236,408079835
1221053400,2008-09-10 09:30,17.357781,17.779945,16.756997,17.024914,310325781
1221139800,2008-09-11 09:30,16.480961,17.463316,16.375418,17.414612,411814817
1221226200,2008-09-12 09:30,16.976202,17.471442,16.870659,17.171042,314137741
1221485400,2008-09-15 09:30,16.026322,16.838192,15.498598,15.498598,556131755
1221571800,2008-09-16 09:30,14.767915,16.659572,14.61366,16.659572,594778494
1221658200,2008-09-17 09:30,15.831465,15.969483,14.702966,15.060188,625705534
1221744600,2008-09-18 09:30,15.287512,16.618979,13.931689,16.245511,1051210346
1221831000,2008-09-19 09:30,19.647254,19.890815,17.024914,18.169651,523146296.00000006
1222090200,2008-09-22 09:30,18.055997,18.072218,15.790871,16.683929,231924914
1222176600,2008-09-23 09:30,16.675802,17.016803,16.2374,16.635224,213992703
1222263000,2008-09-24 09:30,16.789463,16.805709,16.196806,16.448478,168378640.99999997
1222349400,2008-09-25 09:30,16.537792,17.033033,16.391655,16.903142,196942328
1222435800,2008-09-26 09:30,16.115628,17.365899,16.010076,17.365899,253035741.99999997
1222695000,2008-09-29 09:30,16.683929,16.789463,14.930289,15.076434,422682684.99999994
1222781400,2008-09-30 09:30,15.344335,16.359172,15.157613,16.148094,212883993
1222867800,2008-10-01 09:30,16.123738,16.781353,15.904533,16.781353,236263894
1222954200,2008-10-02 09:30,16.635224,16.805709,15.904533,15.945127,213750201
1223040600,2008-10-03 09:30,16.391655,16.765107,15.246919,15.246919,322943091
1223299800,2008-10-06 09:30,14.629897,15.027706,13.98852,14.451286,420625212.99999994
1223386200,2008-10-07 09:30,14.702966,14.735432,12.92497,12.92497,436758003
1223472600,2008-10-08 09:30,12.389136,13.533873,12.251118,12.405374,486547570
1223559000,2008-10-09 09:30,13.05487,13.127938,11.106382,11.1145,486292790
1223645400,2008-10-10 09:30,10.724803,12.259237,10.383817,12.259237,648940938
1223904600,2008-10-13 09:30,12.973683,13.265956,12.064388,13.217244,275056745
1223991000,2008-10-14 09:30,14.150886,14.508117,13.485071,14.069707,410940746
1224077400,2008-10-15 09:30,13.460805,13.663772,12.543391,12.543391,256350696
1224163800,2008-10-16 09:30,12.892496,13.05487,11.842748,12.827546,383437151
1224250200,2008-10-17 09:30,12.559629,13.290312,12.445967,12.462204,292426127
1224509400,2008-10-20 09:30,12.786952,13.079226,12.381017,13.079226,170837163
1224595800,2008-10-21 09:30,12.689528,13.168531,12.673291,12.681409,163072590
1224682200,2008-10-22 09:30,12.42973,12.567748,11.496079,11.885777,218997583
1224768600,2008-10-23 09:30,11.934489,12.05627,11.041432,11.763996,248861970
1224855000,2008-10-24 09:30,10.716684,11.609741,10.692328,11.000839,252372758.99999997
1225114200,2008-10-27 09:30,11.17945,11.55291,10.659853,10.700447,183604664.99999997
1225200600,2008-10-28 09:30,11.309349,12.478442,10.55431,12.381017,241880852
1225287000,2008-10-29 09:30,12.096863,12.567748,11.61786,11.61786,214881692.00000003
1225373400,2008-10-30 09:30,12.17805,12.291712,11.772115,12.023795,197803904
1225459800,2008-10-31 09:30,11.861421,12.632697,11.861421,12.608341,173748033
1225722600,2008-11-03 09:30,12.575866,12.786952,12.523095,12.681409,82969716
1225809000,2008-11-04 09:30,12.916852,13.420211,12.860021,13.395855,138686991
1225895400,2008-11-05 09:30,13.17665,13.265956,12.137456,12.169931,147639715
1225981800,2008-11-06 09:30,12.023795,12.291712,11.325586,11.333705,201930732
1226068200,2008-11-07 09:30,11.544791,11.715284,11.260637,11.544791,140418717
1226327400,2008-11-10 09:30,11.828946,11.934895,10.968364,11.203806,140247970
1226413800,2008-11-11 09:30,10.984682,11.171331,10.635497,10.814108,214957291
1226500200,2008-11-12 09:30,10.627378,10.830346,10.124019,10.148375,233232532
1226586600,2008-11-13 09:30,10.30263,10.976482,9.498879,10.887177,323162654
1226673000,2008-11-14 09:30,10.651734,10.935889,10.197087,10.335105,235623240
1226932200,2008-11-17 09:30,10.156494,10.245799,9.620659,9.67749,227350368
1227018600,2008-11-18 09:30,9.718084,9.831746,9.141656,9.539472,266077475
1227105000,2008-11-19 09:30,9.482642,9.547591,8.475923,8.540872,255107108
1227191400,2008-11-20 09:30,8.394736,8.589585,7.501679,7.623459,493873117
1227277800,2008-11-21 09:30,7.980682,7.996919,7.038913,7.858902,442703703
1227537000,2008-11-24 09:30,8.289193,9.409573,8.18365,9.052351,378394846
1227623400,2008-11-25 09:30,9.620659,9.758677,9.109181,9.580066,288732885
1227709800,2008-11-26 09:30,9.312149,10.067188,9.255318,10.026594,168472785
1227882600,2008-11-28 09:30,10.042832,10.36758,9.92917,10.278274,67147262
1228141800,2008-12-01 09:30,9.880458,9.904814,8.548991,8.565229,205462707
1228228200,2008-12-02 09:30,8.841264,9.328386,8.475923,9.263437,241487174
1228314600,2008-12-03 09:30,8.889976,9.856102,8.841264,9.74244,257215603
1228401000,2008-12-04 09:30,9.506998,10.188969,9.409573,9.636897,219536842.00000003
1228487400,2008-12-05 09:30,9.401455,10.465004,9.385217,10.400055,275397075
1228746600,2008-12-08 09:30,10.830346,11.220043,10.708971,11.098263,248734560
1228833000,2008-12-09 09:30,10.903414,11.195687,10.55431,10.651734,238140490
1228919400,2008-12-10 09:30,10.732921,10.789752,10.237681,10.465004,191469077
1229005800,2008-12-11 09:30,10.30263,10.383817,9.612541,9.661253,191121810
1229092200,2008-12-12 09:30,9.312149,9.880458,9.198487,9.847983,164558522
1229351400,2008-12-15 09:30,9.823627,9.856102,9.30403,9.442048,136945570
1229437800,2008-12-16 09:30,9.661253,10.513717,9.604422,10.497479,274336019
1229524200,2008-12-17 09:30,10.30263,10.700447,10.188969,10.400055,188677596
1229610600,2008-12-18 09:30,10.448767,10.594904,9.986001,10.099663,182742084
1229697000,2008-12-19 09:30,9.953526,10.188969,9.783034,9.92917,162699762
1229956200,2008-12-22 09:30,9.953526,10.002238,9.433929,9.580066,148179821
1230042600,2008-12-23 09:30,9.628778,9.718084,9.328386,9.352742,73560959
1230129000,2008-12-24 09:30,9.425811,9.571947,9.336505,9.55571,22262992
1230301800,2008-12-26 09:30,9.653134,9.669372,9.446107,9.563829,37241095
1230561000,2008-12-29 09:30,9.588185,9.596303,9.30403,9.482642,47482656
1230647400,2008-12-30 09:30,9.531354,9.896695,9.498879,9.847983,72405207
1230733800,2008-12-31 09:30,9.872339,10.253918,9.799271,10.164612,109276273.00000001
1230906600,2009-01-02 09:30,10.172731,10.400055,9.912933,10.278274,117997255
1231165800,2009-01-05 09:30,10.229562,10.343224,10.050951,10.107781,127980843.99999999
1231252200,2009-01-06 09:30,10.229562,10.408173,10.156494,10.270156,153440210
1231338600,2009-01-07 09:30,10.034713,10.107781,9.718084,9.734321,131095727.00000001
1231425000,2009-01-08 09:30,9.67749,9.839864,9.588185,9.693728,132352401
1231511400,2009-01-09 09:30,9.774915,9.831746,9.36898,9.385217,125822646
1231770600,2009-01-12 09:30,9.352742,9.377098,8.760077,8.889976,179600871.99999997
1231857000,2009-01-13 09:30,8.760077,9.1173,8.670772,9.011757,253561304
1231943400,2009-01-14 09:30,8.711365,8.727603,8.427211,8.49216,201777447
1232029800,2009-01-15 09:30,8.467804,8.475923,7.78421,8.102463,326745355
1232116200,2009-01-16 09:30,8.321667,8.410973,7.501679,7.858902,250916703.00000003
1232461800,2009-01-20 09:30,7.420492,7.509797,6.551791,6.55991,300528941
1232548200,2009-01-21 09:30,6.949607,7.542272,6.665453,7.526035,390044080
1232634600,2009-01-22 09:30,7.225643,7.436729,6.86842,7.063269,289653663
1232721000,2009-01-23 09:30,6.74664,7.379898,6.722284,7.298711,284219848
1232980200,2009-01-26 09:30,7.444848,7.631578,7.063269,7.168812,248595917.99999997
1233066600,2009-01-27 09:30,7.314949,7.452967,7.193168,7.420492,167338830
1233153000,2009-01-28 09:30,8.069988,8.532754,7.948207,8.37038,385423045
1233239400,2009-01-29 09:30,8.05375,8.126819,7.672171,7.712765,203739909
1233325800,2009-01-30 09:30,7.818308,7.891376,7.37178,7.501679,282895044
1233585000,2009-02-02 09:30,7.30683,7.574747,7.233762,7.501679,148535169
1233671400,2009-02-03 09:30,7.623459,7.639697,7.201287,7.363661,226344119.00000003
1233757800,2009-02-04 09:30,7.436729,7.599103,7.225643,7.282474,261892766
1233844200,2009-02-05 09:30,7.193168,7.582866,6.93337,7.396136,474666573.99999994
1233930600,2009-02-06 09:30,7.599103,8.029394,7.542272,7.948207,326989690
1234189800,2009-02-09 09:30,8.021276,8.191768,7.899495,8.037513,209107447.99999997
1234276200,2009-02-10 09:30,7.940089,8.021276,7.144456,7.217524,399880217
1234362600,2009-02-11 09:30,7.339305,7.582866,7.30683,7.565005,225145799
1234449000,2009-02-12 09:30,7.323067,7.509797,7.022676,7.469204,282382194
1234535400,2009-02-13 09:30,7.30683,7.428611,7.160693,7.185049,209150706
1234881000,2009-02-17 09:30,6.730402,6.819708,6.470604,6.470604,274427561
1234967400,2009-02-18 09:30,6.665453,6.68169,6.267636,6.470604,269475339
1235053800,2009-02-19 09:30,6.592384,6.624859,6.089025,6.129618,257302671
1235140200,2009-02-20 09:30,5.829227,6.194568,5.561309,6.040313,503779570
1235399400,2009-02-23 09:30,6.259518,6.30823,5.829227,5.829227,262911786.00000003
1235485800,2009-02-24 09:30,5.910414,6.535554,5.837345,6.535554,328133578
1235572200,2009-02-25 09:30,6.438129,6.795352,6.113381,6.49496,400506130.00000006
1235658600,2009-02-26 09:30,6.803471,6.949607,6.535554,6.600503,388621350
1235745000,2009-02-27 09:30,6.129618,6.478723,6.1215,6.170212,309045714
1236004200,2009-03-02 09:30,5.93477,6.040313,5.715565,5.780514,230946235
1236090600,2009-03-03 09:30,5.926651,5.967244,5.553191,5.666853,234213832
1236177000,2009-03-04 09:30,5.86982,5.877939,5.439529,5.593784,285232010
1236263400,2009-03-05 09:30,5.439529,5.455766,4.944288,5.066069,346659322.00000006
1236349800,2009-03-06 09:30,5.139137,5.260918,4.773796,5.017357,265975764
1236605400,2009-03-09 09:30,4.911813,5.236562,4.846864,5.082306,300755362
1236691800,2009-03-10 09:30,5.407054,5.86982,5.358342,5.837345,436141549
1236778200,2009-03-11 09:30,6.064669,6.218924,5.853583,5.991601,511424853
1236864600,2009-03-12 09:30,5.967244,6.68169,5.894176,6.608622,476794678
1236951000,2009-03-13 09:30,6.730402,6.819708,6.365061,6.649215,341760488
1237210200,2009-03-16 09:30,6.811589,7.047032,6.49496,6.519316,353947661
1237296600,2009-03-17 09:30,6.511197,6.965845,6.389417,6.9423,276401709
1237383000,2009-03-18 09:30,6.860301,7.672171,6.787233,7.638073,509613332
1237469400,2009-03-19 09:30,7.858902,7.875139,7.014557,7.032418,508359614
1237555800,2009-03-20 09:30,6.957726,6.990201,6.568028,6.608622,375259605
1237815000,2009-03-23 09:30,7.185049,7.810189,7.030794,7.692468,458283419
1237901400,2009-03-24 09:30,7.485441,7.850783,7.266236,7.323067,369069530
1237987800,2009-03-25 09:30,7.49356,7.761477,7.05515,7.566628,440839838
1238074200,2009-03-26 09:30,7.704646,7.753359,7.404254,7.655934,306461398
1238160600,2009-03-27 09:30,7.452967,7.704646,7.404254,7.420492,245312062
1238419800,2009-03-30 09:30,7.006438,7.1201,6.714165,6.779114,273204843
1238506200,2009-03-31 09:30,6.957726,7.274355,6.852183,7.152575,300237328
1238592600,2009-04-01 09:30,6.949607,7.404254,6.93337,7.355542,214749198
1238679000,2009-04-02 09:30,7.785833,7.810189,7.452967,7.55851,293491953
1238765400,2009-04-03 09:30,7.485441,7.891376,7.444848,7.86702,225078438.00000003
1239024600,2009-04-06 09:30,7.607222,7.761477,7.534154,7.655934,222328244
1239111000,2009-04-07 09:30,7.420492,7.639697,7.412373,7.428611,213033791
1239197400,2009-04-08 09:30,7.542272,7.6194,7.314949,7.469204,154857915
1239283800,2009-04-09 09:30,8.143056,8.670772,8.029394,8.630178,385004614
1239629400,2009-04-13 09:30,8.459604,9.141656,8.402854,8.99552,307351846
1239715800,2009-04-14 09:30,8.857502,9.036113,8.346024,8.402854,393273287.00000006
1239802200,2009-04-15 09:30,8.289193,8.873739,8.167412,8.80879,237944340
1239888600,2009-04-16 09:30,8.971164,9.052351,8.593644,8.906214,267778398
1239975000,2009-04-17 09:30,8.86562,9.198487,8.703246,9.019876,281318516
1240234200,2009-04-20 09:30,8.597703,8.646416,7.988801,8.013157,325726946
1240320600,2009-04-21 09:30,7.672171,8.613941,7.639697,8.605822,356538972
1240407000,2009-04-22 09:30,8.321667,8.816908,8.272955,8.297311,299704928
1240493400,2009-04-23 09:30,8.419092,8.74384,8.297311,8.687009,208231918
1240579800,2009-04-24 09:30,8.735721,9.052351,8.573347,8.881858,288442573
1240839000,2009-04-27 09:30,8.630178,8.86562,8.548991,8.738157,157169399
1240925400,2009-04-28 09:30,8.394736,8.646416,8.37038,8.467804,166295096
1241011800,2009-04-29 09:30,8.581466,8.914333,8.565229,8.833146,192272004.00000003
1241098200,2009-04-30 09:30,8.987401,9.052351,8.638297,8.711365,215671770
1241184600,2009-05-01 09:30,8.719484,8.849383,8.565229,8.646416,137607548
1241443800,2009-05-04 09:30,8.760077,9.531354,8.751959,9.523235,260891206
1241530200,2009-05-05 09:30,9.344624,9.55571,9.287793,9.385217,200142032
1241616600,2009-05-06 09:30,9.669372,10.197087,9.620659,10.132138,330480397
1241703000,2009-05-07 09:30,10.611141,10.611141,9.685609,9.839864,350647507
1241789400,2009-05-08 09:30,9.99412,10.61926,9.912933,10.570547,369160657.99999994
1242048600,2009-05-11 09:30,10.237681,10.359461,9.912933,9.953526,254156217
1242135000,2009-05-12 09:30,10.026594,10.050951,9.433929,9.74244,254395013
1242221400,2009-05-13 09:30,9.466404,9.539472,9.011757,9.247199,237830095
1242307800,2009-05-14 09:30,9.166012,9.645016,9.157894,9.55571,214517023
1242394200,2009-05-15 09:30,9.588185,9.669372,9.279674,9.360861,188193144
1242653400,2009-05-18 09:30,9.628778,10.042832,9.55571,9.977882,169052385
1242739800,2009-05-19 09:30,9.977882,10.140256,9.758677,9.774915,194568785
1242826200,2009-05-20 09:30,10.002238,10.042832,9.450167,9.515116,338547678
1242912600,2009-05-21 09:30,9.377098,9.636897,9.352742,9.531354,267831588
1242999000,2009-05-22 09:30,9.620659,9.645016,9.425811,9.466404,118159843
1243344600,2009-05-26 09:30,9.352742,9.815508,9.344624,9.774915,185380121.99999997
1243431000,2009-05-27 09:30,9.864221,9.896695,9.450167,9.482642,211404761
1243517400,2009-05-28 09:30,9.55571,9.783034,9.393336,9.750559,228751834
1243603800,2009-05-29 09:30,9.831746,10.026594,9.645016,9.92917,232100666
1243863000,2009-06-01 09:30,10.059069,10.221443,9.937289,10.034713,236484442
1243949400,2009-06-02 09:30,9.896695,10.026594,9.815508,9.872339,237384073
1244035800,2009-06-03 09:30,9.80739,9.896695,9.645016,9.74244,172876504
1244122200,2009-06-04 09:30,9.831746,10.107781,9.80739,10.091544,200853811
1244208600,2009-06-05 09:30,10.262037,10.286393,9.92917,10.002238,188160508
1244467800,2009-06-08 09:30,9.904814,10.172731,9.896695,10.075307,114454442
1244554200,2009-06-09 09:30,10.132138,10.18085,10.026594,10.148375,114831192
1244640600,2009-06-10 09:30,10.205206,10.213325,9.872339,9.99412,193254545
1244727000,2009-06-11 09:30,9.99412,10.221443,9.977882,10.075307,192849377
1244813400,2009-06-12 09:30,10.067188,10.148375,10.042832,10.140256,101166521
1245072600,2009-06-15 09:30,10.042832,10.067188,9.839864,9.880458,117639070
1245159000,2009-06-16 09:30,9.904814,9.92917,9.669372,9.709965,139726488
1245245400,2009-06-17 09:30,9.645016,9.661253,9.344624,9.425811,255948622
1245331800,2009-06-18 09:30,9.458285,9.701846,9.450167,9.653134,149201384
1245418200,2009-06-19 09:30,9.726203,9.831746,9.588185,9.774915,218774631
1245677400,2009-06-22 09:30,9.645016,9.710046,9.198487,9.206606,164066680
1245763800,2009-06-23 09:30,9.279674,9.409573,9.174131,9.312149,172812455
1245850200,2009-06-24 09:30,9.442048,9.580066,9.352742,9.425811,133193974
1245936600,2009-06-25 09:30,9.393336,9.628778,9.336505,9.628778,156674167
1246023000,2009-06-26 09:30,9.580066,9.718084,9.527294,9.67749,90076075.99999999
1246282200,2009-06-29 09:30,9.701846,9.823627,9.596709,9.799271,137194536
1246368600,2009-06-30 09:30,9.80739,9.831746,9.628778,9.701846,124766733
1246455000,2009-07-01 09:30,9.718084,9.766796,9.636897,9.645016,71884572
1246541400,2009-07-02 09:30,9.547591,9.55571,9.287793,9.312149,125145730
1246887000,2009-07-06 09:30,9.222843,9.336505,9.133538,9.320268,107696355
1246973400,2009-07-07 09:30,9.328386,9.352742,9.141656,9.174131,119709352
1247059800,2009-07-08 09:30,9.190368,9.214806,8.792552,9.019876,248272516
1247146200,2009-07-09 09:30,9.149775,9.230962,9.060469,9.133538,160884831
1247232600,2009-07-10 09:30,9.068588,9.092944,8.946807,9.011757,117804574.00000001
1247491800,2009-07-13 09:30,9.214725,9.596303,9.157894,9.588185,278312951
1247578200,2009-07-14 09:30,9.596303,9.612541,9.433929,9.547591,195387655
1247664600,2009-07-15 09:30,9.701846,10.067188,9.685609,9.953526,223005141
1247751000,2009-07-16 09:30,9.864221,10.018476,9.758677,9.921051,147948868
1247837400,2009-07-17 09:30,9.945408,9.986001,9.783034,9.856102,173356108
1248096600,2009-07-20 09:30,9.92917,10.001751,9.864221,9.937289,135689368
1248183000,2009-07-21 09:30,9.945408,9.977963,9.750559,9.847983,156972874
1248269400,2009-07-22 09:30,9.669372,9.937289,9.653134,9.856102,123178893
1248355800,2009-07-23 09:30,9.872339,10.197087,9.815508,10.140256,156719060
1248442200,2009-07-24 09:30,10.050951,10.140256,9.953526,10.083425,89380989
1248701400,2009-07-27 09:30,10.1159,10.270156,10.075307,10.245799,113549745
1248787800,2009-07-28 09:30,10.156494,10.262037,10.124019,10.221443,73755157
1248874200,2009-07-29 09:30,10.156494,10.270156,10.124019,10.221443,124841484
1248960600,2009-07-30 09:30,10.318868,10.578666,10.318868,10.456886,161904068
1249047000,2009-07-31 09:30,10.456886,10.570953,10.391936,10.562429,161733026
1249306200,2009-08-03 09:30,10.757277,10.846583,10.685833,10.830346,141863303
1249392600,2009-08-04 09:30,10.773515,11.106382,10.732921,11.049551,123263419
1249479000,2009-08-05 09:30,11.1145,11.487961,11.057669,11.43113,205392883
1249565400,2009-08-06 09:30,11.609741,11.650334,11.249271,11.349943,290798714
1249651800,2009-08-07 09:30,11.512317,11.853302,11.447367,11.650334,233184504.00000003
1249911000,2009-08-10 09:30,11.634097,11.731521,11.463604,11.601622,117226196
1249997400,2009-08-11 09:30,11.528554,11.536673,11.155094,11.171331,157739303
1250083800,2009-08-12 09:30,11.138856,11.487961,11.130738,11.398655,128645817
1250170200,2009-08-13 09:30,11.577266,11.642216,11.36618,11.634097,166322963
1250256600,2009-08-14 09:30,11.625978,11.634097,11.36618,11.561029,133489115
1250515800,2009-08-17 09:30,11.220043,11.236281,11.057669,11.073907,141759148
1250602200,2009-08-18 09:30,11.17945,11.349943,11.163212,11.30123,99704396
1250688600,2009-08-19 09:30,11.122619,11.36618,11.098263,11.293112,96337768.00000001
1250775000,2009-08-20 09:30,11.325586,11.609741,11.317468,11.585385,111336859
1250861400,2009-08-21 09:30,11.715284,11.869539,11.650334,11.812709,134463714
1251120600,2009-08-24 09:30,11.983201,12.064388,11.690928,11.721779,152665525
1251207000,2009-08-25 09:30,11.812709,11.983201,11.812709,11.869539,116401176.99999999
1251293400,2009-08-26 09:30,11.80459,11.917034,11.699047,11.837065,114059600
1251379800,2009-08-27 09:30,11.828946,11.983201,11.699047,11.958845,100346803.99999999
1251466200,2009-08-28 09:30,12.072507,12.096863,11.837065,11.975083,99370510.00000001
1251725400,2009-08-31 09:30,11.755878,11.942608,11.73964,11.934489,101530185
1251811800,2009-09-01 09:30,11.845183,11.975083,11.268756,11.293112,234868813
1251898200,2009-09-02 09:30,11.195687,11.36618,11.155094,11.195687,130072548
1251984600,2009-09-03 09:30,11.317468,11.455486,11.236281,11.414892,97545488
1252071000,2009-09-04 09:30,11.487961,11.544791,11.382417,11.544791,89331878
1252416600,2009-09-08 09:30,11.715284,11.731521,11.528554,11.594397,99428174.00000001
1252503000,2009-09-09 09:30,11.625978,11.812709,11.593504,11.772115,111406762
1252589400,2009-09-10 09:30,11.731521,11.893896,11.593504,11.869539,114302791.99999999
1252675800,2009-09-11 09:30,11.910133,11.918252,11.784293,11.796471,80499252
1252935000,2009-09-14 09:30,11.642216,11.983201,11.634097,11.950726,88976609
1253021400,2009-09-15 09:30,11.983201,12.096863,11.828946,11.975083,129184327.00000001
1253107800,2009-09-16 09:30,12.048151,12.389136,12.015676,12.389136,153681471
1253194200,2009-09-17 09:30,12.381017,12.527154,12.259237,12.348543,138025644
1253280600,2009-09-18 09:30,12.36478,12.381017,12.218725,12.291712,112479681.99999999
1253539800,2009-09-21 09:30,12.17805,12.243,12.137456,12.17805,103649756
1253626200,2009-09-22 09:30,12.356418,12.470323,12.283593,12.454086,105901033.00000001
1253712600,2009-09-23 09:30,12.478442,12.535273,12.186169,12.202406,134165637
1253799000,2009-09-24 09:30,12.275474,12.307949,11.885777,11.958845,163380147
1253885400,2009-09-25 09:30,11.893896,11.999439,11.755878,11.845183,143817586
1254144600,2009-09-28 09:30,11.910133,12.259237,11.893896,12.243,96661189
1254231000,2009-09-29 09:30,12.291712,12.381017,12.161813,12.186169,127242440.00000001
1254317400,2009-09-30 09:30,12.259237,12.29983,11.99132,12.129338,180112737
1254403800,2009-10-01 09:30,12.064388,12.088744,11.585385,11.593504,157603734
1254490200,2009-10-02 09:30,11.398655,11.735581,11.341824,11.601622,159079497
1254749400,2009-10-05 09:30,11.747759,11.99132,11.715284,11.966964,121845024
1254835800,2009-10-06 09:30,12.129338,12.251118,11.942608,12.121219,157106669
1254922200,2009-10-07 09:30,12.064388,12.259237,12.039951,12.251118,120771256
1255008600,2009-10-08 09:30,12.340424,12.413492,12.226762,12.267356,112689154
1255095000,2009-10-09 09:30,12.234881,12.381017,12.210525,12.372899,73881109
1255354200,2009-10-12 09:30,12.42973,12.486561,12.356661,12.470323,91697104
1255440600,2009-10-13 09:30,12.389136,12.42973,12.240889,12.348543,91591017.99999999
1255527000,2009-10-14 09:30,12.61646,12.795071,12.527154,12.770715,164563528
1255613400,2009-10-15 09:30,12.632697,12.681409,12.543391,12.657053,103101944.00000001
1255699800,2009-10-16 09:30,12.421611,12.454086,12.324187,12.356661,138853284
1255959000,2009-10-19 09:30,12.405374,12.478442,12.29983,12.413492,114281389
1256045400,2009-10-20 09:30,12.389136,12.462204,12.241213,12.316068,131471708
1256131800,2009-10-21 09:30,12.283593,12.486561,12.072507,12.080626,105909960
1256218200,2009-10-22 09:30,12.137456,12.462204,12.088744,12.437848,148555960
1256304600,2009-10-23 09:30,12.462204,12.502798,12.17805,12.259237,108887421.99999999
1256563800,2009-10-26 09:30,12.251118,12.291712,11.877658,11.942608,149707613
1256650200,2009-10-27 09:30,11.950726,11.999439,11.780234,11.853302,125418246
1256736600,2009-10-28 09:30,11.80459,11.853302,11.455486,11.486337,145111586
1256823000,2009-10-29 09:30,11.690928,11.983201,11.601622,11.966964,147383280
1256909400,2009-10-30 09:30,11.861421,11.861421,11.341824,11.406774,168914353
1257172200,2009-11-02 09:30,11.496079,11.699047,11.187569,11.504198,209506053
1257258600,2009-11-03 09:30,11.309349,11.585385,11.30123,11.535049,135093746
1257345000,2009-11-04 09:30,11.707165,11.73964,11.358061,11.374299,157026223
1257431400,2009-11-05 09:30,11.471723,11.682809,11.390536,11.666572,128930671
1257517800,2009-11-06 09:30,11.471723,11.672904,11.455486,11.61786,91116952
1257777000,2009-11-09 09:30,11.780234,12.048151,11.707165,12.031913,123356419
1257863400,2009-11-10 09:30,11.975083,12.072507,11.877658,11.99132,86780060
1257949800,2009-11-11 09:30,12.1131,12.283593,12.072507,12.153694,123507458
1258036200,2009-11-12 09:30,12.129338,12.210525,11.902014,11.92637,112872908
1258122600,2009-11-13 09:30,11.942608,11.99132,11.80459,11.902014,92165159
1258381800,2009-11-16 09:30,12.048151,12.194287,11.975083,12.031913,150166445
1258468200,2009-11-17 09:30,12.007557,12.088744,11.960875,12.064388,70471912
1258554600,2009-11-18 09:30,12.080626,12.169931,12.031913,12.161813,90644285
1258641000,2009-11-19 09:30,12.088744,12.096863,11.877658,11.92637,95856489
1258727400,2009-11-20 09:30,11.828946,11.92637,11.80459,11.853302,65258093
1258986600,2009-11-23 09:30,11.983201,12.104982,11.958845,12.023795,91262611
1259073000,2009-11-24 09:30,11.99132,12.029153,11.869539,11.934489,75323211
1259159400,2009-11-25 09:30,11.999439,12.007557,11.885777,11.910133,54316045.00000001
1259332200,2009-11-27 09:30,11.569148,11.772115,11.528554,11.593504,93380487
1259591400,2009-11-30 09:30,11.650334,11.92637,11.642216,11.902014,124489447
1259677800,2009-12-01 09:30,11.983201,12.015676,11.845183,11.910133,106819978
1259764200,2009-12-02 09:30,11.885777,11.958845,11.837065,11.902014,76542815
1259850600,2009-12-03 09:30,11.999439,12.129338,11.634097,11.658453,205532214.99999997
1259937000,2009-12-04 09:30,11.877658,11.92637,11.674691,11.877658,240861458.00000003
1260196200,2009-12-07 09:30,11.828946,11.902014,11.642216,11.682809,99977838
1260282600,2009-12-08 09:30,11.609741,11.666572,11.544791,11.577266,133794425
1260369000,2009-12-09 09:30,11.601622,11.682809,11.512317,11.61786,90684863
1260455400,2009-12-10 09:30,11.650334,11.707165,11.544791,11.601622,86265810.99999999
1260541800,2009-12-11 09:30,11.609741,11.690928,11.512317,11.682809,81326143
1260801000,2009-12-14 09:30,11.715284,11.755878,11.601622,11.747759,73010802
1260887400,2009-12-15 09:30,11.674691,11.723403,11.512317,11.561029,105435441
1260973800,2009-12-16 09:30,11.634097,11.707165,11.585385,11.634097,112117161
1261060200,2009-12-17 09:30,11.536673,11.569148,11.414892,11.414892,113442260
1261146600,2009-12-18 09:30,11.451426,11.561029,11.374299,11.544791,116360303
1261405800,2009-12-21 09:30,11.601622,11.715284,11.593504,11.715284,71684836
1261492200,2009-12-22 09:30,11.707165,11.747759,11.682809,11.73964,32159966
1261578600,2009-12-23 09:30,11.755878,11.772115,11.666572,11.690928,47532003
1261665000,2009-12-24 09:30,11.731521,11.796471,11.723403,11.796471,22500922
1262010600,2009-12-28 09:30,11.812709,11.845183,11.707165,11.755878,36326623
1262097000,2009-12-29 09:30,11.788352,11.796471,11.707165,11.707165,32466853
1262183400,2009-12-30 09:30,11.658453,11.723403,11.609741,11.715284,35536073
1262269800,2009-12-31 09:30,11.731521,11.788352,11.674691,11.690928,40947875
1262615400,2010-01-04 09:30,11.788352,11.958845,11.763996,11.92637,93009353
1262701800,2010-01-05 09:30,11.910133,12.145575,11.893896,12.145575,96831463.00000001
1262788200,2010-01-06 09:30,12.137456,12.218643,12.048151,12.169931,75541887
1262874600,2010-01-07 09:30,12.194287,12.502798,12.169931,12.42973,117946607
1262961000,2010-01-08 09:30,12.36478,12.42973,12.259237,12.356661,111943025
1263220200,2010-01-11 09:30,12.478442,12.486561,12.291712,12.36478,72802315
1263306600,2010-01-12 09:30,12.267356,12.324187,12.104982,12.186169,137700075
1263393000,2010-01-13 09:30,12.186169,12.36478,12.088744,12.324187,100907544
1263479400,2010-01-14 09:30,12.283593,12.421611,12.251118,12.381017,70907628
1263565800,2010-01-15 09:30,12.307949,12.316068,12.1131,12.129338,118136902.99999999
1263911400,2010-01-19 09:30,12.080626,12.291712,12.015676,12.283593,100496779
1263997800,2010-01-20 09:30,12.202406,12.332305,12.121219,12.251118,99417847
1264084200,2010-01-21 09:30,12.243,12.324187,11.772115,11.902014,310189897
1264170600,2010-01-22 09:30,11.861421,11.918252,11.447367,11.51394,261094983.00000003
1264429800,2010-01-25 09:30,11.674691,11.723403,11.463604,11.577266,179503260
1264516200,2010-01-26 09:30,11.504198,11.690928,11.358061,11.374299,151889006
1264602600,2010-01-27 09:30,11.406774,11.674691,11.358061,11.650334,254824500.99999997
1264689000,2010-01-28 09:30,11.73964,11.796471,11.447367,11.593504,275625250
1264775400,2010-01-29 09:30,11.674691,11.832437,11.479842,11.512317,222970968
1265034600,2010-02-01 09:30,11.585385,11.73964,11.585385,11.707165,155279007
1265121000,2010-02-02 09:30,11.715284,11.853302,11.668358,11.819203,135234774
1265207400,2010-02-03 09:30,11.755878,11.837065,11.658453,11.690928,131466013
1265293800,2010-02-04 09:30,11.585385,11.601622,11.17945,11.187569,267047995
1265380200,2010-02-05 09:30,11.252518,11.349943,10.968364,11.317468,315401490
1265639400,2010-02-08 09:30,11.341824,11.341824,11.073907,11.090144,132276881
1265725800,2010-02-09 09:30,11.228162,11.284993,11.041432,11.203806,190284158.00000003
1265812200,2010-02-10 09:30,11.220043,11.414892,11.147543,11.293112,155311958
1265898600,2010-02-11 09:30,11.293112,11.374299,11.022515,11.317468,92266456
1265985000,2010-02-12 09:30,11.187569,11.325586,11.1145,11.325586,125475989
1266330600,2010-02-16 09:30,11.406774,11.577266,11.333705,11.561029,134890521
1266417000,2010-02-17 09:30,11.650334,11.650334,11.544791,11.601622,81127293
1266503400,2010-02-18 09:30,11.55291,11.707165,11.544791,11.674691,73660659
1266589800,2010-02-19 09:30,11.601622,11.780234,11.593504,11.73964,72679517
1266849000,2010-02-22 09:30,11.780234,11.958845,11.763996,11.893896,86161262
1266935400,2010-02-23 09:30,11.837065,11.92637,11.634097,11.674691,144604747
1267021800,2010-02-24 09:30,11.682809,11.893896,11.682809,11.877658,87348723.00000001
1267108200,2010-02-25 09:30,11.715284,11.861421,11.642216,11.845183,130484259
1267194600,2010-02-26 09:30,11.845183,11.958845,11.780234,11.918252,129940901
1267453800,2010-03-01 09:30,11.958845,11.983201,11.876521,11.950726,65503826.00000001
1267540200,2010-03-02 09:30,11.983201,12.104982,11.975083,11.99132,71193348
1267626600,2010-03-03 09:30,12.007557,12.088744,11.966964,11.999439,69751876
1267713000,2010-03-04 09:30,12.031913,12.129338,12.015676,12.121219,65138349
1267799400,2010-03-05 09:30,12.186169,12.381017,12.169931,12.356661,99700847.99999999
1268058600,2010-03-08 09:30,12.381017,12.42973,12.356661,12.381017,66200844
1268145000,2010-03-09 09:30,12.316068,12.502798,12.275474,12.421611,110673048
1268231400,2010-03-10 09:30,12.502798,12.632697,12.478442,12.559629,123906772.99999999
1268317800,2010-03-11 09:30,12.527154,12.673291,12.510917,12.665172,75334267
1268404200,2010-03-12 09:30,12.770715,12.770715,12.559629,12.61646,125257117
1268659800,2010-03-15 09:30,12.543391,12.640816,12.478442,12.61646,86526700
1268746200,2010-03-16 09:30,12.657053,12.778834,12.624579,12.769903,92890556
1268832600,2010-03-17 09:30,12.843459,12.965564,12.827546,12.92497,113735568
1268919000,2010-03-18 09:30,12.900614,12.916852,12.770715,12.851902,92032901
1269005400,2010-03-19 09:30,12.860021,12.882997,12.689528,12.73824,110207299
1269264600,2010-03-22 09:30,12.608341,12.811309,12.600222,12.80319,78955576
1269351000,2010-03-23 09:30,12.835665,12.916852,12.763002,12.908733,80049682
1269437400,2010-03-24 09:30,12.827546,12.981801,12.827546,12.916852,86414228
1269523800,2010-03-25 09:30,13.006157,13.249727,12.957445,12.973683,150995543
1269610200,2010-03-26 09:30,13.026454,13.152294,12.916852,12.98992,219103275.00000003
1269869400,2010-03-29 09:30,13.062988,13.103582,12.92497,13.006157,76121645
1269955800,2010-03-30 09:30,13.014276,13.05487,12.892496,12.92497,59222683
1270042200,2010-03-31 09:30,12.843783,12.998031,12.835665,12.949326,72513698
1270128600,2010-04-01 09:30,13.05487,13.095463,12.966376,13.05487,59523262.99999999
1270474200,2010-04-05 09:30,13.127938,13.200998,13.091404,13.184777,55333114.00000001
1270560600,2010-04-06 09:30,13.17665,13.355261,13.152294,13.322787,63409166.00000001
1270647000,2010-04-07 09:30,13.355261,13.403966,13.192888,13.274083,91607868
1270733400,2010-04-08 09:30,13.225354,13.420211,13.168531,13.379618,86498459
1270819800,2010-04-09 09:30,13.428322,13.460805,13.347143,13.429142,65017798
1271079000,2010-04-12 09:30,13.468923,13.540774,13.452694,13.485161,56751647
1271165400,2010-04-13 09:30,13.468923,13.56871,13.403966,13.493279,85333326
1271251800,2010-04-14 09:30,13.663772,13.850502,13.647535,13.842383,155461243
1271338200,2010-04-15 09:30,13.874858,13.899214,13.744951,13.785553,101686467
1271424600,2010-04-16 09:30,13.728567,13.744951,13.046759,13.282193,468817362.00000006
1271683800,2010-04-19 09:30,13.127938,13.436449,13.111692,13.412092,319887568
1271770200,2010-04-20 09:30,13.517627,13.590712,13.436449,13.590712,151265833
1271856600,2010-04-21 09:30,13.598822,13.720595,13.355261,13.509517,210266274
1271943000,2010-04-22 09:30,13.363388,13.623179,13.306549,13.582585,233746782
1272029400,2010-04-23 09:30,13.606933,13.679677,13.533873,13.623179,109120228
1272288600,2010-04-26 09:30,13.61506,13.61506,13.379618,13.410063,128986324.99999999
1272375000,2010-04-27 09:30,13.261905,13.412092,12.92497,12.956633,290053668
1272461400,2010-04-28 09:30,13.136048,13.233481,13.022387,13.144175,195031676.99999997
1272547800,2010-04-29 09:30,13.31466,13.517627,13.249727,13.444567,153267532
1272634200,2010-04-30 09:30,13.379618,13.420211,13.095463,13.119007,206267939
1272893400,2010-05-03 09:30,13.233481,13.403966,13.192888,13.371499,110887289
1272979800,2010-05-04 09:30,13.17665,13.217244,12.92497,13.006157,195297040
1273066200,2010-05-05 09:30,12.795071,13.152294,12.746359,12.935119,227334957
1273152600,2010-05-06 09:30,12.876258,13.022387,11.820827,12.389136,385297231.99999994
1273239000,2010-05-07 09:30,12.397255,12.61443,12.072507,12.251118,434349262
1273498200,2010-05-10 09:30,12.884377,13.006157,12.722003,12.933901,220306975
1273584600,2010-05-11 09:30,12.73824,13.095463,12.730122,12.884377,150034404
1273671000,2010-05-12 09:30,12.965564,13.038632,12.860021,13.030514,108117526
1273757400,2010-05-13 09:30,12.98992,13.022387,12.795071,12.795071,117567157
1273843800,2010-05-14 09:30,12.648935,12.657053,12.33263,12.462204,185724236
1274103000,2010-05-17 09:30,12.462204,12.575785,12.169931,12.470323,215296852
1274189400,2010-05-18 09:30,12.61646,12.624579,12.023795,12.1131,245446546
1274275800,2010-05-19 09:30,11.995379,12.251118,11.885777,12.129338,282616517
1274362200,2010-05-20 09:30,11.902014,11.942608,11.544791,11.565088,264922650
1274448600,2010-05-21 09:30,11.325586,12.127958,11.325586,11.975083,256887885
1274707800,2010-05-24 09:30,12.031913,12.031913,11.61786,11.634097,132745922
1274794200,2010-05-25 09:30,11.309349,11.747759,11.236281,11.73964,202962759.99999997
1274880600,2010-05-26 09:30,11.92637,11.950726,11.593504,11.658453,154019653
1274967000,2010-05-27 09:30,11.910133,12.194287,11.841124,12.186169,150259662
1275053400,2010-05-28 09:30,12.153694,12.161813,11.873599,11.918252,157039151
1275399000,2010-06-01 09:30,11.788352,11.958845,11.650334,11.666572,102331969
1275485400,2010-06-02 09:30,11.788352,12.031913,11.674691,12.031913,97117775
1275571800,2010-06-03 09:30,12.080626,12.104982,11.837065,11.966152,126191533
1275658200,2010-06-04 09:30,11.723403,11.788352,11.43113,11.487961,147001051
1275917400,2010-06-07 09:30,11.536673,11.593504,11.218582,11.260637,128246974.99999999
1276003800,2010-06-08 09:30,11.325586,11.504198,11.122619,11.496079,181072930
1276090200,2010-06-09 09:30,11.577266,11.666572,11.325586,11.374299,153532659
1276176600,2010-06-10 09:30,11.544791,11.772115,11.460925,11.747759,138806853
1276263000,2010-06-11 09:30,11.634097,11.820827,11.601622,11.780234,66445179
1276522200,2010-06-14 09:30,11.877658,11.934489,11.715284,11.731521,111694453
1276608600,2010-06-15 09:30,11.80459,12.031913,11.731521,12.009587,124602687
1276695000,2010-06-16 09:30,11.934489,12.080626,11.886751,12.015676,76919960
1276781400,2010-06-17 09:30,12.048151,12.064388,11.869539,11.999439,88777444
1276867800,2010-06-18 09:30,12.031913,12.064388,11.950726,12.040032,82239452
1277127000,2010-06-21 09:30,12.17805,12.218643,11.958845,12.023795,105603271
1277213400,2010-06-22 09:30,12.031913,12.088744,11.820827,11.833005,102464443
1277299800,2010-06-23 09:30,11.845183,11.903232,11.709195,11.780234,147499515
1277386200,2010-06-24 09:30,11.707165,11.809217,11.520435,11.569148,180545377
1277472600,2010-06-25 09:30,11.715284,11.910133,11.55291,11.881717,174444716
1277731800,2010-06-28 09:30,11.893896,11.92637,11.73964,11.772115,98020008
1277818200,2010-06-29 09:30,11.609741,11.625978,11.260637,11.349943,190383012
1277904600,2010-06-30 09:30,11.333705,11.463604,11.163212,11.211925,152677763
1277991000,2010-07-01 09:30,11.195687,11.284993,10.834162,11.106382,164629805
1278077400,2010-07-02 09:30,11.187569,11.203887,10.887177,10.976482,82390037
1278423000,2010-07-06 09:30,11.220043,11.276874,10.919651,11.041432,131727137.99999999
1278509400,2010-07-07 09:30,11.1145,11.55291,11.098263,11.528554,135354635
1278595800,2010-07-08 09:30,11.666572,11.682809,11.439248,11.61786,99439250
1278682200,2010-07-09 09:30,11.577266,11.80053,11.565088,11.780234,99872738
1278941400,2010-07-12 09:30,11.763996,11.820827,11.650334,11.796471,67116104
1279027800,2010-07-13 09:30,11.950726,12.153694,11.942608,12.088744,103898643
1279114200,2010-07-14 09:30,12.031913,12.040032,11.869539,11.999439,95257792
1279200600,2010-07-15 09:30,12.015676,12.040032,11.715284,11.975083,118353607.99999999
1279287000,2010-07-16 09:30,11.828946,11.853058,11.439248,11.470911,174496153
1279546200,2010-07-19 09:30,11.487961,11.536673,11.276874,11.463604,87865121
1279632600,2010-07-20 09:30,11.252518,11.601622,11.236281,11.585385,113693473
1279719000,2010-07-21 09:30,11.796471,11.796471,11.36618,11.397843,126254814
1279805400,2010-07-22 09:30,11.544791,11.780234,11.544791,11.731521,103529658
1279891800,2010-07-23 09:30,11.707165,11.853302,11.601622,11.820827,85991067
1280151000,2010-07-26 09:30,11.837065,12.007557,11.774145,11.983201,97639474
1280237400,2010-07-27 09:30,12.137456,12.194287,11.99132,12.015676,115026414.99999999
1280323800,2010-07-28 09:30,11.983201,12.05627,11.869539,11.910133,60872819
1280410200,2010-07-29 09:30,12.015676,12.072507,11.80459,11.950726,86075751
1280496600,2010-07-30 09:30,11.796471,12.023795,11.796471,11.942608,72832704
1280755800,2010-08-02 09:30,12.109041,12.251118,12.064388,12.243,120082417
1280842200,2010-08-03 09:30,12.17805,12.210525,12.088744,12.104982,81893347
1280928600,2010-08-04 09:30,12.153694,12.194287,12.080626,12.153694,82080943
1281015000,2010-08-05 09:30,12.064388,12.129338,12.031913,12.104982,50608614
1281101400,2010-08-06 09:30,11.983201,12.048151,11.837065,11.999439,101996091.99999999
1281360600,2010-08-09 09:30,12.05627,12.096863,11.942608,12.064388,49612514
1281447000,2010-08-10 09:30,11.950808,12.05627,11.873599,11.958845,81222678
1281533400,2010-08-11 09:30,11.772115,11.780234,11.520435,11.536673,117480936
1281619800,2010-08-12 09:30,11.414892,11.528554,11.374299,11.455486,88877913
1281706200,2010-08-13 09:30,11.447367,11.561029,11.423011,11.423011,64081017.00000001
1281965400,2010-08-16 09:30,11.386477,11.439248,11.333705,11.390536,68344636
1282051800,2010-08-17 09:30,11.512317,11.593504,11.414892,11.479842,79856962
1282138200,2010-08-18 09:30,11.471723,11.609741,11.43113,11.528554,68423230
1282224600,2010-08-19 09:30,11.455486,11.504198,11.236281,11.260637,124545102
1282311000,2010-08-20 09:30,11.220043,11.252518,11.122619,11.228162,81195659
1282570200,2010-08-23 09:30,11.284993,11.30123,11.146975,11.155094,66289686
1282656600,2010-08-24 09:30,11.017076,11.073907,10.935889,10.968364,116191942
1282743000,2010-08-25 09:30,10.887177,11.041432,10.789752,11.000839,90836040
1282829400,2010-08-26 09:30,11.057669,11.130738,10.879058,10.911533,88333649
1282915800,2010-08-27 09:30,10.960245,11.155094,10.838464,11.146975,107656624
1283175000,2010-08-30 09:30,11.098263,11.122619,10.903414,10.911533,78575121
1283261400,2010-08-31 09:30,10.903414,11.049551,10.822227,11.004492,131312825
1283347800,2010-09-01 09:30,11.146975,11.447367,11.138856,11.432347,163098387
1283434200,2010-09-02 09:30,11.423011,11.544791,11.414892,11.544791,82253326
1283520600,2010-09-03 09:30,11.699047,11.788352,11.650334,11.787541,109040156.00000001
1283866200,2010-09-07 09:30,11.674691,11.682809,11.504198,11.516376,69677795
1283952600,2010-09-08 09:30,11.561029,11.715284,11.55291,11.634097,63620747
1284039000,2010-09-09 09:30,11.812709,11.877658,11.707165,11.780234,100273137
1284125400,2010-09-10 09:30,11.788352,11.837065,11.748084,11.796471,48963484
1284384600,2010-09-13 09:30,11.975083,12.080626,11.975083,12.048151,93947927
1284471000,2010-09-14 09:30,12.007557,12.031913,11.877658,11.942608,81372475
1284557400,2010-09-15 09:30,11.849243,11.999439,11.812709,11.983201,91820276
1284643800,2010-09-16 09:30,11.938548,11.958845,11.869539,11.946667,65531141.00000001
1284730200,2010-09-17 09:30,11.966964,11.990914,11.845183,11.861827,80980708
1284989400,2010-09-20 09:30,11.877658,12.121219,11.861421,12.084685,64422668
1285075800,2010-09-21 09:30,12.121219,12.153694,11.934489,11.975083,103781620
1285162200,2010-09-22 09:30,11.893896,12.007557,11.755878,11.779828,114921728
1285248600,2010-09-23 09:30,11.666572,11.763996,11.528554,11.55291,127435573.99999999
1285335000,2010-09-24 09:30,11.690928,11.861421,11.682809,11.857361,94666169.99999999
1285594200,2010-09-27 09:30,11.861421,11.861421,11.707165,11.727462,76774143
1285680600,2010-09-28 09:30,11.772115,11.788352,11.61786,11.755878,101401712
1285767000,2010-09-29 09:30,11.715284,11.772115,11.609741,11.666572,82279576
1285853400,2010-09-30 09:30,11.735581,11.877658,11.642216,11.645869,132459393.00000001
1285939800,2010-10-01 09:30,11.763996,11.812709,11.642216,11.772115,162749957
1286199000,2010-10-04 09:30,11.755878,11.845183,11.634097,11.690928,105371096.00000001
1286285400,2010-10-05 09:30,11.796471,12.003498,11.709439,11.958845,163827489
1286371800,2010-10-06 09:30,11.983201,12.015676,11.910133,11.950726,79759528
1286458200,2010-10-07 09:30,12.007557,12.048151,11.833979,11.902014,88432423
1286544600,2010-10-08 09:30,11.918252,11.958845,11.869539,11.934489,76887521
1286803800,2010-10-11 09:30,11.942608,11.958845,11.869539,11.918252,50828078
1286890200,2010-10-12 09:30,11.853302,12.072507,11.828946,12.05221,81085710
1286976600,2010-10-13 09:30,12.129338,12.17805,12.031913,12.063576,138774611
1287063000,2010-10-14 09:30,11.950726,11.975083,11.73964,11.849243,208448012
1287149400,2010-10-15 09:30,11.889836,11.950726,11.569148,11.646275,163647204
1287408600,2010-10-18 09:30,11.609741,11.92637,11.609741,11.910133,96453471
1287495000,2010-10-19 09:30,11.820827,11.99132,11.699047,11.744105,180742611
1287581400,2010-10-20 09:30,11.755878,11.92637,11.650334,11.861421,118985650
1287667800,2010-10-21 09:30,11.910133,11.999439,11.763509,11.857767,90651222
1287754200,2010-10-22 09:30,11.885777,11.92637,11.820827,11.85452,50826186
1288013400,2010-10-25 09:30,11.958845,11.975083,11.796471,11.812709,56372256
1288099800,2010-10-26 09:30,11.763996,11.853302,11.73964,11.828946,58394649
1288186200,2010-10-27 09:30,11.788352,11.877658,11.747759,11.837065,77230472
1288272600,2010-10-28 09:30,11.902014,11.934489,11.763996,11.833005,71330612
1288359000,2010-10-29 09:30,11.80459,11.845183,11.756284,11.820015,49055952
1288618200,2010-11-01 09:30,11.845183,11.92637,11.707165,11.820827,80981634
1288704600,2010-11-02 09:30,11.889836,11.902014,11.820827,11.849243,67237306
1288791000,2010-11-03 09:30,11.861421,11.975083,11.772115,11.966964,133259640
1288877400,2010-11-04 09:30,12.088744,12.389136,12.080626,12.365592,205055231.99999997
1288963800,2010-11-05 09:30,12.397255,12.730122,12.36478,12.648935,203977247
1289226600,2010-11-08 09:30,12.632778,12.640816,12.437848,12.551104,110819476
1289313000,2010-11-09 09:30,12.592104,12.600222,12.234881,12.316068,150499227
1289399400,2010-11-10 09:30,12.312009,12.462204,12.210525,12.454086,150060280
1289485800,2010-11-11 09:30,12.332305,12.389136,12.267356,12.332305,73628339
1289572200,2010-11-12 09:30,12.267356,12.307949,12.096863,12.129338,109316457
1289831400,2010-11-15 09:30,12.210525,12.340424,12.169931,12.182109,88079224
1289917800,2010-11-16 09:30,12.121219,12.137456,11.885777,11.979142,167179021
1290004200,2010-11-17 09:30,11.975083,12.007557,11.869539,11.898361,111485513
1290090600,2010-11-18 09:30,12.048151,12.145575,12.015676,12.064388,105242070
1290177000,2010-11-19 09:30,11.999439,12.064388,11.950726,12.059923,53723950
1290436200,2010-11-22 09:30,11.983201,11.99132,11.80459,11.885777,119742776
1290522600,2010-11-23 09:30,11.755878,11.796471,11.690928,11.699047,104537603
1290609000,2010-11-24 09:30,11.780234,11.885777,11.747759,11.877658,72369339
1290781800,2010-11-26 09:30,11.772115,11.837065,11.707165,11.73964,39067752
1291041000,2010-11-29 09:30,11.682809,11.853302,11.658453,11.80459,101193934
1291127400,2010-11-30 09:30,11.707165,11.828946,11.690928,11.73964,94476485.00000001
1291213800,2010-12-01 09:30,11.910133,11.983201,11.877658,11.977112,102278995
1291300200,2010-12-02 09:30,12.031913,12.29983,12.015676,12.283593,139982312
1291386600,2010-12-03 09:30,12.202406,12.348543,12.137456,12.324593,112027787
1291645800,2010-12-06 09:30,12.291712,12.348543,12.243,12.30389,64943460.99999999
1291732200,2010-12-07 09:30,12.478442,12.478442,12.291712,12.324187,132058245
1291818600,2010-12-08 09:30,12.332305,12.527154,12.316068,12.523095,119802589
1291905000,2010-12-09 09:30,12.608341,12.705765,12.543391,12.67735,95743387.00000001
1291991400,2010-12-10 09:30,12.722003,12.80319,12.640816,12.790606,69726315
1292250600,2010-12-13 09:30,12.851902,12.876258,12.746359,12.782487,62231046
1292337000,2010-12-14 09:30,12.786952,12.835665,12.624579,12.669231,85939177
1292423400,2010-12-15 09:30,12.61646,12.722003,12.543391,12.567748,101594767
1292509800,2010-12-16 09:30,12.596163,12.673291,12.519035,12.583985,108252009.99999999
1292596200,2010-12-17 09:30,12.559629,12.61646,12.494679,12.608341,76250670
1292855400,2010-12-20 09:30,12.632616,12.665172,12.575866,12.61646,49914788.99999999
1292941800,2010-12-21 09:30,12.665172,12.843783,12.665172,12.835665,59331705
1293028200,2010-12-22 09:30,12.884377,13.006157,12.860021,12.977742,87952662
1293114600,2010-12-23 09:30,12.957445,12.962804,12.835665,12.884377,36282281
1293460200,2010-12-27 09:30,12.819427,12.998031,12.811309,12.998031,29756251
1293546600,2010-12-28 09:30,12.998031,13.038632,12.965564,12.999654,42043460
1293633000,2010-12-29 09:30,13.014276,13.022387,12.957445,12.973683,31054626
1293719400,2010-12-30 09:30,12.973683,12.973683,12.884377,12.933089,45404234
1293805800,2010-12-31 09:30,12.900614,12.965564,12.884377,12.949326,27097343
1294065000,2011-01-03 09:30,13.127938,13.265956,13.095463,13.233481,113633502.00000001
1294151400,2011-01-04 09:30,13.282193,13.298431,13.103582,13.213176,65808486
1294237800,2011-01-05 09:30,13.168531,13.395855,13.152294,13.371499,119722595
1294324200,2011-01-06 09:30,13.379618,13.403966,13.274083,13.283817,82465951
1294410600,2011-01-07 09:30,13.330905,13.347143,13.006157,13.164472,219395183
1294669800,2011-01-10 09:30,13.095463,13.17665,13.014276,13.131591,107101659
1294756200,2011-01-11 09:30,13.217244,13.282193,13.127938,13.184777,61667449
1294842600,2011-01-12 09:30,13.339016,13.412092,13.310365,13.406409,100844342
1294929000,2011-01-13 09:30,13.428322,13.444567,13.31466,13.359735,74749050
1295015400,2011-01-14 09:30,13.355261,13.606933,13.339016,13.574466,113426257
1295361000,2011-01-18 09:30,13.537932,13.558229,13.428322,13.493279,75522475
1295447400,2011-01-19 09:30,13.387744,13.436367,13.152294,13.192888,144628987
1295533800,2011-01-20 09:30,13.192888,13.306549,13.144175,13.257837,115552746.00000001
1295620200,2011-01-21 09:30,13.347143,13.428322,13.298431,13.364598,93392804
1295879400,2011-01-24 09:30,13.387744,13.415413,13.298431,13.349984,54905341
1295965800,2011-01-25 09:30,13.282193,13.363388,13.160421,13.322787,84987754
1296052200,2011-01-26 09:30,13.359321,13.395855,13.298431,13.310609,68261312
1296138600,2011-01-27 09:30,13.31466,13.436449,13.298431,13.427112,88305861
1296225000,2011-01-28 09:30,13.436449,13.533873,13.17665,13.192888,139326503
1296484200,2011-01-31 09:30,13.217244,13.339016,13.217244,13.31466,77885001
1296570600,2011-02-01 09:30,13.395855,13.629828,13.387744,13.590712,78692401
1296657000,2011-02-02 09:30,13.55011,13.590712,13.468923,13.485161,57424011
1296743400,2011-02-03 09:30,13.485161,13.517627,13.363388,13.489228,63656398
1296829800,2011-02-04 09:30,13.47705,13.493279,13.379618,13.483131,76695490
1297089000,2011-02-07 09:30,13.533873,13.712484,13.525754,13.680018,61832815
1297175400,2011-02-08 09:30,13.688128,13.80179,13.647535,13.777434,59947745
1297261800,2011-02-09 09:30,13.688128,13.753078,13.582585,13.680821,68816790
1297348200,2011-02-10 09:30,13.61506,13.704366,13.590712,13.680018,53698882
1297434600,2011-02-11 09:30,13.631289,13.910012,13.598822,13.867543,90954679
1297693800,2011-02-14 09:30,13.854562,13.899214,13.809901,13.874858,43153470
1297780200,2011-02-15 09:30,13.850502,13.923562,13.809901,13.856591,60697382
1297866600,2011-02-16 09:30,13.907333,13.947918,13.850502,13.931689,44105977
1297953000,2011-02-17 09:30,13.882985,13.947918,13.850502,13.915452,43672509
1298039400,2011-02-18 09:30,13.931689,13.964164,13.882985,13.946709,39709234
1298385000,2011-02-22 09:30,13.728722,13.80179,13.485161,13.519665,125882616
1298471400,2011-02-23 09:30,13.509517,13.61506,13.290312,13.460805,142503031
1298557800,2011-02-24 09:30,13.428322,13.485071,13.265956,13.428322,98972199
1298644200,2011-02-25 09:30,13.525754,13.647535,13.509517,13.615872,61210430.00000001
1298903400,2011-02-28 09:30,13.704366,13.753078,13.623179,13.680018,68239457
1298989800,2011-03-01 09:30,13.720595,13.720595,13.387744,13.387744,130847076
1299076200,2011-03-02 09:30,13.371499,13.428322,13.257837,13.306549,82341537
1299162600,2011-03-03 09:30,13.452694,13.606933,13.444567,13.578534,103515804
1299249000,2011-03-04 09:30,13.558229,13.558229,13.31466,13.412092,129274844
1299508200,2011-03-07 09:30,13.444648,13.509517,13.265956,13.322787,85392291.00000001
1299594600,2011-03-08 09:30,13.379618,13.639416,13.379618,13.61506,98175895
1299681000,2011-03-09 09:30,13.606933,13.680018,13.509517,13.61221,87256117.00000001
1299767400,2011-03-10 09:30,13.452694,13.460805,13.307369,13.339016,114727727
1299853800,2011-03-11 09:30,13.257837,13.468923,13.257837,13.428322,108088654
1300109400,2011-03-14 09:30,13.322787,13.363388,13.192888,13.306549,86418544
1300195800,2011-03-15 09:30,12.965564,13.217244,12.916852,13.152294,127457213
1300282200,2011-03-16 09:30,13.168531,13.184777,12.819427,12.908327,214809641
1300368600,2011-03-17 09:30,13.087344,13.103582,12.908733,13.062988,120396516
1300455000,2011-03-18 09:30,13.200998,13.31466,13.152294,13.209125,207766405
1300714200,2011-03-21 09:30,13.355261,13.363388,13.200998,13.270015,96068345
1300800600,2011-03-22 09:30,13.274083,13.282193,13.192888,13.200194,57001303
1300887000,2011-03-23 09:30,13.160421,13.209125,13.006157,13.164472,79964684
1300973400,2011-03-24 09:30,13.200998,13.2416,13.079226,13.229422,76953837
1301059800,2011-03-25 09:30,13.249727,13.31466,13.200998,13.265956,55675593
1301319000,2011-03-28 09:30,13.274083,13.31466,13.217244,13.221717,39297069
1301405400,2011-03-29 09:30,13.200998,13.257837,13.119819,13.249727,46950866
1301491800,2011-03-30 09:30,13.31466,13.403966,13.274083,13.355261,75908507
1301578200,2011-03-31 09:30,13.274083,13.339195,13.257837,13.306549,61010733
1301664600,2011-04-01 09:30,13.395855,13.47705,13.363388,13.420211,80976471
1301923800,2011-04-04 09:30,13.420211,13.47705,13.347143,13.401132,47204187
1302010200,2011-04-05 09:30,13.371499,13.436449,13.339016,13.395855,47416438.00000001
1302096600,2011-04-06 09:30,13.452694,13.566356,13.412092,13.55011,81881798
1302183000,2011-04-07 09:30,13.541983,13.598822,13.444567,13.485161,60967967
1302269400,2011-04-08 09:30,13.55011,13.574466,13.330905,13.363388,73348058
1302528600,2011-04-11 09:30,13.379618,13.460805,13.330905,13.363388,49668897
1302615000,2011-04-12 09:30,13.282193,13.395368,13.225354,13.31466,78944717
1302701400,2011-04-13 09:30,13.420211,13.420211,13.168531,13.215214,94781952
1302787800,2011-04-14 09:30,13.111692,13.136048,13.030514,13.095463,72511668
1302874200,2011-04-15 09:30,13.152294,13.192888,13.071115,13.103582,64390427
1303133400,2011-04-18 09:30,12.957445,12.973683,12.843783,12.92497,103281323
1303219800,2011-04-19 09:30,12.98992,12.998031,12.876258,12.965564,72306039
1303306200,2011-04-20 09:30,13.062988,13.071115,12.949326,12.998031,78520571
1303392600,2011-04-21 09:30,13.062988,13.095463,12.981801,13.071115,54391860
1303738200,2011-04-25 09:30,13.046759,13.103582,13.038632,13.05487,36996484
1303824600,2011-04-26 09:30,13.103582,13.160421,13.062988,13.136048,61934052.99999999
1303911000,2011-04-27 09:30,13.168531,13.249727,13.070384,13.217244,69815295
1303997400,2011-04-28 09:30,13.200998,13.347143,13.192888,13.322787,53821227.00000001
1304083800,2011-04-29 09:30,13.31466,13.31466,13.2416,13.298431,30540712
1304343000,2011-05-02 09:30,13.347143,13.363388,13.225354,13.2416,51187938
1304429400,2011-05-03 09:30,13.209125,13.330905,13.200998,13.298431,85393750
1304515800,2011-05-04 09:30,13.306549,13.31466,13.152294,13.184777,112605476
1304602200,2011-05-05 09:30,13.119819,13.152294,12.973683,13.014276,103447596
1304688600,2011-05-06 09:30,13.152294,13.209125,13.038632,13.079226,102457899.99999999
1304947800,2011-05-09 09:30,13.038632,13.079226,12.981801,13.046759,47938177
1305034200,2011-05-10 09:30,13.071115,13.192888,13.062988,13.168531,69345545
1305120600,2011-05-11 09:30,13.136048,13.152294,12.973683,12.98992,97223151
1305207000,2011-05-12 09:30,12.957445,13.006157,12.843783,12.98992,78924379
1305293400,2011-05-13 09:30,12.98992,13.010209,12.786952,12.80319,82289647
1305552600,2011-05-16 09:30,12.746359,12.933089,12.722003,12.786952,89966068
1305639000,2011-05-17 09:30,12.73824,12.892496,12.730122,12.884377,98771970
1305725400,2011-05-18 09:30,12.876258,12.949326,12.827546,12.941208,60190876.99999999
1305811800,2011-05-19 09:30,12.98992,12.998031,12.892496,12.941208,64401955
1305898200,2011-05-20 09:30,12.900614,12.957445,12.746359,12.762596,89483685
1306157400,2011-05-23 09:30,12.608341,12.673291,12.583985,12.583985,93647919
1306243800,2011-05-24 09:30,12.624579,12.640816,12.494679,12.567748,79612864
1306330200,2011-05-25 09:30,12.502798,12.648935,12.502798,12.575866,85773888.99999999
1306416600,2011-05-26 09:30,12.543391,12.689528,12.519847,12.640816,84699215
1306503000,2011-05-27 09:30,12.681409,12.786952,12.673291,12.730122,62009119
1306848600,2011-05-31 09:30,12.868139,12.900614,12.770715,12.860021,80193567
1306935000,2011-06-01 09:30,12.811309,12.819427,12.413492,12.42567,148951571
1307021400,2011-06-02 09:30,12.441908,12.527154,12.348543,12.437848,165970689
1307107800,2011-06-03 09:30,12.299912,12.494679,12.283593,12.356661,119779728
1307367000,2011-06-06 09:30,12.29983,12.324187,12.088744,12.121219,145523298
1307453400,2011-06-07 09:30,12.206465,12.251118,12.080626,12.092804,97857184
1307539800,2011-06-08 09:30,12.064388,12.137456,11.958845,11.983201,102267840
1307626200,2011-06-09 09:30,12.007557,12.169931,11.975083,12.121219,73395395
1307712600,2011-06-10 09:30,12.064388,12.145575,11.869539,12.040032,181676948
1307971800,2011-06-13 09:30,12.088744,12.194287,12.015676,12.161813,117741766
1308058200,2011-06-14 09:30,12.275474,12.332305,12.194287,12.222703,105009580
1308144600,2011-06-15 09:30,12.096863,12.145575,11.877658,11.958845,188841661.00000003
1308231000,2011-06-16 09:30,11.950726,12.104982,11.893896,12.023795,166012036
1308317400,2011-06-17 09:30,12.1131,12.137456,12.031913,12.089556,100495931
1308576600,2011-06-20 09:30,12.031913,12.153694,11.99132,12.080626,66123256
1308663000,2011-06-21 09:30,12.153694,12.275474,12.081194,12.251118,95621831.00000001
1308749400,2011-06-22 09:30,12.202406,12.332305,12.161813,12.17805,106290258
1308835800,2011-06-23 09:30,12.031913,12.088744,11.910133,12.05627,127317723
1308922200,2011-06-24 09:30,12.064388,12.088744,11.918252,11.983201,91584790.00000001
1309181400,2011-06-27 09:30,11.966964,12.145575,11.966964,12.104982,61332223
1309267800,2011-06-28 09:30,12.161813,12.161813,12.080626,12.161813,58679029
1309354200,2011-06-29 09:30,12.275474,12.42973,12.243,12.413492,111681604
1309440600,2011-06-30 09:30,12.454086,12.510917,12.348543,12.462204,92759087
1309527000,2011-07-01 09:30,12.437848,12.713884,12.437848,12.689528,77761158
1309872600,2011-07-05 09:30,12.657053,12.665172,12.519035,12.575866,101032115.00000001
1309959000,2011-07-06 09:30,12.486561,12.519035,12.413492,12.510917,66291184
1310045400,2011-07-07 09:30,12.665172,12.746359,12.648935,12.713884,55956288
1310131800,2011-07-08 09:30,12.519035,12.55151,12.462204,12.55151,76625903
1310391000,2011-07-11 09:30,12.381017,12.389136,12.153694,12.210525,107776801
1310477400,2011-07-12 09:30,12.161813,12.332305,12.145575,12.161813,79813546
1310563800,2011-07-13 09:30,12.234881,12.348543,12.153694,12.169931,105985638
1310650200,2011-07-14 09:30,12.275474,12.283593,12.072507,12.080626,150864291
1310736600,2011-07-15 09:30,12.17805,12.17805,11.958845,12.05627,132483041.99999999
1310995800,2011-07-18 09:30,11.99132,12.008369,11.755878,11.893896,137218855
1311082200,2011-07-19 09:30,11.934489,12.072507,11.893896,12.040844,134654878
1311168600,2011-07-20 09:30,12.104982,12.234881,12.096863,12.17805,118608112
1311255000,2011-07-21 09:30,12.307949,12.510917,12.295771,12.470323,189373687
1311341400,2011-07-22 09:30,12.494679,12.502798,12.381017,12.437848,60358707
1311600600,2011-07-25 09:30,12.312009,12.389136,12.243,12.348543,78521773
1311687000,2011-07-26 09:30,12.324187,12.397255,12.267356,12.332305,113110698.99999999
1311773400,2011-07-27 09:30,12.275474,12.275474,12.023795,12.040032,152065685
1311859800,2011-07-28 09:30,12.064388,12.186169,12.015676,12.048151,80115092
1311946200,2011-07-29 09:30,11.918252,12.133397,11.877658,12.011617,98177195
1312205400,2011-08-01 09:30,12.202406,12.202406,11.869539,11.975083,91944670
1312291800,2011-08-02 09:30,11.893896,11.934489,11.642216,11.649523,142287568
1312378200,2011-08-03 09:30,11.666572,11.723403,11.471723,11.707165,150573899
1312464600,2011-08-04 09:30,11.569148,11.601622,11.090144,11.1145,228977309
1312551000,2011-08-05 09:30,11.228162,11.293112,10.692328,10.903414,220450249
1312810200,2011-08-08 09:30,10.546191,10.789752,9.774915,9.869904,320299121
1312896600,2011-08-09 09:30,10.172731,10.635497,9.774915,10.635497,203900565
1312983000,2011-08-10 09:30,10.383817,10.391936,9.856102,9.896695,333334785
1313069400,2011-08-11 09:30,10.042832,10.651734,9.937857,10.448767,342334373
1313155800,2011-08-12 09:30,10.659853,10.814108,10.30263,10.375699,167186411
1313415000,2011-08-15 09:30,10.505598,10.716684,10.505598,10.708565,140331117
1313501400,2011-08-16 09:30,10.546191,10.67609,10.408173,10.497479,128368374
1313587800,2011-08-17 09:30,10.578666,10.702476,10.473123,10.562429,118066094
1313674200,2011-08-18 09:30,10.197087,10.205206,9.937289,10.050951,208486659
1313760600,2011-08-19 09:30,9.880458,10.197087,9.823627,9.847983,155635990
1314019800,2011-08-22 09:30,10.107781,10.1159,9.701846,9.726203,127517952
1314106200,2011-08-23 09:30,9.734321,10.042832,9.588185,10.041208,170600809.99999997
1314192600,2011-08-24 09:30,10.042832,10.335105,9.99412,10.310749,162054200
1314279000,2011-08-25 09:30,10.684209,10.822227,10.140256,10.278274,234764797
1314365400,2011-08-26 09:30,10.172731,10.456886,9.99412,10.36758,121277800
1314624600,2011-08-29 09:30,10.55431,10.814108,10.546191,10.797871,119802825
1314711000,2011-08-30 09:30,10.724803,10.814108,10.570547,10.724803,107113365
1314797400,2011-08-31 09:30,10.822227,10.944008,10.753218,10.862821,107241228
1314883800,2011-09-01 09:30,10.854702,10.895295,10.603022,10.61926,123534239.99999999
1314970200,2011-09-02 09:30,10.30263,10.359461,10.156494,10.18085,131682481
1315315800,2011-09-06 09:30,9.823627,10.026594,9.815508,10.002238,138714720
1315402200,2011-09-07 09:30,10.213325,10.497479,9.831746,10.481242,141141828
1315488600,2011-09-08 09:30,10.335105,10.456886,10.221443,10.253918,104996179
1315575000,2011-09-09 09:30,10.132138,10.197087,9.888577,9.92917,158651941
1315834200,2011-09-12 09:30,9.758677,10.059069,9.74244,10.042832,144748316
1315920600,2011-09-13 09:30,10.107781,10.221443,9.99412,10.107781,121388655
1316007000,2011-09-14 09:30,10.213325,10.351343,9.977882,10.229562,124718469
1316093400,2011-09-15 09:30,10.343224,10.497479,10.286393,10.48936,128548362.99999999
1316179800,2011-09-16 09:30,10.497479,10.586785,10.310749,10.477182,97932861
1316439000,2011-09-19 09:30,10.262037,10.286393,10.107781,10.197087,127893638
1316525400,2011-09-20 09:30,10.245799,10.335105,10.164612,10.164612,68193538
1316611800,2011-09-21 09:30,10.188969,10.209265,9.661253,9.661253,147652111
1316698200,2011-09-22 09:30,9.433929,9.506998,9.206606,9.385217,251587687.00000003
1316784600,2011-09-23 09:30,9.320268,9.523235,9.30403,9.482642,146787283
1317043800,2011-09-26 09:30,9.612541,9.921051,9.531354,9.904814,136892379
1317130200,2011-09-27 09:30,10.132138,10.229562,9.864221,9.953526,173112700
1317216600,2011-09-28 09:30,9.969764,10.026594,9.653134,9.665312,126481451
1317303000,2011-09-29 09:30,9.921051,10.002238,9.669372,9.937289,127027410
1317389400,2011-09-30 09:30,9.758677,9.831746,9.580066,9.588185,118609806
1317648600,2011-10-03 09:30,9.515116,9.693728,9.141656,9.157894,197542483
1317735000,2011-10-04 09:30,9.036113,9.55571,8.889976,9.523235,275953657
1317821400,2011-10-05 09:30,9.498879,9.718084,9.312149,9.661253,148623163
1317907800,2011-10-06 09:30,9.612541,9.977882,9.482642,9.961645,171595984
1317994200,2011-10-07 09:30,10.018476,10.018476,9.588185,9.604422,189815098
1318253400,2011-10-10 09:30,9.839864,10.099663,9.831746,10.099663,121708135
1318339800,2011-10-11 09:30,9.969764,10.172731,9.92917,10.091544,118279862
1318426200,2011-10-12 09:30,10.205206,10.521835,10.188969,10.347283,156548235
1318512600,2011-10-13 09:30,10.197168,10.221443,9.965704,10.107781,143494500
1318599000,2011-10-14 09:30,10.253918,10.310181,10.059069,10.229562,149172197
1318858200,2011-10-17 09:30,10.148375,10.172731,9.888577,9.912933,108222074
1318944600,2011-10-18 09:30,9.99412,10.513717,9.921051,10.383817,226604160
1319031000,2011-10-19 09:30,10.391936,10.562429,10.197087,10.237681,163100397
1319117400,2011-10-20 09:30,10.237681,10.43253,10.107781,10.391936,152319952
1319203800,2011-10-21 09:30,10.538073,10.67609,10.48936,10.659853,210883831
1319463000,2011-10-24 09:30,10.692328,10.919651,10.67609,10.895295,125200241
1319549400,2011-10-25 09:30,10.757277,10.765396,10.499509,10.570547,169907674
1319635800,2011-10-26 09:30,10.74104,10.822227,10.538073,10.757277,167777166
1319722200,2011-10-27 09:30,11.276874,11.504198,11.106382,11.398655,286624390
1319808600,2011-10-28 09:30,11.333705,11.447367,11.244399,11.406774,167523509
1320067800,2011-10-31 09:30,11.130738,11.203806,10.944008,10.956186,135927929
1320154200,2011-11-01 09:30,10.420351,10.716684,10.416292,10.440648,264111012
1320240600,2011-11-02 09:30,10.700447,10.781634,10.562429,10.749159,141970847
1320327000,2011-11-03 09:30,10.887177,10.976482,10.55431,10.935889,137722719
1320413400,2011-11-04 09:30,10.80599,10.822227,10.651734,10.785693,114156049
1320676200,2011-11-07 09:30,10.757277,10.850643,10.647675,10.846583,101509256.00000001
1320762600,2011-11-08 09:30,10.952126,11.082025,10.80599,11.049551,140484698
1320849000,2011-11-09 09:30,10.732921,10.757277,10.416292,10.448767,144227681
1320935400,2011-11-10 09:30,10.627378,10.635497,10.416292,10.497479,175346200
1321021800,2011-11-11 09:30,10.67609,10.797871,10.667972,10.745099,114029113
1321281000,2011-11-14 09:30,10.659853,10.67609,10.456886,10.531578,77770381
1321367400,2011-11-15 09:30,10.448767,10.659853,10.416292,10.578666,111007998
1321453800,2011-11-16 09:30,10.456886,10.55431,10.294512,10.318868,112340882
1321540200,2011-11-17 09:30,10.310749,10.351343,10.042832,10.1159,178612575
1321626600,2011-11-18 09:30,10.164612,10.205206,10.079366,10.148375,104757067
1321885800,2011-11-21 09:30,9.953526,9.977882,9.823627,9.896695,120416283
1321972200,2011-11-22 09:30,9.904814,9.945408,9.791152,9.80739,81556781
1322058600,2011-11-23 09:30,9.701846,9.701846,9.523235,9.539472,101686999
1322231400,2011-11-25 09:30,9.539472,9.718084,9.523235,9.563829,39127072
1322490600,2011-11-28 09:30,9.937289,9.945408,9.74244,9.847983,84405138
1322577000,2011-11-29 09:30,9.839864,9.912933,9.766796,9.795212,78376528
1322663400,2011-11-30 09:30,10.156494,10.448767,10.107781,10.400055,168903041
1322749800,2011-12-01 09:30,10.343224,10.383817,10.221443,10.343224,84342014.99999999
1322836200,2011-12-02 09:30,10.448767,10.67609,10.448767,10.481242,157829228
1323095400,2011-12-05 09:30,10.67609,10.822227,10.603022,10.692328,124089600
1323181800,2011-12-06 09:30,10.631438,10.765396,10.570547,10.700447,69813600
1323268200,2011-12-07 09:30,10.611141,10.862821,10.538073,10.830346,112819933.99999999
1323354600,2011-12-08 09:30,10.716684,10.716684,10.375699,10.408173,150369670
1323441000,2011-12-09 09:30,10.513717,10.692328,10.48936,10.635497,120942476
1323700200,2011-12-12 09:30,10.481242,10.48936,10.294512,10.383817,120410824
1323786600,2011-12-13 09:30,10.473123,10.513717,10.107781,10.237681,149214470
1323873000,2011-12-14 09:30,10.124019,10.318868,10.107781,10.197087,118026600
1323959400,2011-12-15 09:30,10.351343,10.36758,10.188969,10.205206,75891519
1324045800,2011-12-16 09:30,10.229562,10.326986,10.148375,10.18085,122518078
1324305000,2011-12-19 09:30,10.205206,10.221443,9.912933,9.949467,81986722
1324391400,2011-12-20 09:30,10.140175,10.375699,10.132138,10.326986,126697090.99999999
1324477800,2011-12-21 09:30,10.326986,10.408173,10.237681,10.383817,98111687
1324564200,2011-12-22 09:30,10.456886,10.627378,10.416292,10.598963,80006621
1324650600,2011-12-23 09:30,10.651816,10.692328,10.578666,10.67609,37763740
1324996200,2011-12-27 09:30,10.635497,10.724803,10.611141,10.6152,33297330
1325082600,2011-12-28 09:30,10.627297,10.627378,10.440648,10.444708,52875342
1325169000,2011-12-29 09:30,10.481242,10.61926,10.473123,10.611141,46431906.00000001
1325255400,2011-12-30 09:30,10.578666,10.611141,10.546191,10.55431,34157251
1325601000,2012-01-03 09:30,10.781634,10.935889,10.773515,10.830346,103426666.00000001
1325687400,2012-01-04 09:30,10.749159,10.838464,10.67609,10.797871,69874950
1325773800,2012-01-05 09:30,10.700447,11.000839,10.651734,10.944008,89988160
1325860200,2012-01-06 09:30,10.952126,10.952126,10.80599,10.874999,83930540
1326119400,2012-01-09 09:30,10.919651,10.984601,10.862821,10.93183,69230256
1326205800,2012-01-10 09:30,11.106382,11.171331,11.057669,11.130738,86085604
1326292200,2012-01-11 09:30,11.082025,11.268756,11.041432,11.256578,80986483
1326378600,2012-01-12 09:30,11.309349,11.36618,11.163212,11.30123,94163627
1326465000,2012-01-13 09:30,11.073907,11.228162,11.025195,11.215984,95065485
1326810600,2012-01-17 09:30,11.228162,11.341824,11.090144,11.130738,89078379
1326897000,2012-01-18 09:30,11.106382,11.317468,11.057669,11.30123,118555768.00000001
1326983400,2012-01-19 09:30,11.414892,11.447367,11.358061,11.406774,131454622
1327069800,2012-01-20 09:30,11.36618,11.496079,11.333705,11.479842,114896325
1327329000,2012-01-23 09:30,11.487961,11.601622,11.447367,11.520435,99384285.00000001
1327415400,2012-01-24 09:30,11.406774,11.520435,11.349943,11.504198,80700092
1327501800,2012-01-25 09:30,11.439248,11.560217,11.398655,11.528554,103825962
1327588200,2012-01-26 09:30,11.585385,11.642216,11.36618,11.430318,104276772.99999999
1327674600,2012-01-27 09:30,11.36618,11.512317,11.349943,11.471723,103609021
1327933800,2012-01-30 09:30,11.341824,11.390536,11.268756,11.36618,71762898
1328020200,2012-01-31 09:30,11.439248,11.455486,11.333705,11.410833,82635850
1328106600,2012-02-01 09:30,11.512317,11.674691,11.512317,11.593504,87968448
1328193000,2012-02-02 09:30,11.634097,11.699047,11.569148,11.650334,65698813
1328279400,2012-02-03 09:30,11.845183,11.966964,11.828946,11.962904,106898196.99999999
1328538600,2012-02-06 09:30,11.893896,11.918252,11.837065,11.906074,55314530
1328625000,2012-02-07 09:30,11.861421,11.942608,11.812709,11.902014,56222557
1328711400,2012-02-08 09:30,11.918252,11.99132,11.877658,11.99132,66180841
1328797800,2012-02-09 09:30,12.040032,12.064388,11.877658,11.942608,95917070
1328884200,2012-02-10 09:30,11.812709,11.845183,11.763996,11.824887,79616923
1329143400,2012-02-13 09:30,11.958845,11.975083,11.897955,11.934489,57938044
1329229800,2012-02-14 09:30,11.877658,11.885777,11.707165,11.820827,99263358.99999999
1329316200,2012-02-15 09:30,11.853302,11.910133,11.715284,11.747759,93585248
1329402600,2012-02-16 09:30,11.723403,11.934489,11.682809,11.93043,96136691
1329489000,2012-02-17 09:30,11.966964,12.023795,11.942608,12.007557,75720753
1329834600,2012-02-21 09:30,12.015676,12.072507,11.950726,11.995379,78536179
1329921000,2012-02-22 09:30,11.942608,11.983201,11.837065,11.841124,91949381
1330007400,2012-02-23 09:30,11.845183,11.950726,11.80459,11.950726,64009538
1330093800,2012-02-24 09:30,11.975083,11.99132,11.877658,11.910133,63127525.00000001
1330353000,2012-02-27 09:30,11.80459,12.031913,11.755878,11.999439,76191390
1330439400,2012-02-28 09:30,12.019735,12.064388,11.942608,12.031913,64524438
1330525800,2012-02-29 09:30,12.040032,12.145575,11.950726,11.983201,115694778.00000001
1330612200,2012-03-01 09:30,12.015676,12.153694,12.007557,12.1131,81611430
1330698600,2012-03-02 09:30,12.1131,12.145575,12.05627,12.068448,58881367
1330957800,2012-03-05 09:30,12.040032,12.040032,11.958845,12.023795,63582967
1331044200,2012-03-06 09:30,11.837065,11.869539,11.690928,11.727462,115453676
1331130600,2012-03-07 09:30,11.780234,11.893896,11.751818,11.877658,82940155.00000001
1331217000,2012-03-08 09:30,11.958845,12.015676,11.893896,11.99132,84346331.00000001
1331303400,2012-03-09 09:30,12.031913,12.153694,12.007557,12.088744,91239829
1331559000,2012-03-12 09:30,12.088744,12.096863,11.966964,12.05627,69333681
1331645400,2012-03-13 09:30,12.153694,12.535273,12.137456,12.519035,226725500
1331731800,2012-03-14 09:30,12.543391,12.583985,12.405374,12.535192,160643098
1331818200,2012-03-15 09:30,12.583985,12.778834,12.479254,12.754478,162956966
1331904600,2012-03-16 09:30,12.770715,12.795071,12.689528,12.762596,102244270
1332163800,2012-03-19 09:30,12.762596,12.965564,12.713884,12.827627,139132422
1332250200,2012-03-20 09:30,12.746359,12.92497,12.722003,12.888436,108895581.00000001
1332336600,2012-03-21 09:30,12.941208,12.949326,12.80319,12.831605,93405890
1332423000,2012-03-22 09:30,12.713884,12.754478,12.608341,12.661113,130539835
1332509400,2012-03-23 09:30,12.640816,12.786952,12.558817,12.770715,91024030
1332768600,2012-03-26 09:30,12.892496,12.973683,12.843783,12.971409,95062096
1332855000,2012-03-27 09:30,12.957445,12.998031,12.835665,12.851902,104621498
1332941400,2012-03-28 09:30,12.851902,12.916852,12.73824,12.884377,129786946
1333027800,2012-03-29 09:30,12.786952,12.819427,12.640816,12.754478,126659981.99999999
1333114200,2012-03-30 09:30,12.835665,12.842972,12.701706,12.823487,73733440
1333373400,2012-04-02 09:30,12.770715,12.981477,12.746359,12.92497,110266875
1333459800,2012-04-03 09:30,12.892496,12.916852,12.73824,12.851902,129139827
1333546200,2012-04-04 09:30,12.705765,12.73824,12.592104,12.648853,104262544
1333632600,2012-04-05 09:30,12.583985,12.697647,12.559629,12.6124,71696069
1333978200,2012-04-09 09:30,12.372899,12.486561,12.340424,12.421611,109245253.00000001
1334064600,2012-04-10 09:30,12.405374,12.462204,12.137456,12.153694,145619687
1334151000,2012-04-11 09:30,12.324187,12.393196,12.291712,12.344483,91501329
1334237400,2012-04-12 09:30,12.381017,12.592104,12.340424,12.575866,107719216
1334323800,2012-04-13 09:30,12.55151,12.55151,12.259237,12.283593,114119708.00000001
1334583000,2012-04-16 09:30,12.397255,12.454086,12.267356,12.372899,138228021
1334669400,2012-04-17 09:30,12.486561,12.583985,12.421611,12.535273,81859174
1334755800,2012-04-18 09:30,12.454086,12.559629,12.437848,12.454086,65448251
1334842200,2012-04-19 09:30,12.527154,12.527154,12.307949,12.393196,131363080
1334928600,2012-04-20 09:30,12.454086,12.456115,12.324187,12.328246,68931666
1335187800,2012-04-23 09:30,12.133397,12.2499,12.1131,12.243,91267537
1335274200,2012-04-24 09:30,12.251118,12.381017,12.251118,12.381017,76196750
1335360600,2012-04-25 09:30,12.470323,12.519035,12.372899,12.486561,91439131
1335447000,2012-04-26 09:30,12.445967,12.62263,12.437848,12.592104,58632322.00000001
1335533400,2012-04-27 09:30,12.648935,12.657053,12.510917,12.600222,58458738
1335792600,2012-04-30 09:30,12.55151,12.571807,12.445967,12.527154,71061150
1335879000,2012-05-01 09:30,12.527154,12.754478,12.510917,12.657053,103888238
1335965400,2012-05-02 09:30,12.567748,12.592104,12.462204,12.55557,69642972
1336051800,2012-05-03 09:30,12.567748,12.575866,12.405374,12.454086,104454378.00000001
1336138200,2012-05-04 09:30,12.356661,12.393196,12.210525,12.259237,95146779
1336397400,2012-05-07 09:30,12.17805,12.368839,12.17805,12.328246,101935117
1336483800,2012-05-08 09:30,12.23894,12.307949,12.137456,12.247059,101027110
1336570200,2012-05-09 09:30,12.096863,12.202406,12.015676,12.1131,116191784
1336656600,2012-05-10 09:30,12.267356,12.291712,12.133397,12.161813,79975109
1336743000,2012-05-11 09:30,11.902014,12.137456,11.885777,12.023795,123125308
1337002200,2012-05-14 09:30,11.853302,11.910133,11.772115,11.776174,112947264
1337088600,2012-05-15 09:30,11.788352,11.861421,11.690928,11.715284,122218759
1337175000,2012-05-16 09:30,11.796471,11.853302,11.536673,11.544791,143309584
1337261400,2012-05-17 09:30,11.528554,11.544791,11.30123,11.309349,190136193.99999997
1337347800,2012-05-18 09:30,11.349943,11.349943,11.138856,11.180262,151457588
1337607000,2012-05-21 09:30,11.228162,11.358061,11.122619,11.284993,106622528
1337693400,2012-05-22 09:30,11.358061,11.561029,11.293112,11.374299,121518154
1337779800,2012-05-23 09:30,11.268756,11.439248,11.163212,11.414892,137096845
1337866200,2012-05-24 09:30,11.471723,11.487961,11.30123,11.423011,99940946
1337952600,2012-05-25 09:30,11.406774,11.475782,11.349943,11.382417,51423168
1338298200,2012-05-29 09:30,11.496079,11.55291,11.439248,11.544791,90379238
1338384600,2012-05-30 09:30,11.414892,11.43113,11.275656,11.275656,104923438
1338471000,2012-05-31 09:30,11.30123,11.471723,11.187569,11.374299,110425697.99999999
1338557400,2012-06-01 09:30,11.155094,11.171331,10.944008,10.952126,124082131
1338816600,2012-06-04 09:30,11.000839,11.000839,10.797871,10.846583,97069806
1338903000,2012-06-05 09:30,10.822227,11.049551,10.814108,11.025195,123967886.00000001
1338989400,2012-06-06 09:30,11.138856,11.358061,11.090144,11.345883,120107977
1339075800,2012-06-07 09:30,11.520435,11.561029,11.309349,11.341824,114346503
1339162200,2012-06-08 09:30,11.30123,11.479842,11.220043,11.477406,74662514
1339421400,2012-06-11 09:30,11.625978,11.634097,11.252518,11.268756,126907332
1339507800,2012-06-12 09:30,11.293112,11.447367,11.195687,11.435189,105272085
1339594200,2012-06-13 09:30,11.382417,11.548851,11.341824,11.398655,118560005.00000001
1339680600,2012-06-14 09:30,11.423011,11.593504,11.390536,11.532613,127633813
1339767000,2012-06-15 09:30,11.544791,11.650334,11.463604,11.642216,104565391
1340026200,2012-06-18 09:30,11.569148,11.674691,11.520435,11.577266,83730153
1340112600,2012-06-19 09:30,11.650334,11.828946,11.642216,11.772115,79651333
1340199000,2012-06-20 09:30,11.796471,11.877658,11.682809,11.796471,108503361
1340285400,2012-06-21 09:30,11.820827,11.877658,11.512317,11.532613,88892320
1340371800,2012-06-22 09:30,11.61786,11.682809,11.577266,11.638156,55292261
1340631000,2012-06-25 09:30,11.471723,11.479842,11.341824,11.398655,62814430
1340717400,2012-06-26 09:30,11.443308,11.520435,11.358061,11.455486,65866486
1340803800,2012-06-27 09:30,11.512317,11.634097,11.447367,11.593504,69336972
1340890200,2012-06-28 09:30,11.471723,11.593504,11.382417,11.585385,86012233
1340976600,2012-06-29 09:30,11.869539,11.893896,11.780234,11.881717,76439173
1341235800,2012-07-02 09:30,11.942608,11.975083,11.812709,11.954786,75615849
1341322200,2012-07-03 09:30,11.934489,12.05627,11.910133,12.023795,39760217
1341495000,2012-07-05 09:30,11.966964,11.966964,11.824887,11.845183,54106751
1341581400,2012-07-06 09:30,11.690928,11.788352,11.682809,11.747759,55180203.00000001
1341840600,2012-07-09 09:30,11.715284,11.772115,11.666572,11.731521,45938389
1341927000,2012-07-10 09:30,11.816768,11.853302,11.593504,11.642216,79180420
1342013400,2012-07-11 09:30,11.650334,11.780234,11.634097,11.73964,98045785
1342099800,2012-07-12 09:30,11.634909,11.690928,11.569148,11.61786,66902021
1342186200,2012-07-13 09:30,11.674691,11.958845,11.674691,11.938548,96025678.00000001
1342445400,2012-07-16 09:30,11.950726,11.966964,11.861421,11.918252,61578863
1342531800,2012-07-17 09:30,11.999439,11.999439,11.796471,11.983201,77811452
1342618200,2012-07-18 09:30,11.942608,11.999439,11.885777,11.92637,68232303
1342704600,2012-07-19 09:30,11.942608,11.975083,11.80459,11.849243,61082035.00000001
1342791000,2012-07-20 09:30,11.763996,11.772115,11.658453,11.670631,69181125
1343050200,2012-07-23 09:30,11.455486,11.609741,11.439248,11.577266,72875982
1343136600,2012-07-24 09:30,11.605682,11.609741,11.439248,11.540732,55650367
1343223000,2012-07-25 09:30,11.609741,11.650334,11.520435,11.585385,55310490
1343309400,2012-07-26 09:30,11.763996,11.795659,11.690928,11.759937,69336440
1343395800,2012-07-27 09:30,11.845183,12.05627,11.788352,11.983201,85480897
1343655000,2012-07-30 09:30,11.958845,12.031913,11.92637,11.958845,45267858
1343741400,2012-07-31 09:30,11.918252,11.954786,11.877658,11.902014,57498919.00000001
1343827800,2012-08-01 09:30,11.950726,11.99132,11.845183,11.845183,99713402.00000001
1343914200,2012-08-02 09:30,11.73964,11.837065,11.642216,11.755878,78140589
1344000600,2012-08-03 09:30,11.934489,12.096863,11.918252,12.031913,98913392
1344259800,2012-08-06 09:30,12.104982,12.169931,12.064388,12.080626,50887181
1344346200,2012-08-07 09:30,12.1131,12.226762,12.104982,12.129338,43974252
1344432600,2012-08-08 09:30,12.080626,12.17805,12.072507,12.129338,32407947
1344519000,2012-08-09 09:30,12.1131,12.186169,12.088744,12.121219,32572288
1344605400,2012-08-10 09:30,12.080626,12.153694,12.048151,12.129338,21717486
1344864600,2012-08-13 09:30,12.104982,12.153694,12.05627,12.137456,20188620
1344951000,2012-08-14 09:30,12.210525,12.226762,12.096863,12.121219,28355633
1345037400,2012-08-15 09:30,12.129338,12.202406,12.106605,12.161813,24660637
1345123800,2012-08-16 09:30,12.202406,12.275474,12.129338,12.243,40129794
1345210200,2012-08-17 09:30,12.283593,12.291712,12.243,12.283593,29759010
1345469400,2012-08-20 09:30,12.275474,12.324187,12.251118,12.316068,31710318
1345555800,2012-08-21 09:30,12.36478,12.486561,12.307949,12.356661,50896483
1345642200,2012-08-22 09:30,12.316068,12.389136,12.267356,12.340424,57746880
1345728600,2012-08-23 09:30,12.316068,12.328246,12.202406,12.218643,50241974
1345815000,2012-08-24 09:30,12.169931,12.320127,12.153694,12.283593,34018510
1346074200,2012-08-27 09:30,12.324187,12.332305,12.243,12.275474,22614044
1346160600,2012-08-28 09:30,12.234881,12.332305,12.218643,12.259237,27839452
1346247000,2012-08-29 09:30,12.283593,12.316068,12.243,12.283593,22840208
1346333400,2012-08-30 09:30,12.226762,12.259237,12.153694,12.218643,31565368
1346419800,2012-08-31 09:30,12.291712,12.340424,12.214584,12.307949,64930001
1346765400,2012-09-04 09:30,12.283593,12.340424,12.234881,12.307949,36203411
1346851800,2012-09-05 09:30,12.307949,12.348543,12.267356,12.307949,32902489
1346938200,2012-09-06 09:30,12.372899,12.608341,12.372899,12.600222,64510190
1347024600,2012-09-07 09:30,12.640816,12.754478,12.640816,12.730122,57788916
1347283800,2012-09-10 09:30,12.713884,12.754478,12.61646,12.624579,52736679
1347370200,2012-09-11 09:30,12.624579,12.73824,12.600222,12.730122,70496981
1347456600,2012-09-12 09:30,12.795071,12.843783,12.746359,12.778834,62729905
1347543000,2012-09-13 09:30,12.770715,13.152294,12.730122,13.111692,172721622
1347629400,2012-09-14 09:30,13.217244,13.347143,13.17665,13.217244,150508707
1347888600,2012-09-17 09:30,13.168531,13.217244,13.062988,13.095463,60356579
1347975000,2012-09-18 09:30,13.046759,13.079226,12.98992,13.030514,81798652
1348061400,2012-09-19 09:30,13.062988,13.111692,12.998031,13.022387,80760772
1348147800,2012-09-20 09:30,12.900614,12.957445,12.835665,12.949326,81162156
1348234200,2012-09-21 09:30,13.006157,13.006157,12.843783,12.851902,42220394
1348493400,2012-09-24 09:30,12.762596,12.916852,12.762596,12.855961,46437621
1348579800,2012-09-25 09:30,12.892496,12.933089,12.657053,12.661113,88613871
1348666200,2012-09-26 09:30,12.624579,12.648935,12.543391,12.579926,64994346
1348752600,2012-09-27 09:30,12.657053,12.762596,12.61646,12.697647,57163673
1348839000,2012-09-28 09:30,12.648935,12.730122,12.600222,12.657053,56747784
1349098200,2012-10-01 09:30,12.746359,12.868139,12.681409,12.713884,66063364
1349184600,2012-10-02 09:30,12.795071,12.795071,12.681409,12.73824,54046150
1349271000,2012-10-03 09:30,12.795071,12.900614,12.713884,12.851902,68084121
1349357400,2012-10-04 09:30,12.92497,13.062988,12.900614,13.042692,96005360
1349443800,2012-10-05 09:30,13.136048,13.17665,12.998031,13.038632,76129508
1349703000,2012-10-08 09:30,12.973683,13.05487,12.957445,13.030514,36635934
1349789400,2012-10-09 09:30,13.038632,13.087344,12.908733,12.949326,90159143
1349875800,2012-10-10 09:30,12.941208,12.998031,12.868139,12.941208,76987695
1349962200,2012-10-11 09:30,13.071115,13.095463,12.98992,13.014276,75188944
1350048600,2012-10-12 09:30,12.900614,12.981801,12.795071,12.835665,91325359
1350307800,2012-10-15 09:30,12.884377,12.998031,12.827546,12.981801,68719100
1350394200,2012-10-16 09:30,13.046759,13.119819,13.022387,13.062988,94695495
1350480600,2012-10-17 09:30,13.111692,13.2416,13.09181,13.229422,70486654
1350567000,2012-10-18 09:30,13.200998,13.306549,13.184777,13.257837,63490736
1350653400,2012-10-19 09:30,13.225354,13.225354,13.014276,13.079226,75582307
1350912600,2012-10-22 09:30,13.062988,13.111692,12.957445,13.079226,129520125
1350999000,2012-10-23 09:30,12.908733,12.916852,12.811309,12.860021,79664557
1351085400,2012-10-24 09:30,12.937148,12.965564,12.843783,12.860021,64780400
1351171800,2012-10-25 09:30,12.981801,13.006157,12.80319,12.892496,65070299
1351258200,2012-10-26 09:30,12.872199,12.900614,12.73824,12.827546,69530442
1351690200,2012-10-31 09:30,12.876258,12.916852,12.819427,12.908165,53090982
1351776600,2012-11-01 09:30,12.92497,13.071115,12.900614,13.067048,72189508
1351863000,2012-11-02 09:30,13.144175,13.152294,12.961505,12.990009,66000064.00000001
1352125800,2012-11-05 09:30,12.949326,12.98992,12.827546,12.965564,54612822
1352212200,2012-11-06 09:30,13.006157,13.152294,12.998031,13.111692,49379787
1352298600,2012-11-07 09:30,12.92497,12.941208,12.648935,12.673291,143957845
1352385000,2012-11-08 09:30,12.726062,12.835665,12.559629,12.566286,114177156
1352471400,2012-11-09 09:30,12.510917,12.722003,12.494679,12.583985,95086730
1352730600,2012-11-12 09:30,12.640816,12.640816,12.559629,12.604282,41682693
1352817000,2012-11-13 09:30,12.510917,12.689528,12.486561,12.519035,64002187
1352903400,2012-11-14 09:30,12.543391,12.583985,12.259237,12.295771,84318307
1352989800,2012-11-15 09:30,12.29983,12.421611,12.267356,12.324187,85812694
1353076200,2012-11-16 09:30,12.356661,12.421611,12.226762,12.405374,77935176
1353335400,2012-11-19 09:30,12.583985,12.657053,12.575866,12.63976,64239131
1353421800,2012-11-20 09:30,12.608341,12.746359,12.567748,12.705765,49913015
1353508200,2012-11-21 09:30,12.713884,12.730122,12.632697,12.705765,32315518
1353681000,2012-11-23 09:30,12.80319,12.868139,12.770715,12.860021,25352137
1353940200,2012-11-26 09:30,12.795071,12.819427,12.730122,12.811309,37346925
1354026600,2012-11-27 09:30,12.786952,12.835665,12.681409,12.697647,61400332
1354113000,2012-11-28 09:30,12.624579,12.762596,12.527154,12.746359,58606919
1354199400,2012-11-29 09:30,12.811309,12.858397,12.746359,12.810903,48804483
1354285800,2012-11-30 09:30,12.80319,12.851902,12.746359,12.795071,36558621
1354545000,2012-12-03 09:30,12.835665,12.876258,12.73824,12.746359,62779469
1354631400,2012-12-04 09:30,12.746359,12.778834,12.648935,12.713884,48593888
1354717800,2012-12-05 09:30,12.754478,12.933089,12.722003,12.868139,57299853
1354804200,2012-12-06 09:30,12.876258,12.916852,12.835665,12.908733,42634234.00000001
1354890600,2012-12-07 09:30,12.981801,13.014276,12.92497,13.010209,44565735
1355149800,2012-12-10 09:30,12.973683,13.022387,12.933089,12.981801,59338997.00000001
1355236200,2012-12-11 09:30,13.038632,13.103582,12.998031,13.046759,58763792
1355322600,2012-12-12 09:30,13.103582,13.217244,13.071115,13.103582,68572830
1355409000,2012-12-13 09:30,13.103582,13.127938,12.998031,13.038632,50886807.00000001
1355495400,2012-12-14 09:30,13.022387,13.046759,12.973683,12.98992,43056666.00000001
1355754600,2012-12-17 09:30,13.071115,13.265956,13.062988,13.257837,85138082.99999999
1355841000,2012-12-18 09:30,13.330905,13.468923,13.282193,13.452694,86585980
1355927400,2012-12-19 09:30,13.485161,13.501398,13.363388,13.371499,90757367
1356013800,2012-12-20 09:30,13.387744,13.558229,13.37758,13.558229,76342764
1356100200,2012-12-21 09:30,13.2416,13.371499,13.225354,13.31466,72357121
1356359400,2012-12-24 09:30,13.249727,13.322787,13.2416,13.290312,29603498
1356532200,2012-12-26 09:30,13.31466,13.339016,13.2416,13.286261,36567411
1356618600,2012-12-27 09:30,13.31466,13.338943,13.062988,13.2416,54747129
1356705000,2012-12-28 09:30,13.152294,13.2416,13.119819,13.136048,39505181
1356964200,2012-12-31 09:30,13.119738,13.322787,13.082879,13.306549,73624752
1357137000,2013-01-02 09:30,13.639416,13.704366,13.590712,13.692196,86182447
1357223400,2013-01-03 09:30,13.696247,13.720595,13.623179,13.680018,59062027
1357309800,2013-01-04 09:30,13.704366,13.86674,13.671891,13.842383,54855304
1357569000,2013-01-07 09:30,13.818027,13.826146,13.728722,13.809901,44520822
1357655400,2013-01-08 09:30,13.785553,13.793679,13.704366,13.769323,51487651.00000001
1357741800,2013-01-09 09:30,13.80179,13.874858,13.704366,13.749018,59773313
1357828200,2013-01-10 09:30,13.86674,13.939808,13.80179,13.923562,75475058
1357914600,2013-01-11 09:30,13.891096,13.899214,13.80179,13.891096,52654262
1358173800,2013-01-14 09:30,13.874858,13.891096,13.769323,13.850502,47169738
1358260200,2013-01-15 09:30,13.785553,13.923562,13.761196,13.907333,51807348
1358346600,2013-01-16 09:30,13.895163,13.939808,13.834257,13.915452,71720329
1358433000,2013-01-17 09:30,13.923562,13.956045,13.86674,13.907333,69765060
1358519400,2013-01-18 09:30,13.899214,13.939808,13.826146,13.923562,70099400
1358865000,2013-01-22 09:30,13.899214,14.05347,13.899214,14.05347,52195351
1358951400,2013-01-23 09:30,14.045351,14.061597,13.972291,14.045351,46095438
1359037800,2013-01-24 09:30,14.085953,14.199614,14.05347,14.118419,82595193
1359124200,2013-01-25 09:30,14.183369,14.191488,14.094063,14.183369,56387786
1359383400,2013-01-28 09:30,14.199614,14.207725,14.069707,14.12653,38294327
1359469800,2013-01-29 09:30,14.094063,14.199614,14.077826,14.183369,46123896
1359556200,2013-01-30 09:30,14.150886,14.175258,14.085953,14.118419,39898486
1359642600,2013-01-31 09:30,14.090004,14.134657,14.045351,14.110301,43726882.00000001
1359729000,2013-02-01 09:30,14.18328,14.337624,14.18328,14.297031,71342613
1359988200,2013-02-04 09:30,14.199614,14.232081,14.102182,14.134657,61471930
1360074600,2013-02-05 09:30,14.207725,14.321387,14.183369,14.272675,58349913
1360161000,2013-02-06 09:30,14.191488,14.305149,14.175258,14.297031,36934701
1360247400,2013-02-07 09:30,14.329497,14.345743,14.144805,14.256437,62208934
1360333800,2013-02-08 09:30,14.280793,14.305149,14.248319,14.28892,54978082
1360593000,2013-02-11 09:30,14.288831,14.378226,14.264564,14.353853,35016364
1360679400,2013-02-12 09:30,14.370099,14.483761,14.321387,14.463464,68274457
1360765800,2013-02-13 09:30,14.499998,14.508117,14.378226,14.435049,49664956
1360852200,2013-02-14 09:30,14.378226,14.491888,14.36198,14.482137,38629041
1360938600,2013-02-15 09:30,14.512176,14.524354,14.370099,14.418803,78662170
1361284200,2013-02-19 09:30,14.467532,14.564948,14.451286,14.556821,54767172
1361370600,2013-02-20 09:30,14.54871,14.556821,14.329497,14.337624,67945380
1361457000,2013-02-21 09:30,14.313268,14.313268,14.167131,14.223962,64637008
1361543400,2013-02-22 09:30,14.321387,14.402582,14.292971,14.402582,53334588
1361802600,2013-02-25 09:30,14.491888,14.491888,14.004757,14.012868,88148733
1361889000,2013-02-26 09:30,14.094063,14.12653,13.931689,14.085953,91557456
1361975400,2013-02-27 09:30,14.061597,14.337624,14.05347,14.305149,77047763
1362061800,2013-02-28 09:30,14.305149,14.402582,14.248319,14.280793,76787446
1362148200,2013-03-01 09:30,14.175169,14.36198,14.094063,14.321387,63726636
1362407400,2013-03-04 09:30,14.280793,14.451286,14.264564,14.443159,44675921
1362493800,2013-03-05 09:30,14.532465,14.654254,14.508117,14.564948,81690654
1362580200,2013-03-06 09:30,14.670499,14.719203,14.597423,14.662372,69088420
1362666600,2013-03-07 09:30,14.694855,14.784161,14.694855,14.767915,59007929
1362753000,2013-03-08 09:30,14.857221,14.871827,14.711084,14.808517,75282673
1363008600,2013-03-11 09:30,14.816628,14.946527,14.776034,14.922171,60934524
1363095000,2013-03-12 09:30,14.905933,14.922171,14.80039,14.840984,40278172
1363181400,2013-03-13 09:30,14.857221,14.897823,14.804449,14.881577,29854671
1363267800,2013-03-14 09:30,14.9384,15.003358,14.914052,14.979001,82845460
1363354200,2013-03-15 09:30,14.930289,14.995239,14.857221,14.97495,61545045
1363613400,2013-03-18 09:30,14.784161,14.897823,14.751678,14.832865,50797098
1363699800,2013-03-19 09:30,14.897823,14.914052,14.662372,14.74761,80107918
1363786200,2013-03-20 09:30,14.832865,14.881577,14.808517,14.84829,77506950
1363872600,2013-03-21 09:30,14.767915,14.824738,14.666432,14.670499,70609255
1363959000,2013-03-22 09:30,14.751678,14.784161,14.67861,14.755737,54365748
1364218200,2013-03-25 09:30,14.816628,14.857221,14.638016,14.719203,61079670
1364304600,2013-03-26 09:30,14.776034,14.824738,14.719203,14.812568,59827154
1364391000,2013-03-27 09:30,14.711084,14.759788,14.662372,14.743559,39239858
1364477400,2013-03-28 09:30,14.735432,14.792271,14.702966,14.783341,31705410
1364823000,2013-04-01 09:30,14.776034,14.832865,14.662372,14.711084,27335016
1364909400,2013-04-02 09:30,14.751678,14.816628,14.743559,14.796339,49317353.00000001
1364995800,2013-04-03 09:30,14.808517,14.808517,14.499998,14.55277,109220461.00000001
1365082200,2013-04-04 09:30,14.564948,14.694855,14.564948,14.682677,68158261
1365168600,2013-04-05 09:30,14.451286,14.662372,14.42693,14.638016,73573985
1365427800,2013-04-08 09:30,14.621771,14.792271,14.560888,14.784161,51488696
1365514200,2013-04-09 09:30,14.824738,14.922171,14.767915,14.824738,62435532
1365600600,2013-04-10 09:30,14.881577,15.043951,14.881577,15.023654,82612595
1365687000,2013-04-11 09:30,15.035832,15.141294,14.987128,15.060188,60202209
1365773400,2013-04-12 09:30,14.962756,15.035832,14.914052,14.995239,56869695
1366032600,2013-04-15 09:30,14.970802,15.043951,14.662372,14.67861,88314946
1366119000,2013-04-16 09:30,14.824738,14.922171,14.727322,14.905933,55197231
1366205400,2013-04-17 09:30,14.763856,14.780093,14.508117,14.625838,97703681
1366291800,2013-04-18 09:30,14.621771,14.629897,14.410692,14.475642,76022496
1366378200,2013-04-19 09:30,14.524354,14.686728,14.508117,14.67861,67022493
1366637400,2013-04-22 09:30,14.711084,14.719203,14.54871,14.694855,53950864
1366723800,2013-04-23 09:30,14.808428,14.970883,14.792271,14.958705,92204180
1366810200,2013-04-24 09:30,14.979001,15.076434,14.962756,15.052062,46468621.00000001
1366896600,2013-04-25 09:30,15.108901,15.230673,15.076434,15.141367,44383381
1366983000,2013-04-26 09:30,15.117019,15.149494,15.011484,15.072367,29451532
1367242200,2013-04-29 09:30,15.141367,15.165723,15.076434,15.141367,36938800
1367328600,2013-04-30 09:30,15.133257,15.190096,15.068307,15.181969,50588512
1367415000,2013-05-01 09:30,15.157613,15.17385,15.003358,15.011484,49952430.00000001
1367501400,2013-05-02 09:30,15.060188,15.165723,15.035832,15.141367,54045066
1367587800,2013-05-03 09:30,15.295631,15.376818,15.279402,15.303758,50426299.00000001
1367847000,2013-05-06 09:30,15.344335,15.482369,15.336224,15.466123,29358394
1367933400,2013-05-07 09:30,15.518903,15.596031,15.433641,15.547302,48674551
1368019800,2013-05-08 09:30,15.547302,15.693447,15.498598,15.673142,77988190
1368106200,2013-05-09 09:30,15.685337,15.685337,15.518903,15.563548,46540554
1368192600,2013-05-10 09:30,15.579785,15.628497,15.531073,15.628497,65675933
1368451800,2013-05-13 09:30,15.604141,15.709693,15.563548,15.67721,38786623
1368538200,2013-05-14 09:30,15.709693,16.042543,15.693447,15.945127,42094699
1368624600,2013-05-15 09:30,15.945127,16.131857,15.904533,16.091272,58122014
1368711000,2013-05-16 09:30,16.058789,16.148094,15.945127,15.98572,46192971
1368797400,2013-05-17 09:30,16.058789,16.204933,16.05067,16.196806,59054479
1369056600,2013-05-20 09:30,16.180561,16.310468,16.164332,16.229289,40446081
1369143000,2013-05-21 09:30,16.261756,16.351062,16.221163,16.269867,44636013
1369229400,2013-05-22 09:30,16.30235,16.521563,16.034432,16.099382,118192419
1369315800,2013-05-23 09:30,15.872059,16.083145,15.823354,16.001966,73752832
1369402200,2013-05-24 09:30,15.916711,16.026322,15.847702,16.018195,62142342
1369747800,2013-05-28 09:30,16.2374,16.326706,16.107501,16.181381,58840829
1369834200,2013-05-29 09:30,16.091272,16.261756,16.058789,16.180561,59481010
1369920600,2013-05-30 09:30,16.204933,16.432257,16.17245,16.375418,68470351
1370007000,2013-05-31 09:30,16.334824,16.399774,16.099382,16.107582,73904699
1370266200,2013-06-03 09:30,16.17245,16.188688,15.872059,16.123738,123477128.00000001
1370352600,2013-06-04 09:30,16.148094,16.2374,15.937008,15.977593,77288137
1370439000,2013-06-05 09:30,15.945127,16.010076,15.656913,15.717803,108516072
1370525400,2013-06-06 09:30,15.701566,15.945127,15.604141,15.937008,87883133
1370611800,2013-06-07 09:30,16.026322,16.2374,15.977593,16.213044,65568487
1370871000,2013-06-10 09:30,16.294239,16.310468,16.164332,16.221163,81274785
1370957400,2013-06-11 09:30,16.058789,16.123738,15.928889,15.953237,87024553
1371043800,2013-06-12 09:30,16.058789,16.066899,15.75027,15.782753,79081705
1371130200,2013-06-13 09:30,15.774626,16.099382,15.734041,16.079077,85987973
1371216600,2013-06-14 09:30,16.058789,16.099382,15.843237,15.872059,54656336
1371475800,2013-06-17 09:30,15.993839,16.099382,15.937008,16.026322,56911613
1371562200,2013-06-18 09:30,16.042543,16.17245,16.026322,16.127806,42169529
1371648600,2013-06-19 09:30,16.139976,16.156205,15.896415,15.91266,75473974
1371735000,2013-06-20 09:30,15.766515,15.823265,15.506725,15.567607,126652276
1371821400,2013-06-21 09:30,15.636608,15.644735,15.336224,15.518903,105524598
1372080600,2013-06-24 09:30,15.328106,15.409293,15.084545,15.242851,96954024
1372167000,2013-06-25 09:30,15.401174,15.604141,15.36058,15.527014,80258938
1372253400,2013-06-26 09:30,15.67721,15.742159,15.587904,15.685337,82281251
1372339800,2013-06-27 09:30,15.790871,15.91266,15.766515,15.888304,52994336
1372426200,2013-06-28 09:30,15.831465,15.863932,15.701566,15.78682,63412102
1372685400,2013-07-01 09:30,15.904533,16.2374,15.831465,15.839576,73565235
1372771800,2013-07-02 09:30,15.847702,16.018195,15.782753,15.855821,74316489
1372858200,2013-07-03 09:30,15.75027,15.847702,15.701566,15.807109,30848722
1373031000,2013-07-05 09:30,15.98572,16.091272,15.876361,16.091272,46612073.00000001
1373290200,2013-07-08 09:30,16.196806,16.269867,16.156205,16.208985,58708610.00000001
1373376600,2013-07-09 09:30,16.310468,16.359172,16.196003,16.346994,93206882
1373463000,2013-07-10 09:30,16.30235,16.334824,16.164332,16.253637,71097648
1373549400,2013-07-11 09:30,16.472834,16.472834,16.286112,16.407901,74453437
1373635800,2013-07-12 09:30,16.448478,16.529673,16.407901,16.521563,53076990.00000001
1373895000,2013-07-15 09:30,16.627098,16.631157,16.495818,16.594623,32284853
1373981400,2013-07-16 09:30,16.594696,16.643335,16.456605,16.529673,44633096
1374067800,2013-07-17 09:30,16.56214,16.651446,16.521563,16.59869,46101508
1374154200,2013-07-18 09:30,16.651446,16.830065,16.643335,16.821946,57987056.99999999
1374240600,2013-07-19 09:30,16.813836,16.830065,16.72453,16.830065,40712114
1374499800,2013-07-22 09:30,16.838192,16.943727,16.813836,16.943727,32809489
1374586200,2013-07-23 09:30,16.992431,16.992431,16.865625,16.878769,37204478
1374672600,2013-07-24 09:30,16.943727,16.943727,16.72453,16.756997,45206193
1374759000,2013-07-25 09:30,16.716403,16.781353,16.618979,16.773234,46268570
1374845400,2013-07-26 09:30,16.692047,16.756997,16.586496,16.756997,37893317
1375104600,2013-07-29 09:30,16.72453,16.72453,16.570267,16.635224,35652978
1375191000,2013-07-30 09:30,16.683929,16.732641,16.578312,16.627098,29583278
1375277400,2013-07-31 09:30,16.635224,16.789463,16.610868,16.635224,56289149.00000001
1375363800,2013-08-01 09:30,16.789463,16.919371,16.773234,16.899074,41981341
1375450200,2013-08-02 09:30,16.886896,16.911252,16.838192,16.895015,38779311
1375709400,2013-08-05 09:30,16.878769,16.919371,16.830065,16.858481,25908069
1375795800,2013-08-06 09:30,16.830065,16.846303,16.692047,16.708285,31144178
1375882200,2013-08-07 09:30,16.635224,16.643335,16.513436,16.594623,47549937
1375968600,2013-08-08 09:30,16.683929,16.732641,16.513436,16.635224,53198250
1376055000,2013-08-09 09:30,16.594623,16.675802,16.545911,16.578385,25633226
1376314200,2013-08-12 09:30,16.505317,16.563528,16.456605,16.513436,33424838
1376400600,2013-08-13 09:30,16.554029,16.643335,16.432257,16.594623,37475970
1376487000,2013-08-14 09:30,16.570267,16.651446,16.521563,16.529673,37441403
1376573400,2013-08-15 09:30,16.407901,16.407901,16.229289,16.286112,76404744
1376659800,2013-08-16 09:30,16.253637,16.367299,16.221163,16.257689,40254700
1376919000,2013-08-19 09:30,16.221163,16.2374,16.034432,16.042543,47069505.99999999
1377005400,2013-08-20 09:30,16.070967,16.2374,16.010076,16.196806,52489506
1377091800,2013-08-21 09:30,16.123738,16.261756,16.010076,16.083145,57630132
1377178200,2013-08-22 09:30,16.148094,16.29829,16.131857,16.269867,39799435
1377264600,2013-08-23 09:30,16.30235,16.318595,16.204933,16.286112,31143311
1377523800,2013-08-26 09:30,16.310468,16.351062,16.180561,16.184628,36867045
1377610200,2013-08-27 09:30,15.98572,16.042543,15.758397,15.790871,89744811
1377696600,2013-08-28 09:30,15.75027,15.920771,15.709693,15.819287,63190707
1377783000,2013-08-29 09:30,15.782753,15.961364,15.766515,15.855821,33480631
1377869400,2013-08-30 09:30,15.863932,15.896415,15.734041,15.782753,32476805
1378215000,2013-09-03 09:30,15.969483,16.058789,15.823354,15.913464,52570504.99999999
1378301400,2013-09-04 09:30,15.928889,16.107501,15.888304,16.038492,38670920
1378387800,2013-09-05 09:30,16.066899,16.17245,16.038492,16.075026,37295291
1378474200,2013-09-06 09:30,16.164332,16.17245,15.896415,16.075026,48146663
1378733400,2013-09-09 09:30,16.139976,16.261756,16.099382,16.261756,40349868
1378819800,2013-09-10 09:30,16.391655,16.477308,16.383528,16.452546,45398164
1378906200,2013-09-11 09:30,16.42413,16.480961,16.383528,16.472834,39946257
1378992600,2013-09-12 09:30,16.456605,16.480961,16.334824,16.355121,42290258
1379079000,2013-09-13 09:30,16.375418,16.42413,16.326706,16.395723,36218862
1379338200,2013-09-16 09:30,16.594623,16.651446,16.545911,16.578385,49183716
1379424600,2013-09-17 09:30,16.602741,16.659572,16.574318,16.659572,42931602
1379511000,2013-09-18 09:30,16.627098,16.907193,16.578385,16.805709,62884806
1379597400,2013-09-19 09:30,16.878769,16.895015,16.708285,16.740759,49726227
1379683800,2013-09-20 09:30,16.716403,16.72453,16.56214,16.582445,54064379
1379943000,2013-09-23 09:30,16.489007,16.505317,16.326706,16.346994,62308241
1380029400,2013-09-24 09:30,16.334824,16.391655,16.229289,16.245511,49591328
1380115800,2013-09-25 09:30,16.269867,16.383528,16.188688,16.334824,48209452
1380202200,2013-09-26 09:30,16.359172,16.440367,16.261756,16.334824,35554618
1380288600,2013-09-27 09:30,16.2374,16.318595,16.202246,16.273934,60626986.99999999
1380547800,2013-09-30 09:30,16.083145,16.245511,16.066899,16.160272,49098087
1380634200,2013-10-01 09:30,16.188688,16.310468,16.17245,16.273934,50451013
1380720600,2013-10-02 09:30,16.168383,16.286112,16.123738,16.269867,46924458
1380807000,2013-10-03 09:30,16.229289,16.253637,16.018195,16.147291,57502979
1380893400,2013-10-04 09:30,16.156205,16.286112,16.139976,16.277993,36610294
1381152600,2013-10-07 09:30,16.139976,16.196806,16.075026,16.091272,35899579
1381239000,2013-10-08 09:30,16.091272,16.115628,15.863932,15.888304,90503021.00000001
1381325400,2013-10-09 09:30,15.928889,16.010076,15.815228,15.941059,97040698
1381411800,2013-10-10 09:30,16.156205,16.407901,16.148094,16.395723,94126517
1381498200,2013-10-11 09:30,16.359172,16.505317,16.311605,16.489892,47857690.99999999
1381757400,2013-10-14 09:30,16.383528,16.594623,16.359172,16.570267,45485508
1381843800,2013-10-15 09:30,16.570267,16.61889,16.416011,16.448478,57203424
1381930200,2013-10-16 09:30,16.56214,16.813836,16.549962,16.793531,92881944
1382016600,2013-10-17 09:30,16.683929,16.968075,16.683929,16.944539,65802456
1382103000,2013-10-18 09:30,16.992431,17.016803,16.870659,16.977014,51541886.99999999
1382362200,2013-10-21 09:30,16.98432,17.016803,16.927498,16.943727,35947824
1382448600,2013-10-22 09:30,17.016803,17.081737,16.951846,16.976202,38919019
1382535000,2013-10-23 09:30,16.895015,16.919371,16.797663,16.838192,44120265
1382621400,2013-10-24 09:30,16.895015,16.895015,16.783383,16.86254,34289686
1382707800,2013-10-25 09:30,16.878769,16.935608,16.838192,16.935608,34547816
1382967000,2013-10-28 09:30,16.92749,16.935608,16.86254,16.895015,26430290
1383053400,2013-10-29 09:30,16.92749,16.959964,16.886896,16.943727,27126539
1383139800,2013-10-30 09:30,16.968083,16.992439,16.821946,16.874718,43661766
1383226200,2013-10-31 09:30,16.854421,16.870659,16.692047,16.696107,60196399
1383312600,2013-11-01 09:30,16.700166,16.765115,16.651454,16.739948,41093187
1383575400,2013-11-04 09:30,16.765115,16.781353,16.700166,16.748066,23079160
1383661800,2013-11-05 09:30,16.692047,16.724522,16.631157,16.659572,31936999
1383748200,2013-11-06 09:30,16.740759,16.781353,16.700166,16.7367,35298971
1383834600,2013-11-07 09:30,16.789472,16.813828,16.545911,16.54997,55078830
1383921000,2013-11-08 09:30,16.570267,16.935608,16.554029,16.935608,78756215
1384180200,2013-11-11 09:30,16.935608,16.976202,16.870659,16.939668,28844953
1384266600,2013-11-12 09:30,16.903133,16.918559,16.732641,16.781353,35320068
1384353000,2013-11-13 09:30,16.708285,16.9939,16.683929,16.92343,52445148
1384439400,2013-11-14 09:30,16.92749,17.081745,16.888844,17.073626,43041510
1384525800,2013-11-15 09:30,17.089864,17.17105,17.057389,17.154813,45911177.00000001
1384785000,2013-11-18 09:30,17.219763,17.268475,17.106101,17.146694,52714126
1384871400,2013-11-19 09:30,17.154813,17.260356,17.122338,17.17105,35720486
1384957800,2013-11-20 09:30,17.211644,17.260356,17.065507,17.118279,39294754
1385044200,2013-11-21 09:30,17.17105,17.390255,17.162932,17.365087,45762438
1385130600,2013-11-22 09:30,17.382137,17.455205,17.349662,17.447086,34126817
1385389800,2013-11-25 09:30,17.503917,17.544511,17.438968,17.471442,34069785
1385476200,2013-11-26 09:30,17.479561,17.544511,17.447086,17.455205,34328556
1385562600,2013-11-27 09:30,17.495799,17.528273,17.455205,17.503917,19697582
1385735400,2013-11-29 09:30,17.568867,17.568867,17.430849,17.438968,14801515
1385994600,2013-12-02 09:30,17.463324,17.560748,17.382137,17.430849,37846098
1386081000,2013-12-03 09:30,17.341543,17.382137,17.162932,17.252238,34163637
1386167400,2013-12-04 09:30,17.179169,17.374018,17.146694,17.292831,53904394
1386253800,2013-12-05 09:30,17.219763,17.260356,17.11422,17.130457,45253897
1386340200,2013-12-06 09:30,17.333425,17.413556,17.252238,17.365899,37393242
1386599400,2013-12-09 09:30,17.42273,17.478749,17.406493,17.438968,27250170
1386685800,2013-12-10 09:30,17.398374,17.479561,17.374018,17.374018,37990045
1386772200,2013-12-11 09:30,17.382137,17.390255,17.106101,17.138576,79310722
1386858600,2013-12-12 09:30,17.130457,17.218139,17.093923,17.138576,48746667
1386945000,2013-12-13 09:30,17.195407,17.236,17.11422,17.154813,89239792
1387204200,2013-12-16 09:30,17.227881,17.29689,17.227881,17.260356,84121088
1387290600,2013-12-17 09:30,17.260356,17.260356,17.130457,17.146694,33274706
1387377000,2013-12-18 09:30,17.203525,17.560748,17.04927,17.544511,122103012
1387463400,2013-12-19 09:30,17.516095,17.568867,17.463405,17.520155,56266073
1387549800,2013-12-20 09:30,17.471442,17.593223,17.463324,17.540451,81229732
1387809000,2013-12-23 09:30,17.625698,17.666291,17.601342,17.625698,36451436
1387895400,2013-12-24 09:30,17.658173,17.666291,17.60946,17.658173,9113258
1388068200,2013-12-26 09:30,17.715003,17.715003,17.658173,17.698766,18363767
1388154600,2013-12-27 09:30,17.706885,17.715003,17.658173,17.690647,14714321
1388413800,2013-12-30 09:30,17.690647,17.723122,17.633816,17.658173,20001602
1388500200,2013-12-31 09:30,17.690647,17.755597,17.682529,17.747478,22784613
1388673000,2014-01-02 09:30,17.715003,17.731241,17.601342,17.650054,43705107
1388759400,2014-01-03 09:30,17.67441,17.828665,17.666291,17.771834,30366811
1389018600,2014-01-06 09:30,17.857081,17.909852,17.755597,17.788072,42823628.99999999
1389105000,2014-01-07 09:30,17.885496,17.885496,17.73936,17.792131,58540537
1389191400,2014-01-08 09:30,17.828665,17.877377,17.779953,17.853021,44296442
1389277800,2014-01-09 09:30,17.909852,17.942327,17.807638,17.917971,35893866
1389364200,2014-01-10 09:30,17.909852,17.934208,17.804309,17.885496,44822244
1389623400,2014-01-13 09:30,17.86114,17.893615,17.585104,17.617579,52490595
1389709800,2014-01-14 09:30,17.715003,17.784418,17.625698,17.763716,38603951
1389796200,2014-01-15 09:30,17.844903,17.991039,17.836784,17.974802,75972991
1389882600,2014-01-16 09:30,17.92609,17.934208,17.820547,17.86114,57945321
1389969000,2014-01-17 09:30,17.885496,17.917971,17.763716,17.804309,70701476
1390314600,2014-01-21 09:30,17.901734,17.917971,17.715003,17.820547,51129106
1390401000,2014-01-22 09:30,17.853021,17.869259,17.779953,17.828665,22315024
1390487400,2014-01-23 09:30,17.747478,17.755597,17.455205,17.536392,64686051
1390573800,2014-01-24 09:30,17.447086,17.447086,17.138576,17.138576,86854681
1390833000,2014-01-27 09:30,17.162932,17.244119,16.935608,17.033033,79396597
1390919400,2014-01-28 09:30,17.122338,17.276594,17.106101,17.260356,43564068
1391005800,2014-01-29 09:30,17.073626,17.227881,17.016795,17.057389,79381009
1391092200,2014-01-30 09:30,17.211644,17.333425,17.154813,17.30095,56641110
1391178600,2014-01-31 09:30,17.041151,17.260356,17.008676,17.097982,66012967
1391437800,2014-02-03 09:30,17.081745,17.122419,16.643335,16.667691,129572109.99999999
1391524200,2014-02-04 09:30,16.748878,16.919371,16.692047,16.830065,67934952
1391610600,2014-02-05 09:30,16.805709,16.866599,16.692047,16.813828,58096970.99999999
1391697000,2014-02-06 09:30,16.846303,17.081745,16.838184,17.073626,49261242
1391783400,2014-02-07 09:30,17.146694,17.30095,17.089864,17.284712,63093122.00000001
1392042600,2014-02-10 09:30,17.292831,17.317187,17.203525,17.30095,53275525
1392129000,2014-02-11 09:30,17.357781,17.528273,17.276594,17.479561,46270707.00000001
1392215400,2014-02-12 09:30,17.503917,17.560748,17.414612,17.479561,47792242
1392301800,2014-02-13 09:30,17.325306,17.552629,17.325306,17.544511,39806816
1392388200,2014-02-14 09:30,17.520155,17.585104,17.48768,17.568867,37442982
1392733800,2014-02-18 09:30,17.585104,17.633816,17.520155,17.601342,26184219
1392820200,2014-02-19 09:30,17.540451,17.650054,17.349662,17.357781,78955239
1392906600,2014-02-20 09:30,17.374018,17.447086,17.276594,17.406493,39186986
1392993000,2014-02-21 09:30,17.438968,17.503917,17.374018,17.438968,53131954.99999999
1393252200,2014-02-24 09:30,17.447086,17.658173,17.434908,17.568867,51944712
1393338600,2014-02-25 09:30,17.560748,17.568867,17.42273,17.463324,49409667.00000001
1393425000,2014-02-26 09:30,17.503917,17.520155,17.349662,17.438968,52262334.99999999
1393511400,2014-02-27 09:30,17.414612,17.536392,17.357781,17.528273,47739898
1393597800,2014-02-28 09:30,17.536392,17.715003,17.503917,17.617579,69304724
1393857000,2014-03-03 09:30,17.455205,17.503917,17.365899,17.479561,61125327
1393943400,2014-03-04 09:30,17.682529,17.836784,17.645994,17.836784,61536439
1394029800,2014-03-05 09:30,17.844903,18.023514,17.804309,18.023514,58734559
1394116200,2014-03-06 09:30,18.023514,18.120938,18.015395,18.080345,53489260
1394202600,2014-03-07 09:30,18.194007,18.258956,18.087652,18.161532,81592710
1394458200,2014-03-10 09:30,18.120938,18.267075,18.051848,18.169651,29088553
1394544600,2014-03-11 09:30,18.194007,18.210244,18.007277,18.04787,55610727
1394631000,2014-03-12 09:30,17.934208,18.023514,17.885496,18.015395,39342267
1394717400,2014-03-13 09:30,18.072226,18.096582,17.771834,17.812428,70157333
1394803800,2014-03-14 09:30,17.747478,17.893615,17.682529,17.698766,54465888
1395063000,2014-03-17 09:30,17.844903,17.950446,17.828665,17.885496,46365892
1395149400,2014-03-18 09:30,17.934208,17.991039,17.897674,17.974802,44184092.99999999
1395235800,2014-03-19 09:30,17.991039,18.096582,17.836703,17.966683,70012453
1395322200,2014-03-20 09:30,17.934208,18.291431,17.934208,18.250838,112280291.00000001
1395408600,2014-03-21 09:30,18.307669,18.388856,18.161532,18.185888,82750579
1395667800,2014-03-24 09:30,18.242719,18.291431,18.072226,18.177769,68536624
1395754200,2014-03-25 09:30,18.2346,18.266994,18.074094,18.161532,42122454
1395840600,2014-03-26 09:30,18.267075,18.275194,17.974802,17.974802,62542676
1395927000,2014-03-27 09:30,17.934208,18.01296,17.779953,17.877377,81057998
1396013400,2014-03-28 09:30,17.92609,18.064108,17.885496,17.950446,48951588
1396272600,2014-03-31 09:30,18.080345,18.191571,18.064108,18.137176,41072894
1396359000,2014-04-01 09:30,18.185888,18.226482,18.120938,18.169651,51682726
1396445400,2014-04-02 09:30,18.185888,18.250838,18.149354,18.210244,44591901
1396531800,2014-04-03 09:30,18.226482,18.250838,18.120938,18.177769,46658171
1396618200,2014-04-04 09:30,18.275194,18.311728,17.982921,17.999158,60237716
1396877400,2014-04-07 09:30,17.982921,17.98698,17.706885,17.723122,72939990
1396963800,2014-04-08 09:30,17.73936,17.788072,17.601342,17.747478,56332023
1397050200,2014-04-09 09:30,17.804309,17.917971,17.715003,17.901734,44933515
1397136600,2014-04-10 09:30,17.917971,17.917971,17.479561,17.48768,94514238
1397223000,2014-04-11 09:30,17.284712,17.487761,17.203525,17.276594,98116182.99999999
1397482200,2014-04-14 09:30,17.479561,17.503917,17.236,17.414612,69288483
1397568600,2014-04-15 09:30,17.455205,17.60946,17.325306,17.576985,103916130.99999999
1397655000,2014-04-16 09:30,17.658173,17.723122,17.552629,17.715003,49392490
1397741400,2014-04-17 09:30,17.73936,17.788072,17.658173,17.747478,58990803
1398087000,2014-04-21 09:30,17.755597,17.771834,17.690647,17.731241,37707593
1398173400,2014-04-22 09:30,17.755597,17.901734,17.690647,17.853102,33052510
1398259800,2014-04-23 09:30,17.836784,17.909852,17.812428,17.893615,32216630
1398346200,2014-04-24 09:30,17.974802,17.974802,17.812428,17.885496,36940577
1398432600,2014-04-25 09:30,17.840843,17.86114,17.706885,17.73936,35226456
1398691800,2014-04-28 09:30,17.73936,17.788072,17.463324,17.633816,54100832.00000001
1398778200,2014-04-29 09:30,17.67441,17.812428,17.658173,17.804309,34202240
1398864600,2014-04-30 09:30,17.755597,17.869259,17.73936,17.828665,46803614.99999999
1398951000,2014-05-01 09:30,17.828665,17.885496,17.771834,17.86114,33636737
1399037400,2014-05-02 09:30,17.869259,18.015395,17.808368,17.853021,34622475
1399296600,2014-05-05 09:30,17.690647,17.79619,17.625698,17.779953,23219904
1399383000,2014-05-06 09:30,17.731241,17.731241,17.528273,17.528273,73949778
1399469400,2014-05-07 09:30,17.617579,17.779953,17.568867,17.763716,50441038.99999999
1399555800,2014-05-08 09:30,17.73936,17.909852,17.73936,17.812428,35879393
1399642200,2014-05-09 09:30,17.804309,17.824606,17.690647,17.804309,29390279
1399901400,2014-05-12 09:30,17.893615,17.991039,17.853021,17.982921,25658171
1399987800,2014-05-13 09:30,17.991039,18.039751,17.942327,17.966683,29006375
1400074200,2014-05-14 09:30,17.950446,17.966683,17.804309,17.836784,31452082
1400160600,2014-05-15 09:30,17.755597,17.779953,17.503917,17.633816,49040995
1400247000,2014-05-16 09:30,17.641935,17.658173,17.520155,17.654113,41233366
1400506200,2014-05-19 09:30,17.60946,17.763716,17.601342,17.747478,24689388
1400592600,2014-05-20 09:30,17.715003,17.755597,17.576985,17.641935,24018175
1400679000,2014-05-21 09:30,17.706885,17.828665,17.698766,17.755597,39083243
1400765400,2014-05-22 09:30,17.779953,17.869259,17.731647,17.836784,22568571
1400851800,2014-05-23 09:30,17.86114,17.901734,17.820547,17.893615,20395424
1401197400,2014-05-27 09:30,17.934208,18.120938,17.934208,18.04787,28461703
1401283800,2014-05-28 09:30,18.007277,18.064108,17.974802,18.015395,40471933
1401370200,2014-05-29 09:30,18.055989,18.072226,17.976344,18.055989,18372183
1401456600,2014-05-30 09:30,18.015395,18.11282,18.003217,18.096582,33541329
1401715800,2014-06-02 09:30,18.11282,18.161532,18.023514,18.145295,24998082
1401802200,2014-06-03 09:30,18.096582,18.169651,18.064108,18.169651,19318097
1401888600,2014-06-04 09:30,18.11282,18.2346,18.11282,18.218363,24095902
1401975000,2014-06-05 09:30,18.250838,18.396974,18.169651,18.388856,38225919
1402061400,2014-06-06 09:30,18.437568,18.534992,18.405093,18.510636,36775666
1402320600,2014-06-09 09:30,18.518755,18.616179,18.502517,18.591823,39763710
1402407000,2014-06-10 09:30,18.543111,18.583704,18.510636,18.583704,26568428
1402493400,2014-06-11 09:30,18.510636,18.518755,18.405093,18.461924,25335941
1402579800,2014-06-12 09:30,18.453805,18.461924,18.315787,18.348262,37015588
1402666200,2014-06-13 09:30,18.396974,18.437568,18.29955,18.356381,34448791
1402925400,2014-06-16 09:30,18.323906,18.323906,18.218363,18.267075,41760924
1403011800,2014-06-17 09:30,18.242719,18.470043,18.2346,18.453805,30120516
1403098200,2014-06-18 09:30,18.445686,18.591823,18.372618,18.559348,38148378
1403184600,2014-06-19 09:30,18.567467,18.583704,18.470043,18.534992,28459880
1403271000,2014-06-20 09:30,18.543111,18.559348,18.478161,18.534992,30687011
1403530200,2014-06-23 09:30,18.534992,18.591823,18.470043,18.575586,23908282
1403616600,2014-06-24 09:30,18.534992,18.616098,18.429449,18.453805,27777628
1403703000,2014-06-25 09:30,18.364499,18.494399,18.344203,18.470043,31636994
1403789400,2014-06-26 09:30,18.445686,18.470043,18.267075,18.405093,32922132
1403875800,2014-06-27 09:30,18.348262,18.478161,18.348262,18.478161,22102908
1404135000,2014-06-30 09:30,18.437568,18.494399,18.413212,18.461924,46012211.99999999
1404221400,2014-07-01 09:30,18.502517,18.656773,18.502517,18.575586,34944840
1404307800,2014-07-02 09:30,18.567467,18.632416,18.551229,18.559348,21728245
1404394200,2014-07-03 09:30,18.689247,18.729841,18.648654,18.705485,27241874
1404739800,2014-07-07 09:30,18.681129,18.681129,18.567467,18.624298,30436945
1404826200,2014-07-08 09:30,18.591823,18.60806,18.42133,18.461924,42259197
1404912600,2014-07-09 09:30,18.48628,18.526873,18.445686,18.510636,23904816
1404999000,2014-07-10 09:30,18.307669,18.441627,18.2346,18.388856,31833252
1405085400,2014-07-11 09:30,18.364499,18.437568,18.275194,18.42133,26120271
1405344600,2014-07-14 09:30,18.599942,18.60806,18.510636,18.534992,26282507
1405431000,2014-07-15 09:30,18.632416,18.705485,18.563408,18.664891,36342801
1405517400,2014-07-16 09:30,18.681129,18.705485,18.575586,18.632416,32851048
1405603800,2014-07-17 09:30,18.543111,18.624298,18.372618,18.388856,42061092
1405690200,2014-07-18 09:30,18.445686,18.616179,18.445686,18.599942,25843192
1405949400,2014-07-21 09:30,18.502517,18.575586,18.470043,18.551229,18276275
1406035800,2014-07-22 09:30,18.599942,18.640535,18.567467,18.60806,16008971
1406122200,2014-07-23 09:30,18.616179,18.681129,18.58752,18.648654,17636242
1406208600,2014-07-24 09:30,18.697366,18.721722,18.656773,18.689247,25138735
1406295000,2014-07-25 09:30,18.616179,18.67301,18.567467,18.583704,44726579
1406554200,2014-07-28 09:30,18.567467,18.640535,18.470043,18.591823,51945757
1406640600,2014-07-29 09:30,18.616179,18.662212,18.48628,18.494399,35018081
1406727000,2014-07-30 09:30,18.567467,18.648654,18.457864,18.575586,49053243
1406813400,2014-07-31 09:30,18.445686,18.494399,18.185888,18.194007,61859458.99999999
1406899800,2014-08-01 09:30,18.145295,18.218363,17.958564,18.039751,61052156
1407159000,2014-08-04 09:30,18.104701,18.210244,18.023514,18.185888,32251184
1407245400,2014-08-05 09:30,18.096582,18.153413,17.92609,17.999158,49151909
1407331800,2014-08-06 09:30,17.942327,18.169651,17.942327,18.072226,45664230
1407418200,2014-08-07 09:30,18.153413,18.194007,17.942327,17.991039,49033446
1407504600,2014-08-08 09:30,17.982921,18.177769,17.942327,18.169651,63022151
1407763800,2014-08-11 09:30,18.202125,18.267075,18.169651,18.185888,28057761
1407850200,2014-08-12 09:30,18.129057,18.275194,18.129057,18.226482,27095958
1407936600,2014-08-13 09:30,18.267075,18.348262,18.250838,18.307669,27880666
1408023000,2014-08-14 09:30,18.332025,18.42133,18.323906,18.42133,26975317
1408109400,2014-08-15 09:30,18.502517,18.502517,18.222422,18.332025,49017660
1408368600,2014-08-18 09:30,18.42133,18.551229,18.413212,18.534992,30934068
1408455000,2014-08-19 09:30,18.575586,18.616179,18.551229,18.567467,24887490
1408541400,2014-08-20 09:30,18.534992,18.677069,18.510636,18.616179,32690741
1408627800,2014-08-21 09:30,18.656773,18.867859,18.624298,18.835384,46057457
1408714200,2014-08-22 09:30,18.835384,18.880037,18.746078,18.770434,30365257
1408973400,2014-08-25 09:30,18.85974,18.989639,18.85974,18.932808,33913046
1409059800,2014-08-26 09:30,18.916571,19.030233,18.908452,18.973402,17026681
1409146200,2014-08-27 09:30,19.022114,19.022114,18.900334,18.932808,21796942
1409232600,2014-08-28 09:30,18.843503,18.900334,18.802909,18.875977,25865276
1409319000,2014-08-29 09:30,18.932808,18.989639,18.884096,18.965283,28019754
1409664600,2014-09-02 09:30,19.022114,19.054589,18.928749,19.038351,36373818
1409751000,2014-09-03 09:30,19.11142,19.127657,18.965283,19.005877,24165955
1409837400,2014-09-04 09:30,19.022114,19.143895,18.957165,19.022114,31167179
1409923800,2014-09-05 09:30,18.997758,19.054589,18.884096,19.04647,30022914
1410183000,2014-09-08 09:30,19.030233,19.127657,18.989639,19.054589,26782630
1410269400,2014-09-09 09:30,19.013995,19.013995,18.827265,18.85974,38451277
1410355800,2014-09-10 09:30,18.867859,18.981521,18.867859,18.957165,38589775
1410442200,2014-09-11 09:30,18.892215,19.019922,18.875977,19.005877,36708599
1410528600,2014-09-12 09:30,19.005877,19.078945,18.916571,18.989639,43020179.99999999
1410787800,2014-09-15 09:30,18.989639,19.027797,18.92469,18.981521,25709354
1410874200,2014-09-16 09:30,18.932808,19.103301,18.92469,19.062708,39373583
1410960600,2014-09-17 09:30,19.103301,19.249438,19.034292,19.143895,54921651
1411047000,2014-09-18 09:30,19.241319,19.379337,19.216963,19.330625,63693213
1411133400,2014-09-19 09:30,19.354981,19.387456,19.152013,19.200725,62227165
1411392600,2014-09-22 09:30,19.160132,19.208844,19.04647,19.070826,39798507
1411479000,2014-09-23 09:30,19.030233,19.127657,18.932808,18.940927,39950982
1411565400,2014-09-24 09:30,18.981521,19.054589,18.900334,19.04647,44305281
1411651800,2014-09-25 09:30,18.981521,19.013995,18.729841,18.729841,66696006
1411738200,2014-09-26 09:30,18.786672,18.957165,18.754197,18.908452,49210915.00000001
1411997400,2014-09-29 09:30,18.721722,18.884096,18.713603,18.843503,47212739
1412083800,2014-09-30 09:30,18.880037,18.92469,18.766375,18.811028,40754586
1412170200,2014-10-01 09:30,18.770434,18.811028,18.551229,18.583704,63295140
1412256600,2014-10-02 09:30,18.591823,18.701425,18.461924,18.632416,69550754
1412343000,2014-10-03 09:30,18.802909,18.932808,18.73796,18.900334,62128917
1412602200,2014-10-06 09:30,19.030233,19.030233,18.815087,18.843503,40824952
1412688600,2014-10-07 09:30,18.79479,18.79479,18.518755,18.524113,63136876
1412775000,2014-10-08 09:30,18.534992,18.875977,18.478161,18.875977,72370460
1412861400,2014-10-09 09:30,18.85974,18.85974,18.457864,18.478161,110347320
1412947800,2014-10-10 09:30,18.437568,18.648654,18.323906,18.332025,76270098
1413207000,2014-10-13 09:30,18.340143,18.453805,18.153413,18.169651,70645381
1413293400,2014-10-14 09:30,18.218363,18.388856,18.157473,18.242719,78120858
1413379800,2014-10-15 09:30,17.982921,18.072226,17.495799,17.893615,134484384
1413466200,2014-10-16 09:30,17.585104,18.031633,17.568867,17.893615,101456967
1413552600,2014-10-17 09:30,18.129057,18.210244,17.999158,18.120938,65835431
1413811800,2014-10-20 09:30,18.080345,18.242719,18.080345,18.226482,60970553
1413898200,2014-10-21 09:30,18.388856,18.591823,18.340143,18.567467,63026041.99999999
1413984600,2014-10-22 09:30,18.599942,18.616179,18.396974,18.396974,56914297
1414071000,2014-10-23 09:30,18.60806,18.697366,18.543111,18.575586,99631113
1414157400,2014-10-24 09:30,18.60806,18.762316,18.575586,18.754197,32789474
1414416600,2014-10-27 09:30,18.689247,18.786672,18.656773,18.778553,27342033
1414503000,2014-10-28 09:30,18.827265,18.989639,18.827265,18.981521,44630802
1414589400,2014-10-29 09:30,19.013995,19.062708,18.884096,19.030233,55666834
1414675800,2014-10-30 09:30,19.013995,19.226218,18.957165,19.135776,41943272
1414762200,2014-10-31 09:30,19.354981,19.379337,19.269734,19.354981,46907541
1415025000,2014-11-03 09:30,19.403693,19.476761,19.346862,19.428049,60927021
1415111400,2014-11-04 09:30,19.354981,19.444286,19.281912,19.436168,36723140
1415197800,2014-11-05 09:30,19.60666,19.60666,19.452405,19.566067,30330604
1415284200,2014-11-06 09:30,19.533592,19.60666,19.476761,19.598542,33212121
1415370600,2014-11-07 09:30,19.60666,19.655373,19.509236,19.60666,35480516
1415629800,2014-11-10 09:30,19.60666,19.712204,19.582304,19.712204,37755619
1415716200,2014-11-11 09:30,19.720322,19.73656,19.647254,19.647254,47726606
1415802600,2014-11-12 09:30,19.582304,19.631017,19.532456,19.60666,23062172
1415889000,2014-11-13 09:30,19.622898,19.663491,19.517355,19.598542,36154859
1415975400,2014-11-14 09:30,19.590423,19.631017,19.509236,19.533592,14082099
1416234600,2014-11-17 09:30,19.476761,19.557136,19.460524,19.533592,19919711
1416321000,2014-11-18 09:30,19.525474,19.663491,19.517355,19.598542,15639320
1416407400,2014-11-19 09:30,19.566067,19.590423,19.476761,19.557948,27180180
1416493800,2014-11-20 09:30,19.460524,19.581087,19.428049,19.557948,19810539
1416580200,2014-11-21 09:30,19.777153,19.777153,19.631017,19.655373,25124847
1416839400,2014-11-24 09:30,19.720322,19.833984,19.712204,19.785272,23052015
1416925800,2014-11-25 09:30,19.825865,19.825865,19.704085,19.769035,28881219
1417012200,2014-11-26 09:30,19.769035,19.801509,19.744678,19.793391,10775673
1417185000,2014-11-28 09:30,19.809628,19.898853,19.785272,19.809628,9627136
1417444200,2014-12-01 09:30,19.704085,19.760916,19.622898,19.667551,33674075
1417530600,2014-12-02 09:30,19.655373,19.874578,19.655373,19.854281,26783300
1417617000,2014-12-03 09:30,19.874578,19.963883,19.833984,19.943587,17824939
1417703400,2014-12-04 09:30,19.92329,19.996358,19.842103,19.972002,20937658
1417789800,2014-12-05 09:30,20.077545,20.223682,20.053189,20.150613,37231776
1418049000,2014-12-08 09:30,20.126257,20.353581,20.118139,20.248038,52947070
1418135400,2014-12-09 09:30,19.988239,20.199326,19.931409,20.199326,55549628
1418221800,2014-12-10 09:30,20.142495,20.207444,19.907052,19.939527,63746038
1418308200,2014-12-11 09:30,19.996358,20.166851,19.955765,19.988239,71861757
1418394600,2014-12-12 09:30,19.833984,19.955765,19.574186,19.598542,48349087
1418653800,2014-12-15 09:30,19.712204,19.744678,19.322506,19.41993,45962830
1418740200,2014-12-16 09:30,19.314387,19.622898,19.225082,19.2332,45524198
1418826600,2014-12-17 09:30,19.322506,19.679729,19.281912,19.670798,53905036
1418913000,2014-12-18 09:30,19.972002,20.142495,19.866459,20.126257,46211027
1418999400,2014-12-19 09:30,20.085664,20.142495,19.972002,20.036952,49136332
1419258600,2014-12-22 09:30,20.093783,20.17497,20.04507,20.17497,19486724
1419345000,2014-12-23 09:30,20.248038,20.3617,20.207444,20.288631,22941862
1419431400,2014-12-24 09:30,20.353581,20.353581,20.248038,20.256156,9779038
1419604200,2014-12-26 09:30,20.321106,20.329225,20.248038,20.256156,18159649
1419863400,2014-12-29 09:30,20.239919,20.410412,20.199326,20.329225,22139486
1419949800,2014-12-30 09:30,20.29675,20.351308,20.239919,20.304869,20310383
1420036200,2014-12-31 09:30,20.377937,20.394174,20.053189,20.077545,29887594
1420209000,2015-01-02 09:30,20.183088,20.215563,19.92329,20.077545,40535352
1420468200,2015-01-05 09:30,19.947646,19.988239,19.60666,19.655373,50800346.99999999
1420554600,2015-01-06 09:30,19.655373,19.720322,19.265756,19.354981,57488207
1420641000,2015-01-07 09:30,19.517355,19.60666,19.403693,19.557948,36308360
1420727400,2015-01-08 09:30,19.785272,19.898934,19.744678,19.850221,38018313
1420813800,2015-01-09 09:30,19.890815,19.894874,19.574186,19.582304,36321940
1421073000,2015-01-12 09:30,19.582304,19.631017,19.3631,19.41993,38378949
1421159400,2015-01-13 09:30,19.54983,19.679729,19.216963,19.354981,45812425.00000001
1421245800,2015-01-14 09:30,19.04647,19.152013,18.827265,19.078945,71398029
1421332200,2015-01-15 09:30,19.013995,19.11142,18.811028,18.843503,58072319.00000001
1421418600,2015-01-16 09:30,18.79479,19.078945,18.721722,19.070826,89552476
1421764200,2015-01-20 09:30,19.127657,19.200725,18.92469,18.989639,39354070
1421850600,2015-01-21 09:30,18.981521,19.135695,18.85974,19.038351,49280533
1421937000,2015-01-22 09:30,19.152013,19.533592,19.022114,19.509236,97402641.99999999
1422023400,2015-01-23 09:30,19.492999,19.529533,19.29815,19.29815,34089410
1422282600,2015-01-26 09:30,19.261616,19.403693,19.216963,19.395574,27604580
1422369000,2015-01-27 09:30,19.127657,19.314387,19.11142,19.184488,35207499
1422455400,2015-01-28 09:30,19.281912,19.281994,18.802909,18.835384,85456220
1422541800,2015-01-29 09:30,18.811028,19.030233,18.73796,18.989639,50439151
1422628200,2015-01-30 09:30,18.770434,18.989639,18.67301,18.681129,64569125
1422887400,2015-02-02 09:30,18.729841,19.005877,18.583704,18.981521,63021994
1422973800,2015-02-03 09:30,19.054589,19.314387,19.054589,19.29815,66194669
1423060200,2015-02-04 09:30,19.257556,19.411731,19.216963,19.249438,37546024
1423146600,2015-02-05 09:30,19.306269,19.474732,19.290031,19.444286,30281898
1423233000,2015-02-06 09:30,19.622898,19.793391,19.54983,19.598542,83286430.99999999
1423492200,2015-02-09 09:30,19.509236,19.598542,19.452405,19.501117,37376102
1423578600,2015-02-10 09:30,19.647254,19.695966,19.510048,19.655373,39765631
1423665000,2015-02-11 09:30,19.631017,19.7092,19.525474,19.655373,36102021
1423751400,2015-02-12 09:30,19.687847,19.874578,19.647254,19.850221,40659172
1423837800,2015-02-13 09:30,19.85834,19.915171,19.756856,19.833984,23283754
1424183400,2015-02-17 09:30,19.801509,19.947646,19.785272,19.898934,17879719
1424269800,2015-02-18 09:30,19.874578,19.874578,19.728441,19.777153,36409300
1424356200,2015-02-19 09:30,19.728441,19.777153,19.647254,19.695966,21562939
1424442600,2015-02-20 09:30,19.663491,19.874578,19.541711,19.842103,40229781
1424701800,2015-02-23 09:30,19.817747,19.817747,19.687847,19.793391,23630570
1424788200,2015-02-24 09:30,19.842103,19.955765,19.801509,19.890815,33978548
1424874600,2015-02-25 09:30,19.874578,19.972002,19.866459,19.890815,32678598
1424961000,2015-02-26 09:30,19.915171,19.92329,19.773094,19.842103,33500488
1425047400,2015-02-27 09:30,19.817747,19.85834,19.753609,19.769035,28954822
1425306600,2015-03-02 09:30,19.777153,19.931409,19.73656,19.915171,27153660
1425393000,2015-03-03 09:30,19.85834,19.915171,19.760916,19.85834,31748090
1425479400,2015-03-04 09:30,19.777153,19.801509,19.659432,19.73656,47713314
1425565800,2015-03-05 09:30,19.769035,19.85834,19.704085,19.817747,25126824
1425652200,2015-03-06 09:30,19.890815,20.020714,19.639135,19.67161,74391397
1425907800,2015-03-09 09:30,19.687847,19.801509,19.679729,19.760916,26682631
1425994200,2015-03-10 09:30,19.590423,19.598542,19.338743,19.338743,49679922.00000001
1426080600,2015-03-11 09:30,19.395574,19.533592,19.371218,19.460524,36553161
1426167000,2015-03-12 09:30,19.622898,19.898934,19.598542,19.882696,50448488
1426253400,2015-03-13 09:30,19.833984,19.874578,19.631017,19.744678,40941701
1426512600,2015-03-16 09:30,19.825865,20.004477,19.825865,19.988239,39700130
1426599000,2015-03-17 09:30,19.92329,19.988239,19.80159,19.939527,22260322
1426685400,2015-03-18 09:30,19.890815,20.114079,19.817747,20.053189,58949871
1426771800,2015-03-19 09:30,20.053189,20.053189,19.777153,19.866459,42511724
1426858200,2015-03-20 09:30,19.890815,20.077545,19.825865,20.061308,47478636.00000001
1427117400,2015-03-23 09:30,20.020714,20.118139,19.947646,19.947646,26432574
1427203800,2015-03-24 09:30,19.931409,19.931409,19.777153,19.785272,22629046
1427290200,2015-03-25 09:30,19.809628,19.85834,19.468643,19.468643,40594688
1427376600,2015-03-26 09:30,19.387456,19.541711,19.309029,19.452405,40262296
1427463000,2015-03-27 09:30,19.452405,19.476761,19.354981,19.428049,30172006
1427722200,2015-03-30 09:30,19.574186,19.760916,19.562008,19.712204,43447648
1427808600,2015-03-31 09:30,19.614779,19.67161,19.534404,19.574186,26147559
1427895000,2015-04-01 09:30,19.525474,19.627931,19.41993,19.557948,32842355
1427981400,2015-04-02 09:30,19.509236,19.687847,19.509236,19.655373,26487748
1428327000,2015-04-06 09:30,19.492999,19.73656,19.452405,19.687847,19443829
1428413400,2015-04-07 09:30,19.728441,19.740619,19.582304,19.582304,22359667
1428499800,2015-04-08 09:30,19.598542,19.73656,19.598542,19.655373,22791421
1428586200,2015-04-09 09:30,19.622898,19.704085,19.54577,19.683788,25610772
1428672600,2015-04-10 09:30,19.695966,19.728441,19.647254,19.679729,18175631
1428931800,2015-04-13 09:30,19.647254,19.817747,19.631017,19.752797,38134961
1429018200,2015-04-14 09:30,19.73656,19.801509,19.639135,19.752797,32518159
1429104600,2015-04-15 09:30,19.793391,19.907052,19.744678,19.825865,45789164
1429191000,2015-04-16 09:30,19.817747,19.92329,19.712204,19.854281,27855414
1429277400,2015-04-17 09:30,19.760916,19.760916,19.517355,19.590423,49093703
1429536600,2015-04-20 09:30,19.663491,19.744678,19.651313,19.67161,19111425
1429623000,2015-04-21 09:30,19.744678,19.769035,19.557948,19.574186,26730491
1429709400,2015-04-22 09:30,19.590423,19.756856,19.525474,19.712204,26527141
1429795800,2015-04-23 09:30,19.679729,19.793391,19.647254,19.744678,26310142
1429882200,2015-04-24 09:30,19.704085,19.73656,19.639135,19.712204,23044812
1430141400,2015-04-27 09:30,19.73656,19.817747,19.60666,19.639135,29504134
1430227800,2015-04-28 09:30,19.60666,19.752797,19.525474,19.752797,31767379
1430314200,2015-04-29 09:30,19.639135,19.833984,19.557948,19.744678,49922908
1430400600,2015-04-30 09:30,19.687847,19.793391,19.517355,19.590423,42863426.00000001
1430487000,2015-05-01 09:30,19.695966,19.785272,19.67161,19.760916,22578835
1430746200,2015-05-04 09:30,19.842103,19.963883,19.80703,19.955765,27384041
1430832600,2015-05-05 09:30,19.898934,20.012595,19.760916,19.777153,37739803
1430919000,2015-05-06 09:30,19.85834,19.890815,19.541711,19.679729,36647819
1431005400,2015-05-07 09:30,19.598542,19.866459,19.598542,19.817747,39313984
1431091800,2015-05-08 09:30,19.92329,20.101901,19.92329,20.101901,40738192
1431351000,2015-05-11 09:30,20.101901,20.142495,19.996358,20.028833,38377262
1431437400,2015-05-12 09:30,19.939527,20.004477,19.793391,19.955765,48789335
1431523800,2015-05-13 09:30,19.955765,20.036952,19.91923,19.963883,29447644
1431610200,2015-05-14 09:30,20.061308,20.150613,20.020714,20.142495,26460954
1431696600,2015-05-15 09:30,20.150613,20.158732,19.988239,20.053189,28511756
1431955800,2015-05-18 09:30,20.061308,20.183088,20.036952,20.166851,19853467
1432042200,2015-05-19 09:30,20.207444,20.345462,20.191207,20.280513,32532239
1432128600,2015-05-20 09:30,20.321106,20.329225,20.191207,20.223682,37372185
1432215000,2015-05-21 09:30,20.183088,20.223682,20.154673,20.17497,23185766
1432301400,2015-05-22 09:30,20.134376,20.2318,20.134376,20.183088,16241464
1432647000,2015-05-26 09:30,20.150613,20.150613,19.939527,19.955765,54864464.99999999
1432733400,2015-05-27 09:30,20.012595,20.199326,19.988239,20.17497,31792073
1432819800,2015-05-28 09:30,20.126257,20.166851,20.028833,20.150613,21913446
1432906200,2015-05-29 09:30,20.150613,20.150613,19.925725,19.972002,31540067
1433165400,2015-06-01 09:30,20.077545,20.101901,19.931409,19.988239,23075794
1433251800,2015-06-02 09:30,19.972002,20.093783,19.890815,20.020714,26442466
1433338200,2015-06-03 09:30,20.093783,20.248038,20.053189,20.191207,40922565
1433424600,2015-06-04 09:30,20.134376,20.179029,19.980121,20.012595,37493365
1433511000,2015-06-05 09:30,20.158732,20.256156,20.069426,20.126257,52433750
1433770200,2015-06-08 09:30,20.158732,20.183088,19.996358,20.004477,28288748
1433856600,2015-06-09 09:30,20.020714,20.142495,19.939527,20.053189,31181331
1433943000,2015-06-10 09:30,20.166851,20.410412,20.134376,20.337344,53999864
1434029400,2015-06-11 09:30,20.426649,20.459124,20.345462,20.41853,60069525
1434115800,2015-06-12 09:30,20.369818,20.410412,20.264275,20.329225,42231411
1434375000,2015-06-15 09:30,20.199326,20.312987,20.113349,20.239919,40702591
1434461400,2015-06-16 09:30,20.248038,20.369818,20.183088,20.353581,36249544
1434547800,2015-06-17 09:30,20.41853,20.442887,20.280513,20.329225,55480808
1434634200,2015-06-18 09:30,20.41853,20.54843,20.329225,20.515955,70177886
1434720600,2015-06-19 09:30,20.369818,20.394174,20.085664,20.085664,47099121
1434979800,2015-06-22 09:30,20.377937,20.475361,20.369818,20.394174,40702403
1435066200,2015-06-23 09:30,20.451005,20.499718,20.402293,20.434768,33562044
1435152600,2015-06-24 09:30,20.402293,20.434768,20.264275,20.264275,26556755
1435239000,2015-06-25 09:30,20.321106,20.329225,20.126257,20.142495,43737251
1435325400,2015-06-26 09:30,20.2318,20.264275,20.150613,20.207444,30755288
1435584600,2015-06-29 09:30,19.988239,20.077545,19.712204,19.720322,52943521
1435671000,2015-06-30 09:30,19.915171,19.963883,19.728441,19.793391,77428805
1435757400,2015-07-01 09:30,20.101901,20.142495,19.972002,20.093783,52405881
1435843800,2015-07-02 09:30,20.085664,20.134376,19.92329,20.004477,24095650
1436189400,2015-07-06 09:30,19.777153,19.972002,19.752797,19.92329,33243447
1436275800,2015-07-07 09:30,19.890815,19.98004,19.590423,19.963883,63114605
1436362200,2015-07-08 09:30,19.695966,19.825865,19.582304,19.614779,56822784
1436448600,2015-07-09 09:30,19.890815,19.92329,19.728441,19.769035,31255012
1436535000,2015-07-10 09:30,20.04507,20.053189,19.915171,20.004477,36141849
1436794200,2015-07-13 09:30,20.17497,20.248038,20.134376,20.248038,41215426
1436880600,2015-07-14 09:30,20.183088,20.337344,20.143307,20.29675,27708267
1436967000,2015-07-15 09:30,20.394174,20.499718,20.324678,20.467243,62197497
1437053400,2015-07-16 09:30,20.621498,20.67021,20.597142,20.67021,39804812
1437139800,2015-07-17 09:30,20.653973,20.678329,20.524074,20.613379,22299887
1437399000,2015-07-20 09:30,20.67021,20.702685,20.580905,20.637735,25369004
1437485400,2015-07-21 09:30,20.645854,20.727041,20.564667,20.613379,24404516
1437571800,2015-07-22 09:30,20.621498,20.791991,20.597142,20.767635,36480543
1437658200,2015-07-23 09:30,20.783872,20.800109,20.54843,20.589023,36583223
1437744600,2015-07-24 09:30,20.564667,20.580905,20.3617,20.394174,32168535
1438003800,2015-07-27 09:30,20.256156,20.300809,20.17497,20.248038,34825467
1438090200,2015-07-28 09:30,20.410412,20.410412,20.199407,20.329225,29694687
1438176600,2015-07-29 09:30,20.394174,20.540392,20.345462,20.532192,33110892
1438263000,2015-07-30 09:30,20.499718,20.54843,20.41853,20.532192,20610101
1438349400,2015-07-31 09:30,20.507836,20.556548,20.410412,20.467243,24151742
1438608600,2015-08-03 09:30,20.467243,20.491599,20.304869,20.442887,42050362
1438695000,2015-08-04 09:30,20.459124,20.515955,20.380129,20.410412,30696662
1438781400,2015-08-05 09:30,20.54843,20.613379,20.434768,20.491599,24786160
1438867800,2015-08-06 09:30,20.507836,20.540311,20.345462,20.41853,23935484
1438954200,2015-08-07 09:30,20.402293,20.48348,20.288631,20.459124,30691892
1439213400,2015-08-10 09:30,20.597142,20.662092,20.540311,20.653973,30183582
1439299800,2015-08-11 09:30,20.459124,20.532192,20.386056,20.467243,65486675
1439386200,2015-08-12 09:30,20.29675,20.312987,19.972002,20.280513,77554875
1439472600,2015-08-13 09:30,20.329225,20.426649,20.199326,20.353581,27563810
1439559000,2015-08-14 09:30,20.329225,20.499718,20.321106,20.499718,33623082
1439818200,2015-08-17 09:30,20.410412,20.54843,20.337344,20.540311,28788014
1439904600,2015-08-18 09:30,20.515955,20.572786,20.475361,20.524074,20257540
1439991000,2015-08-19 09:30,20.467243,20.515955,20.260216,20.337344,57415839
1440077400,2015-08-20 09:30,20.126257,20.150613,19.907052,19.907052,67771396
1440163800,2015-08-21 09:30,19.655373,19.801509,19.192607,19.192607,127791056
1440423000,2015-08-24 09:30,18.015395,19.022114,15.035832,18.388856,143736181
1440509400,2015-08-25 09:30,19.04647,19.062708,18.064108,18.129057,84986624
1440595800,2015-08-26 09:30,18.551229,18.811028,18.211218,18.811028,146142399
1440682200,2015-08-27 09:30,19.054589,19.312764,18.900334,19.273794,96276535
1440768600,2015-08-28 09:30,19.200725,19.249438,19.062708,19.184488,40372052
1441027800,2015-08-31 09:30,19.062708,19.143895,19.005877,19.022114,58879759
1441114200,2015-09-01 09:30,18.616179,18.713603,18.267075,18.405093,86345243.99999999
1441200600,2015-09-02 09:30,18.648654,18.705485,18.413293,18.656773,52564549.00000001
1441287000,2015-09-03 09:30,18.713603,18.953105,18.681129,18.762316,60309042.99999999
1441373400,2015-09-04 09:30,18.494399,18.551229,18.267075,18.388856,54241987.99999999
1441719000,2015-09-08 09:30,18.746078,18.875977,18.616179,18.85974,49755494
1441805400,2015-09-09 09:30,19.030233,19.11142,18.559348,18.599942,43767452
1441891800,2015-09-10 09:30,18.583704,18.827265,18.527117,18.689247,43679180
1441978200,2015-09-11 09:30,18.599942,18.770434,18.559348,18.770434,26825740
1442237400,2015-09-14 09:30,18.729841,18.782612,18.657584,18.729841,31856084
1442323800,2015-09-15 09:30,18.802909,19.054589,18.729841,18.997758,41072404
1442410200,2015-09-16 09:30,19.013995,19.152013,18.912512,19.119538,28024864
1442496600,2015-09-17 09:30,19.103301,19.2332,18.811028,18.851621,75265703
1442583000,2015-09-18 09:30,18.502517,18.591742,18.364499,18.396974,85341058
1442842200,2015-09-21 09:30,18.518755,18.677881,18.48628,18.60806,47125095
1442928600,2015-09-22 09:30,18.332025,18.434726,18.234681,18.372618,65374415
1443015000,2015-09-23 09:30,18.380737,18.445686,18.275194,18.380737,34911677
1443101400,2015-09-24 09:30,18.169651,18.279253,18.088464,18.250838,51301203
1443187800,2015-09-25 09:30,18.510636,18.640535,18.429449,18.518755,55448804.99999999
1443447000,2015-09-28 09:30,18.388856,18.42133,18.031633,18.088464,58457299
1443533400,2015-09-29 09:30,18.104701,18.17371,17.958564,18.120938,48292688
1443619800,2015-09-30 09:30,18.364499,18.396974,18.177769,18.396974,49115649
1443706200,2015-10-01 09:30,18.388856,18.478161,18.210244,18.405093,48541552
1443792600,2015-10-02 09:30,18.007277,18.429449,17.844903,18.429449,75390449
1444051800,2015-10-05 09:30,18.559348,18.843503,18.54717,18.819147,48003714
1444138200,2015-10-06 09:30,18.778553,18.843503,18.697366,18.729841,36706540
1444224600,2015-10-07 09:30,18.851621,18.981521,18.73796,18.875977,38619739
1444311000,2015-10-08 09:30,18.802909,19.005877,18.762316,18.989639,37258883
1444397400,2015-10-09 09:30,19.030233,19.04647,18.782612,18.867859,58373495
1444656600,2015-10-12 09:30,18.85974,18.916571,18.811028,18.884096,25327059
1444743000,2015-10-13 09:30,18.819147,18.939872,18.73796,18.73796,42476982.00000001
1444829400,2015-10-14 09:30,18.746078,18.778553,18.559348,18.583704,44790195
1444915800,2015-10-15 09:30,18.689247,19.030233,18.67301,19.005877,55685218
1445002200,2015-10-16 09:30,19.062708,19.152013,19.022114,19.119538,36563792
1445261400,2015-10-19 09:30,18.997758,19.143895,18.989639,19.103301,32709547
1445347800,2015-10-20 09:30,19.103301,19.241319,19.087064,19.216963,23955523
1445434200,2015-10-21 09:30,19.241319,19.306269,19.04647,19.078945,29232425
1445520600,2015-10-22 09:30,19.119538,19.460524,19.11142,19.387456,61240297.00000001
1445607000,2015-10-23 09:30,19.541711,19.60666,19.452405,19.598542,45930459
1445866200,2015-10-26 09:30,19.598542,19.598542,19.444286,19.517355,24500137
1445952600,2015-10-27 09:30,19.41993,19.444286,19.338743,19.403693,28681020
1446039000,2015-10-28 09:30,19.444286,19.890815,19.444286,19.85834,112124178
1446125400,2015-10-29 09:30,19.850221,19.931409,19.7325,19.833984,48508110.00000001
1446211800,2015-10-30 09:30,19.785272,19.80159,19.525474,19.54983,62904600
1446474600,2015-11-02 09:30,19.598542,19.898934,19.590423,19.817747,73574757
1446561000,2015-11-03 09:30,19.809628,19.915171,19.720322,19.850221,42504200
1446647400,2015-11-04 09:30,19.850221,19.898934,19.73656,19.793391,40124168
1446733800,2015-11-05 09:30,19.793391,19.907052,19.760997,19.874578,45263419
1446820200,2015-11-06 09:30,20.248038,20.272394,20.000417,20.077545,85606494
1447079400,2015-11-09 09:30,20.101901,20.150613,19.744678,19.85834,59204182
1447165800,2015-11-10 09:30,19.809628,19.955765,19.777153,19.947646,41143474
1447252200,2015-11-11 09:30,20.036952,20.036952,19.866459,19.882696,27592589
1447338600,2015-11-12 09:30,19.833984,19.842103,19.574186,19.582304,66636658
1447425000,2015-11-13 09:30,19.48488,19.622898,19.3631,19.41993,53909500
1447684200,2015-11-16 09:30,19.3631,19.655373,19.322506,19.655373,53592047
1447770600,2015-11-17 09:30,19.73656,19.793391,19.574186,19.614779,46040273
1447857000,2015-11-18 09:30,19.728441,19.988239,19.663491,19.963883,83622012
1447943400,2015-11-19 09:30,19.972002,20.036952,19.898934,19.996358,35634060
1448029800,2015-11-20 09:30,20.053189,20.11002,19.967943,20.028833,44215290
1448289000,2015-11-23 09:30,20.020714,20.085664,19.92329,19.947646,31847553
1448375400,2015-11-24 09:30,19.825865,19.955765,19.720322,19.890815,35938040
1448461800,2015-11-25 09:30,19.898934,19.947646,19.850221,19.907052,24240345
1448634600,2015-11-27 09:30,19.939527,19.980121,19.842103,19.955765,23204878
1448893800,2015-11-30 09:30,20.020714,20.020714,19.907052,19.939527,30378975
1448980200,2015-12-01 09:30,20.012595,20.166851,19.972002,20.158732,38290817
1449066600,2015-12-02 09:30,20.207444,20.207444,19.882696,19.92329,43872366
1449153000,2015-12-03 09:30,20.036952,20.036952,19.533592,19.598542,59343470
1449239400,2015-12-04 09:30,19.720322,20.150613,19.667551,20.118139,52578423
1449498600,2015-12-07 09:30,20.093783,20.11002,19.83642,19.931409,31399621
1449585000,2015-12-08 09:30,19.712204,19.85834,19.631017,19.679729,35718813
1449671400,2015-12-09 09:30,19.590423,19.805569,19.338743,19.452405,66664013
1449757800,2015-12-10 09:30,19.444286,19.655373,19.380149,19.468643,58195554
1449844200,2015-12-11 09:30,19.176369,19.29815,18.932808,19.038351,89594704
1450103400,2015-12-14 09:30,19.054589,19.208844,18.869564,19.078945,71991225
1450189800,2015-12-15 09:30,19.273794,19.631017,19.257556,19.525474,93387874
1450276200,2015-12-16 09:30,19.704085,19.907052,19.517355,19.842103,102265448
1450362600,2015-12-17 09:30,19.915171,19.915171,19.533592,19.557948,70955030
1450449000,2015-12-18 09:30,19.29815,19.322506,18.916571,18.916571,113665645
1450708200,2015-12-21 09:30,19.070826,19.168251,18.93289,19.103301,50757950.00000001
1450794600,2015-12-22 09:30,19.216963,19.322506,19.04647,19.281912,57121342
1450881000,2015-12-23 09:30,19.403693,19.541711,19.342803,19.509236,40651801
1450967400,2015-12-24 09:30,19.533592,19.598542,19.444286,19.492999,13852776
1451313000,2015-12-28 09:30,19.411812,19.48488,19.315037,19.476761,16756894
1451399400,2015-12-29 09:30,19.639135,19.704085,19.574186,19.679729,38062634
1451485800,2015-12-30 09:30,19.639135,19.67161,19.509236,19.541711,19350541
1451572200,2015-12-31 09:30,19.346862,19.574186,19.306269,19.346862,59189547
1451917800,2016-01-04 09:30,18.949046,18.989639,18.754197,18.973402,93442413
1452004200,2016-01-05 09:30,19.005877,19.103301,18.875977,19.04647,52127228
1452090600,2016-01-06 09:30,18.766375,18.867859,18.656773,18.754197,77294064
1452177000,2016-01-07 09:30,18.364499,18.534992,18.153413,18.226482,92061092
1452263400,2016-01-08 09:30,18.388856,18.405093,17.901734,17.942327,83077067
1452522600,2016-01-11 09:30,18.039751,18.072226,17.788072,17.966683,71028412
1452609000,2016-01-12 09:30,18.153413,18.185888,17.869259,18.104701,80680990
1452695400,2016-01-13 09:30,18.177769,18.254897,17.552629,17.633816,125598839
1452781800,2016-01-14 09:30,17.67441,17.934208,17.499858,17.788072,95320096
1452868200,2016-01-15 09:30,17.187288,17.471442,17.155625,17.390255,94418340.99999999
1453213800,2016-01-19 09:30,17.576985,17.641935,17.260356,17.382137,83828720
1453300200,2016-01-20 09:30,17.024914,17.203525,16.667691,17.041151,107745547.00000001
1453386600,2016-01-21 09:30,17.057389,17.276594,16.907193,16.968083,91548597
1453473000,2016-01-22 09:30,17.187288,17.349662,17.154813,17.276594,59369135.99999999
1453732200,2016-01-25 09:30,17.203525,17.266039,16.886896,16.92749,79028643
1453818600,2016-01-26 09:30,16.992439,17.260356,16.968083,17.211644,64011398
1453905000,2016-01-27 09:30,17.154813,17.447086,17.024914,17.146694,77251718
1453991400,2016-01-28 09:30,17.252238,17.333425,17.037092,17.154813,79953676
1454077800,2016-01-29 09:30,17.276594,17.641935,17.219763,17.633816,100578045
1454337000,2016-02-01 09:30,17.552629,17.650054,17.430849,17.560748,84611352
1454423400,2016-02-02 09:30,17.309068,17.333425,17.033033,17.073626,86208165
1454509800,2016-02-03 09:30,17.17105,17.17105,16.602741,17.089864,152019644
1454596200,2016-02-04 09:30,16.98432,17.357781,16.98432,17.236,97068131
1454682600,2016-02-05 09:30,17.252238,17.341543,16.959964,17.008676,81554688
1454941800,2016-02-08 09:30,16.765115,16.821946,16.351062,16.578385,132390604
1455028200,2016-02-09 09:30,16.253637,16.667691,16.253637,16.554029,169023567
1455114600,2016-02-10 09:30,16.679869,16.870577,16.456605,16.464724,80884474
1455201000,2016-02-11 09:30,16.026314,16.139976,15.855821,15.961364,155528361
1455287400,2016-02-12 09:30,16.342943,16.635216,16.267033,16.635216,119711022
1455633000,2016-02-16 09:30,16.919371,16.976202,16.748878,16.903133,97553508
1455719400,2016-02-17 09:30,17.065507,17.211644,17.061935,17.130457,79893341
1455805800,2016-02-18 09:30,17.195407,17.195407,16.951846,17.033033,79538672
1455892200,2016-02-19 09:30,16.895015,17.106101,16.87415,17.033033,91535739
1456151400,2016-02-22 09:30,17.236,17.369959,17.236,17.30095,52439034
1456237800,2016-02-23 09:30,17.211644,17.236,16.959964,16.992439,71595416
1456324200,2016-02-24 09:30,16.748878,17.000558,16.602741,16.951846,89075411
1456410600,2016-02-25 09:30,16.951846,17.199466,16.951846,17.187288,87765416
1456497000,2016-02-26 09:30,17.30095,17.463324,17.211644,17.309068,100155165
1456756200,2016-02-29 09:30,17.292831,17.382056,17.11422,17.122338,70887719
1456842600,2016-03-01 09:30,17.244119,17.731241,17.244119,17.698766,100283875
1456929000,2016-03-02 09:30,17.715003,17.901734,17.686588,17.893615,89916498.00000001
1457015400,2016-03-03 09:30,17.877377,18.023514,17.80025,18.015395,76688797
1457101800,2016-03-04 09:30,18.104701,18.177769,17.950446,18.088464,70748872
1457361000,2016-03-07 09:30,17.966683,18.100642,17.909852,18.080345,48279676.99999999
1457447400,2016-03-08 09:30,17.917971,17.991039,17.763716,17.788072,94740240
1457533800,2016-03-09 09:30,17.853021,17.901734,17.747478,17.812428,59948765
1457620200,2016-03-10 09:30,17.92609,18.007277,17.585104,17.79619,95271878
1457706600,2016-03-11 09:30,17.974802,18.283312,17.974802,18.258956,79330865
1457962200,2016-03-14 09:30,18.202125,18.250838,18.090493,18.202125,55380451
1458048600,2016-03-15 09:30,18.080345,18.194007,18.015395,18.194007,75743623
1458135000,2016-03-16 09:30,18.096582,18.267075,18.015395,18.153413,72422605
1458221400,2016-03-17 09:30,18.104701,18.429449,18.025544,18.372618,65898189
1458307800,2016-03-18 09:30,18.405093,18.526873,18.354026,18.453805,65069495
1458567000,2016-03-21 09:30,18.396974,18.543111,18.344203,18.42133,47512258
1458653400,2016-03-22 09:30,18.291431,18.433508,18.250838,18.364499,43507986.99999999
1458739800,2016-03-23 09:30,18.332025,18.36044,18.218363,18.226482,55945185
1458826200,2016-03-24 09:30,18.064108,18.11282,17.942327,18.11282,48529332
1459171800,2016-03-28 09:30,18.137176,18.226482,18.080345,18.169651,36142552
1459258200,2016-03-29 09:30,18.096582,18.210244,17.991039,18.202125,44464212
1459344600,2016-03-30 09:30,18.29955,18.443657,18.283312,18.307669,37658256
1459431000,2016-03-31 09:30,18.258956,18.380737,18.226482,18.267075,39969517
1459517400,2016-04-01 09:30,18.177769,18.453805,18.104701,18.429449,45780193
1459776600,2016-04-04 09:30,18.413212,18.453805,18.29955,18.340143,38567486
1459863000,2016-04-05 09:30,18.169651,18.202125,18.04787,18.080345,61680393
1459949400,2016-04-06 09:30,18.04787,18.194007,17.991039,18.177769,38152009
1460035800,2016-04-07 09:30,18.04787,18.064108,17.73936,17.836784,51345458
1460122200,2016-04-08 09:30,17.958564,18.080345,17.865199,17.901734,55989711.00000001
1460381400,2016-04-11 09:30,17.982921,18.129057,17.958564,17.974802,45449836
1460467800,2016-04-12 09:30,17.999158,18.2346,17.958564,18.202125,48254295
1460554200,2016-04-13 09:30,18.388856,18.632416,18.372618,18.616179,69690447
1460640600,2016-04-14 09:30,18.526873,18.754197,18.526873,18.656773,52085628.00000001
1460727000,2016-04-15 09:30,18.705485,18.729841,18.559348,18.591823,53933510
1460986200,2016-04-18 09:30,18.502517,18.746078,18.48628,18.729841,52464874
1461072600,2016-04-19 09:30,18.786672,18.965283,18.786672,18.965283,57202982.00000001
1461159000,2016-04-20 09:30,18.957165,19.143895,18.949046,19.11142,74787142
1461245400,2016-04-21 09:30,19.103301,19.184488,18.892215,18.940927,63474042.99999999
1461331800,2016-04-22 09:30,18.957165,19.160132,18.957165,19.119538,46755617
1461591000,2016-04-25 09:30,19.038351,19.095182,18.940927,19.078945,38212148
1461677400,2016-04-26 09:30,19.095182,19.223214,19.067822,19.200725,41689320
1461763800,2016-04-27 09:30,19.184488,19.29815,19.119538,19.2332,56949680
1461850200,2016-04-28 09:30,19.070826,19.225082,18.961224,19.030233,74894914
1461936600,2016-04-29 09:30,18.92469,18.997758,18.754197,18.92469,60353676
1462195800,2016-05-02 09:30,18.940927,19.119538,18.896274,19.095182,43590266
1462282200,2016-05-03 09:30,18.875977,18.892215,18.689247,18.851621,44168090
1462368600,2016-05-04 09:30,18.632416,18.79885,18.616179,18.705485,46493990.99999999
1462455000,2016-05-05 09:30,18.746078,18.817117,18.648654,18.697366,47070779
1462541400,2016-05-06 09:30,18.559348,18.786672,18.559348,18.778553,38986981
1462800600,2016-05-09 09:30,18.746078,18.835384,18.658234,18.729841,32008131
1462887000,2016-05-10 09:30,18.819147,19.001817,18.811028,18.997758,37571187
1462973400,2016-05-11 09:30,18.940927,18.989639,18.778553,18.79479,31979937
1463059800,2016-05-12 09:30,18.85974,18.940927,18.689247,18.802909,35275732
1463146200,2016-05-13 09:30,18.762316,18.892215,18.543111,18.575586,45565669
1463405400,2016-05-16 09:30,18.575586,18.754197,18.559348,18.67301,33816124
1463491800,2016-05-17 09:30,18.624298,18.705485,18.48628,18.567467,45484315
1463578200,2016-05-18 09:30,18.510636,18.908452,18.510636,18.892215,100301091.99999999
1463664600,2016-05-19 09:30,18.802909,18.892215,18.599942,18.713603,66242237
1463751000,2016-05-20 09:30,18.811028,18.949046,18.780989,18.843503,35786430
1464010200,2016-05-23 09:30,18.802909,18.892215,18.746078,18.827265,38598411
1464096600,2016-05-24 09:30,18.957165,19.152013,18.932808,19.11142,47414422
1464183000,2016-05-25 09:30,19.192607,19.407752,19.184488,19.314387,51703113.00000001
1464269400,2016-05-26 09:30,19.322506,19.346862,19.176369,19.200725,36219666
1464355800,2016-05-27 09:30,19.2332,19.338743,19.208844,19.330625,37048103
1464701400,2016-05-31 09:30,19.428049,19.428049,19.216963,19.281912,40908941
1464787800,2016-06-01 09:30,19.143895,19.346862,19.062708,19.322506,38475037
1464874200,2016-06-02 09:30,19.273794,19.3631,19.208844,19.3631,28243631
1464960600,2016-06-03 09:30,19.127657,19.139835,18.884096,19.087064,86133894.00000001
1465219800,2016-06-06 09:30,19.095182,19.290031,19.078945,19.200725,46953094
1465306200,2016-06-07 09:30,19.216963,19.273794,19.143895,19.160132,26519413
1465392600,2016-06-08 09:30,19.127657,19.225082,19.127657,19.176369,30487872
1465479000,2016-06-09 09:30,19.062708,19.095182,18.940927,19.038351,39594478
1465565400,2016-06-10 09:30,18.819147,18.888643,18.746078,18.802909,47377541
1465824600,2016-06-13 09:30,18.697366,18.916571,18.664891,18.67301,56290986
1465911000,2016-06-14 09:30,18.599942,18.697366,18.29955,18.396974,66927633
1465997400,2016-06-15 09:30,18.445686,18.629088,18.405093,18.42133,58068815
1466083800,2016-06-16 09:30,18.275194,18.48628,18.169651,18.470043,71530209
1466170200,2016-06-17 09:30,18.396974,18.445686,18.275194,18.356381,46551886.00000001
1466429400,2016-06-20 09:30,18.648654,18.746078,18.453805,18.461924,70608374
1466515800,2016-06-21 09:30,18.534992,18.607979,18.453805,18.567467,40331842
1466602200,2016-06-22 09:30,18.567467,18.705485,18.510636,18.551229,54036983
1466688600,2016-06-23 09:30,18.770434,18.940927,18.762316,18.940927,73788860
1466775000,2016-06-24 09:30,17.950446,18.340143,17.86114,17.92609,166012260
1467034200,2016-06-27 09:30,17.658173,17.682529,17.309068,17.414612,145870500
1467120600,2016-06-28 09:30,17.731241,17.86114,17.576985,17.86114,109786739
1467207000,2016-06-29 09:30,18.015395,18.267075,17.974883,18.267075,100067811
1467293400,2016-06-30 09:30,18.323906,18.559348,18.2346,18.555289,72749809
1467379800,2016-07-01 09:30,18.48628,18.591823,18.429449,18.461924,45121896.00000001
1467725400,2016-07-05 09:30,18.283312,18.332025,18.096582,18.185888,59591998
1467811800,2016-07-06 09:30,18.031633,18.258956,17.991039,18.2346,58595575
1467898200,2016-07-07 09:30,18.291431,18.409152,18.169651,18.258956,65770176
1467984600,2016-07-08 09:30,18.510636,18.632416,18.487092,18.60806,55359911
1468243800,2016-07-11 09:30,18.705485,18.770434,18.648654,18.713603,42582515
1468330200,2016-07-12 09:30,18.851621,18.973402,18.827265,18.949046,55091674
1468416600,2016-07-13 09:30,18.932808,18.989639,18.843503,18.949046,57410865
1468503000,2016-07-14 09:30,19.322506,19.322506,19.078945,19.127657,67078935
1468589400,2016-07-15 09:30,19.200725,19.216963,18.973402,19.095182,62747798
1468848600,2016-07-18 09:30,19.103301,19.184488,19.087064,19.160132,38976123
1468935000,2016-07-19 09:30,19.070826,19.176369,19.04647,19.168251,30795658
1469021400,2016-07-20 09:30,19.241319,19.241319,19.119538,19.200725,31836371
1469107800,2016-07-21 09:30,19.176369,19.208844,19.078945,19.103301,36546057
1469194200,2016-07-22 09:30,19.127657,19.2332,19.095182,19.225082,23498625
1469453400,2016-07-25 09:30,19.192607,19.2332,19.127657,19.184488,37118133
1469539800,2016-07-26 09:30,19.135776,19.225082,19.122542,19.200725,34504468
1469626200,2016-07-27 09:30,19.168251,19.249438,19.127657,19.192607,50739829
1469712600,2016-07-28 09:30,19.143895,19.273794,19.078945,19.2332,33020793
1469799000,2016-07-29 09:30,19.160132,19.290031,19.160132,19.200725,54472601.99999999
1470058200,2016-08-01 09:30,19.216963,19.29815,19.11142,19.152013,39432964
1470144600,2016-08-02 09:30,19.095182,19.168251,18.940927,18.989639,39732856
1470231000,2016-08-03 09:30,18.989639,19.192607,18.989639,19.184488,33531183
1470317400,2016-08-04 09:30,19.168251,19.200725,19.095182,19.135776,31381702
1470403800,2016-08-05 09:30,19.338743,19.501117,19.281912,19.501117,51572671.00000001
1470663000,2016-08-08 09:30,19.557948,19.582304,19.468643,19.525474,45046314.99999999
1470749400,2016-08-09 09:30,19.517355,19.574186,19.492999,19.541711,32258998
1470835800,2016-08-10 09:30,19.525474,19.557948,19.354981,19.387456,33564970
1470922200,2016-08-11 09:30,19.428049,19.476761,19.354981,19.428049,25154346
1471008600,2016-08-12 09:30,19.29815,19.403693,19.290031,19.371218,28878463
1471267800,2016-08-15 09:30,19.444286,19.517355,19.428049,19.501117,26291405
1471354200,2016-08-16 09:30,19.468643,19.497058,19.403693,19.452405,27653648
1471440600,2016-08-17 09:30,19.452405,19.525474,19.403693,19.517355,25691684
1471527000,2016-08-18 09:30,19.48488,19.541711,19.444286,19.501117,26610650
1471613400,2016-08-19 09:30,19.444286,19.509236,19.371218,19.492999,31528657
1471872600,2016-08-22 09:30,19.460524,19.509236,19.411812,19.492999,32536585
1471959000,2016-08-23 09:30,19.566067,19.614779,19.517355,19.517355,29873041
1472045400,2016-08-24 09:30,19.525474,19.574186,19.460524,19.509236,24313515
1472131800,2016-08-25 09:30,19.48488,19.582304,19.460524,19.54983,27265665
1472218200,2016-08-26 09:30,19.60666,19.716263,19.452405,19.574186,64991566
1472477400,2016-08-29 09:30,19.622898,19.817747,19.598542,19.744678,40475299
1472563800,2016-08-30 09:30,19.777153,19.92329,19.752797,19.92329,39382286
1472650200,2016-08-31 09:30,19.931409,19.952598,19.777153,19.939527,56419228
1472736600,2016-09-01 09:30,19.988239,20.004477,19.704085,19.85834,62997471
1472823000,2016-09-02 09:30,19.882696,20.004477,19.85834,19.947646,66957702
1473168600,2016-09-06 09:30,19.939527,19.967943,19.760916,19.915171,60335423
1473255000,2016-09-07 09:30,19.842103,19.931409,19.801509,19.907052,38693810
1473341400,2016-09-08 09:30,19.907052,19.963883,19.850221,19.890815,72108453
1473427800,2016-09-09 09:30,19.777153,19.846162,19.517355,19.517355,66515921
1473687000,2016-09-12 09:30,19.428049,19.809547,19.338743,19.73656,87204399
1473773400,2016-09-13 09:30,19.509236,19.557948,19.314387,19.387456,83279848
1473859800,2016-09-14 09:30,19.387456,19.517355,19.281912,19.338743,82925541.99999999
1473946200,2016-09-15 09:30,19.29815,19.509236,19.257556,19.452405,76530588
1474032600,2016-09-16 09:30,19.281912,19.290031,19.119538,19.176369,75279991
1474291800,2016-09-19 09:30,19.35,19.4499,19.23,19.31,50396136
1474378200,2016-09-20 09:30,19.45,19.48,19.29,19.32,39903177
1474464600,2016-09-21 09:30,19.41,19.46,19.25,19.44,64029726
1474551000,2016-09-22 09:30,19.54,19.56,19.44,19.48,38355740
1474637400,2016-09-23 09:30,19.41,19.51,19.35,19.38,59009524
1474896600,2016-09-26 09:30,19.26,19.27,19.02,19.07,54188999
1474983000,2016-09-27 09:30,19,19.24,18.94,19.22,47620011
1475069400,2016-09-28 09:30,19.3,19.34,19.12,19.31,42936410
1475155800,2016-09-29 09:30,19.3,19.4,18.94,19.04,62580775
1475242200,2016-09-30 09:30,19.14,19.4,19.11,19.3,47336889
1475501400,2016-10-03 09:30,19.24,19.31,19.16,19.21,33170494
1475587800,2016-10-04 09:30,19.26,19.43,19.19,19.29,68471721
1475674200,2016-10-05 09:30,19.37,19.64,19.34,19.6,58651881
1475760600,2016-10-06 09:30,19.65,19.66,19.46,19.63,53337261
1475847000,2016-10-07 09:30,19.55,19.66,19.49,19.62,55532849
1476106200,2016-10-10 09:30,19.72,19.81,19.7,19.72,37997419
1476192600,2016-10-11 09:30,19.66,19.72,19.411,19.54,78581159
1476279000,2016-10-12 09:30,19.52,19.65,19.49,19.52,51378746
1476365400,2016-10-13 09:30,19.36,19.37,19.11,19.33,73171091
1476451800,2016-10-14 09:30,19.56,19.62,19.36,19.42,76176507
1476711000,2016-10-17 09:30,19.43,19.47,19.28,19.33,41236064
1476797400,2016-10-18 09:30,19.53,19.55,19.41,19.49,45958713
1476883800,2016-10-19 09:30,19.55,19.71,19.5301,19.66,49835923
1476970200,2016-10-20 09:30,19.64,19.78,19.58,19.66,56238168
1477056600,2016-10-21 09:30,19.5,19.67,19.47,19.65,39543061
1477315800,2016-10-24 09:30,19.74,19.81,19.7,19.71,33808676
1477402200,2016-10-25 09:30,19.75,19.76,19.635,19.69,36177841
1477488600,2016-10-26 09:30,19.6,19.84,19.58,19.81,40419157
1477575000,2016-10-27 09:30,19.92,19.95,19.77,19.86,45545849
1477661400,2016-10-28 09:30,19.9,19.92,19.62,19.77,55749883
1477920600,2016-10-31 09:30,19.87,19.87,19.74,19.74,38579109
1478007000,2016-11-01 09:30,19.81,19.86,19.5,19.66,62758908
1478093400,2016-11-02 09:30,19.62,19.63,19.44,19.53,66529874
1478179800,2016-11-03 09:30,19.55,19.73,19.52,19.55,53462052
1478266200,2016-11-04 09:30,19.56,19.65,19.4,19.49,64891375
1478529000,2016-11-07 09:30,19.82,19.99,19.8,19.98,59001803
1478615400,2016-11-08 09:30,19.92,20.09,19.79,19.99,63290418
1478701800,2016-11-09 09:30,20.54,20.94,20.11,20.84,268936640
1478788200,2016-11-10 09:30,21.16,21.7,21.08,21.61,241635544
1478874600,2016-11-11 09:30,21.47,21.7,21.4,21.67,134954549
1479133800,2016-11-14 09:30,21.88,22.3293,21.85,22.2,261730895
1479220200,2016-11-15 09:30,22.01,22.2,21.79,22.18,122754546
1479306600,2016-11-16 09:30,21.98,22.03,21.8,21.86,117887705
1479393000,2016-11-17 09:30,21.86,22.18,21.81,22.16,98536426
1479479400,2016-11-18 09:30,22.14,22.24,22.06,22.16,92344297
1479738600,2016-11-21 09:30,22.28,22.3,22.09,22.24,71943930
1479825000,2016-11-22 09:30,22.34,22.35,22.12,22.25,98286517
1479911400,2016-11-23 09:30,22.34,22.41,22.17,22.38,101948383
1480084200,2016-11-25 09:30,22.43,22.45,22.32,22.41,33114823
1480343400,2016-11-28 09:30,22.25,22.375,22.09,22.15,99791424
1480429800,2016-11-29 09:30,22.19,22.28,22.11,22.21,74645748
1480516200,2016-11-30 09:30,22.52,22.57,22.43,22.51,98843676
1480602600,2016-12-01 09:30,22.63,22.95,22.6,22.9,120088254
1480689000,2016-12-02 09:30,22.84,22.85,22.55,22.65,82108345
1480948200,2016-12-05 09:30,22.85,23,22.79,22.92,95145737
1481034600,2016-12-06 09:30,23.07,23.14,22.84,23.12,79142635
1481121000,2016-12-07 09:30,23.18,23.5,23.1,23.48,120172457
1481207400,2016-12-08 09:30,23.61,23.84,23.47,23.7,116856521
1481293800,2016-12-09 09:30,23.7,23.75,23.53,23.75,95677338
1481553000,2016-12-12 09:30,23.68,23.78,23.46,23.52,85143226
1481639400,2016-12-13 09:30,23.58,23.72,23.38,23.58,113420674
1481725800,2016-12-14 09:30,23.4,23.83,23.31,23.47,142995830
1481812200,2016-12-15 09:30,23.59,23.87,23.5,23.67,110426017
1481898600,2016-12-16 09:30,23.68,23.69,23.33,23.36,83096468
1482157800,2016-12-19 09:30,23.39,23.43,23.18,23.37,73717593
1482244200,2016-12-20 09:30,23.51,23.66,23.51,23.66,60793628
1482330600,2016-12-21 09:30,23.66,23.67,23.52,23.6,37737962
1482417000,2016-12-22 09:30,23.59,23.59,23.46,23.54,37796099
1482503400,2016-12-23 09:30,23.54,23.58,23.47,23.58,18276667
1482849000,2016-12-27 09:30,23.63,23.64,23.575,23.61,38241051
1482935400,2016-12-28 09:30,23.65,23.67,23.35,23.37,30834389
1483021800,2016-12-29 09:30,23.39,23.43,23.1,23.2,39251797
1483108200,2016-12-30 09:30,23.29,23.33,23.17,23.25,44761220
1483453800,2017-01-03 09:30,23.61,23.67,23.26,23.51,71259897
1483540200,2017-01-04 09:30,23.58,23.73,23.51,23.7,45092157
1483626600,2017-01-05 09:30,23.63,23.655,23.24,23.46,62201101
1483713000,2017-01-06 09:30,23.55,23.64,23.42,23.54,38060761
1483972200,2017-01-09 09:30,23.48,23.5257,23.33,23.38,34022403
1484058600,2017-01-10 09:30,23.42,23.6299,23.31,23.43,46212104
1484145000,2017-01-11 09:30,23.46,23.58,23.3,23.58,48001233
1484231400,2017-01-12 09:30,23.47,23.5,23.18,23.38,57418139
1484317800,2017-01-13 09:30,23.54,23.79,23.41,23.51,72479684
1484663400,2017-01-17 09:30,23.34,23.35,22.94,22.95,96657836
1484749800,2017-01-18 09:30,23.07,23.17,22.85,23.14,68289123
1484836200,2017-01-19 09:30,23.19,23.25,22.96,23.04,56729679
1484922600,2017-01-20 09:30,23.11,23.23,23.03,23.15,74805151
1485181800,2017-01-23 09:30,23.05,23.19,22.92,23,46651232
1485268200,2017-01-24 09:30,23.11,23.38,23.01,23.29,45229461
1485354600,2017-01-25 09:30,23.54,23.69,23.43,23.68,92850136
1485441000,2017-01-26 09:30,23.72,23.8,23.611,23.74,70704365
1485527400,2017-01-27 09:30,23.74,23.75,23.58,23.65,43944530
1485786600,2017-01-30 09:30,23.5,23.505,23.25,23.46,46168751
1485873000,2017-01-31 09:30,23.34,23.52,23.18,23.31,56477262
1485959400,2017-02-01 09:30,23.49,23.6099,23.27,23.34,72132221
1486045800,2017-02-02 09:30,23.21,23.36,23.1,23.25,39396487
1486132200,2017-02-03 09:30,23.65,23.74,23.44,23.72,86346618
1486391400,2017-02-06 09:30,23.58,23.78,23.56,23.61,34952083
1486477800,2017-02-07 09:30,23.75,23.76,23.52,23.55,50838490
1486564200,2017-02-08 09:30,23.48,23.48,23.28,23.39,54341095
1486650600,2017-02-09 09:30,23.46,23.74,23.33,23.71,76813699
1486737000,2017-02-10 09:30,23.85,23.86,23.69,23.78,55078737
1486996200,2017-02-13 09:30,23.93,24.16,23.89,24.05,76687038
1487082600,2017-02-14 09:30,24.03,24.36,23.99,24.33,75954279
1487169000,2017-02-15 09:30,24.45,24.57,24.265,24.52,76869353
1487255400,2017-02-16 09:30,24.49,24.53,24.31,24.46,64048170
1487341800,2017-02-17 09:30,24.28,24.47,24.2499,24.47,54156555
1487687400,2017-02-21 09:30,24.6,24.65,24.51,24.59,55216106
1487773800,2017-02-22 09:30,24.49,24.6785,24.45,24.61,50438917
1487860200,2017-02-23 09:30,24.62,24.67,24.47,24.61,53509388
1487946600,2017-02-24 09:30,24.35,24.48,24.31,24.42,61686780
1488205800,2017-02-27 09:30,24.45,24.6,24.44,24.55,39655008
1488292200,2017-02-28 09:30,24.46,24.55,24.38,24.54,48912989
1488378600,2017-03-01 09:30,25.01,25.29,24.98,25.24,92150012
1488465000,2017-03-02 09:30,25.29,25.295,24.84,24.85,69446222
1488551400,2017-03-03 09:30,24.87,25.03,24.86,24.97,57652782
1488810600,2017-03-06 09:30,24.82,24.86,24.67,24.78,49017181
1488897000,2017-03-07 09:30,24.82,24.82,24.65,24.71,53726499
1488983400,2017-03-08 09:30,24.98,25.06,24.71,24.72,104601047
1489069800,2017-03-09 09:30,24.82,24.94,24.7,24.81,60804082
1489156200,2017-03-10 09:30,24.93,24.95,24.63,24.79,62148618
1489411800,2017-03-13 09:30,24.82,24.8767,24.7,24.85,49418405
1489498200,2017-03-14 09:30,24.75,24.8,24.6,24.78,49511126
1489584600,2017-03-15 09:30,24.82,24.92,24.6342,24.74,86455125
1489671000,2017-03-16 09:30,24.84,24.97,24.77,24.78,89233679
1489757400,2017-03-17 09:30,24.75,24.76,24.45,24.45,83056828
1490016600,2017-03-20 09:30,24.4,24.47,24.25,24.271,78676416
1490103000,2017-03-21 09:30,24.36,24.38,23.51,23.57,192257047
1490189400,2017-03-22 09:30,23.4,23.63,23.23,23.52,133199544
1490275800,2017-03-23 09:30,23.49,23.84,23.44,23.57,85238878
1490362200,2017-03-24 09:30,23.61,23.73,23.38,23.54,97583434
1490621400,2017-03-27 09:30,23.04,23.46,22.975,23.45,103962988
1490707800,2017-03-28 09:30,23.37,23.86,23.37,23.77,82301069
1490794200,2017-03-29 09:30,23.73,23.77,23.6,23.62,76476885
1490880600,2017-03-30 09:30,23.64,23.99,23.61,23.93,92566017
1490967000,2017-03-31 09:30,23.84,23.91,23.73,23.73,70540021
1491226200,2017-04-03 09:30,23.77,23.825,23.4,23.68,93489066
1491312600,2017-04-04 09:30,23.58,23.7,23.5399,23.65,105795928
1491399000,2017-04-05 09:30,23.87,23.9599,23.47,23.47,104651195
1491485400,2017-04-06 09:30,23.45,23.72,23.33,23.62,80802117
1491571800,2017-04-07 09:30,23.44,23.68,23.395,23.52,61525690
1491831000,2017-04-10 09:30,23.52,23.67,23.38,23.46,60428984
1491917400,2017-04-11 09:30,23.34,23.43,23.15,23.39,83801181
1492003800,2017-04-12 09:30,23.36,23.3843,23.14,23.2,74023032
1492090200,2017-04-13 09:30,23.11,23.3664,22.9,22.9,120159316
1492435800,2017-04-17 09:30,22.96,23.31,22.89,23.3,86681175
1492522200,2017-04-18 09:30,23.14,23.25,22.94,23.08,74890353
1492608600,2017-04-19 09:30,23.23,23.32,22.98,23.01,55583806
1492695000,2017-04-20 09:30,23.18,23.45,23.0936,23.4,85694445
1492781400,2017-04-21 09:30,23.34,23.43,23.15,23.16,94675256
1493040600,2017-04-24 09:30,23.69,23.81,23.59,23.68,98770606
1493127000,2017-04-25 09:30,23.89,24.01,23.86,23.89,69012648
1493213400,2017-04-26 09:30,23.86,24.09,23.82,23.87,71691249
1493299800,2017-04-27 09:30,23.92,23.92,23.62,23.76,68871770
1493386200,2017-04-28 09:30,23.77,23.79,23.53,23.53,64091925
1493645400,2017-05-01 09:30,23.65,23.8,23.55,23.68,69086646
1493731800,2017-05-02 09:30,23.68,23.71,23.5229,23.65,76511460
1493818200,2017-05-03 09:30,23.57,23.84,23.55,23.84,78115437
1493904600,2017-05-04 09:30,23.99,24.07,23.781,23.88,64482819
1493991000,2017-05-05 09:30,23.95,23.96,23.76,23.84,46881451
1494250200,2017-05-08 09:30,23.87,23.91,23.78,23.82,45893018
1494336600,2017-05-09 09:30,23.88,23.96,23.65,23.73,65737851
1494423000,2017-05-10 09:30,23.69,23.81,23.645,23.81,51192670
1494509400,2017-05-11 09:30,23.72,23.76,23.47,23.66,77266708
1494595800,2017-05-12 09:30,23.55,23.57,23.43,23.56,55787188
1494855000,2017-05-15 09:30,23.61,23.79,23.6,23.74,52192101
1494941400,2017-05-16 09:30,23.79,23.83,23.67,23.81,51529642
1495027800,2017-05-17 09:30,23.31,23.49,22.97,23.06,141192783
1495114200,2017-05-18 09:30,23.03,23.29,23,23.15,101656920
1495200600,2017-05-19 09:30,23.19,23.48,23.18,23.35,69775647
1495459800,2017-05-22 09:30,23.48,23.48,23.25,23.41,79181862
1495546200,2017-05-23 09:30,23.43,23.66,23.32,23.59,65577828
1495632600,2017-05-24 09:30,23.62,23.64,23.475,23.58,60004715
1495719000,2017-05-25 09:30,23.63,23.73,23.56,23.62,49362388
1495805400,2017-05-26 09:30,23.56,23.68,23.56,23.61,42601706
1496151000,2017-05-30 09:30,23.54,23.566,23.4,23.45,46584183
1496237400,2017-05-31 09:30,23.45,23.46,23.1,23.25,115877876
1496323800,2017-06-01 09:30,23.38,23.56,23.22,23.54,81187583
1496410200,2017-06-02 09:30,23.37,23.57,23.32,23.45,83704479
1496669400,2017-06-05 09:30,23.46,23.64,23.46,23.49,44055796
1496755800,2017-06-06 09:30,23.31,23.45,23.26,23.39,60397338
1496842200,2017-06-07 09:30,23.43,23.63,23.39,23.57,83049054
1496928600,2017-06-08 09:30,23.57,24.01,23.55,23.84,77986983
1497015000,2017-06-09 09:30,23.99,24.33,23.97,24.29,133216200
1497274200,2017-06-12 09:30,24.34,24.51,24.2,24.34,86644404
1497360600,2017-06-13 09:30,24.47,24.55,24.395,24.47,94978649
1497447000,2017-06-14 09:30,24.26,24.54,24.13,24.51,117605841
1497533400,2017-06-15 09:30,24.33,24.54,24.31,24.41,59547702
1497619800,2017-06-16 09:30,24.31,24.37,24.2201,24.29,53818768
1497879000,2017-06-19 09:30,24.45,24.59,24.42,24.54,58041293
1497965400,2017-06-20 09:30,24.46,24.48,24.32,24.33,45689645
1498051800,2017-06-21 09:30,24.37,24.38,24.11,24.13,51938219
1498138200,2017-06-22 09:30,24.04,24.11,23.95,23.98,58380184
1498224600,2017-06-23 09:30,24.08,24.09,23.81,23.89,85352592
1498483800,2017-06-26 09:30,23.94,24.12,23.86,24.02,60302320
1498570200,2017-06-27 09:30,24.11,24.32,24.05,24.14,75943411
1498656600,2017-06-28 09:30,24.3,24.56,24.28,24.52,90097595
1498743000,2017-06-29 09:30,25.02,25.02,24.51,24.69,119176691
1498829400,2017-06-30 09:30,24.87,24.88,24.62,24.67,72754878
1499088600,2017-07-03 09:30,24.81,25.19,24.78,25.03,61454445
1499261400,2017-07-05 09:30,25.1,25.13,24.915,25.07,78100184
1499347800,2017-07-06 09:30,25.06,25.17,24.88,24.88,98353765
1499434200,2017-07-07 09:30,25.01,25.1,24.88,25.05,59432444
1499693400,2017-07-10 09:30,25.01,25.08,24.93,25.02,55022450
1499779800,2017-07-11 09:30,25,25.01,24.73,24.8,49857176
1499866200,2017-07-12 09:30,24.77,24.9,24.73,24.88,47818560
1499952600,2017-07-13 09:30,24.88,25.03,24.86,25.03,48875853
1500039000,2017-07-14 09:30,24.72,24.96,24.59,24.92,61742329
1500298200,2017-07-17 09:30,24.85,24.9,24.74,24.84,43257045
1500384600,2017-07-18 09:30,24.67,24.84,24.64,24.8,63210692
1500471000,2017-07-19 09:30,24.85,24.92,24.72,24.81,48259409
1500557400,2017-07-20 09:30,24.83,24.94,24.75,24.8,40163535
1500643800,2017-07-21 09:30,24.73,24.88,24.73,24.8,43888447
1500903000,2017-07-24 09:30,24.79,24.94,24.785,24.91,26364776
1500989400,2017-07-25 09:30,25.19,25.32,25.145,25.22,75786820
1501075800,2017-07-26 09:30,25.25,25.29,24.99,25.05,56086548
1501162200,2017-07-27 09:30,25.1,25.11,24.8,24.91,67826171
1501248600,2017-07-28 09:30,24.87,24.98,24.77,24.91,43735806
1501507800,2017-07-31 09:30,25,25.1775,24.97,25.09,43039260
1501594200,2017-08-01 09:30,25.26,25.29,25.14,25.27,60987497
1501680600,2017-08-02 09:30,25.3,25.33,25.18,25.31,43341507
1501767000,2017-08-03 09:30,25.27,25.31,25.18,25.22,40816841
1501853400,2017-08-04 09:30,25.45,25.49,25.34,25.39,50792914
1502112600,2017-08-07 09:30,25.39,25.4,25.31,25.35,39486769
1502199000,2017-08-08 09:30,25.31,25.59,25.27,25.28,52736465
1502285400,2017-08-09 09:30,25.07,25.3,25.07,25.28,46567038
1502371800,2017-08-10 09:30,25.12,25.175,24.83,24.83,71130286
1502458200,2017-08-11 09:30,24.83,24.958,24.67,24.73,50477789
1502717400,2017-08-14 09:30,24.93,25.14,24.92,25.07,49472883
1502803800,2017-08-15 09:30,25.28,25.31,25.09,25.09,48535038
1502890200,2017-08-16 09:30,25.2,25.24,24.995,25.04,35084074
1502976600,2017-08-17 09:30,24.98,25.02,24.6,24.61,76613078
1503063000,2017-08-18 09:30,24.49,24.8,24.48,24.62,71725883
1503322200,2017-08-21 09:30,24.6,24.63,24.45,24.55,45047234
1503408600,2017-08-22 09:30,24.65,24.84,24.62,24.82,42644026
1503495000,2017-08-23 09:30,24.64,24.88,24.62,24.74,36612709
1503581400,2017-08-24 09:30,24.85,24.85,24.69,24.74,31067169
1503667800,2017-08-25 09:30,24.79,24.92,24.78,24.81,37177271
1503927000,2017-08-28 09:30,24.83,24.84,24.59,24.65,36486934
1504013400,2017-08-29 09:30,24.37,24.61,24.35,24.57,42814209
1504099800,2017-08-30 09:30,24.61,24.7766,24.59,24.67,35176115
1504186200,2017-08-31 09:30,24.75,24.775,24.62,24.7,44225193
1504272600,2017-09-01 09:30,24.73,24.91,24.67,24.77,42132639
1504618200,2017-09-05 09:30,24.58,24.62,24.17,24.24,96579242
1504704600,2017-09-06 09:30,24.33,24.42,24.22,24.3,77593850
1504791000,2017-09-07 09:30,24.34,24.36,23.79,23.88,87667847
1504877400,2017-09-08 09:30,23.9,24.19,23.85,24.1,68639461
1505136600,2017-09-11 09:30,24.38,24.59,24.33,24.52,73305743
1505223000,2017-09-12 09:30,24.61,24.83,24.59,24.81,66350629
1505309400,2017-09-13 09:30,24.77,24.86,24.68,24.85,51049443
1505395800,2017-09-14 09:30,24.86,24.92,24.75,24.8,47163158
1505482200,2017-09-15 09:30,24.66,24.79,24.63,24.77,59250192
1505741400,2017-09-18 09:30,24.86,25.07,24.84,25.06,44010385
1505827800,2017-09-19 09:30,25.06,25.31,25.02,25.25,58443318
1505914200,2017-09-20 09:30,25.27,25.49,25.15,25.4,70595545
1506000600,2017-09-21 09:30,25.34,25.52,25.3201,25.46,51050081
1506087000,2017-09-22 09:30,25.36,25.46,25.285,25.43,42306550
1506346200,2017-09-25 09:30,25.4,25.49,25.23,25.4,39774597
1506432600,2017-09-26 09:30,25.44,25.48,25.32,25.39,46811004
1506519000,2017-09-27 09:30,25.71,25.83,25.595,25.7,65919146
1506605400,2017-09-28 09:30,25.79,25.8,25.61,25.74,37718872
1506691800,2017-09-29 09:30,25.74,25.86,25.7,25.86,42740827
1506951000,2017-10-02 09:30,25.81,26.08,25.81,26.08,52773978
1507037400,2017-10-03 09:30,26.06,26.17,26.01,26.17,48062892
1507123800,2017-10-04 09:30,26.1,26.18,26.04,26.05,39283783
1507210200,2017-10-05 09:30,26.08,26.41,26.0062,26.32,61260377
1507296600,2017-10-06 09:30,26.39,26.46,26.21,26.35,66077803
1507555800,2017-10-09 09:30,26.42,26.42,26.19,26.25,31340231
1507642200,2017-10-10 09:30,26.29,26.37,26.22,26.37,35822514
1507728600,2017-10-11 09:30,26.31,26.345,26.21,26.32,33748617
1507815000,2017-10-12 09:30,26.39,26.4,26.09,26.12,53834797
1507901400,2017-10-13 09:30,25.99,26.22,25.89,26.13,69561357
1508160600,2017-10-16 09:30,26.15,26.31,26.14,26.3,42000717
1508247000,2017-10-17 09:30,26.39,26.4,26.11,26.17,37844216
1508333400,2017-10-18 09:30,26.28,26.35,26.1701,26.31,52201500
1508419800,2017-10-19 09:30,26.12,26.34,26.08,26.33,34671617
1508506200,2017-10-20 09:30,26.61,26.66,26.52,26.64,56083775
1508765400,2017-10-23 09:30,26.65,26.7,26.56,26.62,43555183
1508851800,2017-10-24 09:30,26.71,26.86,26.69,26.81,61259191
1508938200,2017-10-25 09:30,26.89,26.92,26.5,26.65,68653530
1509024600,2017-10-26 09:30,26.75,26.92,26.75,26.8,41832594
1509111000,2017-10-27 09:30,26.75,26.83,26.61,26.78,56694352
1509370200,2017-10-30 09:30,26.65,26.79,26.6,26.67,48157525
1509456600,2017-10-31 09:30,26.67,26.77,26.57,26.6,39890794
1509543000,2017-11-01 09:30,26.71,26.83,26.611,26.64,40921865
1509629400,2017-11-02 09:30,26.67,26.93,26.535,26.89,51098312
1509715800,2017-11-03 09:30,26.8,26.82,26.7,26.78,42386958
1509978600,2017-11-06 09:30,26.71,26.8,26.66,26.75,33642145
1510065000,2017-11-07 09:30,26.77,26.85,26.31,26.38,70325500
1510151400,2017-11-08 09:30,26.33,26.34,26.16,26.25,55844924
1510237800,2017-11-09 09:30,26.08,26.25,25.89,26.16,94577042
1510324200,2017-11-10 09:30,26.18,26.225,26.06,26.08,53209576
1510583400,2017-11-13 09:30,25.92,26.175,25.9,26.12,51018678
1510669800,2017-11-14 09:30,26.02,26.12,25.93,26.11,54101775
1510756200,2017-11-15 09:30,25.88,26.2666,25.86,26.18,64952279
1510842600,2017-11-16 09:30,26.3,26.36,26.17,26.19,53648093
1510929000,2017-11-17 09:30,26.06,26.22,26.03,26.16,41938651
1511188200,2017-11-20 09:30,26.21,26.32,26.13,26.28,35232374
1511274600,2017-11-21 09:30,26.37,26.399,26.301,26.36,35972390
1511361000,2017-11-22 09:30,26.36,26.43,26.23,26.23,30959362
1511533800,2017-11-24 09:30,26.33,26.38,26.2,26.22,12172481
1511793000,2017-11-27 09:30,26.2,26.34,26.18,26.2,42346421
1511879400,2017-11-28 09:30,26.23,26.91,26.21,26.88,86506957
1511965800,2017-11-29 09:30,27.14,27.52,27.07,27.34,135340640
1512052200,2017-11-30 09:30,27.58,27.88,27.375,27.52,135241711
1512138600,2017-12-01 09:30,27.56,27.71,26.95,27.58,148119604
1512397800,2017-12-04 09:30,28.04,28.2,28,28,99820365
1512484200,2017-12-05 09:30,28.1,28.15,27.78,27.85,77706195
1512570600,2017-12-06 09:30,27.75,27.91,27.67,27.75,60299083
1512657000,2017-12-07 09:30,27.63,27.94,27.58,27.84,59625533
1512743400,2017-12-08 09:30,27.98,28.01,27.78,28.01,55001592
1513002600,2017-12-11 09:30,28.01,28.05,27.86,27.94,43278359
1513089000,2017-12-12 09:30,28.05,28.325,27.955,28.22,69517086
1513175400,2017-12-13 09:30,28.19,28.25,27.85,27.87,97335327
1513261800,2017-12-14 09:30,27.97,28.01,27.66,27.69,76947478
1513348200,2017-12-15 09:30,27.73,28,27.6337,27.81,111826079
1513607400,2017-12-18 09:30,28.04,28.1961,27.99,28.06,61275464
1513693800,2017-12-19 09:30,28.22,28.24,27.94,27.94,57366287
1513780200,2017-12-20 09:30,28.17,28.22,27.87,27.89,69680335
1513866600,2017-12-21 09:30,28.04,28.21,28.005,28.13,46123492
1513953000,2017-12-22 09:30,28.21,28.25,27.92,28.05,43020251
1514298600,2017-12-26 09:30,28.05,28.135,27.86,27.97,33710115
1514385000,2017-12-27 09:30,27.99,28.01,27.91,28,29420966
1514471400,2017-12-28 09:30,28.07,28.12,27.995,28.11,28129661
1514557800,2017-12-29 09:30,28.2,28.2,27.91,27.91,55169774
1514903400,2018-01-02 09:30,28.09,28.09,27.79,27.92,55436075
1514989800,2018-01-03 09:30,27.97,28.09,27.875,28.07,56906235
1515076200,2018-01-04 09:30,28.23,28.54,28.18,28.33,62246955
1515162600,2018-01-05 09:30,28.48,28.48,28.23,28.41,37989521
1515421800,2018-01-08 09:30,28.38,28.426,28.27,28.37,44252096
1515508200,2018-01-09 09:30,28.49,28.74,28.44,28.59,51418697
1515594600,2018-01-10 09:30,28.68,28.95,28.63,28.83,64670892
1515681000,2018-01-11 09:30,28.95,29,28.81,28.97,42361715
1515767400,2018-01-12 09:30,29.14,29.25,28.96,29.23,44537496
1516113000,2018-01-16 09:30,29.48,29.53,28.99,29.15,67563916
1516199400,2018-01-17 09:30,29.23,29.45,28.99,29.37,54311955
1516285800,2018-01-18 09:30,29.47,29.48,29.29,29.33,49247357
1516372200,2018-01-19 09:30,29.43,29.55,29.37,29.54,60727800
1516631400,2018-01-22 09:30,29.55,29.79,29.51,29.78,46868889
1516717800,2018-01-23 09:30,29.71,29.86,29.57,29.81,60861986
1516804200,2018-01-24 09:30,29.95,30.08,29.77,30.01,66370993
1516890600,2018-01-25 09:30,30.13,30.13,29.85,29.95,45423660
1516977000,2018-01-26 09:30,30.04,30.18,29.9,30.17,33871918
1517236200,2018-01-29 09:30,30.19,30.3255,30.025,30.05,41045016
1517322600,2018-01-30 09:30,29.83,30.02,29.66,29.66,67316874
1517409000,2018-01-31 09:30,29.74,29.89,29.64,29.74,49722319
1517495400,2018-02-01 09:30,29.68,30.05,29.67,30.02,60824211
1517581800,2018-02-02 09:30,29.96,30.04,29.34,29.36,73085959
1517841000,2018-02-05 09:30,28.73,29.21,27.6,27.88,147871518
1517927400,2018-02-06 09:30,27.24,28.4594,27.17,28.39,159006394
1518013800,2018-02-07 09:30,28.34,28.81,28.22,28.41,102699437
1518100200,2018-02-08 09:30,28.46,28.51,27.14,27.16,135270547
1518186600,2018-02-09 09:30,27.57,27.8861,26.76,27.68,149504929
1518445800,2018-02-12 09:30,27.96,28.3487,27.705,28.07,83571825
1518532200,2018-02-13 09:30,27.91,28.25,27.83,28.19,43365499
1518618600,2018-02-14 09:30,28.17,28.865,28.07,28.86,57379663
1518705000,2018-02-15 09:30,29.1,29.14,28.7,29.02,66976040
1518791400,2018-02-16 09:30,28.88,29.23,28.84,28.98,47508240
1519137000,2018-02-20 09:30,28.92,29.21,28.8,28.89,58236090
1519223400,2018-02-21 09:30,28.9,29.4,28.87,28.93,44578761
1519309800,2018-02-22 09:30,29,29.16,28.62,28.69,47602660
1519396200,2018-02-23 09:30,28.78,29.12,28.77,29.12,41187335
1519655400,2018-02-26 09:30,29.33,29.56,29.14,29.56,55124197
1519741800,2018-02-27 09:30,29.58,29.77,29.26,29.28,72752079
1519828200,2018-02-28 09:30,29.43,29.54,28.87,28.87,65254660
1519914600,2018-03-01 09:30,28.88,29.11,28.21,28.37,82467921
1520001000,2018-03-02 09:30,28.17,28.52,27.89,28.44,78991163
1520260200,2018-03-05 09:30,28.22,29,28.21,28.84,58952137
1520346600,2018-03-06 09:30,29,29.02,28.66,28.96,49746126
1520433000,2018-03-07 09:30,28.6,28.97,28.57,28.91,41530226
1520519400,2018-03-08 09:30,28.98,29.04,28.69,29,50803041
1520605800,2018-03-09 09:30,29.31,29.72,29.185,29.7,54595689
1520861400,2018-03-12 09:30,29.7,29.81,29.55,29.6,51784453
1520947800,2018-03-13 09:30,29.74,29.77,29.2,29.27,47049369
1521034200,2018-03-14 09:30,29.4,29.4001,28.8501,28.94,57278946
1521120600,2018-03-15 09:30,29.05,29.11,28.8649,28.95,47451563
1521207000,2018-03-16 09:30,28.91,29.15,28.87,28.87,61278207
1521466200,2018-03-19 09:30,28.83,28.93,28.39,28.66,52145040
1521552600,2018-03-20 09:30,28.77,28.85,28.655,28.73,37146544
1521639000,2018-03-21 09:30,28.78,29.1,28.62,28.72,53291400
1521725400,2018-03-22 09:30,28.34,28.45,27.56,27.66,85160298
1521811800,2018-03-23 09:30,27.69,27.8,26.77,26.82,89289521
1522071000,2018-03-26 09:30,27.36,27.77,27.1,27.69,84145032
1522157400,2018-03-27 09:30,27.78,27.9,26.93,27.15,78827371
1522243800,2018-03-28 09:30,27.22,27.47,26.85,27.2,84244472
1522330200,2018-03-29 09:30,27.32,27.76,27.2,27.57,59281808
1522675800,2018-04-02 09:30,27.57,27.5999,26.55,26.96,74363891
1522762200,2018-04-03 09:30,27.13,27.39,26.89,27.33,75160424
1522848600,2018-04-04 09:30,26.84,27.7,26.82,27.62,70326960
1522935000,2018-04-05 09:30,27.87,28.04,27.745,27.84,45378315
1523021400,2018-04-06 09:30,27.52,27.7,26.9159,27.17,88521048
1523280600,2018-04-09 09:30,27.32,27.87,27.27,27.32,54633200
1523367000,2018-04-10 09:30,27.76,27.89,27.55,27.73,68783202
1523453400,2018-04-11 09:30,27.48,27.6099,27.325,27.4,52480824
1523539800,2018-04-12 09:30,27.61,28.06,27.585,27.88,63289118
1523626200,2018-04-13 09:30,28.22,28.24,27.31,27.46,70103895
1523885400,2018-04-16 09:30,27.62,27.78,27.5,27.58,44633622
1523971800,2018-04-17 09:30,27.82,27.85,27.475,27.58,50750123
1524058200,2018-04-18 09:30,27.65,27.76,27.39,27.45,66795512
1524144600,2018-04-19 09:30,27.5,27.925,27.48,27.87,76142031
1524231000,2018-04-20 09:30,27.92,28.04,27.755,27.88,49800356
1524490200,2018-04-23 09:30,27.96,27.99,27.76,27.85,45689166
1524576600,2018-04-24 09:30,28,28.17,27.48,27.67,69592858
1524663000,2018-04-25 09:30,27.64,27.79,27.37,27.65,51818979
1524749400,2018-04-26 09:30,27.63,27.805,27.52,27.66,33456163
1524835800,2018-04-27 09:30,27.61,27.77,27.565,27.7,47185230
1525095000,2018-04-30 09:30,27.77,27.92,27.44,27.45,41731358
1525181400,2018-05-01 09:30,27.39,27.48,27.17,27.46,46372385
1525267800,2018-05-02 09:30,27.36,27.47,27.11,27.15,45430348
1525354200,2018-05-03 09:30,27.02,27.06,26.46,26.92,68947893
1525440600,2018-05-04 09:30,26.76,27.419,26.67,27.27,40575562
1525699800,2018-05-07 09:30,27.37,27.56,27.26,27.45,36873637
1525786200,2018-05-08 09:30,27.47,27.8265,27.46,27.64,47718493
1525872600,2018-05-09 09:30,27.77,28.12,27.67,28.05,43817010
1525959000,2018-05-10 09:30,28,28.3375,27.9601,28.28,41445454
1526045400,2018-05-11 09:30,28.3,28.45,28.2,28.26,25893973
1526304600,2018-05-14 09:30,28.34,28.39,28.19,28.24,31292920
1526391000,2018-05-15 09:30,28.2,28.34,28.08,28.19,54655751
1526477400,2018-05-16 09:30,28.16,28.32,28.1,28.24,31984886
1526563800,2018-05-17 09:30,28.21,28.28,28,28.18,45070410
1526650200,2018-05-18 09:30,28.18,28.19,27.94,27.95,33266115
1526909400,2018-05-21 09:30,28.11,28.26,28.1,28.15,29647924
1526995800,2018-05-22 09:30,28.17,28.5,28.17,28.34,52841403
1527082200,2018-05-23 09:30,28.15,28.2355,27.86,28.16,44968489
1527168600,2018-05-24 09:30,28.07,28.085,27.6635,27.94,43245202
1527255000,2018-05-25 09:30,27.81,27.9,27.72,27.85,39312481
1527600600,2018-05-29 09:30,27.46,27.5,26.72,26.92,126469714
1527687000,2018-05-30 09:30,27.18,27.52,27.11,27.41,65843728
1527773400,2018-05-31 09:30,27.35,27.385,27.1,27.18,66686937
1527859800,2018-06-01 09:30,27.51,27.63,27.4,27.48,62934254
1528119000,2018-06-04 09:30,27.61,27.665,27.524,27.57,44196942
1528205400,2018-06-05 09:30,27.48,27.52,27.31,27.45,44996769
1528291800,2018-06-06 09:30,27.61,27.97,27.58,27.95,61959987
1528378200,2018-06-07 09:30,28.07,28.18,27.8524,28.04,65166111
1528464600,2018-06-08 09:30,28.01,28.11,27.86,28.08,47713396
1528723800,2018-06-11 09:30,28.17,28.27,28.02,28.02,47319625
1528810200,2018-06-12 09:30,28.1,28.17,27.81,27.95,55517218
1528896600,2018-06-13 09:30,27.96,28.18,27.82,27.85,61095759
1528983000,2018-06-14 09:30,27.9,27.95,27.51,27.59,70635531
1529069400,2018-06-15 09:30,27.3,27.555,27.11,27.47,63517019
1529328600,2018-06-18 09:30,27.23,27.46,27.14,27.42,49824557
1529415000,2018-06-19 09:30,27.14,27.4199,27.13,27.35,50214730
1529501400,2018-06-20 09:30,27.6,27.6,27.25,27.28,42833585
1529587800,2018-06-21 09:30,27.19,27.355,27.01,27.2,75190888
1529674200,2018-06-22 09:30,27.39,27.42,27.05,27.07,61978929
1529933400,2018-06-25 09:30,26.95,27,26.595,26.78,80746078
1530019800,2018-06-26 09:30,26.8,26.83,26.52,26.69,56480350
1530106200,2018-06-27 09:30,26.68,26.88,26.35,26.36,78099192
1530192600,2018-06-28 09:30,26.36,26.7,26.31,26.59,78544814
1530279000,2018-06-29 09:30,26.92,27.07,26.55,26.59,77208627
1530538200,2018-07-02 09:30,26.37,26.73,26.35,26.72,66202782
1530624600,2018-07-03 09:30,26.79,26.87,26.42,26.48,30717772
1530797400,2018-07-05 09:30,26.62,26.68,26.45,26.54,40668535
1530883800,2018-07-06 09:30,26.47,26.78,26.37,26.67,41287510
1531143000,2018-07-09 09:30,26.81,27.31,26.78,27.28,73060360
1531229400,2018-07-10 09:30,27.3,27.3899,27.1,27.18,51260559
1531315800,2018-07-11 09:30,27.03,27.19,26.99,27.05,46023735
1531402200,2018-07-12 09:30,27.22,27.24,26.94,27.1,64876803
1531488600,2018-07-13 09:30,26.99,27.0737,26.7,26.98,64151172
1531747800,2018-07-16 09:30,27.06,27.48,27.04,27.46,55812035
1531834200,2018-07-17 09:30,27.49,27.6,27.34,27.49,55502230
1531920600,2018-07-18 09:30,27.6,27.98,27.56,27.93,59109184
1532007000,2018-07-19 09:30,27.79,27.7955,27.47,27.51,61765223
1532093400,2018-07-20 09:30,27.46,27.64,27.36,27.56,52288061
1532352600,2018-07-23 09:30,27.56,27.98,27.55,27.94,81516221
1532439000,2018-07-24 09:30,28.05,28.19,27.945,28.02,63133677
1532525400,2018-07-25 09:30,28,28.13,27.85,28.08,44262784
1532611800,2018-07-26 09:30,28.15,28.256,28.04,28.07,40056838
1532698200,2018-07-27 09:30,28.06,28.269,27.97,28.13,63159670
1532957400,2018-07-30 09:30,28.15,28.355,28.11,28.15,56474138
1533043800,2018-07-31 09:30,28.23,28.24,27.89,27.95,84500132
1533130200,2018-08-01 09:30,28.13,28.27,27.88,27.95,64046851
1533216600,2018-08-02 09:30,27.77,28.0068,27.68,27.96,38330747
1533303000,2018-08-03 09:30,27.92,28.12,27.92,28.12,34894345
1533562200,2018-08-06 09:30,28.16,28.34,28.1,28.27,38230123
1533648600,2018-08-07 09:30,28.35,28.56,28.325,28.4,44608618
1533735000,2018-08-08 09:30,28.36,28.52,28.34,28.47,47523171
1533821400,2018-08-09 09:30,28.4,28.47,28.3,28.3,29357810
1533907800,2018-08-10 09:30,27.93,28.069,27.83,27.97,83301442
1534167000,2018-08-13 09:30,27.97,28.04,27.69,27.7,74413496
1534253400,2018-08-14 09:30,27.8,28.01,27.72,27.96,43659034
1534339800,2018-08-15 09:30,27.73,27.88,27.61,27.74,55681123
1534426200,2018-08-16 09:30,27.87,28.19,27.87,28.11,49534158
1534512600,2018-08-17 09:30,28.03,28.21,28.03,28.17,43193141
1534771800,2018-08-20 09:30,28.17,28.31,28.13,28.26,30053680
1534858200,2018-08-21 09:30,28.28,28.51,28.22,28.37,47940015
1534944600,2018-08-22 09:30,28.25,28.376,28.23,28.27,27323256
1535031000,2018-08-23 09:30,28.26,28.29,28.1046,28.14,31767818
1535117400,2018-08-24 09:30,28.25,28.295,28.19,28.24,22064526
1535376600,2018-08-27 09:30,28.35,28.72,28.34,28.62,52254529
1535463000,2018-08-28 09:30,28.7,28.72,28.54,28.59,28896792
1535549400,2018-08-29 09:30,28.59,28.66,28.44,28.58,34015284
1535635800,2018-08-30 09:30,28.45,28.56,28.31,28.36,43264120
1535722200,2018-08-31 09:30,28.26,28.35,28.171,28.33,34107750
1536067800,2018-09-04 09:30,28.27,28.495,28.2,28.47,43145632
1536154200,2018-09-05 09:30,28.45,28.64,28.43,28.49,32727695
1536240600,2018-09-06 09:30,28.45,28.53,28.27,28.36,38328974
1536327000,2018-09-07 09:30,28.42,28.44,28.21,28.33,43644283
1536586200,2018-09-10 09:30,28.4,28.44,28.27,28.3,29927169
1536672600,2018-09-11 09:30,28.22,28.41,28.12,28.33,32065453
1536759000,2018-09-12 09:30,28.33,28.39,28.05,28.07,47963444
1536845400,2018-09-13 09:30,28.14,28.28,27.97,28.03,44974607
1536931800,2018-09-14 09:30,28.07,28.255,28.06,28.23,34150959
1537191000,2018-09-17 09:30,28.23,28.31,28.08,28.11,26907851
1537277400,2018-09-18 09:30,28.18,28.28,28.06,28.25,36405644
1537363800,2018-09-19 09:30,28.23,28.82,28.23,28.73,75552011
1537450200,2018-09-20 09:30,28.94,29.07,28.87,28.98,78555524
1537536600,2018-09-21 09:30,28.95,29,28.7,28.74,64744540
1537795800,2018-09-24 09:30,28.71,28.745,28.4,28.42,47985139
1537882200,2018-09-25 09:30,28.53,28.552,28.3,28.31,32953640
1537968600,2018-09-26 09:30,28.35,28.39,27.9,27.97,60288142
1538055000,2018-09-27 09:30,28,28.1,27.84,27.87,57492175
1538141400,2018-09-28 09:30,27.76,27.765,27.54,27.58,66454872
1538400600,2018-10-01 09:30,27.74,27.89,27.595,27.69,49855733
1538487000,2018-10-02 09:30,27.65,27.74,27.47,27.69,47629547
1538573400,2018-10-03 09:30,27.87,28.07,27.79,27.95,79591391
1538659800,2018-10-04 09:30,27.94,28.345,27.92,28.14,94700771
1538746200,2018-10-05 09:30,28.21,28.31,27.93,28,58148664
1539005400,2018-10-08 09:30,27.92,28.28,27.895,28.19,56594940
1539091800,2018-10-09 09:30,28.06,28.2,27.88,28.08,47963546
1539178200,2018-10-10 09:30,28.07,28.14,27.21,27.21,101604384
1539264600,2018-10-11 09:30,27.05,27.215,26.32,26.4,178628215
1539351000,2018-10-12 09:30,26.88,26.919,26.03,26.43,137932962
1539610200,2018-10-15 09:30,26.44,26.63,26.31,26.31,82196431
1539696600,2018-10-16 09:30,26.49,26.77,26.31,26.75,75137323
1539783000,2018-10-17 09:30,26.69,27.185,26.56,27.02,79472083
1539869400,2018-10-18 09:30,26.87,27.0665,26.49,26.57,81622544
1539955800,2018-10-19 09:30,26.55,26.8757,26.42,26.67,73614334
1540215000,2018-10-22 09:30,26.7,26.76,26.1,26.1,58645755
1540301400,2018-10-23 09:30,25.57,26.04,25.42,25.89,93698153
1540387800,2018-10-24 09:30,25.85,25.85,25.14,25.24,97983187
1540474200,2018-10-25 09:30,25.36,25.84,25.334,25.63,72439430
1540560600,2018-10-26 09:30,25.32,25.52,25.02,25.26,115308867
1540819800,2018-10-29 09:30,25.57,25.93,25.205,25.48,97946058
1540906200,2018-10-30 09:30,25.62,25.94,25.44,25.92,82719134
1540992600,2018-10-31 09:30,26.17,26.61,26.13,26.28,93781143
1541079000,2018-11-01 09:30,26.35,26.51,26.22,26.4,62346640
1541165400,2018-11-02 09:30,26.66,26.81,26.175,26.38,73034236
1541428200,2018-11-05 09:30,26.49,26.88,26.49,26.8,58705774
1541514600,2018-11-06 09:30,26.78,26.94,26.65,26.94,51010875
1541601000,2018-11-07 09:30,27.09,27.32,26.82,27.29,59990828
1541687400,2018-11-08 09:30,27.13,27.52,27.04,27.37,46730116
1541773800,2018-11-09 09:30,27.3,27.375,26.98,27.12,47051212
1542033000,2018-11-12 09:30,27.06,27.18,26.53,26.58,47135521
1542119400,2018-11-13 09:30,26.62,26.99,26.6,26.73,69820555
1542205800,2018-11-14 09:30,26.94,26.98,26.08,26.37,104274180
1542292200,2018-11-15 09:30,26.19,26.78,26.03,26.76,93998009
1542378600,2018-11-16 09:30,26.62,26.91,26.47,26.79,80518388
1542637800,2018-11-19 09:30,26.77,26.9,26.5413,26.78,65491301
1542724200,2018-11-20 09:30,26.47,26.58,26.11,26.19,103778269
1542810600,2018-11-21 09:30,26.34,26.5855,26.13,26.21,48617952
1542983400,2018-11-23 09:30,26.07,26.215,25.925,26,24252331
1543242600,2018-11-26 09:30,26.27,26.63,26.2567,26.53,50168814
1543329000,2018-11-27 09:30,26.48,26.63,26.415,26.55,47228997
1543415400,2018-11-28 09:30,26.63,27.06,26.4,27.06,61375319
1543501800,2018-11-29 09:30,26.86,27.005,26.72,26.83,43664093
1543588200,2018-11-30 09:30,26.75,27.0799,26.71,26.97,45435220
1543847400,2018-12-03 09:30,27.36,27.47,26.95,27.14,65330932
1543933800,2018-12-04 09:30,27,27.01,25.83,25.96,110918561
1544106600,2018-12-06 09:30,25.38,25.61,24.93,25.6,134687106
1544193000,2018-12-07 09:30,25.54,25.9,24.99,25.11,86740000
1544452200,2018-12-10 09:30,25.01,25.08,24.3,24.76,101121843
1544538600,2018-12-11 09:30,25.07,25.2198,24.43,24.52,92308158
1544625000,2018-12-12 09:30,24.86,25.0167,24.54,24.66,86748915
1544711400,2018-12-13 09:30,24.65,24.78,24.3932,24.48,67232895
1544797800,2018-12-14 09:30,24.24,24.58,24.19,24.24,66817012
1545057000,2018-12-17 09:30,24.1,24.47,23.89,24,101180358
1545143400,2018-12-18 09:30,24.14,24.4,23.755,23.91,90844000
1545229800,2018-12-19 09:30,23.86,24.39,23.42,23.61,129331720
1545316200,2018-12-20 09:30,23.38,23.75,23.27,23.4,107017358
1545402600,2018-12-21 09:30,23.23,23.67,22.7401,22.79,118529507
1545661800,2018-12-24 09:30,22.49,22.75,22.28,22.31,71752697
1545834600,2018-12-26 09:30,22.37,23.33,22.05,23.32,108133543
1545921000,2018-12-27 09:30,22.93,23.6,22.7116,23.6,98005001
1546007400,2018-12-28 09:30,23.71,23.9,23.485,23.59,76348396
1546266600,2018-12-31 09:30,23.72,23.92,23.52,23.82,56435410
1546439400,2019-01-02 09:30,23.47,24.07,23.4,24.02,62944991
1546525800,2019-01-03 09:30,23.84,23.9,23.42,23.48,65730018
1546612200,2019-01-04 09:30,23.88,24.31,23.82,24.26,64638355
1546871400,2019-01-07 09:30,24.21,24.51,24.06,24.29,48198218
1546957800,2019-01-08 09:30,24.51,24.5451,24.03,24.31,90114691
1547044200,2019-01-09 09:30,24.37,24.52,24.2038,24.43,61037051
1547130600,2019-01-10 09:30,24.29,24.52,24.21,24.44,48630810
1547217000,2019-01-11 09:30,24.32,24.55,24.18,24.5,44961617
1547476200,2019-01-14 09:30,24.26,24.75,24.23,24.67,50610566
1547562600,2019-01-15 09:30,24.57,24.93,24.5,24.89,59156475
1547649000,2019-01-16 09:30,25.18,25.57,25.11,25.42,72982441
1547735400,2019-01-17 09:30,25.32,25.65,25.165,25.56,55771263
1547821800,2019-01-18 09:30,25.74,26.03,25.533,26,58400191
1548167400,2019-01-22 09:30,25.78,25.91,25.57,25.7,79651742
1548253800,2019-01-23 09:30,25.8,25.83,25.44,25.73,44072057
1548340200,2019-01-24 09:30,25.64,25.86,25.56,25.79,25496893
1548426600,2019-01-25 09:30,25.97,26.17,25.8964,26,63139954
1548685800,2019-01-28 09:30,25.75,25.95,25.71,25.92,66894895
1548772200,2019-01-29 09:30,25.91,26.01,25.82,25.83,29442082
1548858600,2019-01-30 09:30,25.91,26.1366,25.725,25.98,62076761
1548945000,2019-01-31 09:30,25.76,25.98,25.72,25.94,64021467
1549031400,2019-02-01 09:30,25.98,26.1717,25.95,26.05,42920281
1549290600,2019-02-04 09:30,26.06,26.17,25.92,26.16,30362455
1549377000,2019-02-05 09:30,26.21,26.23,25.99,26.09,39095274
1549463400,2019-02-06 09:30,26.01,26.195,25.97,26.06,51542815
1549549800,2019-02-07 09:30,25.98,26.05,25.59,25.8,80395650
1549636200,2019-02-08 09:30,25.66,25.78,25.34,25.67,54911051
1549895400,2019-02-11 09:30,25.75,25.8,25.62,25.75,53115694
1549981800,2019-02-12 09:30,25.94,26.225,25.93,26.13,37671288
1550068200,2019-02-13 09:30,26.25,26.43,26.19,26.2,42969630
1550154600,2019-02-14 09:30,26,26.08,25.73,25.88,47630097
1550241000,2019-02-15 09:30,26.09,26.43,25.88,26.43,46880785
1550586600,2019-02-19 09:30,26.3,26.55,26.22,26.47,23868332
1550673000,2019-02-20 09:30,26.46,26.65,26.4,26.64,27509066
1550759400,2019-02-21 09:30,26.59,26.68,26.41,26.5,46620034
1550845800,2019-02-22 09:30,26.5,26.58,26.3622,26.46,26343683
1551105000,2019-02-25 09:30,26.58,26.82,26.54,26.57,33835895
1551191400,2019-02-26 09:30,26.38,26.685,26.36,26.49,35659790
1551277800,2019-02-27 09:30,26.44,26.64,26.405,26.59,42542398
1551364200,2019-02-28 09:30,26.6,26.65,26.51,26.52,39835922
1551450600,2019-03-01 09:30,26.75,26.94,26.61,26.69,82657330
1551709800,2019-03-04 09:30,26.76,26.94,26.3,26.52,76611896
1551796200,2019-03-05 09:30,26.57,26.5775,26.22,26.42,39868099
1551882600,2019-03-06 09:30,26.42,26.505,26.23,26.25,43158887
1551969000,2019-03-07 09:30,26.15,26.15,25.83,25.98,62622140
1552055400,2019-03-08 09:30,25.69,25.99,25.68,25.97,55964139
1552311000,2019-03-11 09:30,26.1,26.315,25.9788,26.24,63343530
1552397400,2019-03-12 09:30,26.28,26.39,26.24,26.3,32521130
1552483800,2019-03-13 09:30,26.4,26.58,26.32,26.48,42817546
1552570200,2019-03-14 09:30,26.44,26.68,26.43,26.58,37665726
1552656600,2019-03-15 09:30,26.45,26.71,26.43,26.63,70020432
1552915800,2019-03-18 09:30,26.68,26.98,26.68,26.9,43980696
1553002200,2019-03-19 09:30,27.05,27.1,26.62,26.69,45029262
1553088600,2019-03-20 09:30,26.63,26.64,26.11,26.14,65860286
1553175000,2019-03-21 09:30,25.96,26.17,25.78,26.06,104914052
1553261400,2019-03-22 09:30,25.75,25.885,25.231,25.34,121856178
1553520600,2019-03-25 09:30,25.31,25.53,25.08,25.23,72835604
1553607000,2019-03-26 09:30,25.43,25.59,25.28,25.53,51171543
1553693400,2019-03-27 09:30,25.47,25.5971,25.3,25.42,73148342
1553779800,2019-03-28 09:30,25.47,25.65,25.35,25.64,52089324
1553866200,2019-03-29 09:30,25.86,25.88,25.61,25.71,50234396
1554125400,2019-04-01 09:30,25.92,26.36,25.91,26.34,62485288
1554211800,2019-04-02 09:30,26.27,26.46,26.23,26.32,41003636
1554298200,2019-04-03 09:30,26.5,26.62,26.29,26.4,52030863
1554384600,2019-04-04 09:30,26.4,26.67,26.4,26.56,54378854
1554471000,2019-04-05 09:30,26.61,26.7043,26.52,26.6,37088792
1554730200,2019-04-08 09:30,26.53,26.635,26.47,26.63,34998006
1554816600,2019-04-09 09:30,26.51,26.51,26.2927,26.41,65954762
1554903000,2019-04-10 09:30,26.41,26.53,26.28,26.49,48232806
1554989400,2019-04-11 09:30,26.59,26.75,26.51,26.65,62205014
1555075800,2019-04-12 09:30,27.04,27.33,26.9,27.14,84627607
1555335000,2019-04-15 09:30,27.15,27.16,26.91,26.97,40030367
1555421400,2019-04-16 09:30,27.03,27.38,27.01,27.35,56093380
1555507800,2019-04-17 09:30,27.45,27.46,27.2,27.42,58833989
1555594200,2019-04-18 09:30,27.37,27.45,27.3,27.34,52495728
1555939800,2019-04-22 09:30,27.26,27.3356,27.17,27.26,39324122
1556026200,2019-04-23 09:30,27.25,27.46,27.14,27.43,54250320
1556112600,2019-04-24 09:30,27.34,27.5233,27.28,27.4,39505227
1556199000,2019-04-25 09:30,27.27,27.56,27.2,27.45,44532302
1556285400,2019-04-26 09:30,27.45,27.72,27.41,27.7,41527922
1556544600,2019-04-29 09:30,27.8,28.1284,27.73,27.98,61643171
1556631000,2019-04-30 09:30,28.02,28.06,27.7833,28.02,38915267
1556717400,2019-05-01 09:30,28.05,28.14,27.77,27.79,67969522
1556803800,2019-05-02 09:30,27.77,27.95,27.62,27.82,50972887
1556890200,2019-05-03 09:30,27.94,28.12,27.885,28.07,34598895
1557149400,2019-05-06 09:30,27.58,27.98,27.53,27.88,42517377
1557235800,2019-05-07 09:30,27.62,27.885,27.23,27.42,60090811
1557322200,2019-05-08 09:30,27.31,27.59,27.235,27.36,44254544
1557408600,2019-05-09 09:30,27.03,27.355,26.895,27.3,56468339
1557495000,2019-05-10 09:30,27.15,27.525,26.91,27.48,63453824
1557754200,2019-05-13 09:30,26.93,26.99,26.59,26.68,54962540
1557840600,2019-05-14 09:30,26.74,27.12,26.71,26.89,52398357
1557927000,2019-05-15 09:30,26.62,26.92,26.52,26.79,49061697
1558013400,2019-05-16 09:30,26.88,27.21,26.86,27.06,44872608
1558099800,2019-05-17 09:30,26.79,27.14,26.75,26.88,62711461
1558359000,2019-05-20 09:30,26.78,27.03,26.78,26.91,44357439
1558445400,2019-05-21 09:30,27.02,27.19,27.02,27.19,36851389
1558531800,2019-05-22 09:30,27.05,27.11,26.9535,27.03,25867584
1558618200,2019-05-23 09:30,26.77,26.78,26.42,26.65,51832904
1558704600,2019-05-24 09:30,26.75,26.87,26.67,26.86,30582000
1559050200,2019-05-28 09:30,26.78,26.86,26.535,26.55,35177714
1559136600,2019-05-29 09:30,26.34,26.545,26.215,26.5,39700572
1559223000,2019-05-30 09:30,26.56,26.71,26.28,26.41,40641219
1559309400,2019-05-31 09:30,26.07,26.2,25.99,26.01,49259252
1559568600,2019-06-03 09:30,25.97,26.29,25.92,26.18,63329348
1559655000,2019-06-04 09:30,26.5,26.92,26.43,26.89,45454397
1559741400,2019-06-05 09:30,26.94,27.08,26.71,27.06,46599718
1559827800,2019-06-06 09:30,27.07,27.2675,26.9233,27.16,37297602
1559914200,2019-06-07 09:30,27.16,27.25,27.08,27.12,33054778
1560173400,2019-06-10 09:30,27.28,27.55,27.28,27.35,37081389
1560259800,2019-06-11 09:30,27.5,27.61,27.275,27.36,34273450
1560346200,2019-06-12 09:30,27.33,27.38,27.03,27.09,36866039
1560432600,2019-06-13 09:30,27.14,27.27,27.07,27.18,31020047
1560519000,2019-06-14 09:30,27.21,27.33,27,27.24,29724061
1560778200,2019-06-17 09:30,27.23,27.305,26.96,26.99,40981591
1560864600,2019-06-18 09:30,26.93,27.46,26.93,27.35,46237423
1560951000,2019-06-19 09:30,27.4,27.59,27.27,27.3,58118501
1561037400,2019-06-20 09:30,27.45,27.53,27.12,27.42,50584217
1561123800,2019-06-21 09:30,27.3,27.48,27.18,27.22,65322286
1561383000,2019-06-24 09:30,27.17,27.355,27.08,27.11,48378025
1561469400,2019-06-25 09:30,27.11,27.15,26.89,27.02,47748490
1561555800,2019-06-26 09:30,27.08,27.21,26.96,26.97,31448023
1561642200,2019-06-27 09:30,27.07,27.29,27.07,27.21,59459807
1561728600,2019-06-28 09:30,27.53,27.7,27.2357,27.6,76728103
1561987800,2019-07-01 09:30,27.92,28.05,27.78,27.93,49145249
1562074200,2019-07-02 09:30,27.89,27.975,27.71,27.86,56626803
1562160600,2019-07-03 09:30,27.95,28.09,27.87,28.08,23706812
1562333400,2019-07-05 09:30,28.17,28.2651,28.03,28.16,40683108
1562592600,2019-07-08 09:30,28.01,28.13,27.94,28.02,26286734
1562679000,2019-07-09 09:30,27.83,28.12,27.81,28.07,25895770
1562765400,2019-07-10 09:30,28.08,28.23,27.93,27.97,36566724
1562851800,2019-07-11 09:30,28.01,28.17,27.96,28.13,40907527
1562938200,2019-07-12 09:30,28.17,28.32,28.0987,28.32,31109913
1563197400,2019-07-15 09:30,28.33,28.35,28.08,28.16,28346133
1563283800,2019-07-16 09:30,28.21,28.255,28.025,28.09,47288109
1563370200,2019-07-17 09:30,27.99,28.075,27.81,27.85,35062571
1563456600,2019-07-18 09:30,27.81,28.11,27.78,28.06,46385357
1563543000,2019-07-19 09:30,28.13,28.18,27.92,27.94,29338522
1563802200,2019-07-22 09:30,27.88,28.045,27.83,28,26683328
1563888600,2019-07-23 09:30,28.07,28.33,28.0601,28.29,45307569
1563975000,2019-07-24 09:30,28.23,28.58,28.21,28.58,36374227
1564061400,2019-07-25 09:30,28.57,28.61,28.315,28.38,34180350
1564147800,2019-07-26 09:30,28.44,28.71,28.38,28.69,33642786
1564407000,2019-07-29 09:30,28.64,28.72,28.44,28.47,35955119
1564493400,2019-07-30 09:30,28.25,28.42,28.19,28.39,30726087
1564579800,2019-07-31 09:30,28.39,28.5268,28.195,28.25,64485396
1564666200,2019-08-01 09:30,28.23,28.42,27.57,27.61,107976336
1564752600,2019-08-02 09:30,27.56,27.735,27.23,27.6,66036364
1565011800,2019-08-05 09:30,26.99,27.12,26.475,26.68,85527893
1565098200,2019-08-06 09:30,26.85,27.13,26.59,27.11,53444990
1565184600,2019-08-07 09:30,26.6,26.87,26.24,26.75,82354607
1565271000,2019-08-08 09:30,27.01,27.27,26.79,27.26,66653170
1565357400,2019-08-09 09:30,27.11,27.31,26.9,27.17,53782734
1565616600,2019-08-12 09:30,26.85,26.95,26.57,26.65,56837635
1565703000,2019-08-13 09:30,26.6,27.17,26.5,26.98,72404973
1565789400,2019-08-14 09:30,26.38,26.52,25.96,25.98,92067291
1565875800,2019-08-15 09:30,26.11,26.275,25.915,26.11,59686955
1565962200,2019-08-16 09:30,26.24,26.64,26.24,26.57,49339086
1566221400,2019-08-19 09:30,26.98,27.03,26.785,26.84,38298798
1566307800,2019-08-20 09:30,26.69,26.74,26.45,26.48,40587187
1566394200,2019-08-21 09:30,26.65,26.69,26.53,26.6,44922814
1566480600,2019-08-22 09:30,26.74,26.85,26.57,26.78,43902626
1566567000,2019-08-23 09:30,26.59,26.79,25.92,26.1,86262189
1566826200,2019-08-26 09:30,26.27,26.37,26.11,26.35,34237158
1566912600,2019-08-27 09:30,26.45,26.53,26.03,26.19,54243969
1566999000,2019-08-28 09:30,26.05,26.465,26.03,26.43,51879555
1567085400,2019-08-29 09:30,26.67,26.915,26.62,26.83,49830058
1567171800,2019-08-30 09:30,26.98,27.055,26.82,26.92,40565540
1567517400,2019-09-03 09:30,26.7,26.73,26.405,26.64,60003508
1567603800,2019-09-04 09:30,26.84,26.95,26.78,26.9,43946483
1567690200,2019-09-05 09:30,27.28,27.68,27.27,27.45,68642748
1567776600,2019-09-06 09:30,27.48,27.56,27.335,27.44,35660801
1568035800,2019-09-09 09:30,27.63,27.97,27.57,27.86,67798105
1568122200,2019-09-10 09:30,27.95,28.075,27.7,27.96,77546615
1568208600,2019-09-11 09:30,27.98,28.15,27.73,28.12,53285947
1568295000,2019-09-12 09:30,28.04,28.38,27.95,28.27,72872161
1568381400,2019-09-13 09:30,28.49,28.6,28.36,28.49,56248735
1568640600,2019-09-16 09:30,28.25,28.43,28.21,28.39,36693589
1568727000,2019-09-17 09:30,28.29,28.42,28.19,28.42,41036022
1568813400,2019-09-18 09:30,28.31,28.59,28.23,28.52,57487672
1568899800,2019-09-19 09:30,28.5,28.67,28.375,28.39,43068798
1568986200,2019-09-20 09:30,28.29,28.4,28.06,28.08,83159933
1569245400,2019-09-23 09:30,27.94,28.21,27.89,28.13,35999922
1569331800,2019-09-24 09:30,28.21,28.27,27.78,27.86,61938301
1569418200,2019-09-25 09:30,27.92,28.14,27.81,28.09,53843910
1569504600,2019-09-26 09:30,28.05,28.0835,27.92,27.96,53294733
1569591000,2019-09-27 09:30,28.19,28.29,27.92,28.07,73400527
1569850200,2019-09-30 09:30,28.14,28.17,27.984,28,30702989
1569936600,2019-10-01 09:30,28.13,28.15,27.41,27.41,55856502
1570023000,2019-10-02 09:30,27.24,27.25,26.79,26.85,79284340
1570109400,2019-10-03 09:30,26.81,26.96,26.45,26.96,81616880
1570195800,2019-10-04 09:30,26.99,27.48,26.97,27.46,41513512
1570455000,2019-10-07 09:30,27.35,27.57,27.29,27.32,36987430
1570541400,2019-10-08 09:30,27.05,27.06,26.76,26.78,60876208
1570627800,2019-10-09 09:30,26.95,27.155,26.925,27.03,45674200
1570714200,2019-10-10 09:30,27.1,27.51,27.1,27.31,55462104
1570800600,2019-10-11 09:30,27.74,27.99,27.64,27.65,79325703
1571059800,2019-10-14 09:30,27.56,27.75,27.53,27.69,38557294
1571146200,2019-10-15 09:30,27.85,28.2561,27.74,28.09,66547206
1571232600,2019-10-16 09:30,28.09,28.16,27.95,28.02,44758084
1571319000,2019-10-17 09:30,28.17,28.25,27.97,28.04,32164074
1571405400,2019-10-18 09:30,27.96,28.22,27.9566,28.11,40525653
1571664600,2019-10-21 09:30,28.35,28.54,28.34,28.5,44952222
1571751000,2019-10-22 09:30,28.45,28.61,28.33,28.42,50580987
1571837400,2019-10-23 09:30,28.36,28.54,28.35,28.54,30900020
1571923800,2019-10-24 09:30,28.57,28.62,28.39,28.5,33507175
1572010200,2019-10-25 09:30,28.47,28.73,28.2282,28.64,28330218
1572269400,2019-10-28 09:30,28.75,28.92,28.7401,28.79,50104567
1572355800,2019-10-29 09:30,28.73,29,28.7,28.86,48458100
1572442200,2019-10-30 09:30,28.86,28.9165,28.64,28.84,51106706
1572528600,2019-10-31 09:30,28.74,28.75,28.47,28.7,56795530
1572615000,2019-11-01 09:30,28.92,29.15,28.86,29.12,42302273
1572877800,2019-11-04 09:30,29.37,29.42,29.29,29.37,37319056
1572964200,2019-11-05 09:30,29.46,29.62,29.41,29.48,39516122
1573050600,2019-11-06 09:30,29.46,29.63,29.42,29.63,40179892
1573137000,2019-11-07 09:30,29.81,30.03,29.74,29.85,61738567
1573223400,2019-11-08 09:30,29.82,29.85,29.64,29.84,53810453
1573482600,2019-11-11 09:30,29.66,29.82,29.6217,29.76,19702774
1573569000,2019-11-12 09:30,29.77,29.89,29.69,29.8,44640587
1573655400,2019-11-13 09:30,29.57,29.71,29.45,29.61,43932498
1573741800,2019-11-14 09:30,29.53,29.67,29.47,29.67,46171953
1573828200,2019-11-15 09:30,29.77,29.8,29.66,29.75,30098954
1574087400,2019-11-18 09:30,29.75,29.82,29.66,29.81,25470007
1574173800,2019-11-19 09:30,29.88,29.97,29.7935,29.87,30772211
1574260200,2019-11-20 09:30,29.75,29.81,29.52,29.73,46723879
1574346600,2019-11-21 09:30,29.79,29.84,29.595,29.7,37192681
1574433000,2019-11-22 09:30,29.74,29.9478,29.74,29.92,35195027
1574692200,2019-11-25 09:30,29.96,30.15,29.95,30.11,50100339
1574778600,2019-11-26 09:30,30.11,30.11,29.9325,30.08,33519997
1574865000,2019-11-27 09:30,30.16,30.21,30.06,30.2,31017287
1575037800,2019-11-29 09:30,30.14,30.2365,30.09,30.15,19444153
1575297000,2019-12-02 09:30,30.2,30.26,29.93,29.96,52431092
1575383400,2019-12-03 09:30,29.61,29.62,29.35,29.54,67909997
1575469800,2019-12-04 09:30,29.57,29.9,29.55,29.82,41793964
1575556200,2019-12-05 09:30,29.94,30.01,29.83,29.96,44969722
1575642600,2019-12-06 09:30,30.29,30.46,30.28,30.36,40811264
1575901800,2019-12-09 09:30,30.3,30.42,30.28,30.29,22101506
1575988200,2019-12-10 09:30,30.21,30.36,30.13,30.3,37369837
1576074600,2019-12-11 09:30,30.29,30.34,30.2,30.23,24491884
1576161000,2019-12-12 09:30,30.27,30.91,30.25,30.82,68434041
1576247400,2019-12-13 09:30,30.79,30.97,30.53,30.71,48138027
1576506600,2019-12-16 09:30,30.96,31.02,30.79,30.82,45917698
1576593000,2019-12-17 09:30,30.84,31.04,30.83,30.94,30916898
1576679400,2019-12-18 09:30,31.04,31.04,30.81,30.81,39089750
1576765800,2019-12-19 09:30,30.82,30.89,30.77,30.8,36947081
1576852200,2019-12-20 09:30,30.8,30.88,30.64,30.68,97417028
1577111400,2019-12-23 09:30,30.76,30.77,30.57,30.61,38323202
1577197800,2019-12-24 09:30,30.67,30.69,30.6,30.68,12315909
1577370600,2019-12-26 09:30,30.71,30.85,30.71,30.85,15903421
1577457000,2019-12-27 09:30,30.9,30.91,30.75,30.77,19423051
1577716200,2019-12-30 09:30,30.91,30.96,30.65,30.68,18825595
1577802600,2019-12-31 09:30,30.66,30.79,30.62,30.78,15788138
1577975400,2020-01-02 09:30,30.89,31.08,30.8,31.08,28823589
1578061800,2020-01-03 09:30,30.68,30.88,30.59,30.75,51384939
1578321000,2020-01-06 09:30,30.47,30.75,30.46,30.73,27956661
1578407400,2020-01-07 09:30,30.66,30.71,30.53,30.53,39654652
1578493800,2020-01-08 09:30,30.56,30.9,30.56,30.73,47982982
1578580200,2020-01-09 09:30,30.95,30.975,30.83,30.92,27705899
1578666600,2020-01-10 09:30,30.94,30.95,30.65,30.69,33460368
1578925800,2020-01-13 09:30,30.76,30.93,30.68,30.9,27553174
1579012200,2020-01-14 09:30,30.9,31.08,30.8,30.84,37576195
1579098600,2020-01-15 09:30,30.69,30.79,30.57,30.67,41457270
1579185000,2020-01-16 09:30,30.82,30.94,30.7542,30.94,34444000
1579271400,2020-01-17 09:30,31.03,31.1,30.9106,31.03,38819425
1579617000,2020-01-21 09:30,30.88,31.02,30.77,30.77,41276452
1579703400,2020-01-22 09:30,30.87,30.94,30.815,30.86,27391018
1579789800,2020-01-23 09:30,30.7,30.85,30.49,30.78,43072312
1579876200,2020-01-24 09:30,30.79,30.79,30.1962,30.39,58924941
1580135400,2020-01-27 09:30,29.79,30.06,29.75,29.92,50289300
1580221800,2020-01-28 09:30,30.08,30.4,30.03,30.27,34257892
1580308200,2020-01-29 09:30,30.37,30.475,30.1701,30.22,41168268
1580394600,2020-01-30 09:30,29.95,30.62,29.93,30.6,51209980
1580481000,2020-01-31 09:30,30.34,30.3843,29.85,29.96,58958779
1580740200,2020-02-03 09:30,30.17,30.47,30.1493,30.17,40168745
1580826600,2020-02-04 09:30,30.58,30.75,30.45,30.46,79273314
1580913000,2020-02-05 09:30,30.87,31.1,30.8,31.07,51086871
1580999400,2020-02-06 09:30,31.24,31.27,30.965,31.03,37044389
1581085800,2020-02-07 09:30,30.86,31.01,30.79,30.92,27982485
1581345000,2020-02-10 09:30,30.82,31.01,30.8101,31.01,17723704
1581431400,2020-02-11 09:30,31.09,31.26,31.09,31.12,27997359
1581517800,2020-02-12 09:30,31.28,31.38,31.1,31.14,26964157
1581604200,2020-02-13 09:30,31.04,31.2,30.9534,31.13,22758975
1581690600,2020-02-14 09:30,31.1,31.19,31.015,31.17,22080227
1582036200,2020-02-18 09:30,31.08,31.16,30.72,30.9,37795921
1582122600,2020-02-19 09:30,31.01,31.21,30.97,31.13,25643251
1582209000,2020-02-20 09:30,31.02,31.28,30.86,31.07,50344301
1582295400,2020-02-21 09:30,30.92,30.99,30.6,30.77,51128175
1582554600,2020-02-24 09:30,29.8,30.06,29.63,29.77,70455449
1582641000,2020-02-25 09:30,29.78,29.84,28.62,28.76,111826875
1582727400,2020-02-26 09:30,28.95,29.215,28.55,28.55,95015741
1582813800,2020-02-27 09:30,27.94,28.39,27.31,27.33,143536169
1582900200,2020-02-28 09:30,26.4,26.85,25.97,26.59,192064175
1583159400,2020-03-02 09:30,26.64,27.95,26.36,27.95,127115541
1583245800,2020-03-03 09:30,27.86,28.25,26.625,26.9,256525000
1583332200,2020-03-04 09:30,27.26,27.8,26.8,27.79,124407986
1583418600,2020-03-05 09:30,26.87,26.94,26.15,26.45,130265661
1583505000,2020-03-06 09:30,25.25,25.84,25.03,25.55,160607013
1583760600,2020-03-09 09:30,23,23.88,22.52,22.81,134165747
1583847000,2020-03-10 09:30,23.87,24.17,22.84,24.15,149282272
1583933400,2020-03-11 09:30,23.41,23.65,22.52,22.84,146956334
1584019800,2020-03-12 09:30,20.94,22.21,20.3,20.37,161437526
1584106200,2020-03-13 09:30,21.9,23.09,20.9,23.05,160945700
1584365400,2020-03-16 09:30,19.35,21.34,18.93,19.89,110661583
1584451800,2020-03-17 09:30,20.35,21.19,19.54,20.97,122295136
1584538200,2020-03-18 09:30,19.65,20.05,18.28,19.19,145056421
1584624600,2020-03-19 09:30,18.79,19.89,18.11,19.61,105652811
1584711000,2020-03-20 09:30,19.82,19.92,18.67,18.91,157840916
1584970200,2020-03-23 09:30,18.44,18.6,17.49,17.66,144547917
1585056600,2020-03-24 09:30,18.71,19.96,18.575,19.85,158551111
1585143000,2020-03-25 09:30,20.14,21.23,19.3874,20.39,162949598
1585229400,2020-03-26 09:30,20.66,21.82,20.625,21.67,129753949
1585315800,2020-03-27 09:30,20.79,21.67,20.55,21.01,109305622
1585575000,2020-03-30 09:30,21.04,21.525,20.6,21.41,67297220
1585661400,2020-03-31 09:30,21.21,21.45,20.635,20.82,83819894
1585747800,2020-04-01 09:30,19.72,19.94,19.37,19.55,79185017
1585834200,2020-04-02 09:30,19.43,20.2,19.365,20.04,68398263
1585920600,2020-04-03 09:30,19.85,20.14,19.355,19.64,68418105
1586179800,2020-04-06 09:30,20.62,21.2176,20.4716,21.05,69015063
1586266200,2020-04-07 09:30,22.2,22.22,21.25,21.26,70950941
1586352600,2020-04-08 09:30,21.58,22.33,21.34,22.19,80003402
1586439000,2020-04-09 09:30,22.77,23.655,22.73,23.38,147892930
1586784600,2020-04-13 09:30,23.31,23.33,22.325,22.53,66236307
1586871000,2020-04-14 09:30,23.07,23.135,22.21,22.63,96168982
1586957400,2020-04-15 09:30,21.73,21.86,21.54,21.65,63481951
1587043800,2020-04-16 09:30,21.6,21.64,21.06,21.27,68907624
1587130200,2020-04-17 09:30,22.1,22.515,21.92,22.39,88698630
1587389400,2020-04-20 09:30,21.95,22.36,21.75,22,59063101
1587475800,2020-04-21 09:30,21.33,21.71,21.21,21.29,71957895
1587562200,2020-04-22 09:30,21.73,21.79,21.47,21.52,47510291
1587648600,2020-04-23 09:30,21.58,21.86,21.4,21.43,71740225
1587735000,2020-04-24 09:30,21.66,21.825,21.33,21.74,33836725
1587994200,2020-04-27 09:30,21.96,22.6,21.92,22.48,109435148
1588080600,2020-04-28 09:30,23.16,23.325,22.67,22.72,46452303
1588167000,2020-04-29 09:30,23.42,23.655,23.18,23.38,70064449
1588253400,2020-04-30 09:30,22.91,23.16,22.675,22.79,56745740
1588339800,2020-05-01 09:30,22.25,22.31,21.9115,22.06,37534293
1588599000,2020-05-04 09:30,21.77,21.8902,21.44,21.86,50177200
1588685400,2020-05-05 09:30,22.16,22.275,21.79,21.79,65122828
1588771800,2020-05-06 09:30,21.99,22.05,21.3,21.32,63738410
1588858200,2020-05-07 09:30,21.6,22.18,21.6,21.82,61339041
1588944600,2020-05-08 09:30,22.24,22.32,22.01,22.29,42240657
1589203800,2020-05-11 09:30,21.98,22.05,21.74,21.86,54994912
1589290200,2020-05-12 09:30,21.95,22.03,21.27,21.29,62202694
1589376600,2020-05-13 09:30,21.11,21.14,20.5,20.66,86848318
1589463000,2020-05-14 09:30,20.3,21.21,20.085,21.19,103763104
1589549400,2020-05-15 09:30,20.99,21.23,20.795,21.05,70284975
1589808600,2020-05-18 09:30,21.83,22.3,21.6773,22.13,79563572
1589895000,2020-05-19 09:30,22,22.11,21.58,21.59,56673196
1589981400,2020-05-20 09:30,21.95,22.2,21.93,22.07,50402631
1590067800,2020-05-21 09:30,22,22.21,21.88,22,49939856
1590154200,2020-05-22 09:30,21.99,22.02,21.7,21.92,37584497
1590499800,2020-05-26 09:30,22.75,23.3,22.73,23.06,108349163
1590586200,2020-05-27 09:30,24.09,24.1,23.54,24.06,121521218
1590672600,2020-05-28 09:30,24.33,24.34,23.61,23.68,101593968
1590759000,2020-05-29 09:30,23.4,23.62,23.17,23.41,86971072
1591018200,2020-06-01 09:30,23.5,23.79,23.34,23.68,52629291
1591104600,2020-06-02 09:30,23.89,24.04,23.7,23.87,52550514
1591191000,2020-06-03 09:30,24.4,24.87,24.34,24.76,77622930
1591277400,2020-06-04 09:30,24.72,25.3,24.52,25.3,97575087
1591363800,2020-06-05 09:30,26.78,26.825,26.15,26.24,135859288
1591623000,2020-06-08 09:30,26.67,26.795,26.3701,26.74,80298387
1591709400,2020-06-09 09:30,26.11,26.4,25.92,26.17,92833147
1591795800,2020-06-10 09:30,26.02,26.1597,25.17,25.19,110848913
1591882200,2020-06-11 09:30,24,24.36,23.09,23.13,233116601
1591968600,2020-06-12 09:30,24.06,24.06,23.22,23.83,127502925
1592227800,2020-06-15 09:30,23.01,24.238,22.96,24.16,92469468
1592314200,2020-06-16 09:30,25.12,25.12,23.95,24.54,108121252
1592400600,2020-06-17 09:30,24.61,24.61,24.13,24.17,56320875
1592487000,2020-06-18 09:30,23.93,24.37,23.8602,24.14,61206472
1592573400,2020-06-19 09:30,24.6,24.61,23.71,23.98,99903907
1592832600,2020-06-22 09:30,23.68,23.88,23.53,23.71,47929500
1592919000,2020-06-23 09:30,24.07,24.22,23.8,23.82,47218930
1593005400,2020-06-24 09:30,23.51,23.52,22.91,22.98,90217541
1593091800,2020-06-25 09:30,22.9,23.64,22.86,23.59,110208940
1593178200,2020-06-26 09:30,23.19,23.26,22.52,22.58,123959144
1593437400,2020-06-29 09:30,22.82,22.98,22.63,22.83,69107072
1593523800,2020-06-30 09:30,22.71,23.3,22.69,23.14,60653071
1593610200,2020-07-01 09:30,23.24,23.35,22.87,22.94,60500278
1593696600,2020-07-02 09:30,23.45,23.53,22.915,22.97,50841858
1594042200,2020-07-06 09:30,23.48,23.66,23.28,23.41,60271743
1594128600,2020-07-07 09:30,23.22,23.225,22.87,22.93,43810905
1594215000,2020-07-08 09:30,22.92,23.23,22.84,23.17,53046101
1594301400,2020-07-09 09:30,23.16,23.21,22.49,22.68,71163738
1594387800,2020-07-10 09:30,22.67,23.49,22.67,23.46,94440587
1594647000,2020-07-13 09:30,23.76,23.91,23.42,23.56,102487105
1594733400,2020-07-14 09:30,23.46,23.745,23.25,23.68,102468252
1594819800,2020-07-15 09:30,24.25,24.26,23.89,24.15,90549316
1594906200,2020-07-16 09:30,23.94,24.4,23.85,24.15,74678528
1594992600,2020-07-17 09:30,24.2,24.22,23.94,23.95,47033680
1595251800,2020-07-20 09:30,23.82,23.98,23.75,23.84,40127636
1595338200,2020-07-21 09:30,24,24.4299,23.97,24.31,46494919
1595424600,2020-07-22 09:30,24.19,24.325,24.105,24.31,44434169
1595511000,2020-07-23 09:30,24.26,24.47,24.18,24.33,49916070
1595597400,2020-07-24 09:30,24.35,24.475,24.19,24.27,41245574
1595856600,2020-07-27 09:30,24.16,24.18,23.86,24.07,43060247
1595943000,2020-07-28 09:30,23.98,24.12,23.9,24.01,35370511
1596029400,2020-07-29 09:30,23.97,24.49,23.9314,24.46,36491582
1596115800,2020-07-30 09:30,24,24.07,23.71,24.02,53994587
1596202200,2020-07-31 09:30,24.01,24.06,23.71,24.03,50186863
1596461400,2020-08-03 09:30,24.13,24.285,23.955,24.1,42985843
1596547800,2020-08-04 09:30,24,24.04,23.87,24,30754518
1596634200,2020-08-05 09:30,24.16,24.39,24.125,24.33,34866481
1596720600,2020-08-06 09:30,24.25,24.42,24.1501,24.32,33115354
1596807000,2020-08-07 09:30,24.2,24.86,24.15,24.84,63302841
1597066200,2020-08-10 09:30,24.98,25.11,24.8701,25.02,45436106
1597152600,2020-08-11 09:30,25.49,25.72,25.25,25.31,73758559
1597239000,2020-08-12 09:30,25.76,25.77,25.06,25.24,58794997
1597325400,2020-08-13 09:30,25.05,25.26,24.93,25.08,35222516
1597411800,2020-08-14 09:30,24.96,25.3,24.925,25.18,28276928
1597671000,2020-08-17 09:30,25.09,25.11,24.75,24.76,53396992
1597757400,2020-08-18 09:30,24.78,24.84,24.58,24.6,35502548
1597843800,2020-08-19 09:30,24.69,24.935,24.52,24.59,59847178
1597930200,2020-08-20 09:30,24.31,24.5,24.29,24.36,45586098
1598016600,2020-08-21 09:30,24.32,24.53,24.23,24.31,35349229
1598275800,2020-08-24 09:30,24.45,24.89,24.39,24.89,51010918
1598362200,2020-08-25 09:30,25.1,25.17,24.8,24.96,55236875
1598448600,2020-08-26 09:30,24.9,24.96,24.75,24.84,30646631
1598535000,2020-08-27 09:30,24.82,25.375,24.82,25.26,66463903
1598621400,2020-08-28 09:30,25.44,25.45,25.15,25.36,49170562
1598880600,2020-08-31 09:30,25.34,25.34,25.055,25.06,52259043
1598967000,2020-09-01 09:30,24.93,25.215,24.85,25.13,42040016
1599053400,2020-09-02 09:30,25.12,25.58,25.0499,25.49,48429949
1599139800,2020-09-03 09:30,25.64,26.01,24.94,25.1,98391267
1599226200,2020-09-04 09:30,25.55,25.69,24.89,25.29,111105512
1599571800,2020-09-08 09:30,25.04,25.1,24.55,24.64,84683037
1599658200,2020-09-09 09:30,24.87,25.07,24.71,24.89,52320985
1599744600,2020-09-10 09:30,24.97,25.14,24.49,24.54,55515302
1599831000,2020-09-11 09:30,24.58,24.84,24.5,24.71,69285693
1600090200,2020-09-14 09:30,24.93,25.27,24.86,25.05,51020975
1600176600,2020-09-15 09:30,25.1,25.12,24.69,24.71,48459911
1600263000,2020-09-16 09:30,24.76,25.27,24.71,24.99,62122241
1600349400,2020-09-17 09:30,24.65,24.8799,24.58,24.73,47334182
1600435800,2020-09-18 09:30,24.73,24.9278,24.63,24.68,61707172
1600695000,2020-09-21 09:30,24.03,24.165,23.56,23.93,72307333
1600781400,2020-09-22 09:30,23.87,24.1,23.53,23.73,84561453
1600867800,2020-09-23 09:30,23.78,23.945,23.2,23.2,54274638
1600954200,2020-09-24 09:30,23.21,23.58,22.94,23.25,56512283
1601040600,2020-09-25 09:30,23.08,23.57,23.03,23.49,46018752
1601299800,2020-09-28 09:30,23.82,24.22,23.82,24.05,62803502
1601386200,2020-09-29 09:30,23.98,24.015,23.62,23.75,53262864
1601472600,2020-09-30 09:30,23.85,24.27,23.84,24.07,66732154
1601559000,2020-10-01 09:30,24.17,24.33,23.92,24.11,65766067
1601645400,2020-10-02 09:30,23.79,24.44,23.73,24.3,63367823
1601904600,2020-10-05 09:30,24.53,24.78,24.465,24.7,58911741
1601991000,2020-10-06 09:30,24.91,25.08,24.36,24.45,88404884
1602077400,2020-10-07 09:30,24.68,24.98,24.68,24.86,53810732
1602163800,2020-10-08 09:30,25,25.26,24.94,25.2,57646316
1602250200,2020-10-09 09:30,25.34,25.37,25.0317,25.23,52025758
1602509400,2020-10-12 09:30,25.21,25.59,25.205,25.51,45931404
1602595800,2020-10-13 09:30,25.43,25.51,24.943,25.02,60377774
1602682200,2020-10-14 09:30,25.04,25.13,24.75,24.78,49035086
1602768600,2020-10-15 09:30,24.55,24.98,24.51,24.97,41640087
1602855000,2020-10-16 09:30,25.02,25.15,24.87,24.99,40103579
1603114200,2020-10-19 09:30,25.08,25.09,24.565,24.61,42989046
1603200600,2020-10-20 09:30,24.77,25.095,24.76,24.81,67293885
1603287000,2020-10-21 09:30,24.77,24.93,24.675,24.68,44307200
1603373400,2020-10-22 09:30,24.67,25.2,24.66,25.17,39511826
1603459800,2020-10-23 09:30,25.33,25.405,25.05,25.25,45092704
1603719000,2020-10-26 09:30,24.89,24.93,24.45,24.68,53980959
1603805400,2020-10-27 09:30,24.67,24.67,24.21,24.23,46083326
1603891800,2020-10-28 09:30,23.72,23.93,23.47,23.61,89288268
1603978200,2020-10-29 09:30,23.55,23.9617,23.25,23.79,60901968
1604064600,2020-10-30 09:30,23.65,23.9001,23.47,23.86,66227901
1604327400,2020-11-02 09:30,24.26,24.42,23.9643,24.31,65135953
1604413800,2020-11-03 09:30,24.76,25.1,24.73,24.85,79828378
1604500200,2020-11-04 09:30,24.41,25,24.19,24.56,87397396
1604586600,2020-11-05 09:30,24.77,25.335,24.77,25.16,65942296
1604673000,2020-11-06 09:30,25.28,25.3093,24.88,24.96,60783529
1604932200,2020-11-09 09:30,26.98,27.44,26.66,27.01,162965451
1605018600,2020-11-10 09:30,27.04,27.245,26.79,27.15,85851219
1605105000,2020-11-11 09:30,27.3,27.32,26.875,27.04,65062441
1605191400,2020-11-12 09:30,26.71,26.765,26.35,26.59,62749613
1605277800,2020-11-13 09:30,26.84,27.14,26.77,27.03,45051630
1605537000,2020-11-16 09:30,27.71,27.73,27.36,27.63,67556101
1605623400,2020-11-17 09:30,27.32,27.64,27.13,27.59,63679673
1605709800,2020-11-18 09:30,27.72,27.94,27.32,27.33,71578423
1605796200,2020-11-19 09:30,27.19,27.45,27.0233,27.42,47194764
1605882600,2020-11-20 09:30,27.28,27.385,27.1218,27.18,39976918
1606141800,2020-11-23 09:30,27.53,27.77,27.39,27.69,51870485
1606228200,2020-11-24 09:30,28.17,28.69,28.095,28.66,60991150
1606314600,2020-11-25 09:30,28.5,28.58,28.22,28.56,45204616
1606487400,2020-11-27 09:30,28.56,28.59,28.36,28.47,26981175
1606746600,2020-11-30 09:30,28.3,28.38,27.83,27.88,72524240
1606833000,2020-12-01 09:30,28.4,28.565,28.29,28.31,53977316
1606919400,2020-12-02 09:30,28.27,28.67,28.22,28.62,57471766
1607005800,2020-12-03 09:30,28.64,28.7976,28.46,28.63,49566017
1607092200,2020-12-04 09:30,28.82,29.03,28.8,28.98,52713126
1607351400,2020-12-07 09:30,28.81,28.86,28.61,28.78,34630698
1607437800,2020-12-08 09:30,28.51,28.84,28.51,28.77,31628548
1607524200,2020-12-09 09:30,28.93,28.95,28.59,28.7,47589551
1607610600,2020-12-10 09:30,28.48,28.78,28.39,28.75,41296702
1607697000,2020-12-11 09:30,28.43,28.525,28.23,28.46,48216339
1607956200,2020-12-14 09:30,28.84,28.84,28.11,28.13,38302861
1608042600,2020-12-15 09:30,28.35,28.69,28.1928,28.61,38637134
1608129000,2020-12-16 09:30,28.66,28.68,28.52,28.66,55602812
1608215400,2020-12-17 09:30,28.71,28.79,28.58,28.74,38510854
1608301800,2020-12-18 09:30,28.78,28.78,28.315,28.49,56080100
1608561000,2020-12-21 09:30,28.67,28.855,28.225,28.72,77664803
1608647400,2020-12-22 09:30,28.74,28.78,28.42,28.44,42342404
1608733800,2020-12-23 09:30,28.61,29.07,28.6,28.91,52681434
1608820200,2020-12-24 09:30,28.97,28.98,28.71,28.95,16071006
1609165800,2020-12-28 09:30,29.15,29.32,28.985,29.09,32824848
1609252200,2020-12-29 09:30,29.21,29.22,28.96,28.99,23607011
1609338600,2020-12-30 09:30,29.09,29.205,29.02,29.12,16616701
1609425000,2020-12-31 09:30,29.08,29.52,29,29.48,26239297
1609770600,2021-01-04 09:30,29.59,29.6,28.83,29.08,47086344
1609857000,2021-01-05 09:30,29.07,29.335,28.92,29.21,35265353
1609943400,2021-01-06 09:30,29.77,30.74,29.77,30.5,102254861
1610029800,2021-01-07 09:30,30.95,31.26,30.88,30.94,64342738
1610116200,2021-01-08 09:30,31.09,31.1,30.51,30.92,54266408
1610375400,2021-01-11 09:30,30.62,31.07,30.49,31.02,56591307
1610461800,2021-01-12 09:30,31.2,31.49,31.105,31.34,60546586
1610548200,2021-01-13 09:30,31.29,31.4,31.0924,31.32,55394727
1610634600,2021-01-14 09:30,31.41,31.62,31.29,31.46,49828818
1610721000,2021-01-15 09:30,31,31.19,30.71,30.94,68732671
1611066600,2021-01-19 09:30,31.1,31.18,30.83,31.02,97441489
1611153000,2021-01-20 09:30,31.12,31.12,30.78,30.89,55765702
1611239400,2021-01-21 09:30,30.87,30.93,30.56,30.56,43733020
1611325800,2021-01-22 09:30,30.25,30.46,30.2,30.34,37928042
1611585000,2021-01-25 09:30,30.04,30.16,29.74,30.12,68321478
1611671400,2021-01-26 09:30,30.24,30.28,29.855,29.88,55504593
1611757800,2021-01-27 09:30,29.47,29.5,28.935,29,84059225
1611844200,2021-01-28 09:30,29.37,29.88,29.28,29.54,62982771
1611930600,2021-01-29 09:30,29.46,29.54,28.8231,28.95,78260672
1612189800,2021-02-01 09:30,29.27,29.37,29.02,29.33,41947408
1612276200,2021-02-02 09:30,29.67,30.19,29.655,30.04,54263012
1612362600,2021-02-03 09:30,30,30.22,29.94,30.21,46195153
1612449000,2021-02-04 09:30,30.31,30.89,30.3,30.88,63061753
1612535400,2021-02-05 09:30,31.1,31.13,30.82,30.89,38461884
1612794600,2021-02-08 09:30,30.99,31.29,30.99,31.29,48721641
1612881000,2021-02-09 09:30,31.19,31.395,31.08,31.3,33571958
1612967400,2021-02-10 09:30,31.46,31.5,31.15,31.3,38899638
1613053800,2021-02-11 09:30,31.32,31.435,30.99,31.2,31909483
1613140200,2021-02-12 09:30,31.17,31.55,31.14,31.52,38271828
1613485800,2021-02-16 09:30,31.84,32.21,31.701,32.06,71330493
1613572200,2021-02-17 09:30,31.96,32.26,31.85,32.22,60611463
1613658600,2021-02-18 09:30,31.99,32.198,31.77,32.03,45188234
1613745000,2021-02-19 09:30,32.24,32.52,32.2,32.41,54330760
1614004200,2021-02-22 09:30,32.3,32.83,32.29,32.71,65930222
1614090600,2021-02-23 09:30,32.94,32.95,32.57,32.91,94301211
1614177000,2021-02-24 09:30,32.96,33.64,32.94,33.55,66000610
1614263400,2021-02-25 09:30,33.82,33.84,32.85,32.94,92168956
1614349800,2021-02-26 09:30,32.89,32.99,32.19,32.31,103105676
1614609000,2021-03-01 09:30,32.86,33.52,32.86,33.32,67590104
1614695400,2021-03-02 09:30,33.28,33.47,33.17,33.2,49987015
1614781800,2021-03-03 09:30,33.33,33.955,33.29,33.46,72541660
1614868200,2021-03-04 09:30,33.37,33.689,32.6,33.08,101311514
1614954600,2021-03-05 09:30,33.64,33.795,32.78,33.71,109299834
1615213800,2021-03-08 09:30,33.96,34.58,33.82,34.14,90538153
1615300200,2021-03-09 09:30,33.87,34.3291,33.5201,33.83,117224570
1615386600,2021-03-10 09:30,33.99,34.65,33.93,34.52,73262073
1615473000,2021-03-11 09:30,34.34,34.69,34.14,34.42,50900116
1615559400,2021-03-12 09:30,34.82,34.9499,34.66,34.77,68125959
1615815000,2021-03-15 09:30,34.9,34.91,34.25,34.57,57858586
1615901400,2021-03-16 09:30,34.39,34.43,33.94,34.21,67404134
1615987800,2021-03-17 09:30,34.46,34.64,34.08,34.44,64051120
1616074200,2021-03-18 09:30,34.79,35.29,34.5,34.62,96687416
1616160600,2021-03-19 09:30,34.35,34.38,33.86,34.22,98506969
1616419800,2021-03-22 09:30,33.82,33.89,33.512,33.63,68170640
1616506200,2021-03-23 09:30,33.43,33.6617,33.04,33.16,70441893
1616592600,2021-03-24 09:30,33.4,33.8,33.28,33.28,63357120
1616679000,2021-03-25 09:30,33.26,33.89,33,33.84,60532633
1616765400,2021-03-26 09:30,34.19,34.43,33.945,34.37,53771233
1617024600,2021-03-29 09:30,33.89,34.29,33.72,34.07,71777771
1617111000,2021-03-30 09:30,34.25,34.4683,34.21,34.31,55011351
1617197400,2021-03-31 09:30,34.24,34.38,34.03,34.05,51138343
1617283800,2021-04-01 09:30,34,34.47,34,34.47,51690145
1617629400,2021-04-05 09:30,34.84,34.905,34.63,34.74,51789970
1617715800,2021-04-06 09:30,34.66,34.83,34.545,34.67,41336786
1617802200,2021-04-07 09:30,34.77,34.9181,34.6,34.84,38660831
1617888600,2021-04-08 09:30,34.71,34.89,34.47,34.85,39927402
1617975000,2021-04-09 09:30,35.09,35.17,34.89,35.15,40133729
1618234200,2021-04-12 09:30,35.22,35.31,35.14,35.3,44435497
1618320600,2021-04-13 09:30,35.1,35.14,34.78,34.97,39950895
1618407000,2021-04-14 09:30,34.88,35.43,34.825,35.18,44065279
1618493400,2021-04-15 09:30,35.26,35.3,34.82,35.15,55483534
1618579800,2021-04-16 09:30,35.46,35.525,35.24,35.4,39115658
1618839000,2021-04-19 09:30,35.39,35.49,35.18,35.3,31172291
1618925400,2021-04-20 09:30,35.09,35.11,34.52,34.64,50227704
1619011800,2021-04-21 09:30,34.52,35.15,34.415,35.12,39680014
1619098200,2021-04-22 09:30,35.08,35.13,34.675,34.73,43611151
1619184600,2021-04-23 09:30,34.73,35.53,34.675,35.38,50468640
1619443800,2021-04-26 09:30,35.51,35.85,35.48,35.52,43749697
1619530200,2021-04-27 09:30,35.57,35.85,35.49,35.8,50852378
1619616600,2021-04-28 09:30,35.94,36.04,35.83,35.94,35771677
1619703000,2021-04-29 09:30,36.22,36.61,36.19,36.58,48573019
1619789400,2021-04-30 09:30,36.38,36.51,36.2025,36.26,43940862
1620048600,2021-05-03 09:30,36.57,36.64,36.3,36.44,33320594
1620135000,2021-05-04 09:30,36.28,36.73,36.04,36.73,66939714
1620221400,2021-05-05 09:30,36.84,37.17,36.84,37.03,25780978
1620307800,2021-05-06 09:30,37.18,37.59,36.96,37.58,43332915
1620394200,2021-05-07 09:30,37.15,37.79,37.06,37.78,64616660
1620653400,2021-05-10 09:30,37.98,38.26,37.72,37.75,56341073
1620739800,2021-05-11 09:30,37.37,37.7099,36.935,37.08,82719020
1620826200,2021-05-12 09:30,37.37,37.51,36.55,36.7,97911948
1620912600,2021-05-13 09:30,36.56,37.515,36.54,37.29,66882590
1620999000,2021-05-14 09:30,37.5,37.975,37.46,37.88,44850183
1621258200,2021-05-17 09:30,37.76,37.99,37.61,37.95,40376669
1621344600,2021-05-18 09:30,37.92,38.05,37.4,37.42,40299245
1621431000,2021-05-19 09:30,36.99,37.21,36.59,37.19,63573906
1621517400,2021-05-20 09:30,37.25,37.465,36.95,37.21,59216120
1621603800,2021-05-21 09:30,37.36,37.78,37.34,37.58,44950309
1621863000,2021-05-24 09:30,37.74,37.85,37.55,37.76,29159629
1621949400,2021-05-25 09:30,37.81,38.1,37.33,37.38,38755863
1622035800,2021-05-26 09:30,37.52,37.66,37.22,37.49,38601859
1622122200,2021-05-27 09:30,37.83,38.02,37.609,37.92,39789527
1622208600,2021-05-28 09:30,38.09,38.09,37.71,37.99,39268124
1622554200,2021-06-01 09:30,38.37,38.48,38.115,38.22,35710666
1622640600,2021-06-02 09:30,38.34,38.38,38.07,38.28,37537542
1622727000,2021-06-03 09:30,38.16,38.6,38.04,38.37,54877518
1622813400,2021-06-04 09:30,38.42,38.5,38.13,38.47,27250919
1623072600,2021-06-07 09:30,38.53,38.53,38.15,38.22,37401849
1623159000,2021-06-08 09:30,38.01,38.24,37.73,38.12,47747727
1623245400,2021-06-09 09:30,37.97,38.02,37.66,37.76,40776244
1623331800,2021-06-10 09:30,38.08,38.18,37.29,37.32,53775465
1623418200,2021-06-11 09:30,37.39,37.575,37.38,37.56,40416652
1623677400,2021-06-14 09:30,37.49,37.545,36.95,37.17,50613372
1623763800,2021-06-15 09:30,37.18,37.43,37,37.24,51315057
1623850200,2021-06-16 09:30,37.12,37.45,36.74,37.2,84961113
1623936600,2021-06-17 09:30,37.39,37.41,35.99,36.1,97659932
1624023000,2021-06-18 09:30,35.62,35.7408,35.18,35.23,180959978
1624282200,2021-06-21 09:30,35.44,35.93,35.38,35.91,89831353
1624368600,2021-06-22 09:30,35.99,36.11,35.63,35.97,42576449
1624455000,2021-06-23 09:30,36,36.21,35.95,36.04,48094886
1624541400,2021-06-24 09:30,36.25,36.58,36.08,36.49,42942760
1624627800,2021-06-25 09:30,36.68,37.025,36.465,36.93,56845029
1624887000,2021-06-28 09:30,36.86,36.89,36.45,36.66,70250695
1624973400,2021-06-29 09:30,36.85,37.045,36.43,36.53,61051191
1625059800,2021-06-30 09:30,36.42,36.77,36.41,36.69,42414087
1625146200,2021-07-01 09:30,36.87,37,36.68,36.98,36615580
1625232600,2021-07-02 09:30,36.98,37.02,36.7901,36.94,27018418
1625578200,2021-07-06 09:30,36.85,36.87,36.12,36.36,49225254
1625664600,2021-07-07 09:30,36.14,36.495,36.06,36.41,43747099
1625751000,2021-07-08 09:30,35.83,36.04,35.51,35.68,75084217
1625837400,2021-07-09 09:30,36.2,36.7599,36.09,36.71,70546482
1626096600,2021-07-12 09:30,36.49,37.14,36.33,37.07,62953355
1626183000,2021-07-13 09:30,36.95,37.01,36.535,36.67,44476176
1626269400,2021-07-14 09:30,36.69,36.93,36.1,36.5,69632708
1626355800,2021-07-15 09:30,36.14,36.85,36.14,36.62,53977596
1626442200,2021-07-16 09:30,36.81,36.81,36.04,36.12,56160744
1626701400,2021-07-19 09:30,35.42,35.61,34.9,35.11,89972179
1626787800,2021-07-20 09:30,35.07,36.22,35,35.98,70635830
1626874200,2021-07-21 09:30,36.27,36.78,36.24,36.6,59975036
1626960600,2021-07-22 09:30,36.47,36.56,36.045,36.2,35292344
1627047000,2021-07-23 09:30,36.55,36.65,36.155,36.26,36766925
1627306200,2021-07-26 09:30,36.19,36.54,36.17,36.47,25396047
1627392600,2021-07-27 09:30,36.19,36.62,36.02,36.46,38988356
1627479000,2021-07-28 09:30,36.59,36.64,36.1619,36.41,42908194
1627565400,2021-07-29 09:30,36.65,36.9661,36.49,36.81,41434227
1627651800,2021-07-30 09:30,36.71,36.98,36.43,36.52,52385325
1627911000,2021-08-02 09:30,36.77,37.19,36.48,36.53,47589850
1627997400,2021-08-03 09:30,36.66,36.99,36.12,36.94,42169580
1628083800,2021-08-04 09:30,36.59,37.0181,36.4326,36.63,52346378
1628170200,2021-08-05 09:30,36.86,37.11,36.85,37.11,37168237
1628256600,2021-08-06 09:30,37.46,37.93,37.45,37.86,58081048
1628515800,2021-08-09 09:30,37.81,38.135,37.6,37.96,48015613
1628602200,2021-08-10 09:30,37.93,38.47,37.885,38.36,40907442
1628688600,2021-08-11 09:30,38.47,38.8099,38.29,38.8,48372124
1628775000,2021-08-12 09:30,38.84,38.92,38.6,38.87,44608141
1628861400,2021-08-13 09:30,38.9,38.95,38.49,38.58,43077193
1629120600,2021-08-16 09:30,38.33,38.52,37.995,38.48,48013659
1629207000,2021-08-17 09:30,38.22,38.5,37.8337,38.21,52414806
1629293400,2021-08-18 09:30,38.06,38.33,37.7101,37.74,39550428
1629379800,2021-08-19 09:30,37.33,37.74,37.215,37.46,48961333
1629466200,2021-08-20 09:30,37.46,37.75,37.32,37.69,33898584
1629725400,2021-08-23 09:30,37.88,38.16,37.88,38,28807400
1629811800,2021-08-24 09:30,38.07,38.32,38.04,38.23,37677316
1629898200,2021-08-25 09:30,38.33,38.92,38.25,38.68,47904760
1629984600,2021-08-26 09:30,38.85,38.9,38.45,38.49,38484292
1630071000,2021-08-27 09:30,38.54,39.01,38.53,39,38511081
1630330200,2021-08-30 09:30,39.02,39.04,38.43,38.45,30096481
1630416600,2021-08-31 09:30,38.42,38.69,38.26,38.4,49876212
1630503000,2021-09-01 09:30,38.43,38.45,38.05,38.18,43976202
1630589400,2021-09-02 09:30,38.27,38.445,38.16,38.31,29616978
1630675800,2021-09-03 09:30,38.24,38.32,37.98,38.07,34850458
1631021400,2021-09-07 09:30,38.2,38.2,37.84,37.84,39221523
1631107800,2021-09-08 09:30,37.75,37.93,37.55,37.75,32523852
1631194200,2021-09-09 09:30,37.7,38.22,37.67,37.86,33421022
1631280600,2021-09-10 09:30,38.07,38.11,37.57,37.58,39350451
1631539800,2021-09-13 09:30,37.85,38.065,37.74,38.01,40357251
1631626200,2021-09-14 09:30,38.14,38.28,37.375,37.5,45670619
1631712600,2021-09-15 09:30,37.48,37.95,37.44,37.86,36371319
1631799000,2021-09-16 09:30,38,38.19,37.58,37.75,42630193
1631885400,2021-09-17 09:30,37.7,37.935,37.48,37.58,82987178
1632144600,2021-09-20 09:30,36.59,36.685,36.03,36.55,95008836
1632231000,2021-09-21 09:30,36.78,36.915,36.41,36.5,45837597
1632317400,2021-09-22 09:30,36.96,37.37,36.88,37.11,58350790
1632403800,2021-09-23 09:30,37.47,38.2,37.41,38.02,71804987
1632490200,2021-09-24 09:30,37.99,38.355,37.935,38.22,48066072
1632749400,2021-09-27 09:30,38.56,38.85,38.49,38.74,58794503
1632835800,2021-09-28 09:30,38.73,38.92,38.0409,38.1,96152675
1632922200,2021-09-29 09:30,38.22,38.3,37.95,38.13,49882532
1633008600,2021-09-30 09:30,38.35,38.36,37.52,37.53,73319263
1633095000,2021-10-01 09:30,37.63,38.41,37.49,38.15,70443993
1633354200,2021-10-04 09:30,38.09,38.59,37.755,37.82,69772684
1633440600,2021-10-05 09:30,38.1,38.75,37.955,38.56,56058435
1633527000,2021-10-06 09:30,38.21,38.63,37.93,38.6,63431067
1633613400,2021-10-07 09:30,39,39.24,38.78,38.83,53295643
1633699800,2021-10-08 09:30,38.87,39.1557,38.69,39.02,38607472
1633959000,2021-10-11 09:30,39.11,39.4,38.61,38.63,50748310
1634045400,2021-10-12 09:30,38.58,38.765,38.41,38.51,58527656
1634131800,2021-10-13 09:30,38.5,38.54,37.74,38.29,72113636
1634218200,2021-10-14 09:30,38.72,38.94,38.35,38.93,51893515
1634304600,2021-10-15 09:30,39.31,39.71,39.18,39.51,58411071
1634563800,2021-10-18 09:30,39.43,39.7499,39.32,39.52,56312728
1634650200,2021-10-19 09:30,39.7,39.91,39.55,39.91,33082564
1634736600,2021-10-20 09:30,39.84,40.23,39.73,40.23,44670214
1634823000,2021-10-21 09:30,40.22,40.3099,39.855,40.06,35067638
1634909400,2021-10-22 09:30,40.25,40.6879,40.21,40.62,41458194
1635168600,2021-10-25 09:30,40.72,40.77,40.465,40.57,33120959
1635255000,2021-10-26 09:30,40.67,40.86,40.54,40.6,41586934
1635341400,2021-10-27 09:30,40.5,40.68,39.92,39.93,62449508
1635427800,2021-10-28 09:30,40.09,40.44,40.0649,40.42,44566648
1635514200,2021-10-29 09:30,40.47,40.545,40.18,40.26,42091996
1635773400,2021-11-01 09:30,40.54,40.63,40.12,40.28,37503770
1635859800,2021-11-02 09:30,40.27,40.5,40.16,40.38,31436827
1635946200,2021-11-03 09:30,40.25,40.68,40.17,40.53,42946753
1636032600,2021-11-04 09:30,40.38,40.48,39.69,40,48279711
1636119000,2021-11-05 09:30,40.32,40.49,39.89,40.02,57866347
1636381800,2021-11-08 09:30,40.27,40.535,40.141,40.24,32864577
1636468200,2021-11-09 09:30,40.03,40.155,39.7643,40.02,48420388
1636554600,2021-11-10 09:30,39.98,40.2,39.85,39.95,60695081
1636641000,2021-11-11 09:30,40.01,40.19,39.84,40.06,31438902
1636727400,2021-11-12 09:30,40.12,40.16,39.79,40.15,39218825
1636986600,2021-11-15 09:30,40.26,40.36,40.07,40.15,30081055
1637073000,2021-11-16 09:30,40.2,40.35,40,40.11,32599496
1637159400,2021-11-17 09:30,40.05,40.05,39.54,39.65,53557211
1637245800,2021-11-18 09:30,39.69,39.765,39.265,39.45,42995332
1637332200,2021-11-19 09:30,39.11,39.25,38.715,39.02,71858073
1637591400,2021-11-22 09:30,39.54,39.96,39.22,39.57,81965804
1637677800,2021-11-23 09:30,39.83,40.22,39.66,40.19,61571249
1637764200,2021-11-24 09:30,40.11,40.26,39.945,40.1,40410284
1637937000,2021-11-26 09:30,38.84,39.005,38.33,38.77,76492188
1638196200,2021-11-29 09:30,39.22,39.36,38.595,38.89,79316461
1638282600,2021-11-30 09:30,38.42,38.58,37.9,37.96,121263739
1638369000,2021-12-01 09:30,38.63,38.88,37.54,37.54,102020897
1638455400,2021-12-02 09:30,37.89,38.8657,37.75,38.66,98076428
1638541800,2021-12-03 09:30,38.71,38.805,37.725,38.03,97178184
1638801000,2021-12-06 09:30,38.63,38.98,38.33,38.61,69716619
1638887400,2021-12-07 09:30,39.06,39.41,38.87,39.3,115475490
1638973800,2021-12-08 09:30,39.32,39.48,38.995,39.09,53033223
1639060200,2021-12-09 09:30,38.9,39.21,38.76,39.01,45521116
1639146600,2021-12-10 09:30,39.28,39.29,38.8002,39.05,38900921
1639405800,2021-12-13 09:30,38.96,38.97,38.5,38.63,44343023
1639492200,2021-12-14 09:30,38.57,39.15,38.54,38.86,51734388
1639578600,2021-12-15 09:30,38.96,39.085,38.48,38.97,70424908
1639665000,2021-12-16 09:30,39.42,39.74,39.215,39.46,71156600
1639751400,2021-12-17 09:30,39.2,39.25,38.35,38.59,97801910
1640010600,2021-12-20 09:30,37.81,37.86,37.21,37.66,85242261
1640097000,2021-12-21 09:30,38.04,38.6084,38.04,38.44,57667861
1640183400,2021-12-22 09:30,38.33,38.65,38.27,38.62,49702741
1640269800,2021-12-23 09:30,38.84,39.165,38.8,38.82,39057328
1640615400,2021-12-27 09:30,38.94,39.22,38.74,39.22,36120273
1640701800,2021-12-28 09:30,39.15,39.4899,39.14,39.24,34055239
1640788200,2021-12-29 09:30,39.32,39.43,39.14,39.19,27150504
1640874600,2021-12-30 09:30,39.31,39.53,38.9954,39.12,30089129
1640961000,2021-12-31 09:30,39.04,39.245,38.97,39.05,28497790
1641220200,2022-01-03 09:30,39.34,39.68,39.32,39.53,49884422
1641306600,2022-01-04 09:30,39.99,40.7,39.97,40.57,74210177
1641393000,2022-01-05 09:30,40.69,40.9,40.07,40.1,76288355
1641479400,2022-01-06 09:30,40.52,40.72,40.15,40.69,57725155
1641565800,2022-01-07 09:30,40.78,41.27,40.635,41.17,62185450
1641825000,2022-01-10 09:30,41.43,41.46,40.6,41.03,73620239
1641911400,2022-01-11 09:30,41.18,41.41,40.795,41.39,60706271
1641997800,2022-01-12 09:30,41.5,41.655,41.22,41.42,51560590
1642084200,2022-01-13 09:30,41.48,41.6975,41.115,41.26,51659563
1642170600,2022-01-14 09:30,40.6,40.865,40.335,40.83,81135462
1642516200,2022-01-18 09:30,40.56,40.6,39.67,39.92,82556556
1642602600,2022-01-19 09:30,40.22,40.245,39.215,39.25,85975120
1642689000,2022-01-20 09:30,39.36,39.87,38.92,39,80314021
1642775400,2022-01-21 09:30,38.84,38.95,38.04,38.2,117914259
1643034600,2022-01-24 09:30,37.54,38.39,36.82,38.31,169203858
1643121000,2022-01-25 09:30,37.88,38.75,37.255,38.47,97364909
1643207400,2022-01-26 09:30,38.89,39.21,38.11,38.57,106681998
1643293800,2022-01-27 09:30,38.94,39.34,37.97,38.22,91498935
1643380200,2022-01-28 09:30,38.07,38.73,37.59,38.72,79753586
1643639400,2022-01-31 09:30,38.45,39.09,38.22,39.06,58740942
1643725800,2022-02-01 09:30,39.11,39.695,38.91,39.6,64601491
1643812200,2022-02-02 09:30,39.58,39.935,39.33,39.87,46649415
1643898600,2022-02-03 09:30,39.86,40,39.37,39.43,50676954
1643985000,2022-02-04 09:30,39.5,40.44,39.48,40.1,77792442
1644244200,2022-02-07 09:30,40.15,40.48,39.925,40.22,52710433
1644330600,2022-02-08 09:30,40.5,40.88,40.4,40.78,56921248
1644417000,2022-02-09 09:30,41,41.31,40.9,41.04,67505320
1644503400,2022-02-10 09:30,40.85,41.385,40.51,40.68,67260802
1644589800,2022-02-11 09:30,40.55,41.04,39.87,40.11,77962762
1644849000,2022-02-14 09:30,40.09,40.23,39.33,39.66,71539805
1644935400,2022-02-15 09:30,40.14,40.41,40,40.2,55459558
1645021800,2022-02-16 09:30,40,40.41,39.95,40.23,41168838
1645108200,2022-02-17 09:30,39.81,39.94,39.115,39.23,59108474
1645194600,2022-02-18 09:30,39.19,39.55,39.02,39.22,47824547
1645540200,2022-02-22 09:30,39.04,39.395,38.69,39.02,60719703
1645626600,2022-02-23 09:30,39.31,39.43,38.235,38.34,64169775
1645713000,2022-02-24 09:30,37.07,38,36.8,37.88,143075729
1645799400,2022-02-25 09:30,38.13,39.2,38.12,39.1,99127106
1646058600,2022-02-28 09:30,38.17,38.765,38.115,38.52,107370166
1646145000,2022-03-01 09:30,38.15,38.26,36.85,37.1,129873103
1646231400,2022-03-02 09:30,37.41,38.285,37.39,38.06,88182450
1646317800,2022-03-03 09:30,38.23,38.43,37.62,37.94,71952780
1646404200,2022-03-04 09:30,37.27,37.28,36.8,37.23,105917530
1646663400,2022-03-07 09:30,36.89,36.93,35.845,35.87,116046210
1646749800,2022-03-08 09:30,36.02,36.67,35.49,35.66,114914996
1646836200,2022-03-09 09:30,36.848,37.285,36.7,36.97,88716382
1646922600,2022-03-10 09:30,36.36,36.9,36.25,36.66,71547288
1647009000,2022-03-11 09:30,36.98,37.21,36.375,36.4,76788207
1647264600,2022-03-14 09:30,36.95,37.46,36.6875,36.86,70969670
1647351000,2022-03-15 09:30,37.23,37.44,36.91,37.38,51828689
1647437400,2022-03-16 09:30,37.86,38.485,37.735,38.43,87007585
1647523800,2022-03-17 09:30,38.21,38.92,37.9594,38.91,58266358
1647610200,2022-03-18 09:30,38.9,39.1,38.53,39,82342948
1647869400,2022-03-21 09:30,39.02,39.135,38.61,38.81,46828635
1647955800,2022-03-22 09:30,39.27,39.69,39.22,39.44,61053078
1648042200,2022-03-23 09:30,39.19,39.28,38.685,38.71,42142591
1648128600,2022-03-24 09:30,38.98,39.0599,38.7,39.02,30421479
1648215000,2022-03-25 09:30,39.15,39.6,39.09,39.52,48621632
1648474200,2022-03-28 09:30,39.4,39.44,38.96,39.41,44761020
1648560600,2022-03-29 09:30,39.89,40.005,39.27,39.5,67968613
1648647000,2022-03-30 09:30,39.5,39.52,38.99,39.22,47405299
1648733400,2022-03-31 09:30,39.17,39.33,38.31,38.32,66619563
1648819800,2022-04-01 09:30,38.58,38.66,37.9501,38.22,68422545
1649079000,2022-04-04 09:30,38.13,38.3564,37.78,38.05,134312434
1649165400,2022-04-05 09:30,37.9,38.31,37.72,37.81,56165655
1649251800,2022-04-06 09:30,37.51,37.71,37.405,37.55,55835385
1649338200,2022-04-07 09:30,37.52,37.69,36.9804,37.51,53346897
1649424600,2022-04-08 09:30,37.66,38.06,37.56,37.89,44672328
1649683800,2022-04-11 09:30,37.79,38.155,37.66,37.72,54435476
1649770200,2022-04-12 09:30,37.69,38.04,37.15,37.31,67215440
1649856600,2022-04-13 09:30,36.96,37.325,36.89,37.31,57446004
1649943000,2022-04-14 09:30,37.23,37.49,36.88,36.89,68544217
1650288600,2022-04-18 09:30,36.66,37.28,36.65,37.11,52748434
1650375000,2022-04-19 09:30,37.21,37.68,37.2,37.62,41519065
1650461400,2022-04-20 09:30,37.91,38.15,37.79,37.88,54635831
1650547800,2022-04-21 09:30,38.14,38.315,37.21,37.28,55001040
1650634200,2022-04-22 09:30,37.22,37.23,36.13,36.17,73170903
1650893400,2022-04-25 09:30,35.87,36.31,35.3299,36.23,91392751
1650979800,2022-04-26 09:30,35.82,36.2,35.301,35.32,81457467
1651066200,2022-04-27 09:30,35.27,35.65,35.16,35.29,81602997
1651152600,2022-04-28 09:30,35.65,35.865,35.12,35.74,62679984
1651239000,2022-04-29 09:30,35.56,35.69,34.4301,34.51,74631676
1651498200,2022-05-02 09:30,34.67,34.79,33.84,34.52,104408797
1651584600,2022-05-03 09:30,34.76,35.32,34.64,34.97,73896338
1651671000,2022-05-04 09:30,35.03,36.095,34.91,36.04,87794900
1651757400,2022-05-05 09:30,35.62,35.685,34.56,34.99,101094042
1651843800,2022-05-06 09:30,34.85,34.895,34.235,34.74,99281940
1652103000,2022-05-09 09:30,34.27,34.48,33.75,33.91,85922821
1652189400,2022-05-10 09:30,34.22,34.44,33.19,33.61,107581186
1652275800,2022-05-11 09:30,33.65,34.33,33.25,33.3,110212184
1652362200,2022-05-12 09:30,33.02,33.36,32.41,33.05,114331847
1652448600,2022-05-13 09:30,33.45,33.805,33.2347,33.53,64036196
1652707800,2022-05-16 09:30,33.4,33.545,32.985,33.25,55662163
1652794200,2022-05-17 09:30,33.9,34.235,33.71,34.14,62878389
1652880600,2022-05-18 09:30,33.82,33.87,33.07,33.2,74279347
1652967000,2022-05-19 09:30,32.75,33.22,32.7,32.98,71533232
1653053400,2022-05-20 09:30,33.21,33.38,32.225,32.92,77984603
1653312600,2022-05-23 09:30,33.55,34.24,33.38,33.99,78189319
1653399000,2022-05-24 09:30,33.79,34.025,33.22,33.92,77871468
1653485400,2022-05-25 09:30,33.84,34.4,33.74,34.19,72192590
1653571800,2022-05-26 09:30,34.56,35.105,34.53,34.98,50803236
1653658200,2022-05-27 09:30,35.13,35.64,35.065,35.57,43862515
1654003800,2022-05-31 09:30,35.28,35.745,35.09,35.47,64813362
1654090200,2022-06-01 09:30,35.38,35.47,34.57,34.9,48642415
1654176600,2022-06-02 09:30,34.93,35.41,34.655,35.38,45334692
1654263000,2022-06-03 09:30,35.05,35.2,34.83,34.87,36699409
1654522200,2022-06-06 09:30,35.16,35.52,34.96,34.97,32829609
1654608600,2022-06-07 09:30,34.73,35.27,34.7,35.24,32031352
1654695000,2022-06-08 09:30,34.97,35.07,34.49,34.62,38251766
1654781400,2022-06-09 09:30,34.58,34.6,33.73,33.75,49715109
1654867800,2022-06-10 09:30,33.02,33.14,32.5,32.53,74190907
1655127000,2022-06-13 09:30,31.71,32.1,31.3725,31.56,104066783
1655213400,2022-06-14 09:30,31.69,31.905,31.05,31.29,75592236
1655299800,2022-06-15 09:30,31.62,32.09,31.1,31.64,87863646
1655386200,2022-06-16 09:30,31,31.01,30.58,30.84,100884890
1655472600,2022-06-17 09:30,30.91,31.275,30.63,30.93,116937652
1655818200,2022-06-21 09:30,31.47,31.58,31.19,31.38,58065774
1655904600,2022-06-22 09:30,31.02,31.6,30.98,31.31,48035818
1655991000,2022-06-23 09:30,31.33,31.39,30.675,31.19,69348921
1656077400,2022-06-24 09:30,31.32,32.37,31.2702,32.34,65489323
1656336600,2022-06-27 09:30,32.59,32.59,32.08,32.23,47244836
1656423000,2022-06-28 09:30,32.56,32.87,31.89,31.91,42465051
1656509400,2022-06-29 09:30,31.94,32.06,31.6201,31.73,64507480
1656595800,2022-06-30 09:30,31.23,31.73,30.85,31.45,75294325
1656682200,2022-07-01 09:30,31.35,31.98,31.14,31.88,77308387
1657027800,2022-07-05 09:30,31.38,31.79,31.02,31.77,51536755
1657114200,2022-07-06 09:30,31.7,31.95,31.39,31.69,48001737
1657200600,2022-07-07 09:30,31.96,32.24,31.93,32.15,33120102
1657287000,2022-07-08 09:30,32.24,32.335,31.95,32.08,29062247
1657546200,2022-07-11 09:30,31.9,32.055,31.73,31.82,30564301
1657632600,2022-07-12 09:30,31.58,32.2,31.555,31.62,38210988
1657719000,2022-07-13 09:30,31.28,31.55,30.9505,31.34,51459499
1657805400,2022-07-14 09:30,30.7,30.835,30.37,30.74,57782271
1657891800,2022-07-15 09:30,31.18,31.96,31.1,31.78,59650240
1658151000,2022-07-18 09:30,32.23,32.45,31.52,31.66,38671385
1658237400,2022-07-19 09:30,32.08,32.71,31.9916,32.61,40568032
1658323800,2022-07-20 09:30,32.54,32.79,32.44,32.73,38508816
1658410200,2022-07-21 09:30,32.64,32.94,32.39,32.94,40573064
1658496600,2022-07-22 09:30,32.99,33.16,32.5,32.75,25741223
1658755800,2022-07-25 09:30,32.95,33.11,32.72,32.96,24699278
1658842200,2022-07-26 09:30,32.8,32.99,32.42,32.5,26357790
1658928600,2022-07-27 09:30,32.63,33.16,32.5234,33,44819674
1659015000,2022-07-28 09:30,33.03,33.25,32.5,33.24,40974555
1659101400,2022-07-29 09:30,33.32,33.82,33.29,33.71,38724004
1659360600,2022-08-01 09:30,33.39,33.615,33.2,33.43,35143634
1659447000,2022-08-02 09:30,33.27,33.49,33.02,33.06,36807188
1659533400,2022-08-03 09:30,33.31,33.64,33.12,33.56,27314918
1659619800,2022-08-04 09:30,33.53,33.62,33.39,33.45,24505822
1659706200,2022-08-05 09:30,33.36,33.85,33.245,33.69,34366113
1659965400,2022-08-08 09:30,33.94,34.05,33.635,33.67,24370078
1660051800,2022-08-09 09:30,33.73,33.9299,33.665,33.84,26425426
1660138200,2022-08-10 09:30,34.43,34.725,34.36,34.6,45365971
1660224600,2022-08-11 09:30,34.92,35.23,34.88,35.01,46985196
1660311000,2022-08-12 09:30,35.18,35.57,35,35.56,36370283
1660570200,2022-08-15 09:30,35.2,35.65,35.13,35.55,25365997
1660656600,2022-08-16 09:30,35.39,35.97,35.39,35.81,41300751
1660743000,2022-08-17 09:30,35.4,35.79,35.38,35.63,33158031
1660829400,2022-08-18 09:30,35.6,35.72,35.43,35.67,15966226
1660915800,2022-08-19 09:30,35.46,35.46,34.84,34.96,33587391
1661175000,2022-08-22 09:30,34.45,34.455,34.1,34.19,36810125
1661261400,2022-08-23 09:30,34.15,34.395,34.05,34.05,23243967
1661347800,2022-08-24 09:30,33.99,34.34,33.925,34.23,20682181
1661434200,2022-08-25 09:30,34.3,34.7873,34.21,34.76,26402559
1661520600,2022-08-26 09:30,34.91,34.915,33.69,33.72,38230598
1661779800,2022-08-29 09:30,33.47,33.72,33.28,33.48,34872092
1661866200,2022-08-30 09:30,33.59,33.695,33.1,33.3,41870670
1661952600,2022-08-31 09:30,33.47,33.59,33,33.05,39768164
1662039000,2022-09-01 09:30,32.91,33.2,32.51,33.15,40604574
1662125400,2022-09-02 09:30,33.53,33.81,32.73,32.89,43208800
1662471000,2022-09-06 09:30,33.06,33.14,32.48,32.81,45877052
1662557400,2022-09-07 09:30,32.71,33.52,32.6607,33.46,35023002
1662643800,2022-09-08 09:30,33.29,34.07,33.15,34.05,50760926
1662730200,2022-09-09 09:30,34.2,34.45,34.185,34.36,41327148
1662989400,2022-09-12 09:30,34.5,34.82,34.425,34.64,41969764
1663075800,2022-09-13 09:30,33.96,34.08,33.235,33.35,60771555
1663162200,2022-09-14 09:30,33.42,33.575,32.95,33.25,39233194
1663248600,2022-09-15 09:30,33.29,33.79,33.2,33.36,47653027
1663335000,2022-09-16 09:30,33.03,33.12,32.705,33.06,53893313
1663594200,2022-09-19 09:30,32.5,33.275,32.5,33.26,36491408
1663680600,2022-09-20 09:30,32.995,33.06,32.465,32.77,42193565
1663767000,2022-09-21 09:30,32.98,33.1,32.07,32.09,49644639
1663853400,2022-09-22 09:30,32.16,32.21,31.49,31.55,52299458
1663939800,2022-09-23 09:30,31.24,31.31,30.6,31.05,56800974
1664199000,2022-09-26 09:30,30.82,31.11,30.34,30.56,49969720
1664285400,2022-09-27 09:30,30.8,30.9586,30.12,30.43,60650379
1664371800,2022-09-28 09:30,30.52,31.21,30.44,31.03,46088696
1664458200,2022-09-29 09:30,30.7,30.82,30.26,30.64,41860011
1664544600,2022-09-30 09:30,30.66,31.04,30.28,30.36,37984314
1664803800,2022-10-03 09:30,30.66,31.34,30.3,31.18,47086078
1664890200,2022-10-04 09:30,31.66,32.37,31.62,32.34,53441833
1664976600,2022-10-05 09:30,31.84,32.265,31.725,32.09,41766843
1665063000,2022-10-06 09:30,31.91,32.13,31.5709,31.64,34717920
1665149400,2022-10-07 09:30,31.36,31.46,30.72,30.89,36380688
1665408600,2022-10-10 09:30,31.06,31.185,30.57,30.75,31011716
1665495000,2022-10-11 09:30,30.55,30.865,30.225,30.36,50431913
1665581400,2022-10-12 09:30,30.37,30.685,30.18,30.29,48265691
1665667800,2022-10-13 09:30,29.68,31.62,29.59,31.54,83086056
1665754200,2022-10-14 09:30,31.82,32.19,30.94,31.01,60886878
1666013400,2022-10-17 09:30,31.67,32,31.5825,31.79,47222232
1666099800,2022-10-18 09:30,32.62,32.66,31.93,32.3,48150747
1666186200,2022-10-19 09:30,32.02,32.29,31.5925,31.77,35205662
1666272600,2022-10-20 09:30,31.73,32.05,31.17,31.26,43124407
1666359000,2022-10-21 09:30,31.35,32.22,31.12,32.19,54487276
1666618200,2022-10-24 09:30,32.38,32.77,32.28,32.62,40117237
1666704600,2022-10-25 09:30,32.45,33.07,32.39,33.01,33950312
1666791000,2022-10-26 09:30,33.11,33.46,33.015,33.09,38012085
1666877400,2022-10-27 09:30,33.4,33.73,33.3,33.36,41232173
1666963800,2022-10-28 09:30,33.45,34.23,33.385,34.19,36421273
1667223000,2022-10-31 09:30,33.97,34.205,33.93,33.98,40083802
1667309400,2022-11-01 09:30,34.26,34.345,33.92,34.07,38946147
1667395800,2022-11-02 09:30,34,34.6,33.61,33.64,58039881
1667482200,2022-11-03 09:30,33.22,33.56,33.08,33.3,40828076
1667568600,2022-11-04 09:30,33.78,34.085,33.43,33.91,41825626
1667831400,2022-11-07 09:30,34.16,34.27,33.935,34.25,30060292
1667917800,2022-11-08 09:30,34.26,34.62,34.09,34.45,34839570
1668004200,2022-11-09 09:30,34.22,34.35,33.795,33.87,42126188
1668090600,2022-11-10 09:30,34.9,35.63,34.81,35.58,67677668
1668177000,2022-11-11 09:30,35.76,36.03,35.6294,35.87,46076139
1668436200,2022-11-14 09:30,35.77,35.8,35.33,35.36,38002710
1668522600,2022-11-15 09:30,35.74,35.875,35.0782,35.44,57802083
1668609000,2022-11-16 09:30,35.42,35.51,35.1537,35.27,32852429
1668695400,2022-11-17 09:30,34.86,35.1,34.755,35.08,35706943
1668781800,2022-11-18 09:30,35.55,35.6,35.075,35.37,39455364
1669041000,2022-11-21 09:30,35.32,35.545,35.28,35.48,24630914
1669127400,2022-11-22 09:30,35.67,35.879,35.67,35.84,29582250
1669213800,2022-11-23 09:30,35.78,36.08,35.78,35.99,27916869
1669386600,2022-11-25 09:30,36.03,36.16,35.96,36.11,11266482
1669645800,2022-11-28 09:30,35.91,36.055,35.43,35.49,34206518
1669732200,2022-11-29 09:30,35.451,35.78,35.41,35.7,31489580
1669818600,2022-11-30 09:30,35.65,36.32,35.14,36.31,58607003
1669905000,2022-12-01 09:30,36.49,36.49,35.815,36.1,58157583
1669991400,2022-12-02 09:30,35.72,35.96,35.61,35.93,40483338
1670250600,2022-12-05 09:30,35.66,35.72,34.855,35.04,53401994
1670337000,2022-12-06 09:30,35,35.1963,34.45,34.73,45102232
1670423400,2022-12-07 09:30,34.59,34.975,34.51,34.59,37775859
1670509800,2022-12-08 09:30,34.69,34.86,34.502,34.62,46600862
1670596200,2022-12-09 09:30,34.49,34.7799,34.48,34.53,40885648
1670855400,2022-12-12 09:30,34.55,35.03,34.39,34.99,72570892
1670941800,2022-12-13 09:30,35.9,35.9,34.845,35.08,55659034
1671028200,2022-12-14 09:30,34.99,35.33,34.49,34.64,54685076
1671114600,2022-12-15 09:30,34.1,34.24,33.735,33.96,70334043
1671201000,2022-12-16 09:30,33.6,33.8001,33.3943,33.7,59619437
1671460200,2022-12-19 09:30,33.4,33.74,33.19,33.4,37456785
1671546600,2022-12-20 09:30,33.53,33.77,33.4113,33.54,45446449
1671633000,2022-12-21 09:30,33.86,34.16,33.84,34.06,31318106
1671719400,2022-12-22 09:30,33.84,33.87,33.21,33.76,25608721
1671805800,2022-12-23 09:30,33.74,34,33.57,33.95,17116166
1672151400,2022-12-27 09:30,34.02,34.105,33.795,33.94,25601078
1672237800,2022-12-28 09:30,34,34.09,33.78,33.82,24395063
1672324200,2022-12-29 09:30,34,34.35,33.92,34.29,26624198
1672410600,2022-12-30 09:30,34.04,34.265,33.92,34.2,24735712
1672756200,2023-01-03 09:30,34.45,34.69,34.07,34.32,37396480
1672842600,2023-01-04 09:30,34.67,35.12,34.57,34.87,44669324
1672929000,2023-01-05 09:30,34.75,34.75,34.37,34.61,45585748
1673015400,2023-01-06 09:30,34.84,35.49,34.6,35.38,41229683
1673274600,2023-01-09 09:30,35.5,35.7,35.16,35.25,48726649
1673361000,2023-01-10 09:30,35.19,35.48,35.0742,35.45,34663664
1673447400,2023-01-11 09:30,35.54,35.78,35.47,35.78,32014710
1673533800,2023-01-12 09:30,35.9,36.06,35.62,35.85,56642385
1673620200,2023-01-13 09:30,35.39,36.17,35.26,36.12,65920861
1673965800,2023-01-17 09:30,36.03,36.05,35.77,35.88,65345169
1674052200,2023-01-18 09:30,35.68,35.9,35.18,35.21,53693044
1674138600,2023-01-19 09:30,34.78,34.98,34.56,34.8,61169520
1674225000,2023-01-20 09:30,34.9,35.37,34.745,35.35,42330132
1674484200,2023-01-23 09:30,35.38,35.91,35.265,35.76,44997272
1674570600,2023-01-24 09:30,35.7,35.935,35.3,35.78,34333543
1674657000,2023-01-25 09:30,35.47,36.07,35.455,36.06,38458654
1674743400,2023-01-26 09:30,36.15,36.305,35.905,36.25,29944164
1674829800,2023-01-27 09:30,36.2,36.46,36.15,36.25,30787365
1675089000,2023-01-30 09:30,36.06,36.3299,36.01,36.07,31595005
1675175400,2023-01-31 09:30,36.14,36.57,35.97,36.56,30282099
1675261800,2023-02-01 09:30,36.18,36.88,36.095,36.56,51418673
1675348200,2023-02-02 09:30,36.76,36.805,36.365,36.66,42107281
1675434600,2023-02-03 09:30,36.37,36.9,36.36,36.59,43155021
1675693800,2023-02-06 09:30,36.38,36.59,36.3,36.58,32273606
1675780200,2023-02-07 09:30,36.35,37.1052,36.35,37,33000523
1675866600,2023-02-08 09:30,36.73,37.095,36.68,36.78,34555520
1675953000,2023-02-09 09:30,36.93,37.04,36.29,36.37,44329561
1676039400,2023-02-10 09:30,36.19,36.52,36.07,36.49,28108890
1676298600,2023-02-13 09:30,36.47,36.91,36.44,36.91,32209034
1676385000,2023-02-14 09:30,36.84,37.075,36.48,36.71,33525330
1676471400,2023-02-15 09:30,36.42,36.765,36.37,36.75,28514721
1676557800,2023-02-16 09:30,36.4,36.66,36.31,36.38,34379073
1676644200,2023-02-17 09:30,36.2,36.435,36.09,36.39,35884876
1676989800,2023-02-21 09:30,36.08,36.13,35.475,35.64,36425232
1677076200,2023-02-22 09:30,35.64,35.78,35.41,35.6,31065167
1677162600,2023-02-23 09:30,35.75,35.92,35.3001,35.63,42357613
1677249000,2023-02-24 09:30,35.32,35.77,35.26,35.66,48732617
1677508200,2023-02-27 09:30,35.99,36.05,35.5817,35.65,31664597
1677594600,2023-02-28 09:30,35.7,35.8999,35.61,35.72,32531448
1677681000,2023-03-01 09:30,35.56,35.76,35.46,35.6,32790337
1677767400,2023-03-02 09:30,35.39,35.47,35.01,35.43,38409461
1677853800,2023-03-03 09:30,35.57,36,35.5,35.99,33091585
1678113000,2023-03-06 09:30,36.01,36.245,35.91,36.02,30111132
1678199400,2023-03-07 09:30,35.89,35.92,35,35.09,53804397
1678285800,2023-03-08 09:30,35.05,35.235,34.78,34.96,50860314
1678372200,2023-03-09 09:30,34.76,34.815,33.37,33.54,107108500
1678458600,2023-03-10 09:30,33.145,33.72,32.525,32.93,166575162
1678714200,2023-03-13 09:30,31.76,32.3199,31.365,31.63,165965875
1678800600,2023-03-14 09:30,32.84,32.845,31.87,32.27,128115514
1678887000,2023-03-15 09:30,31.355,31.535,30.96,31.41,132235003
1678973400,2023-03-16 09:30,31.2,32.34,30.9,32.01,134093142
1679059800,2023-03-17 09:30,31.71,31.71,30.895,30.98,136760563
1679319000,2023-03-20 09:30,31.07,31.44,31.02,31.17,75384575
1679405400,2023-03-21 09:30,31.88,32.04,31.81,31.96,115899169
1679491800,2023-03-22 09:30,31.96,32.05,31.2,31.22,67874143
1679578200,2023-03-23 09:30,31.28,31.6,30.79,31.01,82366321
1679664600,2023-03-24 09:30,30.63,31.02,30.39,30.99,76647535
1679923800,2023-03-27 09:30,31.52,31.59,31.235,31.42,61393348
1680010200,2023-03-28 09:30,31.38,31.52,31.22,31.41,42980099
1680096600,2023-03-29 09:30,31.75,31.88,31.61,31.87,52147171
1680183000,2023-03-30 09:30,32.1,32.12,31.62,31.8,45061690
1680269400,2023-03-31 09:30,31.98,32.16,31.86,32.15,49034438
1680528600,2023-04-03 09:30,32.115,32.3399,32.0201,32.21,51213486
1680615000,2023-04-04 09:30,32.29,32.34,31.7,31.91,45939269
1680701400,2023-04-05 09:30,31.67,31.96,31.66,31.87,57965324
1680787800,2023-04-06 09:30,31.81,32.046,31.775,31.99,36762286
1681133400,2023-04-10 09:30,31.87,32.07,31.8,32.06,27900715
1681219800,2023-04-11 09:30,32.14,32.48,32.12,32.34,53912616
1681306200,2023-04-12 09:30,32.5,32.67,32.19,32.27,63645798
1681392600,2023-04-13 09:30,32.29,32.575,32.07,32.56,58550281
1681479000,2023-04-14 09:30,32.9,33.15,32.72,32.88,65054415
1681738200,2023-04-17 09:30,32.86,33.27,32.72,33.26,69670589
1681824600,2023-04-18 09:30,33.33,33.4299,33.08,33.36,49507548
1681911000,2023-04-19 09:30,33.31,33.53,33.25,33.44,39478861
1681997400,2023-04-20 09:30,33.22,33.4308,33.21,33.34,39291820
1682083800,2023-04-21 09:30,33.24,33.26,33.03,33.22,41545017
1682343000,2023-04-24 09:30,33.195,33.32,33.06,33.14,32774163
1682429400,2023-04-25 09:30,32.93,32.99,32.56,32.57,58534295
1682515800,2023-04-26 09:30,32.48,32.66,32.12,32.26,54294200
1682602200,2023-04-27 09:30,32.38,32.84,32.38,32.78,46398842
1682688600,2023-04-28 09:30,32.62,33.1957,32.545,33.17,54598658
1682947800,2023-05-01 09:30,33.26,33.43,33.04,33.08,31950590
1683034200,2023-05-02 09:30,32.95,32.96,32.025,32.33,76096651
1683120600,2023-05-03 09:30,32.37,32.53,31.93,31.96,65642402
1683207000,2023-05-04 09:30,31.68,31.85,31.26,31.55,76076589
1683293400,2023-05-05 09:30,32.07,32.38,32.02,32.33,55019390
1683552600,2023-05-08 09:30,32.51,32.62,32.34,32.38,34323628
1683639000,2023-05-09 09:30,32.14,32.385,32.065,32.26,29736172
1683725400,2023-05-10 09:30,32.47,32.54,31.795,32.08,39706084
1683811800,2023-05-11 09:30,31.88,32.075,31.74,32.03,36693238
1683898200,2023-05-12 09:30,32.24,32.24,31.69,31.9,36253024
1684157400,2023-05-15 09:30,31.96,32.22,31.9,32.16,33208458
1684243800,2023-05-16 09:30,32.095,32.19,31.84,31.86,31241413
1684330200,2023-05-17 09:30,32.11,32.59,32.04,32.5,46818832
1684416600,2023-05-18 09:30,32.44,32.775,32.32,32.74,42232483
1684503000,2023-05-19 09:30,32.82,32.92,32.45,32.6,40132919
1684762200,2023-05-22 09:30,32.71,32.78,32.46,32.66,35286215
1684848600,2023-05-23 09:30,32.52,32.69,32.255,32.28,42217163
1684935000,2023-05-24 09:30,32.04,32.07,31.79,31.86,46610723
1685021400,2023-05-25 09:30,31.78,31.96,31.66,31.85,41658889
1685107800,2023-05-26 09:30,31.92,32.1875,31.87,32.11,44183009
1685453400,2023-05-30 09:30,32.16,32.23,31.885,32.1,57900480
1685539800,2023-05-31 09:30,31.91,31.94,31.49,31.76,67667873
1685626200,2023-06-01 09:30,31.94,32.17,31.72,32.1,48643396
1685712600,2023-06-02 09:30,32.41,32.915,32.41,32.8,65752905
1685971800,2023-06-05 09:30,32.84,32.84,32.48,32.63,53591085
1686058200,2023-06-06 09:30,32.6,33.09,32.58,33.04,46236074
1686144600,2023-06-07 09:30,33.07,33.24,32.87,33.17,48467077
1686231000,2023-06-08 09:30,33.06,33.19,32.88,33.14,36261175
1686317400,2023-06-09 09:30,33.08,33.29,33.06,33.15,34025387
1686576600,2023-06-12 09:30,33.18,33.27,32.89,33.14,33673941
1686663000,2023-06-13 09:30,33.11,33.48,33.07,33.34,46054359
1686749400,2023-06-14 09:30,33.42,33.59,33.1,33.21,57195427
1686835800,2023-06-15 09:30,33.1,33.725,33.07,33.65,52241776
1686922200,2023-06-16 09:30,33.8,33.83,33.54,33.58,49861063
1687267800,2023-06-20 09:30,33.21,33.27,32.98,33.18,50683081
1687354200,2023-06-21 09:30,33.1,33.3,33,33.14,35967562
1687440600,2023-06-22 09:30,33.08,33.09,32.77,32.88,38698748
1687527000,2023-06-23 09:30,32.63,32.85,32.515,32.74,35529595
1687786200,2023-06-26 09:30,32.69,32.9399,32.58,32.67,25728264
1687872600,2023-06-27 09:30,32.73,33,32.71,32.93,34348138
1687959000,2023-06-28 09:30,32.89,32.9,32.7001,32.85,36663187
1688045400,2023-06-29 09:30,33.02,33.42,32.98,33.42,47470982
1688131800,2023-06-30 09:30,33.64,33.85,33.58,33.71,44762287
1688391000,2023-07-03 09:30,33.71,34,33.66,33.9,19127976
1688563800,2023-07-05 09:30,33.7,33.92,33.6,33.83,39833482
1688650200,2023-07-06 09:30,33.55,33.58,33.25,33.54,45808350
1688736600,2023-07-07 09:30,33.4,33.87,33.4,33.59,33488663
1688995800,2023-07-10 09:30,33.595,33.93,33.57,33.74,27254400
1689082200,2023-07-11 09:30,33.86,34.18,33.79,34.14,33754224
1689168600,2023-07-12 09:30,34.42,34.605,34.265,34.36,46546020
1689255000,2023-07-13 09:30,34.41,34.535,34.35,34.48,40453681
1689341400,2023-07-14 09:30,34.73,34.74,34.2042,34.25,47552728
1689600600,2023-07-17 09:30,34.21,34.68,34.21,34.58,38568886
1689687000,2023-07-18 09:30,34.66,35,34.61,34.97,47176549
1689773400,2023-07-19 09:30,34.97,35.26,34.96,35.12,45599818
1689859800,2023-07-20 09:30,35.06,35.39,35.045,35.38,45591523
1689946200,2023-07-21 09:30,35.44,35.46,35.175,35.26,30615721
1690205400,2023-07-24 09:30,35.28,35.71,35.27,35.6,32299794
1690291800,2023-07-25 09:30,35.5,35.58,35.34,35.37,36218637
1690378200,2023-07-26 09:30,35.33,35.69,35.28,35.58,35638715
1690464600,2023-07-27 09:30,35.58,35.67,35.08,35.13,44072765
1690551000,2023-07-28 09:30,35.41,35.425,35.01,35.2,32427672
1690810200,2023-07-31 09:30,35.27,35.44,35.18,35.33,28627021
1690896600,2023-08-01 09:30,35.26,35.36,35.14,35.33,26495304
1690983000,2023-08-02 09:30,35.03,35.155,34.83,35.03,48930438
1691069400,2023-08-03 09:30,34.82,35.13,34.72,35.05,31871732
1691155800,2023-08-04 09:30,35.02,35.36,34.875,34.91,36195670
1691415000,2023-08-07 09:30,35.13,35.46,35.12,35.4,33119338
1691501400,2023-08-08 09:30,34.94,35.1061,34.67,35.08,37254806
1691587800,2023-08-09 09:30,35.06,35.16,34.78,34.82,38304216
1691674200,2023-08-10 09:30,35,35.26,34.76,34.85,38097502
1691760600,2023-08-11 09:30,34.74,34.98,34.655,34.92,27518747
1692019800,2023-08-14 09:30,34.82,34.92,34.69,34.85,23773797
1692106200,2023-08-15 09:30,34.56,34.595,34.17,34.21,57472072
1692192600,2023-08-16 09:30,34.15,34.415,34.12,34.16,33566495
1692279000,2023-08-17 09:30,34.27,34.32,33.8942,33.99,38205391
1692365400,2023-08-18 09:30,33.75,34.08,33.72,33.98,40859959
1692624600,2023-08-21 09:30,34.03,34.095,33.67,33.94,32308259
1692711000,2023-08-22 09:30,33.95,33.99,33.5744,33.62,43148858
1692797400,2023-08-23 09:30,33.68,33.96,33.63,33.95,30240536
1692883800,2023-08-24 09:30,33.9,34.31,33.83,33.83,35784853
1692970200,2023-08-25 09:30,33.97,34.12,33.71,33.99,40347163
1693229400,2023-08-28 09:30,34.1,34.3,34.07,34.18,34905318
1693315800,2023-08-29 09:30,34.15,34.4957,34.1,34.49,43394335
1693402200,2023-08-30 09:30,34.54,34.71,34.44,34.51,33799921
1693488600,2023-08-31 09:30,34.61,34.615,34.3446,34.38,27999689
1693575000,2023-09-01 09:30,34.59,34.7959,34.555,34.69,41075673
1693920600,2023-09-05 09:30,34.65,34.79,34.33,34.34,38612307
1694007000,2023-09-06 09:30,34.25,34.39,34.07,34.32,35672799
1694093400,2023-09-07 09:30,34.18,34.38,34.13,34.23,47632630
1694179800,2023-09-08 09:30,34.26,34.37,34.125,34.3,39742305
1694439000,2023-09-11 09:30,34.46,34.64,34.3703,34.46,28965132
1694525400,2023-09-12 09:30,34.45,34.935,34.405,34.69,48615168
1694611800,2023-09-13 09:30,34.85,34.89,34.555,34.69,31994884
1694698200,2023-09-14 09:30,34.93,35.0552,34.755,35.01,65685526
1694784600,2023-09-15 09:30,34.78,35.04,34.76,34.83,51800186
1695043800,2023-09-18 09:30,34.63,34.82,34.52,34.77,32458673
1695130200,2023-09-19 09:30,34.8,34.865,34.505,34.73,36116798
1695216600,2023-09-20 09:30,34.85,34.96,34.48,34.49,31617981
1695303000,2023-09-21 09:30,34.37,34.37,33.92,33.92,48106804
1695389400,2023-09-22 09:30,33.97,34,33.66,33.66,41688252
1695648600,2023-09-25 09:30,33.59,33.76,33.48,33.74,40141709
1695735000,2023-09-26 09:30,33.49,33.64,33.23,33.29,46165433
1695821400,2023-09-27 09:30,33.38,33.38,32.95,33.24,49360881
1695907800,2023-09-28 09:30,33.27,33.6,33.26,33.48,63638085
1695994200,2023-09-29 09:30,33.64,33.69,33.09,33.17,52860527
1696253400,2023-10-02 09:30,33.06,33.14,32.71,32.89,49350601
1696339800,2023-10-03 09:30,32.73,32.815,32.24,32.37,52921754
1696426200,2023-10-04 09:30,32.38,32.63,32.21,32.61,40136047
1696512600,2023-10-05 09:30,32.52,32.82,32.45,32.76,41407826
1696599000,2023-10-06 09:30,32.62,33.225,32.51,33.04,54057834
1696858200,2023-10-09 09:30,32.74,33.13,32.71,33.06,61396589
1696944600,2023-10-10 09:30,33.16,33.51,33.15,33.3,44743354
1697031000,2023-10-11 09:30,33.4,33.535,33.1,33.35,35746363
1697117400,2023-10-12 09:30,33.45,33.45,32.91,33.14,41991169
1697203800,2023-10-13 09:30,33.35,33.655,33.03,33.21,53216513
1697463000,2023-10-16 09:30,33.46,33.72,33.385,33.56,45589267
1697549400,2023-10-17 09:30,33.41,33.935,33.4,33.72,41925171
1697635800,2023-10-18 09:30,33.55,33.58,33.0701,33.14,46942085
1697722200,2023-10-19 09:30,33.08,33.255,32.68,32.7,66656245
1697808600,2023-10-20 09:30,32.69,32.75,32.17,32.2,59921317
1698067800,2023-10-23 09:30,32.13,32.36,31.97,32,55913666
1698154200,2023-10-24 09:30,32.15,32.365,32.051,32.22,35825013
1698240600,2023-10-25 09:30,32.1,32.32,32.01,32.1,59240095
1698327000,2023-10-26 09:30,32.02,32.349,31.97,32.03,56046144
1698413400,2023-10-27 09:30,31.99,32.03,31.355,31.45,73057348
1698672600,2023-10-30 09:30,31.67,32.09,31.59,32.01,48978077
1698759000,2023-10-31 09:30,32.07,32.37,32.01,32.36,41050120
1698845400,2023-11-01 09:30,32.42,32.7,32.345,32.57,51764061
1698931800,2023-11-02 09:30,32.87,33.36,32.81,33.34,47416970
1699018200,2023-11-03 09:30,33.66,33.94,33.65,33.78,58801309
1699281000,2023-11-06 09:30,33.87,33.915,33.5,33.68,40599720
1699367400,2023-11-07 09:30,33.58,33.71,33.52,33.63,27441995
1699453800,2023-11-08 09:30,33.62,33.7,33.46,33.67,30057962
1699540200,2023-11-09 09:30,33.78,33.83,33.465,33.53,34336588
1699626600,2023-11-10 09:30,33.69,33.94,33.495,33.91,35153488
1699885800,2023-11-13 09:30,33.79,33.95,33.74,33.86,28327270
1699972200,2023-11-14 09:30,34.23,34.69,34.2,34.5,54296279
1700058600,2023-11-15 09:30,34.56,34.79,34.5501,34.69,35000184
1700145000,2023-11-16 09:30,34.79,34.865,34.68,34.83,33222473
1700231400,2023-11-17 09:30,34.96,35.02,34.87,35.01,31341489
1700490600,2023-11-20 09:30,34.96,35.23,34.885,35.15,37400151
1700577000,2023-11-21 09:30,35.1,35.22,35.07,35.13,27285737
1700663400,2023-11-22 09:30,35.21,35.34,35.15,35.27,32723981
1700836200,2023-11-24 09:30,35.27,35.435,35.255,35.38,13168491
1701095400,2023-11-27 09:30,35.25,35.3178,35.18,35.26,35016987
1701181800,2023-11-28 09:30,35.22,35.37,35.16,35.25,39329273
1701268200,2023-11-29 09:30,35.35,35.71,35.35,35.5,36651299
1701354600,2023-11-30 09:30,35.58,35.9,35.465,35.9,37334537
1701441000,2023-12-01 09:30,35.84,36.21,35.78,36.17,51267600
1701700200,2023-12-04 09:30,35.96,36.27,35.92,36.13,41366616
1701786600,2023-12-05 09:30,36.02,36.03,35.79,35.95,39510878
1701873000,2023-12-06 09:30,36.15,36.285,35.7201,35.77,35616129
1701959400,2023-12-07 09:30,35.86,35.96,35.77,35.94,26050871
1702045800,2023-12-08 09:30,35.9,36.19,35.86,36.13,33213096
1702305000,2023-12-11 09:30,36.14,36.42,36.14,36.35,31165724
1702391400,2023-12-12 09:30,36.44,36.62,36.29,36.61,37245695
1702477800,2023-12-13 09:30,36.62,37.245,36.55,37.2,56988976
1702564200,2023-12-14 09:30,37.5,37.71,37.37,37.57,66865709
1702650600,2023-12-15 09:30,37.26,37.4358,37.19,37.35,69246238
1702909800,2023-12-18 09:30,37.35,37.42,37.25,37.29,43434018
1702996200,2023-12-19 09:30,37.27,37.58,37.17,37.57,32508982
1703082600,2023-12-20 09:30,37.47,37.5594,36.9,36.9,52985729
1703169000,2023-12-21 09:30,37.06,37.27,36.924,37.26,27522248
1703255400,2023-12-22 09:30,37.37,37.49,37.2,37.34,30331445
1703601000,2023-12-26 09:30,37.37,37.56,37.31,37.49,17837563
1703687400,2023-12-27 09:30,37.41,37.61,37.355,37.61,32640761
1703773800,2023-12-28 09:30,37.55,37.8,37.54,37.72,25308018
1703860200,2023-12-29 09:30,37.71,37.77,37.4901,37.6,30218318
1704205800,2024-01-02 09:30,37.5,37.78,37.43,37.76,31351873
1704292200,2024-01-03 09:30,37.59,37.65,37.38,37.44,46908957
1704378600,2024-01-04 09:30,37.57,37.89,37.52,37.59,36904184
1704465000,2024-01-05 09:30,37.59,37.95,37.57,37.75,44852345
1704724200,2024-01-08 09:30,37.76,38.01,37.56,37.99,39098313
1704810600,2024-01-09 09:30,37.79,37.795,37.634,37.75,36338058
1704897000,2024-01-10 09:30,37.69,37.84,37.57,37.81,37095460
1704983400,2024-01-11 09:30,37.76,37.81,37.37,37.67,49043458
1705069800,2024-01-12 09:30,37.85,37.99,37.445,37.6,41333857
1705415400,2024-01-16 09:30,37.28,37.41,37.1308,37.34,44042053
1705501800,2024-01-17 09:30,37.02,37.42,37,37.27,38715919
1705588200,2024-01-18 09:30,37.22,37.365,36.95,37.33,42064934
1705674600,2024-01-19 09:30,37.47,37.98,37.35,37.93,59417724
1705933800,2024-01-22 09:30,38.09,38.3,38.0247,38.11,51828830
1706020200,2024-01-23 09:30,38.09,38.1999,38.01,38.17,46255523
1706106600,2024-01-24 09:30,38.33,38.53,38.29,38.32,43975483
1706193000,2024-01-25 09:30,38.47,38.55,38.27,38.51,50693847
1706279400,2024-01-26 09:30,38.45,38.7179,38.41,38.65,38620191
1706538600,2024-01-29 09:30,38.53,38.78,38.43,38.75,44175644
1706625000,2024-01-30 09:30,38.79,39.28,38.77,39.24,43229261
1706711400,2024-01-31 09:30,39.16,39.45,38.74,38.76,65780855
1706797800,2024-02-01 09:30,38.69,38.845,38.25,38.82,63445632
1706884200,2024-02-02 09:30,38.69,39.1577,38.665,38.98,61778368
1707143400,2024-02-05 09:30,38.76,38.88,38.575,38.75,37351320
1707229800,2024-02-06 09:30,38.7,38.885,38.645,38.83,41055717
1707316200,2024-02-07 09:30,39.04,39.165,38.77,39.12,39018730
1707402600,2024-02-08 09:30,38.94,39.085,38.72,38.97,47331463
1707489000,2024-02-09 09:30,38.92,39.095,38.82,39.08,50680443
1707748200,2024-02-12 09:30,39.08,39.43,38.99,39.26,39952718
1707834600,2024-02-13 09:30,38.96,39.055,38.42,38.73,62948331
1707921000,2024-02-14 09:30,38.96,39.13,38.81,39.1,58722450
1708007400,2024-02-15 09:30,39.22,39.85,39.21,39.77,58107891
1708093800,2024-02-16 09:30,39.73,39.81,39.5506,39.63,37900006
1708439400,2024-02-20 09:30,39.35,39.66,39.315,39.52,39952226
1708525800,2024-02-21 09:30,39.47,39.64,39.33,39.64,40259036
1708612200,2024-02-22 09:30,39.86,40.245,39.79,40.1,55188192
1708698600,2024-02-23 09:30,40.25,40.465,40.224,40.3,42190548
1708957800,2024-02-26 09:30,40.26,40.53,40.03,40.1,38369977
1709044200,2024-02-27 09:30,40.14,40.22,39.935,40.21,42599488
1709130600,2024-02-28 09:30,40.13,40.5,40.115,40.36,40040804
1709217000,2024-02-29 09:30,40.46,40.55,40.17,40.34,37629718
1709303400,2024-03-01 09:30,40.33,40.4201,40.155,40.29,40794889
1709562600,2024-03-04 09:30,40.22,40.5,40.21,40.39,53413221
1709649000,2024-03-05 09:30,40.25,40.63,40.25,40.4,50770165
1709735400,2024-03-06 09:30,40.46,40.73,40.275,40.61,58459509
1709821800,2024-03-07 09:30,40.76,40.835,40.4,40.55,35505147
1709908200,2024-03-08 09:30,40.61,40.83,40.565,40.62,47266577
1710163800,2024-03-11 09:30,40.47,40.73,40.4,40.69,36233063
1710250200,2024-03-12 09:30,40.78,40.98,40.64,40.86,53199285
1710336600,2024-03-13 09:30,40.94,41.17,40.91,41.16,43471385
1710423000,2024-03-14 09:30,41.17,41.25,40.61,40.83,65563436
1710509400,2024-03-15 09:30,40.6,40.98,40.52,40.79,67568043
1710768600,2024-03-18 09:30,40.78,40.92,40.575,40.87,39140635
1710855000,2024-03-19 09:30,40.9,41.09,40.875,41.07,36748313
1710941400,2024-03-20 09:30,41.02,41.59,40.95,41.56,52255345
1711027800,2024-03-21 09:30,41.66,42,41.61,41.9,49209183
1711114200,2024-03-22 09:30,41.95,42.035,41.39,41.42,32032973
1711373400,2024-03-25 09:30,41.39,41.46,41.26,41.26,31784000
1711459800,2024-03-26 09:30,41.41,41.526,41.27,41.4,30135473
1711546200,2024-03-27 09:30,41.6,41.9,41.494,41.89,36670279
1711632600,2024-03-28 09:30,41.94,42.22,41.865,42.12,41490170
1711978200,2024-04-01 09:30,42.16,42.195,41.81,41.89,37537679
1712064600,2024-04-02 09:30,41.76,41.815,41.6,41.67,36359804
1712151000,2024-04-03 09:30,41.68,41.96,41.535,41.65,39715860
1712237400,2024-04-04 09:30,42,42.08,41.13,41.18,52657527
1712323800,2024-04-05 09:30,41.34,41.675,41.2,41.57,47540273
1712583000,2024-04-08 09:30,41.58,41.82,41.56,41.75,35165667
1712669400,2024-04-09 09:30,41.77,41.875,41.175,41.51,51971423
1712755800,2024-04-10 09:30,41.11,41.27,40.76,40.89,59492759
1712842200,2024-04-11 09:30,40.87,40.93,40.355,40.6,56870826
1712928600,2024-04-12 09:30,40.33,40.4998,39.905,40.06,81234754
1713187800,2024-04-15 09:30,40.58,40.74,39.745,39.86,71800571
1713274200,2024-04-16 09:30,39.89,39.98,39.53,39.59,66751329
1713360600,2024-04-17 09:30,39.77,39.945,39.5322,39.69,41561911
1713447000,2024-04-18 09:30,39.87,40.18,39.735,39.83,48893445
1713533400,2024-04-19 09:30,40.05,40.455,39.97,40.38,55513625
1713792600,2024-04-22 09:30,40.6,41.1,40.43,40.87,50701160
1713879000,2024-04-23 09:30,41.06,41.23,40.95,41.13,36488578
1713965400,2024-04-24 09:30,41.02,41.175,40.91,41.12,33957450
1714051800,2024-04-25 09:30,40.92,41.03,40.525,40.88,50365748
1714138200,2024-04-26 09:30,40.81,41.045,40.72,40.82,35796948
1714397400,2024-04-29 09:30,40.81,40.9873,40.61,40.76,36596064
1714483800,2024-04-30 09:30,40.67,40.76,40.36,40.36,34481590
1714570200,2024-05-01 09:30,40.33,40.85,40.28,40.36,54717648
1714656600,2024-05-02 09:30,40.64,40.695,40.17,40.46,37085052
1714743000,2024-05-03 09:30,40.7,40.79,40.355,40.55,45012624
1715002200,2024-05-06 09:30,40.86,41.07,40.77,41.07,42335607
1715088600,2024-05-07 09:30,41.17,41.29,41.1,41.21,42601185
1715175000,2024-05-08 09:30,41.17,41.43,41.055,41.36,28390900
1715261400,2024-05-09 09:30,41.26,41.67,41.25,41.67,31594752
1715347800,2024-05-10 09:30,41.82,41.91,41.77,41.83,34306846
1715607000,2024-05-13 09:30,41.95,42.02,41.66,41.66,29570094
1715693400,2024-05-14 09:30,41.82,41.9,41.66,41.87,30638318
1715779800,2024-05-15 09:30,41.97,42.22,41.955,42.18,36138286
1715866200,2024-05-16 09:30,42.22,42.38,42.16,42.18,36032731
1715952600,2024-05-17 09:30,42.25,42.49,42.2,42.49,29813163
1716211800,2024-05-20 09:30,42.4,42.46,41.89,41.91,35719633
1716298200,2024-05-21 09:30,41.99,42.22,41.97,42.18,33413366
1716384600,2024-05-22 09:30,42.09,42.27,41.85,41.94,38661149
1716471000,2024-05-23 09:30,41.9,41.94,41.2,41.36,51768509
1716557400,2024-05-24 09:30,41.44,41.62,41.44,41.61,23477279
1716903000,2024-05-28 09:30,41.52,41.52,41,41.15,31004942
1716989400,2024-05-29 09:30,40.82,40.95,40.695,40.82,40620242
1717075800,2024-05-30 09:30,40.86,41.1299,40.76,41.04,32772640
1717162200,2024-05-31 09:30,41.12,41.68,41,41.64,38666213
1717421400,2024-06-03 09:30,41.63,41.675,41.015,41.38,37855010
1717507800,2024-06-04 09:30,41.16,41.5,41,41.19,27586390
1717594200,2024-06-05 09:30,41.32,41.36,41.01,41.31,23817258
1717680600,2024-06-06 09:30,41.38,41.5,41.13,41.29,39040168
1717767000,2024-06-07 09:30,41.3,41.71,41.22,41.48,42273250
1718026200,2024-06-10 09:30,41.3,41.37,41.05,41.32,31618982
1718112600,2024-06-11 09:30,41.12,41.14,40.65,40.85,54584938
1718199000,2024-06-12 09:30,41.27,41.32,40.75,40.81,46399791
1718285400,2024-06-13 09:30,40.81,40.82,40.5,40.78,39497916
1718371800,2024-06-14 09:30,40.5,40.73,40.37,40.65,29083007
1718631000,2024-06-17 09:30,40.55,41.02,40.48,41.01,36101642
1718717400,2024-06-18 09:30,40.96,41.27,40.925,41.27,38900276
1718890200,2024-06-20 09:30,41.18,41.595,41.135,41.49,42869055
1718976600,2024-06-21 09:30,41.39,41.43,41.09,41.33,42532779
1719235800,2024-06-24 09:30,41.34,41.845,41.235,41.59,45251991
1719322200,2024-06-25 09:30,41.51,41.64,41.16,41.28,32852877
1719408600,2024-06-26 09:30,41.09,41.11,40.82,41.02,37978480
1719495000,2024-06-27 09:30,40.9,41.02,40.72,40.97,25466060
1719581400,2024-06-28 09:30,41.06,41.37,40.935,41.11,44045134
1719840600,2024-07-01 09:30,41.28,41.55,41.03,41.2,36131129
1719927000,2024-07-02 09:30,41.12,41.68,41.1,41.68,27033074
1720013400,2024-07-03 09:30,41.72,41.755,41.53,41.55,21113245
1720186200,2024-07-05 09:30,41.64,41.64,41.3,41.54,21421108
1720445400,2024-07-08 09:30,41.6,41.85,41.3801,41.43,27779272
1720531800,2024-07-09 09:30,41.47,42.02,41.42,41.75,33143083
1720618200,2024-07-10 09:30,41.55,41.92,41.53,41.91,28445376
1720704600,2024-07-11 09:30,41.95,42.31,41.815,42.24,45836626
1720791000,2024-07-12 09:30,42.19,42.56,42.08,42.38,39041225
1721050200,2024-07-15 09:30,42.53,43.04,42.5,43,46561173
1721136600,2024-07-16 09:30,43.03,43.51,42.95,43.49,52243090
1721223000,2024-07-17 09:30,43.44,43.9,43.37,43.82,54773289
1721309400,2024-07-18 09:30,43.67,44.105,43.19,43.29,58731301
1721395800,2024-07-19 09:30,43.27,43.36,42.8001,42.85,47219951
1721655000,2024-07-22 09:30,42.95,43.17,42.75,43.09,29071067
1721741400,2024-07-23 09:30,43.2,43.39,43.1,43.17,23800350
1721827800,2024-07-24 09:30,43.04,43.125,42.58,42.58,47786906
1721914200,2024-07-25 09:30,42.66,43.365,42.65,42.74,44861988
1722000600,2024-07-26 09:30,42.97,43.54,42.95,43.41,32636269
1722259800,2024-07-29 09:30,43.51,43.535,43.13,43.35,35195682
1722346200,2024-07-30 09:30,43.62,44,43.6,43.85,31418655
1722432600,2024-07-31 09:30,43.95,44.1099,43.71,43.74,38694792
1722519000,2024-08-01 09:30,43.9,43.96,42.93,43.12,47060859
1722605400,2024-08-02 09:30,42.63,42.78,41.8,42.06,78599848
1722864600,2024-08-05 09:30,41.14,41.23,40.66,40.84,107913570
1722951000,2024-08-06 09:30,41.02,41.985,40.91,41.5,57668904
1723037400,2024-08-07 09:30,41.96,42.355,41.49,41.55,43912569
1723123800,2024-08-08 09:30,41.82,42.27,41.76,42.22,41260500
1723210200,2024-08-09 09:30,42.21,42.505,42.04,42.4,23838795
1723469400,2024-08-12 09:30,42.48,42.59,42.09,42.18,20509282
1723555800,2024-08-13 09:30,42.43,42.56,42.12,42.53,24922014
1723642200,2024-08-14 09:30,42.63,43.13,42.6,43.05,30673012
1723728600,2024-08-15 09:30,43.46,43.69,43.31,43.45,33329022
1723815000,2024-08-16 09:30,43.4,43.77,43.4,43.77,25338910
1724074200,2024-08-19 09:30,43.78,44.02,43.78,44.01,24458568
1724160600,2024-08-20 09:30,43.96,43.995,43.78,43.87,19620444
1724247000,2024-08-21 09:30,43.94,43.99,43.57,43.8,19914057
1724333400,2024-08-22 09:30,43.85,44.05,43.81,44.05,24404037
1724419800,2024-08-23 09:30,44.18,44.54,44.09,44.43,32762498
1724679000,2024-08-26 09:30,44.58,44.81,44.47,44.57,23716334
1724765400,2024-08-27 09:30,44.66,44.82,44.58,44.8,21583452
1724851800,2024-08-28 09:30,44.68,45.155,44.64,44.91,24726165
1724938200,2024-08-29 09:30,45.06,45.46,44.75,45.31,33726634
1725024600,2024-08-30 09:30,45.44,45.78,45.23,45.74,28967724
1725370200,2024-09-03 09:30,45.5,45.875,45.185,45.4,39893913
1725456600,2024-09-04 09:30,45.48,45.77,45.215,45.45,32006128
1725543000,2024-09-05 09:30,45.64,45.66,44.745,44.95,39523540
1725629400,2024-09-06 09:30,44.95,45.2,44.19,44.29,51331286
1725888600,2024-09-09 09:30,44.71,45.2,44.65,44.95,41010885
1725975000,2024-09-10 09:30,45.1,45.14,43.975,44.49,59114976
1726061400,2024-09-11 09:30,44.32,44.35,43.38,44.28,59397484
1726147800,2024-09-12 09:30,44.36,44.52,44,44.38,37739377
1726234200,2024-09-13 09:30,44.51,44.6859,44.41,44.51,32912280
1726493400,2024-09-16 09:30,44.7,45.1,44.7,45.09,37063920
1726579800,2024-09-17 09:30,45.19,45.4799,45.14,45.33,27893291
1726666200,2024-09-18 09:30,45.35,45.69,45.09,45.19,41783865
1726752600,2024-09-19 09:30,45.65,45.81,45.34,45.69,46457685
1726839000,2024-09-20 09:30,45.59,45.66,45.335,45.66,48699179
1727098200,2024-09-23 09:30,45.49,45.67,45.36,45.44,31615259
1727184600,2024-09-24 09:30,45.3,45.3,44.895,45.06,40341434
1727271000,2024-09-25 09:30,45.08,45.14,44.65,44.79,32546934
1727357400,2024-09-26 09:30,44.92,45.11,44.77,45.02,31445225
1727443800,2024-09-27 09:30,45.12,45.437,45.05,45.15,23226116
1727703000,2024-09-30 09:30,45.04,45.34,44.84,45.32,23599209
1727789400,2024-10-01 09:30,45.2,45.31,44.775,45.08,32703005
1727875800,2024-10-02 09:30,45.06,45.23,44.83,45.13,37709429
1727962200,2024-10-03 09:30,44.96,45.05,44.665,44.89,23545682
1728048600,2024-10-04 09:30,45.33,45.69,45.15,45.65,40435851
1728307800,2024-10-07 09:30,45.65,45.67,44.9,45.09,26599262
1728394200,2024-10-08 09:30,45.26,45.46,45.18,45.35,28762954
1728480600,2024-10-09 09:30,45.35,45.86,45.26,45.77,28334270
1728567000,2024-10-10 09:30,45.82,45.86,45.44,45.63,34127389
1728653400,2024-10-11 09:30,45.92,46.6,45.89,46.51,52850296
1728912600,2024-10-14 09:30,46.59,46.85,46.46,46.8,35850836
1728999000,2024-10-15 09:30,47.12,47.39,46.84,46.9,42356775
1729085400,2024-10-16 09:30,47.08,47.5,46.99,47.48,44973695
1729171800,2024-10-17 09:30,47.68,47.81,47.58,47.61,45823445
1729258200,2024-10-18 09:30,47.61,47.72,47.3501,47.62,34279601
1729517400,2024-10-21 09:30,47.54,47.65,47.15,47.24,26207439
1729603800,2024-10-22 09:30,47,47.23,46.78,47.15,30018749
1729690200,2024-10-23 09:30,47.1,47.22,46.88,47.11,20697246
1729776600,2024-10-24 09:30,47.12,47.205,46.86,47.15,19617544
1729863000,2024-10-25 09:30,47.34,47.42,46.52,46.63,25526484
1730122200,2024-10-28 09:30,46.87,47.2499,46.855,47.21,31415881
1730208600,2024-10-29 09:30,47.09,47.22,46.88,46.92,27930913
1730295000,2024-10-30 09:30,46.98,47.43,46.94,47.13,28704328
1730381400,2024-10-31 09:30,47.07,47.21,46.48,46.48,53417061
1730467800,2024-11-01 09:30,46.63,47,46.52,46.64,40139909
1730730600,2024-11-04 09:30,46.61,46.65,46.025,46.28,41705580
1730817000,2024-11-05 09:30,46.32,46.73,46.23,46.71,35221760
1730903400,2024-11-06 09:30,49.04,49.68,48.7,49.55,153473381
1730989800,2024-11-07 09:30,49.44,49.44,48.66,48.75,70611369
1731076200,2024-11-08 09:30,49.1,49.4662,48.85,49.19,60376533
1731335400,2024-11-11 09:30,49.68,50.135,49.67,49.89,63654706
1731421800,2024-11-12 09:30,49.87,49.94,49.59,49.74,58512361
1731508200,2024-11-13 09:30,49.84,50.1265,49.685,49.77,31880676
1731594600,2024-11-14 09:30,49.88,49.99,49.545,49.64,38252752
1731681000,2024-11-15 09:30,49.64,50.01,49.61,49.87,40741498
1731940200,2024-11-18 09:30,49.91,50.11,49.7,50.02,27146818
1732026600,2024-11-19 09:30,49.62,49.8799,49.42,49.69,27014709
1732113000,2024-11-20 09:30,49.89,49.92,49.295,49.54,33932482
1732199400,2024-11-21 09:30,49.79,50.3951,49.66,50.17,50881767
1732285800,2024-11-22 09:30,50.14,50.78,50.13,50.73,42050839
1732545000,2024-11-25 09:30,51.01,51.245,50.86,51.06,47492548
1732631400,2024-11-26 09:30,51.08,51.26,50.76,51.16,28418403
1732717800,2024-11-27 09:30,51.23,51.62,51.205,51.26,31803721
1732890600,2024-11-29 09:30,51.44,51.57,51.25,51.34,15178418
1733149800,2024-12-02 09:30,51.42,51.4893,50.7,50.83,55483579
1733236200,2024-12-03 09:30,51.13,51.13,50.45,50.45,46924282
1733322600,2024-12-04 09:30,50.4,50.44,50.085,50.26,41017433
1733409000,2024-12-05 09:30,50.34,50.67,50.3,50.41,33599281
1733495400,2024-12-06 09:30,50.4,50.57,50.2649,50.4,23439352
1733754600,2024-12-09 09:30,50.44,50.49,49.69,49.71,41998283
1733841000,2024-12-10 09:30,49.75,49.98,49.385,49.7,38861785
1733927400,2024-12-11 09:30,49.9,49.92,49.58,49.8,35035893
1734013800,2024-12-12 09:30,49.93,49.97,49.58,49.58,23107260
1734100200,2024-12-13 09:30,49.78,49.795,49.43,49.54,39160444
1734359400,2024-12-16 09:30,49.57,49.63,49.355,49.45,35242760
1734445800,2024-12-17 09:30,49.26,49.27,48.9341,49.1,46103332
1734532200,2024-12-18 09:30,49.19,49.3,47.59,47.63,72399490
1734618600,2024-12-19 09:30,48.17,48.53,47.79,47.8,63641042
1734705000,2024-12-20 09:30,47.7,48.885,47.6,48.51,56066149
1734964200,2024-12-23 09:30,48.06,48.455,47.87,48.42,43033305
1735050600,2024-12-24 09:30,48.52,49.01,48.425,48.99,18350465
1735223400,2024-12-26 09:30,48.77,49.13,48.74,49.11,20807209
1735309800,2024-12-27 09:30,48.85,49.17,48.49,48.75,33852395
1735569000,2024-12-30 09:30,48.25,48.4955,47.86,48.28,34819775
1735655400,2024-12-31 09:30,48.4,48.57,48.16,48.33,25170529
1735828200,2025-01-02 09:30,48.58,48.765,47.94,48.21,35879122
1735914600,2025-01-03 09:30,48.49,48.62,48.075,48.59,25198141
1736173800,2025-01-06 09:30,48.8,49.02,48.35,48.44,54289944
1736260200,2025-01-07 09:30,48.65,48.76,48.115,48.33,57682699
1736346600,2025-01-08 09:30,48.34,48.5,48.02,48.49,36422023
1736519400,2025-01-10 09:30,48.1,48.14,47.15,47.32,53128705
1736778600,2025-01-13 09:30,47.08,47.68,47.035,47.66,36002819
1736865000,2025-01-14 09:30,47.85,48.29,47.7449,48.25,39353252
1736951400,2025-01-15 09:30,49.28,49.61,49.0099,49.48,61176908
1737037800,2025-01-16 09:30,49.46,49.845,49.455,49.81,33830433
1737124200,2025-01-17 09:30,49.91,50.32,49.73,50.23,43693111
1737469800,2025-01-21 09:30,50.4,50.71,50.385,50.65,33267467
1737556200,2025-01-22 09:30,50.65,50.66,50.21,50.41,37226405
1737642600,2025-01-23 09:30,50.49,50.79,50.48,50.7,32048845
1737729000,2025-01-24 09:30,50.53,50.9,50.48,50.85,39088665
1737988200,2025-01-27 09:30,50.76,51.44,50.62,51.41,61707423
1738074600,2025-01-28 09:30,51.35,51.55,51.11,51.32,39885275
1738161000,2025-01-29 09:30,51.18,51.74,51.17,51.28,43612187
1738247400,2025-01-30 09:30,51.75,52.04,51.43,51.77,64250481
1738333800,2025-01-31 09:30,51.83,51.97,51.435,51.47,40429466
1738593000,2025-02-03 09:30,50.75,51.395,50.4125,51.26,77416229
1738679400,2025-02-04 09:30,51.32,51.39,51,51.14,41742731
1738765800,2025-02-05 09:30,51.36,51.69,51.135,51.68,34758570
1738852200,2025-02-06 09:30,51.98,52.125,51.76,52.11,34355928
1738938600,2025-02-07 09:30,52.17,52.26,51.78,51.82,40601439
1739197800,2025-02-10 09:30,51.91,51.975,51.19,51.41,37921492
1739284200,2025-02-11 09:30,51.33,51.64,51.02,51.54,45162865
1739370600,2025-02-12 09:30,51.28,51.38,50.92,51.36,45473140
1739457000,2025-02-13 09:30,51.5,51.77,51.28,51.7,36372211
1739543400,2025-02-14 09:30,51.77,52.02,51.75,51.8,29574275
1739889000,2025-02-18 09:30,51.88,52.2,51.745,52.17,33496807
1739975400,2025-02-19 09:30,52.04,52.25,51.9,52.19,31748520
1740061800,2025-02-20 09:30,52.11,52.15,51.035,51.39,47078883
1740148200,2025-02-21 09:30,51.41,51.5,50.645,50.75,51789947
1740407400,2025-02-24 09:30,50.99,51.405,50.68,50.97,56673859
1740493800,2025-02-25 09:30,51.27,51.405,50.305,50.96,50132791
1740580200,2025-02-26 09:30,50.97,51.3154,50.75,50.85,31250488
1740666600,2025-02-27 09:30,51.03,51.8,50.99,51.13,44378568
1740753000,2025-02-28 09:30,51.39,52.2599,51.17,52.18,63537098
1741012200,2025-03-03 09:30,52.32,52.635,51.365,51.74,76100133
1741098600,2025-03-04 09:30,51.22,51.2781,49.6401,49.92,99342411
1741185000,2025-03-05 09:30,49.94,50.4459,49.56,50.21,75561683
1741271400,2025-03-06 09:30,49.62,49.955,49.055,49.38,55477738
1741357800,2025-03-07 09:30,49.2,49.33,48.25,49.12,87351363
1741613400,2025-03-10 09:30,48.29,48.605,47.46,48.02,78221422
1741699800,2025-03-11 09:30,47.95,48.075,47.28,47.61,72972166
1741786200,2025-03-12 09:30,48.12,48.19,47.22,47.68,60700119
1741872600,2025-03-13 09:30,47.795,48.075,47.28,47.42,49986345
1741959000,2025-03-14 09:30,47.87,48.6,47.62,48.52,49535675
1742218200,2025-03-17 09:30,48.33,49.325,48.315,49.09,43570462
1742304600,2025-03-18 09:30,49.13,49.29,48.85,49.03,32714243
1742391000,2025-03-19 09:30,49.06,49.83,48.855,49.57,44290707
1742477400,2025-03-20 09:30,49.29,49.975,49.2,49.64,46325956
1742563800,2025-03-21 09:30,49.39,49.64,49.03,49.46,53382781
1742823000,2025-03-24 09:30,49.79,50.27,49.6601,50.15,43158186
1742909400,2025-03-25 09:30,50.33,50.51,50.08,50.43,24873708
1742995800,2025-03-26 09:30,50.58,50.91,50.09,50.28,39753284
1743082200,2025-03-27 09:30,50.19,50.445,49.785,50.18,32299840
1743168600,2025-03-28 09:30,50.03,50.3,49.015,49.21,45365377
1743427800,2025-03-31 09:30,48.72,50.06,48.58,49.81,38042299
1743514200,2025-04-01 09:30,49.62,49.97,49.195,49.75,37959144
1743600600,2025-04-02 09:30,49.35,50.325,49.27,50.16,41792116
1743687000,2025-04-03 09:30,48.2,48.65,47.6001,47.69,101160618
1743773400,2025-04-04 09:30,46.07,46.41,44.09,44.2,128135265
1744032600,2025-04-07 09:30,42.84,45.65,42.21,44.09,179993163
1744119000,2025-04-08 09:30,45.8,46.22,43.235,43.92,98804224
1744205400,2025-04-09 09:30,43.24,47.61,43.07,47.23,177242940
1744291800,2025-04-10 09:30,46.525,46.6,44.54,45.91,93318182
1744378200,2025-04-11 09:30,45.6,46.97,45.37,46.67,63647449
1744637400,2025-04-14 09:30,47.35,47.615,46.865,47.15,52008943
1744723800,2025-04-15 09:30,47.42,47.9,47.23,47.27,41840096
1744810200,2025-04-16 09:30,47.17,47.3363,46.18,46.53,47934329
1744896600,2025-04-17 09:30,46.5,47.205,46.43,46.65,61866558
1745242200,2025-04-21 09:30,46.41,46.545,45.14,45.65,43082314
1745328600,2025-04-22 09:30,46.34,47.28,46.2,47.16,38154776
1745415000,2025-04-23 09:30,48.04,48.725,47.56,47.72,50290854
1745501400,2025-04-24 09:30,47.55,48.34,47.36,48.25,26817916
1745587800,2025-04-25 09:30,48.01,48.23,47.7,48.02,28112974
1745847000,2025-04-28 09:30,48.22,48.57,47.83,48.17,33922764
1745933400,2025-04-29 09:30,48.18,48.76,47.96,48.67,42475285
1746019800,2025-04-30 09:30,48.15,48.925,47.5,48.76,33759883
1746106200,2025-05-01 09:30,48.575,49.07,48.435,48.75,34420160
1746192600,2025-05-02 09:30,49.49,49.94,49.3345,49.76,35032074
1746451800,2025-05-05 09:30,49.34,49.83,49.1,49.44,24139930
1746538200,2025-05-06 09:30,49,49.555,48.97,49.16,28949143
1746624600,2025-05-07 09:30,49.32,49.715,49.26,49.45,30078604
1746711000,2025-05-08 09:30,49.84,50.37,49.725,49.86,31294156
1746797400,2025-05-09 09:30,49.96,50.035,49.715,49.86,22075027
1747056600,2025-05-12 09:30,51.11,51.195,50.55,50.87,44274103
1747143000,2025-05-13 09:30,51,51.32,50.91,51.08,33986059
1747229400,2025-05-14 09:30,51.105,51.17,50.785,50.94,38764201
1747315800,2025-05-15 09:30,50.87,51.36,50.83,51.28,34742507
1747402200,2025-05-16 09:30,51.27,51.6671,51.16,51.59,53400979
1747661400,2025-05-19 09:30,51.32,51.77,51.24,51.62,26348357
1747747800,2025-05-20 09:30,51.38,51.52,51.11,51.34,26902976
1747834200,2025-05-21 09:30,51.02,51.165,50.245,50.29,40022024
1747920600,2025-05-22 09:30,50.18,50.52,49.9719,50.23,33662796
1748007000,2025-05-23 09:30,49.585,50.29,49.57,50.05,33645560
1748352600,2025-05-27 09:30,50.435,50.96,50.26,50.93,38636418
1748439000,2025-05-28 09:30,50.89,51.02,50.51,50.59,31730237
1748525400,2025-05-29 09:30,50.76,50.86,50.36,50.85,34100943
1748611800,2025-05-30 09:30,50.68,51.045,50.455,50.96,37953245
1748871000,2025-06-02 09:30,50.61,51,50.29,50.98,30142346
1748957400,2025-06-03 09:30,50.82,51.13,50.41,51.08,33705417
1749043800,2025-06-04 09:30,51.15,51.21,50.78,50.79,24600500
1749130200,2025-06-05 09:30,50.8,50.88,50.45,50.65,42022705
1749216600,2025-06-06 09:30,51.17,51.44,51.045,51.28,34982809
1749475800,2025-06-09 09:30,51.34,51.36,50.69,51,28322093
1749562200,2025-06-10 09:30,50.99,51.08,50.88,51.06,27728640
1749648600,2025-06-11 09:30,51.11,51.34,50.81,51,39368366
1749735000,2025-06-12 09:30,50.7,51.01,50.5,51,25500933
1749821400,2025-06-13 09:30,50.35,50.46,49.81,49.96,54921907
1750080600,2025-06-16 09:30,50.32,50.875,50.31,50.53,35632359
1750167000,2025-06-17 09:30,50.27,50.4799,50.085,50.24,31130670
1750253400,2025-06-18 09:30,50.22,50.77,50.145,50.22,45728200
1750426200,2025-06-20 09:30,50.365,50.58,50.215,50.36,44456149
1750685400,2025-06-23 09:30,50.2,50.84,49.84,50.82,43022679
1750771800,2025-06-24 09:30,51.32,51.77,51.275,51.58,41224977
1750858200,2025-06-25 09:30,51.59,51.595,51.295,51.41,33123940
1750944600,2025-06-26 09:30,51.44,51.83,51.41,51.79,37865997
1751031000,2025-06-27 09:30,51.75,52.23,51.7,51.94,38954122
1751290200,2025-06-30 09:30,52.18,52.4375,52.135,52.37,42472856
1751376600,2025-07-01 09:30,52.24,52.765,52.21,52.66,33844757
1751463000,2025-07-02 09:30,52.75,52.76,52.34,52.62,40791141
1751549400,2025-07-03 09:30,52.75,53.27,52.695,53.19,25904774
1751895000,2025-07-07 09:30,53.13,53.25,52.415,52.68,34048977
1751981400,2025-07-08 09:30,52.56,52.6,52.175,52.21,53715016
1752067800,2025-07-09 09:30,52.48,52.5,52.14,52.4,36634931
1752154200,2025-07-10 09:30,52.28,52.76,52.28,52.71,27994906
1752240600,2025-07-11 09:30,52.36,52.41,52.08,52.16,30289863
1752499800,2025-07-14 09:30,52.15,52.575,52.02,52.55,27636505
1752586200,2025-07-15 09:30,52.34,52.446,51.65,51.65,47704616
1752672600,2025-07-16 09:30,51.93,52.06,51.325,52.01,46726472
1752759000,2025-07-17 09:30,51.87,52.6,51.81,52.51,48213908
1752845400,2025-07-18 09:30,52.58,52.645,52.43,52.54,29791289
1753104600,2025-07-21 09:30,52.57,52.94,52.37,52.39,36871422
1753191000,2025-07-22 09:30,52.5,52.745,52.47,52.68,32289144
1753277400,2025-07-23 09:30,52.8,53.1,52.56,53.1,32111308
1753363800,2025-07-24 09:30,53.12,53.44,53.005,53.07,32371926
1753450200,2025-07-25 09:30,53.1,53.4867,52.99,53.44,28964728
1753709400,2025-07-28 09:30,53.38,53.44,52.96,53.07,29119290
1753795800,2025-07-29 09:30,53.25,53.295,52.68,52.8,37883194
1753882200,2025-07-30 09:30,52.78,53.025,52.44,52.7,37260112
1753968600,2025-07-31 09:30,52.48,52.99,52.27,52.37,46179397
1754055000,2025-08-01 09:30,51.72,51.76,51.05,51.4,63060809
1754314200,2025-08-04 09:30,51.6,51.91,51.485,51.91,40053073
1754400600,2025-08-05 09:30,52.05,52.09,51.36,51.7,33550961
1754487000,2025-08-06 09:30,51.81,52.025,51.66,51.95,34198688
1754573400,2025-08-07 09:30,52.18,52.25,51.22,51.37,43119386
1754659800,2025-08-08 09:30,51.67,51.97,51.5,51.85,39484394
1754919000,2025-08-11 09:30,51.96,52.03,51.715,51.83,29351167
1755005400,2025-08-12 09:30,52.05,52.5499,52.0448,52.46,37517672
1755091800,2025-08-13 09:30,52.66,52.91,52.485,52.76,41154874
1755178200,2025-08-14 09:30,52.71,53.05,52.53,53.01,35841464
1755264600,2025-08-15 09:30,53.13,53.155,52.42,52.46,46108465
1755523800,2025-08-18 09:30,52.385,52.56,52.29,52.5,25405056
1755610200,2025-08-19 09:30,52.45,52.8699,52.45,52.6,24870756
1755696600,2025-08-20 09:30,52.64,53.0099,52.505,52.87,39138780
1755783000,2025-08-21 09:30,52.72,52.8,52.35,52.7,29037046
1755869400,2025-08-22 09:30,52.97,53.68,52.945,53.57,47249757
1756128600,2025-08-25 09:30,53.47,53.5765,53.235,53.26,24756500
1756215000,2025-08-26 09:30,53.1,53.69,53.1,53.67,27906982
1756301400,2025-08-27 09:30,53.54,53.94,53.51,53.78,39530070
1756387800,2025-08-28 09:30,53.89,53.9063,53.695,53.85,28837323
1756474200,2025-08-29 09:30,53.9,54.14,53.8,53.99,36062417
1756819800,2025-09-02 09:30,53.7,53.7,53.115,53.59,38733051
1756906200,2025-09-03 09:30,53.5,53.6,53.13,53.5,36420135
1756992600,2025-09-04 09:30,53.69,54.075,53.565,54.06,32730023
1757079000,2025-09-05 09:30,54.105,54.25,52.87,53.07,58377063
1757338200,2025-09-08 09:30,53.09,53.17,52.835,53.11,49490877
1757424600,2025-09-09 09:30,52.98,53.59,52.96,53.34,38884548
1757511000,2025-09-10 09:30,53.17,53.395,52.9301,53.16,32915898
1757597400,2025-09-11 09:30,53.19,54.07,53.18,54.03,36635370
1757683800,2025-09-12 09:30,53.96,54.065,53.71,53.8,25705931
1757943000,2025-09-15 09:30,53.89,54.09,53.62,53.68,31922018
1758029400,2025-09-16 09:30,53.61,53.67,53.265,53.56,28482510
1758115800,2025-09-17 09:30,53.67,54.33,53.645,54.08,47976104
1758202200,2025-09-18 09:30,54.11,54.495,53.99,54.13,36609074
1758288600,2025-09-19 09:30,54.26,54.405,53.92,54.25,46731380
1758547800,2025-09-22 09:30,53.7,54.06,53.64,54,32393009
1758634200,2025-09-23 09:30,53.95,54.49,53.63,53.76,28698894
1758720600,2025-09-24 09:30,53.83,53.96,53.495,53.61,23893354
1758807000,2025-09-25 09:30,53.47,53.71,53.24,53.47,24757541
1758893400,2025-09-26 09:30,53.71,54.095,53.64,53.86,30686069
1759152600,2025-09-29 09:30,54.04,54.1461,53.74,54.13,20713832
1759239000,2025-09-30 09:30,54.06,54.235,53.42,53.87,32442206
1759325400,2025-10-01 09:30,53.61,53.76,53.37,53.39,33210082
1759411800,2025-10-02 09:30,53.31,53.48,53.0639,53.35,32443383
1759498200,2025-10-03 09:30,53.42,53.97,53.38,53.72,32111601
1759757400,2025-10-06 09:30,53.93,54.065,53.295,53.7,32001339
1759843800,2025-10-07 09:30,53.88,54.045,53.52,53.77,31250466
1759930200,2025-10-08 09:30,53.93,53.95,53.34,53.51,26848679
1760016600,2025-10-09 09:30,53.625,53.81,53.19,53.32,33922435
1760103000,2025-10-10 09:30,53.46,53.6799,52.16,52.16,73596160
1760362200,2025-10-13 09:30,52.55,52.815,52.34,52.66,39651855
1760448600,2025-10-14 09:30,52.45,53.65,52.245,53.24,62588716
1760535000,2025-10-15 09:30,53.43,53.76,52.855,53.24,39526563
1760621400,2025-10-16 09:30,53.09,53.12,51.54,51.76,85420094
1760707800,2025-10-17 09:30,51.9,52.36,51.73,52.18,52288856
1760967000,2025-10-20 09:30,52.36,52.895,52.29,52.79,39479562
1761053400,2025-10-21 09:30,52.655,53.1265,52.655,52.73,31213574
1761139800,2025-10-22 09:30,52.78,52.82,52.115,52.43,53727459
1761226200,2025-10-23 09:30,52.59,52.68,52.29,52.54,29483687
1761312600,2025-10-24 09:30,52.85,53.2799,52.805,53.11,31947795
1761571800,2025-10-27 09:30,53.37,53.425,53.2,53.33,27154144
1761658200,2025-10-28 09:30,53.33,53.4,52.94,52.99,33648003
1761744600,2025-10-29 09:30,52.45,52.575,51.87,52.09,61846259
1761831000,2025-10-30 09:30,52.02,52.82,52.015,52.23,48568670
1761917400,2025-10-31 09:30,52.01,52.5,51.94,52.37,40425805
1762180200,2025-11-03 09:30,52.33,52.34,51.65,52.15,38693242
1762266600,2025-11-04 09:30,51.945,52.54,51.835,52.42,44675196
1762353000,2025-11-05 09:30,52.49,52.82,52.18,52.6,38036340
1762439400,2025-11-06 09:30,52.51,52.7,52.1701,52.41,42625669
1762525800,2025-11-07 09:30,52.28,52.8,52.09,52.78,46218724
1762785000,2025-11-10 09:30,52.93,53.15,52.65,52.97,42010615
1762871400,2025-11-11 09:30,53.07,53.3375,52.88,53.21,29995846
1762957800,2025-11-12 09:30,53.22,53.885,53.22,53.67,46052714
1763044200,2025-11-13 09:30,53.57,53.76,52.88,52.98,50455272
1763130600,2025-11-14 09:30,52.81,52.81,52.27,52.45,46154645
1763389800,2025-11-17 09:30,52.47,52.49,51.2523,51.45,70048477
1763476200,2025-11-18 09:30,51.28,51.7471,51.145,51.37,66043642
1763562600,2025-11-19 09:30,51.38,51.645,51.19,51.56,46003923
1763649000,2025-11-20 09:30,52.03,52.385,51.08,51.11,70096374
1763735400,2025-11-21 09:30,51.46,51.965,51.135,51.67,68942896
1763994600,2025-11-24 09:30,51.735,51.97,51.325,51.89,43789147
1764081000,2025-11-25 09:30,52.11,52.66,51.91,52.54,50989805
1764167400,2025-11-26 09:30,52.67,53.15,52.6,52.95,35268452
1764340200,2025-11-28 09:30,53.1,53.55,53.03,53.33,16136126
1764599400,2025-12-01 09:30,53.07,53.4,52.84,52.89,29296267
1764685800,2025-12-02 09:30,52.99,53.14,52.64,52.84,29771514
1764772200,2025-12-03 09:30,52.94,53.6,52.875,53.55,32017952
1764858600,2025-12-04 09:30,53.59,53.91,53.47,53.66,33678672
1764945000,2025-12-05 09:30,53.54,53.93,53.45,53.68,28532323
1765204200,2025-12-08 09:30,53.7,53.71,53.28,53.48,31164191
1765290600,2025-12-09 09:30,53.5,53.95,53.25,53.28,46335395
1765377000,2025-12-10 09:30,53.28,54.08,53.21,53.89,45437522
1765463400,2025-12-11 09:30,53.96,54.98,53.93,54.87,51786521
1765549800,2025-12-12 09:30,55.16,55.2082,54.71,54.95,64428933
1765809000,2025-12-15 09:30,55.18,55.305,54.82,54.99,35356839
1765895400,2025-12-16 09:30,55.04,55.16,54.48,54.64,37342295
1765981800,2025-12-17 09:30,54.8,55.07,54.5801,54.63,41112402
1766068200,2025-12-18 09:30,54.77,55.015,54.355,54.54,35021622
1766154600,2025-12-19 09:30,54.56,55.02,54.56,54.84,46595291
1766413800,2025-12-22 09:30,54.75,55.44,54.74,55.32,37987770
1766500200,2025-12-23 09:30,55.31,55.56,55.31,55.43,24732900
1766586600,2025-12-24 09:30,55.51,55.889,55.405,55.73,15685769
1766759400,2025-12-26 09:30,55.71,55.795,55.44,55.62,20410062
1767018600,2025-12-29 09:30,55.59,55.68,55.26,55.32,34223838
1767105000,2025-12-30 09:30,55.395,55.395,55.14,55.18,16160856
1767191400,2025-12-31 09:30,55.22,55.26,54.75,54.77,22996209
1767364200,2026-01-02 09:30,54.83,54.995,54.34,54.93,36087135
1767623400,2026-01-05 09:30,54.82,56.51,54.82,56.13,58044124
1767709800,2026-01-06 09:30,56.035,56.515,55.99,56.4,38950782
1767796200,2026-01-07 09:30,56.23,56.34,55.54,55.61,44720867
1767882600,2026-01-08 09:30,55.45,56.25,55.41,55.9,35358279
1767969000,2026-01-09 09:30,55.98,56.16,55.72,55.73,29544907
1768228200,2026-01-12 09:30,55.03,55.36,54.84,55.29,42021640
1768314600,2026-01-13 09:30,55.15,55.23,54.15,54.23,77045093
1768401000,2026-01-14 09:30,54.05,54.18,53.69,54.15,59754619
1768487400,2026-01-15 09:30,54.22,54.7,54.21,54.37,48490757
1768573800,2026-01-16 09:30,54.37,54.76,54.285,54.44,44363154
1768919400,2026-01-20 09:30,53.61,54.11,53.1,53.2,57030827
1769005800,2026-01-21 09:30,53.37,53.825,53.24,53.46,49360284
1769092200,2026-01-22 09:30,53.65,54.05,53.635,53.81,46919268
1769178600,2026-01-23 09:30,53.49,53.51,52.88,53.07,47057521
1769437800,2026-01-26 09:30,53.1,53.55,53.09,53.41,31072708
1769524200,2026-01-27 09:30,53.315,53.425,52.84,53,38633654
1769610600,2026-01-28 09:30,52.93,53.21,52.76,52.99,45450809
1769697000,2026-01-29 09:30,53.32,53.63,52.99,53.55,51975433
1769783400,2026-01-30 09:30,53.38,53.655,53.02,53.44,42767032
1770042600,2026-02-02 09:30,53.445,54.09,53.195,54.03,48031482
1770129000,2026-02-03 09:30,53.72,54.165,53.16,53.53,66887064
1770215400,2026-02-04 09:30,53.51,54.18,53.4,53.96,59506374
1770301800,2026-02-05 09:30,53.94,54.06,53.18,53.29,64474987
1770388200,2026-02-06 09:30,53.83,54.345,53.83,54.26,53073812
1770647400,2026-02-09 09:30,54.08,54.39,53.9,53.94,31699883
1770733800,2026-02-10 09:30,53.7,54.255,53.115,53.55,57920792
1770820200,2026-02-11 09:30,53.67,53.93,52.69,52.74,60339943
1770906600,2026-02-12 09:30,52.9,53.11,51.43,51.69,94645070
1770993000,2026-02-13 09:30,51.545,51.93,51.25,51.65,56449294
1771338600,2026-02-17 09:30,51.815,52.41,51.815,52.2,54064715
1771425000,2026-02-18 09:30,52.345,52.78,52.275,52.59,45224038
1771511400,2026-02-19 09:30,52.14,52.38,51.74,52.15,47344380
1771597800,2026-02-20 09:30,52.04,52.495,51.72,52.49,52934136
1771857000,2026-02-23 09:30,52.185,52.47,50.64,50.73,94600356
1771943400,2026-02-24 09:30,50.45,51.18,50.235,50.98,64114146
1772029800,2026-02-25 09:30,51.24,51.89,51.17,51.87,47652805
1772116200,2026-02-26 09:30,52.07,52.655,51.98,52.5,60884262
1772202600,2026-02-27 09:30,51.88,52.06,51.01,51.43,81998723
1772461800,2026-03-02 09:30,50.605,51.63,50.46,51.3,70107181
1772548200,2026-03-03 09:30,50.29,51.55,50.08,51.21,94738726
1772634600,2026-03-04 09:30,51.33,51.65,51.075,51.5,51472435
1772721000,2026-03-05 09:30,51.24,51.82,50.905,51.23,58432340
1772807400,2026-03-06 09:30,50.44,50.615,49.75,50.57,75632744
1773063000,2026-03-09 09:30,49.92,50.52,49.18,50.33,78178657
1773149400,2026-03-10 09:30,50.33,50.6899,49.75,50.06,70834225
1773235800,2026-03-11 09:30,49.98,50.12,49.2235,49.64,56301182
1773322200,2026-03-12 09:30,48.98,49.22,48.79,48.83,67871737
1773408600,2026-03-13 09:30,49.11,49.46,48.845,48.89,47595176
1773667800,2026-03-16 09:30,49.25,49.745,49.11,49.3,45720120
1773754200,2026-03-17 09:30,49.695,50.19,49.51,49.56,46974021
1773840600,2026-03-18 09:30,49.37,49.71,48.92,48.97,49239115
1773927000,2026-03-19 09:30,48.77,49.18,48.52,48.99,58374008
1774013400,2026-03-20 09:30,48.955,49.34,48.79,49.08,82914016
1774272600,2026-03-23 09:30,49.7,49.86,49.22,49.27,81044813
1774359000,2026-03-24 09:30,48.8,49.59,48.78,49.28,43296378
1774445400,2026-03-25 09:30,49.59,49.9501,48.99,49.34,40438797
1774531800,2026-03-26 09:30,49.11,49.49,48.875,49.05,45035730
1774618200,2026-03-27 09:30,48.79,48.835,47.67,47.81,64823894
1774877400,2026-03-30 09:30,48.23,48.72,48.09,48.36,58128933
1774963800,2026-03-31 09:30,48.92,49.46,48.51,49.37,85361932
1775050200,2026-04-01 09:30,49.8,49.85,49.14,49.44,61558255
1775136600,2026-04-02 09:30,48.825,49.81,48.6,49.53,39519845
1775482200,2026-04-06 09:30,49.51,50.005,49.45,49.88,27345833
1775568600,2026-04-07 09:30,49.62,50.02,49.5,49.88,31750045
1775655000,2026-04-08 09:30,51.19,51.48,50.9601,51.2,48175438
1775741400,2026-04-09 09:30,50.94,51.54,50.795,51.33,30330506
1775827800,2026-04-10 09:30,51.23,51.29,50.64,50.77,35427511
1776087000,2026-04-13 09:30,50.5,51.67,50.42,51.66,33635867
1776173400,2026-04-14 09:30,51.51,51.91,51.44,51.78,36498429
1776259800,2026-04-15 09:30,52.07,52.33,51.82,52.17,33804684
1776346200,2026-04-16 09:30,52.09,52.41,51.915,52.03,25431953
1776432600,2026-04-17 09:30,52.37,52.98,52.3,52.43,45183382
1776691800,2026-04-20 09:30,52.335,52.76,52.26,52.63,26160648
1776778200,2026-04-21 09:30,52.71,53.19,52.2,52.3,34150095
1776864600,2026-04-22 09:30,52.48,52.645,52.07,52.21,31838385
1776951000,2026-04-23 09:30,52.08,52.166,51.3,51.8,44647944
1777037400,2026-04-24 09:30,51.58,51.67,51.32,51.42,27225299
1777296600,2026-04-27 09:30,51.31,51.9,51.27,51.81,25764327
1777383000,2026-04-28 09:30,52.2,52.395,51.8,51.85,24337454
1777469400,2026-04-29 09:30,52.13,52.3,51.7,51.92,22153115
1777555800,2026-04-30 09:30,51.51,52.25,51.2,52.13,31406439
1777642200,2026-05-01 09:30,52.4,52.61,51.92,51.92,39618174
1777901400,2026-05-04 09:30,51.78,52.19,51.49,51.58,44456298
1777987800,2026-05-05 09:30,51.57,51.77,51.3799,51.59,27419583
1778074200,2026-05-06 09:30,51.92,52.235,51.775,51.84,39084589
1778160600,2026-05-07 09:30,51.78,52.08,51.42,51.55,36983127
1778247000,2026-05-08 09:30,51.68,51.74,51.135,51.24,29627685
1778506200,2026-05-11 09:30,51.26,51.46,50.955,51.18,30759160
1778592600,2026-05-12 09:30,51.18,51.7,50.81,51.58,44193716
1778679000,2026-05-13 09:30,51.14,51.325,50.955,50.99,33440155
1778765400,2026-05-14 09:30,51.27,51.49,51.095,51.29,37059716
1778851800,2026-05-15 09:30,51.32,51.495,51.035,51.1,29789776
1779111000,2026-05-18 09:30,51.01,51.8,50.97,51.74,32974643
1779197400,2026-05-19 09:30,51.63,51.79,51.05,51.1,35956275
1779283800,2026-05-20 09:30,51.23,51.71,50.78,51.66,42148379
1779370200,2026-05-21 09:30,51.46,51.83,51.21,51.73,33344220
1779456600,2026-05-22 09:30,51.9,52.17,51.84,51.94,23315083
1779802200,2026-05-26 09:30,52,52.23,51.72,51.85,24530155
1779888600,2026-05-27 09:30,51.74,51.99,51.3,51.42,45241810
1779975000,2026-05-28 09:30,51.19,51.5,51.02,51.27,40574472
1780061400,2026-05-29 09:30,51.28,51.79,51.17,51.58,34240301
1780320600,2026-06-01 09:30,51.225,51.5975,51.19,51.43,34507616
1780407000,2026-06-02 09:30,51.23,51.66,50.98,51.46,30988845
1780493400,2026-06-03 09:30,51.14,51.155,50.52,50.87,44906667
1780579800,2026-06-04 09:30,51.54,52.3,51.48,52.19,57368132
1780666200,2026-06-05 09:30,52.375,52.475,52.06,52.3,42101718
1780925400,2026-06-08 09:30,52.24,52.47,51.96,51.97,39102711
1781011800,2026-06-09 09:30,52.18,52.7,52.035,52.46,41695110
1781098200,2026-06-10 09:30,52.495,52.81,52.21,52.23,31128419
1781184600,2026-06-11 09:30,52.345,52.77,52.04,52.62,41295635
1781271000,2026-06-12 09:30,52.96,53.55,52.8101,53.34,51023311
1781530200,2026-06-15 09:30,53.76,53.97,53.48,53.56,37492394
1781616600,2026-06-16 09:30,54.005,54.43,53.845,54.35,37478299
1781703000,2026-06-17 09:30,54.29,54.89,53.9,54.05,49571885
1781789400,2026-06-18 09:30,54.55,54.61,53.46,53.57,37816814
1782135000,2026-06-22 09:30,53.615,54.02,53.57,53.7,27962782
1782221400,2026-06-23 09:30,53.63,54.025,53.49,53.88,33375254
1782307800,2026-06-24 09:30,53.86,54.1,53.54,53.72,30809613
1782394200,2026-06-25 09:30,53.92,54.68,53.4,53.45,31709920
1782480600,2026-06-26 09:30,53.56,53.94,53.2,53.57,26643042
1782739800,2026-06-29 09:30,53.7,54.025,53.68,53.72,31628022
1782826200,2026-06-30 09:30,53.66,53.85,53.395,53.61,27725303
1782912600,2026-07-01 09:30,53.825,55.08,53.75,54.78,47809756
1782999000,2026-07-02 09:30,55.28,55.64,55.005,55.62,46285176
1783344600,2026-07-06 09:30,55.845,56.16,55.575,56.14,32043701
1783431000,2026-07-07 09:30,56.305,56.59,56.01,56.05,27116509
1783517400,2026-07-08 09:30,55.79,55.8,54.95,54.97,41648111
1783603800,2026-07-09 09:30,55.07,55.6899,54.9703,55.54,26542037
1783690200,2026-07-10 09:30,55.99,56.03,55.36,55.71,24046315
1783949400,2026-07-13 09:30,55.98,56.16,55.605,56.07,33390997
1784035800,2026-07-14 09:30,55.6,56.8,55.59,56.18,43208810
1784122200,2026-07-15 09:30,56.3,56.815,56.18,56.56,49425446
1784208600,2026-07-16 09:30,56.76,56.84,56.385,56.75,27591219
1784295000,2026-07-17 09:30,56.43,56.935,56.12,56.26,42881769
1784554200,2026-07-20 09:30,56.3,56.38,55.89,56.04,38162632
1784640600,2026-07-21 09:30,55.99,56.335,55.72,56.11,26398953
1784727000,2026-07-22 09:30,56.14,56.275,55.91,56.05,25430855
1784813400,2026-07-23 09:30,55.68,55.86,55.45,55.83,24311041
1784899800,2026-07-24 09:30,55.83,56.3799,55.69,56.31,32212936
1785159000,2026-07-27 09:30,56.76,57.13,56.585,56.88,29805892
1785245400,2026-07-28 09:30,57.13,57.6,56.95,57.6,34204441
1785331800,2026-07-29 09:30,57.29,57.4701,56.585,56.68,49038768
1785418200,2026-07-30 09:30,56.82,57.05,56.1847,57,33193785
1785504600,2026-07-31 09:30,56.81,57.12,56.69,56.94,32543466
1785763800,2026-08-03 09:30,57.29,57.55,57,57.38,31019439
1785850200,2026-08-04 09:30,57.22,58.015,57.19,57.88,31466059
1785936600,2026-08-05 09:30,58.18,58.405,57.8,58,34275586
1786023000,2026-08-06 09:30,58.38,58.38,57.59,57.81,27704214
1786109400,2026-08-07 09:30,57.61,57.79,57.34,57.6,20816712
1786368600,2026-08-10 09:30,57.54,58.02,57.455,57.81,26070835
1786455000,2026-08-11 09:30,57.78,58.095,57.715,57.8,19797010
1786541400,2026-08-12 09:30,57.83,58,57.68,57.92,18531736
1786627800,2026-08-13 09:30,58.19,58.305,57.75,58.26,23193475
1786714200,2026-08-14 09:30,58.22,58.29,58.06,58.16,28130143
1786973400,2026-08-17 09:30,57.96,58.265,57.55,57.58,45636699
1787059800,2026-08-18 09:30,57.73,57.9796,57.565,57.84,25389365
1787146200,2026-08-19 09:30,57.88,58.2,57.42,57.48,35648257
1787232600,2026-08-20 09:30,57.47,57.655,56.91,56.95,30704196
1787319000,2026-08-21 09:30,57.32,57.695,57.245,57.48,27277760
1787578200,2026-08-24 09:30,57.7,58.3759,57.64,58.22,31462888
1787664600,2026-08-25 09:30,58.19,58.36,57.87,58.31,23685140
1787751000,2026-08-26 09:30,58.25,58.38,58.02,58.26,20054032
1787837400,2026-08-27 09:30,57.91,58.23,57.73,57.88,26088711
1787923800,2026-08-28 09:30,57.98,58.41,57.92,58.1,25142604
1788183000,2026-08-31 09:30,57.86,57.925,57.69,57.71,25215699
1788269400,2026-09-01 09:30,57.61,57.98,57.13,57.2,32401547
1788355800,2026-09-02 09:30,57.38,58.2261,57.32,57.66,31324726
1788442200,2026-09-03 09:30,58,58.6,57.99,58.56,32670451
1788528600,2026-09-04 09:30,58.04,58.38,57.915,58.1,26361489
1788874200,2026-09-08 09:30,57.705,57.82,57.26,57.3,38239199
1788960600,2026-09-09 09:30,57.13,57.33,56.73,57.06,27523005
1789047000,2026-09-10 09:30,56.91,57.11,56.6901,56.87,25355091
1789133400,2026-09-11 09:30,57.44,57.615,56.955,57.25,34705631
1789392600,2026-09-14 09:30,57.34,57.57,56.76,57.03,38162426
1789479000,2026-09-15 09:30,56.97,56.99,56.46,56.85,30169969
1789565400,2026-09-16 09:30,56.82,56.85,55.44,55.93,53072797
1789651800,2026-09-17 09:30,56.27,56.4,55.56,55.88,29191320
1789738200,2026-09-18 09:30,55.66,55.98,55.46,55.86,36017922
1789997400,2026-09-21 09:30,56.05,56.205,55.72,55.9,30640758
1790083800,2026-09-22 09:30,56,56.05,54.55,54.8,69837419
1790170200,2026-09-23 09:30,54.5,55.0805,54.46,54.54,42703374
1790256600,2026-09-24 09:30,54.61,54.815,54.25,54.53,28808024
1790343000,2026-09-25 09:30,54.625,54.885,54.31,54.84,29108389
1790602200,2026-09-28 09:30,54.67,54.725,54.14,54.19,39822174
1790688600,2026-09-29 09:30,54.17,54.345,53.72,54.01,53090095
1790775000,2026-09-30 09:30,53.99,54.025,53.37,53.4,55811660
1790861400,2026-10-01 09:30,53.25,53.615,52.81,53.46,41547201
1790947800,2026-10-02 09:30,53.54,53.755,53.21,53.49,30292491
1791207000,2026-10-05 09:30,53.5,53.97,53.3,53.88,28810743
1791293400,2026-10-06 09:30,53.97,54.3,53.88,54.01,21760210
