t,et,o,h,l,c,v
1414762200,2014-10-31 09:30,20.42,20.42,20.38,20.38,2661
1415025000,2014-11-03 09:30,20.49,20.49,20.35,20.38,2270
1415111400,2014-11-04 09:30,20.2,20.27,20.2,20.26,7893
1415197800,2014-11-05 09:30,20.51,20.51,20,20,14913
1415284200,2014-11-06 09:30,20.09,20.14,20.07,20.14,2000
1415370600,2014-11-07 09:30,20.15,20.15,20.08,20.12,1450
1415629800,2014-11-10 09:30,20.16,20.3,20.16,20.3,3870
1415716200,2014-11-11 09:30,20.69,20.69,20.2337,20.29,2850
1415802600,2014-11-12 09:30,20.26,20.36,20.24,20.36,2300
1415889000,2014-11-13 09:30,20.4,20.42,20.3,20.34,11867
1415975400,2014-11-14 09:30,20.42,20.44,20.42,20.44,1314
1416234600,2014-11-17 09:30,20.59,20.59,20.36,20.41,3414
1416321000,2014-11-18 09:30,20.6,20.6,20.6,20.6,1000
1416407400,2014-11-19 09:30,20.29,20.29,20.29,20.29,1060
1416493800,2014-11-20 09:30,20.12,20.28,20.1,20.28,1250
1416580200,2014-11-21 09:30,20.37,20.37,20.358,20.36,1297
1416839400,2014-11-24 09:30,20.35,20.49,20.35,20.49,1953
1416925800,2014-11-25 09:30,20.52,20.52,20.52,20.52,597
1417012200,2014-11-26 09:30,20.53,20.56,20.53,20.56,900
1417185000,2014-11-28 09:30,20.54,20.65,20.53,20.59,1500
1417444200,2014-12-01 09:30,20.27,20.27,20.27,20.27,550
1417530600,2014-12-02 09:30,20.05,20.05,20.05,20.05,850
1417617000,2014-12-03 09:30,20.09,20.09,20.09,20.09,600
1417703400,2014-12-04 09:30,20.13,20.18,20.04,20.06,1903
1417789800,2014-12-05 09:30,20.19,20.19,20.1,20.11,7392
1418049000,2014-12-08 09:30,20.09,20.09,19.68,19.73,850
1418135400,2014-12-09 09:30,19.58,19.78,19.5,19.78,1350
1418221800,2014-12-10 09:30,20.04,20.04,19.73,19.73,899
1418308200,2014-12-11 09:30,19.85,19.85,19.77,19.77,923
1418394600,2014-12-12 09:30,19.82,19.82,19.608,19.608,821
1418653800,2014-12-15 09:30,19.64,19.64,19.2799,19.2799,1285
1418740200,2014-12-16 09:30,19.06,19.24,18.95,18.95,1462
1418826600,2014-12-17 09:30,19.12,19.16,19.12,19.16,750
1418913000,2014-12-18 09:30,19.84,19.9,19.84,19.88,1050
1418999400,2014-12-19 09:30,20.19,20.19,20.03,20.16,2084
1419258600,2014-12-22 09:30,20.35,20.35,20.2467,20.33,1225
1419345000,2014-12-23 09:30,20.4,20.4,20.3,20.337,1796
1419431400,2014-12-24 09:30,20.65,20.65,20.37,20.37,3190
1419604200,2014-12-26 09:30,20.41,20.6,20.41,20.6,2372
1419863400,2014-12-29 09:30,20.469,20.469,20.42,20.427,1496
1419949800,2014-12-30 09:30,20.58,20.58,20.28,20.3,959
1420036200,2014-12-31 09:30,20.35,20.41,20.16,20.16,1305
1420209000,2015-01-02 09:30,21,21,19.9601,20.17,5613
1420468200,2015-01-05 09:30,20.37,20.37,19.6531,19.6844,3222
1420554600,2015-01-06 09:30,19.79,19.79,19.36,19.61,3304
1420641000,2015-01-07 09:30,19.83,19.83,19.65,19.7,3926
1420727400,2015-01-08 09:30,19.94,20.14,19.94,20.14,654
1420813800,2015-01-09 09:30,20.1,20.1,19.94,19.9695,1115
1421073000,2015-01-12 09:30,20.73,20.73,20.15,20.15,1470
1421159400,2015-01-13 09:30,20.26,20.26,19.9823,19.99,448
1421245800,2015-01-14 09:30,19.93,19.93,19.826,19.93,3235
1421332200,2015-01-15 09:30,19.91,19.91,19.48,19.48,2902
1421418600,2015-01-16 09:30,19.99,19.99,19.59,19.61,903
1421764200,2015-01-20 09:30,19.8,19.9,19.69,19.8899,1002
1421850600,2015-01-21 09:30,19.97,20.25,19.97,20.25,409
1421937000,2015-01-22 09:30,20.26,20.5276,20.26,20.5276,2887
1422023400,2015-01-23 09:30,20.71,20.73,20.63,20.63,4981
1422282600,2015-01-26 09:30,20.75,20.75,20.75,20.75,175
1422369000,2015-01-27 09:30,20.44,20.44,20.44,20.44,1156
1422455400,2015-01-28 09:30,20.44,20.44,20.35,20.35,347
1422541800,2015-01-29 09:30,20.3344,20.39,20.08,20.39,865
1422628200,2015-01-30 09:30,20.42,20.42,20.24,20.24,1914
1422887400,2015-02-02 09:30,20.2,20.367,20.12,20.367,2360
1422973800,2015-02-03 09:30,20.67,20.67,20.18,20.23,11550
1423060200,2015-02-04 09:30,20.4301,20.4596,20.42,20.4596,467
1423146600,2015-02-05 09:30,20.649,20.84,20.649,20.84,962
1423233000,2015-02-06 09:30,20.9477,20.9477,20.792,20.792,6041
1423492200,2015-02-09 09:30,20.71,20.71,20.6311,20.678,2238
1423578600,2015-02-10 09:30,20.8101,20.85,20.8101,20.85,250
1423665000,2015-02-11 09:30,20.95,21.026,20.86,21.026,2233
1423751400,2015-02-12 09:30,21,21.19,21,21.184,1723
1423837800,2015-02-13 09:30,21.27,21.46,21.27,21.45,1929
1424183400,2015-02-17 09:30,21.6,21.6,21.3001,21.34,3395
1424269800,2015-02-18 09:30,21.338,21.37,21.338,21.37,802
1424356200,2015-02-19 09:30,21.53,21.54,21.34,21.54,1660
1424442600,2015-02-20 09:30,21.75,21.75,21.57,21.684,812
1424701800,2015-02-23 09:30,21.55,21.5774,21.48,21.48,1624
1424788200,2015-02-24 09:30,21.51,21.51,21.4217,21.4217,893
1424874600,2015-02-25 09:30,21.5099,21.56,21.4301,21.4301,2402
1424961000,2015-02-26 09:30,21.7,21.7,21.58,21.6399,1271
1425047400,2015-02-27 09:30,21.51,21.51,21.51,21.51,200
1425306600,2015-03-02 09:30,21.54,21.54,21.42,21.499,3291
1425393000,2015-03-03 09:30,21.34,21.34,21.34,21.34,533
1425479400,2015-03-04 09:30,21.0801,21.219,21.0801,21.219,300
1425565800,2015-03-05 09:30,21.3515,21.3515,21.3515,21.3515,175
1425652200,2015-03-06 09:30,21.53,21.53,20.9657,20.9657,1061
1425907800,2015-03-09 09:30,21.16,21.16,20.79,20.8,28367
1425994200,2015-03-10 09:30,20.6,20.6,20.5776,20.5776,1072
1426080600,2015-03-11 09:30,20.6489,20.665,20.6489,20.665,648
1426167000,2015-03-12 09:30,20.68,20.68,20.68,20.68,220
1426253400,2015-03-13 09:30,20.59,20.6164,20.58,20.6164,5111
1426512600,2015-03-16 09:30,20.83,20.83,20.8,20.8,250
1426599000,2015-03-17 09:30,20.87,20.87,20.87,20.87,150
1426685400,2015-03-18 09:30,20.8,20.8,20.8,20.8,1400
1426771800,2015-03-19 09:30,21.1399,21.1399,21.1,21.1001,570
1426858200,2015-03-20 09:30,21.33,21.33,21.33,21.33,151
1427117400,2015-03-23 09:30,21.48,21.48,21.18,21.29,907
1427203800,2015-03-24 09:30,21.39,21.4,21.29,21.29,3850
1427290200,2015-03-25 09:30,20.8101,20.8101,20.8101,20.8101,224
1427376600,2015-03-26 09:30,20.79,20.79,20.79,20.79,218
1427463000,2015-03-27 09:30,20.76,20.76,20.76,20.76,150
1427722200,2015-03-30 09:30,21,21,21,21,100
1427808600,2015-03-31 09:30,20.82,20.88,20.8,20.835,1132
1427895000,2015-04-01 09:30,20.5,20.5,20.5,20.5,1000
1427981400,2015-04-02 09:30,20.59,20.6575,20.59,20.6575,412
1428327000,2015-04-06 09:30,20.7605,20.97,20.7605,20.9699,1825
1428413400,2015-04-07 09:30,21.06,21.07,20.96,20.96,2461
1428499800,2015-04-08 09:30,21.26,21.26,21.2155,21.2155,851
1428586200,2015-04-09 09:30,21.2,21.32,21.18,21.32,1500
1428672600,2015-04-10 09:30,21.41,21.4965,21.41,21.49,2367
1428931800,2015-04-13 09:30,21.6185,21.6185,21.53,21.53,280
1429018200,2015-04-14 09:30,21.42,21.42,21.3899,21.39,815
1429104600,2015-04-15 09:30,21.6,21.6,21.6,21.6,355
1429191000,2015-04-16 09:30,21.8199,21.86,21.8199,21.84,1725
1429277400,2015-04-17 09:30,21.53,21.53,21.4,21.4,1150
1429536600,2015-04-20 09:30,21.5,21.5,21.5,21.5,100
1429623000,2015-04-21 09:30,21.67,21.67,21.5925,21.5925,2217
1429709400,2015-04-22 09:30,21.74,21.76,21.74,21.76,469
1429795800,2015-04-23 09:30,22.03,22.03,21.985,21.985,1148
1429882200,2015-04-24 09:30,22.059,22.08,21.9866,21.9866,6093
1430141400,2015-04-27 09:30,22.24,22.24,22.23,22.23,455
1430227800,2015-04-28 09:30,21.93,21.93,21.73,21.73,604
1430314200,2015-04-29 09:30,21.54,21.58,21.2267,21.55,1968
1430400600,2015-04-30 09:30,21.165,21.165,20.955,20.955,3340
1430487000,2015-05-01 09:30,20.84,20.84,20.79,20.79,351
1430746200,2015-05-04 09:30,20.66,21.09,20.58,21.0121,4612
1430832600,2015-05-05 09:30,20.7699,20.7699,20.7699,20.7699,110
1430919000,2015-05-06 09:30,20.6111,20.64,20.6111,20.64,1274
1431005400,2015-05-07 09:30,20.76,20.86,20.76,20.86,303
1431091800,2015-05-08 09:30,20.8701,20.89,20.84,20.84,520
1431351000,2015-05-11 09:30,20.91,21,20.91,21,1307
1431437400,2015-05-12 09:30,20.9,20.9,20.9,20.9,114
1431523800,2015-05-13 09:30,21.0099,21.0099,21.0099,21.0099,151
1431610200,2015-05-14 09:30,21.1799,21.1799,21.1799,21.1799,151
1431696600,2015-05-15 09:30,21.1299,21.1324,21.1299,21.1324,400
1431955800,2015-05-18 09:30,21.249,21.249,21.249,21.249,282
1432042200,2015-05-19 09:30,21.28,21.28,21.26,21.26,824
1432128600,2015-05-20 09:30,21.22,21.22,21.2199,21.2199,460
1432215000,2015-05-21 09:30,21.48,21.48,21.41,21.41,1362
1432301400,2015-05-22 09:30,21.52,21.52,21.4574,21.4574,257
1432647000,2015-05-26 09:30,21.45,21.45,21.24,21.31,3421
1432733400,2015-05-27 09:30,21.3201,21.3201,21.3201,21.3201,684
1432819800,2015-05-28 09:30,21.58,21.58,21.58,21.58,135
1432906200,2015-05-29 09:30,21.42,21.596,21.42,21.596,600
1433165400,2015-06-01 09:30,21.475,21.53,21.475,21.52,1020
1433251800,2015-06-02 09:30,21.45,21.5579,21.45,21.5579,2040
1433338200,2015-06-03 09:30,21.62,21.6799,21.6157,21.6799,380
1433424600,2015-06-04 09:30,21.5999,21.6,21.5999,21.6,2580
1433511000,2015-06-05 09:30,21.625,21.625,21.625,21.625,1476
1433770200,2015-06-08 09:30,21.82,21.84,21.5999,21.5999,1030
1433856600,2015-06-09 09:30,21.4605,21.4605,21.4605,21.4605,268
1433943000,2015-06-10 09:30,21.5438,21.8501,21.5438,21.8501,250
1434029400,2015-06-11 09:30,21.7895,21.8,21.755,21.78,2603
1434115800,2015-06-12 09:30,21.7,21.7,21.65,21.65,523
1434375000,2015-06-15 09:30,21.6,21.6,21.37,21.37,400
1434461400,2015-06-16 09:30,21.64,21.64,21.62,21.62,250
1434547800,2015-06-17 09:30,21.86,21.86,21.83,21.83,450
1434634200,2015-06-18 09:30,22.0505,22.0505,22.0505,22.0505,200
1434720600,2015-06-19 09:30,22.0099,22.0099,22,22,4750
1434979800,2015-06-22 09:30,22.05,22.05,22.05,22.05,218
1435066200,2015-06-23 09:30,22.23,22.23,22.23,22.23,200
1435152600,2015-06-24 09:30,21.94,21.94,21.94,21.94,170
1435239000,2015-06-25 09:30,22.1,22.1,21.8999,21.8999,8049
1435325400,2015-06-26 09:30,21.8,21.8,21.7116,21.7399,3279
1435584600,2015-06-29 09:30,21.5,21.5,21.16,21.16,5123
1435671000,2015-06-30 09:30,21.47,21.47,21.2927,21.35,3270
1435757400,2015-07-01 09:30,21.4,21.4,21.2447,21.31,11220
1435843800,2015-07-02 09:30,21.2935,21.2935,21.2479,21.2479,903
1436189400,2015-07-06 09:30,21.2,21.2,21.0978,21.0978,1645
1436275800,2015-07-07 09:30,21,21,20.74,20.98,1537
1436362200,2015-07-08 09:30,20.78,20.78,20.78,20.78,112
1436448600,2015-07-09 09:30,20.95,20.95,20.95,20.95,150
1436535000,2015-07-10 09:30,21.128,21.17,21.1,21.17,6060
1436794200,2015-07-13 09:30,21.3101,21.44,21.3101,21.44,3221
1436880600,2015-07-14 09:30,21.57,21.57,21.565,21.565,280
1436967000,2015-07-15 09:30,21.71,21.71,21.415,21.415,2242
1437053400,2015-07-16 09:30,21.868,21.868,21.8481,21.8481,886
1437139800,2015-07-17 09:30,21.9399,21.9399,21.9199,21.92,374
1437399000,2015-07-20 09:30,21.95,21.95,21.92,21.95,1471
1437485400,2015-07-21 09:30,21.94,21.94,21.87,21.87,785
1437571800,2015-07-22 09:30,21.79,21.79,21.62,21.65,2600
1437658200,2015-07-23 09:30,21.848,21.848,21.8,21.8,294
1437744600,2015-07-24 09:30,21.9,21.9,21.9,21.9,180
1438003800,2015-07-27 09:30,21.57,21.65,21.57,21.65,300
1438090200,2015-07-28 09:30,21.528,21.97,21.525,21.9699,3494
1438176600,2015-07-29 09:30,21.82,21.82,21.82,21.82,150
1438263000,2015-07-30 09:30,21.69,21.69,21.65,21.65,2719
1438349400,2015-07-31 09:30,21.6299,21.64,21.5,21.5,3395
1438608600,2015-08-03 09:30,21.11,21.11,21.11,21.11,172
1438695000,2015-08-04 09:30,21.0799,21.0799,21.0499,21.05,444
1438781400,2015-08-05 09:30,21.26,21.26,21.1,21.1,2250
1438867800,2015-08-06 09:30,20.75,20.8,20.7005,20.8,1430
1438954200,2015-08-07 09:30,20.777,20.777,20.777,20.777,176
1439213400,2015-08-10 09:30,20.86,21.305,20.86,21.28,610
1439299800,2015-08-11 09:30,20.917,20.9984,20.917,20.9984,473
1439386200,2015-08-12 09:30,20.55,20.8,20.55,20.8,1600
1439472600,2015-08-13 09:30,20.988,20.988,20.988,20.988,150
1439559000,2015-08-14 09:30,20.96,20.96,20.96,20.96,174
1439818200,2015-08-17 09:30,21.117,21.117,21.117,21.117,150
1439904600,2015-08-18 09:30,20.98,20.98,20.98,20.98,167
1439991000,2015-08-19 09:30,20.8,20.8,20.75,20.75,933
1440077400,2015-08-20 09:30,20.03,20.03,19.89,19.89,1371
1440163800,2015-08-21 09:30,19.5758,19.705,19.5275,19.53,3837
1440423000,2015-08-24 09:30,17.75,18.978,17.51,18.9599,10061
1440509400,2015-08-25 09:30,19.3,19.38,19.3,19.38,250
1440595800,2015-08-26 09:30,19.12,19.445,19,19.445,540
1440682200,2015-08-27 09:30,19.76,20.15,19.76,20.0445,2600
1440768600,2015-08-28 09:30,20.2,20.35,20.2,20.24,2748
1441027800,2015-08-31 09:30,20.07,20.13,20.04,20.1,4737
1441114200,2015-09-01 09:30,19.5,19.5,19.3659,19.3699,461
1441200600,2015-09-02 09:30,19.37,19.585,19.37,19.585,630
1441287000,2015-09-03 09:30,19.81,19.81,19.81,19.81,100
1441373400,2015-09-04 09:30,19.4199,19.4199,19.4199,19.4199,160
1441719000,2015-09-08 09:30,20.02,20.02,20.02,20.02,129
1441805400,2015-09-09 09:30,20.42,20.42,20.09,20.09,1775
1441891800,2015-09-10 09:30,20.01,20.01,20.01,20.01,100
1441978200,2015-09-11 09:30,20.11,20.11,20.11,20.11,150
1442237400,2015-09-14 09:30,19.97,20.11,19.97,20.07,896
1442323800,2015-09-15 09:30,20.3324,20.3324,20.33,20.33,1115
1442410200,2015-09-16 09:30,20.57,20.57,20.57,20.57,194
1442496600,2015-09-17 09:30,20.75,20.75,20.75,20.75,100
1442583000,2015-09-18 09:30,20.5,20.56,20.4295,20.4295,10652
1442842200,2015-09-21 09:30,20.3,20.3,20.3,20.3,2397
1442928600,2015-09-22 09:30,19.88,19.88,19.88,19.88,201
1443015000,2015-09-23 09:30,20.07,20.07,19.8399,19.8399,443
1443101400,2015-09-24 09:30,19.82,19.82,19.61,19.61,351
1443187800,2015-09-25 09:30,19.73,19.73,19.4,19.4,1488
1443447000,2015-09-28 09:30,19,19.0001,19,19,581
1443533400,2015-09-29 09:30,18.6899,18.6899,18.6899,18.6899,100
1443619800,2015-09-30 09:30,18.79,18.79,18.79,18.79,100
1443706200,2015-10-01 09:30,18.53,18.5301,18.53,18.53,1276
1443792600,2015-10-02 09:30,18.7399,19.08,18.7399,19.08,602
1444051800,2015-10-05 09:30,19.52,19.52,19.52,19.52,100
1444138200,2015-10-06 09:30,19.23,19.23,19.23,19.23,100
1444224600,2015-10-07 09:30,19.51,19.51,19.51,19.51,100
1444311000,2015-10-08 09:30,19.39,19.39,19.39,19.39,201
1444397400,2015-10-09 09:30,19.79,19.8247,19.79,19.8247,303
1444656600,2015-10-12 09:30,19.6699,19.6699,19.6699,19.6699,100
1444743000,2015-10-13 09:30,19.6,19.6,19.6,19.6,102
1444829400,2015-10-14 09:30,19.5,19.5,19.5,19.5,100
1444915800,2015-10-15 09:30,19.525,19.525,19.525,19.525,102
1445002200,2015-10-16 09:30,19.79,19.9,19.79,19.81,545
1445261400,2015-10-19 09:30,19.8005,19.81,19.74,19.81,602
1445347800,2015-10-20 09:30,19.496,19.496,19.496,19.496,106
1445434200,2015-10-21 09:30,19.66,19.66,19.66,19.66,110
1445520600,2015-10-22 09:30,19.37,19.449,19.3202,19.449,1115
1445607000,2015-10-23 09:30,19.81,19.81,19.81,19.81,100
1445866200,2015-10-26 09:30,19.78,19.78,19.78,19.78,114
1445952600,2015-10-27 09:30,19.64,19.64,19.61,19.61,207
1446039000,2015-10-28 09:30,19.82,19.82,19.82,19.82,206
1446125400,2015-10-29 09:30,19.82,19.98,19.72,19.72,6269
1446211800,2015-10-30 09:30,19.96,20.02,19.9,19.9,705
1446474600,2015-11-02 09:30,19.933,20.4699,19.933,20.46,3460
1446561000,2015-11-03 09:30,20.455,20.455,20.455,20.455,517
1446647400,2015-11-04 09:30,20.5,20.97,20.5,20.836,2083
1446733800,2015-11-05 09:30,20.66,20.66,20.66,20.66,100
1446820200,2015-11-06 09:30,20.84,20.89,20.838,20.8475,453
1447079400,2015-11-09 09:30,20.59,20.685,20.58,20.685,530
1447165800,2015-11-10 09:30,20.44,20.44,20.4334,20.4334,200
1447252200,2015-11-11 09:30,20.33,20.39,20.31,20.39,720
1447338600,2015-11-12 09:30,20.225,20.225,20.04,20.04,2062
1447425000,2015-11-13 09:30,19.94,19.94,19.82,19.82,977
1447684200,2015-11-16 09:30,19.92,19.92,19.92,19.92,198
1447770600,2015-11-17 09:30,20.11,20.11,19.9482,19.9482,207
1447857000,2015-11-18 09:30,20.19,20.19,20.19,20.19,950
1447943400,2015-11-19 09:30,20.25,20.52,20.25,20.51,1319
1448029800,2015-11-20 09:30,20.65,20.65,20.65,20.65,335
1448289000,2015-11-23 09:30,20.68,20.68,20.68,20.68,105
1448375400,2015-11-24 09:30,20.647,20.647,20.6299,20.63,1000
1448461800,2015-11-25 09:30,20.81,20.9,20.81,20.9,213
1448634600,2015-11-27 09:30,21.27,21.27,21.27,21.27,194
1448893800,2015-11-30 09:30,21.2,21.2,21.2,21.2,581
1448980200,2015-12-01 09:30,21.27,21.3101,21.25,21.3101,550
1449066600,2015-12-02 09:30,21.4,21.4,21.35,21.36,2295
1449153000,2015-12-03 09:30,20.8801,20.915,20.85,20.85,500
1449239400,2015-12-04 09:30,21.0599,21.0599,21.0546,21.0546,429
1449498600,2015-12-07 09:30,21.14,21.14,20.77,20.79,1368
1449585000,2015-12-08 09:30,20.72,20.99,20.72,20.99,1042
1449671400,2015-12-09 09:30,20.95,21.602,20.7151,20.7151,2048
1449757800,2015-12-10 09:30,21.07,21.07,21.07,21.07,100
1449844200,2015-12-11 09:30,21.06,21.06,20.92,20.92,405
1450103400,2015-12-14 09:30,20.27,20.41,19.99,20.21,865
1450189800,2015-12-15 09:30,20.75,20.75,20.49,20.5521,1162
1450276200,2015-12-16 09:30,20.8,20.8,20.78,20.78,1137
1450362600,2015-12-17 09:30,20.84,21.11,20.84,20.9932,570
1450449000,2015-12-18 09:30,21,21,20.86,20.93,1499
1450708200,2015-12-21 09:30,20.93,20.93,20.87,20.87,461
1450794600,2015-12-22 09:30,20.96,20.96,20.96,20.96,100
1450881000,2015-12-23 09:30,21.21,21.2666,21.21,21.2666,200
1450967400,2015-12-24 09:30,20.879,20.879,20.879,20.879,100
1451313000,2015-12-28 09:30,20.91,20.91,20.91,20.91,161
1451399400,2015-12-29 09:30,20.78,20.78,20.78,20.78,305
1451485800,2015-12-30 09:30,20.91,20.91,20.8365,20.84,3039
1451572200,2015-12-31 09:30,20.6099,20.6099,20.46,20.4601,664
1451917800,2016-01-04 09:30,19.98,20.02,19.86,20.01,1607
1452004200,2016-01-05 09:30,20.24,20.24,20.17,20.17,256
1452090600,2016-01-06 09:30,19.83,19.83,19.83,19.83,201
1452177000,2016-01-07 09:30,19.48,19.48,19,19.0499,850
1452263400,2016-01-08 09:30,18.83,18.83,18.83,18.83,563
1452522600,2016-01-11 09:30,18.33,18.33,18.17,18.17,2160
1452609000,2016-01-12 09:30,18.33,18.67,18.29,18.435,1708
1452695400,2016-01-13 09:30,18.43,18.63,17.8034,17.87,2141
1452781800,2016-01-14 09:30,17.75,18.03,17.58,18.03,1235
1452868200,2016-01-15 09:30,17.3369,17.457,17,17.32,3583
1453213800,2016-01-19 09:30,17.45,17.5,17.45,17.5,795
1453300200,2016-01-20 09:30,16.72,17.08,16.41,17.05,4193
1453386600,2016-01-21 09:30,17.42,17.42,17.2,17.2,396
1453473000,2016-01-22 09:30,17.589,17.589,17.53,17.53,400
1453732200,2016-01-25 09:30,17.3195,17.3195,17.3195,17.3195,224
1453818600,2016-01-26 09:30,17.0501,17.0501,17.0501,17.0501,102
1453905000,2016-01-27 09:30,17.5,17.5,16.83,16.8773,2660
1453991400,2016-01-28 09:30,16.4795,16.4795,16.4795,16.4795,237
1454077800,2016-01-29 09:30,16.69,16.74,16.6663,16.74,1013
1454337000,2016-02-01 09:30,16.875,16.875,16.875,16.875,104
1454423400,2016-02-02 09:30,16.4595,16.4595,16.4595,16.4595,100
1454509800,2016-02-03 09:30,16.3099,16.367,16.3099,16.367,321
1454596200,2016-02-04 09:30,16.55,16.615,16.51,16.52,2335
1454682600,2016-02-05 09:30,15.75,15.76,15.5,15.5,3037
1454941800,2016-02-08 09:30,14.98,15.05,14.6705,14.8,3243
1455028200,2016-02-09 09:30,14.815,14.9764,14.815,14.86,830
1455114600,2016-02-10 09:30,15.055,15.055,15.055,15.055,100
1455201000,2016-02-11 09:30,14.68,14.78,14.68,14.78,2152
1455287400,2016-02-12 09:30,14.79,14.99,14.79,14.95,4193
1455633000,2016-02-16 09:30,15.55,15.55,15.5499,15.5499,200
1455719400,2016-02-17 09:30,15.9985,16.1301,15.9985,16.1301,512
1455805800,2016-02-18 09:30,16.07,16.07,16.07,16.07,2259
1455892200,2016-02-19 09:30,16.0999,16.0999,16.0999,16.0999,165
1456151400,2016-02-22 09:30,16.48,16.4801,16.47,16.47,2380
1456237800,2016-02-23 09:30,16.3,16.3,16.3,16.3,201
1456324200,2016-02-24 09:30,16.39,16.4399,16.3701,16.4399,900
1456410600,2016-02-25 09:30,16.5295,16.5295,16.5295,16.5295,183
1456497000,2016-02-26 09:30,17.0195,17.0195,17.0195,17.0195,100
1456756200,2016-02-29 09:30,17.0995,17.0995,17.0995,17.0995,120
1456842600,2016-03-01 09:30,17.4846,17.4846,17.4846,17.4846,483
1456929000,2016-03-02 09:30,17.7299,17.7299,17.7299,17.7299,103
1457015400,2016-03-03 09:30,17.7,18.1449,17.7,18.1449,2250
1457101800,2016-03-04 09:30,18.29,18.64,18.29,18.5399,1309
1457361000,2016-03-07 09:30,18.23,18.51,18.23,18.51,1435
1457447400,2016-03-08 09:30,18.2095,18.2095,18.2095,18.2095,167
1457533800,2016-03-09 09:30,18.04,18.04,17.98,17.98,1080
1457620200,2016-03-10 09:30,18.34,18.34,17.8134,17.8134,436
1457706600,2016-03-11 09:30,17.93,17.93,17.93,17.93,1000
1457962200,2016-03-14 09:30,18.4296,18.4296,18.4,18.4,205
1458048600,2016-03-15 09:30,18,18,17.84,17.84,409
1458135000,2016-03-16 09:30,17.84,17.99,17.84,17.99,2178
1458221400,2016-03-17 09:30,18.0999,18.0999,18.0999,18.0999,113
1458307800,2016-03-18 09:30,18.4799,18.54,18.4799,18.5075,3892
1458567000,2016-03-21 09:30,18.685,18.685,18.685,18.685,125
1458653400,2016-03-22 09:30,18.8348,18.8699,18.8348,18.8699,472
1458826200,2016-03-24 09:30,18.2,18.27,18.2,18.27,1388
1459258200,2016-03-29 09:30,18.8348,18.8348,18.8348,18.8348,273
1459344600,2016-03-30 09:30,19.1,19.1,18.9,18.9,1420
1459431000,2016-03-31 09:30,19.144,19.23,19.1299,19.13,3012
1459776600,2016-04-04 09:30,19.5301,19.5301,19.5301,19.5301,1000
1459863000,2016-04-05 09:30,19.4,19.4,19.4,19.4,555
1459949400,2016-04-06 09:30,19.46,19.483,19.46,19.483,410
1460035800,2016-04-07 09:30,19.7499,19.7499,19.5,19.5,1930
1460122200,2016-04-08 09:30,19.39,19.39,19.39,19.39,226
1460467800,2016-04-12 09:30,19.49,19.49,19.4899,19.49,3105
1460554200,2016-04-13 09:30,19.8096,19.8096,19.8096,19.8096,101
1460640600,2016-04-14 09:30,20.02,20.02,20.02,20.02,296
1460727000,2016-04-15 09:30,19.7703,19.7703,19.7701,19.7701,3007
1460986200,2016-04-18 09:30,19.835,19.838,19.816,19.816,5021
1461072600,2016-04-19 09:30,19.63,19.63,19.394,19.394,1076
1461159000,2016-04-20 09:30,19.27,19.5648,19.27,19.5648,714
1461245400,2016-04-21 09:30,19.6644,19.7573,19.6644,19.7573,460
1461331800,2016-04-22 09:30,19.7299,19.7299,19.71,19.71,1055
1461591000,2016-04-25 09:30,19.73,19.73,19.5901,19.62,652
1461677400,2016-04-26 09:30,19.56,19.5706,19.56,19.5706,3331
1461763800,2016-04-27 09:30,19.51,19.51,19.47,19.47,264
1461850200,2016-04-28 09:30,19.595,19.595,19.595,19.595,152
1461936600,2016-04-29 09:30,18.93,18.93,18.8799,18.88,7176
1462195800,2016-05-02 09:30,18.9803,19,18.9803,19,316
1462282200,2016-05-03 09:30,18.72,18.72,18.72,18.72,168
1462368600,2016-05-04 09:30,18.2,18.21,18.2,18.21,501
1462455000,2016-05-05 09:30,18.1603,18.1603,18.1603,18.1603,100
1462541400,2016-05-06 09:30,18.07,18.29,17.9397,17.9397,2992
1462800600,2016-05-09 09:30,18.31,18.31,18.2518,18.3,790
1462887000,2016-05-10 09:30,18.442,18.442,18.442,18.442,100
1462973400,2016-05-11 09:30,18.308,18.308,18.308,18.308,100
1463059800,2016-05-12 09:30,18.29,18.29,17.9493,17.9493,1755
1463146200,2016-05-13 09:30,18.12,18.12,18.11,18.11,735
1463405400,2016-05-16 09:30,18.28,18.28,18.28,18.28,111
1463491800,2016-05-17 09:30,18.1497,18.1497,18.1497,18.1497,100
1463578200,2016-05-18 09:30,18.28,18.28,18.28,18.28,105
1463664600,2016-05-19 09:30,18,18,17.93,17.9685,700
1463751000,2016-05-20 09:30,18.214,18.214,18.195,18.2,2950
1464010200,2016-05-23 09:30,18.376,18.376,18.376,18.376,108
1464096600,2016-05-24 09:30,18.938,18.938,18.92,18.92,205
1464183000,2016-05-25 09:30,18.97,19.097,18.9401,19.09,5023
1464269400,2016-05-26 09:30,19.14,19.22,19.14,19.22,1139
1464355800,2016-05-27 09:30,19.38,19.38,19.29,19.29,6104
1464701400,2016-05-31 09:30,19.46,19.54,19.4,19.49,3124
1464787800,2016-06-01 09:30,19.5196,19.5196,19.5196,19.5196,151
1464874200,2016-06-02 09:30,19.65,19.76,19.65,19.7422,1965
1464960600,2016-06-03 09:30,19.587,19.62,19.52,19.57,3365
1465219800,2016-06-06 09:30,19.7101,19.92,19.7101,19.92,2896
1465306200,2016-06-07 09:30,19.99,20.01,19.85,19.93,7034
1465392600,2016-06-08 09:30,19.89,19.92,19.89,19.92,283
1465479000,2016-06-09 09:30,19.65,19.71,19.6299,19.6299,5259
1465565400,2016-06-10 09:30,19.6,19.6,19.6,19.6,179
1465824600,2016-06-13 09:30,19.59,19.59,19.3,19.31,7062
1465911000,2016-06-14 09:30,19.43,19.43,19.14,19.24,6729
1465997400,2016-06-15 09:30,19.42,19.42,19.4,19.4,300
1466083800,2016-06-16 09:30,19.4199,19.4199,19.4199,19.4199,119
1466170200,2016-06-17 09:30,19.5,19.57,19.5,19.57,1470
1466429400,2016-06-20 09:30,19.68,19.91,19.67,19.67,9755
1466515800,2016-06-21 09:30,19.4904,19.61,19.4904,19.58,2823
1466602200,2016-06-22 09:30,19.4384,19.4384,19.4384,19.4384,120
1466688600,2016-06-23 09:30,19.47,19.68,19.47,19.62,6760
1466775000,2016-06-24 09:30,19.21,19.21,18.95,18.96,13720
1467034200,2016-06-27 09:30,18.34,18.39,18.25,18.26,10387
1467120600,2016-06-28 09:30,18.6595,18.6978,18.6595,18.6978,636
1467207000,2016-06-29 09:30,19.1605,19.1605,19.1605,19.1605,120
1467293400,2016-06-30 09:30,19.17,19.29,19.17,19.29,529
1467379800,2016-07-01 09:30,19.4505,19.4505,19.4505,19.4505,110
1467725400,2016-07-05 09:30,19.21,19.3,19.21,19.2477,717
1467811800,2016-07-06 09:30,19.42,19.42,19.19,19.19,1350
1467898200,2016-07-07 09:30,19.62,19.62,19.62,19.62,106
1467984600,2016-07-08 09:30,20.0295,20.0295,20.0295,20.0295,170
1468243800,2016-07-11 09:30,20.18,20.2028,20.11,20.11,2160
1468330200,2016-07-12 09:30,20.4,20.46,20.4,20.46,700
1468416600,2016-07-13 09:30,20.62,20.62,20.48,20.48,500
1468503000,2016-07-14 09:30,20.285,20.285,20.285,20.285,100
1468589400,2016-07-15 09:30,20.28,20.2952,20.22,20.2952,1044
1468848600,2016-07-18 09:30,20.4722,20.4722,20.4722,20.4722,305
1468935000,2016-07-19 09:30,20.0896,20.0896,20.0896,20.0896,105
1469021400,2016-07-20 09:30,20.3001,20.416,20.3001,20.416,237
1469107800,2016-07-21 09:30,20.3447,20.38,20.3447,20.38,590
1469194200,2016-07-22 09:30,20.135,20.135,20.135,20.135,117
1469453400,2016-07-25 09:30,20.1,20.125,20.1,20.125,790
1469539800,2016-07-26 09:30,20.34,20.34,20.34,20.34,101
1469626200,2016-07-27 09:30,20.44,20.5168,20.44,20.5168,500
1469712600,2016-07-28 09:30,20.7,20.7,20.7,20.7,150
1469799000,2016-07-29 09:30,20.5858,20.59,20.5858,20.59,505
1470058200,2016-08-01 09:30,20.71,20.71,20.6314,20.6314,1247
1470144600,2016-08-02 09:30,20.154,20.2132,20.154,20.2132,675
1470231000,2016-08-03 09:30,20.43,20.43,20.43,20.43,102
1470317400,2016-08-04 09:30,20.7497,20.7497,20.6799,20.6799,200
1470403800,2016-08-05 09:30,20.832,20.832,20.832,20.832,100
1470663000,2016-08-08 09:30,20.9096,20.9096,20.9,20.9,705
1470749400,2016-08-09 09:30,20.8997,20.8997,20.8997,20.8997,113
1470835800,2016-08-10 09:30,20.9435,20.955,20.93,20.931,15334
1470922200,2016-08-11 09:30,21.105,21.105,21.105,21.105,100
1471008600,2016-08-12 09:30,21.1805,21.1805,21.1801,21.1801,386
1471354200,2016-08-16 09:30,21.42,21.42,21.3,21.33,2441
1471440600,2016-08-17 09:30,21.164,21.164,21.164,21.164,132
1471527000,2016-08-18 09:30,21.225,21.225,21.225,21.225,413
1471613400,2016-08-19 09:30,21.0804,21.0804,21.0804,21.0804,100
1471872600,2016-08-22 09:30,21.1201,21.1662,21.1201,21.1662,1226
1471959000,2016-08-23 09:30,21.3495,21.3495,21.2682,21.2682,2319
1472045400,2016-08-24 09:30,21.3699,21.3699,21.24,21.24,637
1472131800,2016-08-25 09:30,20.9699,20.9699,20.92,20.92,756
1472218200,2016-08-26 09:30,20.8895,20.8895,20.8895,20.8895,104
1472477400,2016-08-29 09:30,21.06,21.06,21.037,21.0392,353
1472563800,2016-08-30 09:30,20.835,20.835,20.835,20.835,180
1472650200,2016-08-31 09:30,20.87,20.87,20.6136,20.6136,206
1472736600,2016-09-01 09:30,20.4696,20.4696,20.4696,20.4696,101
1472823000,2016-09-02 09:30,20.63,20.6926,20.62,20.6926,1346
1473168600,2016-09-06 09:30,21.169,21.169,21.169,21.169,155
1473255000,2016-09-07 09:30,21.26,21.2765,21.26,21.2765,239
1473341400,2016-09-08 09:30,21.2733,21.28,21.27,21.2787,2700
1473427800,2016-09-09 09:30,20.97,20.98,20.97,20.98,1226
1473773400,2016-09-13 09:30,20.58,20.61,20.58,20.6068,692
1473859800,2016-09-14 09:30,20.72,20.72,20.72,20.72,167
1473946200,2016-09-15 09:30,20.96,21.2,20.96,21.2,259
1474291800,2016-09-19 09:30,21.3796,21.3796,21.3796,21.3796,101
1474378200,2016-09-20 09:30,21.45,21.45,21.45,21.45,1072
1474464600,2016-09-21 09:30,21.3641,21.3641,21.25,21.25,2150
1474551000,2016-09-22 09:30,21.75,21.85,21.75,21.85,1238
1474637400,2016-09-23 09:30,21.9099,21.9099,21.8589,21.8589,340
1474896600,2016-09-26 09:30,21.71,21.71,21.69,21.69,504
1474983000,2016-09-27 09:30,22,22.105,21.996,22.105,1779
1475069400,2016-09-28 09:30,22.0899,22.16,22.02,22.16,19034
1475155800,2016-09-29 09:30,22.0801,22.0957,21.93,21.96,3570
1475242200,2016-09-30 09:30,22.0106,22.1815,22.0106,22.18,788
1475501400,2016-10-03 09:30,22.2095,22.2095,22.2095,22.2095,334
1475587800,2016-10-04 09:30,22.32,22.32,22.08,22.08,5393
1475674200,2016-10-05 09:30,22.3299,22.4099,22.3187,22.3925,7924
1475760600,2016-10-06 09:30,22.24,22.24,21.82,21.82,550
1475847000,2016-10-07 09:30,21.7008,21.7008,21.7008,21.7008,228
1476106200,2016-10-10 09:30,21.8995,21.8995,21.8995,21.8995,101
1476192600,2016-10-11 09:30,21.1349,21.1349,21,21,1218
1476279000,2016-10-12 09:30,20.99,20.99,20.85,20.85,1852
1476365400,2016-10-13 09:30,20.5894,20.5894,20.5894,20.5894,106
1476451800,2016-10-14 09:30,20.54,20.54,20.379,20.38,1040
1476711000,2016-10-17 09:30,20.4,20.42,20.13,20.24,179864
1476797400,2016-10-18 09:30,20.54,20.5699,20.54,20.5699,941
1476883800,2016-10-19 09:30,20.66,20.66,20.6499,20.6499,656
1476970200,2016-10-20 09:30,20.67,20.67,20.57,20.57,352
1477056600,2016-10-21 09:30,20.42,20.53,20.42,20.53,999
1477315800,2016-10-24 09:30,20.6677,20.6677,20.6677,20.6677,403
1477402200,2016-10-25 09:30,20.81,20.81,20.385,20.43,3970
1477488600,2016-10-26 09:30,20.3296,20.3296,20.3296,20.3296,100
1477575000,2016-10-27 09:30,20.315,20.315,20.1656,20.1656,305
1477661400,2016-10-28 09:30,20.09,20.12,19.98,19.98,1037
1477920600,2016-10-31 09:30,19.98,20.007,19.89,19.9168,1630
1478007000,2016-11-01 09:30,20.06,20.06,19.6975,19.719,2580
1478093400,2016-11-02 09:30,19.5548,19.5548,19.32,19.3201,1002
1478179800,2016-11-03 09:30,19.23,19.23,19.2,19.2,2019
1478266200,2016-11-04 09:30,19.19,19.2539,19.19,19.2539,1660
1478529000,2016-11-07 09:30,19.49,19.8199,19.49,19.8199,1035
1478615400,2016-11-08 09:30,19.81,20.07,19.81,19.99,505
1478701800,2016-11-09 09:30,19.75,20.0447,19.75,20.0447,1876
1478788200,2016-11-10 09:30,20.55,20.65,20.174,20.4395,4578
1478874600,2016-11-11 09:30,20.3611,20.3611,20.3611,20.3611,551
1479133800,2016-11-14 09:30,20.68,20.68,20.658,20.6795,1362
1479220200,2016-11-15 09:30,20.5952,20.5952,20.5952,20.5952,504
1479393000,2016-11-17 09:30,20.5,20.7345,20.5,20.72,3325
1479479400,2016-11-18 09:30,20.6,20.6501,20.6,20.65,10072
1479738600,2016-11-21 09:30,20.82,20.88,20.82,20.88,6896
1479825000,2016-11-22 09:30,21.07,21.07,20.9311,20.9311,1084
1479911400,2016-11-23 09:30,20.83,20.83,20.83,20.83,230
1480084200,2016-11-25 09:30,20.85,20.96,20.84,20.95,2000
1480343400,2016-11-28 09:30,20.86,20.86,20.86,20.86,601
1480429800,2016-11-29 09:30,20.64,20.64,20.36,20.36,3849
1480516200,2016-11-30 09:30,20.3,20.35,20.11,20.11,2045
1480602600,2016-12-01 09:30,19.64,19.64,19.64,19.64,178
1480689000,2016-12-02 09:30,19.795,19.795,19.795,19.795,115
1480948200,2016-12-05 09:30,20.1601,20.21,20.1601,20.1978,4253
1481034600,2016-12-06 09:30,20.0869,20.2099,20.0799,20.175,4908
1481121000,2016-12-07 09:30,20.03,20.08,19.94,20.08,1087
1481207400,2016-12-08 09:30,20.2184,20.3256,20.2184,20.3256,1044
1481293800,2016-12-09 09:30,20.4299,20.4299,20.3999,20.3999,7220
1481553000,2016-12-12 09:30,20.43,20.43,20.399,20.399,1375
1481639400,2016-12-13 09:30,20.56,20.56,20.5344,20.55,3193
1481725800,2016-12-14 09:30,20.45,20.45,20.4107,20.4107,1723
1481812200,2016-12-15 09:30,20.7492,20.7813,20.7492,20.7813,646
1481898600,2016-12-16 09:30,20.9,20.99,20.7788,20.83,2813
1482157800,2016-12-19 09:30,20.83,20.9,20.83,20.89,921
1482244200,2016-12-20 09:30,20.8101,20.8275,20.8101,20.8275,992
1482330600,2016-12-21 09:30,20.66,20.66,20.5,20.5,773
1482417000,2016-12-22 09:30,20.4,20.4,20.22,20.22,1743
1482503400,2016-12-23 09:30,20.3267,20.3267,20.3101,20.3101,202
1482849000,2016-12-27 09:30,20.36,20.715,20.34,20.715,747
1482935400,2016-12-28 09:30,20.48,20.48,20.2895,20.2895,3395
1483021800,2016-12-29 09:30,20.19,20.19,20.19,20.19,379
1483108200,2016-12-30 09:30,20.0632,20.07,20.036,20.05,1031
1483453800,2017-01-03 09:30,20.4575,20.4575,20.435,20.4366,578
1483540200,2017-01-04 09:30,20.7548,21.36,20.7548,21.3599,904
1483626600,2017-01-05 09:30,21.1,21.15,21.05,21.15,37374
1483713000,2017-01-06 09:30,21.37,21.41,21.32,21.365,4365
1483972200,2017-01-09 09:30,21.5,21.68,21.5,21.645,25049
1484058600,2017-01-10 09:30,21.87,21.95,21.83,21.95,6550
1484145000,2017-01-11 09:30,21.9,21.95,21.6483,21.78,16929
1484231400,2017-01-12 09:30,21.55,21.83,21.46,21.83,1740
1484317800,2017-01-13 09:30,22.0108,22.0806,21.98,22.06,2122
1484663400,2017-01-17 09:30,21.74,21.7999,21.72,21.72,6003
1484749800,2017-01-18 09:30,21.87,21.87,21.6874,21.8,8408
1484836200,2017-01-19 09:30,21.95,21.965,21.76,21.83,4660
1484922600,2017-01-20 09:30,22.04,22.04,21.81,21.8485,13615
1485181800,2017-01-23 09:30,21.95,21.99,21.7606,21.8981,6645
1485268200,2017-01-24 09:30,21.8798,22.06,21.8632,22.06,3958
1485354600,2017-01-25 09:30,22.22,22.3,22.21,22.2446,4417
1485441000,2017-01-26 09:30,22.325,22.336,22.1,22.1099,5766
1485527400,2017-01-27 09:30,22.1499,22.18,22.085,22.1754,4881
1485786600,2017-01-30 09:30,22.27,22.27,21.83,22.0025,2194
1485873000,2017-01-31 09:30,22.05,22.13,22.05,22.0912,2222
1485959400,2017-02-01 09:30,22.41,22.41,22.2078,22.2736,2733
1486045800,2017-02-02 09:30,22.24,22.449,22.2,22.41,4872
1486132200,2017-02-03 09:30,22.29,22.38,22.28,22.38,8006
1486391400,2017-02-06 09:30,22.4,22.4,22.33,22.39,5488
1486477800,2017-02-07 09:30,22.47,22.5564,22.28,22.28,1429
1486564200,2017-02-08 09:30,22.4501,22.49,22.4501,22.49,376
1486650600,2017-02-09 09:30,22.82,22.9247,22.82,22.9247,722
1486737000,2017-02-10 09:30,22.99,23.02,22.94,22.97,4016
1486996200,2017-02-13 09:30,23.11,23.13,23,23.05,7008
1487082600,2017-02-14 09:30,23.13,23.22,23.1095,23.22,11567
1487169000,2017-02-15 09:30,23.15,23.17,23.085,23.1677,9357
1487255400,2017-02-16 09:30,23.09,23.09,22.929,22.98,2739
1487341800,2017-02-17 09:30,22.9725,23.15,22.9725,23.14,2750
1487687400,2017-02-21 09:30,23.27,23.34,23.2,23.2,2238
1487773800,2017-02-22 09:30,23.22,23.36,23.1725,23.1725,2406
1487860200,2017-02-23 09:30,23.31,23.43,22.88,22.97,5289
1487946600,2017-02-24 09:30,22.7,22.86,22.7,22.86,5732
1488205800,2017-02-27 09:30,22.9299,23.27,22.86,23.27,2719
1488292200,2017-02-28 09:30,23.4,23.4,23.0501,23.125,9739
1488378600,2017-03-01 09:30,23.2964,23.51,23.2964,23.495,2346
1488465000,2017-03-02 09:30,23.451,23.451,23.25,23.25,2236
1488551400,2017-03-03 09:30,23.25,23.25,23.1399,23.2,3012
1488810600,2017-03-06 09:30,23.19,23.2699,23.04,23.2699,2330
1488897000,2017-03-07 09:30,23.15,23.28,23.15,23.2447,1199
1488983400,2017-03-08 09:30,23.31,23.3199,23.202,23.2387,4260
1489069800,2017-03-09 09:30,23.22,23.22,22.9945,22.9945,1283
1489156200,2017-03-10 09:30,23.19,23.21,23.17,23.21,837
1489411800,2017-03-13 09:30,23.32,23.43,23.3175,23.43,3547
1489498200,2017-03-14 09:30,23.32,23.38,23.21,23.38,5110
1489584600,2017-03-15 09:30,23.38,23.6,23.38,23.595,2168
1489671000,2017-03-16 09:30,23.7454,23.78,23.68,23.72,1658
1489757400,2017-03-17 09:30,23.7,23.8099,23.7,23.713,2178
1490016600,2017-03-20 09:30,23.63,23.71,23.63,23.7,4217
1490103000,2017-03-21 09:30,23.79,23.79,23.039,23.039,10577
1490189400,2017-03-22 09:30,23,23.0196,22.87,23.0196,5247
1490275800,2017-03-23 09:30,22.93,23.17,22.93,23.0251,1760
1490362200,2017-03-24 09:30,23.1999,23.1999,23.16,23.16,998
1490621400,2017-03-27 09:30,23.11,23.4301,23.11,23.4301,5372
1490707800,2017-03-28 09:30,23.56,23.595,23.56,23.595,1222
1490794200,2017-03-29 09:30,23.68,23.84,23.59,23.79,9592
1490880600,2017-03-30 09:30,23.94,23.94,23.769,23.85,2564
1490967000,2017-03-31 09:30,23.91,23.9822,23.83,23.96,3478
1491226200,2017-04-03 09:30,24.11,24.13,23.95,24.03,6470
1491312600,2017-04-04 09:30,23.93,23.93,23.93,23.93,937
1491399000,2017-04-05 09:30,23.96,24.02,23.655,23.655,5546
1491485400,2017-04-06 09:30,23.81,23.83,23.63,23.766,6382
1491571800,2017-04-07 09:30,23.76,23.9499,23.76,23.9436,6417
1491831000,2017-04-10 09:30,24.2175,24.23,24.087,24.087,4514
1491917400,2017-04-11 09:30,24.03,24.05,23.8143,24.0274,8840
1492003800,2017-04-12 09:30,24.0699,24.07,23.8157,23.8157,2532
1492090200,2017-04-13 09:30,23.85,23.8799,23.749,23.8498,5376
1492435800,2017-04-17 09:30,23.87,24.0108,23.7653,23.9864,5996
1492522200,2017-04-18 09:30,24.14,24.16,24.08,24.16,12263
1492608600,2017-04-19 09:30,24.39,24.4,24.265,24.3,15871
1492695000,2017-04-20 09:30,24.43,24.58,24.37,24.55,11667
1492781400,2017-04-21 09:30,24.59,24.59,24.32,24.34,5403
1493040600,2017-04-24 09:30,25,25,24.53,24.68,9980
1493127000,2017-04-25 09:30,24.9099,25.06,24.841,25.02,17485
1493213400,2017-04-26 09:30,25.11,25.38,25.0524,25.33,14331
1493299800,2017-04-27 09:30,25.44,25.64,25.44,25.58,33396
1493386200,2017-04-28 09:30,25.65,25.65,25.1022,25.17,13883
1493645400,2017-05-01 09:30,25.48,25.71,25.3504,25.71,36792
1493731800,2017-05-02 09:30,25.75,25.75,25.57,25.68,21747
1493818200,2017-05-03 09:30,25.6348,25.6348,25.45,25.59,8209
1493904600,2017-05-04 09:30,25.74,25.74,25.4019,25.5,13293
1493991000,2017-05-05 09:30,25.6244,25.76,25.5,25.76,13150
1494250200,2017-05-08 09:30,25.9,25.9,25.61,25.69,18562
1494336600,2017-05-09 09:30,25.87,26.27,25.87,26.27,34863
1494423000,2017-05-10 09:30,26.34,26.5498,26.32,26.519,21704
1494509400,2017-05-11 09:30,26.5,26.67,26.298,26.5685,36655
1494595800,2017-05-12 09:30,26.57,26.789,26.4,26.711,30028
1494855000,2017-05-15 09:30,26.88,27.005,26.64,26.95,48623
1494941400,2017-05-16 09:30,26.99,27.0748,26.76,27.0748,27172
1495027800,2017-05-17 09:30,26.98,26.98,26.0801,26.12,48492
1495114200,2017-05-18 09:30,26.21,26.92,26.21,26.88,37873
1495200600,2017-05-19 09:30,27.04,27.2128,26.9,26.93,54295
1495459800,2017-05-22 09:30,27.13,27.36,27.1,27.35,88194
1495546200,2017-05-23 09:30,27.53,27.53,27.1872,27.44,36913
1495632600,2017-05-24 09:30,27.55,28.26,27.55,28.26,98960
1495719000,2017-05-25 09:30,28.72,29.08,28.13,28.61,117340
1495805400,2017-05-26 09:30,28.67,28.67,28.05,28.25,105454
1496151000,2017-05-30 09:30,28.33,28.33,28.03,28.14,80541
1496237400,2017-05-31 09:30,28.29,28.37,27.84,28.35,127915
1496323800,2017-06-01 09:30,28.48,28.969,28.48,28.96,105052
1496410200,2017-06-02 09:30,29.21,29.21,28.8,29.16,68265
1496669400,2017-06-05 09:30,29.36,29.36,29.1,29.21,52133
1496755800,2017-06-06 09:30,29.14,29.53,29.06,29.41,127147
1496842200,2017-06-07 09:30,29.58,29.58,29.2873,29.4543,40707
1496928600,2017-06-08 09:30,29.59,29.8,29.43,29.75,63714
1497015000,2017-06-09 09:30,29.92,29.94,28.38,28.826,126714
1497274200,2017-06-12 09:30,28.57,28.57,27.89,28.27,74412
1497360600,2017-06-13 09:30,28.37,28.76,28.37,28.71,59171
1497447000,2017-06-14 09:30,28.99,28.99,28.21,28.46,46532
1497533400,2017-06-15 09:30,28.04,28.3929,27.7,28.36,51844
1497619800,2017-06-16 09:30,28.3,28.649,28.3,28.5291,23624
1497879000,2017-06-19 09:30,28.83,29.34,28.83,29.32,56050
1497965400,2017-06-20 09:30,29.44,29.66,29.2828,29.35,85643
1498051800,2017-06-21 09:30,29.41,29.78,29.41,29.77,65994
1498138200,2017-06-22 09:30,29.8,30.288,29.8,30.05,163855
1498224600,2017-06-23 09:30,30.05,30.32,29.871,30.3,92830
1498483800,2017-06-26 09:30,30.57,30.9999,29.64,29.85,108522
1498570200,2017-06-27 09:30,29.81,29.84,29.16,29.2062,94667
1498656600,2017-06-28 09:30,29.34,29.81,29.22,29.7864,89298
1498743000,2017-06-29 09:30,29.75,29.75,28.8449,29.2268,68774
1498829400,2017-06-30 09:30,29.26,29.26,28.91,28.95,123057
1499088600,2017-07-03 09:30,29.16,29.1787,28.72,28.8,32658
1499261400,2017-07-05 09:30,28.84,29.05,28.6785,28.99,46324
1499347800,2017-07-06 09:30,28.8,28.8,28.3487,28.4,52579
1499434200,2017-07-07 09:30,28.5,28.75,28.465,28.58,105094
1499693400,2017-07-10 09:30,28.71,28.959,28.336,28.54,57473
1499779800,2017-07-11 09:30,28.6,28.9,28.57,28.9,34109
1499866200,2017-07-12 09:30,29.16,29.42,29.1134,29.39,49938
1499952600,2017-07-13 09:30,29.44,29.5,29.0616,29.26,58280
1500039000,2017-07-14 09:30,29.47,29.47,29.2087,29.315,30498
1500298200,2017-07-17 09:30,29.38,29.38,29.023,29.11,44671
1500384600,2017-07-18 09:30,29.05,29.43,29.05,29.43,46824
1500471000,2017-07-19 09:30,29.49,29.67,29.4086,29.47,189779
1500557400,2017-07-20 09:30,29.45,29.76,29.45,29.73,47277
1500643800,2017-07-21 09:30,29.71,30.02,29.71,29.95,77086
1500903000,2017-07-24 09:30,29.86,30.38,29.86,30.38,83919
1500989400,2017-07-25 09:30,30.5,30.51,30.12,30.3,97985
1501075800,2017-07-26 09:30,30.46,30.46,30.1847,30.29,105769
1501162200,2017-07-27 09:30,30.42,30.42,29.44,29.83,86460
1501248600,2017-07-28 09:30,29.58,30.08,29.58,29.97,40763
1501507800,2017-07-31 09:30,30.16,30.16,29.54,29.6222,31093
1501594200,2017-08-01 09:30,29.83,29.83,29.51,29.7,28552
1501680600,2017-08-02 09:30,29.7,29.8826,29.2775,29.8116,27188
1501767000,2017-08-03 09:30,29.99,30.12,29.8,30.0349,31953
1501853400,2017-08-04 09:30,30.18,30.43,30.1799,30.4,68586
1502112600,2017-08-07 09:30,30.4,30.98,30.4,30.97,96352
1502199000,2017-08-08 09:30,31,31.23,30.789,30.92,80648
1502285400,2017-08-09 09:30,30.65,30.73,30.44,30.64,90093
1502371800,2017-08-10 09:30,30.64,30.7,30.0864,30.09,45280
1502458200,2017-08-11 09:30,30.05,30.77,30,30.75,51974
1502717400,2017-08-14 09:30,31.26,31.9105,31.26,31.75,277971
1502803800,2017-08-15 09:30,32.06,32.08,31.07,31.28,72800
1502890200,2017-08-16 09:30,31.27,31.7949,31.27,31.53,56227
1502976600,2017-08-17 09:30,31.5,31.72,30.9465,30.97,66265
1503063000,2017-08-18 09:30,31.07,31.07,30.6905,30.75,34638
1503322200,2017-08-21 09:30,30.94,30.94,30.47,30.75,66784
1503408600,2017-08-22 09:30,30.87,31.34,30.87,31.32,58205
1503495000,2017-08-23 09:30,31.3,31.55,31.1499,31.49,74232
1503581400,2017-08-24 09:30,31.67,31.81,31.4463,31.74,68511
1503667800,2017-08-25 09:30,32.09,32.09,31.6352,31.6574,46890
1503927000,2017-08-28 09:30,32.16,32.33,32.003,32.31,72806
1504013400,2017-08-29 09:30,32.09,32.909,32.05,32.8,147394
1504099800,2017-08-30 09:30,32.96,33.49,32.88,33.42,141247
1504186200,2017-08-31 09:30,33.9,34.32,33.88,34.1415,248714
1504272600,2017-09-01 09:30,34.37,34.37,33.34,33.64,216505
1504618200,2017-09-05 09:30,33.51,33.5545,32.95,33.43,113460
1504704600,2017-09-06 09:30,33.63,33.73,33.29,33.64,85208
1504791000,2017-09-07 09:30,33.88,34.01,33.65,33.75,79247
1504877400,2017-09-08 09:30,33.8,33.8,33.16,33.27,64046
1505136600,2017-09-11 09:30,33.39,33.79,33.3017,33.72,110835
1505223000,2017-09-12 09:30,33.95,34.05,33.61,33.8698,109365
1505309400,2017-09-13 09:30,33.82,33.86,33.51,33.72,121270
1505395800,2017-09-14 09:30,33.58,33.8026,33.3,33.55,70407
1505482200,2017-09-15 09:30,33.54,34.02,33.4507,33.95,126176
1505741400,2017-09-18 09:30,34.14,34.56,34.14,34.36,220647
1505827800,2017-09-19 09:30,34.48,34.48,34.0701,34.21,113518
1505914200,2017-09-20 09:30,34.31,34.35,34.01,34.3,106848
1506000600,2017-09-21 09:30,34.25,34.3,33.9,33.97,80610
1506087000,2017-09-22 09:30,33.98,34.03,33.85,33.9,89349
1506346200,2017-09-25 09:30,33.96,34.08,33.3524,33.38,95021
1506432600,2017-09-26 09:30,33.59,33.8159,33.24,33.25,49908
1506519000,2017-09-27 09:30,33.49,33.95,33.4396,33.83,106696
1506605400,2017-09-28 09:30,33.86,34.28,33.7507,34.12,117204
1506691800,2017-09-29 09:30,34.14,34.34,34.1,34.2878,101059
1506951000,2017-10-02 09:30,34.44,34.525,34.225,34.47,100458
1507037400,2017-10-03 09:30,34.6,34.9,34.3,34.8,112077
1507123800,2017-10-04 09:30,34.91,35,34.641,34.66,98324
1507210200,2017-10-05 09:30,34.94,35.13,34.68,35.12,113046
1507296600,2017-10-06 09:30,35.12,35.19,34.89,35.02,113987
1507555800,2017-10-09 09:30,35.29,35.29,34.9,34.9466,80035
1507642200,2017-10-10 09:30,35.24,35.24,34.54,34.79,103868
1507728600,2017-10-11 09:30,34.86,34.9,34.6895,34.81,93069
1507815000,2017-10-12 09:30,34.91,35.05,34.7897,34.92,167089
1507901400,2017-10-13 09:30,35.14,35.14,34.65,34.785,82735
1508160600,2017-10-16 09:30,34.88,35,34.59,34.6896,79819
1508247000,2017-10-17 09:30,34.67,34.84,34.556,34.73,97368
1508333400,2017-10-18 09:30,34.85,34.85,34.5001,34.69,85159
1508419800,2017-10-19 09:30,34.54,34.54,34.131,34.36,95359
1508506200,2017-10-20 09:30,34.64,34.989,34.6229,34.84,76095
1508765400,2017-10-23 09:30,35.02,35.0799,34.4406,34.52,156321
1508851800,2017-10-24 09:30,34.63,34.63,34.27,34.36,98906
1508938200,2017-10-25 09:30,34.37,34.3813,33.57,33.73,157323
1509024600,2017-10-26 09:30,34.15,34.3,33.91,34.21,124799
1509111000,2017-10-27 09:30,34.34,34.85,34.34,34.85,152451
1509370200,2017-10-30 09:30,34.92,35.24,34.79,35.04,251616
1509456600,2017-10-31 09:30,35.05,35.64,35.05,35.51,234807
1509543000,2017-11-01 09:30,35.76,35.82,34.93,34.96,147193
1509629400,2017-11-02 09:30,34.9,34.96,34.61,34.83,120510
1509715800,2017-11-03 09:30,34.9,35.419,34.83,35.3,194193
1509978600,2017-11-06 09:30,35.37,35.3847,35.02,35.24,160875
1510065000,2017-11-07 09:30,35.3,35.3,34.8301,34.89,145326
1510151400,2017-11-08 09:30,34.82,34.9811,34.6101,34.93,121969
1510237800,2017-11-09 09:30,34.64,34.79,34.2,34.66,160757
1510324200,2017-11-10 09:30,34.56,34.7977,34.2866,34.7,98430
1510583400,2017-11-13 09:30,34.66,34.9668,34.48,34.85,97613
1510669800,2017-11-14 09:30,34.72,35.14,34.26,34.51,160991
1510756200,2017-11-15 09:30,34.35,34.6413,33.98,34.6,196349
1510842600,2017-11-16 09:30,34.96,35.46,34.86,35.3,124900
1510929000,2017-11-17 09:30,35.47,35.64,35.32,35.48,174661
1511188200,2017-11-20 09:30,35.71,35.85,35.6,35.84,213549
1511274600,2017-11-21 09:30,36.13,36.52,36.08,36.44,193552
1511361000,2017-11-22 09:30,36.57,36.78,36.44,36.76,277414
1511533800,2017-11-24 09:30,36.93,37.03,36.797,36.94,229095
1511793000,2017-11-27 09:30,37.14,37.41,37.01,37.26,301436
1511879400,2017-11-28 09:30,37.45,37.75,37.34,37.67,433752
1511965800,2017-11-29 09:30,37.94,38.2,36.51,36.98,354709
1512052200,2017-11-30 09:30,37.08,37.3799,36.6902,37.2,249759
1512138600,2017-12-01 09:30,37.25,37.65,36.5,37.4,267245
1512397800,2017-12-04 09:30,38.04,38.09,36.621,36.74,305549
1512484200,2017-12-05 09:30,36.75,37.235,36.34,36.35,163128
1512570600,2017-12-06 09:30,36.51,36.6,36.06,36.52,230831
1512657000,2017-12-07 09:30,36.77,37.2,36.6516,37.06,464001
1512743400,2017-12-08 09:30,37.27,37.35,36.71,36.74,284353
1513002600,2017-12-11 09:30,37.03,37.26,36.88,36.99,321884
1513089000,2017-12-12 09:30,37.22,37.78,37.0511,37.54,458062
1513175400,2017-12-13 09:30,37.69,37.8889,37.1264,37.6,380138
1513261800,2017-12-14 09:30,37.82,37.989,37.465,37.57,233843
1513348200,2017-12-15 09:30,37.99,38.53,37.7163,38.45,392741
1513607400,2017-12-18 09:30,39.15,39.956,39.08,39.94,924574
1513693800,2017-12-19 09:30,39.79,39.82,38.6759,39.09,614525
1513780200,2017-12-20 09:30,39.29,39.29,38,38.33,449204
1513866600,2017-12-21 09:30,38.4,38.4,37.65,37.75,370765
1513953000,2017-12-22 09:30,37.38,37.75,36.6413,37.75,340186
1514298600,2017-12-26 09:30,37.9,38.329,37.88,38.26,190291
1514385000,2017-12-27 09:30,37.94,37.9699,37.26,37.55,222567
1514471400,2017-12-28 09:30,37.37,37.5198,37.27,37.44,219618
1514557800,2017-12-29 09:30,37.55,37.64,37.07,37.08,217175
1514903400,2018-01-02 09:30,37.34,38.59,37.2472,38.58,420381
1514989800,2018-01-03 09:30,38.95,39.0531,38.73,38.74,667492
1515076200,2018-01-04 09:30,39.1,39.19,38.48,38.87,358595
1515162600,2018-01-05 09:30,39.26,39.5,39.07,39.5,361640
1515421800,2018-01-08 09:30,39.01,39.23,38.32,39.23,421467
1515508200,2018-01-09 09:30,39.25,39.45,39.01,39.31,246795
1515594600,2018-01-10 09:30,39.11,39.41,38.65,39.41,214928
1515681000,2018-01-11 09:30,39.5,39.72,39.3348,39.51,295812
1515767400,2018-01-12 09:30,39.84,39.989,39.6,39.71,347535
1516113000,2018-01-16 09:30,40,40.1097,38.56,38.82,452679
1516199400,2018-01-17 09:30,39.64,39.8,39.331,39.73,260869
1516285800,2018-01-18 09:30,39.8,39.9614,39.4461,39.87,257186
1516372200,2018-01-19 09:30,40.05,40.05,39.7,39.94,293651
1516631400,2018-01-22 09:30,40.3,41.05,40.25,41.05,819093
1516717800,2018-01-23 09:30,41.31,41.6,41.05,41.57,628262
1516804200,2018-01-24 09:30,41.94,42,40.93,41.32,655598
1516890600,2018-01-25 09:30,41.66,41.66,41.02,41.29,312134
1516977000,2018-01-26 09:30,41.4,42.07,41.3,42.05,440195
1517236200,2018-01-29 09:30,42.05,42.549,41.81,42.33,409970
1517322600,2018-01-30 09:30,41.9,42.05,41.25,41.6,399635
1517409000,2018-01-31 09:30,41.9,41.9256,40.931,41.24,467020
1517495400,2018-02-01 09:30,40.69,41.235,40.2,40.75,331286
1517581800,2018-02-02 09:30,40.64,40.8,39.68,39.8,534774
1517841000,2018-02-05 09:30,39.09,39.9296,38.1,38.39,959932
1517927400,2018-02-06 09:30,37.49,39.37,36.36,39.29,821333
1518013800,2018-02-07 09:30,39.38,40.29,39.25,39.84,405392
1518100200,2018-02-08 09:30,40.59,40.6,38.1,38.1,392634
1518186600,2018-02-09 09:30,38.45,38.66,36.55,38.37,607884
1518445800,2018-02-12 09:30,39.16,39.2233,38.011,38.82,506260
1518532200,2018-02-13 09:30,38.6,39.33,38.53,39.2715,258715
1518618600,2018-02-14 09:30,39.06,40.389,39.04,40.28,454973
1518705000,2018-02-15 09:30,40.85,41.1269,40.3,41.09,486400
1518791400,2018-02-16 09:30,41.1,41.45,40.91,41.06,287426
1519137000,2018-02-20 09:30,40.75,41.4636,40.5,41.02,337027
1519223400,2018-02-21 09:30,41.29,42.05,41.0309,41.07,348390
1519309800,2018-02-22 09:30,41.42,41.46,40.851,40.99,599817
1519396200,2018-02-23 09:30,41.41,41.5599,40.891,41.51,282483
1519655400,2018-02-26 09:30,41.83,42.4628,41.68,42.36,439711
1519741800,2018-02-27 09:30,42.4,42.54,41.671,41.69,257513
1519828200,2018-02-28 09:30,41.77,41.86,40.91,40.91,303695
1519914600,2018-03-01 09:30,41,41.2505,40.191,40.77,389351
1520001000,2018-03-02 09:30,39.95,41.799,39.91,41.71,358160
1520260200,2018-03-05 09:30,41.61,42.72,41.4476,42.56,420983
1520346600,2018-03-06 09:30,42.95,43.05,42.5163,42.96,537299
1520433000,2018-03-07 09:30,42.61,43.66,42.61,43.61,492730
1520519400,2018-03-08 09:30,43.92,44.0919,43.61,44,526714
1520605800,2018-03-09 09:30,44.53,44.95,44.2,44.89,666079
1520861400,2018-03-12 09:30,45.19,45.29,44.8,44.98,645689
1520947800,2018-03-13 09:30,45.23,45.35,44.2186,44.44,524048
1521034200,2018-03-14 09:30,44.69,44.799,43.8,44.13,366006
1521120600,2018-03-15 09:30,44.32,44.49,43.45,43.63,295283
1521207000,2018-03-16 09:30,43.7,43.7852,43.4,43.42,266616
1521466200,2018-03-19 09:30,43,43.28,42.11,42.6,475288
1521552600,2018-03-20 09:30,42.94,42.949,42.4601,42.68,209514
1521639000,2018-03-21 09:30,42.75,43.055,42.47,42.67,252458
1521725400,2018-03-22 09:30,42.02,42.49,41.46,41.46,319746
1521811800,2018-03-23 09:30,41.4,41.765,40.571,40.65,420144
1522071000,2018-03-26 09:30,41.41,41.72,40.38,41.51,312223
1522157400,2018-03-27 09:30,41.86,41.9,39.2,39.39,615539
1522243800,2018-03-28 09:30,39.08,39.26,37.9301,38.39,654261
1522330200,2018-03-29 09:30,38.69,39.3867,38.14,39.07,353897
1522675800,2018-04-02 09:30,38.73,38.989,37.4,37.81,593598
1522762200,2018-04-03 09:30,38.41,38.585,37.62,38.35,332254
1522848600,2018-04-04 09:30,37.31,39.3399,37.2,39.27,261797
1522935000,2018-04-05 09:30,39.98,39.98,39.0438,39.53,323875
1523021400,2018-04-06 09:30,39.16,39.5858,38.16,38.44,235280
1523280600,2018-04-09 09:30,38.91,39.5762,38.68,38.68,187280
1523367000,2018-04-10 09:30,39.42,40.135,39.22,39.92,350049
1523453400,2018-04-11 09:30,39.79,40.71,39.6,40.09,192001
1523539800,2018-04-12 09:30,40.56,40.79,40.3,40.52,257293
1523626200,2018-04-13 09:30,40.87,40.97,39.92,40.24,232906
1523885400,2018-04-16 09:30,40.54,40.55,40.0234,40.22,188263
1523971800,2018-04-17 09:30,40.62,41.47,40.48,41.38,252341
1524058200,2018-04-18 09:30,41.6,41.8639,41.38,41.66,313880
1524144600,2018-04-19 09:30,41.6,41.72,41,41.23,252363
1524231000,2018-04-20 09:30,41.14,41.25,40.67,40.87,183512
1524490200,2018-04-23 09:30,41.1,41.12,39.791,40.2,241500
1524576600,2018-04-24 09:30,40.3,40.72,39.1598,39.63,285952
1524663000,2018-04-25 09:30,39.55,39.69,38.44,38.86,304124
1524749400,2018-04-26 09:30,39.3,39.59,38.84,39.54,170801
1524835800,2018-04-27 09:30,39.89,40,38.93,39.38,126197
1525095000,2018-04-30 09:30,39.31,39.88,38.9628,39.09,198768
1525181400,2018-05-01 09:30,39.03,39.6299,38.95,39.57,120835
1525267800,2018-05-02 09:30,39.49,39.9558,39.14,39.55,162906
1525354200,2018-05-03 09:30,39.27,39.449,38.57,39.29,216362
1525440600,2018-05-04 09:30,38.96,40.109,38.92,39.91,117183
1525699800,2018-05-07 09:30,40.19,41.119,40.19,40.95,246449
1525786200,2018-05-08 09:30,40.84,41.29,40.7,41.29,220745
1525872600,2018-05-09 09:30,41.43,42.38,41.36,42.34,277961
1525959000,2018-05-10 09:30,42.59,43.0248,42.4998,42.67,283139
1526045400,2018-05-11 09:30,42.63,42.9,42.43,42.8772,214916
1526304600,2018-05-14 09:30,42.99,43.6,42.791,42.95,262637
1526391000,2018-05-15 09:30,42.65,42.81,42.32,42.73,264834
1526477400,2018-05-16 09:30,42.67,43.258,42.5596,43.0695,205416
1526563800,2018-05-17 09:30,42.97,43.46,42.801,43.13,276574
1526650200,2018-05-18 09:30,43.07,43.14,42.57,42.62,225874
1526909400,2018-05-21 09:30,43,43.18,42.48,42.74,298230
1526995800,2018-05-22 09:30,43,43.09,42.7,42.87,242060
1527082200,2018-05-23 09:30,42.65,43.34,42.5,43.34,407918
1527168600,2018-05-24 09:30,43.28,43.5,42.99,43.25,275457
1527255000,2018-05-25 09:30,43.25,43.408,43.09,43.19,183974
1527600600,2018-05-29 09:30,43,43.31,42.5935,43.07,197709
1527687000,2018-05-30 09:30,43.19,43.75,43.19,43.67,387594
1527773400,2018-05-31 09:30,43.53,43.939,43.12,43.48,249571
1527859800,2018-06-01 09:30,43.84,44.06,43.57,43.77,304764
1528119000,2018-06-04 09:30,44.02,44.55,43.72,44.51,473520
1528205400,2018-06-05 09:30,44.68,45.15,44.65,45.09,274846
1528291800,2018-06-06 09:30,45.26,45.919,45.26,45.87,492885
1528378200,2018-06-07 09:30,46.02,46.18,45.09,45.43,444840
1528464600,2018-06-08 09:30,45.19,45.77,45.107,45.7,247807
1528723800,2018-06-11 09:30,45.84,46.31,45.52,45.78,374439
1528810200,2018-06-12 09:30,46.05,46.618,46.05,46.17,434634
1528896600,2018-06-13 09:30,46.32,46.8,46.17,46.4,436464
1528983000,2018-06-14 09:30,46.71,47.2768,46.575,47.27,510739
1529069400,2018-06-15 09:30,47.05,47.329,46.75,47.28,321619
1529328600,2018-06-18 09:30,46.91,47.85,46.85,47.85,438710
1529415000,2018-06-19 09:30,47.23,47.4765,46.3,47.42,749680
1529501400,2018-06-20 09:30,47.83,48.4199,47.81,48.37,590372
1529587800,2018-06-21 09:30,48.37,48.57,47.06,47.22,697633
1529674200,2018-06-22 09:30,47.45,47.45,46.47,46.61,430986
1529933400,2018-06-25 09:30,46.22,46.38,45,45.29,677011
1530019800,2018-06-26 09:30,45.51,45.95,45.0459,45.77,519564
1530106200,2018-06-27 09:30,46.02,46.18,44.45,44.45,560676
1530192600,2018-06-28 09:30,44.45,45.049,44.05,44.97,255058
1530279000,2018-06-29 09:30,45.3,45.3962,44.97,44.98,317338
1530538200,2018-07-02 09:30,44.78,45.6,44.57,45.6,279321
1530624600,2018-07-03 09:30,45.84,45.899,45.14,45.15,139980
1530797400,2018-07-05 09:30,45.53,45.78,45,45.77,235043
1530883800,2018-07-06 09:30,45.85,46.79,45.69,46.7,302263
1531143000,2018-07-09 09:30,47.25,47.3,46.54,47.17,566047
1531229400,2018-07-10 09:30,47.35,47.3628,46.7,46.96,371450
1531315800,2018-07-11 09:30,46.43,47,46.05,46.92,213129
1531402200,2018-07-12 09:30,47.27,47.76,47.12,47.75,321535
1531488600,2018-07-13 09:30,47.83,47.95,47.255,47.74,327732
1531747800,2018-07-16 09:30,47.75,47.75,46.81,46.94,293251
1531834200,2018-07-17 09:30,46.63,47.6,46.3344,47.45,247579
1531920600,2018-07-18 09:30,47.51,47.51,46.7877,47.31,231556
1532007000,2018-07-19 09:30,47.18,47.639,46.92,47.53,350910
1532093400,2018-07-20 09:30,47.56,47.69,47.27,47.27,196413
1532352600,2018-07-23 09:30,47.15,47.37,46.61,47.11,211008
1532439000,2018-07-24 09:30,47.51,47.62,45.57,45.88,501862
1532525400,2018-07-25 09:30,45.85,46.86,45.85,46.86,345840
1532611800,2018-07-26 09:30,46.54,46.89,46.13,46.5,257876
1532698200,2018-07-27 09:30,46.49,46.49,44.36,44.72,504933
1532957400,2018-07-30 09:30,44.73,44.73,43.51,43.6,507318
1533043800,2018-07-31 09:30,43.93,44.78,43.5815,44.55,212467
1533130200,2018-08-01 09:30,44.65,45.14,44.35,44.73,276420
1533216600,2018-08-02 09:30,44.77,45.94,44.63,45.87,500672
1533303000,2018-08-03 09:30,46.07,46.13,45.449,45.47,250488
1533562200,2018-08-06 09:30,45.57,46.02,45.41,45.94,320922
1533648600,2018-08-07 09:30,46.1,46.69,45.899,46.6,774619
1533735000,2018-08-08 09:30,46.87,46.91,46.52,46.65,333245
1533821400,2018-08-09 09:30,46.65,47.35,46.46,46.82,200895
1533907800,2018-08-10 09:30,46.36,47.01,45.61,46.93,249347
1534167000,2018-08-13 09:30,47.04,47.099,46.44,46.61,212688
1534253400,2018-08-14 09:30,46.85,47.033,46.5,46.88,253293
1534339800,2018-08-15 09:30,46.29,46.55,45.48,45.92,354518
1534426200,2018-08-16 09:30,46.12,46.73,46.11,46.4,220204
1534512600,2018-08-17 09:30,46.25,46.25,45.38,45.83,291445
1534771800,2018-08-20 09:30,45.75,46.4,45.451,46.38,167609
1534858200,2018-08-21 09:30,46.43,47.5,46.43,47.37,358747
1534944600,2018-08-22 09:30,47.16,47.6267,47.1408,47.41,231795
1535031000,2018-08-23 09:30,47.57,47.8699,47.1357,47.34,242189
1535117400,2018-08-24 09:30,47.56,48.13,47.56,48.06,336434
1535376600,2018-08-27 09:30,48.39,48.88,48.13,48.88,367509
1535463000,2018-08-28 09:30,49,49.13,48.6456,48.99,233708
1535549400,2018-08-29 09:30,49.13,49.772,48.83,49.63,435842
1535635800,2018-08-30 09:30,49.46,49.83,49.17,49.6,235994
1535722200,2018-08-31 09:30,49.48,49.87,49.47,49.7,322846
1536067800,2018-09-04 09:30,49.43,49.5,48.7,49.17,317627
1536154200,2018-09-05 09:30,49.01,49.01,47.55,47.99,474225
1536240600,2018-09-06 09:30,48.17,48.25,46.88,47.04,443375
1536327000,2018-09-07 09:30,46.6,47.35,46.18,46.73,410459
1536586200,2018-09-10 09:30,47,47.01,46.4,46.86,227761
1536672600,2018-09-11 09:30,46.57,47.48,46.4,47.43,200586
1536759000,2018-09-12 09:30,47.41,47.659,46.7098,47.58,230087
1536845400,2018-09-13 09:30,47.99,48.429,47.6886,47.94,271026
1536931800,2018-09-14 09:30,48.05,48.6,47.83,48.24,258900
1537191000,2018-09-17 09:30,48.09,48.34,47.25,47.28,327880
1537277400,2018-09-18 09:30,47.35,48.313,47.35,48.14,297383
1537363800,2018-09-19 09:30,48.12,48.3,47.7386,48.11,214064
1537450200,2018-09-20 09:30,48.3,48.6539,47.93,48.33,224638
1537536600,2018-09-21 09:30,48.7,48.7,47.1301,47.16,305970
1537795800,2018-09-24 09:30,46.75,47.36,46.571,47.33,204744
1537882200,2018-09-25 09:30,47.47,47.8699,47.37,47.77,196258
1537968600,2018-09-26 09:30,47.96,48.3,47.74,47.81,190986
1538055000,2018-09-27 09:30,48.12,48.33,47.9697,48.21,216246
1538141400,2018-09-28 09:30,47.43,47.7949,47.22,47.34,278251
1538400600,2018-10-01 09:30,48.35,48.48,47.25,47.41,252576
1538487000,2018-10-02 09:30,47.45,47.4686,45.95,46.19,762887
1538573400,2018-10-03 09:30,46.53,46.6,45.96,46.28,295890
1538659800,2018-10-04 09:30,46.26,46.26,44.45,44.83,399794
1538746200,2018-10-05 09:30,44.69,45.06,43.1695,43.98,459829
1539005400,2018-10-08 09:30,43.76,44.0779,42.55,43.16,534172
1539091800,2018-10-09 09:30,43.1,43.82,43.04,43.36,640827
1539178200,2018-10-10 09:30,43.06,43.25,41.06,41.1,775294
1539264600,2018-10-11 09:30,41.06,41.75,40.33,40.7,1027176
1539351000,2018-10-12 09:30,42.14,42.27,41.11,42.02,391741
1539610200,2018-10-15 09:30,41.78,42.02,41.0501,41.64,194367
1539696600,2018-10-16 09:30,42.15,43.74,41.95,43.63,372376
1539783000,2018-10-17 09:30,43.89,44,42.7,43.37,296517
1539869400,2018-10-18 09:30,43.13,43.14,41.8,42.1,254587
1539955800,2018-10-19 09:30,42.31,42.8199,41.2189,41.32,251395
1540215000,2018-10-22 09:30,41.62,41.8389,40.83,41.44,216002
1540301400,2018-10-23 09:30,40.48,42.1082,40.19,41.76,406874
1540387800,2018-10-24 09:30,41.89,42,39.39,39.39,304639
1540474200,2018-10-25 09:30,40.53,41.67,40.35,41.23,484468
1540560600,2018-10-26 09:30,39.98,41.76,39.86,40.9,327703
1540819800,2018-10-29 09:30,41.97,42.19,39.75,40.49,254540
1540906200,2018-10-30 09:30,40.19,41.6299,40.092,41.52,507419
1540992600,2018-10-31 09:30,42.28,43.1513,42.28,42.58,327559
1541079000,2018-11-01 09:30,43.18,44.8,43.1301,44.72,450671
1541165400,2018-11-02 09:30,45.39,45.92,44.8948,45.48,528487
1541428200,2018-11-05 09:30,45.52,45.52,44.12,44.82,246893
1541514600,2018-11-06 09:30,44.82,45.21,44.5001,44.83,310490
1541601000,2018-11-07 09:30,45.34,46.065,45,45.96,472604
1541687400,2018-11-08 09:30,45.89,46.22,44.9301,45.24,322157
1541773800,2018-11-09 09:30,44.68,44.91,43.91,44.3756,373752
1542033000,2018-11-12 09:30,44.13,44.18,42.32,42.76,365181
1542119400,2018-11-13 09:30,43.02,43.87,42.67,43.11,181374
1542205800,2018-11-14 09:30,43.63,43.9936,42.3901,42.59,180806
1542292200,2018-11-15 09:30,42.37,43.9089,42.293,43.84,278498
1542378600,2018-11-16 09:30,43.16,43.83,42.9,43.67,123722
1542637800,2018-11-19 09:30,43.47,43.5,41.45,41.58,380708
1542724200,2018-11-20 09:30,40.17,41.5242,39.89,40.82,506584
1542810600,2018-11-21 09:30,41.45,41.8997,41.2104,41.74,135744
1542983400,2018-11-23 09:30,41.25,42.2019,41.25,41.71,42448
1543242600,2018-11-26 09:30,42.35,43.07,42.28,42.95,269977
1543329000,2018-11-27 09:30,42.69,42.94,42.3299,42.53,144368
1543415400,2018-11-28 09:30,43.07,44.19,42.484,44.18,308433
1543501800,2018-11-29 09:30,43.99,44.48,43.39,44.05,157446
1543588200,2018-11-30 09:30,44.06,44.47,43.62,44.45,118368
1543847400,2018-12-03 09:30,46,46,45.04,45.53,381053
1543933800,2018-12-04 09:30,45.3,45.54,43.21,43.27,263483
1544106600,2018-12-06 09:30,42.13,43.59,42.03,43.54,406673
1544193000,2018-12-07 09:30,43.59,43.8519,41.9201,42.1,188815
1544452200,2018-12-10 09:30,41.95,42.7,41.46,42.54,230410
1544538600,2018-12-11 09:30,43.3,43.3,42.09,42.46,309631
1544625000,2018-12-12 09:30,43.12,44.05,42.97,43.31,471440
1544711400,2018-12-13 09:30,43.59,43.59,42.4601,42.64,275764
1544797800,2018-12-14 09:30,41.98,42.6616,41.55,41.77,222036
1545057000,2018-12-17 09:30,41.45,41.648,39.68,39.92,503568
1545143400,2018-12-18 09:30,40.34,40.6499,39.5,39.89,299644
1545229800,2018-12-19 09:30,40,40.75,38.7201,39.28,399031
1545316200,2018-12-20 09:30,38.92,39.3,37.17,37.82,842189
1545402600,2018-12-21 09:30,38.02,38.02,35.67,35.85,738360
1545661800,2018-12-24 09:30,35.43,36.0799,34.9,35.34,425802
1545834600,2018-12-26 09:30,35.62,37.59,35.2976,37.52,959686
1545921000,2018-12-27 09:30,36.09,36.4,34.75,36.4,525202
1546007400,2018-12-28 09:30,36.63,37.4042,36.04,36.77,939262
1546266600,2018-12-31 09:30,37,37.3086,36.64,37.19,645321
1546439400,2019-01-02 09:30,36.27,37.5728,36.23,37.42,232632
1546525800,2019-01-03 09:30,37,37.1407,35.91,36.19,256053
1546612200,2019-01-04 09:30,36.9,38.5603,36.8601,38.43,317387
1546871400,2019-01-07 09:30,38.67,40.33,38.39,40.1,527018
1546957800,2019-01-08 09:30,40.71,40.83,39.3075,40.22,461698
1547044200,2019-01-09 09:30,40.4,41.75,40.3103,41.48,797845
1547130600,2019-01-10 09:30,41.2,41.7,40.5016,41.69,335063
1547217000,2019-01-11 09:30,41.28,41.89,41.16,41.78,312888
1547476200,2019-01-14 09:30,41.2,41.4939,40.9001,41.03,257366
1547562600,2019-01-15 09:30,41.42,42.32,41.42,42.28,591524
1547649000,2019-01-16 09:30,42.33,43.0128,42.23,42.31,344646
1547735400,2019-01-17 09:30,42.21,43.0199,42.07,42.64,301494
1547821800,2019-01-18 09:30,42.85,43.14,42.4,42.8,490685
1548167400,2019-01-22 09:30,42.12,42.12,40.8882,41.11,416999
1548253800,2019-01-23 09:30,41.3,41.52,40.33,40.7,288776
1548340200,2019-01-24 09:30,40.77,41.59,40.77,41.58,287212
1548426600,2019-01-25 09:30,41.96,42.64,41.71,42.57,242291
1548685800,2019-01-28 09:30,41.76,41.89,41.16,41.68,282655
1548772200,2019-01-29 09:30,41.76,41.845,41.13,41.25,230993
1548858600,2019-01-30 09:30,41.75,42.46,41.27,42.27,327430
1548945000,2019-01-31 09:30,42.25,43.24,42.1048,43.05,401125
1549031400,2019-02-01 09:30,43.01,43.51,42.73,43.11,247846
1549290600,2019-02-04 09:30,43.05,43.8,42.86,43.8,276414
1549377000,2019-02-05 09:30,43.92,44.3499,43.6501,43.92,292596
1549463400,2019-02-06 09:30,43.86,44.1995,43.5493,43.96,306586
1549549800,2019-02-07 09:30,43.37,43.44,42.125,42.49,373716
1549636200,2019-02-08 09:30,42.15,43.04,42.13,42.99,292795
1549895400,2019-02-11 09:30,43.16,43.735,43.1357,43.42,185805
1549981800,2019-02-12 09:30,43.77,44.29,43.58,44.25,314369
1550068200,2019-02-13 09:30,44.45,44.79,44.31,44.54,432777
1550154600,2019-02-14 09:30,44.41,44.73,44.18,44.66,332226
1550241000,2019-02-15 09:30,45.12,45.19,44.8989,45.19,208604
1550586600,2019-02-19 09:30,45.01,45.5,45,45.22,299775
1550673000,2019-02-20 09:30,45.31,45.8738,45.2869,45.59,328823
1550759400,2019-02-21 09:30,45.51,45.578,44.49,44.7,701884
1550845800,2019-02-22 09:30,45.11,45.78,45.02,45.77,245450
1551105000,2019-02-25 09:30,46.46,46.84,46.148,46.39,357827
1551191400,2019-02-26 09:30,46.28,46.385,45.97,46.04,185685
1551277800,2019-02-27 09:30,45.92,46.83,45.79,46.72,317211
1551364200,2019-02-28 09:30,46.58,46.7593,46.0477,46.56,248169
1551450600,2019-03-01 09:30,46.85,46.8899,46.39,46.8,283648
1551709800,2019-03-04 09:30,47.19,47.24,45.5,46.23,326797
1551796200,2019-03-05 09:30,46.18,46.69,45.6501,46.36,395509
1551882600,2019-03-06 09:30,46.36,46.36,45.26,45.36,483030
1551969000,2019-03-07 09:30,45.09,45.245,44.2737,44.57,356824
1552055400,2019-03-08 09:30,43.82,44.915,43.38,44.86,305205
1552311000,2019-03-11 09:30,45.14,46.42,45,46.42,461642
1552397400,2019-03-12 09:30,46.5,46.77,46.0361,46.55,461893
1552483800,2019-03-13 09:30,46.74,47.14,46.55,46.94,498167
1552570200,2019-03-14 09:30,46.96,47.07,46.53,46.64,227609
1552656600,2019-03-15 09:30,46.77,47.2594,46.6,46.99,388431
1552915800,2019-03-18 09:30,47,47.42,46.39,46.85,289900
1553002200,2019-03-19 09:30,47.02,47.26,46.656,46.98,349322
1553088600,2019-03-20 09:30,46.93,47.48,46.5,47.1,283262
1553175000,2019-03-21 09:30,46.81,48.15,46.76,48.07,354010
1553261400,2019-03-22 09:30,47.81,47.945,46.04,46.05,555877
1553520600,2019-03-25 09:30,45.82,46.2339,45.21,45.95,611810
1553607000,2019-03-26 09:30,46.5,46.6476,45.8,46.15,329177
1553693400,2019-03-27 09:30,46.14,46.38,44.9224,45.65,653447
1553779800,2019-03-28 09:30,45.77,46.263,45.4821,46.14,206237
1553866200,2019-03-29 09:30,46.58,46.8299,46.21,46.73,242429
1554125400,2019-04-01 09:30,47.32,47.5207,47.075,47.43,326685
1554211800,2019-04-02 09:30,47.48,47.86,47.22,47.81,283095
1554298200,2019-04-03 09:30,48.19,49.08,48.1,48.78,449846
1554384600,2019-04-04 09:30,48.38,48.46,47.51,48.13,366127
1554471000,2019-04-05 09:30,48.3,48.93,48.185,48.91,255593
1554730200,2019-04-08 09:30,48.78,48.98,48.47,48.81,266445
1554816600,2019-04-09 09:30,48.65,48.847,48.22,48.3,314709
1554903000,2019-04-10 09:30,48.42,48.98,48.25,48.98,300535
1554989400,2019-04-11 09:30,48.94,48.94,48.21,48.35,339007
1555075800,2019-04-12 09:30,48.78,48.85,48.35,48.46,329888
1555335000,2019-04-15 09:30,48.5,48.56,47.46,47.95,443808
1555421400,2019-04-16 09:30,48.24,48.539,48.1001,48.28,352773
1555507800,2019-04-17 09:30,48.67,48.71,46.86,47.05,433811
1555594200,2019-04-18 09:30,47.11,47.31,46.4127,47.09,330809
1555939800,2019-04-22 09:30,46.97,47.32,46.8438,47.25,246726
1556026200,2019-04-23 09:30,47.45,48.59,47.4122,48.43,337501
1556112600,2019-04-24 09:30,48.5,48.5,47.98,48.01,338958
1556199000,2019-04-25 09:30,47.82,48.0001,47.22,47.58,422287
1556285400,2019-04-26 09:30,47.59,47.69,47.08,47.69,227514
1556544600,2019-04-29 09:30,47.72,48.2399,47.7,47.79,221466
1556631000,2019-04-30 09:30,47.8,48.01,46.96,47.22,380749
1556717400,2019-05-01 09:30,47.5,47.711,46.78,46.78,504202
1556803800,2019-05-02 09:30,46.92,47.1,46.14,47.01,417395
1556890200,2019-05-03 09:30,47.44,48.39,47.2242,48.39,311603
1557149400,2019-05-06 09:30,47.06,48.855,46.8737,48.82,388548
1557235800,2019-05-07 09:30,48.28,48.49,46.9,47.3,458139
1557322200,2019-05-08 09:30,46.57,46.9349,46.06,46.43,330401
1557408600,2019-05-09 09:30,45.81,46.24,44.91,46.03,413397
1557495000,2019-05-10 09:30,45.79,46.439,45.06,46.24,275951
1557754200,2019-05-13 09:30,44.83,45.1,43.63,43.69,694508
1557840600,2019-05-14 09:30,44.05,44.8652,43.9144,44.53,288453
1557927000,2019-05-15 09:30,44.18,45.075,44,45.07,312077
1558013400,2019-05-16 09:30,45.15,45.5094,45.1,45.28,432622
1558099800,2019-05-17 09:30,44.48,44.7755,43.8701,43.96,294854
1558359000,2019-05-20 09:30,43.18,43.5232,42.8565,42.93,486070
1558445400,2019-05-21 09:30,43.27,43.95,43.2301,43.9,311855
1558531800,2019-05-22 09:30,43.55,43.92,43.199,43.23,509459
1558618200,2019-05-23 09:30,42.59,42.8,41.67,42.04,511789
1558704600,2019-05-24 09:30,42.45,42.545,41.9193,42.14,295706
1559050200,2019-05-28 09:30,42.29,42.5799,41.84,41.89,273112
1559136600,2019-05-29 09:30,41.57,41.812,41.18,41.52,505186
1559223000,2019-05-30 09:30,41.73,42.12,41.47,41.81,200440
1559309400,2019-05-31 09:30,41.11,41.2299,40.6752,40.73,340803
1559568600,2019-06-03 09:30,40.73,40.99,39.88,40.14,482794
1559655000,2019-06-04 09:30,40.8399,41.84,40.52,41.8,320447
1559741400,2019-06-05 09:30,42.33,42.36,41.6405,42.11,551698
1559827800,2019-06-06 09:30,42.32,42.3699,41.82,42.13,725569
1559914200,2019-06-07 09:30,42.48,43.31,42.48,43.21,236781
1560173400,2019-06-10 09:30,43.54,44.312,43.54,43.62,278924
1560259800,2019-06-11 09:30,44.24,44.32,42.87,43.3,281522
1560346200,2019-06-12 09:30,43.26,43.4489,42.8,43.15,189000
1560432600,2019-06-13 09:30,43.31,43.68,43.14,43.68,197613
1560519000,2019-06-14 09:30,43.45,43.6,42.97,43.07,257863
1560778200,2019-06-17 09:30,43.17,44.63,43.1537,44.41,208467
1560864600,2019-06-18 09:30,44.98,45.54,44.85,45.11,467760
1560951000,2019-06-19 09:30,45.28,45.36,44.821,45.27,191183
1561037400,2019-06-20 09:30,45.89,46.0199,45.0301,45.33,208740
1561123800,2019-06-21 09:30,45.19,45.47,44.5301,45.44,282498
1561383000,2019-06-24 09:30,45.56,45.6499,44.76,44.79,227404
1561469400,2019-06-25 09:30,44.84,45.1,44.3,44.46,227676
1561555800,2019-06-26 09:30,44.88,45.06,44.54,44.69,235512
1561642200,2019-06-27 09:30,44.83,45.84,44.83,45.82,277526
1561728600,2019-06-28 09:30,45.94,48.0499,45.82,47.98,480824
1561987800,2019-07-01 09:30,48.76,48.84,47.82,47.92,412141
1562074200,2019-07-02 09:30,47.97,48,47.112,47.44,228298
1562160600,2019-07-03 09:30,48.05,48.06,47.6359,48.06,149172
1562333400,2019-07-05 09:30,47.74,47.94,47.2872,47.8,147131
1562592600,2019-07-08 09:30,47.58,47.5965,47.1,47.35,296312
1562679000,2019-07-09 09:30,47.08,48.25,47.08,48.25,235951
1562765400,2019-07-10 09:30,48.58,48.95,48.3161,48.58,173799
1562851800,2019-07-11 09:30,48.64,48.84,48.1612,48.61,153733
1562938200,2019-07-12 09:30,48.41,48.5799,48.0901,48.46,196679
1563197400,2019-07-15 09:30,48.6,48.7,48.1801,48.67,129312
1563283800,2019-07-16 09:30,48.59,48.59,48.0511,48.37,114925
1563370200,2019-07-17 09:30,48.38,48.91,48.18,48.6,131689
1563456600,2019-07-18 09:30,48.4,48.83,48.35,48.83,132446
1563543000,2019-07-19 09:30,48.99,49.0399,48.28,48.29,188285
1563802200,2019-07-22 09:30,48.51,48.84,48.4,48.74,201962
1563888600,2019-07-23 09:30,48.96,48.96,48.49,48.9,134493
1563975000,2019-07-24 09:30,48.92,49.92,48.7303,49.92,263892
1564061400,2019-07-25 09:30,49.1,49.1,48.2168,48.26,286344
1564147800,2019-07-26 09:30,48.48,49.39,48.4,49.35,154488
1564407000,2019-07-29 09:30,49.25,49.35,48.2443,49.13,215807
1564493400,2019-07-30 09:30,48.61,49.61,48.49,49.61,239935
1564579800,2019-07-31 09:30,49.21,49.49,47.81,48.46,256356
1564666200,2019-08-01 09:30,48.46,48.75,46.96,47.72,322208
1564752600,2019-08-02 09:30,47,47.21,45.71,46.12,354311
1565011800,2019-08-05 09:30,44.97,45.07,43.5697,44.16,862354
1565098200,2019-08-06 09:30,44.62,44.9799,43.77,44.56,471290
1565184600,2019-08-07 09:30,44.21,45.14,44,45.13,436904
1565271000,2019-08-08 09:30,45.3,45.95,45,45.89,394519
1565357400,2019-08-09 09:30,45.78,45.92,44.87,45.27,182565
1565616600,2019-08-12 09:30,44.95,45.0138,44.21,44.31,279839
1565703000,2019-08-13 09:30,44.23,45.45,44,45.23,294341
1565789400,2019-08-14 09:30,44.32,44.53,43.3301,43.64,366338
1565875800,2019-08-15 09:30,43.89,43.89,43.13,43.56,344897
1565962200,2019-08-16 09:30,44.07,44.76,44.07,44.69,270848
1566221400,2019-08-19 09:30,45.45,45.585,45.1,45.55,281150
1566307800,2019-08-20 09:30,45.54,45.54,45.1,45.26,177613
1566394200,2019-08-21 09:30,45.67,45.8762,45.3321,45.66,249176
1566480600,2019-08-22 09:30,45.67,45.7409,44.68,44.99,127481
1566567000,2019-08-23 09:30,44.69,45.1552,43.36,43.51,243587
1566826200,2019-08-26 09:30,44.06,44.06,43.34,43.79,426405
1566912600,2019-08-27 09:30,44.04,44.1043,42.8,43.12,227850
1566999000,2019-08-28 09:30,42.94,43.54,42.65,43.38,344339
1567085400,2019-08-29 09:30,44.01,44.25,43.7921,44.18,203261
1567171800,2019-08-30 09:30,44.65,44.84,43.9277,44.32,202104
1567517400,2019-09-03 09:30,43.95,44.4603,43.0801,43.27,308809
1567603800,2019-09-04 09:30,43.72,43.78,43.115,43.34,187507
1567690200,2019-09-05 09:30,43.89,44.2699,43.46,44.04,207900
1567776600,2019-09-06 09:30,44.08,44.327,43.78,43.94,115453
1568035800,2019-09-09 09:30,44.1,44.1991,43.52,43.81,201097
1568122200,2019-09-10 09:30,43.53,44.47,43.328,44.35,231170
1568208600,2019-09-11 09:30,44.52,45.57,44.46,45.54,393659
1568295000,2019-09-12 09:30,45.71,45.89,45.2666,45.5,269390
1568381400,2019-09-13 09:30,45.61,45.71,45.2,45.25,254024
1568640600,2019-09-16 09:30,44.81,45.49,44.8,45.4,176589
1568727000,2019-09-17 09:30,45.35,45.5,45.1491,45.5,194101
1568813400,2019-09-18 09:30,45.5,45.56,44.47,45.04,176240
1568899800,2019-09-19 09:30,45.11,45.47,44.774,44.85,171328
1568986200,2019-09-20 09:30,44.95,45,44.25,44.74,237342
1569245400,2019-09-23 09:30,44.63,44.8439,44.45,44.54,141422
1569331800,2019-09-24 09:30,44.75,44.9,42.64,43.04,367963
1569418200,2019-09-25 09:30,42.94,43.25,42.325,43.14,268926
1569504600,2019-09-26 09:30,43.21,43.2819,42.55,43.07,154721
1569591000,2019-09-27 09:30,43.16,43.55,42.28,42.64,308954
1569850200,2019-09-30 09:30,42.73,43.07,42.4,42.89,284828
1569936600,2019-10-01 09:30,43.14,43.35,41.86,41.9,280787
1570023000,2019-10-02 09:30,41.59,41.59,40.82,41.27,699397
1570109400,2019-10-03 09:30,41.06,41.6138,40.1201,41.53,337721
1570195800,2019-10-04 09:30,41.64,41.9999,41.2949,41.97,231722
1570455000,2019-10-07 09:30,41.8,42.3899,41.6862,42.03,171117
1570541400,2019-10-08 09:30,41.64,41.64,40.61,40.62,287373
1570627800,2019-10-09 09:30,41.06,41.38,40.8308,41.19,133149
1570714200,2019-10-10 09:30,41.26,41.6483,41.0137,41.28,245975
1570800600,2019-10-11 09:30,41.94,42.52,41.9,41.93,242611
1571059800,2019-10-14 09:30,41.86,42.46,41.7337,42.26,164192
1571146200,2019-10-15 09:30,42.5,43.2899,42.44,43.15,175720
1571232600,2019-10-16 09:30,42.99,43.08,42.6941,42.8,188431
1571319000,2019-10-17 09:30,42.88,43.09,42.77,42.8805,154162
1571405400,2019-10-18 09:30,42.83,42.86,41.51,41.93,161546
1571664600,2019-10-21 09:30,42.23,42.58,41.94,42.41,151114
1571751000,2019-10-22 09:30,42.63,42.74,41.88,41.93,186682
1571837400,2019-10-23 09:30,41.9,42.1941,41.66,41.76,143130
1571923800,2019-10-24 09:30,42.55,42.73,42.19,42.65,239614
1572010200,2019-10-25 09:30,42.46,43.58,42.197,43.52,176488
1572269400,2019-10-28 09:30,43.74,44.761,43.74,44.64,239393
1572355800,2019-10-29 09:30,44.48,44.65,44.1767,44.32,401505
1572442200,2019-10-30 09:30,44.32,44.38,43.95,44.37,178414
1572528600,2019-10-31 09:30,44.28,44.66,43.8413,44.23,157041
1572615000,2019-11-01 09:30,44.6,45.242,44.4035,45.23,354027
1572877800,2019-11-04 09:30,45.63,45.83,45.209,45.48,125146
1572964200,2019-11-05 09:30,45.62,45.92,45.36,45.39,222522
1573050600,2019-11-06 09:30,45.4,45.4022,45.0565,45.22,260631
1573137000,2019-11-07 09:30,45.55,45.9,45.1253,45.21,236536
1573223400,2019-11-08 09:30,45.17,45.85,45.0576,45.85,132737
1573482600,2019-11-11 09:30,45.55,46.3847,45.5,46.32,136163
1573569000,2019-11-12 09:30,46.47,46.9,46.3,46.65,140534
1573655400,2019-11-13 09:30,46.45,46.64,46.1606,46.37,159299
1573741800,2019-11-14 09:30,46.31,46.7221,46.31,46.56,132027
1573828200,2019-11-15 09:30,46.99,47.48,46.8659,47.4,270405
1574087400,2019-11-18 09:30,47.41,47.5,47.01,47.4,278911
1574173800,2019-11-19 09:30,47.71,48.7016,47.71,48.45,233351
1574260200,2019-11-20 09:30,48.15,48.79,47.7494,48.43,213425
1574346600,2019-11-21 09:30,48.41,48.55,48,48.15,145803
1574433000,2019-11-22 09:30,48.26,48.42,48,48.42,196697
1574692200,2019-11-25 09:30,48.89,49.75,48.75,49.67,206054
1574778600,2019-11-26 09:30,49.98,50.1277,49.7,50,168746
1574865000,2019-11-27 09:30,50.3,50.4662,49.96,50.23,130673
1575037800,2019-11-29 09:30,50.01,50.45,50.01,50.43,75428
1575297000,2019-12-02 09:30,50.32,50.43,48.72,48.96,208731
1575383400,2019-12-03 09:30,48.32,49.09,48.13,49.09,187556
1575469800,2019-12-04 09:30,49.44,49.45,49.0909,49.19,131857
1575556200,2019-12-05 09:30,49.26,49.26,48.64,48.96,222729
1575642600,2019-12-06 09:30,49.55,49.59,49.32,49.46,126241
1575901800,2019-12-09 09:30,49.49,49.72,49.01,49.05,196762
1575988200,2019-12-10 09:30,49.26,49.35,48.96,49.26,182585
1576074600,2019-12-11 09:30,49.45,49.45,48.89,48.97,140112
1576161000,2019-12-12 09:30,49.05,49.55,48.83,49.4,147858
1576247400,2019-12-13 09:30,49.4,49.74,48.97,49.1,173477
1576506600,2019-12-16 09:30,49.76,50.4299,49.55,50.23,250734
1576593000,2019-12-17 09:30,50.23,50.4,49.7,50.18,193271
1576679400,2019-12-18 09:30,50.32,50.8,50.3,50.54,241851
1576765800,2019-12-19 09:30,50.68,50.9928,50.5588,50.87,174388
1576852200,2019-12-20 09:30,51.19,51.3,50.859,50.96,345298
1577111400,2019-12-23 09:30,51.26,51.74,50.9121,51.59,303687
1577197800,2019-12-24 09:30,51.64,51.82,51.4,51.82,84227
1577370600,2019-12-26 09:30,51.87,52.01,51.67,51.77,184085
1577457000,2019-12-27 09:30,51.84,51.91,51,51.14,175753
1577716200,2019-12-30 09:30,51.06,51.16,49.58,49.74,307129
1577802600,2019-12-31 09:30,49.49,50.235,49.35,50.05,192666
1577975400,2020-01-02 09:30,50.64,50.64,49.9,50.5,248423
1578061800,2020-01-03 09:30,49.74,50.45,49.74,50.13,264312
1578321000,2020-01-06 09:30,49.52,50.56,49.43,50.52,296968
1578407400,2020-01-07 09:30,50.66,51.3022,50.53,51.14,230838
1578493800,2020-01-08 09:30,51.11,52.51,51.1062,52.29,378759
1578580200,2020-01-09 09:30,52.73,52.8451,52.0205,52.35,290151
1578666600,2020-01-10 09:30,52.53,52.53,51.86,51.97,227722
1578925800,2020-01-13 09:30,52.53,53.11,52.3,53.04,345532
1579012200,2020-01-14 09:30,53.18,53.7,52.555,53.26,351789
1579098600,2020-01-15 09:30,53.2,54.0352,53.15,53.43,335329
1579185000,2020-01-16 09:30,53.65,54.01,53.3201,54.01,264928
1579271400,2020-01-17 09:30,54.17,54.17,53.5037,53.67,337375
1579617000,2020-01-21 09:30,53.8,54.03,53.43,53.59,360172
1579703400,2020-01-22 09:30,54.09,54.4042,53.7521,53.84,357702
1579789800,2020-01-23 09:30,53.77,53.989,53.07,53.8,266244
1579876200,2020-01-24 09:30,53.96,54.16,52.4101,52.8,358751
1580135400,2020-01-27 09:30,51.2,52.19,51,51.85,476898
1580221800,2020-01-28 09:30,52.3,52.89,52.14,52.82,278335
1580308200,2020-01-29 09:30,53.04,53.26,52.68,52.85,210053
1580394600,2020-01-30 09:30,52.68,53.33,52.4,52.95,282237
1580481000,2020-01-31 09:30,52.65,52.7174,51.42,51.8,358934
1580740200,2020-02-03 09:30,52.31,53.99,52.15,53.96,526499
1580826600,2020-02-04 09:30,55.72,57.039,55.18,56.32,664515
1580913000,2020-02-05 09:30,56.77,56.77,55.1518,55.52,459888
1580999400,2020-02-06 09:30,55.73,56.6243,55.23,56.17,406805
1581085800,2020-02-07 09:30,56.14,56.45,55.7597,55.84,309000
1581345000,2020-02-10 09:30,56.29,57.02,56.22,56.89,531623
1581431400,2020-02-11 09:30,57.64,58.14,57.07,57.79,557226
1581517800,2020-02-12 09:30,58.4,58.47,57.801,58.33,514766
1581604200,2020-02-13 09:30,58.06,59.24,57.8031,58.76,485419
1581690600,2020-02-14 09:30,58.9,59.14,58.57,58.69,338822
1582036200,2020-02-18 09:30,58.99,59.16,58.5,59.16,554737
1582122600,2020-02-19 09:30,60,60.73,59.6801,60.37,650570
1582209000,2020-02-20 09:30,60.16,60.6095,58.8213,59.89,569303
1582295400,2020-02-21 09:30,59.54,59.6,58.2052,58.61,540667
1582554600,2020-02-24 09:30,55.44,56.58,55,56.02,1184208
1582641000,2020-02-25 09:30,56.65,56.8678,53.76,54.1,819105
1582727400,2020-02-26 09:30,54.4,55.16,53.0701,53.54,665163
1582813800,2020-02-27 09:30,52.25,54.12,50.73,51.71,995256
1582900200,2020-02-28 09:30,49.68,52.84,49.6,52.84,1032332
1583159400,2020-03-02 09:30,53.55,54.11,52.14,54.08,851653
1583245800,2020-03-03 09:30,54.69,55.5479,51.88,52.99,903785
1583332200,2020-03-04 09:30,54.17,54.83,52.8829,54.79,559444
1583418600,2020-03-05 09:30,53.2,54.4519,52.9614,53.51,505943
1583505000,2020-03-06 09:30,51.58,52.9,51.09,52.11,703763
1583760600,2020-03-09 09:30,48,49.8069,46.904,47.78,870681
1583847000,2020-03-10 09:30,49.9,50.05,47.5,50.05,747195
1583933400,2020-03-11 09:30,48.66,49.29,46.39,46.94,682685
1584019800,2020-03-12 09:30,43.44,43.86,41.03,41.03,1298596
1584106200,2020-03-13 09:30,43.64,44.18,39.0962,42.9,1176413
1584365400,2020-03-16 09:30,37.55,39.48,36.22,36.22,1298036
1584451800,2020-03-17 09:30,37.36,39.6599,34.7325,38.23,905688
1584538200,2020-03-18 09:30,35.5,37.4299,33,34.69,1072783
1584624600,2020-03-19 09:30,34.8,38.68,34.0691,37.81,901458
1584711000,2020-03-20 09:30,39.1,40.57,37.8101,37.85,955971
1584970200,2020-03-23 09:30,37.55,39.25,36.63,38.35,966437
1585056600,2020-03-24 09:30,41.13,42.24,40.41,42.15,1024938
1585143000,2020-03-25 09:30,43.26,45.47,42.04,43.79,1292847
1585229400,2020-03-26 09:30,44.26,46.54,44.26,45.97,1417931
1585315800,2020-03-27 09:30,44.46,44.95,43.2,43.76,796190
1585575000,2020-03-30 09:30,44.19,44.72,42.8554,44.6,979831
1585661400,2020-03-31 09:30,44.37,45.38,43.23,44,606637
1585747800,2020-04-01 09:30,42.42,42.64,39.8288,40.24,776404
1585834200,2020-04-02 09:30,39.63,41.7,39.41,40.49,516762
1585920600,2020-04-03 09:30,40.95,41.5,39.8001,40.2,493675
1586179800,2020-04-06 09:30,42.38,44.31,42.02,44.18,579007
1586266200,2020-04-07 09:30,46.17,46.5,44.051,44.22,608172
1586352600,2020-04-08 09:30,45.17,46.21,44.4828,46.01,546457
1586439000,2020-04-09 09:30,47.04,47.95,46.51,47.29,2232791
1586784600,2020-04-13 09:30,47.17,47.93,46.1111,47.85,573205
1586871000,2020-04-14 09:30,49.72,50.827,49.37,50.38,900589
1586957400,2020-04-15 09:30,49.48,50.03,48.6001,49.56,809986
1587043800,2020-04-16 09:30,49.92,50.8865,49.3,50.6,684573
1587130200,2020-04-17 09:30,52.11,52.35,51.3001,52.26,981507
1587389400,2020-04-20 09:30,51.64,53.8684,51.0101,52.8,840055
1587475800,2020-04-21 09:30,51.99,52.26,49.75,50.61,711075
1587562200,2020-04-22 09:30,52.16,52.68,51.3,52.42,519268
1587648600,2020-04-23 09:30,52.43,53.4688,51.9265,52.01,654058
1587735000,2020-04-24 09:30,52.38,53.359,51.7305,53.06,496655
1587994200,2020-04-27 09:30,54.07,56.4289,53.755,55.64,1905941
1588080600,2020-04-28 09:30,56.73,56.73,53.38,54.05,893243
1588167000,2020-04-29 09:30,55.69,56.87,54.6024,56.63,1011553
1588253400,2020-04-30 09:30,56.72,57,55.1001,55.33,781334
1588339800,2020-05-01 09:30,53.82,54.23,51.6701,52.38,870992
1588599000,2020-05-04 09:30,51.71,54.31,51.53,54.31,460041
1588685400,2020-05-05 09:30,55.53,56.02,54.7601,55.06,637363
1588771800,2020-05-06 09:30,55.33,55.85,54.75,55.33,614225
1588858200,2020-05-07 09:30,56.09,56.899,55.64,56.6,638887
1588944600,2020-05-08 09:30,57.16,58.449,56.5,58.3,621867
1589203800,2020-05-11 09:30,57.55,60.19,57.3888,59.68,767546
1589290200,2020-05-12 09:30,60.5,60.5,58.16,58.16,952196
1589376600,2020-05-13 09:30,58.03,58.7162,54.77,56.33,926863
1589463000,2020-05-14 09:30,55.43,56.45,54.31,56.25,1023597
1589549400,2020-05-15 09:30,55.83,58.22,55.517,58.09,493768
1589808600,2020-05-18 09:30,60.07,60.64,59.62,59.88,826205
1589895000,2020-05-19 09:30,60.01,61.15,59.68,59.82,867446
1589981400,2020-05-20 09:30,61.01,61.89,59.96,61.82,1101362
1590067800,2020-05-21 09:30,61.82,62.34,60.5101,61.98,839240
1590154200,2020-05-22 09:30,61.96,62.8,61.5,62.76,684171
1590499800,2020-05-26 09:30,64.9,64.9,62.78,62.9,1448879
1590586200,2020-05-27 09:30,63.52,63.52,59.65,62.51,1074524
1590672600,2020-05-28 09:30,62.73,63.2599,61.49,61.75,834565
1590759000,2020-05-29 09:30,61.94,63,61.28,62.82,600067
1591018200,2020-06-01 09:30,63.36,65.17,62.93,64.8,1557575
1591104600,2020-06-02 09:30,65.2,65.64,64.01,65.6,1370546
1591191000,2020-06-03 09:30,66.42,66.72,65.66,65.87,1530100
1591277400,2020-06-04 09:30,65.8,66.2839,63.46,63.95,1243118
1591363800,2020-06-05 09:30,65.35,65.6531,64.01,64.25,846227
1591623000,2020-06-08 09:30,64.99,65.37,64.52,65.37,968325
1591709400,2020-06-09 09:30,64.6,66.6,64.42,65.61,1750412
1591795800,2020-06-10 09:30,66.64,67.04,65.64,66.51,1271969
1591882200,2020-06-11 09:30,63.93,64.47,61.5,61.57,1822073
1591968600,2020-06-12 09:30,63.72,63.84,60.6109,62.42,1185993
1592227800,2020-06-15 09:30,60.74,64.77,60.74,64.64,1620800
1592314200,2020-06-16 09:30,66.75,67.03,64.44,66.69,2167642
1592400600,2020-06-17 09:30,67.21,67.59,66.2201,66.5,862728
1592487000,2020-06-18 09:30,66.43,67.89,66.2054,67.63,769878
1592573400,2020-06-19 09:30,68.75,69.25,67.595,68.03,997152
1592832600,2020-06-22 09:30,68.66,71.43,68.5901,71.29,1644501
1592919000,2020-06-23 09:30,72.53,73.449,71.5501,72.4,1904531
1593005400,2020-06-24 09:30,71.63,72.46,68.62,69.3,1804116
1593091800,2020-06-25 09:30,69.14,70.76,68.41,70.58,1132438
1593178200,2020-06-26 09:30,70.34,71.06,68.93,68.97,1179274
1593437400,2020-06-29 09:30,69.35,69.57,67.73,69.36,1473664
1593523800,2020-06-30 09:30,69.25,71.43,69.1781,71.31,1330829
1593610200,2020-07-01 09:30,71.47,74,71.33,73.5,1650708
1593696600,2020-07-02 09:30,75.91,75.92,74.585,74.94,2168670
1594042200,2020-07-06 09:30,77.27,79.0419,76.5,77.75,1972759
1594128600,2020-07-07 09:30,78.1,80.59,77.5501,78.84,2251714
1594215000,2020-07-08 09:30,80.02,81.24,79.64,80.72,2230067
1594301400,2020-07-09 09:30,81.74,81.93,79.02,81.08,2033477
1594387800,2020-07-10 09:30,80.95,81.36,80.17,80.89,1575874
1594647000,2020-07-13 09:30,83,84.5444,78,78.14,3642560
1594733400,2020-07-14 09:30,78.1,79.5,75.01,78.82,2042231
1594819800,2020-07-15 09:30,80.36,81.12,78.5401,80.93,2728667
1594906200,2020-07-16 09:30,79.6,80.47,78.9126,79.76,1431885
1594992600,2020-07-17 09:30,80.3,80.86,79.6385,80.67,1265132
1595251800,2020-07-20 09:30,81.24,84.25,81.12,84.03,1750385
1595338200,2020-07-21 09:30,84.95,84.95,82.27,82.52,1796513
1595424600,2020-07-22 09:30,83.01,83.58,81.85,82.53,1181567
1595511000,2020-07-23 09:30,82.9,83.59,79.5801,80.47,1794480
1595597400,2020-07-24 09:30,78.9,79.8172,77.4,78.83,1952996
1595856600,2020-07-27 09:30,79.8,82.13,79.3207,81.97,2314038
1595943000,2020-07-28 09:30,81.62,81.64,79.28,79.35,1182651
1596029400,2020-07-29 09:30,80,80.5999,79.8701,80.07,1098900
1596115800,2020-07-30 09:30,79.42,80.81,78.8,80.4,1015734
1596202200,2020-07-31 09:30,81.69,81.83,79.3601,80.37,1035906
1596461400,2020-08-03 09:30,81.31,83.99,81.2,83.68,2925536
1596547800,2020-08-04 09:30,83.9,84.2601,83.1301,84.2,2081016
1596634200,2020-08-05 09:30,84.93,85.83,84.47,85.61,2038463
1596720600,2020-08-06 09:30,85.62,86.11,84.3826,84.87,1552168
1596807000,2020-08-07 09:30,84.59,84.82,81.24,82.49,1983099
1597066200,2020-08-10 09:30,84.66,84.89,82.77,83.47,1680886
1597152600,2020-08-11 09:30,83.32,83.699,81.385,81.58,1588635
1597239000,2020-08-12 09:30,82.93,84.289,82.4601,83.95,1467558
1597325400,2020-08-13 09:30,84.51,86.39,84.51,85.76,1619001
1597411800,2020-08-14 09:30,86.08,86.3,84.3566,84.72,1060356
1597671000,2020-08-17 09:30,85.39,87.75,85.3201,87.63,1712183
1597757400,2020-08-18 09:30,88.82,88.96,87.3035,88.58,1900489
1597843800,2020-08-19 09:30,88.63,90.38,88.185,88.86,1990596
1597930200,2020-08-20 09:30,88.31,89.99,88.05,89.48,1458857
1598016600,2020-08-21 09:30,90,90.42,89.6623,89.83,1887798
1598275800,2020-08-24 09:30,91.9,91.9,87.88,88.46,2622751
1598362200,2020-08-25 09:30,88.46,89.5823,87.4,89.5,1377395
1598448600,2020-08-26 09:30,89.71,92.12,89.7093,91.4,1881028
1598535000,2020-08-27 09:30,92.01,92.01,89.5,90.77,1596886
1598621400,2020-08-28 09:30,91.52,92.98,91.3,92.36,1504448
1598880600,2020-08-31 09:30,92.86,95.68,92.5,95.33,3546231
1598967000,2020-09-01 09:30,96.45,97.29,95.4238,97.21,3762222
1599053400,2020-09-02 09:30,98.9,98.9,93.92,96.97,4156072
1599139800,2020-09-03 09:30,94.15,94.2,88.86,89.81,4679694
1599226200,2020-09-04 09:30,89.19,90.18,81.33,87.05,5475809
1599571800,2020-09-08 09:30,82.79,86.09,82.11,83.1,3332725
1599658200,2020-09-09 09:30,85.45,86.9,84.1616,86.58,3779285
1599744600,2020-09-10 09:30,88,89.4,85,85.84,3581569
1599831000,2020-09-11 09:30,86.79,87.31,83.9,85.35,2958318
1600090200,2020-09-14 09:30,86.66,89.28,86.59,89.09,2642227
1600176600,2020-09-15 09:30,91,92.7,90.4001,91.83,2553752
1600263000,2020-09-16 09:30,92.1,93.31,91.37,91.64,1949917
1600349400,2020-09-17 09:30,88.3691,90.36,88.05,89.3,1758130
1600435800,2020-09-18 09:30,90.49,90.8635,87.71,89.88,1601186
1600695000,2020-09-21 09:30,88.39,90.7,86.85,90.58,2325579
1600781400,2020-09-22 09:30,90.81,91.79,88.9339,91.71,1592020
1600867800,2020-09-23 09:30,91.11,91.48,87.35,87.95,1764331
1600954200,2020-09-24 09:30,86.21,89.255,85.27,87.9,3232584
1601040600,2020-09-25 09:30,88.09,90.81,88.02,90.75,1590925
1601299800,2020-09-28 09:30,92.92,93.05,90.96,91.72,1892763
1601386200,2020-09-29 09:30,91.76,93.38,91.74,92.77,1526952
1601472600,2020-09-30 09:30,92.85,93.5481,91.32,92,2843526
1601559000,2020-10-01 09:30,93.39,94.54,92.9201,94.54,2391411
1601645400,2020-10-02 09:30,91.56,94.06,91.55,92.32,2792072
1601904600,2020-10-05 09:30,93.56,95.96,93.56,95.89,1830396
1601991000,2020-10-06 09:30,95.94,97.91,94.88,95.67,2497333
1602077400,2020-10-07 09:30,97.1,100.02,97.1,99.21,3147284
1602163800,2020-10-08 09:30,101.8599,101.8599,100.19,100.57,2437392
1602250200,2020-10-09 09:30,101.66,103.03,101.32,102.76,2728161
1602509400,2020-10-12 09:30,104.77,105,102.26,102.33,3083154
1602595800,2020-10-13 09:30,102.79,105.2,102.16,104.83,3364109
1602682200,2020-10-14 09:30,105.65,106.15,103.5,103.77,3546382
1602768600,2020-10-15 09:30,101.4,103.0767,101.12,102.83,2407729
1602855000,2020-10-16 09:30,104.08,104.5,102.7001,102.76,2088541
1603114200,2020-10-19 09:30,104.11,104.55,101.86,102.25,2480843
1603200600,2020-10-20 09:30,102.84,103.28,100.75,100.83,2197938
1603287000,2020-10-21 09:30,100.15,100.77,97.7,97.95,2869832
1603373400,2020-10-22 09:30,99.16,99.84,96.855,98.58,2444788
1603459800,2020-10-23 09:30,99.12,99.18,97.41,99.18,1875291
1603719000,2020-10-26 09:30,98.16,99.84,95.8601,97.2,2342242
1603805400,2020-10-27 09:30,97.84,98.9946,97.635,98.63,1410243
1603891800,2020-10-28 09:30,96.31,96.37,94.35,94.75,2518866
1603978200,2020-10-29 09:30,95.6,96.46,94.93,95.99,2078498
1604064600,2020-10-30 09:30,95,95.15,89.95,90.79,4217091
1604327400,2020-11-02 09:30,91.97,92.5198,89.39,90.8,3886154
1604413800,2020-11-03 09:30,92.22,93.78,90.95,93.16,2810288
1604500200,2020-11-04 09:30,95.93,98.32,95.22,97.51,4374738
1604586600,2020-11-05 09:30,100.73,100.98,99.21,100.82,4254406
1604673000,2020-11-06 09:30,101.15,102.63,99.61,102.08,3238643
1604932200,2020-11-09 09:30,105,105.5,97.38,97.43,4653959
1605018600,2020-11-10 09:30,97.26,97.6199,91.8,94.76,4419827
1605105000,2020-11-11 09:30,96.79,98.78,96.01,98.73,4150740
1605191400,2020-11-12 09:30,99.6,100.4,98.32,98.89,2493790
1605277800,2020-11-13 09:30,99.95,100.68,98.7,99.4,1832876
1605537000,2020-11-16 09:30,99.65,99.99,98.202,99.54,2056884
1605623400,2020-11-17 09:30,100.65,101.25,99.64,101.23,2460751
1605709800,2020-11-18 09:30,101.5,102.42,100.5633,101.02,2449509
1605796200,2020-11-19 09:30,101.24,103.8739,101.24,103.26,2270235
1605882600,2020-11-20 09:30,103.79,105.5,103.1735,104.9,2013108
1606141800,2020-11-23 09:30,106.27,108.28,105.6,107.42,3730244
1606228200,2020-11-24 09:30,109.08,109.39,105.91,106.14,3089388
1606314600,2020-11-25 09:30,106.41,108.54,105.92,108.48,2135858
1606487400,2020-11-27 09:30,109.85,111.8259,109.094,111.78,1909489
1606746600,2020-11-30 09:30,113.66,113.76,108.8,112.37,3235662
1606833000,2020-12-01 09:30,114,114.2,112.1379,112.76,3069313
1606919400,2020-12-02 09:30,111.46,112.47,109.6,112.34,2473274
1607005800,2020-12-03 09:30,113.52,115.55,112.9501,114.28,2962432
1607092200,2020-12-04 09:30,115.84,117.3596,114.7601,117.19,3384408
1607351400,2020-12-07 09:30,119.01,122.02,118.28,120.68,4445128
1607437800,2020-12-08 09:30,121.27,122.91,120.15,122.17,4349588
1607524200,2020-12-09 09:30,123.88,125.53,118.76,119.98,7841698
1607610600,2020-12-10 09:30,117.75,125.32,117.72,125.2,5094458
1607697000,2020-12-11 09:30,124.94,125.84,121.6801,123.87,5271138
1607956200,2020-12-14 09:30,126.09,127.65,124.2001,124.25,4670451
1608042600,2020-12-15 09:30,126.45,126.45,123.24,124.3,4390551
1608129000,2020-12-16 09:30,124.7,125.13,122.5223,123.95,3231593
1608215400,2020-12-17 09:30,125.34,126.54,124.79,126.07,3860680
1608301800,2020-12-18 09:30,127.57,128.199,125.94,127.3,4205140
1608561000,2020-12-21 09:30,126.97,133.01,126.25,131.34,6958920
1608647400,2020-12-22 09:30,134.4,135.729,132.67,135.05,7465764
1608733800,2020-12-23 09:30,137.0181,137.08,132.81,134.96,7202886
1608820200,2020-12-24 09:30,135.64,136.08,132.42,133.03,4038272
1609165800,2020-12-28 09:30,135.55,135.85,129.72,129.8,9479834
1609252200,2020-12-29 09:30,128.53,128.69,120.81,124.32,10938423
1609338600,2020-12-30 09:30,125.7821,127.55,125.56,127.1,5106311
1609425000,2020-12-31 09:30,127.72,127.74,123.965,124.49,5444844
1609770600,2021-01-04 09:30,126.22,127.19,122.44,124.69,8314433
1609857000,2021-01-05 09:30,124.38,127.84,124.08,127.76,5362219
1609943400,2021-01-06 09:30,126.69,131.15,125.85,128.23,6847549
1610029800,2021-01-07 09:30,131.16,138.62,131.13,138.38,8145072
1610116200,2021-01-08 09:30,142.03,145.64,139.29,142.48,12830291
1610375400,2021-01-11 09:30,140.25,140.63,136.8,138.22,8217794
1610461800,2021-01-12 09:30,140.18,141.66,139.04,140.99,6045303
1610548200,2021-01-13 09:30,141.93,143.5,140.5,141.72,5182132
1610634600,2021-01-14 09:30,143.3621,147.45,142.78,145.28,7691086
1610721000,2021-01-15 09:30,146.87,148.01,141.68,141.91,9489447
1611066600,2021-01-19 09:30,145.36,146.22,144.11,146.13,7212007
1611153000,2021-01-20 09:30,148.9525,149.8,146.71,147.11,7964428
1611239400,2021-01-21 09:30,148.42,148.42,144.54,144.81,7291688
1611325800,2021-01-22 09:30,144.1001,146.17,143.89,146.08,5714757
1611585000,2021-01-25 09:30,148.5621,149.85,142.93,146.67,8570832
1611671400,2021-01-26 09:30,147.25,147.34,141.72,141.83,8106443
1611757800,2021-01-27 09:30,139.0639,142.5,135.17,138.35,10003893
1611844200,2021-01-28 09:30,138.57,141.84,138.14,140.37,5865365
1611930600,2021-01-29 09:30,139.86,141.18,135.0501,137.44,7195518
1612189800,2021-02-01 09:30,139.98,142.8,138.41,142.62,7828499
1612276200,2021-02-02 09:30,145.3,147.95,144.9301,146.89,7960780
1612362600,2021-02-03 09:30,148.63,148.7,145.42,146.11,6504229
1612449000,2021-02-04 09:30,147.93,148.5,146.9156,148.35,5259889
1612535400,2021-02-05 09:30,148.8,149.75,147.42,149.46,5591909
1612794600,2021-02-08 09:30,152.05,153.89,151.45,153.31,8619009
1612881000,2021-02-09 09:30,153.91,156.65,152.83,154.93,8122943
1612967400,2021-02-10 09:30,157.2,157.91,150.46,153.1,14325842
1613053800,2021-02-11 09:30,155,156.38,152.38,154.57,8839330
1613140200,2021-02-12 09:30,153.88,156.6,152.01,156.58,6685566
1613485800,2021-02-16 09:30,159.05,159.7,154.73,155.12,11148788
1613572200,2021-02-17 09:30,153.49,153.51,147.46,152.17,13601968
1613658600,2021-02-18 09:30,149.0487,150.22,146.09,149.19,10989938
1613745000,2021-02-19 09:30,151.5,154,151,152.61,7901725
1614004200,2021-02-22 09:30,149.72,150.93,143.25,143.78,16451027
1614090600,2021-02-23 09:30,136.18,139.99,126.815,139.04,37538994
1614177000,2021-02-24 09:30,138.44,140.22,134.5,138.32,15840247
1614263400,2021-02-25 09:30,136.18,138.69,128.4108,129.51,16444794
1614349800,2021-02-26 09:30,130.7,132.97,126.07,130.36,16969213
1614609000,2021-03-01 09:30,134.54,137,133.51,136.7,11580280
1614695400,2021-03-02 09:30,138.25,138.37,133.16,133.51,9279088
1614781800,2021-03-03 09:30,132.91,133.44,124.44,125.11,16503018
1614868200,2021-03-04 09:30,124.2,125.9299,114.63,118.43,27279272
1614954600,2021-03-05 09:30,119.22,119.44,106.25,117.07,38985532
1615213800,2021-03-08 09:30,117,118.88,109.24,110.26,23537497
1615300200,2021-03-09 09:30,117,122.86,116.3,121.75,25294535
1615386600,2021-03-10 09:30,126.17,126.75,120.5,121.19,19524794
1615473000,2021-03-11 09:30,125.96,129.12,124.52,128.68,18698853
1615559400,2021-03-12 09:30,125,126.69,122.57,126.68,15390007
1615815000,2021-03-15 09:30,127.05,128.92,125.52,128.88,10085747
1615901400,2021-03-16 09:30,130.51,130.8,123.98,126.02,13908026
1615987800,2021-03-17 09:30,122.75,129,120.94,127.46,14592431
1616074200,2021-03-18 09:30,124.36,125.15,119.51,120.07,14820551
1616160600,2021-03-19 09:30,119.99,122.73,118.2,122.36,12515262
1616419800,2021-03-22 09:30,124,126.38,122.53,124.72,8948069
1616506200,2021-03-23 09:30,124.7905,124.7905,121.15,121.7,7454405
1616592600,2021-03-24 09:30,122.5,122.68,114.55,114.78,18523895
1616679000,2021-03-25 09:30,111.36,114.88,110.39,114.42,21016039
1616765400,2021-03-26 09:30,114.43,115.94,109.55,113.97,17712323
1617024600,2021-03-29 09:30,113.6,113.65,109.73,111.17,14228209
1617111000,2021-03-30 09:30,110,114.8,108.81,114.42,14589370
1617197400,2021-03-31 09:30,115.94,120.51,115.86,119.95,17368508
1617283800,2021-04-01 09:30,122.96,124.625,120.57,120.85,12606143
1617629400,2021-04-05 09:30,124.36,124.36,120.67,121.64,9480804
1617715800,2021-04-06 09:30,121.67,125.025,121.48,123.83,8739838
1617802200,2021-04-07 09:30,123.31,123.85,120.61,120.82,6131150
1617888600,2021-04-08 09:30,122.8,124.41,122.63,124.14,6610922
1617975000,2021-04-09 09:30,123.01,123.42,121.9401,123.26,5564114
1618234200,2021-04-12 09:30,122.69,122.9,120.23,122.47,5261325
1618320600,2021-04-13 09:30,123.28,127.71,123.28,127.56,12014850
1618407000,2021-04-14 09:30,128.3,130.28,124.51,124.87,9959208
1618493400,2021-04-15 09:30,126.84,127.42,125.32,126.62,7953875
1618579800,2021-04-16 09:30,126.51,126.62,123.405,124.38,6910999
1618839000,2021-04-19 09:30,122.57,123.7,118.94,120.44,11418337
1618925400,2021-04-20 09:30,120.13,121.885,117.23,119,9825747
1619011800,2021-04-21 09:30,117.78,121.82,116.54,121.82,6537532
1619098200,2021-04-22 09:30,122.54,124.42,120.37,121.41,7751506
1619184600,2021-04-23 09:30,121.9241,123.925,121.53,123.7,4770412
1619443800,2021-04-26 09:30,124.63,127.82,123.52,127.73,6403904
1619530200,2021-04-27 09:30,127.62,128.14,125.2,126.24,4985324
1619616600,2021-04-28 09:30,125.3,126.46,123.88,125.38,5190164
1619703000,2021-04-29 09:30,126.15,126.3,120.58,121.76,9313477
1619789400,2021-04-30 09:30,120.09,122.61,119.85,120.77,6921869
1620048600,2021-05-03 09:30,121.21,121.41,116.71,116.91,10956163
1620135000,2021-05-04 09:30,115.48,115.5,111.16,113.29,14620981
1620221400,2021-05-05 09:30,114.66,114.66,110.71,111.55,6002904
1620307800,2021-05-06 09:30,110.62,110.62,105.68,108.34,17515441
1620394200,2021-05-07 09:30,111.02,113.13,109.13,109.72,14769442
1620653400,2021-05-10 09:30,108.38,108.39,103.9,103.98,17802469
1620739800,2021-05-11 09:30,99.86,107.13,98.89,106.12,30440476
1620826200,2021-05-12 09:30,103.34,105.84,101.53,102.16,17478859
1620912600,2021-05-13 09:30,103.29,104.68,97.22,99.48,29699521
1620999000,2021-05-14 09:30,101.85,104.64,100.57,104.31,20572504
1621258200,2021-05-17 09:30,102.75,104.8801,100.94,103.31,16239677
1621344600,2021-05-18 09:30,103.31,107.19,102.28,104.79,17658618
1621431000,2021-05-19 09:30,100.04,103.24,100.03,102.97,18364797
1621517400,2021-05-20 09:30,104.5,107.11,104.0499,106.59,11797551
1621603800,2021-05-21 09:30,107.65,108.1399,105.71,105.84,11478728
1621863000,2021-05-24 09:30,106.83,109.49,105.9,108.73,9325315
1621949400,2021-05-25 09:30,109.5,110.77,108.3205,109.38,8821299
1622035800,2021-05-26 09:30,109.97,111.75,109.76,111.43,8339972
1622122200,2021-05-27 09:30,111.29,112.305,109.27,112.28,7496527
1622208600,2021-05-28 09:30,112.4579,115.14,111.85,112.1,9217732
1622554200,2021-06-01 09:30,112.85,113.74,110.051,111.25,7496088
1622640600,2021-06-02 09:30,111.33,112.23,110.264,111.3,7250375
1622727000,2021-06-03 09:30,109.81,110.68,107.39,107.43,10095830
1622813400,2021-06-04 09:30,108.8,110.295,108.44,109.51,6581585
1623072600,2021-06-07 09:30,109.27,113.05,108.93,112.69,7392175
1623159000,2021-06-08 09:30,113.7499,114.77,110.72,113.13,6810705
1623245400,2021-06-09 09:30,113.75,114.72,112.65,112.85,7349181
1623331800,2021-06-10 09:30,112.45,115.13,112.1375,114.97,7184401
1623418200,2021-06-11 09:30,115.47,116.16,114.82,116.12,6661174
1623677400,2021-06-14 09:30,116.59,118.908,116.41,118.33,8466991
1623763800,2021-06-15 09:30,117.85,118.05,114.64,115.09,8590490
1623850200,2021-06-16 09:30,114.9,115.77,111.88,114.53,12257779
1623936600,2021-06-17 09:30,113.8,119.16,113.62,118.5,12696609
1624023000,2021-06-18 09:30,117.77,119.85,117.3801,118.9,8363917
1624282200,2021-06-21 09:30,118.47,120.18,116.52,119.51,5448573
1624368600,2021-06-22 09:30,119.04,121.0499,118.85,121.02,6356747
1624455000,2021-06-23 09:30,121.5,123.88,121.22,123.53,7841349
1624541400,2021-06-24 09:30,124.91,127.22,124.52,125.28,9897568
1624627800,2021-06-25 09:30,125.94,126.33,124.03,125.49,7330180
1624887000,2021-06-28 09:30,128.7,130.83,128.534,130.23,10325594
1624973400,2021-06-29 09:30,130.07,131.499,129.01,130.88,7071339
1625059800,2021-06-30 09:30,130.55,132.5,129.06,130.78,9309809
1625146200,2021-07-01 09:30,130.75,131.55,127.28,129.16,7373177
1625232600,2021-07-02 09:30,129.88,131.43,127.89,128.15,5891693
1625578200,2021-07-06 09:30,128.1,128.976,126.4101,127.24,7372568
1625664600,2021-07-07 09:30,128.01,128.28,123.12,124.26,9314231
1625751000,2021-07-08 09:30,120.38,124.34,119.39,123.31,9659898
1625837400,2021-07-09 09:30,123.61,125.9,122.03,125.62,6307448
1626096600,2021-07-12 09:30,126.24,127.4,124.01,124.74,4063559
1626183000,2021-07-13 09:30,124.49,124.95,122.2,122.27,6477401
1626269400,2021-07-14 09:30,123.31,123.31,118.07,118.17,10496994
1626355800,2021-07-15 09:30,118.05,119.41,114.4585,116.4,12755645
1626442200,2021-07-16 09:30,117.81,117.94,115.45,116.53,7648180
1626701400,2021-07-19 09:30,113.92,117.58,113.27,117.28,11861771
1626787800,2021-07-20 09:30,117.51,121.175,116.45,120.76,6707699
1626874200,2021-07-21 09:30,120.875,122.91,119.98,122.66,5738169
1626960600,2021-07-22 09:30,122.5,123.42,121.25,121.71,4781538
1627047000,2021-07-23 09:30,122,122.56,120.38,122.43,4388547
1627306200,2021-07-26 09:30,122.5,123.11,120.95,121.6,5802409
1627392600,2021-07-27 09:30,121,121.52,115.5825,118.62,10982264
1627479000,2021-07-28 09:30,118.56,121.78,117.96,121.35,5810722
1627565400,2021-07-29 09:30,121.16,123.23,120.67,121.6,3759687
1627651800,2021-07-30 09:30,120,122.41,119.62,120,5263237
1627911000,2021-08-02 09:30,120.54,122.44,119.09,121.12,5211827
1627997400,2021-08-03 09:30,121.31,121.49,118.52,120.22,6748904
1628083800,2021-08-04 09:30,120.08,123.39,119.99,123.28,5300877
1628170200,2021-08-05 09:30,122.52,126.25,121.74,125.57,5259951
1628256600,2021-08-06 09:30,125.27,125.73,122.29,123.01,6044653
1628515800,2021-08-09 09:30,123.63,125.48,122.98,124.7,4528052
1628602200,2021-08-10 09:30,124.87,125.57,121.42,121.44,5387067
1628688600,2021-08-11 09:30,122.56,122.88,119.36,121.3,6007885
1628775000,2021-08-12 09:30,120.9,122.29,120.59,121.85,3326248
1628861400,2021-08-13 09:30,121.96,122.1,119.91,120.1,3973460
1629120600,2021-08-16 09:30,119.25,119.3,115.23,116.98,7769012
1629207000,2021-08-17 09:30,115.38,116.81,114.23,115.89,8425745
1629293400,2021-08-18 09:30,116.06,117.99,114.94,115.84,6016242
1629379800,2021-08-19 09:30,114.26,116.14,113.54,113.85,5713690
1629466200,2021-08-20 09:30,114.35,116.16,114.15,115.8,4591131
1629725400,2021-08-23 09:30,116.99,119.61,116.86,119.48,6587085
1629811800,2021-08-24 09:30,120.3,121.12,119.83,121.06,5165914
1629898200,2021-08-25 09:30,120.94,121.5,120.19,121.03,3508715
1629984600,2021-08-26 09:30,120.72,122.36,118.87,119.16,4715808
1630071000,2021-08-27 09:30,119.82,122.39,119.3506,122.03,3793528
1630330200,2021-08-30 09:30,122.24,123.26,121.49,122.79,2992413
1630416600,2021-08-31 09:30,121.65,122.41,120.72,122.03,3926229
1630503000,2021-09-01 09:30,122.5,124.73,122.3,123.72,4673701
1630589400,2021-09-02 09:30,124.5099,125.35,124.05,124.83,3214793
1630675800,2021-09-03 09:30,124.52,125.61,123.85,125.07,3917165
1631021400,2021-09-07 09:30,125.21,126.32,124.18,124.71,4136588
1631107800,2021-09-08 09:30,124.06,124.06,120.37,121.17,6390834
1631194200,2021-09-09 09:30,121.18,123.47,120.92,121.71,3648667
1631280600,2021-09-10 09:30,122.65,122.97,120.44,120.46,3342891
1631539800,2021-09-13 09:30,120.72,120.81,116.14,118.17,6979994
1631626200,2021-09-14 09:30,118.74,119.55,116.47,116.86,5234035
1631712600,2021-09-15 09:30,116.96,117.97,115.6,117.82,4674953
1631799000,2021-09-16 09:30,117.47,118.95,116.4,118.57,4739825
1631885400,2021-09-17 09:30,118.83,121.5,117.86,121.5,7752113
1632144600,2021-09-20 09:30,116.97,118.619,114.44,116.14,9990078
1632231000,2021-09-21 09:30,117.26,118.14,116.22,117.14,5092311
1632317400,2021-09-22 09:30,117.18,118.98,116.87,118.11,3659486
1632403800,2021-09-23 09:30,119.31,119.52,118.13,119.34,4162976
1632490200,2021-09-24 09:30,118.09,118.4,116.27,117.13,5075798
1632749400,2021-09-27 09:30,116.51,117.27,114.6,117.03,8196800
1632835800,2021-09-28 09:30,115.29,115.58,111.81,112.14,12146139
1632922200,2021-09-29 09:30,112.92,113.34,109.6,109.72,8954867
1633008600,2021-09-30 09:30,110.35,111.71,110,110.53,8556135
1633095000,2021-10-01 09:30,111.02,111.45,109.14,111.17,5252219
1633354200,2021-10-04 09:30,110.72,110.82,106.35,107.19,7650474
1633440600,2021-10-05 09:30,107.57,110.23,107.57,109.04,5582368
1633527000,2021-10-06 09:30,108,110.33,107.73,109.94,4677215
1633613400,2021-10-07 09:30,111.2,113.38,110.94,112.6,5129819
1633699800,2021-10-08 09:30,112.97,113.12,110.45,110.6,4477506
1633959000,2021-10-11 09:30,110.19,112.06,109.76,110.24,4014145
1634045400,2021-10-12 09:30,110.77,112.33,110.6581,111.74,3844634
1634131800,2021-10-13 09:30,112.01,113.52,111.94,113.43,4490622
1634218200,2021-10-14 09:30,115,116.58,114.65,115.58,4865548
1634304600,2021-10-15 09:30,116.43,116.49,115.31,115.8,3538181
1634563800,2021-10-18 09:30,115.03,117.19,114.9401,117.05,3927324
1634650200,2021-10-19 09:30,117.7,120.17,117.5302,119.6,5706741
1634736600,2021-10-20 09:30,120.1408,120.4,118.16,118.7,3666513
1634823000,2021-10-21 09:30,118.44,120.76,118.37,119.66,4406766
1634909400,2021-10-22 09:30,119.1,119.13,116.69,117.75,4944667
1635168600,2021-10-25 09:30,118.59,122.28,117.801,121.81,7614575
1635255000,2021-10-26 09:30,122.65,124.45,120.58,121.2,7907302
1635341400,2021-10-27 09:30,121.27,121.87,118.68,118.68,4869331
1635427800,2021-10-28 09:30,118.7,122.215,118.54,121.77,4681740
1635514200,2021-10-29 09:30,120.92,122.059,120.71,121.28,3166363
1635773400,2021-11-01 09:30,121.93,125.15,121.89,125.12,6516504
1635859800,2021-11-02 09:30,124.56,124.56,121.87,123.09,5595851
1635946200,2021-11-03 09:30,122.28,124.67,121.36,124.64,3928424
1636032600,2021-11-04 09:30,124.7321,125.86,123.2877,124.39,7436081
1636119000,2021-11-05 09:30,123.96,124.501,121.02,122.29,5807110
1636381800,2021-11-08 09:30,121.69,124.3,121.61,123.4,3428846
1636468200,2021-11-09 09:30,123.91,124.22,119.65,120.57,5724120
1636554600,2021-11-10 09:30,118.42,120.785,115.2,116.54,7951866
1636641000,2021-11-11 09:30,118.28,118.78,117.1,117.34,3978070
1636727400,2021-11-12 09:30,117.77,118.52,116.71,118.49,3740706
1636986600,2021-11-15 09:30,118.85,119.05,116.64,117.53,3690211
1637073000,2021-11-16 09:30,116.74,118.92,116.12,118.92,3324495
1637159400,2021-11-17 09:30,118.37,118.71,116.17,116.72,3902598
1637245800,2021-11-18 09:30,117.13,117.73,113.22,113.82,6031652
1637332200,2021-11-19 09:30,114.29,115.3,113.01,113.24,5806108
1637591400,2021-11-22 09:30,113.4,113.51,107.59,108.49,9031902
1637677800,2021-11-23 09:30,107.96,108.59,103.58,105.96,10301376
1637764200,2021-11-24 09:30,105.03,108.02,103.64,107.77,7798003
1637937000,2021-11-26 09:30,107.572,108.8099,106.33,107.12,6118950
1638196200,2021-11-29 09:30,108.55,108.77,104.905,106.92,5724151
1638282600,2021-11-30 09:30,107,108.88,103.73,105.69,9609186
1638369000,2021-12-01 09:30,106.75,106.98,98.53,98.6,11352102
1638455400,2021-12-02 09:30,98.64,101.12,96.47,99.02,14404737
1638541800,2021-12-03 09:30,98.66,99,91.66,93.53,20003907
1638801000,2021-12-06 09:30,92.03,95.08,89.03,94.95,19380268
1638887400,2021-12-07 09:30,97.88,101.33,97.85,100.11,13508976
1638973800,2021-12-08 09:30,100.52,103.92,98.28,103.22,11292943
1639060200,2021-12-09 09:30,102.68,103.54,97.44,97.73,14074234
1639146600,2021-12-10 09:30,98.95,100.57,95.61,96.17,13081308
1639405800,2021-12-13 09:30,95.79,96.89,92.46,94.5,17118473
1639492200,2021-12-14 09:30,92.37,94.72,91.53,93.42,12551322
1639578600,2021-12-15 09:30,93.05,95.79,90.055,95.43,24028046
1639665000,2021-12-16 09:30,96.84,97.07,90.87,91.87,20432289
1639751400,2021-12-17 09:30,90.82,97.51,89.6,97.2,26902838
1640010600,2021-12-20 09:30,95,96.46,93.28,94.73,13357610
1640097000,2021-12-21 09:30,96.14,98.49,94.7,98.37,11462755
1640183400,2021-12-22 09:30,98.24,99.88,96.93,98.26,12428091
1640269800,2021-12-23 09:30,98.11,99.71,96.03,99.07,8100725
1640615400,2021-12-27 09:30,98.7,99.14,97.07,97.41,7416255
1640701800,2021-12-28 09:30,97.24,99.03,95.48,95.63,9604385
1640788200,2021-12-29 09:30,94.79,95.15,92.78,93.83,9883272
1640874600,2021-12-30 09:30,93.33,98.43,93.33,96.7,9528370
1640961000,2021-12-31 09:30,96.71,98.075,94.48,94.59,7090680
1641220200,2022-01-03 09:30,96,97.17,93.44,96.99,10381061
1641306600,2022-01-04 09:30,96.73,97,90.515,92.69,19120908
1641393000,2022-01-05 09:30,91.45,92.95,85.63,86.12,20246504
1641479400,2022-01-06 09:30,85.97,87.59,82.65,85.58,20026503
1641565800,2022-01-07 09:30,85.85,88.59,83.9,84.42,15288559
1641825000,2022-01-10 09:30,83.2231,84.69,80.1,84.64,23683022
1641911400,2022-01-11 09:30,84.42,87.55,83.3,86.98,13833922
1641997800,2022-01-12 09:30,87.97,89.34,84.33,84.56,19750915
1642084200,2022-01-13 09:30,85.01,85.17,79.845,79.98,25331694
1642170600,2022-01-14 09:30,79.45,81.29,77.53,80.24,25199249
1642516200,2022-01-18 09:30,78.7399,80.66,76.91,76.91,23466142
1642602600,2022-01-19 09:30,77.7,79.48,75.66,75.75,31651969
1642689000,2022-01-20 09:30,77.05,80.84,75.61,75.87,24563174
1642775400,2022-01-21 09:30,74.8,76.36,71.49,71.52,38022897
1643034600,2022-01-24 09:30,68.59,73.57,64.98,73.54,66449087
1643121000,2022-01-25 09:30,71.36,73.46,69.19,70.8,37188007
1643207400,2022-01-26 09:30,73.44,74.91,68.54,69.03,34295779
1643293800,2022-01-27 09:30,70.59,70.65,66.041,66.33,21663665
1643380200,2022-01-28 09:30,66.22,69.51,64.35,68.91,38032820
1643639400,2022-01-31 09:30,70.06,75.44,69.77,75.43,28613216
1643725800,2022-02-01 09:30,76.69,77.38,73.29,77.08,23869920
1643812200,2022-02-02 09:30,77.41,77.56,71.91,73.14,30933503
1643898600,2022-02-03 09:30,70.14,72.02,68.86,69.04,31392266
1643985000,2022-02-04 09:30,69.7499,73.645,68.2,72.75,29067147
1644244200,2022-02-07 09:30,72.6699,75.71,71.81,72.48,20577133
1644330600,2022-02-08 09:30,72.03,72.78,70.46,72.39,17707172
1644417000,2022-02-09 09:30,73.63,76.48,73.52,76.11,22089121
1644503400,2022-02-10 09:30,74.31,78.25,73.1,73.76,32600439
1644589800,2022-02-11 09:30,74.25,76.24,70.92,71.9,30130348
1644849000,2022-02-14 09:30,71.54,74.13,70.56,71.39,22902523
1644935400,2022-02-15 09:30,72.99,75.39,72.28,75.28,19152350
1645021800,2022-02-16 09:30,73.82,73.83,71.67,72.87,15095660
1645108200,2022-02-17 09:30,71.66,71.91,67.73,68.18,19486060
1645194600,2022-02-18 09:30,67.115,67.66,63.99,64.8,26833180
1645540200,2022-02-22 09:30,63.45,66.29,62.75,63.39,26141555
1645626600,2022-02-23 09:30,64.08,64.87,60.87,60.88,22715613
1645713000,2022-02-24 09:30,57.55,65.95,57.5,65.62,37847547
1645799400,2022-02-25 09:30,66.53,67.82,63.95,67.82,23424141
1646058600,2022-02-28 09:30,68.0699,71.38,67.45,70.47,24211256
1646145000,2022-03-01 09:30,70.2,71.23,67.68,68.31,20732997
1646231400,2022-03-02 09:30,68.47,68.63,65.15,67.56,18851090
1646317800,2022-03-03 09:30,68.0213,68.04,62.73,63.26,24278235
1646404200,2022-03-04 09:30,63.26,64.41,59.7,60.23,22967601
1646663400,2022-03-07 09:30,60.83,62.18,58.02,58.05,24605554
1646749800,2022-03-08 09:30,57.69,61.21,56.22,58.62,31957190
1646836200,2022-03-09 09:30,60.37,62.56,60.3,61.71,20602057
1646922600,2022-03-10 09:30,60.52,60.56,58.15,59.54,18053678
1647009000,2022-03-11 09:30,60.38,60.4,55.33,55.58,26358386
1647264600,2022-03-14 09:30,55.09,55.98,52.06,52.29,28904195
1647351000,2022-03-15 09:30,52.67,54.72,51.85,54.39,28910465
1647437400,2022-03-16 09:30,55.8,60.04,55.71,60.04,42136402
1647523800,2022-03-17 09:30,59.29,62.94,58.55,62.93,24872485
1647610200,2022-03-18 09:30,62.28,65.97,62.24,65.77,31000255
1647869400,2022-03-21 09:30,65.14,66,62.61,63.98,26482812
1647955800,2022-03-22 09:30,63.91,67.58,63.83,66.97,23129983
1648042200,2022-03-23 09:30,65.94,68.23,64.72,65.67,20568113
1648128600,2022-03-24 09:30,66.27,66.45,63.365,66.4,20788120
1648215000,2022-03-25 09:30,66.24,66.5,63.46,64.51,22184837
1648474200,2022-03-28 09:30,65.42,67.37,64.52,67.06,19877551
1648560600,2022-03-29 09:30,68.528,72.005,67.935,71.39,30754486
1648647000,2022-03-30 09:30,70.48,71.9,68.15,68.68,27168224
1648733400,2022-03-31 09:30,68.39,68.65,66.27,66.29,17418339
1648819800,2022-04-01 09:30,66.7653,68.615,66.31,67.54,15783320
1649079000,2022-04-04 09:30,68.22,70.84,67.99,70.5,15964813
1649165400,2022-04-05 09:30,70.17,70.68,66.21,66.48,20621374
1649251800,2022-04-06 09:30,64.85,65.17,61.9199,63.4,35519954
1649338200,2022-04-07 09:30,63.16,64.77,60.61,62.66,24830526
1649424600,2022-04-08 09:30,62.2,62.58,60.42,60.65,20603631
1649683800,2022-04-11 09:30,59.31,60.82,58.16,59.84,20493142
1649770200,2022-04-12 09:30,61.438,63.25,59.36,59.84,25354333
1649856600,2022-04-13 09:30,59.58,62.12,59.02,61.73,20889915
1649943000,2022-04-14 09:30,61.53,61.58,58.9,58.99,21319347
1650288600,2022-04-18 09:30,58.57,58.895,56.3199,57.35,16187357
1650375000,2022-04-19 09:30,57.21,60.42,56.86,59.67,18305921
1650461400,2022-04-20 09:30,59.27,59.43,56.13,56.13,22753093
1650547800,2022-04-21 09:30,57.76,58.73,52.91,53.34,26813974
1650634200,2022-04-22 09:30,53.53,54.97,52.12,52.46,21931025
1650893400,2022-04-25 09:30,52.04,54.62,51.95,54.35,26061290
1650979800,2022-04-26 09:30,53.82,54.19,50.51,50.68,23989491
1651066200,2022-04-27 09:30,50.61,51.84,49.46,49.56,25873671
1651152600,2022-04-28 09:30,48.6801,49.61,45.89,48.87,38939122
1651239000,2022-04-29 09:30,48.63,51.2682,47.09,47.13,24789641
1651498200,2022-05-02 09:30,47,50.13,46.35,50.13,33583965
1651584600,2022-05-03 09:30,49.68,51.4199,49.14,49.87,21910716
1651671000,2022-05-04 09:30,49.74,52.71,47.46,52.43,51205400
1651757400,2022-05-05 09:30,51.23,51.23,46.95,47.75,37096809
1651843800,2022-05-06 09:30,47.64,47.64,43.99,45.63,44973077
1652103000,2022-05-09 09:30,44.12,44.975,40.755,41.13,43539567
1652189400,2022-05-10 09:30,42.65,44.11,38.72,41.08,59822477
1652275800,2022-05-11 09:30,39.26,41,36.63,36.93,71471910
1652362200,2022-05-12 09:30,35.92,40.54,35.1,38.99,79683492
1652448600,2022-05-13 09:30,41.01,44.11,40.8611,43.6,61854247
1652707800,2022-05-16 09:30,43.21,43.92,40.925,41.02,45703179
1652794200,2022-05-17 09:30,42.52,43.38,40.67,43.08,35939679
1652880600,2022-05-18 09:30,42.06,43.74,40.96,41.17,35805555
1652967000,2022-05-19 09:30,41.21,44.15,40.72,43.03,47656980
1653053400,2022-05-20 09:30,43.85,44.45,39.98,42.41,39631215
1653312600,2022-05-23 09:30,42.54,42.86,40.757,42.14,33045445
1653399000,2022-05-24 09:30,41.1,41.2825,38.62,39.21,37753985
1653485400,2022-05-25 09:30,39.09,41.44,39.06,41.03,31671497
1653571800,2022-05-26 09:30,40.7,43,40.44,42.63,26800273
1653658200,2022-05-27 09:30,43.25,45.44,43.16,45.41,30032519
1654003800,2022-05-31 09:30,45.59,46.05,43.22,44.09,31455171
1654090200,2022-06-01 09:30,44.18,44.99,41.78,42.5,33850689
1654176600,2022-06-02 09:30,42.68,46.08,42.21,45.63,32364020
1654263000,2022-06-03 09:30,44.09,44.82,42.82,43.16,29389356
1654522200,2022-06-06 09:30,44.44,44.85,42.69,43.49,26421705
1654608600,2022-06-07 09:30,42.525,44.8398,42.1,44.78,22570609
1654695000,2022-06-08 09:30,44.87,46.94,44.76,45.99,29138539
1654781400,2022-06-09 09:30,45.65,46.02,43.19,43.2,26094608
1654867800,2022-06-10 09:30,41.61,42.34,39.82,40.11,35927280
1655127000,2022-06-13 09:30,37.76,38.39,36.27,36.58,37771386
1655213400,2022-06-14 09:30,37.1,37.52,35.65,36.99,29587180
1655299800,2022-06-15 09:30,37.43,40.08,37.192,39.42,43043654
1655386200,2022-06-16 09:30,37.6186,38.03,36.46,36.98,32535976
1655472600,2022-06-17 09:30,37.1601,39.25,37.1601,38.8,33022174
1655818200,2022-06-21 09:30,39.93,41.93,39.81,40.5,31473110
1655904600,2022-06-22 09:30,39.62,42.075,39.35,41.11,29914648
1655991000,2022-06-23 09:30,41.63,44.24,40.79,44.03,33227427
1656077400,2022-06-24 09:30,44.77,45.99,43.96,45.83,35391267
1656336600,2022-06-27 09:30,45.825,46.27,43.58,44.8,27260898
1656423000,2022-06-28 09:30,44.73,45.37,42.04,42.17,32096078
1656509400,2022-06-29 09:30,41.89,42.24,40.7,41.51,19880399
1656595800,2022-06-30 09:30,40.75,41.03,39.11,39.88,28027406
1656682200,2022-07-01 09:30,40.37,41.81,40.02,41.22,24141834
1657027800,2022-07-05 09:30,40.57,44.975,39.84,44.97,35158834
1657114200,2022-07-06 09:30,44.78,45.96,43.56,43.96,32722575
1657200600,2022-07-07 09:30,44.09,46.9,43.81,46.83,24738345
1657287000,2022-07-08 09:30,45.7,48.12,45.35,46.86,31978072
1657546200,2022-07-11 09:30,46.18,46.49,43.51,43.62,27702208
1657632600,2022-07-12 09:30,44.36,45.285,42.64,44.32,27942066
1657719000,2022-07-13 09:30,42.44,45.155,42.315,44.01,27190343
1657805400,2022-07-14 09:30,43.61,43.91,42.27,43.1,20181468
1657891800,2022-07-15 09:30,43.64,44.1881,42.2,44.11,24023437
1658151000,2022-07-18 09:30,45.25,46.175,43.68,43.97,20960594
1658237400,2022-07-19 09:30,44.86,45.845,43.44,45.8,22726085
1658323800,2022-07-20 09:30,46.14,49.02,46.01,48.12,33357576
1658410200,2022-07-21 09:30,47.69,49.25,47.39,48.96,24568023
1658496600,2022-07-22 09:30,49,49.34,45.7418,46.25,26650857
1658755800,2022-07-25 09:30,45.94,46.2,44.68,45.65,15385606
1658842200,2022-07-26 09:30,44.77,44.78,43.411,43.47,19099251
1658928600,2022-07-27 09:30,44.5101,46.65,43.94,46.38,24411205
1659015000,2022-07-28 09:30,45.945,46.9,44.13,46.18,23455196
1659101400,2022-07-29 09:30,44.81,45.31,44.0201,45.13,18632604
1659360600,2022-08-01 09:30,44.49,46.63,44.015,45.69,17273774
1659447000,2022-08-02 09:30,45,47.7,44.88,46.91,22795968
1659533400,2022-08-03 09:30,47.98,50.04,47.32,49.76,25538983
1659619800,2022-08-04 09:30,50.0699,51.15,49,50.17,21185206
1659706200,2022-08-05 09:30,48.68,50.78,47.96,50.07,24414752
1659965400,2022-08-08 09:30,50.47,52.425,50.27,50.8,23057688
1660051800,2022-08-09 09:30,49.86,50.0143,47.38,48.03,23306823
1660138200,2022-08-10 09:30,50.35,51.65,49.05,51.57,29012001
1660224600,2022-08-11 09:30,52.24,53.86,49.69,49.92,35137308
1660311000,2022-08-12 09:30,50.73,52.07,49.91,52.01,20859748
1660570200,2022-08-15 09:30,51.55,52.67,51.15,52.19,14842446
1660656600,2022-08-16 09:30,51.98,52.12,49.325,50.74,23830345
1660743000,2022-08-17 09:30,49.5,50.04,47.88,48.03,26056258
1660829400,2022-08-18 09:30,48.1067,48.15,46.8,47.5,20655139
1660915800,2022-08-19 09:30,46.24,46.41,44.49,44.69,26784384
1661175000,2022-08-22 09:30,43.96,44.79,43.28,43.61,23561064
1661261400,2022-08-23 09:30,43.5001,44.6,42.73,43.37,20718802
1661347800,2022-08-24 09:30,43.58,45.15,43.14,44.5,17333096
1661434200,2022-08-25 09:30,45.04,45.78,44.38,45.78,14679748
1661520600,2022-08-26 09:30,45.65,45.73,42.79,42.84,30049901
1661779800,2022-08-29 09:30,41.9,43.4,41.86,42.13,21171970
1661866200,2022-08-30 09:30,42.8,43.2448,41.1801,41.91,20542132
1661952600,2022-08-31 09:30,42.79,43.27,41.49,41.88,21133768
1662039000,2022-09-01 09:30,41.16,41.77,39.79,41.72,31291574
1662125400,2022-09-02 09:30,42.45,42.59,40.38,40.59,25414774
1662471000,2022-09-06 09:30,40.7399,40.85,39.49,40.09,18361913
1662557400,2022-09-07 09:30,39.76,41.55,39.71,41.47,19716688
1662643800,2022-09-08 09:30,40.75,42.73,40.51,42.7,21837280
1662730200,2022-09-09 09:30,43.43,44.81,43.41,44.6,18687173
1662989400,2022-09-12 09:30,44.92,45.68,44.41,45.68,17822961
1663075800,2022-09-13 09:30,43.032,43.5772,42.41,42.58,30460051
1663162200,2022-09-14 09:30,42.71,43.79,41.86,43.75,24922045
1663248600,2022-09-15 09:30,43.22,45.52,43.13,44.71,23100571
1663335000,2022-09-16 09:30,43.53,43.56,42.1,42.58,29729293
1663594200,2022-09-19 09:30,42.01,42.54,41.19,42.49,18806658
1663680600,2022-09-20 09:30,41.9,42.575,41.345,41.44,16091266
1663767000,2022-09-21 09:30,41.62,42.78,40.34,40.34,26726808
1663853400,2022-09-22 09:30,40.06,40.29,38.45,38.61,25651742
1663939800,2022-09-23 09:30,37.9713,38.66,37.09,37.83,29165904
1664199000,2022-09-26 09:30,37.78,39.15,37.33,37.43,22723294
1664285400,2022-09-27 09:30,38.62,39.25,37.475,38.21,24813570
1664371800,2022-09-28 09:30,38.44,40.26,38.2099,39.99,26898133
1664458200,2022-09-29 09:30,39.1,39.29,37.36,37.8,21488620
1664544600,2022-09-30 09:30,37.71,39.45,37.51,37.73,23654086
1664803800,2022-10-03 09:30,38,38.39,36.82,37.9,26619773
1664890200,2022-10-04 09:30,39.3061,40.9,39.25,40.79,31321448
1664976600,2022-10-05 09:30,39.74,40.2899,38.66,40.04,20932494
1665063000,2022-10-06 09:30,39.9,40.969,39.36,40.17,19942271
1665149400,2022-10-07 09:30,39.07,39.19,37.32,37.53,25352593
1665408600,2022-10-10 09:30,37.6,37.6,35.8432,36.3,21146201
1665495000,2022-10-11 09:30,36.04,36.8511,34.625,35.65,29745362
1665581400,2022-10-12 09:30,35.69,36.26,34.81,36.12,20427286
1665667800,2022-10-13 09:30,34.17,36.48,33.74,36.04,31092793
1665754200,2022-10-14 09:30,36.79,37.26,33.93,33.99,26041183
1666013400,2022-10-17 09:30,35.42,36.69,35.28,36.38,24159169
1666099800,2022-10-18 09:30,37.98,38.36,36.215,36.97,24733185
1666186200,2022-10-19 09:30,36.52,36.6,35.1,35.38,23992218
1666272600,2022-10-20 09:30,35.09,36.708,34.92,35.25,22760258
1666359000,2022-10-21 09:30,35.11,35.92,34.29,35.88,28271204
1666618200,2022-10-24 09:30,35.6353,35.68,34.055,35.43,25299696
1666704600,2022-10-25 09:30,35.83,37.9,35.79,37.81,26198139
1666791000,2022-10-26 09:30,37.2731,39.498,37.06,37.89,31298740
1666877400,2022-10-27 09:30,38.67,38.98,37.58,37.87,20079175
1666963800,2022-10-28 09:30,37.83,38.935,37.145,38.89,24616307
1667223000,2022-10-31 09:30,38.55,39.15,37.79,38.28,19914493
1667309400,2022-11-01 09:30,39.47,39.75,38.27,38.29,19113558
1667395800,2022-11-02 09:30,38.17,39.185,36.43,36.44,28772683
1667482200,2022-11-03 09:30,35.58,37.3383,35.3,36.2,21939451
1667568600,2022-11-04 09:30,37.06,37.24,34.32,35.22,29093123
1667831400,2022-11-07 09:30,35.54,35.76,34.2,34.99,20041237
1667917800,2022-11-08 09:30,35.01,36.125,34.1,34.85,30769307
1668004200,2022-11-09 09:30,34.2,34.26,32.51,32.57,30134419
1668090600,2022-11-10 09:30,35.555,37.33,34.85,37.3,48307116
1668177000,2022-11-11 09:30,36.64,40.93,36.39,40.4,44346160
1668436200,2022-11-14 09:30,39.8,40.26,38.75,38.91,31587757
1668522600,2022-11-15 09:30,40.68,41.29,39.39,39.97,31872963
1668609000,2022-11-16 09:30,39.2399,39.32,37.7,37.91,23821234
1668695400,2022-11-17 09:30,36.8199,37.65,36.42,37.12,21338085
1668781800,2022-11-18 09:30,37.99,38.02,36.21,36.56,20206037
1669041000,2022-11-21 09:30,36.16,36.31,34.77,35.2,24082187
1669127400,2022-11-22 09:30,35.168,35.33,34.27,35.31,19686393
1669213800,2022-11-23 09:30,35.46,36.53,35.32,36.32,25525884
1669386600,2022-11-25 09:30,36.03,36.155,35.6,36,8847404
1669645800,2022-11-28 09:30,35.598,36.31,34.785,34.99,16970881
1669732200,2022-11-29 09:30,35.12,35.82,34.682,34.8,17363022
1669818600,2022-11-30 09:30,34.88,37.5,34.72,37.48,35243849
1669905000,2022-12-01 09:30,37.7,38.295,36.86,37.9,24429155
1669991400,2022-12-02 09:30,36.94,38.31,36.73,38.16,21188014
1670250600,2022-12-05 09:30,37.63,38.18,35.83,36.07,25455801
1670337000,2022-12-06 09:30,35.99,36.07,34.33,34.62,22781726
1670423400,2022-12-07 09:30,34.302,34.995,33.96,34.35,22170104
1670509800,2022-12-08 09:30,34.6,35.525,33.85,35.16,22192166
1670596200,2022-12-09 09:30,34.91,35.71,34.6397,34.65,19110932
1670855400,2022-12-12 09:30,34.38,35.31,34.08,35.31,16596330
1670941800,2022-12-13 09:30,37.551,38.375,34.67,35.29,40489331
1671028200,2022-12-14 09:30,35.1,35.77,34.42,34.93,30821614
1671114600,2022-12-15 09:30,33.91,34.34,33.165,33.22,24502941
1671201000,2022-12-16 09:30,33.46,33.87,32.675,33.26,25057112
1671460200,2022-12-19 09:30,33.11,33.26,32.02,32.22,19565611
1671546600,2022-12-20 09:30,31.9,32.82,31.701,32.17,18487895
1671633000,2022-12-21 09:30,32.45,33.19,31.992,32.71,19604994
1671719400,2022-12-22 09:30,32.1,32.125,30.59,31.6,24439715
1671805800,2022-12-23 09:30,31.41,31.65,30.685,30.97,21825954
1672151400,2022-12-27 09:30,30.51,30.59,29.66,29.78,19944695
1672237800,2022-12-28 09:30,29.758,30.28,29.43,29.64,20305290
1672324200,2022-12-29 09:30,30.18,31.39,29.96,31.17,25286942
1672410600,2022-12-30 09:30,30.48,31.28,30.24,31.24,19036502
1672756200,2023-01-03 09:30,31.84,32.15,30.02,30.46,24764597
1672842600,2023-01-04 09:30,30.89,31.94,30.57,31.78,24025505
1672929000,2023-01-05 09:30,31.39,31.43,30.55,31.02,15689522
1673015400,2023-01-06 09:30,30.93,31.68,30.05,31.37,24596242
1673274600,2023-01-09 09:30,32.43,33.45,32.02,32.81,25848474
1673361000,2023-01-10 09:30,32.64,33.64,32.59,33.62,18974595
1673447400,2023-01-11 09:30,33.93,34.76,33.46,34.76,22832089
1673533800,2023-01-12 09:30,34.9,35.5,33.38,35.49,26598214
1673620200,2023-01-13 09:30,34.662,36.02,34.61,35.99,26437435
1673965800,2023-01-17 09:30,36.22,37.12,35.4701,37.04,19280780
1674052200,2023-01-18 09:30,37.59,38.01,35.93,35.95,29262979
1674138600,2023-01-19 09:30,35.3043,35.61,34.435,34.79,24398317
1674225000,2023-01-20 09:30,35.33,36.62,34.81,36.5,25075104
1674484200,2023-01-23 09:30,36.68,38.1,36.32,38.08,24992430
1674570600,2023-01-24 09:30,37.6,38.61,37.272,37.48,22097689
1674657000,2023-01-25 09:30,36.42,37.5793,35.68,37.51,24706599
1674743400,2023-01-26 09:30,38.802,39.17,37.32,38.27,23479267
1674829800,2023-01-27 09:30,38.02,40.69,37.92,40.39,37709739
1675089000,2023-01-30 09:30,39.7,40.08,38.4627,38.51,26755002
1675175400,2023-01-31 09:30,38.69,40.095,38.69,39.93,21537892
1675261800,2023-02-01 09:30,40.1,42.055,39.238,41.69,37584179
1675348200,2023-02-02 09:30,43.34,45.46,43.095,44.41,56094183
1675434600,2023-02-03 09:30,42.42,44.63,42.1,42.85,45729586
1675693800,2023-02-06 09:30,42.202,42.865,41.84,42.24,27496308
1675780200,2023-02-07 09:30,42.28,43.18,41.3,42.98,39347894
1675866600,2023-02-08 09:30,42.73,43.55,41.72,41.74,24619846
1675953000,2023-02-09 09:30,42.54,42.68,40.2338,40.5,25579611
1676039400,2023-02-10 09:30,39.72,40.24,38.73,39.15,32604457
1676298600,2023-02-13 09:30,39.28,40.14,38.57,39.82,20508046
1676385000,2023-02-14 09:30,39.36,40.99,38.845,40.82,33658563
1676471400,2023-02-15 09:30,41.03,43.235,40.97,43.22,35213976
1676557800,2023-02-16 09:30,42.25,43.76,41.715,42.02,41612441
1676644200,2023-02-17 09:30,41.67,41.995,40.73,41.86,46103711
1676989800,2023-02-21 09:30,40.57,41.255,39.295,39.31,37059565
1677076200,2023-02-22 09:30,39.61,40.45,39.175,40.27,26524120
1677162600,2023-02-23 09:30,40.83,40.84,38.46,39.66,35070468
1677249000,2023-02-24 09:30,38.54,38.95,38.05,38.44,34295896
1677508200,2023-02-27 09:30,39.14,39.14,38.355,38.82,19750189
1677594600,2023-02-28 09:30,38.9903,40.07,38.9903,39.62,22610664
1677681000,2023-03-01 09:30,39.46,39.68,38.48,38.7,23423260
1677767400,2023-03-02 09:30,37.888,39.31,37.62,39.18,21924262
1677853800,2023-03-03 09:30,39.34,40.705,39.23,40.46,19546263
1678113000,2023-03-06 09:30,40.67,40.98,39.61,39.62,19469482
1678199400,2023-03-07 09:30,39.61,40.13,38.95,38.96,26274224
1678285800,2023-03-08 09:30,38.91,39.27,38.24,38.91,17547749
1678372200,2023-03-09 09:30,39.06,39.6,37.19,37.29,26786382
1678458600,2023-03-10 09:30,36.94,37.27,35.27,36.02,60854185
1678714200,2023-03-13 09:30,35.6,37.635,34.81,36.98,58533209
1678800600,2023-03-14 09:30,38.19,38.48,37.265,37.77,31615536
1678887000,2023-03-15 09:30,37.06,38.09,37.01,38.07,38618378
1678973400,2023-03-16 09:30,38.53,39.485,37.92,39.24,28000641
1679059800,2023-03-17 09:30,39.05,39.37,38.09,38.68,28008800
1679319000,2023-03-20 09:30,38.61,38.84,37.645,38.22,21337435
1679405400,2023-03-21 09:30,38.83,40.51,38.655,40.34,28736361
1679491800,2023-03-22 09:30,40.41,40.45,38.37,38.39,33984484
1679578200,2023-03-23 09:30,37.93,39.32,37.19,37.8,33756757
1679664600,2023-03-24 09:30,37.38,37.97,37.0207,37.73,21516444
1679923800,2023-03-27 09:30,38.33,38.7485,37.36,37.76,18408667
1680010200,2023-03-28 09:30,37.61,37.84,36.96,37.19,14259285
1680096600,2023-03-29 09:30,37.86,38.69,37.62,38.59,19295206
1680183000,2023-03-30 09:30,39.2395,39.39,38.305,38.48,14707025
1680269400,2023-03-31 09:30,38.87,40.445,38.5914,40.34,26759752
1680528600,2023-04-03 09:30,39.78,40.02,38.75,39.58,18304608
1680615000,2023-04-04 09:30,39.86,39.99,38.9399,39.37,15159993
1680701400,2023-04-05 09:30,39.06,39.098,37.595,37.97,18952540
1680787800,2023-04-06 09:30,37.6879,38.67,37.18,38.57,17005191
1681133400,2023-04-10 09:30,37.91,38.53,37.55,38.53,15013248
1681219800,2023-04-11 09:30,38.72,39.058,38.3521,38.77,14171009
1681306200,2023-04-12 09:30,39.62,39.84,37.61,37.65,21343857
1681392600,2023-04-13 09:30,38.15,39.52,38.07,39.16,19604747
1681479000,2023-04-14 09:30,39,39.4199,38.32,38.79,14184217
1681738200,2023-04-17 09:30,38.42,39.08,38.212,38.97,11363770
1681824600,2023-04-18 09:30,39.4321,39.485,38.68,38.89,12372296
1681911000,2023-04-19 09:30,38.26,39.17,37.935,38.86,13336393
1681997400,2023-04-20 09:30,38.01,38.426,37.34,37.39,18316104
1682083800,2023-04-21 09:30,37.48,37.755,37.17,37.63,14707786
1682343000,2023-04-24 09:30,37.58,37.9,36.575,37.12,13725153
1682429400,2023-04-25 09:30,36.91,36.99,35.91,35.91,15152513
1682515800,2023-04-26 09:30,36.45,36.49,35.09,35.22,16821051
1682602200,2023-04-27 09:30,35.51,36.035,35.2399,35.7,13178069
1682688600,2023-04-28 09:30,35.52,36.145,34.97,35.92,13054436
1682947800,2023-05-01 09:30,35.76,36.075,35.405,35.74,13656938
1683034200,2023-05-02 09:30,35.56,35.71,34.835,34.9,15783241
1683120600,2023-05-03 09:30,34.97,35.79,34.72,34.76,22461448
1683207000,2023-05-04 09:30,35.1,35.895,34.97,35.74,15979648
1683293400,2023-05-05 09:30,36.53,37.5,36.4,37.39,18041447
1683552600,2023-05-08 09:30,37.44,37.88,36.97,37.82,14507523
1683639000,2023-05-09 09:30,37.35,38.28,37.25,38.25,8962532
1683725400,2023-05-10 09:30,38.93,39.43,38.435,38.79,19015387
1683811800,2023-05-11 09:30,38.84,39.07,38.41,38.86,11655564
1683898200,2023-05-12 09:30,38.89,38.96,37.5,37.68,16636773
1684157400,2023-05-15 09:30,37.61,38.88,37.47,38.57,11591390
1684243800,2023-05-16 09:30,38.12,38.17,37.47,37.62,12230682
1684330200,2023-05-17 09:30,37.8,38.7,37.42,38.58,13639043
1684416600,2023-05-18 09:30,38.55,39.23,38.33,39.12,16548311
1684503000,2023-05-19 09:30,39.12,39.3,38.43,38.7,15071858
1684762200,2023-05-22 09:30,38.86,40.76,38.73,40.58,22861843
1684848600,2023-05-23 09:30,40.25,41.28,39.7,39.7,23435984
1684935000,2023-05-24 09:30,39.13,39.66,38.75,39.46,16276389
1685021400,2023-05-25 09:30,39.65,39.67,38.16,38.38,17870485
1685107800,2023-05-26 09:30,38.41,39.66,38.38,39.1,19108425
1685453400,2023-05-30 09:30,40.07,40.835,39.42,39.81,20511912
1685539800,2023-05-31 09:30,39.52,40.49,39.355,40.49,15146993
1685626200,2023-06-01 09:30,40.15,41.6,39.8098,41.11,14767428
1685712600,2023-06-02 09:30,41.708,42.03,40.85,41.62,18025448
1685971800,2023-06-05 09:30,41.58,42.23,41.3,42.06,15444832
1686058200,2023-06-06 09:30,41.39,42.78,41.03,42.68,15320251
1686144600,2023-06-07 09:30,43.3,43.83,42.0901,42.25,21574803
1686231000,2023-06-08 09:30,42.09,42.735,41.91,42.68,11506285
1686317400,2023-06-09 09:30,43.5,43.84,42.44,42.51,16327127
1686576600,2023-06-12 09:30,42.76,43.54,42.53,43.28,14811402
1686663000,2023-06-13 09:30,43.89,44.41,43.58,44.29,18559080
1686749400,2023-06-14 09:30,44.35,44.645,43.15,44.07,20211666
1686835800,2023-06-15 09:30,43.53,44.7,43.325,44.54,16791493
1686922200,2023-06-16 09:30,44.95,45,44.0839,44.31,12975694
1687267800,2023-06-20 09:30,44.01,44.71,43.41,44.26,10835338
1687354200,2023-06-21 09:30,44.3,44.33,42.48,42.66,16387370
1687440600,2023-06-22 09:30,42.29,42.8,41.95,42.67,10918907
1687527000,2023-06-23 09:30,41.93,42.43,41.505,42.14,13766733
1687786200,2023-06-26 09:30,41.86,42.895,41.76,41.9,9556652
1687872600,2023-06-27 09:30,42.3,43.47,42.06,43.32,16946899
1687959000,2023-06-28 09:30,43.26,44.495,43.06,44.18,12814188
1688045400,2023-06-29 09:30,44.2001,44.51,43.6136,43.79,11056750
1688131800,2023-06-30 09:30,44.54,44.69,43.99,44.14,12080217
1688391000,2023-07-03 09:30,44.52,45.43,44.52,45.12,7755890
1688563800,2023-07-05 09:30,44.74,45.17,44.35,44.96,8985459
1688650200,2023-07-06 09:30,44.02,44.2,42.749,43.24,16128101
1688736600,2023-07-07 09:30,43.46,44.315,43.4,43.73,9855878
1688995800,2023-07-10 09:30,43.69,45.379,43.53,45.37,15486730
1689082200,2023-07-11 09:30,45.64,47.3,45.505,47.05,24449040
1689168600,2023-07-12 09:30,48.23,48.23,46.85,47.48,22574424
1689255000,2023-07-13 09:30,48.02,49.79,47.69,49.63,25614636
1689341400,2023-07-14 09:30,49.74,50.43,48.235,48.57,23522533
1689600600,2023-07-17 09:30,48.57,49.89,48.2,49.68,13387262
1689687000,2023-07-18 09:30,49.85,50.155,49.435,49.86,12654679
1689773400,2023-07-19 09:30,50.46,51.33,49.96,50.65,18358528
1689859800,2023-07-20 09:30,49.74,50.08,47.59,47.76,26694647
1689946200,2023-07-21 09:30,48.388,48.62,47.39,47.93,15793707
1690205400,2023-07-24 09:30,47.83,48.05,46.905,47.41,11815018
1690291800,2023-07-25 09:30,47.6,48.125,47.241,47.27,9332339
1690378200,2023-07-26 09:30,47.18,48.52,47.03,48.28,13412676
1690464600,2023-07-27 09:30,49.37,49.42,46.665,46.87,19613693
1690551000,2023-07-28 09:30,48.11,49.44,47.98,49.44,17747222
1690810200,2023-07-31 09:30,49.78,50.4891,49.69,50.45,13604767
1690896600,2023-08-01 09:30,49.81,49.83,48.67,49.45,14716297
1690983000,2023-08-02 09:30,48.1701,48.18,46.33,46.69,24820434
1691069400,2023-08-03 09:30,46.13,46.59,45.86,46.19,16362147
1691155800,2023-08-04 09:30,46.45,46.65,45.29,45.38,18265261
1691415000,2023-08-07 09:30,45.54,45.6,44.24,45.15,17416212
1691501400,2023-08-08 09:30,44.48,45.01,44.141,44.91,14785158
1691587800,2023-08-09 09:30,44.78,44.82,43.24,43.29,18186278
1691674200,2023-08-10 09:30,43.78,44.28,42.6327,42.98,19520392
1691760600,2023-08-11 09:30,42.46,43.11,42.35,42.75,12415032
1692019800,2023-08-14 09:30,42.24,42.94,41.88,42.92,9937470
1692106200,2023-08-15 09:30,42.63,42.81,42.12,42.17,11844763
1692192600,2023-08-16 09:30,42,42.125,41.23,41.24,13777084
1692279000,2023-08-17 09:30,41.29,41.29,40.2201,40.24,16288106
1692365400,2023-08-18 09:30,39.35,40.77,39.32,40.38,21619704
1692624600,2023-08-21 09:30,40.6,41.19,40.34,41.1,16309879
1692711000,2023-08-22 09:30,41.59,41.73,40.57,41.01,11940784
1692797400,2023-08-23 09:30,41,42.11,40.92,41.96,11937763
1692883800,2023-08-24 09:30,42.2494,42.3,40.42,40.47,16708057
1692970200,2023-08-25 09:30,40.49,41.34,40.14,40.97,17067541
1693229400,2023-08-28 09:30,41.36,41.595,40.88,41.08,9120813
1693315800,2023-08-29 09:30,41.08,43.415,40.87,43.31,20413835
1693402200,2023-08-30 09:30,43.06,43.76,42.71,43.61,9477538
1693488600,2023-08-31 09:30,43.83,44.1,43.4,43.75,11163662
1693575000,2023-09-01 09:30,44.11,44.33,43.49,43.62,13674272
1693920600,2023-09-05 09:30,43.28,44.1173,43.165,44.01,9165759
1694007000,2023-09-06 09:30,44.25,44.69,43.69,44.17,12236539
1694093400,2023-09-07 09:30,43.29,44.13,42.9704,44.01,11734078
1694179800,2023-09-08 09:30,44,44.395,43.425,43.68,11199651
1694439000,2023-09-11 09:30,44.22,44.81,43.87,44.6,11086352
1694525400,2023-09-12 09:30,44.24,45.16,44.01,44.01,11424721
1694611800,2023-09-13 09:30,43.87,44.2197,43.285,43.43,10480240
1694698200,2023-09-14 09:30,43.67,44,43.22,43.61,9560631
1694784600,2023-09-15 09:30,43.51,43.715,42.72,43.06,12787007
1695043800,2023-09-18 09:30,42.93,42.9301,42.01,42.01,10385299
1695130200,2023-09-19 09:30,41.87,41.965,41.082,41.51,11382885
1695216600,2023-09-20 09:30,41.73,42.07,40.755,40.78,13617134
1695303000,2023-09-21 09:30,39.99,40.17,39.525,39.54,16408381
1695389400,2023-09-22 09:30,39.99,40.09,38.795,38.82,13292771
1695648600,2023-09-25 09:30,38.55,39.0805,38.365,38.8,11853783
1695735000,2023-09-26 09:30,38.56,39.25,38.36,38.43,16883107
1695821400,2023-09-27 09:30,39.01,39.21,38.135,38.68,16236401
1695907800,2023-09-28 09:30,38.7,39.55,38.2,39.12,15932110
1695994200,2023-09-29 09:30,39.84,40.245,39.48,39.67,17449491
1696253400,2023-10-02 09:30,39.69,39.91,38.78,39.04,17508354
1696339800,2023-10-03 09:30,38.53,39.09,37.76,37.97,17963176
1696426200,2023-10-04 09:30,38.12,38.67,37.55,38.53,15404478
1696512600,2023-10-05 09:30,38.392,38.75,37.745,38.54,12411175
1696599000,2023-10-06 09:30,37.84,39.34,37.78,39.21,16356720
1696858200,2023-10-09 09:30,38.47,39.47,38.335,39.36,11205833
1696944600,2023-10-10 09:30,39.44,40.81,39.44,40.19,14549761
1697031000,2023-10-11 09:30,40.37,40.77,39.49,39.9,12459783
1697117400,2023-10-12 09:30,39.9699,39.9699,38.28,38.48,14137716
1697203800,2023-10-13 09:30,38.43,38.55,37.565,37.77,13091431
1697463000,2023-10-16 09:30,38.03,38.68,37.59,38.53,13624387
1697549400,2023-10-17 09:30,38,39.4362,38,39.18,13700768
1697635800,2023-10-18 09:30,38.78,38.87,37.375,37.43,16694699
1697722200,2023-10-19 09:30,37.43,37.63,36.52,36.61,21633818
1697808600,2023-10-20 09:30,36.52,36.76,35.88,36.03,18021816
1698067800,2023-10-23 09:30,35.67,36.815,35.1,36.11,19262823
1698154200,2023-10-24 09:30,36.77,37.96,36.77,37.17,17580652
1698240600,2023-10-25 09:30,36.68,36.79,35.175,35.22,17377386
1698327000,2023-10-26 09:30,35.27,35.71,34.43,34.76,20928877
1698413400,2023-10-27 09:30,35.28,35.4297,34.07,34.1,14793016
1698672600,2023-10-30 09:30,34.53,34.8001,33.76,34.29,13990256
1698759000,2023-10-31 09:30,34.34,35.22,34.08,35.08,10991937
1698845400,2023-11-01 09:30,35.25,35.36,34.54,35.31,17265784
1698931800,2023-11-02 09:30,37.09,38.3,37.05,38.28,28629714
1699018200,2023-11-03 09:30,39.189,40.74,39.1,40.44,28343102
1699281000,2023-11-06 09:30,40.68,40.82,39.14,39.77,21315693
1699367400,2023-11-07 09:30,39.99,41.01,39.6915,40.91,18153759
1699453800,2023-11-08 09:30,41.05,41.05,39.94,40.34,18400860
1699540200,2023-11-09 09:30,40.68,40.89,38.94,39.09,25529755
1699626600,2023-11-10 09:30,39.01,39.86,38.74,39.73,19188083
1699885800,2023-11-13 09:30,39.37,39.93,38.71,39.91,13480163
1699972200,2023-11-14 09:30,41.565,42.05,41.21,41.95,25966929
1700058600,2023-11-15 09:30,42.12,43.75,42.12,43.01,25809087
1700145000,2023-11-16 09:30,42.665,42.73,41.6188,42.21,17763945
1700231400,2023-11-17 09:30,42.54,43.73,42.34,43.7,16886969
1700490600,2023-11-20 09:30,43.85,45.0264,43.72,44.88,15779391
1700577000,2023-11-21 09:30,44.25,44.41,43.61,43.87,13742765
1700663400,2023-11-22 09:30,44.3315,44.59,43.63,44.32,11585970
1700836200,2023-11-24 09:30,44.19,45.12,44.165,44.88,7296085
1701095400,2023-11-27 09:30,44.65,45.67,44.28,45.45,13262139
1701181800,2023-11-28 09:30,45.39,46.77,44.985,46.7,17917691
1701268200,2023-11-29 09:30,47.21,48.015,46.7,46.9,23347257
1701354600,2023-11-30 09:30,47.1726,47.28,45.85,46.11,21365319
1701441000,2023-12-01 09:30,46.55,48.45,46.07,48.43,24737354
1701700200,2023-12-04 09:30,48.35,48.9882,47.71,48.69,24898358
1701786600,2023-12-05 09:30,48.23,48.94,47.8799,48.26,17314047
1701873000,2023-12-06 09:30,48.76,49.345,47.99,48.04,20195975
1701959400,2023-12-07 09:30,47.83,48.385,47.5,48.29,13434312
1702045800,2023-12-08 09:30,48.06,49.695,47.78,49.18,19869098
1702305000,2023-12-11 09:30,48.6101,48.74,48.01,48.53,13698219
1702391400,2023-12-12 09:30,48.55,48.64,47.82,48.38,11432466
1702477800,2023-12-13 09:30,48.38,50.17,47.405,50.17,28900448
1702564200,2023-12-14 09:30,51.28,52.5,51.14,52.02,41229704
1702650600,2023-12-15 09:30,51.962,52.17,50.8,51.11,18894831
1702909800,2023-12-18 09:30,50.6871,51.64,50.56,51.07,12644979
1702996200,2023-12-19 09:30,51.52,53.395,51.465,53.18,21980314
1703082600,2023-12-20 09:30,53.08,53.575,50.99,51.01,24224255
1703169000,2023-12-21 09:30,52.0372,52.46,51.285,52.31,15321681
1703255400,2023-12-22 09:30,52.57,53.34,52.34,53.01,15303396
1703601000,2023-12-26 09:30,53.25,54.0157,53.07,53.79,13212017
1703687400,2023-12-27 09:30,54.3,54.52,53.8,54.26,13797944
1703773800,2023-12-28 09:30,54,54.3899,53.79,54.14,11828164
1703860200,2023-12-29 09:30,54,54.21,52.24,52.37,18769128
1704205800,2024-01-02 09:30,51.7999,51.84,50.215,50.5,24389169
1704292200,2024-01-03 09:30,49.235,49.46,48.37,48.52,27345639
1704378600,2024-01-04 09:30,48.41,49.39,48.07,48.91,16950617
1704465000,2024-01-05 09:30,48.352,49.35,48.17,48.9,17077949
1704724200,2024-01-08 09:30,48.97,50.375,48.7,50.28,16536535
1704810600,2024-01-09 09:30,49.7,50.1588,49.37,49.5,13039093
1704897000,2024-01-10 09:30,49.5,49.8,48.52,49.35,15628689
1704983400,2024-01-11 09:30,49.41,49.54,47.38,48.18,21393180
1705069800,2024-01-12 09:30,48.03,48.9,47.3241,47.38,14080340
1705415400,2024-01-16 09:30,46.712,47.18,46.0399,46.76,17272963
1705501800,2024-01-17 09:30,45.94,45.99,45.2,45.92,15512808
1705588200,2024-01-18 09:30,46.45,46.565,45.08,45.66,18101373
1705674600,2024-01-19 09:30,45.92,46.3,45.02,46.28,16684632
1705933800,2024-01-22 09:30,46.89,48.525,46.8,47.33,23104068
1706020200,2024-01-23 09:30,47.68,47.92,46.89,47.38,12640312
1706106600,2024-01-24 09:30,48.22,48.23,46.25,46.28,16696199
1706193000,2024-01-25 09:30,46.28,46.7,45.535,45.82,16519905
1706279400,2024-01-26 09:30,46.21,46.88,45.78,45.92,13739355
1706538600,2024-01-29 09:30,46.19,48.185,45.92,48.11,18104210
1706625000,2024-01-30 09:30,48.1,48.1,46.85,46.86,15485297
1706711400,2024-01-31 09:30,46.26,47.43,45.33,45.41,27028911
1706797800,2024-02-01 09:30,45.8,46.39,44.99,46.03,17395535
1706884200,2024-02-02 09:30,45.75,46.81,45.225,46.66,21927579
1707143400,2024-02-05 09:30,46.2,46.3,44.625,45.2,19679342
1707229800,2024-02-06 09:30,45.45,46.74,45.29,46.7,14335773
1707316200,2024-02-07 09:30,47.05,47.59,46.325,47.17,11384494
1707402600,2024-02-08 09:30,47.47,48.605,47.12,48.44,14530284
1707489000,2024-02-09 09:30,49.17,49.91,48.85,49.59,17091687
1707748200,2024-02-12 09:30,49.6,51.095,49.56,50.72,13661702
1707834600,2024-02-13 09:30,48.0701,48.88,47.39,47.88,25947552
1707921000,2024-02-14 09:30,49.12,50.56,48.77,50.5,17210460
1708007400,2024-02-15 09:30,51,52.06,50.81,51.64,15272552
1708093800,2024-02-16 09:30,50.96,51.74,50.29,50.33,16510836
1708439400,2024-02-20 09:30,49.52,49.88,47.865,48.69,15225377
1708525800,2024-02-21 09:30,47.64,47.91,46.9101,47.31,12669482
1708612200,2024-02-22 09:30,48.118,48.75,47.62,48.48,10923305
1708698600,2024-02-23 09:30,48.89,49.2901,48.1,48.41,10598614
1708957800,2024-02-26 09:30,48.44,50.14,48.38,50.08,12132742
1709044200,2024-02-27 09:30,50.82,51.545,50.6,51.54,14213534
1709130600,2024-02-28 09:30,51.3,52.085,50.91,51.16,12116347
1709217000,2024-02-29 09:30,52.06,52.33,50.71,51.25,12412383
1709303400,2024-03-01 09:30,51.07,51.59,50.36,51.14,10880552
1709562600,2024-03-04 09:30,51.37,51.48,50.19,50.68,9194792
1709649000,2024-03-05 09:30,50,50.47,48.58,48.9,14098045
1709735400,2024-03-06 09:30,49.908,50.17,48.97,49.68,12097361
1709821800,2024-03-07 09:30,50.07,50.59,49.49,50.25,8873614
1709908200,2024-03-08 09:30,50.81,52.428,50.24,50.75,16412418
1710163800,2024-03-11 09:30,50.94,51.8,50.49,50.65,11376920
1710250200,2024-03-12 09:30,50.83,50.89,49.525,50.25,10073705
1710336600,2024-03-13 09:30,49.935,51.31,49.78,50.36,9033662
1710423000,2024-03-14 09:30,50.385,50.61,48.185,48.74,17854559
1710509400,2024-03-15 09:30,48.22,49.145,48.15,48.66,11891734
1710768600,2024-03-18 09:30,48.9,49.1215,48.03,48.79,8728945
1710855000,2024-03-19 09:30,48.05,48.78,47.45,48.51,11645254
1710941400,2024-03-20 09:30,48.44,50.475,48.29,50.21,15661765
1711027800,2024-03-21 09:30,50.76,51.36,50.5,50.53,13536979
1711114200,2024-03-22 09:30,50.07,50.33,49.25,49.41,8941729
1711373400,2024-03-25 09:30,49.42,50.45,49.385,50.25,8755915
1711459800,2024-03-26 09:30,50.81,50.96,50,50.03,6904760
1711546200,2024-03-27 09:30,50.79,50.885,49.45,50.11,11450137
1711632600,2024-03-28 09:30,50.22,50.61,49.97,50.08,8248920
1711978200,2024-04-01 09:30,50.07,50.11,48.815,49.24,10411193
1712064600,2024-04-02 09:30,47.685,47.91,47.045,47.78,12988141
1712151000,2024-04-03 09:30,47.46,48.21,47.15,47.92,9935216
1712237400,2024-04-04 09:30,48.46,48.83,47.205,47.27,13315162
1712323800,2024-04-05 09:30,46.73,47.595,46.6,47.12,14138221
1712583000,2024-04-08 09:30,47.69,48.245,47.544,48.1,8719581
1712669400,2024-04-09 09:30,48.11,48.85,48.01,48.62,10164076
1712755800,2024-04-10 09:30,47.132,47.885,46.97,47.49,14640414
1712842200,2024-04-11 09:30,47.775,48.24,47,48.2,9271019
1712928600,2024-04-12 09:30,47.7,47.73,46.315,46.51,12187168
1713187800,2024-04-15 09:30,46.73,46.73,44.245,44.38,16069967
1713274200,2024-04-16 09:30,43.84,44.095,43.15,43.65,16870247
1713360600,2024-04-17 09:30,43.99,44.14,42.8,43.02,11875168
1713447000,2024-04-18 09:30,42.975,43.6618,42.52,42.91,11458280
1713533400,2024-04-19 09:30,42.75,43.305,41.71,42,14695002
1713792600,2024-04-22 09:30,42.19,42.89,41.575,42.6,13511677
1713879000,2024-04-23 09:30,42.79,44.36,42.79,43.87,16446152
1713965400,2024-04-24 09:30,44.78,44.83,43.46,43.9,10415061
1714051800,2024-04-25 09:30,42.63,43.765,42.47,43.61,11227283
1714138200,2024-04-26 09:30,43.63,44.27,43.12,44.07,9101150
1714397400,2024-04-29 09:30,44.7,45.605,44.66,45.13,10564562
1714483800,2024-04-30 09:30,44.58,44.9102,43.445,43.46,13900052
1714570200,2024-05-01 09:30,43.1,45.16,42.9871,43.82,16056290
1714656600,2024-05-02 09:30,44.49,45.0299,43.58,44.93,11188348
1714743000,2024-05-03 09:30,46.25,46.66,45.115,45.47,12656484
1715002200,2024-05-06 09:30,45.92,46.61,45.87,46.5,8257832
1715088600,2024-05-07 09:30,46.2,46.305,45.48,45.55,7904182
1715175000,2024-05-08 09:30,44.57,44.8,44.28,44.43,9752986
1715261400,2024-05-09 09:30,44.04,44.31,43.635,44.16,9359753
1715347800,2024-05-10 09:30,44.33,44.47,42.85,42.92,15483646
1715607000,2024-05-13 09:30,43.4,44.85,43.36,44.17,18083268
1715693400,2024-05-14 09:30,44.65,45.97,44.635,45.12,17215955
1715779800,2024-05-15 09:30,46.072,46.36,44.992,45.77,11198103
1715866200,2024-05-16 09:30,45.58,45.77,44.92,44.96,8377685
1715952600,2024-05-17 09:30,45.238,45.61,44.72,45.45,12442498
1716211800,2024-05-20 09:30,45.39,45.629,44.94,45.6,7354125
1716298200,2024-05-21 09:30,45.5,45.635,45.05,45.2,5510258
1716384600,2024-05-22 09:30,45.13,45.61,44.72,44.99,6739604
1716471000,2024-05-23 09:30,45.27,45.27,43.35,43.61,13952549
1716557400,2024-05-24 09:30,43.77,44.53,43.625,44.38,7302867
1716903000,2024-05-28 09:30,44.26,44.49,43.54,44.03,6819850
1716989400,2024-05-29 09:30,43.37,43.6,42.97,43.48,9531904
1717075800,2024-05-30 09:30,43.03,43.125,42.49,42.79,8977620
1717162200,2024-05-31 09:30,43.2,43.61,41.78,42.45,12984373
1717421400,2024-06-03 09:30,43,43.52,42.34,42.98,9725358
1717507800,2024-06-04 09:30,42.73,43.515,42.635,43.23,6093060
1717594200,2024-06-05 09:30,43.55,44.16,43.025,44.15,5980128
1717680600,2024-06-06 09:30,44.09,45.08,43.95,44.76,6468825
1717767000,2024-06-07 09:30,44.18,44.74,43.62,43.8,8128791
1718026200,2024-06-10 09:30,43.4,44.27,43.34,44.15,5336950
1718112600,2024-06-11 09:30,43.88,44.225,43.25,44.16,7323081
1718199000,2024-06-12 09:30,45.3,45.9,44.915,45.08,14274016
1718285400,2024-06-13 09:30,45.48,45.72,44.32,44.38,7833574
1718371800,2024-06-14 09:30,44.2,44.29,43.55,43.87,7431815
1718631000,2024-06-17 09:30,43.53,44.44,43.28,44.13,6127112
1718717400,2024-06-18 09:30,43.97,44.04,43.61,43.68,5110173
1718890200,2024-06-20 09:30,43.6,43.6,42.83,43.37,7628685
1718976600,2024-06-21 09:30,43.2,43.39,42.89,43.32,5174976
1719235800,2024-06-24 09:30,43.32,43.92,42.9,43.24,7288282
1719322200,2024-06-25 09:30,43.24,43.54,42.97,43.33,5723370
1719408600,2024-06-26 09:30,43.15,43.73,43.13,43.58,4631181
1719495000,2024-06-27 09:30,43.35,44.065,43.14,44.01,5397360
1719581400,2024-06-28 09:30,44.16,44.34,43.51,43.95,9033316
1719840600,2024-07-01 09:30,44.05,44.705,44.05,44.45,9780025
1719927000,2024-07-02 09:30,44.55,44.975,44.45,44.82,6426309
1720013400,2024-07-03 09:30,44.96,45.94,44.96,45.61,7347462
1720186200,2024-07-05 09:30,45.47,45.96,44.94,45.95,6361512
1720445400,2024-07-08 09:30,46.02,46.235,45.48,45.89,4505506
1720531800,2024-07-09 09:30,45.84,46.23,45.46,46.05,4827684
1720618200,2024-07-10 09:30,46.14,46.27,45.3,45.95,4884138
1720704600,2024-07-11 09:30,46.56,47.51,45.605,45.71,11690365
1720791000,2024-07-12 09:30,45.86,46.97,45.84,46.79,12111973
1721050200,2024-07-15 09:30,47.37,48.17,46.995,47.7,12771085
1721136600,2024-07-16 09:30,48.03,49.455,47.68,49.4,10343148
1721223000,2024-07-17 09:30,48.44,49.555,47.95,48.43,12734013
1721309400,2024-07-18 09:30,48.47,48.96,46.305,46.57,11949732
1721395800,2024-07-19 09:30,46.57,47.035,46.28,46.63,11128497
1721655000,2024-07-22 09:30,47.09,47.6995,46.56,47.66,5318246
1721741400,2024-07-23 09:30,47.51,48.22,47.462,47.76,5351834
1721827800,2024-07-24 09:30,46.7,46.75,44.7,44.71,12303354
1721914200,2024-07-25 09:30,44.6,46.44,44.32,45.19,11275911
1722000600,2024-07-26 09:30,45.87,46.37,45.24,45.78,7211692
1722259800,2024-07-29 09:30,46.24,46.68,45.38,45.93,5145460
1722346200,2024-07-30 09:30,45.99,46.33,44.585,44.96,6237641
1722432600,2024-07-31 09:30,45.46,46.56,45.36,45.53,8636684
1722519000,2024-08-01 09:30,45.37,45.62,42.865,43.21,12734130
1722605400,2024-08-02 09:30,42.11,42.23,40.82,41.21,14706074
1722864600,2024-08-05 09:30,36.992,40.485,36.85,39.59,15053641
1722951000,2024-08-06 09:30,40.24,40.87,39.275,40.2,7607877
1723037400,2024-08-07 09:30,41.11,41.485,39.43,39.47,10883372
1723123800,2024-08-08 09:30,40.18,41.42,39.77,41.29,7710751
1723210200,2024-08-09 09:30,41.48,41.795,41.02,41.46,5427845
1723469400,2024-08-12 09:30,41.48,41.5579,40.68,40.92,5402164
1723555800,2024-08-13 09:30,41.35,42.67,41.03,42.59,7470732
1723642200,2024-08-14 09:30,42.83,42.88,41.63,41.91,5358844
1723728600,2024-08-15 09:30,42.75,44,42.75,43.92,8355704
1723815000,2024-08-16 09:30,43.6,44.3,43.6,44.09,4383486
1724074200,2024-08-19 09:30,44.17,45.09,44.08,45.09,5995519
1724160600,2024-08-20 09:30,45.12,45.38,44.23,44.54,4753827
1724247000,2024-08-21 09:30,44.74,45.62,44.54,45.61,5335198
1724333400,2024-08-22 09:30,45.68,45.77,44.17,44.25,5996523
1724419800,2024-08-23 09:30,44.84,46.31,44.75,46.24,11504467
1724679000,2024-08-26 09:30,46.19,46.405,45.49,45.73,4373397
1724765400,2024-08-27 09:30,45.36,45.648,44.93,45.42,4287707
1724851800,2024-08-28 09:30,45.21,45.3,43.765,44.27,9604352
1724938200,2024-08-29 09:30,44.77,45.6351,44.63,44.68,6657991
1725024600,2024-08-30 09:30,44.89,45.0384,44.09,44.82,6622000
1725370200,2024-09-03 09:30,44.54,44.78,42.82,42.98,9582667
1725456600,2024-09-04 09:30,42.63,43.71,42.425,42.87,7890395
1725543000,2024-09-05 09:30,43.04,44.055,42.98,43.6,6052848
1725629400,2024-09-06 09:30,44.04,44.17,41.355,41.59,10392528
1725888600,2024-09-09 09:30,42.17,43.0625,42.08,42.64,5809475
1725975000,2024-09-10 09:30,42.94,43.295,42.17,43.29,5733570
1726061400,2024-09-11 09:30,43.13,44.27,42.49,44.23,7164546
1726147800,2024-09-12 09:30,44.43,45.195,43.97,44.98,4905047
1726234200,2024-09-13 09:30,45.14,45.85,45.07,45.76,5711484
1726493400,2024-09-16 09:30,45.53,45.935,44.97,45.69,4271858
1726579800,2024-09-17 09:30,46.18,46.74,45.875,46.06,4820691
1726666200,2024-09-18 09:30,46.13,47.65,45.91,46.18,9655707
1726752600,2024-09-19 09:30,47.69,48.11,47.16,47.42,7075350
1726839000,2024-09-20 09:30,47.1,47.22,46.31,46.9,5751716
1727098200,2024-09-23 09:30,47.095,47.36,46.86,46.94,3530622
1727184600,2024-09-24 09:30,47.24,47.54,46.53,47.45,3826011
1727271000,2024-09-25 09:30,47.35,47.57,46.79,46.86,4347613
1727357400,2024-09-26 09:30,47.55,47.65,46.47,47.27,6838436
1727443800,2024-09-27 09:30,47.62,48.07,47.41,47.88,4036202
1727703000,2024-09-30 09:30,47.6,48.0601,47.02,47.53,5112457
1727789400,2024-10-01 09:30,47.66,47.76,45.665,46.18,7446231
1727875800,2024-10-02 09:30,45.75,46.15,45.46,45.87,4557325
1727962200,2024-10-03 09:30,45.4,46.01,45.115,45.39,4789938
1728048600,2024-10-04 09:30,46.26,46.55,45.645,46.55,6957192
1728307800,2024-10-07 09:30,46.32,46.51,45.68,45.91,4028322
1728394200,2024-10-08 09:30,45.64,46.6699,45.61,46.64,3855619
1728480600,2024-10-09 09:30,46.62,46.9499,46.36,46.65,3133477
1728567000,2024-10-10 09:30,45.97,46.48,45.45,46.17,3867745
1728653400,2024-10-11 09:30,45.54,46.79,45.51,46.64,4359667
1728912600,2024-10-14 09:30,46.91,47.445,46.35,47.37,4885390
1728999000,2024-10-15 09:30,47.29,47.78,46.48,47.29,4208009
1729085400,2024-10-16 09:30,47.56,47.85,47.09,47.69,3493220
1729171800,2024-10-17 09:30,47.7,47.77,46.91,47.04,3629238
1729258200,2024-10-18 09:30,47.38,48.04,47.305,48.03,4640173
1729517400,2024-10-21 09:30,47.74,47.775,46.96,47.38,6911681
1729603800,2024-10-22 09:30,47.06,47.28,46.82,47.15,5187126
1729690200,2024-10-23 09:30,46.86,47.08,45.345,45.76,8289962
1729776600,2024-10-24 09:30,46.93,47.42,46.69,47.38,7985687
1729863000,2024-10-25 09:30,47.5,48.205,47.42,47.67,6306107
1730122200,2024-10-28 09:30,48.15,48.876,48.09,48.4,5083815
1730208600,2024-10-29 09:30,48.4,48.52,47.89,48.41,3293873
1730295000,2024-10-30 09:30,48.03,48.915,47.96,48.23,4180226
1730381400,2024-10-31 09:30,47.57,47.705,45.71,45.89,9058944
1730467800,2024-11-01 09:30,46.06,46.759,46.02,46.64,5466386
1730730600,2024-11-04 09:30,46.27,47.1499,45.97,46.68,3726613
1730817000,2024-11-05 09:30,46.89,48.385,46.81,48.19,6987949
1730903400,2024-11-06 09:30,50.78,52.18,50.12,52.14,16002279
1730989800,2024-11-07 09:30,52.22,53.02,52.21,52.69,7232772
1731076200,2024-11-08 09:30,52.25,54.15,52.13,54.07,8869372
1731335400,2024-11-11 09:30,55.98,58.38,55.78,57.85,23746932
1731421800,2024-11-12 09:30,57.19,58.22,56.37,56.81,14567905
1731508200,2024-11-13 09:30,57.35,58.35,55.485,55.84,13524995
1731594600,2024-11-14 09:30,55.95,56,53.8,53.85,12937785
1731681000,2024-11-15 09:30,53.85,53.85,52.77,53.46,10842804
1731940200,2024-11-18 09:30,54.52,55.28,53.69,55.11,10507415
1732026600,2024-11-19 09:30,54.51,55.93,54.33,55.92,6920482
1732113000,2024-11-20 09:30,55.86,56.185,54.4899,55.28,8058147
1732199400,2024-11-21 09:30,55.77,55.77,54.04,54.77,8010883
1732285800,2024-11-22 09:30,54.8,56.52,54.52,56.21,9841142
1732545000,2024-11-25 09:30,57.45,58.0861,56.62,57.03,9602441
1732631400,2024-11-26 09:30,56.53,56.96,55.98,56.2,7239792
1732717800,2024-11-27 09:30,56.85,57.42,56.25,57.15,5295235
1732890600,2024-11-29 09:30,57.6,58.35,57.55,57.98,3233956
1733149800,2024-12-02 09:30,58.64,59.63,58.56,59.47,8301322
1733236200,2024-12-03 09:30,58.76,59.27,58.46,58.99,6683450
1733322600,2024-12-04 09:30,59.72,60.86,59.28,60.83,10462962
1733409000,2024-12-05 09:30,61.23,61.49,60.295,60.38,7874410
1733495400,2024-12-06 09:30,61.3,62.92,61.09,62.9,9466867
1733754600,2024-12-09 09:30,63.43,63.44,60.78,61.31,12024565
1733841000,2024-12-10 09:30,61.49,62.37,60.39,60.59,7730730
1733927400,2024-12-11 09:30,61.57,61.975,60.84,61.81,6383562
1734013800,2024-12-12 09:30,61.401,61.975,60.72,60.92,5840399
1734100200,2024-12-13 09:30,61.11,61.36,60.2,61.33,7101804
1734359400,2024-12-16 09:30,61.71,63.14,61.48,62.94,6722670
1734445800,2024-12-17 09:30,62.79,63.32,61.82,62.98,6749803
1734532200,2024-12-18 09:30,62.63,63.03,57.9,58.56,18189616
1734618600,2024-12-19 09:30,59.75,60.03,57.465,58.17,19168010
1734705000,2024-12-20 09:30,57.07,60.02,56.86,59.4,17548121
1734964200,2024-12-23 09:30,59.52,59.68,58.165,59.24,7760641
1735050600,2024-12-24 09:30,59.63,60.99,59.44,60.96,4801695
1735223400,2024-12-26 09:30,60.72,61.135,60.04,60.96,6888985
1735309800,2024-12-27 09:30,60.54,60.6,58.44,59.27,9592628
1735569000,2024-12-30 09:30,58.01,58.23,56.9,57.61,8456884
1735655400,2024-12-31 09:30,58.04,58.17,56.475,56.77,8702097
1735828200,2025-01-02 09:30,57.1,57.63,55.94,56.89,10226044
1735914600,2025-01-03 09:30,57.33,59.83,57.33,59.82,10720490
1736173800,2025-01-06 09:30,60.72,61.835,60.62,61.15,8696324
1736260200,2025-01-07 09:30,61.5,61.99,58.385,58.9,12926415
1736346600,2025-01-08 09:30,58.7,59.46,57.69,58.95,7457767
1736519400,2025-01-10 09:30,57.73,58.03,56.29,57.47,9802217
1736778600,2025-01-13 09:30,56.03,56.71,55.25,56.7,9757551
1736865000,2025-01-14 09:30,57.84,58.26,56.11,56.41,8423616
1736951400,2025-01-15 09:30,58.47,59.49,58.08,58.67,10730510
1737037800,2025-01-16 09:30,58.77,59.22,58.01,58.74,5559434
1737124200,2025-01-17 09:30,59.86,60.325,59.42,59.61,5942404
1737469800,2025-01-21 09:30,60.7,61.76,59.6399,61.5,7730039
1737556200,2025-01-22 09:30,61.73,62.41,61.51,62.06,6656957
1737642600,2025-01-23 09:30,61.5,62.765,61.02,62.69,5138674
1737729000,2025-01-24 09:30,62.9,63.61,62.215,62.33,6592986
1737988200,2025-01-27 09:30,59.92,61.59,59.5,60.7,12078468
1738074600,2025-01-28 09:30,60.86,62.24,59.89,61.93,5581368
1738161000,2025-01-29 09:30,61.86,62.32,60.87,61.86,8005497
1738247400,2025-01-30 09:30,62.62,64.025,62.54,63.51,9201209
1738333800,2025-01-31 09:30,63.8,64.725,62.45,62.87,10205929
1738593000,2025-02-03 09:30,60.24,62.199,60.16,61.78,11525076
1738679400,2025-02-04 09:30,62.73,63.6,62.335,63.12,7305357
1738765800,2025-02-05 09:30,63.1,64.09,63,63.81,4742827
1738852200,2025-02-06 09:30,63.1,63.32,62.1001,62.72,6497171
1738938600,2025-02-07 09:30,62.98,64.06,62.35,62.76,9841399
1739197800,2025-02-10 09:30,63.16,63.488,62.65,62.72,4182170
1739284200,2025-02-11 09:30,62,62.71,60.94,61.35,6618884
1739370600,2025-02-12 09:30,60.63,62.955,60.48,62.68,10280301
1739457000,2025-02-13 09:30,63.005,64.78,62.9,64.78,8663505
1739543400,2025-02-14 09:30,66.01,67.16,65.85,67.02,10530385
1739889000,2025-02-18 09:30,67.9,68.43,65.715,66.48,7402900
1739975400,2025-02-19 09:30,66.51,66.82,65.4,65.71,7748119
1740061800,2025-02-20 09:30,65.31,65.31,62.55,63.98,11545221
1740148200,2025-02-21 09:30,64.4,64.4196,60.08,60.2,13002447
1740407400,2025-02-24 09:30,60.15,60.46,57.78,59.08,14937164
1740493800,2025-02-25 09:30,58.075,58.27,55.09,56,22120959
1740580200,2025-02-26 09:30,56.56,57.67,55.96,56.46,13457053
1740666600,2025-02-27 09:30,57.33,57.7,54.53,54.59,16878036
1740753000,2025-02-28 09:30,53.67,55.72,53.1,55.64,13203891
1741012200,2025-03-03 09:30,56.95,57.14,52.6,53.09,13322197
1741098600,2025-03-04 09:30,51.48,54.56,50.23,53.17,23656825
1741185000,2025-03-05 09:30,53.52,54.765,52.53,54.7,10013924
1741271400,2025-03-06 09:30,53.2,54.34,51.8,52.14,14784675
1741357800,2025-03-07 09:30,51.745,52.8301,49.695,52.45,17135676
1741613400,2025-03-10 09:30,50.86,50.88,47.2,47.86,28432499
1741699800,2025-03-11 09:30,47.67,49.29,47.01,48.19,17101409
1741786200,2025-03-12 09:30,49.97,50.365,48.38,49.61,16828712
1741872600,2025-03-13 09:30,49.24,49.31,46.92,47.25,16232860
1741959000,2025-03-14 09:30,48.45,49.4,48.34,49.19,12722858
1742218200,2025-03-17 09:30,49.145,50.5167,48.7,49.98,8847856
1742304600,2025-03-18 09:30,49.15,49.16,47.68,48.24,13058600
1742391000,2025-03-19 09:30,48.91,51.025,48.71,50.05,17147170
1742477400,2025-03-20 09:30,49.36,50.91,49.2715,50.02,9837688
1742563800,2025-03-21 09:30,49.3,51.545,48.98,51.5,15387557
1742823000,2025-03-24 09:30,52.895,54.235,52.7,54.18,13607391
1742909400,2025-03-25 09:30,54.265,54.51,53.39,54.14,9522218
1742995800,2025-03-26 09:30,53.82,54.05,51.25,51.66,15572391
1743082200,2025-03-27 09:30,51.25,52.36,50.718,50.78,10393983
1743168600,2025-03-28 09:30,50.44,50.5,48.41,48.7,11971205
1743427800,2025-03-31 09:30,46.82,47.77,45.55,47.58,13077246
1743514200,2025-04-01 09:30,47.68,48.67,46.71,47.8,11541119
1743600600,2025-04-02 09:30,46.65,49.78,46.49,49.15,17988018
1743687000,2025-04-03 09:30,45.54,46.35,44.76,45.12,18655507
1743773400,2025-04-04 09:30,43.11,43.7,40.25,41.94,18808082
1744032600,2025-04-07 09:30,39.2199,44.83,38.5686,42.28,24463268
1744119000,2025-04-08 09:30,44.6,44.68,39.785,40.51,19285096
1744205400,2025-04-09 09:30,40.44,47.83,40.44,47.25,26371676
1744291800,2025-04-10 09:30,45.62,45.7347,42.63,44.53,16547931
1744378200,2025-04-11 09:30,44.61,45.985,43.78,45.89,15068445
1744637400,2025-04-14 09:30,47.29,47.56,45.28,46.26,8831824
1744723800,2025-04-15 09:30,46.1,47.16,45.94,46.55,7413698
1744810200,2025-04-16 09:30,45.5,45.87,44.055,45.08,8670449
1744896600,2025-04-17 09:30,45.2,45.54,44.555,45.12,9284976
1745242200,2025-04-21 09:30,44.3,44.76,43.68,44.44,6956078
1745328600,2025-04-22 09:30,44.98,46.73,44.98,46.12,7961612
1745415000,2025-04-23 09:30,48.47,49.5003,47.83,47.95,12613796
1745501400,2025-04-24 09:30,48.03,49.99,48.03,49.99,7139857
1745587800,2025-04-25 09:30,49.96,51.26,49.68,51,8977559
1745847000,2025-04-28 09:30,51.36,52.02,50.04,51.24,8273168
1745933400,2025-04-29 09:30,51.2,51.75,50.765,51.53,5049157
1746019800,2025-04-30 09:30,49.64,50.975,49.03,50.84,11531291
1746106200,2025-05-01 09:30,52.04,52.055,50.67,50.77,7927550
1746192600,2025-05-02 09:30,50.79,52.5765,50.77,51.9,11368662
1746451800,2025-05-05 09:30,51.22,51.285,50.6,50.69,7208562
1746538200,2025-05-06 09:30,49.28,49.61,48.53,48.78,9223601
1746624600,2025-05-07 09:30,49.15,49.675,48.61,49.59,7462906
1746711000,2025-05-08 09:30,50.2,52.11,50.135,51.47,11135832
1746797400,2025-05-09 09:30,52.03,52.825,51.19,51.35,11122333
1747056600,2025-05-12 09:30,54.29,54.82,53.29,54.48,17282780
1747143000,2025-05-13 09:30,55.33,57.61,55.3,57.41,15410320
1747229400,2025-05-14 09:30,57.93,58.56,57.03,57.56,15923531
1747315800,2025-05-15 09:30,56.86,57.11,55.76,56.73,9149523
1747402200,2025-05-16 09:30,57.28,58.38,57.22,58.37,10214179
1747661400,2025-05-19 09:30,56.55,57.485,56.55,57.4,8758960
1747747800,2025-05-20 09:30,57.53,57.945,56.865,57.46,8236122
1747834200,2025-05-21 09:30,57.05,57.65,55.37,55.68,10896343
1747920600,2025-05-22 09:30,55.7,57.0771,55.58,56.38,9305530
1748007000,2025-05-23 09:30,55.06,56.325,55.02,56.07,7590092
1748352600,2025-05-27 09:30,57.22,58.17,56.975,58.05,9861716
1748439000,2025-05-28 09:30,58.03,58.115,56.94,56.98,7691113
1748525400,2025-05-29 09:30,57.58,57.735,56.35,56.62,9806568
1748611800,2025-05-30 09:30,56.22,56.78,55.22,56.37,8674648
1748871000,2025-06-02 09:30,56.1,57.31,55.77,57.13,7643621
1748957400,2025-06-03 09:30,57.55,58.395,56.91,57.94,7531077
1749043800,2025-06-04 09:30,58,58.34,57.19,57.98,5598594
1749130200,2025-06-05 09:30,58.05,58.78,55.64,56.36,17339069
1749216600,2025-06-06 09:30,58.19,61.62,58.14,61.13,39158057
1749475800,2025-06-09 09:30,62.25,62.49,61.2254,62.41,13189705
1749562200,2025-06-10 09:30,62.71,63.32,61.98,62.94,9603865
1749648600,2025-06-11 09:30,63.5,64.31,63.05,63.53,11385712
1749735000,2025-06-12 09:30,62.87,63.14,61.84,62.02,8966294
1749821400,2025-06-13 09:30,60.62,62.7,60.54,62.19,11396537
1750080600,2025-06-16 09:30,63.93,65.29,63.715,64.93,12002127
1750167000,2025-06-17 09:30,65,65.47,63.455,63.91,7707389
1750253400,2025-06-18 09:30,64.05,66.95,63.65,66.77,9762218
1750426200,2025-06-20 09:30,68.27,68.44,66.58,67.73,16614802
1750685400,2025-06-23 09:30,67.36,69.745,66.64,68.85,21371342
1750771800,2025-06-24 09:30,69.6,70.735,69.15,70.3,12719558
1750858200,2025-06-25 09:30,71,71.27,68.97,69.5,10956568
1750944600,2025-06-26 09:30,69.72,71.19,69.63,71.03,8507405
1751031000,2025-06-27 09:30,71.26,71.2936,68.925,69.84,13624508
1751290200,2025-06-30 09:30,70.37,70.96,70.13,70.29,7979149
1751376600,2025-07-01 09:30,69.4,69.96,68.192,68.94,13909364
1751463000,2025-07-02 09:30,69.05,70.76,68.92,70.58,7109720
1751549400,2025-07-03 09:30,70.95,71.24,70.62,71.09,6255623
1751895000,2025-07-07 09:30,70.315,70.71,69.58,70.44,8562327
1751981400,2025-07-08 09:30,70.75,71.48,70.54,70.9,7003000
1752067800,2025-07-09 09:30,71.52,72.41,70.9,72.37,8574286
1752154200,2025-07-10 09:30,73.13,73.56,72.15,73.56,11788862
1752240600,2025-07-11 09:30,73.09,73.61,71.99,72.29,8963056
1752499800,2025-07-14 09:30,72.52,73.71,72.452,73.65,7310835
1752586200,2025-07-15 09:30,74.11,74.27,72.24,72.59,7999081
1752672600,2025-07-16 09:30,73.29,75.57,73.2,75.25,15681546
1752759000,2025-07-17 09:30,75.505,76.625,75.27,76.24,10069631
1752845400,2025-07-18 09:30,77.46,78.89,76.96,77.63,13564406
1753104600,2025-07-21 09:30,78.47,79.19,76.8,76.81,11524419
1753191000,2025-07-22 09:30,76.83,76.925,74.53,76.39,13307555
1753277400,2025-07-23 09:30,76.91,77.36,75.96,77.34,10971221
1753363800,2025-07-24 09:30,76.8,76.87,75.49,75.8,14029022
1753450200,2025-07-25 09:30,76.02,76.98,75.65,76.79,8087750
1753709400,2025-07-28 09:30,77.53,77.71,76.64,76.84,8607111
1753795800,2025-07-29 09:30,77.11,77.16,74.38,74.74,11033350
1753882200,2025-07-30 09:30,75.3,76.41,74.75,75.65,11987673
1753968600,2025-07-31 09:30,76.72,77.28,75.01,75.33,17266927
1754055000,2025-08-01 09:30,72.35,72.46,70.385,71.16,26231902
1754314200,2025-08-04 09:30,71.955,73.625,71.5,73.59,9731662
1754400600,2025-08-05 09:30,73.26,73.59,72.3,72.63,9371858
1754487000,2025-08-06 09:30,72.88,74.16,72.54,74.16,8205488
1754573400,2025-08-07 09:30,75.02,75.305,73.265,74.35,8720020
1754659800,2025-08-08 09:30,74.87,75.09,74.18,74.76,6433601
1754919000,2025-08-11 09:30,75.46,76.895,75.1345,75.23,11199449
1755005400,2025-08-12 09:30,76.5,76.88,75.33,76.78,15422801
1755091800,2025-08-13 09:30,77.5,78.76,77.17,77.91,25060899
1755178200,2025-08-14 09:30,76.94,77.88,76.2153,77.05,19294422
1755264600,2025-08-15 09:30,76.95,77.19,76.125,77.01,12782156
1755523800,2025-08-18 09:30,76.57,77.365,75.85,77.11,9543108
1755610200,2025-08-19 09:30,76.98,76.98,73.94,74.03,17098169
1755696600,2025-08-20 09:30,73.52,73.95,71.28,73.78,18239559
1755783000,2025-08-21 09:30,73.05,74.02,72.77,73.51,12045995
1755869400,2025-08-22 09:30,73.74,77.335,73.2,76.52,16639802
1756128600,2025-08-25 09:30,76.24,76.63,75.2854,75.66,9615248
1756215000,2025-08-26 09:30,75.69,76.33,75.4,76.27,5633798
1756301400,2025-08-27 09:30,76.05,76.34,75.19,75.52,6004400
1756387800,2025-08-28 09:30,75.96,76.6,75.65,76.07,6108120
1756474200,2025-08-29 09:30,75.92,76.08,74.5,74.96,10799850
1756819800,2025-09-02 09:30,73.21,74.85,72.43,74.41,10668412
1756906200,2025-09-03 09:30,74.97,75.63,74.29,74.79,5972219
1756992600,2025-09-04 09:30,74.7,75.055,73.73,75.02,6565630
1757079000,2025-09-05 09:30,75.855,76.17,73.645,75.37,14667861
1757338200,2025-09-08 09:30,76.07,76.63,75.725,76.13,7667996
1757424600,2025-09-09 09:30,76.24,76.8398,75.385,76.59,9769670
1757511000,2025-09-10 09:30,77.35,77.4867,75.3,75.56,9739822
1757597400,2025-09-11 09:30,75.96,78.31,75.86,78.3,13324940
1757683800,2025-09-12 09:30,78.5,78.675,77.8335,78.57,8470128
1757943000,2025-09-15 09:30,79.65,79.98,79.01,79.72,9863835
1758029400,2025-09-16 09:30,80.195,81.095,79.27,81.03,9058402
1758115800,2025-09-17 09:30,80.91,81.61,78.87,80.67,12960515
1758202200,2025-09-18 09:30,81.77,83.345,81.605,83.16,11335953
1758288600,2025-09-19 09:30,84.66,85.55,84.18,84.96,23125008
1758547800,2025-09-22 09:30,84.49,85.41,84.071,84.69,9436011
1758634200,2025-09-23 09:30,85.17,85.33,83.18,83.58,10010376
1758720600,2025-09-24 09:30,84.355,84.68,82.95,83.46,10469242
1758807000,2025-09-25 09:30,81.46,82.485,80.01,81.63,12221244
1758893400,2025-09-26 09:30,82.55,83.16,81.11,83.1,6442350
1759152600,2025-09-29 09:30,84.21,86.17,83.8,86.17,12272073
1759239000,2025-09-30 09:30,85.3,86.98,84.88,86.3,13662075
1759325400,2025-10-01 09:30,85.64,87.67,85.485,86.92,8567372
1759411800,2025-10-02 09:30,88.55,89.33,87.26,89.22,7893991
1759498200,2025-10-03 09:30,89.49,89.6226,87.19,88.32,7968046
1759757400,2025-10-06 09:30,91.09,91.76,89.7,91.59,7081717
1759843800,2025-10-07 09:30,91.56,91.76,88.49,89.11,6551260
1759930200,2025-10-08 09:30,89.84,92.65,88.82,92.53,7329134
1760016600,2025-10-09 09:30,92.44,92.44,90.78,91.66,7276398
1760103000,2025-10-10 09:30,92.23,92.45,86.21,86.52,12215395
1760362200,2025-10-13 09:30,88.46,88.72,86.63,87.77,6629142
1760448600,2025-10-14 09:30,85.68,88.51,83.861,86.86,7726740
1760535000,2025-10-15 09:30,88.71,90.1,86.94,89.3,9640599
1760621400,2025-10-16 09:30,89.46,90.015,86.31,86.68,10490494
1760707800,2025-10-17 09:30,85.76,87.07,84.78,86.24,10407716
1760967000,2025-10-20 09:30,88.02,90.46,87.86,90.01,9294932
1761053400,2025-10-21 09:30,89.69,89.96,88.5,88.65,7306104
1761139800,2025-10-22 09:30,88.26,88.285,83.57,85.35,16202937
1761226200,2025-10-23 09:30,85.78,88.05,85.34,87.93,6513404
1761312600,2025-10-24 09:30,89.46,89.905,88.94,89.33,5729514
1761571800,2025-10-27 09:30,89.92,90.78,89.1,90.25,6803764
1761658200,2025-10-28 09:30,90.25,90.3256,89.28,89.28,5161726
1761744600,2025-10-29 09:30,89.95,90.35,88.07,89.23,8304402
1761831000,2025-10-30 09:30,87.46,88.1,85.68,85.68,8368719
1761917400,2025-10-31 09:30,87.21,89.95,87.21,88.98,7764644
1762180200,2025-11-03 09:30,89.41,89.43,86.85,88.19,8160214
1762266600,2025-11-04 09:30,85.19,86.695,83.5,83.5,11265265
1762353000,2025-11-05 09:30,84.09,85.555,83.04,84.99,7780584
1762439400,2025-11-06 09:30,84.69,84.7,80.54,80.92,11144227
1762525800,2025-11-07 09:30,79.06,80.87,77.39,80.75,15202823
1762785000,2025-11-10 09:30,83.51,83.55,82.2001,82.84,7639320
1762871400,2025-11-11 09:30,82.05,82.54,81.35,82.05,5368374
1762957800,2025-11-12 09:30,82.75,82.8694,80.76,81.36,7513700
1763044200,2025-11-13 09:30,80.41,80.4924,76.62,77.09,17942565
1763130600,2025-11-14 09:30,74.52,78.215,74.22,76.92,13432791
1763389800,2025-11-17 09:30,76.09,77.04,74.45,75.49,11295858
1763476200,2025-11-18 09:30,74.44,75.93,73.54,74.97,11766623
1763562600,2025-11-19 09:30,74.975,75.735,73.275,74.39,9426138
1763649000,2025-11-20 09:30,76.33,77.14,71.53,71.75,19138364
1763735400,2025-11-21 09:30,72.09,74.34,70.44,73.35,22925495
1763994600,2025-11-24 09:30,74.025,76.9372,73.85,76.79,8086466
1764081000,2025-11-25 09:30,75.96,77.425,74.74,77.3,7242810
1764167400,2025-11-26 09:30,78,78.75,77.45,78.47,5527604
1764340200,2025-11-28 09:30,79.04,79.805,78.63,79.68,3346976
1764599400,2025-12-01 09:30,77.9,78.585,77.12,77.53,8169428
1764685800,2025-12-02 09:30,78.52,79.48,78.02,78.22,5917670
1764772200,2025-12-03 09:30,78.35,80.94,77.9025,80.75,8219404
1764858600,2025-12-04 09:30,80.7,82.8,80.07,82.65,9320368
1764945000,2025-12-05 09:30,82.21,82.81,81.67,81.91,8044480
1765204200,2025-12-08 09:30,82.42,82.84,81.27,81.96,5772722
1765290600,2025-12-09 09:30,81.43,83.07,81.095,82.53,6394704
1765377000,2025-12-10 09:30,82.45,84.02,81.55,83.16,8807041
1765463400,2025-12-11 09:30,82.01,82.54,80.94,82.06,9000553
1765549800,2025-12-12 09:30,82.03,82.585,79.415,80.39,11375275
1765809000,2025-12-15 09:30,81.01,81.4573,79.12,79.21,9294826
1765895400,2025-12-16 09:30,79.15,80.285,78.8,80.14,8665024
1765981800,2025-12-17 09:30,80.36,81.4225,77.66,77.7,11100530
1766068200,2025-12-18 09:30,79.5,80.56,78.44,78.69,11323143
1766154600,2025-12-19 09:30,79.48,80.655,79.33,80.3,6755634
1766413800,2025-12-22 09:30,81.34,82.34,81.14,81.49,5662879
1766500200,2025-12-23 09:30,80.71,80.99,79.65,80.51,5602137
1766586600,2025-12-24 09:30,80.54,80.66,79.85,80.65,2773707
1766759400,2025-12-26 09:30,80.51,80.545,79.0975,79.7,4004259
1767018600,2025-12-29 09:30,78.78,79.67,78.43,78.61,4641365
1767105000,2025-12-30 09:30,78.85,78.875,77.85,77.87,3015237
1767191400,2025-12-31 09:30,78.02,78.0895,76.92,76.92,4921395
1767364200,2026-01-02 09:30,78.14,78.61,77.26,78.31,7908910
1767623400,2026-01-05 09:30,79.54,81.66,79.54,81.34,9684681
1767709800,2026-01-06 09:30,81.43,82.1,80.76,81.86,6879987
1767796200,2026-01-07 09:30,81.74,81.99,81.045,81.14,6150129
1767882600,2026-01-08 09:30,81.11,81.16,79.96,80.55,6794104
1767969000,2026-01-09 09:30,81.19,81.338,79.65,80.29,6779818
1768228200,2026-01-12 09:30,80.9,82.835,80.85,82.54,8225602
1768314600,2026-01-13 09:30,82.94,83.6202,81.87,83.21,6284032
1768401000,2026-01-14 09:30,83.03,83.33,82.12,83.2,7366424
1768487400,2026-01-15 09:30,83.59,83.75,81.74,81.93,6391749
1768573800,2026-01-16 09:30,82.36,82.64,81.35,81.68,5627953
1768919400,2026-01-20 09:30,79.2,80.6,79.07,79.23,7478136
1769005800,2026-01-21 09:30,79.635,80.91,78.345,80.29,9370652
1769092200,2026-01-22 09:30,81.27,82.46,80.63,82.23,6305282
1769178600,2026-01-23 09:30,82.05,82.2,80.46,80.7,3941448
1769437800,2026-01-26 09:30,80.3,80.77,79.67,79.92,3632884
1769524200,2026-01-27 09:30,80.62,80.69,79.445,79.77,3576852
1769610600,2026-01-28 09:30,80.38,80.4175,78.67,78.94,4392087
1769697000,2026-01-29 09:30,78.99,79.05,76.25,77.64,7515481
1769783400,2026-01-30 09:30,76.94,77.4895,74.47,74.87,9948871
1770042600,2026-02-02 09:30,74.14,75.27,73.79,74.36,8299424
1770129000,2026-02-03 09:30,75.07,75.34,71.76,73.44,9925136
1770215400,2026-02-04 09:30,72.55,72.6,68.545,69.99,14438492
1770301800,2026-02-05 09:30,68.42,69.57,65.98,66.33,16041107
1770388200,2026-02-06 09:30,68.12,70.525,67.95,70.41,11258422
1770647400,2026-02-09 09:30,70.23,72.81,69.85,72.44,11828564
1770733800,2026-02-10 09:30,72.53,73.37,72.13,72.26,7047457
1770820200,2026-02-11 09:30,72.73,72.75,69.355,70.87,11831717
1770906600,2026-02-12 09:30,71.4,71.4,67.59,68.45,14553666
1770993000,2026-02-13 09:30,69.56,71.34,68.94,70.25,14791703
1771338600,2026-02-17 09:30,69.47,71.085,68.47,70.3,10606786
1771425000,2026-02-18 09:30,70.28,72.49,70.09,71.39,8146314
1771511400,2026-02-19 09:30,71.1,72.28,70.62,72.24,7354832
1771597800,2026-02-20 09:30,71.57,72.78,70.85,71.49,9481827
1771857000,2026-02-23 09:30,70.51,70.67,69.08,70,9703297
1771943400,2026-02-24 09:30,70.045,72.2399,69.945,72.07,9540316
1772029800,2026-02-25 09:30,73.36,74.06,73.04,73.54,10696952
1772116200,2026-02-26 09:30,73.34,74.63,72.31,74.61,11555589
1772202600,2026-02-27 09:30,72.75,73.32,71.99,72.91,10042997
1772461800,2026-03-02 09:30,70.9,74.25,70.8504,74.22,12076931
1772548200,2026-03-03 09:30,71.45,73.27,69.905,72.26,18576501
1772634600,2026-03-04 09:30,73.42,75.26,73.11,74.93,11833584
1772721000,2026-03-05 09:30,74.11,75.68,72.89,73.99,11809597
1772807400,2026-03-06 09:30,72.15,73.3,71.88,72.4,9650897
1773063000,2026-03-09 09:30,71.34,74.55,71.2801,74.29,12405606
1773149400,2026-03-10 09:30,74.04,74.47,72.685,72.89,9201815
1773235800,2026-03-11 09:30,73.13,74.055,72.365,73.07,7049617
1773322200,2026-03-12 09:30,72.26,72.53,70.48,70.64,8955626
1773408600,2026-03-13 09:30,71.57,72.15,69.92,70.25,13253496
1773667800,2026-03-16 09:30,71.61,72.59,71.31,72.05,12119858
1773754200,2026-03-17 09:30,72,73.505,72,73.06,8731837
1773840600,2026-03-18 09:30,72.45,73.05,71.37,71.41,10279751
1773927000,2026-03-19 09:30,69.9,71.91,69.36,71.07,15597111
1774013400,2026-03-20 09:30,70.795,70.91,68.325,69.15,14969736
1774272600,2026-03-23 09:30,70.095,71.77,69.83,70.92,16663420
1774359000,2026-03-24 09:30,70.21,70.575,68.255,69,12983720
1774445400,2026-03-25 09:30,70.48,71.61,69.625,69.9,10226997
1774531800,2026-03-26 09:30,68.72,69.98,67.35,67.39,9789722
1774618200,2026-03-27 09:30,66.68,66.68,64.4,64.63,13975953
1774877400,2026-03-30 09:30,65.35,65.36,62.945,63.52,10269461
1774963800,2026-03-31 09:30,64.51,67.78,64.5,67.59,15225600
1775050200,2026-04-01 09:30,68.705,69.4579,68.06,68.4,11886788
1775136600,2026-04-02 09:30,66.13,68.9799,65.71,68.56,11724665
1775482200,2026-04-06 09:30,68.75,69.73,68.31,68.8,6687504
1775568600,2026-04-07 09:30,67.99,68.85,66.78,68.76,9088675
1775655000,2026-04-08 09:30,72.62,73.36,69.7199,70.36,12225115
1775741400,2026-04-09 09:30,69.99,70.15,68.43,68.92,9491361
1775827800,2026-04-10 09:30,69.44,69.818,68.74,69.29,6314217
1776087000,2026-04-13 09:30,68.88,72.055,68.88,71.96,9765946
1776173400,2026-04-14 09:30,73.2,75.225,73.2,74.83,12846550
1776259800,2026-04-15 09:30,75.52,77.6,75.37,77.47,8933153
1776346200,2026-04-16 09:30,78.355,78.47,75.85,77.34,9072419
1776432600,2026-04-17 09:30,79.185,80.525,78.945,79.23,12976692
1776691800,2026-04-20 09:30,78.58,79.49,77.67,79.32,7042919
1776778200,2026-04-21 09:30,79.55,80.14,77.2,77.38,10555123
1776864600,2026-04-22 09:30,78.97,79.625,78.58,79.3,6575169
1776951000,2026-04-23 09:30,78.37,78.58,75.18,76.5,12443234
1777037400,2026-04-24 09:30,77.5,77.56,76.16,76.5,7709421
1777296600,2026-04-27 09:30,76.26,77.2,76.06,76.55,5877611
1777383000,2026-04-28 09:30,75.11,76.2,74.7,75.45,9631251
1777469400,2026-04-29 09:30,74.45,74.45,72.75,73.53,9710021
1777555800,2026-04-30 09:30,74.13,76.21,73.78,75.84,7443009
1777642200,2026-05-01 09:30,75.85,77.275,75.44,76.92,5580626
1777901400,2026-05-04 09:30,77.24,78.94,77.22,78.23,6110452
1777987800,2026-05-05 09:30,78.4,78.53,76.325,76.58,7304565
1778074200,2026-05-06 09:30,77.33,79.6,76.975,79.58,5010617
1778160600,2026-05-07 09:30,79.4,79.6901,77.13,77.93,5656372
1778247000,2026-05-08 09:30,78.36,79.12,77.055,79.12,6380487
1778506200,2026-05-11 09:30,78.58,80.685,78.25,80.03,7520339
1778592600,2026-05-12 09:30,79.1,79.78,76.48,78.21,9938749
1778679000,2026-05-13 09:30,78.17,78.71,76.6,78.05,7476830
1778765400,2026-05-14 09:30,77.8,79.175,76.72,78,8559606
1778851800,2026-05-15 09:30,76.18,76.5,74.9,74.9,12612213
1779111000,2026-05-18 09:30,74.88,75.925,73.47,74.51,10421970
1779197400,2026-05-19 09:30,73.83,74.565,72.96,73.84,8226380
1779283800,2026-05-20 09:30,74.37,75.95,73.67,75.84,8316631
1779370200,2026-05-21 09:30,75.28,76.905,74.91,76.62,5463148
1779456600,2026-05-22 09:30,76.95,77.778,76.2901,76.4,4587680
1779802200,2026-05-26 09:30,77.27,77.79,76.53,77.23,4794030
1779888600,2026-05-27 09:30,77.23,78.35,77.02,77.95,5787954
1779975000,2026-05-28 09:30,77.65,81.22,77.39,81.01,8479549
1780061400,2026-05-29 09:30,81.3,82.45,79.985,81.95,9345965
1780320600,2026-06-01 09:30,80.765,82.145,79.92,81.26,6998570
1780407000,2026-06-02 09:30,80.64,80.655,79.31,79.91,5817661
1780493400,2026-06-03 09:30,79.2,79.33,77.62,78.16,5171187
1780579800,2026-06-04 09:30,78.02,81.14,77.7,80.07,6508272
1780666200,2026-06-05 09:30,78.59,78.75,73.61,74.49,13929431
1780925400,2026-06-08 09:30,76.24,76.37,75.03,75.88,5794472
1781011800,2026-06-09 09:30,76.27,77.495,72.1,75,10623709
1781098200,2026-06-10 09:30,73.94,76.045,72.99,73.01,7613096
1781184600,2026-06-11 09:30,73.4,75.46,72.55,75.46,11578059
1781271000,2026-06-12 09:30,75.46,76.18,74.41,75.65,11552777
1781530200,2026-06-15 09:30,78.19,80.1198,78.11,79.63,9746386
1781616600,2026-06-16 09:30,79.5,80.48,78.71,79.08,6320595
1781703000,2026-06-17 09:30,79.08,81.225,78.22,78.49,10768696
1781789400,2026-06-18 09:30,79.51,80.36,78.69,80.19,8030607
1782135000,2026-06-22 09:30,79.78,81.15,78.24,78.43,6037614
1782221400,2026-06-23 09:30,76.205,78.48,76.11,76.68,9452046
1782307800,2026-06-24 09:30,76.55,78.1,76.38,76.72,5003683
1782394200,2026-06-25 09:30,77.36,77.79,75.7091,76.54,5467360
1782480600,2026-06-26 09:30,75.6,78.88,75.6,78.13,6079961
1782739800,2026-06-29 09:30,79.08,80.8,77.92,80.63,6506567
1782826200,2026-06-30 09:30,80.06,80.975,79.49,80.82,6597185
1782912600,2026-07-01 09:30,80.4,82.75,80.4,81.85,5121511
1782999000,2026-07-02 09:30,82.34,83.89,80.32,81.25,8437013
1783344600,2026-07-06 09:30,81.32,84.34,80.84,83.61,5079078
1783431000,2026-07-07 09:30,82.93,83.77,80.57,81.19,6069248
1783517400,2026-07-08 09:30,79.935,80.44,78.55,80.16,3999986
1783603800,2026-07-09 09:30,79.99,82.04,79.91,81.53,4140144
1783690200,2026-07-10 09:30,82.585,82.72,79.37,80.245,5393513
1783949400,2026-07-13 09:30,79.475,79.62,77.89,78.24,5889874
1784035800,2026-07-14 09:30,78.77,79.695,78.2901,79.52,3133474
1784122200,2026-07-15 09:30,80.11,80.7,78.5,79.6,3888137
1784208600,2026-07-16 09:30,78.82,78.94,76.195,76.67,6139071
1784295000,2026-07-17 09:30,74.66,76.29,73.84,75.2,5796053
1784554200,2026-07-20 09:30,75.71,76.17,74.645,74.95,3017189
1784640600,2026-07-21 09:30,75.68,77.935,75.56,77.695,3744415
1784727000,2026-07-22 09:30,76.84,77.65,75.91,76.03,4064439
1784813400,2026-07-23 09:30,74.25,75.28,73.13,73.83,5818237
1784899800,2026-07-24 09:30,73.78,73.905,71.36,71.89,5926466
1785159000,2026-07-27 09:30,73.05,73.7,71.22,72.53,3981164
1785245400,2026-07-28 09:30,71.335,72.74,70.155,72.45,4739385
1785331800,2026-07-29 09:30,72.03,72.98,70.34,70.58,6386896
1785418200,2026-07-30 09:30,71.365,73.02,71.13,72.9,4892888
1785504600,2026-07-31 09:30,72.97,72.97,69.89,71.24,6189464
1785763800,2026-08-03 09:30,70.8,73.695,70.19,73.54,5083914
1785850200,2026-08-04 09:30,74.56,77.11,74.53,76.76,6618318
1785936600,2026-08-05 09:30,76.77,77.49,76.14,76.18,5131502
1786023000,2026-08-06 09:30,75.11,76.61,74.9315,75.73,3630481
1786109400,2026-08-07 09:30,76.96,79.51,76.96,79.43,7020255
1786368600,2026-08-10 09:30,79.49,80.615,79.385,80.44,4028728
1786455000,2026-08-11 09:30,80.65,81.15,79.71,80.6,2943233
1786541400,2026-08-12 09:30,81.77,82.02,80.585,81.37,3337911
1786627800,2026-08-13 09:30,81.375,82.925,81.25,82.59,3048878
1786714200,2026-08-14 09:30,82.62,82.62,80.785,81.1,4051275
1786973400,2026-08-17 09:30,80.97,82.27,80.56,81.75,3860481
1787059800,2026-08-18 09:30,80,80.71,79.055,79.15,6734210
1787146200,2026-08-19 09:30,80.83,83.35,80.53,83.31,8922340
1787232600,2026-08-20 09:30,83.32,84,82.54,83.27,6327240
1787319000,2026-08-21 09:30,84.24,86.45,84.115,86.21,7148264
1787578200,2026-08-24 09:30,85.67,85.67,83.76,83.92,4415732
1787664600,2026-08-25 09:30,84.25,86.84,84.2001,86.37,5278661
1787751000,2026-08-26 09:30,85.475,86.37,85.0501,85.78,3012308
1787837400,2026-08-27 09:30,86.5,87.83,86.0275,87.38,2908911
1787923800,2026-08-28 09:30,86.71,87.19,84.18,84.59,5060697
1788183000,2026-08-31 09:30,83.84,85.73,83.5896,85.57,3100219
1788269400,2026-09-01 09:30,84.04,84.42,82.77,83.08,4145726
1788355800,2026-09-02 09:30,82.99,84.02,82.58,83.39,3739564
1788442200,2026-09-03 09:30,84.39,87.3,84.39,87.14,8203268
1788528600,2026-09-04 09:30,85.9,86.535,85.8,86.22,3441679
1788874200,2026-09-08 09:30,86.15,86.78,85.21,86.08,3752544
1788960600,2026-09-09 09:30,86.1,86.37,84.47,84.56,3807394
1789047000,2026-09-10 09:30,82.77,84.28,82.42,83.06,5120513
1789133400,2026-09-11 09:30,83.63,84.79,83.5,83.58,3263459
1789392600,2026-09-14 09:30,82.59,85.19,82.49,84.72,4619639
1789479000,2026-09-15 09:30,83.9,84.32,82.91,83.49,3870218
1789565400,2026-09-16 09:30,83.88,84.57,82.04,83.18,5457946
1789651800,2026-09-17 09:30,85.04,87.165,85.04,86.92,6759240
1789738200,2026-09-18 09:30,87.55,88.33,87.009,88.23,4397936
1789997400,2026-09-21 09:30,90.05,90.985,89.86,90.72,6119085
1790083800,2026-09-22 09:30,91,91.94,90.48,91.61,4951577
1790170200,2026-09-23 09:30,91.38,92.03,89.67,89.77,3863031
1790256600,2026-09-24 09:30,88.94,91.86,88.76,91.7,5475339
1790343000,2026-09-25 09:30,92.02,92.2,89.72,90.77,3981050
1790602200,2026-09-28 09:30,89.84,90.44,88.66,89.25,3867927
1790688600,2026-09-29 09:30,90,90.488,88.9,89.45,3656443
1790775000,2026-09-30 09:30,90.08,90.33,88.97,89.1,3882466
1790861400,2026-10-01 09:30,89.34,89.915,88.46,88.58,3721320
1790947800,2026-10-02 09:30,90.18,91.45,89.24,89.83,5553149
1791207000,2026-10-05 09:30,90.13,93.02,89.83,92.78,4374320
1791293400,2026-10-06 09:30,93.96,94.82,90.27,90.49,4770996
