t,et,o,h,l,c,v
1163773800,2006-11-17 09:30,20.85,20.85,20.56,20.644995,766200
1164033000,2006-11-20 09:30,20.655,20.699995,20.504995,20.550005,247800
1164119400,2006-11-21 09:30,20.550005,20.675005,20.550005,20.655,37400
1164205800,2006-11-22 09:30,20.675005,20.795,20.675005,20.795,214600
1164378600,2006-11-24 09:30,20.665,20.735045,20.61,20.714995,11200
1164637800,2006-11-27 09:30,20.660005,20.714995,20.315,20.315,546400
1164724200,2006-11-28 09:30,20.225,20.305,20.17,20.24,274200
1164810600,2006-11-29 09:30,20.5,20.629995,20.445,20.595,897600
1164897000,2006-11-30 09:30,20.324995,20.47,20.235,20.39,1010200
1164983400,2006-12-01 09:30,20.525,20.525,20.050005,20.265,3178400
1165242600,2006-12-04 09:30,20.39,20.754995,20.39,20.730005,712800
1165329000,2006-12-05 09:30,20.735,20.9,20.69,20.79,986200
1165415400,2006-12-06 09:30,20.775,20.839995,20.705,20.71,1012000
1165501800,2006-12-07 09:30,20.855005,20.89,20.699995,20.699995,320800
1165588200,2006-12-08 09:30,20.665,20.74,20.620005,20.644995,257000
1165847400,2006-12-11 09:30,20.629995,20.730005,20.629995,20.705,563400
1165933800,2006-12-12 09:30,20.730005,20.730005,20.43,20.515,1270000
1166020200,2006-12-13 09:30,20.68,20.699995,20.519995,20.595,355200
1166106600,2006-12-14 09:30,20.725,20.929945,20.725,20.89,250800
1166193000,2006-12-15 09:30,21,21.019995,20.775,20.79,712200
1166452200,2006-12-18 09:30,20.824995,20.83,20.464995,20.464995,173600
1166538600,2006-12-19 09:30,20.199995,20.43,20.165,20.355005,534200
1166625000,2006-12-20 09:30,20.365,20.620005,20.365,20.49,774800
1166711400,2006-12-21 09:30,20.555,20.565,20.324995,20.345,186000
1166797800,2006-12-22 09:30,20.365,20.47,20.32,20.35,938200
1167143400,2006-12-26 09:30,20.324995,20.36,20.22,20.295,1442800
1167229800,2006-12-27 09:30,20.379995,20.54,20.35,20.525,591000
1167316200,2006-12-28 09:30,20.519995,20.53,20.4,20.445,913200
1167402600,2006-12-29 09:30,20.435,20.54,20.305,20.305,667400
1167834600,2007-01-03 09:30,20.635,20.765,20.300005,20.36,2508800
1167921000,2007-01-04 09:30,20.435,20.730005,20.410005,20.714995,3252000
1168007400,2007-01-05 09:30,20.65,20.675005,20.375,20.43,669600
1168266600,2007-01-08 09:30,20.345,20.555,20.315,20.46,2671800
1168353000,2007-01-09 09:30,20.54,20.695,20.464995,20.67,1012800
1168439400,2007-01-10 09:30,20.565,20.76,20.565,20.730005,1188000
1168525800,2007-01-11 09:30,20.769995,21.135,20.769995,21.105005,498000
1168612200,2007-01-12 09:30,21.17,21.275,21.045,21.230005,492200
1168957800,2007-01-16 09:30,21.35,21.3786,21.144995,21.21,1025600
1169044200,2007-01-17 09:30,21.135,21.225,21.08,21.1,1224600
1169130600,2007-01-18 09:30,21.1,21.19,21.019995,21.1,1074000
1169217000,2007-01-19 09:30,21.050005,21.050005,20.865,20.995005,1212400
1169476200,2007-01-22 09:30,20.89,20.89,20.675005,20.82,2547800
1169562600,2007-01-23 09:30,20.79,20.92,20.730005,20.815,976400
1169649000,2007-01-24 09:30,20.955,21.055,20.92,21.01,114400
1169735400,2007-01-25 09:30,20.905,20.905,20.625,20.685,739200
1169821800,2007-01-26 09:30,20.644995,20.72,20.545,20.695,1117400
1170081000,2007-01-29 09:30,20.68,20.845,20.68,20.800005,558600
1170167400,2007-01-30 09:30,20.82995,20.845,20.714995,20.775,1808600
1170253800,2007-01-31 09:30,20.74,21.050005,20.699995,20.980005,1344800
1170340200,2007-02-01 09:30,21.15,21.47,21.15,21.269995,650600
1170426600,2007-02-02 09:30,21.385,21.385,21.275,21.305,1365800
1170685800,2007-02-05 09:30,21.35,21.35,21.21,21.25,218800
1170772200,2007-02-06 09:30,21.295,21.415,21.235,21.410005,940200
1170858600,2007-02-07 09:30,21.410005,21.589995,21.35,21.480005,955400
1170945000,2007-02-08 09:30,21.475,21.615,21.455,21.5,1439800
1171031400,2007-02-09 09:30,21.54,21.54,21.245005,21.365,799400
1171290600,2007-02-12 09:30,21.095,21.375,21.095,21.31,1797338
1171377000,2007-02-13 09:30,21.36,21.495005,21.355005,21.410005,391000
1171463400,2007-02-14 09:30,21.435,21.65,21.435,21.6,895000
1171549800,2007-02-15 09:30,21.57,21.75,21.545,21.705,308800
1171636200,2007-02-16 09:30,21.655,21.775,21.620005,21.745005,821400
1171981800,2007-02-20 09:30,21.730005,22.089995,21.65,21.949995,1037800
1172068200,2007-02-21 09:30,21.985,22.01,21.89,21.92,1245800
1172154600,2007-02-22 09:30,21.894995,21.97,21.699995,21.83,623600
1172241000,2007-02-23 09:30,21.765,21.765,21.589995,21.72,1688400
1172500200,2007-02-26 09:30,21.745005,21.745005,21.51,21.595,528600
1172586600,2007-02-27 09:30,21.214995,21.305,20.644995,20.705,1533600
1172673000,2007-02-28 09:30,20.675005,21.07,20.67,21.055,759600
1172759400,2007-03-01 09:30,20.345,20.945,20.300005,20.800005,2154566
1172845800,2007-03-02 09:30,20.714995,20.85,20.525,20.525,2203600
1173105000,2007-03-05 09:30,20.285005,20.46,20.08,20.095,992000
1173191400,2007-03-06 09:30,20.365,20.51,20.160005,20.4,1627000
1173277800,2007-03-07 09:30,20.4,20.555,20.35,20.46,1742600
1173364200,2007-03-08 09:30,20.855005,21.205,20.699995,20.815,1010400
1173450600,2007-03-09 09:30,20.96,20.96,20.56,20.795,377200
1173706200,2007-03-12 09:30,20.985,21.1,20.93,21.055,1325600
1173792600,2007-03-13 09:30,20.9,20.995005,20.605005,20.605005,1250400
1173879000,2007-03-14 09:30,20.660005,20.675005,20.21,20.6,3716800
1173965400,2007-03-15 09:30,20.69,20.83,20.675005,20.79,1300000
1174051800,2007-03-16 09:30,20.705,20.86,20.67,20.735,1042200
1174311000,2007-03-19 09:30,20.97,21.370005,20.9,20.97,830800
1174397400,2007-03-20 09:30,20.96,21.14,20.915,21.14,611400
1174483800,2007-03-21 09:30,21.11,21.455,21.1,21.375,482400
1174570200,2007-03-22 09:30,21.4,21.449995,21.29,21.42,409600
1174656600,2007-03-23 09:30,21.425005,21.72,21.425005,21.699995,663200
1174915800,2007-03-26 09:30,21.6,21.72,21.5,21.714995,481600
1175002200,2007-03-27 09:30,21.67,21.67,21.550005,21.615,591600
1175088600,2007-03-28 09:30,21.464995,21.5,21.305,21.455,875000
1175175000,2007-03-29 09:30,21.565,21.565,21.25,21.4,3168800
1175261400,2007-03-30 09:30,21.415,21.629995,21.35,21.53,997400
1175520600,2007-04-02 09:30,21.615,21.699995,21.545,21.699995,1342600
1175607000,2007-04-03 09:30,21.735,22.01,21.735,21.89,623800
1175693400,2007-04-04 09:30,21.9,21.9,21.785005,21.81,657200
1175779800,2007-04-05 09:30,21.875,21.94,21.845,21.894995,667000
1176125400,2007-04-09 09:30,21.94,22.04,21.839995,22,666400
1176211800,2007-04-10 09:30,22.025,22.089995,21.949995,21.980005,1391000
1176298200,2007-04-11 09:30,22.025,22.050005,21.86,21.935,2046800
1176384600,2007-04-12 09:30,21.775,22.105005,21.629995,21.964995,2888000
1176471000,2007-04-13 09:30,21.875,21.894995,21.82,21.82,2096400
1176730200,2007-04-16 09:30,22,22.07,21.905,22.01,914200
1176816600,2007-04-17 09:30,22.03,22.089995,21.925005,22.01,726400
1176903000,2007-04-18 09:30,21.885,21.96,21.81,21.9,148400
1176989400,2007-04-19 09:30,21.83,21.915,21.800005,21.824995,368800
1177075800,2007-04-20 09:30,22.115,22.18,21.986505,22.18,574800
1177335000,2007-04-23 09:30,22.225,22.245005,22.050005,22.115,974502
1177421400,2007-04-24 09:30,22.004995,22.025,21.81,21.975,958284
1177507800,2007-04-25 09:30,22.07,22.15,21.99,22.045,467200
1177594200,2007-04-26 09:30,22.06,22.14,21.94,22.089995,1002000
1177680600,2007-04-27 09:30,22.01,22.04,21.89,21.94,575200
1177939800,2007-04-30 09:30,21.985,22.004995,21.545,21.545,701600
1178026200,2007-05-01 09:30,21.42,21.6,21.269995,21.5,1631446
1178112600,2007-05-02 09:30,21.64,21.839995,21.595,21.72,1554394
1178199000,2007-05-03 09:30,21.589995,21.754995,21.475,21.5,2827800
1178285400,2007-05-04 09:30,21.56,21.56,21.44,21.504995,2431000
1178544600,2007-05-07 09:30,21.519995,21.574995,21.47,21.480005,1520200
1178631000,2007-05-08 09:30,21.43,21.449995,21.285005,21.355005,3383000
1178717400,2007-05-09 09:30,21.485,21.75,21.480005,21.71,2887600
1178803800,2007-05-10 09:30,21.565,21.765,21.385,21.385,4616200
1178890200,2007-05-11 09:30,21.4,21.405,21.300005,21.345,857400
1179149400,2007-05-14 09:30,21.36,21.405,21.199995,21.199995,2095800
1179235800,2007-05-15 09:30,21.19,21.339995,21.03,21.065,1753000
1179322200,2007-05-16 09:30,21.17,21.205,20.985,21.11,3283400
1179408600,2007-05-17 09:30,21.230005,21.405,21.199995,21.32,1806424
1179495000,2007-05-18 09:30,21.375,21.625,21.345,21.44,4339600
1179754200,2007-05-21 09:30,21.629995,21.754995,21.535005,21.6,5143200
1179840600,2007-05-22 09:30,21.65,21.71,21.54,21.65,1750200
1179927000,2007-05-23 09:30,21.769995,22.025,21.655,21.83,2611200
1180013400,2007-05-24 09:30,21.845,22.089995,21.625,21.629995,2356478
1180099800,2007-05-25 09:30,21.795,21.795,21.67,21.69,2459600
1180445400,2007-05-29 09:30,21.89,21.96,21.78,21.855005,714000
1180531800,2007-05-30 09:30,21.81,22.205,21.805,22.185,1441000
1180618200,2007-05-31 09:30,22.339995,22.54,22.339995,22.39,2667600
1180704600,2007-06-01 09:30,22.545,22.730005,22.535005,22.655,2996800
1180963800,2007-06-04 09:30,22.730005,22.754995,22.620005,22.655,1942200
1181050200,2007-06-05 09:30,22.5,22.51,22.324995,22.43,2800600
1181136600,2007-06-06 09:30,22.21,22.269995,22.074995,22.11,5563800
1181223000,2007-06-07 09:30,22.06,22.17,21.67,21.699995,3017200
1181309400,2007-06-08 09:30,21.75,22.01,21.72,21.985,1943600
1181568600,2007-06-11 09:30,21.865,21.975,21.79,21.9,566600
1181655000,2007-06-12 09:30,21.800005,21.800005,21.574995,21.589995,2668400
1181741400,2007-06-13 09:30,21.81,21.945,21.714995,21.92,1142000
1181827800,2007-06-14 09:30,21.975,22.085,21.905,22,1709200
1181914200,2007-06-15 09:30,22.129995,22.230005,21.964995,22.01,1960000
1182173400,2007-06-18 09:30,22.21,22.230005,22.11,22.160005,1781200
1182259800,2007-06-19 09:30,22.015,22.175005,21.949995,22.17,1538800
1182346200,2007-06-20 09:30,22.214995,22.225,21.885,21.885,953600
1182432600,2007-06-21 09:30,21.86,21.985,21.605005,21.93,2199000
1182519000,2007-06-22 09:30,21.839995,21.925005,21.68,21.735,3261600
1182778200,2007-06-25 09:30,21.72,21.845,21.54,21.550005,3926232
1182864600,2007-06-26 09:30,21.6,21.730005,21.39,21.39,2825400
1182951000,2007-06-27 09:30,21.410005,21.964995,21.39,21.945,4453400
1183037400,2007-06-28 09:30,21.9,22.06,21.86,21.980005,2479800
1183123800,2007-06-29 09:30,21.935,22.015,21.64,21.65,1507800
1183383000,2007-07-02 09:30,21.855005,21.945,21.815,21.875,523200
1183469400,2007-07-03 09:30,21.935,21.94,21.855005,21.91445,571400
1183642200,2007-07-05 09:30,21.879995,21.995005,21.83,21.995005,493000
1183728600,2007-07-06 09:30,21.945,22.235,21.945,22.195,1048950
1183987800,2007-07-09 09:30,22.125,22.125,21.905,22.01,3465600
1184074200,2007-07-10 09:30,21.839995,21.839995,21.46,21.46,3634400
1184160600,2007-07-11 09:30,21.519995,21.595,21.339995,21.565,3776400
1184247000,2007-07-12 09:30,22,22.125,21.75,22.01,2870600
1184333400,2007-07-13 09:30,21.905,22.015,21.800005,21.99,906000
1184592600,2007-07-16 09:30,21.945,22.025,21.75,21.81,2723200
1184679000,2007-07-17 09:30,21.870005,21.885,21.725,21.775,2626000
1184765400,2007-07-18 09:30,21.714995,21.865,21.464995,21.644995,4565600
1184851800,2007-07-19 09:30,21.795,21.86,21.705,21.725,1326000
1184938200,2007-07-20 09:30,21.660005,21.685,21.339995,21.449995,2349600
1185197400,2007-07-23 09:30,21.485,21.53,21.275,21.275,1108200
1185283800,2007-07-24 09:30,21.160005,21.175005,20.75,20.845,2302200
1185370200,2007-07-25 09:30,21.025,21.025,20.519995,20.665,1853800
1185456600,2007-07-26 09:30,20.195,20.345,19.730005,20,6363000
1185543000,2007-07-27 09:30,20.01,20.18,19.655,19.655,5348400
1185802200,2007-07-30 09:30,19.775,20.1,19.685,20.07,5433000
1185888600,2007-07-31 09:30,20.385,20.44,19.765,19.775,7779000
1185975000,2007-08-01 09:30,19.935,20.1,19.589995,19.945,4430400
1186061400,2007-08-02 09:30,20.025,20.15,19.865,20.11,1779800
1186147800,2007-08-03 09:30,20.015,20.025,19.24,19.44,6984600
1186407000,2007-08-06 09:30,19.28,19.605005,18.925005,19.445,6148800
1186493400,2007-08-07 09:30,19.51,20.019995,19.51,19.815,7176000
1186579800,2007-08-08 09:30,19.99,20.29,19.894995,20.120005,8538000
1186666200,2007-08-09 09:30,19.620005,20.045,19.495005,19.655,5257600
1186752600,2007-08-10 09:30,19.339995,19.815,18.964995,19.485,6012200
1187011800,2007-08-13 09:30,19.58,20.050005,19.44,19.519995,2758800
1187098200,2007-08-14 09:30,19.394995,19.394995,18.870005,18.870005,3303400
1187184600,2007-08-15 09:30,18.894995,19.160005,18.595,18.61,5500000
1187271000,2007-08-16 09:30,18.519995,18.835,18.195,18.69,2972800
1187357400,2007-08-17 09:30,19.495005,19.705,18.894995,19.15,5891400
1187616600,2007-08-20 09:30,19.335,19.5,19.199995,19.410005,2105400
1187703000,2007-08-21 09:30,19.405,19.550005,19.31,19.525,1297000
1187789400,2007-08-22 09:30,19.675005,19.754995,19.555,19.714995,2335000
1187875800,2007-08-23 09:30,19.82,19.82,19.515,19.56,1916200
1187962200,2007-08-24 09:30,19.595,20.004995,19.595,20.004995,3188600
1188221400,2007-08-27 09:30,20.025,20.055,19.76,19.775,1478200
1188307800,2007-08-28 09:30,19.65,19.65,19.214995,19.25,1586600
1188394200,2007-08-29 09:30,19.42,19.839995,19.324995,19.839995,2081200
1188480600,2007-08-30 09:30,19.5,19.714995,19.355005,19.545,2275000
1188567000,2007-08-31 09:30,19.915,19.955,19.65,19.71,1083600
1188912600,2007-09-04 09:30,19.815,19.925005,19.800005,19.81,1920000
1188999000,2007-09-05 09:30,19.53,19.56,19.29,19.43,2300600
1189085400,2007-09-06 09:30,19.75,19.75,19.33,19.525,855600
1189171800,2007-09-07 09:30,19.06,19.199995,18.824995,18.935,9476796
1189431000,2007-09-10 09:30,19,19.035005,18.51,18.665,2402800
1189517400,2007-09-11 09:30,18.775,19.1,18.765,19.074995,3890400
1189603800,2007-09-12 09:30,19.095,19.11,18.949995,18.955,2084600
1189690200,2007-09-13 09:30,19.125,19.449995,18.945,19.14,3625200
1189776600,2007-09-14 09:30,19.04,19.435,18.995005,19.415,1545000
1190035800,2007-09-17 09:30,19.31,19.339995,19.19,19.21,2202200
1190122200,2007-09-18 09:30,19.394995,21.69,19.355005,20.175005,4892400
1190208600,2007-09-19 09:30,20.405,20.58,20.199995,20.339995,5111800
1190295000,2007-09-20 09:30,20.165,20.165,19.725,19.96,3613200
1190381400,2007-09-21 09:30,19.945,19.96,19.754995,19.83,3965200
1190640600,2007-09-24 09:30,19.89,19.915,19.629995,19.64,4673600
1190727000,2007-09-25 09:30,19.4,19.4,19.1,19.305,7425000
1190813400,2007-09-26 09:30,19.355005,19.58,19.345,19.475,2574000
1190899800,2007-09-27 09:30,19.6,19.68,19.515,19.565,3609800
1190986200,2007-09-28 09:30,19.67,19.71,19.46,19.46,3415200
1191245400,2007-10-01 09:30,19.535005,19.79,19.42,19.751,2572200
1191331800,2007-10-02 09:30,19.835,20.08,19.824995,20.074995,1024200
1191418200,2007-10-03 09:30,20.08,20.379995,20.04,20.21,3810600
1191504600,2007-10-04 09:30,20.22,20.22,19.935,19.96,1351800
1191591000,2007-10-05 09:30,20.75,20.75,20.165,20.61,5210400
1191850200,2007-10-08 09:30,20.5,20.5,20.25,20.324995,1612600
1191936600,2007-10-09 09:30,20.275,20.300005,19.949995,20.199995,5166400
1192023000,2007-10-10 09:30,20.199995,20.300005,20.11,20.17,2681200
1192109400,2007-10-11 09:30,20.644995,20.824995,20.15,20.285005,9570000
1192195800,2007-10-12 09:30,20.275,20.275,20.050005,20.275,2342820
1192455000,2007-10-15 09:30,20.089995,20.105005,19.625,19.769995,4510800
1192541400,2007-10-16 09:30,19.725,19.725,19.47,19.49,2935200
1192627800,2007-10-17 09:30,19.75,19.76,19.25,19.495005,2023000
1192714200,2007-10-18 09:30,19.31,19.370005,19.15,19.28,3462200
1192800600,2007-10-19 09:30,19.14,19.254995,18.555,18.69,4889600
1193059800,2007-10-22 09:30,18.5,19.155,18.5,19.125,3370800
1193146200,2007-10-23 09:30,19.214995,19.225,18.765,19.035005,4734400
1193232600,2007-10-24 09:30,18.910005,19.03,18.54,18.925005,5964400
1193319000,2007-10-25 09:30,19.019995,19.269995,18.795,19.015,6541000
1193405400,2007-10-26 09:30,19.19,19.285005,18.949995,19.230005,2958800
1193664600,2007-10-29 09:30,19.375,19.464995,19.21,19.28,5284800
1193751000,2007-10-30 09:30,19.225,19.31,19.105005,19.185,1789600
1193837400,2007-10-31 09:30,19.305,19.35,18.94,19.254995,4408200
1193923800,2007-11-01 09:30,18.81,19,18.405,18.43,8304000
1194010200,2007-11-02 09:30,18.57,18.57,18.04,18.25,3644800
1194273000,2007-11-05 09:30,18.095,18.095,17.339995,17.885,6860570
1194359400,2007-11-06 09:30,18.105005,18.25,17.79,18.24,5290600
1194445800,2007-11-07 09:30,18.175005,18.175005,17.795,17.855005,15886398
1194532200,2007-11-08 09:30,18.050005,18.620005,17.254995,17.81,9223398
1194618600,2007-11-09 09:30,17.629995,17.675005,17.24,17.375,17583602
1194877800,2007-11-12 09:30,17.545,18.004995,17.435,17.525,19087204
1194964200,2007-11-13 09:30,17.824995,18.410005,17.824995,18.370005,11355524
1195050600,2007-11-14 09:30,18.475,18.574995,17.925005,17.96,9197296
1195137000,2007-11-15 09:30,17.865,17.925005,17.525,17.629995,9392796
1195223400,2007-11-16 09:30,17.699995,17.765,17.33,17.58,5984600
1195482600,2007-11-19 09:30,17.39,17.475,16.945,17.06,9158954
1195569000,2007-11-20 09:30,17.135,17.5,16.82,17.125,11229118
1195655400,2007-11-21 09:30,16.85,17.285005,16.83,17.08,7798998
1195828200,2007-11-23 09:30,17.230005,17.504995,17.125,17.355005,3537800
1196087400,2007-11-26 09:30,17.585,17.585,16.93,16.945,8125200
1196173800,2007-11-27 09:30,16.92,17.25,16.92,17.089995,4141152
1196260200,2007-11-28 09:30,17.335,17.935,17.33,17.699995,10518602
1196346600,2007-11-29 09:30,17.769995,17.769995,17.195,17.699995,6662370
1196433000,2007-11-30 09:30,17.975,18.115,17.695,17.695,5073800
1196692200,2007-12-03 09:30,17.79,17.93,17.629995,17.64,4177200
1196778600,2007-12-04 09:30,17.565,17.75,17.44,17.699995,6543000
1196865000,2007-12-05 09:30,17.824995,18.085,17.64,17.725,5860400
1196951400,2007-12-06 09:30,17.655,17.9499,17.51,17.75,13203796
1197037800,2007-12-07 09:30,17.925005,18.199995,17.9,18.115,4855262
1197297000,2007-12-10 09:30,18.135,18.225,18.025,18.11,2366000
1197383400,2007-12-11 09:30,18.31,18.31,17.339995,17.75,6339810
1197469800,2007-12-12 09:30,18.050005,18.129995,17.17,17.495005,11904398
1197556200,2007-12-13 09:30,17.355005,17.4,17.06,17.235,3434200
1197642600,2007-12-14 09:30,17.115,17.19,16.894995,16.985,5249238
1197901800,2007-12-17 09:30,16.935,17.085,16.835,16.855005,4868014
1197988200,2007-12-18 09:30,17,17.205,16.75,17.115,8610204
1198074600,2007-12-19 09:30,17.06,17.11,16.815,16.9264,3042400
1198161000,2007-12-20 09:30,17.03,17.074995,16.730005,17.04,7017200
1198247400,2007-12-21 09:30,17.225,17.4,17.15,17.199995,5908350
1198506600,2007-12-24 09:30,17.410005,17.565,17.410005,17.550005,2095100
1198679400,2007-12-26 09:30,17.4,17.4,17.065,17.300005,6922200
1198765800,2007-12-27 09:30,17.275,17.275,16.92,16.92,2920294
1198852200,2007-12-28 09:30,17.175005,17.205,16.935,16.985,2114600
1199111400,2007-12-31 09:30,16.935,17.115,16.78,16.78,3175000
1199284200,2008-01-02 09:30,16.945,17.01,16.525,16.574995,4478116
1199370600,2008-01-03 09:30,16.574995,16.574995,16.085,16.195,4082954
1199457000,2008-01-04 09:30,15.935,15.945,15.35,15.405,10692734
1199716200,2008-01-07 09:30,15.550005,15.655,15.199995,15.51,9558430
1199802600,2008-01-08 09:30,15.69,15.800005,15.15,15.18,7126344
1199889000,2008-01-09 09:30,15.300005,15.415,14.68,15.339995,12865790
1199975400,2008-01-10 09:30,15.050005,15.68495,14.765,15.464995,11121102
1200061800,2008-01-11 09:30,15.39,15.39,14.769995,14.935,10243922
1200321000,2008-01-14 09:30,15.035005,15.035005,14.745005,14.905,5609836
1200407400,2008-01-15 09:30,14.64,14.660005,14.36,14.550005,8925414
1200493800,2008-01-16 09:30,14.495005,15.18,14.495005,14.935,13624102
1200580200,2008-01-17 09:30,15.095,15.21,14.845,14.845,11925672
1200666600,2008-01-18 09:30,15.1,15.410005,14.735,14.805,23595110
1201012200,2008-01-22 09:30,14.29,15.6,14.29,15.36,17883710
1201098600,2008-01-23 09:30,15.089995,16.5,15,16.464995,22552148
1201185000,2008-01-24 09:30,16.565,16.625,15.905,16.1,20705414
1201271400,2008-01-25 09:30,16.370005,16.370005,15.4,15.53,17646906
1201530600,2008-01-28 09:30,15.655,16.32,15.36,16.275,12181390
1201617000,2008-01-29 09:30,16.495005,16.61,16.035005,16.6,15804304
1201703400,2008-01-30 09:30,16.504995,16.97,16.269995,16.269995,15536546
1201789800,2008-01-31 09:30,16.115,17.445,16.050005,17,14631430
1201876200,2008-02-01 09:30,17.160005,17.435,16.96,17.367995,11329390
1202135400,2008-02-04 09:30,17.44,17.44,16.565,16.69,11893578
1202221800,2008-02-05 09:30,16.2975,16.699995,16.185,16.269995,11891796
1202308200,2008-02-06 09:30,16.300005,16.655,15.905,16,12921328
1202394600,2008-02-07 09:30,16.015,16.964995,16.015,16.795,15544734
1202481000,2008-02-08 09:30,16.56,17.089995,16.525,16.705,6962200
1202740200,2008-02-11 09:30,16.585,17.06,16.43,16.949995,5753326
1202826600,2008-02-12 09:30,17.065,17.31,16.800005,16.964995,8997828
1202913000,2008-02-13 09:30,17.185,17.185,16.805,17.0875,13947742
1202999400,2008-02-14 09:30,17.095,17.11,16.425005,16.464995,12893718
1203085800,2008-02-15 09:30,16.339995,16.455,16.135,16.449995,6814354
1203431400,2008-02-19 09:30,16.625,16.625,16.125,16.199995,8390954
1203517800,2008-02-20 09:30,16.175005,16.705,16.15,16.475,13935218
1203604200,2008-02-21 09:30,16.67,16.964995,16.21,16.315,9064500
1203690600,2008-02-22 09:30,16.285005,16.49,16.07,16.394995,6237236
1203949800,2008-02-25 09:30,16.515,16.78,16.2139,16.754995,14112204
1204036200,2008-02-26 09:30,16.72,17.21495,16.72,17.1,14042516
1204122600,2008-02-27 09:30,16.945,17.24,16.845,17,6324688
1204209000,2008-02-28 09:30,16.865,16.865,16.515,16.55995,3396750
1204295400,2008-02-29 09:30,16.394995,16.480005,15.885,15.89,7539034
1204554600,2008-03-03 09:30,15.879995,16.089995,15.69,15.995005,7216254
1204641000,2008-03-04 09:30,15.725,16.18,15.725,16.074995,10034094
1204727400,2008-03-05 09:30,16.14,16.495005,15.894995,16.135,8209500
1204813800,2008-03-06 09:30,16.155,16.155,15.235,15.275,11427602
1204900200,2008-03-07 09:30,15.112505,15.525,14.980005,15.129995,9045734
1205155800,2008-03-10 09:30,15.035005,15.230005,14.769995,14.78,5067132
1205242200,2008-03-11 09:30,15.160005,15.5,14.99,15.480005,11582946
1205328600,2008-03-12 09:30,15.56,15.82,15.25,15.29,8178478
1205415000,2008-03-13 09:30,15.095,15.925005,14.855005,15.75,7248472
1205501400,2008-03-14 09:30,15.655,15.655,14.9,15.375,9097898
1205760600,2008-03-17 09:30,14.995005,15.175005,14.629995,14.910005,8941250
1205847000,2008-03-18 09:30,15.300005,15.675005,15.08,15.675005,9740180
1205933400,2008-03-19 09:30,15.754995,15.754995,15.2416,15.275,10439820
1206019800,2008-03-20 09:30,15.275,16.480005,15.275,16.480005,11325632
1206365400,2008-03-24 09:30,16.47,17.1,16.355005,16.699995,13684422
1206451800,2008-03-25 09:30,16.955,16.955,16.5,16.585,9034968
1206538200,2008-03-26 09:30,16.64,16.805,16.379995,16.574995,7828250
1206624600,2008-03-27 09:30,16.565,16.57,16.225,16.35,5613390
1206711000,2008-03-28 09:30,16,16,15.675005,15.7164,9579610
1206970200,2008-03-31 09:30,15.665,16.07,15.635,15.855005,3352146
1207056600,2008-04-01 09:30,16.065,16.730005,16.065,16.695,14370210
1207143000,2008-04-02 09:30,16.800005,17.015,16.574995,16.699995,10324118
1207229400,2008-04-03 09:30,16.504995,16.660005,16.39,16.605005,7220200
1207315800,2008-04-04 09:30,16.71,16.71,16.35,16.54,7114700
1207575000,2008-04-07 09:30,16.76,16.76,16.285005,16.335,6906322
1207661400,2008-04-08 09:30,16.26,16.275,16.07,16.199995,8591210
1207747800,2008-04-09 09:30,16.225,16.285005,15.660005,15.805,12520946
1207834200,2008-04-10 09:30,15.620005,16.18,15.5,15.964995,8604960
1207920600,2008-04-11 09:30,15.75,15.885,15.49,15.535005,8229352
1208179800,2008-04-14 09:30,15.525,15.625,15.46,15.5,1489336
1208266200,2008-04-15 09:30,15.574995,15.735,15.394995,15.655,2792156
1208352600,2008-04-16 09:30,15.74,15.875,15.615,15.85,7588244
1208439000,2008-04-17 09:30,15.82,15.885,15.69,15.824995,3341642
1208525400,2008-04-18 09:30,16.230005,16.36,16.045,16.28,8942696
1208784600,2008-04-21 09:30,16.105005,16.199995,15.949995,16.160005,2175622
1208871000,2008-04-22 09:30,16.015,16.050005,15.5,15.585,6574656
1208957400,2008-04-23 09:30,15.69,16.050005,15.5755,15.699995,6526886
1209043800,2008-04-24 09:30,15.879995,16.462995,15.879995,16.175005,8953876
1209130200,2008-04-25 09:30,16.394995,16.660005,16.18,16.64,8142358
1209389400,2008-04-28 09:30,16.629995,16.79,16.324995,16.64,3779220
1209475800,2008-04-29 09:30,16.68,16.9,16.585,16.879995,9112586
1209562200,2008-04-30 09:30,16.875,17.04,16.43,16.5,14575804
1209648600,2008-05-01 09:30,16.574995,17.175005,16.375,16.894995,18096266
1209735000,2008-05-02 09:30,17.18,17.254995,16.75,16.805,16473860
1209994200,2008-05-05 09:30,16.82,16.82,16.46,16.480005,4659728
1210080600,2008-05-06 09:30,16.300005,16.555,16.195,16.464995,5511610
1210167000,2008-05-07 09:30,16.515,16.824995,16.315,16.379995,11844304
1210253400,2008-05-08 09:30,16.49,16.57,16.085,16.19,11570414
1210339800,2008-05-09 09:30,16.025,16.339995,16,16.22,5041238
1210599000,2008-05-12 09:30,16.355005,16.795,16.355005,16.74,4292074
1210685400,2008-05-13 09:30,16.92,16.935,16.620005,16.795,7917056
1210771800,2008-05-14 09:30,16.85,17.175005,16.85,16.995005,7208252
1210858200,2008-05-15 09:30,16.955,17.305,16.824995,17.245005,7220694
1210944600,2008-05-16 09:30,17.225,17.225,16.74,16.980005,9722188
1211203800,2008-05-19 09:30,16.975,17.035005,16.725,16.870005,9344532
1211290200,2008-05-20 09:30,16.699995,16.699995,16.430055,16.54,12927016
1211376600,2008-05-21 09:30,16.535005,16.675005,16.01,16.065,19406040
1211463000,2008-05-22 09:30,16.214995,16.315,15.879995,16.225,14355578
1211549400,2008-05-23 09:30,16.074995,16.074995,15.800005,15.985,6334484
1211895000,2008-05-27 09:30,15.955,16.405,15.955,16.25,5150558
1211981400,2008-05-28 09:30,16.445,16.629995,16.324995,16.545,7665678
1212067800,2008-05-29 09:30,16.5,16.875,16.475,16.76,13814890
1212154200,2008-05-30 09:30,16.93,16.93,16.449995,16.565,5540174
1212413400,2008-06-02 09:30,16.504995,16.545,15.985,16.195,6016132
1212499800,2008-06-03 09:30,16.435,16.46,16.095,16.324995,12619610
1212586200,2008-06-04 09:30,16.26,16.589995,16.21,16.385,11667382
1212672600,2008-06-05 09:30,16.39,16.839995,16.39,16.815,22746610
1212759000,2008-06-06 09:30,16.5,16.5,15.875,15.89,19407750
1213018200,2008-06-09 09:30,16.025,16.129995,15.725,15.800005,8031540
1213104600,2008-06-10 09:30,15.625,16.095,15.61,16,15172008
1213191000,2008-06-11 09:30,15.99,15.99,15.4,15.4,11860446
1213277400,2008-06-12 09:30,15.72,16.17,15.589995,15.725,20305422
1213363800,2008-06-13 09:30,15.824995,16.214995,15.74,16.214995,10040844
1213623000,2008-06-16 09:30,16.25,16.4,15.964995,16.165,9922312
1213709400,2008-06-17 09:30,16.410005,16.410005,15.925005,15.925005,4430134
1213795800,2008-06-18 09:30,15.925005,15.956255,15.504995,15.635,9479852
1213882200,2008-06-19 09:30,15.574995,16.085,15.574995,16.050005,12770922
1213968600,2008-06-20 09:30,15.78,15.78,15.335,15.42,11654204
1214227800,2008-06-23 09:30,15.445,15.58,15.025,15.125,19549008
1214314200,2008-06-24 09:30,15.1,15.365,14.765,15.065,17105992
1214400600,2008-06-25 09:30,15.225,15.795,15.135,15.36,23457562
1214487000,2008-06-26 09:30,15.03,15.17,14.824995,14.86,14346118
1214573400,2008-06-27 09:30,14.94,15.019995,14.53,14.65,16903640
1214832600,2008-06-30 09:30,14.754995,15.08,14.54,14.620005,16847696
1214919000,2008-07-01 09:30,14.5,14.83,14.32,14.75,18114312
1215005400,2008-07-02 09:30,14.9,15.074995,14.5,14.5,11915984
1215091800,2008-07-03 09:30,14.714995,14.754995,14.32,14.495005,6529712
1215437400,2008-07-07 09:30,14.525,14.86,14.355005,14.6,13774118
1215523800,2008-07-08 09:30,14.625,14.925005,14.370005,14.785005,22331610
1215610200,2008-07-09 09:30,14.955,14.955,14.355005,14.355005,15632664
1215696600,2008-07-10 09:30,14.4,14.47,13.85,13.879995,18377290
1215783000,2008-07-11 09:30,13.735,14.01,13.405,13.765,24278648
1216042200,2008-07-14 09:30,13.985,14.074995,13.6,13.6,9519234
1216128600,2008-07-15 09:30,13.5,13.94,13.160005,13.660005,19503312
1216215000,2008-07-16 09:30,13.64,14.53,13.64,14.515,14679766
1216301400,2008-07-17 09:30,14.64,15.160005,14.235,14.68,31155554
1216387800,2008-07-18 09:30,14.885,15.015,14.435,14.75,15838188
1216647000,2008-07-21 09:30,14.910005,14.97,14.455,14.504995,4943358
1216733400,2008-07-22 09:30,14.4,15.199995,14.28,15.165,15171282
1216819800,2008-07-23 09:30,14.975,15.96,14.85,15.495005,30452476
1216906200,2008-07-24 09:30,15.339995,15.5,14.800005,14.800005,14778062
1216992600,2008-07-25 09:30,14.800005,15.15,14.675005,14.85,16335258
1217251800,2008-07-28 09:30,14.665,14.949995,14.370005,14.370005,9099922
1217338200,2008-07-29 09:30,14.449995,15.24,14.385,15.24,11067476
1217424600,2008-07-30 09:30,15.25,15.545,14.795,15.089995,13837312
1217511000,2008-07-31 09:30,15.155,15.355005,14.785005,15.195,14902468
1217597400,2008-08-01 09:30,15.205,15.205,14.730005,15.115,15724234
1217856600,2008-08-04 09:30,14.964995,15.074995,14.625,14.81,12203126
1217943000,2008-08-05 09:30,15.025,15.79,15.025,15.709955,22999726
1218029400,2008-08-06 09:30,15.64,15.64,15.17,15.504995,13944562
1218115800,2008-08-07 09:30,15.324995,15.355005,15.050005,15.105005,14245454
1218202200,2008-08-08 09:30,15.235,15.945,15.105005,15.75,16903476
1218461400,2008-08-11 09:30,15.905,16.82,15.754995,16.025,34494976
1218547800,2008-08-12 09:30,16.15,16.295,15.78,15.839995,24793180
1218634200,2008-08-13 09:30,15.75,15.800005,15.254995,15.394995,24933804
1218720600,2008-08-14 09:30,15.405,16.185,15.39,15.980005,21759062
1218807000,2008-08-15 09:30,15.92,16.339995,15.9,16.120005,15437460
1219066200,2008-08-18 09:30,16.33,16.33,15.81,15.925005,7898702
1219152600,2008-08-19 09:30,15.74,15.82,15.35,15.464995,13722156
1219239000,2008-08-20 09:30,15.449995,15.699995,15.29,15.415,7745796
1219325400,2008-08-21 09:30,15.285005,15.535005,15.19,15.455,7078914
1219411800,2008-08-22 09:30,15.65,15.839995,15.555,15.83,5679832
1219671000,2008-08-25 09:30,15.9,15.9,15.339995,15.36,6644336
1219757400,2008-08-26 09:30,15.36,15.574995,15.25,15.515,6619174
1219843800,2008-08-27 09:30,15.4,15.72,15.370005,15.65,6118984
1219930200,2008-08-28 09:30,15.75,16.11,15.655,16.11,8516602
1220016600,2008-08-29 09:30,16.04,16.235,15.94,16.105005,5586134
1220362200,2008-09-02 09:30,16.36,16.82,16.21,16.370005,22465976
1220448600,2008-09-03 09:30,16.394995,16.78,16.324995,16.699995,20628024
1220535000,2008-09-04 09:30,16.504995,16.705,16.324995,16.324995,26372172
1220621400,2008-09-05 09:30,16.199995,16.545,15.93,16.545,22172516
1220880600,2008-09-08 09:30,17.155,17.22,16.545,16.975,34135456
1220967000,2008-09-09 09:30,17.125,17.3575,16.67,16.845,30596804
1221053400,2008-09-10 09:30,16.824995,16.96,16.394995,16.76,22497960
1221139800,2008-09-11 09:30,16.5,17,16.324995,16.955,21870226
1221226200,2008-09-12 09:30,16.75,16.800005,16.410005,16.61,23569610
1221485400,2008-09-15 09:30,16.26,16.665,15.86,16.315,26940218
1221571800,2008-09-16 09:30,15.894995,16.480005,15.65,16.300005,40595136
1221658200,2008-09-17 09:30,16.004995,16.339995,15.425005,15.43,50549056
1221744600,2008-09-18 09:30,15.76,16.995005,15.265,16.995005,40762912
1221831000,2008-09-19 09:30,18.335,19.25,16.230005,16.75,23240984
1222090200,2008-09-22 09:30,16.26,16.745005,15.685,15.685,13225218
1222176600,2008-09-23 09:30,15.574995,16.03,15.525,15.785005,10756898
1222263000,2008-09-24 09:30,15.82,15.89,15.46,15.605005,9238804
1222349400,2008-09-25 09:30,15.615,16.055,15.615,15.9,9536640
1222435800,2008-09-26 09:30,15.714995,16.135,15.480005,16.135,9025196
1222695000,2008-09-29 09:30,15.754995,15.754995,14.769995,15.089995,17596296
1222781400,2008-09-30 09:30,14.945,15.425005,14.824995,15.375,8350516
1222867800,2008-10-01 09:30,15.315,15.315,14.885,15.24,8613336
1222954200,2008-10-02 09:30,15.125,15.135,14.315,14.67,13926680
1223040600,2008-10-03 09:30,14.908995,14.908995,13.82,14.1,19002102
1223299800,2008-10-06 09:30,13.550005,13.85,12.98475,13.54,25822594
1223386200,2008-10-07 09:30,13.945,14.1,12.955,12.99,20777376
1223472600,2008-10-08 09:30,12.339995,13.5,12.339995,12.85,28204210
1223559000,2008-10-09 09:30,12.935,13.214995,11.65,11.65,24068094
1223645400,2008-10-10 09:30,11.019995,12.315,10.83,11.980005,33128540
1223904600,2008-10-13 09:30,12.254995,12.64,12.17,12.605005,12405704
1223991000,2008-10-14 09:30,13.230005,13.480005,11.745005,12.225,16747532
1224077400,2008-10-15 09:30,11.699995,11.985,10.74,10.74,16828320
1224163800,2008-10-16 09:30,11.195,11.385,10.425005,11.35,21632032
1224250200,2008-10-17 09:30,11.015,11.68,10.949995,11.375,18744790
1224509400,2008-10-20 09:30,11.5,11.58,11.135,11.42,8651046
1224595800,2008-10-21 09:30,11.449995,11.64,11.129995,11.155,6744330
1224682200,2008-10-22 09:30,11,11.105005,10.205,10.550005,14052484
1224768600,2008-10-23 09:30,10.75,10.75,9.74,10.19,12591218
1224855000,2008-10-24 09:30,9.435,10.15,9.405,9.885,10970804
1225114200,2008-10-27 09:30,9.574995,10.355005,9.574995,9.745005,8416790
1225200600,2008-10-28 09:30,9.769995,10.775,9.565,10.589995,12040172
1225287000,2008-10-29 09:30,10.765,11.504995,10.47,10.985,14947734
1225373400,2008-10-30 09:30,11.089995,11.585,10.955,11.230005,10879718
1225459800,2008-10-31 09:30,11.155,11.815,11.095,11.555,12010000
1225722600,2008-11-03 09:30,11.46,11.675005,11.11,11.175005,10318626
1225809000,2008-11-04 09:30,11.56,11.58,11.015,11.35,6256868
1225895400,2008-11-05 09:30,11.055,11.29,10.53,10.53,10912790
1225981800,2008-11-06 09:30,10.53,10.97,10.379995,10.43,12793438
1226068200,2008-11-07 09:30,10.445,10.65,10.235,10.46,7203200
1226327400,2008-11-10 09:30,10.435,10.730005,10.004995,10.15,5739528
1226413800,2008-11-11 09:30,9.915,10.129995,9.629995,9.80005,7893242
1226500200,2008-11-12 09:30,9.56,9.620005,9.205,9.21,7701578
1226586600,2008-11-13 09:30,9.385,9.9,8.6,9.9,20157734
1226673000,2008-11-14 09:30,9.81,9.89,9.22,9.225,7015106
1226932200,2008-11-17 09:30,8.980005,9.205,8.79,8.800005,10641382
1227018600,2008-11-18 09:30,8.72,8.985,8.365,8.515,6693522
1227105000,2008-11-19 09:30,8.699995,8.699995,7.875,8,11692610
1227191400,2008-11-20 09:30,7.77,8.365,7.61,7.65,13254110
1227277800,2008-11-21 09:30,8,8,7.405,7.935,11316414
1227537000,2008-11-24 09:30,8.115,8.845,7.905,8.68,10402438
1227623400,2008-11-25 09:30,8.85,9.06,8.415,8.835,20125976
1227709800,2008-11-26 09:30,8.655,9.464995,8.57,9.35,11615266
1227882600,2008-11-28 09:30,9.315,9.35,9.129995,9.214995,7301120
1228141800,2008-12-01 09:30,8.995005,9.01,8.269995,8.28,10775140
1228228200,2008-12-02 09:30,8.425005,8.635,8.235,8.515,18383046
1228314600,2008-12-03 09:30,8.275,8.875,8.265,8.870005,29604546
1228401000,2008-12-04 09:30,8.699995,9.51,8.695,9.155,24078290
1228487400,2008-12-05 09:30,8.995005,9.845,8.86,9.805,23736040
1228746600,2008-12-08 09:30,10.08,10.28,9.870005,10.050005,18282054
1228833000,2008-12-09 09:30,9.980005,10.24,9.545,9.64,12160710
1228919400,2008-12-10 09:30,9.660005,10.07,9.625,9.92,11299734
1229005800,2008-12-11 09:30,9.78,9.839995,9.305,9.435,9138992
1229092200,2008-12-12 09:30,9.125,9.660005,9.105005,9.61,9630532
1229351400,2008-12-15 09:30,9.665,9.67,9.135,9.305,8141902
1229437800,2008-12-16 09:30,9.445,9.9,9.394995,9.870005,14243250
1229524200,2008-12-17 09:30,9.81,10.305,9.69,10.17,10776852
1229610600,2008-12-18 09:30,10.22,10.285005,9.9,10.08,11485602
1229697000,2008-12-19 09:30,10.08,10.125,9.67,10.050005,15802524
1229956200,2008-12-22 09:30,10.045,10.105005,9.550005,9.665,6525334
1230042600,2008-12-23 09:30,9.81,9.83,9.535005,9.6,4452904
1230129000,2008-12-24 09:30,9.574995,9.69,9.475,9.605005,1976258
1230301800,2008-12-26 09:30,9.71,9.775,9.64,9.685,4137392
1230561000,2008-12-29 09:30,9.699995,9.74,9.4,9.550005,4243130
1230647400,2008-12-30 09:30,9.6,9.865,9.565,9.83,6239688
1230733800,2008-12-31 09:30,9.85,10.265,9.835,10.182505,8767094
1230906600,2009-01-02 09:30,10.19,10.699995,10.155,10.605005,9262118
1231165800,2009-01-05 09:30,10.615,10.800005,10.495005,10.725,8193054
1231252200,2009-01-06 09:30,10.785005,10.964995,10.644995,10.835,11648750
1231338600,2009-01-07 09:30,10.67,10.754995,10.47,10.6,8937640
1231425000,2009-01-08 09:30,10.550005,10.82,10.335,10.795,11612140
1231511400,2009-01-09 09:30,10.800005,10.800005,10.370005,10.4,12394664
1231770600,2009-01-12 09:30,10.415,10.435,10.07,10.15,9818914
1231857000,2009-01-13 09:30,10.120005,10.365,10.004995,10.160005,7177628
1231943400,2009-01-14 09:30,9.975,9.975,9.76,9.795,15134290
1232029800,2009-01-15 09:30,9.795,10.339995,9.64,10.1,25608782
1232116200,2009-01-16 09:30,10.28,10.370005,9.96,10.29,14787296
1232461800,2009-01-20 09:30,10.245005,10.269995,9.61,9.699995,14785500
1232548200,2009-01-21 09:30,9.815,10,9.56,9.97,12477524
1232634600,2009-01-22 09:30,9.86,10.17,9.660005,9.955,17141726
1232721000,2009-01-23 09:30,9.75,10.17,9.665,9.999945,13235852
1232980200,2009-01-26 09:30,10.03,10.345,9.975,10.144995,13602766
1233066600,2009-01-27 09:30,10.185,10.339995,10.04,10.14,7484182
1233153000,2009-01-28 09:30,10.31,10.725,10.31,10.585,11146460
1233239400,2009-01-29 09:30,10.449995,10.519995,10.15,10.165,14007516
1233325800,2009-01-30 09:30,10.225,10.285005,9.76,9.835,22114430
1233585000,2009-02-02 09:30,9.699995,9.935,9.625,9.775,19567766
1233671400,2009-02-03 09:30,9.839995,10.089995,9.61,9.980005,12845016
1233757800,2009-02-04 09:30,10,10.045,9.76,9.76,23756890
1233844200,2009-02-05 09:30,9.785005,10.19,9.74,10.089995,16939632
1233930600,2009-02-06 09:30,10.195,10.655,10.11,10.525,26582804
1234189800,2009-02-09 09:30,10.485,10.58,10.324995,10.495005,8618562
1234276200,2009-02-10 09:30,10.365,10.53,9.975,10.045,21962468
1234362600,2009-02-11 09:30,10.11,10.17,9.92,10.06,10127406
1234449000,2009-02-12 09:30,9.885,10.160005,9.754995,10.125,17455126
1234535400,2009-02-13 09:30,10.120005,10.269995,9.995005,10.03,8405696
1234881000,2009-02-17 09:30,9.695,9.89,9.64,9.730005,17032180
1234967400,2009-02-18 09:30,9.815,9.89,9.595,9.735,17868508
1235053800,2009-02-19 09:30,9.949995,10.15,9.875,9.905,13616086
1235140200,2009-02-20 09:30,9.705,10.055,9.675005,9.945,20918540
1235399400,2009-02-23 09:30,10.04,10.1175,9.644995,9.685,12321508
1235485800,2009-02-24 09:30,9.735,10.129995,9.695,10.050005,14148648
1235572200,2009-02-25 09:30,10.019995,10.25,9.815,10.035005,13024704
1235658600,2009-02-26 09:30,10.144995,10.15,9.735,9.769995,16185016
1235745000,2009-02-27 09:30,9.629995,10.074995,9.585,9.905,19947672
1236004200,2009-03-02 09:30,9.735,9.894995,9.49,9.535005,14400274
1236090600,2009-03-03 09:30,9.699995,9.71,9.324995,9.4,14778390
1236177000,2009-03-04 09:30,9.54,9.754995,9.365,9.629995,11286758
1236263400,2009-03-05 09:30,9.375,9.589995,9.19,9.28,21622782
1236349800,2009-03-06 09:30,9.385,9.42,8.925005,9.15,19420360
1236605400,2009-03-09 09:30,9.205,9.39,8.96,9.135,11274132
1236691800,2009-03-10 09:30,9.405,9.875,9.295,9.83,26486540
1236778200,2009-03-11 09:30,9.975,10.15,9.824995,9.935,13657258
1236864600,2009-03-12 09:30,9.915,10.36,9.800005,10.305,15947210
1236951000,2009-03-13 09:30,10.370005,10.49,10.235,10.415,12387774
1237210200,2009-03-16 09:30,10.515,10.565,10.235,10.254995,6581668
1237296600,2009-03-17 09:30,10.285005,10.685,10.225,10.675005,16665500
1237383000,2009-03-18 09:30,10.58,11.160005,10.58,11,15521094
1237469400,2009-03-19 09:30,11.185,11.195,10.885,10.955,13536828
1237555800,2009-03-20 09:30,11,11,10.47,10.665,25944914
1237815000,2009-03-23 09:30,10.769995,11.365,10.714995,11.355005,26398554
1237901400,2009-03-24 09:30,11.095,11.585,11.095,11.29,20369898
1237987800,2009-03-25 09:30,11.445,11.7296,10.97,11.365,17568460
1238074200,2009-03-26 09:30,11.475,11.97,11.425005,11.92,20745336
1238160600,2009-03-27 09:30,11.795,11.89,11.65,11.74,17168000
1238419800,2009-03-30 09:30,11.545,11.550005,11.25,11.485,11166336
1238506200,2009-03-31 09:30,11.589995,11.67385,11.245005,11.455,17189930
1238592600,2009-04-01 09:30,11.339995,11.705,11.205,11.705,21011196
1238679000,2009-04-02 09:30,11.93,12.401255,11.870005,12.195,18095820
1238765400,2009-04-03 09:30,12.18,12.410005,12.050005,12.379995,15129148
1239024600,2009-04-06 09:30,12.29,12.345,11.935,12.19,23830430
1239111000,2009-04-07 09:30,11.995005,12.045,11.695,11.730005,18543008
1239197400,2009-04-08 09:30,11.800005,12.135,11.800005,12.129995,15081250
1239283800,2009-04-09 09:30,12.435,12.855005,12.324995,12.85,21517070
1239629400,2009-04-13 09:30,12.83,12.885,12.57495,12.82,18175710
1239715800,2009-04-14 09:30,12.535005,12.71,12.394995,12.495005,25855906
1239802200,2009-04-15 09:30,12.394995,12.519995,12.21,12.435,20340664
1239888600,2009-04-16 09:30,12.550005,13.04,12.475,12.96,19056196
1239975000,2009-04-17 09:30,13.055,13.230005,12.765,13.155,17050000
1240234200,2009-04-20 09:30,12.879995,12.980005,12.527495,12.615,25680954
1240320600,2009-04-21 09:30,12.43,13.07,12.379995,12.985,32629664
1240407000,2009-04-22 09:30,12.660005,13.652495,12.660005,13.25,36543168
1240493400,2009-04-23 09:30,13.39,13.485,12.905,13.19,43364352
1240579800,2009-04-24 09:30,13.315,13.629995,13.155,13.42,23303054
1240839000,2009-04-27 09:30,13.275,13.525,13.1,13.225,23145946
1240925400,2009-04-28 09:30,13.055,13.535005,13.04,13.254995,27885320
1241011800,2009-04-29 09:30,13.415,13.754995,13.335,13.4,26430210
1241098200,2009-04-30 09:30,13.589995,14.055,13.4964,13.85,29958852
1241184600,2009-05-01 09:30,13.824995,13.870005,13.57,13.620005,32675126
1241443800,2009-05-04 09:30,13.839995,14.275,13.725,14.25,31000992
1241530200,2009-05-05 09:30,14.205,14.339995,14.105005,14.275,17200726
1241616600,2009-05-06 09:30,14.495005,14.589995,13.8275,14.1,50979616
1241703000,2009-05-07 09:30,14.324995,14.385,13.58,13.675005,61869440
1241789400,2009-05-08 09:30,13.69,14.019995,13.385,13.660005,38346048
1242048600,2009-05-11 09:30,13.4,13.735,13.185,13.519995,31423782
1242135000,2009-05-12 09:30,13.6,13.745005,13.065,13.25,37199968
1242221400,2009-05-13 09:30,12.99,13.035005,12.675005,12.76,55407072
1242307800,2009-05-14 09:30,12.68,13.1,12.605005,12.855005,35045600
1242394200,2009-05-15 09:30,12.79,13.22,12.725,12.785005,36193504
1242653400,2009-05-18 09:30,12.985,13.324995,12.905,13.285005,38264608
1242739800,2009-05-19 09:30,13.269995,13.595,13.17,13.43,36697280
1242826200,2009-05-20 09:30,13.635,13.985,13.21,13.269995,44807904
1242912600,2009-05-21 09:30,13.17,13.33,12.839995,13.004995,42433280
1242999000,2009-05-22 09:30,13.144995,13.29,12.865,13.08,23877516
1243344600,2009-05-26 09:30,12.92,13.714995,12.89,13.635,46546080
1243431000,2009-05-27 09:30,13.61,13.945,13.405,13.44,34810720
1243517400,2009-05-28 09:30,13.585,13.675005,13.12375,13.355005,42974656
1243603800,2009-05-29 09:30,13.46,13.75,13.39,13.745005,25393218
1243863000,2009-06-01 09:30,14.019995,14.67,13.93,14.545,56536608
1243949400,2009-06-02 09:30,14.410005,14.81,14.385,14.67,24697876
1244035800,2009-06-03 09:30,14.5,14.585,14.31,14.545,35986880
1244122200,2009-06-04 09:30,14.455,14.455,14.057505,14.31,48241696
1244208600,2009-06-05 09:30,14.379995,14.56,14.01,14.25,23746218
1244467800,2009-06-08 09:30,14.19,14.379995,13.93,14.254995,20382750
1244554200,2009-06-09 09:30,14.35,14.5,14.275,14.42,19716304
1244640600,2009-06-10 09:30,14.53,14.574995,14.004995,14.225,31158774
1244727000,2009-06-11 09:30,14.15,14.31,13.89,13.92,45758912
1244813400,2009-06-12 09:30,13.89,14.085,13.6,14.050005,51099552
1245072600,2009-06-15 09:30,13.74,13.905,13.535005,13.785005,32470734
1245159000,2009-06-16 09:30,13.82,13.824995,13.245005,13.25,36516768
1245245400,2009-06-17 09:30,13.245005,13.625,13.065,13.425005,65777120
1245331800,2009-06-18 09:30,13.51,13.605005,13.269995,13.504995,26029180
1245418200,2009-06-19 09:30,13.495005,13.725,13.495005,13.6,34976256
1245677400,2009-06-22 09:30,13.51,13.615,13.339995,13.405,36777312
1245763800,2009-06-23 09:30,13.525,13.525,13.11,13.160005,34748800
1245850200,2009-06-24 09:30,13.254995,13.49,13.155,13.275,32846540
1245936600,2009-06-25 09:30,13.254995,13.824995,13.245005,13.75,37122208
1246023000,2009-06-26 09:30,13.665,13.949995,13.64,13.79,26458344
1246282200,2009-06-29 09:30,13.85,14.054945,13.67,13.885,31522726
1246368600,2009-06-30 09:30,13.995005,14.11,13.714995,13.855005,34726400
1246455000,2009-07-01 09:30,13.894995,14.199995,13.845,13.935,45536448
1246541400,2009-07-02 09:30,13.785005,13.935,13.295,13.33,48648864
1246887000,2009-07-06 09:30,13.205,13.5,13.027495,13.324995,40592448
1246973400,2009-07-07 09:30,13.295,13.33,12.99005,13.035005,27421626
1247059800,2009-07-08 09:30,13.03,13.36,12.949995,13.305,59958176
1247146200,2009-07-09 09:30,13.464995,13.495005,13.155,13.335,31862382
1247232600,2009-07-10 09:30,13.195,13.47,13.115,13.295,23989258
1247491800,2009-07-13 09:30,13.445,13.71,13.06,13.660005,42401056
1247578200,2009-07-14 09:30,13.765,13.935,13.5297,13.9,30792984
1247664600,2009-07-15 09:30,14,14.355005,13.97,14.31,38450112
1247751000,2009-07-16 09:30,14.230005,14.475,14.089995,14.405,27794164
1247837400,2009-07-17 09:30,14.355005,14.464995,14.237505,14.394995,19262110
1248096600,2009-07-20 09:30,14.495005,14.785005,14.415,14.725,67788928
1248183000,2009-07-21 09:30,14.835,14.835,14.3375,14.635,38367296
1248269400,2009-07-22 09:30,14.585,14.925005,14.565,14.765,30151554
1248355800,2009-07-23 09:30,14.72,15.32,14.6,15.155,52565536
1248442200,2009-07-24 09:30,15.050005,15.269995,14.885,15.195,25745226
1248701400,2009-07-27 09:30,15.15,15.18,14.795,15.074995,25701296
1248787800,2009-07-28 09:30,14.875,15,14.72,14.975,30514938
1248874200,2009-07-29 09:30,14.839995,15.195,14.785005,14.915,34088160
1248960600,2009-07-30 09:30,15.129995,15.574995,15.1,15.230005,39370528
1249047000,2009-07-31 09:30,15.22,15.410005,15.155,15.25,12317304
1249306200,2009-08-03 09:30,15.417505,15.605005,15.225,15.605005,28693632
1249392600,2009-08-04 09:30,15.475,15.61,15.35,15.4,51503872
1249479000,2009-08-05 09:30,15.425005,15.5,15.19,15.449995,20441796
1249565400,2009-08-06 09:30,15.6,15.795,15.355005,15.58,28311516
1249651800,2009-08-07 09:30,15.754995,16.2675,15.67,16.22,47525120
1249911000,2009-08-10 09:30,16.105005,16.18,15.75,15.905,34477312
1249997400,2009-08-11 09:30,15.805,15.875,15.635,15.730005,26093172
1250083800,2009-08-12 09:30,15.705,16.045,15.685,15.894995,21570422
1250170200,2009-08-13 09:30,15.964995,15.97,15.525,15.905,41608864
1250256600,2009-08-14 09:30,15.870005,15.94,15.445,15.545,33587936
1250515800,2009-08-17 09:30,15.17,15.24,15.050005,15.089995,43608768
1250602200,2009-08-18 09:30,15.25,15.405,15.0747,15.305,32137688
1250688600,2009-08-19 09:30,15.14,15.61,15.07,15.605005,33705248
1250775000,2009-08-20 09:30,15.475,15.644995,15.375,15.589995,40320864
1250861400,2009-08-21 09:30,15.695,15.905,15.629995,15.865,37284416
1251120600,2009-08-24 09:30,15.94,15.94995,15.615,15.620005,21483860
1251207000,2009-08-25 09:30,15.754995,16.214995,15.685,15.97,34826080
1251293400,2009-08-26 09:30,16.045,16.324995,15.92,16.11,30646626
1251379800,2009-08-27 09:30,16.160005,16.269995,15.879995,16.195,19465554
1251466200,2009-08-28 09:30,16.370005,16.410005,16.115,16.29,21347234
1251725400,2009-08-31 09:30,16.125,16.175005,15.93,16.025,14709890
1251811800,2009-09-01 09:30,15.975,16.285005,15.660005,15.72,49239744
1251898200,2009-09-02 09:30,15.61,15.775,15.565,15.6,15940446
1251984600,2009-09-03 09:30,15.845,16.035005,15.6297,15.975,36001152
1252071000,2009-09-04 09:30,15.975,16.324995,15.845,16.324995,14542430
1252416600,2009-09-08 09:30,16.345,16.410005,16.120005,16.315,30882704
1252503000,2009-09-09 09:30,16.370005,16.64,16.265,16.555,21602836
1252589400,2009-09-10 09:30,16.6,16.699995,16.394995,16.699995,22666062
1252675800,2009-09-11 09:30,16.75,16.754995,16.435,16.5,28468796
1252935000,2009-09-14 09:30,16.375,16.74,16.275,16.74,33556160
1253021400,2009-09-15 09:30,16.82,16.85,16.464995,16.81,40960128
1253107800,2009-09-16 09:30,16.9,17.085,16.754995,17.035005,26933726
1253194200,2009-09-17 09:30,16.975,17.175005,16.875,16.975,22741312
1253280600,2009-09-18 09:30,17.03,17.199995,16.8575,17.185,15416398
1253539800,2009-09-21 09:30,17.01,17.265,16.910005,17.14,45754720
1253626200,2009-09-22 09:30,17.265,17.370005,17.160005,17.25,27444344
1253712600,2009-09-23 09:30,17.324995,17.365305,17.015,17.015,21887382
1253799000,2009-09-24 09:30,17.074995,17.095,16.699995,16.835,25641164
1253885400,2009-09-25 09:30,16.754995,16.94,16.65,16.735,23585196
1254144600,2009-09-28 09:30,16.785005,17.105005,16.74,17.019995,15220804
1254231000,2009-09-29 09:30,17.1,17.285005,17.025,17.18,19486984
1254317400,2009-09-30 09:30,17.185,17.245005,16.839995,17.065,27451960
1254403800,2009-10-01 09:30,16.964995,17.019995,16.535005,16.589995,44819648
1254490200,2009-10-02 09:30,16.394995,16.61,16.394995,16.405,25355430
1254749400,2009-10-05 09:30,16.410005,16.93,16.410005,16.89,37982880
1254835800,2009-10-06 09:30,17.035005,17.3525,17.015,17.32,29851704
1254922200,2009-10-07 09:30,17.385,17.449995,17.235,17.324995,16169414
1255008600,2009-10-08 09:30,17.449995,17.745005,17.355005,17.620005,35327776
1255095000,2009-10-09 09:30,17.61,17.665,17.435,17.629995,21662398
1255354200,2009-10-12 09:30,17.75,17.875,17.644995,17.75,16208204
1255440600,2009-10-13 09:30,17.625,17.79,17.620005,17.695,14626570
1255527000,2009-10-14 09:30,17.925005,18.160005,17.86,18.1,34872736
1255613400,2009-10-15 09:30,18.050005,18.305,17.985,18.214995,18379282
1255699800,2009-10-16 09:30,18.074995,18.265,17.9,18.125,17606860
1255959000,2009-10-19 09:30,18.24,18.515,18.15,18.370005,16717492
1256045400,2009-10-20 09:30,18.410005,18.410005,18.035005,18.15,24875040
1256131800,2009-10-21 09:30,18.129995,18.445,17.75,17.75,55000800
1256218200,2009-10-22 09:30,17.795,18.315,17.769995,18.254995,42992320
1256304600,2009-10-23 09:30,18.4,18.435,17.980005,18.055,26048180
1256563800,2009-10-26 09:30,18.1,18.410005,17.93,18.08,22975516
1256650200,2009-10-27 09:30,18,18.035005,17.394995,17.51,57541152
1256736600,2009-10-28 09:30,17.5,17.6,16.879995,16.94,40991488
1256823000,2009-10-29 09:30,17.115,17.480005,17,17.36,24991062
1256909400,2009-10-30 09:30,17.315,17.405,16.800005,16.879995,29651406
1257172200,2009-11-02 09:30,17,17.195,16.655,17.01,40742080
1257258600,2009-11-03 09:30,16.875,17.19,16.730005,17.185,32496546
1257345000,2009-11-04 09:30,17.26,17.4,17.065,17.11,30820696
1257431400,2009-11-05 09:30,16.949995,17.22,16.754995,17.155,34130336
1257517800,2009-11-06 09:30,17.025,17.394995,16.964995,17.35,22878906
1257777000,2009-11-09 09:30,17.57,17.82,17.475,17.81,22402094
1257863400,2009-11-10 09:30,17.72,18.01,17.72,17.885,18359172
1257949800,2009-11-11 09:30,17.885,18.14,17.685,17.800005,27437328
1258036200,2009-11-12 09:30,17.735,17.89,17.43,17.495005,25973430
1258122600,2009-11-13 09:30,17.525,17.7525,17.36,17.705,22882524
1258381800,2009-11-16 09:30,17.795,18.125,17.769995,18.055,23031282
1258468200,2009-11-17 09:30,18.055,18.055,17.615,17.875,27770626
1258554600,2009-11-18 09:30,17.83,17.949995,17.699995,17.865,14289726
1258641000,2009-11-19 09:30,17.695,17.705,17.39,17.550005,28464234
1258727400,2009-11-20 09:30,17.425005,17.795,17.324995,17.515,22703484
1258986600,2009-11-23 09:30,17.81,17.83,17.519995,17.585,38340576
1259073000,2009-11-24 09:30,17.635,17.644995,17.4,17.44,43692960
1259159400,2009-11-25 09:30,17.555,17.85,17.545,17.824995,26638094
1259332200,2009-11-27 09:30,17.485,17.74,17.265,17.485,17118696
1259591400,2009-11-30 09:30,17.455,17.515,17.045,17.28,40612544
1259677800,2009-12-01 09:30,17.394995,17.730005,17.285005,17.595,24177312
1259764200,2009-12-02 09:30,17.589995,17.870005,17.56,17.625,19969882
1259850600,2009-12-03 09:30,17.464995,17.68,17.285005,17.324995,38710752
1259937000,2009-12-04 09:30,17.635,17.839995,17.254995,17.51,37883168
1260196200,2009-12-07 09:30,17.565,17.69,17.485,17.519995,18780196
1260282600,2009-12-08 09:30,17.345,17.51,17.165,17.375,34739072
1260369000,2009-12-09 09:30,17.415,17.415,17.074995,17.225,20109258
1260455400,2009-12-10 09:30,17.29,17.56,17.29,17.495005,18422204
1260541800,2009-12-11 09:30,17.64,17.754995,17.54,17.745005,17449258
1260801000,2009-12-14 09:30,17.83,17.975,17.660005,17.865,14910032
1260887400,2009-12-15 09:30,17.800005,17.839995,17.65,17.67,16507086
1260973800,2009-12-16 09:30,17.754995,17.925005,17.754995,17.824995,23748882
1261060200,2009-12-17 09:30,17.675005,17.76,17.61,17.665,16881726
1261146600,2009-12-18 09:30,17.625,17.65,17.22,17.57,28989876
1261405800,2009-12-21 09:30,17.6,17.93,17.545,17.93,19962922
1261492200,2009-12-22 09:30,17.949995,18.025,17.855005,17.949995,11921828
1261578600,2009-12-23 09:30,18.025,18.144995,17.894995,18.125,21732640
1261665000,2009-12-24 09:30,18.144995,18.225,18.085,18.144995,11862078
1262010600,2009-12-28 09:30,18.235,18.295,18.095,18.165,30343852
1262097000,2009-12-29 09:30,18.24,18.245005,18.112505,18.165,6389202
1262183400,2009-12-30 09:30,18.120005,18.160005,17.964995,18.01,9962782
1262269800,2009-12-31 09:30,18.07,18.1175,17.800005,17.800005,7989102
1262615400,2010-01-04 09:30,17.925005,18.115,17.925005,17.97,17829758
1262701800,2010-01-05 09:30,17.975,18.095,17.845,18.085,17842664
1262788200,2010-01-06 09:30,18.045,18.25,18.045,18.25,23095258
1262874600,2010-01-07 09:30,18.385,18.410005,18.1075,18.300005,32682102
1262961000,2010-01-08 09:30,18.175005,18.305,18.115,18.26,22502906
1263220200,2010-01-11 09:30,18.305,18.35,18.1,18.205,17027266
1263306600,2010-01-12 09:30,18.120005,18.205,17.9675,18.08,30935234
1263393000,2010-01-13 09:30,18.120005,18.335,18.019995,18.28,18023368
1263479400,2010-01-14 09:30,18.199995,18.265,18.025,18.129995,27496602
1263565800,2010-01-15 09:30,18.095,18.230005,17.885,17.915,22677454
1263911400,2010-01-19 09:30,17.964995,18.120005,17.925005,18.07,19220226
1263997800,2010-01-20 09:30,17.955,18.03,17.765,17.92,18665914
1264084200,2010-01-21 09:30,17.9,18.0375,17.57,17.629995,34946368
1264170600,2010-01-22 09:30,17.6,17.745005,17.355005,17.36,37940512
1264429800,2010-01-25 09:30,17.5,17.550005,17.324995,17.504995,21575562
1264516200,2010-01-26 09:30,17.394995,17.685,17.32,17.475,24014718
1264602600,2010-01-27 09:30,17.43,17.574995,17.28,17.57,25268516
1264689000,2010-01-28 09:30,17.6,17.665,17.269995,17.339995,29642164
1264775400,2010-01-29 09:30,17.425005,17.7125,17.300005,17.31,22598602
1265034600,2010-02-01 09:30,17.410005,17.64,17.315,17.615,27567226
1265121000,2010-02-02 09:30,17.725,18.004995,17.675005,17.97,23837882
1265207400,2010-02-03 09:30,17.915,17.9275,17.699995,17.815,23748766
1265293800,2010-02-04 09:30,17.75,17.83,17.335,17.345,42555616
1265380200,2010-02-05 09:30,17.32,17.435,17.055,17.375,33526500
1265639400,2010-02-08 09:30,17.35,17.5,17.25,17.254995,25073626
1265725800,2010-02-09 09:30,17.53,17.644995,17.324995,17.615,26778046
1265812200,2010-02-10 09:30,17.54,17.665,17.39,17.535005,14652062
1265898600,2010-02-11 09:30,17.504995,17.735,17.35,17.72,21375578
1265985000,2010-02-12 09:30,17.535005,17.735,17.4925,17.725,21644148
1266330600,2010-02-16 09:30,17.89,17.995005,17.74,17.995005,14230532
1266417000,2010-02-17 09:30,18.08,18.235,18.035005,18.235,17929140
1266503400,2010-02-18 09:30,18.175005,18.339995,18.08,18.339995,17812500
1266589800,2010-02-19 09:30,18.300005,18.487505,18.235,18.385,19440640
1266849000,2010-02-22 09:30,18.475,18.5,18.335,18.394995,14206688
1266935400,2010-02-23 09:30,18.315,18.425005,18.085,18.199995,31715390
1267021800,2010-02-24 09:30,18.24,18.5,18.195,18.5,18488570
1267108200,2010-02-25 09:30,18.28,18.665,18.165,18.655,21259062
1267194600,2010-02-26 09:30,18.660005,18.7125,18.51,18.65,13228258
1267453800,2010-03-01 09:30,18.754995,19.08,18.61,19.08,23429656
1267540200,2010-03-02 09:30,19.15,19.15,18.96,18.96,29456766
1267626600,2010-03-03 09:30,18.980005,19.235,18.96,19.025,24850460
1267713000,2010-03-04 09:30,19.19,19.449995,19.19,19.394995,29610922
1267799400,2010-03-05 09:30,19.519995,19.74,19.455,19.67,27761804
1268058600,2010-03-08 09:30,19.735,19.839995,19.71,19.805,16252804
1268145000,2010-03-09 09:30,19.705,19.894995,19.625,19.74,22230766
1268231400,2010-03-10 09:30,19.75,19.94,19.699995,19.845,19270648
1268317800,2010-03-11 09:30,19.769995,19.980005,19.725,19.935,31676954
1268404200,2010-03-12 09:30,20.03,20.11,19.89,20.095495,26609876
1268659800,2010-03-15 09:30,20.074995,20.160005,19.905,20.160005,26481062
1268746200,2010-03-16 09:30,20.205,20.339995,20.120005,20.339995,21569516
1268832600,2010-03-17 09:30,20.375,20.47,20.275,20.394995,29948648
1268919000,2010-03-18 09:30,20.42,20.47,20.2975,20.415,21666110
1269005400,2010-03-19 09:30,20.455,20.455,20.155,20.245005,21411336
1269264600,2010-03-22 09:30,20.095,20.705,20.089995,20.660005,27452758
1269351000,2010-03-23 09:30,20.64,20.879995,20.53,20.85,31633828
1269437400,2010-03-24 09:30,20.769995,20.795,20.535005,20.56,22413476
1269523800,2010-03-25 09:30,20.75,20.925005,20.629995,20.629995,36551296
1269610200,2010-03-26 09:30,20.695,20.949995,20.635,20.81,21410460
1269869400,2010-03-29 09:30,20.894995,20.894995,20.67,20.795,19814782
1269955800,2010-03-30 09:30,20.824995,20.99,20.69,20.795,18781524
1270042200,2010-03-31 09:30,20.74,20.82625,20.637495,20.65,23595922
1270128600,2010-04-01 09:30,20.745005,20.92,20.695,20.9,24146024
1270474200,2010-04-05 09:30,20.985,21.18,20.851305,21.155,18782102
1270560600,2010-04-06 09:30,21.1,21.26,21.045,21.24,11912742
1270647000,2010-04-07 09:30,21.24,21.32,21.025,21.120005,30890368
1270733400,2010-04-08 09:30,21.025,21.245005,20.865,21.17,36190400
1270819800,2010-04-09 09:30,21.214995,21.4,21.074995,21.4,26059882
1271079000,2010-04-12 09:30,21.415,21.42,21.300005,21.339995,16368390
1271165400,2010-04-13 09:30,21.295,21.49,21.24,21.435,19449320
1271251800,2010-04-14 09:30,21.550005,21.945,21.515,21.905,27385656
1271338200,2010-04-15 09:30,21.870005,22.015,21.824995,21.97,19020454
1271424600,2010-04-16 09:30,21.875,21.975,21.53,21.685,35598816
1271683800,2010-04-19 09:30,21.574995,21.745005,21.144995,21.515,39687616
1271770200,2010-04-20 09:30,21.589995,21.74,21.47,21.629995,24286524
1271856600,2010-04-21 09:30,21.660005,21.949995,21.435,21.885,31688118
1271943000,2010-04-22 09:30,21.795,22.49,21.695,22.39,51401664
1272029400,2010-04-23 09:30,22.370005,22.605005,22.265,22.56,43244704
1272288600,2010-04-26 09:30,22.625,22.82,22.589995,22.699995,23225094
1272375000,2010-04-27 09:30,22.595,22.64495,21.875,21.915,51930720
1272461400,2010-04-28 09:30,21.985,22.25,21.635,21.71,39692256
1272547800,2010-04-29 09:30,21.92,22.199995,21.83,22.115,26400148
1272634200,2010-04-30 09:30,22.185,22.199995,21.355005,21.379995,56033184
1272893400,2010-05-03 09:30,21.464995,21.93,21.43,21.785005,40155872
1272979800,2010-05-04 09:30,21.525,21.6,21.120005,21.254995,42165760
1273066200,2010-05-05 09:30,20.985,21.735495,20.97,21.25,49969056
1273152600,2010-05-06 09:30,20.935,21.754995,19.205,20.42005,77268512
1273239000,2010-05-07 09:30,20.370005,20.72,19.56,19.894995,65452256
1273498200,2010-05-10 09:30,20.879995,21.07,20.675005,21.055,36835200
1273584600,2010-05-11 09:30,20.805,21.370005,20.699995,21.135,37602816
1273671000,2010-05-12 09:30,21.11,21.555,21.04,21.535005,29383672
1273757400,2010-05-13 09:30,21.42,21.535005,20.75,20.79,46227488
1273843800,2010-05-14 09:30,20.61,20.69,20.2175,20.405,46965920
1274103000,2010-05-17 09:30,20.525,20.655,19.97,20.57,34147648
1274189400,2010-05-18 09:30,20.824995,20.955,20.055,20.105005,60611424
1274275800,2010-05-19 09:30,20.03,20.265,19.660005,19.985,58181056
1274362200,2010-05-20 09:30,19.5,19.957495,19.345,19.46,75102624
1274448600,2010-05-21 09:30,19.485,20.074995,19.144995,19.875,67083168
1274707800,2010-05-24 09:30,19.955,20.065,19.71,19.78,39026752
1274794200,2010-05-25 09:30,19.25,20.045,19.115,19.995005,53460736
1274880600,2010-05-26 09:30,20.25,20.300005,19.554945,19.629995,38455840
1274967000,2010-05-27 09:30,20,20.415,19.94,20.39,31798454
1275053400,2010-05-28 09:30,20.415,20.57995,20.089995,20.32,37889568
1275399000,2010-06-01 09:30,19.96,20.405,19.835,19.835,29737554
1275485400,2010-06-02 09:30,19.905,20.195,19.737505,20.195,31139882
1275571800,2010-06-03 09:30,20.300005,20.545,20.065,20.33,39431872
1275658200,2010-06-04 09:30,19.925005,19.964995,19.285005,19.36,47594400
1275917400,2010-06-07 09:30,19.464995,19.61,18.875,18.879995,30957476
1276003800,2010-06-08 09:30,19.045,19.14,18.589995,19.120005,42399328
1276090200,2010-06-09 09:30,19.214995,19.65,19.085,19.214995,28969844
1276176600,2010-06-10 09:30,19.525,19.78,19.445,19.745005,26764960
1276263000,2010-06-11 09:30,19.5,19.98625,19.355005,19.875,29002312
1276522200,2010-06-14 09:30,20.15,20.375,20.015,20.085,29616890
1276608600,2010-06-15 09:30,20.065,20.379995,19.935,20.36,38225216
1276695000,2010-06-16 09:30,20.28,20.295,19.945,20.115,32470640
1276781400,2010-06-17 09:30,20.185,20.230005,19.735,19.93,29304086
1276867800,2010-06-18 09:30,19.885,20.051245,19.67,19.705,33036024
1277127000,2010-06-21 09:30,19.9,20.025,19.15,19.285005,53700928
1277213400,2010-06-22 09:30,19.33,19.615,18.870005,18.910005,44947680
1277299800,2010-06-23 09:30,19.08,19.25,18.675005,19.045,41570944
1277386200,2010-06-24 09:30,18.905,18.99,18.47,18.589995,35682176
1277472600,2010-06-25 09:30,18.525,18.86,18.375,18.72,24397476
1277731800,2010-06-28 09:30,18.79,18.845,18.46,18.56,31727312
1277818200,2010-06-29 09:30,18.25,18.28,17.805,17.910005,57724320
1277904600,2010-06-30 09:30,17.855005,18.25,17.765,17.824995,28754196
1277991000,2010-07-01 09:30,17.75,18.22,17.46,18.165,47825280
1278077400,2010-07-02 09:30,18.230005,18.285005,17.855005,17.9,25131828
1278423000,2010-07-06 09:30,18.324995,18.4,17.525,17.655,38732704
1278509400,2010-07-07 09:30,17.6,18.25,17.6,18.21125,40516640
1278595800,2010-07-08 09:30,18.475,18.49,17.985,18.21,35902464
1278682200,2010-07-09 09:30,18.155,18.475,18.095,18.475,19472172
1278941400,2010-07-12 09:30,18.4,18.545,18.115,18.285005,17826906
1279027800,2010-07-13 09:30,18.495005,18.83,18.375,18.785005,26974758
1279114200,2010-07-14 09:30,18.699995,18.795,18.44,18.699995,26715532
1279200600,2010-07-15 09:30,18.695,18.8525,18.4,18.81,28203078
1279287000,2010-07-16 09:30,18.699995,18.699995,18.089995,18.14,27842118
1279546200,2010-07-19 09:30,18.1,18.275,17.96,18.21,18137282
1279632600,2010-07-20 09:30,17.949995,18.66665,17.885,18.65,28364500
1279719000,2010-07-21 09:30,18.735,18.754995,18.225,18.300005,17608242
1279805400,2010-07-22 09:30,18.495005,18.9,18.495005,18.82,21365360
1279891800,2010-07-23 09:30,18.78,19.230005,18.605005,19.225,23054430
1280151000,2010-07-26 09:30,19.18,19.565,19.015,19.555,22644578
1280237400,2010-07-27 09:30,19.675005,20.195,19.195,19.230005,23460148
1280323800,2010-07-28 09:30,19.17,19.394995,18.905,18.97,22933234
1280410200,2010-07-29 09:30,19.22,19.275,18.57875,18.92,26111156
1280496600,2010-07-30 09:30,18.71,19.11625,18.565,19.06,21051828
1280755800,2010-08-02 09:30,19.375,19.525,19.155,19.485,24247758
1280842200,2010-08-03 09:30,19.379995,19.39995,18.79,18.9,30113578
1280928600,2010-08-04 09:30,19.08,19.33,19.03,19.26,24545610
1281015000,2010-08-05 09:30,19.14,19.2575,18.805,19.214995,29014484
1281101400,2010-08-06 09:30,18.964995,19.17,18.775,19.089995,31838742
1281360600,2010-08-09 09:30,19.214995,19.455,19.214995,19.375,17862984
1281447000,2010-08-10 09:30,19.004995,19.24,18.949995,19.055,20624836
1281533400,2010-08-11 09:30,18.754995,18.800005,18.56,18.64,30978406
1281619800,2010-08-12 09:30,18.410005,18.775,18.24,18.754995,25958656
1281706200,2010-08-13 09:30,18.64,18.68,18.43,18.44,17659382
1281965400,2010-08-16 09:30,18.315,18.695,18.265,18.485,17198868
1282051800,2010-08-17 09:30,18.76,18.905,18.58,18.72,23529508
1282138200,2010-08-18 09:30,18.705,19.07,18.605005,18.955,16712734
1282224600,2010-08-19 09:30,18.894995,19.074995,18.55375,18.67,27077680
1282311000,2010-08-20 09:30,18.644995,18.735,18.410005,18.714995,14561382
1282570200,2010-08-23 09:30,18.79,19.00125,18.525,18.525,17418218
1282656600,2010-08-24 09:30,18.365,18.415,17.97,18.185,24033188
1282743000,2010-08-25 09:30,18.06495,18.57,18,18.49,23529062
1282829400,2010-08-26 09:30,18.57,18.57,18.24,18.26,18858210
1282915800,2010-08-27 09:30,18.355005,18.49,18,18.485,33721632
1283175000,2010-08-30 09:30,18.39,18.480005,18.019995,18.019995,40980640
1283261400,2010-08-31 09:30,18,18.29,17.894995,17.96,24938860
1283347800,2010-09-01 09:30,18.22,18.695,18.22,18.68,24716352
1283434200,2010-09-02 09:30,18.754995,19.115,18.745005,19.089995,25181516
1283520600,2010-09-03 09:30,19.4,19.655,19.230005,19.385,25824476
1283866200,2010-09-07 09:30,19.385,19.385,19.074995,19.095,18658226
1283952600,2010-09-08 09:30,19.15,19.35495,19.089995,19.295,23570898
1284039000,2010-09-09 09:30,19.504995,19.56,19.144995,19.19,11929750
1284125400,2010-09-10 09:30,19.25,19.49,19.18,19.35,15909468
1284384600,2010-09-13 09:30,19.574995,19.795,19.525,19.769995,17922890
1284471000,2010-09-14 09:30,19.855005,20.295,19.815,20.160005,30363718
1284557400,2010-09-15 09:30,20.06,20.165,19.94,20.15,17413820
1284643800,2010-09-16 09:30,20.08,20.205,19.999495,20.144995,15967648
1284730200,2010-09-17 09:30,20.199995,20.225,19.885,20.165,20282758
1284989400,2010-09-20 09:30,20.225,20.585,20.155,20.555,13984180
1285075800,2010-09-21 09:30,20.57,20.58,20.225,20.345,24694382
1285162200,2010-09-22 09:30,20.345,20.5,20.129995,20.300005,22542258
1285248600,2010-09-23 09:30,20.120005,20.58,20.045,20.324995,22647718
1285335000,2010-09-24 09:30,20.67,20.93,20.54,20.92,23621218
1285594200,2010-09-27 09:30,20.94,21.03,20.725,20.824995,6893988
1285680600,2010-09-28 09:30,20.86,21.129995,20.545,21.1,16195626
1285767000,2010-09-29 09:30,21,21.14,20.910005,21.01,13733540
1285853400,2010-09-30 09:30,21.18,21.230005,20.69,20.910005,17693922
1285939800,2010-10-01 09:30,21.004995,21.25,20.835,20.985,17103094
1286199000,2010-10-04 09:30,20.964995,21.004995,20.6,20.785005,15598930
1286285400,2010-10-05 09:30,20.875,21.275,20.870005,21.11,23832938
1286371800,2010-10-06 09:30,21.07,21.160005,20.865,21.01,22506102
1286458200,2010-10-07 09:30,21.175005,21.230005,20.905,21.199995,17631882
1286544600,2010-10-08 09:30,21.175005,21.525,21.129995,21.415,21087680
1286803800,2010-10-11 09:30,21.574995,21.81,21.49,21.665,18355718
1286890200,2010-10-12 09:30,21.745005,21.955,21.527495,21.9,26655126
1286976600,2010-10-13 09:30,22.03,22.135,21.79,21.855005,32574062
1287063000,2010-10-14 09:30,21.82,21.949995,21.605005,21.775,25509032
1287149400,2010-10-15 09:30,21.875,22.045,21.66995,22.015,29249500
1287408600,2010-10-18 09:30,21.99,22.085,21.79985,22.06,9500860
1287495000,2010-10-19 09:30,21.754995,21.85,21.305,21.415,30163860
1287581400,2010-10-20 09:30,21.464995,21.745005,21.464995,21.615,18072782
1287667800,2010-10-21 09:30,21.665,21.862505,21.300005,21.49,28825336
1287754200,2010-10-22 09:30,21.525,21.695,21.455,21.67,21031040
1288013400,2010-10-25 09:30,21.800005,22.074995,21.785005,21.815,19085648
1288099800,2010-10-26 09:30,21.699995,22.155,21.57,22.025,22727828
1288186200,2010-10-27 09:30,21.875,21.9,21.5,21.745005,24723140
1288272600,2010-10-28 09:30,21.94,21.995005,21.57,21.725,19125094
1288359000,2010-10-29 09:30,21.67,21.805,21.61,21.805,14389484
1288618200,2010-11-01 09:30,21.964995,21.97,21.5,21.6,19521040
1288704600,2010-11-02 09:30,21.775,21.9675,21.6,21.875,16611132
1288791000,2010-11-03 09:30,21.85,21.935,21.605005,21.894995,26209000
1288877400,2010-11-04 09:30,22.185,22.464995,22.125,22.464995,21547328
1288963800,2010-11-05 09:30,22.51,22.83,22.425005,22.65,21074876
1289226600,2010-11-08 09:30,22.565,22.76,22.365,22.725,12251476
1289313000,2010-11-09 09:30,22.795,22.82,22.379995,22.480005,18023344
1289399400,2010-11-10 09:30,22.504995,22.68,22.29,22.660005,15868210
1289485800,2010-11-11 09:30,22.43,22.795,22.245005,22.67,19348032
1289572200,2010-11-12 09:30,22.51,22.675005,22.25,22.300005,22798774
1289831400,2010-11-15 09:30,22.410005,22.5431,22.22,22.25,14306242
1289917800,2010-11-16 09:30,22.19,22.54,22.019995,22.135,30248126
1290004200,2010-11-17 09:30,22.22,22.605005,22.22,22.56,33640288
1290090600,2010-11-18 09:30,22.85,23.050005,22.665,22.69,20825680
1290177000,2010-11-19 09:30,22.735,23,22.660005,23,17663032
1290436200,2010-11-22 09:30,22.985,23.324995,22.845,23.214995,23022438
1290522600,2010-11-23 09:30,23.1,23.345,23.035005,23.29,20956054
1290609000,2010-11-24 09:30,23.49,23.695,23.42,23.665,23637570
1290781800,2010-11-26 09:30,23.620005,23.730005,23.519995,23.685,7175960
1291041000,2010-11-29 09:30,23.589995,23.589995,23.24,23.480005,22543618
1291127400,2010-11-30 09:30,23.28,23.735,23.235,23.555,22340524
1291213800,2010-12-01 09:30,23.81,24.019995,23.65,23.84125,26802632
1291300200,2010-12-02 09:30,23.875,23.96,23.675005,23.925005,21752008
1291386600,2010-12-03 09:30,23.695,24.089995,23.675005,24.04,41115744
1291645800,2010-12-06 09:30,24.035005,24.065,23.905,24.02125,15321368
1291732200,2010-12-07 09:30,24.300005,24.905,23.885,23.89,25254540
1291818600,2010-12-08 09:30,23.949995,23.980005,23.68,23.785005,18244632
1291905000,2010-12-09 09:30,23.995005,23.995005,23.730005,23.93,9641008
1291991400,2010-12-10 09:30,23.915,24.1,23.82,24.07,12218172
1292250600,2010-12-13 09:30,24.1,24.230005,23.71,23.725,23304640
1292337000,2010-12-14 09:30,23.745005,23.78865,23.550005,23.629995,24555632
1292423400,2010-12-15 09:30,23.574995,23.83,23.574995,23.660005,12660876
1292509800,2010-12-16 09:30,23.800005,24.03,23.609945,24.03,15599626
1292596200,2010-12-17 09:30,23.915,24.045,23.805,23.980005,18027242
1292855400,2010-12-20 09:30,24.105005,24.105005,23.879995,23.949995,12892446
1292941800,2010-12-21 09:30,23.93,24.06,23.894995,24.03,7314592
1293028200,2010-12-22 09:30,24.095,24.120005,23.93,24.015,11492868
1293114600,2010-12-23 09:30,24.08,24.28,24.06,24.225,11037688
1293460200,2010-12-27 09:30,24.050005,24.230005,23.875,24.115,8511930
1293546600,2010-12-28 09:30,24.165,24.195,24.0175,24.050005,7849484
1293633000,2010-12-29 09:30,24.120005,24.285005,24.08,24.235,8082194
1293719400,2010-12-30 09:30,24.21,24.415,24.205,24.365,4787628
1293805800,2010-12-31 09:30,24.345,24.365,24.144995,24.18,6508080
1294065000,2011-01-03 09:30,24.24,24.51,24.24,24.355005,11663540
1294151400,2011-01-04 09:30,24.44,24.535005,23.81,23.9,17158210
1294237800,2011-01-05 09:30,23.82,24.025,23.72,23.879995,35212416
1294324200,2011-01-06 09:30,23.665,23.824995,23.525,23.54,28919126
1294410600,2011-01-07 09:30,23.495005,23.685,23.175005,23.4675,18849164
1294669800,2011-01-10 09:30,23.39995,23.69,23.31,23.68,14908734
1294756200,2011-01-11 09:30,23.695,23.769995,23.28,23.379995,19780234
1294842600,2011-01-12 09:30,23.574995,23.714995,23.51,23.6,16629562
1294929000,2011-01-13 09:30,23.519995,23.605005,23.475,23.515,9905718
1295015400,2011-01-14 09:30,23.410005,23.53,23.3748,23.51,18982016
1295361000,2011-01-18 09:30,23.500055,23.550005,23.305,23.485,13819156
1295447400,2011-01-19 09:30,23.445,23.485,23.195,23.26,17717476
1295533800,2011-01-20 09:30,23.19,23.725,23.19,23.47875,24162734
1295620200,2011-01-21 09:30,23.629995,23.629995,23.305,23.324995,17513086
1295879400,2011-01-24 09:30,23.315,23.44545,23.2295,23.415,7482232
1295965800,2011-01-25 09:30,23.339995,23.43,23.0671,23.375,19610398
1296052200,2011-01-26 09:30,23.425005,23.54,23.165,23.394995,17878876
1296138600,2011-01-27 09:30,23.415,23.69,23.415,23.69,14468914
1296225000,2011-01-28 09:30,23.644995,23.695,23.105005,23.135,26848140
1296484200,2011-01-31 09:30,23.29,23.324995,23,23.214995,11519554
1296570600,2011-02-01 09:30,23.355005,23.67,23.295,23.53,23049984
1296657000,2011-02-02 09:30,23.464995,23.47,23.065,23.065,33340438
1296743400,2011-02-03 09:30,23.425005,23.785005,23.35,23.725,35957856
1296829800,2011-02-04 09:30,23.76,24.155,23.725,24.055,28095460
1297089000,2011-02-07 09:30,24.120005,24.345,24.074995,24.19,17142562
1297175400,2011-02-08 09:30,24.18,24.47,24.125,24.455,18940430
1297261800,2011-02-09 09:30,24.43,24.652495,24.385,24.488745,23358046
1297348200,2011-02-10 09:30,24.385,24.589995,24.295,24.585,15578218
1297434600,2011-02-11 09:30,24.495005,24.839995,24.394995,24.839995,17885758
1297693800,2011-02-14 09:30,24.89,24.925005,24.620005,24.714995,13698258
1297780200,2011-02-15 09:30,24.595,24.79,24.555,24.625,12511422
1297866600,2011-02-16 09:30,24.935,25.305,24.885,25.019995,20054718
1297953000,2011-02-17 09:30,24.94,25.17,24.845,25.01,12533876
1298039400,2011-02-18 09:30,25.04,25.144995,24.955,25.06,10035672
1298385000,2011-02-22 09:30,24.754995,25.129995,24.585,24.6,29364078
1298471400,2011-02-23 09:30,24.58,24.675005,23.8425,24.18,32894078
1298557800,2011-02-24 09:30,24.15,24.57,23.975,24.25,26445094
1298644200,2011-02-25 09:30,24.39,24.660005,24.25,24.605005,26431032
1298903400,2011-02-28 09:30,24.67,24.725,24.415,24.61,18620070
1298989800,2011-03-01 09:30,24.605005,24.714995,24.07,24.15,28283352
1299076200,2011-03-02 09:30,24.15,24.44,24.105005,24.375,27678946
1299162600,2011-03-03 09:30,24.58,24.714995,24.32,24.67,23457304
1299249000,2011-03-04 09:30,24.660005,24.765,24.36,24.555,26345664
1299508200,2011-03-07 09:30,24.644995,24.67,24.04,24.19,27094274
1299594600,2011-03-08 09:30,24.19,24.449995,23.955,24.324995,30094618
1299681000,2011-03-09 09:30,24.254995,24.629995,24.175005,24.495005,35162784
1299767400,2011-03-10 09:30,24.21,24.480005,24.160005,24.305,31907610
1299853800,2011-03-11 09:30,24.4,24.699995,24.035005,24.615,28891626
1300109400,2011-03-14 09:30,24.495005,24.625,24.120005,24.3855,27930376
1300195800,2011-03-15 09:30,23.865,24.504995,23.699995,24.355005,33767424
1300282200,2011-03-16 09:30,24.285005,24.445,23.92,24.085,32027484
1300368600,2011-03-17 09:30,24.275,24.375,23.995005,23.995005,34576224
1300455000,2011-03-18 09:30,24.22,24.275,23.805,23.935,48784896
1300714200,2011-03-21 09:30,24.285005,24.4401,24.155,24.385,29046476
1300800600,2011-03-22 09:30,24.379995,24.515,24.165,24.165,24611710
1300887000,2011-03-23 09:30,24.125,24.379995,23.845,24.339995,28858898
1300973400,2011-03-24 09:30,24.51,24.845,24.43,24.730005,30161656
1301059800,2011-03-25 09:30,24.845,25.21,24.765,24.964995,27547438
1301319000,2011-03-28 09:30,25.055,25.204455,24.71,24.800005,28597164
1301405400,2011-03-29 09:30,24.835,25.120005,24.655,25.095,16362304
1301491800,2011-03-30 09:30,25.295,25.605005,25.185,25.565,21660882
1301578200,2011-03-31 09:30,25.565,25.565,25.205,25.4,21990328
1301664600,2011-04-01 09:30,25.555,25.675005,25.405,25.53,14731110
1301923800,2011-04-04 09:30,25.615,25.65,25.339995,25.44,17185828
1302010200,2011-04-05 09:30,25.365,26.129995,25.365,25.985,24493156
1302096600,2011-04-06 09:30,26.155,26.265,25.824995,26.054495,21016782
1302183000,2011-04-07 09:30,26.11,26.56,26.01,26.275,31204430
1302269400,2011-04-08 09:30,26.345,26.394995,25.839995,25.985,26096618
1302528600,2011-04-11 09:30,26.01,26.19,25.870005,25.980005,13097610
1302615000,2011-04-12 09:30,25.714995,26.17,25.714995,25.83,33926144
1302701400,2011-04-13 09:30,26.045,26.045,25.615,25.86,16413516
1302787800,2011-04-14 09:30,25.81,25.935,25.665,25.875,11910960
1302874200,2011-04-15 09:30,25.870005,26.074995,25.79,26.074995,13282234
1303133400,2011-04-18 09:30,25.795,25.855005,25.405,25.839995,15891226
1303219800,2011-04-19 09:30,25.879995,25.955,25.67,25.845,7796084
1303306200,2011-04-20 09:30,26.21,26.415,26.144995,26.394995,13037960
1303392600,2011-04-21 09:30,26.504995,26.56,26.254995,26.4,10603266
1303738200,2011-04-25 09:30,26.375,26.4,26.205,26.39,10915454
1303824600,2011-04-26 09:30,26.4,26.625,26.295,26.475,13931680
1303911000,2011-04-27 09:30,26.57,26.894995,26.49,26.839995,20118992
1303997400,2011-04-28 09:30,26.785005,26.910005,26.695,26.81,15556406
1304083800,2011-04-29 09:30,26.675005,26.86,26.635,26.655,25842828
1304343000,2011-05-02 09:30,26.75,26.835,26.417505,26.464995,12513868
1304429400,2011-05-03 09:30,26.435,26.585,26.205,26.345,16231446
1304515800,2011-05-04 09:30,26.4,26.515,26.095,26.31,21519126
1304602200,2011-05-05 09:30,26.115,26.71,26.045,26.300005,36845792
1304688600,2011-05-06 09:30,26.605005,26.699995,26.26,26.36,16392546
1304947800,2011-05-09 09:30,26.379995,26.535005,26.254995,26.485,14708032
1305034200,2011-05-10 09:30,26.54,26.955,26.53,26.89,13910812
1305120600,2011-05-11 09:30,26.870005,27.019995,26.589995,26.769995,17466774
1305207000,2011-05-12 09:30,26.74,27.205,26.525,27.199995,18121296
1305293400,2011-05-13 09:30,27.29,27.36,26.945,27.050005,13731968
1305552600,2011-05-16 09:30,27.04,27.050005,26.589995,26.605005,24612546
1305639000,2011-05-17 09:30,26.415,26.71,26.31,26.525,17971438
1305725400,2011-05-18 09:30,26.495005,26.845,26.394995,26.800005,15704210
1305811800,2011-05-19 09:30,26.800005,26.82,26.5,26.660005,15666532
1305898200,2011-05-20 09:30,26.519995,26.550005,26.11,26.205,32822954
1306157400,2011-05-23 09:30,26,26.32,25.845,26.129995,26102696
1306243800,2011-05-24 09:30,26.265,26.46,26.155,26.19,13448054
1306330200,2011-05-25 09:30,25.92,26.31,25.915,26.18,19722594
1306416600,2011-05-26 09:30,26.205,26.69,26.205,26.615,19894594
1306503000,2011-05-27 09:30,26.67,26.89,26.67,26.845,14088742
1306848600,2011-05-31 09:30,27.045,27.11,26.824995,27.07,23264922
1306935000,2011-06-01 09:30,26.945,26.980005,26.265,26.285005,37762592
1307021400,2011-06-02 09:30,26.214995,26.335,25.855005,26,37259520
1307107800,2011-06-03 09:30,25.64,25.980005,25.550005,25.615,31239172
1307367000,2011-06-06 09:30,25.535005,25.71,25.15,25.17,29509148
1307453400,2011-06-07 09:30,25.214995,25.5625,25.14,25.15,25648376
1307539800,2011-06-08 09:30,25.050005,25.120005,24.78,24.835,29176430
1307626200,2011-06-09 09:30,24.910005,25.370005,24.835,25.175005,21189148
1307712600,2011-06-10 09:30,25.03,25.1275,24.574995,24.74,29597508
1307971800,2011-06-13 09:30,24.85,25.055,24.714995,24.82,16878968
1308058200,2011-06-14 09:30,25.165,25.504995,25.129995,25.449995,22101398
1308144600,2011-06-15 09:30,25.19,25.405,24.975,25.065,22342156
1308231000,2011-06-16 09:30,25.125,25.295,24.795,25.089995,24952040
1308317400,2011-06-17 09:30,25.269995,25.565,25.199995,25.295,34512704
1308576600,2011-06-20 09:30,25.214995,25.86,25.195,25.855005,24405734
1308663000,2011-06-21 09:30,25.980005,26.405,25.879995,26.370005,26647578
1308749400,2011-06-22 09:30,26.285005,26.435,25.945,25.964995,21643032
1308835800,2011-06-23 09:30,25.82,26.33,25.64,26.324995,37989248
1308922200,2011-06-24 09:30,26.22,26.375,25.93,25.980005,18923836
1309181400,2011-06-27 09:30,26.01,26.254995,25.81,26.18,13137312
1309267800,2011-06-28 09:30,26.285005,26.735,26.245005,26.735,17305930
1309354200,2011-06-29 09:30,26.79,26.915,26.515,26.6,27875226
1309440600,2011-06-30 09:30,26.69,26.885,26.605005,26.69,15110766
1309527000,2011-07-01 09:30,26.735,27.29,26.660005,27.22,16726680
1309872600,2011-07-05 09:30,27.230005,27.324995,26.945,27.25,12720000
1309959000,2011-07-06 09:30,27.199995,27.370005,27.115,27.33,16990876
1310045400,2011-07-07 09:30,27.735,28.22,27.68,28.17,23882454
1310131800,2011-07-08 09:30,27.75,27.955,27.644995,27.955,12592696
1310391000,2011-07-11 09:30,27.550005,27.81,27.195,27.32,14118672
1310477400,2011-07-12 09:30,27.235,27.5,27.15,27.160005,13376704
1310563800,2011-07-13 09:30,27.394995,27.725,27.305,27.394995,15356602
1310650200,2011-07-14 09:30,27.46,27.6,26.879995,27.050005,22553594
1310736600,2011-07-15 09:30,27.199995,27.205,26.85,27.15,18160554
1310995800,2011-07-18 09:30,27.045,27.0625,26.620005,26.870005,15651890
1311082200,2011-07-19 09:30,27.085,27.495005,27.085,27.44,16656368
1311168600,2011-07-20 09:30,27.5,27.54,27.074995,27.26,14781476
1311255000,2011-07-21 09:30,27.379995,27.655,27.230005,27.464995,16705508
1311341400,2011-07-22 09:30,27.47,27.5525,27.225,27.475,6977454
1311600600,2011-07-25 09:30,27.175005,27.435,27.115,27.17,12368804
1311687000,2011-07-26 09:30,27.160005,27.555,27.155,27.5,14554570
1311773400,2011-07-27 09:30,27.375,27.42,26.620005,26.64,18884016
1311859800,2011-07-28 09:30,26.675005,27.0225,26.5725,26.625,16980406
1311946200,2011-07-29 09:30,26.4,26.835,26.135,26.629995,22272118
1312205400,2011-08-01 09:30,26.964995,27,26.230005,26.515,19732664
1312291800,2011-08-02 09:30,26.324995,26.65,25.415,25.42,31306132
1312378200,2011-08-03 09:30,25.435,25.985,24.945,25.964995,38627648
1312464600,2011-08-04 09:30,25.5,25.545,24.230005,24.230005,46308160
1312551000,2011-08-05 09:30,24.655,24.695,23.71,24.345,43760320
1312810200,2011-08-08 09:30,23.75,24,22.185,22.345,47492608
1312896600,2011-08-09 09:30,22.94,23.675005,21.875,23.665,45353728
1312983000,2011-08-10 09:30,23.120005,23.415,22.485,22.5,31756500
1313069400,2011-08-11 09:30,22.82,23.925005,22.629995,23.605005,29165016
1313155800,2011-08-12 09:30,24.045,24.105005,23.06,23.574995,35255200
1313415000,2011-08-15 09:30,23.625,23.915,23.35,23.885,24909242
1313501400,2011-08-16 09:30,23.6,23.76,23.230005,23.615,22225524
1313587800,2011-08-17 09:30,23.754995,24.03,22.9945,23.339995,27828234
1313674200,2011-08-18 09:30,22.6,22.71,21.964995,22.165,28177226
1313760600,2011-08-19 09:30,22,22.56,21.75,21.915,23394148
1314019800,2011-08-22 09:30,22.545,22.545,21.893,22.06,19320398
1314106200,2011-08-23 09:30,22.120005,23.155,21.9275,23.129995,23449460
1314192600,2011-08-24 09:30,23.120005,23.595,22.875,23.370005,16015406
1314279000,2011-08-25 09:30,23.455,23.885,22.82,22.865,15096532
1314365400,2011-08-26 09:30,22.745005,23.675005,22.449995,23.56,26668578
1314624600,2011-08-29 09:30,23.81,24.545,23.745005,24.519995,12070704
1314711000,2011-08-30 09:30,24.33,24.805,24.11,24.625,21223296
1314797400,2011-08-31 09:30,24.805,25.25,24.58995,24.800005,20516710
1314883800,2011-09-01 09:30,24.800005,25.085,24.18,24.25,22736554
1314970200,2011-09-02 09:30,23.935,23.935,23.375,23.43,18175070
1315315800,2011-09-06 09:30,22.71,23.574995,22.665,23.550005,26182210
1315402200,2011-09-07 09:30,23.935,24.574995,23.800005,24.565,24566812
1315488600,2011-09-08 09:30,24.339995,24.615,23.915,24.035005,20891508
1315575000,2011-09-09 09:30,23.775,24.1,23.3975,23.61,23460438
1315834200,2011-09-12 09:30,23.26,23.96,23.235,23.925005,25437852
1315920600,2011-09-13 09:30,24.015,24.5,23.800005,24.339995,20154274
1316007000,2011-09-14 09:30,24.515,25.045,24.135,24.75,22765976
1316093400,2011-09-15 09:30,24.97,25.120005,24.620005,24.925005,20650820
1316179800,2011-09-16 09:30,24.805,25.235,24.805,25.03,25334360
1316439000,2011-09-19 09:30,24.74,25.135,24.335,24.925005,22174226
1316525400,2011-09-20 09:30,24.870005,25.22,24.47,24.495005,12670118
1316611800,2011-09-21 09:30,24.515,24.714995,23.629995,23.629995,17108156
1316698200,2011-09-22 09:30,22.99,23.545,22.68,23.019995,39513088
1316784600,2011-09-23 09:30,22.93,23.595,22.93,23.455,22520898
1317043800,2011-09-26 09:30,23.705,24.285005,23.43505,24.265,23424524
1317130200,2011-09-27 09:30,24.730005,24.99,24.269995,24.435,20963008
1317216600,2011-09-28 09:30,24.51,24.68,23.824995,23.835,16859680
1317303000,2011-09-29 09:30,24.33,24.385,23.067495,23.800005,21398532
1317389400,2011-09-30 09:30,23.339995,23.785005,23.085,23.11,19672382
1317648600,2011-10-03 09:30,23.04,23.254995,22.205,22.22,35700192
1317735000,2011-10-04 09:30,22.019995,23.445,21.805,23.425005,38306624
1317821400,2011-10-05 09:30,23.5,23.875,23.155,23.745005,28051890
1317907800,2011-10-06 09:30,23.78,24.345,23.69,24.315,22336118
1317994200,2011-10-07 09:30,24.535005,24.695,23.89,24.115,22395554
1318253400,2011-10-10 09:30,24.504995,24.9975,24.5,24.92,10515296
1318339800,2011-10-11 09:30,24.745005,25.135,24.519995,25.085,24630688
1318426200,2011-10-12 09:30,25.29,25.56,24.995005,25.26,22724046
1318512600,2011-10-13 09:30,25.08,25.4,24.82,25.035005,29946164
1318599000,2011-10-14 09:30,25.550005,25.550005,25.019995,25.47,15147844
1318858200,2011-10-17 09:30,25.29,25.545,24.879995,24.910005,18414726
1318944600,2011-10-18 09:30,24.9,25.675005,24.54,25.495005,24512844
1319031000,2011-10-19 09:30,25.455,25.815,25.195,25.29,21122632
1319117400,2011-10-20 09:30,25.615,25.615,24.964995,25.555,19008368
1319203800,2011-10-21 09:30,25.81505,26.205,25.72,26.08,16742640
1319463000,2011-10-24 09:30,26.18,26.975,26.129995,26.879995,21856618
1319549400,2011-10-25 09:30,26.769995,26.769995,26.175005,26.21,16099008
1319635800,2011-10-26 09:30,26.435,26.535005,25.58,26.225,29033468
1319722200,2011-10-27 09:30,27.08,27.46,26.574995,27.245005,31648938
1319808600,2011-10-28 09:30,26.945,27.36,26.504995,26.824995,28576820
1320067800,2011-10-31 09:30,26.405,26.785005,26.28,26.29,21041102
1320154200,2011-11-01 09:30,25.565,26.339995,25.475,25.964995,29744890
1320240600,2011-11-02 09:30,26.46,26.6,26.1,26.535005,15539188
1320327000,2011-11-03 09:30,26.525,26.68,25.800005,26.629995,31404946
1320413400,2011-11-04 09:30,26.36,26.595,26.1,26.535005,15902414
1320676200,2011-11-07 09:30,26.415,26.665,26.125,26.53,11262890
1320762600,2011-11-08 09:30,26.85,26.875,26.17,26.82,20249696
1320849000,2011-11-09 09:30,26.06,26.25,25.665,25.705,19458758
1320935400,2011-11-10 09:30,26.065,26.21,25.805,26.06,24568320
1321021800,2011-11-11 09:30,26.28,26.845,26.07,26.785005,20471258
1321281000,2011-11-14 09:30,26.714995,26.79,26.32,26.57,11313688
1321367400,2011-11-15 09:30,26.480005,26.81,26.245005,26.685,13495938
1321453800,2011-11-16 09:30,26.415,26.71,26,26.06,21119312
1321540200,2011-11-17 09:30,26.144995,26.245005,25.574995,25.714995,26348376
1321626600,2011-11-18 09:30,25.85,25.945,25.49,25.67,17563196
1321885800,2011-11-21 09:30,25.435,25.480005,25,25.324995,13858938
1321972200,2011-11-22 09:30,25.300005,25.480005,24.995005,25.14,13647046
1322058600,2011-11-23 09:30,24.905,25.004995,24.475,24.49,16292430
1322231400,2011-11-25 09:30,24.504995,24.644995,24.214995,24.25,10479828
1322490600,2011-11-28 09:30,24.949995,25.375,24.845,25.085,18306726
1322577000,2011-11-29 09:30,25.09495,25.26,24.82,25.06,21366836
1322663400,2011-11-30 09:30,25.765,25.945,25.56,25.94,18247594
1322749800,2011-12-01 09:30,25.839995,26.375,25.61,26,14037218
1322836200,2011-12-02 09:30,26.31,26.504995,26.214995,26.28,9901610
1323095400,2011-12-05 09:30,26.644995,26.85,26.49,26.675005,11511868
1323181800,2011-12-06 09:30,26.685,26.730005,26.410005,26.585,12475696
1323268200,2011-12-07 09:30,26.455,26.785005,26.22,26.660005,14074382
1323354600,2011-12-08 09:30,26.47,26.61,26.045,26.144995,19338656
1323441000,2011-12-09 09:30,26.28,26.835,26.074995,26.754995,21515304
1323700200,2011-12-12 09:30,26.5,26.615,26.230005,26.615,12225196
1323786600,2011-12-13 09:30,26.64,26.815,25.695,25.82,20814054
1323873000,2011-12-14 09:30,25.65,25.82,25.385,25.5,21051766
1323959400,2011-12-15 09:30,25.86,25.935,25.605005,25.665,18990446
1324045800,2011-12-16 09:30,25.75495,26.074995,25.589995,25.745005,20720742
1324305000,2011-12-19 09:30,26.074995,26.165,25.35,25.42,14331710
1324391400,2011-12-20 09:30,25.879995,26.3245,25.83,26.2675,13713476
1324477800,2011-12-21 09:30,26.175005,26.425005,25.845,26.379995,12843250
1324564200,2011-12-22 09:30,26.47,26.615,26.269995,26.295,13290312
1324650600,2011-12-23 09:30,26.405,26.545,26.275,26.525,4907240
1324996200,2011-12-27 09:30,26.474955,26.620005,26.339995,26.57,3202138
1325082600,2011-12-28 09:30,26.504995,26.574995,26.225,26.254995,6661282
1325169000,2011-12-29 09:30,26.370005,26.4498,26.19,26.410005,11501968
1325255400,2011-12-30 09:30,26.345,26.444,26.265,26.275,3892430
1325601000,2012-01-03 09:30,26.695,26.745005,26.225,26.265,12979984
1325687400,2012-01-04 09:30,26.14,26.35,26.04,26.19,11423382
1325773800,2012-01-05 09:30,25.974955,26.379995,25.655,26.335,25717540
1325860200,2012-01-06 09:30,26.225,26.35,26.004995,26.035005,12563632
1326119400,2012-01-09 09:30,26.065,26.4,25.885,26.332495,11032868
1326205800,2012-01-10 09:30,26.504995,26.57,26.275,26.405,11823086
1326292200,2012-01-11 09:30,26.214995,26.39,26.155,26.39,9924290
1326378600,2012-01-12 09:30,26.33,26.4755,26.035005,26.42,11451118
1326465000,2012-01-13 09:30,26.21,26.589995,26.195,26.370005,9716890
1326810600,2012-01-17 09:30,26.64,26.69,26.425005,26.495005,6233480
1326897000,2012-01-18 09:30,26.49,27.199995,26.44,27.18,20487234
1326983400,2012-01-19 09:30,27.18,27.545,27.18,27.545,10278008
1327069800,2012-01-20 09:30,27.455,27.51,27.24,27.385,11642312
1327329000,2012-01-23 09:30,27.42,27.65,27.230005,27.44,8898790
1327415400,2012-01-24 09:30,27.300005,27.685,27.275,27.68,7939834
1327501800,2012-01-25 09:30,27.660005,27.96,27.449995,27.925005,16419750
1327588200,2012-01-26 09:30,28.025,28.175005,27.61,27.725,12716164
1327674600,2012-01-27 09:30,27.545,27.975,27.475,27.906645,6923220
1327933800,2012-01-30 09:30,27.75,27.875,27.585,27.85,8362710
1328020200,2012-01-31 09:30,27.83,27.875,27.36,27.574995,14788626
1328106600,2012-02-01 09:30,27.699995,27.964995,27.655,27.85,11355688
1328193000,2012-02-02 09:30,27.925005,28.055,27.785005,27.89,9803844
1328279400,2012-02-03 09:30,28.18,28.525,28.160005,28.449995,13008390
1328538600,2012-02-06 09:30,28.339995,28.65,28.26005,28.545,13335882
1328625000,2012-02-07 09:30,28.43995,28.69,28.38005,28.665,8506110
1328711400,2012-02-08 09:30,28.72,28.885,28.4805,28.685,9430790
1328797800,2012-02-09 09:30,28.644995,28.845,28.464995,28.78,7547710
1328884200,2012-02-10 09:30,28.56,28.72,28.480005,28.64,7487656
1329143400,2012-02-13 09:30,28.894995,28.925005,28.660005,28.805,7197422
1329229800,2012-02-14 09:30,28.67,29.065,28.6325,29.045,16430976
1329316200,2012-02-15 09:30,29.125,29.185,28.699995,28.75,14845094
1329402600,2012-02-16 09:30,28.765,29.185,28.765,29.175005,7945648
1329489000,2012-02-17 09:30,29.305,29.46,29.214995,29.42,11880390
1329834600,2012-02-21 09:30,29.485,29.5898,28.885,28.980005,15782696
1329921000,2012-02-22 09:30,29.025,29.18,28.835,28.935,13368876
1330007400,2012-02-23 09:30,28.949995,29.4125,28.894995,29.275,18373890
1330093800,2012-02-24 09:30,29.195,29.44,29.03,29.185,17954110
1330353000,2012-02-27 09:30,29.065,29.405,28.975,29.35,11987618
1330439400,2012-02-28 09:30,29.39,29.89,29.39,29.86,16977078
1330525800,2012-02-29 09:30,29.894995,29.935,29.42,29.44,13228500
1330612200,2012-03-01 09:30,29.655,29.955,29.550005,29.78005,16573726
1330698600,2012-03-02 09:30,29.855005,30.06,29.629995,29.754995,14031430
1330957800,2012-03-05 09:30,29.675005,29.905,29.585,29.83,10095954
1331044200,2012-03-06 09:30,29.5,29.565,29.355005,29.455,12777078
1331130600,2012-03-07 09:30,29.519995,29.76,29.315,29.695,10676180
1331217000,2012-03-08 09:30,29.93,30.089995,29.76,30.055,9840546
1331303400,2012-03-09 09:30,30.115,30.519995,30.025,30.410005,11878484
1331559000,2012-03-12 09:30,30.43,30.43,30.205,30.335,6737266
1331645400,2012-03-13 09:30,30.51,30.74,30.29,30.725,12290774
1331731800,2012-03-14 09:30,30.78,30.78,30.525,30.660005,6537580
1331818200,2012-03-15 09:30,30.675005,30.86,30.365,30.86,14226804
1331904600,2012-03-16 09:30,30.824995,30.864,30.425005,30.5,16110602
1332163800,2012-03-19 09:30,30.464995,30.699995,30.24,30.54,12870876
1332250200,2012-03-20 09:30,30.39,30.8445,30.300005,30.735,13149210
1332336600,2012-03-21 09:30,30.835,30.949995,30.78,30.805,9979266
1332423000,2012-03-22 09:30,30.6,30.905,30.54,30.745005,12116790
1332509400,2012-03-23 09:30,30.695,30.815,30.230005,30.795,10043946
1332768600,2012-03-26 09:30,30.99,31.46,30.97,31.417505,14326344
1332855000,2012-03-27 09:30,31.4,31.519995,31.25,31.275,9585766
1332941400,2012-03-28 09:30,31.295,31.295,30.707495,30.945,10523032
1333027800,2012-03-29 09:30,30.76,30.935,30.58,30.879995,15858196
1333114200,2012-03-30 09:30,31.055,31.07,30.595,30.625,5967656
1333373400,2012-04-02 09:30,30.58,30.995005,30.555,30.89,9411024
1333459800,2012-04-03 09:30,30.894995,31.230005,30.8125,30.935,10138664
1333546200,2012-04-04 09:30,30.635,30.79,30.405,30.635,12863376
1333632600,2012-04-05 09:30,30.53,30.81,30.46,30.480005,15175946
1333978200,2012-04-09 09:30,29.985,30.26,29.861,30.207495,13862602
1334064600,2012-04-10 09:30,30.19,30.214995,29.365,29.385,19648016
1334151000,2012-04-11 09:30,29.72,29.894995,29.65,29.89,10238016
1334237400,2012-04-12 09:30,29.925005,30.345,29.815,30.275,11373796
1334323800,2012-04-13 09:30,30.129995,30.29,29.839995,29.935,14221930
1334583000,2012-04-16 09:30,30.1,30.275,29.675005,30.074995,14040570
1334669400,2012-04-17 09:30,30.375,30.817495,30.25965,30.675005,16848274
1334755800,2012-04-18 09:30,30.57,30.730005,30.405,30.625,12109226
1334842200,2012-04-19 09:30,30.574995,30.83,30.185,30.355005,13761210
1334928600,2012-04-20 09:30,30.504995,30.65,30.36,30.47,11066532
1335187800,2012-04-23 09:30,30.18,30.185,29.835,30.120005,8535882
1335274200,2012-04-24 09:30,30.045,30.050005,29.42,29.665,21829126
1335360600,2012-04-25 09:30,30.019995,30.305,29.935,30.269995,16498890
1335447000,2012-04-26 09:30,30.225,30.76,30.125,30.699995,13395266
1335533400,2012-04-27 09:30,30.82,31.3025,30.685,31.22,14503656
1335792600,2012-04-30 09:30,31.405,31.515,30.815,30.870005,13290570
1335879000,2012-05-01 09:30,30.765,31.295,30.68,30.714995,10152828
1335965400,2012-05-02 09:30,30.82,31.28,30.769995,31.214995,9800476
1336051800,2012-05-03 09:30,31.065,31.365,30.67,30.86,19113078
1336138200,2012-05-04 09:30,30.65,30.985,30.305,30.32,25209938
1336397400,2012-05-07 09:30,30.26,30.480005,30.15,30.185,14202734
1336483800,2012-05-08 09:30,29.925005,30.065,29.285005,29.839995,35664704
1336570200,2012-05-09 09:30,29.595,30.17,29.455,29.94,19104110
1336656600,2012-05-10 09:30,30.11,30.339995,29.86,30.105005,12969266
1336743000,2012-05-11 09:30,29.870005,30.355005,29.870005,29.96,11134352
1337002200,2012-05-14 09:30,29.699995,29.980005,29.535005,29.6,14092492
1337088600,2012-05-15 09:30,29.515,30.04,29.515,29.67,12732836
1337175000,2012-05-16 09:30,29.714995,29.97,29.51,29.525,20542688
1337261400,2012-05-17 09:30,29.714995,29.714995,28.495005,28.5,27297304
1337347800,2012-05-18 09:30,28.685,28.910005,28.385,28.585,25410430
1337607000,2012-05-21 09:30,28.74,29.199995,28.435,29.17,18362218
1337693400,2012-05-22 09:30,29.17,29.535005,29.015,29.195,14327446
1337779800,2012-05-23 09:30,29.04,29.61,28.980005,29.535005,14538914
1337866200,2012-05-24 09:30,29.585,29.635,29.31,29.550005,10051008
1337952600,2012-05-25 09:30,29.6,29.83,29.53,29.705,10388790
1338298200,2012-05-29 09:30,29.94,30,29.515,29.949995,25188140
1338384600,2012-05-30 09:30,29.625,29.65,29.269995,29.370005,12936398
1338471000,2012-05-31 09:30,29.355005,29.385,28.915,29.205,13263696
1338557400,2012-06-01 09:30,28.660005,28.894995,28.11505,28.265,26799032
1338816600,2012-06-04 09:30,28.265,28.47,27.92,28.335,17822562
1338903000,2012-06-05 09:30,28.230005,28.629995,28.195,28.565,14695492
1338989400,2012-06-06 09:30,28.699995,29.275,28.699995,29.24,13561734
1339075800,2012-06-07 09:30,29.53,29.615,28.730005,28.78,17464234
1339162200,2012-06-08 09:30,28.775,29.165,28.68,29.14,10520172
1339421400,2012-06-11 09:30,29.42,29.475,28.504995,28.545,14980680
1339507800,2012-06-12 09:30,28.69,29.04,28.515,29.019995,24638656
1339594200,2012-06-13 09:30,28.824995,28.894995,28.144995,28.25,24763164
1339680600,2012-06-14 09:30,28.305,28.83,28.235,28.725,17044946
1339767000,2012-06-15 09:30,28.695,29.04,28.589995,28.985,12276796
1340026200,2012-06-18 09:30,28.805,29.082495,28.620005,29.045,12100914
1340112600,2012-06-19 09:30,29.185,29.555,29.14,29.425005,14992390
1340199000,2012-06-20 09:30,29.47,29.6175,29.165,29.46,7583734
1340285400,2012-06-21 09:30,29.445,29.515,28.685,28.78,19563540
1340371800,2012-06-22 09:30,28.93,29.025,28.72,28.915,10959266
1340631000,2012-06-25 09:30,28.525,28.714995,28.33,28.43,9554632
1340717400,2012-06-26 09:30,28.49,28.805,28.18,28.714995,14199468
1340803800,2012-06-27 09:30,28.6,28.75,28.394995,28.574995,10555320
1340890200,2012-06-28 09:30,28.33,28.644995,28.1075,28.56,14717164
1340976600,2012-06-29 09:30,29.01,29.65,28.455,29.545,22323390
1341235800,2012-07-02 09:30,29.53,29.795,29.435,29.745005,10199304
1341322200,2012-07-03 09:30,29.78,30.055,29.589995,29.945,8676726
1341495000,2012-07-05 09:30,29.915,30.43,29.870005,30.26,11528054
1341581400,2012-07-06 09:30,29.975,30.15,29.83,30.004995,5474738
1341840600,2012-07-09 09:30,30.04,30.074995,29.730005,29.86,6114092
1341927000,2012-07-10 09:30,30.065,30.185,29.675005,29.81,9284282
1342013400,2012-07-11 09:30,29.81,29.835,29.324995,29.515,10429032
1342099800,2012-07-12 09:30,29.225,29.36,28.79,29.160005,13575086
1342186200,2012-07-13 09:30,29.269995,29.714995,29.269995,29.61,7323962
1342445400,2012-07-16 09:30,29.475,29.6,29.22995,29.435,7535542
1342531800,2012-07-17 09:30,29.565,29.75995,29.24,29.495005,9118188
1342618200,2012-07-18 09:30,29.445,29.985,29.379995,29.78,6597770
1342704600,2012-07-19 09:30,29.964995,30.089995,29.754995,29.92,4321668
1342791000,2012-07-20 09:30,29.785005,29.785005,29.410005,29.525,7869794
1343050200,2012-07-23 09:30,29.03,29.35,28.824995,29.17,11895406
1343136600,2012-07-24 09:30,29.230005,29.28,28.74,28.905,9877296
1343223000,2012-07-25 09:30,28.925005,28.97,28.61,28.730005,6964290
1343309400,2012-07-26 09:30,29.230005,29.36,28.79,29.08,6432004
1343395800,2012-07-27 09:30,29.32,29.955,29.315,29.800005,12430562
1343655000,2012-07-30 09:30,29.78,29.94,29.585,29.745005,5403848
1343741400,2012-07-31 09:30,29.595,29.83,29.435,29.555,5790854
1343827800,2012-08-01 09:30,29.714995,29.775,29.205,29.22,7294694
1343914200,2012-08-02 09:30,28.86,29.375,28.730005,29.015,11336704
1344000600,2012-08-03 09:30,29.51,29.76,29.475,29.695,6230344
1344259800,2012-08-06 09:30,29.894995,30.050005,29.78,29.870005,5222488
1344346200,2012-08-07 09:30,30.025,30.43,30.025,30.269995,11713148
1344432600,2012-08-08 09:30,30.15,30.4,30.070055,30.28,4579276
1344519000,2012-08-09 09:30,30.269995,30.33,30.147245,30.195,3218764
1344605400,2012-08-10 09:30,30.22,30.255995,29.800005,30.050005,6510640
1344864600,2012-08-13 09:30,29.99,30.089995,29.665,29.980005,4296866
1344951000,2012-08-14 09:30,30.155,30.295,29.97,30.04,9010102
1345037400,2012-08-15 09:30,30.045,30.21,29.925005,30.17,4916576
1345123800,2012-08-16 09:30,30.199995,30.540495,30.06,30.525,9683460
1345210200,2012-08-17 09:30,30.699995,30.835,30.565,30.730005,11368508
1345469400,2012-08-20 09:30,30.644995,30.754995,30.394995,30.545,8253750
1345555800,2012-08-21 09:30,30.65,30.875,30.519995,30.574995,6326390
1345642200,2012-08-22 09:30,30.485,30.714995,30.485,30.635,7413360
1345728600,2012-08-23 09:30,30.480005,30.480005,30.11,30.24,8277680
1345815000,2012-08-24 09:30,30.135,30.4225,30.115,30.345,4517508
1346074200,2012-08-27 09:30,30.464995,30.545,30.305,30.365,6282022
1346160600,2012-08-28 09:30,30.32,30.57,30.32,30.51,6095904
1346247000,2012-08-29 09:30,30.555,30.74,30.555,30.699995,3609212
1346333400,2012-08-30 09:30,30.660005,30.81665,30.51,30.61,6034608
1346419800,2012-08-31 09:30,30.805,30.815,30.43,30.61,4822306
1346765400,2012-09-04 09:30,30.61,30.93,30.43,30.855005,10241882
1346851800,2012-09-05 09:30,30.875,31.019995,30.754995,30.92,6933082
1346938200,2012-09-06 09:30,31.125,31.695,31.085,31.685,8409500
1347024600,2012-09-07 09:30,31.735,31.86,31.644995,31.76,8906578
1347283800,2012-09-10 09:30,31.71,31.879995,31.69,31.72,4351940
1347370200,2012-09-11 09:30,31.67,31.86,31.565,31.6,5769394
1347456600,2012-09-12 09:30,31.745005,31.964995,31.7195,31.894995,5490060
1347543000,2012-09-13 09:30,31.865,32.415,31.735,32.300005,8417046
1347629400,2012-09-14 09:30,32.42,32.735,32.365,32.565,6962406
1347888600,2012-09-17 09:30,32.6,32.6,32.2675,32.379995,5844894
1347975000,2012-09-18 09:30,32.28,32.31,31.925005,32.015,7294490
1348061400,2012-09-19 09:30,32.08,32.449995,32.01,32.33,6873052
1348147800,2012-09-20 09:30,32.21,32.33,31.975,32.24,7920068
1348234200,2012-09-21 09:30,32.32,32.472505,31.985,32.01,6941298
1348493400,2012-09-24 09:30,31.845,31.925005,31.714995,31.777495,6428552
1348579800,2012-09-25 09:30,31.83,31.949995,31.31,31.331595,8839438
1348666200,2012-09-26 09:30,31.155,31.425005,31.019995,31.235,5208546
1348752600,2012-09-27 09:30,31.324995,31.637495,31.144995,31.519995,6818090
1348839000,2012-09-28 09:30,31.39,31.449995,31.14,31.375,5538588
1349098200,2012-10-01 09:30,31.555,31.71,31.24,31.28,5213100
1349184600,2012-10-02 09:30,31.42,31.449995,30.985,31.105005,6988994
1349271000,2012-10-03 09:30,31.195,31.3925,31.08,31.285005,7207504
1349357400,2012-10-04 09:30,31.339995,31.800005,31.339995,31.775,11955476
1349443800,2012-10-05 09:30,31.96,32.18,31.730005,31.839995,5512978
1349703000,2012-10-08 09:30,31.735,32.050005,31.72,32.015,4641410
1349789400,2012-10-09 09:30,31.995005,32.015,31.43,31.46,7270794
1349875800,2012-10-10 09:30,31.5,31.615,31.285005,31.335,7734688
1349962200,2012-10-11 09:30,31.625,31.754995,31.275,31.305,8472438
1350048600,2012-10-12 09:30,31.295,31.42,31.044645,31.115,5758558
1350307800,2012-10-15 09:30,31.165,31.305,30.925005,31.285005,6162886
1350394200,2012-10-16 09:30,31.44,31.623705,31.345,31.519995,6578500
1350480600,2012-10-17 09:30,31.58,31.785005,31.394995,31.589995,8780742
1350567000,2012-10-18 09:30,31.6,31.824995,31.504995,31.655,7971174
1350653400,2012-10-19 09:30,31.605005,31.605005,30.97,31.105005,7895006
1350912600,2012-10-22 09:30,31.01,31.135,30.835,31.07,6459916
1350999000,2012-10-23 09:30,30.735,31.045,30.49,30.910005,8471914
1351085400,2012-10-24 09:30,31.08,31.089995,30.745005,30.79,5253150
1351171800,2012-10-25 09:30,31.01,31.019995,30.435,30.695,9008376
1351258200,2012-10-26 09:30,30.78,30.894995,30.415,30.81,6354678
1351690200,2012-10-31 09:30,30.89,31.19,30.75,31.155,7008936
1351776600,2012-11-01 09:30,31.185,31.8107,31.074995,31.735,10595946
1351863000,2012-11-02 09:30,31.96,31.97,31.345,31.3999,6450598
1352125800,2012-11-05 09:30,31.324995,31.565,31.240095,31.504995,3003472
1352212200,2012-11-06 09:30,31.68,32,31.644995,31.885,5839570
1352298600,2012-11-07 09:30,31.51,31.714995,31.16075,31.300005,8992758
1352385000,2012-11-08 09:30,31.225,31.29,30.54,30.620005,12652008
1352471400,2012-11-09 09:30,30.455,30.725,30.225,30.46,8812422
1352730600,2012-11-12 09:30,30.574995,30.584955,30.305,30.355005,4586778
1352817000,2012-11-13 09:30,30.269995,30.800005,30.24,30.455,7411442
1352903400,2012-11-14 09:30,30.735,30.845,30.035005,30.08,11347508
1352989800,2012-11-15 09:30,30.019995,30.21505,29.79,30.1,8129036
1353076200,2012-11-16 09:30,30.125,30.265,29.875,30.175005,9418766
1353335400,2012-11-19 09:30,30.685,30.94,30.39,30.925005,6185568
1353421800,2012-11-20 09:30,30.97,31.04,30.695,30.925005,5274946
1353508200,2012-11-21 09:30,31.015,31.1975,30.83,31.129995,2876480
1353681000,2012-11-23 09:30,31.305,31.629995,31.225,31.6,4379862
1353940200,2012-11-26 09:30,31.480005,31.554945,31.050005,31.295,11426218
1354026600,2012-11-27 09:30,31.144995,31.65,31.120005,31.370005,9066312
1354113000,2012-11-28 09:30,31.115,31.910005,31.06505,31.910005,11598648
1354199400,2012-11-29 09:30,31.660005,31.879995,31.54,31.68,10399546
1354285800,2012-11-30 09:30,31.655,31.754995,31.42,31.635,7046528
1354545000,2012-12-03 09:30,31.699995,31.875,31.44,31.519895,7553918
1354631400,2012-12-04 09:30,31.53,31.53,31.125,31.394995,9751836
1354717800,2012-12-05 09:30,31.32,31.53,31.065,31.275,5477592
1354804200,2012-12-06 09:30,31.345,31.53,31.17,31.370005,4874478
1354890600,2012-12-07 09:30,31.65,31.65,31.21,31.385,5481286
1355149800,2012-12-10 09:30,31.265,31.449995,31.129995,31.214995,12591094
1355236200,2012-12-11 09:30,31.385,31.665,31.230005,31.32,5590082
1355322600,2012-12-12 09:30,31.56,31.56,31.1,31.160005,7185608
1355409000,2012-12-13 09:30,31.285005,31.475,31.055,31.165,6829134
1355495400,2012-12-14 09:30,30.855005,31.245005,30.855005,31.035005,7455692
1355754600,2012-12-17 09:30,31.085,31.545,31.045,31.545,4902826
1355841000,2012-12-18 09:30,31.730005,32,31.54,31.85,12538000
1355927400,2012-12-19 09:30,31.815,32.089995,31.775,31.775,5002146
1356013800,2012-12-20 09:30,31.765,31.839995,31.57,31.715555,6892090
1356100200,2012-12-21 09:30,30.905,31.21,30.640055,31.14,11107000
1356359400,2012-12-24 09:30,31.254995,31.254995,31.065,31.085,806546
1356532200,2012-12-26 09:30,31.095,31.14,30.475,30.545,13902274
1356618600,2012-12-27 09:30,30.574995,30.644995,30.050005,30.61,12371492
1356705000,2012-12-28 09:30,30.365,30.725,30.300005,30.455,6809692
1356964200,2012-12-31 09:30,30.370005,31.230005,30.33,31.187895,8404484
1357137000,2013-01-02 09:30,32,32,31.25,31.425005,16615126
1357223400,2013-01-03 09:30,31.72,31.955,31.455,31.71,15569868
1357309800,2013-01-04 09:30,31.785005,32.050005,31.705,31.96,7407050
1357569000,2013-01-07 09:30,31.910005,31.910005,31.495005,31.615,7477574
1357655400,2013-01-08 09:30,31.56,31.675005,31.370005,31.49,6801776
1357741800,2013-01-09 09:30,31.53,31.68,31.44,31.51,9643296
1357828200,2013-01-10 09:30,31.44,31.547995,31.245005,31.525,14423610
1357914600,2013-01-11 09:30,31.49,31.545,31.332495,31.519995,11386610
1358173800,2013-01-14 09:30,31.550005,31.644995,31.165,31.61,18084632
1358260200,2013-01-15 09:30,31.475,32.339995,31.475,32.269995,28101820
1358346600,2013-01-16 09:30,32.125,32.49,32.125,32.375,8149514
1358433000,2013-01-17 09:30,32.49,32.67495,32.435,32.589995,16491766
1358519400,2013-01-18 09:30,32.49,32.785005,32.445,32.754995,12822282
1358865000,2013-01-22 09:30,32.76,32.795,32.585,32.79,9881054
1358951400,2013-01-23 09:30,32.629995,32.85,32.629995,32.815,5377660
1359037800,2013-01-24 09:30,33.11,33.47,32.97,33.095,15998102
1359124200,2013-01-25 09:30,33.185,33.565,33.185,33.565,15844382
1359383400,2013-01-28 09:30,33.49,33.567495,33.28,33.495005,10405836
1359469800,2013-01-29 09:30,33.485,33.54,33.195,33.54,10641062
1359556200,2013-01-30 09:30,33.56,33.56,33.1,33.225,10790360
1359642600,2013-01-31 09:30,33.11,33.565,33.11,33.525,13564304
1359729000,2013-02-01 09:30,33.765,33.765,33.405,33.57,16232554
1359988200,2013-02-04 09:30,33.32,33.49,33.11,33.185,12614968
1360074600,2013-02-05 09:30,33.295,33.925005,33.24,33.785005,23475500
1360161000,2013-02-06 09:30,33.714995,33.975,33.6,33.89,7575322
1360247400,2013-02-07 09:30,33.955,34.03,33.455,33.735,14255820
1360333800,2013-02-08 09:30,33.89,34.019995,33.78,34,9041148
1360593000,2013-02-11 09:30,34.04,34.04,33.824995,33.89,9124852
1360679400,2013-02-12 09:30,34.125,34.125,33.839995,33.910005,7877492
1360765800,2013-02-13 09:30,33.964995,34.135,33.769995,33.865,14098086
1360852200,2013-02-14 09:30,33.76,33.995005,33.58,33.865,12168078
1360938600,2013-02-15 09:30,33.74,34.300005,33.47,33.735,32316790
1361284200,2013-02-19 09:30,34.07,34.480005,33.915,34.345,22507562
1361370600,2013-02-20 09:30,34.365,34.455,33.74,33.78,23825704
1361457000,2013-02-21 09:30,33.725,34.04,33.495005,33.655,17868290
1361543400,2013-02-22 09:30,33.65,33.805,33.394995,33.655,11412968
1361802600,2013-02-25 09:30,33.82,33.82,32.96,32.96,16920680
1361889000,2013-02-26 09:30,33.129995,33.3275,32.74,33.095,18906554
1361975400,2013-02-27 09:30,33.129995,33.769995,33.129995,33.629995,11413454
1362061800,2013-02-28 09:30,33.56,33.8425,33.435,33.545,7969240
1362148200,2013-03-01 09:30,33.394995,33.735,33.33,33.714995,9851632
1362407400,2013-03-04 09:30,33.545,34.015,33.545,33.96,11798046
1362493800,2013-03-05 09:30,34.035005,34.417505,34.035005,34.339995,11211196
1362580200,2013-03-06 09:30,34.410005,34.455,34.1425,34.22,5124908
1362666600,2013-03-07 09:30,34.300005,34.519995,34.25,34.43,9543468
1362753000,2013-03-08 09:30,34.5,34.775,34.4,34.754995,5119568
1363008600,2013-03-11 09:30,34.49,34.777495,34.49,34.730005,10010368
1363095000,2013-03-12 09:30,34.72,34.804255,34.555,34.635,6223774
1363181400,2013-03-13 09:30,34.795,35.135,34.725,35.095,14349180
1363267800,2013-03-14 09:30,35.19,35.405,35.169745,35.32,14166664
1363354200,2013-03-15 09:30,35.089995,35.335,35,35.17,5749800
1363613400,2013-03-18 09:30,34.910005,35.160005,34.845,35.025,4036184
1363699800,2013-03-19 09:30,35.18,35.18,34.355005,34.675005,12263554
1363786200,2013-03-20 09:30,34.85,35.26,34.85,35.19,6710104
1363872600,2013-03-21 09:30,35.115,35.14,34.6775,34.870005,7489072
1363959000,2013-03-22 09:30,35.115,35.224295,34.96,35.129995,3155702
1364218200,2013-03-25 09:30,35.285005,35.405,34.96,35.135,9011344
1364304600,2013-03-26 09:30,35.15,35.225,34.94,35.144995,4501120
1364391000,2013-03-27 09:30,34.96,35.129995,34.824995,35.08,3839798
1364477400,2013-03-28 09:30,35.15,35.24,35.015,35.195,10801008
1364823000,2013-04-01 09:30,35.21,35.25,34.765,34.815,5547082
1364909400,2013-04-02 09:30,35.015,35.120005,34.845,34.905,5601156
1364995800,2013-04-03 09:30,35.085,35.085,34.379995,34.495005,9311180
1365082200,2013-04-04 09:30,34.4,35.095,34.4,35.085,7956466
1365168600,2013-04-05 09:30,34.57,35.08,34.47,35.065,5052054
1365427800,2013-04-08 09:30,35.214995,35.365,34.945,35.365,4365972
1365514200,2013-04-09 09:30,35.455,35.475,35.06,35.15,4164388
1365600600,2013-04-10 09:30,35.165,35.775,35.089995,35.769995,5334106
1365687000,2013-04-11 09:30,36.129995,36.6975,35.905,36.485,14043132
1365773400,2013-04-12 09:30,36.18,36.5775,36.18,36.51,15175954
1366032600,2013-04-15 09:30,36.254995,36.394995,35.230005,35.339995,15471632
1366119000,2013-04-16 09:30,35.515,35.735,35.415,35.71,8361876
1366205400,2013-04-17 09:30,35.550005,35.635,34.879995,35.185,6553936
1366291800,2013-04-18 09:30,35.31,35.375,34.675005,34.824995,11438742
1366378200,2013-04-19 09:30,34.9,35.295,34.79,35.235,10072640
1366637400,2013-04-22 09:30,35.17,35.449995,34.910005,35.362505,5998090
1366723800,2013-04-23 09:30,35.585,35.845,35.410005,35.78,5239400
1366810200,2013-04-24 09:30,35.78,36.074995,35.660005,36.07,5149616
1366896600,2013-04-25 09:30,36.24,36.870005,36.175005,36.655,10662664
1366983000,2013-04-26 09:30,36.535005,36.625,36.365,36.51,6833298
1367242200,2013-04-29 09:30,36.445,36.714995,36.445,36.51,12484710
1367328600,2013-04-30 09:30,36.51,36.754995,36.464995,36.735,5065988
1367415000,2013-05-01 09:30,36.6,36.775,36.225,36.26,6400876
1367501400,2013-05-02 09:30,36.105005,36.7125,36.105005,36.685,4254830
1367587800,2013-05-03 09:30,36.75,37.47,36.75,37.269995,7329798
1367847000,2013-05-06 09:30,37.28,37.3925,37.144995,37.254995,7590186
1367933400,2013-05-07 09:30,37.47,37.625,37.112505,37.625,5627020
1368019800,2013-05-08 09:30,37.595,37.775,37.495005,37.695,4390556
1368106200,2013-05-09 09:30,37.82,37.955,37.589995,37.685,5915892
1368192600,2013-05-10 09:30,37.75,38.225,37.74,38.225,10604930
1368451800,2013-05-13 09:30,38.254995,38.28,37.980005,38.085,4114190
1368538200,2013-05-14 09:30,38.175005,38.695,38.105005,38.67,5279366
1368624600,2013-05-15 09:30,38.71,39.0325,38.6,38.885,8854750
1368711000,2013-05-16 09:30,39.235,39.235,38.275,38.464995,21601460
1368797400,2013-05-17 09:30,38.464995,38.99,38.455,38.875,35880320
1369056600,2013-05-20 09:30,38.75,39.199995,38.75,39.055,5443972
1369143000,2013-05-21 09:30,39.18,39.475,39.129995,39.339995,4354574
1369229400,2013-05-22 09:30,39.455,39.78,38.79,38.964995,9328828
1369315800,2013-05-23 09:30,38.64,39.214995,38.64,39.165,5969498
1369402200,2013-05-24 09:30,38.775,38.839995,38.495005,38.795,6745526
1369747800,2013-05-28 09:30,39.165,39.44,38.879995,38.995005,6667810
1369834200,2013-05-29 09:30,38.885,38.980005,38.555,38.76,4788714
1369920600,2013-05-30 09:30,38.824995,39.155,38.78005,38.894995,3988564
1370007000,2013-05-31 09:30,38.894995,39.31,38.785005,38.800005,5023514
1370266200,2013-06-03 09:30,38.99,38.99,38.36,38.855005,8178546
1370352600,2013-06-04 09:30,38.92,39.06,38.385,38.71,9038906
1370439000,2013-06-05 09:30,38.550005,38.859,38.230345,38.275,11426390
1370525400,2013-06-06 09:30,38.324995,38.550005,37.94,38.545,6898014
1370611800,2013-06-07 09:30,38.855005,39.230005,38.8025,39.160005,6086284
1370871000,2013-06-10 09:30,39.295,39.410005,39.115,39.275,4943184
1370957400,2013-06-11 09:30,38.964995,39.214995,38.545,38.865,6472054
1371043800,2013-06-12 09:30,39.165,39.199995,38.345,38.405,10090460
1371130200,2013-06-13 09:30,38.475,39.08,38.425005,39.035005,5216726
1371216600,2013-06-14 09:30,38.975,39.269995,38.714995,38.81,8010054
1371475800,2013-06-17 09:30,38.975,39.230005,38.79,39.03,8627828
1371562200,2013-06-18 09:30,38.96,39.3975,38.96,39.394995,11364290
1371648600,2013-06-19 09:30,39.445,39.445,38.925005,38.935,6491388
1371735000,2013-06-20 09:30,38.455,38.574995,37.824995,37.945,10119376
1371821400,2013-06-21 09:30,37.99,38.115,37.4,37.75,16607078
1372080600,2013-06-24 09:30,37.39,37.625,36.925005,37.295,10019726
1372167000,2013-06-25 09:30,37.555,37.775,37.355005,37.64,3441660
1372253400,2013-06-26 09:30,38.04,38.14,37.725,37.894995,5013076
1372339800,2013-06-27 09:30,38.17,38.39585,38.0925,38.285005,3973588
1372426200,2013-06-28 09:30,38.254995,38.519995,38.17,38.305,5142530
1372685400,2013-07-01 09:30,38.53,38.915,38.525,38.67,3266726
1372771800,2013-07-02 09:30,38.61,39.01,38.504995,38.725,2556940
1372858200,2013-07-03 09:30,38.625,38.887495,38.4,38.795,1764878
1373031000,2013-07-05 09:30,39.08,39.32,38.620005,39.295,3132512
1373290200,2013-07-08 09:30,39.474,39.845,39.339995,39.795,6702832
1373376600,2013-07-09 09:30,40.035005,40.205,39.887495,40.115,4809808
1373463000,2013-07-10 09:30,40.160005,40.24,39.97,40.17,6308356
1373549400,2013-07-11 09:30,40.6,40.629995,40.339995,40.504995,8974516
1373635800,2013-07-12 09:30,40.5,40.545,40.33,40.405,7971578
1373895000,2013-07-15 09:30,40.43,40.629995,40.315,40.61,3368492
1373981400,2013-07-16 09:30,40.660005,40.675005,40.195,40.33,8275250
1374067800,2013-07-17 09:30,40.58,40.58,40.214995,40.32,4177528
1374154200,2013-07-18 09:30,40.47,40.775,40.365,40.585,3204544
1374240600,2013-07-19 09:30,40.515,40.585,40.265,40.44,6718762
1374499800,2013-07-22 09:30,40.36,40.574995,40.31,40.495005,2935348
1374586200,2013-07-23 09:30,40.629995,40.714995,40.370005,40.44,2814892
1374672600,2013-07-24 09:30,40.65,40.65,40.045,40.175005,4760132
1374759000,2013-07-25 09:30,40.115,40.65,40.115,40.629995,8658218
1374845400,2013-07-26 09:30,40.595,40.655,40.19,40.64,4573586
1375104600,2013-07-29 09:30,40.464995,40.68,40.405,40.574995,6746254
1375191000,2013-07-30 09:30,40.78,40.785005,40.525,40.72,3925262
1375277400,2013-07-31 09:30,40.935,41.185,40.805,40.839995,5215622
1375363800,2013-08-01 09:30,41.074995,41.53,41.074995,41.485,5459184
1375450200,2013-08-02 09:30,41.410005,41.595,41.225,41.550005,3450204
1375709400,2013-08-05 09:30,41.525,41.620005,41.385,41.495005,5799664
1375795800,2013-08-06 09:30,41.305,41.345,40.57,40.985,6523078
1375882200,2013-08-07 09:30,40.675005,40.795,40.305,40.39,7586332
1375968600,2013-08-08 09:30,40.745005,40.92,40.504995,40.765,4927228
1376055000,2013-08-09 09:30,40.785005,40.884905,40.445,40.71,4096426
1376314200,2013-08-12 09:30,40.64,40.949995,40.335,40.894995,4429356
1376400600,2013-08-13 09:30,41,41.152495,40.69,41.115,6805528
1376487000,2013-08-14 09:30,40.855005,41.095,40.79,40.823995,5038298
1376573400,2013-08-15 09:30,40.435,40.449995,39.975,40.015,10759070
1376659800,2013-08-16 09:30,39.935,40.1155,39.675005,39.705,7274618
1376919000,2013-08-19 09:30,39.595,39.955,39.455,39.464995,5840446
1377005400,2013-08-20 09:30,39.79,40.160005,39.644995,40.07,6711512
1377091800,2013-08-21 09:30,39.754995,39.9,39.274,39.51,13340110
1377178200,2013-08-22 09:30,39.6,39.69,39.33,39.57,8219618
1377264600,2013-08-23 09:30,39.574995,39.695,39.135,39.445,8250688
1377523800,2013-08-26 09:30,39.464995,39.79,39.355005,39.42,10089102
1377610200,2013-08-27 09:30,39.08,39.175005,38.620005,38.68,13324446
1377696600,2013-08-28 09:30,38.65,39.095,38.65,38.894995,6588910
1377783000,2013-08-29 09:30,38.894995,39.339995,38.795,39.235,7644316
1377869400,2013-08-30 09:30,39.339995,39.339995,38.800005,38.94,4943632
1378215000,2013-09-03 09:30,39.449995,39.515,38.855005,39.045,6923330
1378301400,2013-09-04 09:30,38.935,39.4625,38.93,39.345,4777756
1378387800,2013-09-05 09:30,39.519995,39.71,39.39,39.574995,6008886
1378474200,2013-09-06 09:30,39.675005,39.705,39,39.375,5716746
1378733400,2013-09-09 09:30,39.46,40.085,39.46,40.025,4778440
1378819800,2013-09-10 09:30,40.339995,40.47,40.11,40.445,4189598
1378906200,2013-09-11 09:30,40.425005,40.595,40.33,40.545,3794468
1378992600,2013-09-12 09:30,40.39,40.565,40.085,40.18,5129816
1379079000,2013-09-13 09:30,40.29,40.43,40.155,40.379995,3058578
1379338200,2013-09-16 09:30,40.615,40.805,40.426005,40.445,3038786
1379424600,2013-09-17 09:30,40.54,40.904055,40.53505,40.879995,4620980
1379511000,2013-09-18 09:30,40.894995,41.43,40.5605,41.32,6129648
1379597400,2013-09-19 09:30,41.415,41.6,41.34725,41.410005,4545246
1379683800,2013-09-20 09:30,41.410005,41.449995,41.057505,41.15,7264786
1379943000,2013-09-23 09:30,41.15,41.18,40.78,40.995005,5597716
1380029400,2013-09-24 09:30,41.120005,41.360495,40.835,41.125,3989696
1380115800,2013-09-25 09:30,41.25,41.305,40.795,40.96,10647524
1380202200,2013-09-26 09:30,41.105005,41.495005,41.04,41.199995,9182992
1380288600,2013-09-27 09:30,41.085,41.2909,40.96,41.19,5847324
1380547800,2013-09-30 09:30,40.685,41.17,40.65,41.009005,4807762
1380634200,2013-10-01 09:30,41.03,41.61,40.955,41.464995,7877042
1380720600,2013-10-02 09:30,41.25,41.550005,40.99,41.464995,5781016
1380807000,2013-10-03 09:30,41.405,41.56,40.925005,41.11,5491460
1380893400,2013-10-04 09:30,41.225,41.435,40.949995,41.375,4097576
1381152600,2013-10-07 09:30,41.045,41.06,40.644995,40.660005,6466784
1381239000,2013-10-08 09:30,40.655,40.69,39.870005,39.875,10808156
1381325400,2013-10-09 09:30,40.135,40.135,39.550005,39.855005,8007270
1381411800,2013-10-10 09:30,40.295,40.665,40.269995,40.635,5804280
1381498200,2013-10-11 09:30,40.5,40.9,40.39,40.875,6614596
1381757400,2013-10-14 09:30,40.425005,41.07,40.425005,41.025,4507634
1381843800,2013-10-15 09:30,40.870005,41.045,40.565,40.67,7413238
1381930200,2013-10-16 09:30,40.855005,41.379995,40.855005,41.36,9949968
1382016600,2013-10-17 09:30,41.29,41.550005,41.134805,41.535005,6848590
1382103000,2013-10-18 09:30,41.75,41.96,41.585,41.925005,6334180
1382362200,2013-10-21 09:30,41.845,41.97505,41.72,41.9,3397212
1382448600,2013-10-22 09:30,42.04,42.315,41.692495,41.805,6081044
1382535000,2013-10-23 09:30,41.74,41.805,41.394995,41.705,3328314
1382621400,2013-10-24 09:30,41.655,41.955,41.44,41.94,4862364
1382707800,2013-10-25 09:30,41.905,42.074995,41.765,41.980005,3930668
1382967000,2013-10-28 09:30,42.4,42.4,41.855,42.015,4001252
1383053400,2013-10-29 09:30,42.245,42.335,42,42.315,3002274
1383139800,2013-10-30 09:30,42.38,42.52,41.7745,42.025,4458354
1383226200,2013-10-31 09:30,42,42.325,41.855,42.085,4942062
1383312600,2013-11-01 09:30,42.185,42.36,41.945,42.275,3067932
1383575400,2013-11-04 09:30,42.475,42.6725,42.37,42.64,4989558
1383661800,2013-11-05 09:30,42.685,42.8075,42.18,42.695,4515096
1383748200,2013-11-06 09:30,42.77,42.815,42.235,42.35,5513288
1383834600,2013-11-07 09:30,42.44,42.65,41.795,41.84,11516822
1383921000,2013-11-08 09:30,41.97,42.435,41.815,42.435,6906762
1384180200,2013-11-11 09:30,42.325,42.905,42.325,42.86,3913288
1384266600,2013-11-12 09:30,42.825,43.14,42.755,43.09,8944394
1384353000,2013-11-13 09:30,43,43.685,43,43.655,12298860
1384439400,2013-11-14 09:30,43.52,43.795,43.375,43.745,7271516
1384525800,2013-11-15 09:30,43.945,44.04,43.65,44.015,5412300
1384785000,2013-11-18 09:30,44.2,44.2,43.585,43.745,11235336
1384871400,2013-11-19 09:30,43.74,44.07,43.34,43.42,11396686
1384957800,2013-11-20 09:30,43.55,43.8,43.27,43.435,9059460
1385044200,2013-11-21 09:30,43.36,43.885,43.265,43.775,5171780
1385130600,2013-11-22 09:30,43.79,43.79,43.51,43.735,4956134
1385389800,2013-11-25 09:30,43.89,43.9537,43.76,43.825,4980626
1385476200,2013-11-26 09:30,43.875,44.235,43.875,44.045,2812906
1385562600,2013-11-27 09:30,44.32,44.42,44.075,44.27,2347098
1385735400,2013-11-29 09:30,44.395,44.475,44.195,44.23,3432662
1385994600,2013-12-02 09:30,44.23,44.325,43.8275,43.935,8615974
1386081000,2013-12-03 09:30,43.855,43.9725,43.655,43.9,4717574
1386167400,2013-12-04 09:30,43.65,43.9,43.15,43.51,11526802
1386253800,2013-12-05 09:30,43.305,43.66,43.305,43.375,12833376
1386340200,2013-12-06 09:30,43.655,43.67,43.09,43.125,7874554
1386599400,2013-12-09 09:30,43.25,43.405,43.08,43.195,3967946
1386685800,2013-12-10 09:30,43.005,43.28,42.96,43.01,3526886
1386772200,2013-12-11 09:30,42.95,43.21,42.71,42.73,5858300
1386858600,2013-12-12 09:30,42.805,42.87,42.55,42.66,6095204
1386945000,2013-12-13 09:30,42.96,42.96,42.57,42.72,4820660
1387204200,2013-12-16 09:30,42.815,43.085,42.775,42.905,4182768
1387290600,2013-12-17 09:30,42.865,43.015,42.665,42.72,4139990
1387377000,2013-12-18 09:30,42.86,43.465,42.46,43.45,18286262
1387463400,2013-12-19 09:30,43.3,43.435,43.11,43.225,8966272
1387549800,2013-12-20 09:30,43.08,43.665,43,43.57,11726696
1387809000,2013-12-23 09:30,43.65,43.91,43.59,43.77,4265946
1387895400,2013-12-24 09:30,43.705,43.98,43.705,43.855,2495680
1388068200,2013-12-26 09:30,43.99,44.18925,43.94,44.105,1779660
1388154600,2013-12-27 09:30,44.205,44.213,43.765,43.785,5772844
1388413800,2013-12-30 09:30,43.86,44.125,43.685,44.005,3488150
1388500200,2013-12-31 09:30,44.05,44.21,43.94,44.05,3501892
1388673000,2014-01-02 09:30,43.96,44.13,43.645,43.72,3496036
1388759400,2014-01-03 09:30,43.69,43.955,43.6425,43.8,4769686
1389018600,2014-01-06 09:30,43.75,43.925,43.335,43.38,5658254
1389105000,2014-01-07 09:30,43.535,43.705,43.26,43.45,7025262
1389191400,2014-01-08 09:30,43.405,43.45,43.085,43.245,5277246
1389277800,2014-01-09 09:30,43.34,43.34,42.655,42.905,7345956
1389364200,2014-01-10 09:30,42.91,43.035,42.645,42.92,6073146
1389623400,2014-01-13 09:30,42.725,42.74995,41.61,41.68,14966058
1389709800,2014-01-14 09:30,41.94,42.24,41.635,42.155,7893890
1389796200,2014-01-15 09:30,42.175,42.3,41.93,42.01,4073560
1389882600,2014-01-16 09:30,41.685,41.8225,41.46,41.675,12881566
1389969000,2014-01-17 09:30,41.675,41.74,41.4125,41.485,6547330
1390314600,2014-01-21 09:30,41.92,41.92,41.22,41.405,6222240
1390401000,2014-01-22 09:30,41.425,41.525,41.29,41.46,4637214
1390487400,2014-01-23 09:30,41.25,41.335,40.955,41.195,4544196
1390573800,2014-01-24 09:30,40.875,40.985,40.475,40.475,7971608
1390833000,2014-01-27 09:30,40.43,40.75125,39.92,40.38,11266552
1390919400,2014-01-28 09:30,40.19,40.71005,40.19,40.445,6044640
1391005800,2014-01-29 09:30,39.835,40.345,39.76,39.775,6696338
1391092200,2014-01-30 09:30,40.01,40.315,39.94,40.105,7477382
1391178600,2014-01-31 09:30,39.615,40.165,39.525,39.925,6068036
1391437800,2014-02-03 09:30,39.915,39.925,38.6362,38.735,10714566
1391524200,2014-02-04 09:30,39.04,39.2575,38.775,38.935,7714134
1391610600,2014-02-05 09:30,38.87,39.14,38.4,39.06,8929986
1391697000,2014-02-06 09:30,39.23,40.005,39.23,40,14212450
1391783400,2014-02-07 09:30,40.17,40.585,40.075,40.37,8974852
1392042600,2014-02-10 09:30,40.275,40.375,39.975,40.295,6866128
1392129000,2014-02-11 09:30,40.42,40.72,40.29,40.575,5958982
1392215400,2014-02-12 09:30,40.725,40.875,40.375,40.52,6355876
1392301800,2014-02-13 09:30,40.15,40.775,40.095,40.72,5590762
1392388200,2014-02-14 09:30,40.53,40.69,40.33,40.61,5633522
1392733800,2014-02-18 09:30,40.685,40.905,40.44,40.865,6382582
1392820200,2014-02-19 09:30,40.96,41.3625,40.96,41.02,7510530
1392906600,2014-02-20 09:30,41.135,41.19,40.9,41.005,7103618
1392993000,2014-02-21 09:30,41.085,41.27,40.985,41.14,7778660
1393252200,2014-02-24 09:30,41.05,41.55,41.05,41.29,4204290
1393338600,2014-02-25 09:30,41.205,41.89,41.205,41.82,7330356
1393425000,2014-02-26 09:30,42.02,42.7925,42.02,42.605,12943996
1393511400,2014-02-27 09:30,42.545,42.97125,42.525,42.87,8251492
1393597800,2014-02-28 09:30,42.84,43.09,42.5525,42.815,10157314
1393857000,2014-03-03 09:30,42.43,42.845,42.28,42.66,7865258
1393943400,2014-03-04 09:30,43.04,43.495,43.025,43.42,7068662
1394029800,2014-03-05 09:30,43.325,43.45,43.14,43.265,4813772
1394116200,2014-03-06 09:30,43.105,43.355,42.91,43.195,7200438
1394202600,2014-03-07 09:30,43.445,43.765,43.33,43.545,4455462
1394458200,2014-03-10 09:30,43.695,43.695,43.23,43.575,3636464
1394544600,2014-03-11 09:30,43.51,43.62,43.205,43.31,5072654
1394631000,2014-03-12 09:30,43.33,43.33,42.93,43.3,5212096
1394717400,2014-03-13 09:30,43.345,43.555,42.6825,42.79,5986464
1394803800,2014-03-14 09:30,43.02,43.135,42.595,42.86,6385094
1395063000,2014-03-17 09:30,43.21,43.305,42.98995,43.13,3436186
1395149400,2014-03-18 09:30,43.18,43.425,43.025,43.335,3905048
1395235800,2014-03-19 09:30,43.33,43.335,42.773,43.06,3337208
1395322200,2014-03-20 09:30,42.93,43.1275,42.84,43.03,3610032
1395408600,2014-03-21 09:30,43.3,43.495,42.995,43.015,7965934
1395667800,2014-03-24 09:30,43.22,43.22,42.32,42.59,3823342
1395754200,2014-03-25 09:30,42.625,42.875,41.9975,42.15,9297702
1395840600,2014-03-26 09:30,42.365,42.49,41.645,41.67,12511314
1395927000,2014-03-27 09:30,41.62,41.83,41.345,41.555,11684160
1396013400,2014-03-28 09:30,41.59,42.22,41.505,41.92,6720148
1396272600,2014-03-31 09:30,42.07,42.27,42.02,42.125,11002900
1396359000,2014-04-01 09:30,42.19,42.79,42.1625,42.75,6068414
1396445400,2014-04-02 09:30,42.71,43.425,42.71,43.37,6848268
1396531800,2014-04-03 09:30,43.365,43.585,42.99,43.245,9486116
1396618200,2014-04-04 09:30,43.35,43.56,42.34,42.45,5277896
1396877400,2014-04-07 09:30,42.41,42.475,41.261,41.505,6827982
1396963800,2014-04-08 09:30,41.675,42.0125,41.38,41.945,4781114
1397050200,2014-04-09 09:30,42.1,42.31,41.75,42.31,3917820
1397136600,2014-04-10 09:30,42.21,42.37,41.115,41.135,7590902
1397223000,2014-04-11 09:30,40.7,41.085,40.375,40.555,9262012
1397482200,2014-04-14 09:30,40.805,41.11,40.43,40.755,4704614
1397568600,2014-04-15 09:30,40.71,41.12,40.09,40.785,8080308
1397655000,2014-04-16 09:30,41.115,41.255,40.765,41,8622882
1397741400,2014-04-17 09:30,41.045,41.11,40.775,40.965,9672552
1398087000,2014-04-21 09:30,41.01,41.19,40.88,41.085,3450998
1398173400,2014-04-22 09:30,40.855,41.77,40.855,41.595,4207420
1398259800,2014-04-23 09:30,41.55,41.87,41.43,41.57,2479608
1398346200,2014-04-24 09:30,41.75,41.82995,41.29,41.65,3572242
1398432600,2014-04-25 09:30,41.365,41.565,41.025,41.135,3652212
1398691800,2014-04-28 09:30,41.24,41.925,40.96505,41.535,7410546
1398778200,2014-04-29 09:30,41.515,41.83,41.465,41.71,6017988
1398864600,2014-04-30 09:30,41.645,41.775,41.3,41.76,4337072
1398951000,2014-05-01 09:30,41.72,42.09,41.62,41.78,5008288
1399037400,2014-05-02 09:30,41.945,42.42,41.715,41.99,3842486
1399296600,2014-05-05 09:30,41.935,41.965,41.48,41.805,3317852
1399383000,2014-05-06 09:30,41.71,41.77,41.075,41.095,6092512
1399469400,2014-05-07 09:30,40.985,41.03,40.315,40.665,5270250
1399555800,2014-05-08 09:30,40.74,41.68,40.73,40.9,8419758
1399642200,2014-05-09 09:30,41.11,41.635,40.875,41.63,5340688
1399901400,2014-05-12 09:30,41.74,42.49,41.575,42.44,4840316
1399987800,2014-05-13 09:30,42.44,42.615,42.185,42.255,3081480
1400074200,2014-05-14 09:30,42.22,42.285,41.635,41.675,4680382
1400160600,2014-05-15 09:30,41.455,41.53,40.79,41.185,5508236
1400247000,2014-05-16 09:30,41.43,41.79,41.25,41.785,4010692
1400506200,2014-05-19 09:30,41.685,41.98,41.615,41.95,1571906
1400592600,2014-05-20 09:30,41.585,41.6076,40.79,40.915,5394680
1400679000,2014-05-21 09:30,41.035,41.3,40.63,40.995,5750694
1400765400,2014-05-22 09:30,41.065,41.59,40.935,41.435,4268262
1400851800,2014-05-23 09:30,41.3,41.69,41.285,41.615,1910764
1401197400,2014-05-27 09:30,41.785,42.03,41.785,41.85,5640920
1401283800,2014-05-28 09:30,41.615,41.7396,41.345,41.465,3136446
1401370200,2014-05-29 09:30,41.515,41.73,41.355,41.72,1598616
1401456600,2014-05-30 09:30,41.7,41.9881,41.695,41.89,6878454
1401715800,2014-06-02 09:30,42.015,42.04,41.58,41.78,2712474
1401802200,2014-06-03 09:30,41.625,41.98,41.54,41.9,2189626
1401888600,2014-06-04 09:30,41.655,42.295,41.655,42.22,2139118
1401975000,2014-06-05 09:30,42.3,42.59,41.82,42.5,4481600
1402061400,2014-06-06 09:30,42.59,43,42.58,42.75,2431312
1402320600,2014-06-09 09:30,42.965,43.215,42.785,42.875,1808716
1402407000,2014-06-10 09:30,42.765,42.965,42.73,42.855,1272068
1402493400,2014-06-11 09:30,42.755,42.85,42.58,42.78,2869554
1402579800,2014-06-12 09:30,42.45,42.665,42.105,42.205,4144768
1402666200,2014-06-13 09:30,42.295,42.5,42.0925,42.435,7386382
1402925400,2014-06-16 09:30,42.435,42.805,42.355,42.77,3750078
1403011800,2014-06-17 09:30,42.775,43.21,42.765,43.14,6153220
1403098200,2014-06-18 09:30,43.155,43.46,43.0775,43.425,2873352
1403184600,2014-06-19 09:30,43.38,43.66,43.1775,43.225,2837898
1403271000,2014-06-20 09:30,43.455,43.455,43,43.115,3053214
1403530200,2014-06-23 09:30,43.18,43.27,43.06,43.165,2979930
1403616600,2014-06-24 09:30,43.135,43.39,42.8275,42.865,2938498
1403703000,2014-06-25 09:30,42.85,43.145,42.805,43.06,2253942
1403789400,2014-06-26 09:30,43.06,43.125,42.67,43.035,1917506
1403875800,2014-06-27 09:30,43.035,43.29,42.865,43.275,2561348
1404135000,2014-06-30 09:30,43.5,43.5,43.085,43.4,2588360
1404221400,2014-07-01 09:30,43.47,43.9,43.445,43.735,2783334
1404307800,2014-07-02 09:30,43.775,44.085,43.73,43.75,1658022
1404394200,2014-07-03 09:30,44.1,44.365,43.99,44.325,2052828
1404739800,2014-07-07 09:30,44.23,44.32,43.795,43.815,2015486
1404826200,2014-07-08 09:30,43.765,43.82,43.25,43.365,6531904
1404912600,2014-07-09 09:30,43.46,43.71,43.45,43.675,3649080
1404999000,2014-07-10 09:30,43.16,43.395,42.8545,43.14,6719130
1405085400,2014-07-11 09:30,43.09,43.09,42.68,42.905,4855676
1405344600,2014-07-14 09:30,43.1,43.155,42.81,42.89,3509846
1405431000,2014-07-15 09:30,42.905,43.05,42.47,42.62,6237936
1405517400,2014-07-16 09:30,42.795,42.875,42.32,42.465,9197752
1405603800,2014-07-17 09:30,42.23,42.42,41.8955,41.935,5813276
1405690200,2014-07-18 09:30,42.035,42.72,41.885,42.685,11606088
1405949400,2014-07-21 09:30,42.505,42.59,42.235,42.38,5977546
1406035800,2014-07-22 09:30,42.55,42.59,42.275,42.275,5211860
1406122200,2014-07-23 09:30,42.145,42.525,42.145,42.39,3950482
1406208600,2014-07-24 09:30,42.415,42.795,42.415,42.665,4913074
1406295000,2014-07-25 09:30,42.495,42.575,42.145,42.165,3478928
1406554200,2014-07-28 09:30,42.265,42.34,41.955,42.12,3560126
1406640600,2014-07-29 09:30,42.17,42.41,42.09,42.12,2479234
1406727000,2014-07-30 09:30,42.3,42.605,42.19,42.535,4797318
1406813400,2014-07-31 09:30,42.34,42.42,41.85,41.925,5409914
1406899800,2014-08-01 09:30,41.785,42.17,41.52,41.82,3648380
1407159000,2014-08-04 09:30,41.985,42.39,41.865,42.285,2601894
1407245400,2014-08-05 09:30,42,42.525,41.835,42.135,3873902
1407331800,2014-08-06 09:30,41.85,42.475,41.72,42.305,4250736
1407418200,2014-08-07 09:30,42.495,42.6,41.875,41.97,3981134
1407504600,2014-08-08 09:30,42.215,42.68,41.95,42.62,3870816
1407763800,2014-08-11 09:30,42.82,43.05,42.655,42.875,2637524
1407850200,2014-08-12 09:30,42.795,42.935,42.38,42.53,3510924
1407936600,2014-08-13 09:30,42.33,42.47,42.055,42.26,6695156
1408023000,2014-08-14 09:30,42.425,42.78,42.295,42.68,3880450
1408109400,2014-08-15 09:30,42.75,42.885,42.0505,42.315,5723024
1408368600,2014-08-18 09:30,42.64,43.015,42.57,42.97,6316638
1408455000,2014-08-19 09:30,43.315,43.68,43.225,43.525,4367878
1408541400,2014-08-20 09:30,43.345,43.91,43.345,43.84,2815134
1408627800,2014-08-21 09:30,43.84,43.905,43.515,43.745,4175162
1408714200,2014-08-22 09:30,43.675,44.09,43.675,44.04,2199308
1408973400,2014-08-25 09:30,44.4,44.4,44.08,44.255,2515322
1409059800,2014-08-26 09:30,44.3,44.66,44.2505,44.585,1975392
1409146200,2014-08-27 09:30,44.585,44.87,44.545,44.735,4290662
1409232600,2014-08-28 09:30,44.25,44.62,44.105,44.515,3686684
1409319000,2014-08-29 09:30,44.59,44.605,44.315,44.415,1818470
1409664600,2014-09-02 09:30,44.525,44.68,44.34505,44.53,2060174
1409751000,2014-09-03 09:30,44.895,44.895,44.405,44.435,2345642
1409837400,2014-09-04 09:30,44.645,44.97,44.555,44.695,3470396
1409923800,2014-09-05 09:30,44.475,44.64,44.125,44.6,3585948
1410183000,2014-09-08 09:30,44.525,44.6775,44.285,44.46,3305948
1410269400,2014-09-09 09:30,44.26,44.535,44.005,44.03,3349448
1410355800,2014-09-10 09:30,44.105,44.265,43.84,44.19,2749216
1410442200,2014-09-11 09:30,44.145,44.59,44,44.575,2933768
1410528600,2014-09-12 09:30,44.575,44.72,44.405,44.56,1593986
1410787800,2014-09-15 09:30,44.795,44.795,44.06,44.13,1770896
1410874200,2014-09-16 09:30,44.035,44.62,43.9,44.53,2242026
1410960600,2014-09-17 09:30,44.565,44.78,44.42,44.595,1911744
1411047000,2014-09-18 09:30,44.995,44.995,44.52,44.68,1394130
1411133400,2014-09-19 09:30,44.665,44.865,44.16,44.27,4353590
1411392600,2014-09-22 09:30,44.025,44.1,43.47,43.565,2983876
1411479000,2014-09-23 09:30,43.4,43.52,43.09,43.09,3113734
1411565400,2014-09-24 09:30,43.09,43.59,43.065,43.59,3457578
1411651800,2014-09-25 09:30,43.48,43.595,42.915,43.045,2105282
1411738200,2014-09-26 09:30,43.275,43.36,42.915,43.195,3389326
1411997400,2014-09-29 09:30,42.705,43.32,42.695,43.22,2598634
1412083800,2014-09-30 09:30,43.335,43.335,42.77,42.79,3827296
1412170200,2014-10-01 09:30,42.7,42.81,42.05,42.165,3529248
1412256600,2014-10-02 09:30,42.115,42.805,42.045,42.715,4217078
1412343000,2014-10-03 09:30,43.125,43.55,42.825,43.355,4744546
1412602200,2014-10-06 09:30,43.44,43.64,42.9,42.91,2459150
1412688600,2014-10-07 09:30,42.61,42.775,42.14,42.15,4892882
1412775000,2014-10-08 09:30,42.295,42.81,41.85,42.71,4145680
1412861400,2014-10-09 09:30,42.53,42.6,41.785,41.845,4511068
1412947800,2014-10-10 09:30,41.92,42.135,41.585,41.72,10758604
1413207000,2014-10-13 09:30,41.615,41.67645,40.88,40.965,3972548
1413293400,2014-10-14 09:30,41.205,41.78,41.08,41.46,6175772
1413379800,2014-10-15 09:30,40.74,41.765,40.29,41.54,7519968
1413466200,2014-10-16 09:30,40.87,41.74,40.695,41.48,7979986
1413552600,2014-10-17 09:30,41.69,41.945,41.125,41.37,8036112
1413811800,2014-10-20 09:30,41.15,42.165,41.135,42.16,4112498
1413898200,2014-10-21 09:30,42.35,42.8275,42.15,42.77,4743592
1413984600,2014-10-22 09:30,42.845,43.13,42.295,42.295,3685724
1414071000,2014-10-23 09:30,42.605,43.3,42.605,43.055,8334306
1414157400,2014-10-24 09:30,43.055,43.055,42.555,42.97,5472948
1414416600,2014-10-27 09:30,42.775,43.095,42.54,43.065,4620172
1414503000,2014-10-28 09:30,42.98,43.735,42.87,43.7,10813494
1414589400,2014-10-29 09:30,43.795,43.925,43.26,43.445,13760144
1414675800,2014-10-30 09:30,43.22,43.915,43.22,43.83,3290880
1414762200,2014-10-31 09:30,44.5,44.545,44.14,44.225,4803038
1415025000,2014-11-03 09:30,44.295,44.47,44.085,44.15,2352558
1415111400,2014-11-04 09:30,43.975,44.045,43.675,43.995,5517554
1415197800,2014-11-05 09:30,44.38,44.48,44.025,44.165,4898672
1415284200,2014-11-06 09:30,44.175,44.865,44.06,44.86,5389448
1415370600,2014-11-07 09:30,44.745,45.105,44.665,45.025,7283706
1415629800,2014-11-10 09:30,44.955,45.065,44.735,44.875,1728210
1415716200,2014-11-11 09:30,44.975,44.975,44.755,44.935,2453668
1415802600,2014-11-12 09:30,44.985,45.82,44.875,45.77,7810092
1415889000,2014-11-13 09:30,45.81,45.955,45.37,45.565,4609910
1415975400,2014-11-14 09:30,45.52,45.705,45.455,45.655,3140282
1416234600,2014-11-17 09:30,45.605,45.675,45.1275,45.14,2356666
1416321000,2014-11-18 09:30,45.11,45.3975,45.015,45.185,4059604
1416407400,2014-11-19 09:30,45.745,45.745,45.09,45.52,4094836
1416493800,2014-11-20 09:30,45.48,46.335,45.475,46.28,4326754
1416580200,2014-11-21 09:30,46.83,46.89,46.275,46.34,5469166
1416839400,2014-11-24 09:30,46.35,46.965,46.35,46.95,4253266
1416925800,2014-11-25 09:30,47.315,47.38,46.715,46.875,5897644
1417012200,2014-11-26 09:30,46.925,46.985,46.68,46.735,3668950
1417185000,2014-11-28 09:30,46.995,47.54,46.925,47.155,5075030
1417444200,2014-12-01 09:30,46.845,46.9,46.11,46.125,6988732
1417530600,2014-12-02 09:30,46.325,46.57,46.105,46.285,5702660
1417617000,2014-12-03 09:30,46.265,46.7875,46.17,46.685,5512744
1417703400,2014-12-04 09:30,46.57,46.57,46.055,46.365,7029038
1417789800,2014-12-05 09:30,46.475,46.5,46.0417,46.215,4124224
1418049000,2014-12-08 09:30,46.195,46.42,45.795,45.865,3602712
1418135400,2014-12-09 09:30,45.315,46.04,45.1695,46.025,4373876
1418221800,2014-12-10 09:30,46.215,46.215,45.24,45.27,5254790
1418308200,2014-12-11 09:30,45.68,46.54,45.675,45.855,7074460
1418394600,2014-12-12 09:30,45.725,46.47,45.43505,46.14,10003376
1418653800,2014-12-15 09:30,46.315,46.785,45.8468,46.235,9062818
1418740200,2014-12-16 09:30,46.22,46.505,45.66,45.66,5177664
1418826600,2014-12-17 09:30,45.91,46.82,45.645,46.765,9559476
1418913000,2014-12-18 09:30,47.145,47.82,46.865,47.5,7590696
1418999400,2014-12-19 09:30,47.41,47.495,46.705,47.065,6142356
1419258600,2014-12-22 09:30,47.405,47.45,47.05,47.335,3227810
1419345000,2014-12-23 09:30,47.575,48.06,47.53,47.65,8370174
1419431400,2014-12-24 09:30,47.635,47.925,47.61,47.62,1689280
1419604200,2014-12-26 09:30,48,48.04,47.735,47.775,2604844
1419863400,2014-12-29 09:30,48.06,48.3175,47.73,48.245,4048480
1419949800,2014-12-30 09:30,48.135,48.55,48.06,48.145,1500134
1420036200,2014-12-31 09:30,48.19,48.575,47.995,48.005,2686602
1420209000,2015-01-02 09:30,48.225,48.425,47.305,47.67,3726158
1420468200,2015-01-05 09:30,47.605,47.605,46.91,47.13,4140328
1420554600,2015-01-06 09:30,47,47.37,46.235,46.63,5128630
1420641000,2015-01-07 09:30,47.34,47.85,47.1,47.85,5041938
1420727400,2015-01-08 09:30,48.405,48.575,48.165,48.495,7850778
1420813800,2015-01-09 09:30,48.18,48.25,47.59,47.625,5955956
1421073000,2015-01-12 09:30,47.745,47.955,47.21,47.725,5176540
1421159400,2015-01-13 09:30,47.97,48.385,47.02,47.315,5098190
1421245800,2015-01-14 09:30,46.76,47.23,46.56,47.14,7841276
1421332200,2015-01-15 09:30,46.82,47.435,46.06,46.06,5749102
1421418600,2015-01-16 09:30,46.02,46.775,45.935,46.72,6246818
1421764200,2015-01-20 09:30,46.79,47.15,45.767,46.115,3856106
1421850600,2015-01-21 09:30,46.16,46.465,45.945,46.415,3390826
1421937000,2015-01-22 09:30,46.875,47.365,46.23,47.28,4197090
1422023400,2015-01-23 09:30,47.32,47.72,47.17,47.59,6390304
1422282600,2015-01-26 09:30,47.485,48.01,47.395,47.99,3493172
1422369000,2015-01-27 09:30,47.405,48.085,47.405,47.835,3863092
1422455400,2015-01-28 09:30,48.035,48.12,46.9475,47.065,6507074
1422541800,2015-01-29 09:30,47.105,47.465,46.76,47.435,3912184
1422628200,2015-01-30 09:30,47.2,47.295,46.415,46.45,6814898
1422887400,2015-02-02 09:30,46.565,46.76,45.52,46.7,12014018
1422973800,2015-02-03 09:30,47.055,47.645,46.765,47.59,7380752
1423060200,2015-02-04 09:30,47.26,47.905,47.078,47.685,5042952
1423146600,2015-02-05 09:30,47.75,48.25,47.75,48.005,3705710
1423233000,2015-02-06 09:30,48.18,48.18,47.78,47.975,3803800
1423492200,2015-02-09 09:30,47.925,48.075,47.7,47.775,3912060
1423578600,2015-02-10 09:30,48.145,48.315,47.755,48.21,2806074
1423665000,2015-02-11 09:30,48.21,48.455,48.16,48.27,3426164
1423751400,2015-02-12 09:30,48.045,48.76,48.045,48.72,5199574
1423837800,2015-02-13 09:30,48.755,49.075,48.645,49.01,4017784
1424183400,2015-02-17 09:30,48.975,49.04,48.6999,48.965,1645980
1424269800,2015-02-18 09:30,48.77,49.04,48.75,48.94,2702042
1424356200,2015-02-19 09:30,48.945,49.115,48.88,48.955,3312160
1424442600,2015-02-20 09:30,48.98,49.3,48.735,49.235,2320818
1424701800,2015-02-23 09:30,49.345,49.435,48.995,49.23,2652854
1424788200,2015-02-24 09:30,49.3,49.41,48.99505,49.145,2808484
1424874600,2015-02-25 09:30,49.095,49.4375,49,49.26,3825436
1424961000,2015-02-26 09:30,49.195,49.325,49.095,49.215,2336588
1425047400,2015-02-27 09:30,49.315,49.535,49.096,49.35,2803050
1425306600,2015-03-02 09:30,49.31,49.655,49.31,49.57,2491842
1425393000,2015-03-03 09:30,49.605,49.66,49.155,49.3,2350188
1425479400,2015-03-04 09:30,49.22,49.325,48.8425,49.125,2856212
1425565800,2015-03-05 09:30,49.23,49.405,49,49.185,1603264
1425652200,2015-03-06 09:30,48.915,49.33,48.81995,48.855,3966900
1425907800,2015-03-09 09:30,48.895,49.145,48.845,49.085,2237674
1425994200,2015-03-10 09:30,48.745,48.91,48.445,48.64,4116296
1426080600,2015-03-11 09:30,48.565,49.075,48.565,48.805,2625596
1426167000,2015-03-12 09:30,49.01,49.69,48.745,49.655,3005498
1426253400,2015-03-13 09:30,49.75,49.77,49.18,49.46,2662478
1426512600,2015-03-16 09:30,49.69,49.87,49.655,49.8,4929980
1426599000,2015-03-17 09:30,49.675,49.94,49.665,49.895,1799262
1426685400,2015-03-18 09:30,49.685,50.145,49.445,50.05,3352730
1426771800,2015-03-19 09:30,49.995,50.36,49.995,50.34,2868234
1426858200,2015-03-20 09:30,50.355,50.56,50.1445,50.48,2388312
1427117400,2015-03-23 09:30,50.43,50.9,50.43,50.58,3474706
1427203800,2015-03-24 09:30,50.395,50.915,50.395,50.68,4253296
1427290200,2015-03-25 09:30,50.705,50.79,49.855,49.86,5037982
1427376600,2015-03-26 09:30,49.7,49.92,49.505,49.71,4024954
1427463000,2015-03-27 09:30,49.515,50.145,49.515,50.12,2476114
1427722200,2015-03-30 09:30,50.6,50.84,50.35005,50.79,2525602
1427808600,2015-03-31 09:30,50.515,51.25,50.505,50.52,1680590
1427895000,2015-04-01 09:30,50.635,50.675,49.981,50.245,6962460
1427981400,2015-04-02 09:30,50.43,50.85,50.3,50.61,5006176
1428327000,2015-04-06 09:30,50.325,50.99,50.225,50.755,3538328
1428413400,2015-04-07 09:30,50.78,50.87,50.31,50.315,3149318
1428499800,2015-04-08 09:30,50.5,50.815,50.455,50.755,2437152
1428586200,2015-04-09 09:30,50.605,50.97,50.225,50.555,3764410
1428672600,2015-04-10 09:30,50.485,50.76,50.485,50.72,2729520
1428931800,2015-04-13 09:30,50.48,51.11,50.48,50.76,7166068
1429018200,2015-04-14 09:30,50.475,50.7625,50,50.33,5826080
1429104600,2015-04-15 09:30,50.96,50.96,50.265,50.295,4656542
1429191000,2015-04-16 09:30,50.08,50.475,50.06,50.33,3965474
1429277400,2015-04-17 09:30,50.025,50.17,49.29,49.39,8957298
1429536600,2015-04-20 09:30,50.075,50.09,49.485,49.845,3495192
1429623000,2015-04-21 09:30,50.01,50.165,49.795,49.95,2502686
1429709400,2015-04-22 09:30,50.045,50.15,49.63,50.07,3220148
1429795800,2015-04-23 09:30,50.065,50.5575,50.0075,50.4,2342388
1429882200,2015-04-24 09:30,50.385,50.625,50.385,50.49,2236416
1430141400,2015-04-27 09:30,50.575,50.675,49.88,49.95,3399848
1430227800,2015-04-28 09:30,49.89,50.1,49.45,49.765,4109778
1430314200,2015-04-29 09:30,49.54,49.595,48.71,48.8,16069464
1430400600,2015-04-30 09:30,48.625,48.935,48.185,48.365,6806768
1430487000,2015-05-01 09:30,48.475,49.13,48.41,49.1,3966812
1430746200,2015-05-04 09:30,49.085,49.505,49.085,49.275,2689196
1430832600,2015-05-05 09:30,49.03,49.365,48.585,48.645,6138692
1430919000,2015-05-06 09:30,48.855,48.945,48.115,48.615,7280382
1431005400,2015-05-07 09:30,48.715,49.275,48.56005,49.17,5217220
1431091800,2015-05-08 09:30,49.58,49.94,49.455,49.585,6132312
1431351000,2015-05-11 09:30,49.585,49.86,49.515,49.57,2198446
1431437400,2015-05-12 09:30,49.13,49.51,48.88,49.295,3612116
1431523800,2015-05-13 09:30,48.94,49.51,48.94,49.15,5833880
1431610200,2015-05-14 09:30,49.17,49.48,48.54,48.825,7582144
1431696600,2015-05-15 09:30,48.83,49.32,48.81,49.32,3614586
1431955800,2015-05-18 09:30,49.4,49.86,49.37,49.805,5493178
1432042200,2015-05-19 09:30,49.635,49.845,49.375,49.465,6344544
1432128600,2015-05-20 09:30,49.565,49.623,49.24,49.5,2859158
1432215000,2015-05-21 09:30,49.42,49.97,49.255,49.77,3003642
1432301400,2015-05-22 09:30,49.745,49.88,49.41,49.62,5290918
1432647000,2015-05-26 09:30,49.175,49.777,48.99,49.075,3290264
1432733400,2015-05-27 09:30,49.155,49.455,49.125,49.32,3312048
1432819800,2015-05-28 09:30,49.445,49.48,49.195,49.37,3510494
1432906200,2015-05-29 09:30,49.335,49.705,48.845,48.895,5493516
1433165400,2015-06-01 09:30,48.92,49.22,48.665,48.895,7885802
1433251800,2015-06-02 09:30,48.78,49.55,48.78,49.245,3647598
1433338200,2015-06-03 09:30,49.435,50.055,49.275,49.97,5918310
1433424600,2015-06-04 09:30,49.93,50.2,49.605,49.925,5456128
1433511000,2015-06-05 09:30,49.99,49.99,49.43,49.73,4668414
1433770200,2015-06-08 09:30,49.865,49.865,49.355,49.355,2787010
1433856600,2015-06-09 09:30,49.225,49.675,48.93,49.135,5889284
1433943000,2015-06-10 09:30,49.47,49.72,49.305,49.585,5113136
1434029400,2015-06-11 09:30,49.89,50.21,49.6175,49.73,6011288
1434115800,2015-06-12 09:30,49.65,49.815,49.51,49.77,4532372
1434375000,2015-06-15 09:30,49.595,49.595,49.14,49.49,3045396
1434461400,2015-06-16 09:30,49.305,49.79395,49.305,49.735,1203576
1434547800,2015-06-17 09:30,49.76,50.04,49.615,49.91,2147916
1434634200,2015-06-18 09:30,49.81,50.56,49.81,50.4,3452848
1434720600,2015-06-19 09:30,50.45,50.571,50.095,50.175,3930454
1434979800,2015-06-22 09:30,50.665,50.665,50.325,50.385,887942
1435066200,2015-06-23 09:30,50.605,50.87,50.41505,50.845,2017818
1435152600,2015-06-24 09:30,50.75,50.885,50.435,50.485,1863226
1435239000,2015-06-25 09:30,50.375,50.765,50.3,50.34,1838216
1435325400,2015-06-26 09:30,50.72,50.815,50.385,50.605,2285238
1435584600,2015-06-29 09:30,50.375,50.375,49.195,49.225,3095816
1435671000,2015-06-30 09:30,49.66,49.67,49.155,49.33,4580530
1435757400,2015-07-01 09:30,49.74,49.935,49.38,49.64,3206756
1435843800,2015-07-02 09:30,50.37,50.37,49.04,49.385,1696860
1436189400,2015-07-06 09:30,49.13,49.785,48.76,49.455,2246830
1436275800,2015-07-07 09:30,49.52,49.97,48.9,49.94,4933550
1436362200,2015-07-08 09:30,49.49,49.85,49.11,49.345,7656236
1436448600,2015-07-09 09:30,49.68,50.1615,49.335,49.455,6446502
1436535000,2015-07-10 09:30,49.945,50.05,49.72,49.98,1787386
1436794200,2015-07-13 09:30,50.5,50.61995,50.29,50.6,3476088
1436880600,2015-07-14 09:30,50.4,50.585,50.245,50.385,2593874
1436967000,2015-07-15 09:30,50.33,50.51,50.175,50.25,2549006
1437053400,2015-07-16 09:30,50.225,50.965,50.225,50.905,4576290
1437139800,2015-07-17 09:30,50.965,50.965,50.245,50.325,2175244
1437399000,2015-07-20 09:30,50.54,50.54,50.121,50.155,3355860
1437485400,2015-07-21 09:30,49.915,50.34,49.715,49.825,1888594
1437571800,2015-07-22 09:30,49.535,50.09,49.51,50.035,2622206
1437658200,2015-07-23 09:30,50.05,50.115,49.37,49.395,3206420
1437744600,2015-07-24 09:30,49.58,49.58,48.55,48.57,2966996
1438003800,2015-07-27 09:30,48.39,48.45,48.01,48.165,3049448
1438090200,2015-07-28 09:30,48.2,48.555,47.76,48.33,7075486
1438176600,2015-07-29 09:30,48.25,48.755,48.25,48.63,3694052
1438263000,2015-07-30 09:30,48.395,49.065,48.395,48.95,2782402
1438349400,2015-07-31 09:30,49.11,49.315,48.78,49.175,2646330
1438608600,2015-08-03 09:30,49.1,49.24,48.445,48.61,3751144
1438695000,2015-08-04 09:30,48.63,49.22,48.61005,48.945,3378112
1438781400,2015-08-05 09:30,48.995,49.715,48.995,49.495,5133956
1438867800,2015-08-06 09:30,49.255,49.4876,48.26,48.52,4847792
1438954200,2015-08-07 09:30,48.505,48.505,47.925,48.06,3664892
1439213400,2015-08-10 09:30,48.145,48.805,48.145,48.63,2518984
1439299800,2015-08-11 09:30,48.35,48.63,47.975,48.43,6194184
1439386200,2015-08-12 09:30,48.045,48.245,47.375,48.175,5041366
1439472600,2015-08-13 09:30,48,48.45,47.895,48.105,3304500
1439559000,2015-08-14 09:30,48.06,48.515,48.06,48.45,2320590
1439818200,2015-08-17 09:30,48.33,48.84,48.095,48.8,3677422
1439904600,2015-08-18 09:30,48.645,48.975,48.525,48.645,3332490
1439991000,2015-08-19 09:30,48.35,48.63,47.935,48.24,4280826
1440077400,2015-08-20 09:30,47.76,47.86895,47.05475,47.075,5355438
1440163800,2015-08-21 09:30,46.605,46.75,45.47,45.54,9286170
1440423000,2015-08-24 09:30,43.095,45.39,41.625,44.2,9801396
1440509400,2015-08-25 09:30,45.365,45.494,44.045,44.075,5909974
1440595800,2015-08-26 09:30,44.92,45.67,44.215,45.67,4545530
1440682200,2015-08-27 09:30,46.07,46.905,45.885,46.59,7265126
1440768600,2015-08-28 09:30,46.53,47.04,46.465,46.86,1999554
1441027800,2015-08-31 09:30,46.43,47.125,46.43,46.775,2986092
1441114200,2015-09-01 09:30,45.645,46.465,45.645,45.795,4958356
1441200600,2015-09-02 09:30,46.25,46.62,45.89,46.445,1898658
1441287000,2015-09-03 09:30,46.76,47,46.34,46.465,1758898
1441373400,2015-09-04 09:30,46.005,46.395,45.94,46.1,2323424
1441719000,2015-09-08 09:30,46.81,47.035,46.49,47.005,5249338
1441805400,2015-09-09 09:30,47.355,47.39385,46.245,46.31,3285546
1441891800,2015-09-10 09:30,46.01,46.675,46,46.255,3287452
1441978200,2015-09-11 09:30,46.01,46.21,45.64,46.2,4061656
1442237400,2015-09-14 09:30,46.21,46.29,45.87,45.95,2104997
1442323800,2015-09-15 09:30,46.08,46.39,45.8,46.3,2646881
1442410200,2015-09-16 09:30,46.3,47.06,46.16,47.06,3664022
1442496600,2015-09-17 09:30,46.9,47.68,46.87,47.08,3058148
1442583000,2015-09-18 09:30,46.34,46.75,46,46.1,5929480
1442842200,2015-09-21 09:30,46.3,46.88,46.19,46.4,2469453
1442928600,2015-09-22 09:30,45.91,46.04,45.45,45.82,3474050
1443015000,2015-09-23 09:30,45.92,46.01,45.5,45.67,1721680
1443101400,2015-09-24 09:30,45.46,45.71,45.135,45.57,3887144
1443187800,2015-09-25 09:30,45.94,45.94,45.1,45.28,2503885
1443447000,2015-09-28 09:30,45.08,45.25,43.82,43.85,4873171
1443533400,2015-09-29 09:30,44.09,44.215,43.55,43.8,5830331
1443619800,2015-09-30 09:30,44.14,44.43,43.884,44.42,2277805
1443706200,2015-10-01 09:30,44.5,44.5,43.66,44.16,3724539
1443792600,2015-10-02 09:30,43.64,44.94,43.33,44.94,4339105
1444051800,2015-10-05 09:30,45.35,45.73,45.09,45.66,2313612
1444138200,2015-10-06 09:30,45.45,45.86,44.94,45.15,4671914
1444224600,2015-10-07 09:30,45.07,45.645,45.01,45.61,4122369
1444311000,2015-10-08 09:30,45.76,46.3785,45.64,46.3,6509253
1444397400,2015-10-09 09:30,46.26,46.32,45.7,46.23,3135450
1444656600,2015-10-12 09:30,46.14,46.34,45.9,46.1,1711215
1444743000,2015-10-13 09:30,45.88,46.25,45.465,45.53,3248778
1444829400,2015-10-14 09:30,45.71,46.17,44.88,45.09,8952055
1444915800,2015-10-15 09:30,45.21,45.67,44.66,45.67,4014556
1445002200,2015-10-16 09:30,45.85,45.91,45.45,45.91,2727148
1445261400,2015-10-19 09:30,45.77,46.24,45.77,46.21,3194923
1445347800,2015-10-20 09:30,46.15,46.46,46.13,46.35,1681494
1445434200,2015-10-21 09:30,46.42,46.46,45.72,45.76,3136029
1445520600,2015-10-22 09:30,46,46.1,45.52,45.62,3130734
1445607000,2015-10-23 09:30,45.96,46.07,44.57,44.99,8695811
1445866200,2015-10-26 09:30,45.04,45.38,44.91,45.23,3165685
1445952600,2015-10-27 09:30,45.02,45.14,44.31,44.7,3389719
1446039000,2015-10-28 09:30,44.8,45.895,44.67,45.84,2924339
1446125400,2015-10-29 09:30,45.52,45.77,45.29,45.64,2611987
1446211800,2015-10-30 09:30,45.66,46.125,45.38,45.89,4306199
1446474600,2015-11-02 09:30,45.95,46.4,45.41,46.35,2809010
1446561000,2015-11-03 09:30,46.63,47.06,46.5,46.91,3645466
1446647400,2015-11-04 09:30,46.88,46.886,46.265,46.41,3075897
1446733800,2015-11-05 09:30,46.43,46.74,46.06,46.66,2413190
1446820200,2015-11-06 09:30,46.27,46.46,45.9,46.27,2959400
1447079400,2015-11-09 09:30,46.12,46.164,44.93,45.3,4019933
1447165800,2015-11-10 09:30,45.12,45.755,45.01,45.65,3532920
1447252200,2015-11-11 09:30,45.47,45.65,44.55,44.62,8270227
1447338600,2015-11-12 09:30,44.5,44.92,44.05,44.05,6120597
1447425000,2015-11-13 09:30,43.47,43.47,42.255,42.37,11235576
1447684200,2015-11-16 09:30,42.08,43.02,41.955,43.02,8318113
1447770600,2015-11-17 09:30,43.43,43.52,42.605,42.86,8523324
1447857000,2015-11-18 09:30,42.83,43.63,42.83,43.61,5701687
1447943400,2015-11-19 09:30,43.57,43.68,43.21,43.28,6213675
1448029800,2015-11-20 09:30,43.71,44.28,43.71,44.16,6949273
1448289000,2015-11-23 09:30,44.11,44.6,44.02,44.58,5382482
1448375400,2015-11-24 09:30,44.2,45.12,44.1152,45,4452051
1448461800,2015-11-25 09:30,45.32,45.73,45.01,45.62,7588953
1448634600,2015-11-27 09:30,45.67,45.93,45.22,45.56,2099310
1448893800,2015-11-30 09:30,45.48,45.6,44.45,44.57,10217273
1448980200,2015-12-01 09:30,44.79,44.885,44.45,44.74,5158316
1449066600,2015-12-02 09:30,44.72,45.1,44.58,44.69,2912588
1449153000,2015-12-03 09:30,45.02,45.06,43.68,43.91,8350082
1449239400,2015-12-04 09:30,43.92,44.72,43.85,44.67,7331584
1449498600,2015-12-07 09:30,44.59,44.64,44.07,44.27,3471596
1449585000,2015-12-08 09:30,43.77,44.45,43.69,44.22,4971005
1449671400,2015-12-09 09:30,43.95,44.92,43.76,44.02,4761837
1449757800,2015-12-10 09:30,44.3,44.51,44.02,44.27,4120061
1449844200,2015-12-11 09:30,43.78,43.95,43.39,43.42,4002535
1450103400,2015-12-14 09:30,43.67,43.93,42.87,43.42,4386658
1450189800,2015-12-15 09:30,43.63,44.07,43.5,43.65,4927831
1450276200,2015-12-16 09:30,43.89,44.43,43.72,44.39,4830539
1450362600,2015-12-17 09:30,44.46,44.6,43.43,43.46,4053763
1450449000,2015-12-18 09:30,43,43.29,42.69,42.74,4511114
1450708200,2015-12-21 09:30,43.06,43.06,42.51,42.71,2560362
1450794600,2015-12-22 09:30,42.96,43.69,42.84,43.54,3221708
1450881000,2015-12-23 09:30,43.7,44.12,43.53,44.02,3061710
1450967400,2015-12-24 09:30,44.02,44.02,43.58,43.65,562109
1451313000,2015-12-28 09:30,43.55,43.74,43.22,43.54,2873911
1451399400,2015-12-29 09:30,43.6,44.245,43.6,44,1799170
1451485800,2015-12-30 09:30,43.84,44.08,43.645,43.69,2117510
1451572200,2015-12-31 09:30,43.51,43.855,43.24,43.24,2771423
1451917800,2016-01-04 09:30,42.6,43.12,42.4,42.97,4341641
1452004200,2016-01-05 09:30,43.12,43.4,42.83,43.32,4554899
1452090600,2016-01-06 09:30,42.56,42.89,42.125,42.41,4416306
1452177000,2016-01-07 09:30,41.91,42.88,41.8207,42.26,5843337
1452263400,2016-01-08 09:30,42.09,42.36,40.89,40.98,6105874
1452522600,2016-01-11 09:30,41.14,41.43,40.67,41.11,3254287
1452609000,2016-01-12 09:30,41.56,41.935,40.78,41.45,5222064
1452695400,2016-01-13 09:30,41.49,41.56,40.06,40.08,3440368
1452781800,2016-01-14 09:30,40.21,40.58,39.35,40.17,4313388
1452868200,2016-01-15 09:30,39.3,39.68,38.65,39.41,6365463
1453213800,2016-01-19 09:30,39.8,39.8,38.65,39.09,5448178
1453300200,2016-01-20 09:30,38.6,39.7,37.8,39.29,7443112
1453386600,2016-01-21 09:30,39.47,40.29,39.14,39.67,4241253
1453473000,2016-01-22 09:30,40.32,40.61,40,40.37,4311455
1453732200,2016-01-25 09:30,40.27,40.44,39.55,39.58,3780933
1453818600,2016-01-26 09:30,39.78,40.69,39.68,40.51,4395952
1453905000,2016-01-27 09:30,40.37,40.74,39.75,39.94,3541182
1453991400,2016-01-28 09:30,40.28,40.41,39.6,39.93,2492157
1454077800,2016-01-29 09:30,40,41.04,40,41.04,3331464
1454337000,2016-02-01 09:30,41.02,41.43,40.44,41.25,3386750
1454423400,2016-02-02 09:30,41.18,41.32,40.275,40.43,5099447
1454509800,2016-02-03 09:30,40.42,40.68,39.42,40.17,5722353
1454596200,2016-02-04 09:30,39.54,40.4,39.4,40.17,6053334
1454682600,2016-02-05 09:30,39.98,40.1,39.04,39.11,4187553
1454941800,2016-02-08 09:30,38.77,38.875,38.1,38.65,4747291
1455028200,2016-02-09 09:30,38.37,39.2,38.11,38.53,4188112
1455114600,2016-02-10 09:30,38.71,39.2,38.51,38.51,2832025
1455201000,2016-02-11 09:30,38.13,38.65,37.92,38.39,3931074
1455287400,2016-02-12 09:30,38.74,39.34,38.52,39.32,4066989
1455633000,2016-02-16 09:30,39.48,40.99,39.48,40.9,7024723
1455719400,2016-02-17 09:30,41.18,41.91,41.01,41.75,4906046
1455805800,2016-02-18 09:30,41.54,41.7799,41.01,41.67,3472557
1455892200,2016-02-19 09:30,41.15,41.49,40.71,41.35,5792630
1456151400,2016-02-22 09:30,41.65,42.2,41.62,42.06,3944687
1456237800,2016-02-23 09:30,42.15,42.405,41.84,42.15,5383808
1456324200,2016-02-24 09:30,41.75,42.7,41.43,42.66,6606852
1456410600,2016-02-25 09:30,42.87,43.25,42.38,43.25,3499994
1456497000,2016-02-26 09:30,43.46,43.5,42.97,43.35,5052594
1456756200,2016-02-29 09:30,43.35,43.785,43.21,43.32,2576232
1456842600,2016-03-01 09:30,43.64,44.01,43.23,44.01,3602080
1456929000,2016-03-02 09:30,43.94,44.21,43.67,44.21,3883360
1457015400,2016-03-03 09:30,44.02,44.6,43.77,44.6,4950152
1457101800,2016-03-04 09:30,44.61,45.3,44.48,44.82,5798371
1457361000,2016-03-07 09:30,44.58,45.38,44.58,45.05,4032201
1457447400,2016-03-08 09:30,45.08,45.21,44.7,44.73,4522637
1457533800,2016-03-09 09:30,44.95,45.01,44.53,44.83,3199975
1457620200,2016-03-10 09:30,45.1,45.37,44.36,44.92,3976287
1457706600,2016-03-11 09:30,45.3,45.61,45.13,45.61,5056644
1457962200,2016-03-14 09:30,45.51,45.71,45.34,45.57,3246188
1458048600,2016-03-15 09:30,45.32,45.68,45.01,45.68,4609043
1458135000,2016-03-16 09:30,44.95,45.45,44.8,45.32,4534309
1458221400,2016-03-17 09:30,45.33,45.86,44.9,45.77,4771568
1458307800,2016-03-18 09:30,45.66,46.12,45.6,45.98,4032759
1458567000,2016-03-21 09:30,45.74,46.15,45.625,45.74,4869611
1458653400,2016-03-22 09:30,45.49,45.865,45.334,45.52,2235463
1458739800,2016-03-23 09:30,45.46,45.69,44.91,44.96,4974685
1458826200,2016-03-24 09:30,44.74,45.21,44.65,45.19,3897577
1459171800,2016-03-28 09:30,45.32,45.82,45.21,45.53,3027295
1459258200,2016-03-29 09:30,45.45,46.17,45.36,46.14,3027923
1459344600,2016-03-30 09:30,46.28,46.5,46.06,46.24,3744697
1459431000,2016-03-31 09:30,46.23,46.41,45.99,46.18,3947348
1459517400,2016-04-01 09:30,46.01,46.18,45.64,46.12,3307563
1459776600,2016-04-04 09:30,46.13,46.17,45.48,45.52,2766928
1459863000,2016-04-05 09:30,45.18,45.39,44.97,45.02,4520751
1459949400,2016-04-06 09:30,45.04,45.47,44.74,45.36,2829414
1460035800,2016-04-07 09:30,45.04,45.19,43.95,44.1,9478584
1460122200,2016-04-08 09:30,44.23,44.63,43.61,43.86,8618233
1460381400,2016-04-11 09:30,43.94,44.23,43.49,43.49,7160201
1460467800,2016-04-12 09:30,43.56,44.17,43.17,44.09,7870007
1460554200,2016-04-13 09:30,44.12,45.33,44.12,45.29,8320495
1460640600,2016-04-14 09:30,45.2,45.36,44.79,44.99,5010300
1460727000,2016-04-15 09:30,44.88,45.36,44.79,45.34,4946071
1460986200,2016-04-18 09:30,45.21,45.57,45.09,45.54,3798700
1461072600,2016-04-19 09:30,45.56,45.76,45.25,45.37,3685229
1461159000,2016-04-20 09:30,45.35,45.88,45.13,45.55,3046378
1461245400,2016-04-21 09:30,45.7,45.87,44.97,45.01,3547793
1461331800,2016-04-22 09:30,44.94,45.32,44.94,45.23,3035311
1461591000,2016-04-25 09:30,45.1,45.21,44.72,44.83,2760357
1461677400,2016-04-26 09:30,44.93,45.57,44.78,45.54,2801258
1461763800,2016-04-27 09:30,45.47,45.83,45.29,45.79,3100885
1461850200,2016-04-28 09:30,45.3,45.47,44.71,44.77,5017273
1461936600,2016-04-29 09:30,44.81,45.03,43.985,44.2,9201965
1462195800,2016-05-02 09:30,44.56,44.665,44.02,44.6,3417731
1462282200,2016-05-03 09:30,44.3,44.43,43.73,43.96,5113587
1462368600,2016-05-04 09:30,43.72,44.24,43.57,43.81,3883407
1462455000,2016-05-05 09:30,43.53,43.8,42.86,42.91,10317279
1462541400,2016-05-06 09:30,42.74,43.07,42.37,43.03,4085177
1462800600,2016-05-09 09:30,43.18,43.98,43.05,43.73,6346451
1462887000,2016-05-10 09:30,43.56,43.77,43.32,43.66,5026206
1462973400,2016-05-11 09:30,42.75,42.84,41.7,41.72,9602617
1463059800,2016-05-12 09:30,41.82,41.95,41.31,41.61,6363678
1463146200,2016-05-13 09:30,41.5,41.98,41.03,41.04,13785963
1463405400,2016-05-16 09:30,41.08,41.475,41.02,41.38,8876905
1463491800,2016-05-17 09:30,41.28,41.395,40.54,40.72,7951174
1463578200,2016-05-18 09:30,40.04,40.51,39.95,40.16,6537400
1463664600,2016-05-19 09:30,40.29,40.83,40.25,40.68,9975030
1463751000,2016-05-20 09:30,40.73,41.26,40.57,41.26,7448426
1464010200,2016-05-23 09:30,41.22,41.56,40.87,40.87,4643018
1464096600,2016-05-24 09:30,40.92,41.36,40.81,41.2,4754693
1464183000,2016-05-25 09:30,41.44,41.8,41.08,41.7,6880780
1464269400,2016-05-26 09:30,42.1,42.22,41.67,41.81,5969901
1464355800,2016-05-27 09:30,41.98,42.37,41.94,42.3,4244803
1464701400,2016-05-31 09:30,42.37,42.52,42.13,42.31,5313903
1464787800,2016-06-01 09:30,42.11,42.515,42.01,42.46,2186633
1464874200,2016-06-02 09:30,42.36,42.95,42.3,42.95,5536668
1464960600,2016-06-03 09:30,42.74,42.95,42.35,42.65,6965970
1465219800,2016-06-06 09:30,42.67,42.77,42.4105,42.65,2570437
1465306200,2016-06-07 09:30,42.49,43.08,42.44,42.95,4109908
1465392600,2016-06-08 09:30,43,43.16,42.76,42.97,1972039
1465479000,2016-06-09 09:30,42.79,42.85,42.13,42.32,4791997
1465565400,2016-06-10 09:30,41.8,41.99,41.51,41.71,6652279
1465824600,2016-06-13 09:30,41.62,41.8199,41.2,41.2,4635617
1465911000,2016-06-14 09:30,41.21,41.405,40.72,41.08,5445916
1465997400,2016-06-15 09:30,41.22,42.1,41.1885,41.59,6648863
1466083800,2016-06-16 09:30,41.43,41.49,40.91,41.36,5326026
1466170200,2016-06-17 09:30,41.54,41.81,41.16,41.44,6191798
1466429400,2016-06-20 09:30,41.95,42.38,41.865,41.96,3871504
1466515800,2016-06-21 09:30,41.91,41.96,41.425,41.61,2497163
1466602200,2016-06-22 09:30,41.73,41.99,41.42,41.42,3185547
1466688600,2016-06-23 09:30,41.87,42.14,41.76,42,2458653
1466775000,2016-06-24 09:30,40.88,41.34,40.53,41.1,7104167
1467034200,2016-06-27 09:30,40.87,41.01,39.5,40.14,8504137
1467120600,2016-06-28 09:30,40.62,41,40.34,40.68,5348148
1467207000,2016-06-29 09:30,41.17,41.7,40.97,41.61,3898706
1467293400,2016-06-30 09:30,41.7,41.97,41.31,41.96,5197551
1467379800,2016-07-01 09:30,41.91,42.595,41.87,42.34,3355403
1467725400,2016-07-05 09:30,42.13,42.22,41.28,41.66,5104994
1467811800,2016-07-06 09:30,41.53,42.32,41.455,42.29,4419147
1467898200,2016-07-07 09:30,42.14,42.605,41.99,42.29,2456490
1467984600,2016-07-08 09:30,42.57,43.45,42.57,43.39,5956928
1468243800,2016-07-11 09:30,43.55,43.91,43.45,43.87,4803548
1468330200,2016-07-12 09:30,44,44.33,43.96,44.21,3946614
1468416600,2016-07-13 09:30,44.39,44.43,43.69,43.86,5632060
1468503000,2016-07-14 09:30,44.12,44.23,43.9,43.93,2314522
1468589400,2016-07-15 09:30,43.99,44.07,43.69,43.74,4680281
1468848600,2016-07-18 09:30,43.79,44.47,43.79,44.44,3745034
1468935000,2016-07-19 09:30,44.3,44.36,43.93,44.06,2257919
1469021400,2016-07-20 09:30,44.1,44.51,44,44.46,3032077
1469107800,2016-07-21 09:30,44.53,44.67,44.151,44.29,2292337
1469194200,2016-07-22 09:30,44.2,44.51,44.02,44.49,1925356
1469453400,2016-07-25 09:30,44.55,44.945,44.405,44.94,2673015
1469539800,2016-07-26 09:30,45.05,45.5,45.01,45.24,5499812
1469626200,2016-07-27 09:30,45.29,45.42,44.69,44.86,6478527
1469712600,2016-07-28 09:30,44.96,45,44.36,44.87,2514986
1469799000,2016-07-29 09:30,44.58,45.145,44.52,45.09,3611954
1470058200,2016-08-01 09:30,45.03,45.18,44.68,44.93,4166696
1470144600,2016-08-02 09:30,44.8,45,43.76,43.8,7964683
1470231000,2016-08-03 09:30,43.19,44.25,43.005,44.24,7075969
1470317400,2016-08-04 09:30,44.33,44.54,43.95,44.08,4123184
1470403800,2016-08-05 09:30,44.43,45.01,44.37,44.83,6883204
1470663000,2016-08-08 09:30,44.83,45.14,44.67,44.79,3453191
1470749400,2016-08-09 09:30,44.54,44.64,44.12,44.17,4556693
1470835800,2016-08-10 09:30,44.4,44.61,44.145,44.19,4335440
1470922200,2016-08-11 09:30,45.49,45.62,44.725,45.26,9373509
1471008600,2016-08-12 09:30,45.22,45.54,45.09,45.51,5335860
1471267800,2016-08-15 09:30,45.57,46,45.57,45.96,4303961
1471354200,2016-08-16 09:30,45.96,46.05,45.72,45.82,3305974
1471440600,2016-08-17 09:30,45.54,45.69,45.06,45.34,5773662
1471527000,2016-08-18 09:30,45.47,45.79,45.32,45.75,4886484
1471613400,2016-08-19 09:30,45.48,46.055,45.48,45.94,4356901
1471872600,2016-08-22 09:30,45.86,45.99,45.49,45.7,2608846
1471959000,2016-08-23 09:30,46.05,46.36,46,46.16,3701895
1472045400,2016-08-24 09:30,45.92,45.96,45.56,45.62,2832631
1472131800,2016-08-25 09:30,45.6,45.695,45.24,45.36,3209306
1472218200,2016-08-26 09:30,45.32,45.56,44.84,45.02,3946361
1472477400,2016-08-29 09:30,45.06,45.31,44.97,45.23,2422034
1472563800,2016-08-30 09:30,44.94,45.05,44.43,44.5,3994132
1472650200,2016-08-31 09:30,44.49,44.83,44.23,44.47,3816081
1472736600,2016-09-01 09:30,44.36,44.55,43.9595,44.21,3311303
1472823000,2016-09-02 09:30,44.47,44.69,44.14,44.51,3302475
1473168600,2016-09-06 09:30,44.5,44.68,44.11,44.44,2542659
1473255000,2016-09-07 09:30,44.32,44.77,44.15,44.76,4700563
1473341400,2016-09-08 09:30,44.58,44.68,44.43,44.47,3243894
1473427800,2016-09-09 09:30,44.29,44.35,43.52,43.52,5910260
1473687000,2016-09-12 09:30,43.13,44.17,43.07,44.14,4489752
1473773400,2016-09-13 09:30,43.85,44.03,43.26,43.52,5121386
1473859800,2016-09-14 09:30,43.7,43.88,43.29,43.54,4537834
1473946200,2016-09-15 09:30,43.43,44.11,43.35,44.1,4808930
1474032600,2016-09-16 09:30,43.64,43.98,43.59,43.75,3885711
1474291800,2016-09-19 09:30,43.98,44.07,43.54,43.68,3282431
1474378200,2016-09-20 09:30,43.64,43.71,43.14,43.17,3084787
1474464600,2016-09-21 09:30,43.2,43.52,43.0069,43.48,4828364
1474551000,2016-09-22 09:30,43.76,43.9095,43.57,43.81,2982437
1474637400,2016-09-23 09:30,43.76,44.06,43.6211,43.78,2026014
1474896600,2016-09-26 09:30,43.65,43.88,43.3,43.3,1733811
1474983000,2016-09-27 09:30,43.39,43.76,43.34,43.59,2789513
1475069400,2016-09-28 09:30,43.56,43.67,43.07,43.31,3850733
1475155800,2016-09-29 09:30,43.32,43.48,42.91,42.91,3176505
1475242200,2016-09-30 09:30,43.2,43.67,43.04,43.55,3168440
1475501400,2016-10-03 09:30,43.53,43.6,43.28,43.43,3130215
1475587800,2016-10-04 09:30,43.58,43.8,43.29,43.41,5482656
1475674200,2016-10-05 09:30,43.59,44.1,43.55,43.99,3313336
1475760600,2016-10-06 09:30,43.9,43.95,43.54,43.88,2082757
1475847000,2016-10-07 09:30,44.04,44.35,43.71,43.85,3920818
1476106200,2016-10-10 09:30,44,44.32,43.91,44.02,1374760
1476192600,2016-10-11 09:30,43.77,43.9,43.265,43.35,3083194
1476279000,2016-10-12 09:30,43.64,43.84,43.39,43.68,1374690
1476365400,2016-10-13 09:30,43.31,43.47,42.86,43.21,3570081
1476451800,2016-10-14 09:30,43.25,43.43,43.04,43.12,2404679
1476711000,2016-10-17 09:30,43.07,43.2,42.7,42.7,2219713
1476797400,2016-10-18 09:30,43.18,43.18,42.725,42.75,1987501
1476883800,2016-10-19 09:30,42.86,43.2,42.63,43.16,3088595
1476970200,2016-10-20 09:30,42.97,43.115,42.795,42.91,2465167
1477056600,2016-10-21 09:30,42.58,42.99,42.52,42.95,2198992
1477315800,2016-10-24 09:30,43.15,43.425,43.09,43.25,2045408
1477402200,2016-10-25 09:30,42.82,43.09,42.66,42.88,2480887
1477488600,2016-10-26 09:30,42.69,43.13,42.62,42.73,2218009
1477575000,2016-10-27 09:30,42.75,42.75,41.78,41.91,3526617
1477661400,2016-10-28 09:30,41.69,42.43,41.69,42.13,3106679
1477920600,2016-10-31 09:30,42.12,42.25,41.975,42.23,1557732
1478007000,2016-11-01 09:30,42.05,42.12,41.34,41.53,2763743
1478093400,2016-11-02 09:30,41.59,41.94,41.42,41.53,4772510
1478179800,2016-11-03 09:30,41.52,41.68,41,41.04,3015469
1478266200,2016-11-04 09:30,41.1,41.665,41.03,41.07,3356618
1478529000,2016-11-07 09:30,41.61,41.94,41.42,41.83,4037164
1478615400,2016-11-08 09:30,41.63,41.96,41.265,41.71,3271507
1478701800,2016-11-09 09:30,40.85,42.62,40.85,42.59,7058328
1478788200,2016-11-10 09:30,43.29,44.215,43.23,43.72,10940236
1478874600,2016-11-11 09:30,43.56,44.49,43.23,44.41,4818937
1479133800,2016-11-14 09:30,44.66,45.88,44.66,45.26,11743229
1479220200,2016-11-15 09:30,45.5,45.53,44.53,45.06,7622962
1479306600,2016-11-16 09:30,44.97,45.54,44.96,45.28,4221627
1479393000,2016-11-17 09:30,45.28,45.74,45.04,45.74,7499547
1479479400,2016-11-18 09:30,45.31,45.67,44.94,45.31,7407590
1479738600,2016-11-21 09:30,45.34,45.68,45.34,45.54,4596129
1479825000,2016-11-22 09:30,45.94,46.7,45.91,46.6,9901615
1479911400,2016-11-23 09:30,46.48,46.88,46.39,46.83,4663533
1480084200,2016-11-25 09:30,47.02,47.14,46.63,46.64,1469437
1480343400,2016-11-28 09:30,46.67,46.67,45.84,46.07,5674513
1480429800,2016-11-29 09:30,46.43,46.45,45.94,46.01,3842231
1480516200,2016-11-30 09:30,45.84,46.12,45.55,45.71,5796165
1480602600,2016-12-01 09:30,45.37,46.02,45.26,45.51,8470678
1480689000,2016-12-02 09:30,45.62,46.01,45.55,45.61,3147540
1480948200,2016-12-05 09:30,45.79,46.35,45.7,46.24,2961160
1481034600,2016-12-06 09:30,46.2,46.675,45.965,46.67,4246916
1481121000,2016-12-07 09:30,46.64,47.54,46.52,47.5,5201202
1481207400,2016-12-08 09:30,47.52,48.26,47.52,48.16,3443778
1481293800,2016-12-09 09:30,48.14,48.205,47.727,47.94,4951925
1481553000,2016-12-12 09:30,47.68,47.88,46.895,47.09,10758401
1481639400,2016-12-13 09:30,47.22,47.46,46.84,47.09,4487248
1481725800,2016-12-14 09:30,47.11,47.16,46.51,46.54,8539088
1481812200,2016-12-15 09:30,46.59,46.98,46.48,46.55,4670248
1481898600,2016-12-16 09:30,46.2,46.58,45.78,45.91,5317863
1482157800,2016-12-19 09:30,45.97,46.4,45.97,46.12,2223403
1482244200,2016-12-20 09:30,46.21,46.85,46.21,46.75,2910398
1482330600,2016-12-21 09:30,46.62,46.78,46.345,46.36,1649584
1482417000,2016-12-22 09:30,46.35,46.35,44.68,44.74,11685620
1482503400,2016-12-23 09:30,44.79,45.05,44.4,44.48,8853122
1482849000,2016-12-27 09:30,44.55,45.17,44.55,44.91,3563062
1482935400,2016-12-28 09:30,44.94,45.24,44.295,44.37,3302081
1483021800,2016-12-29 09:30,44.4,44.83,44.09,44.25,6272207
1483108200,2016-12-30 09:30,44.45,44.7623,43.93,44.07,5415861
1483453800,2017-01-03 09:30,44.35,44.69,43.94,44.3,8374684
1483540200,2017-01-04 09:30,44.49,45.34,44.325,45.17,8102339
1483626600,2017-01-05 09:30,44.21,44.41,43.67,44.02,9777885
1483713000,2017-01-06 09:30,44.1,44.15,43.705,43.71,5322010
1483972200,2017-01-09 09:30,43.74,43.9989,43.63,43.82,5008774
1484058600,2017-01-10 09:30,43.83,44.575,43.763,44.33,7495698
1484145000,2017-01-11 09:30,44.3,44.4456,43.705,44.05,7174183
1484231400,2017-01-12 09:30,43.94,44.12,43.51,43.97,6807490
1484317800,2017-01-13 09:30,44.04,44.36,43.94,44.01,3541308
1484663400,2017-01-17 09:30,44.55,45.05,44.15,44.36,12339981
1484749800,2017-01-18 09:30,44.04,44.44,43.75,44.32,6454396
1484836200,2017-01-19 09:30,44.29,44.3031,43.35,43.52,6840828
1484922600,2017-01-20 09:30,43.75,43.89,43.205,43.43,3954127
1485181800,2017-01-23 09:30,43.21,43.42,42.94,43.07,3045088
1485268200,2017-01-24 09:30,43.09,43.69,43.09,43.64,2946001
1485354600,2017-01-25 09:30,43.87,44.12,43.63,43.82,3114513
1485441000,2017-01-26 09:30,43.83,44.07,43.27,43.27,6249736
1485527400,2017-01-27 09:30,43.38,43.4,42.6,42.69,10077370
1485786600,2017-01-30 09:30,42.53,42.83,42.111,42.83,7698012
1485873000,2017-01-31 09:30,42.34,43.28,42.27,43.2,10784249
1485959400,2017-02-01 09:30,43.2,43.31,42.67,42.78,6963899
1486045800,2017-02-02 09:30,42.83,43.2466,42.525,42.72,6318709
1486132200,2017-02-03 09:30,42.65,43.55,42.65,43.03,10131609
1486391400,2017-02-06 09:30,42.94,43.125,42.51,42.57,5159181
1486477800,2017-02-07 09:30,42.71,42.82,42.33,42.34,2252764
1486564200,2017-02-08 09:30,42.41,43.06,42.23,43,8455022
1486650600,2017-02-09 09:30,42.99,43.895,42.8038,43.74,8515006
1486737000,2017-02-10 09:30,43.93,44.15,43.56,44.04,13133413
1486996200,2017-02-13 09:30,44.18,44.25,43.5,43.5,5179259
1487082600,2017-02-14 09:30,43.43,43.98,43.4,43.95,8154309
1487169000,2017-02-15 09:30,43.9,44.37,43.84,44.35,6852268
1487255400,2017-02-16 09:30,44.18,44.29,43.36,43.43,6745086
1487341800,2017-02-17 09:30,43.45,43.82,43.3,43.82,6020469
1487687400,2017-02-21 09:30,44.15,44.39,44,44.31,5765874
1487773800,2017-02-22 09:30,44.38,44.44,44.01,44.13,6287874
1487860200,2017-02-23 09:30,44.2,44.2,43.04,43.1,10917999
1487946600,2017-02-24 09:30,42.95,44.2,42.87,43.72,18104347
1488205800,2017-02-27 09:30,43.64,44.04,43.4801,44.03,7622788
1488292200,2017-02-28 09:30,43.71,43.71,42.81,42.93,7482982
1488378600,2017-03-01 09:30,43.35,43.44,42.47,42.89,8942299
1488465000,2017-03-02 09:30,43.05,43.51,42.86,43.34,5761844
1488551400,2017-03-03 09:30,43.21,43.49,42.54,42.72,9407487
1488810600,2017-03-06 09:30,42.59,42.61,42.18,42.34,8403417
1488897000,2017-03-07 09:30,42.25,42.42,41.87,41.94,5836916
1488983400,2017-03-08 09:30,41.96,42.55,41.92,42.37,5129051
1489069800,2017-03-09 09:30,42.22,42.289,41.78,41.83,6466035
1489156200,2017-03-10 09:30,42.06,42.43,41.95,42.14,4301439
1489411800,2017-03-13 09:30,42.07,42.21,41.68,41.88,5402665
1489498200,2017-03-14 09:30,41.89,42,41.54,41.91,4169819
1489584600,2017-03-15 09:30,42.01,42.4,41.79,42.3,6042041
1489671000,2017-03-16 09:30,42.26,42.655,42.13,42.43,5675907
1489757400,2017-03-17 09:30,42.43,42.64,42.15,42.44,6384946
1490016600,2017-03-20 09:30,42.49,42.63,41.68,41.7871,6142081
1490103000,2017-03-21 09:30,41.9,41.99,40.64,40.96,9795077
1490189400,2017-03-22 09:30,40.84,40.96,40.49,40.9,5996113
1490275800,2017-03-23 09:30,40.99,41.6,40.92,41.21,3957702
1490362200,2017-03-24 09:30,41.13,41.25,40.83,41.1,3820269
1490621400,2017-03-27 09:30,40.8,41.47,40.66,41.28,6125619
1490707800,2017-03-28 09:30,41.23,41.72,41.1,41.72,4591698
1490794200,2017-03-29 09:30,41.64,42.66,41.5865,42.54,6857923
1490880600,2017-03-30 09:30,42.24,42.66,42.24,42.59,4761290
1490967000,2017-03-31 09:30,42.5,42.6,42.24,42.24,3601889
1491226200,2017-04-03 09:30,42.28,42.37,41.5127,41.6,4259068
1491312600,2017-04-04 09:30,41.55,41.61,41.1,41.22,6463265
1491399000,2017-04-05 09:30,41.43,41.69,40.7,40.82,7846411
1491485400,2017-04-06 09:30,41.11,41.86,41.06,41.65,6850680
1491571800,2017-04-07 09:30,41.63,41.75,41.42,41.51,3064997
1491831000,2017-04-10 09:30,41.58,42.32,41.58,42.11,4973468
1491917400,2017-04-11 09:30,42.04,42.5,41.88,42.5,5334912
1492003800,2017-04-12 09:30,42.33,42.43,42.01,42.04,2376078
1492090200,2017-04-13 09:30,42.04,42.16,41.54,41.65,3704556
1492435800,2017-04-17 09:30,41.72,42.02,41.59,42.02,3824880
1492522200,2017-04-18 09:30,42,42.22,41.87,42.18,1881404
1492608600,2017-04-19 09:30,42.23,42.8499,42.23,42.43,3588853
1492695000,2017-04-20 09:30,42.84,43.455,42.64,43.22,10454681
1492781400,2017-04-21 09:30,43.18,43.22,42.68,42.89,6240155
1493040600,2017-04-24 09:30,43.42,43.58,42.94,43.15,6182999
1493127000,2017-04-25 09:30,43.24,43.54,42.94,43.11,5247338
1493213400,2017-04-26 09:30,43.22,43.81,43.15,43.53,5333178
1493299800,2017-04-27 09:30,43.52,43.67,43.1976,43.47,4350180
1493386200,2017-04-28 09:30,43.41,43.43,42.77,42.91,5563439
1493645400,2017-05-01 09:30,43.1,43.15,42.76,42.88,2286287
1493731800,2017-05-02 09:30,43,43.35,42.74,43.31,3083301
1493818200,2017-05-03 09:30,43.01,43.27,42.79,43.02,4037698
1493904600,2017-05-04 09:30,42.98,43.25,42.67,42.77,2608562
1493991000,2017-05-05 09:30,42.91,43.39,42.73,43.39,3099954
1494250200,2017-05-08 09:30,43.41,43.56,43.22,43.26,2119068
1494336600,2017-05-09 09:30,43.43,43.96,43.43,43.79,2403827
1494423000,2017-05-10 09:30,43.74,44.2,43.69,44.1,3775476
1494509400,2017-05-11 09:30,43.65,43.77,42.68,42.91,8783158
1494595800,2017-05-12 09:30,42.75,42.78,42.065,42.13,6413088
1494855000,2017-05-15 09:30,42.2,42.57,42,42.07,5115454
1494941400,2017-05-16 09:30,41.98,42.07,41.51,41.74,4402086
1495027800,2017-05-17 09:30,41.55,41.62,40.88,40.88,4927902
1495114200,2017-05-18 09:30,41.06,41.29,40.82,40.97,5285754
1495200600,2017-05-19 09:30,40.97,41.12,40.59,40.96,5771667
1495459800,2017-05-22 09:30,40.96,41.4,40.94,41.31,2347465
1495546200,2017-05-23 09:30,41.29,41.48,40.55,40.55,4510751
1495632600,2017-05-24 09:30,40.45,40.63,40.14,40.4,5928884
1495719000,2017-05-25 09:30,40.9,41.22,40.76,40.81,5359864
1495805400,2017-05-26 09:30,40.87,41.08,40.505,40.82,1822080
1496151000,2017-05-30 09:30,40.75,40.9701,40.685,40.75,3566019
1496237400,2017-05-31 09:30,40.85,40.94,40.14,40.74,3178092
1496323800,2017-06-01 09:30,40.72,41.655,40.55,41.64,6632498
1496410200,2017-06-02 09:30,41.6,41.71,41.16,41.3,3136809
1496669400,2017-06-05 09:30,41.26,41.38,40.98,41.29,2370482
1496755800,2017-06-06 09:30,40.92,41.2,40.31,40.39,6940275
1496842200,2017-06-07 09:30,40.45,40.61,40.32,40.55,2174825
1496928600,2017-06-08 09:30,40.81,40.98,40.45,40.46,3595242
1497015000,2017-06-09 09:30,40.55,41.11,40.39,41.04,3952469
1497274200,2017-06-12 09:30,40.94,41.6,40.94,41.15,6653696
1497360600,2017-06-13 09:30,41.31,41.47,40.85,41.26,3604986
1497447000,2017-06-14 09:30,41.19,41.26,40.79,41.17,3498955
1497533400,2017-06-15 09:30,40.83,40.98,40.31,40.66,3653804
1497619800,2017-06-16 09:30,39.79,40.02,39.16,39.97,8229252
1497879000,2017-06-19 09:30,40.14,40.3,39.63,40.14,4114930
1497965400,2017-06-20 09:30,40.07,40.07,39.28,39.32,4879945
1498051800,2017-06-21 09:30,39.23,39.45,38.65,38.8,2744081
1498138200,2017-06-22 09:30,38.81,39.285,38.7555,39.06,2479737
1498224600,2017-06-23 09:30,39,39.53,38.84,39.53,3222528
1498483800,2017-06-26 09:30,39.6,40.28,39.5,40.25,3291982
1498570200,2017-06-27 09:30,40.14,40.69,40.09,40.25,3965847
1498656600,2017-06-28 09:30,40.4,40.88,40.3799,40.58,3333606
1498743000,2017-06-29 09:30,40.44,40.895,40.06,40.48,8071001
1498829400,2017-06-30 09:30,40.69,40.83,40.325,40.72,2566547
1499088600,2017-07-03 09:30,40.87,41.22,40.83,41.02,1475183
1499261400,2017-07-05 09:30,40.71,40.93,40.2,40.33,2798381
1499347800,2017-07-06 09:30,40.48,40.48,39.375,39.46,5122985
1499434200,2017-07-07 09:30,39.65,39.85,39.39,39.7,2587244
1499693400,2017-07-10 09:30,39.5,39.69,38.75,38.75,4910304
1499779800,2017-07-11 09:30,38.87,38.995,38.53,38.79,2351748
1499866200,2017-07-12 09:30,39.01,39.35,38.941,39.03,8401546
1499952600,2017-07-13 09:30,39.37,40.04,39.3,39.93,9267918
1500039000,2017-07-14 09:30,40.04,40.231,39.6272,39.86,3991970
1500298200,2017-07-17 09:30,39.89,40.44,39.89,40.22,5023350
1500384600,2017-07-18 09:30,40.23,40.28,39.9,40.12,2559736
1500471000,2017-07-19 09:30,40.2,40.58,40.2,40.5,2170200
1500557400,2017-07-20 09:30,40.7,40.82,40.485,40.59,2468759
1500643800,2017-07-21 09:30,40.7,40.7,40.16,40.36,1647910
1500903000,2017-07-24 09:30,40.17,40.21,39.675,39.76,2800228
1500989400,2017-07-25 09:30,39.86,40.87,39.86,40.81,7015548
1501075800,2017-07-26 09:30,40.77,40.98,40.4,40.81,4525228
1501162200,2017-07-27 09:30,40.89,41.44,40.74,41.37,11153601
1501248600,2017-07-28 09:30,41.26,41.36,41.015,41.32,2492800
1501507800,2017-07-31 09:30,41.47,41.53,40.655,41.16,5508505
1501594200,2017-08-01 09:30,41.18,41.33,40.709,41.3,7060881
1501680600,2017-08-02 09:30,41.07,41.33,40.58,40.77,3506206
1501767000,2017-08-03 09:30,40.84,41.25,40.64,40.69,2454540
1501853400,2017-08-04 09:30,40.85,41.19,40.75,41.11,3389092
1502112600,2017-08-07 09:30,41.12,41.51,40.99,41.33,2910569
1502199000,2017-08-08 09:30,41.7,41.73,40.99,41.11,4774761
1502285400,2017-08-09 09:30,40.64,40.77,40.22,40.64,7589443
1502371800,2017-08-10 09:30,40.3,40.405,39.35,39.4,7730707
1502458200,2017-08-11 09:30,39.62,39.75,39.25,39.65,3307256
1502717400,2017-08-14 09:30,39.95,40.07,39.61,39.66,2397184
1502803800,2017-08-15 09:30,39.13,39.25,38.59,38.59,6250049
1502890200,2017-08-16 09:30,38.86,39.26,38.86,38.96,4440665
1502976600,2017-08-17 09:30,38.69,38.97,38.26,38.32,4270076
1503063000,2017-08-18 09:30,38.06,38.28,37.951,38.19,3647189
1503322200,2017-08-21 09:30,38.08,38.1,37.715,37.93,3540594
1503408600,2017-08-22 09:30,38.23,38.57,38.18,38.45,2764751
1503495000,2017-08-23 09:30,38.53,38.725,38.36,38.49,2930694
1503581400,2017-08-24 09:30,39.44,39.71,38.73,38.84,6365994
1503667800,2017-08-25 09:30,39,39.4,38.82,39.3,2445275
1503927000,2017-08-28 09:30,39.24,39.315,38.885,39.13,3154866
1504013400,2017-08-29 09:30,38.58,38.94,38.38,38.9,2207106
1504099800,2017-08-30 09:30,38.9,39.18,38.7,38.99,2163637
1504186200,2017-08-31 09:30,39.1,39.31,38.99,39.17,1647592
1504272600,2017-09-01 09:30,39.26,39.77,39.26,39.7,2360476
1504618200,2017-09-05 09:30,39.58,39.88,39.27,39.66,2292654
1504704600,2017-09-06 09:30,39.67,40.225,39.65,40.18,4478909
1504791000,2017-09-07 09:30,40.37,40.52,40.12,40.37,4440511
1504877400,2017-09-08 09:30,40.26,40.395,39.855,40.08,2330922
1505136600,2017-09-11 09:30,40.24,40.44,40.195,40.34,3541481
1505223000,2017-09-12 09:30,40.45,41.17,40.43,40.95,4780900
1505309400,2017-09-13 09:30,41.18,41.54,41.11,41.38,4615072
1505395800,2017-09-14 09:30,41.25,41.39,40.94,41.07,2536633
1505482200,2017-09-15 09:30,40.61,41.22,40.61,41.2,3830691
1505741400,2017-09-18 09:30,41.33,41.52,40.91,41.04,3608727
1505827800,2017-09-19 09:30,40.94,41.1,40.43,40.62,3968282
1505914200,2017-09-20 09:30,40.39,40.66,40.23,40.51,3481374
1506000600,2017-09-21 09:30,40.59,40.61,40.26,40.31,2461043
1506087000,2017-09-22 09:30,40.22,40.87,40.198,40.8,2629918
1506346200,2017-09-25 09:30,40.78,41.38,40.78,41.2,3605777
1506432600,2017-09-26 09:30,41.35,41.58,41.22,41.46,2873259
1506519000,2017-09-27 09:30,41.85,41.99,41.29,41.96,7964002
1506605400,2017-09-28 09:30,41.87,41.9,41.44,41.73,2149686
1506691800,2017-09-29 09:30,41.95,41.97,41.72,41.77,2089942
1506951000,2017-10-02 09:30,41.68,41.84,41.35,41.76,3852329
1507037400,2017-10-03 09:30,41.87,41.99,41.65,41.9,2309575
1507123800,2017-10-04 09:30,41.79,41.97,41.555,41.59,3005035
1507210200,2017-10-05 09:30,41.67,41.96,41.57,41.9,3294274
1507296600,2017-10-06 09:30,41.39,41.88,41.39,41.65,2672720
1507555800,2017-10-09 09:30,41.67,41.72,40.83,40.86,4011458
1507642200,2017-10-10 09:30,40.98,41.3,40.815,40.97,2857467
1507728600,2017-10-11 09:30,41,41.09,40.26,40.41,7339290
1507815000,2017-10-12 09:30,40.22,40.33,39.5,39.88,7304061
1507901400,2017-10-13 09:30,40.01,40.39,39.79,40,3345202
1508160600,2017-10-16 09:30,39.96,40,39.58,39.73,3314040
1508247000,2017-10-17 09:30,39.74,40.13,39.73,40.02,2265555
1508333400,2017-10-18 09:30,40.13,40.53,40.07,40.27,4468673
1508419800,2017-10-19 09:30,40.17,40.23,39.8808,40.16,2735367
1508506200,2017-10-20 09:30,40.52,40.75,40.37,40.65,5208170
1508765400,2017-10-23 09:30,40.82,41.26,40.72,40.77,5248009
1508851800,2017-10-24 09:30,40.88,41.0375,40.7,40.9,1890458
1508938200,2017-10-25 09:30,40.92,40.92,40.07,40.59,2824272
1509024600,2017-10-26 09:30,40.53,40.99,40.4,40.75,2475533
1509111000,2017-10-27 09:30,40.25,40.25,39.74,40.14,5090552
1509370200,2017-10-30 09:30,39.9,39.95,39.31,39.48,5474963
1509456600,2017-10-31 09:30,39.58,39.87,39.45,39.49,5914761
1509543000,2017-11-01 09:30,39.74,39.9453,39.27,39.58,5581458
1509629400,2017-11-02 09:30,39.74,40.2,39.55,40.04,6746940
1509715800,2017-11-03 09:30,40.03,40.13,39.8,39.88,5265758
1509978600,2017-11-06 09:30,39.93,40.225,39.79,39.94,4456186
1510065000,2017-11-07 09:30,39.82,39.86,38.85,39,5276041
1510151400,2017-11-08 09:30,38.86,39.215,38.69,39.07,5039842
1510237800,2017-11-09 09:30,38.8,39.9,38.8,39.71,7895340
1510324200,2017-11-10 09:30,39.8,40.23,39.715,40.18,6747001
1510583400,2017-11-13 09:30,40.03,40.2,39.59,39.7,5412898
1510669800,2017-11-14 09:30,39.46,39.9,39.43,39.8,4017819
1510756200,2017-11-15 09:30,39.57,40.185,39.23,39.88,3847723
1510842600,2017-11-16 09:30,40.06,40.75,39.96,40.61,4352872
1510929000,2017-11-17 09:30,41.46,41.79,41.365,41.75,11858026
1511188200,2017-11-20 09:30,41.88,42.12,41.57,42.1,4860224
1511274600,2017-11-21 09:30,41.91,41.92,41.425,41.58,6179308
1511361000,2017-11-22 09:30,41.64,41.91,41.46,41.7,3921225
1511533800,2017-11-24 09:30,41.86,41.95,41.49,41.52,4983866
1511793000,2017-11-27 09:30,41.69,42.15,41.4,41.6,6385347
1511879400,2017-11-28 09:30,41.72,42.93,41.66,42.87,10794712
1511965800,2017-11-29 09:30,43.06,44.23,42.95,43.94,18395967
1512052200,2017-11-30 09:30,44.14,44.83,43.675,43.73,12761388
1512138600,2017-12-01 09:30,43.65,43.84,42.61,43.52,10558991
1512397800,2017-12-04 09:30,44.03,44.99,44,44.52,17947272
1512484200,2017-12-05 09:30,44.67,44.67,43.99,44.07,8750305
1512570600,2017-12-06 09:30,44.17,44.45,43.88,44.11,7760712
1512657000,2017-12-07 09:30,44.37,44.81,44.16,44.41,5410583
1512743400,2017-12-08 09:30,44.52,45.035,44.35,44.93,6350325
1513002600,2017-12-11 09:30,45.01,45.12,44.59,44.82,5037048
1513089000,2017-12-12 09:30,44.88,45.05,44.16,44.19,8002435
1513175400,2017-12-13 09:30,44.28,44.91,44.25,44.65,7192014
1513261800,2017-12-14 09:30,44.89,44.98,43.545,43.82,11242102
1513348200,2017-12-15 09:30,43.75,44.59,43.75,44.28,8276977
1513607400,2017-12-18 09:30,44.67,45.505,44.52,45.46,7173663
1513693800,2017-12-19 09:30,45.52,45.58,44.97,45.05,3217929
1513780200,2017-12-20 09:30,45.31,45.51,44.99,45.2,2980431
1513866600,2017-12-21 09:30,45.35,45.48,45.09,45.39,2343214
1513953000,2017-12-22 09:30,45.33,45.55,45.08,45.51,2840088
1514298600,2017-12-26 09:30,45.56,46.19,45.52,46.02,3655742
1514385000,2017-12-27 09:30,46.09,46.09,45.42,45.47,3015246
1514471400,2017-12-28 09:30,45.48,45.54,45.21,45.52,3525565
1514557800,2017-12-29 09:30,45.57,45.72,45.16,45.18,3838797
1514903400,2018-01-02 09:30,45.5,46.115,45.3,46.01,3760899
1514989800,2018-01-03 09:30,46.02,46.33,45.675,45.98,8779614
1515076200,2018-01-04 09:30,46.08,46.2992,44.87,45.71,17627157
1515162600,2018-01-05 09:30,45.59,46.13,45.59,46.11,5483968
1515421800,2018-01-08 09:30,46.32,46.45,45.69,46.3,6099818
1515508200,2018-01-09 09:30,46.24,46.26,45.66,45.81,7205245
1515594600,2018-01-10 09:30,45.57,46.25,45.5,46.14,3302337
1515681000,2018-01-11 09:30,46.22,47.37,46.08,47.28,8989228
1515767400,2018-01-12 09:30,47.43,48.09,47.39,47.82,8708080
1516113000,2018-01-16 09:30,48.01,48.38,46.6,46.8,5750446
1516199400,2018-01-17 09:30,46.86,47.47,46.83,47.29,5865590
1516285800,2018-01-18 09:30,47.45,47.63,47.21,47.42,2705433
1516372200,2018-01-19 09:30,47.54,48.31,47.42,48.3,5026548
1516631400,2018-01-22 09:30,48.38,48.91,48.17,48.91,4482899
1516717800,2018-01-23 09:30,48.87,48.96,48.32,48.85,7921383
1516804200,2018-01-24 09:30,48.97,49.0887,48.08,48.51,3190798
1516890600,2018-01-25 09:30,48.7,48.71,48.1,48.35,3672043
1516977000,2018-01-26 09:30,48.5,48.85,48.07,48.84,3055077
1517236200,2018-01-29 09:30,48.67,49.06,48.5,48.76,2664238
1517322600,2018-01-30 09:30,48.3,48.48,47.49,47.67,6831435
1517409000,2018-01-31 09:30,47.99,48.2,46.86,47.22,7384784
1517495400,2018-02-01 09:30,46.87,47.18,46.43,46.73,4918314
1517581800,2018-02-02 09:30,46.43,46.59,45.37,45.49,7860118
1517841000,2018-02-05 09:30,45.09,45.82,44,44.02,9917723
1517927400,2018-02-06 09:30,43.49,45.58,42.77,45.3,8535200
1518013800,2018-02-07 09:30,45.21,46.19,45.14,45.75,5951359
1518100200,2018-02-08 09:30,45.95,46.14,44.41,44.43,7940528
1518186600,2018-02-09 09:30,44.66,45.16,42.87,44.74,12785421
1518445800,2018-02-12 09:30,44.99,45.22,43.9,44.73,5623602
1518532200,2018-02-13 09:30,44.72,45.12,44.63,44.95,2894051
1518618600,2018-02-14 09:30,44.62,46.02,44.52,45.77,6525449
1518705000,2018-02-15 09:30,46.17,46.31,45.57,46.3,3419169
1518791400,2018-02-16 09:30,46.07,46.73,45.97,46.21,2934342
1519137000,2018-02-20 09:30,45.79,46.16,45.165,45.3,4751112
1519223400,2018-02-21 09:30,45.45,46.15,45.31,45.34,4607674
1519309800,2018-02-22 09:30,45.39,45.725,45.14,45.26,3986592
1519396200,2018-02-23 09:30,45.56,46,45.2,45.96,3898867
1519655400,2018-02-26 09:30,46.22,46.44,45.6785,46.11,3671154
1519741800,2018-02-27 09:30,46.4,46.81,45.15,45.17,7129904
1519828200,2018-02-28 09:30,45.7,45.96,45.25,45.28,5280124
1519914600,2018-03-01 09:30,45.14,45.33,44.23,44.85,5694311
1520001000,2018-03-02 09:30,44.24,45.4,43.96,45.31,4780601
1520260200,2018-03-05 09:30,45.13,45.64,44.885,45.53,2879223
1520346600,2018-03-06 09:30,45.6,46.21,45.4,46.17,4394090
1520433000,2018-03-07 09:30,45.62,46.01,45.27,45.54,6383324
1520519400,2018-03-08 09:30,45.75,45.87,44.735,44.77,4473579
1520605800,2018-03-09 09:30,45.05,45.47,44.82,45.45,5404110
1520861400,2018-03-12 09:30,45.45,45.86,45.1625,45.3,3949724
1520947800,2018-03-13 09:30,45.4,45.735,45.12,45.19,5564314
1521034200,2018-03-14 09:30,45.41,45.44,44.79,44.93,4364009
1521120600,2018-03-15 09:30,45.12,45.26,44.49,44.65,6195803
1521207000,2018-03-16 09:30,44.4,45.09,44.26,44.74,9455686
1521466200,2018-03-19 09:30,44.71,44.735,44.075,44.4,3927781
1521552600,2018-03-20 09:30,44.28,44.34,43.96,44.05,7136662
1521639000,2018-03-21 09:30,44.01,44.52,43.93,44.06,3248560
1521725400,2018-03-22 09:30,43.86,44.22,43.37,43.37,4878796
1521811800,2018-03-23 09:30,43.56,43.79,42.9301,42.96,4042602
1522071000,2018-03-26 09:30,43.65,44.36,43.38,44.32,6268313
1522157400,2018-03-27 09:30,44.3,44.4,43.235,43.42,6082720
1522243800,2018-03-28 09:30,43.56,44.42,43.295,43.87,8235474
1522330200,2018-03-29 09:30,44,44.45,43.935,44.3,4016854
1522675800,2018-04-02 09:30,44.09,44.28,42.7,43.13,4972604
1522762200,2018-04-03 09:30,43.32,43.76,43.22,43.69,6379228
1522848600,2018-04-04 09:30,43.19,44.99,43.06,44.9,4707471
1522935000,2018-04-05 09:30,45,45.39,44.5,45.26,3085122
1523021400,2018-04-06 09:30,44.9,45.31,44.12,44.49,4329346
1523280600,2018-04-09 09:30,44.77,44.87,44.18,44.23,3905892
1523367000,2018-04-10 09:30,44.7,45.255,44.57,45.15,3726048
1523453400,2018-04-11 09:30,44.92,45.33,44.86,45.03,1660909
1523539800,2018-04-12 09:30,45.11,45.39,45.05,45.09,3063047
1523626200,2018-04-13 09:30,45.21,45.43,44.28,44.49,3485934
1523885400,2018-04-16 09:30,44.74,45.15,44.37,44.81,4025172
1523971800,2018-04-17 09:30,45.1,45.375,45.03,45.1,1806233
1524058200,2018-04-18 09:30,45.25,45.72,45.12,45.12,3085979
1524144600,2018-04-19 09:30,44.92,45.2,44.26,44.57,5538766
1524231000,2018-04-20 09:30,44.5,44.71,43.855,43.98,7512126
1524490200,2018-04-23 09:30,44.05,44.6,43.94,44.45,4565881
1524576600,2018-04-24 09:30,44.59,45,44.095,44.36,3354729
1524663000,2018-04-25 09:30,44.22,44.76,43.995,44.61,2904292
1524749400,2018-04-26 09:30,44.79,45.41,44.73,45.26,3899807
1524835800,2018-04-27 09:30,45.3,45.8185,45.18,45.72,3676636
1525095000,2018-04-30 09:30,45.81,46.01,45.1,45.18,3859173
1525181400,2018-05-01 09:30,45.11,45.27,44.45,45.06,4361914
1525267800,2018-05-02 09:30,45.03,45.56,44.62,45.24,2804870
1525354200,2018-05-03 09:30,45.08,45.28,44.47,44.71,4243064
1525440600,2018-05-04 09:30,44.68,45.255,44.25,44.99,4147984
1525699800,2018-05-07 09:30,45.06,45.12,44.48,44.78,4397000
1525786200,2018-05-08 09:30,44.6,44.97,44.4899,44.75,3085154
1525872600,2018-05-09 09:30,44.98,45.39,44.68,45.2,5197645
1525959000,2018-05-10 09:30,45.18,45.345,44.81,45.14,2503732
1526045400,2018-05-11 09:30,45.11,45.63,44.9,45.55,5036626
1526304600,2018-05-14 09:30,45.65,46.19,45.65,46.06,5080153
1526391000,2018-05-15 09:30,45.94,46.36,45.75,46.2,4380575
1526477400,2018-05-16 09:30,46.6,47.215,46.6,46.95,7845336
1526563800,2018-05-17 09:30,46.88,47.33,46.78,47,4409074
1526650200,2018-05-18 09:30,46.93,46.95,46.51,46.51,3181730
1526909400,2018-05-21 09:30,46.76,47.01,46.68,46.77,3506439
1526995800,2018-05-22 09:30,46.91,47.06,45.88,45.95,6487292
1527082200,2018-05-23 09:30,45.74,46.39,45.74,46.28,2615179
1527168600,2018-05-24 09:30,46.05,46.805,46.05,46.66,2732482
1527255000,2018-05-25 09:30,46.53,46.77,46.415,46.66,4694400
1527600600,2018-05-29 09:30,46.51,46.72,46.28,46.63,3357281
1527687000,2018-05-30 09:30,46.67,47.285,46.46,47.26,2922451
1527773400,2018-05-31 09:30,47.3,47.39,46.18,46.37,5071006
1527859800,2018-06-01 09:30,46.35,46.75,46.25,46.62,3840792
1528119000,2018-06-04 09:30,46.74,47.695,46.74,47.64,4428577
1528205400,2018-06-05 09:30,47.65,48.58,47.52,48.49,5339360
1528291800,2018-06-06 09:30,48.72,48.9,48.39,48.83,4359956
1528378200,2018-06-07 09:30,49,49.66,48.99,49.12,7237489
1528464600,2018-06-08 09:30,48.95,49.61,48.95,49.55,3773229
1528723800,2018-06-11 09:30,49.58,50.2,49.58,50.07,7630015
1528810200,2018-06-12 09:30,50.3,50.66,49.9,50.25,9413437
1528896600,2018-06-13 09:30,50.27,50.42,49.6,49.63,5891223
1528983000,2018-06-14 09:30,49.42,49.52,48.98,49.21,7021981
1529069400,2018-06-15 09:30,48.81,49.36,48.81,49.36,6424912
1529328600,2018-06-18 09:30,48.99,49.98,48.99,49.83,3852852
1529415000,2018-06-19 09:30,49.48,50.09,49.36,50.05,3056064
1529501400,2018-06-20 09:30,50.26,50.6675,49.89,50.56,4199264
1529587800,2018-06-21 09:30,50.52,50.979,50.5,50.61,3277182
1529674200,2018-06-22 09:30,51.04,51.04,50.12,50.44,4851217
1529933400,2018-06-25 09:30,50.14,50.29,49.355,49.65,7420402
1530019800,2018-06-26 09:30,49.77,49.91,49.41,49.85,5730935
1530106200,2018-06-27 09:30,49.9,50.33,49.09,49.1,4974553
1530192600,2018-06-28 09:30,48.87,49.36,48.65,49.11,6228466
1530279000,2018-06-29 09:30,49.42,49.6,48.53,48.56,6035947
1530538200,2018-07-02 09:30,48.25,48.49,47.9,48.47,6441595
1530624600,2018-07-03 09:30,48.66,49.22,48.64,48.72,4033145
1530797400,2018-07-05 09:30,48.99,49.3,48.585,49.28,4271034
1530883800,2018-07-06 09:30,49.2,49.91,49.2,49.83,5033153
1531143000,2018-07-09 09:30,50,50.13,49.675,49.97,4604039
1531229400,2018-07-10 09:30,49.98,50.03,49.36,49.61,6854165
1531315800,2018-07-11 09:30,49.31,49.42,48.79,49.15,7044131
1531402200,2018-07-12 09:30,49.22,49.2544,48.505,48.95,10238380
1531488600,2018-07-13 09:30,49,49.57,49,49.22,4760280
1531747800,2018-07-16 09:30,49.31,49.49,48.95,49.32,3288576
1531834200,2018-07-17 09:30,49.06,50.03,49.06,49.91,5824311
1531920600,2018-07-18 09:30,49.78,50.09,49.575,50.08,4578612
1532007000,2018-07-19 09:30,50.01,50.785,49.99,50.63,5383868
1532093400,2018-07-20 09:30,50.4,50.65,49.97,50.07,3693222
1532352600,2018-07-23 09:30,49.92,50.24,49.8,50.02,3234139
1532439000,2018-07-24 09:30,50.2,50.41,49.04,49.2,9337387
1532525400,2018-07-25 09:30,49,49.7,48.85,49.67,5005868
1532611800,2018-07-26 09:30,50.03,50.85,49.765,50.13,12088125
1532698200,2018-07-27 09:30,50.2,50.5,49.17,49.34,5107232
1532957400,2018-07-30 09:30,49.29,49.79,49.26,49.56,4993516
1533043800,2018-07-31 09:30,49.56,49.855,49.29,49.63,4012763
1533130200,2018-08-01 09:30,49.44,49.67,48.745,49.05,4743939
1533216600,2018-08-02 09:30,48.82,49.62,48.53,49.56,6256802
1533303000,2018-08-03 09:30,49.64,50.05,49.6,49.99,4402803
1533562200,2018-08-06 09:30,49.94,50.29,49.68,50.29,4694045
1533648600,2018-08-07 09:30,50.39,50.79,50.32,50.71,5152241
1533735000,2018-08-08 09:30,50.68,50.82,50.36,50.74,3531457
1533821400,2018-08-09 09:30,50.72,51.34,50.7,50.96,8233612
1533907800,2018-08-10 09:30,50.81,51.46,50.675,50.99,5447096
1534167000,2018-08-13 09:30,51,51.22,50.505,50.71,9210719
1534253400,2018-08-14 09:30,50.93,51.94,50.93,51.86,8184713
1534339800,2018-08-15 09:30,51.5,51.5,50.31,50.45,12111855
1534426200,2018-08-16 09:30,50.85,51,50.58,50.62,6654747
1534512600,2018-08-17 09:30,50.64,51.28,50.56,51.2,4827802
1534771800,2018-08-20 09:30,51.3,51.975,51.26,51.93,8185834
1534858200,2018-08-21 09:30,52.15,52.44,51.98,52.34,5849101
1534944600,2018-08-22 09:30,52.36,52.955,52.195,52.37,9073194
1535031000,2018-08-23 09:30,52.39,52.55,52.01,52.5,4916648
1535117400,2018-08-24 09:30,52.21,52.3,51.69,51.92,5076713
1535376600,2018-08-27 09:30,52.09,52.2,51.4,51.55,6671653
1535463000,2018-08-28 09:30,51.84,51.94,51.43,51.8,5633829
1535549400,2018-08-29 09:30,51.76,51.79,51.07,51.75,5323189
1535635800,2018-08-30 09:30,51.55,51.91,51.32,51.4,5651312
1535722200,2018-08-31 09:30,51.23,52.09,51.21,52.09,5761572
1536067800,2018-09-04 09:30,52.15,52.33,51.74,52.33,6438092
1536154200,2018-09-05 09:30,52.13,52.19,51.48,51.81,3981248
1536240600,2018-09-06 09:30,51.88,51.965,51.11,51.16,5507876
1536327000,2018-09-07 09:30,51.12,51.91,51.04,51.29,5717242
1536586200,2018-09-10 09:30,51.64,51.94,51.51,51.86,4180826
1536672600,2018-09-11 09:30,51.72,52.245,51.7,52.22,4846843
1536759000,2018-09-12 09:30,52.13,52.3,51.57,52.03,4431453
1536845400,2018-09-13 09:30,52.09,52.27,51.53,51.66,3474471
1536931800,2018-09-14 09:30,51.54,51.795,51.29,51.78,4466065
1537191000,2018-09-17 09:30,51.65,51.66,51.17,51.25,7421333
1537277400,2018-09-18 09:30,51.09,51.62,51.09,51.44,4459290
1537363800,2018-09-19 09:30,51.4,51.78,51.29,51.43,6318338
1537450200,2018-09-20 09:30,51.51,51.67,51.24,51.6,5928814
1537536600,2018-09-21 09:30,51.61,51.92,51.315,51.35,4496805
1537795800,2018-09-24 09:30,51.28,51.43,50.755,50.97,4602042
1537882200,2018-09-25 09:30,51.15,51.3,50.755,50.91,5954795
1537968600,2018-09-26 09:30,51.04,51.71,51.02,51.35,5047742
1538055000,2018-09-27 09:30,51.42,51.58,51.13,51.26,4033073
1538141400,2018-09-28 09:30,51.07,51.56,50.99,51.02,4554433
1538400600,2018-10-01 09:30,51.24,51.4,50.61,50.72,5124523
1538487000,2018-10-02 09:30,50.44,50.61,49.06,49.06,15242380
1538573400,2018-10-03 09:30,49.35,49.49,48.865,49.15,9997050
1538659800,2018-10-04 09:30,49.03,49.22,48.45,48.68,6801852
1538746200,2018-10-05 09:30,48.59,48.93,47.82,48.32,9883353
1539005400,2018-10-08 09:30,48.16,48.69,47.91,48.36,9826159
1539091800,2018-10-09 09:30,48.35,49.12,48.24,48.36,9119621
1539178200,2018-10-10 09:30,48.19,48.28,47.12,47.17,9677955
1539264600,2018-10-11 09:30,47.01,47.86,46.51,46.62,8255239
1539351000,2018-10-12 09:30,47.47,47.72,46.8,47.42,7917062
1539610200,2018-10-15 09:30,47.31,47.86,47.12,47.55,7829028
1539696600,2018-10-16 09:30,47.77,48.42,47.37,48.38,7828498
1539783000,2018-10-17 09:30,48.34,48.38,47.03,47.72,6980181
1539869400,2018-10-18 09:30,47.55,47.67,46.5,46.87,7716444
1539955800,2018-10-19 09:30,47.1,47.15,46.15,46.23,8711324
1540215000,2018-10-22 09:30,46.36,47.015,46.36,46.74,7601461
1540301400,2018-10-23 09:30,46.16,47.1101,45.57,46.9,7214288
1540387800,2018-10-24 09:30,46.82,47.59,45.98,45.99,7269287
1540474200,2018-10-25 09:30,46.16,47.16,45.98,46.9,7034231
1540560600,2018-10-26 09:30,46.49,46.755,45.52,46.28,9939413
1540819800,2018-10-29 09:30,46.63,47.49,45.97,46.49,9041857
1540906200,2018-10-30 09:30,46.6,47.98,46.46,47.82,11203386
1540992600,2018-10-31 09:30,48.26,48.28,47.14,47.14,9589941
1541079000,2018-11-01 09:30,47.05,48.03,46.83,47.91,6947256
1541165400,2018-11-02 09:30,48.18,48.67,47.73,48.29,5735810
1541428200,2018-11-05 09:30,48.2,48.63,47.72,48.52,4584424
1541514600,2018-11-06 09:30,48.54,48.8,48.21,48.59,7399367
1541601000,2018-11-07 09:30,48.88,49.13,48.05,49.05,7340172
1541687400,2018-11-08 09:30,49.06,49.92,49,49.62,5650700
1541773800,2018-11-09 09:30,49.48,49.525,48.37,48.65,5109537
1542033000,2018-11-12 09:30,48.59,48.88,48.03,48.2,6435032
1542119400,2018-11-13 09:30,48.36,48.56,47.97,48.17,6058443
1542205800,2018-11-14 09:30,48.58,49.12,47.28,47.43,12208432
1542292200,2018-11-15 09:30,47.1,47.2,46.11,47.11,13515639
1542378600,2018-11-16 09:30,46.33,46.61,45.88,46.46,9642983
1542637800,2018-11-19 09:30,46.51,46.71,45.33,45.51,11331725
1542724200,2018-11-20 09:30,43.96,44.945,43.76,44,14196080
1542810600,2018-11-21 09:30,44.55,45.13,44.35,44.75,8590359
1542983400,2018-11-23 09:30,44.64,45.21,44.6,44.88,4886857
1543242600,2018-11-26 09:30,45.45,45.79,45.2732,45.76,5771149
1543329000,2018-11-27 09:30,45.48,45.93,45.3703,45.87,4911077
1543415400,2018-11-28 09:30,45.95,46.69,45.34,46.62,10093881
1543501800,2018-11-29 09:30,46.64,46.84,46.14,46.35,6639938
1543588200,2018-11-30 09:30,46.25,46.45,46.08,46.35,9058746
1543847400,2018-12-03 09:30,47.03,47.13,46.33,46.98,6839949
1543933800,2018-12-04 09:30,46.9,47.08,44.92,45.25,8812311
1544106600,2018-12-06 09:30,44.55,45.03,43.95,44.99,10222346
1544193000,2018-12-07 09:30,44.68,45.12,43.12,43.31,8290482
1544452200,2018-12-10 09:30,43.51,43.81,42.645,43.49,7868903
1544538600,2018-12-11 09:30,44.04,44.31,42.91,43.3,5463871
1544625000,2018-12-12 09:30,43.63,44.18,43.46,43.69,6635933
1544711400,2018-12-13 09:30,43.59,43.8379,42.34,42.52,7428875
1544797800,2018-12-14 09:30,42.19,42.93,41.88,42.02,10285759
1545057000,2018-12-17 09:30,41.69,42.18,40.8139,41.11,11474625
1545143400,2018-12-18 09:30,41.31,41.745,41.12,41.26,6465274
1545229800,2018-12-19 09:30,41.49,41.88,40.49,40.68,7210709
1545316200,2018-12-20 09:30,40.5,40.76,39.3,39.97,12193873
1545402600,2018-12-21 09:30,39.88,40.56,38.48,38.6,15151540
1545661800,2018-12-24 09:30,38.31,39.12,38.1,38.45,5244419
1545834600,2018-12-26 09:30,38.97,40.73,38.63,40.65,11254701
1545921000,2018-12-27 09:30,40.17,40.57,39.15,40.55,8576690
1546007400,2018-12-28 09:30,40.87,41.4,40.36,40.76,5299147
1546266600,2018-12-31 09:30,41.05,41.23,40.54,40.99,6552131
1546439400,2019-01-02 09:30,40.35,41.85,40.2,41.57,6538368
1546525800,2019-01-03 09:30,41.3,41.63,40.625,40.99,9063478
1546612200,2019-01-04 09:30,41.63,42.57,41.54,42.25,6056492
1546871400,2019-01-07 09:30,42.31,44.05,42.19,43.56,8369324
1546957800,2019-01-08 09:30,44.07,44.15,43.17,43.94,6895059
1547044200,2019-01-09 09:30,44.05,44.64,43.89,44.31,4394731
1547130600,2019-01-10 09:30,42.44,43.6175,42.44,43.6,17426447
1547217000,2019-01-11 09:30,43.51,44.1,43.3,43.83,6533984
1547476200,2019-01-14 09:30,43.55,43.95,43.25,43.51,5438450
1547562600,2019-01-15 09:30,43.54,43.77,43.25,43.65,3381028
1547649000,2019-01-16 09:30,43.51,43.89,43.42,43.75,3958909
1547735400,2019-01-17 09:30,43.43,44.19,43.43,44.04,4277337
1547821800,2019-01-18 09:30,44.44,45.01,44.21,44.86,4872631
1548167400,2019-01-22 09:30,44.61,44.64,43.55,43.76,5176667
1548253800,2019-01-23 09:30,43.94,44.135,43.31,43.8,5531532
1548340200,2019-01-24 09:30,43.74,43.99,43.65,43.96,3238297
1548426600,2019-01-25 09:30,44.42,44.71,44.21,44.67,3497188
1548685800,2019-01-28 09:30,44.29,44.61,43.99,44.54,3550149
1548772200,2019-01-29 09:30,44.43,44.43,43.76,43.91,3202271
1548858600,2019-01-30 09:30,44.22,44.3,43.675,44.08,3898089
1548945000,2019-01-31 09:30,44.07,44.28,43.93,44.16,4582626
1549031400,2019-02-01 09:30,44.28,44.31,43.55,43.84,5705422
1549290600,2019-02-04 09:30,43.81,44.385,43.61,44.32,6045833
1549377000,2019-02-05 09:30,44.57,44.89,44.305,44.78,3394860
1549463400,2019-02-06 09:30,44.68,44.83,44.13,44.49,5226239
1549549800,2019-02-07 09:30,44.19,44.38,43.75,44.19,4320871
1549636200,2019-02-08 09:30,43.8,44.29,43.73,43.92,4952833
1549895400,2019-02-11 09:30,44.03,44.25,43.75,44.16,3003852
1549981800,2019-02-12 09:30,44.38,44.93,44.34,44.89,4653084
1550068200,2019-02-13 09:30,44.89,45.03,44.375,44.91,4139697
1550154600,2019-02-14 09:30,44.42,45.03,44.18,44.82,4874153
1550241000,2019-02-15 09:30,44.93,45.535,44.89,45.34,2972853
1550586600,2019-02-19 09:30,45.31,45.71,45.145,45.58,3074589
1550673000,2019-02-20 09:30,45.63,45.89,45.48,45.65,3065506
1550759400,2019-02-21 09:30,45.64,45.84,44.79,44.94,7898642
1550845800,2019-02-22 09:30,44.85,45.17,44.68,45.15,5198245
1551105000,2019-02-25 09:30,45.4,45.73,45.27,45.29,5325737
1551191400,2019-02-26 09:30,45.5,45.7607,45.21,45.62,6054597
1551277800,2019-02-27 09:30,45.65,46.36,45.565,46.08,4706051
1551364200,2019-02-28 09:30,46.02,46.28,45.45,45.88,5969286
1551450600,2019-03-01 09:30,46.51,46.93,45.96,46.17,5857149
1551709800,2019-03-04 09:30,46.25,46.38,45.02,45.28,5731304
1551796200,2019-03-05 09:30,45.58,45.84,45.37,45.65,3397032
1551882600,2019-03-06 09:30,45.88,46.07,45.28,45.29,4202472
1551969000,2019-03-07 09:30,45.05,45.09,44.53,44.66,5687998
1552055400,2019-03-08 09:30,44.37,44.48,43.97,44.3,6451342
1552311000,2019-03-11 09:30,44.42,45.15,44.36,45.11,4101514
1552397400,2019-03-12 09:30,45.31,45.41,44.8,45.23,4548689
1552483800,2019-03-13 09:30,45.19,45.68,45.1605,45.36,4528172
1552570200,2019-03-14 09:30,45.15,45.18,44.565,44.65,6485565
1552656600,2019-03-15 09:30,44.49,44.58,44.25,44.41,7678459
1552915800,2019-03-18 09:30,44.45,44.785,44.31,44.71,4550036
1553002200,2019-03-19 09:30,44.83,45,44.42,44.53,6957942
1553088600,2019-03-20 09:30,44.48,44.55,43.82,44.13,8142579
1553175000,2019-03-21 09:30,43.96,44.635,43.96,44.58,4733651
1553261400,2019-03-22 09:30,44.3,44.48,43.355,43.42,7477985
1553520600,2019-03-25 09:30,43.39,44.3,43.25,43.92,7617207
1553607000,2019-03-26 09:30,44.26,44.68,44.04,44.24,5251298
1553693400,2019-03-27 09:30,44.27,44.96,44.22,44.69,6576679
1553779800,2019-03-28 09:30,45.16,45.34,44.635,44.87,7004818
1553866200,2019-03-29 09:30,45.07,45.165,44.835,45.01,5985121
1554125400,2019-04-01 09:30,45.21,45.38,45.02,45.3,4805519
1554211800,2019-04-02 09:30,45.25,45.27,44.775,44.88,3631373
1554298200,2019-04-03 09:30,45.04,45.36,45.015,45.13,2425132
1554384600,2019-04-04 09:30,45.09,45.68,45.03,45.63,4228864
1554471000,2019-04-05 09:30,45.84,46.05,45.565,45.63,3769240
1554730200,2019-04-08 09:30,45.56,45.69,45.39,45.5,4548595
1554816600,2019-04-09 09:30,45.29,45.38,44.9,44.95,6550860
1554903000,2019-04-10 09:30,45.14,45.61,45.01,45.61,3820657
1554989400,2019-04-11 09:30,45.62,45.68,45.17,45.32,4414607
1555075800,2019-04-12 09:30,45.52,45.6,45.1834,45.22,3550205
1555335000,2019-04-15 09:30,45.22,45.33,45.05,45.27,3127490
1555421400,2019-04-16 09:30,45.33,45.61,45.275,45.49,3261734
1555507800,2019-04-17 09:30,45.67,45.8,45.37,45.55,3803180
1555594200,2019-04-18 09:30,45.65,45.65,45.225,45.33,6888113
1555939800,2019-04-22 09:30,45.21,45.3,44.21,44.4,10388742
1556026200,2019-04-23 09:30,44.45,45.16,44.39,45.13,6697655
1556112600,2019-04-24 09:30,45.29,46.1,45.23,45.89,6209849
1556199000,2019-04-25 09:30,45.76,45.8,45.2,45.47,6428539
1556285400,2019-04-26 09:30,45.19,45.86,45.11,45.8,8889864
1556544600,2019-04-29 09:30,45.81,46.13,45.8,45.91,3723407
1556631000,2019-04-30 09:30,45.92,46.02,45.3,45.68,3608796
1556717400,2019-05-01 09:30,45.73,45.8,45.08,45.08,2814005
1556803800,2019-05-02 09:30,45.05,45.45,44.85,45.4,3354867
1556890200,2019-05-03 09:30,45.61,45.9,45.46,45.84,3308971
1557149400,2019-05-06 09:30,45.19,45.68,45,45.5,4051024
1557235800,2019-05-07 09:30,45.11,45.445,44.42,44.71,4775439
1557322200,2019-05-08 09:30,44.54,45.18,44.39,44.81,6233028
1557408600,2019-05-09 09:30,44.18,44.61,43.77,44.42,7936972
1557495000,2019-05-10 09:30,44.3,44.34,43.33,44.13,7580074
1557754200,2019-05-13 09:30,43.36,43.36,42.115,42.47,9396786
1557840600,2019-05-14 09:30,42.72,43.2007,42.38,43.05,7246690
1557927000,2019-05-15 09:30,42.7,43.07,42.37,42.94,7275390
1558013400,2019-05-16 09:30,43.17,43.55,42.885,42.96,5271889
1558099800,2019-05-17 09:30,42.69,43.32,42.615,42.65,5609514
1558359000,2019-05-20 09:30,42.43,42.65,42.13,42.51,4449566
1558445400,2019-05-21 09:30,42.55,43.22,42.42,43.06,4523978
1558531800,2019-05-22 09:30,42.75,42.84,42.22,42.26,5830349
1558618200,2019-05-23 09:30,42.06,42.11,41.43,41.7,4745020
1558704600,2019-05-24 09:30,41.73,42,41.37,41.69,4802900
1559050200,2019-05-28 09:30,41.85,42.21,41.389,41.43,5835921
1559136600,2019-05-29 09:30,40.97,41.075,40.07,40.5,6078725
1559223000,2019-05-30 09:30,40.75,41.06,40.43,40.59,4179604
1559309400,2019-05-31 09:30,40.1,40.1,39.575,40.05,5136904
1559568600,2019-06-03 09:30,40.02,40.57,39.93,40.3,8991478
1559655000,2019-06-04 09:30,40.72,41.61,40.69,41.49,9556995
1559741400,2019-06-05 09:30,41.72,41.86,40.64,40.88,5824249
1559827800,2019-06-06 09:30,41.01,41.01,40.09,40.73,5448265
1559914200,2019-06-07 09:30,40.96,41.34,40.84,41.18,3667673
1560173400,2019-06-10 09:30,41.45,41.94,41.365,41.42,3990326
1560259800,2019-06-11 09:30,41.83,42.35,41.7416,41.82,7101925
1560346200,2019-06-12 09:30,41.85,41.92,41.47,41.69,2707539
1560432600,2019-06-13 09:30,42.03,42.245,41.81,42.2,5043222
1560519000,2019-06-14 09:30,42.34,42.373,42.01,42.1,3125933
1560778200,2019-06-17 09:30,42.22,42.445,42.08,42.16,3020605
1560864600,2019-06-18 09:30,42.48,43.06,42.25,42.42,4584229
1560951000,2019-06-19 09:30,42.4,42.48,41.915,42.37,4024359
1561037400,2019-06-20 09:30,42.7,42.81,42.095,42.55,8860057
1561123800,2019-06-21 09:30,42.25,42.56,41.958,42.32,5073555
1561383000,2019-06-24 09:30,42.3,42.4,41.63,41.67,5622774
1561469400,2019-06-25 09:30,41.76,41.78,41.33,41.41,4517840
1561555800,2019-06-26 09:30,41.58,41.87,41.49,41.59,5125246
1561642200,2019-06-27 09:30,41.76,42.26,41.63,42.08,4351353
1561728600,2019-06-28 09:30,42.15,42.565,42.15,42.37,5620811
1561987800,2019-07-01 09:30,43.03,43.39,42.17,42.46,5766048
1562074200,2019-07-02 09:30,42.46,42.49,41.91,42.13,3050672
1562160600,2019-07-03 09:30,42.23,42.56,42.13,42.46,1753719
1562333400,2019-07-05 09:30,42.29,43.03,42.29,42.97,4524360
1562592600,2019-07-08 09:30,42.89,43.315,42.68,42.91,5042565
1562679000,2019-07-09 09:30,42.7,42.96,42.55,42.64,4518654
1562765400,2019-07-10 09:30,42.73,42.82,42.28,42.47,8142698
1562851800,2019-07-11 09:30,42.59,42.81,42.34,42.48,5434624
1562938200,2019-07-12 09:30,42.61,43.35,42.58,43.16,3664874
1563197400,2019-07-15 09:30,43.31,43.48,42.8,43.05,4709384
1563283800,2019-07-16 09:30,43.14,43.33,42.9,43.13,3056665
1563370200,2019-07-17 09:30,43.25,43.25,42.575,42.66,2506796
1563456600,2019-07-18 09:30,42.58,42.59,42.25,42.42,3055518
1563543000,2019-07-19 09:30,42.58,42.77,42.395,42.48,3546127
1563802200,2019-07-22 09:30,42.59,42.78,41.98,42.13,3186460
1563888600,2019-07-23 09:30,42.27,42.47,41.965,42.35,3553601
1563975000,2019-07-24 09:30,42.38,43.28,42.32,43.19,5978642
1564061400,2019-07-25 09:30,43.2,43.43,42.65,42.73,4062281
1564147800,2019-07-26 09:30,42.79,43.11,42.61,42.97,2695837
1564407000,2019-07-29 09:30,43.06,43.16,42.51,43.05,1997085
1564493400,2019-07-30 09:30,42.75,42.8,42.315,42.64,3965453
1564579800,2019-07-31 09:30,42.54,43.14,42.12,42.59,3452020
1564666200,2019-08-01 09:30,42.68,43.05,40.74,41.21,13018514
1564752600,2019-08-02 09:30,41.07,41.34,40.76,41.01,7580221
1565011800,2019-08-05 09:30,40.3,40.33,39.63,40.1,5034609
1565098200,2019-08-06 09:30,40.36,40.69,39.98,40.61,4674586
1565184600,2019-08-07 09:30,40.2,40.63,39.87,40.52,5339556
1565271000,2019-08-08 09:30,40.84,41.185,40.61,41.13,4017106
1565357400,2019-08-09 09:30,40.97,41,40.12,40.2,4388771
1565616600,2019-08-12 09:30,39.98,40.03,39.35,39.47,8259707
1565703000,2019-08-13 09:30,39.34,41.15,39.03,40.1,10897214
1565789400,2019-08-14 09:30,38.98,39.25,38.375,38.42,11785135
1565875800,2019-08-15 09:30,38.64,38.76,37.46,37.81,6934957
1565962200,2019-08-16 09:30,38.17,38.73,38.13,38.61,5102837
1566221400,2019-08-19 09:30,39.2,39.37,39,39.1,3663388
1566307800,2019-08-20 09:30,39,39,38.56,38.73,3948448
1566394200,2019-08-21 09:30,39.44,39.56,39.1,39.46,5213249
1566480600,2019-08-22 09:30,39.85,40.22,39.61,40.08,5046023
1566567000,2019-08-23 09:30,39.66,39.72,38.39,38.56,10757002
1566826200,2019-08-26 09:30,38.84,39.03,38.39,39,3659406
1566912600,2019-08-27 09:30,39.37,39.45,38.51,38.52,3991277
1566999000,2019-08-28 09:30,38.45,39.7,38.32,39.55,6360350
1567085400,2019-08-29 09:30,40.04,40.39,39.77,40.15,4586160
1567171800,2019-08-30 09:30,40.32,40.47,39.645,39.77,3909776
1567517400,2019-09-03 09:30,39.51,39.695,38.92,39.16,3952831
1567603800,2019-09-04 09:30,39.48,39.69,39.28,39.59,3262448
1567690200,2019-09-05 09:30,40.24,41.24,40.1997,41.07,7779206
1567776600,2019-09-06 09:30,41.33,41.61,40.95,41.01,6169150
1568035800,2019-09-09 09:30,41.18,42.48,41.14,42.43,7890384
1568122200,2019-09-10 09:30,42.39,43.63,42.35,43.61,11979309
1568208600,2019-09-11 09:30,43.55,44.06,42.83,43.88,8255911
1568295000,2019-09-12 09:30,43.97,44.29,43.224,43.53,9856988
1568381400,2019-09-13 09:30,43.77,44.28,43.45,43.57,5975186
1568640600,2019-09-16 09:30,43.26,43.57,43.02,43.07,6298288
1568727000,2019-09-17 09:30,43.01,43.01,42.36,42.76,8973354
1568813400,2019-09-18 09:30,42.77,42.86,41.915,42.33,5720582
1568899800,2019-09-19 09:30,42.5,42.59,42.02,42.1,7133519
1568986200,2019-09-20 09:30,41.93,42.43,41.73,41.78,6930403
1569245400,2019-09-23 09:30,41.68,42.48,41.58,42.23,4963779
1569331800,2019-09-24 09:30,42.54,42.81,41.695,41.88,6265669
1569418200,2019-09-25 09:30,42,42.415,41.815,42.27,4369105
1569504600,2019-09-26 09:30,42.37,42.37,41.68,42,2878239
1569591000,2019-09-27 09:30,42.06,42.525,41.795,42,4184212
1569850200,2019-09-30 09:30,42.14,42.6,42.1,42.43,2860729
1569936600,2019-10-01 09:30,42.64,43.14,42.08,42.12,5535338
1570023000,2019-10-02 09:30,41.7,41.92,40.87,41,7927023
1570109400,2019-10-03 09:30,40.78,41.14,40.11,41.12,6160860
1570195800,2019-10-04 09:30,41.22,41.43,40.915,41.4,3360206
1570455000,2019-10-07 09:30,41.2,41.69,41.08,41.35,4123892
1570541400,2019-10-08 09:30,40.99,41.21,40.51,40.75,3803418
1570627800,2019-10-09 09:30,41.14,41.41,40.89,41.13,4256732
1570714200,2019-10-10 09:30,41.19,41.69,41.19,41.56,4979990
1570800600,2019-10-11 09:30,42.09,43.04,42.09,42.47,11153535
1571059800,2019-10-14 09:30,42.25,42.43,41.69,42.04,6677151
1571146200,2019-10-15 09:30,42.24,42.88,42.02,42.53,4940487
1571232600,2019-10-16 09:30,42.39,42.94,42.39,42.78,2880081
1571319000,2019-10-17 09:30,43,43.35,42.89,43.33,3393753
1571405400,2019-10-18 09:30,42.78,42.94,42.46,42.71,5442728
1571664600,2019-10-21 09:30,43.07,43.53,43.04,43.22,5474179
1571751000,2019-10-22 09:30,43.38,43.89,43.04,43.76,5692585
1571837400,2019-10-23 09:30,43.73,44.02,43.44,43.98,5032596
1571923800,2019-10-24 09:30,44.14,44.14,43.53,43.92,3264759
1572010200,2019-10-25 09:30,43.64,44.425,43.6,44.39,5437792
1572269400,2019-10-28 09:30,44.78,45,44.62,44.76,3786668
1572355800,2019-10-29 09:30,44.43,44.57,43.99,44.02,3093266
1572442200,2019-10-30 09:30,43.98,44.12,43.39,43.68,3135785
1572528600,2019-10-31 09:30,43.55,43.6,42.83,43.15,4088670
1572615000,2019-11-01 09:30,43.39,43.795,43.25,43.68,2877999
1572877800,2019-11-04 09:30,44,44.4,43.9903,44.4,4088113
1572964200,2019-11-05 09:30,44.44,45.22,44.44,44.95,4971262
1573050600,2019-11-06 09:30,45.04,45.04,44.5,44.76,3194953
1573137000,2019-11-07 09:30,45.31,45.41,44.67,44.7,3743605
1573223400,2019-11-08 09:30,44.74,44.8,44.32,44.47,4244662
1573482600,2019-11-11 09:30,44.3,44.44,44.11,44.44,3027491
1573569000,2019-11-12 09:30,44.4,44.68,44.15,44.36,3365654
1573655400,2019-11-13 09:30,44.19,44.275,43.75,44.13,1948332
1573741800,2019-11-14 09:30,44.3,44.78,44.14,44.42,3223277
1573828200,2019-11-15 09:30,44.78,44.97,44.38,44.86,4624912
1574087400,2019-11-18 09:30,44.85,44.915,44.58,44.82,2778971
1574173800,2019-11-19 09:30,44.19,44.46,43.74,43.95,5157841
1574260200,2019-11-20 09:30,43.8,43.84,42.955,43.39,4558007
1574346600,2019-11-21 09:30,43.35,43.57,43.08,43.25,4010523
1574433000,2019-11-22 09:30,43.7,43.88,43.43,43.84,3191991
1574692200,2019-11-25 09:30,44.16,44.65,43.97,44.57,3935100
1574778600,2019-11-26 09:30,44.56,45.085,44.35,44.84,5399734
1574865000,2019-11-27 09:30,44.94,45.23,44.86,45.02,2741948
1575037800,2019-11-29 09:30,45.03,45.035,44.65,44.68,1487642
1575297000,2019-12-02 09:30,44.73,44.75,44.12,44.2,4594447
1575383400,2019-12-03 09:30,43.7,43.75,43.36,43.6,3093594
1575469800,2019-12-04 09:30,43.84,44.2,43.74,43.91,3133081
1575556200,2019-12-05 09:30,44.01,44.25,43.68,43.75,3099110
1575642600,2019-12-06 09:30,44.5,44.97,44.3584,44.76,2899661
1575901800,2019-12-09 09:30,44.63,45.275,44.61,44.93,2863013
1575988200,2019-12-10 09:30,44.78,44.985,44.67,44.91,2834261
1576074600,2019-12-11 09:30,44.69,44.87,44.355,44.6,2133621
1576161000,2019-12-12 09:30,44.7,45.65,44.58,45.52,5378579
1576247400,2019-12-13 09:30,45.55,45.69,44.605,44.67,4455581
1576506600,2019-12-16 09:30,44.99,45.06,44.62,44.64,3850952
1576593000,2019-12-17 09:30,44.72,45.19,44.53,45.18,2958420
1576679400,2019-12-18 09:30,45.26,45.73,45.24,45.62,3915236
1576765800,2019-12-19 09:30,45.76,45.975,45.68,45.82,2038622
1576852200,2019-12-20 09:30,45.82,45.98,45.57,45.71,3206858
1577111400,2019-12-23 09:30,45.86,45.86,45.4,45.55,3313322
1577197800,2019-12-24 09:30,45.57,45.84,45.57,45.72,810670
1577370600,2019-12-26 09:30,45.93,46.09,45.67,46.05,1360103
1577457000,2019-12-27 09:30,46.32,46.57,46.09,46.24,2174732
1577716200,2019-12-30 09:30,46.24,46.39,45.63,45.93,1915362
1577802600,2019-12-31 09:30,45.69,46.19,45.54,46.01,2042323
1577975400,2020-01-02 09:30,46.54,46.54,45.44,45.66,3539290
1578061800,2020-01-03 09:30,45.04,45.495,45.01,45.31,4236297
1578321000,2020-01-06 09:30,45.1,45.55,44.93,45.47,3350344
1578407400,2020-01-07 09:30,45.5,45.68,45.015,45.31,2889579
1578493800,2020-01-08 09:30,45.73,45.78,45.185,45.4,4680415
1578580200,2020-01-09 09:30,45.45,45.5,44.895,45.21,5148714
1578666600,2020-01-10 09:30,45.14,45.21,44.78,45.08,4331032
1578925800,2020-01-13 09:30,45.11,45.39,44.7,45.34,2520270
1579012200,2020-01-14 09:30,45.25,45.8,45.17,45.61,2221288
1579098600,2020-01-15 09:30,45.3,45.53,45.15,45.34,3564033
1579185000,2020-01-16 09:30,45.8,46.13,45.63,45.93,5704588
1579271400,2020-01-17 09:30,46.13,46.13,45.72,45.88,2867461
1579617000,2020-01-21 09:30,45.73,45.77,45.3986,45.64,2438287
1579703400,2020-01-22 09:30,45.65,45.84,45.34,45.47,2508013
1579789800,2020-01-23 09:30,45.32,45.585,44.91,45.42,4707343
1579876200,2020-01-24 09:30,45.56,45.58,44.59,44.9,5446076
1580135400,2020-01-27 09:30,43.95,44.75,43.42,44.47,7000835
1580221800,2020-01-28 09:30,44.68,44.89,44.38,44.72,2877586
1580308200,2020-01-29 09:30,44.81,45.15,44.61,44.62,2126540
1580394600,2020-01-30 09:30,44.22,44.5,43.945,44.37,3612246
1580481000,2020-01-31 09:30,44.18,44.23,42.9,43.06,8436110
1580740200,2020-02-03 09:30,43.29,43.93,43.21,43.49,3079100
1580826600,2020-02-04 09:30,44.07,44.35,43.71,43.83,5554273
1580913000,2020-02-05 09:30,44.25,44.93,44.21,44.82,4792143
1580999400,2020-02-06 09:30,44.97,44.99,44.48,44.57,2062317
1581085800,2020-02-07 09:30,44.3,44.31,43.715,43.91,2428403
1581345000,2020-02-10 09:30,43.85,44.27,43.82,44.01,2142572
1581431400,2020-02-11 09:30,44.36,44.56,43.92,44.35,1996667
1581517800,2020-02-12 09:30,44.62,45.24,44.62,45.1,4646583
1581604200,2020-02-13 09:30,44.92,45.09,44.67,44.93,4280445
1581690600,2020-02-14 09:30,45.05,45.18,44.65,44.82,4241908
1582036200,2020-02-18 09:30,44.9,45.32,44.705,45.01,4078240
1582122600,2020-02-19 09:30,44.97,45.33,44.67,45.11,2561136
1582209000,2020-02-20 09:30,45.33,46.24,45.16,46.1,6619532
1582295400,2020-02-21 09:30,45.98,46.18,45.64,45.8,5552347
1582554600,2020-02-24 09:30,44.24,44.63,43.82,44.17,5865679
1582641000,2020-02-25 09:30,44.51,44.51,42.53,42.69,9671381
1582727400,2020-02-26 09:30,43.12,43.37,41.69,41.71,9836914
1582813800,2020-02-27 09:30,40.77,42.14,39.8,40.54,10635133
1582900200,2020-02-28 09:30,39.3,40.65,39.16,40.28,9079726
1583159400,2020-03-02 09:30,40.2,40.92,39.31,40.92,7669429
1583245800,2020-03-03 09:30,40.91,41.82,39.5,39.99,11493588
1583332200,2020-03-04 09:30,40.49,41.08,39.955,41.01,6672673
1583418600,2020-03-05 09:30,40.09,40.33,39.252,39.57,7519717
1583505000,2020-03-06 09:30,38.65,39.61,38.27,39.13,11267813
1583760600,2020-03-09 09:30,36.57,37.905,36.01,37.01,13912906
1583847000,2020-03-10 09:30,38.16,38.37,36.03,37.67,8640184
1583933400,2020-03-11 09:30,36.76,36.97,34.69,34.97,10756152
1584019800,2020-03-12 09:30,32.42,32.65,30.66,30.66,6809331
1584106200,2020-03-13 09:30,32.65,32.74,30.325,32.74,8172052
1584365400,2020-03-16 09:30,29.31,30.53,28.53,28.66,6643104
1584451800,2020-03-17 09:30,29.2,30.93,27.94,30.14,7068095
1584538200,2020-03-18 09:30,28.31,29.4,26.4,27.75,6790191
1584624600,2020-03-19 09:30,27.82,29.795,26.95,29.27,7602823
1584711000,2020-03-20 09:30,29.61,29.99,27.76,27.96,9441255
1584970200,2020-03-23 09:30,27.72,27.8,26.29,26.99,5231430
1585056600,2020-03-24 09:30,28.71,29.835,28.4,29.74,7675261
1585143000,2020-03-25 09:30,29.85,31.59,29.23,30.26,9344203
1585229400,2020-03-26 09:30,30.34,31.63,30.25,31.2,7532964
1585315800,2020-03-27 09:30,30.34,30.79,29.73,30.03,7728624
1585575000,2020-03-30 09:30,30.18,30.18,29.28,30.02,5659920
1585661400,2020-03-31 09:30,29.77,30.425,29.56,29.78,5705939
1585747800,2020-04-01 09:30,28.65,28.97,27.815,28.03,8301885
1585834200,2020-04-02 09:30,27.74,28.55,27.12,27.64,7368469
1585920600,2020-04-03 09:30,27.55,27.77,26.66,27.19,6500659
1586179800,2020-04-06 09:30,28.33,30.31,28.33,30.21,9990224
1586266200,2020-04-07 09:30,31.69,32.4,30.75,31,9738181
1586352600,2020-04-08 09:30,31.49,32.71,31.19,32.38,10212025
1586439000,2020-04-09 09:30,33.14,34.4,33.0885,33.55,9256683
1586784600,2020-04-13 09:30,33.6,33.61,32.61,33.28,8565527
1586871000,2020-04-14 09:30,34.16,34.72,33.83,34.4,4866080
1586957400,2020-04-15 09:30,33.17,33.4031,32.66,33.07,5829017
1587043800,2020-04-16 09:30,33.14,33.365,32.51,32.98,4996261
1587130200,2020-04-17 09:30,34.09,34.46,33.63,34.37,5175057
1587389400,2020-04-20 09:30,33.87,34.57,33.66,33.98,6840663
1587475800,2020-04-21 09:30,33.17,33.72,32.81,33.08,5251209
1587562200,2020-04-22 09:30,33.88,33.89,33.16,33.3,5638400
1587648600,2020-04-23 09:30,33.26,34.05,33.16,33.58,5068620
1587735000,2020-04-24 09:30,33.95,34.74,33.78,34.54,4506010
1587994200,2020-04-27 09:30,34.82,36.55,34.81,36.36,8164196
1588080600,2020-04-28 09:30,37.33,37.68,36.19,36.82,7894506
1588167000,2020-04-29 09:30,37.88,38.43,37.43,37.92,5507152
1588253400,2020-04-30 09:30,37.39,37.52,36.51,36.68,7751726
1588339800,2020-05-01 09:30,35.77,36.13,35.03,35.66,7308096
1588599000,2020-05-04 09:30,35.1,35.91,34.73,35.85,5046390
1588685400,2020-05-05 09:30,36.58,37.15,36.12,36.21,4667473
1588771800,2020-05-06 09:30,36.47,36.75,35.98,36.31,5450302
1588858200,2020-05-07 09:30,36.73,37.13,36.43,36.53,3327816
1588944600,2020-05-08 09:30,37.08,38.15,36.88,38.03,5572425
1589203800,2020-05-11 09:30,37.85,38.24,37.38,37.98,4374013
1589290200,2020-05-12 09:30,38.14,38.32,36.955,37,5053042
1589376600,2020-05-13 09:30,36.91,37.11,35.38,36.04,6793510
1589463000,2020-05-14 09:30,35.46,36.27,34.69,36.22,5350812
1589549400,2020-05-15 09:30,35.91,37.21,35.71,36.95,5720818
1589808600,2020-05-18 09:30,38.45,38.82,38.2,38.52,6015806
1589895000,2020-05-19 09:30,38.6,38.96,37.95,38.04,4138029
1589981400,2020-05-20 09:30,38.8,38.86,38.03,38.24,3977539
1590067800,2020-05-21 09:30,38.33,39.275,38.18,39.02,6565633
1590154200,2020-05-22 09:30,39.02,39.23,38.66,39.18,4383209
1590499800,2020-05-26 09:30,40.34,40.72,40.205,40.26,6627030
1590586200,2020-05-27 09:30,41.09,41.7,40.015,41.64,6158034
1590672600,2020-05-28 09:30,42.11,42.11,40.53,40.74,4905517
1590759000,2020-05-29 09:30,40.58,41.03,40.25,40.8,7341923
1591018200,2020-06-01 09:30,40.7,41.46,40.61,41.1,4731035
1591104600,2020-06-02 09:30,41.4,42.165,41.23,42.06,4367752
1591191000,2020-06-03 09:30,42.52,43.435,42.51,43.18,5847315
1591277400,2020-06-04 09:30,43.05,43.77,42.945,43.32,5712920
1591363800,2020-06-05 09:30,44.84,45.11,44.18,44.35,3879293
1591623000,2020-06-08 09:30,45.12,45.42,44.83,45.35,4901118
1591709400,2020-06-09 09:30,44.64,44.82,43.852,44.23,7829387
1591795800,2020-06-10 09:30,44.2,44.38,43.14,43.2,5895829
1591882200,2020-06-11 09:30,41.71,42.09,40.5,40.84,8464546
1591968600,2020-06-12 09:30,42.35,42.43,40.18,41.29,7504750
1592227800,2020-06-15 09:30,40.19,42.09,39.9655,41.83,5760287
1592314200,2020-06-16 09:30,43.97,43.98,42.03,43.06,6468892
1592400600,2020-06-17 09:30,43.16,43.21,42.51,42.75,4467759
1592487000,2020-06-18 09:30,42.39,43.08,42.16,42.67,2209745
1592573400,2020-06-19 09:30,43.21,43.25,41.86,42.2,7004568
1592832600,2020-06-22 09:30,42.05,43.235,41.81,43.05,5514955
1592919000,2020-06-23 09:30,43.58,43.64,42.765,43.1,2358071
1593005400,2020-06-24 09:30,42.56,42.875,41.05,41.58,7332025
1593091800,2020-06-25 09:30,41.45,41.89,41.02,41.79,4336767
1593178200,2020-06-26 09:30,41.94,42.49,41.23,41.24,6697074
1593437400,2020-06-29 09:30,41.58,42.85,41.145,42.71,3547652
1593523800,2020-06-30 09:30,42.67,43.01,42.375,42.88,4019073
1593610200,2020-07-01 09:30,42.94,43.53,42.7,43.06,3576600
1593696600,2020-07-02 09:30,43.85,44.16,43.125,43.44,3507401
1594042200,2020-07-06 09:30,44.35,44.65,43.935,44.21,3012022
1594128600,2020-07-07 09:30,43.87,44.205,43.61,43.78,3348909
1594215000,2020-07-08 09:30,43.82,44.32,43.45,44.32,3014476
1594301400,2020-07-09 09:30,44.4,44.4,42.85,43.49,3854424
1594387800,2020-07-10 09:30,43.54,44.135,43.17,44.08,3485667
1594647000,2020-07-13 09:30,44.47,44.725,43.01,43.1,4493633
1594733400,2020-07-14 09:30,42.87,43.96,42.55,43.96,2732023
1594819800,2020-07-15 09:30,45.01,45.55,44.38,45.39,6595948
1594906200,2020-07-16 09:30,44.99,45.745,44.81,45.7,4293174
1594992600,2020-07-17 09:30,45.86,45.86,45.08,45.28,2806784
1595251800,2020-07-20 09:30,45.25,45.26,44.39,44.99,3213220
1595338200,2020-07-21 09:30,45.46,46.39,45.4,46.14,4363958
1595424600,2020-07-22 09:30,46.13,46.85,46.05,46.85,2713904
1595511000,2020-07-23 09:30,46.85,47.51,46.13,46.65,3958149
1595597400,2020-07-24 09:30,46.3,46.68,46.11,46.16,3680867
1595856600,2020-07-27 09:30,46.43,46.735,45.89,46.67,2442388
1595943000,2020-07-28 09:30,46.47,47.09,46.45,46.52,2235977
1596029400,2020-07-29 09:30,46.93,47.94,46.88,47.84,3374903
1596115800,2020-07-30 09:30,47.59,47.86,46.94,47.65,3829228
1596202200,2020-07-31 09:30,47.7,47.96,46.721,47.33,3524339
1596461400,2020-08-03 09:30,47.58,48.38,47.46,48.25,2695510
1596547800,2020-08-04 09:30,48.19,49.01,48.09,49.01,2803445
1596634200,2020-08-05 09:30,49.34,50.24,49.25,50.2,3499524
1596720600,2020-08-06 09:30,50.08,50.2,49.435,49.67,2564196
1596807000,2020-08-07 09:30,49.85,50.85,49.78,50.72,4206702
1597066200,2020-08-10 09:30,50.96,51.43,50.675,50.99,4399200
1597152600,2020-08-11 09:30,51.48,51.77,50.57,50.66,4514268
1597239000,2020-08-12 09:30,51.06,51.235,50.705,51.06,2824706
1597325400,2020-08-13 09:30,50.99,51.695,50.84,51.23,3534644
1597411800,2020-08-14 09:30,51.14,51.68,50.9,51.55,2553097
1597671000,2020-08-17 09:30,51.91,52.79,51.835,52.71,2932805
1597757400,2020-08-18 09:30,52.61,52.61,51.74,52.3,3996126
1597843800,2020-08-19 09:30,52.25,52.798,52.18,52.38,2920839
1597930200,2020-08-20 09:30,52.06,52.25,51.745,51.77,3796723
1598016600,2020-08-21 09:30,51.72,52.18,51.63,51.96,2481405
1598275800,2020-08-24 09:30,52.38,52.88,52.055,52.88,3964008
1598362200,2020-08-25 09:30,52.72,52.72,52.05,52.65,3082328
1598448600,2020-08-26 09:30,52.77,53.225,52.63,52.88,2930187
1598535000,2020-08-27 09:30,53.17,53.455,52.21,52.5,3408596
1598621400,2020-08-28 09:30,52.89,53.181,52.3202,52.56,3116272
1598880600,2020-08-31 09:30,52.42,52.51,51.38,51.79,3695057
1598967000,2020-09-01 09:30,51.75,52.985,51.51,52.97,2833443
1599053400,2020-09-02 09:30,53.38,53.66,52.37,53.27,4261360
1599139800,2020-09-03 09:30,52.93,53.13,51.05,51.4,5466245
1599226200,2020-09-04 09:30,51.85,51.86,49.391,50.92,5152420
1599571800,2020-09-08 09:30,50.27,51.1,49.89,50.18,4381202
1599658200,2020-09-09 09:30,50.62,51.255,50.395,51.05,2161888
1599744600,2020-09-10 09:30,51.49,52.22,50.4,50.44,3211484
1599831000,2020-09-11 09:30,50.79,50.84,49.43,49.77,4672544
1600090200,2020-09-14 09:30,50.42,51.04,50.23,50.94,2636845
1600176600,2020-09-15 09:30,51.39,51.5,50.7,50.81,2595078
1600263000,2020-09-16 09:30,51.12,51.72,50.86,51.05,2989453
1600349400,2020-09-17 09:30,50.19,50.87,50.01,50.56,3522884
1600435800,2020-09-18 09:30,50.77,50.995,49.74,50.41,5265280
1600695000,2020-09-21 09:30,49.3,49.52,48.43,49.29,6072450
1600781400,2020-09-22 09:30,49.91,50.67,49.585,50.62,3932050
1600867800,2020-09-23 09:30,50.66,51.19,49.22,49.28,4624682
1600954200,2020-09-24 09:30,49.05,49.36,48.02,48.53,8666749
1601040600,2020-09-25 09:30,48.37,49.075,48.28,48.88,2450066
1601299800,2020-09-28 09:30,49.52,50.15,49.48,50.08,3660584
1601386200,2020-09-29 09:30,50.04,50.07,49.08,49.31,2167710
1601472600,2020-09-30 09:30,49.5,50.19,49.29,49.66,2996392
1601559000,2020-10-01 09:30,49.96,51.08,49.91,51.01,5284890
1601645400,2020-10-02 09:30,49.84,51.455,49.6602,51.29,4808272
1601904600,2020-10-05 09:30,51.63,52.83,51.63,52.77,5012070
1601991000,2020-10-06 09:30,53.06,53.325,51.54,51.76,5962069
1602077400,2020-10-07 09:30,52.5,53.335,52.48,53.18,3259733
1602163800,2020-10-08 09:30,53.52,54.02,53.02,54.01,2112046
1602250200,2020-10-09 09:30,54.32,54.6099,53.95,54.04,3232443
1602509400,2020-10-12 09:30,54.26,54.56,54.02,54.05,1846606
1602595800,2020-10-13 09:30,53.85,54.71,53.7105,54.52,2687620
1602682200,2020-10-14 09:30,54.81,55.11,53.86,54.07,2362268
1602768600,2020-10-15 09:30,53.52,55.05,53.27,54.88,2463633
1602855000,2020-10-16 09:30,55.15,55.26,54.28,54.28,2476122
1603114200,2020-10-19 09:30,54.62,55.1182,53.545,53.68,3446035
1603200600,2020-10-20 09:30,54.01,54.52,53.72,53.79,4491284
1603287000,2020-10-21 09:30,53.9,54.22,53.19,53.44,3945221
1603373400,2020-10-22 09:30,53.47,54.185,52.78,53.95,3875753
1603459800,2020-10-23 09:30,54.22,54.44,53.62,54.44,2988655
1603719000,2020-10-26 09:30,53.73,54.02,52.14,53.05,4963928
1603805400,2020-10-27 09:30,53.13,53.3,52.77,52.84,1864161
1603891800,2020-10-28 09:30,51.86,52.33,51.47,51.56,4225490
1603978200,2020-10-29 09:30,51.54,51.73,50.95,51.22,3624490
1604064600,2020-10-30 09:30,50.99,51.34,49.39,49.84,3766513
1604327400,2020-11-02 09:30,50.51,50.81,50.01,50.67,2547631
1604413800,2020-11-03 09:30,51.26,52.72,51.07,52.46,3340247
1604500200,2020-11-04 09:30,52.58,52.895,51.98,52.33,4547423
1604586600,2020-11-05 09:30,52.97,54.235,52.97,53.97,2958392
1604673000,2020-11-06 09:30,53.97,54.22,53.52,53.7,2348681
1604932200,2020-11-09 09:30,56.38,56.56,54.33,54.36,7555791
1605018600,2020-11-10 09:30,54.63,55.04,53.745,54.67,3167585
1605105000,2020-11-11 09:30,55.08,55.08,54.29,54.7,3144541
1605191400,2020-11-12 09:30,54.47,54.61,53.12,53.5,3079899
1605277800,2020-11-13 09:30,53.94,54.765,53.94,54.59,2460360
1605537000,2020-11-16 09:30,55.38,56.08,54.865,56.05,2973323
1605623400,2020-11-17 09:30,55.47,56.5,55.085,56.28,2807035
1605709800,2020-11-18 09:30,56.49,57.44,56.33,56.34,3724442
1605796200,2020-11-19 09:30,56.32,57.68,56.3,57.63,3997186
1605882600,2020-11-20 09:30,57.83,58.13,57.35,57.57,7072438
1606141800,2020-11-23 09:30,58.01,59.94,58.01,59.72,4166814
1606228200,2020-11-24 09:30,60.5,60.9,59.78,60.79,4121155
1606314600,2020-11-25 09:30,60.45,60.9882,60.045,60.69,5027253
1606487400,2020-11-27 09:30,61.04,61.33,60.814,61.21,2041211
1606746600,2020-11-30 09:30,61.3,61.4,59.235,60.08,5939967
1606833000,2020-12-01 09:30,60.94,61.105,60.18,60.81,3477981
1606919400,2020-12-02 09:30,60.35,60.89,59.79,60.86,2278548
1607005800,2020-12-03 09:30,61,61.965,60.93,61.47,2968678
1607092200,2020-12-04 09:30,61.55,62.21,61.185,62.21,2325773
1607351400,2020-12-07 09:30,62.18,62.3196,61.625,61.9,1563158
1607437800,2020-12-08 09:30,61.97,62.61,61.81,62.32,2319843
1607524200,2020-12-09 09:30,62.38,62.745,61.235,62,2427360
1607610600,2020-12-10 09:30,61.44,62.17,61.04,61.94,1897364
1607697000,2020-12-11 09:30,61.64,62.0999,60.7,61.26,1950711
1607956200,2020-12-14 09:30,61.87,61.95,60.56,60.62,4844458
1608042600,2020-12-15 09:30,60.96,62.22,60.95,62.22,2783612
1608129000,2020-12-16 09:30,62.27,62.65,61.85,62.4,2324396
1608215400,2020-12-17 09:30,62.76,63.575,62.7,63.57,2083937
1608301800,2020-12-18 09:30,63.89,64.09,63.03,63.35,2645105
1608561000,2020-12-21 09:30,62.17,63.44,61.91,63.35,1937483
1608647400,2020-12-22 09:30,64,64.47,63.65,64.31,2313323
1608733800,2020-12-23 09:30,64.6,65.04,64.36,64.77,2353997
1608820200,2020-12-24 09:30,64.93,65.12,64.3,64.76,918849
1609165800,2020-12-28 09:30,65.37,65.59,64.82,65.09,3153613
1609252200,2020-12-29 09:30,65.32,65.32,63.58,64.27,3138238
1609338600,2020-12-30 09:30,64.47,65.34,64.45,64.91,1904895
1609425000,2020-12-31 09:30,64.84,64.91,64.12,64.32,2152048
1609770600,2021-01-04 09:30,64.49,64.68,62.86,63.54,3460485
1609857000,2021-01-05 09:30,63.36,65.19,63.26,64.96,2277991
1609943400,2021-01-06 09:30,65.12,68.16,65.12,67.63,5117885
1610029800,2021-01-07 09:30,68.1,68.65,67.9,68.11,1949848
1610116200,2021-01-08 09:30,68.48,68.9,67.32,68.16,2308992
1610375400,2021-01-11 09:30,67.6,69.7,67.47,69.61,2804656
1610461800,2021-01-12 09:30,69.82,71.81,69.82,71.81,3697600
1610548200,2021-01-13 09:30,71.5,72.22,70.68,71.51,2520836
1610634600,2021-01-14 09:30,71.83,74.1,71.83,73.72,5205808
1610721000,2021-01-15 09:30,73.05,73.1,71.26,71.98,4029746
1611066600,2021-01-19 09:30,72.8,73.05,71.66,72.33,2239627
1611153000,2021-01-20 09:30,72.45,72.95,72.02,72.59,2135446
1611239400,2021-01-21 09:30,72.76,73.52,72.47,73.17,2692951
1611325800,2021-01-22 09:30,72.66,74.97,72.45,74.87,3742453
1611585000,2021-01-25 09:30,76.31,82.51,74.68,76.18,10696642
1611671400,2021-01-26 09:30,77.3,81.65,76.52,81.43,9759042
1611757800,2021-01-27 09:30,89.89,93.48,85.28,91.23,32745918
1611844200,2021-01-28 09:30,86.74,99.24,78.11,82.97,31255057
1611930600,2021-01-29 09:30,91.78,93.48,83.49,88.01,11844636
1612189800,2021-02-01 09:30,87.63,88.11,81.46,82.95,8896251
1612276200,2021-02-02 09:30,79.53,80.43,75.28,76.14,9575192
1612362600,2021-02-03 09:30,77.51,78.46,76.08,77.42,5173585
1612449000,2021-02-04 09:30,77.97,78.3079,77.06,77.16,3468014
1612535400,2021-02-05 09:30,78.04,80.15,77.5,78.86,3327388
1612794600,2021-02-08 09:30,79.93,80.4553,79.44,80.07,2143807
1612881000,2021-02-09 09:30,79.97,80.26,79.19,79.64,1688880
1612967400,2021-02-10 09:30,80.25,80.7,78.33,79.58,1894370
1613053800,2021-02-11 09:30,79.87,81.32,79,80.01,1292042
1613140200,2021-02-12 09:30,79.65,80.31,79.26,80.01,554900
1613485800,2021-02-16 09:30,80.4,80.73,78.99,79.67,1300837
1613572200,2021-02-17 09:30,79.39,79.67,77.81,79.05,1892188
1613658600,2021-02-18 09:30,78.38,78.59,77.22,77.99,2080540
1613745000,2021-02-19 09:30,78.4,79.65,78.27,79.15,1720717
1614004200,2021-02-22 09:30,78.92,80.075,78.8005,79.22,1983282
1614090600,2021-02-23 09:30,78.03,78.32,74.38,78,2613120
1614177000,2021-02-24 09:30,78.14,82.3,77.494,82.13,2606739
1614263400,2021-02-25 09:30,85.18,85.69,79.21,79.61,6577949
1614349800,2021-02-26 09:30,80.63,82.5293,78.82,79.26,4385305
1614609000,2021-03-01 09:30,80.69,83.99,80.5359,83.31,3248970
1614695400,2021-03-02 09:30,83.16,83.95,81.84,81.88,3345632
1614781800,2021-03-03 09:30,82.2,83.06,80.89,81.58,1486248
1614868200,2021-03-04 09:30,81.17,81.77,77.35,80.01,3479849
1614954600,2021-03-05 09:30,80.47,81.84,78.17,81.68,3577579
1615213800,2021-03-08 09:30,83.09,87.93,82.78,86.66,6721315
1615300200,2021-03-09 09:30,88.63,90.59,87.7985,90.14,4248106
1615386600,2021-03-10 09:30,91.65,96.27,87.58,91.9,10281205
1615473000,2021-03-11 09:30,91.74,93.95,91.34,92.81,3834721
1615559400,2021-03-12 09:30,93.19,95.32,93.07,94.39,2782731
1615815000,2021-03-15 09:30,95.3,95.989,92.57,93.43,3990700
1615901400,2021-03-16 09:30,92.3,92.65,90.08,91.55,2652633
1615987800,2021-03-17 09:30,91.22,92.95,90.465,92.32,1627949
1616074200,2021-03-18 09:30,92.51,93.05,89.46,89.87,2159553
1616160600,2021-03-19 09:30,89.83,92.42,88.54,90.96,3539686
1616419800,2021-03-22 09:30,91.2,91.47,89.53,90.04,1888416
1616506200,2021-03-23 09:30,89.58,89.95,86.93,87.21,2959165
1616592600,2021-03-24 09:30,87.74,88.199,84.16,84.19,2263777
1616679000,2021-03-25 09:30,83.11,87.0899,82.692,86.77,3754116
1616765400,2021-03-26 09:30,87.35,88.76,86.63,88.75,2839719
1617024600,2021-03-29 09:30,88.56,89.57,86.85,87.04,2349184
1617111000,2021-03-30 09:30,86.76,88.94,86.76,88.79,2210067
1617197400,2021-03-31 09:30,89.14,89.87,89,89.21,1903465
1617283800,2021-04-01 09:30,89.64,89.96,88.9,89.51,2210795
1617629400,2021-04-05 09:30,90.64,90.64,88.95,90.47,4668890
1617715800,2021-04-06 09:30,90.24,91.63,90.13,90.8,1548377
1617802200,2021-04-07 09:30,90.81,90.99,89.83,90.06,1468864
1617888600,2021-04-08 09:30,90.24,90.9,89.24,90.79,1475284
1617975000,2021-04-09 09:30,90.91,92.24,90.62,92.21,1267214
1618234200,2021-04-12 09:30,92.1,92.7654,91.445,92.67,2017558
1618320600,2021-04-13 09:30,92.71,92.86,91.06,91.97,1375280
1618407000,2021-04-14 09:30,92.07,93.33,92.03,92.2,1337552
1618493400,2021-04-15 09:30,93.2033,93.21,91.81,92.5,1189136
1618579800,2021-04-16 09:30,92.69,92.98,91.84,92.74,2236834
1618839000,2021-04-19 09:30,92.5,92.58,91.1967,91.61,1605556
1618925400,2021-04-20 09:30,91.48,91.57,88.47,89.55,2466763
1619011800,2021-04-21 09:30,89.48,91.17,88.79,91.11,3286959
1619098200,2021-04-22 09:30,91.46,92.62,90.68,91.08,1440235
1619184600,2021-04-23 09:30,91.49,93.61,91.12,93.28,2567631
1619443800,2021-04-26 09:30,93.5,93.775,92.23,92.6,1421964
1619530200,2021-04-27 09:30,92.87,94.46,92.75,93.8,1102513
1619616600,2021-04-28 09:30,93.8,94.51,93.09,94.19,1248816
1619703000,2021-04-29 09:30,94.82,95.16,92.95,94.06,1912185
1619789400,2021-04-30 09:30,93.52,94.02,92.635,92.82,1823808
1620048600,2021-05-03 09:30,93.72,95.18,93.46,94.78,2895132
1620135000,2021-05-04 09:30,94.1,94.22,92.21,93.9,2223947
1620221400,2021-05-05 09:30,94.48,94.86,93.655,93.92,1659124
1620307800,2021-05-06 09:30,94.09,94.44,93.02,94.16,1484643
1620394200,2021-05-07 09:30,94.22,95.53,94.01,95.19,1574459
1620653400,2021-05-10 09:30,95.53,96.16,93.6,93.6,2466626
1620739800,2021-05-11 09:30,91.95,92.97,90.32,92.74,2664760
1620826200,2021-05-12 09:30,91.66,92.23,87.93,88.15,5373116
1620912600,2021-05-13 09:30,88.98,90.84,87.96,89.56,3045133
1620999000,2021-05-14 09:30,90.62,93.53,90.58,93.42,2632554
1621258200,2021-05-17 09:30,92.97,94.635,92.95,94.49,2153974
1621344600,2021-05-18 09:30,95.15,95.4627,93.52,93.52,2579626
1621431000,2021-05-19 09:30,91.6,91.7,89.93,91.33,8321885
1621517400,2021-05-20 09:30,91.38,91.5,90.16,90.94,4548872
1621603800,2021-05-21 09:30,91.29,92.04,90.83,91.03,1345999
1621863000,2021-05-24 09:30,91.8,91.87,90.88,91.4,1547144
1621949400,2021-05-25 09:30,91.82,92.63,90.89,91.03,2387865
1622035800,2021-05-26 09:30,91.77,93.87,91.73,93.66,2020337
1622122200,2021-05-27 09:30,94.11,94.9,93.24,94.55,2497355
1622208600,2021-05-28 09:30,95.1965,95.35,93.29,93.36,1669597
1622554200,2021-06-01 09:30,94.29,95.18,93.83,94.88,1819103
1622640600,2021-06-02 09:30,95.12,95.86,93.57,95.83,3692628
1622727000,2021-06-03 09:30,94.98,95.45,93.54,94.21,2047275
1622813400,2021-06-04 09:30,94.72,94.93,93.22,93.92,1854313
1623072600,2021-06-07 09:30,94.18,95.07,94.18,94.97,2477153
1623159000,2021-06-08 09:30,95.4,96.99,95.06,96.63,3418179
1623245400,2021-06-09 09:30,96.93,96.97,95.76,95.89,2126505
1623331800,2021-06-10 09:30,96.14,96.74,94.54,94.86,2451462
1623418200,2021-06-11 09:30,95.13,96.54,95.11,96.5,2421688
1623677400,2021-06-14 09:30,96.52,96.89,95.36,95.83,1826388
1623763800,2021-06-15 09:30,95.88,95.88,93.35,94.37,2988554
1623850200,2021-06-16 09:30,94.06,94.74,93.14,94.58,1946264
1623936600,2021-06-17 09:30,94.26,94.91,92.41,93.5,3036042
1624023000,2021-06-18 09:30,92.97,93.0899,91.57,91.8,2486905
1624282200,2021-06-21 09:30,92.36,94.03,92.21,93.6,2125000
1624368600,2021-06-22 09:30,93.7414,95.52,93.16,95.38,2073180
1624455000,2021-06-23 09:30,95.39,96.72,95.25,96.3,2036924
1624541400,2021-06-24 09:30,96.63,97.26,96.15,97.07,1653471
1624627800,2021-06-25 09:30,97.6,98.55,97.48,97.54,2418610
1624887000,2021-06-28 09:30,97.86,97.93,96.15,96.9,1501002
1624973400,2021-06-29 09:30,97.03,97.4,96.48,96.52,1592239
1625059800,2021-06-30 09:30,96.48,97.41,96.23,97.23,3002358
1625146200,2021-07-01 09:30,97.57,98.47,97.37,98.18,2967998
1625232600,2021-07-02 09:30,98.46,98.4614,97.26,97.66,2378050
1625578200,2021-07-06 09:30,97.64,97.66,95.02,95.99,2929717
1625664600,2021-07-07 09:30,95.78,96.15,93.955,94.74,2896692
1625751000,2021-07-08 09:30,92.92,95.01,91.71,94.29,2819957
1625837400,2021-07-09 09:30,95.67,97.86,95.41,97.86,2449441
1626096600,2021-07-12 09:30,97.51,98.22,96.66,98.07,2017162
1626183000,2021-07-13 09:30,97.64,97.76,96.31,96.47,2134336
1626269400,2021-07-14 09:30,96.8,97.57,95.16,95.25,1512798
1626355800,2021-07-15 09:30,94.54,95.56,92.86,93.75,4524419
1626442200,2021-07-16 09:30,94.49,94.84,92.23,92.35,2602763
1626701400,2021-07-19 09:30,90.64,92.35,89.81,91.46,5055891
1626787800,2021-07-20 09:30,91.73,94.965,91.26,94.59,2963480
1626874200,2021-07-21 09:30,95.11,97.04,94.98,96.33,1676603
1626960600,2021-07-22 09:30,96.09,96.32,94.64,95.27,1146176
1627047000,2021-07-23 09:30,95.64,96.11,94.78,96.11,1138890
1627306200,2021-07-26 09:30,95.96,97.22,95.9,96.49,1679653
1627392600,2021-07-27 09:30,96.01,96.01,93.79,95.21,1554914
1627479000,2021-07-28 09:30,95.42,96.52,94.47,95.27,2232679
1627565400,2021-07-29 09:30,95.72,97.015,95.67,96.08,2916564
1627651800,2021-07-30 09:30,95.34,97.03,94.954,95.27,1878229
1627911000,2021-08-02 09:30,95.62,96.46,95.13,95.25,2410658
1627997400,2021-08-03 09:30,95.52,96.28,94.11,96.17,2001052
1628083800,2021-08-04 09:30,95.6,95.8,93.51,93.52,3221514
1628170200,2021-08-05 09:30,93.7,95.05,93.45,94.65,2538602
1628256600,2021-08-06 09:30,95.4,96.175,94.27,94.99,2357958
1628515800,2021-08-09 09:30,94.73,95.44,93.79,94.91,2200645
1628602200,2021-08-10 09:30,95,97.4,94.74,97.14,2923972
1628688600,2021-08-11 09:30,97.21,97.52,96.2299,97.52,1644645
1628775000,2021-08-12 09:30,97.67,97.99,95.74,96.75,2057031
1628861400,2021-08-13 09:30,96.68,96.82,95.49,95.66,2200875
1629120600,2021-08-16 09:30,95.19,96.065,94.21,95.71,2495455
1629207000,2021-08-17 09:30,94.85,94.98,92.22,92.97,7538936
1629293400,2021-08-18 09:30,92.97,94.02,92.47,92.56,2651616
1629379800,2021-08-19 09:30,91.79,93.62,91.49,92.77,3248758
1629466200,2021-08-20 09:30,92.85,94.43,92.79,94.29,2329303
1629725400,2021-08-23 09:30,94.81,95.515,94.5504,95.25,2330490
1629811800,2021-08-24 09:30,95.76,97.93,95.75,97.27,3218173
1629898200,2021-08-25 09:30,97.29,97.685,96.69,97.16,1947560
1629984600,2021-08-26 09:30,96.3,96.3,94.76,95.42,1927047
1630071000,2021-08-27 09:30,95.26,96.49,94.73,96.19,1635355
1630330200,2021-08-30 09:30,96.49,96.97,95.7,96.36,2010089
1630416600,2021-08-31 09:30,96.5,96.76,94.94,95.97,3332440
1630503000,2021-09-01 09:30,96.37,96.92,95.67,96.68,2221705
1630589400,2021-09-02 09:30,96.64,96.99,95.86,95.97,1419967
1630675800,2021-09-03 09:30,95.93,96.2,95.2,95.64,1352785
1631021400,2021-09-07 09:30,95.69,96.11,94.4,94.4,2076122
1631107800,2021-09-08 09:30,94.26,94.48,92.59,93.34,3993139
1631194200,2021-09-09 09:30,93.34,94.88,92.95,94.25,1919687
1631280600,2021-09-10 09:30,94.64,94.83,92.8,92.85,3092652
1631539800,2021-09-13 09:30,93.3,93.41,91.86,92.5,1805371
1631626200,2021-09-14 09:30,92.97,92.97,91.255,91.65,2248913
1631712600,2021-09-15 09:30,91.6,93.105,91.14,92.94,2053953
1631799000,2021-09-16 09:30,93.06,94.6316,93.03,94.25,3058372
1631885400,2021-09-17 09:30,94.48,95.14,94.08,94.38,2470724
1632144600,2021-09-20 09:30,92.09,93.31,91.25,92.55,2177469
1632231000,2021-09-21 09:30,93.2,93.94,91.79,92.35,1424688
1632317400,2021-09-22 09:30,92.96,95.02,92.96,94.21,2159654
1632403800,2021-09-23 09:30,94.61,96.15,94.48,95.3,1656249
1632490200,2021-09-24 09:30,94.55,95.35,93.85,94.96,1189993
1632749400,2021-09-27 09:30,95.07,96.945,95.07,96.62,2937620
1632835800,2021-09-28 09:30,96.09,96.79,94.69,94.76,1987801
1632922200,2021-09-29 09:30,95.27,96.13,94.72,94.82,1450782
1633008600,2021-09-30 09:30,94,94.15,90.24,90.32,11918538
1633095000,2021-10-01 09:30,90.78,91.875,89.27,91.18,8324334
1633354200,2021-10-04 09:30,90.78,91.18,89.73,90.37,4453500
1633440600,2021-10-05 09:30,90.73,91.61,90.09,90.26,2886996
1633527000,2021-10-06 09:30,89.44,90.155,88.75,89.63,3814829
1633613400,2021-10-07 09:30,90.66,92.385,90.61,91.59,2660072
1633699800,2021-10-08 09:30,91.74,92.1,90.78,90.84,1575897
1633959000,2021-10-11 09:30,90.77,91.19,89.03,89.03,2274713
1634045400,2021-10-12 09:30,89.51,90.19,89.03,89.8,2533515
1634131800,2021-10-13 09:30,90.08,90.71,89.29,90.36,2827329
1634218200,2021-10-14 09:30,90.98,92.09,90.66,91.75,2208613
1634304600,2021-10-15 09:30,92.9,93.2,91.67,91.67,2923090
1634563800,2021-10-18 09:30,91.42,93.46,91.34,93.43,2146993
1634650200,2021-10-19 09:30,93.67,93.75,92.455,92.98,2366355
1634736600,2021-10-20 09:30,93.11,94.37,92.96,93.35,1796503
1634823000,2021-10-21 09:30,93.49,95.13,93.38,94.98,2093240
1634909400,2021-10-22 09:30,94.89,95.15,93.95,94.48,1551636
1635168600,2021-10-25 09:30,94.6,96.22,94.55,95.98,6224781
1635255000,2021-10-26 09:30,96.3,96.5,94.02,94.07,1753968
1635341400,2021-10-27 09:30,94.18,94.26,91.88,91.91,2331762
1635427800,2021-10-28 09:30,92.42,93.85,92.37,93.54,1564784
1635514200,2021-10-29 09:30,93.58,94.36,93.1,94.29,2926882
1635773400,2021-11-01 09:30,94.5,96.605,94.5,96.39,3232096
1635859800,2021-11-02 09:30,96.4,97.17,95.61,97.03,2793718
1635946200,2021-11-03 09:30,97.07,101.065,97.02,100.75,6680582
1636032600,2021-11-04 09:30,100.8,101.82,100.3,100.65,3315190
1636119000,2021-11-05 09:30,101.84,102.73,101.16,101.69,3115506
1636381800,2021-11-08 09:30,102.23,102.37,101.33,101.54,1964804
1636468200,2021-11-09 09:30,101.53,102.84,101.33,102.47,1950532
1636554600,2021-11-10 09:30,101.68,102.21,99.802,100.43,1957198
1636641000,2021-11-11 09:30,101.18,102.14,100.71,101.64,2089548
1636727400,2021-11-12 09:30,102.24,102.82,101.81,102.46,2600721
1636986600,2021-11-15 09:30,103.42,103.7,102.41,103.07,2392055
1637073000,2021-11-16 09:30,102.91,104.26,102.27,104.16,2823586
1637159400,2021-11-17 09:30,104.16,104.31,101.68,101.77,3382841
1637245800,2021-11-18 09:30,103.29,103.86,102.0921,103.67,4111522
1637332200,2021-11-19 09:30,103.28,103.32,100.94,101.05,3955597
1637591400,2021-11-22 09:30,101.94,103.07,100.61,102.5,6133478
1637677800,2021-11-23 09:30,101.38,102.02,99.15,100.97,3597735
1637764200,2021-11-24 09:30,99.6,99.85,98.3164,99.58,2826639
1637937000,2021-11-26 09:30,97.1,97.82,95.88,97.18,5487554
1638196200,2021-11-29 09:30,98.75,98.79,95.775,96.62,3698086
1638282600,2021-11-30 09:30,96.02,96.09,92.9,93.93,5687029
1638369000,2021-12-01 09:30,95.75,96.41,90.79,90.8,5284466
1638455400,2021-12-02 09:30,91.22,92.966,90.705,92.56,3699253
1638541800,2021-12-03 09:30,92.83,93.19,89.96,90.96,4748295
1638801000,2021-12-06 09:30,91.75,93.54,90.79,92.63,3534468
1638887400,2021-12-07 09:30,93.98,95.81,93.98,94.66,3434151
1638973800,2021-12-08 09:30,94.89,95.01,93.83,94.05,2512945
1639060200,2021-12-09 09:30,93.72,94.36,92.4,92.43,2460821
1639146600,2021-12-10 09:30,92.96,93.2,91.04,92.43,2886637
1639405800,2021-12-13 09:30,92.21,92.33,88.72,89.44,4774772
1639492200,2021-12-14 09:30,88.76,90.48,88.35,89.37,3657200
1639578600,2021-12-15 09:30,89.21,90.6,87.25,90.08,6397637
1639665000,2021-12-16 09:30,90.75,91.09,87.135,87.54,5094053
1639751400,2021-12-17 09:30,87.2,88.52,86.04,87.99,11460726
1640010600,2021-12-20 09:30,85.61,85.95,83.54,85.15,5221401
1640097000,2021-12-21 09:30,86.12,87.845,86.09,87.77,3288569
1640183400,2021-12-22 09:30,87.71,88.04,87.29,87.92,1860951
1640269800,2021-12-23 09:30,88.27,89.11,87.53,88.78,3251089
1640615400,2021-12-27 09:30,88.83,89.89,88.43,89.76,2526006
1640701800,2021-12-28 09:30,89.51,90.7,89.235,89.33,2116387
1640788200,2021-12-29 09:30,89.45,90.225,89.01,89.85,2416132
1640874600,2021-12-30 09:30,89.86,91.8,89.86,90.86,1894541
1640961000,2021-12-31 09:30,90.54,91.45,89.97,90.29,2820412
1641220200,2022-01-03 09:30,91,93.01,90.99,91.58,4558795
1641306600,2022-01-04 09:30,91.63,92.22,90.1,90.79,3500022
1641393000,2022-01-05 09:30,90.82,91.3,87.69,87.73,2452884
1641479400,2022-01-06 09:30,87.85,89.16,86.49,88.29,4649577
1641565800,2022-01-07 09:30,88.26,89.17,86.88,87.18,2687947
1641825000,2022-01-10 09:30,86.22,86.5,82.94,85.74,5296357
1641911400,2022-01-11 09:30,85.89,87.43,85.17,87.18,4024701
1641997800,2022-01-12 09:30,87.61,88.1722,85.41,86.17,3508959
1642084200,2022-01-13 09:30,86.72,87.16,85.21,85.42,4011609
1642170600,2022-01-14 09:30,84.37,85.22,82.02,83.63,8676463
1642516200,2022-01-18 09:30,82.7,83.05,81.5,81.86,4819681
1642602600,2022-01-19 09:30,82.25,83,81.22,81.26,4198922
1642689000,2022-01-20 09:30,81.73,83.29,78.3,78.54,4879279
1642775400,2022-01-21 09:30,78,79.26,76.54,77.38,7941107
1643034600,2022-01-24 09:30,76.17,82.29,75.62,82.03,11476679
1643121000,2022-01-25 09:30,80.4,81.96,79.28,80.68,6409656
1643207400,2022-01-26 09:30,82.2,82.2,77.87,78.53,7117799
1643293800,2022-01-27 09:30,79.36,80.66,77.53,77.84,6973125
1643380200,2022-01-28 09:30,77.68,78.69,75.67,78.58,7491777
1643639400,2022-01-31 09:30,78.36,81.74,78.33,81.73,6047445
1643725800,2022-02-01 09:30,81.86,82.925,80.5,82.72,2900535
1643812200,2022-02-02 09:30,82.96,83.14,79.69,80.43,8074077
1643898600,2022-02-03 09:30,79.53,80.63,78.06,78.32,9530351
1643985000,2022-02-04 09:30,78.62,79.2,76.38,78.49,9779444
1644244200,2022-02-07 09:30,78.98,80.0099,78.015,78.89,3049831
1644330600,2022-02-08 09:30,78.83,81.51,78.62,81.14,4148951
1644417000,2022-02-09 09:30,81.97,82.91,81.8,82.81,3701844
1644503400,2022-02-10 09:30,81.4,83.56,80.52,81.02,4863659
1644589800,2022-02-11 09:30,81.19,81.7,79.01,79.44,6052683
1644849000,2022-02-14 09:30,79.4,80.14,78.42,78.99,3928506
1644935400,2022-02-15 09:30,79.86,81.8,79.86,81.66,4136904
1645021800,2022-02-16 09:30,81.15,81.46,79.79,80.65,4789689
1645108200,2022-02-17 09:30,80.27,80.7,78.28,78.53,3945592
1645194600,2022-02-18 09:30,78.24,79.71,77.51,77.92,3939856
1645540200,2022-02-22 09:30,77.35,78.25,74.54,74.85,9016074
1645626600,2022-02-23 09:30,75.56,75.68,72.98,73.06,7965773
1645713000,2022-02-24 09:30,70.27,76.18,69.98,75.93,9985155
1645799400,2022-02-25 09:30,75.73,77.35,74.34,77.26,7369129
1646058600,2022-02-28 09:30,76.2,77.795,75.97,77.24,9210218
1646145000,2022-03-01 09:30,77.46,77.74,74.72,75.27,8682950
1646231400,2022-03-02 09:30,75.63,78.59,75.42,77.98,7502397
1646317800,2022-03-03 09:30,77.98,78.26,76.04,77,6518583
1646404200,2022-03-04 09:30,76.5,76.79,74.49,75.48,7434911
1646663400,2022-03-07 09:30,75.49,76.07,72.08,72.15,13076426
1646749800,2022-03-08 09:30,72.63,76.25,71.97,73.76,9144511
1646836200,2022-03-09 09:30,75.62,76.2,75,75.21,4772862
1646922600,2022-03-10 09:30,74.13,75.325,73.505,75.24,5693796
1647009000,2022-03-11 09:30,75.64,75.68,73.17,73.23,6787307
1647264600,2022-03-14 09:30,73.52,74.35,72.095,72.4,5852896
1647351000,2022-03-15 09:30,72.7,74.675,72.7,74.53,6217701
1647437400,2022-03-16 09:30,75.47,77.64,75.01,77.42,9414336
1647523800,2022-03-17 09:30,76.94,78.74,76.33,78.57,5336659
1647610200,2022-03-18 09:30,78.14,79.66,77.98,79.6,5514446
1647869400,2022-03-21 09:30,79.48,79.94,77.11,77.68,5711038
1647955800,2022-03-22 09:30,78.27,79.73,78.23,79.44,4252697
1648042200,2022-03-23 09:30,78.92,79.38,77.61,77.72,5725153
1648128600,2022-03-24 09:30,78.11,78.64,77.01,78.53,3112796
1648215000,2022-03-25 09:30,78.69,78.89,76.95,77.5,4557293
1648474200,2022-03-28 09:30,77.53,78.32,76.375,78.22,4841178
1648560600,2022-03-29 09:30,79.45,81.93,79.09,81.49,7153212
1648647000,2022-03-30 09:30,80.56,80.64,77.62,77.88,6239371
1648733400,2022-03-31 09:30,77.72,77.72,75.5,75.54,6946982
1648819800,2022-04-01 09:30,76.06,76.3,74.87,75.35,4778559
1649079000,2022-04-04 09:30,75.7,77.71,75.27,77.32,3900509
1649165400,2022-04-05 09:30,77.05,77.825,75.51,75.84,4041643
1649251800,2022-04-06 09:30,74.85,75.1,73.22,74.59,5070431
1649338200,2022-04-07 09:30,74.31,75.31,72.895,74.99,5450844
1649424600,2022-04-08 09:30,74.9,77.01,74.38,75.88,5805912
1649683800,2022-04-11 09:30,75.4,77.85,75.16,76.09,3928141
1649770200,2022-04-12 09:30,77.34,78.7,75.32,75.49,5620385
1649856600,2022-04-13 09:30,75.73,77.44,75.31,77.16,5210690
1649943000,2022-04-14 09:30,77.44,78.19,76.36,76.48,5718788
1650288600,2022-04-18 09:30,76.18,76.5,75.17,75.82,4312525
1650375000,2022-04-19 09:30,76.02,79.115,75.89,78.66,5449758
1650461400,2022-04-20 09:30,78.93,79.28,77.55,77.61,3719844
1650547800,2022-04-21 09:30,78.42,78.68,75.47,76.03,7399805
1650634200,2022-04-22 09:30,75.12,75.39,72.79,73.04,5659039
1650893400,2022-04-25 09:30,72.31,74.24,71.9,74.14,6510952
1650979800,2022-04-26 09:30,73.39,73.66,71.6137,71.71,5139686
1651066200,2022-04-27 09:30,71.74,72.84,70.69,71.46,5475939
1651152600,2022-04-28 09:30,72.11,73.43,70.21,72.85,5810476
1651239000,2022-04-29 09:30,72.21,72.98,70.07,70.27,8724626
1651498200,2022-05-02 09:30,70.37,72.42,69.71,72.39,6348499
1651584600,2022-05-03 09:30,72.5,73.11,71.6,72.73,3812529
1651671000,2022-05-04 09:30,72.67,74.77,70.96,74.64,10744112
1651757400,2022-05-05 09:30,73.36,73.4,70.1,71.18,9480759
1651843800,2022-05-06 09:30,70.53,70.95,68.11,69.45,8658052
1652103000,2022-05-09 09:30,68,68.87,66.725,67.1,7886311
1652189400,2022-05-10 09:30,68.1,68.84,64.57,65.99,6609734
1652275800,2022-05-11 09:30,66.13,67.19,63.27,63.41,9831481
1652362200,2022-05-12 09:30,63.12,66.88,62.89,65.54,10014685
1652448600,2022-05-13 09:30,66.74,68.22,66.67,67.72,6050236
1652707800,2022-05-16 09:30,67.38,68.07,66.52,66.92,4996346
1652794200,2022-05-17 09:30,67.72,68.66,66.33,68.4,5712998
1652880600,2022-05-18 09:30,65.71,66.11,62.05,62.73,11101998
1652967000,2022-05-19 09:30,62.03,63.99,61.31,62.69,8503016
1653053400,2022-05-20 09:30,63.23,63.31,59.26,61.33,11372879
1653312600,2022-05-23 09:30,61.68,61.79,60.09,61.18,4519496
1653399000,2022-05-24 09:30,60.06,60.14,58,59.17,7484508
1653485400,2022-05-25 09:30,58.91,63.61,58.69,63.24,12926577
1653571800,2022-05-26 09:30,64.61,66.87,64.5,66.26,8828008
1653658200,2022-05-27 09:30,66.28,67.59,66.17,67.51,5751641
1654003800,2022-05-31 09:30,67.06,67.25,65.59,66.16,7849450
1654090200,2022-06-01 09:30,66.65,67.05,64.43,64.92,4940194
1654176600,2022-06-02 09:30,65.28,67.13,64.9,66.96,5439236
1654263000,2022-06-03 09:30,66.2,66.76,65.44,65.83,4755188
1654522200,2022-06-06 09:30,66.55,66.74,65.28,66.26,4905605
1654608600,2022-06-07 09:30,65.01,66.85,64.56,66.68,5717852
1654695000,2022-06-08 09:30,66.33,67.57,65.77,66.62,3351616
1654781400,2022-06-09 09:30,66.4,67.05,65.85,65.85,4132740
1654867800,2022-06-10 09:30,64.57,65.22,63.41,63.57,7250683
1655127000,2022-06-13 09:30,61.61,62.46,60.28,60.87,6596125
1655213400,2022-06-14 09:30,61.57,62.26,60.83,61.35,4298708
1655299800,2022-06-15 09:30,61.97,63.45,61.48,62.58,4445316
1655386200,2022-06-16 09:30,60.67,61.05,58.95,59.36,5700474
1655472600,2022-06-17 09:30,59.76,61.03,59.2,60.49,9164380
1655818200,2022-06-21 09:30,61.39,62.34,60.81,61.01,5871690
1655904600,2022-06-22 09:30,60.28,61.76,60.0519,60.72,3927068
1655991000,2022-06-23 09:30,61.18,62.37,60.65,62.26,6077821
1656077400,2022-06-24 09:30,62.77,64.7,62.55,64.57,8541766
1656336600,2022-06-27 09:30,64.84,65.31,63.22,63.51,4029248
1656423000,2022-06-28 09:30,63.75,64.42,61.08,61.19,6929794
1656509400,2022-06-29 09:30,60.88,60.98,59.3,59.78,5364029
1656595800,2022-06-30 09:30,59.02,59.24,57.345,58.16,6693760
1656682200,2022-07-01 09:30,57.99,59.05,57.38,58.73,4131782
1657027800,2022-07-05 09:30,57.97,60.94,57.63,60.9,6890788
1657114200,2022-07-06 09:30,60.48,61.34,59,59.47,4433626
1657200600,2022-07-07 09:30,59.9,61.81,59.65,61.67,3844790
1657287000,2022-07-08 09:30,61.21,62.13,60.37,61.23,4212725
1657546200,2022-07-11 09:30,61.03,61.3,59.69,59.85,5171263
1657632600,2022-07-12 09:30,59.86,60.83,59.47,59.84,2894971
1657719000,2022-07-13 09:30,59,60.3,58.695,59.83,4889557
1657805400,2022-07-14 09:30,59.04,59.33,58.31,59.07,5162622
1657891800,2022-07-15 09:30,60.01,60.49,59.26,60.49,4554341
1658151000,2022-07-18 09:30,61.23,62.88,61.225,61.51,5426292
1658237400,2022-07-19 09:30,62.3,63.78,62.04,63.57,5937526
1658323800,2022-07-20 09:30,63.38,64.84,62.74,64.76,5005248
1658410200,2022-07-21 09:30,64.51,64.87,63.31,64.87,3438997
1658496600,2022-07-22 09:30,64.63,66.04,63.26,63.76,5181427
1658755800,2022-07-25 09:30,64.01,64.01,62.64,62.94,3258224
1658842200,2022-07-26 09:30,61.08,61.08,60.14,60.32,4527765
1658928600,2022-07-27 09:30,61.09,62.18,59.85,61.88,4511601
1659015000,2022-07-28 09:30,62.07,63.22,60.72,63.11,4710584
1659101400,2022-07-29 09:30,63.13,63.74,62.41,63.61,3300410
1659360600,2022-08-01 09:30,63.31,65.4,62.92,65.09,5271628
1659447000,2022-08-02 09:30,64.84,65.335,63.98,64.46,3120309
1659533400,2022-08-03 09:30,65.2,66.71,64.98,66.31,3698355
1659619800,2022-08-04 09:30,66.4,67.2,66.06,66.21,3845363
1659706200,2022-08-05 09:30,65.4,67.29,65.13,66.91,3768538
1659965400,2022-08-08 09:30,67.5,70.88,67.5,69.32,7963090
1660051800,2022-08-09 09:30,68.6,69.01,66.35,66.66,4410667
1660138200,2022-08-10 09:30,68.67,69.56,68.07,68.89,3916412
1660224600,2022-08-11 09:30,70,71.89,69.94,70.23,5471338
1660311000,2022-08-12 09:30,70.78,71.43,69.78,71.42,3258649
1660570200,2022-08-15 09:30,70.99,71.645,70.72,71.48,2711105
1660656600,2022-08-16 09:30,71.85,75.785,71.53,74.35,7422184
1660743000,2022-08-17 09:30,73.15,73.49,71.72,72.23,5286569
1660829400,2022-08-18 09:30,71.99,72.07,70.95,71.72,3019444
1660915800,2022-08-19 09:30,70.8,71.1395,69.03,69.42,5853957
1661175000,2022-08-22 09:30,68.18,68.3,67.06,67.23,7351648
1661261400,2022-08-23 09:30,67.7,68.655,67.26,67.35,3073659
1661347800,2022-08-24 09:30,66.88,67.55,66.1511,66.63,3465707
1661434200,2022-08-25 09:30,66.53,68.35,66.07,67.91,2921944
1661520600,2022-08-26 09:30,68.17,68.46,65.47,65.55,4719881
1661779800,2022-08-29 09:30,64.97,65.92,64.52,65.28,5310570
1661866200,2022-08-30 09:30,66.01,66.26,64.15,64.57,5267366
1661952600,2022-08-31 09:30,64.95,64.95,63.28,63.42,6930167
1662039000,2022-09-01 09:30,62.76,63.36,61.945,63.27,5025000
1662125400,2022-09-02 09:30,64.22,64.22,62.31,62.7,5133070
1662471000,2022-09-06 09:30,63,63.23,61.47,62.37,4694748
1662557400,2022-09-07 09:30,62.37,64.555,62.27,64.39,4963277
1662643800,2022-09-08 09:30,63.51,64.3,62.82,64.25,3980843
1662730200,2022-09-09 09:30,64.57,66.12,64.42,66.01,3765432
1662989400,2022-09-12 09:30,66.58,67.75,66.34,67.15,3913353
1663075800,2022-09-13 09:30,64.87,65.24,63.01,63.27,4620762
1663162200,2022-09-14 09:30,63.54,63.55,62.02,63.17,5696219
1663248600,2022-09-15 09:30,63.05,64.61,62.85,63.41,6180945
1663335000,2022-09-16 09:30,62.57,63.22,61.88,62.49,6201640
1663594200,2022-09-19 09:30,61.61,62.98,61.53,62.93,3842392
1663680600,2022-09-20 09:30,62.36,62.36,60.66,61.29,3769212
1663767000,2022-09-21 09:30,61.69,62.86,60.62,60.62,4279221
1663853400,2022-09-22 09:30,60.57,60.68,58.87,59.07,4348993
1663939800,2022-09-23 09:30,58.26,58.62,57.32,58.38,4600251
1664199000,2022-09-26 09:30,58.48,59.48,57.37,57.47,3324694
1664285400,2022-09-27 09:30,58.31,59,57.34,58.1,3674597
1664371800,2022-09-28 09:30,58.29,60.46,58.21,60.1,5919672
1664458200,2022-09-29 09:30,58.84,58.91,56.79,57.32,5657046
1664544600,2022-09-30 09:30,56.59,57.965,55.32,56.44,7558084
1664803800,2022-10-03 09:30,57.19,58.35,56.185,57.81,4631703
1664890200,2022-10-04 09:30,59.35,60.51,59.33,60.47,5737603
1664976600,2022-10-05 09:30,59.31,60.425,58.66,60.01,3749106
1665063000,2022-10-06 09:30,59.96,60.87,59.315,59.62,3285409
1665149400,2022-10-07 09:30,58.81,59.05,57.725,58.26,4143890
1665408600,2022-10-10 09:30,58.4,58.675,57.24,57.99,2619862
1665495000,2022-10-11 09:30,57.94,59.86,57.27,58.63,4476252
1665581400,2022-10-12 09:30,58.66,59,58.02,58.48,3506257
1665667800,2022-10-13 09:30,57.22,59.69,56.28,59.23,7036355
1665754200,2022-10-14 09:30,59.74,60.14,57.33,57.33,4169602
1666013400,2022-10-17 09:30,58.6,59.29,58.58,58.96,3876858
1666099800,2022-10-18 09:30,60.41,61.06,59.22,59.84,4067049
1666186200,2022-10-19 09:30,59.2,59.62,57.33,58.18,4393751
1666272600,2022-10-20 09:30,58.16,59.44,57.26,57.43,4987824
1666359000,2022-10-21 09:30,57.52,59,57.14,58.84,3640057
1666618200,2022-10-24 09:30,59.34,59.77,58.15,59.58,3960147
1666704600,2022-10-25 09:30,59.68,62.26,59.68,61.96,4739387
1666791000,2022-10-26 09:30,62.04,63.24,61.53,61.84,3325904
1666877400,2022-10-27 09:30,62.44,63.22,61.99,62.24,3719326
1666963800,2022-10-28 09:30,62.05,63.27,61.17,63.17,5121354
1667223000,2022-10-31 09:30,63.06,63.54,62.55,62.75,3895544
1667309400,2022-11-01 09:30,63.79,64.23,62.61,63.02,3573254
1667395800,2022-11-02 09:30,63.06,63.26,60.38,60.38,5287991
1667482200,2022-11-03 09:30,59.97,61.63,59.53,60.93,3859547
1667568600,2022-11-04 09:30,62.06,62.06,59.75,60.82,4424873
1667831400,2022-11-07 09:30,61.27,61.615,60.06,61.4,4573200
1667917800,2022-11-08 09:30,61.83,62.435,60.54,61.58,4532199
1668004200,2022-11-09 09:30,61.17,61.34,59.32,59.41,4838999
1668090600,2022-11-10 09:30,62.46,64.29,62.18,64.06,6380653
1668177000,2022-11-11 09:30,64.22,66.08,63.99,65.56,4566999
1668436200,2022-11-14 09:30,64.98,65.94,64.63,64.76,5294182
1668522600,2022-11-15 09:30,66.54,67.55,66.03,66.43,6043974
1668609000,2022-11-16 09:30,64.19,64.72,63.6,63.96,6744595
1668695400,2022-11-17 09:30,63.3,64.36,62.825,64.33,6770566
1668781800,2022-11-18 09:30,66.06,66.11,64.19,64.95,4799978
1669041000,2022-11-21 09:30,64.5,64.805,64.12,64.67,3087719
1669127400,2022-11-22 09:30,65.85,66.45,65.4,66.42,3864786
1669213800,2022-11-23 09:30,66.17,66.798,65.89,66.64,3291732
1669386600,2022-11-25 09:30,66.59,67.01,66.31,66.6,1507171
1669645800,2022-11-28 09:30,66.09,66.87,65.715,65.98,4236380
1669732200,2022-11-29 09:30,65.84,66.405,65.56,66,3624242
1669818600,2022-11-30 09:30,66.29,67.32,65.37,67.28,7705542
1669905000,2022-12-01 09:30,67.23,67.55,66.02,66.37,6862828
1669991400,2022-12-02 09:30,65.36,67.22,65.36,67.02,3323717
1670250600,2022-12-05 09:30,66.46,66.56,65.12,65.4,4598097
1670337000,2022-12-06 09:30,65.57,65.76,64.37,64.93,4295219
1670423400,2022-12-07 09:30,64.84,65.62,64.24,64.87,3352521
1670509800,2022-12-08 09:30,65.16,65.93,64.7,65.47,4774620
1670596200,2022-12-09 09:30,64.74,65.03,64.11,64.21,5891788
1670855400,2022-12-12 09:30,64.41,64.61,63.72,64.55,3943265
1670941800,2022-12-13 09:30,67.2,67.2,63.98,64.18,5922660
1671028200,2022-12-14 09:30,64.03,64.81,63.15,64.19,6963591
1671114600,2022-12-15 09:30,63.39,63.43,62.075,62.32,5521626
1671201000,2022-12-16 09:30,61.8,62.28,61.23,61.55,6133806
1671460200,2022-12-19 09:30,61.08,61.36,59.65,59.88,3645488
1671546600,2022-12-20 09:30,59.62,60.08,58.8595,59.09,3713581
1671633000,2022-12-21 09:30,60,60.68,59.83,60.38,5297226
1671719400,2022-12-22 09:30,59.43,59.53,58.205,59.29,5065440
1671805800,2022-12-23 09:30,59.3,60.39,58.84,60.39,3695428
1672151400,2022-12-27 09:30,60.29,60.56,59.56,59.7,2546231
1672237800,2022-12-28 09:30,59.68,60.03,58.54,58.82,3634985
1672324200,2022-12-29 09:30,59.25,60.47,59.09,60.28,2329096
1672410600,2022-12-30 09:30,59.68,60.49,59.55,60.45,3219072
1672756200,2023-01-03 09:30,61.03,61.37,59.74,60.03,3433503
1672842600,2023-01-04 09:30,60.48,62.05,60.3,61.62,4859621
1672929000,2023-01-05 09:30,60.84,61.41,60.11,61.15,4194540
1673015400,2023-01-06 09:30,61.63,62.91,61.28,62.75,3889545
1673274600,2023-01-09 09:30,62.78,63.41,62.29,62.46,5876987
1673361000,2023-01-10 09:30,62.57,63.935,62.37,63.92,3585100
1673447400,2023-01-11 09:30,64.21,65.45,64.21,65.43,5652534
1673533800,2023-01-12 09:30,65.8,66.02,64.56,66.01,4131209
1673620200,2023-01-13 09:30,65.08,66.38,65.032,65.99,3911218
1673965800,2023-01-17 09:30,65.7,66.19,65.29,65.73,6255935
1674052200,2023-01-18 09:30,66.36,67.1573,64.7,64.74,6398911
1674138600,2023-01-19 09:30,64.15,64.39,63.095,63.53,4689275
1674225000,2023-01-20 09:30,64.03,65.245,63.35,65.17,4960072
1674484200,2023-01-23 09:30,65.74,67.52,65.58,67.15,4716158
1674570600,2023-01-24 09:30,66.7,67.27,66.305,66.34,4268097
1674657000,2023-01-25 09:30,65.51,67.02,65.13,66.91,5065580
1674743400,2023-01-26 09:30,67.76,68.53,66.81,67.57,3982556
1674829800,2023-01-27 09:30,67.52,69.0861,67.43,68.78,3689292
1675089000,2023-01-30 09:30,68.12,69.25,67.99,68.25,3603810
1675175400,2023-01-31 09:30,68.66,70.2,68.52,70.19,4899777
1675261800,2023-02-01 09:30,69.98,72.985,69.55,72.29,7529945
1675348200,2023-02-02 09:30,73.81,75.77,73.25,74.47,9696909
1675434600,2023-02-03 09:30,73.38,75.07,73.14,73.56,5606868
1675693800,2023-02-06 09:30,72.77,73.29,71.8,72.12,3533936
1675780200,2023-02-07 09:30,71.67,72.04,70.19,71.79,6479038
1675866600,2023-02-08 09:30,71.21,71.82,70.45,70.81,4878261
1675953000,2023-02-09 09:30,71.88,72.15,69.41,69.51,5104121
1676039400,2023-02-10 09:30,68.92,69.43,68.47,68.86,4622445
1676298600,2023-02-13 09:30,69.01,70.5,68.29,70.46,4656166
1676385000,2023-02-14 09:30,70.09,70.97,69.2,70.32,6127066
1676471400,2023-02-15 09:30,69.76,72.16,69.58,72.1,5960711
1676557800,2023-02-16 09:30,70.97,72.31,70.58,70.97,6197880
1676644200,2023-02-17 09:30,70.85,71.31,70.29,71.23,5347662
1676989800,2023-02-21 09:30,70.07,70.47,67.705,67.72,7049377
1677076200,2023-02-22 09:30,67.91,69.04,67.7906,68.23,5741311
1677162600,2023-02-23 09:30,68.07,68.16,66.55,67.74,6775569
1677249000,2023-02-24 09:30,66.49,66.73,65.86,66.45,7389749
1677508200,2023-02-27 09:30,67.24,67.31,66.265,66.51,7861073
1677594600,2023-02-28 09:30,66.46,67.465,66.45,66.45,5899416
1677681000,2023-03-01 09:30,65.8,66.17,64.98,65.32,7824317
1677767400,2023-03-02 09:30,65.17,66.215,64.98,66.03,4580320
1677853800,2023-03-03 09:30,66.54,67.07,65.94,67,3567835
1678113000,2023-03-06 09:30,67.05,67.26,65.35,65.55,4590573
1678199400,2023-03-07 09:30,65.89,66.59,65.54,65.65,5777760
1678285800,2023-03-08 09:30,65.69,65.72,64.9,65.6,9219135
1678372200,2023-03-09 09:30,65.39,65.84,64.275,64.4,11115017
1678458600,2023-03-10 09:30,63.89,64.13,62.445,62.93,14075011
1678714200,2023-03-13 09:30,61.67,62.57,60.93,61.47,11331631
1678800600,2023-03-14 09:30,62.87,63.13,60.95,61.56,9266076
1678887000,2023-03-15 09:30,60.28,61.395,59.97,61.32,10359438
1678973400,2023-03-16 09:30,60.98,62.31,60.43,61.98,9514296
1679059800,2023-03-17 09:30,61.54,61.54,60.26,60.6,6322094
1679319000,2023-03-20 09:30,60.93,61.77,60.14,60.61,11128503
1679405400,2023-03-21 09:30,61.55,62.52,61.515,61.74,6061559
1679491800,2023-03-22 09:30,62.56,62.67,60.59,60.66,7333428
1679578200,2023-03-23 09:30,61,61.46,59.26,59.94,9962612
1679664600,2023-03-24 09:30,59.6,60.38,58.965,60.21,7888970
1679923800,2023-03-27 09:30,60.83,60.96,59.79,60.41,5999341
1680010200,2023-03-28 09:30,60.47,61.57,60.47,60.94,6857576
1680096600,2023-03-29 09:30,61.53,61.53,60.405,61.21,4299799
1680183000,2023-03-30 09:30,62.01,62.71,61.59,61.79,7545810
1680269400,2023-03-31 09:30,62.3,63.47,62.13,63.42,5499906
1680528600,2023-04-03 09:30,63.57,63.96,62.96,63.8,5365796
1680615000,2023-04-04 09:30,64.11,64.233,62.755,62.96,4640037
1680701400,2023-04-05 09:30,62.75,62.75,61.28,61.62,6221146
1680787800,2023-04-06 09:30,61.38,61.9,60.815,61.51,5192363
1681133400,2023-04-10 09:30,61.27,62.68,61.27,62.62,5047057
1681219800,2023-04-11 09:30,63.23,64.01,63.07,63.66,6669143
1681306200,2023-04-12 09:30,64.12,64.38,61.88,62.01,7616460
1681392600,2023-04-13 09:30,62.2,62.595,61.81,62.19,5644664
1681479000,2023-04-14 09:30,62.59,63.57,61.8,62.23,7556098
1681738200,2023-04-17 09:30,62.53,62.89,61.99,62.5,3942258
1681824600,2023-04-18 09:30,62.72,63.015,62.25,62.52,3901521
1681911000,2023-04-19 09:30,62.01,62.595,61.7,62.44,3303802
1681997400,2023-04-20 09:30,61.98,62.92,61.88,62.19,3946170
1682083800,2023-04-21 09:30,62.3,62.41,61.84,62.25,4214750
1682343000,2023-04-24 09:30,62.2,62.66,61.95,62.62,4815966
1682429400,2023-04-25 09:30,62.21,62.26,60.56,60.57,4688689
1682515800,2023-04-26 09:30,60.65,61.215,60.41,60.7,6550360
1682602200,2023-04-27 09:30,60.73,61.49,60.5,61.38,5287174
1682688600,2023-04-28 09:30,61.13,61.82,61.07,61.43,4610368
1682947800,2023-05-01 09:30,61.46,61.83,60.8,61.08,4146911
1683034200,2023-05-02 09:30,61,61,59.455,60.77,6569241
1683120600,2023-05-03 09:30,60.84,61.49,60.25,60.33,5568175
1683207000,2023-05-04 09:30,60.26,60.38,59.19,59.42,5949837
1683293400,2023-05-05 09:30,60.47,61.25,60.47,61.17,5005672
1683552600,2023-05-08 09:30,61.39,61.67,60.84,61.53,4045478
1683639000,2023-05-09 09:30,61.18,61.565,60.645,61.36,4369982
1683725400,2023-05-10 09:30,61.99,62.175,60.73,61.34,4970507
1683811800,2023-05-11 09:30,61.12,61.66,60.82,61.15,3602174
1683898200,2023-05-12 09:30,61.29,61.37,60.37,60.75,4751206
1684157400,2023-05-15 09:30,61,61.48,60.43,61.29,4877141
1684243800,2023-05-16 09:30,60.76,60.76,59.84,59.85,5811464
1684330200,2023-05-17 09:30,60.17,61.6,59.885,61.53,7354221
1684416600,2023-05-18 09:30,61.16,61.78,60.93,61.69,5144967
1684503000,2023-05-19 09:30,61.23,61.23,59.3,59.48,7319994
1684762200,2023-05-22 09:30,59.68,59.935,59.14,59.65,4239811
1684848600,2023-05-23 09:30,59.31,60.36,59.21,59.38,5012297
1684935000,2023-05-24 09:30,60.04,60.29,58.79,59.25,6977721
1685021400,2023-05-25 09:30,59.14,59.14,57.63,58.07,7121304
1685107800,2023-05-26 09:30,57.88,58.78,57.61,58.55,6761070
1685453400,2023-05-30 09:30,58.77,58.92,58.025,58.57,4597817
1685539800,2023-05-31 09:30,57.88,58.06,56.51,56.84,7868326
1685626200,2023-06-01 09:30,56.84,57.65,56.2,56.99,8005612
1685712600,2023-06-02 09:30,57.69,59.535,57.55,59.48,9679029
1685971800,2023-06-05 09:30,59.01,59.31,58.37,58.6,5299733
1686058200,2023-06-06 09:30,58.37,60.61,58.2,60.43,7144247
1686144600,2023-06-07 09:30,61,61.89,60.74,61.65,6841426
1686231000,2023-06-08 09:30,61.46,62.715,60.96,62.43,10694896
1686317400,2023-06-09 09:30,62.63,62.95,61.285,61.36,6674817
1686576600,2023-06-12 09:30,61.39,62.51,60.93,62.28,4707249
1686663000,2023-06-13 09:30,62.84,63.68,62.64,63.55,5705313
1686749400,2023-06-14 09:30,63.7,63.95,61.98,62.65,6613570
1686835800,2023-06-15 09:30,62.35,63.86,62.32,63.71,6660150
1686922200,2023-06-16 09:30,64.14,64.14,62.355,62.66,7115568
1687267800,2023-06-20 09:30,62.18,62.5,61.81,62.07,4746610
1687354200,2023-06-21 09:30,61.98,62.68,61.59,62.23,3566761
1687440600,2023-06-22 09:30,62.02,62.49,61.565,62.3,3246392
1687527000,2023-06-23 09:30,62,62.56,61.76,61.83,4284258
1687786200,2023-06-26 09:30,61.98,62.63,61.885,61.96,3933461
1687872600,2023-06-27 09:30,61.98,63.17,61.77,63.02,3971140
1687959000,2023-06-28 09:30,62.92,63.0801,62.5,63.08,4612668
1688045400,2023-06-29 09:30,63.28,64.01,63.09,63.44,5902506
1688131800,2023-06-30 09:30,63.89,63.99,62.97,63.75,6242118
1688391000,2023-07-03 09:30,63.73,64.48,63.73,64.32,2373323
1688563800,2023-07-05 09:30,64.14,64.21,63.46,64.07,4040650
1688650200,2023-07-06 09:30,63.43,63.77,62.83,63.26,4933740
1688736600,2023-07-07 09:30,63.4,64.405,63.33,63.87,3617920
1688995800,2023-07-10 09:30,63.79,65.05,63.6,65.05,4694881
1689082200,2023-07-11 09:30,65.32,66.51,65.27,66.39,5837968
1689168600,2023-07-12 09:30,67.23,67.42,66.27,66.31,7183872
1689255000,2023-07-13 09:30,66.55,66.55,65.735,65.82,4179961
1689341400,2023-07-14 09:30,65.4,65.66,64.72,65.21,4683660
1689600600,2023-07-17 09:30,65.13,65.83,64.585,65.58,4045228
1689687000,2023-07-18 09:30,65.61,66.67,65.49,66.28,5152226
1689773400,2023-07-19 09:30,67.11,67.62,66.655,67.62,6032644
1689859800,2023-07-20 09:30,67.53,67.6,66.55,66.69,6181665
1689946200,2023-07-21 09:30,67.23,67.23,65.99,66.04,4091685
1690205400,2023-07-24 09:30,66.14,66.8123,65.87,66.45,3682531
1690291800,2023-07-25 09:30,66.32,66.59,65.95,66.16,3132141
1690378200,2023-07-26 09:30,66.32,67.28,66.27,67.16,4278305
1690464600,2023-07-27 09:30,67.37,67.78,66.21,66.42,4903322
1690551000,2023-07-28 09:30,66.9,67.43,66.705,67.2,2713190
1690810200,2023-07-31 09:30,67.23,67.85,67.2001,67.78,3533588
1690896600,2023-08-01 09:30,67.45,67.75,67.02,67.44,3434375
1690983000,2023-08-02 09:30,66.67,67.13,66.402,66.81,4642665
1691069400,2023-08-03 09:30,66.75,67.36,66.46,66.95,4893368
1691155800,2023-08-04 09:30,67.47,67.6,66.63,66.73,4899549
1691415000,2023-08-07 09:30,66.89,67.05,66.21,66.78,2735198
1691501400,2023-08-08 09:30,66.16,66.3,65.43,66.24,4307541
1691587800,2023-08-09 09:30,66.7,66.71,65.78,65.99,4376611
1691674200,2023-08-10 09:30,66.46,67.165,65.715,65.93,6399475
1691760600,2023-08-11 09:30,65.62,66.35,65.47,65.96,3675143
1692019800,2023-08-14 09:30,65.69,66.12,65.36,66.12,3835459
1692106200,2023-08-15 09:30,65.76,65.98,65.16,65.42,4384037
1692192600,2023-08-16 09:30,65.63,66.1,64.815,64.83,6439858
1692279000,2023-08-17 09:30,65.07,65.35,63.95,64,5707270
1692365400,2023-08-18 09:30,63.75,65.04,63.44,64.83,5910204
1692624600,2023-08-21 09:30,64.77,65.1,64.03,64.35,4447442
1692711000,2023-08-22 09:30,63.57,63.57,62.405,62.56,6858304
1692797400,2023-08-23 09:30,62.39,63.17,61.88,63.07,6407887
1692883800,2023-08-24 09:30,62.8,63.105,61.67,61.75,7427211
1692970200,2023-08-25 09:30,62.24,62.55,61.38,62,7414053
1693229400,2023-08-28 09:30,62.16,62.89,62.16,62.77,5326530
1693315800,2023-08-29 09:30,62.79,63.83,62.71,63.76,4519839
1693402200,2023-08-30 09:30,63.58,64.42,63.56,64.18,3255726
1693488600,2023-08-31 09:30,63.93,64.84,63.87,64.27,5064745
1693575000,2023-09-01 09:30,64.72,64.88,64.23,64.61,3727834
1693920600,2023-09-05 09:30,64.05,64.15,63.12,63.2,6604162
1694007000,2023-09-06 09:30,63.05,63.57,62.34,62.71,5725701
1694093400,2023-09-07 09:30,62.57,62.78,62.11,62.31,6101859
1694179800,2023-09-08 09:30,62.36,62.36,61.71,61.98,5153286
1694439000,2023-09-11 09:30,62.28,62.59,61.96,62,3002706
1694525400,2023-09-12 09:30,62.09,62.635,61.81,61.91,3562768
1694611800,2023-09-13 09:30,62.24,62.24,61.36,61.6,5237087
1694698200,2023-09-14 09:30,62.05,63.09,61.92,63.04,6538410
1694784600,2023-09-15 09:30,62.9,62.9,62.005,62.23,6092660
1695043800,2023-09-18 09:30,62.04,62.04,61.03,61.07,5733695
1695130200,2023-09-19 09:30,60.99,61.33,60.62,60.91,7221062
1695216600,2023-09-20 09:30,61.06,61.37,60.58,60.62,4622322
1695303000,2023-09-21 09:30,60.25,60.47,59.84,59.87,6568365
1695389400,2023-09-22 09:30,60.17,60.35,59.565,59.59,4621336
1695648600,2023-09-25 09:30,59.21,60.13,59.12,59.88,4996722
1695735000,2023-09-26 09:30,59.58,59.92,58.915,58.99,6067986
1695821400,2023-09-27 09:30,59.17,59.68,58.82,59.34,7125932
1695907800,2023-09-28 09:30,59.37,60.7,59.29,60.44,7355246
1695994200,2023-09-29 09:30,61.16,61.54,60.69,60.86,7890845
1696253400,2023-10-02 09:30,60.72,61.05,60.175,60.35,4780099
1696339800,2023-10-03 09:30,60.18,60.4,59.01,59.22,7272514
1696426200,2023-10-04 09:30,59.39,59.68,58.9,59.42,6670939
1696512600,2023-10-05 09:30,59.23,59.42,58.305,58.5,7691870
1696599000,2023-10-06 09:30,58.15,59.25,57.48,58.82,12195417
1696858200,2023-10-09 09:30,58.31,59.44,58.175,59.19,5477289
1696944600,2023-10-10 09:30,59.33,60.69,59.33,60.26,10368541
1697031000,2023-10-11 09:30,60.47,60.72,59.53,60.01,5913530
1697117400,2023-10-12 09:30,60.18,60.2,58.525,58.96,9846274
1697203800,2023-10-13 09:30,59.08,59.26,58.475,58.63,7695899
1697463000,2023-10-16 09:30,59.15,60.4,59,60.22,10064385
1697549400,2023-10-17 09:30,59.86,61.74,59.86,61.26,11116544
1697635800,2023-10-18 09:30,60.87,61.04,60.35,60.54,8335394
1697722200,2023-10-19 09:30,60.41,60.73,59.4,59.55,9692729
1697808600,2023-10-20 09:30,59.59,59.82,59.09,59.24,8449804
1698067800,2023-10-23 09:30,59.01,59.475,58.24,58.48,8315083
1698154200,2023-10-24 09:30,58.8,59.4,58.335,58.55,7821840
1698240600,2023-10-25 09:30,58.34,58.74,57.72,58.39,7842651
1698327000,2023-10-26 09:30,58.53,59.03,58.06,58.6,10224606
1698413400,2023-10-27 09:30,58.73,58.96,57.795,57.91,8228365
1698672600,2023-10-30 09:30,58.46,58.79,57.8,58.25,4737591
1698759000,2023-10-31 09:30,58.21,58.85,57.86,58.69,5932258
1698845400,2023-11-01 09:30,58.65,58.84,57.59,58.53,10564700
1698931800,2023-11-02 09:30,59.33,60.36,59.24,60.33,9500267
1699018200,2023-11-03 09:30,60.97,62.46,60.97,62.08,9870555
1699281000,2023-11-06 09:30,62,62.21,61.06,61.55,9526213
1699367400,2023-11-07 09:30,61.36,61.78,61.12,61.52,6027879
1699453800,2023-11-08 09:30,61.3,61.36,60.32,60.41,6393614
1699540200,2023-11-09 09:30,60.69,60.95,59.195,59.35,6356366
1699626600,2023-11-10 09:30,59.73,59.91,58.79,59.84,6916330
1699885800,2023-11-13 09:30,59.46,59.92,59.24,59.42,4534184
1699972200,2023-11-14 09:30,61.01,62.97,61,62.36,12484399
1700058600,2023-11-15 09:30,62.95,64.54,62.7,63.72,11697836
1700145000,2023-11-16 09:30,63.01,63.15,61.29,61.54,10118314
1700231400,2023-11-17 09:30,62.55,63.47,62.37,63.25,9878321
1700490600,2023-11-20 09:30,63.16,63.83,62.87,63.64,5572659
1700577000,2023-11-21 09:30,63.38,63.6,62.85,63.46,6391475
1700663400,2023-11-22 09:30,63.47,64.04,63.26,63.43,7366419
1700836200,2023-11-24 09:30,63.53,63.92,63.35,63.89,2600326
1701095400,2023-11-27 09:30,63.64,63.93,63.27,63.51,5308584
1701181800,2023-11-28 09:30,63.42,64.43,63.01,64.11,6916807
1701268200,2023-11-29 09:30,64.53,65.48,64.425,64.54,5609856
1701354600,2023-11-30 09:30,64.8,64.92,63.885,64.6,7294387
1701441000,2023-12-01 09:30,64.65,67.07,64.44,67.05,8848172
1701700200,2023-12-04 09:30,66.71,68.22,66.71,67.79,6783619
1701786600,2023-12-05 09:30,66.86,66.97,65.925,65.98,5829824
1701873000,2023-12-06 09:30,66.61,67.41,66.23,66.35,7185609
1701959400,2023-12-07 09:30,66.33,67.14,66.04,67.07,5881109
1702045800,2023-12-08 09:30,66.9,67.64,66.615,67.08,6429424
1702305000,2023-12-11 09:30,67.68,68.35,67.5,68.19,6785263
1702391400,2023-12-12 09:30,67.94,68,67.44,67.53,3476961
1702477800,2023-12-13 09:30,67.7,69.78,66.98,69.75,8335454
1702564200,2023-12-14 09:30,70.89,71.785,70.74,71.43,11274896
1702650600,2023-12-15 09:30,71.58,71.89,70.55,70.85,6532999
1702909800,2023-12-18 09:30,70.92,71.21,70.19,70.76,6493933
1702996200,2023-12-19 09:30,71.18,72.2975,71.01,72.2,5085938
1703082600,2023-12-20 09:30,71.84,72.52,70.84,70.84,6801111
1703169000,2023-12-21 09:30,71.87,72.29,71.46,72.24,6087172
1703255400,2023-12-22 09:30,71.44,72.64,71.44,72.04,6795808
1703601000,2023-12-26 09:30,72.34,72.88,72.02,72.71,3650589
1703687400,2023-12-27 09:30,72.91,73.32,72.64,73.12,5139428
1703773800,2023-12-28 09:30,72.79,73.19,72.71,73.11,4631687
1703860200,2023-12-29 09:30,72.97,73.23,72.16,72.32,7862816
1704205800,2024-01-02 09:30,71.8,72.94,71.465,72.26,7248254
1704292200,2024-01-03 09:30,71.36,71.59,69.61,69.65,9163091
1704378600,2024-01-04 09:30,69.47,69.88,69,69.52,5558745
1704465000,2024-01-05 09:30,69.29,70.475,69.03,69.4,4943902
1704724200,2024-01-08 09:30,69.56,70.68,69.24,70.62,6736223
1704810600,2024-01-09 09:30,70.17,70.4,69.79,70.02,5692253
1704897000,2024-01-10 09:30,70.07,70.41,69.57,70.23,3910269
1704983400,2024-01-11 09:30,69.96,70.13,68.9,69.68,6832675
1705069800,2024-01-12 09:30,70.04,70.5,68.605,68.82,6910286
1705415400,2024-01-16 09:30,68.35,68.71,67.88,68.63,6729715
1705501800,2024-01-17 09:30,68.01,68.41,67.75,68.22,4762431
1705588200,2024-01-18 09:30,68.61,68.67,67.61,68.39,8903516
1705674600,2024-01-19 09:30,68.51,69.12,67.565,68.68,9286463
1705933800,2024-01-22 09:30,69.08,70.025,68.87,69.96,6720025
1706020200,2024-01-23 09:30,70.43,70.93,69.1,69.36,6962489
1706106600,2024-01-24 09:30,70.17,70.17,68.56,68.69,7012751
1706193000,2024-01-25 09:30,69.23,69.685,68.85,69.59,8733224
1706279400,2024-01-26 09:30,69.98,70.36,69.77,69.94,6269367
1706538600,2024-01-29 09:30,69.87,70.61,69.535,70.52,5054084
1706625000,2024-01-30 09:30,70.1,70.55,69.915,70.26,5032432
1706711400,2024-01-31 09:30,69.92,70.492,68.48,68.6,11765962
1706797800,2024-02-01 09:30,69.27,70.43,68.69,70.4,11209795
1706884200,2024-02-02 09:30,69.81,71.25,69.37,70.74,11707170
1707143400,2024-02-05 09:30,70.05,70.055,69,69.7,7543949
1707229800,2024-02-06 09:30,69.58,70.615,69.26,70.58,3680967
1707316200,2024-02-07 09:30,70.72,70.95,70.19,70.67,5670707
1707402600,2024-02-08 09:30,70.69,71.79,70.4,71.73,6961355
1707489000,2024-02-09 09:30,71.74,72.775,71.54,72.7,7048374
1707748200,2024-02-12 09:30,72.78,74.36,72.78,74.16,4554111
1707834600,2024-02-13 09:30,72.13,72.56,71.35,72,12499858
1707921000,2024-02-14 09:30,72.68,73.15,71.881,72.97,8237493
1708007400,2024-02-15 09:30,73.19,74.11,73.19,73.98,7785972
1708093800,2024-02-16 09:30,73.03,74.22,72.95,73.57,4323817
1708439400,2024-02-20 09:30,73.04,73.3,72.78,73.04,3325780
1708525800,2024-02-21 09:30,72.83,73.25,72.295,72.7,6466622
1708612200,2024-02-22 09:30,72.92,73.48,72.61,73.32,4613310
1708698600,2024-02-23 09:30,73.9,74.99,73.81,74.63,7974547
1708957800,2024-02-26 09:30,74.61,75.23,74.46,74.79,7197499
1709044200,2024-02-27 09:30,75.25,76.84,75.25,76.64,8561769
1709130600,2024-02-28 09:30,76.18,76.575,75.9,75.96,7684958
1709217000,2024-02-29 09:30,76.77,76.97,75.955,76.49,7927254
1709303400,2024-03-01 09:30,76.53,77.12,75.84,77.02,7278701
1709562600,2024-03-04 09:30,76.96,77.59,76.7,76.72,4783924
1709649000,2024-03-05 09:30,76.44,77.3,76.3,76.7,5139582
1709735400,2024-03-06 09:30,76.72,76.83,75.165,75.48,9554898
1709821800,2024-03-07 09:30,75.93,76.54,75.57,75.69,5852638
1709908200,2024-03-08 09:30,76.1,76.65,75.13,75.62,7116493
1710163800,2024-03-11 09:30,75.44,75.81,74.725,75.26,3781191
1710250200,2024-03-12 09:30,75.47,75.95,75.03,75.41,4635082
1710336600,2024-03-13 09:30,75.16,76.2,74.92,75.92,4183362
1710423000,2024-03-14 09:30,76.2,76.39,74.64,75.26,6803033
1710509400,2024-03-15 09:30,74.83,75.82,74.83,75.61,4831222
1710768600,2024-03-18 09:30,75.66,75.84,74.79,75.42,7812265
1710855000,2024-03-19 09:30,75.08,76.06,75.03,75.99,6171773
1710941400,2024-03-20 09:30,75.93,77.35,75.81,77.33,8114399
1711027800,2024-03-21 09:30,77.07,78.42,77.07,78.14,6911958
1711114200,2024-03-22 09:30,77.83,78.08,77.2,77.23,4033503
1711373400,2024-03-25 09:30,77.44,77.94,76.53,76.54,3965882
1711459800,2024-03-26 09:30,76.82,77.33,76.65,76.84,2424953
1711546200,2024-03-27 09:30,77.24,78.37,77.21,78.36,4651474
1711632600,2024-03-28 09:30,78.45,79.11,78.33,78.99,4638742
1711978200,2024-04-01 09:30,79.05,79.12,78.375,78.46,5655515
1712064600,2024-04-02 09:30,77.58,77.63,76.02,76.25,6433501
1712151000,2024-04-03 09:30,76.17,76.21,75.32,75.47,5270068
1712237400,2024-04-04 09:30,76.25,76.3,74.265,74.44,5804855
1712323800,2024-04-05 09:30,74.43,74.97,74.28,74.67,5745433
1712583000,2024-04-08 09:30,75.01,75.48,74.74,74.82,3534494
1712669400,2024-04-09 09:30,75.11,75.39,74.29,74.87,6203408
1712755800,2024-04-10 09:30,73.53,73.88,72.83,73.36,9230742
1712842200,2024-04-11 09:30,73.48,73.71,72.69,73.57,4530173
1712928600,2024-04-12 09:30,73.14,73.17,71.69,71.88,8320274
1713187800,2024-04-15 09:30,72.55,72.87,70.8,70.93,8827591
1713274200,2024-04-16 09:30,70.72,71.21,70.22,70.97,10533464
1713360600,2024-04-17 09:30,71.46,71.66,70.41,70.66,8632009
1713447000,2024-04-18 09:30,70.95,71.62,70.44,70.69,6667536
1713533400,2024-04-19 09:30,70.49,71.21,70.47,71.17,6534387
1713792600,2024-04-22 09:30,71.41,72.03,70.91,71.47,6264276
1713879000,2024-04-23 09:30,71.97,73.12,71.85,73.04,6462698
1713965400,2024-04-24 09:30,72.63,72.97,72.29,72.52,5524830
1714051800,2024-04-25 09:30,71.67,72.295,71.05,72.21,5623978
1714138200,2024-04-26 09:30,72.26,73.495,72.22,73.22,6749626
1714397400,2024-04-29 09:30,73.51,73.78,72.88,73.2,3804508
1714483800,2024-04-30 09:30,72.77,72.85,71.79,71.79,5375046
1714570200,2024-05-01 09:30,71.73,72.69,71,71.28,9027026
1714656600,2024-05-02 09:30,72.25,72.575,71.65,72.49,5124235
1714743000,2024-05-03 09:30,73.48,73.93,73.07,73.42,4536942
1715002200,2024-05-06 09:30,73.76,74.355,73.76,74.28,4379686
1715088600,2024-05-07 09:30,74.57,75.04,74.13,74.16,5922933
1715175000,2024-05-08 09:30,73.27,73.67,72.81,73.46,6830805
1715261400,2024-05-09 09:30,73.62,74.79,73.55,74.76,4754181
1715347800,2024-05-10 09:30,75.17,75.21,74.08,74.38,4635797
1715607000,2024-05-13 09:30,75.57,77.91,75.57,76.3,19974344
1715693400,2024-05-14 09:30,79.88,80.1,77.15,78.47,28165918
1715779800,2024-05-15 09:30,78.21,78.34,76.75,77.48,10134029
1715866200,2024-05-16 09:30,77.33,77.44,76.52,76.53,6867641
1715952600,2024-05-17 09:30,76.14,76.14,75.55,75.93,5033037
1716211800,2024-05-20 09:30,75.83,76.1,75.26,75.62,3347731
1716298200,2024-05-21 09:30,75.68,75.84,74.935,75.3,3097775
1716384600,2024-05-22 09:30,75.04,75.29,74.15,74.39,5863445
1716471000,2024-05-23 09:30,74.43,74.435,73.585,73.79,4276772
1716557400,2024-05-24 09:30,74.47,74.97,74.33,74.95,5026949
1716903000,2024-05-28 09:30,75.39,75.69,74.815,75.1,5020869
1716989400,2024-05-29 09:30,74.65,75.5,74.5,74.91,3754305
1717075800,2024-05-30 09:30,75.12,76.13,75.12,75.82,5727343
1717162200,2024-05-31 09:30,76.52,77.52,76.045,77.52,5889146
1717421400,2024-06-03 09:30,79.19,79.46,78.28,78.56,9922802
1717507800,2024-06-04 09:30,77.68,77.8,76.73,76.93,6358293
1717594200,2024-06-05 09:30,77.19,77.73,76.59,77.59,3891502
1717680600,2024-06-06 09:30,77.28,78.17,76.84,78.05,7990905
1717767000,2024-06-07 09:30,76.97,77.905,75.84,76.05,12480572
1718026200,2024-06-10 09:30,75.84,75.96,75.32,75.73,4872634
1718112600,2024-06-11 09:30,75.34,76.19,74.7,76.09,4327919
1718199000,2024-06-12 09:30,77.27,78.275,76.5,76.57,7956981
1718285400,2024-06-13 09:30,76.44,76.56,75.55,75.85,5064630
1718371800,2024-06-14 09:30,75.33,75.44,74.46,74.79,3779170
1718631000,2024-06-17 09:30,74.86,76.17,74.71,76.04,2939180
1718717400,2024-06-18 09:30,75.81,76.31,75.68,76.1,2878711
1718890200,2024-06-20 09:30,75.9,76.3525,75.225,75.78,2382648
1718976600,2024-06-21 09:30,75.99,76,75.4,75.76,3348010
1719235800,2024-06-24 09:30,75.32,76.45,75.32,76.03,4356025
1719322200,2024-06-25 09:30,75.83,75.83,75.14,75.44,2211048
1719408600,2024-06-26 09:30,75.08,75.54,74.93,75.19,2654539
1719495000,2024-06-27 09:30,74.66,75.05,74.13,74.89,3726969
1719581400,2024-06-28 09:30,74.79,75.385,74.55,74.98,2506264
1719840600,2024-07-01 09:30,75.3,75.42,73.561,73.6,4462359
1719927000,2024-07-02 09:30,73.68,73.9,73.49,73.69,3005929
1720013400,2024-07-03 09:30,73.84,74.11,73.425,73.49,2044705
1720186200,2024-07-05 09:30,73.48,73.83,73.18,73.45,1795530
1720445400,2024-07-08 09:30,73.9,74.21,73.62,73.68,4442602
1720531800,2024-07-09 09:30,73.61,73.74,73.11,73.22,3012471
1720618200,2024-07-10 09:30,73.6,73.975,73.48,73.85,3799598
1720704600,2024-07-11 09:30,74.89,76.61,74.89,76.53,7003010
1720791000,2024-07-12 09:30,76.88,77.655,76.79,77.11,4875006
1721050200,2024-07-15 09:30,76.89,77.41,76.24,76.42,6821445
1721136600,2024-07-16 09:30,77.08,79.2,77.03,79.13,6084043
1721223000,2024-07-17 09:30,78.08,79.16,77.875,78.27,4632408
1721309400,2024-07-18 09:30,77.83,78.735,76.3,76.5,4991554
1721395800,2024-07-19 09:30,76.44,76.51,75.455,75.59,5882473
1721655000,2024-07-22 09:30,76.13,76.24,74.99,76.19,4053699
1721741400,2024-07-23 09:30,75.78,76.3,75.52,76.01,4690501
1721827800,2024-07-24 09:30,75.57,76.16,74.77,74.81,4162825
1721914200,2024-07-25 09:30,74.99,76.43,74.79,75.68,3686152
1722000600,2024-07-26 09:30,76.47,77.18,76.36,77.17,4459383
1722259800,2024-07-29 09:30,77.33,77.67,76.72,77.04,2345303
1722346200,2024-07-30 09:30,77.54,78.04,77.1,77.65,2890432
1722432600,2024-07-31 09:30,78.11,80.05,77.58,78.51,5335202
1722519000,2024-08-01 09:30,78.86,78.96,75.94,76.58,6982691
1722605400,2024-08-02 09:30,74.395,74.53,73.33,74.08,8556746
1722864600,2024-08-05 09:30,70.62,73.12,70.54,72.38,9499086
1722951000,2024-08-06 09:30,72.68,73.72,71.84,72.89,3863028
1723037400,2024-08-07 09:30,73.67,73.87,71.39,71.49,5635640
1723123800,2024-08-08 09:30,72.43,73.43,72.295,73.42,3769577
1723210200,2024-08-09 09:30,73.31,73.635,72.82,73.39,4502275
1723469400,2024-08-12 09:30,73.57,73.58,72.625,72.73,3628276
1723555800,2024-08-13 09:30,73.11,74.09,72.76,73.98,2857296
1723642200,2024-08-14 09:30,74.3,74.46,73.32,73.4,3917625
1723728600,2024-08-15 09:30,76.21,76.72,75.63,76.5,9941682
1723815000,2024-08-16 09:30,76.2,77.495,76.17,77.09,3813225
1724074200,2024-08-19 09:30,76.97,77.56,76.95,77.12,3869077
1724160600,2024-08-20 09:30,77.04,77.21,76.2,76.52,2701104
1724247000,2024-08-21 09:30,77.66,78.1,77.02,77.49,3149875
1724333400,2024-08-22 09:30,76.79,76.99,76.065,76.18,2877867
1724419800,2024-08-23 09:30,77.01,78.145,76.72,78.04,4068328
1724679000,2024-08-26 09:30,78.28,78.605,77.885,77.98,2608447
1724765400,2024-08-27 09:30,77.65,77.83,77.26,77.7,2501001
1724851800,2024-08-28 09:30,77.13,77.43,76.35,76.56,5354275
1724938200,2024-08-29 09:30,76.88,76.95,75.68,76.18,5513328
1725024600,2024-08-30 09:30,76.66,76.66,75.55,76.32,3832543
1725370200,2024-09-03 09:30,75.8,76.31,74.89,75.04,4564756
1725456600,2024-09-04 09:30,74.51,74.97,73.85,74.13,3931204
1725543000,2024-09-05 09:30,74.51,74.69,73.62,73.77,3860899
1725629400,2024-09-06 09:30,73.67,74.18,72.34,72.52,5411251
1725888600,2024-09-09 09:30,72.75,73.19,72.21,72.55,3852064
1725975000,2024-09-10 09:30,72.83,72.83,71.37,72.35,4485089
1726061400,2024-09-11 09:30,71.98,72.34,71.13,72.28,5895083
1726147800,2024-09-12 09:30,72.54,73.5975,72.18,73.4,5435308
1726234200,2024-09-13 09:30,74.2,75.9,74.15,75.52,8843431
1726493400,2024-09-16 09:30,75.57,76.29,75.3,75.64,2804278
1726579800,2024-09-17 09:30,76.16,77,76.045,76.26,3443558
1726666200,2024-09-18 09:30,76.28,78.32,76.115,76.31,4751706
1726752600,2024-09-19 09:30,77.77,77.94,76.9,77.21,3707924
1726839000,2024-09-20 09:30,76.9,77.06,76.26,76.57,2697473
1727098200,2024-09-23 09:30,76.63,76.66,75.62,76.52,3837120
1727184600,2024-09-24 09:30,76.94,77.18,76.6,77.13,3150295
1727271000,2024-09-25 09:30,77.01,77.29,76.32,76.42,3610616
1727357400,2024-09-26 09:30,77.22,77.63,76.885,77.4,4308974
1727443800,2024-09-27 09:30,78.05,78.4,77.53,77.85,4169553
1727703000,2024-09-30 09:30,77.47,78.02,77.3,77.69,3302106
1727789400,2024-10-01 09:30,77.36,77.365,76.01,76.28,5582310
1727875800,2024-10-02 09:30,75.88,76.19,75.08,75.29,4262212
1727962200,2024-10-03 09:30,75,75.15,74.06,74.98,5738202
1728048600,2024-10-04 09:30,76.2,77.36,76.15,76.82,9187052
1728307800,2024-10-07 09:30,76.5,76.53,74.73,75.32,4313036
1728394200,2024-10-08 09:30,75.43,75.98,75.01,75.69,4229819
1728480600,2024-10-09 09:30,75.74,75.97,75.29,75.48,3143164
1728567000,2024-10-10 09:30,75.3,75.3,74.39,74.89,4382638
1728653400,2024-10-11 09:30,75.01,76.09,74.88,76.03,3060778
1728912600,2024-10-14 09:30,75.99,76.18,75.42,76.16,3778001
1728999000,2024-10-15 09:30,76.17,78.04,76.17,77.24,8694469
1729085400,2024-10-16 09:30,77.67,78.64,77.5,78.45,4085287
1729171800,2024-10-17 09:30,78.64,78.68,77.91,78.23,3280156
1729258200,2024-10-18 09:30,78.5,78.64,77.99,78.12,1980732
1729517400,2024-10-21 09:30,78.09,78.11,76.93,77.08,3149421
1729603800,2024-10-22 09:30,76.81,76.81,75.95,76.2,3396350
1729690200,2024-10-23 09:30,75.85,76.31,75.23,75.73,3947480
1729776600,2024-10-24 09:30,76.1,76.34,75.3,75.74,2401559
1729863000,2024-10-25 09:30,76.11,76.36,75.33,75.5,3136621
1730122200,2024-10-28 09:30,76.05,76.8,75.96,76.44,4535377
1730208600,2024-10-29 09:30,75.95,76.14,75.34,75.7,4101662
1730295000,2024-10-30 09:30,75.61,76.52,75.42,75.42,3663945
1730381400,2024-10-31 09:30,75.72,75.92,74.91,74.93,4422767
1730467800,2024-11-01 09:30,75.3,76,75.27,75.43,2710026
1730730600,2024-11-04 09:30,75.42,77,75.35,76.15,3719562
1730817000,2024-11-05 09:30,75.97,77.27,75.83,77.27,2674867
1730903400,2024-11-06 09:30,78.8,79.785,78.21,78.84,8117172
1730989800,2024-11-07 09:30,78.85,80.07,78.66,79.62,4518471
1731076200,2024-11-08 09:30,79.48,79.51,78.95,79.16,4869678
1731335400,2024-11-11 09:30,79.71,80.51,79.71,80.24,3675823
1731421800,2024-11-12 09:30,80.16,80.69,79.26,79.58,3972766
1731508200,2024-11-13 09:30,79.95,80.66,79.42,79.61,3386960
1731594600,2024-11-14 09:30,79.81,80.38,79.312,79.44,3693351
1731681000,2024-11-15 09:30,79.52,79.6,78.44,78.59,4070562
1731940200,2024-11-18 09:30,78.68,79.39,78.47,78.68,3516514
1732026600,2024-11-19 09:30,78.26,78.55,77.35,78.31,5194129
1732113000,2024-11-20 09:30,77.65,77.94,76.97,77.62,4514387
1732199400,2024-11-21 09:30,77.89,78.97,77.56,78.92,4499730
1732285800,2024-11-22 09:30,79.68,81.19,79.68,81.05,8946039
1732545000,2024-11-25 09:30,82.46,84.84,82.36,84.01,10675305
1732631400,2024-11-26 09:30,82.98,83.01,82.11,82.72,6709604
1732717800,2024-11-27 09:30,83.33,83.95,82.75,82.91,4697479
1732890600,2024-11-29 09:30,83.45,83.83,82.73,82.82,2511908
1733149800,2024-12-02 09:30,82.91,83.75,82.56,83.51,4637696
1733236200,2024-12-03 09:30,83.3,83.61,82.74,83.25,2861717
1733322600,2024-12-04 09:30,83.08,84.06,82.65,83.93,3571023
1733409000,2024-12-05 09:30,83.47,83.55,82.54,82.55,4883431
1733495400,2024-12-06 09:30,83.71,84.01,83.28,83.62,5304434
1733754600,2024-12-09 09:30,84.17,84.64,83.52,83.54,4666995
1733841000,2024-12-10 09:30,83.56,84.53,83.08,83.94,5274713
1733927400,2024-12-11 09:30,84.17,84.71,84,84.31,4555764
1734013800,2024-12-12 09:30,84.21,84.42,83.39,83.42,3966539
1734100200,2024-12-13 09:30,83.72,83.72,82.685,83.27,4219377
1734359400,2024-12-16 09:30,83.22,84.34,82.86,83.55,5076892
1734445800,2024-12-17 09:30,83.29,83.62,82.68,82.83,4600832
1734532200,2024-12-18 09:30,83.16,83.54,80.05,80.38,6516814
1734618600,2024-12-19 09:30,81.33,81.73,79.95,80.25,6716872
1734705000,2024-12-20 09:30,80.11,82.24,79.61,81.2,6690291
1734964200,2024-12-23 09:30,80.39,80.77,79.73,80.14,5330723
1735050600,2024-12-24 09:30,80.35,80.72,79.82,80.72,2572835
1735223400,2024-12-26 09:30,80.5,81.87,80.29,81.83,3200897
1735309800,2024-12-27 09:30,81.16,81.58,80.31,80.82,4452252
1735569000,2024-12-30 09:30,79.92,79.95,79,79.56,6905521
1735655400,2024-12-31 09:30,80,80.29,79.29,79.59,4136894
1735828200,2025-01-02 09:30,80.11,80.74,78.94,79.36,4853757
1735914600,2025-01-03 09:30,79.67,80.03,78.86,79.68,6869144
1736173800,2025-01-06 09:30,80.25,80.72,79.82,79.98,6182811
1736260200,2025-01-07 09:30,80.44,80.91,79.13,79.41,5115700
1736346600,2025-01-08 09:30,79.13,79.34,78.25,79.27,6177352
1736519400,2025-01-10 09:30,78.57,79.475,78.38,79.05,6490089
1736778600,2025-01-13 09:30,78.45,78.52,77.38,78.28,5090298
1736865000,2025-01-14 09:30,78.54,78.86,77.08,77.61,3519047
1736951400,2025-01-15 09:30,79.25,79.58,78.2257,78.37,4715577
1737037800,2025-01-16 09:30,78.2,78.56,77.475,78.26,3454817
1737124200,2025-01-17 09:30,79.05,79.07,78.33,78.43,4601366
1737469800,2025-01-21 09:30,79.02,79.87,78.77,79.84,4112048
1737556200,2025-01-22 09:30,79.59,79.87,79.07,79.15,3642753
1737642600,2025-01-23 09:30,79.05,80.14,79,80.14,3974195
1737729000,2025-01-24 09:30,80.14,80.62,79.93,80.33,3879468
1737988200,2025-01-27 09:30,80.06,80.75,79.92,80.53,5228262
1738074600,2025-01-28 09:30,80.52,81.135,80.3,80.95,4151409
1738161000,2025-01-29 09:30,80.72,80.96,80.19,80.52,4135688
1738247400,2025-01-30 09:30,81.12,81.98,81.12,81.69,4976374
1738333800,2025-01-31 09:30,81.29,81.76,80.11,80.25,8098739
1738593000,2025-02-03 09:30,78.47,79.62,77.87,78.84,7606015
1738679400,2025-02-04 09:30,78.82,79.99,78.82,79.75,3714062
1738765800,2025-02-05 09:30,79.84,80.3,79.61,80.27,2825096
1738852200,2025-02-06 09:30,80.77,81.33,79.92,80.03,3331306
1738938600,2025-02-07 09:30,79.81,79.97,78.27,78.27,6713564
1739197800,2025-02-10 09:30,78.67,79.09,78.1,79.01,4264159
1739284200,2025-02-11 09:30,78.62,78.9,78.26,78.87,3993788
1739370600,2025-02-12 09:30,78,78.7,77.8248,78.58,6007722
1739457000,2025-02-13 09:30,79.28,79.765,78.9,79.53,6512112
1739543400,2025-02-14 09:30,79.97,80.12,79.14,79.36,3059423
1739889000,2025-02-18 09:30,79.51,79.76,78.93,79.31,3764481
1739975400,2025-02-19 09:30,78.86,78.94,78.33,78.74,4566208
1740061800,2025-02-20 09:30,78.33,78.35,77.21,77.73,5934104
1740148200,2025-02-21 09:30,77.97,78.2,74.98,75.29,10893500
1740407400,2025-02-24 09:30,75.77,76,74.62,75.53,6477140
1740493800,2025-02-25 09:30,75.57,76.33,75.27,75.83,5946406
1740580200,2025-02-26 09:30,75.77,76.18,74.87,74.93,5516400
1740666600,2025-02-27 09:30,74.8,75,73.4,73.43,8230478
1740753000,2025-02-28 09:30,73.45,74.21,73.12,74.14,6612307
1741012200,2025-03-03 09:30,74.32,74.75,71.5732,71.98,5419978
1741098600,2025-03-04 09:30,71.06,71.92,69.83,70.82,8940719
1741185000,2025-03-05 09:30,70.83,71.49,69.93,71.4,5735400
1741271400,2025-03-06 09:30,70.64,72.1,70.5,70.95,10905089
1741357800,2025-03-07 09:30,70.92,71.96,69.87,71.74,11020832
1741613400,2025-03-10 09:30,70.9,71.42,69.935,70.48,8178355
1741699800,2025-03-11 09:30,70.18,70.25,68.3,69.02,7285874
1741786200,2025-03-12 09:30,69.65,70.01,67.83,68.14,5430319
1741872600,2025-03-13 09:30,68.33,68.4,66.07,66.62,6395490
1741959000,2025-03-14 09:30,67.48,67.635,66.73,67.53,5022572
1742218200,2025-03-17 09:30,67.7,69.34,67.7,69.07,6510516
1742304600,2025-03-18 09:30,68.64,68.76,67.89,68.11,3627421
1742391000,2025-03-19 09:30,68.42,69.75,68.35,69.29,7137050
1742477400,2025-03-20 09:30,68.92,69.94,68.77,68.81,5428769
1742563800,2025-03-21 09:30,68.04,69.225,67.54,69.04,8109039
1742823000,2025-03-24 09:30,69.86,71.29,69.69,71.19,4681674
1742909400,2025-03-25 09:30,71.2,71.33,70.23,70.55,6894955
1742995800,2025-03-26 09:30,70.69,70.8704,69.965,70.32,5487187
1743082200,2025-03-27 09:30,70.02,70.92,69.55,70.17,6101001
1743168600,2025-03-28 09:30,69.85,69.85,68.045,68.54,9785179
1743427800,2025-03-31 09:30,67.49,69.36,67.39,69.09,10009155
1743514200,2025-04-01 09:30,68.94,70.205,68.94,69.89,7072509
1743600600,2025-04-02 09:30,69.08,71.865,68.98,71.43,9210360
1743687000,2025-04-03 09:30,66.9,67.64,64.9501,65.67,12319087
1743773400,2025-04-04 09:30,63.44,66.96,62.66,64.89,16864508
1744032600,2025-04-07 09:30,62.29,67.42,61.7,64.53,15910736
1744119000,2025-04-08 09:30,66.65,66.69,61.33,62.11,13812298
1744205400,2025-04-09 09:30,61.64,69.01,61.54,67.94,18884359
1744291800,2025-04-10 09:30,66.39,66.65,64.22,66.07,13890870
1744378200,2025-04-11 09:30,65.97,66.4381,64.245,66.31,8657981
1744637400,2025-04-14 09:30,67.5,67.5,65.44,66.74,6802178
1744723800,2025-04-15 09:30,66.54,67.13,65.38,65.69,8914203
1744810200,2025-04-16 09:30,65.32,65.89,64.34,64.93,5056159
1744896600,2025-04-17 09:30,65.08,66.62,65,66.5,8778348
1745242200,2025-04-21 09:30,65.91,66.01,64.6,65.62,5236991
1745328600,2025-04-22 09:30,66.4,67.82,66.13,67.19,7575318
1745415000,2025-04-23 09:30,69.15,70.22,67.285,67.35,10710132
1745501400,2025-04-24 09:30,67.35,68.63,66.87,68.46,6539406
1745587800,2025-04-25 09:30,68.22,68.52,67.76,68.48,4314028
1745847000,2025-04-28 09:30,68.64,69.07,67.88,68.67,3472870
1745933400,2025-04-29 09:30,68.33,69.1,67.84,69,4404692
1746019800,2025-04-30 09:30,67.96,68.78,66.93,68.7,6663122
1746106200,2025-05-01 09:30,68.87,69.75,68.59,69.08,4676047
1746192600,2025-05-02 09:30,70.22,70.97,69.935,70.58,6728238
1746451800,2025-05-05 09:30,70.21,71.1,70.055,70.23,4559683
1746538200,2025-05-06 09:30,69.68,70.14,69.165,69.62,4957267
1746624600,2025-05-07 09:30,70.32,70.72,69.67,70.12,5433783
1746711000,2025-05-08 09:30,70.8,71.78,70.53,71.21,7223978
1746797400,2025-05-09 09:30,71.07,71.23,70.1713,70.38,5507223
1747056600,2025-05-12 09:30,74.24,75.21,73.44,74.55,13966875
1747143000,2025-05-13 09:30,74.86,75.32,74.27,74.51,7392948
1747229400,2025-05-14 09:30,74.32,75.085,73.95,74.33,7755355
1747315800,2025-05-15 09:30,74.77,75.5,74.4,75.48,6768992
1747402200,2025-05-16 09:30,75.56,76.65,75.52,76.47,3960560
1747661400,2025-05-19 09:30,75.28,76.495,75.11,76.27,4318791
1747747800,2025-05-20 09:30,76.31,76.98,76.09,76.55,5595037
1747834200,2025-05-21 09:30,75.3,75.54,74.08,74.2,8189874
1747920600,2025-05-22 09:30,74.56,75.905,74.56,75.53,4891826
1748007000,2025-05-23 09:30,73.87,75.01,73.87,74.68,4834293
1748352600,2025-05-27 09:30,75.77,76.545,75.03,76.42,5358505
1748439000,2025-05-28 09:30,77.21,77.44,76.035,76.37,5023978
1748525400,2025-05-29 09:30,77.18,77.18,75.2,75.94,7026418
1748611800,2025-05-30 09:30,75.34,76.33,75.23,75.93,4947343
1748871000,2025-06-02 09:30,75.72,76.25,74.91,76.19,3901576
1748957400,2025-06-03 09:30,76.81,77.8,76.52,77.54,3458213
1749043800,2025-06-04 09:30,77.46,77.57,76.65,77,3453741
1749130200,2025-06-05 09:30,77.13,77.98,77.03,77.55,6337176
1749216600,2025-06-06 09:30,78.33,78.42,77.75,78.33,4896480
1749475800,2025-06-09 09:30,78.72,79.04,78.44,78.79,5335894
1749562200,2025-06-10 09:30,79.22,79.385,78.56,78.98,4518194
1749648600,2025-06-11 09:30,79.01,79.12,77.79,77.95,3772207
1749735000,2025-06-12 09:30,77.42,77.42,76.71,77.17,3366246
1749821400,2025-06-13 09:30,76.15,76.93,75.02,75.35,7697225
1750080600,2025-06-16 09:30,76.43,77.22,75.88,77.06,4301951
1750167000,2025-06-17 09:30,76.145,77.24,76.145,76.24,6198766
1750253400,2025-06-18 09:30,76.21,76.94,76,76.3,3059624
1750426200,2025-06-20 09:30,77.04,77.17,76.58,77.01,4770931
1750685400,2025-06-23 09:30,76.4,77.345,75.695,77.17,5013800
1750771800,2025-06-24 09:30,77.5,77.77,76.78,77.22,5014171
1750858200,2025-06-25 09:30,77.52,77.52,76.35,76.47,2406423
1750944600,2025-06-26 09:30,76.68,76.73,76.06,76.63,3631512
1751031000,2025-06-27 09:30,76.91,77.795,76.7288,77.35,4222016
1751290200,2025-06-30 09:30,77.54,77.56,76.655,77.06,4319762
1751376600,2025-07-01 09:30,76.46,80.255,76.46,79.38,10167583
1751463000,2025-07-02 09:30,79.42,80.2,78.91,80.17,6760052
1751549400,2025-07-03 09:30,80.31,80.77,80.11,80.63,4109282
1751895000,2025-07-07 09:30,80.02,80.51,79.47,79.94,3801410
1751981400,2025-07-08 09:30,80.25,80.43,79.29,79.8,4666526
1752067800,2025-07-09 09:30,80.18,80.27,79.51,80.19,3677071
1752154200,2025-07-10 09:30,80.22,81.7,80.11,80.94,4369321
1752240600,2025-07-11 09:30,80.53,80.65,79.95,80.26,4013608
1752499800,2025-07-14 09:30,80.2,80.875,79.995,80.8,3059791
1752586200,2025-07-15 09:30,81.02,81.1699,79.055,79.06,4729991
1752672600,2025-07-16 09:30,79.54,79.83,78.01,79.09,6180212
1752759000,2025-07-17 09:30,79.18,79.74,78.92,79.48,5305541
1752845400,2025-07-18 09:30,79.84,80.19,79.2,79.67,4321430
1753104600,2025-07-21 09:30,79.97,80.82,79.97,80.39,3601563
1753191000,2025-07-22 09:30,82.03,82.99,81.2,82.67,11320725
1753277400,2025-07-23 09:30,82.9,83.32,82.33,82.9,7729096
1753363800,2025-07-24 09:30,82.76,82.95,81.45,81.53,6315451
1753450200,2025-07-25 09:30,82.1,82.1,81.18,81.77,4256409
1753709400,2025-07-28 09:30,81.78,82.045,81.19,81.61,4143984
1753795800,2025-07-29 09:30,81.75,81.75,80.13,80.23,8722723
1753882200,2025-07-30 09:30,80.68,80.68,78.985,79.39,8017737
1753968600,2025-07-31 09:30,79.47,79.66,78.31,78.46,7765365
1754055000,2025-08-01 09:30,77.55,78.16,76.72,77.85,10631363
1754314200,2025-08-04 09:30,78.36,79.58,78.36,79.49,7021398
1754400600,2025-08-05 09:30,79.91,80.16,78.98,79.58,6003612
1754487000,2025-08-06 09:30,80.06,81.42,80,81.39,5852276
1754573400,2025-08-07 09:30,82.21,82.74,80.86,81.22,5306692
1754659800,2025-08-08 09:30,81.73,82,80.63,80.77,3811815
1754919000,2025-08-11 09:30,81.04,81.41,80.7,81.03,3805053
1755005400,2025-08-12 09:30,81.59,83.25,81.53,83.23,6862980
1755091800,2025-08-13 09:30,83.2,85.215,82.85,85.03,6202078
1755178200,2025-08-14 09:30,83.71,84.04,83.08,83.75,6405357
1755264600,2025-08-15 09:30,83.87,84.23,83.2,83.57,4170811
1755523800,2025-08-18 09:30,83.55,84.42,83.465,84.32,2832847
1755610200,2025-08-19 09:30,84.45,85.37,83.93,84.25,3107083
1755696600,2025-08-20 09:30,83.86,84.159,83.26,83.78,3469107
1755783000,2025-08-21 09:30,83.18,83.325,82.49,83.19,4633042
1755869400,2025-08-22 09:30,83.71,85.84,83.42,85.28,8224469
1756128600,2025-08-25 09:30,84.82,85.03,84.52,84.6,3505157
1756215000,2025-08-26 09:30,84.75,85.08,84.27,84.56,3909744
1756301400,2025-08-27 09:30,85.04,86.155,84.95,86.09,5965613
1756387800,2025-08-28 09:30,86.71,87.15,84.9558,85.31,6246508
1756474200,2025-08-29 09:30,85.64,85.705,84.11,84.19,4323305
1756819800,2025-09-02 09:30,83.34,84.41,83.1117,84.34,3952398
1756906200,2025-09-03 09:30,84.33,85.05,84.22,84.77,3545618
1756992600,2025-09-04 09:30,85.42,87.005,85.26,86.97,4426644
1757079000,2025-09-05 09:30,87.23,87.72,86.63,87.35,5067163
1757338200,2025-09-08 09:30,87.58,87.58,86.52,87.44,5775038
1757424600,2025-09-09 09:30,87.31,87.31,85.96,86.71,6337007
1757511000,2025-09-10 09:30,86.33,86.71,85.92,86.44,4251739
1757597400,2025-09-11 09:30,86.72,88.23,86.54,88.16,3808346
1757683800,2025-09-12 09:30,87.83,87.9,86.27,86.34,7134026
1757943000,2025-09-15 09:30,86.87,87.69,86.46,87.56,5712587
1758029400,2025-09-16 09:30,87.45,87.615,86.54,87.48,3954778
1758115800,2025-09-17 09:30,87.74,89.41,87.17,87.66,9110009
1758202200,2025-09-18 09:30,87.98,88.98,87.85,88.49,5640413
1758288600,2025-09-19 09:30,88.68,88.68,86.81,87.29,3710652
1758547800,2025-09-22 09:30,87.35,87.5,86.3,86.68,4414602
1758634200,2025-09-23 09:30,87.04,87.8,86.88,86.94,3863620
1758720600,2025-09-24 09:30,87.13,87.88,86.92,87.15,4592332
1758807000,2025-09-25 09:30,86.05,86.22,85.365,85.67,2532523
1758893400,2025-09-26 09:30,85.69,86.7,85.36,86.56,3003212
1759152600,2025-09-29 09:30,86.98,86.98,85.74,86.81,2947894
1759239000,2025-09-30 09:30,86.79,86.79,85.37,86.18,4121521
1759325400,2025-10-01 09:30,86.03,86.8,85.66,86.34,3976501
1759411800,2025-10-02 09:30,86.38,86.97,85.91,86.78,2562511
1759498200,2025-10-03 09:30,86.92,87.7,86.92,86.99,3650382
1759757400,2025-10-06 09:30,87.21,87.21,85.28,85.35,5921195
1759843800,2025-10-07 09:30,85.4,85.43,83.895,84.12,7426927
1759930200,2025-10-08 09:30,84.57,84.84,84.03,84.51,2596109
1760016600,2025-10-09 09:30,84.65,84.69,83.405,83.54,4166538
1760103000,2025-10-10 09:30,83.7,84.02,80.875,80.93,10135767
1760362200,2025-10-13 09:30,81.97,83.73,81.8,83.63,7925216
1760448600,2025-10-14 09:30,82.83,85.44,82.78,84.95,5711553
1760535000,2025-10-15 09:30,85.55,86.49,84.94,85.19,3842407
1760621400,2025-10-16 09:30,85.26,85.37,83.425,83.96,5298577
1760707800,2025-10-17 09:30,83.76,84.45,83.63,84.02,4336565
1760967000,2025-10-20 09:30,84.73,85.205,84.51,84.82,3106977
1761053400,2025-10-21 09:30,84.75,85.89,84.35,85.3,3353114
1761139800,2025-10-22 09:30,85.12,85.36,84.385,84.93,3311413
1761226200,2025-10-23 09:30,84.82,85.4,84.26,85.12,3586605
1761312600,2025-10-24 09:30,85.77,85.9793,84.75,84.79,3799707
1761571800,2025-10-27 09:30,85.77,86.21,85.22,85.52,2959356
1761658200,2025-10-28 09:30,85.32,86.195,84.83,85.43,3409074
1761744600,2025-10-29 09:30,84.91,85.015,82.93,83.51,10201968
1761831000,2025-10-30 09:30,82.72,82.96,81.015,81.18,7903692
1761917400,2025-10-31 09:30,81.08,81.2,80.285,81.03,3877293
1762180200,2025-11-03 09:30,81.01,81.105,79.985,81.06,3766729
1762266600,2025-11-04 09:30,80.16,80.47,79.695,79.87,4175827
1762353000,2025-11-05 09:30,80.25,82.3,79.605,81.2,16396485
1762439400,2025-11-06 09:30,80.71,80.7788,78.67,78.81,8987387
1762525800,2025-11-07 09:30,78.57,80.275,78.33,79.9,6684847
1762785000,2025-11-10 09:30,80.56,80.67,79.61,80.24,4579649
1762871400,2025-11-11 09:30,80.75,81.335,80.58,81,3259697
1762957800,2025-11-12 09:30,81.42,82.32,81.395,81.49,4303710
1763044200,2025-11-13 09:30,81.52,82.29,80.305,80.5,5730287
1763130600,2025-11-14 09:30,79.88,80.52,79.67,80.03,5892588
1763389800,2025-11-17 09:30,79.77,80.35,78.355,78.7,6096419
1763476200,2025-11-18 09:30,78.19,79.245,77.94,78.68,4879520
1763562600,2025-11-19 09:30,78.95,79.14,77.84,78.33,4917612
1763649000,2025-11-20 09:30,78.66,79.4,77.24,77.28,6483995
1763735400,2025-11-21 09:30,77.69,80.48,77.61,79.94,8776578
1763994600,2025-11-24 09:30,80.07,80.32,79.4,79.56,5177988
1764081000,2025-11-25 09:30,80.35,83.715,80.35,83.18,7758708
1764167400,2025-11-26 09:30,83.4,84.9,83.24,84.42,4206646
1764340200,2025-11-28 09:30,84.69,84.69,84.03,84.35,2152504
1764599400,2025-12-01 09:30,83.65,85.38,83.52,84.64,4540130
1764685800,2025-12-02 09:30,84.99,84.99,83.895,84.27,4281618
1764772200,2025-12-03 09:30,84.46,86,84.46,85.47,4223855
1764858600,2025-12-04 09:30,85.19,86.07,84.38,85.17,4532737
1764945000,2025-12-05 09:30,85.61,87,85.41,86.23,5022831
1765204200,2025-12-08 09:30,86.54,86.72,85.58,85.84,5189492
1765290600,2025-12-09 09:30,85.44,86.875,85.15,86.73,4952379
1765377000,2025-12-10 09:30,86.61,88.32,86.58,87.93,5399504
1765463400,2025-12-11 09:30,87.84,89.07,87.82,88.76,5103225
1765549800,2025-12-12 09:30,89.11,89.28,87.69,87.89,7095566
1765809000,2025-12-15 09:30,88.44,88.445,87.675,87.71,4511850
1765895400,2025-12-16 09:30,87.65,88.23,86.825,87.32,4096083
1765981800,2025-12-17 09:30,87.69,88.19,87.07,87.24,4318473
1766068200,2025-12-18 09:30,87.77,88.53,87.17,87.29,4397151
1766154600,2025-12-19 09:30,87.45,87.56,86.89,87.51,4946489
1766413800,2025-12-22 09:30,87.6,87.87,86.91,87.15,4661086
1766500200,2025-12-23 09:30,87.23,87.32,86.17,86.38,4414426
1766586600,2025-12-24 09:30,86.34,87.42,86.34,87.27,2667311
1766759400,2025-12-26 09:30,87.27,87.52,86.85,87.23,2394851
1767018600,2025-12-29 09:30,86.98,87.26,86.42,86.56,1850459
1767105000,2025-12-30 09:30,86.47,86.49,85.92,85.97,1427662
1767191400,2025-12-31 09:30,85.97,86.01,85.26,85.29,2335362
1767364200,2026-01-02 09:30,85.75,86.2,85.09,85.9,4041354
1767623400,2026-01-05 09:30,85.89,87.615,85.61,86.94,4079182
1767709800,2026-01-06 09:30,86.73,89.34,86.73,89.06,7135885
1767796200,2026-01-07 09:30,88.99,89.52,88.235,88.25,3662819
1767882600,2026-01-08 09:30,87.98,90.71,87.77,89.84,7701823
1767969000,2026-01-09 09:30,90,90.87,88.23,90.09,10930800
1768228200,2026-01-12 09:30,88.87,90.545,87.95,89.88,5989213
1768314600,2026-01-13 09:30,90.17,90.46,89.85,90.39,3264978
1768401000,2026-01-14 09:30,90.25,90.8,89.355,89.78,7811052
1768487400,2026-01-15 09:30,89.82,91.25,89.46,90.88,4246739
1768573800,2026-01-16 09:30,90.75,90.865,90.095,90.42,2862748
1768919400,2026-01-20 09:30,89.02,89.74,88.27,88.82,5448819
1769005800,2026-01-21 09:30,89.35,90.97,89.265,90.39,4197997
1769092200,2026-01-22 09:30,90.94,91.65,89.485,89.68,4253621
1769178600,2026-01-23 09:30,89.49,90,88.48,88.86,3781384
1769437800,2026-01-26 09:30,88.89,89.39,88.39,88.79,2239220
1769524200,2026-01-27 09:30,88.91,89.03,87.68,88.42,2904059
1769610600,2026-01-28 09:30,88.49,88.775,86.89,87.35,4634786
1769697000,2026-01-29 09:30,87.24,87.61,85.92,86.35,4527301
1769783400,2026-01-30 09:30,86.05,86.93,85.68,86.33,5257630
1770042600,2026-02-02 09:30,86.33,87.98,85.85,87.95,5228672
1770129000,2026-02-03 09:30,87.78,89.4,87.48,88.11,7801240
1770215400,2026-02-04 09:30,88.63,89.83,88.1,89.38,6657749
1770301800,2026-02-05 09:30,88.85,89.37,87.0101,87.26,4807235
1770388200,2026-02-06 09:30,87.89,89.8,87.7,89.73,5351425
1770647400,2026-02-09 09:30,89.5,89.87,88.68,89.04,4401529
1770733800,2026-02-10 09:30,88.89,89.06,87.39,87.47,5194527
1770820200,2026-02-11 09:30,87.91,88.49,86.985,87.27,3257727
1770906600,2026-02-12 09:30,87.82,88.89,86.05,86.43,4941285
1770993000,2026-02-13 09:30,87.24,88.12,86.2,87.84,8070013
1771338600,2026-02-17 09:30,88.02,88.87,86.41,87.4,4437159
1771425000,2026-02-18 09:30,87.16,88.65,86.915,88.06,5682164
1771511400,2026-02-19 09:30,87.81,88.27,87.1901,88.02,2844041
1771597800,2026-02-20 09:30,87.64,90.05,87.01,88.66,10964273
1771857000,2026-02-23 09:30,88.15,88.23,85.43,86.81,6947361
1771943400,2026-02-24 09:30,86.93,87.91,86.701,87.38,4325683
1772029800,2026-02-25 09:30,87.22,87.22,86.02,86.69,6667989
1772116200,2026-02-26 09:30,87.01,88.34,86.91,87.67,7725829
1772202600,2026-02-27 09:30,86.86,87.265,86.3,86.98,4374646
1772461800,2026-03-02 09:30,85.57,86.455,85.01,86.16,7442481
1772548200,2026-03-03 09:30,84.22,85.985,82.85,85.65,9207183
1772634600,2026-03-04 09:30,86.32,86.84,85.25,85.94,4424424
1772721000,2026-03-05 09:30,84.78,85.79,83.51,84.63,5138517
1772807400,2026-03-06 09:30,83.43,83.45,82.1,83.07,6889824
1773063000,2026-03-09 09:30,81.85,82.97,80.04,82.86,9666164
1773149400,2026-03-10 09:30,82.61,84.35,82.57,82.63,7518563
1773235800,2026-03-11 09:30,82.58,83.2,81.49,81.74,5459548
1773322200,2026-03-12 09:30,81.08,81.57,80.13,80.26,8735852
1773408600,2026-03-13 09:30,80.7,81.18,79.795,80.02,6701904
1773667800,2026-03-16 09:30,80.66,81.205,80.075,80.17,4549903
1773754200,2026-03-17 09:30,80.62,81.46,80.27,80.36,4029449
1773840600,2026-03-18 09:30,79.72,80.35,78.95,78.99,5850660
1773927000,2026-03-19 09:30,78.63,80.495,78.48,79.9,7836820
1774013400,2026-03-20 09:30,79.66,79.9,78.29,78.65,6694186
1774272600,2026-03-23 09:30,80.06,81.07,79.765,79.86,9957550
1774359000,2026-03-24 09:30,78.97,80.04,78.53,79.34,4791682
1774445400,2026-03-25 09:30,80.25,80.83,78.805,80.06,4370983
1774531800,2026-03-26 09:30,79.41,80.99,79.41,79.96,8017554
1774618200,2026-03-27 09:30,79.65,79.71,78.38,78.58,6956900
1774877400,2026-03-30 09:30,79.28,79.48,77.92,78.37,5096108
1774963800,2026-03-31 09:30,79.58,81.27,78.84,80.47,5592977
1775050200,2026-04-01 09:30,80.77,81.3,80.42,80.6,6807074
1775136600,2026-04-02 09:30,79.69,81.15,78.92,80.45,3385097
1775482200,2026-04-06 09:30,80.41,81.91,80.36,81.83,2934582
1775568600,2026-04-07 09:30,81.49,81.745,80.34,81.22,4237574
1775655000,2026-04-08 09:30,83.51,84.23,82.645,83.09,5682607
1775741400,2026-04-09 09:30,82.65,84.315,82.33,83.86,4410043
1775827800,2026-04-10 09:30,83.92,84.16,82.51,82.73,4204027
1776087000,2026-04-13 09:30,82.42,83.29,81.785,83.24,4130901
1776173400,2026-04-14 09:30,83.2,83.89,82.91,83.63,3493830
1776259800,2026-04-15 09:30,83.65,84.34,83.49,83.88,3226662
1776346200,2026-04-16 09:30,83.97,84.765,83.73,84.5,4678477
1776432600,2026-04-17 09:30,85.48,87.7,85.47,86.95,9610143
1776691800,2026-04-20 09:30,86.68,88.04,86.3,87.97,2719919
1776778200,2026-04-21 09:30,88.33,89.01,86.91,87.2,5258455
1776864600,2026-04-22 09:30,87.85,88.13,86.58,87.11,3837163
1776951000,2026-04-23 09:30,87.12,87.23,85.08,85.9,6187745
1777037400,2026-04-24 09:30,85.85,86.03,84.97,85.79,3461251
1777296600,2026-04-27 09:30,85.66,86.42,85.21,85.25,3013310
1777383000,2026-04-28 09:30,85.28,86.09,84.07,84.5,3832117
1777469400,2026-04-29 09:30,84.36,84.79,83.51,83.81,4234587
1777555800,2026-04-30 09:30,84.28,86.245,84.16,85.78,3896089
1777642200,2026-05-01 09:30,85.91,86.33,85.14,85.58,3463606
1777901400,2026-05-04 09:30,85.1,85.65,83.335,83.61,6144530
1777987800,2026-05-05 09:30,83.97,84.795,83.84,84.39,2740082
1778074200,2026-05-06 09:30,85.33,85.83,84.8,85.14,3545750
1778160600,2026-05-07 09:30,85.27,85.83,83.58,84.35,6953814
1778247000,2026-05-08 09:30,84.57,85.11,83.85,84.72,3983727
1778506200,2026-05-11 09:30,84.51,84.57,81.52,81.66,8026037
1778592600,2026-05-12 09:30,81.38,81.485,79.88,80.7,5521720
1778679000,2026-05-13 09:30,80.01,80.22,78.89,79.75,9937954
1778765400,2026-05-14 09:30,80.755,81.32,80.2,80.38,4094109
1778851800,2026-05-15 09:30,79.99,80.61,79.07,79.09,7072574
1779111000,2026-05-18 09:30,79.3,80.34,78.54,79.59,5667480
1779197400,2026-05-19 09:30,79.32,80.02,78.2,79.13,7173557
1779283800,2026-05-20 09:30,79.13,81.27,77.86,80.96,8322531
1779370200,2026-05-21 09:30,80.22,82.23,79.33,81.79,10862942
1779456600,2026-05-22 09:30,81.83,82.61,81.69,82.54,5384102
1779802200,2026-05-26 09:30,82.99,83.725,82.415,82.96,5936433
1779888600,2026-05-27 09:30,83.64,85.47,83.55,83.96,8582183
1779975000,2026-05-28 09:30,84.59,85.86,84.01,85.61,7648193
1780061400,2026-05-29 09:30,84.71,85.11,83.75,83.99,4533303
1780320600,2026-06-01 09:30,83.39,83.7,82.405,83.32,6316258
1780407000,2026-06-02 09:30,83.75,84.08,83.35,83.7,4155020
1780493400,2026-06-03 09:30,83.4,83.43,82.69,83.37,5041389
1780579800,2026-06-04 09:30,84.24,84.59,83.315,83.53,4109344
1780666200,2026-06-05 09:30,83.55,84.15,82.075,82.63,5890002
1780925400,2026-06-08 09:30,82.76,84.43,82.68,83.75,3350185
1781011800,2026-06-09 09:30,84.22,86.12,83.58,84.83,8882472
1781098200,2026-06-10 09:30,84.49,85.96,84.17,84.99,6064923
1781184600,2026-06-11 09:30,85.44,87.71,84.96,87.67,5333384
1781271000,2026-06-12 09:30,87.815,88.27,87.17,87.73,4993013
1781530200,2026-06-15 09:30,88.54,89.095,87.31,87.44,5608939
1781616600,2026-06-16 09:30,87.63,88.33,86.94,87.08,4638697
1781703000,2026-06-17 09:30,87,87.41,84.38,84.55,6971964
1781789400,2026-06-18 09:30,85.38,86.7,85.22,86.39,5607822
1782135000,2026-06-22 09:30,86.155,87.05,85.48,85.51,4112696
1782221400,2026-06-23 09:30,85.19,86.3,85.19,85.78,4039108
1782307800,2026-06-24 09:30,86.33,88.43,86.3,88.22,10094182
1782394200,2026-06-25 09:30,88.21,88.76,86.95,87.56,5604759
1782480600,2026-06-26 09:30,87.49,88.8,87.37,88.72,3432354
1782739800,2026-06-29 09:30,88.78,88.78,87.74,87.94,3916443
1782826200,2026-06-30 09:30,87.71,87.77,86.62,87.74,7150619
1782912600,2026-07-01 09:30,87.42,88.38,87.04,87.84,2859562
1782999000,2026-07-02 09:30,88.3,88.41,86.99,88.06,3876665
1783344600,2026-07-06 09:30,88.21,88.31,86.78,87.62,2805228
1783431000,2026-07-07 09:30,87.97,88.43,86.92,87.17,4350418
1783517400,2026-07-08 09:30,86.59,86.61,85.1,86,4936195
1783603800,2026-07-09 09:30,85.96,87.075,85.55,86.92,2510626
1783690200,2026-07-10 09:30,87.25,88.35,87.14,88.08,1741348
1783949400,2026-07-13 09:30,88.21,89.47,87.365,87.47,3183610
1784035800,2026-07-14 09:30,87.86,88.22,86.78,87.78,2512323
1784122200,2026-07-15 09:30,88.01,90.1,87.97,89.1,4975464
1784208600,2026-07-16 09:30,89.06,91.2587,89.06,90.48,5216189
1784295000,2026-07-17 09:30,89.98,91.57,89.01,89.42,6322943
1784554200,2026-07-20 09:30,89.9,90.015,88.74,88.94,2316424
1784640600,2026-07-21 09:30,89.16,89.36,88.14,88.46,4507587
1784727000,2026-07-22 09:30,88.81,89.2,88.42,88.74,2687385
1784813400,2026-07-23 09:30,87.37,87.47,85.865,86.38,6568609
1784899800,2026-07-24 09:30,86.6,87.66,85.98,87.01,4440017
1785159000,2026-07-27 09:30,88.09,89.68,87.96,89.54,7012621
1785245400,2026-07-28 09:30,90.32,91.68,90.21,91.52,5073329
1785331800,2026-07-29 09:30,90.98,92.94,90.74,91.4,5319390
1785418200,2026-07-30 09:30,91.01,91.09,89.49,90.58,5297644
1785504600,2026-07-31 09:30,90.45,90.46,89.35,89.78,4171793
1785763800,2026-08-03 09:30,90.9,91.93,90.745,91.46,3354475
1785850200,2026-08-04 09:30,91.27,92.7,91.15,92.35,4869782
1785936600,2026-08-05 09:30,92.76,93.52,91.4,91.42,3940430
1786023000,2026-08-06 09:30,90.63,90.94,89.77,89.85,5075548
1786109400,2026-08-07 09:30,90.45,91,89.85,90.82,3418149
1786368600,2026-08-10 09:30,91.11,91.23,90.385,90.59,5048006
1786455000,2026-08-11 09:30,90.1,90.59,89.6,89.63,3245959
1786541400,2026-08-12 09:30,89.38,89.73,88.42,88.78,3715640
1786627800,2026-08-13 09:30,89.43,89.69,88.38,89.29,2953794
1786714200,2026-08-14 09:30,89.16,89.44,88.64,88.95,3456405
1786973400,2026-08-17 09:30,88.47,88.605,87.43,87.54,3616137
1787059800,2026-08-18 09:30,87.74,88.55,87.08,87.13,3834670
1787146200,2026-08-19 09:30,87.65,89.22,87.65,88.83,4572525
1787232600,2026-08-20 09:30,87.14,87.58,86.36,86.73,7552180
1787319000,2026-08-21 09:30,87.43,87.83,87.1525,87.71,2462071
1787578200,2026-08-24 09:30,87.8,88.94,87.795,88.85,3645622
1787664600,2026-08-25 09:30,88.57,88.725,87.56,87.89,3297417
1787751000,2026-08-26 09:30,88.26,88.935,88.02,88.23,2930743
1787837400,2026-08-27 09:30,87.25,87.678,86.46,86.59,3089817
1787923800,2026-08-28 09:30,87.13,87.63,86.84,86.89,2410413
1788183000,2026-08-31 09:30,86.83,86.99,86.09,86.1,3068692
1788269400,2026-09-01 09:30,85.62,86.7,85.2861,85.92,4412706
1788355800,2026-09-02 09:30,86.15,86.95,85.895,86.38,2568838
1788442200,2026-09-03 09:30,86.99,87.43,85.95,86.73,3703126
1788528600,2026-09-04 09:30,86.42,87.71,86.28,87.59,3041324
1788874200,2026-09-08 09:30,87.31,87.51,85.43,85.7,4495939
1788960600,2026-09-09 09:30,85.36,85.38,84.29,84.3,4315724
1789047000,2026-09-10 09:30,83.72,84.02,83.12,83.63,5067157
1789133400,2026-09-11 09:30,84.48,84.98,84,84.79,2943209
1789392600,2026-09-14 09:30,84.68,86.105,84.47,85.52,3704499
1789479000,2026-09-15 09:30,85.44,85.51,83.12,83.22,3891473
1789565400,2026-09-16 09:30,83.42,84.15,82.425,82.73,5053121
1789651800,2026-09-17 09:30,83.73,83.91,82.82,82.82,1917354
1789738200,2026-09-18 09:30,82.465,82.82,82,82.03,2772051
1789997400,2026-09-21 09:30,82.35,83.17,81.82,82.56,2439484
1790083800,2026-09-22 09:30,83.61,84.39,83.205,83.67,3583862
1790170200,2026-09-23 09:30,83.59,83.595,82.045,82.1,2805124
1790256600,2026-09-24 09:30,82.2,82.66,81.64,82.1,2894842
1790343000,2026-09-25 09:30,82.27,82.86,81.62,82.47,3429398
1790602200,2026-09-28 09:30,82.04,83.075,81.65,82.55,2916492
1790688600,2026-09-29 09:30,82.67,82.83,81.94,82.47,2328042
1790775000,2026-09-30 09:30,82.86,83.07,82.055,82.15,1666753
1790861400,2026-10-01 09:30,82.27,83.26,81.58,82.62,3748682
1790947800,2026-10-02 09:30,83.36,83.61,82.485,82.63,2542765
1791207000,2026-10-05 09:30,82.74,83.07,82.01,82.92,2206650
1791293400,2026-10-06 09:30,82.87,83.51,82.6,82.95,2256706
