t,et,o,h,l,c,v
1163773800,2006-11-17 09:30,81.11,81.3,80.95,81.2,1227100
1164033000,2006-11-20 09:30,82.64999,86.56,82.64999,83.77,6403801
1164119400,2006-11-21 09:30,84.05,85.33,83.86,85.2,2979600
1164205800,2006-11-22 09:30,85.39999,85.82001,84.95,85.44,1371300
1164378600,2006-11-24 09:30,85.2,85.88,85.14,85.85001,457600
1164637800,2006-11-27 09:30,85.8,85.8,83.52,83.52,2534900
1164724200,2006-11-28 09:30,83.7,83.92,83.00999,83.75,2136400
1164810600,2006-11-29 09:30,84.10001,85.14,84.00999,85,1533500
1164897000,2006-11-30 09:30,85.06,86.19,84.7,85.95,2380200
1164983400,2006-12-01 09:30,86,86.28999,85.19,85.75,1892400
1165242600,2006-12-04 09:30,85.75,87.02,85.7,86.85001,1699600
1165329000,2006-12-05 09:30,87.3,87.3,86.08,86.22,3356700
1165415400,2006-12-06 09:30,85.94,86.14999,85.19,86.13,2796900
1165501800,2006-12-07 09:30,86.24001,86.24001,85.10001,85.2,2310600
1165588200,2006-12-08 09:30,85.48,85.72,85.10001,85.24001,1587000
1165847400,2006-12-11 09:30,85.47,85.89,85.19,85.7,1836300
1165933800,2006-12-12 09:30,85.7,86.02,85.08,85.31,2155700
1166020200,2006-12-13 09:30,85.7,85.85001,84.39999,84.84,2272400
1166106600,2006-12-14 09:30,85.12,85.32001,84.86,85,1167300
1166193000,2006-12-15 09:30,85.25,85.33,84.25,84.5,1695100
1166452200,2006-12-18 09:30,84.89999,85.09,84.11,84.25,1569800
1166538600,2006-12-19 09:30,83.89999,83.99001,82.89,83.60001,2863300
1166625000,2006-12-20 09:30,83.10001,83.52,82.92,83.2,2139300
1166711400,2006-12-21 09:30,83.42999,83.62,82.39999,82.39999,3740800
1166797800,2006-12-22 09:30,82.3,82.44,81.69,81.75999,1942200
1167143400,2006-12-26 09:30,82,82.88,82,82.58,994900
1167229800,2006-12-27 09:30,82.85001,83.44,82.69,83.3,613900
1167316200,2006-12-28 09:30,83.33,83.88,82.97,83.55,1601400
1167402600,2006-12-29 09:30,83.60001,84.23,83.35001,83.35001,1296100
1167834600,2007-01-03 09:30,83.92,84.53999,83.17,83.87,2670600
1167921000,2007-01-04 09:30,83.8,84,83.35001,83.85001,2329700
1168007400,2007-01-05 09:30,83.52,83.75999,82.34,82.55,1918200
1168266600,2007-01-08 09:30,82.5,82.66,82.00999,82.53,1168900
1168353000,2007-01-09 09:30,82.5,83.78999,82.5,83.5,1695500
1168439400,2007-01-10 09:30,83.48,84.85001,83.14999,84.83,2514200
1168525800,2007-01-11 09:30,84.95,86.27,84.89999,85.8,2913900
1168612200,2007-01-12 09:30,85.87,86.28,85.73,86.10001,1350100
1168957800,2007-01-16 09:30,86.14999,87.42,86.14999,87.09,2332200
1169044200,2007-01-17 09:30,86.8,87.64,86.35001,87.35001,2185600
1169130600,2007-01-18 09:30,87.35001,87.60001,86.83,87.05,2177000
1169217000,2007-01-19 09:30,87,87.97,86.71001,87.82001,2003900
1169476200,2007-01-22 09:30,88,88,87.28999,87.55,2221600
1169562600,2007-01-23 09:30,87.7,88.17,87.44,87.8,1162100
1169649000,2007-01-24 09:30,87.97,89.10001,87.8,89,1898300
1169735400,2007-01-25 09:30,89.5,90.27,89.21001,89.53,4154000
1169821800,2007-01-26 09:30,89.55,89.87,89.05,89.8,1375100
1170081000,2007-01-29 09:30,89.83,90.24001,89.47,90.06,1458800
1170167400,2007-01-30 09:30,90.24001,90.39,89.56,90.37,2187800
1170253800,2007-01-31 09:30,90.38,91.42,90.03,91.39999,3369900
1170340200,2007-02-01 09:30,91,91.56,90.33,91.35001,2676500
1170426600,2007-02-02 09:30,91.45,92,91.12,92,3369200
1170685800,2007-02-05 09:30,91.72,92.05,91.67999,91.94,1527700
1170772200,2007-02-06 09:30,92.11,93.2,92.11,93.2,2946500
1170858600,2007-02-07 09:30,93,94.85001,92.47,94.57001,7304301
1170945000,2007-02-08 09:30,94.28999,94.99001,93.82001,93.85001,6712500
1171031400,2007-02-09 09:30,93.92999,94.3,90.74001,92.52,12931301
1171290600,2007-02-12 09:30,92.36,92.36,90.62,90.97,8902582
1171377000,2007-02-13 09:30,91,92.67,90.17,92.59,8088758
1171463400,2007-02-14 09:30,91.8,93.08,91.75,92.02,5231430
1171549800,2007-02-15 09:30,92.14999,93.2,91.89999,92.78,3422400
1171636200,2007-02-16 09:30,92.75,92.85001,91.25,92.46001,3100100
1171981800,2007-02-20 09:30,92.31,93.35001,91.60001,93.24001,2623700
1172068200,2007-02-21 09:30,92.94,93,92.2,92.75,2221700
1172154600,2007-02-22 09:30,92.98,92.98,92.08,92.28,2558600
1172241000,2007-02-23 09:30,92.32001,92.32001,90.75999,90.97,5231602
1172500200,2007-02-26 09:30,90.99001,91.44,88.91,90.38,5391707
1172586600,2007-02-27 09:30,89.28999,89.69,86.44,87.45,9837898
1172673000,2007-02-28 09:30,88.13,89.5,87.60001,88.13,5670000
1172759400,2007-03-01 09:30,87,88.619,85.09,87.58,6614711
1172845800,2007-03-02 09:30,86.82001,87.41,85.77,85.77,3777200
1173105000,2007-03-05 09:30,85.05,85.10001,82.72,82.73,7783500
1173191400,2007-03-06 09:30,83.55,85.97,83.55,85.58,6599945
1173277800,2007-03-07 09:30,85.72,85.87,84.34,84.36,4370301
1173364200,2007-03-08 09:30,84.96001,86.49001,84.96001,85.71001,3262000
1173450600,2007-03-09 09:30,86.21001,87.00999,86.06,86.75999,3434700
1173706200,2007-03-12 09:30,86.61,87.53999,86.16,87.2,3814200
1173792600,2007-03-13 09:30,86.96001,86.96001,84.72,84.89999,5985398
1173879000,2007-03-14 09:30,84.75,85.59,83.52,85.3,6880602
1173965400,2007-03-15 09:30,85.34,86.3,85.34,85.94,2051393
1174051800,2007-03-16 09:30,86.25,86.31,85.25999,85.46001,4703898
1174311000,2007-03-19 09:30,85.99001,86.63,85.73,86.32001,3537900
1174397400,2007-03-20 09:30,86.25,86.78,85.7,86.60001,3756172
1174483800,2007-03-21 09:30,86.49001,88,85.92999,87.82001,4744125
1174570200,2007-03-22 09:30,87.75999,88.16,87.28999,87.75,2634530
1174656600,2007-03-23 09:30,87.17999,87.67999,86.7,87.05,3140200
1174915800,2007-03-26 09:30,86.33,87.25,85.55,85.7,4899453
1175002200,2007-03-27 09:30,85.60001,85.72,84.56,84.99001,3329652
1175088600,2007-03-28 09:30,84.47,85.13,83.58,84,5371219
1175175000,2007-03-29 09:30,84.94,85.27,84.07001,84.45,2718775
1175261400,2007-03-30 09:30,84.39999,85.52,84.39999,85.24001,4249215
1175520600,2007-04-02 09:30,85.60001,86.28999,85.17999,86.25,3679231
1175607000,2007-04-03 09:30,86.57001,87.22,86.42999,87,2674700
1175693400,2007-04-04 09:30,86.42999,86.96001,85.96001,86.42999,1976561
1175779800,2007-04-05 09:30,86.22,86.74001,86.22,86.5,1320866
1176125400,2007-04-09 09:30,86.28999,86.67999,86.11,86.44,1224200
1176211800,2007-04-10 09:30,86.44,87.24001,86.3,86.66,1287325
1176298200,2007-04-11 09:30,86.53,86.72,85.08,85.5,3720781
1176384600,2007-04-12 09:30,85.07001,85.39,84.57001,85.05,2529500
1176471000,2007-04-13 09:30,85.28999,85.98,84.62,85.98,3062919
1176730200,2007-04-16 09:30,86.31,86.46001,85.67999,85.96001,2173170
1176816600,2007-04-17 09:30,86.34,87.3,85.99001,87.19,3409710
1176903000,2007-04-18 09:30,86.95,87.22,86.7,86.88,2735966
1176989400,2007-04-19 09:30,86.7,86.7,86,86.13,1673575
1177075800,2007-04-20 09:30,86.85001,87.10001,86.56,87.07001,1761700
1177335000,2007-04-23 09:30,86.89999,88.06,86.86,87.81,2324489
1177421400,2007-04-24 09:30,87.91,88.05,86.64,87.21001,2482912
1177507800,2007-04-25 09:30,87.27,88.72,86.39999,87.33,2223900
1177594200,2007-04-26 09:30,87.39999,87.67,86.74001,87.45,2157143
1177680600,2007-04-27 09:30,87,87.42999,86.8575,87.16,1359660
1177939800,2007-04-30 09:30,87.12,87.33,85.46001,85.49001,2025000
1178026200,2007-05-01 09:30,85.48,85.71001,84.2,85.03999,4560395
1178112600,2007-05-02 09:30,84.95,86.21001,84.95,85.74001,5159754
1178199000,2007-05-03 09:30,86.27,86.52,85.95,86.08,4672496
1178285400,2007-05-04 09:30,86.34,86.39799,85.17999,85.64999,3248627
1178544600,2007-05-07 09:30,85.5,86.2,85.48,85.73,2344621
1178631000,2007-05-08 09:30,85.7,85.7,85.05,85.17,2521500
1178717400,2007-05-09 09:30,85.11,86.66,85.05,86.16,3320700
1178803800,2007-05-10 09:30,85.89,86.14,84.89999,85.3,3762690
1178890200,2007-05-11 09:30,85.5,86.25,85.3,86.25,2383600
1179149400,2007-05-14 09:30,86.05,86.50999,85.35001,85.35001,2264198
1179235800,2007-05-15 09:30,85.48,86.05,84.03999,84.2,3739195
1179322200,2007-05-16 09:30,84.21001,84.49001,82.78,83.42,5833930
1179408600,2007-05-17 09:30,83.16,83.19,81.89,81.92,6111660
1179495000,2007-05-18 09:30,82.16,82.21001,80.64,81.21001,7539184
1179754200,2007-05-21 09:30,80.98,82.55,80.75,81.77,15337285
1179840600,2007-05-22 09:30,81.89999,83.33,81.75999,82.62,4998156
1179927000,2007-05-23 09:30,83.03999,83.60001,81.8,81.97,4792246
1180013400,2007-05-24 09:30,81.84,82.37,79.72,80.72,10391512
1180099800,2007-05-25 09:30,81.2,82.12,80.59,81.23,6443621
1180445400,2007-05-29 09:30,82.07001,84.2,82.07001,83.71001,6826566
1180531800,2007-05-30 09:30,83.35001,85.94,83.35001,85.85001,7677195
1180618200,2007-05-31 09:30,86.09,86.53,85.07001,85.62,6025285
1180704600,2007-06-01 09:30,85.66,86.17,85.12,85.58,3208380
1180963800,2007-06-04 09:30,85.24001,86.5,85,86.12,3440100
1181050200,2007-06-05 09:30,86.05,86.05,84.55,84.63,8411238
1181136600,2007-06-06 09:30,84.10001,84.73,83.64999,84.10001,7537000
1181223000,2007-06-07 09:30,83.25999,83.69,81.48,81.5,10550598
1181309400,2007-06-08 09:30,81.39999,82.84,81,82.84,5094387
1181568600,2007-06-11 09:30,82.2,82.64999,81.09,81.62,4932809
1181655000,2007-06-12 09:30,81.05,81.35001,79.83,79.89999,9939020
1181741400,2007-06-13 09:30,80.35001,81.82001,80.19,81.62,4207680
1181827800,2007-06-14 09:30,81.60001,82.06,80.78,80.78,4203586
1181914200,2007-06-15 09:30,81.41,82.41991,81.41,82,4408441
1182173400,2007-06-18 09:30,82,82.05,80.64999,80.78,6574699
1182259800,2007-06-19 09:30,80.58,80.94,79.92999,80.86,5922270
1182346200,2007-06-20 09:30,80.89999,81,79.14999,79.42,7332277
1182432600,2007-06-21 09:30,79.28,79.3,77.7,79.10001,6765102
1182519000,2007-06-22 09:30,78.8,79,78.06,78.8,5413695
1182778200,2007-06-25 09:30,78.77,79.5,76.94,77.00999,10238133
1182864600,2007-06-26 09:30,77.53,77.75999,76.72,76.89999,7480215
1182951000,2007-06-27 09:30,76.11,79.07001,76.11,78.57001,12543637
1183037400,2007-06-28 09:30,78.24001,78.92999,77.48,77.52,8383941
1183123800,2007-06-29 09:30,77.8,78.75,76.78,77.42,7105059
1183383000,2007-07-02 09:30,77.74001,79.39,77.49001,79.37,8083602
1183469400,2007-07-03 09:30,79.3,79.72,78.75999,79,4308730
1183642200,2007-07-05 09:30,79.64999,80.95,79.64999,80.27,12112801
1183728600,2007-07-06 09:30,80,80.60001,79.37,80.10001,7472336
1183987800,2007-07-09 09:30,80.17999,80.95,79.47,80.39999,4636145
1184074200,2007-07-10 09:30,79.66,79.66,77.66,77.95,5713289
1184160600,2007-07-11 09:30,77.8,77.95,76.91,77.95,7719262
1184247000,2007-07-12 09:30,77.94,78.92999,77.73,78.92999,4041208
1184333400,2007-07-13 09:30,78.95,79.82001,78.53999,79.67999,2976906
1184592600,2007-07-16 09:30,79.78,80.58,79.23,79.24001,5520629
1184679000,2007-07-17 09:30,79.10001,79.63,78.59,78.73,3650162
1184765400,2007-07-18 09:30,78.10001,78.38,77.10001,78.3,6536504
1184851800,2007-07-19 09:30,78.64999,79.25999,78.53,78.56,3561698
1184938200,2007-07-20 09:30,78.66,78.75,76.8,77.3,7447074
1185197400,2007-07-23 09:30,77.60001,77.88,75.95,75.95,6250801
1185283800,2007-07-24 09:30,75.57001,76.00999,73.89999,74,10142074
1185370200,2007-07-25 09:30,74.99001,75.50999,73,74.10001,10703184
1185456600,2007-07-26 09:30,72.95,73,71,72.39999,13133836
1185543000,2007-07-27 09:30,72.2,73.0899,70.28999,70.39999,11585520
1185802200,2007-07-30 09:30,70.60001,71.55,69.92999,71.35001,10038492
1185888600,2007-07-31 09:30,72.27,73.14999,70.39999,70.39999,10768430
1185975000,2007-08-01 09:30,70.31,71.64999,68.67,71.5,15366832
1186061400,2007-08-02 09:30,71.5,72.89999,71.5,72.55,12028117
1186147800,2007-08-03 09:30,71.97,72.10001,69.81,69.88,7893469
1186407000,2007-08-06 09:30,70.25,71.89,68.35001,71.7,10519227
1186493400,2007-08-07 09:30,71.11,73.00999,70.59,71.99001,12526113
1186579800,2007-08-08 09:30,72.5,75.37,72.5,74.60001,11235707
1186666200,2007-08-09 09:30,73,75.49001,70.5,74.47,12287930
1186752600,2007-08-10 09:30,73.37,74.03,72,72,8758734
1187011800,2007-08-13 09:30,73.03999,73.3,71.64999,71.7,6265500
1187098200,2007-08-14 09:30,71.45,71.49001,68.72,69,7102023
1187184600,2007-08-15 09:30,69.03999,70.78999,67.75999,68.25,10620617
1187271000,2007-08-16 09:30,67.25999,70.73,66.7,70.00999,13364516
1187357400,2007-08-17 09:30,73,75.49001,71.07001,71.85001,14077246
1187616600,2007-08-20 09:30,72.05,73.72,71.88,73.05,8527832
1187703000,2007-08-21 09:30,73.17999,74.31,72.78999,74.14999,7303500
1187789400,2007-08-22 09:30,74.67999,75.48,74.08,74.75,6310102
1187875800,2007-08-23 09:30,75,75.34,73.60001,74.22,8610301
1187962200,2007-08-24 09:30,74.05,74.23,73.05009,73.75,3553600
1188221400,2007-08-27 09:30,73.56,73.8,72.45,72.75,5462750
1188307800,2007-08-28 09:30,71.89999,72.3,70.24001,70.45,5436398
1188394200,2007-08-29 09:30,70.95,72.3,70.44,72.3,4140500
1188480600,2007-08-30 09:30,70.85001,72.92,70.8,72.64999,3118100
1188567000,2007-08-31 09:30,73.49001,74.83,73.17,74.10001,6399398
1188912600,2007-09-04 09:30,73.89999,75.78,73.7,75.10001,3887200
1188999000,2007-09-05 09:30,74.22,74.73,73,73.3,5730699
1189085400,2007-09-06 09:30,73.48,73.83,72.52,73.75,5387813
1189171800,2007-09-07 09:30,72.00999,72.8,71.75,72.37,8411699
1189431000,2007-09-10 09:30,72.85001,72.85001,70.67,71,6198102
1189517400,2007-09-11 09:30,71.53999,72.46001,71.53999,72.28,4301602
1189603800,2007-09-12 09:30,72.14,72.89999,71.85001,72.41,3256800
1189690200,2007-09-13 09:30,72.89999,74.32001,72.67,73.74001,6219801
1189776600,2007-09-14 09:30,73.33,74.2,72.84,74.09,4478398
1190035800,2007-09-17 09:30,73.86,74.25999,73.35001,73.95,3207100
1190122200,2007-09-18 09:30,74.11,76.5,74,76.25,7774199
1190208600,2007-09-19 09:30,76.72,78.41,76.72,77.8,8303602
1190295000,2007-09-20 09:30,77.64999,77.64999,76.21001,76.85001,7069559
1190381400,2007-09-21 09:30,77.07001,77.13,76.47,76.87,3712100
1190640600,2007-09-24 09:30,76.91,77.71001,76.75,77.53,4217699
1190727000,2007-09-25 09:30,75.92,76.75,75.39999,75.57001,4280500
1190813400,2007-09-26 09:30,76.10001,76.3,75.46001,76,4203949
1190899800,2007-09-27 09:30,76.57001,76.89999,76.24001,76.72,3161200
1190986200,2007-09-28 09:30,76.77,76.78999,76.07001,76.47,5388898
1191245400,2007-10-01 09:30,76.52,78.5,76.52,78.5,4408398
1191331800,2007-10-02 09:30,78.27,79.25999,78,79.22,3089000
1191418200,2007-10-03 09:30,78.89999,79.28999,78.5,79.2,4040700
1191504600,2007-10-04 09:30,79.37,79.62,78.39999,79.23,2941100
1191591000,2007-10-05 09:30,79.85001,81.03,79.32001,80.8,5803602
1191850200,2007-10-08 09:30,80.39,80.49001,79.73,79.89999,3051900
1191936600,2007-10-09 09:30,80.10001,80.47,79.05,80.36,3913300
1192023000,2007-10-10 09:30,80.28,80.62,79.61,80.25,5401301
1192109400,2007-10-11 09:30,80.8,80.91,79.3,79.71001,5640000
1192195800,2007-10-12 09:30,79.73,80.14999,78.98,79.13,2955564
1192455000,2007-10-15 09:30,79.05,79.58,77.13,77.5,5012102
1192541400,2007-10-16 09:30,77.3,77.3,76.16,76.21001,4397000
1192627800,2007-10-17 09:30,76.89,77.14999,74.53,76,6046102
1192714200,2007-10-18 09:30,75.53999,76.99001,74.83,76.2,4759102
1192800600,2007-10-19 09:30,76,76.25999,73.44,73.74001,6097699
1193059800,2007-10-22 09:30,73.2,74.8,72.42999,74.64999,7993301
1193146200,2007-10-23 09:30,75.28,75.71001,74.53999,75.3,6291102
1193232600,2007-10-24 09:30,75.02,75.42,73.50999,75,5315102
1193319000,2007-10-25 09:30,75.3,75.8,73.92999,74.8,7166398
1193405400,2007-10-26 09:30,75.83,76.56,74.64,75.89999,3895086
1193664600,2007-10-29 09:30,76,76.22,74.89999,75.35001,2944500
1193751000,2007-10-30 09:30,74.89,76.12,74.86,75.69,3565400
1193837400,2007-10-31 09:30,76.17999,77.05,75.06,77.05,5673500
1193923800,2007-11-01 09:30,75.48,75.77,74.00999,74.3,8936898
1194010200,2007-11-02 09:30,74.72,74.72,71.60001,72.83,9155898
1194273000,2007-11-05 09:30,71.24001,72.48,71.12,71.78999,6723004
1194359400,2007-11-06 09:30,71.5,72.64999,71.02,72.53999,6195199
1194445800,2007-11-07 09:30,72.5,72.5,69.62,70.09,7028969
1194532200,2007-11-08 09:30,70.86,70.86,69.17999,70.53,9323961
1194618600,2007-11-09 09:30,70.14,70.99001,69.36,70.28999,7891719
1194877800,2007-11-12 09:30,71.07001,71.63,69.81,70.3,5978664
1194964200,2007-11-13 09:30,70.53999,72.85001,70.53999,72.82001,5518152
1195050600,2007-11-14 09:30,74.3,74.3,71.25999,71.75,6177898
1195137000,2007-11-15 09:30,71.35001,71.87,70.21001,71.35001,7255105
1195223400,2007-11-16 09:30,71.71001,71.71001,69.44,69.99001,9041340
1195482600,2007-11-19 09:30,69.53999,69.64,68.36,68.64999,6026074
1195569000,2007-11-20 09:30,68.87,69.59,65.85001,67.05,9575148
1195655400,2007-11-21 09:30,65.92999,67.3,65.35001,66.55,8551012
1195828200,2007-11-23 09:30,67.69,68.42,67.24001,67.82001,2247181
1196087400,2007-11-26 09:30,67.49001,68.14,64.75,65.27,8136180
1196173800,2007-11-27 09:30,64.75,66.2,64.56,65.75,8787266
1196260200,2007-11-28 09:30,66.19,69,66.19,68.83,8215449
1196346600,2007-11-29 09:30,69.14,69.38,67.49001,69.38,6977180
1196433000,2007-11-30 09:30,70.81,70.83,69.33,70.02,8205953
1196692200,2007-12-03 09:30,69.31,69.99001,68.73,69.50999,5245973
1196778600,2007-12-04 09:30,68.52,69.17999,67.58,67.69,6202117
1196865000,2007-12-05 09:30,68.37,69.83,68.25999,69.62,8667609
1196951400,2007-12-06 09:30,69.89999,72.23,69.07001,72.12,6237422
1197037800,2007-12-07 09:30,72.08,72.94,71.72,71.77,11116801
1197297000,2007-12-10 09:30,72.02,73.57001,71.57001,73.57001,6097414
1197383400,2007-12-11 09:30,73.23,74.16,69.17999,69.36,9828277
1197469800,2007-12-12 09:30,71.38,72.44,68.60001,69.58,9883203
1197556200,2007-12-13 09:30,68.42999,69.28999,67.55,68.38,7341902
1197642600,2007-12-14 09:30,67.41,69.2099,66.31,66.31,7902914
1197901800,2007-12-17 09:30,66.22,66.39999,65.00999,65.11,8478797
1197988200,2007-12-18 09:30,65.88,66.25999,64.00999,65.95,8550105
1198074600,2007-12-19 09:30,65.25999,66.53999,65.24001,66.5,6107078
1198161000,2007-12-20 09:30,67.12,67.36,65.63,66.75,6199129
1198247400,2007-12-21 09:30,67.09,67.89,66.75,67.89,5328020
1198506600,2007-12-24 09:30,67.92,69.82001,67.75999,69.74001,4013389
1198679400,2007-12-26 09:30,69.19,69.42,68.24001,68.58,4928371
1198765800,2007-12-27 09:30,67.42999,67.74001,66.12,66.48,5923340
1198852200,2007-12-28 09:30,66.69,66.95,64.98,65.5,6036902
1199111400,2007-12-31 09:30,64.83,66.2972,64.83,65.7,4840965
1199284200,2008-01-02 09:30,65.73,66.55,64.81,65.14999,7140063
1199370600,2008-01-03 09:30,65.64999,65.89999,63.03999,63.03999,7859168
1199457000,2008-01-04 09:30,62.32001,63,61.00999,61.03999,11329367
1199716200,2008-01-07 09:30,61.75999,62.07001,60.06,61.61,8651805
1199802600,2008-01-08 09:30,61.89999,63.36,59.21001,59.37,10957879
1199889000,2008-01-09 09:30,59.49001,60.60001,57.28999,60.53999,16410652
1199975400,2008-01-10 09:30,59.11,62.44,58.69,61.34,16104313
1200061800,2008-01-11 09:30,60.8,62.3,59.7,61.24001,11200176
1200321000,2008-01-14 09:30,61.82001,62.31,59.72,61.07001,8389301
1200407400,2008-01-15 09:30,59.99001,60.42,59.2,59.48,11132125
1200493800,2008-01-16 09:30,59.14,61.42999,59.14,60.25,12410555
1200580200,2008-01-17 09:30,60.53,61.05,59.25,59.52,9742969
1200666600,2008-01-18 09:30,59.72,60.46001,57.77,59.02,11506020
1201012200,2008-01-22 09:30,57,61.22,56.74001,61.00999,16160270
1201098600,2008-01-23 09:30,59.45,66.64,59.45,66,23458224
1201185000,2008-01-24 09:30,65.89999,66.14999,63.72,64.71001,13291680
1201271400,2008-01-25 09:30,65.42,65.94,63.35001,63.81,11214809
1201530600,2008-01-28 09:30,63.5,66.17999,62.94,66.17999,10138680
1201617000,2008-01-29 09:30,66,66.62,64.97,65.78,8899746
1201703400,2008-01-30 09:30,65.89,66.84,64.03,64.24001,15006566
1201789800,2008-01-31 09:30,63.16,66.19,63.07001,65.77,14157055
1201876200,2008-02-01 09:30,65.82001,68.33,65.28999,68.33,10200766
1202135400,2008-02-04 09:30,68.17999,68.17999,66.5,67.27,7270281
1202221800,2008-02-05 09:30,66.2,67.2,64.97,65.14,11490426
1202308200,2008-02-06 09:30,65.46001,65.77,63.89,63.89,10634734
1202394600,2008-02-07 09:30,63.66,65.42999,63.27,65.42999,9400332
1202481000,2008-02-08 09:30,65.28999,65.33,62.62,63.39999,13823559
1202740200,2008-02-11 09:30,63.06,63.75,62,62.13,9406945
1202826600,2008-02-12 09:30,62.60001,64.17999,62.48,64.09,10334441
1202913000,2008-02-13 09:30,64.39999,65.10001,63.17,64.39,14019898
1202999400,2008-02-14 09:30,64.03,64.50999,63.10001,63.91,6206457
1203085800,2008-02-15 09:30,62.64999,63.64999,62.21001,63.64999,7026008
1203431400,2008-02-19 09:30,64,64.49001,62.53,62.53999,7789266
1203517800,2008-02-20 09:30,62.39,64,62.19,64,11189629
1203604200,2008-02-21 09:30,64.44,64.64999,62.42999,62.55,11578902
1203690600,2008-02-22 09:30,62.56,64.02,61.89999,64.02,10194785
1203949800,2008-02-25 09:30,63.78,66,63.16,66,8961445
1204036200,2008-02-26 09:30,65.06,66.45,65.03,65.96001,7200387
1204122600,2008-02-27 09:30,65.27,66.53,65.09,65.49001,5700055
1204209000,2008-02-28 09:30,65.10001,65.10001,64.13,64.13,5285172
1204295400,2008-02-29 09:30,63.78,63.98,62.86,63.00999,6919816
1204554600,2008-03-03 09:30,62.92,63.46001,62.00999,63.34801,10580859
1204641000,2008-03-04 09:30,62.2,63.32001,61.7,62.84,9860527
1204727400,2008-03-05 09:30,62.78999,63.81,62.25,62.78,6361301
1204813800,2008-03-06 09:30,62.14999,62.5,59.89999,59.89999,13605762
1204900200,2008-03-07 09:30,59.34,61.3,58.99001,60.5,12618426
1205155800,2008-03-10 09:30,61.02,61.02,59.52,59.52,6875070
1205242200,2008-03-11 09:30,61.2,63.75,60.82001,63.75,14100734
1205328600,2008-03-12 09:30,63.23,64.59,62.27,62.375,8016035
1205415000,2008-03-13 09:30,61.25,63.53,60.2,63.16,13879641
1205501400,2008-03-14 09:30,63.42,63.78999,60.53,62.13,14895105
1205760600,2008-03-17 09:30,61,62.28999,60.41,61.71001,13879648
1205847000,2008-03-18 09:30,63.16,65.03,62.67,64.86,12294785
1205933400,2008-03-19 09:30,65.5,66,64.14999,64.14999,12237344
1206019800,2008-03-20 09:30,64,66.95,64,66.83,11888594
1206365400,2008-03-24 09:30,67.84,68.74001,67.05,67.97,11095504
1206451800,2008-03-25 09:30,67.23,68.14999,66.59,67.75,10191813
1206538200,2008-03-26 09:30,67.5,67.60001,65.96001,65.96001,6958465
1206624600,2008-03-27 09:30,66.05,67.12,65.25,65.67999,7634316
1206711000,2008-03-28 09:30,65.56,65.77,64.56,64.67,9477508
1206970200,2008-03-31 09:30,64.7,66.38,64.53999,65.10001,6473871
1207056600,2008-04-01 09:30,66.35001,68.63,65.92,68.3,12402820
1207143000,2008-04-02 09:30,68.7,69.14,67.60001,68.59,7308965
1207229400,2008-04-03 09:30,68.14,69.99001,67.94,69.99001,8203152
1207315800,2008-04-04 09:30,69.8,69.92,68.58,68.85001,9858672
1207575000,2008-04-07 09:30,69.33,69.34,68.13,68.69,10817992
1207661400,2008-04-08 09:30,68.05,68.64,67.63,67.83,8109141
1207747800,2008-04-09 09:30,67.99001,67.99001,66.25,66.45,13676621
1207834200,2008-04-10 09:30,66.24001,67.37,65.78,66.31,9905332
1207920600,2008-04-11 09:30,65.75,66.98,65.60001,66.07001,6406484
1208179800,2008-04-14 09:30,65.81,66.62,65.56,65.71001,6146500
1208266200,2008-04-15 09:30,66.36,66.46001,65.47,66.05,4876441
1208352600,2008-04-16 09:30,66.91,69.39,66.72,68.89999,7566398
1208439000,2008-04-17 09:30,68.69,69.42,68.11,69.3,5642637
1208525400,2008-04-18 09:30,70.52,71.07001,68.91,69.37,11815445
1208784600,2008-04-21 09:30,68.8,69.25999,68.42,68.67999,6723129
1208871000,2008-04-22 09:30,68.62,68.92,67.98,68.36,5998488
1208957400,2008-04-23 09:30,68.5,69.67,68.19,69.14999,5921750
1209043800,2008-04-24 09:30,69.3,70.88,68.92,70.74001,7680441
1209130200,2008-04-25 09:30,71.2,71.2,70.2,70.98,5999797
1209389400,2008-04-28 09:30,71.23,71.23,70.48,71.14,6289141
1209475800,2008-04-29 09:30,70.85001,70.85001,69.73,70.11,6514277
1209562200,2008-04-30 09:30,69.92,70.82001,68.88,68.88,9774199
1209648600,2008-05-01 09:30,68.98,70.67,68.69,70.5,9682477
1209735000,2008-05-02 09:30,71.32001,71.64999,70.33,70.62,7715566
1209994200,2008-05-05 09:30,70.3,70.8,69.86,70.45,4363445
1210080600,2008-05-06 09:30,70.06,71.00999,69.715,71.00999,3181633
1210167000,2008-05-07 09:30,70.95,71.10001,68.75999,68.92,6006273
1210253400,2008-05-08 09:30,69.2,69.37,68.25011,68.89,5163781
1210339800,2008-05-09 09:30,68.28,69.07001,67.98,68.39999,6413848
1210599000,2008-05-12 09:30,68.52,69.95,68.33,69.86,4771938
1210685400,2008-05-13 09:30,70,70.27,69.33,70.23,4805227
1210771800,2008-05-14 09:30,70.34,70.99001,70.24001,70.7,4626445
1210858200,2008-05-15 09:30,70.78,71.58,70.17999,71.58,5210973
1210944600,2008-05-16 09:30,71.66,71.66,70.71001,71.11,6593699
1211203800,2008-05-19 09:30,71.5,71.75999,70.78999,71.64999,5440555
1211290200,2008-05-20 09:30,70.8,71.05,69.53999,70.17,8566293
1211376600,2008-05-21 09:30,70.06,70.88,68.45,68.64999,8043574
1211463000,2008-05-22 09:30,68.78,68.94,67.99001,68.19,5312719
1211549400,2008-05-23 09:30,68.07001,68.11,67.5,67.75,5037820
1211895000,2008-05-27 09:30,68.14,69.03999,67.37,68.72,4230285
1211981400,2008-05-28 09:30,68.95,69.28,68.48,69,3708615
1212067800,2008-05-29 09:30,68.64999,69.87,68.64999,69.72,4691813
1212154200,2008-05-30 09:30,69.89999,70.09,69.21001,69.44,7054965
1212413400,2008-06-02 09:30,69,69.12,67.85001,68.47,5939574
1212499800,2008-06-03 09:30,68.55,68.96001,67.91,68.52,4642164
1212586200,2008-06-04 09:30,68.25999,69.64,68.24001,68.89999,4785684
1212672600,2008-06-05 09:30,69.35001,70.74001,69.10001,70.63,8515438
1212759000,2008-06-06 09:30,69.77,70,67.62,67.83,7009176
1213018200,2008-06-09 09:30,68.14999,68.49001,66.13,66.25999,10088469
1213104600,2008-06-10 09:30,65.72,66.85001,65.09,66.52,12005574
1213191000,2008-06-11 09:30,66.49001,66.53999,65.11,65.14999,10701898
1213277400,2008-06-12 09:30,65.7,66.50999,64.81,65.55,10371672
1213363800,2008-06-13 09:30,66.02,67.17999,65.32001,66.92,5176441
1213623000,2008-06-16 09:30,66.5,67.94,66.27,67.88,5891809
1213709400,2008-06-17 09:30,68,68.12,65.75,65.88,4909020
1213795800,2008-06-18 09:30,65.53,65.74001,64.45,64.89999,10413621
1213882200,2008-06-19 09:30,64.77,66.39,64.39999,66.24001,10138664
1213968600,2008-06-20 09:30,65.60001,65.8,64.42999,64.60001,10775309
1214227800,2008-06-23 09:30,64.89999,65.23,63.11,63.25999,8776746
1214314200,2008-06-24 09:30,62.78999,64.14,62.41,63.28999,7978793
1214400600,2008-06-25 09:30,63.24001,64.66,63.05,63.75999,11539445
1214487000,2008-06-26 09:30,62.41,63.17999,61.42999,61.48,8419105
1214573400,2008-06-27 09:30,61.60001,61.97,60.48,61,7528313
1214832600,2008-06-30 09:30,60.96001,61.88,60.24001,60.8,7601875
1214919000,2008-07-01 09:30,59.99001,61.14999,59.25999,61.14999,11533680
1215005400,2008-07-02 09:30,60.55,61.36,59.85001,59.88,8227406
1215091800,2008-07-03 09:30,60.36,60.36,59.2,59.39999,5336016
1215437400,2008-07-07 09:30,59.8,60.14999,57.8,58.17999,12510230
1215523800,2008-07-08 09:30,58.17999,62.53,57.64999,62.39,13939070
1215610200,2008-07-09 09:30,62.03,62.03,57.60001,57.8,12342551
1215696600,2008-07-10 09:30,57.72,59.67,57.13,58.85001,17803568
1215783000,2008-07-11 09:30,57.50999,60.36,57.3,58.87,17415008
1216042200,2008-07-14 09:30,59.64999,60.25,56.64999,56.82001,13169105
1216128600,2008-07-15 09:30,56.2,58.21001,55.17,56.28,16089934
1216215000,2008-07-16 09:30,56.46001,60.3,55.57001,60.23,19462256
1216301400,2008-07-17 09:30,60.81,61.60001,58.95,61.2,18759728
1216387800,2008-07-18 09:30,61.31,61.53999,60.27,61.22,7838762
1216647000,2008-07-21 09:30,61.09,61.89999,60.78,61.39999,9094316
1216733400,2008-07-22 09:30,60.94,63.53,60.39,63.35001,13728996
1216819800,2008-07-23 09:30,63.08,65.86,62.89999,64.7,24829552
1216906200,2008-07-24 09:30,65.36,65.37,60.25,60.72,18158048
1216992600,2008-07-25 09:30,61.00999,62.55,60.52,61.64,12596605
1217251800,2008-07-28 09:30,61.5,62.62,59.83,60.33,10412898
1217338200,2008-07-29 09:30,60.39999,63.69,60.10001,63.35001,13301273
1217424600,2008-07-30 09:30,63.8,64.08,61.09,63.03999,18801408
1217511000,2008-07-31 09:30,61.95,62.89999,61.38,62.3,11625922
1217597400,2008-08-01 09:30,62.61,62.61,60.81,62.45,10080848
1217856600,2008-08-04 09:30,62.14,62.38,61.09,61.57001,9984301
1217943000,2008-08-05 09:30,61.91,64.41,61.75999,64.2,14413848
1218029400,2008-08-06 09:30,63.95,64.19,62.98,63.89999,7676695
1218115800,2008-08-07 09:30,63.12,63.57001,61.64999,62.35001,9531766
1218202200,2008-08-08 09:30,62.05,65.19,61.89999,64.37,11406477
1218461400,2008-08-11 09:30,64.52,66.7,64.03,65.95,14096137
1218547800,2008-08-12 09:30,65.47,65.74001,63.64,64.49001,11123238
1218634200,2008-08-13 09:30,63.91,64.14,62.73,63.45,10545148
1218720600,2008-08-14 09:30,62.84,64.655,62.75,64.5,7144016
1218807000,2008-08-15 09:30,64.7,65.41,63.78,64.39999,7971340
1219066200,2008-08-18 09:30,64.42999,64.62,62.42,63.05,8996324
1219152600,2008-08-19 09:30,62.35001,62.44,61.035,61.75,10014699
1219239000,2008-08-20 09:30,61.92999,62.21001,60.53999,61.89999,11241402
1219325400,2008-08-21 09:30,61.25,61.35001,60.50999,61.05,10590477
1219411800,2008-08-22 09:30,61.48,63,61.05,62.45,9436648
1219671000,2008-08-25 09:30,62.35001,62.39,60.7809,61.07001,9379547
1219757400,2008-08-26 09:30,60.85001,61.8,60.56,61.53999,9601691
1219843800,2008-08-27 09:30,61.22,62.14,61.13,62.09,4988895
1219930200,2008-08-28 09:30,62.32001,64.32001,62.31,64.14999,9100574
1220016600,2008-08-29 09:30,63.59,64.38,63.11,63.42999,8286297
1220362200,2008-09-02 09:30,64.32001,65.28999,62.97,64.21001,14084477
1220448600,2008-09-03 09:30,64.08,65.11,63.56,65.09,12648883
1220535000,2008-09-04 09:30,64.44,64.78999,63,63.06,11410824
1220621400,2008-09-05 09:30,62.55,63.46001,61.75999,63.46001,14261176
1220880600,2008-09-08 09:30,65.7,66.64,64,66.2,19547216
1220967000,2008-09-09 09:30,65.55,66.32001,63.10001,63.3,16619027
1221053400,2008-09-10 09:30,64.03999,64.42999,62.39999,63.64,14613523
1221139800,2008-09-11 09:30,62.92999,64.42,62.36,64.37,15908270
1221226200,2008-09-12 09:30,63.67999,65.17999,63.24001,65.05,13987695
1221485400,2008-09-15 09:30,62.45,63.84,60.77,61.05,27438112
1221571800,2008-09-16 09:30,59.39,63.13,59.21001,62.92999,40741728
1221658200,2008-09-17 09:30,61.71001,62.7,59.28999,60,38262128
1221744600,2008-09-18 09:30,60.25,65.11,57.21001,65.07001,48438848
1221831000,2008-09-19 09:30,71.50999,71.89999,63.78,67.2,19230096
1222090200,2008-09-22 09:30,66.97,67.47,61.07001,61.28,11411105
1222176600,2008-09-23 09:30,62.67999,63.53999,61.44,61.67,15650184
1222263000,2008-09-24 09:30,62,62,59.88,60.44,12940738
1222349400,2008-09-25 09:30,61.7,62.17999,60.08,61.56,15337297
1222435800,2008-09-26 09:30,60.2,63.38,59.64,62.84,16272875
1222695000,2008-09-29 09:30,61.50999,61.89,58.57001,59.08,20029440
1222781400,2008-09-30 09:30,60.64999,62.5,58.98,61.95,14512250
1222867800,2008-10-01 09:30,61.17,61.17,59.95,61,11929270
1222954200,2008-10-02 09:30,60,60.32001,56.46001,56.96001,15561602
1223040600,2008-10-03 09:30,57.99001,58.56,53.92,53.92,23607104
1223299800,2008-10-06 09:30,51.61,53,50.03,52.92999,23349616
1223386200,2008-10-07 09:30,53.24001,53.25,48.42,48.46001,22292944
1223472600,2008-10-08 09:30,47.8,49.92,47.09,47.64999,24026048
1223559000,2008-10-09 09:30,49.05,49.58,43.74001,44.24001,25967456
1223645400,2008-10-10 09:30,42.36,52,41.23,47.75999,30595248
1223904600,2008-10-13 09:30,49.97,51.60001,47.61,51.33,15667188
1223991000,2008-10-14 09:30,52.19,52.42999,44.71001,48,23706064
1224077400,2008-10-15 09:30,46.57001,47.09,40.87,41.2,18971664
1224163800,2008-10-16 09:30,42.33,43.98,39.95,43.78999,31029776
1224250200,2008-10-17 09:30,42.17999,45.38,41.56,43.34,18492224
1224509400,2008-10-20 09:30,43.96001,44.24001,41.64999,43.75,17278432
1224595800,2008-10-21 09:30,42.75999,44.21001,42.03,42.24001,14292953
1224682200,2008-10-22 09:30,41.24001,41.67999,37.72,39.14,25696032
1224768600,2008-10-23 09:30,38.95,39.89,35.08,38.53,31301840
1224855000,2008-10-24 09:30,34.77,37.89999,34.25999,36.06,24984976
1225114200,2008-10-27 09:30,35.64999,37.32001,33.71001,34.17999,16119730
1225200600,2008-10-28 09:30,35.35001,39.92,33.38,39.75999,26639968
1225287000,2008-10-29 09:30,39.21001,40.95,37.67999,38.17999,22743584
1225373400,2008-10-30 09:30,40,40.33,38.60001,40.03,20262752
1225459800,2008-10-31 09:30,40.12,42.66,39.46001,42.55,22458432
1225722600,2008-11-03 09:30,42.17,42.66251,40.95,41,13099348
1225809000,2008-11-04 09:30,41.62,43.5,41.28,43.28,20026560
1225895400,2008-11-05 09:30,42.62,42.62,38.85001,39.10001,21429392
1225981800,2008-11-06 09:30,38.53999,38.95,37.10001,37.33,23286896
1226068200,2008-11-07 09:30,37.45,39.8,36.61,39.53999,25798416
1226327400,2008-11-10 09:30,40.03,40.12,35.78,36.14999,26496640
1226413800,2008-11-11 09:30,35.56,36.52,34.24001,35.69,28902320
1226500200,2008-11-12 09:30,34.63,34.75,32.78,33.06,27320160
1226586600,2008-11-13 09:30,33.3,37.02,31.66,36.72,40172368
1226673000,2008-11-14 09:30,35.52,35.94,32.64999,33.10001,23002400
1226932200,2008-11-17 09:30,32.33,33.14,31.49001,32.84,17986672
1227018600,2008-11-18 09:30,31.75999,32.3,29.60001,31.52,28989792
1227105000,2008-11-19 09:30,30.97,31.10001,27.03999,27.72,37363008
1227191400,2008-11-20 09:30,26.92999,28.57001,24.62,25.3,58532928
1227277800,2008-11-21 09:30,26.11,27.50999,23.50999,27.39,47485008
1227537000,2008-11-24 09:30,27.89999,32.22,26.78,31.35001,93279120
1227623400,2008-11-25 09:30,32.11,32.84,29.81,32.2,52749312
1227709800,2008-11-26 09:30,31.2,33.96001,31.12,33.67,30892944
1227882600,2008-11-28 09:30,33.42999,33.67,32.59,33.38,11572195
1228141800,2008-12-01 09:30,31.98,32.09,26.28,26.5,41832928
1228228200,2008-12-02 09:30,27.75,30.25,27.42,30.14999,63499840
1228314600,2008-12-03 09:30,28.78999,31.8,28.32001,31.52,55281072
1228401000,2008-12-04 09:30,30.81,33.24001,30.12,31,51522432
1228487400,2008-12-05 09:30,30.24001,34.24001,29.9726,33.99001,52414352
1228746600,2008-12-08 09:30,35.09,37.28,34.38,37.19,42243888
1228833000,2008-12-09 09:30,36.39999,37.25999,33.81,34.52,62193888
1228919400,2008-12-10 09:30,34.66,36.96001,34.46001,36.81,35456176
1229005800,2008-12-11 09:30,35.92,36.09,31.00999,31.5,52445312
1229092200,2008-12-12 09:30,30.64999,34.7,30.37,34.48,56324736
1229351400,2008-12-15 09:30,34.32001,34.61,32.14999,33.5,37359104
1229437800,2008-12-16 09:30,33.77,37.73,33.44,37.58,52110544
1229524200,2008-12-17 09:30,36.60001,40.12,35.95,38.53,51281680
1229610600,2008-12-18 09:30,38.84,39.14,35.03,35.49001,43520928
1229697000,2008-12-19 09:30,35.69,37.45,35.46001,37.25,35568752
1229956200,2008-12-22 09:30,37.24001,37.42,34.67999,36.47,36923200
1230042600,2008-12-23 09:30,35.56,36.21001,34.89,35.28999,23963328
1230129000,2008-12-24 09:30,35.47,35.64,34.86,35.56,6284801
1230301800,2008-12-26 09:30,35.84,36.10001,35.00999,36.03,6966289
1230561000,2008-12-29 09:30,35.92999,35.92999,33.42,34,23934464
1230647400,2008-12-30 09:30,34.38,35.75,34.17,35.53999,20496832
1230733800,2008-12-31 09:30,35.47,37.58,35.34,37.23,31635376
1230906600,2009-01-02 09:30,37.41,37.52,36.03999,36.21001,22975984
1231165800,2009-01-05 09:30,35.96001,36.56,35.24001,35.5,23694640
1231252200,2009-01-06 09:30,36.00999,37.66,34.97,37.25999,31264496
1231338600,2009-01-07 09:30,36.39999,37.14,35.78999,36,26433776
1231425000,2009-01-08 09:30,35.42,36.10001,35.05,35.84,22565280
1231511400,2009-01-09 09:30,35.89,35.97,33.98,34.19,22380816
1231770600,2009-01-12 09:30,33.85001,33.96001,31.64999,32.2,29350944
1231857000,2009-01-13 09:30,31.78,33.3,31.56,33.17,28514288
1231943400,2009-01-14 09:30,32.14999,32.17999,31.12,31.45,39182800
1232029800,2009-01-15 09:30,31.35001,33.17,29.83,32.36,45832144
1232116200,2009-01-16 09:30,33.14999,33.72,31.59,33.55,45503792
1232461800,2009-01-20 09:30,32.87,33.00999,29.69,29.92,43592416
1232548200,2009-01-21 09:30,30.47,33.05,29.56,32.89999,58568032
1232634600,2009-01-22 09:30,31.55,32.82001,30.72,31.23,46457504
1232721000,2009-01-23 09:30,30.17,32.27,29.97,32.22,45033888
1232980200,2009-01-26 09:30,32.19,33.07001,31.3,31.95,35913968
1233066600,2009-01-27 09:30,32.12,32.92999,31.8,32.53,26827504
1233153000,2009-01-28 09:30,33.44,35.39999,33.02,35.12,50147808
1233239400,2009-01-29 09:30,34.37,34.55,32.22,32.37,43081536
1233325800,2009-01-30 09:30,32.71001,33.22,30.66,31.34,41407504
1233585000,2009-02-02 09:30,30.49001,31.84,30.22,31.53999,32551136
1233671400,2009-02-03 09:30,31.74001,31.88,30.94,31.42,26175504
1233757800,2009-02-04 09:30,31.42999,32.39,30.67999,30.67999,32187952
1233844200,2009-02-05 09:30,30.13,31.27,29.25999,30.21001,47541904
1233930600,2009-02-06 09:30,30.39999,32.63,30.35001,32.28,45108368
1234189800,2009-02-09 09:30,32.36,32.85001,31.69,32.72,28444640
1234276200,2009-02-10 09:30,32.45,32.5,29.61079,29.91,53287712
1234362600,2009-02-11 09:30,30.16,30.67,29.07001,30.67,39645088
1234449000,2009-02-12 09:30,29.52,30.3,27.96001,30.22,60743248
1234535400,2009-02-13 09:30,29.69,29.78999,28.3,28.41,32157936
1234881000,2009-02-17 09:30,27.10001,27.3,26.28,26.62,43328096
1234967400,2009-02-18 09:30,26.99001,27.14,25.75,26.73,42158848
1235053800,2009-02-19 09:30,27.17999,27.53,25.41,25.7,39524976
1235140200,2009-02-20 09:30,24.91,27.39,24.77,27.35001,61937088
1235399400,2009-02-23 09:30,27.67999,27.86,25.14,25.27,48798592
1235485800,2009-02-24 09:30,25.57001,27.44,25.14999,27.35001,56026832
1235572200,2009-02-25 09:30,26.96001,27.91,25.77,26.66,55898640
1235658600,2009-02-26 09:30,27.39999,27.53999,25.25999,25.53,45264400
1235745000,2009-02-27 09:30,24.71001,25.92,24.64,25.14,42995664
1236004200,2009-03-02 09:30,24.46001,24.72,22.88,23.38,47759568
1236090600,2009-03-03 09:30,23.8,24.05,22.38,23.47,45164256
1236177000,2009-03-04 09:30,24.06,24.49001,23.25999,24.09,38300336
1236263400,2009-03-05 09:30,23.25,23.61,22.17751,22.53999,35616240
1236349800,2009-03-06 09:30,22.64999,22.78,20.98,22.21001,51916896
1236605400,2009-03-09 09:30,21.52,22.73,21.48,22.67999,42295488
1236691800,2009-03-10 09:30,23.25,25.82001,23.05,25.67999,65399936
1236778200,2009-03-11 09:30,26,26.22,24.92999,25.24001,43592768
1236864600,2009-03-12 09:30,25.34,27.42,25,27.23,50385840
1236951000,2009-03-13 09:30,27.2,27.37,25.8,26.64999,30566688
1237210200,2009-03-16 09:30,26.81,27.07001,24.61,24.69,35463760
1237296600,2009-03-17 09:30,24.69,26.63,24.21001,26.53,41093856
1237383000,2009-03-18 09:30,26.03999,27.94,25.42,27.89999,54307216
1237469400,2009-03-19 09:30,28.28999,28.33,26.16,26.31,45499104
1237555800,2009-03-20 09:30,26.05,26.14,24.17,24.35001,45303888
1237815000,2009-03-23 09:30,25.12,28.17,25.10001,28,63916336
1237901400,2009-03-24 09:30,27,28.11,25.74001,26,57192352
1237987800,2009-03-25 09:30,25.82001,26.39999,23.78999,25.78,64295184
1238074200,2009-03-26 09:30,26.05,26.67,24.88,26.42,49366144
1238160600,2009-03-27 09:30,25.62,26.08,25.2,25.36,32955312
1238419800,2009-03-30 09:30,24.24001,24.53,23.69,23.97,35364208
1238506200,2009-03-31 09:30,24.28,25.82001,24.03999,25.46001,50866736
1238592600,2009-04-01 09:30,24.75,25.75,24.74001,25.23,35115712
1238679000,2009-04-02 09:30,26.02,27.39,25.72,26.89999,50194208
1238765400,2009-04-03 09:30,26.78,29.41,26.45,29.31,59345664
1239024600,2009-04-06 09:30,28.60001,29.63,27.98,28.84,44650832
1239111000,2009-04-07 09:30,28.10001,28.33,26.60001,26.67,47141488
1239197400,2009-04-08 09:30,26.95,27.47,26.42,27.23,40172224
1239283800,2009-04-09 09:30,28.41,30.89,27.92,30.48,64917072
1239629400,2009-04-13 09:30,29.89999,31.61,29.77,30.87,38973680
1239715800,2009-04-14 09:30,30.39999,30.75999,28.3,28.34,48843360
1239802200,2009-04-15 09:30,28.2,30.94,28.03999,30.66,58354224
1239888600,2009-04-16 09:30,30.67999,33.12,29.56,31.91,67149872
1239975000,2009-04-17 09:30,31.75999,33.3,31.07001,32.23,54353584
1240234200,2009-04-20 09:30,31,31.38,28.67999,28.78,64835744
1240320600,2009-04-21 09:30,28.16,31.53999,28,31.41,74968256
1240407000,2009-04-22 09:30,30.71001,32.03,30.17,30.35001,67786880
1240493400,2009-04-23 09:30,30.55,32,30.03999,31.61,47356320
1240579800,2009-04-24 09:30,31.88,34.25999,31.42,33.28,62496608
1240839000,2009-04-27 09:30,32.32001,32.85001,30.5,31.39999,57992688
1240925400,2009-04-28 09:30,30.61,32.48,30.61,31.74001,43524576
1241011800,2009-04-29 09:30,32.03999,33.39999,31.75999,33,47070160
1241098200,2009-04-30 09:30,33.49001,34.145,32.77,33,49077232
1241184600,2009-05-01 09:30,32.91,32.99001,31.58,31.88,38044976
1241443800,2009-05-04 09:30,32.42,34.64999,32.33,34.64,51009936
1241530200,2009-05-05 09:30,34.09,34.36,33.095,33.48,45657456
1241616600,2009-05-06 09:30,34.16,34.83,33.03999,34.60001,51324288
1241703000,2009-05-07 09:30,35.06,35.08,31.78999,32.60001,61840416
1241789400,2009-05-08 09:30,33.14999,35.07001,32.67999,34.81,58293920
1242048600,2009-05-11 09:30,33.77,34.38,33.34,33.78999,36703600
1242135000,2009-05-12 09:30,33.8,34,31.94,33.25,41760320
1242221400,2009-05-13 09:30,32.24001,32.28999,30.75,30.99001,46673152
1242307800,2009-05-14 09:30,30.73,32.39999,30.25,31.98,42138000
1242394200,2009-05-15 09:30,31.77,32.10001,30.3,30.92999,37296336
1242653400,2009-05-18 09:30,31.3,33.62,31.23,33.25,49087920
1242739800,2009-05-19 09:30,33.16,33.7,32.39,32.72,44048000
1242826200,2009-05-20 09:30,33.28,34.05,32.21001,32.34,35108672
1242912600,2009-05-21 09:30,31.86,32.83,31.53,32.39999,29979440
1242999000,2009-05-22 09:30,32.48,32.88,31.59,31.71001,24961872
1243344600,2009-05-26 09:30,31.39999,33.64,31.25,33.35001,42249120
1243431000,2009-05-27 09:30,33.53,33.53,31.95,32.24001,36683728
1243517400,2009-05-28 09:30,32.62,33.05,31.73,32.85001,31800976
1243603800,2009-05-29 09:30,33.10001,33.77,32.49001,33.75,28520880
1243863000,2009-06-01 09:30,34.2,36.14,34.12,35.17,57187888
1243949400,2009-06-02 09:30,34.89999,35.25,34.39,34.64999,30239184
1244035800,2009-06-03 09:30,34.34,34.66,34.03999,34.57001,19147056
1244122200,2009-06-04 09:30,34.78,35.95,34.56,35.59,25998336
1244208600,2009-06-05 09:30,36.08,36.08,34.89999,35.14,27972512
1244467800,2009-06-08 09:30,34.92,35.515,34.55499,35.00999,20970720
1244554200,2009-06-09 09:30,35.3,35.32001,34.72,35.05,19846992
1244640600,2009-06-10 09:30,35.3,35.35001,33.55,34.38,27655648
1244727000,2009-06-11 09:30,34.28999,34.59,33.64999,33.74001,21108352
1244813400,2009-06-12 09:30,33.64,34.75999,33.49001,34.69,20255712
1245072600,2009-06-15 09:30,34.2,34.25,32.75,33.13,29389088
1245159000,2009-06-16 09:30,33.33,33.53,32.17999,32.66,23577072
1245245400,2009-06-17 09:30,32.62,32.82001,31.7,32.2,27998192
1245331800,2009-06-18 09:30,32.17,32.56,31.78999,32.36,20216528
1245418200,2009-06-19 09:30,32.52,32.77,32.19009,32.71001,20485280
1245677400,2009-06-22 09:30,32.17999,32.4386,30.92999,31.03999,29990608
1245763800,2009-06-23 09:30,31.14999,31.81,30.87,31.31,23843472
1245850200,2009-06-24 09:30,31.3,31.7,31.05,31.35001,22650272
1245936600,2009-06-25 09:30,31.24001,31.86,30.87,31.85001,23075120
1246023000,2009-06-26 09:30,31.7,32.41,31.55,32.13,17179744
1246282200,2009-06-29 09:30,32.28999,32.39999,31.67,32.21001,13423031
1246368600,2009-06-30 09:30,32.3,32.64999,32.08,32.42,18188368
1246455000,2009-07-01 09:30,32.53999,33.05,32.34,32.74001,16207398
1246541400,2009-07-02 09:30,32.31,32.31,31.19,31.25,24728064
1246887000,2009-07-06 09:30,30.94,32.03,30.69,31.89999,22870368
1246973400,2009-07-07 09:30,31.86,31.89999,30.59,30.72,27030272
1247059800,2009-07-08 09:30,30.83,31.00999,29.59,30.42,30045408
1247146200,2009-07-09 09:30,30.66,30.84,29.875,29.92999,18224160
1247232600,2009-07-10 09:30,29.62,30.08,29.1394,29.88,21225328
1247491800,2009-07-13 09:30,30,31.24001,29.64999,31.06,29716288
1247578200,2009-07-14 09:30,31.07001,31.63,30.57001,31.42,22962832
1247664600,2009-07-15 09:30,31.95,32.92,31.71001,32.5,29777296
1247751000,2009-07-16 09:30,32.2,33.14999,31.875,32.92,21610864
1247837400,2009-07-17 09:30,32.71001,32.74001,31.89999,32.14999,21723872
1248096600,2009-07-20 09:30,32.46001,33.34,32.45,33.19,34688528
1248183000,2009-07-21 09:30,33.45,33.5,32.42,33.12,18910448
1248269400,2009-07-22 09:30,32.61,33.63,32.57001,33.14999,21233264
1248355800,2009-07-23 09:30,33.22,34.81,33.03999,34.3,31836864
1248442200,2009-07-24 09:30,34.17999,34.74001,33.8,34.60001,16339738
1248701400,2009-07-27 09:30,34.66,35.32001,34.39999,35.25,17039968
1248787800,2009-07-28 09:30,34.92999,35.22,34.58,35.11,17263344
1248874200,2009-07-29 09:30,34.77,35.06,34.27,34.61,16402055
1248960600,2009-07-30 09:30,35.14999,36.32001,35.10001,35.82001,31035312
1249047000,2009-07-31 09:30,35.72,36.13,35.45,35.85001,18840272
1249306200,2009-08-03 09:30,36.55,36.61,35.92999,36.56,17432800
1249392600,2009-08-04 09:30,36.34,38.63,36.07001,38.3,39977504
1249479000,2009-08-05 09:30,38.39,39.99001,38.06,39.85001,34953840
1249565400,2009-08-06 09:30,40.38,41.32001,39.52,39.60001,46147760
1249651800,2009-08-07 09:30,40.5,42.255,39.77,41.44,34657648
1249911000,2009-08-10 09:30,41.39999,41.45,40.2,40.62,23404208
1249997400,2009-08-11 09:30,40.23,40.39999,39.02991,39.42,27597472
1250083800,2009-08-12 09:30,39.37,40.42999,39.37,39.67999,26769840
1250170200,2009-08-13 09:30,40.08,40.28,39.36,39.87,22390176
1250256600,2009-08-14 09:30,39.62,39.71001,38.64999,39.50999,20852080
1250515800,2009-08-17 09:30,38.02,38.2,37.32001,37.53,34476992
1250602200,2009-08-18 09:30,37.67999,38.39,37.45,37.99001,22530784
1250688600,2009-08-19 09:30,37.34,37.92,37.13,37.71001,22570048
1250775000,2009-08-20 09:30,37.74001,39.27,37.7,39.24001,26164048
1250861400,2009-08-21 09:30,39.72,40.92,39.48,40.11,26083776
1251120600,2009-08-24 09:30,40.58,40.69,39.76939,39.88,19081216
1251207000,2009-08-25 09:30,40.24001,40.67,39.91,40.32001,18852576
1251293400,2009-08-26 09:30,40.23,40.5,39.86,40.5,13743105
1251379800,2009-08-27 09:30,40.5,40.89999,39.63901,40.82001,18506256
1251466200,2009-08-28 09:30,41.22,41.3,40.42,41.09,16195410
1251725400,2009-08-31 09:30,40.39,40.78,40.108,40.58,17572512
1251811800,2009-09-01 09:30,40.28999,40.60001,38.41,38.50999,38992928
1251898200,2009-09-02 09:30,38.14,38.45,37.72,37.75,21065584
1251984600,2009-09-03 09:30,38.14,38.5,37.46001,38.42,16254234
1252071000,2009-09-04 09:30,38.42,38.91,37.78,38.88,14698859
1252416600,2009-09-08 09:30,39.49001,40.16,39.17999,40.13,22931744
1252503000,2009-09-09 09:30,40.11,41.03999,39.81,40.94,20270960
1252589400,2009-09-10 09:30,40.89999,41.53,40.28,41.52,19106016
1252675800,2009-09-11 09:30,41.66,41.88,40.88,41.39,17879168
1252935000,2009-09-14 09:30,40.84,42.61,40.78,42.58,20622400
1253021400,2009-09-15 09:30,42.8,43.92,42.08,43.33,32675472
1253107800,2009-09-16 09:30,43.71001,45.09,43.55,45.02,39118464
1253194200,2009-09-17 09:30,45.06,46.46001,44.10001,44.8,34115296
1253280600,2009-09-18 09:30,44.92999,45.35001,44.02,44.78999,22278784
1253539800,2009-09-21 09:30,44.10001,44.53999,43.74001,44.08,18946080
1253626200,2009-09-22 09:30,44.17999,45.19,44.08,45.03999,26655792
1253712600,2009-09-23 09:30,45.25,45.27,43.45,43.53,27759424
1253799000,2009-09-24 09:30,43.74001,43.99001,41.74001,42.09,35751408
1253885400,2009-09-25 09:30,41.74001,42.50999,41.33,42.06,23703920
1254144600,2009-09-28 09:30,42.39999,43.8,42.25999,43.7,19175984
1254231000,2009-09-29 09:30,43.86,44.14,42.8499,42.97,22318864
1254317400,2009-09-30 09:30,43.28999,43.44,42.07001,42.67,27835312
1254403800,2009-10-01 09:30,42.53,42.64999,40.78,40.86,30261152
1254490200,2009-10-02 09:30,39.92999,41.63,39.88,40.46001,36816384
1254749400,2009-10-05 09:30,40.78999,41.72,40.63,41.55,22485744
1254835800,2009-10-06 09:30,42.06,42.55,40.97,41.56,30134016
1254922200,2009-10-07 09:30,41.41,41.8,40.92,41.42999,20657376
1255008600,2009-10-08 09:30,42.06,42.61,41.75,42.21001,18567072
1255095000,2009-10-09 09:30,42.07001,42.64,41.72,42.62,14863340
1255354200,2009-10-12 09:30,42.87,43.08,42.345,42.55,11315328
1255440600,2009-10-13 09:30,42.32001,42.47,41.60001,41.91,16121152
1255527000,2009-10-14 09:30,42.73,43.61,42.44,43.45,21096176
1255613400,2009-10-15 09:30,43.10001,43.25,42.83,43.12,15044945
1255699800,2009-10-16 09:30,42.42,42.62,41.83,41.95,17912832
1255959000,2009-10-19 09:30,42.17999,43,42.02,42.92,19898512
1256045400,2009-10-20 09:30,42.86,42.92,41.96001,42.12,17718800
1256131800,2009-10-21 09:30,41.89,42.86,41.61,41.78999,35152480
1256218200,2009-10-22 09:30,41.7,42.8,41.11,42.73,23377552
1256304600,2009-10-23 09:30,42.89,42.97,41.98,42.25999,20818704
1256563800,2009-10-26 09:30,42.19,43.2,41.91,42,27332400
1256650200,2009-10-27 09:30,42.03,42.27,41.21001,41.36,26559872
1256736600,2009-10-28 09:30,41.10001,41.7,39.56,39.63,35876128
1256823000,2009-10-29 09:30,40.23,41.50999,40.13,41.34,29137200
1256909400,2009-10-30 09:30,41.08,41.3,39.59,40.55,43003632
1257172200,2009-11-02 09:30,40.67999,41.50999,39.45,40.61,37030688
1257258600,2009-11-03 09:30,40.07001,41.28,40,41.19,25914224
1257345000,2009-11-04 09:30,41.73,41.85001,40.36,40.45,25883184
1257431400,2009-11-05 09:30,40.95,41.37,40.50999,41.28999,21385808
1257517800,2009-11-06 09:30,40.64999,41.31,40.32001,40.64999,21854208
1257777000,2009-11-09 09:30,41.2,42.67999,41.05,42.561,26069152
1257863400,2009-11-10 09:30,42.31,42.64,41.73,42.35001,21238832
1257949800,2009-11-11 09:30,42.66,43.39999,42.55,43.13,23828736
1258036200,2009-11-12 09:30,43.11,43.41499,42.50999,42.62,18846640
1258122600,2009-11-13 09:30,42.63,43.3,42.58,43.19,18585616
1258381800,2009-11-16 09:30,43.55,44.58,43.46001,44.17,27444608
1258468200,2009-11-17 09:30,43.95,44.44,43.46001,43.53999,20962624
1258554600,2009-11-18 09:30,43.5,44.39999,43.44,44.25999,19364272
1258641000,2009-11-19 09:30,43.85001,43.89,43.14999,43.38,17662544
1258727400,2009-11-20 09:30,43.05,43.28,42.88,43.05,15517605
1258986600,2009-11-23 09:30,43.78,44.21001,43.19,43.53999,19494000
1259073000,2009-11-24 09:30,43.48,43.55,42.765,42.89999,19240096
1259159400,2009-11-25 09:30,43.09,43.37,42.96001,43.07001,11759215
1259332200,2009-11-27 09:30,41.78999,42.62,41.58,41.85001,14024434
1259591400,2009-11-30 09:30,41.98,43.57001,41.67999,43.42,24504400
1259677800,2009-12-01 09:30,43.75999,44.24001,43.36,43.98,21033856
1259764200,2009-12-02 09:30,43.88,44.89999,43.81,44.63,19460912
1259850600,2009-12-03 09:30,44.91,45.44,44.08,44.25,29705952
1259937000,2009-12-04 09:30,45.28999,45.77,44.58,45.44,32289504
1260196200,2009-12-07 09:30,45.3,45.42,44.27,44.64999,20398064
1260282600,2009-12-08 09:30,44.24001,45.06,44.14999,44.38,21941312
1260369000,2009-12-09 09:30,44.45,44.74001,44.22,44.32001,14036035
1260455400,2009-12-10 09:30,44.56,44.71001,43.94,44.19,12728090
1260541800,2009-12-11 09:30,44.28,44.89,44.19501,44.83,13541121
1260801000,2009-12-14 09:30,45.08,45.78999,44.58,45.7,14731008
1260887400,2009-12-15 09:30,45.42,45.53,45.10001,45.28,13120887
1260973800,2009-12-16 09:30,45.50999,45.78999,45.3,45.55,19303472
1261060200,2009-12-17 09:30,45.19,45.53999,44.92,45.25999,15444621
1261146600,2009-12-18 09:30,45.39999,45.63,44.855,45.61,13976297
1261405800,2009-12-21 09:30,45.78999,46.2,45.67,46.16,11226879
1261492200,2009-12-22 09:30,46.24001,46.66,46.17999,46.64999,11810441
1261578600,2009-12-23 09:30,46.25,47.07001,46.2,46.67,11296109
1261665000,2009-12-24 09:30,46.94,47.28999,46.81,47.25999,4432406
1262010600,2009-12-28 09:30,47.45,47.94,47.23,47.42999,14913914
1262097000,2009-12-29 09:30,47.55,47.75,46.75,46.75,13536762
1262183400,2009-12-30 09:30,46.64,46.85001,46.33,46.83,8746527
1262269800,2009-12-31 09:30,46.95,47.21001,45.91,45.92,9628340
1262615400,2010-01-04 09:30,46.45,46.66,45.53,45.81,16953024
1262701800,2010-01-05 09:30,45.81,45.96001,45.28999,45.92,14524824
1262788200,2010-01-06 09:30,45.94,46.23,45.71001,45.89999,14859012
1262874600,2010-01-07 09:30,45.87,46.52,45.37,46.31,16365059
1262961000,2010-01-08 09:30,46.19,46.23,45.59,46,10630094
1263220200,2010-01-11 09:30,46.25,46.47,45.92999,46.22,7875699
1263306600,2010-01-12 09:30,45.75,46.14,45.17999,45.44,15199781
1263393000,2010-01-13 09:30,45.48,46.36,45.42,46.28999,14826836
1263479400,2010-01-14 09:30,46.22,46.315,45.88,46.13,7233770
1263565800,2010-01-15 09:30,46,46.09,45.56,45.71001,15107117
1263911400,2010-01-19 09:30,45.66,46.74001,45.62,46.62,15622906
1263997800,2010-01-20 09:30,46.23,46.25999,45.67999,46.14,13033434
1264084200,2010-01-21 09:30,46.13,46.42,44.739,44.83,30838592
1264170600,2010-01-22 09:30,44.71001,45.14,43.67,43.8,26536240
1264429800,2010-01-25 09:30,44.3,44.32001,43.28999,44.12,21265680
1264516200,2010-01-26 09:30,43.74001,44.42999,43.63,43.74001,16187949
1264602600,2010-01-27 09:30,43.92,44.2,43.12,44.14,23191408
1264689000,2010-01-28 09:30,44.41,44.49001,43.36,43.72,19932352
1264775400,2010-01-29 09:30,44.03,44.425,43.21001,43.42999,21419456
1265034600,2010-02-01 09:30,43.77,44.3,43.67999,44.22,13240625
1265121000,2010-02-02 09:30,44.34,45.16,43.95,44.95,18533488
1265207400,2010-02-03 09:30,44.78,44.84,44.12,44.42999,15641941
1265293800,2010-02-04 09:30,44.00999,44.09,42.74001,42.77,27628272
1265380200,2010-02-05 09:30,42.91,43.73,42.27,43.57001,32919264
1265639400,2010-02-08 09:30,43.71001,43.84,42.495,42.58,15343637
1265725800,2010-02-09 09:30,43.09,43.17999,42.12,42.45,22264512
1265812200,2010-02-10 09:30,42.53,43.03,41.71001,42.48,16653555
1265898600,2010-02-11 09:30,42.41,42.88,41.96001,42.85001,11882082
1265985000,2010-02-12 09:30,42.34,43.27,42.19,43.24001,14061492
1266330600,2010-02-16 09:30,43.73,44.5,43.64999,44.39999,16759453
1266417000,2010-02-17 09:30,44.5,45,44.49001,44.82001,13240070
1266503400,2010-02-18 09:30,44.66,45.53999,44.50999,45.42,14092691
1266589800,2010-02-19 09:30,45.22,45.67999,45.05,45.41,12581070
1266849000,2010-02-22 09:30,45.50999,45.83501,45.32001,45.60001,12070613
1266935400,2010-02-23 09:30,45.35001,45.71001,45.1199,45.24001,9630641
1267021800,2010-02-24 09:30,45.25,45.71001,45.2,45.67999,9651301
1267108200,2010-02-25 09:30,45.14999,45.92999,44.9005,45.91,13053840
1267194600,2010-02-26 09:30,45.95,46.35001,45.61,45.8,11251750
1267453800,2010-03-01 09:30,46.08,46.46001,45.98,46.27,6993898
1267540200,2010-03-02 09:30,46.41,46.5,46.17999,46.28999,8747609
1267626600,2010-03-03 09:30,46.35001,46.49001,46.09,46.19,7785012
1267713000,2010-03-04 09:30,46.2,46.42999,46.10001,46.38,7622605
1267799400,2010-03-05 09:30,46.5,47.61011,46.45,47.44,13059027
1268058600,2010-03-08 09:30,47.55,48.16,47.46001,48.03,8496070
1268145000,2010-03-09 09:30,47.82001,48.77,47.69,48.19,12249797
1268231400,2010-03-10 09:30,48.28999,48.64,48,48.45,10583406
1268317800,2010-03-11 09:30,48.14999,48.7,48.00999,48.69,8608203
1268404200,2010-03-12 09:30,49.03999,49.3,48.62,49.05,12207266
1268659800,2010-03-15 09:30,48.94,49.24001,48.39999,48.91,12573305
1268746200,2010-03-16 09:30,49.09,50.25,48.95,50.17999,18136240
1268832600,2010-03-17 09:30,50.28999,50.96001,50.11,50.78999,20060240
1268919000,2010-03-18 09:30,50.71001,51.07001,50.55,50.59,12634852
1269005400,2010-03-19 09:30,50.63,50.87,50.05,50.16,14273121
1269264600,2010-03-22 09:30,49.81,50.85001,49.66,50.67999,15290188
1269351000,2010-03-23 09:30,50.63,50.74001,50.06,50.53999,16107699
1269437400,2010-03-24 09:30,50.32001,51.02,50.27,50.7,11638445
1269523800,2010-03-25 09:30,50.53,51.16,50.28999,50.28999,18328464
1269610200,2010-03-26 09:30,50.44,50.75999,49.91,50.11,13105352
1269869400,2010-03-29 09:30,50.42999,50.5,50.00999,50.33,12065246
1269955800,2010-03-30 09:30,50.36,50.50999,50.07001,50.23,8300234
1270042200,2010-03-31 09:30,50.02,50.34,49.73,49.78,8337930
1270128600,2010-04-01 09:30,50.12,50.19,49.64,50.00999,11867836
1270474200,2010-04-05 09:30,50.33,51.10001,50.11,51.05,14637020
1270560600,2010-04-06 09:30,50.94,52.19,50.73,52.08,16861824
1270647000,2010-04-07 09:30,51.94,52.07001,50.73,50.96001,15278164
1270733400,2010-04-08 09:30,50.72,51.11,50.64,50.98,8581680
1270819800,2010-04-09 09:30,51.16,51.83,50.95,51.78751,11460621
1271079000,2010-04-12 09:30,51.89999,51.95,51.38,51.45,7833324
1271165400,2010-04-13 09:30,51.41,52.77,51.38,52.62,13848129
1271251800,2010-04-14 09:30,53.09,53.13,52.37,52.67,17141200
1271338200,2010-04-15 09:30,52.39,52.58,51.33,51.36,19231888
1271424600,2010-04-16 09:30,51.27,51.69,50.14,50.28999,32486576
1271683800,2010-04-19 09:30,49.92039,50.86,49.75,50.48,20994208
1271770200,2010-04-20 09:30,50.81,51.31,50.27,51.27,12244477
1271856600,2010-04-21 09:30,51.24001,52.52,51.175,52.23,21478224
1271943000,2010-04-22 09:30,51.89999,53.2,51.59,52.99001,18690128
1272029400,2010-04-23 09:30,53.14999,53.75,52.67,53.67999,13173805
1272288600,2010-04-26 09:30,53.85001,54.4101,53.62,54.02,11961086
1272375000,2010-04-27 09:30,53.60001,53.97,52.23,52.31,22103088
1272461400,2010-04-28 09:30,52.83,52.92,52.22501,52.49001,15190391
1272547800,2010-04-29 09:30,53.2,54.73,53.09,54.66,20224224
1272634200,2010-04-30 09:30,54.57001,55,52.86,52.96001,20179168
1272893400,2010-05-03 09:30,53.39,54.9001,53.38,54.60001,20332096
1272979800,2010-05-04 09:30,53.86,53.98,52.78,53.32001,25014288
1273066200,2010-05-05 09:30,52.42,53.53,51.81,52.57001,21721024
1273152600,2010-05-06 09:30,52.19,52.59,43.16,50.455,40858496
1273239000,2010-05-07 09:30,50.60001,51.66,48.81,49.61,31774160
1273498200,2010-05-10 09:30,52.25,52.94,51.77,52.88,24934112
1273584600,2010-05-11 09:30,52.13,53.53999,51.99001,52.94,19801488
1273671000,2010-05-12 09:30,53.37,54,52.94,53.8,13551184
1273757400,2010-05-13 09:30,53.86,53.95,52.88,53.09,12838340
1273843800,2010-05-14 09:30,52.59,52.59,50.81,51.45,21816224
1274103000,2010-05-17 09:30,51.45,52.32001,49.91,51.37,19775472
1274189400,2010-05-18 09:30,52.08,52.23,49.85001,50.06,17866912
1274275800,2010-05-19 09:30,49.72,50.73,48.39999,49.64,23570000
1274362200,2010-05-20 09:30,48.38,48.89,47.17,47.24001,31033024
1274448600,2010-05-21 09:30,46.5,48.89,46.24989,48.77,23970304
1274707800,2010-05-24 09:30,48.92,49.14,47.7,47.78999,19157648
1274794200,2010-05-25 09:30,46.42,48.31,45.92999,48.28999,23967392
1274880600,2010-05-26 09:30,48.97,49.63,47.75999,48.10001,20305040
1274967000,2010-05-27 09:30,49.25,50.73061,48.75,50.71001,20293744
1275053400,2010-05-28 09:30,50.67,51.02,49.78,49.95,15466949
1275399000,2010-06-01 09:30,49.3,50.2095,48.92,48.98,15117012
1275485400,2010-06-02 09:30,49.39999,50.12,48.55,50.06,16034246
1275571800,2010-06-03 09:30,50.25,50.38,49.5,49.92999,10995684
1275658200,2010-06-04 09:30,48.89999,49.37,47.00999,47.22,26060400
1275917400,2010-06-07 09:30,47.36,48.25,46.89,46.98,21972944
1276003800,2010-06-08 09:30,47.12,47.88,46,47.8,26157840
1276090200,2010-06-09 09:30,48.31,49.44,47.81,48.03999,22432528
1276176600,2010-06-10 09:30,49.05,50.25,48.64,50.05,25055568
1276263000,2010-06-11 09:30,49.50999,50.72,49.41,50.57001,14358348
1276522200,2010-06-14 09:30,51.24001,51.73,50.67,51.17,16673777
1276608600,2010-06-15 09:30,51.42999,52.375,51.14,52.28,21951232
1276695000,2010-06-16 09:30,51.88,52.3,51.59,51.89999,12540047
1276781400,2010-06-17 09:30,51.98,52.21001,51.39,51.98,15515738
1276867800,2010-06-18 09:30,52.13,52.2,51.57001,51.83,10951555
1277127000,2010-06-21 09:30,52.55,52.69,51.24001,51.46001,12016547
1277213400,2010-06-22 09:30,51.55,51.75999,49.85001,50.00999,20543216
1277299800,2010-06-23 09:30,49.87,50.6501,49.2,50.03999,17500672
1277386200,2010-06-24 09:30,49.42999,49.55,48.48,48.59,20028272
1277472600,2010-06-25 09:30,48.86,50.00999,48.53999,49.83,20900256
1277731800,2010-06-28 09:30,50.05,50.07001,49.05,49.25999,10955996
1277818200,2010-06-29 09:30,48.44,48.58,47.315,47.67999,26769536
1277904600,2010-06-30 09:30,47.71001,48.41,47.07001,47.21001,16864096
1277991000,2010-07-01 09:30,47.17999,47.5,45.94,47.12,20931632
1278077400,2010-07-02 09:30,47.33,47.44,46,46.22,14101094
1278423000,2010-07-06 09:30,47,47.39999,44.85001,45.32001,25757984
1278509400,2010-07-07 09:30,45.45,47.53999,45.37,47.48,22772208
1278595800,2010-07-08 09:30,48.02,48.42,47.17,47.99001,15474762
1278682200,2010-07-09 09:30,47.89,48.73,47.81,48.62,13585789
1278941400,2010-07-12 09:30,48.50999,48.9705,48.07001,48.8,10051926
1279027800,2010-07-13 09:30,49.50999,50.12,49.25999,49.87,17309696
1279114200,2010-07-14 09:30,49.63,50.02,48.94,49.58,12126992
1279200600,2010-07-15 09:30,49.59,49.66,48.52,49.47,16310508
1279287000,2010-07-16 09:30,49.14,49.22,47.58,47.95,22010816
1279546200,2010-07-19 09:30,48.03999,48.78,47.28999,48.5,16259578
1279632600,2010-07-20 09:30,47.75,49.5,47.61,49.33,19418288
1279719000,2010-07-21 09:30,49.50999,49.75999,48.14999,48.38,18520832
1279805400,2010-07-22 09:30,48.95,50.5,48.92,50.12,21545232
1279891800,2010-07-23 09:30,50.07001,50.8,49.30991,50.71001,13185270
1280151000,2010-07-26 09:30,50.72,52.13989,50.48,52.02,14644543
1280237400,2010-07-27 09:30,52.46001,52.63,51.28999,52.00999,17356528
1280323800,2010-07-28 09:30,51.78,52.49001,51.59,51.92999,13959723
1280410200,2010-07-29 09:30,52.32001,52.39999,50.92999,51.47,15305953
1280496600,2010-07-30 09:30,50.87,51.99001,50.8,51.64999,11732066
1280755800,2010-08-02 09:30,52.44,53.45,52.28,53.22,18843344
1280842200,2010-08-03 09:30,53.11,53.19,52.4599,52.94,10431344
1280928600,2010-08-04 09:30,53,53.17,52.59,53.11,9319293
1281015000,2010-08-05 09:30,52.83,53.09,52.31,52.45,7449336
1281101400,2010-08-06 09:30,51.87,52.42,51.46001,52.28,11074965
1281360600,2010-08-09 09:30,52.58,53,52.22,52.8,8254809
1281447000,2010-08-10 09:30,52.34,52.87,51.815,52.39,15500813
1281533400,2010-08-11 09:30,51.47,51.75,50.72,51.13,20182864
1281619800,2010-08-12 09:30,50.46001,51.03999,50.3,50.53999,10764383
1281706200,2010-08-13 09:30,50.45,50.91,50.35001,50.42999,9827840
1281965400,2010-08-16 09:30,50.34,50.91991,50.00999,50.48,11577438
1282051800,2010-08-17 09:30,50.92999,51.89999,50.66,51.58,13390645
1282138200,2010-08-18 09:30,51.63,51.95,51.22,51.59,9190914
1282224600,2010-08-19 09:30,51.42,51.47,50.16,50.42,18213120
1282311000,2010-08-20 09:30,50.19,50.34,49.75999,50.27,15910926
1282570200,2010-08-23 09:30,50.46001,50.6601,50,50.03,11039625
1282656600,2010-08-24 09:30,49.36,50.13,48.95,49.81,15829418
1282743000,2010-08-25 09:30,49.48,50.7,49.31,50.46001,13762449
1282829400,2010-08-26 09:30,50.77,51.11,50.10001,50.17999,11292492
1282915800,2010-08-27 09:30,50.5,51.05,49.46001,50.98,17039408
1283175000,2010-08-30 09:30,50.83,51.3101,50.50999,50.50999,10888000
1283261400,2010-08-31 09:30,50.35001,51.12,50.17999,50.98,11618898
1283347800,2010-09-01 09:30,51.64,52.72,51.57001,52.59,17781584
1283434200,2010-09-02 09:30,52.64,53.32001,52.50999,53.25,10102031
1283520600,2010-09-03 09:30,53.95,54.03999,53.44,53.94749,10942438
1283866200,2010-09-07 09:30,53.61,53.72,53.14,53.2,9148887
1283952600,2010-09-08 09:30,53.35001,53.64999,53.11,53.23,9256477
1284039000,2010-09-09 09:30,53.85001,53.9695,52.63989,52.83,7318539
1284125400,2010-09-10 09:30,52.98,53.27,52.64,53.03999,9708316
1284384600,2010-09-13 09:30,53.46001,53.92999,53.39,53.86501,8810500
1284471000,2010-09-14 09:30,53.64999,54.06,53.41,53.71001,9984680
1284557400,2010-09-15 09:30,53.45,54.28999,53.34,54.13,9842777
1284643800,2010-09-16 09:30,54.02,54.17999,53.64999,53.84,9198758
1284730200,2010-09-17 09:30,54.00999,54.21001,53.5499,54,7565895
1284989400,2010-09-20 09:30,54.17999,55.41,54.08,55.21001,14181934
1285075800,2010-09-21 09:30,55.28,55.28,54.28999,54.34,14413461
1285162200,2010-09-22 09:30,54.14999,54.53,53.64,53.78,11476703
1285248600,2010-09-23 09:30,52.92,53.07001,51.94,52.12,14622504
1285335000,2010-09-24 09:30,52.78,53.60001,52.71001,53.53999,11956633
1285594200,2010-09-27 09:30,53.74001,53.78,52.78,53.00999,7173359
1285680600,2010-09-28 09:30,53.065,53.3,52.23,53.14999,9984250
1285767000,2010-09-29 09:30,53.09,53.10001,52.57001,52.75999,8977398
1285853400,2010-09-30 09:30,53.17999,53.62,52.52,52.88,10119391
1285939800,2010-10-01 09:30,53.16,53.41,52.53999,53.14,8272355
1286199000,2010-10-04 09:30,53.05,53.60001,52.99001,53.59,11356445
1286285400,2010-10-05 09:30,53.98,54.52,53.59,54.28999,11265512
1286371800,2010-10-06 09:30,54.16,54.28999,53.81,54.13,8334156
1286458200,2010-10-07 09:30,54.35001,54.57001,53.9899,54.25,6122816
1286544600,2010-10-08 09:30,54.19,54.49001,53.94501,54.32001,6756816
1286803800,2010-10-11 09:30,54.36,54.52,54.17999,54.24001,5457609
1286890200,2010-10-12 09:30,54.12,54.89,53.965,54.71001,7767789
1286976600,2010-10-13 09:30,55,55.75,54.86,55.25,9291105
1287063000,2010-10-14 09:30,55.10001,55.45,54.75101,55.08,8292176
1287149400,2010-10-15 09:30,55.32001,55.56,54.92,55.05,10031008
1287408600,2010-10-18 09:30,54.89999,55.8,54.77,54.77,11030617
1287495000,2010-10-19 09:30,54.96001,55.78999,54.78999,55.03999,18057312
1287581400,2010-10-20 09:30,55.09,56.57001,55.06,56.14,20964720
1287667800,2010-10-21 09:30,56.39999,56.67,55.7,56.03,12328688
1287754200,2010-10-22 09:30,56.25,56.39,55.7099,56.03999,5044867
1288013400,2010-10-25 09:30,56.39999,56.49001,56.10001,56.14999,8215426
1288099800,2010-10-26 09:30,55.67999,55.92999,55.48,55.82001,9227883
1288186200,2010-10-27 09:30,55.53,55.67,54.89999,55.25999,10607676
1288272600,2010-10-28 09:30,55.44,55.66,54.38,54.92,8128379
1288359000,2010-10-29 09:30,54.78999,55.16,54.69,54.96001,5958313
1288618200,2010-11-01 09:30,55.14,55.89,55.03999,55.36,6971527
1288704600,2010-11-02 09:30,55.69,55.89999,55.42,55.67,5909750
1288791000,2010-11-03 09:30,55.82001,55.84,55.25,55.61,9241547
1288877400,2010-11-04 09:30,56.17999,57.16,56.12,57.05,10703922
1288963800,2010-11-05 09:30,57.0701,57.97,56.86,57.62,10090668
1289226600,2010-11-08 09:30,57.50999,57.64,56.89,57.34,5943031
1289313000,2010-11-09 09:30,57.55,57.59,54.85001,55.27,15955676
1289399400,2010-11-10 09:30,55.41,55.95,55.27,55.92999,11990410
1289485800,2010-11-11 09:30,55.61,55.97,55.32001,55.48,6478656
1289572200,2010-11-12 09:30,55.19,55.64,54.7,54.96001,8962125
1289831400,2010-11-15 09:30,55.10001,55.39,54.36,54.36,9312625
1289917800,2010-11-16 09:30,54.13,54.14999,52.27,52.64999,25270208
1290004200,2010-11-17 09:30,52.82001,53.39999,52.63,53.11,8070910
1290090600,2010-11-18 09:30,53.85001,54,53.36,53.48,9728039
1290177000,2010-11-19 09:30,53.32001,53.83,52.89,53.73,8482844
1290436200,2010-11-22 09:30,53.53999,54.00999,53.50999,53.84,18126288
1290522600,2010-11-23 09:30,53.2,53.56,53.14999,53.46001,7534121
1290609000,2010-11-24 09:30,53.89999,54.52,53.81,54.49001,8114852
1290781800,2010-11-26 09:30,54.10069,54.52,54.03999,54.25999,2880372
1291041000,2010-11-29 09:30,53.9601,54.42,53.55,54.3,7317594
1291127400,2010-11-30 09:30,53.73,54.42,53.72,54.08749,9645059
1291213800,2010-12-01 09:30,54.67,54.78999,54.03,54.5,10578012
1291300200,2010-12-02 09:30,54.67999,55.315,54.50999,55.24001,9225773
1291386600,2010-12-03 09:30,54.92999,55.45,54.81,55.32001,6498113
1291645800,2010-12-06 09:30,55.25,55.53999,54.74001,55.35001,5690527
1291732200,2010-12-07 09:30,55.92999,55.99001,55.44,55.53,9683004
1291818600,2010-12-08 09:30,55.55,55.67,54.34,54.7,11531168
1291905000,2010-12-09 09:30,54.85001,55.03999,54.08,54.11,9680445
1291991400,2010-12-10 09:30,54.25999,54.92,54.22,54.67,8561273
1292250600,2010-12-13 09:30,54.91,55.09,54.61,54.81,4923207
1292337000,2010-12-14 09:30,54.78999,55.33,54.02,54.25,11473563
1292423400,2010-12-15 09:30,54.19,54.57001,53.63,53.64999,14740152
1292509800,2010-12-16 09:30,53.8,54.02,53.46001,53.78999,8022027
1292596200,2010-12-17 09:30,53.89,54.25999,53.72,54.21001,9081766
1292855400,2010-12-20 09:30,54.53,55,54.2,54.83,8590516
1292941800,2010-12-21 09:30,55.00999,55.48,54.92,55.42999,7895988
1293028200,2010-12-22 09:30,54.64,55.53,54.64,55.22,8385012
1293114600,2010-12-23 09:30,55.16,55.38,54.98,55.05,5137164
1293460200,2010-12-27 09:30,54.92,55.62,54.78999,55.49001,3042554
1293546600,2010-12-28 09:30,55.75999,55.85001,55.36,55.71001,4406613
1293633000,2010-12-29 09:30,55.86,56.00999,55.59,55.96001,4285852
1293719400,2010-12-30 09:30,55.95,56.25,55.85001,56.03,2883565
1293805800,2010-12-31 09:30,55.94,56.2874,55.86,55.96001,3975025
1294065000,2011-01-03 09:30,56.28999,56.92999,56.25,56.83,8221270
1294151400,2011-01-04 09:30,57,57.08,55.55499,55.82001,11275055
1294237800,2011-01-05 09:30,55.64,56.17,55.60001,56.05,9173648
1294324200,2011-01-06 09:30,56.14,56.23,55.62,55.75,6797496
1294410600,2011-01-07 09:30,55.89999,56.10001,55.23,55.73,10495641
1294669800,2011-01-10 09:30,55.52,55.83,55.14999,55.71001,5993402
1294756200,2011-01-11 09:30,55.82001,56.03999,55.2,55.61,8320254
1294842600,2011-01-12 09:30,55.98,56.06,55.61,55.86,7138082
1294929000,2011-01-13 09:30,55.89,56.19,55.7,56.02,6677668
1295015400,2011-01-14 09:30,55.99001,56.41,55.8699,56.39999,6103801
1295361000,2011-01-18 09:30,56.36,56.94,56.17999,56.92999,7070406
1295447400,2011-01-19 09:30,56.92999,56.92999,55.94501,56.25,8255891
1295533800,2011-01-20 09:30,56.13,56.64,55.97,56.13,7776242
1295620200,2011-01-21 09:30,56.50999,56.50999,56.16499,56.35001,5531730
1295879400,2011-01-24 09:30,56.39,56.89999,56.25,56.63,6358758
1295965800,2011-01-25 09:30,56.48,57.23,56.33,57.23,8312691
1296052200,2011-01-26 09:30,57.36,57.57001,57,57.39,5947336
1296138600,2011-01-27 09:30,57.85001,58.3,57.55,58.19,9977918
1296225000,2011-01-28 09:30,58.17,58.42999,57.095,57.28,11242215
1296484200,2011-01-31 09:30,57.41,58.17999,57.35001,57.96001,7034867
1296570600,2011-02-01 09:30,58.38,58.38,57.60001,58.23,10015598
1296657000,2011-02-02 09:30,58.16,58.55,58.09,58.24001,5696988
1296743400,2011-02-03 09:30,58.10001,58.48,57.92999,58.39,4660629
1296829800,2011-02-04 09:30,58.47,58.47,57.66,57.86,7874984
1297089000,2011-02-07 09:30,57.94,58.56,57.88,58.50999,8862152
1297175400,2011-02-08 09:30,58.50999,58.83,58.44,58.66,3782618
1297261800,2011-02-09 09:30,58.64999,58.82001,58.47,58.8,4638184
1297348200,2011-02-10 09:30,58.57001,59.09,58.52,58.99001,7842613
1297434600,2011-02-11 09:30,58.89,59.44,58.73,59.36,5038242
1297693800,2011-02-14 09:30,59.47,59.57001,58.98,59.35001,4621125
1297780200,2011-02-15 09:30,59.09,59.36,58.83,59.14999,4661605
1297866600,2011-02-16 09:30,59.36,59.75,59.08,59.32001,4536480
1297953000,2011-02-17 09:30,59.27,59.61,59.25999,59.39999,3048954
1298039400,2011-02-18 09:30,59.53,59.78,59.39,59.63,5717527
1298385000,2011-02-22 09:30,59.1601,59.74001,58.96001,59.09,11044047
1298471400,2011-02-23 09:30,59.02,59.31,58.24001,58.62,10140492
1298557800,2011-02-24 09:30,58.53999,58.75999,57.78,58.3,6473848
1298644200,2011-02-25 09:30,58.60001,59.37,58.47,59.34,5761113
1298903400,2011-02-28 09:30,59.86,60.63,59.69009,60.58,7637520
1298989800,2011-03-01 09:30,60.78999,60.78999,58.935,58.95,10546551
1299076200,2011-03-02 09:30,58.85001,59.09,58.28,58.48,11168281
1299162600,2011-03-03 09:30,59.08,59.35001,58.88,59.32001,4927953
1299249000,2011-03-04 09:30,59.35001,59.39999,58.47,58.81,5800043
1299508200,2011-03-07 09:30,58.75999,59.16,58.02499,58.42999,8422227
1299594600,2011-03-08 09:30,58.42999,59.42999,58.38,59.16,8611363
1299681000,2011-03-09 09:30,59.06,59.47,58.7,59.19,5718066
1299767400,2011-03-10 09:30,58.7,58.75,58.00999,58.27251,9455082
1299853800,2011-03-11 09:30,58.00999,59.07001,58.00999,58.92999,7276539
1300109400,2011-03-14 09:30,58.55,58.7525,58.24001,58.53,6187680
1300195800,2011-03-15 09:30,57.35001,58.50999,57.09,58.06,9023699
1300282200,2011-03-16 09:30,58.06,58.21001,56.95,57.3,10528195
1300368600,2011-03-17 09:30,57.95,58.17,57.24001,57.78,7139754
1300455000,2011-03-18 09:30,58.2,58.55,58.06,58.28999,7467852
1300714200,2011-03-21 09:30,58.66,59.17999,58.66,58.92999,7375895
1300800600,2011-03-22 09:30,58.92999,59,58.33,58.39999,4563176
1300887000,2011-03-23 09:30,58.28999,58.33,57.55,57.96001,9351320
1300973400,2011-03-24 09:30,58.25,58.39999,57.62,58.23,5262602
1301059800,2011-03-25 09:30,57.95,58.33,57.72,58.02,5726859
1301319000,2011-03-28 09:30,58.13,58.33,57.89,58.02,4997777
1301405400,2011-03-29 09:30,57.95,58.41,57.5,58.28,6397711
1301491800,2011-03-30 09:30,58.53,59.03,58.34,58.96001,6590430
1301578200,2011-03-31 09:30,58.78999,59.42,58.78999,59.39999,5532363
1301664600,2011-04-01 09:30,59.55009,59.89999,59.25999,59.53999,7775457
1301923800,2011-04-04 09:30,59.60001,59.77,59.38,59.49001,3413888
1302010200,2011-04-05 09:30,59.49001,59.78999,59.38,59.59,4295656
1302096600,2011-04-06 09:30,59.78999,59.8,59.37,59.50999,4166938
1302183000,2011-04-07 09:30,59.41,59.59,58.62,58.89,5963191
1302269400,2011-04-08 09:30,59.13,59.33,58.2603,58.45,6173676
1302528600,2011-04-11 09:30,58.52,58.88,58.22,58.39,5972453
1302615000,2011-04-12 09:30,58.23,58.56,58.14,58.27,4973887
1302701400,2011-04-13 09:30,58.46001,58.64999,58.06,58.2,5454555
1302787800,2011-04-14 09:30,57.99001,59.14999,57.94,58.99001,9902098
1302874200,2011-04-15 09:30,59.10001,59.69,59.05,59.64,10167703
1303133400,2011-04-18 09:30,59.16,59.17999,58.71001,59.05,6725930
1303219800,2011-04-19 09:30,59.14,59.55,59.05,59.50999,5156906
1303306200,2011-04-20 09:30,60.06,60.25,59.5899,60.2,6948586
1303392600,2011-04-21 09:30,60.39999,60.64999,59.92,60.63,6306316
1303738200,2011-04-25 09:30,60.72,61.09,60.401,60.92999,3679177
1303824600,2011-04-26 09:30,61,61.67999,60.83,61.5,7540512
1303911000,2011-04-27 09:30,61.5,61.86,61.27,61.78,5759254
1303997400,2011-04-28 09:30,61.89,62.67,61.75999,62.47,6937902
1304083800,2011-04-29 09:30,62.59,62.59,61.4599,62.17,8030539
1304343000,2011-05-02 09:30,62.37,62.61,61.71001,62.16,6406027
1304429400,2011-05-03 09:30,62.13,62.42,61.03999,61.74001,8359617
1304515800,2011-05-04 09:30,61.72,61.77,61.103,61.39999,7185918
1304602200,2011-05-05 09:30,60.97,61.78999,60.89,61.31,7163887
1304688600,2011-05-06 09:30,61.75999,61.89999,60.73,60.98,9647008
1304947800,2011-05-09 09:30,60.89,61.3401,60.67,61.22,4173402
1305034200,2011-05-10 09:30,61.47,62.2,61.39999,62.07001,9882582
1305120600,2011-05-11 09:30,62.03,62.03999,61.23,61.38,6801898
1305207000,2011-05-12 09:30,61.14,61.53999,60.74001,61.37,5728996
1305293400,2011-05-13 09:30,61.41,61.53,60.67999,60.81,4521781
1305552600,2011-05-16 09:30,60.57001,61.32001,60.5,60.95,4891949
1305639000,2011-05-17 09:30,60.77,61.05,60.49001,60.86,7170508
1305725400,2011-05-18 09:30,60.92999,61.55,60.61,61.53999,5998758
1305811800,2011-05-19 09:30,61.6201,61.98,61.25,61.66,5117871
1305898200,2011-05-20 09:30,61.45,61.66,60.98,61.03,5737414
1306157400,2011-05-23 09:30,60.39,60.69,60.28999,60.39,10882352
1306243800,2011-05-24 09:30,60.48,60.78,60.3476,60.57001,5952043
1306330200,2011-05-25 09:30,60.45,61.13,60.07001,60.82001,7244879
1306416600,2011-05-26 09:30,60.8,61.7399,60.55009,61.61,5444523
1306503000,2011-05-27 09:30,61.72,61.88,61.41,61.72,4434301
1306848600,2011-05-31 09:30,62.19,62.8,62.03,62.8,8056168
1306935000,2011-06-01 09:30,62.66,62.66,60.94,61.03,11081387
1307021400,2011-06-02 09:30,61.09,61.53,60.61,60.67999,9763000
1307107800,2011-06-03 09:30,60.08,61.175,60,60.89999,8633891
1307367000,2011-06-06 09:30,60.74001,61.02,60.00999,60.03,9567270
1307453400,2011-06-07 09:30,60.41,61.25,60.25,60.75,10617031
1307539800,2011-06-08 09:30,60.46001,61.03999,60.36,60.46001,10070406
1307626200,2011-06-09 09:30,60.60001,60.71001,59.63,59.89999,14752695
1307712600,2011-06-10 09:30,59.66,59.77,58.37,58.48,19779328
1307971800,2011-06-13 09:30,58.58,59.09,58.25999,58.59,11480891
1308058200,2011-06-14 09:30,59.17,59.64999,59.02,59.50999,9474605
1308144600,2011-06-15 09:30,59.10001,59.31,58.11,58.53,13796598
1308231000,2011-06-16 09:30,58.58,59.2,58.11,58.94,16150770
1308317400,2011-06-17 09:30,59.53,59.621,58.92999,59.44,10441371
1308576600,2011-06-20 09:30,59.28999,60.2287,59.22009,60.07001,9671797
1308663000,2011-06-21 09:30,60.41,60.69,60.06889,60.60001,10822945
1308749400,2011-06-22 09:30,60.45,61.02,60.38,60.47,7053824
1308835800,2011-06-23 09:30,59.63,59.69,58.77,59.36,16434223
1308922200,2011-06-24 09:30,59.02,59.271,58.42999,58.75999,6841023
1309181400,2011-06-27 09:30,58.8,59.25,58.71001,59.07001,6931473
1309267800,2011-06-28 09:30,59.17,59.57001,58.87,59.56,9195605
1309354200,2011-06-29 09:30,59.75,60.32001,59.55,60.22,9353414
1309440600,2011-06-30 09:30,60.34,60.64,60.09,60.3,7668762
1309527000,2011-07-01 09:30,60.37,61.50999,60.36,61.38,8979707
1309872600,2011-07-05 09:30,61.49001,61.89999,61.06,61.75999,7363930
1309959000,2011-07-06 09:30,61.53,62.21001,61.46001,62.14,6769590
1310045400,2011-07-07 09:30,62.52,63,62.47,62.92,8555172
1310131800,2011-07-08 09:30,62.3,62.74001,62,62.7,6190609
1310391000,2011-07-11 09:30,61.89999,62.17,61.47009,61.52,9516785
1310477400,2011-07-12 09:30,61.39,62.52,61.25999,61.73,13880664
1310563800,2011-07-13 09:30,61.99001,62.02,61.17,61.21001,11903422
1310650200,2011-07-14 09:30,61.39999,61.41,60.35001,60.53,10703887
1310736600,2011-07-15 09:30,60.71001,61.21001,60.41,61.19,7771141
1310995800,2011-07-18 09:30,61.13,61.13,60.2,60.64,7654961
1311082200,2011-07-19 09:30,60.99001,61.75,60.89,61.69,7002059
1311168600,2011-07-20 09:30,61.89,62.16,61.56,62.14999,6353973
1311255000,2011-07-21 09:30,62.33,62.88,62.33,62.55,7591996
1311341400,2011-07-22 09:30,62.63,62.95,62.3799,62.87,5746953
1311600600,2011-07-25 09:30,62.24001,62.57001,62,62.16,5592926
1311687000,2011-07-26 09:30,62.25999,62.39799,61.71001,62.16,5486160
1311773400,2011-07-27 09:30,61.89,61.92,60.42999,60.49001,11893371
1311859800,2011-07-28 09:30,60.5,60.99001,59.86,60.39999,9457070
1311946200,2011-07-29 09:30,59.89999,60.53,59.05,60.42999,10842406
1312205400,2011-08-01 09:30,61.10001,61.10001,59.218,59.63,10917496
1312291800,2011-08-02 09:30,59.19,59.63,57.82001,57.88,13316996
1312378200,2011-08-03 09:30,57.86,57.98,56.08,57.52,18341408
1312464600,2011-08-04 09:30,56.87,57.06,54.28,54.74001,19708336
1312551000,2011-08-05 09:30,55.39999,55.5,52.75999,53.61,26113248
1312810200,2011-08-08 09:30,51.87,52.55,49.05,49.05,33378560
1312896600,2011-08-09 09:30,49.87,53.59,49.35001,53.59,38400128
1312983000,2011-08-10 09:30,52.31,54.75999,51.91,52.33,40947296
1313069400,2011-08-11 09:30,52.63,55.81,52.33,54.77,26720448
1313155800,2011-08-12 09:30,55.5,56,54.44,54.69,14799371
1313415000,2011-08-15 09:30,55.12,56.66,55,56.64101,13562977
1313501400,2011-08-16 09:30,55.98,56.78,55.53,56.42999,10901191
1313587800,2011-08-17 09:30,56.73,57.189,56.05,56.5,10481809
1313674200,2011-08-18 09:30,54.67,55.14,53.48,54.07001,23217280
1313760600,2011-08-19 09:30,53.23,54.49001,52.87,52.99001,16993776
1314019800,2011-08-22 09:30,54.11,54.25,52.38,53.09,13008730
1314106200,2011-08-23 09:30,53.24001,54.45,52.82001,54.39999,15574793
1314192600,2011-08-24 09:30,54.37,55.17,53.77,55.00999,11727918
1314279000,2011-08-25 09:30,55.34,55.87,53.36,53.85001,12918160
1314365400,2011-08-26 09:30,53.53,54.78999,52.5,54.64999,16861248
1314624600,2011-08-29 09:30,55.42,56.42,55.27,56.39,8022141
1314711000,2011-08-30 09:30,56.2,56.97,55.45,56.61,10478246
1314797400,2011-08-31 09:30,57.05029,57.46001,56.465,57.22,11908309
1314883800,2011-09-01 09:30,57.06,57.38,56.03,56.25999,12358938
1314970200,2011-09-02 09:30,54.97,55.91,54.78999,54.89999,9480980
1315315800,2011-09-06 09:30,53.17999,54.99001,53.1519,54.78,11734273
1315402200,2011-09-07 09:30,55.66,56.75999,54.82001,56.62,10823469
1315488600,2011-09-08 09:30,56.25,57.02,55.995,56.21001,10736258
1315575000,2011-09-09 09:30,55.64999,56.02,54.2,54.63,13274246
1315834200,2011-09-12 09:30,53.75,54.86,53.62,54.8,12596688
1315920600,2011-09-13 09:30,55,55.16,54.3,54.85001,11294738
1316007000,2011-09-14 09:30,55.21001,55.74001,54.34,55.16,12922773
1316093400,2011-09-15 09:30,55.86,56.28999,55.48,56.23,10275133
1316179800,2011-09-16 09:30,56.35001,56.75,55.57001,56.69,11013801
1316439000,2011-09-19 09:30,55.59,56.08,55.38,55.57001,10210363
1316525400,2011-09-20 09:30,55.57001,56.23,55.34,55.41,9032445
1316611800,2011-09-21 09:30,55.39,55.57001,52.67999,52.75999,14468379
1316698200,2011-09-22 09:30,51.21001,52.37,50.67999,51.42999,15332285
1316784600,2011-09-23 09:30,50.87,51.49001,50.42999,51.28999,14364113
1317043800,2011-09-26 09:30,51.61,52.05,50.92,51.94,8212551
1317130200,2011-09-27 09:30,53.02,53.36,52.14,52.49001,9619695
1317216600,2011-09-28 09:30,52.49001,52.84,51.08,51.17999,7815727
1317303000,2011-09-29 09:30,52.17999,52.24001,51.14999,51.94,7147590
1317389400,2011-09-30 09:30,51.10001,51.92999,50.52,50.57001,9019512
1317648600,2011-10-03 09:30,50.17999,50.92,48.17999,48.19,14392719
1317735000,2011-10-04 09:30,47.60001,50.08,46.7,50.00999,22448464
1317821400,2011-10-05 09:30,50.14999,50.14999,47.67999,49.63,17785888
1317907800,2011-10-06 09:30,49.55,51.06,49.08,51,14341625
1317994200,2011-10-07 09:30,51.28999,51.39999,49.45,49.56,12756883
1318253400,2011-10-10 09:30,50.63,51.95,50.42999,51.95,10483449
1318339800,2011-10-11 09:30,51.53999,51.78,50.77,50.99001,11825527
1318426200,2011-10-12 09:30,51.46001,52.50999,51.00999,51.82001,10793656
1318512600,2011-10-13 09:30,51.55,51.87801,50.49001,51.46001,8153309
1318599000,2011-10-14 09:30,52.00999,52.84,51.85001,52.64999,8252754
1318858200,2011-10-17 09:30,52.42999,52.42999,51.25999,51.44,9317289
1318944600,2011-10-18 09:30,51.42,53.37,51.27,53.14,14140297
1319031000,2011-10-19 09:30,53.05,53.45,52.32001,52.48,8868301
1319117400,2011-10-20 09:30,52.61,52.88,51.61,52.8,8817238
1319203800,2011-10-21 09:30,53.42,54.39,53.31,54.36,10177867
1319463000,2011-10-24 09:30,54.55,55.86,54.24001,55.8,12133848
1319549400,2011-10-25 09:30,55.46001,55.49001,54.71001,54.94,7113480
1319635800,2011-10-26 09:30,55.44,55.62,54.53999,55.45,8169387
1319722200,2011-10-27 09:30,57.07001,58.17999,56.34,57.82001,13544605
1319808600,2011-10-28 09:30,57.05,58.08,57.05,58,9621973
1320067800,2011-10-31 09:30,57.14999,58.075,56.92999,57.24001,9761023
1320154200,2011-11-01 09:30,55.72,56.7,55.27,55.31,19180816
1320240600,2011-11-02 09:30,56.2,56.88,55.53,56.42999,8193625
1320327000,2011-11-03 09:30,57.05,57.32001,55.63,57.07001,10311465
1320413400,2011-11-04 09:30,56.62,56.78999,55.81,56.64,8658766
1320676200,2011-11-07 09:30,56.5,57.34,55.98,56.78,5380469
1320762600,2011-11-08 09:30,56.99001,57.53,55.87,57.46001,10558184
1320849000,2011-11-09 09:30,56.17,56.49001,54.78999,54.88,11114352
1320935400,2011-11-10 09:30,55.60001,55.74001,54.58,54.92999,11025836
1321021800,2011-11-11 09:30,55.69,56.46001,55.24001,56.35001,7448195
1321281000,2011-11-14 09:30,55.89,56.03999,54.97,55.22,6434914
1321367400,2011-11-15 09:30,55.00999,56.08,54.84,55.7,6904883
1321453800,2011-11-16 09:30,55.08,56.03999,55.06,55.17,8388352
1321540200,2011-11-17 09:30,55.06,55.16,53.89,54.17999,9973289
1321626600,2011-11-18 09:30,54.44,54.60001,53.92,54.57001,6609098
1321885800,2011-11-21 09:30,53.57001,53.71001,52.85001,53.13,6026715
1321972200,2011-11-22 09:30,53.08,53.42,52.61,52.98,5615023
1322058600,2011-11-23 09:30,52.42,52.56,51.42,51.42,5860125
1322231400,2011-11-25 09:30,51.23,52.59,51.23,51.60001,2807887
1322490600,2011-11-28 09:30,53.28,53.42,52.41,52.86,6585730
1322577000,2011-11-29 09:30,53.0899,53.0899,52.41,52.71001,5156480
1322663400,2011-11-30 09:30,54.07001,55.21001,53.91499,55.14,10623152
1322749800,2011-12-01 09:30,54.99001,55.09,54.2,54.58,5157059
1322836200,2011-12-02 09:30,55.02,55.56,54.59,54.67,4369355
1323095400,2011-12-05 09:30,55.45,55.7,54.73,55.17999,4134371
1323181800,2011-12-06 09:30,55.05,55.36,54.64999,55.14,5007902
1323268200,2011-12-07 09:30,54.75,55.78999,54.53,55.66,6718625
1323354600,2011-12-08 09:30,55.31,55.49001,54.23,54.33,8026758
1323441000,2011-12-09 09:30,54.64,55.66,54.52,55.41,5869984
1323700200,2011-12-12 09:30,54.9899,54.9899,54.06,54.42,7176848
1323786600,2011-12-13 09:30,54.74001,55.23,53.64,53.94,7737063
1323873000,2011-12-14 09:30,53.66,54.67999,53.50999,54.25,8106531
1323959400,2011-12-15 09:30,54.82001,55.20399,54.49001,54.99001,5899656
1324045800,2011-12-16 09:30,55.33,55.95,55.12,55.45,7465426
1324305000,2011-12-19 09:30,55.75999,55.77,54.75999,54.91,5410754
1324391400,2011-12-20 09:30,55.61,56.67,55.60001,56.57001,7494789
1324477800,2011-12-21 09:30,56.48,56.83,56.2,56.64999,4767555
1324564200,2011-12-22 09:30,56.25999,57.09,56.21001,56.83,6088922
1324650600,2011-12-23 09:30,57.13,57.14999,56.67999,57.11,2507333
1324996200,2011-12-27 09:30,57.06,57.66,56.74001,57.24001,3620178
1325082600,2011-12-28 09:30,57.33,57.42,56.58,56.62,3900868
1325169000,2011-12-29 09:30,56.78,57.22,56.64,57.09,2951860
1325255400,2011-12-30 09:30,57.05,57.465,56.78,56.81,4270004
1325601000,2012-01-03 09:30,57.74001,58.31,56.78,57.16,9054348
1325687400,2012-01-04 09:30,56.98,57.03999,56.28571,56.52,12839117
1325773800,2012-01-05 09:30,56.34,57.03999,56.06,56.92999,6433141
1325860200,2012-01-06 09:30,57.10001,57.25,56.5699,56.83,4222109
1326119400,2012-01-09 09:30,56.92999,57.03999,56.53,56.67,4740078
1326205800,2012-01-10 09:30,57.25999,57.59,57.21001,57.3,4973984
1326292200,2012-01-11 09:30,57.14999,57.89,57.08,57.81,3815357
1326378600,2012-01-12 09:30,57.78999,57.88,57.12,57.42999,5969320
1326465000,2012-01-13 09:30,57.16,57.7,56.95,57.69,5269492
1326810600,2012-01-17 09:30,58.22,58.42,57.83,57.985,3982014
1326897000,2012-01-18 09:30,58.05,58.565,57.89999,58.36,4770883
1326983400,2012-01-19 09:30,58.52,58.91,58.36,58.73,4668961
1327069800,2012-01-20 09:30,58.67,59.05,58.42999,59.00999,4834855
1327329000,2012-01-23 09:30,59.12,59.45,58.85001,59.19,4905969
1327415400,2012-01-24 09:30,58.85001,59.58,58.78999,59.52,3991551
1327501800,2012-01-25 09:30,59.45,60.37,59.27,60.28,6738797
1327588200,2012-01-26 09:30,60.55,61.0199,60.44,60.63,10459063
1327674600,2012-01-27 09:30,60.46001,60.92,60.24001,60.78,4895988
1327933800,2012-01-30 09:30,60.25999,60.371,59.97,60.25,4588805
1328020200,2012-01-31 09:30,60.53999,60.63,60.12,60.56,4973426
1328106600,2012-02-01 09:30,61.00999,61.12,60.73,61.00999,4513691
1328193000,2012-02-02 09:30,61.07001,61.185,60.85001,61.14,3503659
1328279400,2012-02-03 09:30,61.8,62.03999,61.45,62.02,7577883
1328538600,2012-02-06 09:30,61.88,62,61.5,61.72,3970076
1328625000,2012-02-07 09:30,61.62,61.82001,61.42999,61.67,3224852
1328711400,2012-02-08 09:30,61.67,61.84,61.2,61.71001,4331043
1328797800,2012-02-09 09:30,61.63,61.82001,60.91,61.25999,4309891
1328884200,2012-02-10 09:30,60.64999,61.09,60.57001,60.75,3688690
1329143400,2012-02-13 09:30,61.28,61.53,61.02,61.44,4356191
1329229800,2012-02-14 09:30,61.39,61.41,60.47,60.83,4864344
1329316200,2012-02-15 09:30,60.98,61.03011,60.30499,60.53,5679352
1329402600,2012-02-16 09:30,60.46001,61.16,60.46001,61.03,5054578
1329489000,2012-02-17 09:30,61.23,61.33,60.74001,61.13,6292664
1329834600,2012-02-21 09:30,61.24001,61.24001,60.14999,60.37,6633000
1329921000,2012-02-22 09:30,60.2,60.52,59.81,59.88,7764133
1330007400,2012-02-23 09:30,59.94,61.10001,59.83,60.58,5679777
1330093800,2012-02-24 09:30,60.75,60.89999,60.35001,60.75,3372846
1330353000,2012-02-27 09:30,60.31,60.78,59.89999,60.67999,6416211
1330439400,2012-02-28 09:30,60.7,60.81,60.0795,60.22,4905441
1330525800,2012-02-29 09:30,60.31,60.67999,59.98,60.14,7484891
1330612200,2012-03-01 09:30,60.31,60.55,60.12,60.46001,6113027
1330698600,2012-03-02 09:30,60.23,60.7,60.23,60.44,4189574
1330957800,2012-03-05 09:30,60.36,60.955,60.17999,60.92999,4755680
1331044200,2012-03-06 09:30,60.34,60.69,60.00999,60.11,6241531
1331130600,2012-03-07 09:30,60.28999,60.44,59.77,60.37,4925340
1331217000,2012-03-08 09:30,60.49001,60.62,60.035,60.23,6409418
1331303400,2012-03-09 09:30,60.2,60.69,60.10001,60.50999,5175500
1331559000,2012-03-12 09:30,60.55,61.05,60.55,60.92999,8116148
1331645400,2012-03-13 09:30,61.28999,62.14999,61.14999,62.02,9653246
1331731800,2012-03-14 09:30,62.09,62.34,61.53999,61.87,8735500
1331818200,2012-03-15 09:30,61.99001,62.03999,61.62,61.83,5474180
1331904600,2012-03-16 09:30,61.99001,62.22,61.84,62.2,7661953
1332163800,2012-03-19 09:30,62.14,62.81,61.96001,62.57001,7038348
1332250200,2012-03-20 09:30,62.25,62.6057,62.16,62.42,7067969
1332336600,2012-03-21 09:30,62.53,62.61,62.28,62.28,3499003
1332423000,2012-03-22 09:30,61.91,61.92,61.13,61.53999,7378102
1332509400,2012-03-23 09:30,61.42,62.06,61.23,61.78999,4911211
1332768600,2012-03-26 09:30,61.75,62.02,61.505,61.89,4056205
1332855000,2012-03-27 09:30,61.85001,62.25,61.75999,61.86,4415227
1332941400,2012-03-28 09:30,61.85001,61.89,61.19,61.72,3666253
1333027800,2012-03-29 09:30,61.42999,61.84,61.05,61.78,4231875
1333114200,2012-03-30 09:30,62,62.41,61.95,62.3,5252805
1333373400,2012-04-02 09:30,62.25,62.77,62.13,62.7,5359984
1333459800,2012-04-03 09:30,62.60001,62.75,62.17,62.41,4991484
1333546200,2012-04-04 09:30,62,62.03,61.515,61.78,5838727
1333632600,2012-04-05 09:30,61.61,61.82001,61.325,61.50999,5302586
1333978200,2012-04-09 09:30,60.7,61.17,60.55,60.92,3511765
1334064600,2012-04-10 09:30,60.83,61.09,59.64,59.74001,9535141
1334151000,2012-04-11 09:30,60.25,60.5,60,60.45,5351492
1334237400,2012-04-12 09:30,60.59,61.34,60.34,61.31,6803199
1334323800,2012-04-13 09:30,61.21001,61.36,60.83,60.99001,5199063
1334583000,2012-04-16 09:30,61.33,62.05499,61.16499,61.7,7840453
1334669400,2012-04-17 09:30,62.14,62.49001,61.59,62.23,7614703
1334755800,2012-04-18 09:30,62,62.23,61.86,61.89999,3587807
1334842200,2012-04-19 09:30,61.94,62.23,61.57001,61.87,5951039
1334928600,2012-04-20 09:30,62.17999,62.785,62.02,62.52,6339043
1335187800,2012-04-23 09:30,62.07001,62.09,61.49001,61.94,5196328
1335274200,2012-04-24 09:30,61.87,62.75999,61.87,62.73,6723563
1335360600,2012-04-25 09:30,63.08,63.47,63.03,63.42,6836730
1335447000,2012-04-26 09:30,63.24001,63.75999,63.14999,63.69,5822480
1335533400,2012-04-27 09:30,63.91,64.12,63.47,64,5728176
1335792600,2012-04-30 09:30,63.89,64.06,63.47,63.91,5658551
1335879000,2012-05-01 09:30,63.85001,64.87,63.81,64.47,7777410
1335965400,2012-05-02 09:30,64.14999,64.52,63.83,64.37,5012887
1336051800,2012-05-03 09:30,64.53,64.78,64.14999,64.14999,5842133
1336138200,2012-05-04 09:30,64,64.02,63.48,63.66,4721055
1336397400,2012-05-07 09:30,63.52,64.2,63.38,64.02,5858883
1336483800,2012-05-08 09:30,63.66,64.02,63.34,63.96001,4987852
1336570200,2012-05-09 09:30,63.39,64.17999,63.24001,63.81,7069328
1336656600,2012-05-10 09:30,64.22,64.23,63.46001,63.75,8529484
1336743000,2012-05-11 09:30,63.48,64.21001,63.33,64.02,5601680
1337002200,2012-05-14 09:30,63.41,63.75999,63.17,63.24001,7658336
1337088600,2012-05-15 09:30,63.3,63.3,62.74001,62.92999,6046305
1337175000,2012-05-16 09:30,63.17,63.2,62.14999,62.16,6404016
1337261400,2012-05-17 09:30,62.10001,62.24001,60.44,60.44,14643473
1337347800,2012-05-18 09:30,60.64,60.92,59.64999,59.82001,11241035
1337607000,2012-05-21 09:30,59.87,61.2,59.86,61.05,9739559
1337693400,2012-05-22 09:30,61.14999,61.58,60.92999,61.17999,6857961
1337779800,2012-05-23 09:30,60.92999,61.5,60.28,61.44,6889336
1337866200,2012-05-24 09:30,61.58,61.96001,60.98,61.63,5218109
1337952600,2012-05-25 09:30,61.67,61.86,61.23,61.45,4495734
1338298200,2012-05-29 09:30,61.92,62.3,61.63,62.28999,5856891
1338384600,2012-05-30 09:30,61.78,61.87,60.83,60.84,11691719
1338471000,2012-05-31 09:30,60.91,61.67999,60.30991,61.22,7653211
1338557400,2012-06-01 09:30,60.25999,60.52,59.59,59.67,9818582
1338816600,2012-06-04 09:30,59.69,59.84,58.88,59.25,8009727
1338903000,2012-06-05 09:30,59.05,60.56,59.03999,60.41499,9490695
1338989400,2012-06-06 09:30,60.78999,61.73,60.66,61.71001,9097785
1339075800,2012-06-07 09:30,62.35001,62.46001,61.25999,61.41,8512867
1339162200,2012-06-08 09:30,61.34,62.17999,61.21001,62.17999,6425348
1339421400,2012-06-11 09:30,62.71001,62.8,60.88,60.96001,10317824
1339507800,2012-06-12 09:30,61.17,61.653,60.69,61.53101,9346012
1339594200,2012-06-13 09:30,61.33,61.97,60.99001,61.24001,6322848
1339680600,2012-06-14 09:30,61.39999,62.32001,61.23,62.07001,8260898
1339767000,2012-06-15 09:30,62.35001,62.53999,61.96001,62.46001,6536703
1340026200,2012-06-18 09:30,62.10001,63.22,62.10001,62.95,7202895
1340112600,2012-06-19 09:30,62.73,63.07001,62.24001,62.69,7039637
1340199000,2012-06-20 09:30,62.75,62.89,62.25999,62.61,8411449
1340285400,2012-06-21 09:30,62.69,62.81,61.55,61.625,8897949
1340371800,2012-06-22 09:30,61.92999,62.05,61.28999,61.67999,6191324
1340631000,2012-06-25 09:30,61,61.49001,60.92,61.34,7217422
1340717400,2012-06-26 09:30,61.52,61.86,61.14999,61.61,6527555
1340803800,2012-06-27 09:30,61.75,62.05,61.5,62,7841227
1340890200,2012-06-28 09:30,61.7,62.59,61.39,62.52,7067664
1340976600,2012-06-29 09:30,63.52,64.03,63.35001,63.935,10343168
1341235800,2012-07-02 09:30,64.28,64.66,63.89999,64.62,6105328
1341322200,2012-07-03 09:30,64.84,65.19,64.59,64.98,4649387
1341495000,2012-07-05 09:30,64.92,65.09,64.5,64.67999,4715594
1341581400,2012-07-06 09:30,64.22,64.8801,64.05009,64.77,3931455
1341840600,2012-07-09 09:30,64.82001,64.95,64.5,64.89999,5400555
1341927000,2012-07-10 09:30,65.10001,65.17999,63.8,64.13,10502293
1342013400,2012-07-11 09:30,64.13,64.39999,63.78,64.23,8812047
1342099800,2012-07-12 09:30,63.78999,64.7755,63.67,64.50999,11274730
1342186200,2012-07-13 09:30,64.59,65.32001,64.55,65.21001,5033070
1342445400,2012-07-16 09:30,65.11,65.57001,65.10001,65.46001,5701461
1342531800,2012-07-17 09:30,65.63,66.21001,65.17999,66.00999,7503914
1342618200,2012-07-18 09:30,65.78999,65.89999,65.265,65.5,6566957
1342704600,2012-07-19 09:30,65.67,65.67999,64.50999,64.95,7554145
1342791000,2012-07-20 09:30,64.57001,64.89,64.39,64.73,6163691
1343050200,2012-07-23 09:30,63.99001,64.48,63.85001,64.34,5483945
1343136600,2012-07-24 09:30,64.42,64.55,63.69,64.08,6932070
1343223000,2012-07-25 09:30,64.34,64.44,63.73,64.07001,3505650
1343309400,2012-07-26 09:30,64.71001,65.13,64.28,64.59,5363199
1343395800,2012-07-27 09:30,64.8,65.74001,64.8,65.32001,5330434
1343655000,2012-07-30 09:30,65.3,65.75999,65.231,65.5,4587438
1343741400,2012-07-31 09:30,65.53999,65.64999,65.22,65.42999,6167441
1343827800,2012-08-01 09:30,65.72,66.10001,65.21001,65.24001,5236199
1343914200,2012-08-02 09:30,64.95,65.32001,64.71001,65.31,5980746
1344000600,2012-08-03 09:30,65.86,66.09,65.67999,65.78999,5105344
1344259800,2012-08-06 09:30,65.96001,66.13,65.57001,65.60001,4039274
1344346200,2012-08-07 09:30,65.74001,65.75,64.83,64.92,5955918
1344432600,2012-08-08 09:30,64.67,64.77,64.28999,64.53,5618316
1344519000,2012-08-09 09:30,64.47,64.7511,64.25999,64.34,4924746
1344605400,2012-08-10 09:30,64.34,64.52,64.2,64.48,2794472
1344864600,2012-08-13 09:30,64.46001,64.61,64.17,64.46001,3482065
1344951000,2012-08-14 09:30,64.69,64.74001,64.33,64.42999,3634029
1345037400,2012-08-15 09:30,64.41,64.81,64.35001,64.61,2981238
1345123800,2012-08-16 09:30,64.67999,65.10001,64.375,65.08,7335434
1345210200,2012-08-17 09:30,65.08,65.19,64.87,65.05,6843637
1345469400,2012-08-20 09:30,65.09,65.17999,64.59,65,5358668
1345555800,2012-08-21 09:30,65.12,65.28,64.89,65,3672252
1345642200,2012-08-22 09:30,64.88,65,64.33,64.94,4938070
1345728600,2012-08-23 09:30,64.89999,65.03,64.59,64.77,4522641
1345815000,2012-08-24 09:30,64.64999,65.14999,64.53,65.02,4141207
1346074200,2012-08-27 09:30,65.19,65.31,64.87,65.16,2892797
1346160600,2012-08-28 09:30,65.14999,65.46001,64.88,65.42,4204594
1346247000,2012-08-29 09:30,65.49001,65.58,65.25999,65.44,3326710
1346333400,2012-08-30 09:30,65.19,65.41,65.06,65.37,4427625
1346419800,2012-08-31 09:30,65.59,65.64999,65,65.63,4483727
1346765400,2012-09-04 09:30,65.50999,66.02,65.08,65.96001,10329141
1346851800,2012-09-05 09:30,65.99001,66.05,65.57001,65.92,7340246
1346938200,2012-09-06 09:30,66.23,66.45,66.14,66.44,6484824
1347024600,2012-09-07 09:30,66.52,66.67999,66.33,66.56,5809266
1347283800,2012-09-10 09:30,66.5,66.5,66.00999,66.13,5922035
1347370200,2012-09-11 09:30,66.12,66.42,66,66.39,5950820
1347456600,2012-09-12 09:30,66.5,66.64011,66.24001,66.64,6642910
1347543000,2012-09-13 09:30,66.69,67.55,66.53999,67.45,9462270
1347629400,2012-09-14 09:30,67.55,68.25999,67.55,67.8,8620367
1347888600,2012-09-17 09:30,67.78999,68.03,67.39,67.48,4141871
1347975000,2012-09-18 09:30,67.3,67.36,66.71001,66.89999,8756766
1348061400,2012-09-19 09:30,66.92,67.02,66.57001,66.59,6769074
1348147800,2012-09-20 09:30,66.25,66.25999,65.56,65.81,14539180
1348234200,2012-09-21 09:30,66.02,66.03,65.75,65.795,11144070
1348493400,2012-09-24 09:30,65.47,66.03999,65.45,65.72,10626574
1348579800,2012-09-25 09:30,65.36,65.39,64.21001,64.24001,8618938
1348666200,2012-09-26 09:30,64.13,64.53999,64.05,64.175,10239063
1348752600,2012-09-27 09:30,64.34,64.82001,64.21989,64.53,6640094
1348839000,2012-09-28 09:30,64.28,64.63,63.99001,64.38,9810738
1349098200,2012-10-01 09:30,64.5,64.61031,63.39999,63.92,9354941
1349184600,2012-10-02 09:30,64.03999,64.46001,63.94,64.46001,9011742
1349271000,2012-10-03 09:30,64.46001,65.09,64.37,64.64999,8689957
1349357400,2012-10-04 09:30,64.84,65,64.26199,64.41,8886918
1349443800,2012-10-05 09:30,64.67999,64.94,64.39999,64.69,7699914
1349703000,2012-10-08 09:30,64.36,64.48,64.2,64.42,4928438
1349789400,2012-10-09 09:30,64.46001,64.7215,64.07001,64.14,6859191
1349875800,2012-10-10 09:30,64.11,64.39,63.94501,64.22,7026598
1349962200,2012-10-11 09:30,64.38,64.59,64.17,64.23,8131746
1350048600,2012-10-12 09:30,64.2,64.5,63.85001,63.95,5995281
1350307800,2012-10-15 09:30,63.96001,64.39999,63.48,64.38,5997969
1350394200,2012-10-16 09:30,64.57001,64.78,64.50999,64.67999,6872715
1350480600,2012-10-17 09:30,64.46001,64.85001,64.27,64.78,9204660
1350567000,2012-10-18 09:30,64.69,65.42,64.66,65.39,8149035
1350653400,2012-10-19 09:30,65.42,65.56,64.72,64.78,8886910
1350912600,2012-10-22 09:30,64.72,64.78,64.14999,64.55,6018734
1350999000,2012-10-23 09:30,64.0399,64.17999,63.45,63.9006,6985594
1351085400,2012-10-24 09:30,64.05,64.25999,63.69,63.94,4587844
1351171800,2012-10-25 09:30,64.2,64.44,63.0775,63.66,7451648
1351258200,2012-10-26 09:30,63.63,63.67999,62.86,63.28999,9136941
1351690200,2012-10-31 09:30,63.55,64.03,63.32001,64,9157148
1351776600,2012-11-01 09:30,64.02,64.37,63.75,64.07001,12937438
1351863000,2012-11-02 09:30,64.42999,64.91,64.41,64.49969,8886297
1352125800,2012-11-05 09:30,64.47,64.50999,63.62,64.02,10212574
1352212200,2012-11-06 09:30,64.27,64.2935,63.77,64.16,5427984
1352298600,2012-11-07 09:30,63.71001,64.14,63.47,63.84,10656203
1352385000,2012-11-08 09:30,63.81,63.87669,63.14,63.19,9477305
1352471400,2012-11-09 09:30,62.92,63.45039,62.69,62.98,9951984
1352730600,2012-11-12 09:30,63.14999,63.19,62.705,62.88,5452402
1352817000,2012-11-13 09:30,62.55,63.0499,62.47,62.67999,6952934
1352903400,2012-11-14 09:30,62.88,62.88,61.23,61.46001,15786309
1352989800,2012-11-15 09:30,61.39999,61.82001,60.84,61.19,15085738
1353076200,2012-11-16 09:30,61.33501,61.95,61.0399,61.89,13806566
1353335400,2012-11-19 09:30,62.50999,62.75999,62.19,62.47,12087133
1353421800,2012-11-20 09:30,62.56,62.86,62.17,62.86,12749609
1353508200,2012-11-21 09:30,62.78,63.06,62.47,62.82001,5904715
1353681000,2012-11-23 09:30,63.06,63.35001,62.85001,63.33,3249016
1353940200,2012-11-26 09:30,63.12,63.77,62.92999,63.42,16980832
1354026600,2012-11-27 09:30,62.94,63.59,62.53999,63.08,22289856
1354113000,2012-11-28 09:30,62.89999,63.09,62.39999,62.97,12290699
1354199400,2012-11-29 09:30,63.34,63.42999,62.87,63.3788,15870285
1354285800,2012-11-30 09:30,63.36,63.8,63.36,63.63,10611809
1354545000,2012-12-03 09:30,63.92999,64.12,63.60001,63.81,9577031
1354631400,2012-12-04 09:30,63.75,64.14999,63.61,63.73,12665844
1354717800,2012-12-05 09:30,63.92,63.97,63.24001,63.56,10757820
1354804200,2012-12-06 09:30,63.69,64.13,63.5,64.12,8008000
1354890600,2012-12-07 09:30,64.22,64.39,64.11,64.38,13072559
1355149800,2012-12-10 09:30,64.45,64.67999,64.27,64.38,8718992
1355236200,2012-12-11 09:30,64.64,64.75999,64.39,64.46001,6063379
1355322600,2012-12-12 09:30,64.63,64.75999,64.13,64.42,6418953
1355409000,2012-12-13 09:30,64.46001,64.46001,63.755,63.99001,9581621
1355495400,2012-12-14 09:30,63.98,63.99001,63.735,63.91,7085168
1355754600,2012-12-17 09:30,64.2,64.34,63.92,64.31,12634695
1355841000,2012-12-18 09:30,64.36,65.24001,64.3,64.9698,26053456
1355927400,2012-12-19 09:30,64.42,64.50999,64.03,64.09,8134789
1356013800,2012-12-20 09:30,64.16,64.84,64.02,64.82001,11100785
1356100200,2012-12-21 09:30,64.12,64.8,64.12,64.62,10638695
1356359400,2012-12-24 09:30,64.57001,64.87,64.32001,64.71001,6645316
1356532200,2012-12-26 09:30,64.78,64.78,64.2233,64.39,5901668
1356618600,2012-12-27 09:30,64.45,64.72,63.81,64.47,8055383
1356705000,2012-12-28 09:30,64.28,64.6499,64.03,64.08,3957251
1356964200,2012-12-31 09:30,64.05,64.73,63.88,64.67,7477859
1357137000,2013-01-02 09:30,65.63,65.89,65.285,65.72,12173434
1357223400,2013-01-03 09:30,65.69,65.98,65.57001,65.72,13888141
1357309800,2013-01-04 09:30,65.88,66.145,65.64,66.12,14123305
1357569000,2013-01-07 09:30,66.03999,66.24001,65.89,66.22,6133531
1357655400,2013-01-08 09:30,66.10001,66.28,65.89999,66.09,5438539
1357741800,2013-01-09 09:30,66.23,66.42999,66.13,66.34,5562293
1357828200,2013-01-10 09:30,66.7,66.7,66.27,66.5,6132656
1357914600,2013-01-11 09:30,66.5,66.67,66.25999,66.49001,3889094
1358173800,2013-01-14 09:30,66.60001,66.67999,66.39999,66.59,5420324
1358260200,2013-01-15 09:30,66.49001,66.96899,66.37,66.89999,6783746
1358346600,2013-01-16 09:30,66.77,66.85001,66.59,66.83,5175965
1358433000,2013-01-17 09:30,67.06,67.17999,66.3333,66.98,5652363
1358519400,2013-01-18 09:30,67.37,67.42999,66.92999,67.38,17259584
1358865000,2013-01-22 09:30,67.41,67.72,67.35001,67.72,7006719
1358951400,2013-01-23 09:30,67.72,67.86,67.515,67.73,4036525
1359037800,2013-01-24 09:30,67.81,68.0399,67.62,67.81,6017301
1359124200,2013-01-25 09:30,68.06,68.14,67.75999,68.09,6291016
1359383400,2013-01-28 09:30,68.3,68.3,67.88,68.16,7967039
1359469800,2013-01-29 09:30,68.06,68.31,68.06,68.28999,4723141
1359556200,2013-01-30 09:30,68.13,68.31,67.55,67.66,7716590
1359642600,2013-01-31 09:30,67.64999,67.66,67.17,67.27,8189527
1359729000,2013-02-01 09:30,67.63,67.85001,67.39999,67.72,11330441
1359988200,2013-02-04 09:30,67.48,67.78999,67.32001,67.58,14185133
1360074600,2013-02-05 09:30,67.75,67.84,67.41,67.49001,6245883
1360161000,2013-02-06 09:30,67.32001,67.7,67.19,67.61,4489492
1360247400,2013-02-07 09:30,67.81,67.84,67.14999,67.28999,8388242
1360333800,2013-02-08 09:30,67.42,67.98,67.42,67.96001,8139508
1360593000,2013-02-11 09:30,67.86,68.05499,67.86,68.03,6097008
1360679400,2013-02-12 09:30,68.12,68.42999,67.97,68.42999,7218543
1360765800,2013-02-13 09:30,68.55,68.64,68.21001,68.39999,4418324
1360852200,2013-02-14 09:30,68.39,68.39,68.07001,68.13,4100309
1360938600,2013-02-15 09:30,68.2,68.248,67.95,68.21001,6449777
1361284200,2013-02-19 09:30,68.42999,68.69,68.27499,68.67999,12186996
1361370600,2013-02-20 09:30,68.64999,68.88,68.10001,68.10001,9973539
1361457000,2013-02-21 09:30,67.96001,68.08,67.39999,67.57001,13125215
1361543400,2013-02-22 09:30,67.84,68.14999,67.78999,68.14999,6630578
1361802600,2013-02-25 09:30,68.32001,68.46001,66.99001,67,9208152
1361889000,2013-02-26 09:30,67.33,67.67,67,67.59,7439137
1361975400,2013-02-27 09:30,67.59,68.42,67.45,68.11,7675172
1362061800,2013-02-28 09:30,68.10001,68.44,67.97,68.12,7917770
1362148200,2013-03-01 09:30,67.85001,68.33,67.59,68.25,11331246
1362407400,2013-03-04 09:30,68.12,68.91,68.12,68.75999,9589652
1362493800,2013-03-05 09:30,69.12,69.42,68.77,69.28999,6176992
1362580200,2013-03-06 09:30,69.42999,69.55,68.82001,69.03,11622371
1362666600,2013-03-07 09:30,69.14,69.23,68.69,68.78,6954547
1362753000,2013-03-08 09:30,69.07001,69.13,68.44,68.82001,6934203
1363008600,2013-03-11 09:30,68.97,69.09,68.63499,69.09,11877828
1363095000,2013-03-12 09:30,69.08,69.09,68.67999,68.84,6247258
1363181400,2013-03-13 09:30,68.82001,69,68.56,68.86,6189660
1363267800,2013-03-14 09:30,68.95,69.3176,68.86,69.23,10380113
1363354200,2013-03-15 09:30,69.14,69.28999,68.86,69.25999,7085039
1363613400,2013-03-18 09:30,68.64999,69.09,68.64999,69.07001,17335520
1363699800,2013-03-19 09:30,69.07001,69.14,68.23,68.58,8311355
1363786200,2013-03-20 09:30,68.98,68.99001,68.63499,68.98,9476840
1363872600,2013-03-21 09:30,68.69,69.22,68.69,68.75,4806945
1363959000,2013-03-22 09:30,68.99001,69.25999,68.85001,69.17,5176574
1364218200,2013-03-25 09:30,68.92999,68.995,68.41,68.53999,10970387
1364304600,2013-03-26 09:30,68.63,69.11,68.63,69.05,8878988
1364391000,2013-03-27 09:30,68.82001,69.21001,68.67999,69.16,5747727
1364477400,2013-03-28 09:30,69.25999,69.55,69.03,69.48,10163613
1364823000,2013-04-01 09:30,69.50999,69.7,69.16,69.7,10676051
1364909400,2013-04-02 09:30,69.96001,70.12,69.72,69.88,7683773
1364995800,2013-04-03 09:30,70.11,70.11,69.2773,69.50999,5906602
1365082200,2013-04-04 09:30,69.59,70.61,69.48,70.53,15045707
1365168600,2013-04-05 09:30,69.89,70.72,69.75,70.72,9219301
1365427800,2013-04-08 09:30,70.73,71.45,70.47,71.38,9494660
1365514200,2013-04-09 09:30,71.48,71.6499,71.00999,71.41,6504500
1365600600,2013-04-10 09:30,71.57001,71.94,71.44,71.83,5585820
1365687000,2013-04-11 09:30,71.89999,72.53,71.84,72.17999,11137055
1365773400,2013-04-12 09:30,72.08,72.60001,71.98,72.60001,6908387
1366032600,2013-04-15 09:30,72.10001,72.25,70.78999,70.78999,10229488
1366119000,2013-04-16 09:30,71.2,71.95,70.8,71.91,6787031
1366205400,2013-04-17 09:30,71.63,71.658,70.57001,71.03999,8952684
1366291800,2013-04-18 09:30,71.08,71.17999,70.63,71.03999,16557871
1366378200,2013-04-19 09:30,71.44,71.98,71.03,71.86,16957552
1366637400,2013-04-22 09:30,71.97,72.14,71.48199,71.96001,5361855
1366723800,2013-04-23 09:30,72.22,72.5,71.85001,72.38,6059488
1366810200,2013-04-24 09:30,72.58,72.62,72.21001,72.61,5242074
1366896600,2013-04-25 09:30,72.485,72.795,71.99001,72.52,8899832
1366983000,2013-04-26 09:30,72.41,72.7,72.14,72.19,4196211
1367242200,2013-04-29 09:30,72.42999,72.77,72.2,72.75,4371594
1367328600,2013-04-30 09:30,72.75,73.49001,72.57001,73.46001,7901074
1367415000,2013-05-01 09:30,73.44,73.5,72.75999,72.96001,19735264
1367501400,2013-05-02 09:30,72.94,73.50999,72.92999,73.24001,4746648
1367587800,2013-05-03 09:30,73.60001,73.77,73.14999,73.3,6804281
1367847000,2013-05-06 09:30,73.35001,73.66499,73.3,73.59,4539215
1367933400,2013-05-07 09:30,73.88,74.05,73.49001,74.02,7326406
1368019800,2013-05-08 09:30,73.89999,74.31,73.78999,74.2,5550453
1368106200,2013-05-09 09:30,74.2,74.25,73.60001,73.82001,12540887
1368192600,2013-05-10 09:30,74,74,73.64999,73.84,4807496
1368451800,2013-05-13 09:30,73.84,74.03,73.64999,73.95,5141438
1368538200,2013-05-14 09:30,74.03,74.49001,74.03,74.34,6114484
1368624600,2013-05-15 09:30,74.34,75.00999,73.97501,75,12938844
1368711000,2013-05-16 09:30,74.94,75.17,74.47501,74.75999,11084055
1368797400,2013-05-17 09:30,74.89999,75.24001,74.69,75.23,11377711
1369056600,2013-05-20 09:30,75.23,75.35001,74.92999,75.19,6559953
1369143000,2013-05-21 09:30,75.39999,75.69,75.33,75.53999,5619379
1369229400,2013-05-22 09:30,75.64,76.21001,73.32899,73.67,26254208
1369315800,2013-05-23 09:30,73.08,73.08,72.03,72.64,17882272
1369402200,2013-05-24 09:30,72.39999,72.46001,71.61,72.36,11803961
1369747800,2013-05-28 09:30,73.06,73.22,71.2,71.64,15416660
1369834200,2013-05-29 09:30,71.11,71.14999,69.25,70.21001,23698416
1369920600,2013-05-30 09:30,70.21001,70.7,69.46001,69.53999,13778523
1370007000,2013-05-31 09:30,69.25,70.03999,68.66,68.69,20832352
1370266200,2013-06-03 09:30,68.71001,69.34,68.06,68.86,25224064
1370352600,2013-06-04 09:30,68.87,69.11,68.05,68.06,17821328
1370439000,2013-06-05 09:30,68.11,68.31,67.21001,67.33,19959504
1370525400,2013-06-06 09:30,67.28,68.64999,67.02,68.59,21649840
1370611800,2013-06-07 09:30,68.77,68.83,67.645,68.55,16045809
1370871000,2013-06-10 09:30,68.63,68.78999,67.78,67.95,17666096
1370957400,2013-06-11 09:30,67.33,67.66,66.87199,66.91,17775712
1371043800,2013-06-12 09:30,67.41,67.42999,65.77,65.92999,16537746
1371130200,2013-06-13 09:30,65.84,68.12,65.78999,67.94,21084944
1371216600,2013-06-14 09:30,67.89999,68.98,67.74001,68.11,13991367
1371475800,2013-06-17 09:30,68.42999,68.84,67.74001,68.2,10786098
1371562200,2013-06-18 09:30,68.25,68.88,67.87,68.31,14319086
1371648600,2013-06-19 09:30,68.47,68.67,66.13,66.25999,34471408
1371735000,2013-06-20 09:30,65.49001,65.77,63.38,63.67,31603120
1371821400,2013-06-21 09:30,64.22,65.09,63.30991,64.42,24106768
1372080600,2013-06-24 09:30,63.49001,65.42999,62.71001,64.00999,30134048
1372167000,2013-06-25 09:30,64.67999,65.53,64.16,65.19,18040496
1372253400,2013-06-26 09:30,65.25999,65.77,65.09,65.55,16898400
1372339800,2013-06-27 09:30,66.00999,66.84,65.85001,66.72,13893738
1372426200,2013-06-28 09:30,66.45,66.89,65.91499,66.42999,12025102
1372685400,2013-07-01 09:30,66.57001,67.03999,65.95,66.08,14941090
1372771800,2013-07-02 09:30,65.98,67.10001,65.92,66.85001,12520391
1372858200,2013-07-03 09:30,66.75,67,65.67,66.56,8076434
1373031000,2013-07-05 09:30,66.41,66.45,64.6199,65.86,16119660
1373290200,2013-07-08 09:30,66.02,67.10001,66.02,66.12,6957992
1373376600,2013-07-09 09:30,66.57001,67.24001,66.2,66.96001,9422371
1373463000,2013-07-10 09:30,66.81,67.23,66.53999,66.96001,10060109
1373549400,2013-07-11 09:30,67.94,68.86,67.86,68.81,16742004
1373635800,2013-07-12 09:30,68.89999,68.94,68.12,68.36,10555520
1373895000,2013-07-15 09:30,68.24001,68.73,68.17999,68.61,6986254
1373981400,2013-07-16 09:30,68.42999,68.84,68.32001,68.5,6890973
1374067800,2013-07-17 09:30,68.78,68.92,68.36,68.86,14463715
1374154200,2013-07-18 09:30,68.81,69.36,68.77,69.28999,7177199
1374240600,2013-07-19 09:30,69.23,69.42,68.95,69.22,7702086
1374499800,2013-07-22 09:30,69.25,69.48,69.03999,69.42,4684688
1374586200,2013-07-23 09:30,69.60001,69.60001,69.06509,69.39,4929949
1374672600,2013-07-24 09:30,69.47,69.53,67.53,68.03999,13685805
1374759000,2013-07-25 09:30,67.92999,68.08,67.52499,67.96001,10019398
1374845400,2013-07-26 09:30,67.78,68.17999,67.53,68.14,5576914
1375104600,2013-07-29 09:30,68.03,68.21001,67.49001,67.60001,6999910
1375191000,2013-07-30 09:30,67.75,68.3,67.34,67.52,6200367
1375277400,2013-07-31 09:30,67.33,67.67999,66,66.59,17579920
1375363800,2013-08-01 09:30,66.86,66.95,66.17999,66.22,12801699
1375450200,2013-08-02 09:30,66.56,66.82001,65.925,65.92999,16858416
1375709400,2013-08-05 09:30,65.89999,66.19,65.7,65.89,5471918
1375795800,2013-08-06 09:30,65.78999,66.14,65.495,65.66,5899898
1375882200,2013-08-07 09:30,65.66,65.66,65.08099,65.39,6218305
1375968600,2013-08-08 09:30,65.55,65.7,65.12,65.45,6905402
1376055000,2013-08-09 09:30,65.28999,66.41,65.2,66.07001,6246988
1376314200,2013-08-12 09:30,65.92999,65.94501,65.33099,65.53,8186895
1376400600,2013-08-13 09:30,65.60001,65.64999,64.44,64.63,10889301
1376487000,2013-08-14 09:30,64.5,64.85001,64.37,64.49001,13474156
1376573400,2013-08-15 09:30,63.83,63.85001,63.02,63.27,17106096
1376659800,2013-08-16 09:30,63.00999,63.24001,61.78999,61.81,22159152
1376919000,2013-08-19 09:30,61.66,61.88,60.92,60.97,15340824
1377005400,2013-08-20 09:30,61.28,62.71001,61.24001,62.39999,20077984
1377091800,2013-08-21 09:30,61.97,63.21001,61.58,62.27,19770576
1377178200,2013-08-22 09:30,62.47,62.64999,61.94,62.62,15039641
1377264600,2013-08-23 09:30,62.73,63.36,62.42999,63.35001,9662348
1377523800,2013-08-26 09:30,63.46001,63.48,63.00999,63.11,5530863
1377610200,2013-08-27 09:30,62.67,63.25,62.53,62.92,7909063
1377696600,2013-08-28 09:30,62.78,62.92999,62.45,62.62,5761688
1377783000,2013-08-29 09:30,62.42999,62.77,62.11,62.72,4663621
1377869400,2013-08-30 09:30,62.75,63.11,62.11,62.24001,6533719
1378215000,2013-09-03 09:30,62.71001,62.86,61.25,61.72,12854500
1378301400,2013-09-04 09:30,61.71001,62.48,61.52,62.16,11140203
1378387800,2013-09-05 09:30,62.09,62.23,61.58,61.63,7406660
1378474200,2013-09-06 09:30,62.46001,63.21001,62.39,62.75999,12815109
1378733400,2013-09-09 09:30,63.06,64,62.77,64,11123867
1378819800,2013-09-10 09:30,64.12,64.23,63.52,63.92,8888996
1378906200,2013-09-11 09:30,63.84,64.36,63.84,64.355,9867738
1378992600,2013-09-12 09:30,64.56,64.74001,63.86,63.94501,9121320
1379079000,2013-09-13 09:30,64.09,64.27,63.86,64.09,8045977
1379338200,2013-09-16 09:30,65.21001,65.63,64.55499,64.72,13743797
1379424600,2013-09-17 09:30,64.85001,65.21001,64.58,64.67,8761633
1379511000,2013-09-18 09:30,64.64999,66.97,63.98,66.92999,37540752
1379597400,2013-09-19 09:30,66.97,67.5,66.62,66.67,20323776
1379683800,2013-09-20 09:30,66.77,66.78999,65.39,65.515,17910064
1379943000,2013-09-23 09:30,65.50999,65.82001,65.02,65.10001,12152496
1380029400,2013-09-24 09:30,64.46001,64.61,64.02,64.07001,13075414
1380115800,2013-09-25 09:30,64.16,64.69,63.87,64.28999,9013586
1380202200,2013-09-26 09:30,64.38,64.71001,64.2,64.67999,4380879
1380288600,2013-09-27 09:30,64.50999,64.78,64.06,64.44,5971113
1380547800,2013-09-30 09:30,64.07001,64.52,63.57001,63.78999,9374797
1380634200,2013-10-01 09:30,63.78,65.24001,63.64999,64.75999,16470566
1380720600,2013-10-02 09:30,64.39,64.825,64.125,64.8,11800070
1380807000,2013-10-03 09:30,64.53,64.64999,63.39999,63.8,23591072
1380893400,2013-10-04 09:30,63.85001,64.05,63.235,63.57001,13297402
1381152600,2013-10-07 09:30,63.23,64.07001,63.19,63.85001,7675469
1381239000,2013-10-08 09:30,63.67999,63.96001,63.03,63.12,9526758
1381325400,2013-10-09 09:30,63.17999,63.61,62.99001,63.10001,9436398
1381411800,2013-10-10 09:30,63.50999,64.66,63.50999,64.61,23726048
1381498200,2013-10-11 09:30,64.59,65.28,64.37,65.23,11282535
1381757400,2013-10-14 09:30,64.91,65.33,64.63,65.21001,15004563
1381843800,2013-10-15 09:30,65.10001,65.44501,64.82001,65,8338984
1381930200,2013-10-16 09:30,65.28999,66.25,65.22,66.181,16177961
1382016600,2013-10-17 09:30,65.92999,67.42,65.87,67.2,19146880
1382103000,2013-10-18 09:30,67.48,67.61,66.8,67.071,11933242
1382362200,2013-10-21 09:30,67,67.08,66.455,66.72,9373430
1382448600,2013-10-22 09:30,67.06,67.72,66.81,67.42999,10468230
1382535000,2013-10-23 09:30,67.33,67.61,67.02,67.57001,13219633
1382621400,2013-10-24 09:30,67.73,67.73,67.19,67.515,6882262
1382707800,2013-10-25 09:30,67.74001,68.25,67.5,68.17999,7983504
1382967000,2013-10-28 09:30,68.17,68.17,67.18,67.71,8229321
1383053400,2013-10-29 09:30,67.45,67.49,66.87,67.14,8521979
1383139800,2013-10-30 09:30,66.72,67.04,66.35,66.65,7474194
1383226200,2013-10-31 09:30,66.73,66.855,65.86,66.17,9070709
1383312600,2013-11-01 09:30,66.27,66.76,65.86,66.589,16620334
1383575400,2013-11-04 09:30,66.85,66.98,66.15,66.68,4092937
1383661800,2013-11-05 09:30,66.21,66.27,65.54,65.67,9774456
1383748200,2013-11-06 09:30,66.01,66.185,65.55,65.66,4892039
1383834600,2013-11-07 09:30,65.79,65.84,64.72,64.86,9769510
1383921000,2013-11-08 09:30,64.23,64.4,63.135,63.99,17449770
1384180200,2013-11-11 09:30,64.11,64.37,63.86,63.94,6158647
1384266600,2013-11-12 09:30,63.9,63.9,63.26,63.72,10349693
1384353000,2013-11-13 09:30,63.47,64.18,63.41,64.17,6905036
1384439400,2013-11-14 09:30,64.64,65.1,64.3,64.68,7918321
1384525800,2013-11-15 09:30,64.82,65,64.55,64.84,11699551
1384785000,2013-11-18 09:30,65.06,65.06,64.36,64.39,6278970
1384871400,2013-11-19 09:30,64.41,64.42,63.74,63.9,8551817
1384957800,2013-11-20 09:30,63.97,64.6,63.09,63.34,10075748
1385044200,2013-11-21 09:30,63.41,63.82,63.14,63.68,7412452
1385130600,2013-11-22 09:30,63.85,63.85,63.18,63.49,5750535
1385389800,2013-11-25 09:30,63.5,63.67,63.18,63.22,5823801
1385476200,2013-11-26 09:30,63.4,63.4,63.02,63.04,6277300
1385562600,2013-11-27 09:30,63.32,63.78,63.02,63.69,5205290
1385735400,2013-11-29 09:30,63.69,63.85,63.05,63.1,4961715
1385994600,2013-12-02 09:30,62.99,63.3,62.56,62.77,9128383
1386081000,2013-12-03 09:30,62.63,62.9,62.47,62.7,7106808
1386167400,2013-12-04 09:30,62,63.23,61.94,62.84,15225478
1386253800,2013-12-05 09:30,62.68,63.06,62.34,62.91,11587144
1386340200,2013-12-06 09:30,63.47,63.54,63.07,63.4,9929908
1386599400,2013-12-09 09:30,63.5,63.88,63.2,63.81,9699830
1386685800,2013-12-10 09:30,63.86,64.12,63.76,63.81,6791807
1386772200,2013-12-11 09:30,63.81,63.81,62.34,62.43,13703082
1386858600,2013-12-12 09:30,62.39,62.5,61.9,62.01,8008893
1386945000,2013-12-13 09:30,62.29,62.98,62.11,62.26,5952889
1387204200,2013-12-16 09:30,62.65,62.65,62.125,62.33,6769092
1387290600,2013-12-17 09:30,62.33,62.83,62.14,62.66,7415651
1387377000,2013-12-18 09:30,62.7,63.91,62.02,63.76,20907629
1387463400,2013-12-19 09:30,63.55,63.7,62.67,62.98,12584513
1387549800,2013-12-20 09:30,63.15,63.49,62.9,63.47,14500221
1387809000,2013-12-23 09:30,63.28,63.355,62.91,62.97,8197475
1387895400,2013-12-24 09:30,63.05,63.2,62.885,63.08,3641528
1388068200,2013-12-26 09:30,63.33,63.54,62.91,63.15,4603627
1388154600,2013-12-27 09:30,63.21,63.23,62.72,63.23,11549161
1388413800,2013-12-30 09:30,63.21,63.43,63.11,63.28,3941773
1388500200,2013-12-31 09:30,63.29,63.52,62.99,63.08,6767309
1388673000,2014-01-02 09:30,63.13,63.22,62.6,62.98,10310463
1388759400,2014-01-03 09:30,62.95,63.59,62.92,63.35,6368415
1389018600,2014-01-06 09:30,63.48,63.87,63.27,63.61,7107978
1389105000,2014-01-07 09:30,63.89,64.115,63.42,63.83,9676096
1389191400,2014-01-08 09:30,63.64,63.93,63.27,63.73,9098819
1389277800,2014-01-09 09:30,63.92,63.92,63.2,63.7,8012929
1389364200,2014-01-10 09:30,64.3,64.7,64.02,64.46,13051791
1389623400,2014-01-13 09:30,64.51,64.51,63.845,64.04,8249088
1389709800,2014-01-14 09:30,64.05,64.62,64,64.44,5319497
1389796200,2014-01-15 09:30,64.43,64.95,64.42,64.74,7612558
1389882600,2014-01-16 09:30,64.68,64.96,64.675,64.89,11237776
1389969000,2014-01-17 09:30,64.98,65.01,64.51,64.68,8539177
1390314600,2014-01-21 09:30,64.9,65.365,64.75,65.13,10144974
1390401000,2014-01-22 09:30,65.24,65.62,65.14,65.3,8165467
1390487400,2014-01-23 09:30,65.13,65.39,64.52,65.27,10437419
1390573800,2014-01-24 09:30,65.06,65.06,64.2299,64.31,13092349
1390833000,2014-01-27 09:30,64.39,64.73,63.67,63.92,11158276
1390919400,2014-01-28 09:30,64.05,64.68,64.02,64.57,7912800
1391005800,2014-01-29 09:30,64.18,64.5595,63.92,64.27,9226092
1391092200,2014-01-30 09:30,64.49,65.27,64.49,65.05,9384224
1391178600,2014-01-31 09:30,64.58,65.6,64.25,65.25,12207649
1391437800,2014-02-03 09:30,65.29,65.35,64.06,64.3,16058305
1391524200,2014-02-04 09:30,64.43,65.08,64.13,64.97,16129893
1391610600,2014-02-05 09:30,64.7,65.0401,64.5775,64.95,12270381
1391697000,2014-02-06 09:30,65.08,65.48,65.06,65.43,11446491
1391783400,2014-02-07 09:30,65.73,65.96,65.39,65.87,10916041
1392042600,2014-02-10 09:30,65.96,66.62,65.69,66.47,12611384
1392129000,2014-02-11 09:30,66.6,66.9929,66.29,66.7,13251844
1392215400,2014-02-12 09:30,66.91,66.91,66.46,66.74,6358344
1392301800,2014-02-13 09:30,66.67,67.37,66.39,67,10486847
1392388200,2014-02-14 09:30,67,67.405,66.97,67.27,6969554
1392733800,2014-02-18 09:30,67.42,67.7,67,67.67,12370848
1392820200,2014-02-19 09:30,67.5,68.24,67.45,67.65,13736714
1392906600,2014-02-20 09:30,67.56,68.09,67.25,67.53,7509231
1392993000,2014-02-21 09:30,67.67,67.88,67.2,67.64,8399357
1393252200,2014-02-24 09:30,67.72,68.35,67.71,67.75,11196725
1393338600,2014-02-25 09:30,67.77,68.135,67.6,67.78,6091200
1393425000,2014-02-26 09:30,67.85,68.26,67.78,67.97,10265315
1393511400,2014-02-27 09:30,67.9,68.26,67.61,67.9,5632920
1393597800,2014-02-28 09:30,68.22,68.68,67.85,68.35,14613470
1393857000,2014-03-03 09:30,67.96,68.46,67.83,68.4,11517824
1393943400,2014-03-04 09:30,68.75,69.32,68.75,69.24,15108264
1394029800,2014-03-05 09:30,69.24,69.33,68.6,69.15,12690904
1394116200,2014-03-06 09:30,69.07,69.12,68.57,68.82,8717093
1394202600,2014-03-07 09:30,68.46,68.65,67.74,68.04,14545456
1394458200,2014-03-10 09:30,67.92,68.14,67.49,67.79,11747463
1394544600,2014-03-11 09:30,67.83,68.32,67.79,68.16,10502233
1394631000,2014-03-12 09:30,67.88,68.35,67.88,68.31,6888430
1394717400,2014-03-13 09:30,68.4,68.49,67.91,68.09,9383596
1394803800,2014-03-14 09:30,67.91,68.47,67.86,68.11,8557448
1395063000,2014-03-17 09:30,68.49,68.69,68.1,68.22,9020194
1395149400,2014-03-18 09:30,68.26,68.6,68.08,68.52,10663067
1395235800,2014-03-19 09:30,68.55,68.851,67.03,67.31,16403801
1395322200,2014-03-20 09:30,67.16,67.43,66.65,67.4,15716926
1395408600,2014-03-21 09:30,67.58,68.15,67.52,67.95,18925746
1395667800,2014-03-24 09:30,68.49,68.49,67.17,67.55,10919345
1395754200,2014-03-25 09:30,67.21,67.34,66.79,67.27,10306793
1395840600,2014-03-26 09:30,67.11,67.36,66.49,66.52,10498243
1395927000,2014-03-27 09:30,66.5,66.9,66.25,66.84,8292691
1396013400,2014-03-28 09:30,67.05,67.505,66.96,67.28,8326553
1396272600,2014-03-31 09:30,67.64,67.9,67.085,67.67,8762372
1396359000,2014-04-01 09:30,67.89,68.11,67.32,68.1,15963735
1396445400,2014-04-02 09:30,67.88,68.18,67.74,68.11,10488655
1396531800,2014-04-03 09:30,68.1,68.2,67.71,67.87,10216597
1396618200,2014-04-04 09:30,68.22,68.54,67.89,68.14,12054963
1396877400,2014-04-07 09:30,67.92,68.7,67.91,68.21,15098853
1396963800,2014-04-08 09:30,68.16,68.67,68.035,68.59,8741525
1397050200,2014-04-09 09:30,68.76,68.78,68.13,68.54,7283849
1397136600,2014-04-10 09:30,68.6,68.885,67.76,67.93,8411251
1397223000,2014-04-11 09:30,67.79,68.12,67.41,67.52,9716129
1397482200,2014-04-14 09:30,67.7,67.96,67.38,67.77,10463392
1397568600,2014-04-15 09:30,67.88,68.55,67.81,68.49,10085833
1397655000,2014-04-16 09:30,68.68,69,68.49,68.9,9370861
1397741400,2014-04-17 09:30,68.7,68.88,68.38,68.71,16935202
1398087000,2014-04-21 09:30,68.82,69,68.59,69,8537952
1398173400,2014-04-22 09:30,68.95,69.31,68.63,69.23,6935463
1398259800,2014-04-23 09:30,69.2,69.3,68.81,69.02,4609337
1398346200,2014-04-24 09:30,69.1,69.31,68.95,69.25,6277340
1398432600,2014-04-25 09:30,69,69.26,68.82,69.01,5370436
1398691800,2014-04-28 09:30,69.11,69.47,68.79,69.37,10062242
1398778200,2014-04-29 09:30,69.22,69.66,69.22,69.41,4539137
1398864600,2014-04-30 09:30,69.29,69.75,69.26,69.72,6472649
1398951000,2014-05-01 09:30,69.72,70.3,69.34,70.26,16973683
1399037400,2014-05-02 09:30,69.95,70.52,69.88,70.23,9439520
1399296600,2014-05-05 09:30,69.96,70.49,69.71,70.48,12375014
1399383000,2014-05-06 09:30,70.41,70.41,69.96,70.22,7561775
1399469400,2014-05-07 09:30,70.37,71.08,70.28,71.04,16037168
1399555800,2014-05-08 09:30,71.01,71.37,70.8,71.08,8538710
1399642200,2014-05-09 09:30,70.96,71.27,70.7,71.07,5696957
1399901400,2014-05-12 09:30,71.13,71.36,71.04,71.22,5859544
1399987800,2014-05-13 09:30,71.02,71.73,70.75,70.8,9088994
1400074200,2014-05-14 09:30,70.95,71.18,70.62,70.98,8881122
1400160600,2014-05-15 09:30,70.97,70.98,70.29,70.86,19027683
1400247000,2014-05-16 09:30,70.88,71.4,70.62,71.38,12725734
1400506200,2014-05-19 09:30,71.28,71.3,70.81,71.12,7203026
1400592600,2014-05-20 09:30,71.15,71.38,70.7,70.9,4401417
1400679000,2014-05-21 09:30,70.95,71.15,70.48,70.62,6551893
1400765400,2014-05-22 09:30,70.65,70.865,70.44,70.56,6768356
1400851800,2014-05-23 09:30,70.64,71.1,70.62,71.09,5231383
1401197400,2014-05-27 09:30,71.05,71.57,71.04,71.52,7874478
1401283800,2014-05-28 09:30,71.37,71.37,70.81,71.23,7283666
1401370200,2014-05-29 09:30,71.39,71.39,71.07,71.32,4650485
1401456600,2014-05-30 09:30,71.22,71.75,71.21,71.67,11878173
1401715800,2014-06-02 09:30,71.67,71.94,71.505,71.8,8329495
1401802200,2014-06-03 09:30,71.69,71.76,71.48,71.71,4321301
1401888600,2014-06-04 09:30,71.73,71.96,71.45,71.78,14897848
1401975000,2014-06-05 09:30,71.75,72.98,71.68,72.9,19628769
1402061400,2014-06-06 09:30,73.13,73.16,72.575,72.75,7067881
1402320600,2014-06-09 09:30,72.64,72.94,71.89,71.97,8543917
1402407000,2014-06-10 09:30,71.8,72.03,71.28,71.6,14633539
1402493400,2014-06-11 09:30,71.43,71.59,70.99,71.31,11076145
1402579800,2014-06-12 09:30,71.21,71.3199,70.615,71.1,11311089
1402666200,2014-06-13 09:30,71.24,71.36,70.605,71.28,5871804
1402925400,2014-06-16 09:30,71.16,71.43,70.795,70.92,11354134
1403011800,2014-06-17 09:30,70.8,71.12,70.615,71,5945958
1403098200,2014-06-18 09:30,70.94,71.6,70.71,71.44,12276926
1403184600,2014-06-19 09:30,71.48,71.99,71.38,71.99,8030006
1403271000,2014-06-20 09:30,71.7,72.29,71.58,72.24,9356221
1403530200,2014-06-23 09:30,72.24,72.49,72.03,72.07,7425482
1403616600,2014-06-24 09:30,71.45,71.75,71.3,71.5,6882516
1403703000,2014-06-25 09:30,71.49,71.64,71.28,71.5,7046140
1403789400,2014-06-26 09:30,71.43,71.55,71.22,71.42,5258480
1403875800,2014-06-27 09:30,71.26,71.9,71.255,71.85,6827078
1404135000,2014-06-30 09:30,71.92,72.07,71.32,71.79,8886071
1404221400,2014-07-01 09:30,71.73,72.175,71.59,71.97,7629536
1404307800,2014-07-02 09:30,71.98,72,71.5,71.89,8719350
1404394200,2014-07-03 09:30,71.5,71.69,71.22,71.55,5647513
1404739800,2014-07-07 09:30,71.48,71.79,71.45,71.62,9888660
1404826200,2014-07-08 09:30,71.52,72.03,71.49,71.84,9211346
1404912600,2014-07-09 09:30,71.79,72.11,71.515,72,6042811
1404999000,2014-07-10 09:30,71.67,72.44,71.58,72.23,9408704
1405085400,2014-07-11 09:30,72.2,72.35,71.97,72.28,4181624
1405344600,2014-07-14 09:30,72.36,72.64,72.15,72.61,11204468
1405431000,2014-07-15 09:30,72.52,72.76,72.26,72.59,5842890
1405517400,2014-07-16 09:30,72.76,72.89,72.42,72.86,14378638
1405603800,2014-07-17 09:30,72.78,72.82,72.34,72.43,7149779
1405690200,2014-07-18 09:30,72.63,73.14,72.44,73.07,9761672
1405949400,2014-07-21 09:30,72.96,73,72.69,72.86,4800772
1406035800,2014-07-22 09:30,73.09,73.3,73,73.17,7678704
1406122200,2014-07-23 09:30,73.24,73.395,73.065,73.33,5012068
1406208600,2014-07-24 09:30,73.48,73.51,72.94,73.14,7350443
1406295000,2014-07-25 09:30,73.14,73.22,72.66,72.73,7052694
1406554200,2014-07-28 09:30,72.76,73.36,72.75,73.17,7385935
1406640600,2014-07-29 09:30,73.21,73.24,72.78,72.83,5042405
1406727000,2014-07-30 09:30,72.59,73.28,72.37,72.76,10712736
1406813400,2014-07-31 09:30,72.26,72.62,71.705,71.71,15783055
1406899800,2014-08-01 09:30,71.6,72.26,71.52,71.57,14631688
1407159000,2014-08-04 09:30,71.56,72.16,71.3,72,8981885
1407245400,2014-08-05 09:30,71.75,71.98,71.2,71.36,15723585
1407331800,2014-08-06 09:30,70.89,71.7799,70.84,71.49,9594249
1407418200,2014-08-07 09:30,71.68,71.951,71.47,71.6,6948982
1407504600,2014-08-08 09:30,71.89,72.17,71.52,72.14,6757024
1407763800,2014-08-11 09:30,72.25,72.74,72.17,72.54,9721255
1407850200,2014-08-12 09:30,72.47,72.66,72.225,72.33,3882913
1407936600,2014-08-13 09:30,72.45,73.23,72.45,73.23,5739375
1408023000,2014-08-14 09:30,73.2,73.5,73.07,73.21,6522560
1408109400,2014-08-15 09:30,73.46,73.62,73.03,73.28,9707591
1408368600,2014-08-18 09:30,73.58,73.96,73.48,73.96,15037997
1408455000,2014-08-19 09:30,74.12,74.23,73.88,74.02,7832251
1408541400,2014-08-20 09:30,74.08,74.46,73.68,74.38,15038078
1408627800,2014-08-21 09:30,74.48,74.69,74.31,74.31,4645110
1408714200,2014-08-22 09:30,74.4,74.4,73.61,73.81,8299610
1408973400,2014-08-25 09:30,74.12,74.19,73.475,73.78,7314581
1409059800,2014-08-26 09:30,73.78,74.025,73.7,73.78,3136652
1409146200,2014-08-27 09:30,73.94,74.08,73.73,73.9,2851017
1409232600,2014-08-28 09:30,73.89,74.01,73.64,73.83,4091099
1409319000,2014-08-29 09:30,73.98,74.2,73.8,74.2,6188397
1409664600,2014-09-02 09:30,74.05,74.33,74,74.24,5386078
1409751000,2014-09-03 09:30,74.23,74.47,74.08,74.26,8656888
1409837400,2014-09-04 09:30,74.25,74.54,73.85,74.12,10891617
1409923800,2014-09-05 09:30,74.25,74.88,74.11,74.82,13249490
1410183000,2014-09-08 09:30,74.83,74.95,74.52,74.69,8470290
1410269400,2014-09-09 09:30,74.49,74.68,74.15,74.29,7008127
1410355800,2014-09-10 09:30,74.02,74.07,73.19,73.26,14574031
1410442200,2014-09-11 09:30,73.21,73.47,72.99,73.35,6990089
1410528600,2014-09-12 09:30,72.87,72.96,70.865,71.24,26158126
1410787800,2014-09-15 09:30,71.28,71.555,70.66,70.95,10275724
1410874200,2014-09-16 09:30,70.96,71.7,70.92,71.48,12545152
1410960600,2014-09-17 09:30,71.74,72.1,71.37,71.43,18717913
1411047000,2014-09-18 09:30,71.58,71.65,70.78,70.91,14133699
1411133400,2014-09-19 09:30,71.09,71.28,70.75,70.95,12912047
1411392600,2014-09-22 09:30,70.88,70.901,70.32,70.32,16170478
1411479000,2014-09-23 09:30,70.29,70.64,69.89,69.92,8117154
1411565400,2014-09-24 09:30,69.26,69.91,69.0001,69.22,14179013
1411651800,2014-09-25 09:30,69.23,69.27,68.61,68.88,13593285
1411738200,2014-09-26 09:30,68.78,69.73,68.59,69.64,11235277
1411997400,2014-09-29 09:30,69.06,69.62,68.89,69.62,10660154
1412083800,2014-09-30 09:30,69.57,69.73,69.1,69.2,13405970
1412170200,2014-10-01 09:30,69.18,69.65,68.94,69.24,15041302
1412256600,2014-10-02 09:30,69.14,69.56,68.66,69.13,11970372
1412343000,2014-10-03 09:30,69.26,69.73,69.03,69.6,6240649
1412602200,2014-10-06 09:30,69.59,70.065,69.54,69.69,11312381
1412688600,2014-10-07 09:30,69.6,69.95,69.23,69.28,9329139
1412775000,2014-10-08 09:30,69.27,70.62,69.27,70.6,13191723
1412861400,2014-10-09 09:30,70.41,71.33,70.41,70.51,18339086
1412947800,2014-10-10 09:30,70.69,71.34,70.38,70.41,11226373
1413207000,2014-10-13 09:30,70.54,71.09,70.23,70.29,10469665
1413293400,2014-10-14 09:30,70.75,71.86,70.6,71.35,15145113
1413379800,2014-10-15 09:30,71.16,71.605,70.23,70.85,16837109
1413466200,2014-10-16 09:30,70.51,71.33,70.11,71.04,19074165
1413552600,2014-10-17 09:30,71.79,71.79,70.79,71.4,10458454
1413811800,2014-10-20 09:30,71.38,72.43,71.28,72.42,12469517
1413898200,2014-10-21 09:30,72.65,73.21,72.34,73.11,8575975
1413984600,2014-10-22 09:30,73.18,73.63,73.02,73.08,20312628
1414071000,2014-10-23 09:30,73.27,73.81,73.15,73.63,7542476
1414157400,2014-10-24 09:30,73.61,73.9099,73.21,73.66,6597294
1414416600,2014-10-27 09:30,73.58,74.12,73.51,74.1,9245145
1414503000,2014-10-28 09:30,73.83,74.35,73.55,74.34,5225373
1414589400,2014-10-29 09:30,74.18,74.31,73.25,73.79,17119496
1414675800,2014-10-30 09:30,73.56,74.5,73.56,74.42,9237466
1414762200,2014-10-31 09:30,74.63,75.17,74.53,74.98,11739390
1415025000,2014-11-03 09:30,74.98,75.6,74.915,75.56,12949381
1415111400,2014-11-04 09:30,75.55,75.7,74.94,75.65,9954634
1415197800,2014-11-05 09:30,75.74,75.98,75.19,75.65,15315307
1415284200,2014-11-06 09:30,75.61,76,75.14,75.33,9263595
1415370600,2014-11-07 09:30,75.43,75.55,74.91,75.27,11903074
1415629800,2014-11-10 09:30,74.75,75.68,74.75,75.61,5578817
1415716200,2014-11-11 09:30,75.64,75.87,75.09,75.42,4006383
1415802600,2014-11-12 09:30,75.42,75.47,74.82,75.03,6982867
1415889000,2014-11-13 09:30,75.2,75.56,75.08,75.33,4929918
1415975400,2014-11-14 09:30,75.34,75.48,74.72,74.87,10126805
1416234600,2014-11-17 09:30,74.81,75.26,74.81,75.15,5108132
1416321000,2014-11-18 09:30,75.23,75.64,75.06,75.51,8649366
1416407400,2014-11-19 09:30,75.46,75.54,75,75.04,6087720
1416493800,2014-11-20 09:30,74.84,75.25,74.61,75.25,5225720
1416580200,2014-11-21 09:30,75.89,75.89,75.51,75.8,11642107
1416839400,2014-11-24 09:30,76.06,76.22,75.88,76.02,6410833
1416925800,2014-11-25 09:30,76.16,76.38,75.91,76.23,5977216
1417012200,2014-11-26 09:30,76.38,76.85,76.26,76.8,24093448
1417185000,2014-11-28 09:30,76.66,77.72,76.62,77.02,6364751
1417444200,2014-12-01 09:30,76.9,77.3399,76.3,76.74,6441106
1417530600,2014-12-02 09:30,76.58,77.1,76.17,77.01,8923585
1417617000,2014-12-03 09:30,77.03,77.14,76.75,76.94,6650411
1417703400,2014-12-04 09:30,77.08,77.13,76.53,77.06,11707200
1417789800,2014-12-05 09:30,76.63,76.84,76.14,76.66,18115244
1418049000,2014-12-08 09:30,76.63,77.4199,76.44,77,13087387
1418135400,2014-12-09 09:30,76.64,77.42,76.45,77.26,8587175
1418221800,2014-12-10 09:30,76.98,77.38,76.76,77.08,8776729
1418308200,2014-12-11 09:30,77.05,77.47,77.05,77.15,11043363
1418394600,2014-12-12 09:30,77.02,77.36,76.43,76.45,12861796
1418653800,2014-12-15 09:30,76.62,76.86,75.43,75.55,10420829
1418740200,2014-12-16 09:30,75.65,75.97,74.915,75.2,14201211
1418826600,2014-12-17 09:30,75.46,76.9,75.35,76.88,18752820
1418913000,2014-12-18 09:30,77.21,77.57,76.9,77.57,14002898
1418999400,2014-12-19 09:30,77.45,77.98,77.32,77.73,9311439
1419258600,2014-12-22 09:30,77.7,79.01,77.65,79.01,15917331
1419345000,2014-12-23 09:30,79.02,79.125,78.45,78.61,9392609
1419431400,2014-12-24 09:30,77.97,78.26,77.43,77.48,4057535
1419604200,2014-12-26 09:30,77.65,77.965,77.63,77.78,2902974
1419863400,2014-12-29 09:30,77.7,78.44,77.48,78.12,3913323
1419949800,2014-12-30 09:30,77.89,78.41,77.83,78.04,7674502
1420036200,2014-12-31 09:30,78.26,78.62,76.76,76.84,9269262
1420209000,2015-01-02 09:30,77.47,77.94,77.08,77.79,12872369
1420468200,2015-01-05 09:30,77.59,78.22,77.44,78.05,17764513
1420554600,2015-01-06 09:30,78.23,78.93,78.15,78.62,12123750
1420641000,2015-01-07 09:30,78.65,79.805,78.49,79.64,10974597
1420727400,2015-01-08 09:30,79.84,80.27,79.47,80.09,10114624
1420813800,2015-01-09 09:30,80.15,80.43,79.605,80.12,7466589
1421073000,2015-01-12 09:30,80.24,80.63,80,80.56,7157963
1421159400,2015-01-13 09:30,80.68,81.03,79.89,80.35,12015703
1421245800,2015-01-14 09:30,79.98,80.9,79.82,80.88,10170123
1421332200,2015-01-15 09:30,81.17,81.23,80.585,80.99,12157215
1421418600,2015-01-16 09:30,80.9,81.79,80.73,81.68,12006149
1421764200,2015-01-20 09:30,81.9,82.06,80.81,81.04,14678620
1421850600,2015-01-21 09:30,80.98,81.05,80.64,80.92,6809836
1421937000,2015-01-22 09:30,81.26,82.56,81.15,82.5,10640190
1422023400,2015-01-23 09:30,82.45,82.755,82.15,82.33,5036785
1422282600,2015-01-26 09:30,82.37,83.16,82.1301,83.14,8672476
1422369000,2015-01-27 09:30,82.84,83.33,82.7,83.03,4193150
1422455400,2015-01-28 09:30,83.21,83.54,82.42,82.44,12341574
1422541800,2015-01-29 09:30,82.73,82.73,81.81,82.58,6878062
1422628200,2015-01-30 09:30,82.57,82.57,81.17,81.23,10085162
1422887400,2015-02-02 09:30,81.26,81.27,79.56,80.97,24404891
1422973800,2015-02-03 09:30,80.72,81.8,80.54,81.72,9988835
1423060200,2015-02-04 09:30,81.49,81.795,81.0601,81.48,7781920
1423146600,2015-02-05 09:30,81.56,82.41,81.43,82.33,10348292
1423233000,2015-02-06 09:30,82.1,82.13,79.85,80.16,16536466
1423492200,2015-02-09 09:30,80.06,80.55,79.75,79.781,8727852
1423578600,2015-02-10 09:30,79.84,80.21,79.2,80.06,9174012
1423665000,2015-02-11 09:30,80.07,80.43,79.34,79.89,7335810
1423751400,2015-02-12 09:30,80.5,80.81,79.8,80.75,9485223
1423837800,2015-02-13 09:30,80.79,81,79.9,80.31,8445854
1424183400,2015-02-17 09:30,80.08,80.98,79.96,80.08,12515087
1424269800,2015-02-18 09:30,80.27,80.87,79.58,80.76,14340753
1424356200,2015-02-19 09:30,80.08,80.65,79.11,79.22,12481524
1424442600,2015-02-20 09:30,79.69,80.15,79.13,79.95,11002881
1424701800,2015-02-23 09:30,80.26,80.62,79.9,80.58,13375172
1424788200,2015-02-24 09:30,80.08,80.13,78.78,79.06,20628491
1424874600,2015-02-25 09:30,78.97,79.975,78.935,79.23,10763261
1424961000,2015-02-26 09:30,78.96,79.27,78.37,78.56,9507795
1425047400,2015-02-27 09:30,78.6,79.23,78.3,79.12,8342281
1425306600,2015-03-02 09:30,79.14,80.22,79.14,79.43,14633570
1425393000,2015-03-03 09:30,79.11,79.42,78.67,79.22,9993116
1425479400,2015-03-04 09:30,79.24,79.33,78.44,78.56,8348989
1425565800,2015-03-05 09:30,78.79,79.49,78.75,78.82,10928016
1425652200,2015-03-06 09:30,77.71,77.84,76.33,76.42,20520020
1425907800,2015-03-09 09:30,76.94,77.19,76.7,77.1,9657370
1425994200,2015-03-10 09:30,76.82,77.18,76.66,76.72,12491986
1426080600,2015-03-11 09:30,76.89,77.115,76.57,76.83,8404656
1426167000,2015-03-12 09:30,77.25,78.15,77.17,78.1,8212329
1426253400,2015-03-13 09:30,78.03,78.16,77.4,77.81,6949438
1426512600,2015-03-16 09:30,78.15,79.05,78.15,78.66,7447768
1426599000,2015-03-17 09:30,78.62,78.945,78.22,78.59,9367691
1426685400,2015-03-18 09:30,78.57,80.445,78.21,80.14,18583769
1426771800,2015-03-19 09:30,80.07,80.55,79.82,80.02,11850661
1426858200,2015-03-20 09:30,80.54,82.04,80.3,81.96,17722195
1427117400,2015-03-23 09:30,81.9,82.41,81.6701,81.84,7329040
1427203800,2015-03-24 09:30,81.55,81.81,81.14,81.18,12777543
1427290200,2015-03-25 09:30,80.73,80.95,79.0301,79.19,15304086
1427376600,2015-03-26 09:30,78.96,79.185,78.53,78.74,10719660
1427463000,2015-03-27 09:30,78.99,79.31,78.68,79.01,7485195
1427722200,2015-03-30 09:30,79.67,80.03,79.1,79.9,11187585
1427808600,2015-03-31 09:30,79.37,80.2,79.18,79.32,7088050
1427895000,2015-04-01 09:30,79.19,79.72,78.71,79.31,11385771
1427981400,2015-04-02 09:30,79.07,80.075,79.07,79.84,9028057
1428327000,2015-04-06 09:30,80.21,80.82,79.96,80.64,10547276
1428413400,2015-04-07 09:30,80.89,80.89,79.33,79.33,9165656
1428499800,2015-04-08 09:30,79.4,79.69,79.22,79.55,5823429
1428586200,2015-04-09 09:30,79.46,79.46,77.99,78.15,10568048
1428672600,2015-04-10 09:30,78.64,78.93,77.86,78.1,8592962
1428931800,2015-04-13 09:30,78.22,78.4,77.84,77.88,7430889
1429018200,2015-04-14 09:30,78.17,78.43,77.87,78.04,5267009
1429104600,2015-04-15 09:30,78.33,78.33,77.57,77.58,9424576
1429191000,2015-04-16 09:30,77.37,78.14,77.155,77.9,7173889
1429277400,2015-04-17 09:30,77.5,77.98,77.03,77.49,10724107
1429536600,2015-04-20 09:30,77.89,78,77.37,77.59,10799141
1429623000,2015-04-21 09:30,77.8,78.17,77.5,77.65,8797933
1429709400,2015-04-22 09:30,77.8,78.13,77.61,77.88,5737328
1429795800,2015-04-23 09:30,77.74,78.19,77.66,78.02,5199339
1429882200,2015-04-24 09:30,78.14,78.59,77.88,78.15,4576380
1430141400,2015-04-27 09:30,78.31,78.73,77.845,77.94,9280792
1430227800,2015-04-28 09:30,78.18,78.2,77.47,77.92,5714907
1430314200,2015-04-29 09:30,77.01,77.56,76.273,76.39,11455405
1430400600,2015-04-30 09:30,76.34,76.35,75.02,75.5,17918704
1430487000,2015-05-01 09:30,75.43,76.38,75.33,75.9,21746812
1430746200,2015-05-04 09:30,76.26,76.64,75.935,76.1,14824484
1430832600,2015-05-05 09:30,75.9,75.9,74.34,74.43,11862909
1430919000,2015-05-06 09:30,74.45,74.69,73.89,74.23,12904806
1431005400,2015-05-07 09:30,74.51,75.58,74.34,75.21,16790957
1431091800,2015-05-08 09:30,76.34,77.21,76.19,76.36,13075475
1431351000,2015-05-11 09:30,76.14,76.5,75.06,75.25,13330766
1431437400,2015-05-12 09:30,74.84,75.67,74.27,75.47,11913416
1431523800,2015-05-13 09:30,76,76.22,74.69,74.84,12145177
1431610200,2015-05-14 09:30,75.28,76.23,75.22,76.2,7909733
1431696600,2015-05-15 09:30,76.54,77.06,76.26,76.83,13163349
1431955800,2015-05-18 09:30,76.65,76.83,76.32,76.6,7063109
1432042200,2015-05-19 09:30,76.07,76.95,76.07,76.5,8381851
1432128600,2015-05-20 09:30,76.55,76.9,76.335,76.34,8276974
1432215000,2015-05-21 09:30,76.39,76.51,75.705,75.99,5536795
1432301400,2015-05-22 09:30,75.96,76.395,75.55,76.01,4251127
1432647000,2015-05-26 09:30,76.38,76.38,75.26,75.55,6393831
1432733400,2015-05-27 09:30,75.77,76.27,75.44,76.12,5962468
1432819800,2015-05-28 09:30,76.21,76.3,75.655,76.07,7022289
1432906200,2015-05-29 09:30,75.97,76.15,75.15,75.25,15271625
1433165400,2015-06-01 09:30,75.45,76.17,75.135,75.98,8459850
1433251800,2015-06-02 09:30,75.72,75.78,75.15,75.36,9112712
1433338200,2015-06-03 09:30,75.29,75.4,74.32,74.45,11586215
1433424600,2015-06-04 09:30,74.35,74.73,74.16,74.38,8710346
1433511000,2015-06-05 09:30,73.2,74.05,73.17,73.48,17844824
1433770200,2015-06-08 09:30,73.64,73.71,73.24,73.335,7176247
1433856600,2015-06-09 09:30,73.3,73.49,72.74,72.8,7886210
1433943000,2015-06-10 09:30,72.7,73.95,72.67,73.32,12669781
1434029400,2015-06-11 09:30,73.9,74.085,73.6793,73.9,8347621
1434115800,2015-06-12 09:30,73.79,74.0725,73.63,73.76,4892582
1434375000,2015-06-15 09:30,73.68,73.79,73.22,73.38,5062094
1434461400,2015-06-16 09:30,73.58,74.085,73.34,74,5015029
1434547800,2015-06-17 09:30,73.95,74.62,73.5,74.46,15038252
1434634200,2015-06-18 09:30,74.5,75.81,74.49,75.49,13450003
1434720600,2015-06-19 09:30,75.43,75.5,74.79,75,11366745
1434979800,2015-06-22 09:30,74.8,75.305,74.25,74.26,9208762
1435066200,2015-06-23 09:30,74.05,74.23,73.66,73.9,10518451
1435152600,2015-06-24 09:30,73.28,73.47,72.77,72.83,7574845
1435239000,2015-06-25 09:30,72.76,72.85,72.11,72.14,10651802
1435325400,2015-06-26 09:30,72.05,72.68,71.85,72.49,9671133
1435584600,2015-06-29 09:30,72.51,72.9,71.285,71.33,7226271
1435671000,2015-06-30 09:30,71.85,72,71.24,71.3,13702550
1435757400,2015-07-01 09:30,71.28,72.41,71.07,72.39,10856253
1435843800,2015-07-02 09:30,72.79,73.39,72.47,72.55,7691755
1436189400,2015-07-06 09:30,72.33,73.04,72.14,72.88,11054928
1436275800,2015-07-07 09:30,73.45,74.15,73.19,74,12555437
1436362200,2015-07-08 09:30,73.67,73.98,73.43,73.61,7358522
1436448600,2015-07-09 09:30,73.86,74.06,73.08,73.26,8497073
1436535000,2015-07-10 09:30,73.42,74.28,73.37,73.77,12232296
1436794200,2015-07-13 09:30,73.91,74.69,73.59,73.88,9096267
1436880600,2015-07-14 09:30,73.955,74.35,73.73,74.08,5039213
1436967000,2015-07-15 09:30,73.8,74.38,73.77,74.15,5691866
1437053400,2015-07-16 09:30,74.63,74.81,74.34,74.68,6128521
1437139800,2015-07-17 09:30,74.9,74.9,74.18,74.39,11760928
1437399000,2015-07-20 09:30,74.44,74.68,74.05,74.52,4780484
1437485400,2015-07-21 09:30,74.45,74.84,74.25,74.25,5816162
1437571800,2015-07-22 09:30,74.41,74.81,74.28,74.46,6674751
1437658200,2015-07-23 09:30,74.57,74.61,73.49,73.93,8558026
1437744600,2015-07-24 09:30,73.96,74.28,73.7,73.95,5631997
1438003800,2015-07-27 09:30,74.05,74.5,73.9,74.11,6326090
1438090200,2015-07-28 09:30,73.94,74.48,73.94,74.25,6276039
1438176600,2015-07-29 09:30,74.29,74.78,73.8,74.63,7110973
1438263000,2015-07-30 09:30,74.31,74.64,74.12,74.35,6573769
1438349400,2015-07-31 09:30,74.99,75.38,74.7,74.83,10816959
1438608600,2015-08-03 09:30,74.84,75.26,74.76,75.2,6576262
1438695000,2015-08-04 09:30,75.07,75.585,74.64,74.81,11675248
1438781400,2015-08-05 09:30,75,75.09,74.215,74.49,19488190
1438867800,2015-08-06 09:30,74.48,74.63,73.445,74.49,12177946
1438954200,2015-08-07 09:30,74.41,74.88,73.95,74.75,8922254
1439213400,2015-08-10 09:30,75.01,75.16,74.44,74.76,6650662
1439299800,2015-08-11 09:30,74.69,75.48,74.47,75.26,15118014
1439386200,2015-08-12 09:30,74.99,75.42,74.5125,75.37,9449185
1439472600,2015-08-13 09:30,75.34,75.84,74.73,75.52,6766314
1439559000,2015-08-14 09:30,75.38,76,75.1,75.95,6171968
1439818200,2015-08-17 09:30,75.95,76.55,75.64,76.52,13312464
1439904600,2015-08-18 09:30,76.26,76.69,76.21,76.58,7646050
1439991000,2015-08-19 09:30,76.31,76.52,75.73,76.16,12455816
1440077400,2015-08-20 09:30,75.74,76.05,75.43,75.57,10035584
1440163800,2015-08-21 09:30,75.14,75.43,74.01,74.09,15775250
1440423000,2015-08-24 09:30,71.77,72.91,70.39,70.63,30430411
1440509400,2015-08-25 09:30,72.24,72.25,68.78,68.85,19250321
1440595800,2015-08-26 09:30,69.53,70.77,69.15,70.57,15152920
1440682200,2015-08-27 09:30,71.39,72.55,70.74,71.99,12395849
1440768600,2015-08-28 09:30,71.8,72.0699,71.48,71.91,8457258
1441027800,2015-08-31 09:30,71.87,71.94,70.48,70.48,10548745
1441114200,2015-09-01 09:30,69.78,70.1,68.69,69.14,12235669
1441200600,2015-09-02 09:30,69.79,70.04,69.225,69.88,8836835
1441287000,2015-09-03 09:30,69.81,70.54,69.77,70.02,8479823
1441373400,2015-09-04 09:30,69.53,69.64,68.28,68.69,11283082
1441719000,2015-09-08 09:30,68.95,69.94,68.95,69.73,11894613
1441805400,2015-09-09 09:30,70.29,70.57,68.78,68.88,9367590
1441891800,2015-09-10 09:30,68.7,69.65,68.7,68.96,8826111
1441978200,2015-09-11 09:30,69.2,70.12,68.83,70.09,8895167
1442237400,2015-09-14 09:30,70.3,70.31,69.885,70.05,6123805
1442323800,2015-09-15 09:30,70.07,70.85,69.68,70.64,7419212
1442410200,2015-09-16 09:30,70.6,71.6999,70.5911,71.55,6440069
1442496600,2015-09-17 09:30,71.56,73.48,71.2,72.25,23255530
1442583000,2015-09-18 09:30,71.49,72.89,71.28,72.01,15598880
1442842200,2015-09-21 09:30,72.04,72.95,72.04,72.64,12965342
1442928600,2015-09-22 09:30,72.24,72.4,71.4835,71.68,7487292
1443015000,2015-09-23 09:30,72.02,72.39,71.54,72.01,6846143
1443101400,2015-09-24 09:30,71.92,72.18,70.97,71.35,9862510
1443187800,2015-09-25 09:30,70.99,71.56,70.63,71.04,8098160
1443447000,2015-09-28 09:30,70.79,70.88,69.3,69.76,11976541
1443533400,2015-09-29 09:30,69.78,70.64,69.63,70.25,10142124
1443619800,2015-09-30 09:30,70.77,71.05,70.32,70.95,9887103
1443706200,2015-10-01 09:30,71.06,71.37,70.54,71.28,8296484
1443792600,2015-10-02 09:30,71.54,71.9,70.55,71.9,12667898
1444051800,2015-10-05 09:30,72.02,73.29,71.98,73.19,6663018
1444138200,2015-10-06 09:30,73.21,73.51,72.86,73.01,4900947
1444224600,2015-10-07 09:30,73.46,73.76,73.04,73.72,6780159
1444311000,2015-10-08 09:30,73.63,74.45,73.42,74.33,8343433
1444397400,2015-10-09 09:30,74.61,74.7,73.89,74.25,5761874
1444656600,2015-10-12 09:30,74.29,74.92,74.11,74.65,5143554
1444743000,2015-10-13 09:30,74.35,74.69,73.93,74.1,8391070
1444829400,2015-10-14 09:30,74.23,74.35,73.44,73.62,8572846
1444915800,2015-10-15 09:30,73.78,74.5,73.67,74.46,5691982
1445002200,2015-10-16 09:30,74.57,75.17,74.54,75.06,5913742
1445261400,2015-10-19 09:30,75.03,75.99,74.88,75.95,7806749
1445347800,2015-10-20 09:30,75.56,76.17,75.56,76.04,10961400
1445434200,2015-10-21 09:30,76.05,76.34,75.651,75.77,5887925
1445520600,2015-10-22 09:30,75.89,76.765,75.77,76.6,8893892
1445607000,2015-10-23 09:30,76.98,77,75.435,75.9,8062950
1445866200,2015-10-26 09:30,75.96,76.1,75.32,75.89,6239009
1445952600,2015-10-27 09:30,75.68,75.92,75.3,75.7,9751816
1446039000,2015-10-28 09:30,75.74,76.36,74.65,75.99,16084361
1446125400,2015-10-29 09:30,75.67,76.06,75.42,75.91,7657819
1446211800,2015-10-30 09:30,75.92,76.13,75.265,75.36,9418508
1446474600,2015-11-02 09:30,75.42,77.04,75.35,77.03,20538131
1446561000,2015-11-03 09:30,76.75,76.77,76.01,76.31,7607346
1446647400,2015-11-04 09:30,76.2,76.48,75.74,75.94,7163709
1446733800,2015-11-05 09:30,75.95,76.22,75.46,76.16,8065912
1446820200,2015-11-06 09:30,74.98,75.35,73.51,73.98,23851019
1447079400,2015-11-09 09:30,73.39,73.71,72.48,72.98,13643763
1447165800,2015-11-10 09:30,73.03,73.8,72.98,73.65,9734491
1447252200,2015-11-11 09:30,73.67,74.08,73.485,73.74,4765355
1447338600,2015-11-12 09:30,73.65,73.87,73.12,73.21,6101856
1447425000,2015-11-13 09:30,73.39,73.61,72.43,72.44,11692974
1447684200,2015-11-16 09:30,72.3,73.31,72.295,73.29,7639892
1447770600,2015-11-17 09:30,73.19,73.96,72.96,73.33,9096325
1447857000,2015-11-18 09:30,73.59,74.17,73.12,74.11,8297832
1447943400,2015-11-19 09:30,74.28,74.62,74.02,74.32,6542997
1448029800,2015-11-20 09:30,74.39,75.17,74.38,75.08,7804829
1448289000,2015-11-23 09:30,75.08,75.51,74.96,75.21,5148673
1448375400,2015-11-24 09:30,75.31,75.31,74.25,74.84,9755397
1448461800,2015-11-25 09:30,74.91,75.28,74.84,75.09,4324401
1448634600,2015-11-27 09:30,74.91,75.91,74.91,75.69,3255255
1448893800,2015-11-30 09:30,75.8,76.08,74.99,75.21,12528301
1448980200,2015-12-01 09:30,75.5,76.21,75.17,76.14,9098110
1449066600,2015-12-02 09:30,75.81,76.035,74.62,74.7,8035579
1449153000,2015-12-03 09:30,74.53,74.66,73.4,73.6,14229909
1449239400,2015-12-04 09:30,73.79,75.06,73.6,74.83,9648405
1449498600,2015-12-07 09:30,74.72,75,74.35,74.63,9785588
1449585000,2015-12-08 09:30,74.3,74.76,74.1,74.45,9961037
1449671400,2015-12-09 09:30,74.04,74.85,73.6615,73.99,13820041
1449757800,2015-12-10 09:30,73.91,74.34,73.49,73.57,6709416
1449844200,2015-12-11 09:30,73.28,73.63,72.8,73.23,10311059
1450103400,2015-12-14 09:30,72.93,73.72,72.61,73.46,13501290
1450189800,2015-12-15 09:30,73.91,74.62,73.77,74.27,10914063
1450276200,2015-12-16 09:30,74.57,75.87,74.5,75.73,15076166
1450362600,2015-12-17 09:30,75.9,75.9,75.1,75.36,9570794
1450449000,2015-12-18 09:30,75.15,75.4,74.37,74.4,14399212
1450708200,2015-12-21 09:30,74.91,75.11,74.36,74.78,9353731
1450794600,2015-12-22 09:30,75.14,75.495,74.88,75.09,8286787
1450881000,2015-12-23 09:30,75.18,75.97,75.14,75.94,7034160
1450967400,2015-12-24 09:30,74.97,75.24,74.61,75,3726642
1451313000,2015-12-28 09:30,74.75,75.32,74.57,75.22,6272766
1451399400,2015-12-29 09:30,75.49,76.09,75.41,75.99,5219259
1451485800,2015-12-30 09:30,76.05,76.13,75.57,75.65,4516308
1451572200,2015-12-31 09:30,75.76,75.85,74.98,75.08,7588374
1451917800,2016-01-04 09:30,74.71,74.71,73.574,74.35,14761882
1452004200,2016-01-05 09:30,74.33,75.78,74.2401,75.57,11206903
1452090600,2016-01-06 09:30,74.95,75.44,74.83,75.32,11334577
1452177000,2016-01-07 09:30,74.23,74.64,73.62,73.64,11830873
1452263400,2016-01-08 09:30,74.22,74.3199,72.64,72.77,10708684
1452522600,2016-01-11 09:30,73.06,73.45,72.78,73.06,9585263
1452609000,2016-01-12 09:30,73.52,73.63,72.16,72.55,10252965
1452695400,2016-01-13 09:30,72.89,73.31,71.31,71.45,11502402
1452781800,2016-01-14 09:30,71.41,71.995,70.81,71.35,10981100
1452868200,2016-01-15 09:30,70.49,70.81,69.87,70.535,14280164
1453213800,2016-01-19 09:30,70.66,71.47,70.53,70.75,15626768
1453300200,2016-01-20 09:30,70,70.23,67.33,68.87,21693110
1453386600,2016-01-21 09:30,69.1,70.32,68.695,69.33,13935279
1453473000,2016-01-22 09:30,70.15,71.55,69.93,71.25,12986438
1453732200,2016-01-25 09:30,71.07,71.73,70.5,70.55,10029592
1453818600,2016-01-26 09:30,70.93,72.09,70.91,72.06,9312872
1453905000,2016-01-27 09:30,71.94,71.94,70.42,70.94,11347164
1453991400,2016-01-28 09:30,71.28,71.54,70.19,70.47,13330324
1454077800,2016-01-29 09:30,70.73,72.01,70.41,72,16412959
1454337000,2016-02-01 09:30,71.7,72.6,71.32,72.01,17044729
1454423400,2016-02-02 09:30,71.62,71.92,70.92,71.25,10321736
1454509800,2016-02-03 09:30,71.72,71.88,70.6,71.6,9725574
1454596200,2016-02-04 09:30,71.22,72.08,70.96,71.68,6837749
1454682600,2016-02-05 09:30,71.31,71.46,70.03,70.07,11681112
1454941800,2016-02-08 09:30,69.3,69.76,67.05,68.01,14661978
1455028200,2016-02-09 09:30,67.15,67.595,66.34,66.91,13482213
1455114600,2016-02-10 09:30,67.17,68.21,67.1003,67.26,9704478
1455201000,2016-02-11 09:30,66.27,66.71,65.88,66.27,12573267
1455287400,2016-02-12 09:30,66.88,67.279,66.54,67.13,9710462
1455633000,2016-02-16 09:30,67.57,68.475,67.43,68.42,7284804
1455719400,2016-02-17 09:30,68.75,69.75,68.57,69.04,8160768
1455805800,2016-02-18 09:30,69.06,69.89,68.85,69.7,7608159
1455892200,2016-02-19 09:30,69.44,70.2,69.14,69.85,7120908
1456151400,2016-02-22 09:30,70.31,71.08,70.3,70.66,9057385
1456237800,2016-02-23 09:30,70.33,71.19,70.33,70.49,4253269
1456324200,2016-02-24 09:30,70.21,70.7,69.74,70.52,5451976
1456410600,2016-02-25 09:30,70.89,71.84,70.72,71.8,6773795
1456497000,2016-02-26 09:30,71.5,72.14,71.5,71.58,6575399
1456756200,2016-02-29 09:30,71.47,72.36,71.31,71.46,8193740
1456842600,2016-03-01 09:30,71.76,73.4,71.75,73.32,15292856
1456929000,2016-03-02 09:30,72.77,73.88,72.76,73.88,6681021
1457015400,2016-03-03 09:30,73.91,74.3,73.57,74.25,6396623
1457101800,2016-03-04 09:30,74.02,74.58,73.9,74.45,5268130
1457361000,2016-03-07 09:30,74.09,74.77,73.96,74.59,8084226
1457447400,2016-03-08 09:30,75.03,75.03,73.71,73.82,7102865
1457533800,2016-03-09 09:30,73.94,74.5,73.84,74.12,3475054
1457620200,2016-03-10 09:30,74.58,74.82,73.115,73.93,8689786
1457706600,2016-03-11 09:30,74.72,75.7,74.5,75.68,9317624
1457962200,2016-03-14 09:30,75.43,75.67,75.15,75.58,5223970
1458048600,2016-03-15 09:30,75.19,75.72,75.06,75.56,7123529
1458135000,2016-03-16 09:30,75.43,76.62,75.12,76.52,8958619
1458221400,2016-03-17 09:30,76.69,77.77,76.37,77.59,9730968
1458307800,2016-03-18 09:30,77.82,77.93,77.26,77.29,7792733
1458567000,2016-03-21 09:30,77,77.45,76.66,76.79,7313812
1458653400,2016-03-22 09:30,76.54,76.99,76.33,76.81,9185793
1458739800,2016-03-23 09:30,75.93,76.02,75.36,75.37,5198919
1458826200,2016-03-24 09:30,75.09,75.48,74.72,75.43,5751968
1459171800,2016-03-28 09:30,75.58,76.21,75.37,76.01,6314839
1459258200,2016-03-29 09:30,76.38,77.55,75.82,77.52,9814886
1459344600,2016-03-30 09:30,77.8,77.9,77.34,77.4,5648080
1459431000,2016-03-31 09:30,77.33,77.96,77.26,77.86,5861147
1459517400,2016-04-01 09:30,77.51,78.04,77.305,77.91,11121177
1459776600,2016-04-04 09:30,77.94,78.1,77.54,77.8,6863405
1459863000,2016-04-05 09:30,77.38,77.63,77.13,77.36,10308604
1459949400,2016-04-06 09:30,77.29,77.625,76.91,77.55,5611941
1460035800,2016-04-07 09:30,77.28,77.55,76.75,77.13,7933205
1460122200,2016-04-08 09:30,77.44,77.87,77.4,77.57,6670659
1460381400,2016-04-11 09:30,77.67,77.98,77.435,77.47,7993545
1460467800,2016-04-12 09:30,77.65,78.15,77.445,78,8600323
1460554200,2016-04-13 09:30,78.2,78.28,77.54,77.82,7197634
1460640600,2016-04-14 09:30,77.63,77.78,77.18,77.32,5550247
1460727000,2016-04-15 09:30,77.5,78.02,77.26,77.83,6525918
1460986200,2016-04-18 09:30,77.74,78.2,77.61,78.16,6580827
1461072600,2016-04-19 09:30,78.3,78.36,77.92,78.24,5341996
1461159000,2016-04-20 09:30,77.96,78.26,77.08,77.14,11451462
1461245400,2016-04-21 09:30,76.91,77.22,75.62,75.83,12773618
1461331800,2016-04-22 09:30,76.19,76.785,76,76.64,6374109
1461591000,2016-04-25 09:30,76.33,77.14,76.33,77.12,5130501
1461677400,2016-04-26 09:30,77.3,77.8,77.15,77.4,6329645
1461763800,2016-04-27 09:30,77.36,77.56,76.62,77.38,7181841
1461850200,2016-04-28 09:30,76.85,77.68,76.85,77.2,6159979
1461936600,2016-04-29 09:30,76.58,77.01,75.82,76.56,11074571
1462195800,2016-05-02 09:30,76.26,77.77,76.201,77.58,10588186
1462282200,2016-05-03 09:30,77.39,77.49,76.862,77.41,5919518
1462368600,2016-05-04 09:30,76.89,78.61,76.89,78.45,10523707
1462455000,2016-05-05 09:30,78.26,78.85,78.25,78.75,6962958
1462541400,2016-05-06 09:30,78.65,79.55,78.31,79.52,9213638
1462800600,2016-05-09 09:30,79.67,80.3,79.59,80.16,8998680
1462887000,2016-05-10 09:30,80.5,80.5289,79.98,80.31,7216654
1462973400,2016-05-11 09:30,80.21,80.24,78.63,78.88,11123242
1463059800,2016-05-12 09:30,78.95,79.53,78.44,79.27,6421310
1463146200,2016-05-13 09:30,78.99,79.05,78.19,78.63,7285220
1463405400,2016-05-16 09:30,78.56,79.52,78.45,79.25,6116244
1463491800,2016-05-17 09:30,78.97,79.03,77.6,78.05,12037886
1463578200,2016-05-18 09:30,77.65,77.85,76.0707,76.96,13868293
1463664600,2016-05-19 09:30,76.5,76.56,75.73,76.13,9722413
1463751000,2016-05-20 09:30,76.1,76.84,76.1,76.74,8651111
1464010200,2016-05-23 09:30,76.87,77.08,76.61,76.81,7270871
1464096600,2016-05-24 09:30,77.19,77.76,77.19,77.73,8501330
1464183000,2016-05-25 09:30,77.97,77.99,77.12,77.85,6782799
1464269400,2016-05-26 09:30,77.59,78.14,77.51,77.9,7101216
1464355800,2016-05-27 09:30,77.94,78.58,77.9,78.24,5950869
1464701400,2016-05-31 09:30,78.26,78.5,77.79,78.25,9922753
1464787800,2016-06-01 09:30,77.97,78.44,77.76,78.3,13566835
1464874200,2016-06-02 09:30,78.27,78.73,77.93,78.72,6953932
1464960600,2016-06-03 09:30,79.6,79.75,78,78.96,10328738
1465219800,2016-06-06 09:30,79.08,79.22,78.15,78.47,11093212
1465306200,2016-06-07 09:30,78.59,79.21,78.59,78.95,5535533
1465392600,2016-06-08 09:30,78.76,79.41,78.69,79.37,5825073
1465479000,2016-06-09 09:30,79.22,79.57,79.07,79.49,5074642
1465565400,2016-06-10 09:30,79.3,79.4,78.93,79.1,7315474
1465824600,2016-06-13 09:30,79.04,79.66,78.9,79.04,6863300
1465911000,2016-06-14 09:30,78.95,79.16,78.41,78.61,5850105
1465997400,2016-06-15 09:30,78.71,79.63,78.67,79.33,6815992
1466083800,2016-06-16 09:30,79.13,79.78,78.82,79.73,6448509
1466170200,2016-06-17 09:30,79.66,79.75,79.0462,79.61,9294509
1466429400,2016-06-20 09:30,79.89,80.64,79.695,79.76,10090805
1466515800,2016-06-21 09:30,79.3,79.6,79.08,79.37,6669499
1466602200,2016-06-22 09:30,79.46,79.56,79.1,79.33,6439128
1466688600,2016-06-23 09:30,79.52,80,79.52,79.86,4847758
1466775000,2016-06-24 09:30,78.7,79.75,77.84,78.83,14430390
1467034200,2016-06-27 09:30,78.63,78.85,77.67,78.74,10721024
1467120600,2016-06-28 09:30,79.3,80.46,79.01,80.45,10328466
1467207000,2016-06-29 09:30,80.82,81.6,80.82,81.48,11383573
1467293400,2016-06-30 09:30,81.6,82.39,81.03,82.39,10251572
1467379800,2016-07-01 09:30,82.72,82.95,82.1,82.33,12802526
1467725400,2016-07-05 09:30,82.3,83.2,82.24,82.96,9271340
1467811800,2016-07-06 09:30,82.8,82.97,82.2,82.66,9176145
1467898200,2016-07-07 09:30,82.5,82.53,81.59,81.93,8439904
1467984600,2016-07-08 09:30,82.39,83.24,82.28,83.14,6783175
1468243800,2016-07-11 09:30,83.38,83.86,82.8,83.74,7621273
1468330200,2016-07-12 09:30,83.31,83.89,83.19,83.84,10153611
1468416600,2016-07-13 09:30,84,84.2,83.65,84.19,8052003
1468503000,2016-07-14 09:30,83.92,84.09,83.4,83.57,8967201
1468589400,2016-07-15 09:30,83.16,83.7,83.07,83.64,8375832
1468848600,2016-07-18 09:30,83.63,83.86,83.53,83.85,4564388
1468935000,2016-07-19 09:30,83.9,84.23,83.46,84.23,6164171
1469021400,2016-07-20 09:30,84.22,84.28,83.93,84.21,5427248
1469107800,2016-07-21 09:30,83.98,84.41,83.72,84.33,6274842
1469194200,2016-07-22 09:30,84.09,85.27,84.09,85.03,6486686
1469453400,2016-07-25 09:30,85.1,85.5901,84.585,84.95,3462948
1469539800,2016-07-26 09:30,84.83,85,84.33,84.56,3788657
1469626200,2016-07-27 09:30,84.35,84.46,83.27,83.96,6644937
1469712600,2016-07-28 09:30,83.9,84.85,83.6,84.58,5188797
1469799000,2016-07-29 09:30,84.77,85.8,84.41,85.4,8250686
1470058200,2016-08-01 09:30,85.5,85.785,85.32,85.7,6392057
1470144600,2016-08-02 09:30,85.44,85.74,84.3,84.4,9270674
1470231000,2016-08-03 09:30,84.4,84.56,83.63,84.04,6842086
1470317400,2016-08-04 09:30,83.93,84.21,83.59,83.84,6382133
1470403800,2016-08-05 09:30,83.8,84.11,83.53,83.95,8832984
1470663000,2016-08-08 09:30,83.87,84.39,83.74,84.03,6819901
1470749400,2016-08-09 09:30,83.96,84.35,83.55,84.34,5204337
1470835800,2016-08-10 09:30,84.22,84.73,84.02,84.23,6626338
1470922200,2016-08-11 09:30,84.27,84.32,83.08,83.43,7592294
1471008600,2016-08-12 09:30,83.96,84.38,83.55,83.66,6637794
1471267800,2016-08-15 09:30,83.51,84.08,83.51,83.6,5101882
1471354200,2016-08-16 09:30,83.39,83.49,82.51,82.62,6807692
1471440600,2016-08-17 09:30,82.79,82.98,81.95,82.86,10686650
1471527000,2016-08-18 09:30,82.93,83.14,82.21,82.62,5918264
1471613400,2016-08-19 09:30,82.15,82.53,81.795,82.02,6537999
1471872600,2016-08-22 09:30,82.19,82.51,82.0189,82.44,6701227
1471959000,2016-08-23 09:30,82.96,82.99,82.57,82.62,4882586
1472045400,2016-08-24 09:30,82.64,82.72,81.921,82.22,4554384
1472131800,2016-08-25 09:30,82.11,83.06,82.11,82.52,5365786
1472218200,2016-08-26 09:30,82.59,83.2,81.24,81.75,11479533
1472477400,2016-08-29 09:30,82.64,82.78,81.92,82.52,4256907
1472563800,2016-08-30 09:30,82.6,82.71,81.8,82.38,5069042
1472650200,2016-08-31 09:30,82.38,82.74,82.08,82.54,6966983
1472736600,2016-09-01 09:30,82.48,82.64,81.95,82.4,9000431
1472823000,2016-09-02 09:30,82.67,83.9,82.64,83.06,7591742
1473168600,2016-09-06 09:30,83.16,83.71,82.78,83.65,9713976
1473255000,2016-09-07 09:30,83.77,84.23,83.37,84.13,7966284
1473341400,2016-09-08 09:30,83.83,83.99,83.14,83.17,6694888
1473427800,2016-09-09 09:30,81.86,82.11,79.86,79.86,17349427
1473687000,2016-09-12 09:30,79.51,81.19,79.51,80.83,13320179
1473773400,2016-09-13 09:30,80.34,80.48,78.67,78.86,14340884
1473859800,2016-09-14 09:30,79.03,79.6,78.8201,79.1,7384264
1473946200,2016-09-15 09:30,79.06,79.62,78.68,79.46,7345657
1474032600,2016-09-16 09:30,79.22,79.5,78.9,79.38,10133651
1474291800,2016-09-19 09:30,79.65,80.21,79.6,80.13,6199185
1474378200,2016-09-20 09:30,80.75,80.75,79.97,80,7847734
1474464600,2016-09-21 09:30,80.13,81.12,79.13,80.92,12499377
1474551000,2016-09-22 09:30,81.71,82.55,81.66,82.49,10324092
1474637400,2016-09-23 09:30,82.35,84.36,81.64,82.7,9020842
1474896600,2016-09-26 09:30,81.8,82.31,81.52,82.1,5762075
1474983000,2016-09-27 09:30,82.31,82.38,81.28,81.46,6379720
1475069400,2016-09-28 09:30,81.61,82.03,81.26,81.91,4672855
1475155800,2016-09-29 09:30,81.67,81.87,80.72,81.03,7136008
1475242200,2016-09-30 09:30,81.51,81.77,80.57,80.64,9896517
1475501400,2016-10-03 09:30,80.23,80.34,79.085,79.18,15512631
1475587800,2016-10-04 09:30,79.25,79.25,77.65,78.04,11730815
1475674200,2016-10-05 09:30,78.25,78.5944,76.5,76.53,15890011
1475760600,2016-10-06 09:30,76.35,77.18,75.6,76.66,13203334
1475847000,2016-10-07 09:30,77.15,77.81,76.14,76.55,10977078
1476106200,2016-10-10 09:30,76.61,77.28,76.61,77,5210355
1476192600,2016-10-11 09:30,76.83,77.02,76.06,76.23,8292701
1476279000,2016-10-12 09:30,76.47,77.33,76.07,77.26,4880741
1476365400,2016-10-13 09:30,77.04,77.89,76.73,77.69,9980340
1476451800,2016-10-14 09:30,77.52,78.29,77.31,77.43,9223816
1476711000,2016-10-17 09:30,77.6,78.03,77.5,77.53,5460783
1476797400,2016-10-18 09:30,77.98,78.5,77.79,78.06,4949272
1476883800,2016-10-19 09:30,78.1,78.39,77.68,78.39,4842884
1476970200,2016-10-20 09:30,78.26,78.6,77.665,78.09,3795605
1477056600,2016-10-21 09:30,77.62,78.09,77.43,77.99,4456544
1477315800,2016-10-24 09:30,78.24,78.92,77.89,78.2,5336490
1477402200,2016-10-25 09:30,78.04,78.17,77.73,78.05,3608955
1477488600,2016-10-26 09:30,77.66,77.81,76.67,77.14,8385530
1477575000,2016-10-27 09:30,76.99,77,75.17,75.37,12575218
1477661400,2016-10-28 09:30,75.37,76.12,75.26,75.52,7028366
1477920600,2016-10-31 09:30,75.95,76.71,75.53,76.64,9920819
1478007000,2016-11-01 09:30,76.24,76.31,74.74,74.95,13173286
1478093400,2016-11-02 09:30,74.88,75.01,73.89,73.99,11959262
1478179800,2016-11-03 09:30,74.03,74.15,73.44,73.56,8040735
1478266200,2016-11-04 09:30,73.55,74.23,73.36,73.95,9855603
1478529000,2016-11-07 09:30,74.65,75.26,74.6301,75.16,12150895
1478615400,2016-11-08 09:30,75.14,75.83,74.9282,75.62,6871430
1478701800,2016-11-09 09:30,73.9,74.85,73.05,74.2203,18535410
1478788200,2016-11-10 09:30,74.03,74.17,72.11,72.87,26429675
1478874600,2016-11-11 09:30,72.79,74.02,72.7,73.26,10174247
1479133800,2016-11-14 09:30,73,74.77,72.52,74.5,19173626
1479220200,2016-11-15 09:30,74.88,75.37,73.743,74.23,10743894
1479306600,2016-11-16 09:30,74.1,74.48,73.61,74.07,7474549
1479393000,2016-11-17 09:30,73.98,74.57,73.43,73.46,10301427
1479479400,2016-11-18 09:30,73.64,73.94,73.29,73.68,6874920
1479738600,2016-11-21 09:30,74.01,74.51,73.58,73.69,8474996
1479825000,2016-11-22 09:30,73.92,74.99,73.86,74.95,7707061
1479911400,2016-11-23 09:30,74.05,74.665,73.98,74.54,8504055
1480084200,2016-11-25 09:30,74.56,75.3,74.56,74.92,3487635
1480343400,2016-11-28 09:30,74.89,75.69,74.88,75.18,7222310
1480429800,2016-11-29 09:30,75.27,76.12,75.2,75.8,7662427
1480516200,2016-11-30 09:30,75.17,75.465,74.61,74.85,10068917
1480602600,2016-12-01 09:30,74.29,74.68,73.39,73.67,12051609
1480689000,2016-12-02 09:30,74.1,75.144,74.1,74.45,7779620
1480948200,2016-12-05 09:30,74.6,75.15,74.33,75.04,9684390
1481034600,2016-12-06 09:30,75.22,75.82,74.995,75.52,7492674
1481121000,2016-12-07 09:30,75.55,77.05,75.49,76.99,10029926
1481207400,2016-12-08 09:30,76.39,77.625,76.39,77.38,8365518
1481293800,2016-12-09 09:30,77.38,77.99,77.21,77.32,7254723
1481553000,2016-12-12 09:30,77.17,77.86,77.01,77.8,11162565
1481639400,2016-12-13 09:30,78.12,78.22,77.305,77.8,10695454
1481725800,2016-12-14 09:30,77.89,78.07,76.14,76.36,15504265
1481812200,2016-12-15 09:30,76.35,76.67,75.57,75.79,10382214
1481898600,2016-12-16 09:30,76.04,77.25,76.04,76.8,9811583
1482157800,2016-12-19 09:30,77.2,77.85,77.13,77.65,10510453
1482244200,2016-12-20 09:30,77.62,78.4,77.3,77.79,6843791
1482330600,2016-12-21 09:30,76.77,77.18,75.72,75.77,8885753
1482417000,2016-12-22 09:30,75.51,75.73,74.97,75.63,4245051
1482503400,2016-12-23 09:30,75.82,75.87,75.5,75.83,2930944
1482849000,2016-12-27 09:30,76.04,76.13,75.62,75.92,2740000
1482935400,2016-12-28 09:30,76.1,76.1,75.16,75.47,5386583
1483021800,2016-12-29 09:30,75.65,76.42,75.3381,76.22,5736236
1483108200,2016-12-30 09:30,76.33,77.09,75.96,76.94,5978898
1483453800,2017-01-03 09:30,77.14,77.32,76.68,77.25,6305079
1483540200,2017-01-04 09:30,77.23,78.45,77.23,78.31,10804582
1483626600,2017-01-05 09:30,77.81,78.63,77.42,78.58,9419615
1483713000,2017-01-06 09:30,78.09,78.83,78.09,78.41,6768288
1483972200,2017-01-09 09:30,78.61,78.72,77.81,77.89,6589372
1484058600,2017-01-10 09:30,77.86,77.9689,77.13,77.16,7720815
1484145000,2017-01-11 09:30,77.15,77.38,76.77,76.83,8190600
1484231400,2017-01-12 09:30,76.85,77.2,76.21,77.18,9531732
1484317800,2017-01-13 09:30,77.13,77.47,76.82,77.1,5200072
1484663400,2017-01-17 09:30,77.36,77.69,77.21,77.62,6829212
1484749800,2017-01-18 09:30,77.62,78.01,77.49,77.75,5592230
1484836200,2017-01-19 09:30,77.33,77.52,76.79,76.94,9277873
1484922600,2017-01-20 09:30,76.95,77.49,76.85,77.43,7716596
1485181800,2017-01-23 09:30,77.45,78.16,77.35,78.02,5135921
1485268200,2017-01-24 09:30,77.99,78.3799,77.73,78.2,6270243
1485354600,2017-01-25 09:30,78.05,78.43,77.56,77.78,7830023
1485441000,2017-01-26 09:30,77.86,78.2,77.57,77.7,5819729
1485527400,2017-01-27 09:30,77.84,77.98,76.7,76.97,5415770
1485786600,2017-01-30 09:30,76.8,76.85,76.23,76.44,5317864
1485873000,2017-01-31 09:30,76.13,77.4,76.08,77.04,7263331
1485959400,2017-02-01 09:30,76.89,77.43,76.11,76.13,9419369
1486045800,2017-02-02 09:30,76.24,77.075,76.21,76.98,7063002
1486132200,2017-02-03 09:30,77.41,77.85,77.23,77.5,7572139
1486391400,2017-02-06 09:30,77.69,77.7,77.12,77.24,6787255
1486477800,2017-02-07 09:30,77.47,77.61,77.005,77.13,4041110
1486564200,2017-02-08 09:30,77.45,77.81,77.11,77.69,7792170
1486650600,2017-02-09 09:30,77.74,78.03,77.61,77.93,3932787
1486737000,2017-02-10 09:30,77.79,78.57,77.74,78.53,6092069
1486996200,2017-02-13 09:30,78.65,78.92,78.29,78.79,6678917
1487082600,2017-02-14 09:30,78.59,78.64,77.78,78.35,8255268
1487169000,2017-02-15 09:30,77.93,78.34,77.5,78.28,10263637
1487255400,2017-02-16 09:30,78.35,79.12,78.13,78.65,8259858
1487341800,2017-02-17 09:30,78.82,78.93,78.27,78.78,6812858
1487687400,2017-02-21 09:30,78.66,79.83,78.355,79.77,8555759
1487773800,2017-02-22 09:30,79.81,80.06,79.16,79.57,8048964
1487860200,2017-02-23 09:30,79.85,80.02,79.29,79.91,7428321
1487946600,2017-02-24 09:30,79.88,80.38,79.53,80.31,6302088
1488205800,2017-02-27 09:30,80.47,81.02,80.31,80.73,5330270
1488292200,2017-02-28 09:30,80.72,80.73,80.2,80.41,6795428
1488378600,2017-03-01 09:30,80,80.55,79.7721,80.16,10800594
1488465000,2017-03-02 09:30,79.99,80.12,79.6058,79.83,5007184
1488551400,2017-03-03 09:30,79.69,79.82,78.88,79.64,7677589
1488810600,2017-03-06 09:30,79.4,79.59,78.9,79.27,9243899
1488897000,2017-03-07 09:30,79.16,79.23,78.6,78.93,4543242
1488983400,2017-03-08 09:30,78.62,78.65,77.61,77.72,9504158
1489069800,2017-03-09 09:30,77.67,77.99,76.49,76.73,8784960
1489156200,2017-03-10 09:30,77.07,77.63,76.195,76.54,11824082
1489411800,2017-03-13 09:30,76.68,77.11,76.475,76.66,8000744
1489498200,2017-03-14 09:30,76.63,76.78,76.2,76.59,6565286
1489584600,2017-03-15 09:30,76.78,78.38,76.69,78,11876113
1489671000,2017-03-16 09:30,77.87,78.36,77.74,77.87,6476303
1489757400,2017-03-17 09:30,78.07,78.43,77.8,78.2,10065176
1490016600,2017-03-20 09:30,78.25,78.465,78.02,78.17,5866597
1490103000,2017-03-21 09:30,78.31,78.595,77.84,77.92,6592467
1490189400,2017-03-22 09:30,78.16,78.16,77.29,77.96,7913082
1490275800,2017-03-23 09:30,77.99,79.05,77.86,78.54,8322002
1490362200,2017-03-24 09:30,78,78.19,77.6,77.74,7585014
1490621400,2017-03-27 09:30,77.53,77.85,76.92,77.21,6831741
1490707800,2017-03-28 09:30,77.05,77.62,76.74,77.55,4988268
1490794200,2017-03-29 09:30,77.68,77.92,77.31,77.89,3844813
1490880600,2017-03-30 09:30,77.89,78.175,77.35,78.12,4305357
1490967000,2017-03-31 09:30,78.15,78.71,78.01,78.49,9809841
1491226200,2017-04-03 09:30,78.6,78.69,78.27,78.56,7248965
1491312600,2017-04-04 09:30,78.53,78.96,78.32,78.49,6348632
1491399000,2017-04-05 09:30,78.62,79.04,78.5,78.51,7306071
1491485400,2017-04-06 09:30,78.57,79.11,78.16,79.05,6964847
1491571800,2017-04-07 09:30,79.13,79.43,78.91,79.14,5327879
1491831000,2017-04-10 09:30,79.26,79.72,78.86,79.69,6903603
1491917400,2017-04-11 09:30,79.77,80.215,79.61,80.13,9852535
1492003800,2017-04-12 09:30,80.08,80.31,79.83,79.95,4267901
1492090200,2017-04-13 09:30,79.96,80.15,79.75,79.79,3295203
1492435800,2017-04-17 09:30,80.09,80.81,79.88,80.79,8190132
1492522200,2017-04-18 09:30,80.79,81.02,80.65,80.98,4977953
1492608600,2017-04-19 09:30,80.95,81.185,80.73,80.85,5894428
1492695000,2017-04-20 09:30,80.63,80.965,80.4,80.9,10398635
1492781400,2017-04-21 09:30,80.74,80.905,80.465,80.58,6489354
1493040600,2017-04-24 09:30,80.96,81.06,79.29,79.88,10788452
1493127000,2017-04-25 09:30,79.92,80.24,79.77,80.11,5198394
1493213400,2017-04-26 09:30,80,80.195,79.42,79.58,6893162
1493299800,2017-04-27 09:30,79.67,80.13,79.52,79.67,5482143
1493386200,2017-04-28 09:30,79.53,79.71,78.7,78.93,10135454
1493645400,2017-05-01 09:30,79.03,79.55,78.7375,79.41,8783497
1493731800,2017-05-02 09:30,79.51,79.64,79.01,79.21,9063324
1493818200,2017-05-03 09:30,79.05,79.34,78.075,78.26,8193048
1493904600,2017-05-04 09:30,77.79,78.04,77.19,77.92,8797116
1493991000,2017-05-05 09:30,78.08,78.71,78.01,78.67,5709752
1494250200,2017-05-08 09:30,78.7,78.92,77.84,78.22,8098206
1494336600,2017-05-09 09:30,78.2,78.29,77.52,77.8,6412804
1494423000,2017-05-10 09:30,77.76,78.4968,77.58,78.22,5800622
1494509400,2017-05-11 09:30,77.94,77.96,77.31,77.8,7453782
1494595800,2017-05-12 09:30,77.94,77.96,77.48,77.59,4250546
1494855000,2017-05-15 09:30,77.61,78.405,77.61,77.87,7994269
1494941400,2017-05-16 09:30,77.81,77.98,77.32,77.43,5961386
1495027800,2017-05-17 09:30,77.4,78.18,77.38,77.84,8283724
1495114200,2017-05-18 09:30,77.8,78.23,77.23,78.05,5276537
1495200600,2017-05-19 09:30,78.09,78.88,77.75,78.51,4662225
1495459800,2017-05-22 09:30,78.71,79.01,78.41,78.74,5983263
1495546200,2017-05-23 09:30,78.95,79.245,78.72,78.92,3021598
1495632600,2017-05-24 09:30,79.02,79.55,78.99,79.45,4769872
1495719000,2017-05-25 09:30,79.55,79.97,79.34,79.62,4379283
1495805400,2017-05-26 09:30,79.77,79.81,78.95,79.13,4014159
1496151000,2017-05-30 09:30,79.18,79.3,78.82,78.82,3242616
1496237400,2017-05-31 09:30,78.99,79.24,78.59,78.84,8699837
1496323800,2017-06-01 09:30,78.67,79.4,78.49,79.16,12433381
1496410200,2017-06-02 09:30,79.85,80.17,79.57,79.94,7188011
1496669400,2017-06-05 09:30,79.75,79.91,79.37,79.69,5909264
1496755800,2017-06-06 09:30,79.64,79.64,79.19,79.29,4544845
1496842200,2017-06-07 09:30,79.27,79.74,79.2463,79.62,4284630
1496928600,2017-06-08 09:30,79.63,79.75,78.78,79.49,6993923
1497015000,2017-06-09 09:30,79.64,80.17,79.21,80,5393760
1497274200,2017-06-12 09:30,79.81,80.53,79.7,80.53,9685777
1497360600,2017-06-13 09:30,80.47,80.75,80.21,80.7,6308331
1497447000,2017-06-14 09:30,81.18,81.42,80.64,80.96,6634608
1497533400,2017-06-15 09:30,80.91,81.44,80.41,81.24,5414638
1497619800,2017-06-16 09:30,81.28,81.376,80.82,81.19,13816647
1497879000,2017-06-19 09:30,81.25,81.35,80.91,81.33,8272489
1497965400,2017-06-20 09:30,81.38,81.53,80.57,81.06,6433807
1498051800,2017-06-21 09:30,81.01,81.17,80.37,80.74,3503493
1498138200,2017-06-22 09:30,80.71,81.08,80.47,80.9,5736788
1498224600,2017-06-23 09:30,80.98,81.57,80.89,81.22,8753694
1498483800,2017-06-26 09:30,81.44,81.94,81.22,81.74,12060501
1498570200,2017-06-27 09:30,80.89,81.32,80.465,80.54,8252200
1498656600,2017-06-28 09:30,80.44,80.915,80.385,80.65,4818500
1498743000,2017-06-29 09:30,80.18,80.59,79.57,79.77,9719819
1498829400,2017-06-30 09:30,80.11,80.33,79.58,79.77,7245421
1499088600,2017-07-03 09:30,80.08,80.74,79.88,80.62,7238312
1499261400,2017-07-05 09:30,80.73,80.73,79.5,79.71,9013045
1499347800,2017-07-06 09:30,79.29,79.45,78.21,78.32,9556172
1499434200,2017-07-07 09:30,78.31,78.9,78.21,78.7,4878617
1499693400,2017-07-10 09:30,78.81,78.989,78.04,78.12,5061295
1499779800,2017-07-11 09:30,78.21,78.22,77.52,78.03,6884619
1499866200,2017-07-12 09:30,78.67,79.325,78.525,79.01,7192269
1499952600,2017-07-13 09:30,79.05,79.27,78.89,79.04,4048616
1500039000,2017-07-14 09:30,79.61,79.96,79.44,79.84,4688274
1500298200,2017-07-17 09:30,79.99,80.31,79.66,80.16,4195169
1500384600,2017-07-18 09:30,80.21,80.29,79.86,79.96,6258573
1500471000,2017-07-19 09:30,79.94,80.6,79.79,80.6,4150045
1500557400,2017-07-20 09:30,80.77,80.9116,80.24,80.28,6707459
1500643800,2017-07-21 09:30,80.26,80.45,80.02,80.45,4461623
1500903000,2017-07-24 09:30,80.37,80.49,79.94,80.24,3506894
1500989400,2017-07-25 09:30,80.02,80.38,79.84,80.34,5185068
1501075800,2017-07-26 09:30,80.21,81.01,80.17,80.77,6179028
1501162200,2017-07-27 09:30,80.67,81.1,80.091,80.84,6891391
1501248600,2017-07-28 09:30,80.72,81.02,80.5,80.67,4834532
1501507800,2017-07-31 09:30,80.8,80.83,80.11,80.66,7783711
1501594200,2017-08-01 09:30,81.02,81.32,80.49,81.02,8396383
1501680600,2017-08-02 09:30,80.75,80.87,80.24,80.51,6072168
1501767000,2017-08-03 09:30,80.42,80.73,80.1,80.23,5425801
1501853400,2017-08-04 09:30,80.25,80.73,80.21,80.5,6411586
1502112600,2017-08-07 09:30,80.47,80.63,80.16,80.56,5017711
1502199000,2017-08-08 09:30,80.01,80.44,79.88,80.12,7241467
1502285400,2017-08-09 09:30,80.3,80.3,79.77,79.98,4726508
1502371800,2017-08-10 09:30,79.75,80,79.35,79.37,4871480
1502458200,2017-08-11 09:30,79.37,79.53,78.665,78.99,7364481
1502717400,2017-08-14 09:30,79.25,80.31,79.21,80.2,9812456
1502803800,2017-08-15 09:30,79.78,80.03,79.51,79.97,5192593
1502890200,2017-08-16 09:30,80.03,80.53,80.02,80.32,6831757
1502976600,2017-08-17 09:30,80.13,80.49,79.74,79.77,5811764
1503063000,2017-08-18 09:30,79.48,79.56,78.97,79.18,8746041
1503322200,2017-08-21 09:30,79.29,80.07,79.065,79.89,4791316
1503408600,2017-08-22 09:30,80.03,80.2,79.62,79.82,4997938
1503495000,2017-08-23 09:30,79.78,80.635,79.67,80.48,3743466
1503581400,2017-08-24 09:30,80.72,81.08,80.37,80.4,3041064
1503667800,2017-08-25 09:30,80.7,81.06,80.41,80.78,5378052
1503927000,2017-08-28 09:30,80.94,80.94,80.145,80.37,3669812
1504013400,2017-08-29 09:30,80.3,80.62,80.1801,80.25,3815044
1504099800,2017-08-30 09:30,80.09,80.7,79.88,80.68,3266332
1504186200,2017-08-31 09:30,80.82,81.44,80.8,81.2,7960472
1504272600,2017-09-01 09:30,81.25,81.59,81.09,81.21,7941792
1504618200,2017-09-05 09:30,81.35,81.56,80.65,81.04,7662212
1504704600,2017-09-06 09:30,81.23,81.66,81.13,81.2,3943989
1504791000,2017-09-07 09:30,81.38,81.83,81.24,81.73,7309725
1504877400,2017-09-08 09:30,81.58,81.97,81.45,81.68,3636113
1505136600,2017-09-11 09:30,81.98,82.425,81.72,82.37,5891215
1505223000,2017-09-12 09:30,82.29,82.37,81.26,81.54,8297921
1505309400,2017-09-13 09:30,81.53,81.56,80.99,81.24,3795649
1505395800,2017-09-14 09:30,81.2,81.77,80.87,81.74,4584113
1505482200,2017-09-15 09:30,81.78,82.09,81.35,82.08,11301505
1505741400,2017-09-18 09:30,81.93,82.13,81.4,81.64,4952328
1505827800,2017-09-19 09:30,81.66,81.69,80.87,81.01,6087170
1505914200,2017-09-20 09:30,81.12,81.29,80.41,80.81,6771562
1506000600,2017-09-21 09:30,80.75,81.175,80.55,80.55,7963953
1506087000,2017-09-22 09:30,80.52,80.89,80.01,80.07,6471853
1506346200,2017-09-25 09:30,80.2,80.76,80.16,80.5,4983733
1506432600,2017-09-26 09:30,79.91,80.07,79.73,79.84,6180519
1506519000,2017-09-27 09:30,79.48,79.78,78.97,79.2,7488341
1506605400,2017-09-28 09:30,79.06,79.86,79.04,79.79,7166098
1506691800,2017-09-29 09:30,79.78,79.98,79.54,79.88,5569371
1506951000,2017-10-02 09:30,80.01,80.12,79.65,79.72,10777145
1507037400,2017-10-03 09:30,79.73,79.88,79.57,79.78,2816646
1507123800,2017-10-04 09:30,79.78,80.35,79.5801,80.29,3594869
1507210200,2017-10-05 09:30,80.34,80.87,80.08,80.54,7336750
1507296600,2017-10-06 09:30,80.25,80.3,79.57,80.25,4752360
1507555800,2017-10-09 09:30,80.28,80.557,80.19,80.41,2042909
1507642200,2017-10-10 09:30,80.49,81.02,80.365,80.52,4599872
1507728600,2017-10-11 09:30,80.62,81.04,80.3,80.86,5553519
1507815000,2017-10-12 09:30,80.85,81.395,80.83,81.39,3952201
1507901400,2017-10-13 09:30,81.69,81.775,81.24,81.57,2814889
1508160600,2017-10-16 09:30,81.54,81.62,81.12,81.16,6232471
1508247000,2017-10-17 09:30,81.16,81.36,81.02,81.23,3077718
1508333400,2017-10-18 09:30,81,81.4,80.92,81.14,4559371
1508419800,2017-10-19 09:30,81.13,81.31,80.77,81.08,3359603
1508506200,2017-10-20 09:30,80.98,81.12,80.5515,80.82,6599266
1508765400,2017-10-23 09:30,80.96,81.01,80.355,80.44,5818396
1508851800,2017-10-24 09:30,80.39,80.58,79.75,80.04,4442553
1508938200,2017-10-25 09:30,79.65,80.01,79.255,79.73,7746537
1509024600,2017-10-26 09:30,79.84,80.3,79.05,79.24,6419972
1509111000,2017-10-27 09:30,79.42,79.76,78.76,79.6,6527034
1509370200,2017-10-30 09:30,79.68,80.09,79.435,79.77,3909654
1509456600,2017-10-31 09:30,79.77,79.96,79.21,79.92,4418571
1509543000,2017-11-01 09:30,80.05,80.31,79.83,79.98,5343146
1509629400,2017-11-02 09:30,80.16,80.9,80.03,80.48,6501628
1509715800,2017-11-03 09:30,80.01,80.62,79.81,80.43,3662537
1509978600,2017-11-06 09:30,80.75,81.59,80.54,81.36,11050989
1510065000,2017-11-07 09:30,81.41,82.13,81.4099,81.94,8746791
1510151400,2017-11-08 09:30,81.85,82.59,81.77,82.49,8219777
1510237800,2017-11-09 09:30,82.07,82.88,82.04,82.46,5785147
1510324200,2017-11-10 09:30,82.04,82.69,81.81,82.51,4002667
1510583400,2017-11-13 09:30,82.65,82.95,82.43,82.81,7762377
1510669800,2017-11-14 09:30,82.63,83,82.45,82.68,6076068
1510756200,2017-11-15 09:30,82.64,82.87,81.94,81.97,8953544
1510842600,2017-11-16 09:30,81.93,82.63,81.93,82.52,10909604
1510929000,2017-11-17 09:30,82.25,82.55,82.04,82.14,5042622
1511188200,2017-11-20 09:30,82.21,82.27,81.86,81.97,4312168
1511274600,2017-11-21 09:30,82.18,82.76,82.09,82.56,11636210
1511361000,2017-11-22 09:30,82.29,82.59,82.16,82.33,3216938
1511533800,2017-11-24 09:30,82.43,82.6375,82.405,82.5,1742507
1511793000,2017-11-27 09:30,82.71,82.76,82.16,82.16,4947526
1511879400,2017-11-28 09:30,82.16,82.3,81.62,81.98,9764082
1511965800,2017-11-29 09:30,81.82,82.07,81.47,81.88,6179262
1512052200,2017-11-30 09:30,81.95,82.17,81.73,81.97,8833345
1512138600,2017-12-01 09:30,82.03,82.35,81.36,82.12,9899753
1512397800,2017-12-04 09:30,82.22,82.57,81.45,81.49,9085297
1512484200,2017-12-05 09:30,81.48,81.62,80.999,81.01,9503307
1512570600,2017-12-06 09:30,81.13,81.3,80.65,80.98,3812906
1512657000,2017-12-07 09:30,81.18,81.44,80.81,81.31,5995079
1512743400,2017-12-08 09:30,81.46,81.73,81.3,81.58,3941873
1513002600,2017-12-11 09:30,81.58,81.69,81.35,81.67,4000379
1513089000,2017-12-12 09:30,81.88,82.21,81.44,82,6639130
1513175400,2017-12-13 09:30,82.07,82.53,82,82.17,6450215
1513261800,2017-12-14 09:30,82.17,82.43,81.835,82.12,5853328
1513348200,2017-12-15 09:30,82.23,82.65,82.22,82.46,7882575
1513607400,2017-12-18 09:30,82.49,83.27,82.49,82.92,6699313
1513693800,2017-12-19 09:30,82.16,82.27,80.345,80.47,11906068
1513780200,2017-12-20 09:30,80.39,80.61,79.61,79.63,8029972
1513866600,2017-12-21 09:30,79.9,79.92,79.28,79.34,7529472
1513953000,2017-12-22 09:30,79.62,79.955,79.34,79.84,4957810
1514298600,2017-12-26 09:30,79.8,80.44,79.73,80.23,4963258
1514385000,2017-12-27 09:30,80.36,80.7,80.24,80.52,6613454
1514471400,2017-12-28 09:30,80.58,81.03,80.34,80.99,6764898
1514557800,2017-12-29 09:30,81.15,81.28,80.865,81.01,4272134
1514903400,2018-01-02 09:30,81.07,81.19,80.47,80.6,7091617
1514989800,2018-01-03 09:30,80.7,80.84,80.27,80.47,4625677
1515076200,2018-01-04 09:30,80.54,80.55,79.19,79.21,12178318
1515162600,2018-01-05 09:30,79.46,79.46,79.09,79.29,9630170
1515421800,2018-01-08 09:30,79.39,79.9,79.31,79.74,4756634
1515508200,2018-01-09 09:30,79.79,79.92,78.82,78.82,10440053
1515594600,2018-01-10 09:30,78.5,78.615,77.48,77.86,8933716
1515681000,2018-01-11 09:30,78.07,78.21,77.39,77.59,5031900
1515767400,2018-01-12 09:30,77.45,77.57,76.82,76.96,8923782
1516113000,2018-01-16 09:30,77.27,78.425,77.14,77.17,9984515
1516199400,2018-01-17 09:30,77.44,77.87,77.195,77.72,5153355
1516285800,2018-01-18 09:30,77.5,77.64,76.83,76.96,5191497
1516372200,2018-01-19 09:30,77.03,77.48,76.81,77.46,6809009
1516631400,2018-01-22 09:30,77.53,78.16,77.45,78.09,10181897
1516717800,2018-01-23 09:30,78.3,79.19,78.3,79.17,7584746
1516804200,2018-01-24 09:30,78.9,79.26,78.59,78.89,7675135
1516890600,2018-01-25 09:30,78.8,78.95,78.355,78.74,5540152
1516977000,2018-01-26 09:30,78.88,78.99,78.26,78.77,6799171
1517236200,2018-01-29 09:30,78.48,78.69,77.73,77.76,6094757
1517322600,2018-01-30 09:30,77.45,77.691,77.14,77.34,5870095
1517409000,2018-01-31 09:30,77.65,78.62,77.35,78.56,12267433
1517495400,2018-02-01 09:30,78.4,78.94,77.18,77.25,11449972
1517581800,2018-02-02 09:30,76.69,77.01,75.97,76.46,9794635
1517841000,2018-02-05 09:30,76.21,76.82,74,74,12593508
1517927400,2018-02-06 09:30,73.36,74.73,72.73,74.26,17411460
1518013800,2018-02-07 09:30,74.09,75.34,73.93,73.97,9642057
1518100200,2018-02-08 09:30,73.81,74.49,71.76,71.79,18137766
1518186600,2018-02-09 09:30,72.25,73.91,71.265,73.28,14993066
1518445800,2018-02-12 09:30,73.67,73.89,71.71,73.5,13618899
1518532200,2018-02-13 09:30,73.45,74.28,73.0299,74.06,8520837
1518618600,2018-02-14 09:30,73.58,74.11,72.62,73.7,11068170
1518705000,2018-02-15 09:30,73.9,74.61,73.63,74.43,9783956
1518791400,2018-02-16 09:30,74.52,75.33,74.5,75.06,10139458
1519137000,2018-02-20 09:30,74.71,75.37,74.095,74.13,9230144
1519223400,2018-02-21 09:30,74.11,74.67,72.88,72.9,9814036
1519309800,2018-02-22 09:30,73.19,74.18,73.05,73.58,8770269
1519396200,2018-02-23 09:30,73.99,74.86,73.71,74.83,7871538
1519655400,2018-02-26 09:30,75.2,75.25,74.64,75.09,6058004
1519741800,2018-02-27 09:30,75.15,75.22,73.5,73.51,10466889
1519828200,2018-02-28 09:30,73.91,74.37,73.33,73.33,6702624
1519914600,2018-03-01 09:30,73.24,74.08,72.75,73.1,14216812
1520001000,2018-03-02 09:30,72.85,73.07,72.26,72.97,6744501
1520260200,2018-03-05 09:30,72.6,74.19,72.6,73.79,11811053
1520346600,2018-03-06 09:30,73.82,74.45,73.44,74.26,7440171
1520433000,2018-03-07 09:30,73.92,74.74,73.731,74.64,8993596
1520519400,2018-03-08 09:30,74.7,75.1,74.5,75.02,8446847
1520605800,2018-03-09 09:30,75.14,75.49,74.65,75.49,7660121
1520861400,2018-03-12 09:30,75.46,76.03,75.34,75.87,6980216
1520947800,2018-03-13 09:30,76.23,76.41,75.73,75.99,6437297
1521034200,2018-03-14 09:30,76.12,76.35,75.68,76.05,5750412
1521120600,2018-03-15 09:30,76.13,76.3855,75.65,76.03,9157313
1521207000,2018-03-16 09:30,75.94,76.59,75.76,76.48,10879587
1521466200,2018-03-19 09:30,76.38,76.45,75.33,75.77,8155629
1521552600,2018-03-20 09:30,75.78,76.27,75.4,75.71,6567070
1521639000,2018-03-21 09:30,75.64,75.93,74.73,75.13,7839270
1521725400,2018-03-22 09:30,74.33,75.28,74.06,74.08,9099453
1521811800,2018-03-23 09:30,74.02,74.34,72.75,72.9,10044026
1522071000,2018-03-26 09:30,73.5,73.95,73.05,73.82,6054873
1522157400,2018-03-27 09:30,73.94,74.985,73.19,74.02,10805600
1522243800,2018-03-28 09:30,74.36,75.67,74.021,75.45,15032407
1522330200,2018-03-29 09:30,75.6,75.83,75.19,75.47,9080109
1522675800,2018-04-02 09:30,75.43,75.665,73.99,74.43,11055462
1522762200,2018-04-03 09:30,74.64,75.21,74.145,74.92,11062776
1522848600,2018-04-04 09:30,74.6,75.91,74.31,75.76,8767321
1522935000,2018-04-05 09:30,75.77,75.97,75.21,75.83,12880135
1523021400,2018-04-06 09:30,75.71,76.1501,74.92,75.15,11896251
1523280600,2018-04-09 09:30,75,75.64,74.89,75.02,8583957
1523367000,2018-04-10 09:30,75.37,75.5,74.52,74.73,14276459
1523453400,2018-04-11 09:30,74.53,75.51,74.53,74.9,4462970
1523539800,2018-04-12 09:30,75.11,75.11,73.98,74.19,7667194
1523626200,2018-04-13 09:30,73.96,74.58,73.96,74.45,4644738
1523885400,2018-04-16 09:30,74.45,75.155,74.41,74.81,6891164
1523971800,2018-04-17 09:30,75,76.19,74.83,75.78,8517378
1524058200,2018-04-18 09:30,75.77,76.08,75.615,75.65,5600324
1524144600,2018-04-19 09:30,75.29,75.38,74.085,74.57,8191835
1524231000,2018-04-20 09:30,74.5,74.805,73.86,73.93,10076484
1524490200,2018-04-23 09:30,74.01,74.27,73.625,73.98,5819957
1524576600,2018-04-24 09:30,74.14,74.54,73.83,74.16,6190918
1524663000,2018-04-25 09:30,73.92,74.24,73.2732,74,7894637
1524749400,2018-04-26 09:30,74.24,75.285,74.14,74.9,7028019
1524835800,2018-04-27 09:30,74.78,76.115,74.68,75.87,8633025
1525095000,2018-04-30 09:30,75.82,76.27,75.62,75.64,8889110
1525181400,2018-05-01 09:30,75.7,76.265,75.42,76.17,7872295
1525267800,2018-05-02 09:30,76,76.28,75.39,75.91,8745718
1525354200,2018-05-03 09:30,75.76,76.24,75.6,75.94,4850076
1525440600,2018-05-04 09:30,75.95,76.95,75.94,76.74,7379347
1525699800,2018-05-07 09:30,76.87,77.29,76.74,77.16,10398133
1525786200,2018-05-08 09:30,76.96,77.12,76.52,76.78,11142464
1525872600,2018-05-09 09:30,76.65,77.27,76.51,77.25,8030202
1525959000,2018-05-10 09:30,77.6,78.07,77.39,77.96,8522910
1526045400,2018-05-11 09:30,77.97,78.26,77.535,77.64,7923172
1526304600,2018-05-14 09:30,77.56,77.72,76.695,77.07,10030273
1526391000,2018-05-15 09:30,76.52,76.71,75.6982,75.93,11364194
1526477400,2018-05-16 09:30,76.12,76.27,75.575,75.71,7299605
1526563800,2018-05-17 09:30,75.59,75.87,75.1699,75.32,9778161
1526650200,2018-05-18 09:30,75.46,75.72,75.135,75.49,8443683
1526909400,2018-05-21 09:30,75.61,76.42,75.2201,76.3,7944063
1526995800,2018-05-22 09:30,76.27,76.44,76,76.4,7426111
1527082200,2018-05-23 09:30,76.56,77.23,76.33,77.05,6833183
1527168600,2018-05-24 09:30,77.12,77.3,76.44,76.86,7142704
1527255000,2018-05-25 09:30,76.81,77.375,76.74,77.12,5475905
1527600600,2018-05-29 09:30,77.22,77.65,76.68,77.35,7454679
1527687000,2018-05-30 09:30,77.21,78.62,77.14,78.33,10052923
1527773400,2018-05-31 09:30,78.06,78.425,77.82,78.19,11575571
1527859800,2018-06-01 09:30,78.18,78.62,77.83,78.46,9777839
1528119000,2018-06-04 09:30,78.65,79.15,78.38,79.15,8022379
1528205400,2018-06-05 09:30,79.29,79.45,78.77,79.05,12342709
1528291800,2018-06-06 09:30,78.9,79.14,78.57,79.14,5980390
1528378200,2018-06-07 09:30,79.15,79.315,78.68,79.19,7244198
1528464600,2018-06-08 09:30,79.15,79.47,79.02,79.42,4491325
1528723800,2018-06-11 09:30,79.33,79.54,79.25,79.44,10024607
1528810200,2018-06-12 09:30,79.24,80.015,79.11,79.84,4860439
1528896600,2018-06-13 09:30,79.87,79.985,78.14,78.23,10046066
1528983000,2018-06-14 09:30,78.59,79.26,78.46,79.01,6749910
1529069400,2018-06-15 09:30,79.02,79.49,78.81,79.09,12857572
1529328600,2018-06-18 09:30,78.71,79.02,78.48,79.02,6088940
1529415000,2018-06-19 09:30,78.84,79.32,78.76,79.01,6031113
1529501400,2018-06-20 09:30,79.04,79.87,78.9742,79.78,9409239
1529587800,2018-06-21 09:30,79.81,80.24,79.62,80.19,8942179
1529674200,2018-06-22 09:30,80.23,80.74,79.92,80.7,6692787
1529933400,2018-06-25 09:30,80.94,80.94,80.01,80.42,6948027
1530019800,2018-06-26 09:30,79.78,80.26,79.52,79.96,6122732
1530106200,2018-06-27 09:30,80.24,80.35,79.53,79.53,6978456
1530192600,2018-06-28 09:30,79.6,80.48,79.58,80.38,8832786
1530279000,2018-06-29 09:30,80.2,80.9,79.76,80.58,8417718
1530538200,2018-07-02 09:30,80.54,80.62,79.26,80.1,14329300
1530624600,2018-07-03 09:30,80.29,81.26,80.03,80.7,7059837
1530797400,2018-07-05 09:30,80.9,81.75,80.64,81.75,12157459
1530883800,2018-07-06 09:30,81.93,82.17,81.75,82.09,8452205
1531143000,2018-07-09 09:30,82.07,82.11,81.02,81.36,6359790
1531229400,2018-07-10 09:30,81.43,81.74,81.045,81.61,6553872
1531315800,2018-07-11 09:30,81.47,81.755,81.28,81.36,5535895
1531402200,2018-07-12 09:30,81.16,81.72,81.16,81.6,4568165
1531488600,2018-07-13 09:30,81.75,81.95,81.3,81.32,4589645
1531747800,2018-07-16 09:30,81.23,81.305,80.5,80.95,5306239
1531834200,2018-07-17 09:30,80.95,81.16,80.365,80.52,11247195
1531920600,2018-07-18 09:30,80.29,80.61,79.75,80.14,6169346
1532007000,2018-07-19 09:30,79.98,81.24,79.82,80.95,8434626
1532093400,2018-07-20 09:30,80.69,80.83,79.97,80.27,9523209
1532352600,2018-07-23 09:30,80.1,80.24,79.61,80.07,4977001
1532439000,2018-07-24 09:30,80.19,80.37,79.47,79.68,6786417
1532525400,2018-07-25 09:30,79.72,80.48,79.72,80.33,6555145
1532611800,2018-07-26 09:30,80.61,80.99,80.23,80.55,5477780
1532698200,2018-07-27 09:30,80.72,80.78,79.69,79.77,7215912
1532957400,2018-07-30 09:30,79.85,80.005,79.25,79.88,10811005
1533043800,2018-07-31 09:30,80.37,81.495,80.24,81.25,16050037
1533130200,2018-08-01 09:30,80.54,81.67,80.15,81.52,18394258
1533216600,2018-08-02 09:30,81.46,81.77,81.2,81.25,7755966
1533303000,2018-08-03 09:30,81.51,82.26,81.32,82.21,8896996
1533562200,2018-08-06 09:30,82.07,82.47,81.89,82.16,6988737
1533648600,2018-08-07 09:30,82.1,82.18,81.53,81.87,5188253
1533735000,2018-08-08 09:30,81.85,81.87,81.28,81.38,4143360
1533821400,2018-08-09 09:30,81.38,81.72,81.32,81.48,4608985
1533907800,2018-08-10 09:30,81.3,81.59,80.745,80.75,6231748
1534167000,2018-08-13 09:30,80.82,81.01,80.555,80.71,5140487
1534253400,2018-08-14 09:30,80.81,81.31,80.76,81.15,4487366
1534339800,2018-08-15 09:30,81.15,81.86,80.99,81.76,8520310
1534426200,2018-08-16 09:30,81.87,82.42,81.745,82.42,6528797
1534512600,2018-08-17 09:30,82.32,83.17,82.32,83.16,6872170
1534771800,2018-08-20 09:30,83.27,83.62,83.09,83.29,6258850
1534858200,2018-08-21 09:30,83.3,83.35,82.52,82.73,4894108
1534944600,2018-08-22 09:30,82.59,82.74,81.94,82.27,6582755
1535031000,2018-08-23 09:30,82.16,82.39,82.005,82.09,3381293
1535117400,2018-08-24 09:30,81.91,82.51,81.88,82.51,4421766
1535376600,2018-08-27 09:30,82.54,82.64,81.97,82.36,5850001
1535463000,2018-08-28 09:30,82.34,83.26,82.18,83.24,8055368
1535549400,2018-08-29 09:30,83.31,83.49,83.14,83.16,7278451
1535635800,2018-08-30 09:30,83.26,83.43,82.72,82.87,3659883
1535722200,2018-08-31 09:30,82.9,83.31,82.81,83.18,5541839
1536067800,2018-09-04 09:30,82.75,83.16,82.13,82.3,9942314
1536154200,2018-09-05 09:30,81.9,82.99,81.8,82.68,8536716
1536240600,2018-09-06 09:30,82.95,83.16,82.8,83,7588952
1536327000,2018-09-07 09:30,82.52,82.61,81.9399,81.99,8786436
1536586200,2018-09-10 09:30,82.35,82.86,82.3,82.51,8121821
1536672600,2018-09-11 09:30,82.21,82.67,82.07,82.34,8158455
1536759000,2018-09-12 09:30,82.52,82.575,82.12,82.41,7789314
1536845400,2018-09-13 09:30,82.71,83.045,82.47,82.9,6732883
1536931800,2018-09-14 09:30,82.62,82.68,81.73,82.23,7777033
1537191000,2018-09-17 09:30,82.06,82.67,81.985,82.52,6007693
1537277400,2018-09-18 09:30,82.37,82.59,81.99,82.23,8338120
1537363800,2018-09-19 09:30,82.13,82.2,81.095,81.14,8423076
1537450200,2018-09-20 09:30,81.14,81.97,80.935,81.95,8962106
1537536600,2018-09-21 09:30,81.77,82.31,81.68,81.91,8128112
1537795800,2018-09-24 09:30,81.68,81.7,80.16,80.47,8941414
1537882200,2018-09-25 09:30,80.43,80.88,80.24,80.34,8988385
1537968600,2018-09-26 09:30,79.76,79.76,78.7,78.83,11455065
1538055000,2018-09-27 09:30,78.96,79.45,78.85,79.04,7391551
1538141400,2018-09-28 09:30,79.13,80.13,79.13,80.02,9308662
1538400600,2018-10-01 09:30,80.03,80.25,79.36,79.36,12582950
1538487000,2018-10-02 09:30,79.54,79.82,79.25,79.25,7365330
1538573400,2018-10-03 09:30,79.22,79.63,78.11,78.7,13807111
1538659800,2018-10-04 09:30,78.35,78.38,77.46,77.91,12966503
1538746200,2018-10-05 09:30,77.89,78.37,77.8,77.81,11725332
1539005400,2018-10-08 09:30,78.04,79.2,77.95,78.84,8456350
1539091800,2018-10-09 09:30,78.86,79.335,78.545,79.01,7122450
1539178200,2018-10-10 09:30,78.9,79.2401,77.82,77.82,11699498
1539264600,2018-10-11 09:30,78.03,78.03,75.6,75.7,19049306
1539351000,2018-10-12 09:30,76.63,76.7,75.15,75.55,12504528
1539610200,2018-10-15 09:30,75.47,76.74,75.47,75.96,9889079
1539696600,2018-10-16 09:30,76.23,77.74,75.86,77.61,8111042
1539783000,2018-10-17 09:30,77.47,77.7,76.79,77.23,8601850
1539869400,2018-10-18 09:30,77.26,77.89,76.95,77.14,7128941
1539955800,2018-10-19 09:30,77.12,78.08,77.12,77.73,6943792
1540215000,2018-10-22 09:30,77.94,78.275,76.71,76.71,8100589
1540301400,2018-10-23 09:30,76.48,77.565,76.185,77.2,10027162
1540387800,2018-10-24 09:30,77.27,78.48,77.15,77.76,14149910
1540474200,2018-10-25 09:30,77.89,79.2,77.58,78.72,9473492
1540560600,2018-10-26 09:30,78.39,78.47,76.39,76.87,12416489
1540819800,2018-10-29 09:30,77.44,78.37,77.32,77.76,9833456
1540906200,2018-10-30 09:30,78.1,79.46,77.76,78.93,12266590
1540992600,2018-10-31 09:30,78.76,79.06,77.86,78.11,11252991
1541079000,2018-11-01 09:30,78.18,78.52,77.74,78.4,13821467
1541165400,2018-11-02 09:30,78.51,78.51,76.88,77.73,9900591
1541428200,2018-11-05 09:30,77.92,79.105,77.73,78.87,14536603
1541514600,2018-11-06 09:30,78.8,79.26,78.74,79.21,5133597
1541601000,2018-11-07 09:30,79.7,80.21,79.14,80.21,7704796
1541687400,2018-11-08 09:30,80,80.27,79.6,80.24,5218821
1541773800,2018-11-09 09:30,80.05,80.48,79.83,80.35,6148396
1542033000,2018-11-12 09:30,80.35,81.05,80.18,80.26,5749819
1542119400,2018-11-13 09:30,80.41,80.73,79.86,80.33,5401835
1542205800,2018-11-14 09:30,80.67,80.82,79.79,80.19,6817278
1542292200,2018-11-15 09:30,79.89,80.01,78.83,79.69,9149298
1542378600,2018-11-16 09:30,79.54,80.65,79.4,80.65,11869694
1542637800,2018-11-19 09:30,80.63,81.17,80.09,80.65,5518710
1542724200,2018-11-20 09:30,80.49,80.81,79.79,79.79,12269595
1542810600,2018-11-21 09:30,79.78,80.47,79.47,79.9,6545826
1542983400,2018-11-23 09:30,79.78,80.02,79.21,79.63,2617973
1543242600,2018-11-26 09:30,80,80.18,79.465,79.91,4867490
1543329000,2018-11-27 09:30,79.68,80.17,79.4696,80.16,7153668
1543415400,2018-11-28 09:30,80.11,80.96,79.87,80.87,9827693
1543501800,2018-11-29 09:30,80.83,81.31,80.38,80.98,6261896
1543588200,2018-11-30 09:30,81.01,81.78,80.83,81.78,8392075
1543847400,2018-12-03 09:30,82.22,82.22,81.37,82.16,11246181
1543933800,2018-12-04 09:30,82.16,82.31,80.69,80.89,11586470
1544106600,2018-12-06 09:30,80.51,82.99,79.77,82.92,18087964
1544193000,2018-12-07 09:30,82.6,82.85,81.525,81.75,14480656
1544452200,2018-12-10 09:30,81.8,81.88,80.31,81.29,11460587
1544538600,2018-12-11 09:30,81.56,82.09,81.34,81.35,6209065
1544625000,2018-12-12 09:30,81.84,81.92,80,80.01,7830354
1544711400,2018-12-13 09:30,80.07,81.14,80.06,80.49,6059721
1544797800,2018-12-14 09:30,80.24,80.69,79.93,80.33,7787878
1545057000,2018-12-17 09:30,79.97,80.2,76.73,76.91,13336861
1545143400,2018-12-18 09:30,77.47,78.14,77.27,77.6,9069271
1545229800,2018-12-19 09:30,77.62,78.37,76.55,76.75,15919244
1545316200,2018-12-20 09:30,76.72,76.9201,75.1,75.63,13771452
1545402600,2018-12-21 09:30,75.86,77.23,74.57,74.69,12550103
1545661800,2018-12-24 09:30,74.4,74.67,71.97,72,9458297
1545834600,2018-12-26 09:30,72.2,74.43,71.41,74.36,12387475
1545921000,2018-12-27 09:30,73.81,74.57,72.4,74.48,11498607
1546007400,2018-12-28 09:30,75.17,75.51,74.18,74.71,13789684
1546266600,2018-12-31 09:30,74.85,75.07,73.67,74.94,10767360
1546439400,2019-01-02 09:30,74.08,74.18,72.93,73.32,14802859
1546525800,2019-01-03 09:30,73.32,74.9,73.18,73.79,10602836
1546612200,2019-01-04 09:30,74.27,75.29,73.9,74.58,10159452
1546871400,2019-01-07 09:30,74.9,75.89,74.601,75.33,16544778
1546957800,2019-01-08 09:30,75.78,76.91,75.53,76.7,13641915
1547044200,2019-01-09 09:30,76.81,76.98,75.91,76.6,7852443
1547130600,2019-01-10 09:30,76.41,77.83,76.25,77.66,6851688
1547217000,2019-01-11 09:30,77.6,77.97,77.21,77.93,11308312
1547476200,2019-01-14 09:30,77.73,78.125,77.35,77.68,4450863
1547562600,2019-01-15 09:30,77.77,78.59,77.74,78.45,9190295
1547649000,2019-01-16 09:30,78.38,79.2,78.27,78.94,5954902
1547735400,2019-01-17 09:30,78.86,79.36,78.7825,79.36,4806365
1547821800,2019-01-18 09:30,79.6,79.66,79.03,79.66,6722598
1548167400,2019-01-22 09:30,79.51,79.7,78.77,79.43,8530821
1548253800,2019-01-23 09:30,79.45,79.61,78.91,79.43,5900369
1548340200,2019-01-24 09:30,79.33,79.865,78.92,79.71,5541891
1548426600,2019-01-25 09:30,79.96,80.695,79.67,80.64,5070370
1548685800,2019-01-28 09:30,80.46,81.47,80.25,81.37,9187591
1548772200,2019-01-29 09:30,81.35,82.05,81.16,82.02,6891071
1548858600,2019-01-30 09:30,82.11,82.96,81.9,82.67,13720516
1548945000,2019-01-31 09:30,82.63,83.56,81.93,83.54,11413356
1549031400,2019-02-01 09:30,83.5,83.8,81.86,82.97,22702763
1549290600,2019-02-04 09:30,83.4,83.57,82.3,83.53,10299364
1549377000,2019-02-05 09:30,83.62,84.07,83.13,84.04,13279056
1549463400,2019-02-06 09:30,83.88,83.9,83.22,83.46,9818951
1549549800,2019-02-07 09:30,83.22,84.22,82.98,84.1,11887228
1549636200,2019-02-08 09:30,83.88,84.42,83.65,84.12,5007427
1549895400,2019-02-11 09:30,84.09,84.48,83.97,84.36,9950364
1549981800,2019-02-12 09:30,84.28,84.45,83.57,83.87,7465087
1550068200,2019-02-13 09:30,83.47,84.33,83.45,84.26,5129324
1550154600,2019-02-14 09:30,84.42,84.8,84.02,84.53,6725239
1550241000,2019-02-15 09:30,84.61,85.06,84.52,85.05,8649069
1550586600,2019-02-19 09:30,84.82,85.19,84.71,85.07,8170825
1550673000,2019-02-20 09:30,84.86,84.91,83.87,84.47,10041521
1550759400,2019-02-21 09:30,84.05,84.61,83.72,84.54,7636989
1550845800,2019-02-22 09:30,84.64,85.33,84.44,84.99,4662114
1551105000,2019-02-25 09:30,85.03,85.26,84.3,84.37,5676556
1551191400,2019-02-26 09:30,84.47,84.78,84,84.14,9133255
1551277800,2019-02-27 09:30,83.87,84.22,83.28,83.9,11890366
1551364200,2019-02-28 09:30,83.82,85.06,83.6,84.15,13598361
1551450600,2019-03-01 09:30,83.89,84.25,83.04,83.97,16198262
1551709800,2019-03-04 09:30,84.13,84.39,83.37,84.32,7710632
1551796200,2019-03-05 09:30,84.08,84.81,84,84.58,5404584
1551882600,2019-03-06 09:30,84.66,84.75,84.05,84.17,8273646
1551969000,2019-03-07 09:30,84.17,84.74,83.76,84.02,13091781
1552055400,2019-03-08 09:30,83.74,84.39,83.73,84.1,7727513
1552311000,2019-03-11 09:30,84.32,85.37,84.03,85.34,6392534
1552397400,2019-03-12 09:30,85.51,85.9056,85.34,85.69,12312229
1552483800,2019-03-13 09:30,85.64,86.3225,85.64,86.08,4702584
1552570200,2019-03-14 09:30,86.16,86.25,85.83,86.21,5380864
1552656600,2019-03-15 09:30,86.3,86.395,85.8,86.01,13103511
1552915800,2019-03-18 09:30,86.06,86.21,85.15,85.53,9872875
1553002200,2019-03-19 09:30,85.59,85.71,85.04,85.28,9104784
1553088600,2019-03-20 09:30,84.67,85.42,84.08,84.96,13585994
1553175000,2019-03-21 09:30,84.8,86.45,84.8,86.4,9319056
1553261400,2019-03-22 09:30,86.48,86.99,85.76,85.88,10080637
1553520600,2019-03-25 09:30,85.99,86.19,85.39,85.9,7164300
1553607000,2019-03-26 09:30,86.09,86.57,85.92,86.54,5168915
1553693400,2019-03-27 09:30,86.62,86.78,85.75,86.36,6074357
1553779800,2019-03-28 09:30,86.46,87.11,86.23,87.11,8252637
1553866200,2019-03-29 09:30,87.06,87.25,86.71,87.04,15615083
1554125400,2019-04-01 09:30,87.04,87.15,86.08,87.01,15425368
1554211800,2019-04-02 09:30,87.25,87.69,86.39,87.57,10591693
1554298200,2019-04-03 09:30,87.49,87.84,86.915,87.48,6683340
1554384600,2019-04-04 09:30,87.56,87.67,86.95,87.35,4385167
1554471000,2019-04-05 09:30,87.45,88,87.225,87.95,7558403
1554730200,2019-04-08 09:30,87.83,87.94,87.24,87.43,7045672
1554816600,2019-04-09 09:30,87.46,87.66,86.89,87.01,6263712
1554903000,2019-04-10 09:30,87.29,87.84,87.145,87.8,7705295
1554989400,2019-04-11 09:30,87.73,88.17,87.37,87.71,8367303
1555075800,2019-04-12 09:30,87.65,88.19,87.07,88.17,4510025
1555335000,2019-04-15 09:30,88.21,88.23,87.5,87.72,5711543
1555421400,2019-04-16 09:30,87.69,87.79,85.49,85.84,13216808
1555507800,2019-04-17 09:30,86.11,86.22,84.8,85.06,11148319
1555594200,2019-04-18 09:30,85.34,85.86,84.8,85.64,5205419
1555939800,2019-04-22 09:30,85.44,85.68,84.06,84.8,9020018
1556026200,2019-04-23 09:30,85,86.015,84.79,85.81,6966339
1556112600,2019-04-24 09:30,86.05,86.75,85.91,86.37,6064985
1556199000,2019-04-25 09:30,86.23,86.51,85.65,86.2,5007352
1556285400,2019-04-26 09:30,86.5,86.995,86.26,86.85,5091197
1556544600,2019-04-29 09:30,86.75,87.09,85.96,86.02,5900673
1556631000,2019-04-30 09:30,86.02,87.07,85.62,87,6396927
1556717400,2019-05-01 09:30,87.02,87.91,86.82,86.94,12961709
1556803800,2019-05-02 09:30,86.77,87.82,86.77,86.97,7581917
1556890200,2019-05-03 09:30,87.22,87.75,86.99,87.66,5162383
1557149400,2019-05-06 09:30,87.19,87.63,86.825,87.37,5222648
1557235800,2019-05-07 09:30,87.11,87.21,85.28,85.78,8733961
1557322200,2019-05-08 09:30,85.94,86.58,85.72,85.77,5906619
1557408600,2019-05-09 09:30,85.62,86.14,85.005,85.97,6865578
1557495000,2019-05-10 09:30,85.86,87.14,85.76,86.88,5017278
1557754200,2019-05-13 09:30,86.21,86.96,86.13,86.78,5577282
1557840600,2019-05-14 09:30,87,87.44,86.83,87.14,3594252
1557927000,2019-05-15 09:30,87.09,87.96,86.81,87.71,5232011
1558013400,2019-05-16 09:30,87.62,88.52,87.53,88.23,5949328
1558099800,2019-05-17 09:30,87.83,88.17,87.54,87.98,4416157
1558359000,2019-05-20 09:30,87.56,87.82,86.33,86.68,6706295
1558445400,2019-05-21 09:30,86.86,87.61,86.86,87.41,4618376
1558531800,2019-05-22 09:30,87.39,87.73,87.26,87.72,3795221
1558618200,2019-05-23 09:30,87.31,87.93,87.18,87.84,5606930
1558704600,2019-05-24 09:30,88.25,88.56,88.02,88.13,3582730
1559050200,2019-05-28 09:30,88.42,88.61,87.16,87.2,6724378
1559136600,2019-05-29 09:30,87.06,87.7,85.79,86.16,8016987
1559223000,2019-05-30 09:30,86.2,86.83,86.1,86.51,6830813
1559309400,2019-05-31 09:30,86.16,87.38,85.93,86.87,7014061
1559568600,2019-06-03 09:30,87.15,87.39,86.565,87.21,7063707
1559655000,2019-06-04 09:30,87.2,87.25,86.08,86.93,7322401
1559741400,2019-06-05 09:30,87.38,88.75,87.13,88.75,11722599
1559827800,2019-06-06 09:30,88.85,89,88.19,88.88,6501873
1559914200,2019-06-07 09:30,89.38,89.64,89.0053,89.15,4795651
1560173400,2019-06-10 09:30,89.12,89.41,88.51,88.88,4710446
1560259800,2019-06-11 09:30,89.05,89.32,88.42,89.03,4045755
1560346200,2019-06-12 09:30,89.07,89.63,89,89.32,5117409
1560432600,2019-06-13 09:30,89.5,89.65,89.16,89.65,4883909
1560519000,2019-06-14 09:30,89.64,90.18,89.48,89.8,4808292
1560778200,2019-06-17 09:30,89.31,90.11,89.19,90.07,8171312
1560864600,2019-06-18 09:30,90.43,90.87,89.48,89.91,8297377
1560951000,2019-06-19 09:30,89.77,90.65,89.34,90.47,5955499
1561037400,2019-06-20 09:30,90.89,91.11,90.645,90.87,6541779
1561123800,2019-06-21 09:30,90.48,90.55,89.375,89.72,11471394
1561383000,2019-06-24 09:30,90.16,90.17,89.1,89.16,7237190
1561469400,2019-06-25 09:30,89.33,89.57,88.01,88.02,7967024
1561555800,2019-06-26 09:30,88.02,88.18,86.18,86.36,11380984
1561642200,2019-06-27 09:30,86.87,87.47,86.81,87.36,7115369
1561728600,2019-06-28 09:30,87.5,88.22,87.31,87.31,10525769
1561987800,2019-07-01 09:30,88.25,88.25,86.68,87.61,11882877
1562074200,2019-07-02 09:30,87.91,89.06,87.76,88.98,9713692
1562160600,2019-07-03 09:30,89.2,90.235,89.1901,90.16,6897380
1562333400,2019-07-05 09:30,89.3,90.13,88.511,89.75,7822213
1562592600,2019-07-08 09:30,89.74,90.335,89.64,90.04,5098213
1562679000,2019-07-09 09:30,90.03,90.64,89.8,90.48,4096577
1562765400,2019-07-10 09:30,90.92,91.22,90.44,90.96,6911696
1562851800,2019-07-11 09:30,90.85,90.98,89.59,89.94,7720504
1562938200,2019-07-12 09:30,90.02,90.125,89.46,89.78,3445301
1563197400,2019-07-15 09:30,89.96,90.35,89.64,89.78,4142829
1563283800,2019-07-16 09:30,89.51,89.9,89.25,89.57,5347816
1563370200,2019-07-17 09:30,89.75,90.02,88.75,89.21,5343665
1563456600,2019-07-18 09:30,89.06,89.5,88.57,89.23,4729567
1563543000,2019-07-19 09:30,89.39,89.51,87.76,87.92,7972074
1563802200,2019-07-22 09:30,88.08,88.14,87.49,87.76,5279957
1563888600,2019-07-23 09:30,88.03,88.75,87.77,88.65,5390381
1563975000,2019-07-24 09:30,88.88,89.05,88.47,88.9,3278502
1564061400,2019-07-25 09:30,88.77,88.93,88.07,88.49,5028725
1564147800,2019-07-26 09:30,88.52,88.96,88.16,88.79,3678968
1564407000,2019-07-29 09:30,88.99,89.64,88.89,89.05,5715306
1564493400,2019-07-30 09:30,88.96,90.02,88.89,89.69,6447651
1564579800,2019-07-31 09:30,89.78,90.39,88.83,89.39,8864805
1564666200,2019-08-01 09:30,89.6,90.14,88.8,89.3,12385010
1564752600,2019-08-02 09:30,89.38,90.2297,89.13,89.7,6350336
1565011800,2019-08-05 09:30,89.43,89.45,86.93,88.09,7142816
1565098200,2019-08-06 09:30,88.16,89.46,88.03,89.02,7494222
1565184600,2019-08-07 09:30,89.47,90.47,87.85,89.95,9553364
1565271000,2019-08-08 09:30,90.43,91.48,89.4301,91.46,5487807
1565357400,2019-08-09 09:30,91.18,91.7,90.505,91.45,7709480
1565616600,2019-08-12 09:30,91.33,91.5,90.64,91.1,6369999
1565703000,2019-08-13 09:30,91.22,91.54,90.5,91.2,6177680
1565789400,2019-08-14 09:30,90.87,90.945,89.54,89.72,6409082
1565875800,2019-08-15 09:30,89.97,90.83,89.81,90.71,6170183
1565962200,2019-08-16 09:30,90.92,91.72,90.75,91.5,6522962
1566221400,2019-08-19 09:30,91.86,92.405,91.52,92.19,5782485
1566307800,2019-08-20 09:30,92.42,92.66,91.47,91.5,5588140
1566394200,2019-08-21 09:30,91.83,92.09,91.45,91.84,2803851
1566480600,2019-08-22 09:30,91.86,92.4,91.37,92.35,4349240
1566567000,2019-08-23 09:30,92.23,92.88,90.75,91.08,7401237
1566826200,2019-08-26 09:30,91.55,91.84,91.13,91.75,4485083
1566912600,2019-08-27 09:30,92.22,92.52,91.36,91.4,3808660
1566999000,2019-08-28 09:30,91.33,91.77,91.15,91.61,4601624
1567085400,2019-08-29 09:30,92.02,92.41,91.81,92.34,3592237
1567171800,2019-08-30 09:30,92.53,92.68,91.99,92.46,5545003
1567517400,2019-09-03 09:30,92.23,93.36,92.11,93.36,8582077
1567603800,2019-09-04 09:30,93.6,94.2,93.58,94.09,7136351
1567690200,2019-09-05 09:30,94,94.08,93.17,93.5,10597800
1567776600,2019-09-06 09:30,93.64,93.95,93.38,93.68,5278418
1568035800,2019-09-09 09:30,93.58,93.84,92.87,93.07,8232604
1568122200,2019-09-10 09:30,92.79,92.82,91.35,92.08,10505872
1568208600,2019-09-11 09:30,92.39,92.39,91.47,92.17,8804579
1568295000,2019-09-12 09:30,92.71,93.18,92.1,92.62,8427939
1568381400,2019-09-13 09:30,92.12,92.95,91.37,91.54,12695147
1568640600,2019-09-16 09:30,91.65,92.57,91.5,92.48,6522827
1568727000,2019-09-17 09:30,92.84,93.52,92.69,93.49,10473500
1568813400,2019-09-18 09:30,93.71,93.97,92.44,93.16,8471265
1568899800,2019-09-19 09:30,93.45,93.93,93.28,93.61,5704762
1568986200,2019-09-20 09:30,93.74,94.01,93.3,93.57,8492434
1569245400,2019-09-23 09:30,93.65,94.105,93.41,93.71,5251349
1569331800,2019-09-24 09:30,93.35,93.5325,92.56,92.93,7225678
1569418200,2019-09-25 09:30,92.86,93.265,92.61,93,8321983
1569504600,2019-09-26 09:30,93.39,93.99,93.19,93.76,5250042
1569591000,2019-09-27 09:30,93.97,94.04,92.59,93.19,9394851
1569850200,2019-09-30 09:30,93.28,93.8298,93.18,93.54,6173100
1569936600,2019-10-01 09:30,93.26,93.67,92.47,92.55,17022811
1570023000,2019-10-02 09:30,92.59,92.67,91.58,92.19,7193661
1570109400,2019-10-03 09:30,92.1,93.27,91.95,93.09,10366190
1570195800,2019-10-04 09:30,93.27,93.64,93.13,93.59,10803202
1570455000,2019-10-07 09:30,93.14,93.86,93.04,93.33,7241031
1570541400,2019-10-08 09:30,93.28,93.63,92.49,92.85,5090493
1570627800,2019-10-09 09:30,93.27,93.55,92.95,93.15,4919089
1570714200,2019-10-10 09:30,93.06,93.53,92.755,93.33,4821691
1570800600,2019-10-11 09:30,93.52,94.03,93.21,93.26,6804770
1571059800,2019-10-14 09:30,93.58,93.8,92.98,93.28,8358087
1571146200,2019-10-15 09:30,93.36,93.52,92.78,93.33,5582727
1571232600,2019-10-16 09:30,93.27,93.4,92.76,93.4,5247404
1571319000,2019-10-17 09:30,93.52,94.07,93.43,93.92,6013801
1571405400,2019-10-18 09:30,93.85,94.8,93.81,94.67,7524292
1571664600,2019-10-21 09:30,94.57,95.37,94.52,95.36,7276449
1571751000,2019-10-22 09:30,95.55,96,94.85,95.05,5972984
1571837400,2019-10-23 09:30,95.22,95.22,94.39,95.18,5087849
1571923800,2019-10-24 09:30,95.39,95.39,94.7,95.06,4463544
1572010200,2019-10-25 09:30,94.71,94.85,93.91,94.09,5311431
1572269400,2019-10-28 09:30,94.01,94.1,93.4,93.58,5452573
1572355800,2019-10-29 09:30,93.7,94.32,93.47,93.9,6421622
1572442200,2019-10-30 09:30,93.96,94.42,93.42,94.42,7248352
1572528600,2019-10-31 09:30,94.65,94.705,93.92,94.26,6590912
1572615000,2019-11-01 09:30,94.37,94.73,93.4,94.19,11385191
1572877800,2019-11-04 09:30,94.05,94.18,93.31,93.46,7240956
1572964200,2019-11-05 09:30,93.15,93.4584,91.6,91.94,14543354
1573050600,2019-11-06 09:30,92.13,92.59,91.9725,92.21,6810484
1573137000,2019-11-07 09:30,91.8,92.06,91.015,91.33,8693647
1573223400,2019-11-08 09:30,91.19,91.71,90.95,91.16,6038547
1573482600,2019-11-11 09:30,91.1,91.62,91.1,91.37,3298677
1573569000,2019-11-12 09:30,91.39,91.93,90.64,90.73,6295088
1573655400,2019-11-13 09:30,90.84,91.68,90.8,91.47,6769898
1573741800,2019-11-14 09:30,91.73,92.2,91.5302,92.2,5279468
1573828200,2019-11-15 09:30,92.28,92.71,92.075,92.69,5708094
1574087400,2019-11-18 09:30,92.77,93.58,92.71,93.17,5443551
1574173800,2019-11-19 09:30,93.39,93.58,93.09,93.29,4940500
1574260200,2019-11-20 09:30,93.33,93.6,92.89,93.27,5401264
1574346600,2019-11-21 09:30,93.03,93.14,91.99,91.99,9731622
1574433000,2019-11-22 09:30,92.25,92.26,91.22,91.69,6332171
1574692200,2019-11-25 09:30,91.89,92.51,91.85,92.05,6355391
1574778600,2019-11-26 09:30,92.2,93.29,92.14,93.16,8516971
1574865000,2019-11-27 09:30,93.22,93.69,92.95,93.46,6540119
1575037800,2019-11-29 09:30,93.55,93.97,93.17,93.2,5384555
1575297000,2019-12-02 09:30,93.1,93.1675,91.8,91.82,15928921
1575383400,2019-12-03 09:30,91.75,92.51,91.69,92.38,8011814
1575469800,2019-12-04 09:30,92.19,93.08,92.1,92.74,8346603
1575556200,2019-12-05 09:30,92.56,92.86,92.2925,92.82,8041997
1575642600,2019-12-06 09:30,92.75,93.46,92.73,92.98,5488454
1575901800,2019-12-09 09:30,93.08,93.34,92.735,93.17,5169950
1575988200,2019-12-10 09:30,93.27,93.4,92.415,92.61,7777579
1576074600,2019-12-11 09:30,92.58,92.73,91.425,91.71,10772357
1576161000,2019-12-12 09:30,91.75,92.05,90.37,90.51,12401637
1576247400,2019-12-13 09:30,90.66,90.98,89.92,90.6,8585494
1576506600,2019-12-16 09:30,89.92,90.56,89.39,90.29,9229091
1576593000,2019-12-17 09:30,90.55,90.68,89.45,89.52,5680018
1576679400,2019-12-18 09:30,89.59,90.83,89.59,90.68,7373344
1576765800,2019-12-19 09:30,90.56,91.47,90.47,91.43,5837708
1576852200,2019-12-20 09:30,91.71,92.33,91.54,92,11474666
1577111400,2019-12-23 09:30,92.32,92.42,91.43,91.48,5863117
1577197800,2019-12-24 09:30,91.78,91.91,91.41,91.73,2597637
1577370600,2019-12-26 09:30,91.84,92.22,91.7,92.22,3042648
1577457000,2019-12-27 09:30,92.3,92.63,92.16,92.47,4802752
1577716200,2019-12-30 09:30,92.21,92.7425,92.03,92.54,6634697
1577802600,2019-12-31 09:30,92.47,93.18,92.27,93.08,6703008
1577975400,2020-01-02 09:30,93.44,93.54,91.6,92.05,10936468
1578061800,2020-01-03 09:30,91.8,92.935,91.55,92.71,7953859
1578321000,2020-01-06 09:30,92.57,93.13,92.34,92.79,6055361
1578407400,2020-01-07 09:30,92.58,92.58,91.385,91.85,7431580
1578493800,2020-01-08 09:30,91.91,92.33,91.62,92.07,6224567
1578580200,2020-01-09 09:30,92.09,92.3956,91.87,92.12,5057788
1578666600,2020-01-10 09:30,92.3,92.97,92.1,92.92,7226812
1578925800,2020-01-13 09:30,93.12,93.93,92.96,93.91,8778279
1579012200,2020-01-14 09:30,93.92,93.92,93.09,93.55,4770644
1579098600,2020-01-15 09:30,93.83,94.61,93.8,94.38,8431652
1579185000,2020-01-16 09:30,94.57,95.12,94.39,95.08,5844226
1579271400,2020-01-17 09:30,95,95.525,95,95.19,5833309
1579617000,2020-01-21 09:30,95.33,96.18,95.1,96.16,7160736
1579703400,2020-01-22 09:30,96.35,96.62,95.355,95.61,7816016
1579789800,2020-01-23 09:30,95.66,96.26,95.23,96.18,6064741
1579876200,2020-01-24 09:30,96.33,96.53,95.63,95.96,3984307
1580135400,2020-01-27 09:30,95.43,95.76,95.2,95.5,4866565
1580221800,2020-01-28 09:30,95.6,96.165,95.475,95.91,6030663
1580308200,2020-01-29 09:30,96.13,96.31,95.46,95.61,4804694
1580394600,2020-01-30 09:30,95.24,95.85,95.17,95.73,7056714
1580481000,2020-01-31 09:30,95.54,95.7,94.3,94.57,7803931
1580740200,2020-02-03 09:30,94.71,95.565,94.56,94.86,10804119
1580826600,2020-02-04 09:30,95.11,96.22,94.92,95.83,6893367
1580913000,2020-02-05 09:30,95.915,96.23,95.65,95.85,8037223
1580999400,2020-02-06 09:30,96.15,96.46,95.99,96.21,5207408
1581085800,2020-02-07 09:30,96.29,96.41,95.945,96.17,4246654
1581345000,2020-02-10 09:30,96.6,97.22,96.38,97.14,6186878
1581431400,2020-02-11 09:30,97.45,98.5,97.45,97.93,7281813
1581517800,2020-02-12 09:30,98.17,98.96,97.84,98.71,5726324
1581604200,2020-02-13 09:30,98.62,99.455,98.49,99.38,6023471
1581690600,2020-02-14 09:30,99.49,100.31,99.36,100.28,4262688
1582036200,2020-02-18 09:30,100.36,100.4,99.65,100.21,5860020
1582122600,2020-02-19 09:30,100.23,100.75,98.9,98.95,7103498
1582209000,2020-02-20 09:30,99.11,100.06,98.69,100.02,8793199
1582295400,2020-02-21 09:30,99.79,100.39,99.79,100.21,6280122
1582554600,2020-02-24 09:30,99,99.77,98.43,98.87,7534837
1582641000,2020-02-25 09:30,99.07,99.29,95.96,96.22,9336372
1582727400,2020-02-26 09:30,96.41,97.16,95.14,95.21,12260450
1582813800,2020-02-27 09:30,93.98,93.98,90.19,90.22,18952859
1582900200,2020-02-28 09:30,88.43,88.89,85.32,87.4,34734417
1583159400,2020-03-02 09:30,88.49,91.96,87.96,91.61,21369393
1583245800,2020-03-03 09:30,91.9,94.16,90.89,91.62,20821813
1583332200,2020-03-04 09:30,93.07,95.29,92.96,95.12,12692273
1583418600,2020-03-05 09:30,93.6,94.31,92.04,93.05,12085973
1583505000,2020-03-06 09:30,90.77,91.805,88.59,91.47,16538847
1583760600,2020-03-09 09:30,85.15,87.39,84.1,84.69,14725074
1583847000,2020-03-10 09:30,86.79,88.18,83.3956,87.96,18279814
1583933400,2020-03-11 09:30,85.84,86.12,82.07,82.84,14714374
1584019800,2020-03-12 09:30,78.02,79.96,73.36,74.77,11980877
1584106200,2020-03-13 09:30,78.41,81.17,74.39,81.15,11713584
1584365400,2020-03-16 09:30,72.85,74.32,66.85,67.46,12956794
1584451800,2020-03-17 09:30,68.26,72.02,66.0601,70.63,9973641
1584538200,2020-03-18 09:30,66.3,68.42,61.03,63.68,8574658
1584624600,2020-03-19 09:30,63.01,65.2401,60.81,63.71,10114966
1584711000,2020-03-20 09:30,64.38,66.32,60.5,60.92,12254803
1584970200,2020-03-23 09:30,60.66,60.66,56.27,57.84,16261260
1585056600,2020-03-24 09:30,60.91,62.61,59.29,62.47,12192750
1585143000,2020-03-25 09:30,62.38,68.67,61.68,65.27,13699320
1585229400,2020-03-26 09:30,66.13,70.44,65.6,70.11,11439171
1585315800,2020-03-27 09:30,67.94,72.02,67.61,70.2,8318667
1585575000,2020-03-30 09:30,70.79,71.82,68.49,71.6,10447852
1585661400,2020-03-31 09:30,71.22,71.22,67.885,69.57,11238281
1585747800,2020-04-01 09:30,66.33,69.724,63.71,64.98,11527326
1585834200,2020-04-02 09:30,64.07,66.52,63.98,65.26,10395888
1585920600,2020-04-03 09:30,64.71,65.55,63.005,64.24,8666521
1586179800,2020-04-06 09:30,66.97,69.42,66.89,69.06,11485596
1586266200,2020-04-07 09:30,71.73,73.12,69.72,69.73,9338703
1586352600,2020-04-08 09:30,70.85,75.21,70.1,74.72,14285090
1586439000,2020-04-09 09:30,76.34,80.12,76.34,78.88,15642706
1586784600,2020-04-13 09:30,78.51,78.75,75.13,75.67,9757474
1586871000,2020-04-14 09:30,77.35,78.49,76.77,77.67,8697463
1586957400,2020-04-15 09:30,75.43,76.18,73.86,74.73,9204543
1587043800,2020-04-16 09:30,74.5,75.32,73.365,73.89,9036755
1587130200,2020-04-17 09:30,76.11,76.49,73.826,76.09,7339287
1587389400,2020-04-20 09:30,74.67,75,73.23,73.33,7404321
1587475800,2020-04-21 09:30,71.47,72.63,70.99,71.99,8919123
1587562200,2020-04-22 09:30,73.32,73.76,72.46,73.14,6503513
1587648600,2020-04-23 09:30,73.19,73.92,72.17,72.47,6051877
1587735000,2020-04-24 09:30,72.8,73.06,71.81,72.77,4913448
1587994200,2020-04-27 09:30,73.35,75.36,73.19,75.07,5471491
1588080600,2020-04-28 09:30,76.73,77.595,75.67,75.75,6052853
1588167000,2020-04-29 09:30,77.35,77.85,75.7589,76.91,7196599
1588253400,2020-04-30 09:30,75.68,76.3,74.79,76.05,8778045
1588339800,2020-05-01 09:30,74.41,74.42,72.78,73.47,5740556
1588599000,2020-05-04 09:30,72.66,73.34,71.59,73.25,4894090
1588685400,2020-05-05 09:30,73.87,74.76,73.55,73.6,7106516
1588771800,2020-05-06 09:30,74.05,74.28,72.33,72.38,5740830
1588858200,2020-05-07 09:30,73.03,74.39,72.93,73.34,6427140
1588944600,2020-05-08 09:30,74.52,75.275,74.12,75.09,10120648
1589203800,2020-05-11 09:30,74.19,75.19,73.65,74.03,5544328
1589290200,2020-05-12 09:30,74.3,74.38,70.5525,70.63,10986560
1589376600,2020-05-13 09:30,70.16,70.472,68.57,68.96,13770732
1589463000,2020-05-14 09:30,67.96,69.32,66.44,69.28,9537175
1589549400,2020-05-15 09:30,68.81,69.07,67.83,68.96,9552515
1589808600,2020-05-18 09:30,71.37,73.585,71.33,72.98,11786643
1589895000,2020-05-19 09:30,72.72,73.175,72.14,72.16,4982903
1589981400,2020-05-20 09:30,73.03,73.11,72.29,72.86,4393066
1590067800,2020-05-21 09:30,72.5,73.25,72.02,72.76,4139422
1590154200,2020-05-22 09:30,72.65,73.81,72.46,73.75,4405835
1590499800,2020-05-26 09:30,75.94,76.89,75.72,76.44,7415764
1590586200,2020-05-27 09:30,78.18,78.34,76.035,77.91,8143911
1590672600,2020-05-28 09:30,78.83,78.87,77.6,78.23,6195595
1590759000,2020-05-29 09:30,77.68,78.2,76.95,77.42,10073969
1591018200,2020-06-01 09:30,77.36,79.77,77.2,79.21,6401817
1591104600,2020-06-02 09:30,79.85,80.12,79.07,79.92,6301018
1591191000,2020-06-03 09:30,80.73,82.68,80.6,82.32,9371479
1591277400,2020-06-04 09:30,82,82.03,80.85,81.62,6583938
1591363800,2020-06-05 09:30,84.33,86.11,84.23,84.59,10281934
1591623000,2020-06-08 09:30,85.68,86.86,85.66,86.82,6919262
1591709400,2020-06-09 09:30,85.34,85.92,84.31,85.42,10855328
1591795800,2020-06-10 09:30,84.98,85.412,82.58,83.24,9362103
1591882200,2020-06-11 09:30,79.58,80.74,77.81,77.98,9634647
1591968600,2020-06-12 09:30,80.63,81.015,78.53,80.77,12788920
1592227800,2020-06-15 09:30,77.85,81.61,77.48,81.16,8011943
1592314200,2020-06-16 09:30,84.07,84.22,81.41,82.76,7372751
1592400600,2020-06-17 09:30,83.21,83.29,81.58,81.64,4686772
1592487000,2020-06-18 09:30,80.91,81.2,80.33,80.77,5687229
1592573400,2020-06-19 09:30,81.97,81.98,79.24,79.75,9850836
1592832600,2020-06-22 09:30,79.46,79.76,78.26,79.6,5325405
1592919000,2020-06-23 09:30,80.39,80.52,79.11,79.36,4775945
1593005400,2020-06-24 09:30,78.34,78.58,75.34,77.09,7585023
1593091800,2020-06-25 09:30,76.49,78.08,76.4,78.04,4919499
1593178200,2020-06-26 09:30,77.74,78.11,76.44,76.49,6942015
1593437400,2020-06-29 09:30,77.35,77.99,76.17,77.92,6311065
1593523800,2020-06-30 09:30,78.01,79.24,77.7,78.81,5965785
1593610200,2020-07-01 09:30,79.02,80.92,78.91,80.58,6281462
1593696600,2020-07-02 09:30,81.96,82.13,80.02,80.33,4294542
1594042200,2020-07-06 09:30,82.01,82.01,80.23,80.34,5060014
1594128600,2020-07-07 09:30,79.53,79.94,78.73,78.81,3941086
1594215000,2020-07-08 09:30,79,79.245,78.02,78.73,3753769
1594301400,2020-07-09 09:30,78.61,78.65,77.055,78.29,3988551
1594387800,2020-07-10 09:30,78.2,78.87,77.94,78.51,3588732
1594647000,2020-07-13 09:30,78.93,79.15,77.29,77.54,5494735
1594733400,2020-07-14 09:30,77.36,78.34,77.23,78.13,4973396
1594819800,2020-07-15 09:30,79.44,79.7,78.39,78.94,4716429
1594906200,2020-07-16 09:30,78.56,78.82,77.82,78.08,4039333
1594992600,2020-07-17 09:30,78.43,79.405,77.93,79.06,3474434
1595251800,2020-07-20 09:30,78.94,79.39,77.85,78.12,3111890
1595338200,2020-07-21 09:30,78.7,79.13,78.13,78.32,3804009
1595424600,2020-07-22 09:30,78.01,79.55,77.82,79.52,3349950
1595511000,2020-07-23 09:30,79.28,79.81,78.2,79.11,3681075
1595597400,2020-07-24 09:30,78.98,79.35,78.46,78.51,3584316
1595856600,2020-07-27 09:30,78.53,79.44,77.64,79.42,2592393
1595943000,2020-07-28 09:30,79.3,81.29,79.16,80.84,4053488
1596029400,2020-07-29 09:30,81.43,82.71,81.41,82.65,5100057
1596115800,2020-07-30 09:30,81.62,82.24,81.13,82.23,5807573
1596202200,2020-07-31 09:30,82.15,82.2,80.815,82.06,6989649
1596461400,2020-08-03 09:30,82.16,82.18,80.65,80.99,3616883
1596547800,2020-08-04 09:30,80.8,82.28,80.79,82.01,3994957
1596634200,2020-08-05 09:30,82.24,82.65,81.31,81.7,4036224
1596720600,2020-08-06 09:30,81.46,81.99,81.22,81.71,3137926
1596807000,2020-08-07 09:30,81.46,82.855,81.33,82.82,3941292
1597066200,2020-08-10 09:30,83,83.5,82.6,83.02,4031290
1597152600,2020-08-11 09:30,83.95,83.95,81.54,81.82,4076437
1597239000,2020-08-12 09:30,82.35,82.7599,82.11,82.61,2989347
1597325400,2020-08-13 09:30,82.56,83.055,81.47,81.67,4181760
1597411800,2020-08-14 09:30,81.47,82.43,81.39,81.68,2213941
1597671000,2020-08-17 09:30,81.84,82.33,81.39,82.32,3122387
1597757400,2020-08-18 09:30,82.35,82.42,81.44,81.93,3523055
1597843800,2020-08-19 09:30,82.01,82.09,80.34,80.46,4336951
1597930200,2020-08-20 09:30,80.08,81.7,79.85,81.19,3036341
1598016600,2020-08-21 09:30,81.09,81.68,80.42,81.31,2933328
1598275800,2020-08-24 09:30,81.47,81.99,80.45,81.95,3110583
1598362200,2020-08-25 09:30,82.14,82.34,81.35,82.15,3043158
1598448600,2020-08-26 09:30,82,82.06,80.88,81.38,4668428
1598535000,2020-08-27 09:30,81.49,82.79,81.49,82.54,4541693
1598621400,2020-08-28 09:30,82.77,83.09,81.9,83.05,3770077
1598880600,2020-08-31 09:30,82.97,83.01,81.96,82.25,3392797
1598967000,2020-09-01 09:30,81.99,82.41,81.4,82.34,3026500
1599053400,2020-09-02 09:30,82.36,83.97,81.77,83.84,5049836
1599139800,2020-09-03 09:30,83.88,84.53,82.18,82.8,5707829
1599226200,2020-09-04 09:30,83,83.58,81.02,82.42,7279457
1599571800,2020-09-08 09:30,82.07,82.07,80.79,81.39,5431606
1599658200,2020-09-09 09:30,81.73,83.14,81.63,82.13,4645002
1599744600,2020-09-10 09:30,82.02,82.31,80.99,81.03,4574506
1599831000,2020-09-11 09:30,81.24,81.49,79.91,80.58,4298274
1600090200,2020-09-14 09:30,81.17,82.94,80.95,82.74,4373448
1600176600,2020-09-15 09:30,83.04,84.45,82.98,83.7,4166368
1600263000,2020-09-16 09:30,84.2,84.97,83.75,84.15,3958948
1600349400,2020-09-17 09:30,83.36,83.92,82.06,82.57,4258896
1600435800,2020-09-18 09:30,82.6,82.6,80.64,80.79,6820267
1600695000,2020-09-21 09:30,79.54,79.81,78.09,78.54,5721082
1600781400,2020-09-22 09:30,78.68,80.07,78.48,79.46,4788627
1600867800,2020-09-23 09:30,79.02,79.02,76.62,76.71,4149818
1600954200,2020-09-24 09:30,76.71,78.12,76.36,77.05,7611793
1601040600,2020-09-25 09:30,76.79,78.715,76.64,78.61,3292104
1601299800,2020-09-28 09:30,79.75,80.51,79.51,80.18,3960901
1601386200,2020-09-29 09:30,80.12,80.21,79,79.58,4520931
1601472600,2020-09-30 09:30,80,80.69,79.04,79.84,4276465
1601559000,2020-10-01 09:30,80.12,81.45,79.81,81.38,18707593
1601645400,2020-10-02 09:30,80.26,82.94,79.9,82.68,18898126
1601904600,2020-10-05 09:30,82.9,83.42,81.64,83.14,12648934
1601991000,2020-10-06 09:30,83.33,83.77,82.29,82.62,20491380
1602077400,2020-10-07 09:30,83.12,83.155,82.33,82.71,3424167
1602163800,2020-10-08 09:30,83.17,84.32,82.97,84.01,4177562
1602250200,2020-10-09 09:30,84.33,84.57,83.4,83.65,10875131
1602509400,2020-10-12 09:30,83.76,84.32,83.3,84.15,5738401
1602595800,2020-10-13 09:30,84.04,84.04,82.32,82.8,4940470
1602682200,2020-10-14 09:30,82.7,82.93,81.71,81.83,5918503
1602768600,2020-10-15 09:30,81.0335,82.82,81.03,82.17,4817111
1602855000,2020-10-16 09:30,82.19,82.31,81.53,81.66,4338847
1603114200,2020-10-19 09:30,81.85,82.07,80.2201,80.34,4996815
1603200600,2020-10-20 09:30,80.91,81.49,80.69,80.94,7056318
1603287000,2020-10-21 09:30,80.64,81.04,80.33,80.62,4019925
1603373400,2020-10-22 09:30,80.57,80.88,80.235,80.52,3928783
1603459800,2020-10-23 09:30,80.77,81.31,80.39,81.01,2641494
1603719000,2020-10-26 09:30,80.32,80.41,79.24,79.98,3991411
1603805400,2020-10-27 09:30,80.08,80.49,78.78,78.8,3414516
1603891800,2020-10-28 09:30,77.46,78.27,76.61,76.87,6085011
1603978200,2020-10-29 09:30,76.97,78.59,76.33,78.04,5758980
1604064600,2020-10-30 09:30,77.55,78.1,76.62,77.51,6507336
1604327400,2020-11-02 09:30,78.36,79.48,77.88,79.46,6576229
1604413800,2020-11-03 09:30,80.08,81.35,79.89,80.99,7949702
1604500200,2020-11-04 09:30,81.39,82.44,80.6,81.16,6721822
1604586600,2020-11-05 09:30,81.8,82.21,81.11,81.42,5408979
1604673000,2020-11-06 09:30,81.46,82.07,80.645,80.96,6837587
1604932200,2020-11-09 09:30,85,88.76,83.1,83.3,17599678
1605018600,2020-11-10 09:30,83.3,84.485,82.96,84.23,9468712
1605105000,2020-11-11 09:30,84.85,85.18,83.98,84.77,5308345
1605191400,2020-11-12 09:30,84.34,84.79,83.22,83.75,3756803
1605277800,2020-11-13 09:30,84.13,86.075,84.13,85.94,4854101
1605537000,2020-11-16 09:30,87.4,87.81,85.72,86.64,7907627
1605623400,2020-11-17 09:30,85.99,87.04,85.54,86.71,5134777
1605709800,2020-11-18 09:30,86.95,87.37,85.02,85.15,7843189
1605796200,2020-11-19 09:30,85.05,85.38,84.03,85.32,4440102
1605882600,2020-11-20 09:30,85.28,85.44,84.47,84.92,3544803
1606141800,2020-11-23 09:30,85.36,85.73,84.69,84.85,4796352
1606228200,2020-11-24 09:30,85.87,86.27,84.98,85.09,4574188
1606314600,2020-11-25 09:30,85.24,85.32,84.43,85.16,3380526
1606487400,2020-11-27 09:30,85.36,85.43,84.53,84.9,1658867
1606746600,2020-11-30 09:30,84.75,84.82,83.76,84.16,4633892
1606833000,2020-12-01 09:30,85.18,85.485,84.78,85.12,4831093
1606919400,2020-12-02 09:30,84.88,85.43,84.225,84.36,4372298
1607005800,2020-12-03 09:30,84.43,85.39,84.29,84.99,4539223
1607092200,2020-12-04 09:30,85.4,86.26,85.35,86.24,3714594
1607351400,2020-12-07 09:30,85.95,86.33,85.235,85.57,8254399
1607437800,2020-12-08 09:30,85.17,85.67,85.06,85.15,4100019
1607524200,2020-12-09 09:30,85.24,85.37,83.96,84.5,7956726
1607610600,2020-12-10 09:30,84.14,84.68,83.73,84.01,2822981
1607697000,2020-12-11 09:30,83.64,84.15,83.22,84.05,2862710
1607956200,2020-12-14 09:30,84.07,84.7,82.99,83.06,3816990
1608042600,2020-12-15 09:30,83.4,84.68,82.89,84.66,3912481
1608129000,2020-12-16 09:30,84.89,85.33,84.325,84.79,3965554
1608215400,2020-12-17 09:30,85.25,85.69,84.85,85.62,3547216
1608301800,2020-12-18 09:30,85.68,85.82,83.54,84.08,4291029
1608561000,2020-12-21 09:30,82.92,83.68,82.565,83.54,4952212
1608647400,2020-12-22 09:30,83.71,84.27,83.32,84.2,3385381
1608733800,2020-12-23 09:30,84.56,85.01,83.55,83.63,4579392
1608820200,2020-12-24 09:30,83.93,84.32,83.68,84.29,981746
1609165800,2020-12-28 09:30,84.66,85.23,84.26,85.06,6311696
1609252200,2020-12-29 09:30,85.45,85.75,84.19,84.37,3138907
1609338600,2020-12-30 09:30,84.29,85.32,84.29,84.75,4933785
1609425000,2020-12-31 09:30,84.74,85.88,84.08,85.65,4171532
1609770600,2021-01-04 09:30,85.86,85.99,82.71,82.74,14744147
1609857000,2021-01-05 09:30,82.72,83.49,82.64,82.73,13595108
1609943400,2021-01-06 09:30,82.66,83.26,82.15,82.69,18629414
1610029800,2021-01-07 09:30,82.7,83,82.19,82.68,10663307
1610116200,2021-01-08 09:30,82.85,83.74,82.81,83.48,4345197
1610375400,2021-01-11 09:30,83.08,83.38,82.065,82.3,3548469
1610461800,2021-01-12 09:30,82.13,82.43,81.46,82.27,5314944
1610548200,2021-01-13 09:30,82.19,83.43,82.19,83.28,8842484
1610634600,2021-01-14 09:30,83.5,84.17,83.14,83.64,4538558
1610721000,2021-01-15 09:30,83.54,84.885,83.26,84.59,6775177
1611066600,2021-01-19 09:30,85.15,85.15,84.04,84.36,3413030
1611153000,2021-01-20 09:30,84.39,86.38,84.14,86.06,6889535
1611239400,2021-01-21 09:30,85.73,85.925,85.01,85.8,4779627
1611325800,2021-01-22 09:30,85.47,86.16,85.22,85.97,6286341
1611585000,2021-01-25 09:30,86.01,87.21,85.535,86.61,5140004
1611671400,2021-01-26 09:30,86.76,87.5,86.615,87.24,3790617
1611757800,2021-01-27 09:30,86.69,87.31,85.32,85.79,5641067
1611844200,2021-01-28 09:30,85.7,87.14,85.38,86.16,5032179
1611930600,2021-01-29 09:30,85.86,86.56,84.82,85.28,5572560
1612189800,2021-02-01 09:30,85.79,87.395,84.87,87.34,13611841
1612276200,2021-02-02 09:30,87.87,88.11,87.13,87.81,12298511
1612362600,2021-02-03 09:30,87.51,87.735,86.37,87.57,11551092
1612449000,2021-02-04 09:30,87.6,88.57,87.38,88.07,11375498
1612535400,2021-02-05 09:30,88.23,88.51,87.95,88.24,5332931
1612794600,2021-02-08 09:30,88.24,88.5,87.8,88.48,5033777
1612881000,2021-02-09 09:30,88.55,89.005,88.3,88.87,3279869
1612967400,2021-02-10 09:30,89.34,89.99,88.95,89.44,5026378
1613053800,2021-02-11 09:30,89.48,89.89,88.99,89.42,3177943
1613140200,2021-02-12 09:30,89.4,89.58,88.76,89.54,2702111
1613485800,2021-02-16 09:30,89.59,89.62,88.15,88.66,3652041
1613572200,2021-02-17 09:30,88.46,88.71,88.05,88.54,6557527
1613658600,2021-02-18 09:30,88.16,88.55,88.06,88.3,6013877
1613745000,2021-02-19 09:30,88.74,89.25,88.3,88.71,3839186
1614004200,2021-02-22 09:30,88.42,89.56,88.15,89.24,5061982
1614090600,2021-02-23 09:30,89.53,89.95,89.17,89.74,5684113
1614177000,2021-02-24 09:30,89.64,90.48,89.33,90.22,6117180
1614263400,2021-02-25 09:30,90.15,90.845,88.14,88.7,9618136
1614349800,2021-02-26 09:30,88.93,89.04,87.29,87.35,9978622
1614609000,2021-03-01 09:30,88.26,89.08,87.495,87.57,12062036
1614695400,2021-03-02 09:30,87.56,87.56,86.2975,86.86,14819926
1614781800,2021-03-03 09:30,86.76,87.005,85.975,86.1,15991256
1614868200,2021-03-04 09:30,86.36,86.92,84.39,85.25,18710510
1614954600,2021-03-05 09:30,86.05,86.685,84.05,86.33,7882506
1615213800,2021-03-08 09:30,86.62,87.9,86.09,87.04,8494888
1615300200,2021-03-09 09:30,87.49,88.31,87.41,87.59,4385126
1615386600,2021-03-10 09:30,87.78,88.87,87.53,88.43,5016098
1615473000,2021-03-11 09:30,88.57,89.92,88.395,89.38,4329094
1615559400,2021-03-12 09:30,89.25,90.87,89.25,90.87,5521798
1615815000,2021-03-15 09:30,90.9,92.35,90.57,92.12,5335545
1615901400,2021-03-16 09:30,92.11,92.47,91.46,91.92,4161973
1615987800,2021-03-17 09:30,91.75,91.96,90.93,91.96,5849417
1616074200,2021-03-18 09:30,91.37,91.57,90.67,91.15,7539544
1616160600,2021-03-19 09:30,90.97,91.51,89.91,90.04,9974617
1616419800,2021-03-22 09:30,89.845,91.019,89.69,90.84,3748206
1616506200,2021-03-23 09:30,90.85,91.555,90.45,90.85,3981845
1616592600,2021-03-24 09:30,90.72,91.54,90.38,90.43,4046302
1616679000,2021-03-25 09:30,89.84,90.93,88.88,90.73,4701624
1616765400,2021-03-26 09:30,91.12,92.79,91,92.74,5190276
1617024600,2021-03-29 09:30,92.45,92.825,91.46,92.39,5668629
1617111000,2021-03-30 09:30,92.22,92.58,91.965,92.32,7171853
1617197400,2021-03-31 09:30,92.22,92.885,91.475,91.94,8863622
1617283800,2021-04-01 09:30,92.45,93.62,92.01,93.58,15804981
1617629400,2021-04-05 09:30,94.14,94.14,93.01,93.95,18032166
1617715800,2021-04-06 09:30,94,94.2,93.48,94.2,15602564
1617802200,2021-04-07 09:30,94.36,94.452,93.44,94.2,14850686
1617888600,2021-04-08 09:30,94.27,94.67,93.84,93.97,5862578
1617975000,2021-04-09 09:30,94.13,94.13,93.63,93.96,5877908
1618234200,2021-04-12 09:30,94.11,94.48,93.38,94.47,4353773
1618320600,2021-04-13 09:30,94.43,95.14,94.26,95.04,7435307
1618407000,2021-04-14 09:30,95.09,95.485,94.36,94.46,7114894
1618493400,2021-04-15 09:30,95.06,96.13,94.87,96.13,9781270
1618579800,2021-04-16 09:30,96.4,96.61,95.99,96.32,4035109
1618839000,2021-04-19 09:30,96.38,96.58,95.85,96.55,4047614
1618925400,2021-04-20 09:30,96.33,97.7,96.33,97.56,5150258
1619011800,2021-04-21 09:30,97.67,98.195,97.32,98.01,4585604
1619098200,2021-04-22 09:30,97.95,98.41,97.355,97.61,6062488
1619184600,2021-04-23 09:30,97.81,98.34,97.505,98.2,5015365
1619443800,2021-04-26 09:30,98.6765,98.87,98.1,98.36,4457065
1619530200,2021-04-27 09:30,98.68,98.68,98.09,98.39,3843858
1619616600,2021-04-28 09:30,98.44,98.57,97.8,97.98,5307521
1619703000,2021-04-29 09:30,98.56,99.08,98.08,98.78,4775216
1619789400,2021-04-30 09:30,98.49,99.37,98.27,99.19,4994865
1620048600,2021-05-03 09:30,99.61,99.62,98.67,99.03,15941123
1620135000,2021-05-04 09:30,98.75,99.24,97.77,98.13,15545410
1620221400,2021-05-05 09:30,98.1,98.1,96.38,96.71,17545924
1620307800,2021-05-06 09:30,96.78,97.3599,96.44,97.23,16013840
1620394200,2021-05-07 09:30,97.54,98.59,97.25,98.59,6441232
1620653400,2021-05-10 09:30,98.8,99.745,98.6275,98.63,7486811
1620739800,2021-05-11 09:30,97.9,97.9,96.7199,97.51,8099258
1620826200,2021-05-12 09:30,97.31,97.44,95.01,95.1,9227162
1620912600,2021-05-13 09:30,95.28,96.88,95.28,96.26,10680611
1620999000,2021-05-14 09:30,96.78,97.615,96.57,97.33,5704880
1621258200,2021-05-17 09:30,97.54,97.605,96.93,97.42,4665195
1621344600,2021-05-18 09:30,97.37,98.0999,96.81,97.55,3801625
1621431000,2021-05-19 09:30,96.77,97.28,95.89,97.28,8013319
1621517400,2021-05-20 09:30,97.3,98.73,97.05,98.48,6117367
1621603800,2021-05-21 09:30,98.61,98.86,98.08,98.31,6711154
1621863000,2021-05-24 09:30,98.8,99.82,98.67,99.42,4352513
1621949400,2021-05-25 09:30,99.55,99.89,99.01,99.51,8828671
1622035800,2021-05-26 09:30,99.71,100.34,99.46,99.84,6120885
1622122200,2021-05-27 09:30,100.05,100.09,99.35,99.5,7308920
1622208600,2021-05-28 09:30,100.03,100.47,99.78,100.19,7386274
1622554200,2021-06-01 09:30,100.63,101.85,100.28,101.77,12740135
1622640600,2021-06-02 09:30,102.22,103.09,101.785,102.99,15539831
1622727000,2021-06-03 09:30,102.95,102.95,102.175,102.79,14727077
1622813400,2021-06-04 09:30,103.12,103.21,102.275,102.8,13005732
1623072600,2021-06-07 09:30,102.9,104.1,102.9,103.81,6510269
1623159000,2021-06-08 09:30,103.86,104.665,103.86,104.48,6112317
1623245400,2021-06-09 09:30,104.79,105.01,104.51,104.71,5928868
1623331800,2021-06-10 09:30,104.1549,105.22,103.86,104.97,5998054
1623418200,2021-06-11 09:30,104.95,104.97,103.97,104.45,7348499
1623677400,2021-06-14 09:30,104.39,104.92,104.26,104.91,5301723
1623763800,2021-06-15 09:30,104.91,104.91,103.75,103.81,7924224
1623850200,2021-06-16 09:30,104.04,104.42,102.84,102.88,8695953
1623936600,2021-06-17 09:30,102.72,103.19,102.34,103.04,9029045
1624023000,2021-06-18 09:30,102.76,102.98,101.38,101.41,7828259
1624282200,2021-06-21 09:30,101.7,103.73,101.46,103.47,6758919
1624368600,2021-06-22 09:30,103.51,103.54,102.93,102.97,6023066
1624455000,2021-06-23 09:30,102.92,103.25,102.64,102.7,6447770
1624541400,2021-06-24 09:30,103,103.03,101.95,102.36,4016239
1624627800,2021-06-25 09:30,102.45,103.23,102.29,103.23,6519615
1624887000,2021-06-28 09:30,103.44,103.47,102.075,102.82,4204990
1624973400,2021-06-29 09:30,102.89,103.4,102.485,102.52,4639053
1625059800,2021-06-30 09:30,102.57,103.11,101.82,101.94,7737407
1625146200,2021-07-01 09:30,102,103.1,101.61,102.34,16376349
1625232600,2021-07-02 09:30,102.73,103.16,102.28,102.68,16421407
1625578200,2021-07-06 09:30,102.68,103.7089,101.96,103.46,15654232
1625664600,2021-07-07 09:30,103.42,104.345,103.04,103.84,14413483
1625751000,2021-07-08 09:30,103.18,104.15,102.96,103.88,9538410
1625837400,2021-07-09 09:30,104.35,105.44,104.025,105.4,9087906
1626096600,2021-07-12 09:30,105.33,106.33,105.19,106.17,6150467
1626183000,2021-07-13 09:30,105.93,106.08,104.375,104.64,10276951
1626269400,2021-07-14 09:30,104.82,105.8,104.51,105.49,6584540
1626355800,2021-07-15 09:30,105.31,105.87,105.26,105.76,5393245
1626442200,2021-07-16 09:30,106.22,106.54,105.7,105.78,7061168
1626701400,2021-07-19 09:30,104.83,104.89,103.17,103.93,12408159
1626787800,2021-07-20 09:30,104.52,106.65,104.38,106.27,8337716
1626874200,2021-07-21 09:30,106.52,106.81,105.94,106.1,7475890
1626960600,2021-07-22 09:30,105.65,105.76,104.83,105.31,4917086
1627047000,2021-07-23 09:30,105.68,106.41,105.435,106.25,5695615
1627306200,2021-07-26 09:30,106.14,106.47,105.49,106.18,4068970
1627392600,2021-07-27 09:30,106.15,107.09,105.77,106.96,6394513
1627479000,2021-07-28 09:30,106.82,106.99,106.08,106.45,7576323
1627565400,2021-07-29 09:30,106.72,107.495,106.355,106.45,5299906
1627651800,2021-07-30 09:30,106.66,107.99,106.5,106.72,5865628
1627911000,2021-08-02 09:30,107.09,107.935,106.37,106.48,7787948
1627997400,2021-08-03 09:30,106.79,106.9,105.99,106.69,6865191
1628083800,2021-08-04 09:30,106.52,107.02,105.855,106.27,5810337
1628170200,2021-08-05 09:30,106.83,107.38,106.42,107.34,5536834
1628256600,2021-08-06 09:30,107.54,107.8,106.885,107.08,4280773
1628515800,2021-08-09 09:30,106.95,106.95,106.34,106.5,3233428
1628602200,2021-08-10 09:30,106.7,106.71,105.34,105.43,5110366
1628688600,2021-08-11 09:30,105.94,106.19,105.47,106.03,5440006
1628775000,2021-08-12 09:30,106.3,106.44,105.81,106.44,4141691
1628861400,2021-08-13 09:30,106.7,107.07,106.29,107.05,6924600
1629120600,2021-08-16 09:30,106.96,107.46,106.66,106.91,5347548
1629207000,2021-08-17 09:30,106.48,106.98,106.07,106.92,4903441
1629293400,2021-08-18 09:30,106.76,106.76,105.83,105.88,4409451
1629379800,2021-08-19 09:30,105.62,106.61,105.24,106.46,6925870
1629466200,2021-08-20 09:30,106.44,107.425,105.68,107,5076635
1629725400,2021-08-23 09:30,107.2,107.39,106.5,106.76,4496413
1629811800,2021-08-24 09:30,106.94,106.99,105.86,106.28,3597118
1629898200,2021-08-25 09:30,106.26,106.77,105.79,106.27,4231852
1629984600,2021-08-26 09:30,106.36,106.57,105.77,106.14,4458835
1630071000,2021-08-27 09:30,106.53,107.49,106.47,107.17,3620854
1630330200,2021-08-30 09:30,107.32,108.33,106.98,108.28,6984037
1630416600,2021-08-31 09:30,108.03,108.97,107.78,108.79,8709376
1630503000,2021-09-01 09:30,109.08,110.75,109.0375,110.75,16250281
1630589400,2021-09-02 09:30,110.89,111.26,110,111.24,16311734
1630675800,2021-09-03 09:30,110.97,111.44,110.03,111.27,15133863
1631021400,2021-09-07 09:30,111.09,111.19,109.15,110.03,14891208
1631107800,2021-09-08 09:30,109.75,110.97,109.42,110.64,10358726
1631194200,2021-09-09 09:30,110.02,110.12,108.44,108.49,6180474
1631280600,2021-09-10 09:30,108.67,108.7,107.03,107.05,7861128
1631539800,2021-09-13 09:30,107.95,108.495,107.28,107.48,7833165
1631626200,2021-09-14 09:30,108,108.12,106.81,107.21,6397186
1631712600,2021-09-15 09:30,107.43,108.17,106.96,107.61,6245113
1631799000,2021-09-16 09:30,107.49,108.29,106.95,107.81,6076153
1631885400,2021-09-17 09:30,107.56,108.02,106.66,106.79,10076877
1632144600,2021-09-20 09:30,105.77,106.83,105,106.23,12678129
1632231000,2021-09-21 09:30,106.78,107.5059,106.22,106.23,8384974
1632317400,2021-09-22 09:30,106.95,107.85,106.46,107.27,7071916
1632403800,2021-09-23 09:30,107.49,107.83,106.8,106.9,6242616
1632490200,2021-09-24 09:30,106.29,106.72,105.205,105.39,7605244
1632749400,2021-09-27 09:30,105.43,106.12,103.87,103.96,6814577
1632835800,2021-09-28 09:30,103.4,103.805,102.63,103.22,11006080
1632922200,2021-09-29 09:30,103.75,104.51,103.64,104.01,7849818
1633008600,2021-09-30 09:30,104.46,104.49,102.38,102.39,11283125
1633095000,2021-10-01 09:30,102.88,104.4,102.34,103.83,10761539
1633354200,2021-10-04 09:30,103.57,104.18,103.05,103.62,10771564
1633440600,2021-10-05 09:30,103.8,103.82,102.63,103.03,8068415
1633527000,2021-10-06 09:30,102.55,104.14,101.56,104.05,8038416
1633613400,2021-10-07 09:30,104.65,105.49,104.1,104.24,6938123
1633699800,2021-10-08 09:30,104.07,104.292,103.21,103.33,4286062
1633959000,2021-10-11 09:30,103.29,104.01,102.83,103.61,3609387
1634045400,2021-10-12 09:30,103.8,105.41,103.53,105.02,6262336
1634131800,2021-10-13 09:30,104.86,105.85,104.22,105.76,6317462
1634218200,2021-10-14 09:30,106.43,107.22,106.15,107.19,4335126
1634304600,2021-10-15 09:30,107.87,108.06,106.64,107.17,5649163
1634563800,2021-10-18 09:30,106.62,107.8,106.52,107.42,6011663
1634650200,2021-10-19 09:30,107.84,108.21,107.505,107.66,4083974
1634736600,2021-10-20 09:30,107.75,109.26,107.75,109.26,4710333
1634823000,2021-10-21 09:30,109.19,109.5,108.96,109.43,5806064
1634909400,2021-10-22 09:30,109.63,110.33,109.54,110.02,8094875
1635168600,2021-10-25 09:30,110.24,110.66,109.42,110.37,4816642
1635255000,2021-10-26 09:30,110.57,111.08,110.35,110.7,6085889
1635341400,2021-10-27 09:30,111.1,111.18,109.55,109.69,7741377
1635427800,2021-10-28 09:30,109.63,111.01,109.6,110.96,7503075
1635514200,2021-10-29 09:30,110.57,110.895,109.25,109.84,8811232
1635773400,2021-11-01 09:30,110,110.3,108.355,110.04,9795747
1635859800,2021-11-02 09:30,110.51,110.93,109.64,110.47,6165240
1635946200,2021-11-03 09:30,110.52,111,109.87,110.69,4774757
1636032600,2021-11-04 09:30,110.81,111.2,109.355,109.72,4961622
1636119000,2021-11-05 09:30,110.57,111.47,109.93,110.24,6082884
1636381800,2021-11-08 09:30,110.51,110.51,109.26,110.02,4248750
1636468200,2021-11-09 09:30,110.25,110.47,109.93,110.26,3419080
1636554600,2021-11-10 09:30,110.07,110.62,109.71,109.76,4840884
1636641000,2021-11-11 09:30,109.9,110.06,109.21,109.99,2752052
1636727400,2021-11-12 09:30,110.28,110.33,109.63,110.04,4328311
1636986600,2021-11-15 09:30,110.07,110.72,109.75,110.69,4996978
1637073000,2021-11-16 09:30,110.81,110.89,109.76,110.04,4826685
1637159400,2021-11-17 09:30,109.74,110.525,108.35,110.43,6854126
1637245800,2021-11-18 09:30,110.6,110.6,109.86,110.38,5398653
1637332200,2021-11-19 09:30,110.44,110.71,109.44,109.88,6454759
1637591400,2021-11-22 09:30,109.92,110.14,109.03,109.14,4993345
1637677800,2021-11-23 09:30,109.24,110.32,108.96,110.02,6294154
1637764200,2021-11-24 09:30,110.05,111.535,109.79,111.35,5042461
1637937000,2021-11-26 09:30,109.76,109.94,108.005,108.27,7050900
1638196200,2021-11-29 09:30,109.17,110.245,108.43,109.41,9997885
1638282600,2021-11-30 09:30,108.93,109.1,106.92,107.19,13914175
1638369000,2021-12-01 09:30,108.32,109.51,105.51,105.54,17616872
1638455400,2021-12-02 09:30,106.14,109.31,106.01,108.75,15008745
1638541800,2021-12-03 09:30,109,109.38,107.43,108.26,14207508
1638801000,2021-12-06 09:30,109.07,110.795,109.02,110,12441774
1638887400,2021-12-07 09:30,110.95,111.93,110.58,111.65,7534836
1638973800,2021-12-08 09:30,111.85,112.65,111.38,112.34,9311166
1639060200,2021-12-09 09:30,112.04,112.06,110.84,110.91,5102252
1639146600,2021-12-10 09:30,111.24,111.588,110.76,111.18,3593743
1639405800,2021-12-13 09:30,109.79,111.74,109.63,111.25,7406773
1639492200,2021-12-14 09:30,111.11,111.11,109.25,109.89,11908645
1639578600,2021-12-15 09:30,110,111.58,109.95,111.4,11106378
1639665000,2021-12-16 09:30,111.67,112.36,110.83,111.43,8093048
1639751400,2021-12-17 09:30,111.23,112.48,110.93,111.21,9501927
1640010600,2021-12-20 09:30,110.14,110.79,109.24,110.32,15275221
1640097000,2021-12-21 09:30,111.15,111.98,110.995,111.43,7384819
1640183400,2021-12-22 09:30,111.79,112.6,111.69,112.51,5007684
1640269800,2021-12-23 09:30,112.95,112.95,111.84,112.41,7972021
1640615400,2021-12-27 09:30,112.5,114.33,112.36,114.29,8782333
1640701800,2021-12-28 09:30,114.36,114.855,113.97,114.68,7628999
1640788200,2021-12-29 09:30,114.87,115.74,114.42,115.43,6502579
1640874600,2021-12-30 09:30,115.43,116.37,115.09,115.95,7116823
1640961000,2021-12-31 09:30,115.92,116.89,115.88,116.14,3877408
1641220200,2022-01-03 09:30,116.5,116.75,113.58,115.26,13193954
1641306600,2022-01-04 09:30,115.58,116.14,114.89,115.04,9362960
1641393000,2022-01-05 09:30,114.75,114.91,111.55,111.63,12109978
1641479400,2022-01-06 09:30,111.74,112.13,110.51,111.61,7920646
1641565800,2022-01-07 09:30,111.3,111.625,110.55,110.86,7883415
1641825000,2022-01-10 09:30,110.25,110.325,108.845,110.3,10109211
1641911400,2022-01-11 09:30,110.28,110.66,108.88,110.58,7339260
1641997800,2022-01-12 09:30,110.5,111.39,110.5,110.69,5936832
1642084200,2022-01-13 09:30,111.08,111.475,110.22,110.34,6922609
1642170600,2022-01-14 09:30,109.79,109.94,108.1,109.29,12194833
1642516200,2022-01-18 09:30,108.58,108.81,107.56,108.31,9457466
1642602600,2022-01-19 09:30,108.78,109.37,106.94,106.95,7194131
1642689000,2022-01-20 09:30,107.2,108.385,105.58,105.62,12901433
1642775400,2022-01-21 09:30,106.23,106.75,105.13,105.37,16205404
1643034600,2022-01-24 09:30,104.64,105.79,101.73,105.54,19914570
1643121000,2022-01-25 09:30,104.34,105.89,103.1971,105.06,14780832
1643207400,2022-01-26 09:30,105.78,106.89,102.76,103.36,15672591
1643293800,2022-01-27 09:30,104.09,104.96,101.4,101.81,11946530
1643380200,2022-01-28 09:30,101.99,105.12,100.8,104.98,13488402
1643639400,2022-01-31 09:30,104.66,106.65,104.33,106.58,8568977
1643725800,2022-02-01 09:30,106.59,106.75,105.36,105.99,11086998
1643812200,2022-02-02 09:30,106.57,107.71,106.37,107.46,7393770
1643898600,2022-02-03 09:30,106.79,107.19,106.11,106.11,7099587
1643985000,2022-02-04 09:30,105.56,106.39,104.21,105.13,9197327
1644244200,2022-02-07 09:30,105.27,105.71,104.73,104.95,7632064
1644330600,2022-02-08 09:30,104.83,105.26,104.15,104.4,8280029
1644417000,2022-02-09 09:30,105.53,106.87,105.52,106.79,7728645
1644503400,2022-02-10 09:30,105.3,106.7,103.56,104.12,11837266
1644589800,2022-02-11 09:30,104.67,104.99,102.44,103.04,10952272
1644849000,2022-02-14 09:30,103.14,103.81,101.655,102.08,8473044
1644935400,2022-02-15 09:30,103.06,103.54,102.555,102.86,6383586
1645021800,2022-02-16 09:30,103.04,103.48,102.145,103.2,7205189
1645108200,2022-02-17 09:30,102.87,103.16,101.9,102.04,7504542
1645194600,2022-02-18 09:30,101.93,102.84,101.33,101.51,8281656
1645540200,2022-02-22 09:30,101.23,101.82,100.45,100.99,10853699
1645626600,2022-02-23 09:30,101.46,102.2,99.16,99.21,10679811
1645713000,2022-02-24 09:30,97.32,101.34,97.05,100.97,15484134
1645799400,2022-02-25 09:30,101.49,103.53,100.84,103.4,9811192
1646058600,2022-02-28 09:30,102.3,102.86,100.75,101.69,13154687
1646145000,2022-03-01 09:30,102.11,102.68,100.85,101.43,11661568
1646231400,2022-03-02 09:30,101.91,103.69,101.792,103.18,10335695
1646317800,2022-03-03 09:30,103.81,104.39,102.71,104.03,7639532
1646404200,2022-03-04 09:30,103.17,104.645,102.91,104.54,10021786
1646663400,2022-03-07 09:30,104.32,104.52,102.4,102.4,10114126
1646749800,2022-03-08 09:30,102.25,103.77,101.63,101.83,9401696
1646836200,2022-03-09 09:30,103.67,104.545,103.28,103.46,9432393
1646922600,2022-03-10 09:30,102.31,103.96,102.07,103.71,8782936
1647009000,2022-03-11 09:30,104.34,104.94,102.8,102.84,5966278
1647264600,2022-03-14 09:30,103.49,103.62,101.66,102.11,8515957
1647351000,2022-03-15 09:30,103.16,103.56,101.91,102.82,6331596
1647437400,2022-03-16 09:30,103.62,104.58,101.86,104.11,8138329
1647523800,2022-03-17 09:30,103.76,105.63,103.65,105.63,7172828
1647610200,2022-03-18 09:30,105.63,106.15,105.145,105.83,7229060
1647869400,2022-03-21 09:30,105.85,106.37,104.75,105.27,6595603
1647955800,2022-03-22 09:30,105.78,106.08,105.3,105.56,4694985
1648042200,2022-03-23 09:30,105.22,105.59,104.2,104.42,4720767
1648128600,2022-03-24 09:30,104.02,104.68,103.64,104.65,3886648
1648215000,2022-03-25 09:30,105.11,105.92,104.67,105.87,5140509
1648474200,2022-03-28 09:30,106.12,107.08,105.83,107.07,5069544
1648560600,2022-03-29 09:30,108.2,110.34,108.07,110.12,11486930
1648647000,2022-03-30 09:30,109.74,109.85,108.88,109.37,6047091
1648733400,2022-03-31 09:30,109.86,110.1,107.92,108.22,11802257
1648819800,2022-04-01 09:30,108.47,110.11,108.09,110.03,8195754
1649079000,2022-04-04 09:30,110.11,110.36,108.7,109.63,6140284
1649165400,2022-04-05 09:30,109.29,110.75,108.88,109.27,8433731
1649251800,2022-04-06 09:30,108.68,110.71,108.26,110.55,9412470
1649338200,2022-04-07 09:30,109.97,110.12,108.86,109.72,8487892
1649424600,2022-04-08 09:30,109.75,110.275,109.005,109.85,7789858
1649683800,2022-04-11 09:30,109.63,110.12,108.36,108.63,7436311
1649770200,2022-04-12 09:30,108.65,109.37,107.96,108.39,9739366
1649856600,2022-04-13 09:30,108.39,109.16,108.07,109.03,7387656
1649943000,2022-04-14 09:30,109.21,109.86,108.43,108.5,5112419
1650288600,2022-04-18 09:30,108.28,108.85,107.565,108.11,6909265
1650375000,2022-04-19 09:30,108.76,110.65,108.72,110.38,10807230
1650461400,2022-04-20 09:30,110.62,112.6,110.61,112.38,9078687
1650547800,2022-04-21 09:30,112.7,113.13,111.41,111.49,7741393
1650634200,2022-04-22 09:30,111.2,111.31,109.44,109.56,8384383
1650893400,2022-04-25 09:30,109.31,109.67,107.435,109.19,8750513
1650979800,2022-04-26 09:30,108.82,109.58,107.32,107.41,12085955
1651066200,2022-04-27 09:30,107.49,108.41,106.67,106.77,7418686
1651152600,2022-04-28 09:30,107.35,109.08,106.195,108.76,10378175
1651239000,2022-04-29 09:30,108.21,108.21,103.45,103.75,17174181
1651498200,2022-05-02 09:30,104.07,104.36,99.29,101.19,20384145
1651584600,2022-05-03 09:30,101.84,103.305,101.13,102.71,10678986
1651671000,2022-05-04 09:30,102.63,104.06,100.91,103.84,11560790
1651757400,2022-05-05 09:30,103.25,103.97,100.38,101.13,11247793
1651843800,2022-05-06 09:30,100.45,100.68,98.88,99.83,13089029
1652103000,2022-05-09 09:30,99.06,99.06,95.225,95.6,13663406
1652189400,2022-05-10 09:30,96.68,97.37,93.06,93.75,16636054
1652275800,2022-05-11 09:30,93.99,95.685,93.39,93.55,14684085
1652362200,2022-05-12 09:30,93.38,94.38,92.89,94.22,11695313
1652448600,2022-05-13 09:30,95.1884,96.85,94.53,96.77,9053137
1652707800,2022-05-16 09:30,96.67,96.99,95.97,96.13,6916446
1652794200,2022-05-17 09:30,97.09,97.3,95.87,97.2,6838453
1652880600,2022-05-18 09:30,96.9,97.12,94.105,94.39,7983226
1652967000,2022-05-19 09:30,93.7,95.27,93.7,94.16,8900584
1653053400,2022-05-20 09:30,95.04,95.19,93.43,94.88,11305002
1653312600,2022-05-23 09:30,95.76,96.35,94.41,96.04,7684404
1653399000,2022-05-24 09:30,95.66,97.1,94.25,96.96,8120464
1653485400,2022-05-25 09:30,96.59,97.94,96.28,97.65,5831065
1653571800,2022-05-26 09:30,98.07,98.73,97.585,97.74,5817859
1653658200,2022-05-27 09:30,98.32,100.415,98.25,100.36,5921739
1654003800,2022-05-31 09:30,99.48,99.82,98.64,99.14,6680477
1654090200,2022-06-01 09:30,99.47,99.51,97.08,98.26,8342826
1654176600,2022-06-02 09:30,97.76,99.74,96.72,99.68,6916018
1654263000,2022-06-03 09:30,98.76,99.42,98.12,98.35,6051754
1654522200,2022-06-06 09:30,99.09,99.3,97.83,98.01,7749867
1654608600,2022-06-07 09:30,97.73,99.37,97.14,99.32,6406653
1654695000,2022-06-08 09:30,98.74,98.95,96.81,97.04,5968762
1654781400,2022-06-09 09:30,96.29,96.96,94.5,94.55,8054333
1654867800,2022-06-10 09:30,93.5,93.53,92.4,92.47,8669312
1655127000,2022-06-13 09:30,90.5,90.5,87.53,87.91,11994381
1655213400,2022-06-14 09:30,88.24,88.38,86.595,87.22,10648537
1655299800,2022-06-15 09:30,87.99,90.44,87.8,89.19,10030485
1655386200,2022-06-16 09:30,87.35,87.92,86.57,86.95,11127135
1655472600,2022-06-17 09:30,87.19,88.73,86.81,87.66,12095161
1655818200,2022-06-21 09:30,88.6,89.86,88.5,89.03,5267812
1655904600,2022-06-22 09:30,88.26,91.41,88.1,90.31,7122960
1655991000,2022-06-23 09:30,90.69,92.32,90.53,92.08,5966333
1656077400,2022-06-24 09:30,92.72,94.33,92.44,94.04,5548774
1656336600,2022-06-27 09:30,93.88,94.88,93.35,93.83,6886551
1656423000,2022-06-28 09:30,94.39,95,92.57,92.72,5508717
1656509400,2022-06-29 09:30,92.13,92.35,91.1,92.16,5278179
1656595800,2022-06-30 09:30,91.5637,93.13,90.88,91.98,7746131
1656682200,2022-07-01 09:30,91.79,93.96,91.72,93.71,7157706
1657027800,2022-07-05 09:30,92.85,93.41,91.23,93.32,6353877
1657114200,2022-07-06 09:30,93.67,94.54,93.03,93.31,9021984
1657200600,2022-07-07 09:30,93.74,94.3,93.19,93.47,4296494
1657287000,2022-07-08 09:30,93.09,93.675,92.56,93.01,4098418
1657546200,2022-07-11 09:30,92.73,93.2,92.14,92.83,4060893
1657632600,2022-07-12 09:30,92.33,93.34,91.695,92.36,7560798
1657719000,2022-07-13 09:30,91.45,92.63,90.76,91.97,6089047
1657805400,2022-07-14 09:30,90.51,91.47,90.4,91.07,5904241
1657891800,2022-07-15 09:30,92.58,93.07,91.71,92.62,4818362
1658151000,2022-07-18 09:30,93.29,93.33,91.525,91.87,4728486
1658237400,2022-07-19 09:30,92.56,94.32,92.53,94.24,4771118
1658323800,2022-07-20 09:30,94.12,95.15,93.57,93.96,6332594
1658410200,2022-07-21 09:30,94.08,94.83,93.225,94.78,4335118
1658496600,2022-07-22 09:30,95,95.96,94.66,95.35,4629153
1658755800,2022-07-25 09:30,95.48,95.975,94.98,95.49,4302206
1658842200,2022-07-26 09:30,95.41,96.08,95.23,95.55,2895034
1658928600,2022-07-27 09:30,95.77,96.5894,95.202,96.35,5050547
1659015000,2022-07-28 09:30,97.06,99.64,97.02,99.55,8515625
1659101400,2022-07-29 09:30,99.56,100.46,99.17,100.13,7852920
1659360600,2022-08-01 09:30,99.67,99.88,98.835,99.29,6820111
1659447000,2022-08-02 09:30,99.16,99.465,97.92,98.01,4568810
1659533400,2022-08-03 09:30,98.55,99.29,98.27,98.32,4457324
1659619800,2022-08-04 09:30,98.53,98.62,97.66,98.27,3993913
1659706200,2022-08-05 09:30,97.29,98.57,97.2,98.55,4444937
1659965400,2022-08-08 09:30,99.35,100.2,98.81,99.34,6310277
1660051800,2022-08-09 09:30,99.63,99.94,99.05,99.93,3584935
1660138200,2022-08-10 09:30,101,101.56,100.63,101.42,6627302
1660224600,2022-08-11 09:30,101.79,102.26,100.76,101.07,5766627
1660311000,2022-08-12 09:30,101.69,102.8,101.57,102.69,4908035
1660570200,2022-08-15 09:30,102.53,103.33,102.39,103.19,4630909
1660656600,2022-08-16 09:30,102.74,103.36,102.47,102.81,4132347
1660743000,2022-08-17 09:30,101.98,102.92,101.68,102.38,3552796
1660829400,2022-08-18 09:30,102.45,102.6,101.12,101.59,3164116
1660915800,2022-08-19 09:30,101.28,101.42,100.28,100.66,4611197
1661175000,2022-08-22 09:30,99.88,99.88,98.45,98.56,5565531
1661261400,2022-08-23 09:30,98.33,98.58,96.87,97.25,5346735
1661347800,2022-08-24 09:30,97.4,98.42,97.2738,97.83,3863620
1661434200,2022-08-25 09:30,98.15,99.34,97.93,99.34,3076926
1661520600,2022-08-26 09:30,99.34,99.42,96.82,96.9,5300055
1661779800,2022-08-29 09:30,96.31,97.03,95.84,96.04,3996287
1661866200,2022-08-30 09:30,96.33,96.46,94.39,94.64,4343855
1661952600,2022-08-31 09:30,95.2,95.65,93.95,94.26,5569137
1662039000,2022-09-01 09:30,93.77,94.54,92.82,94.43,7122941
1662125400,2022-09-02 09:30,95.26,95.5,92.995,93.21,5736083
1662471000,2022-09-06 09:30,93.69,94.72,93.3,94.28,7616181
1662557400,2022-09-07 09:30,94.3,96.28,94.1101,96.12,4111542
1662643800,2022-09-08 09:30,95.65,96.69,95.3,96.4,4502859
1662730200,2022-09-09 09:30,96.64,97.65,96.22,97.32,4086346
1662989400,2022-09-12 09:30,97.48,98.38,97.48,98.16,3640689
1663075800,2022-09-13 09:30,96.26,96.56,94.22,94.53,7338676
1663162200,2022-09-14 09:30,94.19,94.27,92.71,93.29,7836720
1663248600,2022-09-15 09:30,93.63,93.63,91.47,91.58,7526151
1663335000,2022-09-16 09:30,91.09,91.57,90.42,91.51,8387926
1663594200,2022-09-19 09:30,90.7,91.43,90.07,91.39,6203568
1663680600,2022-09-20 09:30,90.69,90.69,88.72,89.16,9755321
1663767000,2022-09-21 09:30,89.75,90.39,87.81,87.81,7923720
1663853400,2022-09-22 09:30,87.65,87.65,86.6,86.94,8593750
1663939800,2022-09-23 09:30,86.13,86.49,84.85,85.8,12200965
1664199000,2022-09-26 09:30,84.48,84.48,81.7199,82.61,14629403
1664285400,2022-09-27 09:30,83.32,83.83,81.21,81.43,10180156
1664371800,2022-09-28 09:30,82.2,83.3499,81.37,83.01,12138747
1664458200,2022-09-29 09:30,82.23,82.24,80.09,80.64,11420001
1664544600,2022-09-30 09:30,81.31,82.08,80.875,81.42,13320169
1664803800,2022-10-03 09:30,82.66,83.42,81.29,82.94,9489625
1664890200,2022-10-04 09:30,83.8,85.2,83.75,84.55,8849432
1664976600,2022-10-05 09:30,83.49,83.55,81.535,82.86,8640706
1665063000,2022-10-06 09:30,82.76,82.99,80.395,80.52,11077104
1665149400,2022-10-07 09:30,79.87,80.22,78.115,78.63,10456022
1665408600,2022-10-10 09:30,78.8,79.37,77.65,77.75,6640211
1665495000,2022-10-11 09:30,77.76,79.14,76.84,78.61,8368014
1665581400,2022-10-12 09:30,78.57,78.58,77.24,77.72,7080503
1665667800,2022-10-13 09:30,75.99,79.4,75.66,78.99,10562247
1665754200,2022-10-14 09:30,80.04,80.18,76.93,76.97,9995718
1666013400,2022-10-17 09:30,78.41,80.15,78.32,79.81,7878153
1666099800,2022-10-18 09:30,81.21,81.85,80,80.71,7811658
1666186200,2022-10-19 09:30,80,80.16,78.27,78.7,6603007
1666272600,2022-10-20 09:30,78.8,79.61,78.14,78.33,6245719
1666359000,2022-10-21 09:30,78.49,78.91,77.24,78.87,9357381
1666618200,2022-10-24 09:30,79.52,79.84,78.24,78.81,4703352
1666704600,2022-10-25 09:30,79.12,82.1,79.01,81.95,8088044
1666791000,2022-10-26 09:30,82.04,82.84,81.545,82.11,8517735
1666877400,2022-10-27 09:30,82.48,83.18,81.94,82.26,6275482
1666963800,2022-10-28 09:30,81.76,84.305,81.64,84.09,6150421
1667223000,2022-10-31 09:30,83.32,84.43,83.08,83.99,6648556
1667309400,2022-11-01 09:30,84.868,85.13,83.65,83.83,5529223
1667395800,2022-11-02 09:30,83.3699,84.39,81.46,81.58,9168635
1667482200,2022-11-03 09:30,80.93,82.175,80.01,81.52,7062534
1667568600,2022-11-04 09:30,82.44,83.14,81.05,82.65,7030512
1667831400,2022-11-07 09:30,83.13,83.54,82.17,82.7,5930977
1667917800,2022-11-08 09:30,82.89,83.9,82.5,83.08,6634390
1668004200,2022-11-09 09:30,82.9,83.79,82.075,82.26,5438525
1668090600,2022-11-10 09:30,85.34,88.435,85.15,88.25,10527904
1668177000,2022-11-11 09:30,88.43,89.12,87.87,88.04,9455530
1668436200,2022-11-14 09:30,87.69,87.81,85.931,86.02,6042931
1668522600,2022-11-15 09:30,87.21,87.52,85.98,87.01,6334931
1668609000,2022-11-16 09:30,86.73,87.06,85.97,86.22,6578121
1668695400,2022-11-17 09:30,85.12,85.725,84.76,85.53,4469348
1668781800,2022-11-18 09:30,86.8525,86.89,85.65,86.59,4822797
1669041000,2022-11-21 09:30,86.27,87.17,86.06,87.06,4889767
1669127400,2022-11-22 09:30,87.39,87.57,86.87,87.5,3302737
1669213800,2022-11-23 09:30,87.41,88.03,86.93,87.62,3266129
1669386600,2022-11-25 09:30,87.97,88.21,87.6738,88.2,2441759
1669645800,2022-11-28 09:30,87.71,88.08,85.61,85.77,4659539
1669732200,2022-11-29 09:30,85.898,87.25,85.63,87.2,4084490
1669818600,2022-11-30 09:30,86.96,89.22,86.37,89.17,7413114
1669905000,2022-12-01 09:30,90.04,90.47,88.325,89.06,8371810
1669991400,2022-12-02 09:30,87.91,89.215,87.63,88.78,5360202
1670250600,2022-12-05 09:30,88.17,88.38,87.01,87.19,10561420
1670337000,2022-12-06 09:30,87.44,87.44,86,86.37,7308469
1670423400,2022-12-07 09:30,86.11,87.4397,86.0675,86.54,5575465
1670509800,2022-12-08 09:30,87.01,87.94,86.69,87.2,5272268
1670596200,2022-12-09 09:30,87.02,87.91,86.75,87.09,5124679
1670855400,2022-12-12 09:30,87.3,87.77,86.33,87.73,5613700
1670941800,2022-12-13 09:30,89.75,89.955,87.6,88.57,10901597
1671028200,2022-12-14 09:30,88.57,89.59,87.55,87.97,8411239
1671114600,2022-12-15 09:30,86.78,87.58,86.275,86.71,8088288
1671201000,2022-12-16 09:30,85.92,85.92,83.65,84.52,7904016
1671460200,2022-12-19 09:30,84.25,84.48,83.025,83.52,4759029
1671546600,2022-12-20 09:30,83.15,83.8,82.35,83.29,4731952
1671633000,2022-12-21 09:30,83.88,85.02,83.8,84.15,4836008
1671719400,2022-12-22 09:30,83.44,83.88,82.275,83.81,5294103
1671805800,2022-12-23 09:30,83.8,84.55,83.22,84.53,2958917
1672151400,2022-12-27 09:30,84.56,84.755,83.74,84.47,3787788
1672237800,2022-12-28 09:30,84.7174,85.06,82.97,83.04,3734939
1672324200,2022-12-29 09:30,83.72,85.08,83.43,84.89,3903973
1672410600,2022-12-30 09:30,84.31,84.665,83.24,84.19,4576303
1672756200,2023-01-03 09:30,84.96,85.61,83.42,84.34,8371669
1672842600,2023-01-04 09:30,85.098,86.97,84.77,86.15,8849035
1672929000,2023-01-05 09:30,85.51,85.51,83.72,83.85,7553920
1673015400,2023-01-06 09:30,84.58,86.49,83.92,86.21,5508380
1673274600,2023-01-09 09:30,86.5,87.19,85.87,86.21,5028472
1673361000,2023-01-10 09:30,86.12,86.44,85.32,86.4,3950478
1673447400,2023-01-11 09:30,87.16,89.55,87.14,89.54,7431840
1673533800,2023-01-12 09:30,89.988,90.67,88.97,90.51,6204540
1673620200,2023-01-13 09:30,89.78,90.35,89.345,90.01,5779569
1673965800,2023-01-17 09:30,90.11,90.64,89.85,90.1,4915616
1674052200,2023-01-18 09:30,90.57,90.67,88.72,88.85,5395059
1674138600,2023-01-19 09:30,88.48,89.38,88.151,88.37,4160493
1674225000,2023-01-20 09:30,88.41,89.51,87.38,89.47,4729073
1674484200,2023-01-23 09:30,89.51,90.31,88.89,89.8,5141787
1674570600,2023-01-24 09:30,89.68,90.4,88.42,90.07,3608044
1674657000,2023-01-25 09:30,89.5,90.24,89.17,89.97,3782871
1674743400,2023-01-26 09:30,90.48,91.02,90.01,90.97,3765490
1674829800,2023-01-27 09:30,90.808,92.26,90.75,91.9,3790022
1675089000,2023-01-30 09:30,91.23,92.17,90.745,90.8,3465693
1675175400,2023-01-31 09:30,90.76,92.67,90.73,92.59,6606997
1675261800,2023-02-01 09:30,92.23,93.805,91.18,93.19,9861250
1675348200,2023-02-02 09:30,93.99,96.02,93.97,95.24,7677384
1675434600,2023-02-03 09:30,93.99,93.99,92.24,93.31,7993986
1675693800,2023-02-06 09:30,92.21,92.82,91.73,92.74,5769566
1675780200,2023-02-07 09:30,92.16,92.99,91.32,92.58,6626254
1675866600,2023-02-08 09:30,92.21,92.66,91.815,92.19,3648729
1675953000,2023-02-09 09:30,92.68,93.1,90.88,91.12,4531746
1676039400,2023-02-10 09:30,90.73,91.63,90.25,91.41,5992082
1676298600,2023-02-13 09:30,91.7546,92.375,91.62,92.28,3021992
1676385000,2023-02-14 09:30,91.99,92.625,90.92,91.47,4286738
1676471400,2023-02-15 09:30,90.82,91.88,90.68,91.87,3060962
1676557800,2023-02-16 09:30,90.848,91.81,89.89,91.08,5476134
1676644200,2023-02-17 09:30,90.72,90.94,89.785,90.66,5494770
1676989800,2023-02-21 09:30,90.11,90.13,88.5,88.86,4577479
1677076200,2023-02-22 09:30,89.258,89.258,87.57,87.95,8041631
1677162600,2023-02-23 09:30,88.46,88.85,87.64,88.49,8262680
1677249000,2023-02-24 09:30,87.51,87.63,86.565,86.98,8579141
1677508200,2023-02-27 09:30,88.07,88.42,86.74,87.16,5895702
1677594600,2023-02-28 09:30,87.2,88.14,86.85,87.07,6287855
1677681000,2023-03-01 09:30,86.42,86.65,85.25,85.88,7388122
1677767400,2023-03-02 09:30,85.28,87.06,85.175,86.9,6459886
1677853800,2023-03-03 09:30,87.49,88.49,87.34,88.32,6044201
1678113000,2023-03-06 09:30,88.6799,88.78,87.81,87.97,6009574
1678199400,2023-03-07 09:30,88,88.03,85.79,85.9,7663506
1678285800,2023-03-08 09:30,86.138,87.43,85.85,86.91,6873582
1678372200,2023-03-09 09:30,86.96,87.13,84.725,84.89,8017968
1678458600,2023-03-10 09:30,84.73,84.99,81.72,82.1,15665603
1678714200,2023-03-13 09:30,81.61,84.35,81.41,83.24,20371499
1678800600,2023-03-14 09:30,84.56,85,83.18,84.07,9897026
1678887000,2023-03-15 09:30,83.07,84.275,82.685,83.92,15743694
1678973400,2023-03-16 09:30,83.36,84.275,82.45,83.94,11696493
1679059800,2023-03-17 09:30,83.44,83.67,81.91,82.06,11824710
1679319000,2023-03-20 09:30,82.36,83.27,81.91,82.99,9923598
1679405400,2023-03-21 09:30,83.56,83.67,81.84,82.52,8059008
1679491800,2023-03-22 09:30,82.14,82.14,79.59,79.65,11555693
1679578200,2023-03-23 09:30,79.58,80.61,78.41,78.73,10029592
1679664600,2023-03-24 09:30,78.34,80.73,78.105,80.69,10336152
1679923800,2023-03-27 09:30,81.29,81.48,80.5,80.58,5936475
1680010200,2023-03-28 09:30,80.01,80.76,79.75,80.32,5155837
1680096600,2023-03-29 09:30,81.4,82.245,81.182,82.12,6142209
1680183000,2023-03-30 09:30,83,83.4,82.78,83.15,7304390
1680269400,2023-03-31 09:30,83.62,85.11,83.47,84.9,9879272
1680528600,2023-04-03 09:30,84.8,85.41,83.78,84.23,16471026
1680615000,2023-04-04 09:30,84.41,84.565,83.6,84.17,14169140
1680701400,2023-04-05 09:30,83.88,84.51,83.64,83.71,13544675
1680787800,2023-04-06 09:30,84.03,84.3,83.34,84.22,13907787
1681133400,2023-04-10 09:30,83.78,84.68,83.38,84.63,7395747
1681219800,2023-04-11 09:30,84.88,85.72,84.51,85.08,6483956
1681306200,2023-04-12 09:30,85.89,85.93,84.58,84.66,6572242
1681392600,2023-04-13 09:30,84.83,84.83,83.63,84.42,4839935
1681479000,2023-04-14 09:30,84.57,84.95,82.51,83.06,7371598
1681738200,2023-04-17 09:30,83.17,84.86,83.15,84.86,6174718
1681824600,2023-04-18 09:30,84.97,84.97,84.22,84.7,4257403
1681911000,2023-04-19 09:30,84.25,85.36,83.94,85.12,5031546
1681997400,2023-04-20 09:30,84.69,84.73,83.93,84.25,4444113
1682083800,2023-04-21 09:30,84.26,84.79,83.7,84.42,5031459
1682343000,2023-04-24 09:30,84.48,84.78,83.45,84.18,4270943
1682429400,2023-04-25 09:30,83.68,83.99,83.22,83.29,3879769
1682515800,2023-04-26 09:30,83.22,83.96,82.495,82.64,4950105
1682602200,2023-04-27 09:30,82.88,84.89,82.8,84.67,6338896
1682688600,2023-04-28 09:30,84.89,86.05,84.64,85.68,5242267
1682947800,2023-05-01 09:30,85.36,85.89,84.8,84.92,4389967
1683034200,2023-05-02 09:30,84.7,84.89,82.91,83.47,5962645
1683120600,2023-05-03 09:30,83.91,84.72,83.0025,83.07,6510055
1683207000,2023-05-04 09:30,83.08,84.27,82.56,83.75,6806889
1683293400,2023-05-05 09:30,84.4,85.3,84.24,85.14,6020494
1683552600,2023-05-08 09:30,84.88,85.19,84.31,84.66,3514623
1683639000,2023-05-09 09:30,84.21,84.615,83.4,84.27,3581794
1683725400,2023-05-10 09:30,85.2,85.39,84.24,85.08,6103963
1683811800,2023-05-11 09:30,84.48,84.55,83.66,84.15,5522931
1683898200,2023-05-12 09:30,84.32,84.415,83.505,84.17,5352779
1684157400,2023-05-15 09:30,84.39,84.5401,83.83,84.03,6693365
1684243800,2023-05-16 09:30,83.95,83.98,81.97,81.98,7454170
1684330200,2023-05-17 09:30,82.5,83.185,81.73,83.04,5566403
1684416600,2023-05-18 09:30,82.66,83.06,82,82.67,5176115
1684503000,2023-05-19 09:30,83.14,83.41,82.16,82.56,5054935
1684762200,2023-05-22 09:30,82.75,83.59,82.23,83.08,5847387
1684848600,2023-05-23 09:30,82.9,83.68,82.12,82.19,5888842
1684935000,2023-05-24 09:30,81.93,82.03,80.425,80.51,5649050
1685021400,2023-05-25 09:30,80.99,81.11,79.94,80.52,6282460
1685107800,2023-05-26 09:30,80.71,81.65,80.32,81.45,5791789
1685453400,2023-05-30 09:30,82.05,82.7,81.57,81.8,5191702
1685539800,2023-05-31 09:30,81.87,82.39,81.33,82.23,6593106
1685626200,2023-06-01 09:30,82.09,82.67,81.365,82.28,6137738
1685712600,2023-06-02 09:30,83.22,84.38,82.93,84.12,6738988
1685971800,2023-06-05 09:30,84.12,84.51,83.42,83.56,6236711
1686058200,2023-06-06 09:30,84.1,84.425,83.38,84.28,5344548
1686144600,2023-06-07 09:30,84.28,85.44,83.75,85.2,6594165
1686231000,2023-06-08 09:30,84.83,84.99,83.85,84.76,4701149
1686317400,2023-06-09 09:30,84.88,84.93,83.91,84.24,5801427
1686576600,2023-06-12 09:30,84.68,84.68,83.545,84.34,5775331
1686663000,2023-06-13 09:30,84.4,85.08,84.04,84.96,6487339
1686749400,2023-06-14 09:30,85.32,85.92,84.66,85.39,7965641
1686835800,2023-06-15 09:30,85.01,86.03,84.55,85.84,7261601
1686922200,2023-06-16 09:30,86.16,86.58,85.655,85.81,7814318
1687267800,2023-06-20 09:30,85.44,85.6,84.355,84.91,5985877
1687354200,2023-06-21 09:30,84.46,84.81,83.83,84.54,6214289
1687440600,2023-06-22 09:30,84.66,84.66,82.85,83.3,7309114
1687527000,2023-06-23 09:30,83.02,83.56,82.22,82.24,6717226
1687786200,2023-06-26 09:30,82.3,84.2,82.18,84.11,5030583
1687872600,2023-06-27 09:30,84.42,85.33,83.87,85.12,5044969
1687959000,2023-06-28 09:30,85.16,85.45,84.52,85.25,5234856
1688045400,2023-06-29 09:30,84.97,86.11,84.62,86.11,5753611
1688131800,2023-06-30 09:30,86.94,87.04,85.455,86.54,6301339
1688391000,2023-07-03 09:30,86.44,87.7,86.08,87.28,3903152
1688563800,2023-07-05 09:30,87.12,88.08,86.39,87.58,6291702
1688650200,2023-07-06 09:30,86.44,86.99,85.27,86.88,7128578
1688736600,2023-07-07 09:30,86.48,87.2,86.23,86.65,6739267
1688995800,2023-07-10 09:30,86.43,87.09,86.18,87.01,5418966
1689082200,2023-07-11 09:30,87.3,88.22,87.02,88.18,4294438
1689168600,2023-07-12 09:30,89.23,89.455,88.58,88.66,7678710
1689255000,2023-07-13 09:30,88.68,89.29,88.14,89.28,5869179
1689341400,2023-07-14 09:30,89.2,89.38,88.54,89.15,5566610
1689600600,2023-07-17 09:30,88.84,89.23,88.41,88.55,4058383
1689687000,2023-07-18 09:30,88.85,88.85,87.27,88.03,7295273
1689773400,2023-07-19 09:30,88.7,89.4,88.47,89,5853404
1689859800,2023-07-20 09:30,88.65,88.74,87.6,88.73,6770990
1689946200,2023-07-21 09:30,88.95,89.38,88.71,89.14,6570413
1690205400,2023-07-24 09:30,89.25,89.94,89.1,89.86,5716381
1690291800,2023-07-25 09:30,89.75,90.15,89.185,89.23,6629110
1690378200,2023-07-26 09:30,89.16,89.83,89.11,89.69,7138944
1690464600,2023-07-27 09:30,90.05,90.34,87.63,87.72,10635504
1690551000,2023-07-28 09:30,88.86,88.94,87.37,87.55,5812423
1690810200,2023-07-31 09:30,87.72,88.56,87.52,88.05,6546940
1690896600,2023-08-01 09:30,87.83,88.22,87.47,87.88,6867094
1690983000,2023-08-02 09:30,87.34,87.62,86.87,87.37,6499681
1691069400,2023-08-03 09:30,86.54,86.74,85.24,86.41,8494858
1691155800,2023-08-04 09:30,86.09,87.01,85.48,85.75,8059912
1691415000,2023-08-07 09:30,85.86,86.825,85.86,86.79,4650855
1691501400,2023-08-08 09:30,86.03,86.455,85.45,86.21,4186037
1691587800,2023-08-09 09:30,85.98,86.71,85.66,86.25,3850576
1691674200,2023-08-10 09:30,86.62,87.125,85.685,85.92,4186280
1691760600,2023-08-11 09:30,85.52,86.18,85.34,86.09,3341145
1692019800,2023-08-14 09:30,85.87,85.93,85.235,85.49,3785407
1692106200,2023-08-15 09:30,84.84,85.15,84.38,84.47,4457321
1692192600,2023-08-16 09:30,84.57,84.69,83.495,83.51,5295301
1692279000,2023-08-17 09:30,83.71,84.18,82.87,82.93,5909163
1692365400,2023-08-18 09:30,82.38,83.34,82.12,83.13,5194644
1692624600,2023-08-21 09:30,83,83.05,81.75,82.4,4746559
1692711000,2023-08-22 09:30,82.77,83.015,82.41,82.67,5208831
1692797400,2023-08-23 09:30,83.23,84.12,83.08,84,5131409
1692883800,2023-08-24 09:30,84.23,85.15,83.625,83.64,5419193
1692970200,2023-08-25 09:30,83.86,84.34,83.41,83.79,5789174
1693229400,2023-08-28 09:30,84.24,84.97,84.16,84.49,4479120
1693315800,2023-08-29 09:30,84.56,85.555,84.21,85.51,6630853
1693402200,2023-08-30 09:30,85.49,86.055,85.435,85.83,5658539
1693488600,2023-08-31 09:30,85.85,85.95,85.09,85.34,4463054
1693575000,2023-09-01 09:30,85.72,86.1,85.12,85.39,5769890
1693920600,2023-09-05 09:30,85.11,85.34,84.33,84.33,6565749
1694007000,2023-09-06 09:30,84.32,84.52,83.53,84.16,5332148
1694093400,2023-09-07 09:30,84.08,85.08,83.93,84.71,5260642
1694179800,2023-09-08 09:30,84.94,84.98,84.1425,84.28,4260463
1694439000,2023-09-11 09:30,84.39,84.59,83.92,84.28,4085910
1694525400,2023-09-12 09:30,84.23,84.49,83.735,84.38,4518091
1694611800,2023-09-13 09:30,84.32,84.42,83.25,83.48,5446456
1694698200,2023-09-14 09:30,84.23,85.165,84.0938,85.03,5846185
1694784600,2023-09-15 09:30,84.57,84.905,84.315,84.58,6497040
1695043800,2023-09-18 09:30,84.61,84.65,83.74,83.92,4982470
1695130200,2023-09-19 09:30,83.86,84.2,83.3,83.54,4389782
1695216600,2023-09-20 09:30,84.12,84.65,83.63,83.63,5643387
1695303000,2023-09-21 09:30,83.14,83.18,80.68,80.68,9009983
1695389400,2023-09-22 09:30,80.76,81.26,80.13,80.19,8696003
1695648600,2023-09-25 09:30,79.82,80.15,79.53,80.04,6067825
1695735000,2023-09-26 09:30,78.59,78.86,77.475,77.68,7726202
1695821400,2023-09-27 09:30,78.11,78.38,76.745,77.12,8712224
1695907800,2023-09-28 09:30,77.46,78.175,77.27,77.88,8431547
1695994200,2023-09-29 09:30,79.228,79.25,77.71,78.14,8764894
1696253400,2023-10-02 09:30,77.89,78.185,76.21,76.7,11887558
1696339800,2023-10-03 09:30,76.29,76.57,75.0141,75.21,10290047
1696426200,2023-10-04 09:30,75.76,76.12,74.7,76.03,7980419
1696512600,2023-10-05 09:30,76.14,76.69,75.6699,76.61,6656348
1696599000,2023-10-06 09:30,75.95,77.31,75.21,76.77,7606662
1696858200,2023-10-09 09:30,76.38,77.95,76.33,77.75,8146596
1696944600,2023-10-10 09:30,77.68,78.69,77.3,78,5994401
1697031000,2023-10-11 09:30,78.69,79.455,78.5,79.44,6364032
1697117400,2023-10-12 09:30,79.41,79.41,77.85,78.2,9652950
1697203800,2023-10-13 09:30,78.73,78.86,77.75,78.12,8625093
1697463000,2023-10-16 09:30,78.75,79.21,77.81,79.02,6540242
1697549400,2023-10-17 09:30,78.26,79.82,78.26,78.8,10660347
1697635800,2023-10-18 09:30,78.26,78.49,77.03,77.08,8722628
1697722200,2023-10-19 09:30,76.47,77.08,75.11,75.24,12199110
1697808600,2023-10-20 09:30,75.37,75.87,74.72,74.75,9323739
1698067800,2023-10-23 09:30,74.18,75.07,73.84,74.04,8808443
1698154200,2023-10-24 09:30,74.3,75.13,74.11,74.92,8164450
1698240600,2023-10-25 09:30,74.2,74.44,73.17,73.28,8236735
1698327000,2023-10-26 09:30,73.62,75.24,73.6,74.73,10955365
1698413400,2023-10-27 09:30,75.07,75.07,73.35,73.62,9655984
1698672600,2023-10-30 09:30,74.2,74.54,72.88,73.96,8309630
1698759000,2023-10-31 09:30,74.6,75.375,73.94,75.33,8676291
1698845400,2023-11-01 09:30,75.35,75.865,74.94,75.84,10792897
1698931800,2023-11-02 09:30,76.85,78.49,76.65,78.23,9187379
1699018200,2023-11-03 09:30,79.54,81.11,79.49,80.03,10153952
1699281000,2023-11-06 09:30,80.03,80.03,78.5,78.97,8434487
1699367400,2023-11-07 09:30,78.83,78.97,78.14,78.28,8560854
1699453800,2023-11-08 09:30,78.62,78.89,78.31,78.66,6482643
1699540200,2023-11-09 09:30,78.94,78.98,77.26,77.42,9070067
1699626600,2023-11-10 09:30,78.02,78.31,77.26,78.19,5418410
1699885800,2023-11-13 09:30,77.62,77.82,77.06,77.55,4812650
1699972200,2023-11-14 09:30,80.04,82.41,79.56,81.72,15750993
1700058600,2023-11-15 09:30,81.56,82.64,81.42,81.95,7927822
1700145000,2023-11-16 09:30,82.2,82.35,81.63,81.86,6620607
1700231400,2023-11-17 09:30,82.55,82.59,81.44,81.7,4579437
1700490600,2023-11-20 09:30,81.6,82.37,81.02,82.34,6169862
1700577000,2023-11-21 09:30,82,82.19,81.67,81.94,4730729
1700663400,2023-11-22 09:30,82.48,82.85,81.89,82.25,4303818
1700836200,2023-11-24 09:30,82.07,82.55,81.68,82.55,2314384
1701095400,2023-11-27 09:30,82.6,83.255,82.19,82.85,6466412
1701181800,2023-11-28 09:30,82.61,83.43,82.18,83.34,7386174
1701268200,2023-11-29 09:30,83.95,84.6875,83.845,83.95,6359542
1701354600,2023-11-30 09:30,83.87,84.64,83.6,84.59,8109124
1701441000,2023-12-01 09:30,84.53,86.57,84.28,86.57,17020668
1701700200,2023-12-04 09:30,86.02,87.09,85.96,87.09,13459835
1701786600,2023-12-05 09:30,86.66,86.775,86.11,86.56,13199558
1701873000,2023-12-06 09:30,86.93,87.51,86.17,86.18,10876743
1701959400,2023-12-07 09:30,86.24,86.72,85.88,86.47,8795057
1702045800,2023-12-08 09:30,86.11,86.51,85.41,86.29,5477757
1702305000,2023-12-11 09:30,85.99,86.65,85.82,86.49,4347293
1702391400,2023-12-12 09:30,86.45,86.78,86,86.55,5163751
1702477800,2023-12-13 09:30,86.6,90.05,86.3784,89.78,11198880
1702564200,2023-12-14 09:30,91.22,92.85,91.22,92.26,10613270
1702650600,2023-12-15 09:30,92.15,92.15,90.36,91.11,12226784
1702909800,2023-12-18 09:30,91.5,91.61,90.77,90.97,7094314
1702996200,2023-12-19 09:30,91.31,91.785,91.1307,91.58,6754363
1703082600,2023-12-20 09:30,90.78,91.415,89.57,89.63,7895469
1703169000,2023-12-21 09:30,90.41,90.65,89.45,90.48,6895306
1703255400,2023-12-22 09:30,90.77,91.44,90.32,90.78,4737406
1703601000,2023-12-26 09:30,90.84,91.679,90.66,91.47,3094079
1703687400,2023-12-27 09:30,91.64,91.96,91.16,91.95,5523094
1703773800,2023-12-28 09:30,91.74,92.465,91.68,92.46,4143736
1703860200,2023-12-29 09:30,91.92,92.23,91.315,91.41,4854428
1704205800,2024-01-02 09:30,91,92.32,90.71,92.22,4613840
1704292200,2024-01-03 09:30,91.39,91.45,89.83,90.02,7145510
1704378600,2024-01-04 09:30,90.07,90.435,89.47,89.86,6303693
1704465000,2024-01-05 09:30,89.16,90.37,88.68,89.66,6890806
1704724200,2024-01-08 09:30,89.5,90.98,89.38,90.95,4941871
1704810600,2024-01-09 09:30,90.15,90.69,89.64,90.32,5348319
1704897000,2024-01-10 09:30,90.52,90.82,90.09,90.39,5212249
1704983400,2024-01-11 09:30,90.09,90.19,89.1,89.59,6250435
1705069800,2024-01-12 09:30,90.54,90.74,89.69,90.17,5250868
1705415400,2024-01-16 09:30,89.7,90.08,89.21,89.54,7090237
1705501800,2024-01-17 09:30,88.35,89.42,86.99,87.94,8928088
1705588200,2024-01-18 09:30,87.99,88.31,86.78,87.35,6415841
1705674600,2024-01-19 09:30,87.55,88.635,86.92,88.32,7749012
1705933800,2024-01-22 09:30,88.57,89.675,88.385,88.78,5674499
1706020200,2024-01-23 09:30,89.08,89.36,87.9,88.24,4400854
1706106600,2024-01-24 09:30,89.19,89.19,86.915,86.95,5461824
1706193000,2024-01-25 09:30,88.14,88.49,87.61,88.09,5037657
1706279400,2024-01-26 09:30,88.18,88.45,87.57,87.81,3705383
1706538600,2024-01-29 09:30,87.85,88.51,87.52,88.42,4002554
1706625000,2024-01-30 09:30,87.93,88.265,87.36,87.57,4935075
1706711400,2024-01-31 09:30,87.95,88.47,86.535,86.75,9875199
1706797800,2024-02-01 09:30,86.87,88.35,86.23,88.31,12125896
1706884200,2024-02-02 09:30,87.37,87.78,85.78,87.11,15816820
1707143400,2024-02-05 09:30,86.09,86.15,85.15,85.34,12253364
1707229800,2024-02-06 09:30,85.48,86.715,85.215,86.52,10685620
1707316200,2024-02-07 09:30,86.89,86.94,85.95,86.5,5407522
1707402600,2024-02-08 09:30,86.22,87.3,86.22,87.1,4580573
1707489000,2024-02-09 09:30,87.02,87.32,86.21,87.15,5128536
1707748200,2024-02-12 09:30,87.36,87.81,86.93,87.09,3816063
1707834600,2024-02-13 09:30,85.25,85.43,84.24,85.32,10341722
1707921000,2024-02-14 09:30,85.79,86.555,85.41,86.1,7169705
1708007400,2024-02-15 09:30,86.8,88.145,86.8,88.04,5352166
1708093800,2024-02-16 09:30,86.94,87.635,86.45,87.1,7266721
1708439400,2024-02-20 09:30,86.79,87.375,86.265,86.96,5858193
1708525800,2024-02-21 09:30,87.35,87.64,86.89,87.6,5101040
1708612200,2024-02-22 09:30,87.8,88.175,87.5,87.66,5262373
1708698600,2024-02-23 09:30,87.93,88.2,87.47,87.77,5583924
1708957800,2024-02-26 09:30,87.48,87.95,86.611,86.78,5589227
1709044200,2024-02-27 09:30,87.28,87.64,86.64,86.95,5385569
1709130600,2024-02-28 09:30,86.4,88.235,86.3,87.82,5674406
1709217000,2024-02-29 09:30,88.49,88.985,88.13,88.6,8300438
1709303400,2024-03-01 09:30,88.57,89.56,87.46,89.56,14064616
1709562600,2024-03-04 09:30,89.3,90.48,88.68,90.43,12762528
1709649000,2024-03-05 09:30,90,90.595,88.915,89.38,10980075
1709735400,2024-03-06 09:30,89.9,90.09,89.255,89.65,10676293
1709821800,2024-03-07 09:30,90.18,90.45,89.34,89.84,3898510
1709908200,2024-03-08 09:30,90.25,91.07,90.15,90.85,6119446
1710163800,2024-03-11 09:30,90.54,91.2,90.02,90.42,5528294
1710250200,2024-03-12 09:30,90.24,90.54,89.43,90.2,5505118
1710336600,2024-03-13 09:30,90.07,90.63,89.45,89.74,4356549
1710423000,2024-03-14 09:30,89.38,89.56,87.62,88.34,8196007
1710509400,2024-03-15 09:30,87.64,88.53,87.53,88.24,5868999
1710768600,2024-03-18 09:30,88.39,88.705,88.06,88.17,4758524
1710855000,2024-03-19 09:30,88.17,88.53,87.65,88.25,5295479
1710941400,2024-03-20 09:30,87.55,89.02,87.33,88.79,6651356
1711027800,2024-03-21 09:30,88.84,89.405,88.47,89.07,5545092
1711114200,2024-03-22 09:30,88.99,89.21,87.83,87.89,4604545
1711373400,2024-03-25 09:30,88.06,88.36,87.49,87.49,3989340
1711459800,2024-03-26 09:30,87.64,87.73,87.02,87.07,3713205
1711546200,2024-03-27 09:30,87.89,89.285,87.81,89.26,5766939
1711632600,2024-03-28 09:30,89.65,90.13,89.54,89.9,6174663
1711978200,2024-04-01 09:30,90.04,90.04,88.225,88.42,6770309
1712064600,2024-04-02 09:30,87.72,87.85,87.04,87.32,6075098
1712151000,2024-04-03 09:30,87.24,87.54,86.77,87.43,5085715
1712237400,2024-04-04 09:30,88.18,88.54,86.54,86.81,5767314
1712323800,2024-04-05 09:30,86.73,87.48,86.32,87.19,6698018
1712583000,2024-04-08 09:30,87.54,88.22,87.41,88.17,5115425
1712669400,2024-04-09 09:30,88.62,89.29,88.33,89.23,6223712
1712755800,2024-04-10 09:30,86.93,87.17,85.11,85.61,13392372
1712842200,2024-04-11 09:30,86.22,86.35,85.005,85.71,8081096
1712928600,2024-04-12 09:30,85.4,85.51,84.53,84.8,8962383
1713187800,2024-04-15 09:30,85.41,85.49,82.8938,83.42,8786123
1713274200,2024-04-16 09:30,83.02,83.13,81.965,82.18,7518406
1713360600,2024-04-17 09:30,81.98,82.43,81.59,81.63,6989941
1713447000,2024-04-18 09:30,81.91,82.12,81.25,81.6,5545748
1713533400,2024-04-19 09:30,81.93,82.37,81.645,81.99,4579364
1713792600,2024-04-22 09:30,82.26,82.855,81.75,82.65,4251359
1713879000,2024-04-23 09:30,82.8,83.72,82.65,83.35,4777221
1713965400,2024-04-24 09:30,83.1,83.73,82.54,83.61,4856157
1714051800,2024-04-25 09:30,82.76,83.31,82.24,83.11,5678353
1714138200,2024-04-26 09:30,83.27,84.05,83.06,83.24,4978873
1714397400,2024-04-29 09:30,83.53,84.34,83.53,84.12,5499909
1714483800,2024-04-30 09:30,83.52,83.9,82.57,82.6,9296307
1714570200,2024-05-01 09:30,82.52,84.24,82.38,82.72,14147740
1714656600,2024-05-02 09:30,83.54,84.1,82.62,83.82,12627424
1714743000,2024-05-03 09:30,85.47,85.85,84.35,84.46,12365661
1715002200,2024-05-06 09:30,85.19,85.3,84.3,84.67,8851852
1715088600,2024-05-07 09:30,85.16,85.67,85.03,85.42,6117745
1715175000,2024-05-08 09:30,84.95,84.99,84.46,84.77,5385394
1715261400,2024-05-09 09:30,85.48,86.47,85.39,86.4,8093817
1715347800,2024-05-10 09:30,86.68,86.695,85.945,86.24,5146155
1715607000,2024-05-13 09:30,86.58,86.969,86.05,86.43,4207737
1715693400,2024-05-14 09:30,87.07,87.49,86.635,87.07,5882116
1715779800,2024-05-15 09:30,88.49,88.735,88.095,88.4,6438090
1715866200,2024-05-16 09:30,88.57,88.725,88.145,88.33,4169745
1715952600,2024-05-17 09:30,88.26,88.54,87.965,88.34,4138529
1716211800,2024-05-20 09:30,88.19,88.39,87.685,87.72,3240500
1716298200,2024-05-21 09:30,87.61,87.92,87.41,87.75,2763132
1716384600,2024-05-22 09:30,87.46,87.8,86.735,86.94,3796917
1716471000,2024-05-23 09:30,86.97,87.01,85.025,85.08,5336160
1716557400,2024-05-24 09:30,85.63,85.74,85,85.09,4392446
1716903000,2024-05-28 09:30,85.75,85.87,84.5,84.57,3709760
1716989400,2024-05-29 09:30,83.77,83.89,83.39,83.78,4983819
1717075800,2024-05-30 09:30,84.33,85.04,84.24,85,4900968
1717162200,2024-05-31 09:30,85.73,86.69,85.14,86.67,5354083
1717421400,2024-06-03 09:30,86.83,86.98,85.935,86.43,5413674
1717507800,2024-06-04 09:30,86.03,87.49,86.03,87.2,4294446
1717594200,2024-06-05 09:30,87.09,87.25,86.52,86.99,3256017
1717680600,2024-06-06 09:30,86.79,87.25,86.28,87.13,4097960
1717767000,2024-06-07 09:30,86.03,86.67,85.77,86.43,5987593
1718026200,2024-06-10 09:30,86.26,87.065,85.59,86.67,3305494
1718112600,2024-06-11 09:30,85.8,86.305,85.56,85.88,3129070
1718199000,2024-06-12 09:30,88.03,88.27,86.5,86.62,7425230
1718285400,2024-06-13 09:30,86.92,87.295,86.33,87.13,4051482
1718371800,2024-06-14 09:30,86.81,87.32,86.33,87.06,3743461
1718631000,2024-06-17 09:30,86.54,87.135,86.16,86.75,4547525
1718717400,2024-06-18 09:30,86.91,87.35,86.77,87,3567922
1718890200,2024-06-20 09:30,86.8,87.075,86.52,86.77,3613610
1718976600,2024-06-21 09:30,86.92,87.195,86.41,87.13,3345282
1719235800,2024-06-24 09:30,87.19,88.59,86.945,87.65,4135142
1719322200,2024-06-25 09:30,87.58,87.59,86.15,86.59,3915368
1719408600,2024-06-26 09:30,86.14,86.605,85.875,86.34,2950858
1719495000,2024-06-27 09:30,86.64,87.18,86.25,87.07,2865931
1719581400,2024-06-28 09:30,87.52,88.2,87.095,87.74,5015699
1719840600,2024-07-01 09:30,87.48,87.87,86.38,86.93,5124061
1719927000,2024-07-02 09:30,87.18,87.46,86.82,87.26,2963167
1720013400,2024-07-03 09:30,87.59,87.92,87.2125,87.22,2832956
1720186200,2024-07-05 09:30,87.42,87.67,86.92,87.47,3871816
1720445400,2024-07-08 09:30,87.53,87.93,87.365,87.78,3107231
1720531800,2024-07-09 09:30,87.55,88.06,86.9,87.76,2350590
1720618200,2024-07-10 09:30,88.21,88.47,87.55,88.44,3444670
1720704600,2024-07-11 09:30,89.85,91.23,89.7,90.88,7488298
1720791000,2024-07-12 09:30,91.48,92.2002,91.23,91.64,5344762
1721050200,2024-07-15 09:30,91.79,92.25,91.42,92.06,4012691
1721136600,2024-07-16 09:30,92.66,93.19,92.16,93.19,4809944
1721223000,2024-07-17 09:30,93.09,94.37,93.09,93.8,6270073
1721309400,2024-07-18 09:30,93.24,94.88,92.8,93.1,5090259
1721395800,2024-07-19 09:30,93.21,93.45,92.46,92.91,3812795
1721655000,2024-07-22 09:30,93.09,93.875,92.49,93.81,4144046
1721741400,2024-07-23 09:30,93.58,94.25,93.2,93.69,4054167
1721827800,2024-07-24 09:30,93.54,94.15,92.16,92.2,4693533
1721914200,2024-07-25 09:30,92.86,93.67,91.7,91.89,6443572
1722000600,2024-07-26 09:30,92.32,93.74,92.26,93.44,4575609
1722259800,2024-07-29 09:30,93.72,94.3,92.73,94.04,5905376
1722346200,2024-07-30 09:30,94.34,94.8602,94.02,94.68,3981958
1722432600,2024-07-31 09:30,94.43,95.495,94.12,94.43,6430952
1722519000,2024-08-01 09:30,95.2,95.92,94.57,95.52,11377389
1722605400,2024-08-02 09:30,95.2,96.49,94.69,95.61,10929071
1722864600,2024-08-05 09:30,93.92,95.44,92.675,92.9,12392797
1722951000,2024-08-06 09:30,92.81,95.735,92.49,94.84,9250824
1723037400,2024-08-07 09:30,95.15,96.275,93.98,94.01,7478524
1723123800,2024-08-08 09:30,94.22,95.17,93.8,95.01,6434748
1723210200,2024-08-09 09:30,95.4,95.66,94.425,95.44,4156450
1723469400,2024-08-12 09:30,95.15,95.15,94.14,94.79,3658300
1723555800,2024-08-13 09:30,95.46,95.68,94.94,95.52,3203135
1723642200,2024-08-14 09:30,95.75,96.3,95.31,95.9,4231565
1723728600,2024-08-15 09:30,95.97,96.1,95.29,95.61,5084573
1723815000,2024-08-16 09:30,95.54,95.95,95.2,95.64,4700272
1724074200,2024-08-19 09:30,95.69,96.39,95.62,96.37,3101403
1724160600,2024-08-20 09:30,96.54,96.63,95.91,96.35,3944049
1724247000,2024-08-21 09:30,96.3,96.795,95.89,96.69,3571679
1724333400,2024-08-22 09:30,96.75,97.11,96.49,97.06,2741221
1724419800,2024-08-23 09:30,97.44,99.23,97.35,99.14,6437912
1724679000,2024-08-26 09:30,99.53,99.695,98.85,98.99,3571745
1724765400,2024-08-27 09:30,98.25,99.28,98.2,99.21,3713025
1724851800,2024-08-28 09:30,99.21,99.479,98.31,98.86,2873869
1724938200,2024-08-29 09:30,98.75,98.91,98.08,98.53,5013913
1725024600,2024-08-30 09:30,99.01,99.53,98.25,99.53,4101870
1725370200,2024-09-03 09:30,98.8,99.99,98.8,99.53,7191149
1725456600,2024-09-04 09:30,99.8,100.73,99.25,99.81,6448346
1725543000,2024-09-05 09:30,100.49,100.585,99.28,99.49,7729822
1725629400,2024-09-06 09:30,99.61,99.78,98.62,99.4,9306275
1725888600,2024-09-09 09:30,99.35,100.77,99.31,100.61,5657282
1725975000,2024-09-10 09:30,100.92,102.2,100.685,102.2,5856068
1726061400,2024-09-11 09:30,101.18,101.96,100.01,101.84,4270231
1726147800,2024-09-12 09:30,102.03,102.28,101.12,102.2,4537705
1726234200,2024-09-13 09:30,102.79,103.15,102.55,103.14,4797025
1726493400,2024-09-16 09:30,103.6,103.93,103.15,103.61,4680354
1726579800,2024-09-17 09:30,103.7,103.94,102.49,102.76,5278950
1726666200,2024-09-18 09:30,102.93,104.04,102.42,102.57,6219077
1726752600,2024-09-19 09:30,103.47,103.47,101.895,102.46,6329923
1726839000,2024-09-20 09:30,102.07,102.38,101.72,102.27,6514938
1727098200,2024-09-23 09:30,102.77,103.26,102.61,103.17,4126543
1727184600,2024-09-24 09:30,102.66,103.545,102.34,103.2,4173081
1727271000,2024-09-25 09:30,102.69,102.87,101.64,101.89,3969091
1727357400,2024-09-26 09:30,101.99,102.09,100.66,100.95,5236807
1727443800,2024-09-27 09:30,101.76,101.97,101,101.15,4384524
1727703000,2024-09-30 09:30,100.89,101.98,100.65,101.87,5498568
1727789400,2024-10-01 09:30,102.16,102.32,100.795,101.26,10334969
1727875800,2024-10-02 09:30,100.39,100.955,100.16,100.92,5577178
1727962200,2024-10-03 09:30,100.52,100.78,99.63,99.92,4147243
1728048600,2024-10-04 09:30,99.41,99.67,98.485,99.36,5790712
1728307800,2024-10-07 09:30,98.87,98.87,98.05,98.5,5101436
1728394200,2024-10-08 09:30,98.93,99.17,98.39,98.73,5238164
1728480600,2024-10-09 09:30,98.54,98.87,98.19,98.8,3079766
1728567000,2024-10-10 09:30,98.35,99.04,97.74,98.01,3391601
1728653400,2024-10-11 09:30,98.54,99.11,98.34,99.11,3757014
1728912600,2024-10-14 09:30,98.75,99.86,98.56,99.76,3193310
1728999000,2024-10-15 09:30,100.14,101.75,100.14,100.94,6918660
1729085400,2024-10-16 09:30,101.18,102.1,100.89,101.98,4237943
1729171800,2024-10-17 09:30,101.51,101.7,100.87,101.19,3735983
1729258200,2024-10-18 09:30,101.49,101.965,101.05,101.94,3713754
1729517400,2024-10-21 09:30,101.38,101.83,99.78,99.9,6073585
1729603800,2024-10-22 09:30,99.66,100.44,99.44,100.01,5405863
1729690200,2024-10-23 09:30,99.83,101.08,99.67,100.91,5452668
1729776600,2024-10-24 09:30,101.05,101.73,100.97,101.16,3491471
1729863000,2024-10-25 09:30,101.76,102.18,100.145,100.2,4394815
1730122200,2024-10-28 09:30,100.99,101.46,100.29,100.46,4458913
1730208600,2024-10-29 09:30,100.18,100.55,99.26,99.53,7021242
1730295000,2024-10-30 09:30,99.59,100.73,99.53,100.01,6237599
1730381400,2024-10-31 09:30,99.22,99.77,98.24,98.31,7701067
1730467800,2024-11-01 09:30,98.93,99.1,97.16,97.2,9487515
1730730600,2024-11-04 09:30,97.68,98.53,97.55,98.25,3926869
1730817000,2024-11-05 09:30,97.72,99.6,97.47,99.59,5125556
1730903400,2024-11-06 09:30,99.31,99.31,96.06,97.08,10360611
1730989800,2024-11-07 09:30,97.63,98.57,97.34,98.28,7768286
1731076200,2024-11-08 09:30,98.74,100.155,98.58,99.89,7286725
1731335400,2024-11-11 09:30,99.66,100.37,99.18,99.23,3711468
1731421800,2024-11-12 09:30,98.92,99.33,97.89,97.89,7729262
1731508200,2024-11-13 09:30,99.01,99.41,98.43,98.56,4801530
1731594600,2024-11-14 09:30,98.54,98.54,97.56,97.69,6714783
1731681000,2024-11-15 09:30,97.26,97.99,96.96,97.8,6787384
1731940200,2024-11-18 09:30,97.39,98.62,97.18,98.6,4726060
1732026600,2024-11-19 09:30,98.3,99.32,97.89,99.12,5340753
1732113000,2024-11-20 09:30,98.53,99.07,98.13,98.91,4329749
1732199400,2024-11-21 09:30,99.05,99.925,98.63,99.62,3826251
1732285800,2024-11-22 09:30,99.98,100.53,99.93,100.36,3402742
1732545000,2024-11-25 09:30,100.94,102.23,100.94,101.76,5112858
1732631400,2024-11-26 09:30,101.69,102.29,101.2,102.08,3068354
1732717800,2024-11-27 09:30,102.75,103.46,102.64,102.87,4141037
1732890600,2024-11-29 09:30,102.91,103.27,102.23,102.31,4566772
1733149800,2024-12-02 09:30,101.85,101.93,100.57,100.94,7207573
1733236200,2024-12-03 09:30,100.94,101.24,100.24,100.36,4252392
1733322600,2024-12-04 09:30,100.33,100.38,99.51,100.03,2553244
1733409000,2024-12-05 09:30,99.62,99.85,99.19,99.72,2955080
1733495400,2024-12-06 09:30,100.02,100.36,99.19,99.69,2913036
1733754600,2024-12-09 09:30,99.82,100.22,99.59,99.97,3739340
1733841000,2024-12-10 09:30,99.93,99.93,98.1,98.39,5809727
1733927400,2024-12-11 09:30,98.45,98.91,97.895,98.21,3654115
1734013800,2024-12-12 09:30,98.02,99.09,97.96,98.02,4410960
1734100200,2024-12-13 09:30,97.79,98.18,97.54,97.61,5145279
1734359400,2024-12-16 09:30,97.75,98.5,97.27,97.33,4478259
1734445800,2024-12-17 09:30,96.2,96.9201,95.76,96.06,3856229
1734532200,2024-12-18 09:30,95.84,96.28,92.15,92.15,9655897
1734618600,2024-12-19 09:30,92.4,93.11,90.68,90.74,12763411
1734705000,2024-12-20 09:30,91,93.38,91,92.39,14194628
1734964200,2024-12-23 09:30,92.21,92.9,91.74,92.79,5846877
1735050600,2024-12-24 09:30,92.54,93.5,92.425,93.41,2207213
1735223400,2024-12-26 09:30,93.07,93.68,92.66,93.6,3958707
1735309800,2024-12-27 09:30,93.1,93.76,92.46,92.67,5279088
1735569000,2024-12-30 09:30,92.46,92.52,91.38,92.28,4020586
1735655400,2024-12-31 09:30,93.08,93.26,92.205,93.06,5447455
1735828200,2025-01-02 09:30,93.2,93.28,91.95,92.29,8909541
1735914600,2025-01-03 09:30,92.42,93.6,92.17,93.43,4325927
1736173800,2025-01-06 09:30,93.59,93.82,92.14,92.27,5845089
1736260200,2025-01-07 09:30,92.84,93.05,91.24,91.48,7161501
1736346600,2025-01-08 09:30,91.43,91.785,90.58,91.72,4024845
1736519400,2025-01-10 09:30,90.21,90.49,89.455,89.49,9167941
1736778600,2025-01-13 09:30,89.35,90.67,89.19,90.61,6069289
1736865000,2025-01-14 09:30,90.91,91.63,90.71,91.46,6052017
1736951400,2025-01-15 09:30,93.91,94.01,91.82,91.84,6016710
1737037800,2025-01-16 09:30,92.1,93.97,91.82,93.96,4935262
1737124200,2025-01-17 09:30,94.24,94.44,93.83,93.86,4300955
1737469800,2025-01-21 09:30,94.36,95.685,94.3,95.65,4421266
1737556200,2025-01-22 09:30,95.49,95.49,93.87,94,4114874
1737642600,2025-01-23 09:30,94.28,94.68,93.24,94.68,3626208
1737729000,2025-01-24 09:30,94.42,95.53,94.29,94.94,3929085
1737988200,2025-01-27 09:30,94.81,96.16,94.81,96.04,8961359
1738074600,2025-01-28 09:30,95.73,95.77,94.685,95.03,4576119
1738161000,2025-01-29 09:30,95.08,95.24,93.34,93.78,4515235
1738247400,2025-01-30 09:30,95.14,95.75,94.18,95.03,6424532
1738333800,2025-01-31 09:30,94.83,95.72,94.51,94.82,4533221
1738593000,2025-02-03 09:30,93.83,94.97,93.09,94.51,5620119
1738679400,2025-02-04 09:30,93.92,94.87,93.67,94.64,3277602
1738765800,2025-02-05 09:30,95.66,96.23,94.74,96.07,4314606
1738852200,2025-02-06 09:30,96.53,96.54,95.63,96.3,2683997
1738938600,2025-02-07 09:30,96.53,96.5582,95.45,95.94,4633359
1739197800,2025-02-10 09:30,95.98,96.26,95.22,96.07,2733455
1739284200,2025-02-11 09:30,95.65,96.5,95.47,96.47,3313781
1739370600,2025-02-12 09:30,94.5,95.81,94.3807,95.47,4453859
1739457000,2025-02-13 09:30,95.4,96.53,95.06,96.34,4864110
1739543400,2025-02-14 09:30,96.62,96.99,95.92,95.93,4054866
1739889000,2025-02-18 09:30,95.85,96.7,95.67,96.33,2489669
1739975400,2025-02-19 09:30,96.03,96.67,95.78,96.37,3298813
1740061800,2025-02-20 09:30,96.35,97.13,95.92,96.98,3493739
1740148200,2025-02-21 09:30,96.95,97.16,95.625,96.27,6317762
1740407400,2025-02-24 09:30,96.38,97.13,95.835,96.61,3948777
1740493800,2025-02-25 09:30,96.97,98.15,96.88,97.71,3863666
1740580200,2025-02-26 09:30,97.99,98.11,96.98,97.24,5702860
1740666600,2025-02-27 09:30,97.21,98.19,97.0801,97.65,4903898
1740753000,2025-02-28 09:30,98.11,98.53,97.33,98.41,4077162
1741012200,2025-03-03 09:30,98.47,99.55,98.355,98.9,5133548
1741098600,2025-03-04 09:30,99.01,99.619,97.68,97.8,6905788
1741185000,2025-03-05 09:30,96.96,99.125,96.88,98.98,4505323
1741271400,2025-03-06 09:30,98.04,98.275,96.17,96.34,7146707
1741357800,2025-03-07 09:30,96.58,97.42,95.84,96.97,4387274
1741613400,2025-03-10 09:30,96.98,98.01,95.58,96.05,7317041
1741699800,2025-03-11 09:30,96.36,96.57,94.37,94.89,6252897
1741786200,2025-03-12 09:30,95.06,95.39,94.2,94.54,3970055
1741872600,2025-03-13 09:30,94.46,95.23,92.61,92.74,5084646
1741959000,2025-03-14 09:30,93.51,94.7,93.07,94.63,4021114
1742218200,2025-03-17 09:30,94.5,96.52,94.5,96.12,5466285
1742304600,2025-03-18 09:30,95.81,96.33,95.03,95.39,4690499
1742391000,2025-03-19 09:30,95.48,96.2,94.7,95.53,4370228
1742477400,2025-03-20 09:30,95.59,95.99,95.03,95.32,3850530
1742563800,2025-03-21 09:30,95.05,95.1,93.86,94.42,4489548
1742823000,2025-03-24 09:30,94.95,95.9,94.56,95.72,4019835
1742909400,2025-03-25 09:30,95.57,95.73,94.08,94.66,5616630
1742995800,2025-03-26 09:30,95.02,95.535,94.705,95.18,4724095
1743082200,2025-03-27 09:30,95.21,96.02,94.615,94.88,3618168
1743168600,2025-03-28 09:30,95.26,95.39,94.18,94.74,3834096
1743427800,2025-03-31 09:30,94.79,96.295,94.79,95.75,6051592
1743514200,2025-04-01 09:30,95.91,96.22,94.605,95.81,5926299
1743600600,2025-04-02 09:30,95.64,96.385,95.14,96.22,4359540
1743687000,2025-04-03 09:30,95.24,96.09,93.17,93.23,9122204
1743773400,2025-04-04 09:30,92.41,92.53,89.02,89.11,12928629
1744032600,2025-04-07 09:30,87.52,90.3,84.87,86.67,15195923
1744119000,2025-04-08 09:30,88.96,88.99,83.59,84.48,10084625
1744205400,2025-04-09 09:30,83.19,89.88,81.53,89.42,16319800
1744291800,2025-04-10 09:30,88.58,89.35,85.2216,87.32,10549690
1744378200,2025-04-11 09:30,87.09,88.75,85.87,88.6,6713638
1744637400,2025-04-14 09:30,89.495,90.985,89.1,90.46,5611147
1744723800,2025-04-15 09:30,90.8,91.315,90.25,90.71,3457409
1744810200,2025-04-16 09:30,91.06,91.815,90,90.59,4521852
1744896600,2025-04-17 09:30,90.74,92.685,90.74,91.93,4316492
1745242200,2025-04-21 09:30,91.15,91.35,88.945,90.07,6216415
1745328600,2025-04-22 09:30,91.25,92.25,90.89,91.87,4494040
1745415000,2025-04-23 09:30,92.9,93.8,91.46,92,4844869
1745501400,2025-04-24 09:30,92.11,93.03,91.59,92.33,4960219
1745587800,2025-04-25 09:30,92.39,92.55,91.54,92.16,3888977
1745847000,2025-04-28 09:30,92.12,92.94,91.865,92.75,4228458
1745933400,2025-04-29 09:30,92.63,93.75,92.48,93.37,3690223
1746019800,2025-04-30 09:30,92.8,93.9983,92.06,93.69,5940156
1746106200,2025-05-01 09:30,94.06,94.75,93.3,93.95,4079843
1746192600,2025-05-02 09:30,94.97,95.36,94.61,94.96,5053983
1746451800,2025-05-05 09:30,94.72,95.4,94.3301,94.86,2706511
1746538200,2025-05-06 09:30,94.36,94.89,93.71,94.16,4355516
1746624600,2025-05-07 09:30,94.49,94.94,93.99,94.15,3820943
1746711000,2025-05-08 09:30,94.63,94.71,93.4701,93.74,4592391
1746797400,2025-05-09 09:30,93.95,94.63,93.625,94.37,2418436
1747056600,2025-05-12 09:30,95.52,95.52,94.16,94.66,4657985
1747143000,2025-05-13 09:30,94.68,94.795,93.16,93.5,5842409
1747229400,2025-05-14 09:30,93.17,93.17,92.23,92.67,5890805
1747315800,2025-05-15 09:30,93.03,94.35,92.92,94.3,4542790
1747402200,2025-05-16 09:30,94.62,95.565,94.17,95.49,5230490
1747661400,2025-05-19 09:30,94.61,95.675,94.54,95.6,3846963
1747747800,2025-05-20 09:30,95.02,95.45,94.825,95.09,3631612
1747834200,2025-05-21 09:30,94.47,94.77,92.43,92.52,6449908
1747920600,2025-05-22 09:30,92.66,92.7041,91.4,92.14,4599211
1748007000,2025-05-23 09:30,92.01,92.5,91.62,92.21,4421580
1748352600,2025-05-27 09:30,93.02,93.94,92.65,93.73,5008213
1748439000,2025-05-28 09:30,93.83,93.83,93.03,93.62,4906221
1748525400,2025-05-29 09:30,93.72,94.88,93.51,94.44,6237519
1748611800,2025-05-30 09:30,94.08,94.75,93.58,94.54,4972233
1748871000,2025-06-02 09:30,93.94,94.6475,92.93,94.59,6435759
1748957400,2025-06-03 09:30,94.25,94.5,93.56,94.4,5601083
1749043800,2025-06-04 09:30,94.51,94.995,93.89,94.65,4015623
1749130200,2025-06-05 09:30,94.86,95.09,94.11,94.57,4965573
1749216600,2025-06-06 09:30,95.12,95.42,94.47,94.96,3818037
1749475800,2025-06-09 09:30,94.83,95.62,94.335,95.06,6155008
1749562200,2025-06-10 09:30,95.35,95.935,95.14,95.91,5631228
1749648600,2025-06-11 09:30,96.11,96.4,95.025,95.41,3757315
1749735000,2025-06-12 09:30,95.28,96,95.21,95.9,3829374
1749821400,2025-06-13 09:30,95.27,95.75,94.415,95.06,5740505
1750080600,2025-06-16 09:30,95.02,95.75,94.28,94.59,6212024
1750167000,2025-06-17 09:30,94.56,94.835,93.89,94.24,4366004
1750253400,2025-06-18 09:30,94.42,95.24,94.01,94.55,4267902
1750426200,2025-06-20 09:30,94.89,95.34,94.355,94.55,5587505
1750685400,2025-06-23 09:30,94.64,95.95,94.55,95.87,4798219
1750771800,2025-06-24 09:30,95.98,96.555,95.48,96.25,4600166
1750858200,2025-06-25 09:30,95.73,95.74,93.97,94.07,8770448
1750944600,2025-06-26 09:30,94.29,94.29,92.865,93.96,11713659
1751031000,2025-06-27 09:30,94.08,95.085,93.76,94.13,6663500
1751290200,2025-06-30 09:30,94.23,94.835,93.12,94.77,5805156
1751376600,2025-07-01 09:30,94.63,96.145,94.47,95.44,8372768
1751463000,2025-07-02 09:30,95.27,95.835,94.88,95.71,5912208
1751549400,2025-07-03 09:30,95.72,96.125,95.39,95.8,2864815
1751895000,2025-07-07 09:30,95.26,96.26,94.495,95.02,6150610
1751981400,2025-07-08 09:30,94.67,95.415,94.49,94.92,5756801
1752067800,2025-07-09 09:30,95.06,95.25,94.59,95.02,4992086
1752154200,2025-07-10 09:30,95.06,96.14,94.76,95.53,6391870
1752240600,2025-07-11 09:30,95.03,95.715,94.53,95.49,6391297
1752499800,2025-07-14 09:30,95.53,96.12,95.31,96.06,4931760
1752586200,2025-07-15 09:30,96.2,96.2,94.53,94.7,8148555
1752672600,2025-07-16 09:30,95.54,95.78,94.74,95.64,8075109
1752759000,2025-07-17 09:30,95.76,95.92,95.08,95.51,5827025
1752845400,2025-07-18 09:30,95.68,96.06,95.345,95.8,4955191
1753104600,2025-07-21 09:30,96.26,96.7,95.87,96.07,6798984
1753191000,2025-07-22 09:30,96.38,97.87,96.32,97.79,6597657
1753277400,2025-07-23 09:30,98.02,98.155,97.595,98.01,5583428
1753363800,2025-07-24 09:30,97.95,98.17,97.62,97.76,7756974
1753450200,2025-07-25 09:30,97.9,97.98,96.74,97.74,7058309
1753709400,2025-07-28 09:30,97.72,97.72,96.05,96.09,6455680
1753795800,2025-07-29 09:30,96.78,97.81,96.13,97.72,11391502
1753882200,2025-07-30 09:30,97.52,97.775,95.72,96.31,9450955
1753968600,2025-07-31 09:30,95.67,96.26,94.76,94.88,11401814
1754055000,2025-08-01 09:30,96.03,96.04,94.12,94.75,13440964
1754314200,2025-08-04 09:30,95.09,95.965,94.92,95.71,7438684
1754400600,2025-08-05 09:30,95.78,96.23,95.385,95.95,8608238
1754487000,2025-08-06 09:30,96.12,96.22,95.26,95.27,9069894
1754573400,2025-08-07 09:30,95.72,95.765,95.025,95.64,8007823
1754659800,2025-08-08 09:30,95.64,95.85,94.635,94.8,6343686
1754919000,2025-08-11 09:30,94.5,94.92,94.11,94.16,6154981
1755005400,2025-08-12 09:30,94.46,94.595,93.64,94.51,9559294
1755091800,2025-08-13 09:30,94.73,95.47,94.315,95.39,8513563
1755178200,2025-08-14 09:30,94.74,94.905,94.075,94.68,8038351
1755264600,2025-08-15 09:30,94.81,95.535,94.64,95.29,7366775
1755523800,2025-08-18 09:30,95.31,95.39,94.355,94.36,6146454
1755610200,2025-08-19 09:30,94.86,96.065,94.775,96.05,6570907
1755696600,2025-08-20 09:30,96.36,97.13,96.09,96.41,8772163
1755783000,2025-08-21 09:30,95.82,96.39,95.64,95.99,5654321
1755869400,2025-08-22 09:30,96.7,98.18,96.45,97.72,8159548
1756128600,2025-08-25 09:30,97.6,97.83,97.03,97.16,5940847
1756215000,2025-08-26 09:30,97.18,97.375,96.62,96.83,6018529
1756301400,2025-08-27 09:30,97.12,97.71,97.02,97.34,5745252
1756387800,2025-08-28 09:30,97.43,97.5,96.57,97.1,4935648
1756474200,2025-08-29 09:30,97.22,97.68,97.08,97.64,5888620
1756819800,2025-09-02 09:30,96.87,96.89,95.65,95.97,8576293
1756906200,2025-09-03 09:30,95.79,96.275,95.64,96.03,6985109
1756992600,2025-09-04 09:30,96.43,96.83,95.81,96.71,7435878
1757079000,2025-09-05 09:30,97.38,98.26,97.13,97.76,9763260
1757338200,2025-09-08 09:30,96.6,97.225,96.43,97.19,9730379
1757424600,2025-09-09 09:30,97.03,97.07,96.615,97.01,6814000
1757511000,2025-09-10 09:30,97.1,97.6,96.73,96.87,5687619
1757597400,2025-09-11 09:30,97.06,98.6,97.02,98.46,7086612
1757683800,2025-09-12 09:30,98.32,98.505,97.88,97.99,4856602
1757943000,2025-09-15 09:30,98.27,98.43,97.55,97.83,5732414
1758029400,2025-09-16 09:30,97.22,97.395,96.481,96.75,11477033
1758115800,2025-09-17 09:30,97.05,98.16,96.52,96.64,7424420
1758202200,2025-09-18 09:30,96.64,97.12,96.4,96.68,5939406
1758288600,2025-09-19 09:30,96.75,96.92,96.08,96.13,4777716
1758547800,2025-09-22 09:30,95.95,96.36,95.535,96.16,4375741
1758634200,2025-09-23 09:30,96.29,96.985,96.16,96.81,4379847
1758720600,2025-09-24 09:30,96.7,96.728,95.82,95.84,5317902
1758807000,2025-09-25 09:30,95.92,96.25,95.505,95.58,6528140
1758893400,2025-09-26 09:30,95.94,96.705,95.73,96.56,5956280
1759152600,2025-09-29 09:30,96.71,96.82,96.2,96.65,5733111
1759239000,2025-09-30 09:30,96.81,97.08,96.33,97.08,7019000
1759325400,2025-10-01 09:30,97.01,97.5,96.805,97.13,5928911
1759411800,2025-10-02 09:30,96.74,96.885,96.05,96.62,7053946
1759498200,2025-10-03 09:30,96.82,97.745,96.79,97.04,5154265
1759757400,2025-10-06 09:30,97.14,97.14,96,96,6187195
1759843800,2025-10-07 09:30,96.2,96.2,95.3393,95.73,5417500
1759930200,2025-10-08 09:30,95.13,95.645,95.06,95.31,7233354
1760016600,2025-10-09 09:30,95.57,95.57,94.565,94.81,5294914
1760103000,2025-10-10 09:30,95.08,95.25,93.625,93.69,9854110
1760362200,2025-10-13 09:30,93.82,94.34,93.57,94.26,5853963
1760448600,2025-10-14 09:30,94.2,95.345,94.055,95.24,6576377
1760535000,2025-10-15 09:30,95.61,96.86,95.45,96.61,6950301
1760621400,2025-10-16 09:30,96.82,97.155,96.14,96.32,6237927
1760707800,2025-10-17 09:30,96.33,97.06,95.96,96.95,5658560
1760967000,2025-10-20 09:30,97.465,97.9799,97.19,97.97,4121666
1761053400,2025-10-21 09:30,97.85,98.255,97.49,97.62,4104771
1761139800,2025-10-22 09:30,97.99,98.2,97.52,98.05,6127876
1761226200,2025-10-23 09:30,98.19,98.39,97.11,97.94,4067510
1761312600,2025-10-24 09:30,98.57,98.735,98.17,98.17,4488429
1761571800,2025-10-27 09:30,98.31,98.5,97.81,98.5,6274156
1761658200,2025-10-28 09:30,98.15,98.31,96.4,96.43,11003043
1761744600,2025-10-29 09:30,95.53,95.945,93.685,93.99,11431128
1761831000,2025-10-30 09:30,93.96,95.075,93.76,94.38,8772832
1761917400,2025-10-31 09:30,93.96,95.01,93.628,94.66,7858737
1762180200,2025-11-03 09:30,93.71,94.675,93.32,94.56,5586628
1762266600,2025-11-04 09:30,94.82,94.905,94.31,94.77,8916636
1762353000,2025-11-05 09:30,95,95.14,94.24,94.76,7453145
1762439400,2025-11-06 09:30,94.69,95.06,94.255,94.26,5895677
1762525800,2025-11-07 09:30,94.63,95.69,94.4,95.67,6566833
1762785000,2025-11-10 09:30,95.51,95.895,94.935,95.49,6180087
1762871400,2025-11-11 09:30,96.01,96.655,95.88,96.62,7027899
1762957800,2025-11-12 09:30,96.04,96.485,95.795,95.83,7590121
1763044200,2025-11-13 09:30,95.42,95.725,94.54,94.66,7856564
1763130600,2025-11-14 09:30,95.02,95.09,94.38,94.88,6154833
1763389800,2025-11-17 09:30,95.24,95.24,93.99,94.24,5885217
1763476200,2025-11-18 09:30,94.24,94.9,93.98,94.68,8615375
1763562600,2025-11-19 09:30,94.65,94.72,93.625,93.95,5497379
1763649000,2025-11-20 09:30,94.53,95.06,93.6,93.63,7590490
1763735400,2025-11-21 09:30,94.11,95.41,93.8,95.07,9471782
1763994600,2025-11-24 09:30,95.14,95.35,94.515,95.2,6191812
1764081000,2025-11-25 09:30,95.51,96.47,95.45,96.09,10669004
1764167400,2025-11-26 09:30,95.84,97.03,95.814,96.52,5241217
1764340200,2025-11-28 09:30,96.41,97.18,96.41,96.9,4506191
1764599400,2025-12-01 09:30,95.97,96.36,95.73,95.79,7781774
1764685800,2025-12-02 09:30,96,96.16,95.14,95.49,7746241
1764772200,2025-12-03 09:30,95.48,95.96,95.295,95.77,5558152
1764858600,2025-12-04 09:30,95.6,96.195,95.415,95.53,5834140
1764945000,2025-12-05 09:30,95.4,95.93,95.27,95.47,6028713
1765204200,2025-12-08 09:30,95.44,95.44,94.61,94.65,7613387
1765290600,2025-12-09 09:30,94.96,95.44,94.11,94.16,6332620
1765377000,2025-12-10 09:30,94.55,95.125,94.32,94.51,6049281
1765463400,2025-12-11 09:30,94.76,95.26,94.57,94.89,6968062
1765549800,2025-12-12 09:30,95.34,95.65,94.51,94.76,6818522
1765809000,2025-12-15 09:30,95.14,95.29,94.38,95.08,5864968
1765895400,2025-12-16 09:30,94.33,94.51,93.31,93.42,6298823
1765981800,2025-12-17 09:30,93.48,94.19,93.32,93.85,6696885
1766068200,2025-12-18 09:30,94.27,94.46,93.25,93.33,6719583
1766154600,2025-12-19 09:30,93.15,93.65,92.99,93.02,7238241
1766413800,2025-12-22 09:30,92.92,93.73,92.68,93.61,6096221
1766500200,2025-12-23 09:30,93.71,93.71,93.2,93.54,5873530
1766586600,2025-12-24 09:30,93.61,94.35,93.61,94.22,2939105
1766759400,2025-12-26 09:30,94.16,94.38,93.88,94.32,2635092
1767018600,2025-12-29 09:30,94.71,94.79,94.235,94.5,5173275
1767105000,2025-12-30 09:30,94.59,94.75,94.365,94.71,3506831
1767191400,2025-12-31 09:30,94.71,94.71,93.87,93.89,4916516
1767364200,2026-01-02 09:30,93.87,94.3,93.24,93.99,5553571
1767623400,2026-01-05 09:30,93.73,94.515,93.285,94.13,8210559
1767709800,2026-01-06 09:30,93.86,95.02,93.702,94.79,8150486
1767796200,2026-01-07 09:30,95.21,95.47,93.77,93.78,10601567
1767882600,2026-01-08 09:30,93.44,94.96,93.27,94.58,5441871
1767969000,2026-01-09 09:30,94.67,95.33,94.67,94.74,5267272
1768228200,2026-01-12 09:30,94.89,95.3,94.615,94.89,5247320
1768314600,2026-01-13 09:30,94.94,95.51,94.05,95.43,7050411
1768401000,2026-01-14 09:30,95.43,96.38,95.38,96.35,6304279
1768487400,2026-01-15 09:30,96.85,97.42,96.51,97.03,5639633
1768573800,2026-01-16 09:30,96.76,98.46,96.73,98.31,7273502
1768919400,2026-01-20 09:30,97.46,97.72,96.33,96.41,7989147
1769005800,2026-01-21 09:30,97.08,97.25,95.94,96.65,12414751
1769092200,2026-01-22 09:30,96.78,97.03,95.72,95.76,5703755
1769178600,2026-01-23 09:30,95.7,96.14,95.325,96.04,4445267
1769437800,2026-01-26 09:30,96.29,96.585,95.8,95.94,4752688
1769524200,2026-01-27 09:30,96.08,96.19,95.57,96.03,6117170
1769610600,2026-01-28 09:30,95.97,96.25,94.85,95.08,7390725
1769697000,2026-01-29 09:30,95.59,96.385,95.03,96.27,7191769
1769783400,2026-01-30 09:30,96.02,96.3,95.11,96.21,9894212
1770042600,2026-02-02 09:30,96.45,96.645,95.19,95.23,10102178
1770129000,2026-02-03 09:30,95.06,95.59,94.41,95,11092936
1770215400,2026-02-04 09:30,95.52,96.795,95.205,96.36,10556484
1770301800,2026-02-05 09:30,96.15,96.74,95.57,96.14,9699908
1770388200,2026-02-06 09:30,96.83,97.77,96.655,97.66,6132585
1770647400,2026-02-09 09:30,97.5,98.1499,96.95,98.06,4903568
1770733800,2026-02-10 09:30,98,99.565,98,99.32,7641439
1770820200,2026-02-11 09:30,99.635,99.73,98.785,98.93,9283194
1770906600,2026-02-12 09:30,100.175,100.83,98.76,98.87,20971125
1770993000,2026-02-13 09:30,99.255,100.625,98.85,100.22,9641140
1771338600,2026-02-17 09:30,100.63,101.27,100.005,101.21,7926049
1771425000,2026-02-18 09:30,100.91,101.15,99.805,100.01,8551078
1771511400,2026-02-19 09:30,99.79,100.45,99.37,99.83,6579562
1771597800,2026-02-20 09:30,99.89,100.55,99.75,100.54,7190890
1771857000,2026-02-23 09:30,100.34,101.36,100.13,100.51,7073932
1771943400,2026-02-24 09:30,100.27,100.905,100.05,100.76,5886765
1772029800,2026-02-25 09:30,100.61,100.95,99.98,100.37,6401597
1772116200,2026-02-26 09:30,100.93,101.205,100.44,101.05,5522073
1772202600,2026-02-27 09:30,100.82,101.79,100.68,101.28,7241322
1772461800,2026-03-02 09:30,100.47,101.8,100.11,101.54,12055703
1772548200,2026-03-03 09:30,100.03,101.325,99.16,100.96,12429479
1772634600,2026-03-04 09:30,100.72,101.155,100,101.06,10181736
1772721000,2026-03-05 09:30,100.04,100.29,99.34,100.18,12793844
1772807400,2026-03-06 09:30,99.34,99.37,98.5,99.02,11883897
1773063000,2026-03-09 09:30,97.96,99.54,96.89,99.23,9613632
1773149400,2026-03-10 09:30,98.73,99.98,98.46,99.12,9056432
1773235800,2026-03-11 09:30,98.61,98.71,97.73,98.01,8628945
1773322200,2026-03-12 09:30,97.15,98.07,97,97.32,8282582
1773408600,2026-03-13 09:30,98.29,98.74,97.41,97.5,8073315
1773667800,2026-03-16 09:30,98.34,98.98,98.12,98.25,7510080
1773754200,2026-03-17 09:30,98.63,99.125,98.285,98.37,9420941
1773840600,2026-03-18 09:30,98.03,98.08,96.79,96.84,8072625
1773927000,2026-03-19 09:30,96.51,97.02,95.97,96.47,10670600
1774013400,2026-03-20 09:30,96.48,96.49,92.985,93.45,12543292
1774272600,2026-03-23 09:30,94.91,95.375,94.07,94.11,9426472
1774359000,2026-03-24 09:30,93.49,94.45,93.205,93.49,8481895
1774445400,2026-03-25 09:30,93.83,94.2,93.03,93.49,7197053
1774531800,2026-03-26 09:30,93.3,94.155,92.93,93.34,7426777
1774618200,2026-03-27 09:30,93.19,93.675,92.45,92.61,7776794
1774877400,2026-03-30 09:30,93.61,94.33,92.72,93.06,7503934
1774963800,2026-03-31 09:30,94.01,95.27,93.43,94.56,10777564
1775050200,2026-04-01 09:30,94.61,95.26,94.345,94.88,10911063
1775136600,2026-04-02 09:30,94.34,96.355,94.24,96.25,5592990
1775482200,2026-04-06 09:30,95.88,96.7,95.74,96.37,5048567
1775568600,2026-04-07 09:30,96.13,96.85,95.695,96.46,4685164
1775655000,2026-04-08 09:30,97.81,98.32,97.54,98.19,6755811
1775741400,2026-04-09 09:30,97.88,99.71,97.68,98.9,5300403
1775827800,2026-04-10 09:30,98.85,99.35,98.595,99.02,3885478
1776087000,2026-04-13 09:30,98.7,99.46,98.39,99.45,5518868
1776173400,2026-04-14 09:30,99.34,100.5199,99.11,100.42,5568721
1776259800,2026-04-15 09:30,100.38,100.52,99.79,100.47,4728038
1776346200,2026-04-16 09:30,100.78,101.4675,100.69,101.36,4417579
1776432600,2026-04-17 09:30,101.76,103.1,101.48,102.98,5843832
1776691800,2026-04-20 09:30,102.52,103.26,102.52,103.23,3527172
1776778200,2026-04-21 09:30,103.03,103.32,101.4,101.45,6975217
1776864600,2026-04-22 09:30,101.8,102.23,100.19,100.63,5517394
1776951000,2026-04-23 09:30,101.02,101.7,100.6,101.66,5020135
1777037400,2026-04-24 09:30,101.61,102.21,101.315,101.41,3991425
1777296600,2026-04-27 09:30,101.05,101.8,100.7,100.83,4001402
1777383000,2026-04-28 09:30,101.34,101.8,100.44,101.74,5244827
1777469400,2026-04-29 09:30,101.2,101.95,100.495,100.9,4983915
1777555800,2026-04-30 09:30,100.845,102.73,100.74,102.63,8650146
1777642200,2026-05-01 09:30,102.8,102.99,102.06,102.36,5375508
1777901400,2026-05-04 09:30,101.89,102.565,101.285,101.63,3805748
1777987800,2026-05-05 09:30,101.85,102.16,101.185,101.94,3471796
1778074200,2026-05-06 09:30,102.51,103.585,102.49,103.28,4317929
1778160600,2026-05-07 09:30,103,103.32,102.04,102.56,4548723
1778247000,2026-05-08 09:30,102.87,103.35,102.705,102.77,4273295
1778506200,2026-05-11 09:30,102.8,103.515,102.52,102.84,4127672
1778592600,2026-05-12 09:30,103.05,103.1225,102.155,102.85,5900523
1778679000,2026-05-13 09:30,102.42,102.46,101.53,102.01,9266412
1778765400,2026-05-14 09:30,102.39,102.46,101.265,101.33,6679324
1778851800,2026-05-15 09:30,101.115,101.115,99.69,99.8,7696003
1779111000,2026-05-18 09:30,100.02,101.15,100,100.91,5194797
1779197400,2026-05-19 09:30,100.8,101.505,100.355,101.26,5231906
1779283800,2026-05-20 09:30,101.32,102.44,101.11,102.41,3865489
1779370200,2026-05-21 09:30,102.12,102.66,101.36,102.56,4862592
1779456600,2026-05-22 09:30,102.89,103.2,102.025,102.72,4142754
1779802200,2026-05-26 09:30,103.23,103.46,102.715,103.12,5586687
1779888600,2026-05-27 09:30,103,103.635,102.78,102.79,4304366
1779975000,2026-05-28 09:30,102.55,103.03,102.075,102.31,4096304
1780061400,2026-05-29 09:30,102.14,102.14,101.04,101.43,6505947
1780320600,2026-06-01 09:30,100.68,100.94,99.6,99.6,7729754
1780407000,2026-06-02 09:30,99.59,100.15,99.18,99.99,4393597
1780493400,2026-06-03 09:30,99.75,100.93,99.61,100,7678594
1780579800,2026-06-04 09:30,101.28,101.85,100.59,101.79,5266705
1780666200,2026-06-05 09:30,101.44,103.31,101.33,102.54,6791793
1780925400,2026-06-08 09:30,102.53,102.85,100.92,101.08,8100400
1781011800,2026-06-09 09:30,101.67,103.92,101.54,103.49,8192672
1781098200,2026-06-10 09:30,103.77,104.23,103.49,103.52,7844950
1781184600,2026-06-11 09:30,103.76,104.19,103.01,103.45,8922991
1781271000,2026-06-12 09:30,103.68,104.74,103.68,104.37,4907082
1781530200,2026-06-15 09:30,103.9,104.57,102.835,103.08,8028844
1781616600,2026-06-16 09:30,103.83,104.11,102.985,103.34,5032313
1781703000,2026-06-17 09:30,103.09,103.2,100.385,100.62,7734623
1781789400,2026-06-18 09:30,101.54,101.54,100.37,100.45,5268797
1782135000,2026-06-22 09:30,100.92,102.05,100.44,101.61,4525300
1782221400,2026-06-23 09:30,101.76,103.19,101.76,102.99,4736715
1782307800,2026-06-24 09:30,103.47,103.525,102.35,102.85,5904673
1782394200,2026-06-25 09:30,103.37,103.46,102.03,103.1,4386451
1782480600,2026-06-26 09:30,103.99,104.7699,103.565,104.64,5327173
1782739800,2026-06-29 09:30,104.37,104.4883,103.18,104.09,6485915
1782826200,2026-06-30 09:30,102.92,103.17,102.165,102.25,8125044
1782912600,2026-07-01 09:30,102.17,103.47,102.17,102.71,6104105
1782999000,2026-07-02 09:30,103.26,104.03,103.03,104.01,5576309
1783344600,2026-07-06 09:30,104.075,104.13,102.89,103.23,5800192
1783431000,2026-07-07 09:30,103.79,105.155,103.67,104.51,4611647
1783517400,2026-07-08 09:30,104.37,104.37,102.71,102.79,5416567
1783603800,2026-07-09 09:30,102.92,103.595,102.67,103,4766439
1783690200,2026-07-10 09:30,103.59,103.74,102.43,103.32,4834732
1783949400,2026-07-13 09:30,103.66,104.465,103.44,103.91,5043619
1784035800,2026-07-14 09:30,103.97,104.245,103.385,103.59,4143539
1784122200,2026-07-15 09:30,103.94,104.96,103.45,103.83,5591463
1784208600,2026-07-16 09:30,104.3,106.31,104.08,106.25,5265904
1784295000,2026-07-17 09:30,106.62,107.37,105.61,106.09,5216703
1784554200,2026-07-20 09:30,105.77,106.25,105.14,105.55,3921999
1784640600,2026-07-21 09:30,105.67,105.86,105.09,105.52,4581045
1784727000,2026-07-22 09:30,105.85,105.8638,104.78,104.95,3327771
1784813400,2026-07-23 09:30,104.64,105.425,104.42,104.71,4654568
1784899800,2026-07-24 09:30,105.51,107.32,105.51,107,7885090
1785159000,2026-07-27 09:30,106.74,107.31,106.43,106.64,3671114
1785245400,2026-07-28 09:30,107.84,108.17,107.22,107.26,5245862
1785331800,2026-07-29 09:30,107.21,107.63,106.485,107.01,6530625
1785418200,2026-07-30 09:30,107.15,107.215,104.68,105.67,6438931
1785504600,2026-07-31 09:30,105.55,105.75,104.45,105.09,5885740
1785763800,2026-08-03 09:30,105.13,105.84,104.74,105.23,4681071
1785850200,2026-08-04 09:30,104.28,105.24,103.47,105.12,8161259
1785936600,2026-08-05 09:30,105.5,105.5,104.13,105.14,5916708
1786023000,2026-08-06 09:30,105.89,105.89,103.89,104.19,5592624
1786109400,2026-08-07 09:30,104.2,105.25,103.995,104.69,4309364
1786368600,2026-08-10 09:30,104.02,104.16,102.94,103.35,5355871
1786455000,2026-08-11 09:30,103.08,103.27,102.4817,102.57,5528680
1786541400,2026-08-12 09:30,102.93,103.61,102.69,103.51,4393312
1786627800,2026-08-13 09:30,104.04,105.06,104,104.89,5838322
1786714200,2026-08-14 09:30,104.96,105.295,104.67,105.06,4256864
1786973400,2026-08-17 09:30,104.53,104.77,103.9,104.15,3604163
1787059800,2026-08-18 09:30,104.965,104.965,103.74,103.76,4375055
1787146200,2026-08-19 09:30,104.39,104.95,104.02,104.79,5122251
1787232600,2026-08-20 09:30,104.72,105.315,104.36,104.78,4080989
1787319000,2026-08-21 09:30,105.1,105.17,104.39,104.73,3431427
1787578200,2026-08-24 09:30,105,105.63,104.62,105.39,3439437
1787664600,2026-08-25 09:30,105.4,105.66,104.91,105.46,2879350
1787751000,2026-08-26 09:30,105.5,105.615,104.7025,104.74,3221948
1787837400,2026-08-27 09:30,104.09,104.545,103.745,103.79,4284994
1787923800,2026-08-28 09:30,104.37,104.37,103.3,103.43,3752375
1788183000,2026-08-31 09:30,103.05,103.05,102.08,102.63,4895784
1788269400,2026-09-01 09:30,102.62,103.17,102.105,102.45,7096998
1788355800,2026-09-02 09:30,102.55,102.57,101.46,101.84,4936089
1788442200,2026-09-03 09:30,102.56,102.915,102.05,102.88,4403310
1788528600,2026-09-04 09:30,102.28,102.955,102.07,102.14,5607961
1788874200,2026-09-08 09:30,101.54,102.84,101.54,102.05,5558365
1788960600,2026-09-09 09:30,101.83,102.08,100.8,100.91,6555559
1789047000,2026-09-10 09:30,101.21,101.325,99.8,99.97,9325665
1789133400,2026-09-11 09:30,100.85,101.09,100.31,100.75,6291365
1789392600,2026-09-14 09:30,100.79,101.34,99.875,100.28,5712309
1789479000,2026-09-15 09:30,99.63,99.65,98.58,99.31,7319464
1789565400,2026-09-16 09:30,99.45,100.25,98.12,98.65,6790530
1789651800,2026-09-17 09:30,99.38,99.47,98.735,98.94,4927496
1789738200,2026-09-18 09:30,98.32,98.63,97.95,98,5915773
1789997400,2026-09-21 09:30,98.32,99.025,98.245,98.9,5155744
1790083800,2026-09-22 09:30,98.96,99.05,98.52,98.68,3382808
1790170200,2026-09-23 09:30,97.89,98.47,97.1337,97.24,5540381
1790256600,2026-09-24 09:30,97.56,97.77,96.74,96.81,7560737
1790343000,2026-09-25 09:30,97.07,97.22,96.075,96.63,7126799
1790602200,2026-09-28 09:30,96.82,97.03,95.85,96.16,5852033
1790688600,2026-09-29 09:30,95.88,96.565,95.51,96.12,5507803
1790775000,2026-09-30 09:30,96.51,96.645,94.97,95.04,6825944
1790861400,2026-10-01 09:30,94.71,94.86,93.81,94.47,8701492
1790947800,2026-10-02 09:30,94.97,95.81,94.63,94.77,6034101
1791207000,2026-10-05 09:30,94.62,94.975,93.93,94.36,6476044
1791293400,2026-10-06 09:30,94.5,95.665,94.49,95.26,5403614
