t,et,o,h,l,c,v
1163773800,2006-11-17 09:30,42.75,43.36,42.51559,43.17999,2748200
1164033000,2006-11-20 09:30,43.34,43.584,42.94,43.23,2102900
1164119400,2006-11-21 09:30,43.31,44.14999,43.23,44.14999,2738300
1164205800,2006-11-22 09:30,44.10001,44.35001,43.62,44.17999,2781600
1164378600,2006-11-24 09:30,43.67,44.25999,43.62,44.2,1331700
1164637800,2006-11-27 09:30,43.88,44.00999,42.32001,42.45,4132898
1164724200,2006-11-28 09:30,42.53999,43.28999,42.32201,43.28999,5074699
1164810600,2006-11-29 09:30,43.60001,44.60001,43.60001,44.60001,4647801
1164897000,2006-11-30 09:30,44.19,44.64,43.82001,44.36,3967300
1164983400,2006-12-01 09:30,44.57001,44.57001,43.44,43.92,5298801
1165242600,2006-12-04 09:30,43.75999,45.17,43.73,45.17,4169602
1165329000,2006-12-05 09:30,45.46001,46.06,45.25999,46.06,5111602
1165415400,2006-12-06 09:30,45.78,46.24001,45.53999,45.82001,3121200
1165501800,2006-12-07 09:30,46.19,46.2,45.50999,45.66,2678900
1165588200,2006-12-08 09:30,45.88,46.28999,45.64999,46.10001,2839500
1165847400,2006-12-11 09:30,46.10001,46.25999,45.97,46.19,1822900
1165933800,2006-12-12 09:30,46.11,46.11,45.3,45.64,2824100
1166020200,2006-12-13 09:30,45.89,45.99001,45.44,45.99001,2315200
1166106600,2006-12-14 09:30,46.3,46.64999,46.22,46.31,2254800
1166193000,2006-12-15 09:30,46.7,46.82001,46.25,46.59,3373500
1166452200,2006-12-18 09:30,46.77,46.88,46.06,46.09,2674300
1166538600,2006-12-19 09:30,45.59,46.27,45.37,46.2,2457300
1166625000,2006-12-20 09:30,45.46001,45.66,45.17,45.33,3056800
1166711400,2006-12-21 09:30,45.2,45.39,44.84,45.34,1862900
1166797800,2006-12-22 09:30,45.49001,45.53,45.10001,45.44,1234800
1167143400,2006-12-26 09:30,45.67,45.83,45.56,45.77,546600
1167229800,2006-12-27 09:30,46,46.96001,45.89999,46.64999,2493700
1167316200,2006-12-28 09:30,46.91,46.95,46.60001,46.75999,1173000
1167402600,2006-12-29 09:30,46.74001,46.85001,46.55,46.85001,1015300
1167834600,2007-01-03 09:30,47.5,47.60001,46.37,46.7,5882699
1167921000,2007-01-04 09:30,46.25,46.39,45.60001,46.10001,4498699
1168007400,2007-01-05 09:30,46.08,46.10001,43.85001,44.47,7855699
1168266600,2007-01-08 09:30,44.97,45.24001,44.24001,45.10001,6748699
1168353000,2007-01-09 09:30,44.64999,44.73,43.45,43.95,6888801
1168439400,2007-01-10 09:30,43.28999,44.46001,43.11,44.27,8647699
1168525800,2007-01-11 09:30,44.53999,45.44,44.27,44.67,8105898
1168612200,2007-01-12 09:30,44.99001,45.55,44.73,45.5,5076000
1168957800,2007-01-16 09:30,44.75,45.25999,44.64999,44.95,3887700
1169044200,2007-01-17 09:30,44.63,45.24001,44.53999,44.98,3523500
1169130600,2007-01-18 09:30,45.56,45.72,44.39,44.69,5269801
1169217000,2007-01-19 09:30,44.71001,45.91,44.71001,45.77,4259102
1169476200,2007-01-22 09:30,46.35001,46.42,45.49001,45.92999,5317898
1169562600,2007-01-23 09:30,45.95,47.17999,45.89999,47.14999,6448199
1169649000,2007-01-24 09:30,47.19,47.8,46.86,47.52,5304199
1169735400,2007-01-25 09:30,47.60001,47.75,46.13,46.59,7600301
1169821800,2007-01-26 09:30,47,47.11,46.3,47,5968602
1170081000,2007-01-29 09:30,46.75999,46.81,45.89,45.95,6813699
1170167400,2007-01-30 09:30,46.25999,46.67999,45.89,46.52,3535000
1170253800,2007-01-31 09:30,46.75999,47.58,46.46001,47.25,6130398
1170340200,2007-02-01 09:30,47.97,48.37,47.72,47.99001,5851000
1170426600,2007-02-02 09:30,48.11,48.14999,47.50999,48.03999,6243199
1170685800,2007-02-05 09:30,48.34,48.67,48.03999,48.55,4585898
1170772200,2007-02-06 09:30,48.81,48.92999,48.24001,48.67,5376500
1170858600,2007-02-07 09:30,48.31,48.45,47.5,47.88,6567000
1170945000,2007-02-08 09:30,47.3,48.07001,47.06,48.07001,5708000
1171031400,2007-02-09 09:30,47.64,48.03,46.8,47.34,5570801
1171290600,2007-02-12 09:30,46.96001,47.19,46.3,46.72,5180238
1171377000,2007-02-13 09:30,46.99001,48.17999,46.89999,48.17999,4856266
1171463400,2007-02-14 09:30,48.17999,49.10001,48.00999,48.57001,7634355
1171549800,2007-02-15 09:30,48.92,49.16,48.66,48.92999,3821600
1171636200,2007-02-16 09:30,48.47,49.00999,48.35001,49.00999,2348500
1171981800,2007-02-20 09:30,48.60001,49.02,48.2,49.02,3114800
1172068200,2007-02-21 09:30,48.8,49.25999,48.3,49.11,5520102
1172154600,2007-02-22 09:30,49.74001,49.98,49.10001,49.31,7874801
1172241000,2007-02-23 09:30,49.35001,49.55,48.5,49.02,6190602
1172500200,2007-02-26 09:30,49.49001,49.5,48.64,49.24001,4763398
1172586600,2007-02-27 09:30,46.8,47.07001,43.39999,45.00999,19721904
1172673000,2007-02-28 09:30,45.67,46.05,45.03,45.82001,10331000
1172759400,2007-03-01 09:30,43.75999,45.84,43.27,45.42999,12371137
1172845800,2007-03-02 09:30,44.96001,45.39999,43.78,43.84,11013500
1173105000,2007-03-05 09:30,42.44,43.78999,39.8,42.7,12756898
1173191400,2007-03-06 09:30,44.00999,45.42999,44.00999,45.42999,11911199
1173277800,2007-03-07 09:30,45.14999,45.82001,44.64999,44.96001,7866199
1173364200,2007-03-08 09:30,46.07001,46.32001,45.47,45.85001,6616199
1173450600,2007-03-09 09:30,46.62,46.72,45.95,46.64,6769801
1173706200,2007-03-12 09:30,46.78999,47.17999,46.33,46.82001,11320602
1173792600,2007-03-13 09:30,46.27,46.66,44.85001,45.00999,7826102
1173879000,2007-03-14 09:30,45,45.95,44.11,45.83,13019301
1173965400,2007-03-15 09:30,45.55,46.34,45.55,45.89,5367801
1174051800,2007-03-16 09:30,46.17999,46.37,45.03,45.36,4805301
1174311000,2007-03-19 09:30,45.98,46.66,45.89999,46.33,5667426
1174397400,2007-03-20 09:30,46.69,47.25,46.48,47.24001,6179879
1174483800,2007-03-21 09:30,47.49001,49.02,47.23,49.02,8990652
1174570200,2007-03-22 09:30,49.14,49.25,48.59,48.71001,4422301
1174656600,2007-03-23 09:30,48.71001,49.19,48.39999,48.95,4444820
1174915800,2007-03-26 09:30,49.12,49.27,48.19,49.23,4994551
1175002200,2007-03-27 09:30,48.77,48.85001,48.36,48.50999,4215113
1175088600,2007-03-28 09:30,48.10001,48.10001,47.2,47.72,6690500
1175175000,2007-03-29 09:30,48.58,49.47,48.21001,49.32001,7082969
1175261400,2007-03-30 09:30,49.45,49.63,48.28999,49.22,6956199
1175520600,2007-04-02 09:30,49.82001,49.82001,48.85001,49.58,7055414
1175607000,2007-04-03 09:30,50.14,50.66,49.91,50.66,4941699
1175693400,2007-04-04 09:30,50.45,51.17,50.24001,50.91,6572109
1175779800,2007-04-05 09:30,50.89,51.28999,50.702,51.25,2523700
1176125400,2007-04-09 09:30,51.97,52.28,51.5,51.5,5965852
1176211800,2007-04-10 09:30,51.36,51.88,51.3,51.74001,4765820
1176298200,2007-04-11 09:30,52.00999,52.05,50.84,51.13,8322660
1176384600,2007-04-12 09:30,50.88,51.78,50.44,51.61,6608059
1176471000,2007-04-13 09:30,52.23,52.8,51.61,52.8,4809426
1176730200,2007-04-16 09:30,53.02,53.55,52.91,53.52,5480469
1176816600,2007-04-17 09:30,53.64999,53.77,52.92999,53.25,7216602
1176903000,2007-04-18 09:30,52.95,53.59,52.67,53.08,6357602
1176989400,2007-04-19 09:30,52.38,53.17,52.09,53.02,6435398
1177075800,2007-04-20 09:30,54.16,54.2,53.50999,54.03,4282480
1177335000,2007-04-23 09:30,53.71001,54.55,53.28,53.35001,4961945
1177421400,2007-04-24 09:30,53.38,53.56,52.64,53.27,6151824
1177507800,2007-04-25 09:30,53.89999,54.50999,53.53,54.2,6719102
1177594200,2007-04-26 09:30,54.25999,54.25999,53.36,53.57001,6253781
1177680600,2007-04-27 09:30,52.72,53.49001,52.44,53.49001,7557957
1177939800,2007-04-30 09:30,53.53,53.53999,52.28999,52.56,7210551
1178026200,2007-05-01 09:30,52.8,52.91,52.02,52.5,6096813
1178112600,2007-05-02 09:30,52.89999,53.8,52.87,53.59,7815426
1178199000,2007-05-03 09:30,54.25,54.53,53.86,54.5,6060906
1178285400,2007-05-04 09:30,54.99001,55.27,54.48,54.88,4322234
1178544600,2007-05-07 09:30,54.7,54.98,54.42999,54.7,5213934
1178631000,2007-05-08 09:30,54.34,54.83,53.58,54.83,8410070
1178717400,2007-05-09 09:30,54.49001,56.17,54.41,56.08,8846574
1178803800,2007-05-10 09:30,55.77,56.06,54.28,54.50999,11639059
1178890200,2007-05-11 09:30,54.75,55.75,54.74001,55.67999,7768930
1179149400,2007-05-14 09:30,55.5,55.94,54.74001,55.21001,7726426
1179235800,2007-05-15 09:30,55.36,56.38,55.14999,56.02,10197691
1179322200,2007-05-16 09:30,56.75,58.05,56.32001,57.8,11010301
1179408600,2007-05-17 09:30,57.47,58.35001,57.00999,57.75,9362770
1179495000,2007-05-18 09:30,57.67999,58.49001,57.39,58.42,7718199
1179754200,2007-05-21 09:30,58.67999,59.67999,58.5,59,16920784
1179840600,2007-05-22 09:30,59.5,59.5,58.49001,58.49001,9055184
1179927000,2007-05-23 09:30,58.89,59.48,57.99001,58.22,6807875
1180013400,2007-05-24 09:30,57.7,58.45,55.77,56.14999,12921980
1180099800,2007-05-25 09:30,57.11,57.94,56.99001,57.85001,6048547
1180445400,2007-05-29 09:30,58.99001,59.25,57.39999,58.14,8494832
1180531800,2007-05-30 09:30,56.75999,59.21001,56.16,59.19,8437672
1180618200,2007-05-31 09:30,59.7,60.10001,59.05,59.28999,5764449
1180704600,2007-06-01 09:30,60.2,61.44,60.2,61.2,8302934
1180963800,2007-06-04 09:30,60.2,60.97,60.08,60.64999,6069684
1181050200,2007-06-05 09:30,60.38,60.57001,59.53999,60.14999,7286242
1181136600,2007-06-06 09:30,59.2,59.39,57.8399,58.53,12866945
1181223000,2007-06-07 09:30,58.39999,58.92999,55.55,56.21001,13699270
1181309400,2007-06-08 09:30,56.96001,58.60001,56.25999,58.24001,11916523
1181568600,2007-06-11 09:30,58.48,59.67,58.11,59.22,7927422
1181655000,2007-06-12 09:30,58.96001,59.34,57.8,58.32001,12231535
1181741400,2007-06-13 09:30,58.62,59.77,58.37,59.41,8000602
1181827800,2007-06-14 09:30,60.25,61.12,60.22,61.05,7141141
1181914200,2007-06-15 09:30,62.05,62.75,62.03,62.66,8061801
1182173400,2007-06-18 09:30,63.35001,63.35001,62.33,62.92,7880973
1182259800,2007-06-19 09:30,62.64999,63.08,62.42,62.67999,6120020
1182346200,2007-06-20 09:30,63.07001,63.28,61.05,61.27,9664414
1182432600,2007-06-21 09:30,61.57001,62.67,60.78999,62.34,9039836
1182519000,2007-06-22 09:30,61.94,61.97,60.69,61.21001,8107398
1182778200,2007-06-25 09:30,60.53999,61.75,59.89,60.5,8407723
1182864600,2007-06-26 09:30,61.25999,61.25999,59.64999,59.78,8047844
1182951000,2007-06-27 09:30,59.2,60.84,58.95,60.84,7327074
1183037400,2007-06-28 09:30,61.28,61.85001,60.92,60.96001,7970605
1183123800,2007-06-29 09:30,61.44,61.99001,60.64999,61.42,8150422
1183383000,2007-07-02 09:30,61.94,63.08,61.91,62.88,6456188
1183469400,2007-07-03 09:30,63.39999,63.75,62.77,63.42,4510535
1183642200,2007-07-05 09:30,63.45,64,63.10001,63.88,7849102
1183728600,2007-07-06 09:30,64.53,64.92,64,64.91,7225629
1183987800,2007-07-09 09:30,64.99001,65.85001,64.92999,65.38,6119199
1184074200,2007-07-10 09:30,64.55,65,64.05,64.42999,10451000
1184160600,2007-07-11 09:30,64.09,65.7,64.09,65.56,7255301
1184247000,2007-07-12 09:30,66.13,67.94,66.10001,67.84,8324684
1184333400,2007-07-13 09:30,67.98,68.57001,67.34,68.21001,6238539
1184592600,2007-07-16 09:30,68.14999,68.2,67,67.60001,7592023
1184679000,2007-07-17 09:30,67.89999,68.35001,67.50999,68.22,6019898
1184765400,2007-07-18 09:30,67.8,68.27,67.14999,68.17999,8140125
1184851800,2007-07-19 09:30,69.16,69.48,68.78,69,8179656
1184938200,2007-07-20 09:30,68.74001,68.81,67.48,68.24001,8252566
1185197400,2007-07-23 09:30,69.2,69.85001,68.56,69.78999,7267012
1185283800,2007-07-24 09:30,69.13,70,65.34,66.09,14446211
1185370200,2007-07-25 09:30,66.41,67.23,64,66.44,17192000
1185456600,2007-07-26 09:30,63.8,64.17999,60.13,62.25,24789360
1185543000,2007-07-27 09:30,63.48,63.60001,61.24001,61.87,20831664
1185802200,2007-07-30 09:30,62.8,64.5,62.10001,64,14892121
1185888600,2007-07-31 09:30,65.05,65.75,63.09,63.60001,17703712
1185975000,2007-08-01 09:30,62.66,63.4399,61.36,62.98,19478432
1186061400,2007-08-02 09:30,64.00999,64.19,63.10001,64.19,13965875
1186147800,2007-08-03 09:30,63.69,64.14999,60.59,60.89999,15678004
1186407000,2007-08-06 09:30,60.89999,61.77,58.77,61.10001,19314304
1186493400,2007-08-07 09:30,60.99001,62.75,60.50999,62.17999,19534928
1186579800,2007-08-08 09:30,63.39999,64.92999,63.34,64.28,15559813
1186666200,2007-08-09 09:30,61.95,62.89,60.89,60.89999,18366016
1186752600,2007-08-10 09:30,59.00999,60.37,57.83,59.5,20012672
1187011800,2007-08-13 09:30,60.56,61.59,59,59.10001,11303102
1187098200,2007-08-14 09:30,59.34,59.466,56.5,56.62,19591296
1187184600,2007-08-15 09:30,55.60001,57.03999,52.636,52.96001,24275984
1187271000,2007-08-16 09:30,49.86,51.62,46.61,51.28,43570096
1187357400,2007-08-17 09:30,53.89999,55.2,50.50999,53.08,29339600
1187616600,2007-08-20 09:30,53.5,54.58,52.24001,53.8,17615648
1187703000,2007-08-21 09:30,53.2,54.64999,52.67999,53.92,12827727
1187789400,2007-08-22 09:30,55.61,57.5,55.61,57.5,20743680
1187875800,2007-08-23 09:30,57.89,58.59,56.47,57.8,16684898
1187962200,2007-08-24 09:30,57.25999,60.24001,57.2,60,13476367
1188221400,2007-08-27 09:30,59.75,60.72,59,59.92,9776465
1188307800,2007-08-28 09:30,58.98,59.37,56.22,56.85001,15717926
1188394200,2007-08-29 09:30,57.73,59.67999,57.3085,59.34,15403602
1188480600,2007-08-30 09:30,58.3,60.56,57.89999,59.21001,13932500
1188567000,2007-08-31 09:30,61,61.96001,60.692,61.55,15094199
1188912600,2007-09-04 09:30,61.8,63.44,61.61,62.74001,11540426
1188999000,2007-09-05 09:30,61.62,62.04131,60.95,61.78,9836469
1189085400,2007-09-06 09:30,62.3,62.86,61.81,62.60001,7979766
1189171800,2007-09-07 09:30,61.34,61.84,59.78,61.2,13508660
1189431000,2007-09-10 09:30,61.32001,61.39,59.36,60.53999,12372617
1189517400,2007-09-11 09:30,61.71001,62.77,61.42999,62.49001,10094992
1189603800,2007-09-12 09:30,62.67,63.87,62.58,63.10001,8418828
1189690200,2007-09-13 09:30,63.85001,64.96001,63.74001,64.17999,8306449
1189776600,2007-09-14 09:30,64.23,65.27,63.42999,64.10001,9673055
1190035800,2007-09-17 09:30,63.37,65.60001,62.36,62.92,7524242
1190122200,2007-09-18 09:30,64.25999,68.03,63.85001,67.63,16337828
1190208600,2007-09-19 09:30,69.19,69.73,68,68.32001,14261016
1190295000,2007-09-20 09:30,68.64999,69.38,67.13,67.78,11339063
1190381400,2007-09-21 09:30,69.06,69.64,68.89,69.32001,7161922
1190640600,2007-09-24 09:30,70.00999,70.83,69.69,70.83,10983895
1190727000,2007-09-25 09:30,69.92999,71.25,69.3,71.25,8492031
1190813400,2007-09-26 09:30,72.31,73.14,71.85001,72.7,10190277
1190899800,2007-09-27 09:30,73.75,74.58,73.05,74.58,10982816
1190986200,2007-09-28 09:30,74.5,74.73,73.53,73.55,10059211
1191245400,2007-10-01 09:30,74.64,77.64999,74.61,77.35001,12424949
1191331800,2007-10-02 09:30,76.87,77.33,75.28999,76.67999,14533367
1191418200,2007-10-03 09:30,76.53999,76.72,73.14999,73.36,13484035
1191504600,2007-10-04 09:30,74.3,75.24001,72.25999,74.14999,10448742
1191591000,2007-10-05 09:30,76.00999,78.22,75.61,77.67999,13855926
1191850200,2007-10-08 09:30,77.39999,77.5,76.24001,77.42,7924492
1191936600,2007-10-09 09:30,78.09,79.62,77.91,79.28,12653355
1192023000,2007-10-10 09:30,78.89999,79.37,78.14,79.17999,11697602
1192109400,2007-10-11 09:30,80.22,80.85001,76.22,77.67,20773296
1192195800,2007-10-12 09:30,77.8,79.74001,77.55,79.74001,12518324
1192455000,2007-10-15 09:30,80,80.28999,77.58,78.8,17625392
1192541400,2007-10-16 09:30,77.57001,77.69,76.17,76.75,14381570
1192627800,2007-10-17 09:30,78.60001,78.84,75.95,78.8,14597000
1192714200,2007-10-18 09:30,77.25999,80.24001,77.16,79.88,13138980
1192800600,2007-10-19 09:30,79.92999,79.94,75.57001,75.67,21778848
1193059800,2007-10-22 09:30,73.85001,76.02,72.72,75.60001,18611328
1193146200,2007-10-23 09:30,77.67,78.75,77.02,78.64,10874898
1193232600,2007-10-24 09:30,78.14999,78.69,76.09,78.5,15868500
1193319000,2007-10-25 09:30,79.23,79.74001,77.92,79.74001,15561000
1193405400,2007-10-26 09:30,80.92,82.58,80.19,82.57001,10430301
1193664600,2007-10-29 09:30,83.75,85.25,83.62,84.44,12236613
1193751000,2007-10-30 09:30,84,84.57001,83.08,83.14999,8782699
1193837400,2007-10-31 09:30,84.71001,86.8,84.05,85.60001,14505801
1193923800,2007-11-01 09:30,83.45,84.38,82.44,83.17999,15480500
1194010200,2007-11-02 09:30,83.96001,84.3,80.97,83.2,13920602
1194273000,2007-11-05 09:30,81.09,82.2,80.53999,81.45,12047492
1194359400,2007-11-06 09:30,84.17999,85.11,83.10001,85,11168953
1194445800,2007-11-07 09:30,84.39999,84.92,81.13,81.87,14872125
1194532200,2007-11-08 09:30,84,87.67,82.57001,86.14999,28721728
1194618600,2007-11-09 09:30,85.5,85.5,81.89999,83.25999,20596880
1194877800,2007-11-12 09:30,82.48,82.53,75.64999,76.05,24282016
1194964200,2007-11-13 09:30,79.71001,83.02,79.71001,82.57001,17256480
1195050600,2007-11-14 09:30,85.64999,85.77,82.57001,83.85001,20782960
1195137000,2007-11-15 09:30,82.86,82.91,79.92,81.35001,16285730
1195223400,2007-11-16 09:30,84.45,84.72,82.61,84.14999,18264496
1195482600,2007-11-19 09:30,83.38,83.38,79.58299,80.2,13531004
1195569000,2007-11-20 09:30,81.5,83.38,79,81.38,17118144
1195655400,2007-11-21 09:30,79.2,79.2,75.8,76.64999,21621792
1195828200,2007-11-23 09:30,76.67999,77.95,76.67999,77.44,9613914
1196087400,2007-11-26 09:30,77.24001,77.71001,72.03999,72.5,21376192
1196173800,2007-11-27 09:30,72.86,75.03,71,74.3,21997152
1196260200,2007-11-28 09:30,77.45,80.2,77,79.7,18292320
1196346600,2007-11-29 09:30,79.7,81.53999,78.64,79.64999,16360527
1196433000,2007-11-30 09:30,82.2,82.66,79.8,80.95,16183199
1196692200,2007-12-03 09:30,80.60001,81.10001,79.73,80.89999,12485129
1196778600,2007-12-04 09:30,79,80.46001,78.42,79.88,13362191
1196865000,2007-12-05 09:30,82.41,83.94,81.92999,83.39999,14972074
1196951400,2007-12-06 09:30,83.48,85.85001,83.35001,85.5,11521824
1197037800,2007-12-07 09:30,85.85001,86.06,84.91,85.67,10581195
1197297000,2007-12-10 09:30,85.27,85.96001,84.59,85.3,10849637
1197383400,2007-12-11 09:30,85.84,87,80.89999,82.08,17952000
1197469800,2007-12-12 09:30,86.08,87,83,85.08,18539328
1197556200,2007-12-13 09:30,82.84,83.37,80,82.39999,14737012
1197642600,2007-12-14 09:30,80.28,81.75,79.23,80,12972168
1197901800,2007-12-17 09:30,78.47,78.47,74.99001,75.56,18643008
1197988200,2007-12-18 09:30,78.25,78.35001,75.12,78.14,16271465
1198074600,2007-12-19 09:30,78.25,79.09,77.52,78.39999,12892203
1198161000,2007-12-20 09:30,80.00999,80.23,78.57001,79.38,14387383
1198247400,2007-12-21 09:30,80.84,81.75,80.64,81.75,10317430
1198506600,2007-12-24 09:30,81.45,82.52,81.14999,82.42,3054689
1198679400,2007-12-26 09:30,81.61,83.12,81,82.72,5871121
1198765800,2007-12-27 09:30,82.39999,82.45,81.49001,82.11,5819629
1198852200,2007-12-28 09:30,82.35001,82.57001,81.14,81.77,5799406
1199111400,2007-12-31 09:30,81.64999,81.92,80.5,80.7,4164469
1199284200,2008-01-02 09:30,82,82.0999,80.106,80.95,15429535
1199370600,2008-01-03 09:30,81.00999,81.69,80.61,80.61,8064516
1199457000,2008-01-04 09:30,79.5,79.61,77.17999,78,13878016
1199716200,2008-01-07 09:30,77.91,78.39999,75.35001,77.25999,16180094
1199802600,2008-01-08 09:30,78.95,80.32001,76.95,77.25,16633145
1199889000,2008-01-09 09:30,78.06,80.55,77.42,80.47,18530304
1199975400,2008-01-10 09:30,79.81,82.28,79.17999,81.52,21959744
1200061800,2008-01-11 09:30,80.25,80.82001,78.59,79.13,14910484
1200321000,2008-01-14 09:30,80.48,80.58,79.2,79.85001,9262336
1200407400,2008-01-15 09:30,78.45,78.63,75.66,76.1799,19776784
1200493800,2008-01-16 09:30,75.11,75.75,71.64999,72.78,25293712
1200580200,2008-01-17 09:30,74.31,74.48,68.95,69.75,29488480
1200666600,2008-01-18 09:30,71.61,72.08,68.63,70.84,22734448
1201012200,2008-01-22 09:30,65.36,70.28,65.00999,69.5899,29287680
1201098600,2008-01-23 09:30,66.11,69.91,64,69.25999,26905120
1201185000,2008-01-24 09:30,69.87,72.64,69.87,71.85001,19010864
1201271400,2008-01-25 09:30,73.78,74.74001,70.89,73.7,18012912
1201530600,2008-01-28 09:30,71.25,74.2299,70.38,73.88,18972976
1201617000,2008-01-29 09:30,75.24001,75.33,73.8,74.89999,13994973
1201703400,2008-01-30 09:30,74.14,77.38,73.52,74.5999,18514416
1201789800,2008-01-31 09:30,73,76.72,72.50999,76.49001,18356208
1201876200,2008-02-01 09:30,76.75,78.33,76.52,77.95,17810576
1202135400,2008-02-04 09:30,78.35001,78.46001,77.42999,78.28999,10561895
1202221800,2008-02-05 09:30,76.2,76.75,73.3,73.8699,18114720
1202308200,2008-02-06 09:30,74.31,75.66,72.94,73.78999,18703104
1202394600,2008-02-07 09:30,74.09,75.99001,72.10001,75.39,18044192
1202481000,2008-02-08 09:30,74.66,75.81,74.38,75.11,13644207
1202740200,2008-02-11 09:30,75.78,77.99001,75.19,77.75999,13341996
1202826600,2008-02-12 09:30,79.16,81.03999,77.75,78.7,21728528
1202913000,2008-02-13 09:30,79.82001,80.39999,78.94,80.36,12955789
1202999400,2008-02-14 09:30,80.78999,80.88,78.47,78.64999,14270738
1203085800,2008-02-15 09:30,77.98,78.7,77.0401,78.7,12094305
1203431400,2008-02-19 09:30,82,82.25,80.14999,80.63,14696324
1203517800,2008-02-20 09:30,80.00999,83.52,79.42999,83.25999,14686512
1203604200,2008-02-21 09:30,84.64999,84.89999,82.69,83.2,16537172
1203690600,2008-02-22 09:30,84.67999,84.67999,82.32001,84.39,14575703
1203949800,2008-02-25 09:30,84.2,85.39,83.28999,85,14288520
1204036200,2008-02-26 09:30,84.53999,86.81,84.12,86.52299,13911402
1204122600,2008-02-27 09:30,86.21001,88.53999,86,88.23,17909504
1204209000,2008-02-28 09:30,87.75,88.77,87.44,88.17,13275555
1204295400,2008-02-29 09:30,86.8,86.92999,83.14999,83.53,21532752
1204554600,2008-03-03 09:30,83.28,85.98,82.92,85.75999,14919953
1204641000,2008-03-04 09:30,85.02,85.56,81.66,83.82001,19154880
1204727400,2008-03-05 09:30,84.81,86.23,84.1701,86.2001,16905872
1204813800,2008-03-06 09:30,85.83,85.95,82.21001,82.3401,18588288
1204900200,2008-03-07 09:30,80.96001,82.77,80.46001,80.81,18916112
1205155800,2008-03-10 09:30,80.92,80.98,77.7,78.10001,20765376
1205242200,2008-03-11 09:30,80.82001,85.28999,78.75,82.25011,19479152
1205328600,2008-03-12 09:30,82.64,83.73,81.78,82.42,16116980
1205415000,2008-03-13 09:30,79.92999,82.17,78.14999,81.55,23649232
1205501400,2008-03-14 09:30,82.97,83.19,78.42999,80.14,20810128
1205760600,2008-03-17 09:30,76.32001,79,75.52,77,27636336
1205847000,2008-03-18 09:30,79.34,81.09,78.53,80.86,18069488
1205933400,2008-03-19 09:30,81.25,81.27,74.50999,74.82001,27419136
1206019800,2008-03-20 09:30,73.7,75.08,72.11,75,22579216
1206365400,2008-03-24 09:30,75.7,77.59,74.96001,75.59,16885152
1206451800,2008-03-25 09:30,77,78.52,76.39999,78.33,16501098
1206538200,2008-03-26 09:30,79.22,79.64,77.36,79.23,14386941
1206624600,2008-03-27 09:30,79.87,79.99001,77.38,77.73,12652523
1206711000,2008-03-28 09:30,77.53999,77.69,76.45,76.87,13652348
1206970200,2008-03-31 09:30,76.49001,77.83,76.2,77.03,9703914
1207056600,2008-04-01 09:30,78,79.97,77.48,79.88,13167434
1207143000,2008-04-02 09:30,80.75999,82.3,79.94,81.39999,15640039
1207229400,2008-04-03 09:30,80.72,83.75999,80.72,82.72,14489754
1207315800,2008-04-04 09:30,82.78999,84.24001,82.63,83.7,13810945
1207575000,2008-04-07 09:30,85,85.88,83.34,83.69,10201871
1207661400,2008-04-08 09:30,82.89999,85.118,82.55,84.60001,10906758
1207747800,2008-04-09 09:30,84.94,85.39,83.24001,83.95,10706121
1207834200,2008-04-10 09:30,83.95,84.64,82.62,84.08,9394629
1207920600,2008-04-11 09:30,83.09,83.75,82.28,82.66,8391789
1208179800,2008-04-14 09:30,82.16,84.38,81.36,83.14,12624961
1208266200,2008-04-15 09:30,84.03999,84.46001,83.34,84.14999,8194063
1208352600,2008-04-16 09:30,85.74001,87.19,85.55,86.927,14150137
1208439000,2008-04-17 09:30,86.44,88.28,86.21001,87.7899,14112184
1208525400,2008-04-18 09:30,87.8,88.56,86.88,87.7699,12362387
1208784600,2008-04-21 09:30,88.05,89.99001,87.56,89.42,8314965
1208871000,2008-04-22 09:30,88.84,90.44,88.59,89.209,11681480
1208957400,2008-04-23 09:30,89.12,89.5,88.12,88.64999,10554500
1209043800,2008-04-24 09:30,88.25,88.39999,86.2,86.39,12143621
1209130200,2008-04-25 09:30,87.09,87.66,86.05,87.60001,9145883
1209389400,2008-04-28 09:30,88.75,88.81,87.10001,87.13,8497078
1209475800,2008-04-29 09:30,86.39,86.39,83.53,83.92999,11494133
1209562200,2008-04-30 09:30,85,93.50999,84.74001,90.32001,29865616
1209648600,2008-05-01 09:30,91.49001,93.8,90.13,91.82001,20815664
1209735000,2008-05-02 09:30,95.21001,95.52,92.75,93.39999,17122960
1209994200,2008-05-05 09:30,93.42,94.32001,92.92,93.85001,11619406
1210080600,2008-05-06 09:30,93.22,94.39999,92.83,94.39999,11195590
1210167000,2008-05-07 09:30,94.67,94.72,90.93201,91.418,14220840
1210253400,2008-05-08 09:30,92,92.92,91.05,92.39999,10583668
1210339800,2008-05-09 09:30,91.52,92.88,90.84,92.88,8162648
1210599000,2008-05-12 09:30,93.39999,94.89,92.06,94.71001,9493297
1210685400,2008-05-13 09:30,95.50999,95.83,94.47,95.02,11097652
1210771800,2008-05-14 09:30,95.27,96.03,94.14999,94.25,8834676
1210858200,2008-05-15 09:30,95.10001,97,94.77,96.828,10369824
1210944600,2008-05-16 09:30,98.13,99.69,98.06,99.545,12181773
1211203800,2008-05-19 09:30,100.17,102.00999,99.0705,100.03,15449164
1211290200,2008-05-20 09:30,99.2,100.5699,98.13,100.47,14821176
1211376600,2008-05-21 09:30,100.89999,101.49001,98.41499,98.74989,14657457
1211463000,2008-05-22 09:30,99.2,99.62,97.16,97.48,9773020
1211549400,2008-05-23 09:30,98.25999,98.44,95.97,97.45,11263605
1211895000,2008-05-27 09:30,97.07001,97.63,94.99001,95.75999,11999852
1211981400,2008-05-28 09:30,96.47,99.5,95.03,99.21001,12813563
1212067800,2008-05-29 09:30,99.47,102.21001,97.42,97.58,18845152
1212154200,2008-05-30 09:30,99.3,100.16,98.28999,99.24001,10783281
1212413400,2008-06-02 09:30,98.25,99.48,97.5,98.42999,10978336
1212499800,2008-06-03 09:30,98.5,98.5,95.16,95.60001,14108641
1212586200,2008-06-04 09:30,94.64,94.88,93.00999,93.10001,16950384
1212672600,2008-06-05 09:30,94.31,97.35001,94.11,97.32001,12947527
1212759000,2008-06-06 09:30,97.35001,97.55,94.7,94.8,12576617
1213018200,2008-06-09 09:30,95.06,95.50999,93.36,94.67999,8863961
1213104600,2008-06-10 09:30,92.75,93.03999,90.13,91.45,17760272
1213191000,2008-06-11 09:30,91.33,91.8071,89.88,90.00999,13813059
1213277400,2008-06-12 09:30,90.58501,91.8654,90.3,90.83,11698758
1213363800,2008-06-13 09:30,91.44,92,90.28,90.82001,11324336
1213623000,2008-06-16 09:30,90.64,92.45,90.56,91.75999,10487449
1213709400,2008-06-17 09:30,93.69,95.03999,92.92,94,9145918
1213795800,2008-06-18 09:30,93.69,93.75,91.88,92.89,13741141
1213882200,2008-06-19 09:30,93,93.06,91.36,92,15482336
1213968600,2008-06-20 09:30,91.7,91.78,88.86,89.10001,19751248
1214227800,2008-06-23 09:30,89.17,89.92999,88.4718,89.14999,14142449
1214314200,2008-06-24 09:30,88.94,90.32001,88.03999,88.92,15728375
1214400600,2008-06-25 09:30,88.87,92.28999,88.67,91.46001,22156688
1214487000,2008-06-26 09:30,89.64999,90.32001,88.05009,88.44,18149296
1214573400,2008-06-27 09:30,88.10001,89.27,87.84,88.62,14135895
1214832600,2008-06-30 09:30,89.75,90.58,89.28999,89.28999,11925773
1214919000,2008-07-01 09:30,87.39,88.74001,86.36,87.78,16154160
1215005400,2008-07-02 09:30,88.83,88.97,83.83,83.96001,18831264
1215091800,2008-07-03 09:30,84.45,84.95,81.94,83.06,14003734
1215437400,2008-07-07 09:30,82.92,84.10001,81.25,81.85001,19531408
1215523800,2008-07-08 09:30,81.23,81.89,79.42999,81.75999,20317184
1215610200,2008-07-09 09:30,82.21001,82.24001,78.96001,79.31,14113969
1215696600,2008-07-10 09:30,79.31,82.36,79.03,82.14999,21395568
1215783000,2008-07-11 09:30,81.5,83.36,80.67999,81.64,18339248
1216042200,2008-07-14 09:30,83.45,83.5,82.35001,82.58,13114699
1216128600,2008-07-15 09:30,81.32001,83.63,78.85001,82.46001,19423744
1216215000,2008-07-16 09:30,82.60001,83.50999,81.77,83.35001,13295191
1216301400,2008-07-17 09:30,83.21001,83.72,79.92,80.8,14344926
1216387800,2008-07-18 09:30,80.8,82.33,80.03,80.92,12705672
1216647000,2008-07-21 09:30,81.8,82.82001,81.78,82.59,9093465
1216733400,2008-07-22 09:30,81.57001,81.8,80.53,81.42999,9645773
1216819800,2008-07-23 09:30,80.97,81.59,80.10001,80.2,11674414
1216906200,2008-07-24 09:30,80.50999,80.72,77.37,77.5,13685527
1216992600,2008-07-25 09:30,76.7,78.14999,76.33,77.39999,9568996
1217251800,2008-07-28 09:30,78.14,78.71001,76.94,77.14,8219191
1217338200,2008-07-29 09:30,78.2,78.63,77.63,78.55,8327410
1217424600,2008-07-30 09:30,80.58,82.60001,80.24001,82.42999,13003113
1217511000,2008-07-31 09:30,81.89999,82.19,81,81.24001,8721836
1217597400,2008-08-01 09:30,80.99001,81.17,78.67999,79.08,9320320
1217856600,2008-08-04 09:30,77.69,78,75.00999,75.64999,13796367
1217943000,2008-08-05 09:30,75.78999,77.02,74.8,75.87,12141234
1218029400,2008-08-06 09:30,76.34,77.89999,76.14999,77.5,8896328
1218115800,2008-08-07 09:30,77.23,77.47,75.25,75.91,8434676
1218202200,2008-08-08 09:30,74.42,75.27,74.06,74.61,7185863
1218461400,2008-08-11 09:30,74.75999,74.97,71.53,72.05,15223020
1218547800,2008-08-12 09:30,71.87,72.78999,70.78999,70.89,10007699
1218634200,2008-08-13 09:30,70.28,73.06,70.2,72.45,11483738
1218720600,2008-08-14 09:30,72.92,73.81,71.75,72.22,8416125
1218807000,2008-08-15 09:30,71.60001,71.94,69.78,70.3,9277559
1219066200,2008-08-18 09:30,71.39,71.39,68.7,69.22,8939270
1219152600,2008-08-19 09:30,67.72,71.2,67.66,70.53,11265699
1219239000,2008-08-20 09:30,72.26019,73.71001,71.81,73.34,9519316
1219325400,2008-08-21 09:30,74.31,75.49001,73.77,74.73,8462109
1219411800,2008-08-22 09:30,75.24001,75.37,72.95,73.66,7458953
1219671000,2008-08-25 09:30,73.69,73.73,71.49001,71.74001,9797727
1219757400,2008-08-26 09:30,71.41,72.49001,71.06,71.48,7823348
1219843800,2008-08-27 09:30,72.67,73.82001,72.17,73.59,7148672
1219930200,2008-08-28 09:30,75.02,75.19,73.45,74.31,7052531
1220016600,2008-08-29 09:30,74.42999,74.94,73.11,73.38,4970613
1220362200,2008-09-02 09:30,70.78999,71.89011,69.71001,70.10001,11510625
1220448600,2008-09-03 09:30,69.92,71.33,67.51109,68.74001,11956637
1220535000,2008-09-04 09:30,67.94,68.24001,64.10001,64.89,18460096
1220621400,2008-09-05 09:30,63.13,64.74001,61.74001,64.42999,18280528
1220880600,2008-09-08 09:30,67.25,67.49001,62.64,63.05,23604400
1220967000,2008-09-09 09:30,61.22,62.05,57.99001,58.39,22179008
1221053400,2008-09-10 09:30,59.31,60.39,57.02,59.95,24012272
1221139800,2008-09-11 09:30,57.14999,60.81,56.89999,60.64999,22482016
1221226200,2008-09-12 09:30,61.14999,64.16,60.8,63.77,22671536
1221485400,2008-09-15 09:30,58.53,61.17,57.45,57.8,29446032
1221571800,2008-09-16 09:30,54.41,58.89,53.59,58.60001,31477824
1221658200,2008-09-17 09:30,56.84,56.95,52.86,53.24001,32248160
1221744600,2008-09-18 09:30,54.5,56.94,50.59,55,29223504
1221831000,2008-09-19 09:30,63,65,60.52,63.3,28473744
1222090200,2008-09-22 09:30,64.37,64.78999,62.78999,62.95,20275568
1222176600,2008-09-23 09:30,62.10001,62.8454,58,58.92999,22246576
1222263000,2008-09-24 09:30,59.75,60.42,58.5,58.78,12053246
1222349400,2008-09-25 09:30,61,62.67,60.48,61.94,16533195
1222435800,2008-09-26 09:30,59.83,60.37,58.72,60.28,14432051
1222695000,2008-09-29 09:30,55.85001,55.92,48.66,50.99001,30342624
1222781400,2008-09-30 09:30,53.3,56.57001,53.16,56.31,22005680
1222867800,2008-10-01 09:30,56.09,56.64,53.41,56.25,17278592
1222954200,2008-10-02 09:30,53.78999,53.89999,48.38,49.46001,22342336
1223040600,2008-10-03 09:30,50.5,52.62,46.86,47.39999,28574720
1223299800,2008-10-06 09:30,40.96001,43.10001,37.67,42.75999,40807984
1223386200,2008-10-07 09:30,43.31,44.03999,37.84,38.25,35138272
1223472600,2008-10-08 09:30,34.09,39.81,33.75,37,42438784
1223559000,2008-10-09 09:30,39.64,41.49001,35.24001,35.71001,32851200
1223645400,2008-10-10 09:30,32.21001,36.23,31.27,34.44,34882768
1223904600,2008-10-13 09:30,39.05,44,37.39999,43.25,31202512
1223991000,2008-10-14 09:30,47,47.39999,41.83,43.50999,33351408
1224077400,2008-10-15 09:30,40.64,40.64999,34.7,34.97,30325744
1224163800,2008-10-16 09:30,36.61,37.38,32.89999,36.89999,31944912
1224250200,2008-10-17 09:30,36.81,40.39,34,37.52,30738224
1224509400,2008-10-20 09:30,38.73,41.03,38.5,40.75,21666896
1224595800,2008-10-21 09:30,38.24001,39.75,37.25999,37.84,19133024
1224682200,2008-10-22 09:30,34.78,35.25999,30.37,32.84,28421520
1224768600,2008-10-23 09:30,31.45,34.58,30.88,32.89,27729856
1224855000,2008-10-24 09:30,28.74001,31,28.3927,29.94,27774736
1225114200,2008-10-27 09:30,30.06,30.69,28.56,28.99001,21522496
1225200600,2008-10-28 09:30,31.36,33.92,29.89,33.58,28306112
1225287000,2008-10-29 09:30,33.71001,37.25,32.10001,35.57001,28886656
1225373400,2008-10-30 09:30,37.25999,39.7,37.25999,39.09,29306960
1225459800,2008-10-31 09:30,37.25999,38.96001,37,37.66,19577328
1225722600,2008-11-03 09:30,38.37,39.22,37.58,38.78999,13145949
1225809000,2008-11-04 09:30,40.31,43.35001,40.24001,42.60001,24954160
1225895400,2008-11-05 09:30,41.03999,41.85001,37.25999,38,25901536
1225981800,2008-11-06 09:30,37.61,37.92999,34.61011,35.96001,25208672
1226068200,2008-11-07 09:30,37.2,38.52,36.5,38.02,22419856
1226327400,2008-11-10 09:30,39.64,40.09,36.7,38.17999,18616832
1226413800,2008-11-11 09:30,36.36,37.77,35.17,36.87,19791232
1226500200,2008-11-12 09:30,34.89,35.11,32.39999,33.14999,25329664
1226586600,2008-11-13 09:30,33.87,37.5,31.11,37.24001,39343872
1226673000,2008-11-14 09:30,34.78,35.92999,33.73,34.55,25918528
1226932200,2008-11-17 09:30,33.60001,35.41,33.06,33.8,22620032
1227018600,2008-11-18 09:30,33.96001,34.48,31.75,33.21001,20862816
1227105000,2008-11-19 09:30,32.10001,32.60001,29.61,30.2,24725648
1227191400,2008-11-20 09:30,29.47,30,26.64,26.89,28868720
1227277800,2008-11-21 09:30,29.52,29.8,27.64999,29.36,25033584
1227537000,2008-11-24 09:30,30.67999,33.28999,30.53999,31.67999,29872784
1227623400,2008-11-25 09:30,34.08,34.2,31.91,33.00999,24583072
1227709800,2008-11-26 09:30,32.57001,36.60001,32.42999,36.28999,19281168
1227882600,2008-11-28 09:30,35.3,35.64,34.55,35.16,8022074
1228141800,2008-12-01 09:30,32.69,32.77,30.92999,31.06,21376816
1228228200,2008-12-02 09:30,31.94,32.49001,31.09,32.36,18171216
1228314600,2008-12-03 09:30,31.33,32.28999,30.13,31.49001,19487280
1228401000,2008-12-04 09:30,31.10001,31.86,29.47,30.25,16327797
1228487400,2008-12-05 09:30,29.3,32.14,28.64999,31.72,18524272
1228746600,2008-12-08 09:30,32.83,34.06,32.53999,33.14999,24357136
1228833000,2008-12-09 09:30,33.03999,34.46001,32.82001,33.32001,16124559
1228919400,2008-12-10 09:30,34.31,36.12,34.12,35.16,19235952
1229005800,2008-12-11 09:30,35.59,38.25999,34.84,35.32001,22452848
1229092200,2008-12-12 09:30,34.71001,36.55,34.37,36.08,14500070
1229351400,2008-12-15 09:30,36.33,36.85001,35,35.72,13770859
1229437800,2008-12-16 09:30,36.19,39.44749,36.16,39.17999,22589808
1229524200,2008-12-17 09:30,37.32001,38,36.75,37.3,19061760
1229610600,2008-12-18 09:30,37.83,37.88,35.12,35.95,17463104
1229697000,2008-12-19 09:30,36.71001,37.22,35.83,36.39,12716773
1229956200,2008-12-22 09:30,36.10001,36.27,34.02,34.78999,14907055
1230042600,2008-12-23 09:30,33.75999,33.8761,32.28,32.78999,14126531
1230129000,2008-12-24 09:30,32.49001,32.95,32.41,32.8,2668271
1230301800,2008-12-26 09:30,32.88,33.24001,32.23,33.06,4120371
1230561000,2008-12-29 09:30,32.92999,32.97,31.92999,32.7,6400586
1230647400,2008-12-30 09:30,33.86,34.28999,33.41,34.16299,7234574
1230733800,2008-12-31 09:30,34.16,35.31,34.02,34.99001,9452902
1230906600,2009-01-02 09:30,34.85001,37.39999,34.71001,36.7,9944230
1231165800,2009-01-05 09:30,36.49001,39.24001,36.39,38.08,20832864
1231252200,2009-01-06 09:30,39.77,40.78999,39.12,40.25,21318880
1231338600,2009-01-07 09:30,38.98,39.05,37.2,37.86,18219760
1231425000,2009-01-08 09:30,37.47,38.38,36.86,38.17,16616582
1231511400,2009-01-09 09:30,38.81,38.89,37.09,37.91,16142520
1231770600,2009-01-12 09:30,37.09,37.14,35.3,35.83,19883904
1231857000,2009-01-13 09:30,35.21001,36.75999,35.11,36.05,19469792
1231943400,2009-01-14 09:30,34.95,34.95,33.00999,33.69,26698816
1232029800,2009-01-15 09:30,33.99001,35.25999,31.96001,34.87,34128544
1232116200,2009-01-16 09:30,36.00999,36.22,34.2,35.38,20525824
1232461800,2009-01-20 09:30,34.62,34.98,32.53,32.75999,23153360
1232548200,2009-01-21 09:30,33.75,35.34,32.991,35.14,19971360
1232634600,2009-01-22 09:30,33.84,34.64,33.10001,34.14,18921984
1232721000,2009-01-23 09:30,32.89999,35.07001,32.64999,34.62,17179040
1232980200,2009-01-26 09:30,34.7,35.72,34.22,34.39999,15775203
1233066600,2009-01-27 09:30,34.89999,35.37,34.39,34.94,13718219
1233153000,2009-01-28 09:30,36.17,37.42999,35.95,36.85001,20555184
1233239400,2009-01-29 09:30,36.41,36.64999,35.78999,35.92999,16985024
1233325800,2009-01-30 09:30,36.23,36.72,35.06,35.5,19176672
1233585000,2009-02-02 09:30,34.59,35.71001,34.13,35.14,12474770
1233671400,2009-02-03 09:30,35.34,36.67999,35.05,36.25,14320043
1233757800,2009-02-04 09:30,36.97,38.39,36.32001,36.62,24204656
1233844200,2009-02-05 09:30,36.5,38.23,36.03,38.03999,22414480
1233930600,2009-02-06 09:30,38.33,40.56,38.11,40.25,21252192
1234189800,2009-02-09 09:30,40.38,41.03,39.1512,39.8,23010864
1234276200,2009-02-10 09:30,39.72,40.39,37.22,37.84,28230976
1234362600,2009-02-11 09:30,38.67,39.3,37.14,38.23,22099488
1234449000,2009-02-12 09:30,37.08,38.69,36.71001,38.50999,19238848
1234535400,2009-02-13 09:30,38.38,39.35001,38.10001,38.99001,17472384
1234881000,2009-02-17 09:30,37.41,37.5,36.17999,36.39999,21714368
1234967400,2009-02-18 09:30,36.77,36.83,35.35001,35.8,22309008
1235053800,2009-02-19 09:30,36.61,36.98,35.60001,35.85001,17040400
1235140200,2009-02-20 09:30,34.42999,34.99001,33.64,34.45,28957504
1235399400,2009-02-23 09:30,35.10001,35.28,31.67999,31.95,28086352
1235485800,2009-02-24 09:30,32.11,34.23,31.83,33.98,25534736
1235572200,2009-02-25 09:30,33.97,35.08,32.53999,34.28999,34261760
1235658600,2009-02-26 09:30,35.19,35.78,34.53,34.7,26120704
1235745000,2009-02-27 09:30,33.46001,35.08,33.39999,34.2,27215984
1236004200,2009-03-02 09:30,33.11,33.35001,31.58,31.75,31270336
1236090600,2009-03-03 09:30,32.36,32.9525,31.14,32.17999,27894288
1236177000,2009-03-04 09:30,33.53999,34.88,33.36,34.45,33229392
1236263400,2009-03-05 09:30,33.39999,34.34,32.92999,33.53999,24330000
1236349800,2009-03-06 09:30,34.05,34.83,32.67999,33.47,24603184
1236605400,2009-03-09 09:30,32.82001,33.98,32.78999,33.02,21054160
1236691800,2009-03-10 09:30,34.17999,35.69,34.03999,35.60001,31467728
1236778200,2009-03-11 09:30,36.13,36.32001,34.88,35.52,25205088
1236864600,2009-03-12 09:30,35.47,36.73,35.06,36.66,23514576
1236951000,2009-03-13 09:30,37.03999,37.2,35.7,36.42999,23509328
1237210200,2009-03-16 09:30,36.92999,37.82001,36.09,36.14,24441520
1237296600,2009-03-17 09:30,35.97,37.34,35.66,37.28999,20613184
1237383000,2009-03-18 09:30,36.99001,38.58,36.13,38.22,32234624
1237469400,2009-03-19 09:30,39.47,39.53,38.28,38.61,29261136
1237555800,2009-03-20 09:30,38.45,39.14,38,38.05,22911632
1237815000,2009-03-23 09:30,39.07001,40.91,39.06,40.89,24324848
1237901400,2009-03-24 09:30,39.92999,40.19,39.31,39.47,18476032
1237987800,2009-03-25 09:30,39.83,40.8,38.98,39.91,25494896
1238074200,2009-03-26 09:30,40.55,40.99001,40.08,40.85001,18907760
1238160600,2009-03-27 09:30,39.73,39.96001,39.00999,39.2,14813160
1238419800,2009-03-30 09:30,38,38,36.78999,37.22,22153232
1238506200,2009-03-31 09:30,38.17,38.59,37.58,37.7,18284000
1238592600,2009-04-01 09:30,37.48,39.42,37.24001,39.24001,19925488
1238679000,2009-04-02 09:30,41.32001,42.28999,41.14999,41.83,25395344
1238765400,2009-04-03 09:30,42.16,43.25999,41.89,42.95,26711360
1239024600,2009-04-06 09:30,42.23,42.46001,41.48,42.23,15780898
1239111000,2009-04-07 09:30,41.61,42.44,41.39999,41.96001,16481148
1239197400,2009-04-08 09:30,42.53999,43,41.97,42.49001,16279395
1239283800,2009-04-09 09:30,43.89,44.72,43.81,44.7,23564848
1239629400,2009-04-13 09:30,44.2,45.1499,43.17,44.86,20048144
1239715800,2009-04-14 09:30,44.39999,45.08,43.3,43.42,17929312
1239802200,2009-04-15 09:30,43.12,43.7,42.84,43.60001,16143629
1239888600,2009-04-16 09:30,44.46001,44.88,43.81,44.56,16112957
1239975000,2009-04-17 09:30,44.61,44.78,43.75,43.85001,14053762
1240234200,2009-04-20 09:30,42.63,42.64999,41.37,41.39,18954032
1240320600,2009-04-21 09:30,41.17999,42.59,40.17,42.53999,17430896
1240407000,2009-04-22 09:30,42.09,43.17,41.88,42.39,20642368
1240493400,2009-04-23 09:30,42.98,43.39999,42.34,43.31,17215440
1240579800,2009-04-24 09:30,44.22,44.83,43.89999,44.47,18855856
1240839000,2009-04-27 09:30,43.5,44.03,42.72,42.95,18905600
1240925400,2009-04-28 09:30,42.36,43.8501,42.25,43.44,16608813
1241011800,2009-04-29 09:30,44.06,45.75999,44.06,45.22,21672352
1241098200,2009-04-30 09:30,45.8,46.41,45.10001,45.10001,17300512
1241184600,2009-05-01 09:30,45.32001,47.3,45.07001,46.78,17733856
1241443800,2009-05-04 09:30,47.48,49.64999,47.17999,49.57001,30270096
1241530200,2009-05-05 09:30,49.81,50.06,48.52,49.24001,28851712
1241616600,2009-05-06 09:30,50.13,51.25,49.94,50.56,30832576
1241703000,2009-05-07 09:30,51.21001,51.25,48.7346,49.35001,25497664
1241789400,2009-05-08 09:30,50.81,51.25,49.61,51.10001,21555136
1242048600,2009-05-11 09:30,50.2,51.25999,49.62,50.92,17271696
1242135000,2009-05-12 09:30,51.64999,51.82001,49.42999,50.28999,19263600
1242221400,2009-05-13 09:30,48.64,48.78,47.42999,47.69,22103472
1242307800,2009-05-14 09:30,47.75999,48.98,47.5,48.81,18381584
1242394200,2009-05-15 09:30,48.95,49.19,47.53,47.86,15446695
1242653400,2009-05-18 09:30,49,51.11,49,50.97,17437936
1242739800,2009-05-19 09:30,51.09,52.63,50.78,51.58,23104688
1242826200,2009-05-20 09:30,52.74001,53.78999,51.81,51.98,31480704
1242912600,2009-05-21 09:30,51.05,51.37,50.25,51.12,25583600
1242999000,2009-05-22 09:30,51.55,51.89999,50.87,51.66,16470770
1243344600,2009-05-26 09:30,50.89,53.23,50.7,53.13,25235616
1243431000,2009-05-27 09:30,53.99001,54.63,52.53999,52.73,28936096
1243517400,2009-05-28 09:30,53.85001,54.63,53.02,54.57001,24169312
1243603800,2009-05-29 09:30,55.8,56,54.67,55.2,24032176
1243863000,2009-06-01 09:30,57.14999,58.14999,56.89,57.41,25949152
1243949400,2009-06-02 09:30,57.21001,57.97,56.73,57.3,28768672
1244035800,2009-06-03 09:30,56.3,56.38,53.64999,54.23,32064560
1244122200,2009-06-04 09:30,54.33,56.25,54.27,56.07001,20907808
1244208600,2009-06-05 09:30,57.38,57.44,55.16,55.88,25675696
1244467800,2009-06-08 09:30,54.60001,56.14,54.17999,55.63,15443555
1244554200,2009-06-09 09:30,56.75,56.82001,55.2,55.98,16634434
1244640600,2009-06-10 09:30,57.07001,57.25,54.86,55.92,21246992
1244727000,2009-06-11 09:30,56.31,58.62,56.12,57.95,23984864
1244813400,2009-06-12 09:30,56.55,57.17999,56.36,56.88,16535055
1245072600,2009-06-15 09:30,55.88,55.88,53.57001,54.61,20098160
1245159000,2009-06-16 09:30,55.28999,55.36,53.2,53.23,21912368
1245245400,2009-06-17 09:30,52.64,53.42999,51.56,53,26583504
1245331800,2009-06-18 09:30,53.03999,53.42999,52.24001,52.64999,22280000
1245418200,2009-06-19 09:30,53.86,54.02,53.09,53.17,21386208
1245677400,2009-06-22 09:30,51.86,52.05,49.84,49.92999,25372736
1245763800,2009-06-23 09:30,50.03999,51.00999,49.39,50.7,26065952
1245850200,2009-06-24 09:30,51.78999,52.36,50.55,51.17,17543072
1245936600,2009-06-25 09:30,50.91,53.31,50.67,53.22,22913248
1246023000,2009-06-26 09:30,53.45,54.05,53.06,53.61,18681248
1246282200,2009-06-29 09:30,53.99001,54.09,53.28999,53.44,14100270
1246368600,2009-06-30 09:30,54.19,54.3,52.39999,52.97,19204304
1246455000,2009-07-01 09:30,54.28999,54.78,53.50999,53.62,17544016
1246541400,2009-07-02 09:30,52.63,52.73,52.06,52.2,13749176
1246887000,2009-07-06 09:30,50.97,52.03,50.24001,52.02,22875776
1246973400,2009-07-07 09:30,51.5,51.64,49.50999,49.78,20181968
1247059800,2009-07-08 09:30,50.07001,50.32001,48.03,49.17,27347136
1247146200,2009-07-09 09:30,49.83,50.3,48.96001,49.62,15368469
1247232600,2009-07-10 09:30,48.58,49.52,48.265,49.37,15986027
1247491800,2009-07-13 09:30,49.56,50.32001,48.17999,50.28,17469168
1247578200,2009-07-14 09:30,50.57001,50.77,49.38,50.05,14927277
1247664600,2009-07-15 09:30,51.5,53.28,51.46001,53.03,34929456
1247751000,2009-07-16 09:30,52.67999,54.2,52.5,53.711,16886752
1247837400,2009-07-17 09:30,54.3,54.37,53.42,54.06,15435734
1248096600,2009-07-20 09:30,55.35001,55.95,55.03999,55.72,19766304
1248183000,2009-07-21 09:30,56.5,56.60001,54.73,55.82001,21310576
1248269400,2009-07-22 09:30,55.22,56.31,55.05,55.41,16366309
1248355800,2009-07-23 09:30,55.83,57.67999,55.59,56.92,21017200
1248442200,2009-07-24 09:30,56.94,57.37,56.38,57.08,11103410
1248701400,2009-07-27 09:30,57.41,57.6651,56.50999,57.53,13179191
1248787800,2009-07-28 09:30,56.94,57.46001,56.17,57.25,13101855
1248874200,2009-07-29 09:30,56.35001,56.39999,55.37,55.92,17782464
1248960600,2009-07-30 09:30,57.45,58.08,57.16,57.5,17351136
1249047000,2009-07-31 09:30,57.48,58.44,57.16,57.60001,17352320
1249306200,2009-08-03 09:30,59.87,60.7,59.3499,60.39,19448176
1249392600,2009-08-04 09:30,60.10001,61.3846,59.92999,60.83,16611434
1249479000,2009-08-05 09:30,60.78,61.75,59.4507,61.19,18526432
1249565400,2009-08-06 09:30,61.39999,61.69,59.31,60.14,21409168
1249651800,2009-08-07 09:30,61.13,61.48,60.39999,61.03,13781219
1249911000,2009-08-10 09:30,60.60001,60.95,59.87,60.81,13581730
1249997400,2009-08-11 09:30,59.74001,59.785,58.83,59.50999,14998531
1250083800,2009-08-12 09:30,59.23,60.53,59.2,60.21001,15784887
1250170200,2009-08-13 09:30,60.99001,61.06,60.06,60.87,16977888
1250256600,2009-08-14 09:30,61.14999,61.23,59.16,59.8,17483488
1250515800,2009-08-17 09:30,57.45,57.98,56.83,57.66,18614384
1250602200,2009-08-18 09:30,57.94,59.08,57.88,58.96001,12973250
1250688600,2009-08-19 09:30,57.62,59.84,57.49001,59.37,15113203
1250775000,2009-08-20 09:30,59.39999,60.28999,59.27,60.14999,9752512
1250861400,2009-08-21 09:30,61.03,61.52,60.8,61.39999,12190117
1251120600,2009-08-24 09:30,62.10001,62.44,60.9323,61.24001,12081098
1251207000,2009-08-25 09:30,61.49001,62.14,60.21001,60.25,11553363
1251293400,2009-08-26 09:30,59.96001,60.48,59.39999,60.22,10581219
1251379800,2009-08-27 09:30,59.95,60.45,58.53999,60.25999,13951555
1251466200,2009-08-28 09:30,60.34,60.56,59.22,59.53999,10758777
1251725400,2009-08-31 09:30,58.56,58.77,57.77,58.21001,13986344
1251811800,2009-09-01 09:30,58.33,59.31,56.67,56.86,22013808
1251898200,2009-09-02 09:30,56.67999,58.00999,56.5,57.28999,13279320
1251984600,2009-09-03 09:30,58.11,58.35001,57.45,58.21001,13048594
1252071000,2009-09-04 09:30,58.67,60.00999,58.23399,59.84,12096863
1252416600,2009-09-08 09:30,61.33,61.61,61,61.57001,14363719
1252503000,2009-09-09 09:30,61.86,62.09,61.09,61.63,16003789
1252589400,2009-09-10 09:30,61.61,63,61.27,62.91,15362453
1252675800,2009-09-11 09:30,63.17999,63.31,62.21001,62.5,12558289
1252935000,2009-09-14 09:30,61.81,63.3,61.67999,63.25,11540035
1253021400,2009-09-15 09:30,63.35001,64.14,62.72,63.95,13936383
1253107800,2009-09-16 09:30,64.78,65.66,64.25999,65.53999,17691088
1253194200,2009-09-17 09:30,65.16,66.19,64.58,64.89999,15996199
1253280600,2009-09-18 09:30,65.66,65.77,64.96001,65.17999,13677090
1253539800,2009-09-21 09:30,64.71001,65.64999,64.3,65.39999,12398672
1253626200,2009-09-22 09:30,66.2,67.73,65.66,66.74001,17406640
1253712600,2009-09-23 09:30,66.74001,67.37,65.62,65.69,18636064
1253799000,2009-09-24 09:30,66.21001,66.39999,64.12,64.67,21464864
1253885400,2009-09-25 09:30,64.8,65.61,64.44,65.31,15126766
1254144600,2009-09-28 09:30,65.55,66.75999,65.47,66.46001,10876984
1254231000,2009-09-29 09:30,66.96001,67.08,66,66.58,11785652
1254317400,2009-09-30 09:30,67.60001,68.5,66.44,67.64,19194672
1254403800,2009-10-01 09:30,67.75999,67.82001,65.83459,66.03,17552512
1254490200,2009-10-02 09:30,65.24001,67.74001,65.07001,67.3,29566848
1254749400,2009-10-05 09:30,67.74001,69.34,67.33,69.28999,19507440
1254835800,2009-10-06 09:30,70.24001,71,68.98,69.75999,25564064
1254922200,2009-10-07 09:30,69.61,70.07001,68.87,69.97,17070736
1255008600,2009-10-08 09:30,70.62,71.785,70.06,71.69,18317216
1255095000,2009-10-09 09:30,71.69,72.31,71.37,72.12,12797141
1255354200,2009-10-12 09:30,73.06,73.67999,72.36,72.94,10459930
1255440600,2009-10-13 09:30,72.47,72.98,71.77,72.8,15114227
1255527000,2009-10-14 09:30,74.3,75.82001,74.08,75.75,19652304
1255613400,2009-10-15 09:30,75.23,76.33,75,76.03999,15501809
1255699800,2009-10-16 09:30,74.75,75.85001,74.35001,75.49001,19572336
1255959000,2009-10-19 09:30,75.55,77.07001,75.12,76.25,17614944
1256045400,2009-10-20 09:30,74.08,74.25,71.13,73.34,54517648
1256131800,2009-10-21 09:30,73.69,76.27,73.64999,74.50999,26680160
1256218200,2009-10-22 09:30,74.64999,75.48,73.48,75.14999,16043352
1256304600,2009-10-23 09:30,76.37,76.39,74.05,74.34,15302238
1256563800,2009-10-26 09:30,75,75.85001,72.63499,73.66,17797584
1256650200,2009-10-27 09:30,73.12041,73.53,71.32001,71.48,22806272
1256736600,2009-10-28 09:30,71.14999,71.48,66.69501,66.91,33834464
1256823000,2009-10-29 09:30,68.96001,72.705,68.89999,72.06,28426304
1256909400,2009-10-30 09:30,72.86,72.89,67.89999,68.83,35206656
1257172200,2009-11-02 09:30,69.62,70.9899,68.03999,69.592,18854176
1257258600,2009-11-03 09:30,67.92,71.69,67.74001,71.00999,23801760
1257345000,2009-11-04 09:30,72.53999,73.57001,71.00999,72.56599,23586864
1257431400,2009-11-05 09:30,72.99001,74.7,72.7,74.67999,17725968
1257517800,2009-11-06 09:30,73.46001,74.74001,73.3,74.39,14834719
1257777000,2009-11-09 09:30,75.7,77.62,75.66,77.03999,17504224
1257863400,2009-11-10 09:30,76.31,77.37,75.19,76.69,15904199
1257949800,2009-11-11 09:30,77.55,77.59,75.39,76.03999,14170070
1258036200,2009-11-12 09:30,75.7,76.35001,72.99001,73.53999,16991936
1258122600,2009-11-13 09:30,73.37,75.5201,73.02,74.96001,18984992
1258381800,2009-11-16 09:30,75.74001,77.11,75.64,76.77,14150488
1258468200,2009-11-17 09:30,76.62,77.84,75.41,77.75999,14116648
1258554600,2009-11-18 09:30,78.19,78.23,75.67,76.5,19326800
1258641000,2009-11-19 09:30,75.91,76.06,74.23,75.85001,17215648
1258727400,2009-11-20 09:30,75.12,75.5,74.10001,75.09,12805852
1258986600,2009-11-23 09:30,76.85001,77.2,75.8,76.2,13854043
1259073000,2009-11-24 09:30,75.91,76.74001,74.92999,76.74001,13526867
1259159400,2009-11-25 09:30,77,78.25999,76.39,77.86,12284055
1259332200,2009-11-27 09:30,74.1803,76.64,74.11,75.58,17733008
1259591400,2009-11-30 09:30,76.39,76.71001,75.41,76.47,18285840
1259677800,2009-12-01 09:30,77.89999,79.39999,77.77,78.922,18720400
1259764200,2009-12-02 09:30,79.13,80.12,79.02,79.78999,16693527
1259850600,2009-12-03 09:30,80.49001,80.92999,78.61,78.88,14994301
1259937000,2009-12-04 09:30,80.41,80.85201,77.10001,77.903,21125152
1260196200,2009-12-07 09:30,77.74001,79.19,77.31,77.77,17890768
1260282600,2009-12-08 09:30,77,77.09,75.17999,76.00999,18490160
1260369000,2009-12-09 09:30,75.61,76.53999,75.02,76.49001,14976723
1260455400,2009-12-10 09:30,76.91,77.49001,75.981,77.02,10395172
1260541800,2009-12-11 09:30,77.52,77.74001,76.92,77.44,13178230
1260801000,2009-12-14 09:30,78.28999,78.41,77.62,78.14,10449426
1260887400,2009-12-15 09:30,77.53999,78.35001,77.25,77.44,12551191
1260973800,2009-12-16 09:30,77.85001,78.38,76.67999,77.12,13657805
1261060200,2009-12-17 09:30,75.38,75.72,73.35001,73.55,21067792
1261146600,2009-12-18 09:30,73.21001,74.37,72.85001,73.8,17023136
1261405800,2009-12-21 09:30,74.39999,74.86,73.03,73.37,13311746
1261492200,2009-12-22 09:30,71.95,72.17,71.1293,72.06,13589605
1261578600,2009-12-23 09:30,72.53,73.42,71.64999,72.73,10582188
1261665000,2009-12-24 09:30,73.52,73.9205,73.25,73.78999,3427027
1262010600,2009-12-28 09:30,74.88,74.89999,74,74.13,5923867
1262097000,2009-12-29 09:30,74.78999,74.84,74.14,74.25,8633117
1262183400,2009-12-30 09:30,74.41,74.84,74.11,74.53,7850828
1262269800,2009-12-31 09:30,75.14,75.17999,73.96001,74.61,5247457
1262615400,2010-01-04 09:30,76.24001,77.42,76,77.19,12116016
1262701800,2010-01-05 09:30,77.39999,77.91,76.64,77.28,12605133
1262788200,2010-01-06 09:30,77.17,78.28999,76.94,77.78999,11990488
1262874600,2010-01-07 09:30,77.3,77.44,76.5,76.92999,9752559
1262961000,2010-01-08 09:30,77.39,77.96001,77,77.47,9772715
1263220200,2010-01-11 09:30,78,78.14,76.50999,77.28,10019000
1263306600,2010-01-12 09:30,75.96001,77.10001,75.5,76.11,15398762
1263393000,2010-01-13 09:30,76.91,77.07001,75.00999,75.89,18802672
1263479400,2010-01-14 09:30,75.46001,75.81,74.28999,74.48,19434896
1263565800,2010-01-15 09:30,74.67,74.75,73.06,73.53999,21760400
1263911400,2010-01-19 09:30,73.75999,74.88,73.71001,74.62,12202066
1263997800,2010-01-20 09:30,73.28,73.31,71.21001,72.46001,21743296
1264084200,2010-01-21 09:30,71.92999,72.32001,68.92999,69.13,31602688
1264170600,2010-01-22 09:30,68.44,69.42,67.48,67.97,26948288
1264429800,2010-01-25 09:30,69.03011,69.25,67.31,67.89999,17156640
1264516200,2010-01-26 09:30,66.89999,68.14,66.19,66.83,21054400
1264602600,2010-01-27 09:30,66.2,66.8,65.17999,66.53999,26164048
1264689000,2010-01-28 09:30,67.0896,67.22,65.02,66.36,22456160
1264775400,2010-01-29 09:30,67.00999,67.5,64.32001,64.69,26722992
1265034600,2010-02-01 09:30,65.59,67.73,65.45,67.60001,19448816
1265121000,2010-02-02 09:30,68.33,69.00999,67.5,68.71001,19503520
1265207400,2010-02-03 09:30,68.28999,68.66,67.56,67.75999,15323664
1265293800,2010-02-04 09:30,66.32001,66.42,63.50999,63.72,32295664
1265380200,2010-02-05 09:30,63.44,63.88,60.85001,63.69,38633472
1265639400,2010-02-08 09:30,63.42999,64.63,62.64,62.84399,22582112
1265725800,2010-02-09 09:30,65.03999,66.60809,64.625,65.37,33277456
1265812200,2010-02-10 09:30,65.77,66.11,64.5,65.33,22130352
1265898600,2010-02-11 09:30,65.46001,67.33,64.73,66.92999,24164464
1265985000,2010-02-12 09:30,65.36,66.86,65.03,66.63,19550432
1266330600,2010-02-16 09:30,67.83,68.77,67.39,68.34,16904320
1266417000,2010-02-17 09:30,69.07001,69.25,67.89999,68.53,21792240
1266503400,2010-02-18 09:30,68.23,70.05,68.23,69.82001,20771808
1266589800,2010-02-19 09:30,69.06,70.32001,68.98,69.75,19053280
1266849000,2010-02-22 09:30,70.25,70.25,68.92999,69.16,17408496
1266935400,2010-02-23 09:30,68.49001,68.85001,66.77,67.33,20879744
1267021800,2010-02-24 09:30,67.66,68.14999,66.81,67.34,17222048
1267108200,2010-02-25 09:30,65.52,67.97,65.1508,67.5,21681008
1267194600,2010-02-26 09:30,67.95,68.66,67.10001,68.37,16268492
1267453800,2010-03-01 09:30,69.06,69.77,68.83,69.67999,15988695
1267540200,2010-03-02 09:30,70.57001,71.47,70.25,70.59,18195760
1267626600,2010-03-03 09:30,71.25999,72.35001,70.1543,70.58,23457296
1267713000,2010-03-04 09:30,71,71.17999,69.53,70.56,17724592
1267799400,2010-03-05 09:30,71.71001,72.25999,71.3,72.2,19166032
1268058600,2010-03-08 09:30,72.22,72.5625,71.24001,71.67,13109699
1268145000,2010-03-09 09:30,71.09,73.66,71,73.06,20666848
1268231400,2010-03-10 09:30,73.36,74.32001,72.99001,73.64999,16993376
1268317800,2010-03-11 09:30,73.49001,73.94,72.73,73.85001,12401949
1268404200,2010-03-12 09:30,74.25999,74.3,73.13,73.23,13591102
1268659800,2010-03-15 09:30,73.03999,73.46001,72.25,73.2,14684570
1268746200,2010-03-16 09:30,73.2,74.05,72.87,73.97,17340672
1268832600,2010-03-17 09:30,74.45,74.7,73.28,73.57001,15834953
1268919000,2010-03-18 09:30,72.97,73.58,72,72.44,18037376
1269005400,2010-03-19 09:30,72.86,72.92,71.17,71.3,21306960
1269264600,2010-03-22 09:30,70.25999,71.97,69.91,71.74001,17466480
1269351000,2010-03-23 09:30,72.72,72.96001,72,72.72,16217477
1269437400,2010-03-24 09:30,71.78999,72.84,71.22,71.56,17521600
1269523800,2010-03-25 09:30,72.16,72.36,70.17,70.28,20625840
1269610200,2010-03-26 09:30,70.60001,70.94,69.5,70.44,17157408
1269869400,2010-03-29 09:30,71.08,72.45,71.05,72.34,15164945
1269955800,2010-03-30 09:30,72.92999,73.2,72.17999,72.77,12459371
1270042200,2010-03-31 09:30,72.72,73.78,72.66,73.64,12183434
1270128600,2010-04-01 09:30,74.72,75.34,74.57001,74.95,17455968
1270474200,2010-04-05 09:30,75.74001,75.87,75.05,75.3,11379305
1270560600,2010-04-06 09:30,74.94,75.95,74.91,75.58,12796645
1270647000,2010-04-07 09:30,75.37,75.50999,73.91,74.41,18544576
1270733400,2010-04-08 09:30,73.74001,75.48,73.5275,75.31,14058539
1270819800,2010-04-09 09:30,75.48,75.73,74.89,75.45,13304203
1271079000,2010-04-12 09:30,75.53,75.74001,74.60001,74.99001,11675578
1271165400,2010-04-13 09:30,74.74001,75.27,73.8,74.89999,16133266
1271251800,2010-04-14 09:30,75.67999,75.94,75.14,75.73,12372469
1271338200,2010-04-15 09:30,75.50999,76.09,74.74001,74.96001,15095418
1271424600,2010-04-16 09:30,74.57001,74.88,72.72,73.36,26523264
1271683800,2010-04-19 09:30,72.75999,73.74001,72.10001,73.10001,22373392
1271770200,2010-04-20 09:30,74.03999,74.33749,73.47,73.69,15262355
1271856600,2010-04-21 09:30,73.56,76.25999,71.75999,72.99001,16977424
1271943000,2010-04-22 09:30,72.47,73.58,71.59,73.49001,24437072
1272029400,2010-04-23 09:30,73.05,73.78999,72.46001,73.63,15516461
1272288600,2010-04-26 09:30,74.14999,74.33,73.3,73.5,13715492
1272375000,2010-04-27 09:30,72.48,72.61,69.89,70.05,34045376
1272461400,2010-04-28 09:30,71.12,71.33,69.31,71.00999,29271456
1272547800,2010-04-29 09:30,71.99001,73.22,71.8,73.2,25414592
1272634200,2010-04-30 09:30,73.07001,73.3,72.07001,72.25751,21305488
1272893400,2010-05-03 09:30,72.7,73.17,71.25999,71.8,18575184
1272979800,2010-05-04 09:30,70.5303,70.56,67.89999,67.97,34456512
1273066200,2010-05-05 09:30,66.62,68.53999,65.77,67.2,27807872
1273152600,2010-05-06 09:30,66.22,67.78,60,64.33009,54077584
1273239000,2010-05-07 09:30,63.94,65.38,61.36,63.89999,52557136
1273498200,2010-05-10 09:30,69.23,69.36,66.55,69.17,37866992
1273584600,2010-05-11 09:30,67.75,69.21001,67.45,67.45,27046736
1273671000,2010-05-12 09:30,68.33,69.03999,68,68.22,24158080
1273757400,2010-05-13 09:30,68.36,68.89,67.61,67.61,20228240
1273843800,2010-05-14 09:30,66.72009,66.88,64.72,65.78,32554096
1274103000,2010-05-17 09:30,65.7,66.35001,63.17999,65.09,37060608
1274189400,2010-05-18 09:30,66.44,66.52,62.83,63.08,35939312
1274275800,2010-05-19 09:30,61.4599,62.47,60.10001,61.57001,46182960
1274362200,2010-05-20 09:30,58.91,60.19,57.53,58.61,55565488
1274448600,2010-05-21 09:30,57.62,61.21001,57.56,61.14,44539200
1274707800,2010-05-24 09:30,61.34,61.95,59.96001,60.28,29566560
1274794200,2010-05-25 09:30,57.64999,59.85001,57.17999,59.78,39481968
1274880600,2010-05-26 09:30,60.81,62.33,59.49001,60.10001,35001792
1274967000,2010-05-27 09:30,62.67999,63.86,62.13,63.78,31108448
1275053400,2010-05-28 09:30,63.33,64,62.57001,63.52,24356944
1275399000,2010-06-01 09:30,63.35001,64.62,62.59,62.66,30659280
1275485400,2010-06-02 09:30,63.35001,64.92999,62.89,64.77,24152496
1275571800,2010-06-03 09:30,65.24001,65.64,62.47,64.14,21991056
1275658200,2010-06-04 09:30,62.94,63.72749,61.64999,61.935,25029008
1275917400,2010-06-07 09:30,62.16,62.53999,60.77,60.87,18008960
1276003800,2010-06-08 09:30,61.44,62.75,60.87,62.405,25714560
1276090200,2010-06-09 09:30,63.42,64.09,62.3,62.48,27420752
1276176600,2010-06-10 09:30,64.34,65.31,64.23,65.10001,25454272
1276263000,2010-06-11 09:30,64.27,65.78999,64.2,65.64999,15284188
1276522200,2010-06-14 09:30,66.45,66.5,64.92,64.97,19607424
1276608600,2010-06-15 09:30,65.7,67.03999,65.45,66.8775,14828426
1276695000,2010-06-16 09:30,66.14999,67.69,66.03,67.14,13448789
1276781400,2010-06-17 09:30,67.60001,67.7191,66.16811,66.82001,15114441
1276867800,2010-06-18 09:30,66.99001,67.75,66.77,67.2,13300813
1277127000,2010-06-21 09:30,68.74001,69,67.47,67.92,17706048
1277213400,2010-06-22 09:30,68.28999,68.92999,66.73,66.8,23880528
1277299800,2010-06-23 09:30,66.38,66.82001,65.35001,66.7,16474352
1277386200,2010-06-24 09:30,66.44,66.47,64.95,65.53999,19057424
1277472600,2010-06-25 09:30,65.85001,66.99001,65.27,66.91,15960895
1277731800,2010-06-28 09:30,66.98,67.08,65.98,66.12,10549309
1277818200,2010-06-29 09:30,64.16,64.21001,62.25,62.75,23150832
1277904600,2010-06-30 09:30,62.94,64.02,61.83,61.83,17929232
1277991000,2010-07-01 09:30,62.24001,63,60.88,62.97,25403232
1278077400,2010-07-02 09:30,63.59,64.10001,62.77,63.87,14269566
1278423000,2010-07-06 09:30,64.92999,65.24001,63.23,64.13,17725296
1278509400,2010-07-07 09:30,64.14,66.10001,64.13,66.02,18542544
1278595800,2010-07-08 09:30,66.28999,66.78999,65.5,66.61,15450664
1278682200,2010-07-09 09:30,66.71001,67.89,66.52,67.34,11125324
1278941400,2010-07-12 09:30,66.84,67.27,65.48,65.92,16361840
1279027800,2010-07-13 09:30,66.67,67.23,66.41,66.92999,12711004
1279114200,2010-07-14 09:30,66.11,66.95,65.8,66.42,11769410
1279200600,2010-07-15 09:30,66.28999,66.45,65.14999,66.14999,15069957
1279287000,2010-07-16 09:30,65.67,65.72,64.05,64.14999,19281888
1279546200,2010-07-19 09:30,64.72,65.32001,64.35001,65.07001,13239500
1279632600,2010-07-20 09:30,64.7,67.33,64.63,67.23,23190160
1279719000,2010-07-21 09:30,67.78999,68.05,66.36501,66.92999,16181461
1279805400,2010-07-22 09:30,67.98,69.59,67.91,69.03,18502496
1279891800,2010-07-23 09:30,68.67999,69.53,68.28,69.47,15676164
1280151000,2010-07-26 09:30,69.23,69.50999,68.78,69.24001,12995801
1280237400,2010-07-27 09:30,70,70.12,68.86,69,16256082
1280323800,2010-07-28 09:30,69.07001,70.10001,69.02,69.5,13719785
1280410200,2010-07-29 09:30,70.16,70.53999,69.11,69.83,15292691
1280496600,2010-07-30 09:30,69.17,70.73,68.91,70.38,17765920
1280755800,2010-08-02 09:30,71.58,72.37,71.42999,72.08,19331856
1280842200,2010-08-03 09:30,71.37,72,70.92,71.23,17327952
1280928600,2010-08-04 09:30,71.69,71.89,70.62,71.66,14626887
1281015000,2010-08-05 09:30,71.31,71.83,71.21001,71.75999,9412402
1281101400,2010-08-06 09:30,71.35001,71.9196,70.64999,71.08,14225590
1281360600,2010-08-09 09:30,71.64999,71.75,71.09,71.12,8171320
1281447000,2010-08-10 09:30,70.3,70.84,69.87,70.5,15577352
1281533400,2010-08-11 09:30,69.33,69.98,68.09,68.16,19131568
1281619800,2010-08-12 09:30,67.5,68.75999,67.33,68.62,13813359
1281706200,2010-08-13 09:30,68.81,69.48,68.60001,68.61,12573070
1281965400,2010-08-16 09:30,68.89999,69.99001,68.67999,69.96001,10856770
1282051800,2010-08-17 09:30,70.85001,71.0714,70.42,70.8,12558191
1282138200,2010-08-18 09:30,70.7,71.02,70.19,70.8,10974277
1282224600,2010-08-19 09:30,70.48,70.64999,69.38,69.87,19615024
1282311000,2010-08-20 09:30,69.5,69.57001,68.74001,69.48,11401117
1282570200,2010-08-23 09:30,69.89999,70.12,68.14999,68.3,12139152
1282656600,2010-08-24 09:30,67.41,67.92999,66.88499,67.39999,20368768
1282743000,2010-08-25 09:30,66.91,67.3,66.07001,67.08,17793872
1282829400,2010-08-26 09:30,67.62,67.7605,66.00999,66.11,15370488
1282915800,2010-08-27 09:30,66.98,68.69,66.34,68.69,21871440
1283175000,2010-08-30 09:30,68.13,68.371,66.83,66.89999,10846773
1283261400,2010-08-31 09:30,67.33,68.22,67.19,67.75,16865568
1283347800,2010-09-01 09:30,68.99001,70.78,68.965,70.55,19287456
1283434200,2010-09-02 09:30,70.69,70.88,70.16991,70.82001,13144383
1283520600,2010-09-03 09:30,71.75,71.96001,70.58,70.63,16579703
1283866200,2010-09-07 09:30,70.38,70.53,69.52,69.53999,14888762
1283952600,2010-09-08 09:30,70.48,70.95,70.269,70.49001,12440613
1284039000,2010-09-09 09:30,71.02,71.16,70.24001,70.78,8317730
1284125400,2010-09-10 09:30,71.10001,71.16,70.64999,70.91,7420355
1284384600,2010-09-13 09:30,71.91,72.97,71.88,72.84,15692953
1284471000,2010-09-14 09:30,72.91,73.27,72.33,72.64999,14866633
1284557400,2010-09-15 09:30,72.00011,72.42,71.53999,72.33,13902688
1284643800,2010-09-16 09:30,72.24001,72.52,72,72.42999,10656758
1284730200,2010-09-17 09:30,72.41,72.71001,71.58,71.78,11117414
1284989400,2010-09-20 09:30,72.03,72.62,71.55,72.46001,14799137
1285075800,2010-09-21 09:30,72.25,72.89,71.66,72.88,20596320
1285162200,2010-09-22 09:30,73.19,73.92999,72.64999,73.39999,28158896
1285248600,2010-09-23 09:30,73.13,75.07001,72.91,74.17999,28527248
1285335000,2010-09-24 09:30,74.67,75.25,73.5701,73.89999,19573024
1285594200,2010-09-27 09:30,73.97,74.73,73.42,74.39,18179616
1285680600,2010-09-28 09:30,74.81,75.5,73.85001,75.39999,24462624
1285767000,2010-09-29 09:30,75.39999,76.46001,75.27,76.14999,29916528
1285853400,2010-09-30 09:30,76.95,77.13,76.10001,76.948,21116048
1285939800,2010-10-01 09:30,77.98,78.33,76.948,78.12,16773387
1286199000,2010-10-04 09:30,77.97,78.34,77.46001,78.16,16762336
1286285400,2010-10-05 09:30,78.56,79.95,78.3,79.67999,25501296
1286371800,2010-10-06 09:30,79.49001,79.64999,78.35001,78.64,19436256
1286458200,2010-10-07 09:30,79.10001,79.21001,76.89,77.58,18887152
1286544600,2010-10-08 09:30,77.75999,79.41,77.64999,79.03,13632227
1286803800,2010-10-11 09:30,79.4901,79.99001,79.19501,79.3,8337301
1286890200,2010-10-12 09:30,78.8311,79.42,78.08501,79.10001,12636348
1286976600,2010-10-13 09:30,80.19,81.3,80.06,80.92,14763199
1287063000,2010-10-14 09:30,80.60001,81.2101,80.2,80.5275,16466348
1287149400,2010-10-15 09:30,81.17999,81.24001,79.97,80.39999,17042304
1287408600,2010-10-18 09:30,79.8992,80.99001,79.78999,80.07001,12730555
1287495000,2010-10-19 09:30,78.12,78.75999,77.03,77.64999,25719744
1287581400,2010-10-20 09:30,77.95,79.13,77.84,78.44,19476256
1287667800,2010-10-21 09:30,78.2,78.8,75.89999,76.675,26005392
1287754200,2010-10-22 09:30,77.5,77.53,75.7,76.10001,18335504
1288013400,2010-10-25 09:30,76.9306,77.52,76.52499,76.8,12324492
1288099800,2010-10-26 09:30,76.42999,78.07001,76.38,77.74001,12520836
1288186200,2010-10-27 09:30,77.28,77.32001,75.75,76.24001,19315600
1288272600,2010-10-28 09:30,77,77.33,75.96001,76.674,11072918
1288359000,2010-10-29 09:30,76.92999,77.24001,76.67999,77.03999,12640504
1288618200,2010-11-01 09:30,77.44,78.7294,77.39999,78.03,15263734
1288704600,2010-11-02 09:30,79.14,79.49001,78.35001,79.23,11606844
1288791000,2010-11-03 09:30,79.32001,79.45,78.24001,79.38,15045180
1288877400,2010-11-04 09:30,80.34,81.765,80.33,81.58,16522715
1288963800,2010-11-05 09:30,81.41,81.5701,80.53,81.16,11470066
1289226600,2010-11-08 09:30,80.3,81.13,80.07001,80.82001,8554656
1289313000,2010-11-09 09:30,81.10001,81.24001,78.42999,79.13,13044863
1289399400,2010-11-10 09:30,79.17999,79.44,77.73,78.88,13580297
1289485800,2010-11-11 09:30,77.94,78.35001,77.63,77.96001,10192348
1289572200,2010-11-12 09:30,77.10001,77.91,76.02,76.75,16465941
1289831400,2010-11-15 09:30,77.33,77.78,76.8,76.91,7385449
1289917800,2010-11-16 09:30,75.8,76.02,73.95,74.8,24651440
1290004200,2010-11-17 09:30,75.28,76.0271,74.85001,75.08,11631008
1290090600,2010-11-18 09:30,76.62,77.42999,76.42,77.2,15278879
1290177000,2010-11-19 09:30,76.89,77.39,76.31,77.25999,10671934
1290436200,2010-11-22 09:30,76.41,76.98,75.36,76.31,10858262
1290522600,2010-11-23 09:30,74.53999,74.88,73.66,74.12,17772624
1290609000,2010-11-24 09:30,75.46001,76.31,75.36,75.94,12711641
1290781800,2010-11-26 09:30,74.42,75.19501,74.27,74.81,6878031
1291041000,2010-11-29 09:30,74.35001,75.35001,73.2,75.32001,18488592
1291127400,2010-11-30 09:30,74.28,75.62,74,74.85001,19170816
1291213800,2010-12-01 09:30,76.21001,76.89999,75.77,76.56,13936883
1291300200,2010-12-02 09:30,76.87,77.57001,76.78,77.42999,16094738
1291386600,2010-12-03 09:30,76.92999,78.32001,76.77,78.14999,13465949
1291645800,2010-12-06 09:30,77.77,78.05,77.49001,77.69,11804051
1291732200,2010-12-07 09:30,79.08,79.16,76.71001,76.89999,14166602
1291818600,2010-12-08 09:30,76.86,77.21001,75.59,75.89999,14905027
1291905000,2010-12-09 09:30,76.11,76.19,74.53,74.96001,17998736
1291991400,2010-12-10 09:30,74.98,75.64999,74.63,75.63,12257742
1292250600,2010-12-13 09:30,76.25,77.2119,76.00999,76.84,13668473
1292337000,2010-12-14 09:30,76.37,77.17999,76.27,76.91,12489086
1292423400,2010-12-15 09:30,76.10001,76.38,75.2,75.31,13276859
1292509800,2010-12-16 09:30,75.60001,75.81,74.96001,75.31,11960109
1292596200,2010-12-17 09:30,74.95,75.73,74.8,75.69,13289344
1292855400,2010-12-20 09:30,75.62,75.73,74.5,74.92999,18899760
1292941800,2010-12-21 09:30,73.4101,74.4227,73.4101,73.84,13257863
1293028200,2010-12-22 09:30,73.64999,74.62,73.315,74.59,7527344
1293114600,2010-12-23 09:30,74,74.71001,73.85001,74.5,7217602
1293460200,2010-12-27 09:30,74,74.25999,73.75999,74.03999,5616234
1293546600,2010-12-28 09:30,74.17,74.27499,73.67,74.12,6243430
1293633000,2010-12-29 09:30,74.42,75.99001,74.38,75.92,10437824
1293719400,2010-12-30 09:30,76.37,77.02,75.39999,76.98,11290996
1293805800,2010-12-31 09:30,76.82001,77.69,76.47,77.39999,5138754
1294065000,2011-01-03 09:30,77.92,78.64999,77.88,78.12,20403008
1294151400,2011-01-04 09:30,77.96001,78.48,76.82001,78.47,15588203
1294237800,2011-01-05 09:30,77.61,78.64,77.55,77.55,23165664
1294324200,2011-01-06 09:30,77.47,77.67,76.58,76.78,13912629
1294410600,2011-01-07 09:30,77.14999,77.24001,75.56,76.08,15535746
1294669800,2011-01-10 09:30,75.64999,75.78999,75.19,75.31,17291392
1294756200,2011-01-11 09:30,76.21001,77.09,76,76.92999,16840496
1294842600,2011-01-12 09:30,77.60001,79.08949,77.56,78.64,20668608
1294929000,2011-01-13 09:30,78.73,78.98,77.08,77.39999,10706977
1295015400,2011-01-14 09:30,76.96001,77.61,76.87,77.39999,7535559
1295361000,2011-01-18 09:30,77.78999,78.02,77.41,77.84,8855266
1295447400,2011-01-19 09:30,77.84,77.88,76.36,76.88,13372113
1295533800,2011-01-20 09:30,76.32001,76.42,75.17,75.85001,14580980
1295620200,2011-01-21 09:30,76.39999,76.44,74.925,74.99001,15494555
1295879400,2011-01-24 09:30,75.08,75.99001,74.88,75.99001,11008500
1295965800,2011-01-25 09:30,75.73,75.73,74.56,75.25,9645613
1296052200,2011-01-26 09:30,75.97,75.98,74.96001,75.27,11373156
1296138600,2011-01-27 09:30,75.3,75.5701,74,74.14,14853055
1296225000,2011-01-28 09:30,74.10001,74.10001,71.28999,72.55,26181248
1296484200,2011-01-31 09:30,73,73.64,72.73,73.2,16662699
1296570600,2011-02-01 09:30,74,74.95,73.91,74.67999,13373902
1296657000,2011-02-02 09:30,74.52,74.92999,73.16,73.38,15492324
1296743400,2011-02-03 09:30,73.34,73.58,72.57001,73.3,13201535
1296829800,2011-02-04 09:30,72.7,72.78999,71.25999,72.05,16996448
1297089000,2011-02-07 09:30,71.41,72.31,71.3,71.32001,15378965
1297175400,2011-02-08 09:30,72.36,72.49001,71.59,72.36,15603270
1297261800,2011-02-09 09:30,71.42999,71.7,70.14,70.38,18135424
1297348200,2011-02-10 09:30,70.33,76.6304,70.10001,70.22,16355527
1297434600,2011-02-11 09:30,70.50999,72.10001,70.12,71.89999,18442208
1297693800,2011-02-14 09:30,71.53999,72.89,71.53,72.63,11954098
1297780200,2011-02-15 09:30,72.36,73.19,72.36,72.72,9700898
1297866600,2011-02-16 09:30,73.13,73.89,72.78,73.87,15792758
1297953000,2011-02-17 09:30,73.59,74.53999,73.39999,74.269,12753070
1298039400,2011-02-18 09:30,74.16,74.88,74,74.82001,11955215
1298385000,2011-02-22 09:30,73.28999,74.23,72.42999,72.56,18924144
1298471400,2011-02-23 09:30,72.44,73.63,72.10001,73.2,17132096
1298557800,2011-02-24 09:30,73.96001,73.97,73.10001,73.8,15260891
1298644200,2011-02-25 09:30,74.1503,74.39,73.22,73.89,14440398
1298903400,2011-02-28 09:30,74.14,74.66,73.57001,74.27,10627066
1298989800,2011-03-01 09:30,74.61,74.7,73.08,73.129,9670063
1299076200,2011-03-02 09:30,73.11,74.82001,73.10001,74.34,14982160
1299162600,2011-03-03 09:30,75.19,75.58,74.50999,75.47501,12848801
1299249000,2011-03-04 09:30,75.60001,76.02,74.965,75.71001,12931477
1299508200,2011-03-07 09:30,75.85001,75.98,74.00999,74.791,11761887
1299594600,2011-03-08 09:30,74.75999,75.31,73.7,74.84,7303402
1299681000,2011-03-09 09:30,74.61,75.22,74.34,74.48,8538785
1299767400,2011-03-10 09:30,73.35001,73.5,72.25999,72.53999,14277871
1299853800,2011-03-11 09:30,72.1799,73.81,72.02,73.14,17810400
1300109400,2011-03-14 09:30,72.82001,74.13,72.71001,73.99001,9977762
1300195800,2011-03-15 09:30,71.37,73.61,71.22,73.22,20876192
1300282200,2011-03-16 09:30,73.48,73.75999,70.97,71.77,24908496
1300368600,2011-03-17 09:30,72.60001,72.84,71.38,71.92999,17685040
1300455000,2011-03-18 09:30,73.03,73.44,72.78,73.3,17285808
1300714200,2011-03-21 09:30,74.14999,74.19,73.48,73.59,10741332
1300800600,2011-03-22 09:30,73.83,74.91,73.62,74.71001,11219762
1300887000,2011-03-23 09:30,74.78,75.39,74.44,75.23,14500180
1300973400,2011-03-24 09:30,75.47,75.63,74.78999,75.2,10080223
1301059800,2011-03-25 09:30,75.22,75.99001,74.98,75.25999,12158789
1301319000,2011-03-28 09:30,75.00999,75.75999,74.37,74.44,11290094
1301405400,2011-03-29 09:30,74.81,75.64999,74.39999,75.23,11116492
1301491800,2011-03-30 09:30,76.03999,76.95,75.88,76.72,12267926
1301578200,2011-03-31 09:30,77.27,77.88,77.24001,77.50999,11242215
1301664600,2011-04-01 09:30,78.5,79.37,78.07001,79.22,16073117
1301923800,2011-04-04 09:30,79.53999,79.82001,79.02499,79.78,11202633
1302010200,2011-04-05 09:30,79.45,80.08,79.23,79.50999,11900078
1302096600,2011-04-06 09:30,80.09,80.10001,78.53999,78.66,12435172
1302183000,2011-04-07 09:30,79.42,79.89999,78.98,79.38,14042582
1302269400,2011-04-08 09:30,80.10001,80.23,79.14,79.61,11345195
1302528600,2011-04-11 09:30,79.46001,79.709,78.31,78.47,8454227
1302615000,2011-04-12 09:30,77.8201,77.92,76.33,76.67999,18672256
1302701400,2011-04-13 09:30,77.37,77.44,75.55,76.27,19280512
1302787800,2011-04-14 09:30,76.14999,77.2,76.02,76.5,11838688
1302874200,2011-04-15 09:30,76.96001,77.27,76.14999,77.11,11630352
1303133400,2011-04-18 09:30,75.71001,75.83,74.55,75.62,15771359
1303219800,2011-04-19 09:30,76.31,77.0701,76.2,76.64999,12206926
1303306200,2011-04-20 09:30,78.03,78.19,77.34,78.03999,11645793
1303392600,2011-04-21 09:30,78.74001,78.87,77.95,78.60001,4349141
1303738200,2011-04-25 09:30,78.22,78.56,77.7,78.17,8299102
1303824600,2011-04-26 09:30,78.2,78.98,77.98,78.83,9005219
1303911000,2011-04-27 09:30,78.92999,78.95,77.10001,77.89,13078262
1303997400,2011-04-28 09:30,76.39,76.96001,76.00999,76.84,19074384
1304083800,2011-04-29 09:30,76.91,78.8111,76.89999,77.72,9596926
1304343000,2011-05-02 09:30,77.85001,77.89,76.53999,76.78,10637672
1304429400,2011-05-03 09:30,75.86,76.25,74.92999,75.23,15514621
1304515800,2011-05-04 09:30,75.55009,75.57001,73.25,73.38,20420000
1304602200,2011-05-05 09:30,73.36,74.09,72.09,72.85001,21988832
1304688600,2011-05-06 09:30,74.34,74.89999,73.13,74.02,20505408
1304947800,2011-05-09 09:30,74.11,74.42999,73.16,74.3,12005508
1305034200,2011-05-10 09:30,74.5601,75.16,74.33,74.99001,9495273
1305120600,2011-05-11 09:30,74.03,74.03999,72.71001,73.05,16753340
1305207000,2011-05-12 09:30,72.45,73.62,71.87,73.11,16664715
1305293400,2011-05-13 09:30,72.95,72.98,71.07001,71.58,16619563
1305552600,2011-05-16 09:30,71.27,72.83,71.16,71.56,12556051
1305639000,2011-05-17 09:30,71.11,72.78,70.83,72.74001,20024560
1305725400,2011-05-18 09:30,72.95,73.61,72.39999,72.75,14880090
1305811800,2011-05-19 09:30,72.86,73.13,71.67999,71.91,13965410
1305898200,2011-05-20 09:30,71.99001,72.67999,71.35001,71.92999,14076719
1306157400,2011-05-23 09:30,70.34,71.3401,70.19,70.94,16136609
1306243800,2011-05-24 09:30,71.85001,72.41,71.67999,72.17,9181805
1306330200,2011-05-25 09:30,71.81,72.69,71.74001,72.07001,9944898
1306416600,2011-05-26 09:30,72.63,73.44,72.10001,73.41,10504613
1306503000,2011-05-27 09:30,73.98,74.75,73.89999,74.34,12709305
1306848600,2011-05-31 09:30,75.25999,75.34,74.21001,75.22,15201133
1306935000,2011-06-01 09:30,74.92999,75.12,73.52,73.64999,13138988
1307021400,2011-06-02 09:30,73.92999,74.85001,73.49001,74.64999,16537309
1307107800,2011-06-03 09:30,74.05,75.64,73.94501,74.89999,13695133
1307367000,2011-06-06 09:30,74.5,74.7,72.78,73.09,17476704
1307453400,2011-06-07 09:30,73.64999,74.14999,73.22,73.31,12384184
1307539800,2011-06-08 09:30,73.28999,73.62,72.58,73.00999,11550086
1307626200,2011-06-09 09:30,72.95,73.87,72.63,73.39999,11225988
1307712600,2011-06-10 09:30,73.08,73.09,71.89999,72.17,11846359
1307971800,2011-06-13 09:30,72.41,72.84,71.69,71.91,15970039
1308058200,2011-06-14 09:30,72.39999,73.08,72.34,72.67999,13493805
1308144600,2011-06-15 09:30,71.74001,72.17,71.12,71.45,19203808
1308231000,2011-06-16 09:30,70.99001,71.70621,69.87,70.57001,17939728
1308317400,2011-06-17 09:30,71.28,71.37,70.36,70.89,17667632
1308576600,2011-06-20 09:30,70.81,71.53999,70.7,71.25,12856621
1308663000,2011-06-21 09:30,71.42999,72.03999,71.3,71.73,12053504
1308749400,2011-06-22 09:30,70.59,71.52,70.59,70.75,13129160
1308835800,2011-06-23 09:30,69.61,70.24001,69.03999,69.82001,15026559
1308922200,2011-06-24 09:30,70.55,70.60001,69.56,69.57001,10100945
1309181400,2011-06-27 09:30,69.44,70.59,69.33,70.429,8318484
1309267800,2011-06-28 09:30,70.53,72.27,70.49001,72.27,12962246
1309354200,2011-06-29 09:30,72.27,72.95,71.78999,72.85001,11659277
1309440600,2011-06-30 09:30,73.36,73.46001,72.92,73.35001,10406785
1309527000,2011-07-01 09:30,73.25999,74.64999,72.89999,74.16,14815375
1309872600,2011-07-05 09:30,74.33,74.45,73.64999,73.89,11000219
1309959000,2011-07-06 09:30,73.34,73.62,72.83,73.24001,12059824
1310045400,2011-07-07 09:30,73.92,74.22,73.3026,73.5,13649730
1310131800,2011-07-08 09:30,72.67,72.86,71.73,72.14999,23231088
1310391000,2011-07-11 09:30,70.74001,70.94,69.96001,70.05,14295160
1310477400,2011-07-12 09:30,70.14999,70.72,69.42,69.45,15521652
1310563800,2011-07-13 09:30,70.06,71.22,69.67999,70.63,15443469
1310650200,2011-07-14 09:30,70.84,70.84,69.23,69.53999,14351793
1310736600,2011-07-15 09:30,70,70.11,69.05,69.60001,10383535
1310995800,2011-07-18 09:30,68.75,69.08,68.22,68.78999,11133129
1311082200,2011-07-19 09:30,69.41,69.89999,68.95,69.57001,10294301
1311168600,2011-07-20 09:30,70.03999,70.17,69.38,69.67999,9182113
1311255000,2011-07-21 09:30,70.33,71.42999,70.27,71.02,17020464
1311341400,2011-07-22 09:30,71.36,71.60001,70.75999,71.34,10274801
1311600600,2011-07-25 09:30,70.97,71.98,70.82001,71.57001,14143867
1311687000,2011-07-26 09:30,71.72,72.19,71.19,71.75,14222891
1311773400,2011-07-27 09:30,70.41,70.73,69.39,70.17999,26775808
1311859800,2011-07-28 09:30,69.89999,70.5,69.55,69.74001,14961211
1311946200,2011-07-29 09:30,69.61,70.59,69.12,70.57001,11374441
1312205400,2011-08-01 09:30,71.46001,71.46001,69.28999,70.10001,14381688
1312291800,2011-08-02 09:30,69.5,69.64999,67.94,68.12,17072880
1312378200,2011-08-03 09:30,67.74001,67.97,65.74001,66.96001,22586912
1312464600,2011-08-04 09:30,64.92999,65.53,62.39,62.47,42815232
1312551000,2011-08-05 09:30,63.46001,63.99001,60.24001,62.83,37180032
1312810200,2011-08-08 09:30,59.48,60.28,55.97,57,39261088
1312896600,2011-08-09 09:30,57.99001,59.74001,55.95,59.57001,35431552
1312983000,2011-08-10 09:30,58.10001,60.07001,57.07001,57.84,34505488
1313069400,2011-08-11 09:30,59.42,61.36,58.03999,60.63,24633600
1313155800,2011-08-12 09:30,61.06,61.73,60.24001,61.35001,15106391
1313415000,2011-08-15 09:30,62.41,63.49001,62.405,63.12,15653664
1313501400,2011-08-16 09:30,62.36,63.03999,61.75,62.66,16694039
1313587800,2011-08-17 09:30,63.35001,63.95,62.69,63.91,12905250
1313674200,2011-08-18 09:30,61.27,61.41,59.89,61.2,27835776
1313760600,2011-08-19 09:30,60.63,62.10001,60.13,60.31,20106256
1314019800,2011-08-22 09:30,61.62,61.78999,59.84,60.14999,11374102
1314106200,2011-08-23 09:30,60.03,61.53999,59.22,61.47701,24075648
1314192600,2011-08-24 09:30,61.07001,62.00999,60.28999,61.21001,16512488
1314279000,2011-08-25 09:30,61.21001,61.59,59.89999,60.50999,19170976
1314365400,2011-08-26 09:30,60.42,61.61,59.33,61.32001,18031984
1314624600,2011-08-29 09:30,62.3,63.52,62.14,63.25,10220328
1314711000,2011-08-30 09:30,62.86,64.49001,62.67,64.14,13776484
1314797400,2011-08-31 09:30,64.75999,65.52,64.5,65.5,21494864
1314883800,2011-09-01 09:30,66.05,66.75,65.75999,65.91,27286208
1314970200,2011-09-02 09:30,64.19,64.33,62.73,63.86,20654144
1315315800,2011-09-06 09:30,60.53999,62.94,60.46001,62.92999,19762720
1315402200,2011-09-07 09:30,63.8,64.86,63.13,64.50999,10164063
1315488600,2011-09-08 09:30,63.46001,64.45,63.32001,63.72,12789461
1315575000,2011-09-09 09:30,62.07001,62.19,60.57001,60.97,20436608
1315834200,2011-09-12 09:30,59.99001,60.7,58.2,59.99001,25149248
1315920600,2011-09-13 09:30,60.32001,60.41,59.19,59.86,18264240
1316007000,2011-09-14 09:30,60.00999,60.86,58.34,60.37,18150928
1316093400,2011-09-15 09:30,61.53999,61.91,60.42,60.92,12417613
1316179800,2011-09-16 09:30,61.19,61.39999,60.46001,60.95,13198855
1316439000,2011-09-19 09:30,58.89,59.595,58.05,59.44,13844102
1316525400,2011-09-20 09:30,58.97,59.74001,58.34,58.77,13951535
1316611800,2011-09-21 09:30,58.07001,58.39999,56.07001,56.2,20864080
1316698200,2011-09-22 09:30,52.97,54.42149,51.64999,52.39,41354368
1316784600,2011-09-23 09:30,52.44,53.75,52.25,53.60001,25236800
1317043800,2011-09-26 09:30,53.815,54.64999,51.99001,54.49001,21423856
1317130200,2011-09-27 09:30,56.05,56.75999,55.42,55.60001,16754504
1317216600,2011-09-28 09:30,55.42999,56.21001,53.99001,54.17,16197211
1317303000,2011-09-29 09:30,54.97,55.44,53.16499,54.03,17292032
1317389400,2011-09-30 09:30,53.08,53.5,51.7,52.00999,18125472
1317648600,2011-10-03 09:30,51.84,52.35001,50.71001,50.89,20254864
1317735000,2011-10-04 09:30,50.28999,51.12,49.25,50.97,31256096
1317821400,2011-10-05 09:30,51.39999,52.46001,50.88,52.19,26889808
1317907800,2011-10-06 09:30,53.17,54.97,53.02,54.795,23901440
1317994200,2011-10-07 09:30,55.81,56.00999,53.52,54.03999,21586896
1318253400,2011-10-10 09:30,55.64,56.57001,55.52,56.14999,21319392
1318339800,2011-10-11 09:30,55.72,57.39999,55.59,56.72,16815520
1318426200,2011-10-12 09:30,57.55,59.42999,57.46001,58.32001,18105312
1318512600,2011-10-13 09:30,57.69,57.98,56.61,57.78999,22618256
1318599000,2011-10-14 09:30,58.77,59.06,58.07001,58.78999,16080754
1318858200,2011-10-17 09:30,57.99001,58.14999,56.46001,56.48,17024192
1318944600,2011-10-18 09:30,56.49001,58.38,55.72,58,21598832
1319031000,2011-10-19 09:30,57.38,58.12,56.85001,57.38,16335766
1319117400,2011-10-20 09:30,56.82001,56.98,54.96001,56.28999,21869440
1319203800,2011-10-21 09:30,56.94,57.95,56.94,57.55,17034480
1319463000,2011-10-24 09:30,57.77,60.07001,57.6898,59.86,25630112
1319549400,2011-10-25 09:30,59.56,59.64999,58.05,58.67,19507904
1319635800,2011-10-26 09:30,59.8,60.07001,58.49001,59.64,25748624
1319722200,2011-10-27 09:30,62.55,64.13,62.13,63.14,28898160
1319808600,2011-10-28 09:30,62.67999,64.53,62.62,64.50999,20484816
1320067800,2011-10-31 09:30,63.53,63.62,62.33,62.37,15609988
1320154200,2011-11-01 09:30,59.08,61.19,58.88,60.56,30111728
1320240600,2011-11-02 09:30,61.77,62.38,61.14,61.78999,12944117
1320327000,2011-11-03 09:30,62.37,62.39999,61.32001,61.97,15554723
1320413400,2011-11-04 09:30,61.59,62.23,60.72,62.03,10638613
1320676200,2011-11-07 09:30,62.39,62.88,62.09,62.49001,11976242
1320762600,2011-11-08 09:30,62.66,63.27901,61.99001,63.24001,12195414
1320849000,2011-11-09 09:30,61.05,61.28,59.64,59.99001,17763920
1320935400,2011-11-10 09:30,61.31,61.44,59.86,60.39999,13150242
1321021800,2011-11-11 09:30,61.31,62.23,61.2,61.75999,10263852
1321281000,2011-11-14 09:30,61.28,61.41,60.60001,61.02,11439570
1321367400,2011-11-15 09:30,60.71001,61.86,60.42999,61.35001,8480621
1321453800,2011-11-16 09:30,60.48,61.63,60.3,60.42999,10491648
1321540200,2011-11-17 09:30,60.83,61.13,58.81,59.19,19133296
1321626600,2011-11-18 09:30,59.62,59.63,58.50999,59.05,13321938
1321885800,2011-11-21 09:30,57.7,58.12,56.66,57.78,17152832
1321972200,2011-11-22 09:30,57.50999,57.985,56.5,57.14999,13062230
1322058600,2011-11-23 09:30,55.98,55.98,54.7,54.99001,14198516
1322231400,2011-11-25 09:30,54.39999,55.17999,54.00999,54.3,10864875
1322490600,2011-11-28 09:30,56.12,56.52,55.86,56.39,20630064
1322577000,2011-11-29 09:30,55.94,57.03,55.58,55.78999,19094816
1322663400,2011-11-30 09:30,59.09,59.36,58.16,59.02,21725280
1322749800,2011-12-01 09:30,59.8,60.66,59.75,59.88,16258016
1322836200,2011-12-02 09:30,61.05,61.09,59.855,60.00999,14533598
1323095400,2011-12-05 09:30,61.42999,61.73,61.02,61.48,17715584
1323181800,2011-12-06 09:30,60.91,61.82001,60.57001,61.36,12630051
1323268200,2011-12-07 09:30,61.13,61.4301,60.58,61.12,14650449
1323354600,2011-12-08 09:30,60.00031,60.36,58.63,58.86,22448704
1323441000,2011-12-09 09:30,59.19,60.47,59.12,60.3,17460560
1323700200,2011-12-12 09:30,59.09,59.09,57.74001,58.48,18274240
1323786600,2011-12-13 09:30,58.72,59.09,57.2,57.64999,27363632
1323873000,2011-12-14 09:30,57.2,57.465,56.32001,56.55,22889232
1323959400,2011-12-15 09:30,57.67999,57.86,56.48,56.59,14270379
1324045800,2011-12-16 09:30,57.17,57.455,56.4261,56.94,16766871
1324305000,2011-12-19 09:30,56.67,56.84,55.57001,55.69,15165789
1324391400,2011-12-20 09:30,57.00999,57.84,56.97,57.53999,17782752
1324477800,2011-12-21 09:30,56.97,57.5,56.39999,57.38,11505758
1324564200,2011-12-22 09:30,57.28999,58.23,57.11,57.985,12376359
1324650600,2011-12-23 09:30,58.14999,58.36,57.78,58.33,6284063
1324996200,2011-12-27 09:30,58.10001,58.37,58.03,58.12,3671140
1325082600,2011-12-28 09:30,57.64999,57.66,56.36,56.55,14468660
1325169000,2011-12-29 09:30,56.83,57.05,56.395,56.92,7490586
1325255400,2011-12-30 09:30,57,57.60001,56.95,57.39,4083564
1325601000,2012-01-03 09:30,59.1001,60.105,59.06,59.7,20052416
1325687400,2012-01-04 09:30,59.58,60.47,59.56,59.92,11113129
1325773800,2012-01-05 09:30,59.44,59.52,58.575,59.11,11539109
1325860200,2012-01-06 09:30,59.50999,59.50999,58.39999,58.52,9808355
1326119400,2012-01-09 09:30,59.32001,59.85001,59,59.75,11339598
1326205800,2012-01-10 09:30,61.27,61.57001,60.89,60.98,17726784
1326292200,2012-01-11 09:30,60.87,61.53999,60.78,61.33,13344840
1326378600,2012-01-12 09:30,61.59,62.25,61.42999,62.13,12478039
1326465000,2012-01-13 09:30,60.84,61.42,60.36,61.35001,14258023
1326810600,2012-01-17 09:30,62.94,63.21001,62.50999,62.81,18554896
1326897000,2012-01-18 09:30,63.27,64.715,63.10001,64.61,20713184
1326983400,2012-01-19 09:30,64.57001,65.03,64.44,64.8,20351680
1327069800,2012-01-20 09:30,64.71001,65.11,64.36,65.05,18970864
1327329000,2012-01-23 09:30,64.85001,65.84599,64.8,65.50999,24059296
1327415400,2012-01-24 09:30,64.74001,65.67,64.39,65.56,13531242
1327501800,2012-01-25 09:30,64.99001,66.96001,64.92,66.85001,13578590
1327588200,2012-01-26 09:30,66.83,67.24001,65.66,65.91,23445440
1327674600,2012-01-27 09:30,65.82001,66.42999,65.72,66.07001,13095746
1327933800,2012-01-30 09:30,64.92,65.63,64.53,65.41,14084258
1328020200,2012-01-31 09:30,66.12,66.31,65.12,65.60001,12235602
1328106600,2012-02-01 09:30,66.59,67.73,66.55,67.34,16351332
1328193000,2012-02-02 09:30,67.75,68.11,67.38,67.78999,15097555
1328279400,2012-02-03 09:30,68.56,68.83501,68.21001,68.27,15846207
1328538600,2012-02-06 09:30,67.92,68.52,67.73,68.13,10129152
1328625000,2012-02-07 09:30,68.5,69.11,67.85001,68.89,15713367
1328711400,2012-02-08 09:30,69.32001,69.64999,68.77,68.92999,12967273
1328797800,2012-02-09 09:30,68.87,68.89999,68.2001,68.82001,13826441
1328884200,2012-02-10 09:30,67.41,67.41,66.74001,67.39,17663040
1329143400,2012-02-13 09:30,68.34,68.91,67.92,68.77,11901547
1329229800,2012-02-14 09:30,68.24001,68.46001,67.17,67.77,12345047
1329316200,2012-02-15 09:30,68.22,68.25999,67,67.31,17902976
1329402600,2012-02-16 09:30,67,68.57001,66.74001,68.47,15279309
1329489000,2012-02-17 09:30,68.8,68.89,68.28999,68.74001,10912781
1329834600,2012-02-21 09:30,69.05499,69.27,68.325,68.645,8690988
1329921000,2012-02-22 09:30,68.8,69.13,68.4799,68.75,12713336
1330007400,2012-02-23 09:30,68.89,69,68.22,68.67999,11376266
1330093800,2012-02-24 09:30,69.12,69.62,69.03999,69.3,11622527
1330353000,2012-02-27 09:30,68.71001,69.06,68.44,68.71001,10338516
1330439400,2012-02-28 09:30,69.41,70.12,69.045,70.07001,16569176
1330525800,2012-02-29 09:30,70.05,70.53999,68.86,69.1799,23969728
1330612200,2012-03-01 09:30,69.59,70.58,69.59,70.42,16558301
1330698600,2012-03-02 09:30,70.31,70.74001,69.94,70.3,11225992
1330957800,2012-03-05 09:30,70.03,70.07001,68.89999,68.99001,20118800
1331044200,2012-03-06 09:30,67.37,67.42,66.11,66.61,25284080
1331130600,2012-03-07 09:30,66.35001,67.31,66.31,67.08,14010980
1331217000,2012-03-08 09:30,67.92999,68.3,67.38,68.02,13493480
1331303400,2012-03-09 09:30,67.55,68.08,67.07001,67.25999,12195395
1331559000,2012-03-12 09:30,66.16,66.53999,65.45,66.27,15289430
1331645400,2012-03-13 09:30,66.31,68.24001,66.16,68.16,19180864
1331731800,2012-03-14 09:30,67.81,68.25,67.08,67.82001,21256048
1331818200,2012-03-15 09:30,68.02,68.10001,67.44,67.66,13589813
1331904600,2012-03-16 09:30,67.6398,67.99001,67.38,67.56,19251696
1332163800,2012-03-19 09:30,67.22,68.05499,67.22,67.49001,10718738
1332250200,2012-03-20 09:30,66.22,66.67,65.92999,66.57001,12323598
1332336600,2012-03-21 09:30,66.50999,66.73,65.87,66.56,12328871
1332423000,2012-03-22 09:30,65.74001,65.86,65.14,65.41,13797508
1332509400,2012-03-23 09:30,65.58,66.08,65.19,65.81,11248371
1332768600,2012-03-26 09:30,66.36,66.98,66.22,66.91,11109688
1332855000,2012-03-27 09:30,66.87,67.22,66.22,66.36,11213707
1332941400,2012-03-28 09:30,66.14,66.17,64.77499,64.92,19892032
1333027800,2012-03-29 09:30,64.17999,64.92999,63.75,64.88,12808406
1333114200,2012-03-30 09:30,65.37,65.38,64.46001,64.66,11481336
1333373400,2012-04-02 09:30,64.47,65.78,64.25999,65.38,8464598
1333459800,2012-04-03 09:30,65.55,65.69,64.2,64.75,12733496
1333546200,2012-04-04 09:30,63.92,64.14,63.3652,63.58,12203105
1333632600,2012-04-05 09:30,63.28999,63.99001,63.09,63.57001,9563449
1333978200,2012-04-09 09:30,62.60001,63.3,62.44,63.08,10338715
1334064600,2012-04-10 09:30,62.7,62.84,61.34,61.85001,20354720
1334151000,2012-04-11 09:30,62.545,62.67,61.72,61.88,10212676
1334237400,2012-04-12 09:30,62.23,63.66,62.17999,63.62,14643207
1334323800,2012-04-13 09:30,63.13,63.5,62.19,62.5,13628832
1334583000,2012-04-16 09:30,63.11,63.17,61.75,62.10001,17688928
1334669400,2012-04-17 09:30,62.41,62.81,61.91,62.25999,15308676
1334755800,2012-04-18 09:30,61.63,62.35001,61.5,61.92,13542813
1334842200,2012-04-19 09:30,61.72,62.00999,61.05,61.57001,13125648
1334928600,2012-04-20 09:30,62.10001,62.64,61.96001,62.13,11932641
1335187800,2012-04-23 09:30,60.84,61.03999,60.17999,60.83,17006176
1335274200,2012-04-24 09:30,61.14999,61.38,60.95,61.16,10159059
1335360600,2012-04-25 09:30,61.53999,61.57001,60.23,60.67999,17126432
1335447000,2012-04-26 09:30,60.14,61.12,60.05,60.97,11612582
1335533400,2012-04-27 09:30,61.17999,61.25999,60.62,60.8,10251871
1335792600,2012-04-30 09:30,60.87,60.89,60.03,60.255,9166758
1335879000,2012-05-01 09:30,60.14,61.11,60.14,60.60001,6152914
1335965400,2012-05-02 09:30,60.32001,60.58,60.02,60.31,15466949
1336051800,2012-05-03 09:30,60.28999,60.37,59.32001,60.03,12437586
1336138200,2012-05-04 09:30,59.96001,60.00999,58.35001,58.59,18236496
1336397400,2012-05-07 09:30,58.25999,59.07001,58.03,58.85001,12979531
1336483800,2012-05-08 09:30,58.23,58.27,57.28,57.63,17718528
1336570200,2012-05-09 09:30,56.48,57.24001,56.09,56.75,17450368
1336656600,2012-05-10 09:30,57.36,57.69,56.91,57.10001,14057746
1336743000,2012-05-11 09:30,56.5,57.75999,56.39999,56.53,15681859
1337002200,2012-05-14 09:30,54.98,55.08,54.22,54.25,25455168
1337088600,2012-05-15 09:30,54.22,54.83,53.12,53.2,19615456
1337175000,2012-05-16 09:30,54.55,54.57001,52.53999,53.10001,25537360
1337261400,2012-05-17 09:30,53.00999,53.16,51.42,51.56,27080224
1337347800,2012-05-18 09:30,51.82001,52.03,50.75999,51.53999,28952960
1337607000,2012-05-21 09:30,51.45,52.75999,51.42999,52.61,17106064
1337693400,2012-05-22 09:30,52.25,53,50.87,51.14999,27974928
1337779800,2012-05-23 09:30,51,51.35001,49.56,51.22,31080288
1337866200,2012-05-24 09:30,51.49001,51.52,50.2,51.12,20946624
1337952600,2012-05-25 09:30,51.38,52.42,51.17999,52.13901,23910448
1338298200,2012-05-29 09:30,53.25999,53.34,52.23,52.66,20037104
1338384600,2012-05-30 09:30,51.17999,51.78999,51.132,51.53999,18660304
1338471000,2012-05-31 09:30,51.31,52.24001,50.61,52.03999,20340800
1338557400,2012-06-01 09:30,50.85001,51.60001,50.66,50.74001,18612048
1338816600,2012-06-04 09:30,50.85001,51.3,50.5,50.61,15084898
1338903000,2012-06-05 09:30,51.23,51.7,50.64,50.82001,17265888
1338989400,2012-06-06 09:30,51.11,52.17999,51,52.045,20603520
1339075800,2012-06-07 09:30,52.97,53.78,52.59,52.78999,16572813
1339162200,2012-06-08 09:30,51.84,52.10001,51.41,52.03999,17001584
1339421400,2012-06-11 09:30,52.685,52.75999,50.81,50.82001,20008576
1339507800,2012-06-12 09:30,51.23,51.64999,50.88,51.57001,16108535
1339594200,2012-06-13 09:30,51.39,52.36,51.23,51.60001,16734832
1339680600,2012-06-14 09:30,51.58,52.07001,51.16,51.81,20770336
1339767000,2012-06-15 09:30,52.17,52.53999,51.89,52.44,18689792
1340026200,2012-06-18 09:30,51.88,52.8,51.71001,52.58,13616855
1340112600,2012-06-19 09:30,53.08,54.7,52.94,54.5,35087312
1340199000,2012-06-20 09:30,54.50999,54.85001,53.48,54.10001,23540816
1340285400,2012-06-21 09:30,52.82001,52.95,51.12,51.19,23504448
1340371800,2012-06-22 09:30,51.55,51.6499,50.5,50.75,16880320
1340631000,2012-06-25 09:30,49.74001,49.905,49.05,49.35001,23755328
1340717400,2012-06-26 09:30,49.28,49.78,48.92,49.42,18445936
1340803800,2012-06-27 09:30,49.46001,49.66,48.78999,49.31,21906240
1340890200,2012-06-28 09:30,48.86,49.21001,48.27,49.07001,26909344
1340976600,2012-06-29 09:30,51.03999,51.8,50.75,51.69501,27867712
1341235800,2012-07-02 09:30,52.09,52.64999,51.85001,52.58,15748453
1341322200,2012-07-03 09:30,52.99001,53.5,52.71001,53.39999,14643281
1341495000,2012-07-05 09:30,53.02,53.86,52.34,53.24001,18461568
1341581400,2012-07-06 09:30,52.39,52.53999,51.67999,52.17,14336973
1341840600,2012-07-09 09:30,52.03,52.06,51.36,51.77,6993055
1341927000,2012-07-10 09:30,52.35001,52.39999,50.64999,50.91,13963031
1342013400,2012-07-11 09:30,50.86,51.53,50.34,50.78999,13003391
1342099800,2012-07-12 09:30,49.85001,50.73,49.58,50.42,12815254
1342186200,2012-07-13 09:30,51.08,51.63,51.07001,51.31,10592719
1342445400,2012-07-16 09:30,51.34,51.42999,50.6599,51.03999,8647223
1342531800,2012-07-17 09:30,51.3,51.67999,50.61,51.57001,11377434
1342618200,2012-07-18 09:30,51.16,52.02,51.03999,51.92,9532914
1342704600,2012-07-19 09:30,52.12,52.78,52.02,52.7,10304113
1342791000,2012-07-20 09:30,52.02,52.23,51.53,51.72,12197594
1343050200,2012-07-23 09:30,50.12,50.52,49.4801,50.37,17183168
1343136600,2012-07-24 09:30,50.67,50.67999,49.60001,50.09,12262719
1343223000,2012-07-25 09:30,50.44,50.60001,49.73,50.03,8252082
1343309400,2012-07-26 09:30,50.92999,51.77,50.57001,51.685,12702539
1343395800,2012-07-27 09:30,52.3,53.8425,52.11,53.56,21005264
1343655000,2012-07-30 09:30,53.25,53.60001,52.72,53.48,11554652
1343741400,2012-07-31 09:30,53.42,53.60001,52.39999,52.45,13529199
1343827800,2012-08-01 09:30,52.64,53.03999,51.87,52.64999,12950707
1343914200,2012-08-02 09:30,51.99001,52.7,51.52,51.98,13093039
1344000600,2012-08-03 09:30,53.25,53.94,53.12,53.48,13978547
1344259800,2012-08-06 09:30,53.41,54.77,53.3,54.21001,12260262
1344346200,2012-08-07 09:30,54.63,55.11,54.2,54.25,11881453
1344432600,2012-08-08 09:30,54.31,55.14999,54.25,55.00999,11117191
1344519000,2012-08-09 09:30,55,55.39999,54.61,55,10831566
1344605400,2012-08-10 09:30,54.69,55.61,54.42,55.49001,12236902
1344864600,2012-08-13 09:30,55,55.42,54.52,55.09,12322430
1344951000,2012-08-14 09:30,55.24001,55.45,54.14,54.31,14639742
1345037400,2012-08-15 09:30,54.42999,54.71001,54.09,54.55,11365172
1345123800,2012-08-16 09:30,55.12,55.675,54.57001,55.5,14811020
1345210200,2012-08-17 09:30,55.47,55.67999,55.17999,55.37,11907609
1345469400,2012-08-20 09:30,55.21001,55.46001,54.74001,55.38,8953867
1345555800,2012-08-21 09:30,55.62,55.89999,54.57001,54.84,13227559
1345642200,2012-08-22 09:30,54.78999,55.25999,54.24001,55.03999,14238688
1345728600,2012-08-23 09:30,54.67,54.71001,53.85001,54.16,14973547
1345815000,2012-08-24 09:30,53.88,54.61,53.50999,54.25,11240918
1346074200,2012-08-27 09:30,53.78999,54.00999,53.55901,53.71001,10816328
1346160600,2012-08-28 09:30,53.63,53.89999,53.31,53.58,7722711
1346247000,2012-08-29 09:30,53.27,53.32001,52.205,52.71001,15173316
1346333400,2012-08-30 09:30,52.27,52.52,52.00999,52.33,8524172
1346419800,2012-08-31 09:30,52.5,53,52.28999,52.72,11344453
1346765400,2012-09-04 09:30,52.58,52.66,51.67999,51.75999,12148730
1346851800,2012-09-05 09:30,52.08,52.39999,51.7,52.25,11213648
1346938200,2012-09-06 09:30,52.67,53.86,52.66,53.78,13622918
1347024600,2012-09-07 09:30,54.41,55.91,54.35001,55.28,19208944
1347283800,2012-09-10 09:30,54.81,54.97,54.03,54.09,14327797
1347370200,2012-09-11 09:30,54.37,54.99001,54.368,54.84,8825227
1347456600,2012-09-12 09:30,55.03,55.14999,54.28999,54.83,19162032
1347543000,2012-09-13 09:30,54.67999,56.48,54.52,56.4677,26398256
1347629400,2012-09-14 09:30,56.91,58.08,56.645,57.06,24966016
1347888600,2012-09-17 09:30,56.74001,56.96001,56.22,56.48,11229770
1347975000,2012-09-18 09:30,56.35001,56.84,56.14931,56.49001,11669949
1348061400,2012-09-19 09:30,56.55,56.89999,56.11,56.27,17346192
1348147800,2012-09-20 09:30,55.78,56.36,55.44,56.1302,13700504
1348234200,2012-09-21 09:30,56.42999,56.61,55.81,55.92999,15130637
1348493400,2012-09-24 09:30,55.81,56.19,55.60001,55.955,8565051
1348579800,2012-09-25 09:30,55.86909,55.91,54.60001,54.77,18343136
1348666200,2012-09-26 09:30,54.48,54.7,53.89999,54.63,13168105
1348752600,2012-09-27 09:30,55,55.10001,54.32001,54.75999,12638531
1348839000,2012-09-28 09:30,54.19,54.39999,53.62,54.06,19530992
1349098200,2012-10-01 09:30,54.31,55.02,54.25,54.53999,13695988
1349184600,2012-10-02 09:30,54.92,55.10001,54.37,54.57001,11275004
1349271000,2012-10-03 09:30,54.60001,54.60001,53.91,54,12053039
1349357400,2012-10-04 09:30,54.06,54.53999,53.63,54.36,11582746
1349443800,2012-10-05 09:30,54.94,55.05,54.09019,54.22,14003742
1349703000,2012-10-08 09:30,54.02,54.86,53.8699,54.75,11085867
1349789400,2012-10-09 09:30,54.63,54.64999,53.94,54.27,12265445
1349875800,2012-10-10 09:30,54.42999,54.46001,53.57001,53.83,14772426
1349962200,2012-10-11 09:30,54.27,54.56,54.17999,54.25999,11182797
1350048600,2012-10-12 09:30,54.44,54.67999,53.87,54.00011,10885117
1350307800,2012-10-15 09:30,54.32001,54.83,53.99001,54.60001,12447672
1350394200,2012-10-16 09:30,54.96001,55.39999,54.64,54.84,10360855
1350480600,2012-10-17 09:30,55.12,55.49001,54.95,55.17999,12612082
1350567000,2012-10-18 09:30,55,55.28999,54.63,55.12,13126906
1350653400,2012-10-19 09:30,55.07001,55.5267,54.32001,54.39,11246160
1350912600,2012-10-22 09:30,54.27,54.77,54.16,54.73,9390879
1350999000,2012-10-23 09:30,53.8,53.82001,53.0714,53.3288,14711684
1351085400,2012-10-24 09:30,53.61,53.81,53.07001,53.24001,8496590
1351171800,2012-10-25 09:30,54.19,54.31,53.66,53.81,20107824
1351258200,2012-10-26 09:30,53.92,54.11,53.58,53.62,11300086
1351690200,2012-10-31 09:30,53.75,53.88,53.09,53.35001,14568965
1351776600,2012-11-01 09:30,53.59,54.55,53.49001,54.39999,11590141
1351863000,2012-11-02 09:30,54.86,54.92999,53.81,54.16,14675980
1352125800,2012-11-05 09:30,54,54.45,53.86,54.42,8003496
1352212200,2012-11-06 09:30,54.59,55.17999,54.42999,54.86,11457031
1352298600,2012-11-07 09:30,54.5,54.50999,53.8,54.05721,16088797
1352385000,2012-11-08 09:30,54.08,54.61,52.88,53.1871,18639600
1352471400,2012-11-09 09:30,52.82001,53.42999,52.60001,52.77,16140789
1352730600,2012-11-12 09:30,52.85001,52.86,52.34,52.5,10479883
1352817000,2012-11-13 09:30,52.07001,52.64,51.9075,52.03999,15809445
1352903400,2012-11-14 09:30,52.08,52.17,51.06,51.25999,15009141
1352989800,2012-11-15 09:30,51.22,51.53999,50.83,51.2099,11372340
1353076200,2012-11-16 09:30,51.41,51.45,50.49001,51.0593,14597168
1353335400,2012-11-19 09:30,51.60001,52.06,51.442,51.88,16673703
1353421800,2012-11-20 09:30,51.60001,52.07001,51.36,51.92,8509031
1353508200,2012-11-21 09:30,51.5,52.27,51.05,51.50999,17470768
1353681000,2012-11-23 09:30,51.78,52.27,51.78,52.16,8598227
1353940200,2012-11-26 09:30,51.99001,52.25999,51.7,52.06,8358512
1354026600,2012-11-27 09:30,52.42,52.52,51.21001,51.42709,14015781
1354113000,2012-11-28 09:30,51.06,51.71001,50.78999,51.52,17961552
1354199400,2012-11-29 09:30,51.37,52.23,51.22,51.88,12515086
1354285800,2012-11-30 09:30,51.63,51.67,51.07001,51.58,19098048
1354545000,2012-12-03 09:30,52.11,52.16,51.50999,51.5119,13282207
1354631400,2012-12-04 09:30,52.03,52.2,51.25999,51.46001,14528590
1354717800,2012-12-05 09:30,51.92,52.5701,51.60001,52.34,15646543
1354804200,2012-12-06 09:30,52.13,52.85001,52.13,52.77,12064059
1354890600,2012-12-07 09:30,53.11,53.1501,52.64999,53.07001,11155547
1355149800,2012-12-10 09:30,53.05009,53.63,53.05,53.5394,10855645
1355236200,2012-12-11 09:30,53.60001,54.17999,53.495,54.0141,14498863
1355322600,2012-12-12 09:30,54.03,54.455,53.73,54.05,11590391
1355409000,2012-12-13 09:30,54.07001,54.52,53.55,53.67,11155672
1355495400,2012-12-14 09:30,53.97,54.36,53.739,54.19,8319402
1355754600,2012-12-17 09:30,54.13,54.23,53.88,54.09,9003961
1355841000,2012-12-18 09:30,53.81,54.625,53.49001,54.34911,15836105
1355927400,2012-12-19 09:30,54.74001,55.42999,54.64,55.09,17092464
1356013800,2012-12-20 09:30,55.19,55.59,55,55.53999,12279801
1356100200,2012-12-21 09:30,54.60001,55.21001,54.52,54.97,16625238
1356359400,2012-12-24 09:30,54.85001,54.96001,54.66,54.83,3028785
1356532200,2012-12-26 09:30,55.44,55.75999,55.16,55.17999,8956211
1356618600,2012-12-27 09:30,55.21001,55.53999,54.67999,55.44,8778109
1356705000,2012-12-28 09:30,54.99001,55.56,54.97,55.25999,6504563
1356964200,2012-12-31 09:30,54.88,56.07001,54.61,55.94,7901734
1357137000,2013-01-02 09:30,56.66,56.99001,56.5,56.96001,14852926
1357223400,2013-01-03 09:30,56.71001,57.69,56.57001,57.3217,16609473
1357309800,2013-01-04 09:30,56.95,57.28999,56.8,57.17999,11774152
1357569000,2013-01-07 09:30,56.92,57,56.53,56.85539,9654504
1357655400,2013-01-08 09:30,56.46001,56.47,55.89999,56.10001,10724043
1357741800,2013-01-09 09:30,56.37,56.67999,56.16,56.44,10407363
1357828200,2013-01-10 09:30,56.82001,57,56.23,56.98,11637984
1357914600,2013-01-11 09:30,56.50999,56.53,56.07001,56.41,10946438
1358173800,2013-01-14 09:30,56.89,57.07001,56.50999,56.67999,9612617
1358260200,2013-01-15 09:30,56.39,56.57001,56.21001,56.5,6249957
1358346600,2013-01-16 09:30,55.94,56.39,55.88,56.33,6353180
1358433000,2013-01-17 09:30,56.88,57.05499,56.75,56.85001,10297750
1358519400,2013-01-18 09:30,56.59,56.88,56.55,56.84,10856059
1358865000,2013-01-22 09:30,56.48,56.83,55.8333,56.82001,8792148
1358951400,2013-01-23 09:30,56.91,56.98,56.60001,56.84,10626648
1359037800,2013-01-24 09:30,57.00999,57.38,56.31,56.7,11655742
1359124200,2013-01-25 09:30,56.7,57.25,56.45,56.77,7035777
1359383400,2013-01-28 09:30,57,57,56.17999,56.61,10092637
1359469800,2013-01-29 09:30,56.95,57.3,56.60001,57.2,9879852
1359556200,2013-01-30 09:30,56.38,56.75999,56.10001,56.57001,19704080
1359642600,2013-01-31 09:30,56.52,56.92999,56.22,56.77,15402672
1359729000,2013-02-01 09:30,57.3,57.31,57,57.08,8669988
1359988200,2013-02-04 09:30,56.5,56.53999,56.10001,56.3,10578871
1360074600,2013-02-05 09:30,56.8,56.84,56.10001,56.12,12801512
1360161000,2013-02-06 09:30,55.94,56.13,55.66,56.11,13626863
1360247400,2013-02-07 09:30,56.67999,56.78,55.60001,55.98,13416094
1360333800,2013-02-08 09:30,56.09,56.17,55.66,55.94,7287328
1360593000,2013-02-11 09:30,56.09,56.10001,55.52,55.83,6629648
1360679400,2013-02-12 09:30,55.84,56.17999,55.56,55.89999,4541832
1360765800,2013-02-13 09:30,56.22,56.53999,56.14999,56.41,14653395
1360852200,2013-02-14 09:30,55.99001,56.27,55.87,56.14999,8545227
1360938600,2013-02-15 09:30,56.27,56.42,55.99001,56.17,12964234
1361284200,2013-02-19 09:30,56.53999,56.64999,56.17,56.32001,9158184
1361370600,2013-02-20 09:30,56.22,56.28,55,55.09,15102570
1361457000,2013-02-21 09:30,54.88,54.88,53.99001,54.25,28635104
1361543400,2013-02-22 09:30,54.88,54.89,54.39999,54.82001,15373453
1361802600,2013-02-25 09:30,54.98,55.17,54.03999,54.2,15591570
1361889000,2013-02-26 09:30,54.3299,54.78,53.73,54.66,13193566
1361975400,2013-02-27 09:30,54.39999,55.11,54.355,55.03,9823996
1362061800,2013-02-28 09:30,55.13,55.53999,55.03,55.13,9890934
1362148200,2013-03-01 09:30,54.62,55.23,54.48,55.2,10155125
1362407400,2013-03-04 09:30,54.7,55.02,54.39,54.78,12680152
1362493800,2013-03-05 09:30,55.28999,55.75,54.875,55.10001,15203121
1362580200,2013-03-06 09:30,55.67,56.69501,55.53,56.44,16088895
1362666600,2013-03-07 09:30,57,57.75999,56.95,57.28999,24135616
1362753000,2013-03-08 09:30,57.28999,57.75,57.11,57.64999,15017020
1363008600,2013-03-11 09:30,57.31,57.45,56.86,57.25999,11518223
1363095000,2013-03-12 09:30,57.45,57.605,56.8,57.03999,8164594
1363181400,2013-03-13 09:30,57.05,57.10001,56.095,56.28999,13830621
1363267800,2013-03-14 09:30,56.31,56.55,55.69,56.02,11587730
1363354200,2013-03-15 09:30,56.25,56.32001,55.64999,55.73,14692934
1363613400,2013-03-18 09:30,55.02,55.72,54.92999,55.32001,9539656
1363699800,2013-03-19 09:30,55.52,55.62,54.64999,55.06,16775398
1363786200,2013-03-20 09:30,55.06,55.13499,54.64999,54.74001,9797172
1363872600,2013-03-21 09:30,54.45959,54.56,53.75999,53.85001,13523691
1363959000,2013-03-22 09:30,53.86,53.97,53.47,53.7,11039578
1364218200,2013-03-25 09:30,53.56,54.03,53.16499,53.39,15891770
1364304600,2013-03-26 09:30,53.60001,54.125,53.53,53.71001,12016480
1364391000,2013-03-27 09:30,53.36,54.42999,53.14999,54.23,14976871
1364477400,2013-03-28 09:30,54.48,54.56,54,54.48,9867156
1364823000,2013-04-01 09:30,54.37,54.49001,53.91,53.97,8013234
1364909400,2013-04-02 09:30,54.21001,54.21001,53.42999,53.59,10635012
1364995800,2013-04-03 09:30,53.28,53.61,53.11,53.35001,13227949
1365082200,2013-04-04 09:30,53.62,53.77,53.06,53.23,12760078
1365168600,2013-04-05 09:30,52.86,54.3,52.60001,54.11,14828855
1365427800,2013-04-08 09:30,54.1418,54.2,53.53999,54.07001,11354141
1365514200,2013-04-09 09:30,54.53999,55.39999,54.28,55.14,14020277
1365600600,2013-04-10 09:30,55.60001,56.39,55.58,55.71001,14235793
1365687000,2013-04-11 09:30,55.66,55.69,54.88,55.2,14856156
1365773400,2013-04-12 09:30,54.97,55.46899,54.17999,54.98,12859563
1366032600,2013-04-15 09:30,53.97,54.10001,52.84,52.91,22692096
1366119000,2013-04-16 09:30,53.35001,53.87,53.03,53.71001,13967863
1366205400,2013-04-17 09:30,53.22,53.31,52.12,52.50999,16912736
1366291800,2013-04-18 09:30,52.48,52.8,51.935,52.44,18593760
1366378200,2013-04-19 09:30,52.89,53.32001,52.67999,53.2,14844848
1366637400,2013-04-22 09:30,53.03,53.2066,52.59,53.12,6330477
1366723800,2013-04-23 09:30,53.39,54.14999,53.21001,53.75999,16002879
1366810200,2013-04-24 09:30,54.06,54.47,54.00999,54.28999,8633422
1366896600,2013-04-25 09:30,54.12,54.75999,54.03999,54.56,11827945
1366983000,2013-04-26 09:30,54.25999,54.45,53.39999,53.72,10225781
1367242200,2013-04-29 09:30,54.21001,54.4223,53.78999,54.16,9600180
1367328600,2013-04-30 09:30,53.89999,55.33,53.83,55.14999,14473070
1367415000,2013-05-01 09:30,54.95,55.02,54.17,54.47,9538633
1367501400,2013-05-02 09:30,54.95,55.08,54.50999,54.67999,12251266
1367587800,2013-05-03 09:30,55.25999,55.64999,54.81,54.81,9921578
1367847000,2013-05-06 09:30,54.8,54.85001,54.282,54.74001,14050445
1367933400,2013-05-07 09:30,54.78999,55.75,54.75,55.57001,12381766
1368019800,2013-05-08 09:30,55.9599,56.17999,55.42999,55.67,10897180
1368106200,2013-05-09 09:30,55.77,56.09,54.8799,55.23,14890066
1368192600,2013-05-10 09:30,55.16,55.28,54.63499,54.81,11573945
1368451800,2013-05-13 09:30,54.83,55,54.37,54.73,8701379
1368538200,2013-05-14 09:30,54.66,55.0499,54.37,54.39999,8210336
1368624600,2013-05-15 09:30,54.39999,54.755,54.25999,54.42999,8663184
1368711000,2013-05-16 09:30,54.50999,54.98,54.28999,54.42,10807934
1368797400,2013-05-17 09:30,54.45,54.82001,54.23,54.46001,6767008
1369056600,2013-05-20 09:30,54.59,55.03999,54.28999,54.92999,11591559
1369143000,2013-05-21 09:30,55.06,55.5201,54.61,55.27,8150785
1369229400,2013-05-22 09:30,55.41,56.07001,54.755,54.91,12801215
1369315800,2013-05-23 09:30,54.28999,54.78,54,54.64999,14081684
1369402200,2013-05-24 09:30,54.58,54.63,53.89999,54.58,10008930
1369747800,2013-05-28 09:30,54.84,55.09,54.175,54.31,10085180
1369834200,2013-05-29 09:30,53.50999,53.8,52.21001,52.39999,22687216
1369920600,2013-05-30 09:30,52.23,53.0399,52.00999,52.37,12520641
1370007000,2013-05-31 09:30,51.83,51.89999,50.395,50.89,22703920
1370266200,2013-06-03 09:30,51.13,51.62,50.67,51.48,17652768
1370352600,2013-06-04 09:30,51.73,51.8,50.67,51.13,10550234
1370439000,2013-06-05 09:30,51.39999,51.535,50.105,50.14999,19921008
1370525400,2013-06-06 09:30,50,50.49001,49.78,50.41,21756608
1370611800,2013-06-07 09:30,49.56,50.38,49.155,49.73,19374240
1370871000,2013-06-10 09:30,49.10001,49.4099,48.64999,49.19,13761559
1370957400,2013-06-11 09:30,47.8,48.5742,47.571,48.23,23708432
1371043800,2013-06-12 09:30,48.28,48.44,46.99001,47.28999,21269808
1371130200,2013-06-13 09:30,47.63,48.44501,47.37,48.27,16512367
1371216600,2013-06-14 09:30,48.64,48.64,47.46001,47.63,13341789
1371475800,2013-06-17 09:30,47.59,48.06,46.89999,47.38,14429246
1371562200,2013-06-18 09:30,46.89999,47.34,46.55,47.09,17644720
1371648600,2013-06-19 09:30,46.96001,47.28,45.22,45.39,23547984
1371735000,2013-06-20 09:30,43.57001,44.36,42.92999,43.94,41857648
1371821400,2013-06-21 09:30,43.87,44.09,42.99001,43.94,26878128
1372080600,2013-06-24 09:30,42.97,43.49001,41.64999,43.07001,25478624
1372167000,2013-06-25 09:30,43.69,43.98,42.89999,43.77,16910672
1372253400,2013-06-26 09:30,44.36,44.92,44.14999,44.58009,31061648
1372339800,2013-06-27 09:30,43.92999,44.66,43.92999,44.28999,13597871
1372426200,2013-06-28 09:30,43.49001,44.06,43.25,43.86,17369936
1372685400,2013-07-01 09:30,43.7,44.23,43.395,43.78999,11768727
1372771800,2013-07-02 09:30,43.3302,43.63,41.73,42.33,22060528
1372858200,2013-07-03 09:30,41.77,42.39,41.57001,42.03999,13509727
1373031000,2013-07-05 09:30,41.7,41.87,40.67999,41.47,21821744
1373290200,2013-07-08 09:30,41.74001,42.02,41.39,41.46001,17928512
1373376600,2013-07-09 09:30,41.77,42.28999,41.7,41.97,9713008
1373463000,2013-07-10 09:30,41.74001,42.19,41.41,41.52,16567266
1373549400,2013-07-11 09:30,42.57001,43,42.03999,42.94,23025440
1373635800,2013-07-12 09:30,42.61,42.78999,42.14999,42.28999,12486621
1373895000,2013-07-15 09:30,42.41,43.75999,42.41,43.48,14324828
1373981400,2013-07-16 09:30,43.83,43.83,42.92,43.285,16876960
1374067800,2013-07-17 09:30,43.94,44.25,43.77,43.99001,18236624
1374154200,2013-07-18 09:30,44,44.58,43.97,44.2,14568891
1374240600,2013-07-19 09:30,43.77,43.91949,43.57001,43.72,12882215
1374499800,2013-07-22 09:30,43.83,44.78999,43.64999,44.53,15600898
1374586200,2013-07-23 09:30,45.27,45.39,45,45.16,22942848
1374672600,2013-07-24 09:30,44.89999,44.99001,43.83,44.28999,19743088
1374759000,2013-07-25 09:30,44.06,44.83,43.99001,44.75999,13237250
1374845400,2013-07-26 09:30,44.74001,44.77,44.03,44.66,16021859
1375104600,2013-07-29 09:30,44.49989,44.53999,44.00999,44.2,11406320
1375191000,2013-07-30 09:30,44.39,44.42,43.53999,43.67,12542336
1375277400,2013-07-31 09:30,43.50999,43.99001,43.03,43.5,17948896
1375363800,2013-08-01 09:30,43.95,44.2,43.67,43.89,13793508
1375450200,2013-08-02 09:30,43.83,44.45,43.8,43.96001,9417605
1375709400,2013-08-05 09:30,43.6799,43.81,43.23,43.28999,10662121
1375795800,2013-08-06 09:30,43.3701,43.48,42.60001,42.78,16171781
1375882200,2013-08-07 09:30,42.42,42.89999,42.35001,42.46001,11450535
1375968600,2013-08-08 09:30,43.07001,44.17,42.75999,43.82001,21953344
1376055000,2013-08-09 09:30,44.10001,44.89,44.02,44.61,16080738
1376314200,2013-08-12 09:30,45.1301,45.69,44.42999,44.7,20396256
1376400600,2013-08-13 09:30,44.49001,44.705,44.06,44.42,17518112
1376487000,2013-08-14 09:30,44.41,44.72,44.02,44.13,29348144
1376573400,2013-08-15 09:30,43.42999,44.22,43.255,43.95,24555584
1376659800,2013-08-16 09:30,43.71001,43.75,42.82001,43.14,21861504
1376919000,2013-08-19 09:30,42.95,43.205,42.38,42.49001,25517328
1377005400,2013-08-20 09:30,42.46001,42.795,42.10001,42.12,19588240
1377091800,2013-08-21 09:30,41.75999,41.94,41.00999,41.25999,23077472
1377178200,2013-08-22 09:30,41.63,42.08501,41.47,41.96001,18580368
1377264600,2013-08-23 09:30,42.6713,43.85001,42.45,43.78,24200608
1377523800,2013-08-26 09:30,43.7301,43.74001,42.75999,43.03999,16272922
1377610200,2013-08-27 09:30,42.1899,42.53,41.94,42.5,19183360
1377696600,2013-08-28 09:30,42.36,43.09,42.10989,42.42,12004094
1377783000,2013-08-29 09:30,42.42999,43.03999,42.13,42.36,10493555
1377869400,2013-08-30 09:30,42.7001,42.7001,41.785,42.39,13688973
1378215000,2013-09-03 09:30,42.88,43.14,42.53999,42.92,15526230
1378301400,2013-09-04 09:30,42.66991,43.27991,42.56,43.22,11652930
1378387800,2013-09-05 09:30,43.25,44.61,43.17999,44.261,16891472
1378474200,2013-09-06 09:30,45.07001,45.5,44.67999,45.28999,21851952
1378733400,2013-09-09 09:30,45.8,47.015,45.75999,46.92999,39522960
1378819800,2013-09-10 09:30,47.25,47.435,46.63,47.03,26021040
1378906200,2013-09-11 09:30,46.75999,47.12,46.35001,46.81,14979355
1378992600,2013-09-12 09:30,46.92999,46.98,46.25999,46.27,13870652
1379079000,2013-09-13 09:30,46.5,46.72,46.2,46.67,7708504
1379338200,2013-09-16 09:30,47.53999,47.60001,46.71001,46.73,12223348
1379424600,2013-09-17 09:30,47.11,47.48,47.11,47.32001,12455648
1379511000,2013-09-18 09:30,47.64999,49.94,47.45,49.72,33026400
1379597400,2013-09-19 09:30,49.53,49.69,48.88,49.55,27033840
1379683800,2013-09-20 09:30,49.66,49.75999,48.3701,48.52,19729536
1379943000,2013-09-23 09:30,48.78999,49.19,48.67999,49,15608883
1380029400,2013-09-24 09:30,49,49.22501,48.64,48.94,16086465
1380115800,2013-09-25 09:30,48.69,48.78,48.06,48.25,17682256
1380202200,2013-09-26 09:30,48.46001,48.66,47.88,48.2,10317113
1380288600,2013-09-27 09:30,47.88,48.28,47.8,47.94,10845242
1380547800,2013-09-30 09:30,47.84,48.31,47.64,47.91,17928384
1380634200,2013-10-01 09:30,48.08,48.38,47.89,48.37,14072316
1380720600,2013-10-02 09:30,48.46001,48.98,48.31,48.89,11702734
1380807000,2013-10-03 09:30,48.60001,48.81,48.11,48.39999,17706416
1380893400,2013-10-04 09:30,48.03,48.64999,47.98,48.53,8402055
1381152600,2013-10-07 09:30,48.16,48.75,48.14,48.52,7850281
1381239000,2013-10-08 09:30,48.67,48.74001,47.99001,48.21001,10732023
1381325400,2013-10-09 09:30,48.46001,48.67999,48,48.46001,12680641
1381411800,2013-10-10 09:30,49.08,49.60001,48.91,49.345,14400457
1381498200,2013-10-11 09:30,49.39999,49.83,49.19501,49.77,9531523
1381757400,2013-10-14 09:30,49.16,50.56,49.15199,50.44,12079750
1381843800,2013-10-15 09:30,50.24001,50.47,49.92999,50.07001,16047273
1381930200,2013-10-16 09:30,50.50999,51.22501,50.42,50.5,17549280
1382016600,2013-10-17 09:30,50.73,51.03999,50.58,50.89999,12818336
1382103000,2013-10-18 09:30,51.07001,51.23,49.39999,50.7,12140465
1382362200,2013-10-21 09:30,50.96001,51.13,50.48,51.02,12021738
1382448600,2013-10-22 09:30,51.21001,51.75,51.16,51.61,13329547
1382535000,2013-10-23 09:30,51.11,51.14,50.28,50.37,12635137
1382621400,2013-10-24 09:30,50.12,50.2,49.5899,49.989,13872465
1382707800,2013-10-25 09:30,50.3,50.46001,50.05,50.24001,12462234
1382967000,2013-10-28 09:30,50.64,51.1201,50.5465,50.935,13372670
1383053400,2013-10-29 09:30,51,51.07,50.68,50.97,10764668
1383139800,2013-10-30 09:30,50.56,51.0999,50.46,50.93,11179440
1383226200,2013-10-31 09:30,51.03,51.16,50.07,50.155,17842126
1383312600,2013-11-01 09:30,49.41,49.97,49.24,49.615,15166359
1383575400,2013-11-04 09:30,50.07,50.29,49.92,50.02,13688700
1383661800,2013-11-05 09:30,49.07,49.2,48.5,48.59,19849024
1383748200,2013-11-06 09:30,48.75,48.82,48.39,48.59,13735058
1383834600,2013-11-07 09:30,48.86,48.91,47.26,47.32,16731153
1383921000,2013-11-08 09:30,47,47.32,46.22,47.02,24545247
1384180200,2013-11-11 09:30,47.02,47.23,46.62,46.95,8429039
1384266600,2013-11-12 09:30,46.7,46.88,46.14,46.34,17628378
1384353000,2013-11-13 09:30,46.19,47.0799,46.11,46.92,14101891
1384439400,2013-11-14 09:30,47.27,48.209,47.03,47.96,21231065
1384525800,2013-11-15 09:30,48.39,48.89,48.14,48.6,18309987
1384785000,2013-11-18 09:30,49.1,49.79,49.03,49.28,16128825
1384871400,2013-11-19 09:30,49.5,49.58,48.25,48.39,19645262
1384957800,2013-11-20 09:30,48.53,48.72,47.45,47.6,13036134
1385044200,2013-11-21 09:30,47.56,47.82,47.38,47.44,12434047
1385130600,2013-11-22 09:30,48.11,48.5357,47.94,48.13,18281809
1385389800,2013-11-25 09:30,48.01,48.11,47.29,47.46,9987957
1385476200,2013-11-26 09:30,47.17,47.26,46.73,47.07,12617090
1385562600,2013-11-27 09:30,47.11,47.13,46.43,46.5,19891003
1385735400,2013-11-29 09:30,46.75,47.05,46.64,46.95,6591075
1385994600,2013-12-02 09:30,46.2,46.34,45.2,45.33,19111971
1386081000,2013-12-03 09:30,45.06,45.51,44.3,44.72,23814065
1386167400,2013-12-04 09:30,44.28,44.61,43.89,44.51,16302706
1386253800,2013-12-05 09:30,44.15,45.06,44.14,44.62,15280205
1386340200,2013-12-06 09:30,45.15,45.59,44.851,45.22,12864227
1386599400,2013-12-09 09:30,45.52,45.75,45.45,45.52,8630519
1386685800,2013-12-10 09:30,45.62,45.79,45.55,45.67,7628045
1386772200,2013-12-11 09:30,45.09,45.15,44.15,44.26,14996484
1386858600,2013-12-12 09:30,44.19,44.56,43.83,44.46,14169702
1386945000,2013-12-13 09:30,44.57,44.69,44.21,44.34,8678731
1387204200,2013-12-16 09:30,44.7,45.13,44.48,44.48,10306512
1387290600,2013-12-17 09:30,44.89,44.89,44.35,44.54,22479590
1387377000,2013-12-18 09:30,43.96,45.23,43.05,44.69,17292668
1387463400,2013-12-19 09:30,43.9,44.43,43.605,44.06,15723256
1387549800,2013-12-20 09:30,43.71,43.92,43.25,43.41,14712928
1387809000,2013-12-23 09:30,43.91,44.14,43.795,44.1,9381196
1387895400,2013-12-24 09:30,44.08,44.38,43.9399,44.35,8767630
1388068200,2013-12-26 09:30,44.38,44.38,43.92,43.98,5553224
1388154600,2013-12-27 09:30,44.13,44.7,44.13,44.69,8988094
1388413800,2013-12-30 09:30,44.56,44.99,44.23,44.37,9402844
1388500200,2013-12-31 09:30,44.43,44.83,44.31,44.68,6281331
1388673000,2014-01-02 09:30,43.64,43.74,43.03,43.19,18194260
1388759400,2014-01-03 09:30,43.51,43.54,42.975,43.43,15316692
1389018600,2014-01-06 09:30,43.1,43.27,42.83,42.92,10238599
1389105000,2014-01-07 09:30,43.67,43.7,42.825,42.92,10546606
1389191400,2014-01-08 09:30,43.03,43.09,42.37,42.51,11738394
1389277800,2014-01-09 09:30,42.25,42.3,41.54,41.98,16682513
1389364200,2014-01-10 09:30,42.23,42.88,42.21,42.69,17411241
1389623400,2014-01-13 09:30,42.75,42.92,42.005,42.25,13253147
1389709800,2014-01-14 09:30,42.42,42.74,42.27,42.66,9552698
1389796200,2014-01-15 09:30,42.74,43.12,42.635,42.66,11674517
1389882600,2014-01-16 09:30,42.81,42.93,42.28,42.38,11184995
1389969000,2014-01-17 09:30,42.24,42.42,42.08,42.21,14281263
1390314600,2014-01-21 09:30,41.9,42.13,41.4,41.76,15861660
1390401000,2014-01-22 09:30,41.87,42.3,41.7801,42.25,13901176
1390487400,2014-01-23 09:30,42.1,42.16,40.685,41.19,18198639
1390573800,2014-01-24 09:30,40.33,40.35,39.755,39.97,21403437
1390833000,2014-01-27 09:30,39.94,40.27,39.55,39.99,16483598
1390919400,2014-01-28 09:30,40.07,40.34,39.86,40.05,14348365
1391005800,2014-01-29 09:30,39.15,39.75,38.95,39.21,22215078
1391092200,2014-01-30 09:30,40.01,40.13,39.35,39.64,15457484
1391178600,2014-01-31 09:30,38.96,39.89,38.86,39.24,17593748
1391437800,2014-02-03 09:30,39.26,39.35,38,38.03,21796160
1391524200,2014-02-04 09:30,38.9,39.47,38.755,39.16,22639595
1391610600,2014-02-05 09:30,39.19,39.36,38.7,39.08,21634382
1391697000,2014-02-06 09:30,39.54,40.54,39.48,40.36,23199619
1391783400,2014-02-07 09:30,40.76,40.93,40.21,40.64,14152942
1392042600,2014-02-10 09:30,40.46,40.49,39.79,39.99,13221739
1392129000,2014-02-11 09:30,39.77,40.89,39.73,40.75,16180372
1392215400,2014-02-12 09:30,40.65,40.83,39.77,40.02,15620417
1392301800,2014-02-13 09:30,39.37,40.6,39.3501,40.52,14725697
1392388200,2014-02-14 09:30,40.39,41.03,40.3,40.64,14883600
1392733800,2014-02-18 09:30,40.09,41.15,39.45,39.53,16766056
1392820200,2014-02-19 09:30,39.07,39.96,39.06,39.78,19439360
1392906600,2014-02-20 09:30,40.19,40.66,39.76,40.22,23349497
1392993000,2014-02-21 09:30,40.57,41.06,40.51,40.76,15073638
1393252200,2014-02-24 09:30,40.89,41.26,40.71,40.75,12801606
1393338600,2014-02-25 09:30,40.86,40.94,40.27,40.4,12011995
1393425000,2014-02-26 09:30,40.46,40.7,40.07,40.37,12065818
1393511400,2014-02-27 09:30,40.75,41.7,40.63,41.63,27271502
1393597800,2014-02-28 09:30,41.2,41.28,40.61,41,16881780
1393857000,2014-03-03 09:30,40.29,40.29,39.54,39.95,19219732
1393943400,2014-03-04 09:30,40.75,41,40.205,40.57,17657277
1394029800,2014-03-05 09:30,40.5,40.97,40.37,40.83,18565363
1394116200,2014-03-06 09:30,41.3,41.735,41.1667,41.28,17351674
1394202600,2014-03-07 09:30,40.925,40.96,40.06,40.32,21944829
1394458200,2014-03-10 09:30,40.21,40.25,39.31,39.63,21193809
1394544600,2014-03-11 09:30,39.96,40.195,39.275,39.38,16530594
1394631000,2014-03-12 09:30,39.43,39.77,39.21,39.68,15523083
1394717400,2014-03-13 09:30,40.16,40.22,39.09,39.22,21698223
1394803800,2014-03-14 09:30,39.02,39.54,38.87,39.11,17509995
1395063000,2014-03-17 09:30,39.25,39.64,39.23,39.41,12921076
1395149400,2014-03-18 09:30,39.34,40.49,39.2999,40.37,23865275
1395235800,2014-03-19 09:30,40.33,41.15,40.17,40.53,28362856
1395322200,2014-03-20 09:30,40.44,41.69,40.11,41.48,27938820
1395408600,2014-03-21 09:30,41.17,42.17,41.13,41.67,26772411
1395667800,2014-03-24 09:30,41.9,42.38,41.62,42.16,17290865
1395754200,2014-03-25 09:30,42.36,42.89,42.34,42.68,19095193
1395840600,2014-03-26 09:30,42.8,43.125,42.48,42.52,13271726
1395927000,2014-03-27 09:30,43.34,44.7,43.27,44.49,39653483
1396013400,2014-03-28 09:30,44.7,45.41,44.62,44.87,20374217
1396272600,2014-03-31 09:30,44.95,45.35,44.93,45.035,17297645
1396359000,2014-04-01 09:30,45.27,45.49,44.77,45.15,13675009
1396445400,2014-04-02 09:30,45.05,46.24,45.015,46.24,18649450
1396531800,2014-04-03 09:30,46.1,46.1,45.302,45.68,18728978
1396618200,2014-04-04 09:30,46.95,47.32,46.05,46.15,35525288
1396877400,2014-04-07 09:30,46.5,47.59,46.44,47.39,29759825
1396963800,2014-04-08 09:30,48.49,48.77,46.99,47.29,35523707
1397050200,2014-04-09 09:30,46.73,47.65,46.29,47.15,24344274
1397136600,2014-04-10 09:30,47.21,47.45,46.86,46.92,20018628
1397223000,2014-04-11 09:30,46.55,47.56,46.46,47.39,18202032
1397482200,2014-04-14 09:30,47.59,47.7,47.04,47.25,17102199
1397568600,2014-04-15 09:30,47,47.02,45.31,45.94,37215961
1397655000,2014-04-16 09:30,46.42,46.68,45.99,46.61,18620041
1397741400,2014-04-17 09:30,46.39,47.6,46.12,47.5,20214517
1398087000,2014-04-21 09:30,47.61,47.79,46.9101,47.29,8709189
1398173400,2014-04-22 09:30,47.07,47.57,46.84,47.15,14663396
1398259800,2014-04-23 09:30,47.05,47.165,46.62,47.08,13121677
1398346200,2014-04-24 09:30,47.4,47.61,46.69,47.47,13048280
1398432600,2014-04-25 09:30,46.93,46.978,46.3,46.71,15731447
1398691800,2014-04-28 09:30,46.41,47.135,46.13,46.98,15712849
1398778200,2014-04-29 09:30,47.5699,48.21,47.14,47.25,18724318
1398864600,2014-04-30 09:30,46.94,47.18,46.6,47.04,11148800
1398951000,2014-05-01 09:30,46.8,47.04,46.4,46.86,8463109
1399037400,2014-05-02 09:30,47.15,48.48,46.99,48.48,28782529
1399296600,2014-05-05 09:30,48.18,48.5,47.68,48.12,12209428
1399383000,2014-05-06 09:30,48.07,48.96,47.99,48.69,16347635
1399469400,2014-05-07 09:30,48.63,49.2633,48.39,49.19,18307304
1399555800,2014-05-08 09:30,49.39,49.54,48.68,48.75,13859726
1399642200,2014-05-09 09:30,48.53,48.82,48.3,48.54,12373529
1399901400,2014-05-12 09:30,48.75,49.29,48.75,49.26,14630288
1399987800,2014-05-13 09:30,49.13,49.63,49.03,49.1,12965017
1400074200,2014-05-14 09:30,49.24,49.81,49.12,49.68,12949804
1400160600,2014-05-15 09:30,49.44,49.49,48.615,49,12544853
1400247000,2014-05-16 09:30,49.5,49.56,49.025,49.2799,9269684
1400506200,2014-05-19 09:30,48.9,49.05,48.69,48.86,11984455
1400592600,2014-05-20 09:30,48.76,49.16,47.68,47.81,17673331
1400679000,2014-05-21 09:30,47.93,48.355,47.9,48.03,16671909
1400765400,2014-05-22 09:30,48.35,48.45,47.76,48.22,15576216
1400851800,2014-05-23 09:30,48.11,48.28,47.695,47.83,10017885
1401197400,2014-05-27 09:30,48.17,48.33,46.94,47.08,14673568
1401283800,2014-05-28 09:30,47.21,47.82,46.95,47.65,15374044
1401370200,2014-05-29 09:30,47.86,48.03,47.38,47.5,9742736
1401456600,2014-05-30 09:30,46.98,47.07,46.4,46.49,19701721
1401715800,2014-06-02 09:30,46.34,46.475,45.86,46,14216052
1401802200,2014-06-03 09:30,46.15,46.49,45.99,46.29,12284266
1401888600,2014-06-04 09:30,46.29,46.29,45.8,45.91,10684329
1401975000,2014-06-05 09:30,46.52,46.65,46.09,46.27,16816713
1402061400,2014-06-06 09:30,47.78,48,47.48,47.82,22904465
1402320600,2014-06-09 09:30,48.14,49.43,48.04,49.25,23091212
1402407000,2014-06-10 09:30,49.07,49.55,48.91,49.45,14415516
1402493400,2014-06-11 09:30,49.92,50.02,49.56,49.73,14676695
1402579800,2014-06-12 09:30,49.87,49.92,49.06,49.33,8648626
1402666200,2014-06-13 09:30,49.44,49.73,49.32,49.64,13538181
1402925400,2014-06-16 09:30,49.6,49.63,49.25,49.35,8656194
1403011800,2014-06-17 09:30,48.91,48.97,48.45,48.93,14283311
1403098200,2014-06-18 09:30,48.73,50,48.54,49.98,18890428
1403184600,2014-06-19 09:30,49.81,50.07,49.19,49.46,13592214
1403271000,2014-06-20 09:30,49.43,49.62,49.2,49.56,17660925
1403530200,2014-06-23 09:30,49.65,49.65,49.24,49.5,11976906
1403616600,2014-06-24 09:30,49.33,50.09,49.13,49.27,20242401
1403703000,2014-06-25 09:30,48.78,48.905,47.74,48.18,15489932
1403789400,2014-06-26 09:30,48.14,48.47,47.84,48.28,10756237
1403875800,2014-06-27 09:30,48.13,48.355,47.6,48.11,9592898
1404135000,2014-06-30 09:30,48,48.02,47.435,47.78,10860971
1404221400,2014-07-01 09:30,47.94,48.43,47.64,47.88,9352564
1404307800,2014-07-02 09:30,47.69,47.77,47.11,47.3216,14156889
1404394200,2014-07-03 09:30,46.97,47.97,46.97,47.84,7418784
1404739800,2014-07-07 09:30,48,48.06,47.67,47.9,11101725
1404826200,2014-07-08 09:30,48.2,48.23,47.75,47.75,11909634
1404912600,2014-07-09 09:30,48.01,48.83,47.97,48.46,15388913
1404999000,2014-07-10 09:30,48.25,48.68,47.9,48.58,13747982
1405085400,2014-07-11 09:30,48.43,48.99,47.781,48.8,14148998
1405344600,2014-07-14 09:30,49.26,49.9199,49.25,49.8,20732194
1405431000,2014-07-15 09:30,49.76,49.895,49.37,49.72,11111628
1405517400,2014-07-16 09:30,50.03,50.2,49.3,49.51,11295150
1405603800,2014-07-17 09:30,49.18,49.5,48.42,48.67,20834783
1405690200,2014-07-18 09:30,50.21,50.71,49.87,50.2999,30700551
1405949400,2014-07-21 09:30,50.45,51.21,50.1823,51.08,23310185
1406035800,2014-07-22 09:30,51.41,51.83,51.14,51.68,14350071
1406122200,2014-07-23 09:30,51.06,51.2499,50.74,50.98,13928361
1406208600,2014-07-24 09:30,51.1,51.55,50.95,51.47,11032397
1406295000,2014-07-25 09:30,51.18,51.32,50.93,51.06,7472811
1406554200,2014-07-28 09:30,51.15,51.23,50.73,51.12,10148682
1406640600,2014-07-29 09:30,50.85,51.29,50.385,50.52,12038568
1406727000,2014-07-30 09:30,50.25,50.45,49.42,49.92,15816030
1406813400,2014-07-31 09:30,48.8,49.07,48.13,48.5,21250080
1406899800,2014-08-01 09:30,48.47,48.96,48.01,48.75,13727287
1407159000,2014-08-04 09:30,49.12,49.2199,48.38,49.11,11582183
1407245400,2014-08-05 09:30,48.83,49.26,48.21,48.41,18342451
1407331800,2014-08-06 09:30,48.4,49,48.02,48.75,19900213
1407418200,2014-08-07 09:30,48.97,48.99,47.35,48.13,17498622
1407504600,2014-08-08 09:30,47.66,48.015,47.37,47.99,15504235
1407763800,2014-08-11 09:30,48.45,49.02,48.3,49.02,17538633
1407850200,2014-08-12 09:30,48.64,49.06,48.55,48.83,15590001
1407936600,2014-08-13 09:30,49.23,49.31,47.58,48.12,49963809
1408023000,2014-08-14 09:30,48.29,48.6728,48.14,48.41,15098866
1408109400,2014-08-15 09:30,49.06,49.56,48.52,49.42,21611823
1408368600,2014-08-18 09:30,50,50.25,49.57,50.1,15185762
1408455000,2014-08-19 09:30,50.04,51.12,49.97,50.98,15675898
1408541400,2014-08-20 09:30,50.84,51.41,50.64,51.04,13547996
1408627800,2014-08-21 09:30,51.4,51.4,50.945,51.04,11934218
1408714200,2014-08-22 09:30,50.81,50.89,50.12,50.41,13752777
1408973400,2014-08-25 09:30,50.77,51.28,50.58,51.13,12364296
1409059800,2014-08-26 09:30,51.68,52.05,51.35,51.98,21305164
1409146200,2014-08-27 09:30,52.27,53.33,52.08,53.18,28520586
1409232600,2014-08-28 09:30,52.92,53.12,52.35,52.76,21379124
1409319000,2014-08-29 09:30,53.11,53.77,52.67,53.7,20493058
1409664600,2014-09-02 09:30,53.12,54.21,52.91,53.9,20259900
1409751000,2014-09-03 09:30,54.33,54.56,53.63,54,19053288
1409837400,2014-09-04 09:30,53.53,54.06,52.97,53.1,21393027
1409923800,2014-09-05 09:30,53.3,53.36,52.62,53.16,19852726
1410183000,2014-09-08 09:30,53.49,53.49,51.33,51.42,33286772
1410269400,2014-09-09 09:30,50.99,51.31,50.02,50.29,35239244
1410355800,2014-09-10 09:30,49.96,49.97,49.18,49.8,26109689
1410442200,2014-09-11 09:30,49.98,50.48,49.79,49.96,18716961
1410528600,2014-09-12 09:30,48.67,48.89,47.51,47.81,50357455
1410787800,2014-09-15 09:30,47.93,48.49,47.7,48.37,23358541
1410874200,2014-09-16 09:30,49.2,50.74,49.14,49.81,35946203
1410960600,2014-09-17 09:30,50.12,50.2,49.05,49.09,29358185
1411047000,2014-09-18 09:30,48.66,49.2,48.25,48.37,29676857
1411133400,2014-09-19 09:30,48.6,48.61,47.45,47.75,27381491
1411392600,2014-09-22 09:30,46.45,46.7025,45.93,46.51,33109577
1411479000,2014-09-23 09:30,46.52,47.08,45.685,46.21,27842526
1411565400,2014-09-24 09:30,45.83,46.955,45.51,46.8,25690631
1411651800,2014-09-25 09:30,46.09,46.2701,45.33,45.42,28195378
1411738200,2014-09-26 09:30,45.41,46.73,45.41,46.49,22922083
1411997400,2014-09-29 09:30,43.57,44.61,43.52,43.72,51786831
1412083800,2014-09-30 09:30,43.315,43.83,42.89,43.45,42316474
1412170200,2014-10-01 09:30,42.75,43.12,41.76,41.91,34697947
1412256600,2014-10-02 09:30,42.22,42.84,41.38,42.28,29688187
1412343000,2014-10-03 09:30,42.22,43.44,42.1,43.38,34179563
1412602200,2014-10-06 09:30,47.32,47.37,45.89,46.03,56256261
1412688600,2014-10-07 09:30,46.91,47.5192,46.44,46.72,42200599
1412775000,2014-10-08 09:30,47.51,47.55,45.43,46.95,43407482
1412861400,2014-10-09 09:30,47.55,47.63,46.66,46.81,29604600
1412947800,2014-10-10 09:30,46.15,46.24,44.73,44.76,38594134
1413207000,2014-10-13 09:30,46.63,48.08,46.5,47.27,44125372
1413293400,2014-10-14 09:30,46.82,47.945,46.515,47.32,27650882
1413379800,2014-10-15 09:30,45.56,45.7,43.8,44.9,65953136
1413466200,2014-10-16 09:30,43.04,44.2,42.97,43.28,45087259
1413552600,2014-10-17 09:30,44.15,45.2,43.625,45.08,52444365
1413811800,2014-10-20 09:30,43.68,43.96,43.15,43.41,36083457
1413898200,2014-10-21 09:30,41.31,42.43,41.31,41.69,43676505
1413984600,2014-10-22 09:30,41.88,42.255,41.03,41.35,26523194
1414071000,2014-10-23 09:30,40.49,40.79,39.385,39.84,56206456
1414157400,2014-10-24 09:30,40.67,42.3,40.55,41.57,54343354
1414416600,2014-10-27 09:30,38.45,39.91,38.295,39.33,77016075
1414503000,2014-10-28 09:30,40.8,41.609,40.5,41.29,68879558
1414589400,2014-10-29 09:30,42.02,42.14,40.5,41.1,39670157
1414675800,2014-10-30 09:30,42.43,43.02,42.07,42.75,38253103
1414762200,2014-10-31 09:30,42.24,43.365,42.16,43.24,28049016
1415025000,2014-11-03 09:30,42.36,42.5,41.75,42.17,26467417
1415111400,2014-11-04 09:30,42.16,42.755,41.73,42.41,20405673
1415197800,2014-11-05 09:30,42.05,42.25,41.75,42.03,17696404
1415284200,2014-11-06 09:30,41.04,41.2,40.2,40.38,27797677
1415370600,2014-11-07 09:30,40.71,41.05,40.52,40.98,19137629
1415629800,2014-11-10 09:30,41.52,41.56,40.48,40.57,13543248
1415716200,2014-11-11 09:30,40.42,40.595,39.981,40.52,16037869
1415802600,2014-11-12 09:30,40.93,41.46,40.44,40.52,24035383
1415889000,2014-11-13 09:30,40.6,40.65,39.34,39.65,22892471
1415975400,2014-11-14 09:30,38.6,39.46,38.551,39.28,20559778
1416234600,2014-11-17 09:30,39.62,39.65,38.62,38.9,15549642
1416321000,2014-11-18 09:30,39.01,39.96,38.845,39.76,18391831
1416407400,2014-11-19 09:30,40.51,41.095,39.89,40.92,27453250
1416493800,2014-11-20 09:30,42.08,42.08,40.36,41.13,36815390
1416580200,2014-11-21 09:30,42.06,44.13,42.04,43.95,66396908
1416839400,2014-11-24 09:30,43.24,43.68,42.59,42.64,28501892
1416925800,2014-11-25 09:30,43.7,43.77,42.66,42.69,20459669
1417012200,2014-11-26 09:30,43.32,43.55,43.02,43.25,18631330
1417185000,2014-11-28 09:30,42.25,42.32,41.66,41.85,28252201
1417444200,2014-12-01 09:30,40.84,40.89,39.835,40.12,35783300
1417530600,2014-12-02 09:30,40.11,40.19,39.36,39.515,17624162
1417617000,2014-12-03 09:30,40.06,40.38,39.86,39.87,15375089
1417703400,2014-12-04 09:30,39.33,39.48,38.87,39.13,18914587
1417789800,2014-12-05 09:30,39,39.59,38.69,39.33,16289714
1418049000,2014-12-08 09:30,39.1,39.125,37.69,37.92,26001487
1418135400,2014-12-09 09:30,37.74,38.2,37.46,37.98,23791012
1418221800,2014-12-10 09:30,37.85,37.86,37.16,37.22,19384037
1418308200,2014-12-11 09:30,36.76,37.23,36.51,36.64,18770756
1418394600,2014-12-12 09:30,36.63,36.65,35.58,35.65,18595184
1418653800,2014-12-15 09:30,35.57,35.62,33.91,34.35,31776414
1418740200,2014-12-16 09:30,33.63,34.41,32.97,33.82,44782404
1418826600,2014-12-17 09:30,34.05,35.645,33.985,35.02,48492378
1418913000,2014-12-18 09:30,36.04,36.33,35.34,35.65,21111143
1418999400,2014-12-19 09:30,35.98,36.45,35.84,36.01,26655470
1419258600,2014-12-22 09:30,36.35,36.74,36.13,36.61,20333971
1419345000,2014-12-23 09:30,36.55,36.6,35.89,36.47,13441170
1419431400,2014-12-24 09:30,36.6,36.641,36.05,36.56,5430862
1419604200,2014-12-26 09:30,36.78,37.03,36.37,36.49,7285885
1419863400,2014-12-29 09:30,36.42,36.93,36.33,36.53,10818542
1419949800,2014-12-30 09:30,37.08,37.2,36.51,36.76,13443810
1420036200,2014-12-31 09:30,36.7,36.76,36.06,36.57,9103444
1420209000,2015-01-02 09:30,35.98,36,35.04,35.36,17765365
1420468200,2015-01-05 09:30,34.215,34.41,34.05,34.15,22200354
1420554600,2015-01-06 09:30,34.62,34.99,34.21,34.76,21194032
1420641000,2015-01-07 09:30,35.75,36.1,35.52,35.7,16427500
1420727400,2015-01-08 09:30,35.94,36.57,35.8,36.27,14081006
1420813800,2015-01-09 09:30,36.11,36.36,35.86,36.17,9498546
1421073000,2015-01-12 09:30,35.34,35.4,35.04,35.32,12921041
1421159400,2015-01-13 09:30,35.79,36.1601,35.36,35.71,17157761
1421245800,2015-01-14 09:30,35.69,36.21,35.52,36.07,15871154
1421332200,2015-01-15 09:30,36.42,36.52,35.51,35.53,14300854
1421418600,2015-01-16 09:30,36.2,36.72,36.16,36.72,19665416
1421764200,2015-01-20 09:30,36.01,36.17,35.63,36.11,23278551
1421850600,2015-01-21 09:30,36.35,37.495,36.25,37.31,16172870
1421937000,2015-01-22 09:30,37.97,38.2,37.4,37.91,18016281
1422023400,2015-01-23 09:30,37.25,37.26,36.72,36.8,17658767
1422282600,2015-01-26 09:30,36.5,36.87,36.33,36.53,12156711
1422369000,2015-01-27 09:30,36.14,37.13,36.05,36.97,13429626
1422455400,2015-01-28 09:30,36.3,36.55,35.89,35.97,14606894
1422541800,2015-01-29 09:30,36.14,36.19,35.53,36,14304274
1422628200,2015-01-30 09:30,34.33,34.7,34.16,34.31,25128341
1422887400,2015-02-02 09:30,34.12,34.78,34.08,34.71,18088830
1422973800,2015-02-03 09:30,35.22,35.79,35.1,35.69,17542997
1423060200,2015-02-04 09:30,34.66,35.53,34.61,35.22,15882808
1423146600,2015-02-05 09:30,34.91,35.7,34.91,35.5,11428602
1423233000,2015-02-06 09:30,34.45,34.61,34.16,34.42,19329451
1423492200,2015-02-09 09:30,34.15,35.035,34.15,34.86,11747830
1423578600,2015-02-10 09:30,34.33,34.36,33.55,33.84,14339384
1423665000,2015-02-11 09:30,33.02,33.36,32.64,33.18,20615067
1423751400,2015-02-12 09:30,33.95,34.505,33.87,34.48,17716376
1423837800,2015-02-13 09:30,34.56,35.1,34.56,35.05,15122091
1424183400,2015-02-17 09:30,35.16,35.41,34.59,35.37,8047926
1424269800,2015-02-18 09:30,35.24,35.645,35.01,35.39,12806122
1424356200,2015-02-19 09:30,34.92,35.321,34.67,34.98,9627602
1424442600,2015-02-20 09:30,34.64,34.99,34.41,34.86,12997885
1424701800,2015-02-23 09:30,35.05,35.14,34.59,34.75,15338686
1424788200,2015-02-24 09:30,34.79,35.86,34.51,35.77,17534688
1424874600,2015-02-25 09:30,34.95,35.34,34.7,35.14,16186187
1424961000,2015-02-26 09:30,34.94,35.14,34.73,34.92,12893002
1425047400,2015-02-27 09:30,35.18,35.96,35.09,35.38,19928948
1425306600,2015-03-02 09:30,35.15,35.19,34.31,34.5,16440710
1425393000,2015-03-03 09:30,34.34,34.69,34.17,34.23,14316628
1425479400,2015-03-04 09:30,33.36,33.47,32.9,33.26,20143058
1425565800,2015-03-05 09:30,33,33.01,32.54,32.8,17310919
1425652200,2015-03-06 09:30,32.11,32.23,31.81,31.93,19746440
1425907800,2015-03-09 09:30,31.45,31.49,30.74,30.77,19967179
1425994200,2015-03-10 09:30,30.81,30.92,30.29,30.46,24304626
1426080600,2015-03-11 09:30,30.31,30.82,30.165,30.61,16183642
1426167000,2015-03-12 09:30,31.15,31.22,30.235,30.36,18716589
1426253400,2015-03-13 09:30,29.49,29.52,28.82,29.31,25330226
1426512600,2015-03-16 09:30,29.81,29.93,29.34,29.52,16971311
1426599000,2015-03-17 09:30,29.26,30.505,29.22,30.46,29042184
1426685400,2015-03-18 09:30,30.21,31.57,30.08,31.34,27873669
1426771800,2015-03-19 09:30,30.81,30.98,30.05,30.22,18310988
1426858200,2015-03-20 09:30,31.01,31.67,31,31.54,20913996
1427117400,2015-03-23 09:30,31.7,32.24,31.66,32.17,19766554
1427203800,2015-03-24 09:30,32.6,32.63,31.825,32.15,16585634
1427290200,2015-03-25 09:30,32.48,32.53,31.64,31.64,13000438
1427376600,2015-03-26 09:30,31.53,31.64,30.77,30.96,20913234
1427463000,2015-03-27 09:30,30.65,30.77,30.16,30.29,14138709
1427722200,2015-03-30 09:30,30.4,31.22,30.37,31.09,20271053
1427808600,2015-03-31 09:30,31.17,31.59,30.89,31.37,20858772
1427895000,2015-04-01 09:30,32.14,32.63,31.96,32.25,26160747
1427981400,2015-04-02 09:30,32.73,33.37,32.63,33.24,25610634
1428327000,2015-04-06 09:30,33.84,34.17,33.6,33.67,22720898
1428413400,2015-04-07 09:30,33.6,33.82,33.44,33.5,9976910
1428499800,2015-04-08 09:30,34.42,34.6,34.03,34.27,17403853
1428586200,2015-04-09 09:30,34.37,34.66,34.075,34.19,20660591
1428672600,2015-04-10 09:30,34,34.48,33.97,34.45,11963109
1428931800,2015-04-13 09:30,34.25,34.7,33.76,33.79,19350728
1429018200,2015-04-14 09:30,34.26,34.525,33.89,34.38,16817841
1429104600,2015-04-15 09:30,34.61,35.27,34.46,35.24,20192807
1429191000,2015-04-16 09:30,35.2,35.5,34.92,35.28,13665046
1429277400,2015-04-17 09:30,34.58,34.775,34.3,34.535,18112099
1429536600,2015-04-20 09:30,34.63,34.72,34.24,34.5,11383209
1429623000,2015-04-21 09:30,34.69,34.84,34.43,34.49,7730207
1429709400,2015-04-22 09:30,34.69,35.5,34.62,35.38,15715876
1429795800,2015-04-23 09:30,34.94,36.37,34.91,36.27,21138093
1429882200,2015-04-24 09:30,36.61,37.195,36.55,37.17,17237963
1430141400,2015-04-27 09:30,37.3,37.535,36.8,36.81,16363924
1430227800,2015-04-28 09:30,37.33,37.36,36.72,36.84,17506218
1430314200,2015-04-29 09:30,36.61,36.9,36.15,36.4,11768844
1430400600,2015-04-30 09:30,36.34,36.36,35.67,36.21,18481769
1430487000,2015-05-01 09:30,36.3,36.51,35.88,36.21,10869561
1430746200,2015-05-04 09:30,36.08,36.26,35.94,36.13,12034030
1430832600,2015-05-05 09:30,36.24,36.99,36.18,36.59,17375085
1430919000,2015-05-06 09:30,37.25,37.25,36.19,36.31,21658837
1431005400,2015-05-07 09:30,36.44,36.54,35.98,36.47,13959408
1431091800,2015-05-08 09:30,37.12,37.33,36.6,37.19,12731741
1431351000,2015-05-11 09:30,37.21,37.24,36.305,36.37,15873971
1431437400,2015-05-12 09:30,36.35,36.91,36.29,36.52,10355355
1431523800,2015-05-13 09:30,36.79,36.83,35.94,36.1,14341100
1431610200,2015-05-14 09:30,36.4,36.91,36.32,36.81,13903725
1431696600,2015-05-15 09:30,36.67,37.355,36.44,37.13,11365829
1431955800,2015-05-18 09:30,37.07,37.12,35.99,36.13,15804798
1432042200,2015-05-19 09:30,35.89,35.89,35.43,35.54,14238289
1432128600,2015-05-20 09:30,35.51,35.95,35.29,35.6,12807910
1432215000,2015-05-21 09:30,35.21,35.41,35,35.23,11245304
1432301400,2015-05-22 09:30,35.07,35.13,34.09,34.2,28441442
1432647000,2015-05-26 09:30,33.85,33.87,33.04,33.04,32106302
1432733400,2015-05-27 09:30,32.8,33.5155,32.58,33.44,19632319
1432819800,2015-05-28 09:30,33.04,33.18,32.64,33.16,17384555
1432906200,2015-05-29 09:30,32.91,33.1,32.24,32.27,19960257
1433165400,2015-06-01 09:30,32.49,32.64,32.24,32.49,12426582
1433251800,2015-06-02 09:30,32.99,33.65,32.9,33.59,16040491
1433338200,2015-06-03 09:30,33.59,33.72,33.16,33.27,13543321
1433424600,2015-06-04 09:30,33,33.28,32.64,32.79,9522176
1433511000,2015-06-05 09:30,32.54,32.97,32.27,32.72,14139761
1433770200,2015-06-08 09:30,33.21,33.27,33.02,33.05,10728927
1433856600,2015-06-09 09:30,33.28,33.52,33.11,33.17,9732203
1433943000,2015-06-10 09:30,34.15,34.17,33.51,33.63,20744554
1434029400,2015-06-11 09:30,33.41,33.69,33.04,33.65,16610190
1434115800,2015-06-12 09:30,33.46,33.5,33.12,33.36,12556235
1434375000,2015-06-15 09:30,33.08,33.37,32.91,33.09,8784258
1434461400,2015-06-16 09:30,33.43,34.03,33.36,33.82,11160566
1434547800,2015-06-17 09:30,33.54,34.11,33.26,33.92,9124768
1434634200,2015-06-18 09:30,34.15,34.63,33.96,34.53,16166551
1434720600,2015-06-19 09:30,33.99,34.16,33.67,33.8,17584005
1434979800,2015-06-22 09:30,34.36,34.43,34.0199,34.09,9189223
1435066200,2015-06-23 09:30,34,34.23,33.88,34.12,7516644
1435152600,2015-06-24 09:30,34.06,34.34,33.735,33.84,7790711
1435239000,2015-06-25 09:30,33.1,33.18,32.39,32.6,10489569
1435325400,2015-06-26 09:30,32.75,33.17,32.6,33.08,10564531
1435584600,2015-06-29 09:30,32.56,32.75,32.24,32.52,8477659
1435671000,2015-06-30 09:30,32.86,33.03,32.57,32.77,11613457
1435757400,2015-07-01 09:30,32.8,32.94,32.24,32.26,8871896
1435843800,2015-07-02 09:30,32.53,32.9899,32.53,32.98,7634540
1436189400,2015-07-06 09:30,31.86,32.295,31.705,31.9,13511615
1436275800,2015-07-07 09:30,31.5,31.83,30.84,31.77,17936338
1436362200,2015-07-08 09:30,31.12,31.3399,30.76,30.76,19533023
1436448600,2015-07-09 09:30,31.42,31.76,31.075,31.1,9723605
1436535000,2015-07-10 09:30,31.6,32.07,31.39,32.06,13471452
1436794200,2015-07-13 09:30,32.17,32.62,31.94,32.61,10493878
1436880600,2015-07-14 09:30,32.45,32.92,32.33,32.71,8421759
1436967000,2015-07-15 09:30,32.49,32.65,32.26,32.46,9739612
1437053400,2015-07-16 09:30,32.72,32.735,32.15,32.33,8277793
1437139800,2015-07-17 09:30,32.34,32.36,31.51,31.52,15111520
1437399000,2015-07-20 09:30,31.35,31.35,30.98,31.14,11868382
1437485400,2015-07-21 09:30,31.11,31.5,31.1,31.29,13044188
1437571800,2015-07-22 09:30,30.89,30.91,30.29,30.46,11088660
1437658200,2015-07-23 09:30,29.74,30.1,29.15,29.22,27428615
1437744600,2015-07-24 09:30,28.86,28.9,28.15,28.5,26799668
1438003800,2015-07-27 09:30,28.24,28.55,28,28.05,19688619
1438090200,2015-07-28 09:30,28.36,28.59,27.535,28.53,34416142
1438176600,2015-07-29 09:30,28.66,29.17,28.41,29.09,15882125
1438263000,2015-07-30 09:30,29.06,29.17,28.35,28.51,15562348
1438349400,2015-07-31 09:30,28.93,29.11,28.5,28.69,12640406
1438608600,2015-08-03 09:30,28.39,28.47,28.005,28.04,16065311
1438695000,2015-08-04 09:30,27.97,28.18,27.64,28,11226481
1438781400,2015-08-05 09:30,28.09,28.19,27.72,27.77,9852879
1438867800,2015-08-06 09:30,27.41,27.59,27.085,27.21,20564198
1438954200,2015-08-07 09:30,27,27.215,26.67,26.78,15016836
1439213400,2015-08-10 09:30,26.83,27.76,26.79,27.74,17055490
1439299800,2015-08-11 09:30,27.09,27.22,26.6,26.99,18380023
1439386200,2015-08-12 09:30,26.85,26.95,26.52,26.78,18722106
1439472600,2015-08-13 09:30,26.65,26.68,26.14,26.17,21359167
1439559000,2015-08-14 09:30,26.38,26.58,26.24,26.29,7606267
1439818200,2015-08-17 09:30,26.15,26.57,26.08,26.16,10515856
1439904600,2015-08-18 09:30,25.97,26.76,25.75,26.36,21191433
1439991000,2015-08-19 09:30,25.97,26.07,25.28,25.75,23627749
1440077400,2015-08-20 09:30,25.59,26.12,25.43,26.01,14934391
1440163800,2015-08-21 09:30,25.43,25.54,25.1,25.1,20675871
1440423000,2015-08-24 09:30,23.32,24.68,22.99,24.01,28945231
1440509400,2015-08-25 09:30,24.86,24.8901,23.79,23.8,19170524
1440595800,2015-08-26 09:30,23.81,24.77,23.56,24.76,22452092
1440682200,2015-08-27 09:30,25.2,26.14,25.17,25.98,34868219
1440768600,2015-08-28 09:30,25.61,25.985,25.22,25.39,20014722
1441027800,2015-08-31 09:30,24.11,24.92,23.95,24.88,20363727
1441114200,2015-09-01 09:30,23.96,24.27,23.59,23.73,23341215
1441200600,2015-09-02 09:30,23.88,23.95,23.36,23.94,29467371
1441287000,2015-09-03 09:30,23.64,24.41,23.51,24.23,26890302
1441373400,2015-09-04 09:30,23.8,23.9201,23.1,23.1,19423971
1441719000,2015-09-08 09:30,23.83,23.905,23.4,23.57,13506327
1441805400,2015-09-09 09:30,24,24.31,23.48,23.49,11331831
1441891800,2015-09-10 09:30,22.7,23.355,22.64,23.15,23668542
1441978200,2015-09-11 09:30,23.11,23.15,22.8,22.9,9035053
1442237400,2015-09-14 09:30,23.05,23.79,22.78,23.77,12913855
1442323800,2015-09-15 09:30,23.29,23.71,23.29,23.59,12537405
1442410200,2015-09-16 09:30,23.98,24.44,23.96,24.42,19577210
1442496600,2015-09-17 09:30,23.81,24.77,23.78,24.14,17050093
1442583000,2015-09-18 09:30,23.75,23.81,22.73,22.73,23083487
1442842200,2015-09-21 09:30,22.85,22.93,22.34,22.51,12405047
1442928600,2015-09-22 09:30,21.81,22.075,21.45,21.9,23475613
1443015000,2015-09-23 09:30,21.82,21.83,20.97,20.99,22701772
1443101400,2015-09-24 09:30,20.13,21.82,20.06,21.77,43322969
1443187800,2015-09-25 09:30,22.05,22.08,21.6,21.64,28372735
1443447000,2015-09-28 09:30,21.34,21.38,20.64,20.64,23672401
1443533400,2015-09-29 09:30,20.65,21.21,20.485,20.98,21827827
1443619800,2015-09-30 09:30,21.88,21.96,21.48,21.95,22720868
1443706200,2015-10-01 09:30,21.99,22.15,21.49,21.94,19142968
1443792600,2015-10-02 09:30,21.61,23.02,21.515,23.02,21472222
1444051800,2015-10-05 09:30,23.21,23.65,23.21,23.62,26182750
1444138200,2015-10-06 09:30,23.72,24.115,23.64,23.85,15303899
1444224600,2015-10-07 09:30,24.42,24.98,23.885,24.31,29391137
1444311000,2015-10-08 09:30,24.26,24.97,24.25,24.96,22966106
1444397400,2015-10-09 09:30,25.24,25.5,24.89,25.25,19284671
1444656600,2015-10-12 09:30,25.32,25.35,24.66,24.69,15749681
1444743000,2015-10-13 09:30,24.15,24.24,23.385,23.41,30714843
1444829400,2015-10-14 09:30,23.55,23.84,23.4,23.65,22165235
1444915800,2015-10-15 09:30,23.65,23.95,23.22,23.95,27019797
1445002200,2015-10-16 09:30,23.86,23.98,23.3399,23.73,23776339
1445261400,2015-10-19 09:30,23.42,23.66,23.115,23.55,14281467
1445347800,2015-10-20 09:30,23.64,23.69,23.02,23.19,12627417
1445434200,2015-10-21 09:30,23.09,23.095,22.75,22.89,15958577
1445520600,2015-10-22 09:30,23.43,23.67,23.2799,23.67,13106404
1445607000,2015-10-23 09:30,23.88,24.155,23.5,23.6,16235241
1445866200,2015-10-26 09:30,23.88,23.89,23.19,23.29,10816927
1445952600,2015-10-27 09:30,23.2,23.355,23.06,23.16,14831798
1446039000,2015-10-28 09:30,23.3,23.72,22.75,22.96,13264953
1446125400,2015-10-29 09:30,22.72,23.13,22.68,22.78,13914952
1446211800,2015-10-30 09:30,22.82,22.91,22.62,22.87,11731409
1446474600,2015-11-02 09:30,23,23.46,22.87,23.44,11741088
1446561000,2015-11-03 09:30,23.43,24.83,23.43,24.77,34502728
1446647400,2015-11-04 09:30,24.72,24.91,23.98,24.12,25996222
1446733800,2015-11-05 09:30,24.15,24.57,24.05,24.46,15259125
1446820200,2015-11-06 09:30,23.87,24.26,23.3,24.1,26200390
1447079400,2015-11-09 09:30,23.68,23.87,23.28,23.36,17931487
1447165800,2015-11-10 09:30,23.28,24.06,23,23.78,23243734
1447252200,2015-11-11 09:30,24.36,24.4,23.76,24.28,18020759
1447338600,2015-11-12 09:30,23.61,24.145,23.56,23.69,15661045
1447425000,2015-11-13 09:30,23.71,23.82,23.22,23.2308,26460166
1447684200,2015-11-16 09:30,23.35,23.96,23.285,23.96,13565368
1447770600,2015-11-17 09:30,24.05,24.21,23.78,23.88,14368523
1447857000,2015-11-18 09:30,24.19,24.66,24.0297,24.605,17784164
1447943400,2015-11-19 09:30,24.71,25.13,24.62,25.13,16248523
1448029800,2015-11-20 09:30,25.41,25.83,25.37,25.48,17742761
1448289000,2015-11-23 09:30,25.1,25.27,24.74,24.85,16604316
1448375400,2015-11-24 09:30,24.79,25.28,24.71,25.23,14804060
1448461800,2015-11-25 09:30,24.19,24.47,24.03,24.06,25097385
1448634600,2015-11-27 09:30,24.26,24.29,23.31,23.34,16879588
1448893800,2015-11-30 09:30,22.91,22.98,22.43,22.52,33278105
1448980200,2015-12-01 09:30,22.57,22.83,22.43,22.58,18142039
1449066600,2015-12-02 09:30,22.8,23.16,22.37,23.14,26407549
1449153000,2015-12-03 09:30,23.95,24.17,23.75,23.91,31972188
1449239400,2015-12-04 09:30,23.55,23.75,23.32,23.48,20422824
1449498600,2015-12-07 09:30,23.8,23.86,23.24,23.29,14287571
1449585000,2015-12-08 09:30,22.72,23.61,22.55,23.31,25601175
1449671400,2015-12-09 09:30,23.83,24.18,23.64,23.9,26981895
1449757800,2015-12-10 09:30,23.46,23.56,22.86,22.89,13416857
1449844200,2015-12-11 09:30,22.9,22.9,22.44,22.47,13284948
1450103400,2015-12-14 09:30,22.34,22.49,22.18,22.39,14552662
1450189800,2015-12-15 09:30,22.66,22.79,22.28,22.37,10544927
1450276200,2015-12-16 09:30,21.9,22.92,21.66,22.85,25956720
1450362600,2015-12-17 09:30,23,23.09,22.14,22.24,21409430
1450449000,2015-12-18 09:30,21.99,22.2,21.2,21.22,25447679
1450708200,2015-12-21 09:30,21.35,21.35,20.54,20.74,26908358
1450794600,2015-12-22 09:30,20.82,21,20.68,20.93,12396341
1450881000,2015-12-23 09:30,21.12,21.5401,21.09,21.525,11721692
1450967400,2015-12-24 09:30,21.4,21.62,21.3,21.49,2085911
1451313000,2015-12-28 09:30,21.56,21.8,21.45,21.72,8514082
1451399400,2015-12-29 09:30,21.91,21.945,21.48,21.6,8623573
1451485800,2015-12-30 09:30,21.07,21.21,20.765,20.79,10875743
1451572200,2015-12-31 09:30,20.76,20.8,20.64,20.68,8068065
1451917800,2016-01-04 09:30,20.32,20.32,19.905,19.94,21184099
1452004200,2016-01-05 09:30,20.22,20.275,19.985,20.22,12206902
1452090600,2016-01-06 09:30,19.85,20.19,19.81,19.92,18165093
1452177000,2016-01-07 09:30,19.49,19.62,19.13,19.18,21770884
1452263400,2016-01-08 09:30,19.56,19.62,19.0701,19.09,16554089
1452522600,2016-01-11 09:30,19.57,19.59,18.8,18.93,14221136
1452609000,2016-01-12 09:30,19.14,19.2,18.69,19.02,12266236
1452695400,2016-01-13 09:30,19.24,19.34,18.58,18.58,16254203
1452781800,2016-01-14 09:30,18.6,19.06,18.405,19.05,15198409
1452868200,2016-01-15 09:30,18.25,18.42,18.03,18.335,30445723
1453213800,2016-01-19 09:30,18.36,18.43,18,18.23,20827593
1453300200,2016-01-20 09:30,17.78,18.01,17.3,17.79,21222567
1453386600,2016-01-21 09:30,17.49,17.73,17.31,17.33,22987181
1453473000,2016-01-22 09:30,17.87,18.08,17.78,18.08,22517079
1453732200,2016-01-25 09:30,17.85,18.075,17.62,17.63,7472655
1453818600,2016-01-26 09:30,17.65,17.95,17.49,17.94,10617570
1453905000,2016-01-27 09:30,18.02,18.47,17.94,18.18,17795662
1453991400,2016-01-28 09:30,18.54,18.62,18.08,18.49,17471999
1454077800,2016-01-29 09:30,19.04,19.85,18.97,19.83,32325140
1454337000,2016-02-01 09:30,19.28,19.93,19.235,19.88,17309092
1454423400,2016-02-02 09:30,19.23,19.27,18.56,18.59,25308667
1454509800,2016-02-03 09:30,19.33,19.73,18.83,19.72,26040631
1454596200,2016-02-04 09:30,20.2,20.77,20.12,20.55,33382060
1454682600,2016-02-05 09:30,20.33,20.43,19.91,20.06,17144107
1454941800,2016-02-08 09:30,19.7,19.9,19.33,19.59,11744231
1455028200,2016-02-09 09:30,19.33,19.58,19.02,19.32,12454526
1455114600,2016-02-10 09:30,19.63,19.91,19.44,19.725,20646967
1455201000,2016-02-11 09:30,19.16,19.31,18.76,18.9,16500952
1455287400,2016-02-12 09:30,19.23,19.38,19.12,19.34,11516570
1455633000,2016-02-16 09:30,19.48,19.58,19.27,19.48,11549360
1455719400,2016-02-17 09:30,19.82,20.485,19.73,20.21,21634499
1455805800,2016-02-18 09:30,20.04,20.075,19.63,19.69,18287933
1455892200,2016-02-19 09:30,19.57,20.01,19.44,19.81,27554473
1456151400,2016-02-22 09:30,20.68,21.14,20.63,21.1,22329878
1456237800,2016-02-23 09:30,20.86,20.91,20.49,20.55,12669284
1456324200,2016-02-24 09:30,19.96,20.47,19.77,20.39,16742176
1456410600,2016-02-25 09:30,20.54,20.62,20.17,20.36,10582932
1456497000,2016-02-26 09:30,20.6,20.62,19.89,20.01,12013844
1456756200,2016-02-29 09:30,20.6,20.84,20.36,20.49,19771512
1456842600,2016-03-01 09:30,20.74,21.6,20.64,21.57,29064211
1456929000,2016-03-02 09:30,21.43,22.21,21.39,22.11,28005564
1457015400,2016-03-03 09:30,22.55,23.79,22.48,23.74,43342912
1457101800,2016-03-04 09:30,25.1,25.29,24.59,24.99,57974484
1457361000,2016-03-07 09:30,24.74,25.13,24.55,24.81,22232303
1457447400,2016-03-08 09:30,24.97,25.21,24.56,24.92,27557390
1457533800,2016-03-09 09:30,25.51,25.54,24.935,25.2,27022365
1457620200,2016-03-10 09:30,25.12,26.28,24.83,25.97,33141019
1457706600,2016-03-11 09:30,25.94,26.32,25.885,26.16,25265787
1457962200,2016-03-14 09:30,25.92,26.24,25.38,25.4,31818029
1458048600,2016-03-15 09:30,24.35,24.81,23.65,23.78,45037910
1458135000,2016-03-16 09:30,23.32,24.38,22.97,24.3,31778047
1458221400,2016-03-17 09:30,26.13,26.75,25.51,26.45,56557663
1458307800,2016-03-18 09:30,26.66,26.83,26.245,26.8,30296147
1458567000,2016-03-21 09:30,26.63,27.03,26.57,26.91,21767132
1458653400,2016-03-22 09:30,26.7,27.18,26.635,26.93,21471406
1458739800,2016-03-23 09:30,26.3,26.32,25.59,25.67,21599158
1458826200,2016-03-24 09:30,25.3,25.69,25.095,25.68,16267725
1459171800,2016-03-28 09:30,26.48,26.785,26.14,26.68,17057188
1459258200,2016-03-29 09:30,26.34,27.05,26.03,26.74,26973429
1459344600,2016-03-30 09:30,27.11,27.52,26.62,26.86,26371036
1459431000,2016-03-31 09:30,26.89,27.065,26.11,26.3,29126284
1459517400,2016-04-01 09:30,25.97,26.985,25.82,26.89,19914962
1459776600,2016-04-04 09:30,26.3,26.52,25.52,25.55,25225594
1459863000,2016-04-05 09:30,25.29,25.77,25,25.39,18912245
1459949400,2016-04-06 09:30,25.08,25.37,24.81,25.17,18721540
1460035800,2016-04-07 09:30,25.06,25.23,24.75,24.96,17498007
1460122200,2016-04-08 09:30,26.02,26.57,25.96,26.56,26902412
1460381400,2016-04-11 09:30,27.22,27.53,27.06,27.19,27155851
1460467800,2016-04-12 09:30,27.38,28.28,27.17,28.1,30982094
1460554200,2016-04-13 09:30,28.57,29.01,28.5,28.92,30702212
1460640600,2016-04-14 09:30,28.75,28.78,28.17,28.55,25903025
1460727000,2016-04-15 09:30,28.41,28.635,28.22,28.59,27030899
1460986200,2016-04-18 09:30,27.78,28.365,27.61,27.73,25234751
1461072600,2016-04-19 09:30,28.24,28.83,28.16,28.83,23501061
1461159000,2016-04-20 09:30,28.5,28.845,28.28,28.56,15624644
1461245400,2016-04-21 09:30,28.6,28.73,27.98,28.11,18411632
1461331800,2016-04-22 09:30,27.83,28.29,27.78,28.04,19768582
1461591000,2016-04-25 09:30,28.23,28.23,27.57,27.66,13796766
1461677400,2016-04-26 09:30,27.97,28.54,27.79,28.53,15234677
1461763800,2016-04-27 09:30,28.86,29.3,28.61,29.24,19167703
1461850200,2016-04-28 09:30,29.24,29.78,29.13,29.29,14417814
1461936600,2016-04-29 09:30,29.78,29.96,29.2,29.51,21999713
1462195800,2016-05-02 09:30,29.05,29.14,28.75,28.955,15563434
1462282200,2016-05-03 09:30,28.23,28.26,27.675,27.7,25289589
1462368600,2016-05-04 09:30,27.81,28.3,27.65,28.13,21308385
1462455000,2016-05-05 09:30,28.53,28.58,27.415,27.64,15899921
1462541400,2016-05-06 09:30,27.46,28.03,27.36,27.96,13235413
1462800600,2016-05-09 09:30,27.57,27.62,25.89,27.48,39965352
1462887000,2016-05-10 09:30,28.15,29.02,28.03,28.98,24964336
1462973400,2016-05-11 09:30,29.53,29.57,28.85,29.03,21549211
1463059800,2016-05-12 09:30,28.96,29.36,28.335,29.04,23499013
1463146200,2016-05-13 09:30,28.63,28.81,27.64,27.8,21508755
1463405400,2016-05-16 09:30,27.93,28.29,27.91,27.99,12813621
1463491800,2016-05-17 09:30,27.79,27.9,27.29,27.53,15135860
1463578200,2016-05-18 09:30,26.92,27.555,26.73,26.76,25060314
1463664600,2016-05-19 09:30,26.31,26.59,26.0363,26.48,19724409
1463751000,2016-05-20 09:30,26.9,27.16,26.7,26.86,15898090
1464010200,2016-05-23 09:30,26.01,26.39,25.925,26.05,23408672
1464096600,2016-05-24 09:30,26.61,26.73,25.99,26.24,21624325
1464183000,2016-05-25 09:30,26.51,26.79,25.98,26.1,14821617
1464269400,2016-05-26 09:30,26.47,26.7,26.235,26.34,8985347
1464355800,2016-05-27 09:30,26.02,26.09,25.74,25.8,15867233
1464701400,2016-05-31 09:30,25.83,26.09,25.29,25.44,19596612
1464787800,2016-06-01 09:30,25.37,25.93,25.15,25.87,23341702
1464874200,2016-06-02 09:30,25.69,26.44,25.61,26.44,16275996
1464960600,2016-06-03 09:30,26.91,27.26,26.74,27.26,23813562
1465219800,2016-06-06 09:30,27.21,27.52,27.02,27.33,23473647
1465306200,2016-06-07 09:30,27.12,27.705,27.09,27.63,21471348
1465392600,2016-06-08 09:30,28.42,29.03,28.355,29.03,36888005
1465479000,2016-06-09 09:30,28.76,28.82,28.305,28.47,21086064
1465565400,2016-06-10 09:30,27.75,27.84,27.21,27.21,21900756
1465824600,2016-06-13 09:30,26.7,27.245,26.68,26.96,14931047
1465911000,2016-06-14 09:30,27.02,27.295,26.07,26.42,33418358
1465997400,2016-06-15 09:30,26.59,27.03,26.12,26.71,25166693
1466083800,2016-06-16 09:30,26.41,27.01,25.99,27,20436344
1466170200,2016-06-17 09:30,27.46,27.64,27.28,27.44,24510449
1466429400,2016-06-20 09:30,28.07,28.45,28.02,28.11,23383848
1466515800,2016-06-21 09:30,28.29,28.48,27.73,28.29,20298632
1466602200,2016-06-22 09:30,28.16,28.49,27.86,27.93,13390738
1466688600,2016-06-23 09:30,28.45,29.1,28.185,29.03,17412186
1466775000,2016-06-24 09:30,27.66,28.31,27.58,27.79,32114162
1467034200,2016-06-27 09:30,27.94,27.94,27.08,27.34,21492769
1467120600,2016-06-28 09:30,28.12,28.605,28.06,28.53,16834725
1467207000,2016-06-29 09:30,29.27,29.8,29.18,29.69,25573973
1467293400,2016-06-30 09:30,29.77,30.48,29.61,30.175,19869477
1467379800,2016-07-01 09:30,30.24,30.53,30.08,30.53,15339819
1467725400,2016-07-05 09:30,29.84,30.02,29.3515,29.53,19256404
1467811800,2016-07-06 09:30,29.2,29.39,28.65,29.35,23632385
1467898200,2016-07-07 09:30,29.44,29.72,29,29.03,20513808
1467984600,2016-07-08 09:30,30.12,30.48,29.94,30.39,20759670
1468243800,2016-07-11 09:30,30.61,30.81,30.55,30.68,16412013
1468330200,2016-07-12 09:30,31.33,31.54,30.96,30.96,22651742
1468416600,2016-07-13 09:30,31,31.395,30.62,31.38,15765848
1468503000,2016-07-14 09:30,32.15,32.38,31.865,32,25286056
1468589400,2016-07-15 09:30,31.9,32.14,31.68,32.03,12979092
1468848600,2016-07-18 09:30,31.96,32.67,31.87,32.6,16115602
1468935000,2016-07-19 09:30,32.38,32.72,32.17,32.72,17017651
1469021400,2016-07-20 09:30,32.63,33,32.38,32.75,17617795
1469107800,2016-07-21 09:30,32.6,32.819,32.15,32.4,17829043
1469194200,2016-07-22 09:30,32.5,32.98,32.2839,32.86,11974698
1469453400,2016-07-25 09:30,32.69,32.74,32.13,32.42,14004638
1469539800,2016-07-26 09:30,32.46,32.81,32.42,32.57,10680363
1469626200,2016-07-27 09:30,32.7,32.82,32.3,32.59,13805094
1469712600,2016-07-28 09:30,32.37,32.4401,32.025,32.22,13261377
1469799000,2016-07-29 09:30,32.67,33.31,32.555,33.24,21136622
1470058200,2016-08-01 09:30,33.08,33.08,32.52,32.55,12772267
1470144600,2016-08-02 09:30,32.92,32.99,31.95,32.24,20021890
1470231000,2016-08-03 09:30,32.05,33.06,31.76,33.04,22165202
1470317400,2016-08-04 09:30,33.2,34.055,33.12,33.76,24422948
1470403800,2016-08-05 09:30,34.14,34.25,33.57,34.13,27241982
1470663000,2016-08-08 09:30,33.97,34.42,33.96,34.11,22833474
1470749400,2016-08-09 09:30,34.31,34.735,34.29,34.46,13296818
1470835800,2016-08-10 09:30,34.66,34.75,33.88,34.12,17956861
1470922200,2016-08-11 09:30,34.22,34.93,34.15,34.88,17802053
1471008600,2016-08-12 09:30,34.56,35.06,34.28,34.46,19724043
1471267800,2016-08-15 09:30,34.65,35.06,34.65,34.8392,13293812
1471354200,2016-08-16 09:30,34.79,34.915,34.46,34.59,15849264
1471440600,2016-08-17 09:30,34.17,34.63,33.71,34.52,30598426
1471527000,2016-08-18 09:30,34.61,34.74,34.03,34.32,13144510
1471613400,2016-08-19 09:30,34.1,34.53,33.85,34.49,13172270
1471872600,2016-08-22 09:30,34.25,34.26,33.591,33.65,16416928
1471959000,2016-08-23 09:30,34,34.19,33.44,33.46,15868477
1472045400,2016-08-24 09:30,33.19,33.81,33.09,33.57,21906759
1472131800,2016-08-25 09:30,33.62,33.66,33.28,33.35,21721090
1472218200,2016-08-26 09:30,33.67,34.355,32.65,32.98,31301900
1472477400,2016-08-29 09:30,33,34.005,32.93,33.96,18113521
1472563800,2016-08-30 09:30,33.65,33.89,33.41,33.78,14202485
1472650200,2016-08-31 09:30,34.04,34.07,33.015,33.52,25519233
1472736600,2016-09-01 09:30,33.26,33.77,33.1,33.63,16071705
1472823000,2016-09-02 09:30,34.06,34.43,33.87,34.4,20995078
1473168600,2016-09-06 09:30,34.26,35.0799,34.17,34.98,19169760
1473255000,2016-09-07 09:30,34.97,35.08,34.5572,34.96,21050236
1473341400,2016-09-08 09:30,35.22,35.41,34.73,35.1,24423271
1473427800,2016-09-09 09:30,34.115,34.14,33.05,33.08,39570440
1473687000,2016-09-12 09:30,32.81,33.87,32.65,33.74,28115321
1473773400,2016-09-13 09:30,33,33.22,31.82,32.09,33352925
1473859800,2016-09-14 09:30,31.94,32.47,31.82,31.97,22954830
1473946200,2016-09-15 09:30,32.29,33.04,31.88,32.92,22000944
1474032600,2016-09-16 09:30,32.47,32.82,32.16,32.67,19909089
1474291800,2016-09-19 09:30,33.1,33.4,32.62,32.78,14201670
1474378200,2016-09-20 09:30,33.28,33.36,33.04,33.09,10394018
1474464600,2016-09-21 09:30,33.55,34.15,33.07,34.03,21142699
1474551000,2016-09-22 09:30,34.57,34.93,34.04,34.28,18777452
1474637400,2016-09-23 09:30,34.2,34.425,33.745,33.87,14503957
1474896600,2016-09-26 09:30,33.59,33.745,33.33,33.41,11715815
1474983000,2016-09-27 09:30,33.56,33.93,33.09,33.93,15641155
1475069400,2016-09-28 09:30,33.95,34.635,33.58,34.53,18484944
1475155800,2016-09-29 09:30,34.5,34.65,33.38,33.58,20968220
1475242200,2016-09-30 09:30,33.93,34.03,33.515,33.73,21785913
1475501400,2016-10-03 09:30,33.87,34.76,33.72,34.66,15099184
1475587800,2016-10-04 09:30,34.55,34.67,33.84,34.04,18881690
1475674200,2016-10-05 09:30,34.62,35.05,34.47,34.92,24304828
1475760600,2016-10-06 09:30,34.71,35.2385,34.62,35.14,9710540
1475847000,2016-10-07 09:30,35.57,35.675,34.86,35.46,18697910
1476106200,2016-10-10 09:30,35.8,35.94,35.6,35.87,16166165
1476192600,2016-10-11 09:30,35.7,35.78,35.35,35.58,19245833
1476279000,2016-10-12 09:30,35.49,35.76,35.23,35.45,7442082
1476365400,2016-10-13 09:30,35.23,35.935,34.97,35.83,17414238
1476451800,2016-10-14 09:30,36.24,36.49,35.91,36.05,19694537
1476711000,2016-10-17 09:30,36.1,36.55,35.99,36.47,22769921
1476797400,2016-10-18 09:30,36.98,37.48,36.69,37.36,23846017
1476883800,2016-10-19 09:30,37.51,37.67,37.17,37.27,24760299
1476970200,2016-10-20 09:30,37.15,37.935,37.05,37.78,17945130
1477056600,2016-10-21 09:30,37.4,37.92,37.365,37.77,16457454
1477315800,2016-10-24 09:30,38.43,38.5,38.025,38.08,15613713
1477402200,2016-10-25 09:30,37.9,38.35,37.59,38.19,12725918
1477488600,2016-10-26 09:30,37.66,38.155,37.4601,37.84,20424562
1477575000,2016-10-27 09:30,38.22,38.33,37.75,37.77,19417682
1477661400,2016-10-28 09:30,37.62,37.9,37.04,37.39,22784618
1477920600,2016-10-31 09:30,37.92,38.08,37.63,37.76,16549034
1478007000,2016-11-01 09:30,37.63,37.7,36.035,36.47,32017683
1478093400,2016-11-02 09:30,36.1,36.4,35.41,35.83,23411331
1478179800,2016-11-03 09:30,36.2,36.565,35.43,35.51,27847248
1478266200,2016-11-04 09:30,35.53,36.11,35.18,35.36,20544162
1478529000,2016-11-07 09:30,36.75,37.27,36.67,37.27,29256094
1478615400,2016-11-08 09:30,36.88,37.88,36.65,37.54,21516303
1478701800,2016-11-09 09:30,36.14,37.13,36.105,36.31,35156517
1478788200,2016-11-10 09:30,34.51,34.86,33.14,33.45,65811873
1478874600,2016-11-11 09:30,32.46,32.89,31.2,32.5,59164481
1479133800,2016-11-14 09:30,31.98,32.465,31.25,32.38,29614172
1479220200,2016-11-15 09:30,32.85,33.5,32.71,33.47,27580965
1479306600,2016-11-16 09:30,32.68,33.12,32.48,33.07,23918764
1479393000,2016-11-17 09:30,32.87,33.2,32.22,32.38,33155680
1479479400,2016-11-18 09:30,32.87,33.005,32.4,32.59,21158236
1479738600,2016-11-21 09:30,33.36,33.835,33.36,33.75,18549320
1479825000,2016-11-22 09:30,34.45,34.5,33.66,34.17,17622635
1479911400,2016-11-23 09:30,33.21,33.86,33.14,33.81,20805917
1480084200,2016-11-25 09:30,33.05,33.31,32.91,33.06,13268752
1480343400,2016-11-28 09:30,33.38,34.225,33.21,33.91,17738121
1480429800,2016-11-29 09:30,33.5,33.65,32.985,33.2,13524520
1480516200,2016-11-30 09:30,33.83,34.11,33.3,33.49,23330376
1480602600,2016-12-01 09:30,32.67,32.71,31.365,31.48,40231228
1480689000,2016-12-02 09:30,31.51,32.08,31.43,31.68,21542648
1480948200,2016-12-05 09:30,31.79,32.19,31.78,32.12,13676807
1481034600,2016-12-06 09:30,31.94,32.98,31.9,32.68,17146959
1481121000,2016-12-07 09:30,33.03,33.325,32.74,33.28,17631530
1481207400,2016-12-08 09:30,33.02,33.19,32.73,33.01,17954112
1481293800,2016-12-09 09:30,32.9,33.32,32.765,32.82,16499304
1481553000,2016-12-12 09:30,32.73,32.89,32.31,32.43,14327122
1481639400,2016-12-13 09:30,32.77,33.04,32.41,32.72,12636317
1481725800,2016-12-14 09:30,32.67,32.81,31.38,31.5,28596404
1481812200,2016-12-15 09:30,31.51,32,31.27,31.87,26875787
1481898600,2016-12-16 09:30,31.84,32.11,31.44,31.53,22899736
1482157800,2016-12-19 09:30,31.85,31.85,31.04,31.11,13987650
1482244200,2016-12-20 09:30,31.64,31.64,31.25,31.53,17307485
1482330600,2016-12-21 09:30,31.58,31.63,31.15,31.3,16848396
1482417000,2016-12-22 09:30,31.31,31.65,31.11,31.44,14069606
1482503400,2016-12-23 09:30,32.09,32.385,32.05,32.27,12471543
1482849000,2016-12-27 09:30,32.52,32.625,32.34,32.53,7654199
1482935400,2016-12-28 09:30,32.71,33.2,32.69,33.04,12581511
1483021800,2016-12-29 09:30,33.21,33.78,33.19,33.66,20819616
1483108200,2016-12-30 09:30,33.62,33.74,33.09,33.34,14596168
1483453800,2017-01-03 09:30,34.05,34.61,34.02,34.46,20781143
1483540200,2017-01-04 09:30,34.73,34.94,34.6,34.81,13846728
1483626600,2017-01-05 09:30,34.97,35.475,34.9,35.22,13077505
1483713000,2017-01-06 09:30,35.03,35.09,34.63,34.86,12121425
1483972200,2017-01-09 09:30,35.18,35.36,34.81,34.85,24442587
1484058600,2017-01-10 09:30,35.37,35.52,35.03,35.25,15983270
1484145000,2017-01-11 09:30,34.75,36.15,34.56,36.03,21222583
1484231400,2017-01-12 09:30,36.35,36.59,36.205,36.42,19758394
1484317800,2017-01-13 09:30,35.88,36.095,35.58,35.94,14507692
1484663400,2017-01-17 09:30,35.73,36.395,35.54,36.19,21582781
1484749800,2017-01-18 09:30,35.99,36.19,35.64,35.66,15508663
1484836200,2017-01-19 09:30,36.13,36.14,35.76,36.13,23827913
1484922600,2017-01-20 09:30,36.37,36.72,36.1,36.68,26899867
1485181800,2017-01-23 09:30,36.92,37.71,36.76,37.67,28922261
1485268200,2017-01-24 09:30,37.3,37.6,37.18,37.39,17856254
1485354600,2017-01-25 09:30,37.69,37.985,37.59,37.96,12952351
1485441000,2017-01-26 09:30,37.5,37.66,37.29,37.58,18921414
1485527400,2017-01-27 09:30,37.63,37.81,37.53,37.77,9060050
1485786600,2017-01-30 09:30,37.33,37.41,36.94,37.06,11740843
1485873000,2017-01-31 09:30,37.24,37.37,36.81,36.87,10519487
1485959400,2017-02-01 09:30,37.26,37.32,36.92,37.16,9357342
1486045800,2017-02-02 09:30,37.29,37.53,37.085,37.31,8173063
1486132200,2017-02-03 09:30,37.55,37.92,37.42,37.6,12517955
1486391400,2017-02-06 09:30,37.35,37.47,36.97,37.03,9535060
1486477800,2017-02-07 09:30,37.23,37.34,36.95,37.03,7513005
1486564200,2017-02-08 09:30,36.93,37.66,36.87,37.58,11056689
1486650600,2017-02-09 09:30,37.53,37.76,37.25,37.44,11799403
1486737000,2017-02-10 09:30,37.84,38.35,37.8,38.27,16044658
1486996200,2017-02-13 09:30,38.36,38.69,38.225,38.5,11784905
1487082600,2017-02-14 09:30,38.55,39.01,38.05,38.98,14993230
1487169000,2017-02-15 09:30,39.2,40.1,39.06,40.04,29230971
1487255400,2017-02-16 09:30,40.29,40.31,39.34,39.38,19482852
1487341800,2017-02-17 09:30,39.09,39.39,38.88,39.24,10992630
1487687400,2017-02-21 09:30,39.96,40.06,39.67,40.05,17182053
1487773800,2017-02-22 09:30,39.97,40.17,39.84,40.15,9611853
1487860200,2017-02-23 09:30,40.75,40.8,39.52,39.55,17418884
1487946600,2017-02-24 09:30,38.84,38.91,38.34,38.36,21906347
1488205800,2017-02-27 09:30,38.44,38.81,38.31,38.53,8724740
1488292200,2017-02-28 09:30,38.48,38.56,37.6325,37.73,15334056
1488378600,2017-03-01 09:30,38.3,39,38.27,38.98,19287959
1488465000,2017-03-02 09:30,38.37,38.48,37.41,37.42,22080703
1488551400,2017-03-03 09:30,37.96,38.62,37.675,38.58,16820932
1488810600,2017-03-06 09:30,38.62,38.69,38.02,38.08,8038695
1488897000,2017-03-07 09:30,38.46,38.46,37.88,37.94,11179907
1488983400,2017-03-08 09:30,37.36,37.42,36.52,36.81,16863565
1489069800,2017-03-09 09:30,36.82,36.92,36.185,36.32,19763782
1489156200,2017-03-10 09:30,37.27,37.335,36.8,37.12,19258886
1489411800,2017-03-13 09:30,37.23,37.5,37.0301,37.35,13202161
1489498200,2017-03-14 09:30,37.12,37.29,36.6,36.65,12656324
1489584600,2017-03-15 09:30,36.88,38.24,36.56,38.15,24865708
1489671000,2017-03-16 09:30,38.29,38.34,37.73,37.85,14485577
1489757400,2017-03-17 09:30,38.07,38.18,37.08,37.23,20570766
1490016600,2017-03-20 09:30,37.04,38.105,36.93,38.02,16387035
1490103000,2017-03-21 09:30,37.95,38.14,36.64,36.71,23932690
1490189400,2017-03-22 09:30,36.63,37.31,36.3534,36.98,15864518
1490275800,2017-03-23 09:30,36.47,36.95,36.38,36.57,11087156
1490362200,2017-03-24 09:30,36.84,37.2,36.64,37.12,8609196
1490621400,2017-03-27 09:30,36.54,37.09,36.42,37.01,9116411
1490707800,2017-03-28 09:30,37.09,37.33,36.9,37.16,14551410
1490794200,2017-03-29 09:30,37.21,38,37.2,37.96,13836197
1490880600,2017-03-30 09:30,37.72,37.96,37.355,37.42,10620455
1490967000,2017-03-31 09:30,37.16,37.8,36.97,37.46,11828315
1491226200,2017-04-03 09:30,37.69,37.93,37.48,37.9,12370284
1491312600,2017-04-04 09:30,37.68,38.27,37.51,38.24,11020830
1491399000,2017-04-05 09:30,38.41,38.62,37.39,37.41,18968148
1491485400,2017-04-06 09:30,37.24,37.68,36.63,36.78,15996196
1491571800,2017-04-07 09:30,37.12,37.69,36.81,37,14424693
1491831000,2017-04-10 09:30,37.22,37.31,36.77,37.1,14699854
1491917400,2017-04-11 09:30,37.19,37.33,36.245,37,16826909
1492003800,2017-04-12 09:30,36.95,36.99,36.6,36.92,12627754
1492090200,2017-04-13 09:30,36.9,37.05,36.06,36.09,13884849
1492435800,2017-04-17 09:30,36.76,37.57,36.67,37.55,18783853
1492522200,2017-04-18 09:30,37.34,37.87,37.11,37.28,11068429
1492608600,2017-04-19 09:30,37.37,37.43,36.43,36.46,11120458
1492695000,2017-04-20 09:30,36.85,36.92,36.135,36.33,14171415
1492781400,2017-04-21 09:30,36.46,36.6,36.09,36.16,13761017
1493040600,2017-04-24 09:30,37.22,37.41,37.055,37.22,11958996
1493127000,2017-04-25 09:30,36.62,37.28,36.51,37.21,15643144
1493213400,2017-04-26 09:30,36.69,37.11,36.5,36.86,13105280
1493299800,2017-04-27 09:30,37.17,37.17,36.45,36.7,11526957
1493386200,2017-04-28 09:30,36.47,37.23,36.43,37.17,17779952
1493645400,2017-05-01 09:30,37.25,37.795,37.09,37.47,8359641
1493731800,2017-05-02 09:30,37.57,38.38,37.57,38.31,19169825
1493818200,2017-05-03 09:30,38.11,38.31,37.75,37.88,9684321
1493904600,2017-05-04 09:30,37.46,37.48,36.77,36.9,15488665
1493991000,2017-05-05 09:30,37.17,37.62,37.01,37.59,11542657
1494250200,2017-05-08 09:30,37.33,37.6,36.9948,37.11,11133844
1494336600,2017-05-09 09:30,37.33,37.935,37.33,37.8,14141464
1494423000,2017-05-10 09:30,38.47,38.76,38.45,38.58,15761164
1494509400,2017-05-11 09:30,38.85,39.08,38.57,38.96,12192172
1494595800,2017-05-12 09:30,39.47,39.85,39.42,39.74,22975341
1494855000,2017-05-15 09:30,40,40.26,39.91,40.15,16380799
1494941400,2017-05-16 09:30,40.37,40.46,39.99,40.44,18132475
1495027800,2017-05-17 09:30,39.93,40.085,39.04,39.14,20321466
1495114200,2017-05-18 09:30,32.19,34.59,31.78,32.75,166606767
1495200600,2017-05-19 09:30,34.64,35.19,34.33,34.96,54404656
1495459800,2017-05-22 09:30,34.16,34.39,33.35,33.99,38466746
1495546200,2017-05-23 09:30,34.42,35,34.42,34.8,30406374
1495632600,2017-05-24 09:30,35.18,35.825,34.96,35.18,29025270
1495719000,2017-05-25 09:30,35.31,35.48,34.59,34.95,19679563
1495805400,2017-05-26 09:30,35.35,35.79,35.23,35.5,23143069
1496151000,2017-05-30 09:30,35.48,35.64,35.37,35.54,11321307
1496237400,2017-05-31 09:30,35.64,35.7399,35.11,35.17,14579349
1496323800,2017-06-01 09:30,35.47,35.57,34.725,34.89,16180657
1496410200,2017-06-02 09:30,35.25,35.3,34.71,34.93,16114302
1496669400,2017-06-05 09:30,34.59,34.96,34.3645,34.55,19925686
1496755800,2017-06-06 09:30,34.74,35.11,34.525,34.96,17451845
1496842200,2017-06-07 09:30,35.17,35.34,34.78,35.04,13661720
1496928600,2017-06-08 09:30,34.66,35,34.49,34.89,15859290
1497015000,2017-06-09 09:30,34.9,35.02,34.2101,34.24,13364844
1497274200,2017-06-12 09:30,34.11,34.27,33.49,33.85,21677946
1497360600,2017-06-13 09:30,33.84,33.99,33.555,33.96,16070186
1497447000,2017-06-14 09:30,34.45,34.72,34,34.32,18109803
1497533400,2017-06-15 09:30,33.87,34.05,33.6,33.96,12508923
1497619800,2017-06-16 09:30,34.07,34.2,33.875,34.14,14622097
1497879000,2017-06-19 09:30,33.95,34.45,33.95,34.31,21970372
1497965400,2017-06-20 09:30,33.75,33.77,32.82,32.82,29422091
1498051800,2017-06-21 09:30,33.04,33.285,32.7,32.9,14202209
1498138200,2017-06-22 09:30,32.96,33.26,32.765,33.1,18085774
1498224600,2017-06-23 09:30,33.12,33.24,32.9,33.04,11722423
1498483800,2017-06-26 09:30,33.5,34.02,33.49,34,14216206
1498570200,2017-06-27 09:30,33.61,33.915,33.24,33.42,16233285
1498656600,2017-06-28 09:30,33.72,34,33.305,33.96,13440430
1498743000,2017-06-29 09:30,33.96,34.05,33.455,33.82,12063322
1498829400,2017-06-30 09:30,33.92,34.27,33.88,34.14,11254993
1499088600,2017-07-03 09:30,34.45,34.57,34.19,34.4,7280681
1499261400,2017-07-05 09:30,34.29,34.61,33.81,34.45,18135217
1499347800,2017-07-06 09:30,34.32,34.4,33.835,33.88,23154161
1499434200,2017-07-07 09:30,34.31,34.38,33.77,34.07,12326714
1499693400,2017-07-10 09:30,34.44,34.765,34.42,34.66,17304543
1499779800,2017-07-11 09:30,34.73,35.28,34.67,35.24,13744423
1499866200,2017-07-12 09:30,35.72,36.37,35.4242,36.29,33903387
1499952600,2017-07-13 09:30,36.44,36.58,36.3,36.55,17966897
1500039000,2017-07-14 09:30,36.77,37.01,36.73,36.82,15195652
1500298200,2017-07-17 09:30,36.92,36.94,36.7,36.78,11966946
1500384600,2017-07-18 09:30,36.79,37.16,36.69,37.12,12629363
1500471000,2017-07-19 09:30,37.3,37.41,36.89,37.13,14264201
1500557400,2017-07-20 09:30,37.41,37.48,37.09,37.35,13497789
1500643800,2017-07-21 09:30,37.45,37.49,37,37.06,8780207
1500903000,2017-07-24 09:30,37.13,37.22,36.94,37.2,8921101
1500989400,2017-07-25 09:30,37.41,37.57,37.04,37.13,12651667
1501075800,2017-07-26 09:30,37.02,37.29,36.88,37.17,19234014
1501162200,2017-07-27 09:30,37.39,37.425,36.98,37.12,13050064
1501248600,2017-07-28 09:30,37.1,37.44,36.97,37.39,10928825
1501507800,2017-07-31 09:30,37.73,37.86,37.48,37.8,10373787
1501594200,2017-08-01 09:30,37.84,38.35,37.82,38.12,16687160
1501680600,2017-08-02 09:30,37.96,38.71,37.9,38.54,17474645
1501767000,2017-08-03 09:30,38.57,38.595,38.24,38.43,11153950
1501853400,2017-08-04 09:30,38.41,38.53,38.02,38.3,16877627
1502112600,2017-08-07 09:30,38.29,38.93,38.24,38.81,10586435
1502199000,2017-08-08 09:30,38.7,39.139,38.64,38.74,12401544
1502285400,2017-08-09 09:30,38.24,38.44,38.09,38.34,17070542
1502371800,2017-08-10 09:30,38.16,38.18,37.61,37.61,24461748
1502458200,2017-08-11 09:30,37.71,38.285,37.49,38,19222802
1502717400,2017-08-14 09:30,37.86,38.67,37.79,38.05,21263212
1502803800,2017-08-15 09:30,38.25,38.61,38.18,38.44,15376655
1502890200,2017-08-16 09:30,38.67,39.04,38.51,38.93,16823429
1502976600,2017-08-17 09:30,38.57,38.75,38.165,38.22,18494727
1503063000,2017-08-18 09:30,38.56,39.11,38.26,39.03,21809239
1503322200,2017-08-21 09:30,39.19,39.335,38.605,38.75,11788515
1503408600,2017-08-22 09:30,39.51,39.93,39.22,39.33,22662468
1503495000,2017-08-23 09:30,39.62,40.23,39.54,40.09,19662500
1503581400,2017-08-24 09:30,40.26,40.545,40.05,40.3,11367311
1503667800,2017-08-25 09:30,40.34,40.57,40.025,40.14,14042240
1503927000,2017-08-28 09:30,40.25,40.415,40,40.08,13873883
1504013400,2017-08-29 09:30,39.64,40.215,39.58,40.14,9346014
1504099800,2017-08-30 09:30,40.03,40.1,39.78,39.99,11649314
1504186200,2017-08-31 09:30,40.25,40.31,39.87,40,13329476
1504272600,2017-09-01 09:30,40.7,40.955,40.505,40.61,21447010
1504618200,2017-09-05 09:30,41.48,41.57,40.791,40.98,23363826
1504704600,2017-09-06 09:30,41.57,42.07,41.48,41.89,27108638
1504791000,2017-09-07 09:30,42.23,42.47,42.12,42.21,15367729
1504877400,2017-09-08 09:30,42.24,42.24,41.87,41.92,16227633
1505136600,2017-09-11 09:30,42.45,42.93,42.43,42.55,21034451
1505223000,2017-09-12 09:30,42.36,42.96,42.215,42.37,24609267
1505309400,2017-09-13 09:30,42.25,42.65,42.085,42.4,18572200
1505395800,2017-09-14 09:30,42.17,42.72,41.97,42.66,16080092
1505482200,2017-09-15 09:30,42.62,43.38,42.46,43.35,25992389
1505741400,2017-09-18 09:30,43.26,43.66,43.01,43.13,17535117
1505827800,2017-09-19 09:30,43.23,43.325,42.79,43.06,11279701
1505914200,2017-09-20 09:30,43.35,43.44,42.524,43.19,19275570
1506000600,2017-09-21 09:30,43.15,43.3,42.525,42.62,12265636
1506087000,2017-09-22 09:30,42.71,43.02,42.525,42.73,9983121
1506346200,2017-09-25 09:30,42.62,42.62,41.745,41.79,12343800
1506432600,2017-09-26 09:30,41.9,42.035,41.66,41.68,13886396
1506519000,2017-09-27 09:30,41.37,41.5,40.63,40.92,21885033
1506605400,2017-09-28 09:30,40.83,41.18,40.735,40.97,14574384
1506691800,2017-09-29 09:30,41.57,41.77,41.3,41.69,21891443
1506951000,2017-10-02 09:30,41.44,41.835,41.35,41.72,10137217
1507037400,2017-10-03 09:30,41.84,43.2175,41.78,43.18,17650766
1507123800,2017-10-04 09:30,43.3,43.65,43.12,43.32,15844671
1507210200,2017-10-05 09:30,43.91,44.025,43.04,43.12,22192436
1507296600,2017-10-06 09:30,42.49,42.75,42.23,42.62,20436211
1507555800,2017-10-09 09:30,42.3,42.37,41.79,42,11676012
1507642200,2017-10-10 09:30,42.78,42.98,42.5136,42.82,15535091
1507728600,2017-10-11 09:30,43.07,43.11,42.625,42.94,14390218
1507815000,2017-10-12 09:30,42.8,42.97,42.62,42.76,13369640
1507901400,2017-10-13 09:30,43.36,43.42,42.99,43.34,22530777
1508160600,2017-10-16 09:30,43.34,43.42,42.8,42.94,20540983
1508247000,2017-10-17 09:30,42.79,42.82,42.31,42.64,16256320
1508333400,2017-10-18 09:30,42.73,42.89,42.3,42.7,16897829
1508419800,2017-10-19 09:30,42.23,42.5,41.98,42.5,14723947
1508506200,2017-10-20 09:30,42.75,42.815,42.26,42.26,14977711
1508765400,2017-10-23 09:30,42,42.16,41.16,41.23,22365374
1508851800,2017-10-24 09:30,41.3,41.615,40.91,41.5,19691822
1508938200,2017-10-25 09:30,41.91,41.98,40.84,41.88,18989301
1509024600,2017-10-26 09:30,41.85,41.9,40.61,40.63,30352561
1509111000,2017-10-27 09:30,41.05,41.6,40.8,41.55,17347924
1509370200,2017-10-30 09:30,40.8,41,39.895,40.16,28392275
1509456600,2017-10-31 09:30,40.09,40.4,39.74,40.17,24550744
1509543000,2017-11-01 09:30,40.28,40.7,39.83,39.9,16066692
1509629400,2017-11-02 09:30,39.81,39.98,39.37,39.9,16336378
1509715800,2017-11-03 09:30,40.09,40.16,38.75,39.31,28296703
1509978600,2017-11-06 09:30,39.82,40.4,39.62,40.36,17622671
1510065000,2017-11-07 09:30,39.94,40.01,38.94,39.16,20249630
1510151400,2017-11-08 09:30,39.73,40.38,39.33,40.3,25633816
1510237800,2017-11-09 09:30,39.67,40.005,39.3,39.61,18397635
1510324200,2017-11-10 09:30,39.06,39.2,38.69,38.83,16797059
1510583400,2017-11-13 09:30,38.62,39.13,38.4,38.95,19488325
1510669800,2017-11-14 09:30,38.81,38.87,37.71,37.74,35805417
1510756200,2017-11-15 09:30,37.39,38.06,37.31,38.02,13935740
1510842600,2017-11-16 09:30,38.85,39.34,38.63,39.26,26019309
1510929000,2017-11-17 09:30,39.26,39.97,39.22,39.83,24020476
1511188200,2017-11-20 09:30,39.6,40.3,39.49,40.19,13807359
1511274600,2017-11-21 09:30,40.44,41.02,40.38,40.43,20667742
1511361000,2017-11-22 09:30,40.63,40.97,40.6,40.86,14988192
1511533800,2017-11-24 09:30,40.64,40.86,40.59,40.73,8813161
1511793000,2017-11-27 09:30,40.35,40.77,40.25,40.59,18481317
1511879400,2017-11-28 09:30,40.95,41.36,40.615,41,21801116
1511965800,2017-11-29 09:30,40.49,40.5,39.62,39.66,23310100
1512052200,2017-11-30 09:30,39.27,39.39,38.485,38.7,28535111
1512138600,2017-12-01 09:30,39.1,39.315,38.715,39.03,20829451
1512397800,2017-12-04 09:30,39.66,40.135,39.47,39.64,17131105
1512484200,2017-12-05 09:30,40.33,40.36,39.42,39.55,14085827
1512570600,2017-12-06 09:30,39.84,40.14,39.26,40.03,17566966
1512657000,2017-12-07 09:30,38.25,39.18,38.12,39.05,25470592
1512743400,2017-12-08 09:30,39.41,39.515,38.93,39.01,16872056
1513002600,2017-12-11 09:30,39.17,39.45,38.985,39.09,9602031
1513089000,2017-12-12 09:30,38.4,40.29,38.32,40.09,27984404
1513175400,2017-12-13 09:30,39.82,40.065,38.61,38.73,38857283
1513261800,2017-12-14 09:30,38.35,38.7,38.185,38.31,22659202
1513348200,2017-12-15 09:30,38.87,38.995,38.57,38.76,24318632
1513607400,2017-12-18 09:30,39.29,39.6,39.165,39.22,16891815
1513693800,2017-12-19 09:30,38.73,38.83,38.325,38.77,19745803
1513780200,2017-12-20 09:30,38.94,39.145,38.815,38.82,10649941
1513866600,2017-12-21 09:30,38.94,39.82,38.92,39.53,17971829
1513953000,2017-12-22 09:30,39.43,39.63,39.325,39.51,7556779
1514298600,2017-12-26 09:30,39.86,40.09,39.67,39.99,10401173
1514385000,2017-12-27 09:30,40.29,40.37,40.031,40.11,7315421
1514471400,2017-12-28 09:30,40.35,40.44,40.155,40.31,12388685
1514557800,2017-12-29 09:30,40.45,40.83,40.34,40.45,8810875
1514903400,2018-01-02 09:30,41.45,41.69,41.34,41.68,20366772
1514989800,2018-01-03 09:30,41.89,42.24,41.705,42.19,19379453
1515076200,2018-01-04 09:30,42.5,42.78,42.27,42.47,19276273
1515162600,2018-01-05 09:30,42.29,42.88,42.135,42.84,12516709
1515421800,2018-01-08 09:30,42.63,42.84,42.53,42.67,18325542
1515508200,2018-01-09 09:30,42.58,42.6,42.28,42.34,15757114
1515594600,2018-01-10 09:30,42.14,42.41,41.93,42.31,14298761
1515681000,2018-01-11 09:30,42.34,43.14,42.28,43.1,14419831
1515767400,2018-01-12 09:30,42.8,43.25,42.7,43.23,19845654
1516113000,2018-01-16 09:30,43.28,43.355,43.02,43.08,15563662
1516199400,2018-01-17 09:30,43.24,44,43.19,43.86,18020877
1516285800,2018-01-18 09:30,44.1,44.265,43.705,43.96,19052983
1516372200,2018-01-19 09:30,44.2,44.49,43.95,44.47,16999259
1516631400,2018-01-22 09:30,44.28,44.68,44.09,44.63,15254715
1516717800,2018-01-23 09:30,43.79,43.97,43.44,43.66,22451144
1516804200,2018-01-24 09:30,45.02,46.63,44.781,46.35,46043452
1516890600,2018-01-25 09:30,46.45,47.85,46.38,46.85,26026184
1516977000,2018-01-26 09:30,46.54,47.45,46.47,47.33,28682385
1517236200,2018-01-29 09:30,46.76,46.89,46.3,46.39,14295203
1517322600,2018-01-30 09:30,46.13,46.48,45.705,46.31,14414022
1517409000,2018-01-31 09:30,47.4,47.43,46.32,46.59,21343817
1517495400,2018-02-01 09:30,46.8,47.23,46.66,46.72,15779811
1517581800,2018-02-02 09:30,45.66,45.81,44.9725,45.06,24978179
1517841000,2018-02-05 09:30,44.93,45.355,43.04,43.46,28146704
1517927400,2018-02-06 09:30,43.44,45.45,43.35,45.12,31118694
1518013800,2018-02-07 09:30,44.95,45.29,43.72,43.73,28692572
1518100200,2018-02-08 09:30,44.49,44.55,42.27,42.29,26891482
1518186600,2018-02-09 09:30,43.26,43.47,41.84,43.16,31057139
1518445800,2018-02-12 09:30,43.59,44.185,43.14,43.78,19256969
1518532200,2018-02-13 09:30,43.6,44.12,43.48,44.01,11918867
1518618600,2018-02-14 09:30,43.75,45.375,43.59,45.19,27701281
1518705000,2018-02-15 09:30,45.54,45.795,45.19,45.51,14943267
1518791400,2018-02-16 09:30,45.05,46,45.0001,45.54,16155231
1519137000,2018-02-20 09:30,45.24,46.28,45.21,45.87,17771650
1519223400,2018-02-21 09:30,46.34,46.87,45.82,45.85,16398564
1519309800,2018-02-22 09:30,46.4,46.65,46.12,46.26,11386181
1519396200,2018-02-23 09:30,46.57,46.76,46.12,46.74,12860993
1519655400,2018-02-26 09:30,47.12,47.2,46.7,47.13,15899576
1519741800,2018-02-27 09:30,47.04,47.11,46.11,46.29,11397542
1519828200,2018-02-28 09:30,46.5,46.52,45.47,45.48,17612740
1519914600,2018-03-01 09:30,45.68,46.04,44.86,45.47,18132625
1520001000,2018-03-02 09:30,45,45.63,44.49,45.6,13599785
1520260200,2018-03-05 09:30,45.27,46.01,45.16,45.92,12294166
1520346600,2018-03-06 09:30,46.45,46.77,46.16,46.24,16243751
1520433000,2018-03-07 09:30,45.78,45.98,45.06,45.62,12822477
1520519400,2018-03-08 09:30,45.61,45.64,44.81,45.05,13225336
1520605800,2018-03-09 09:30,45.75,46.13,45.7,45.99,13260419
1520861400,2018-03-12 09:30,46.15,46.29,45.88,46.22,10004462
1520947800,2018-03-13 09:30,46.44,46.52,45.56,45.77,12602199
1521034200,2018-03-14 09:30,46.19,46.27,45.37,45.7,18011464
1521120600,2018-03-15 09:30,45.19,45.25,44.45,44.66,12116348
1521207000,2018-03-16 09:30,44.5,44.99,44.46,44.61,11726034
1521466200,2018-03-19 09:30,44.2,44.5,43.92,44.2,8923644
1521552600,2018-03-20 09:30,44.14,44.33,43.79,43.92,10683305
1521639000,2018-03-21 09:30,44.2,44.98,44.11,44.98,14634643
1521725400,2018-03-22 09:30,44.26,44.75,43.9,43.91,15576026
1521811800,2018-03-23 09:30,44.16,44.68,43.825,43.86,17650437
1522071000,2018-03-26 09:30,44.64,44.77,44.06,44.53,11296477
1522157400,2018-03-27 09:30,44.34,44.34,43.31,43.35,15803787
1522243800,2018-03-28 09:30,43.23,43.6,42.8579,43.54,11300647
1522330200,2018-03-29 09:30,43.9,45,43.88,44.88,17238036
1522675800,2018-04-02 09:30,44.69,44.82,43.79,44.17,12707545
1522762200,2018-04-03 09:30,44.52,44.685,43.63,43.81,11629871
1522848600,2018-04-04 09:30,42.88,43.82,42.69,43.79,15915359
1522935000,2018-04-05 09:30,44.81,44.82,43.91,44.08,21463728
1523021400,2018-04-06 09:30,43.77,44,42.95,43.42,24031942
1523280600,2018-04-09 09:30,43.3,43.4,41.96,41.98,18223256
1523367000,2018-04-10 09:30,42.24,42.9,41.94,42.82,18326784
1523453400,2018-04-11 09:30,42.77,43.615,42.76,43.41,13348351
1523539800,2018-04-12 09:30,43.6,43.7,43.14,43.26,8700174
1523626200,2018-04-13 09:30,43.08,43.17,42.32,42.43,14242925
1523885400,2018-04-16 09:30,42.74,42.75,41.625,41.88,17010860
1523971800,2018-04-17 09:30,42.14,42.82,41.96,42.61,11268697
1524058200,2018-04-18 09:30,43.3,44.0399,43.26,43.84,15728093
1524144600,2018-04-19 09:30,43.42,43.68,43.13,43.6,13969712
1524231000,2018-04-20 09:30,43.23,43.43,42.9,43.16,14791033
1524490200,2018-04-23 09:30,42.68,42.97,42.34,42.6,14287951
1524576600,2018-04-24 09:30,42.9,43.17,42.18,42.39,15653234
1524663000,2018-04-25 09:30,41.75,42.15,41.495,42.04,19165993
1524749400,2018-04-26 09:30,42.15,42.88,42.02,42.87,12053545
1524835800,2018-04-27 09:30,43.31,43.41,42.89,43.06,13468061
1525095000,2018-04-30 09:30,43.02,43.11,42.26,42.3,10080416
1525181400,2018-05-01 09:30,41.93,42.05,41.17,41.77,14017951
1525267800,2018-05-02 09:30,41.62,41.72,40.98,41.08,18121273
1525354200,2018-05-03 09:30,41.02,41.2,40.26,40.73,21453475
1525440600,2018-05-04 09:30,40.36,41.035,40.33,40.75,14487480
1525699800,2018-05-07 09:30,40.41,40.685,40,40.1,13946333
1525786200,2018-05-08 09:30,40.18,40.355,39.52,40.11,19011400
1525872600,2018-05-09 09:30,39.84,40.52,39.675,40.48,21032329
1525959000,2018-05-10 09:30,41.15,41.98,41.08,41.86,26150502
1526045400,2018-05-11 09:30,41.7,41.935,40.84,40.94,23671510
1526304600,2018-05-14 09:30,41.19,41.37,40.33,40.65,18389861
1526391000,2018-05-15 09:30,39.58,40.32,39.25,40.14,25638175
1526477400,2018-05-16 09:30,40.48,40.76,40.33,40.58,19449928
1526563800,2018-05-17 09:30,40.08,40.115,38.86,39.08,33272541
1526650200,2018-05-18 09:30,38.05,38.43,37.62,38.3,37339669
1526909400,2018-05-21 09:30,39.04,39.12,38.08,38.39,20987693
1526995800,2018-05-22 09:30,38.75,39.7,38.55,39.37,26682299
1527082200,2018-05-23 09:30,38.93,39.08,38.43,38.64,27741317
1527168600,2018-05-24 09:30,37.93,38.18,37.53,38.14,31182378
1527255000,2018-05-25 09:30,38.07,38.15,37.11,37.25,33143593
1527600600,2018-05-29 09:30,35.63,36.095,35.055,35.33,55974590
1527687000,2018-05-30 09:30,35.46,35.895,34.84,35.68,38041353
1527773400,2018-05-31 09:30,35.8,35.999,35.52,35.62,21493532
1527859800,2018-06-01 09:30,36.12,36.44,34.86,35.81,50283213
1528119000,2018-06-04 09:30,36.37,36.58,36.05,36.42,34403845
1528205400,2018-06-05 09:30,36.12,36.33,34.87,34.97,51308698
1528291800,2018-06-06 09:30,34.72,35.06,34.28,34.48,42168592
1528378200,2018-06-07 09:30,33.73,33.77,31.28,32.71,118740580
1528464600,2018-06-08 09:30,33.9,34.63,32.63,34.14,96224434
1528723800,2018-06-11 09:30,34.35,34.6584,33.64,33.8,31861308
1528810200,2018-06-12 09:30,33.95,34.57,33.83,34.16,29406211
1528896600,2018-06-13 09:30,34.23,34.26,33.16,33.8,42152593
1528983000,2018-06-14 09:30,34.02,34.06,32.65,32.68,38659453
1529069400,2018-06-15 09:30,32.78,33.145,32.34,33.04,53428331
1529328600,2018-06-18 09:30,32.43,32.87,32.18,32.57,22094961
1529415000,2018-06-19 09:30,31.66,33.13,31.58,32.72,36012156
1529501400,2018-06-20 09:30,33.37,33.38,32.48,32.54,22324186
1529587800,2018-06-21 09:30,32.56,32.67,31.835,31.88,26734622
1529674200,2018-06-22 09:30,32.28,32.34,31.745,32.04,29173156
1529933400,2018-06-25 09:30,32.34,32.47,31.62,32.32,33550758
1530019800,2018-06-26 09:30,32.43,32.48,31.82,32.15,19352926
1530106200,2018-06-27 09:30,32,32.25,30.98,31,33517599
1530192600,2018-06-28 09:30,31.59,32.03,31.32,31.89,32789904
1530279000,2018-06-29 09:30,32.15,32.42,31.875,32.05,17841230
1530538200,2018-07-02 09:30,31.64,31.9,31.515,31.87,11487967
1530624600,2018-07-03 09:30,32.27,32.8,32.095,32.55,15800038
1530797400,2018-07-05 09:30,32.66,32.695,32.08,32.29,19573427
1530883800,2018-07-06 09:30,32.17,33.21,32.04,33.18,25217266
1531143000,2018-07-09 09:30,33.4,33.62,32.93,33.54,16797688
1531229400,2018-07-10 09:30,33.6,33.725,33.3,33.69,16051361
1531315800,2018-07-11 09:30,33.33,33.5,32.69,32.74,22573610
1531402200,2018-07-12 09:30,33.25,33.605,33.07,33.4,25966486
1531488600,2018-07-13 09:30,33.48,34.095,33.23,34.05,22725217
1531747800,2018-07-16 09:30,34.04,34.13,33.67,33.89,12266235
1531834200,2018-07-17 09:30,33.96,34.885,33.83,34.82,23063477
1531920600,2018-07-18 09:30,34.8,34.885,34.37,34.39,17856344
1532007000,2018-07-19 09:30,33.67,34.505,33.38,34.5,28941718
1532093400,2018-07-20 09:30,35.72,35.96,35.42,35.65,43896535
1532352600,2018-07-23 09:30,35.42,35.45,35.13,35.33,15164389
1532439000,2018-07-24 09:30,35.99,36.43,35.9102,36.24,20374194
1532525400,2018-07-25 09:30,36.69,37.21,36.6,37.15,24521324
1532611800,2018-07-26 09:30,36.94,37.05,36.07,36.11,22107767
1532698200,2018-07-27 09:30,36.69,36.92,36.43,36.73,19456133
1532957400,2018-07-30 09:30,37.01,37.02,36.515,36.76,15333886
1533043800,2018-07-31 09:30,36.24,36.41,35.94,36.1,21302332
1533130200,2018-08-01 09:30,36.1,36.48,35.93,35.99,20540110
1533216600,2018-08-02 09:30,35.72,36.37,35.57,36.23,25790878
1533303000,2018-08-03 09:30,36.7,37.645,36.62,37.55,31687799
1533562200,2018-08-06 09:30,37.33,37.57,37.03,37.03,22201079
1533648600,2018-08-07 09:30,37.43,37.62,36.305,36.36,34021572
1533735000,2018-08-08 09:30,36.81,36.9,35.79,35.9,24354391
1533821400,2018-08-09 09:30,35.77,35.835,35.09,35.4,24906508
1533907800,2018-08-10 09:30,34.4,34.44,33.73,33.84,41254035
1534167000,2018-08-13 09:30,33.42,34.1,33.27,34.02,32846076
1534253400,2018-08-14 09:30,34.49,34.805,34.15,34.7,28256154
1534339800,2018-08-15 09:30,34.08,34.24,33.5,33.8,32750385
1534426200,2018-08-16 09:30,34.24,34.31,33.26,33.63,25924022
1534512600,2018-08-17 09:30,33.22,33.41,32.88,33.28,28793817
1534771800,2018-08-20 09:30,33.09,33.18,32.77,33.08,21623479
1534858200,2018-08-21 09:30,32.77,32.955,31.95,31.98,30796511
1534944600,2018-08-22 09:30,31.65,32.64,31.61,32.61,38464451
1535031000,2018-08-23 09:30,32.55,32.7,31.49,31.53,42235877
1535117400,2018-08-24 09:30,32.24,32.27,31.52,31.97,25990644
1535376600,2018-08-27 09:30,32.33,32.92,32.3,32.81,29325294
1535463000,2018-08-28 09:30,32.52,32.67,32.005,32.19,30059465
1535549400,2018-08-29 09:30,32.46,32.885,32.26,32.8,26962220
1535635800,2018-08-30 09:30,32.38,32.4,31.37,31.63,42548281
1535722200,2018-08-31 09:30,31.82,32.6,31.63,32.45,36310345
1536067800,2018-09-04 09:30,31.25,31.455,30.88,30.96,38674402
1536154200,2018-09-05 09:30,30.88,31.56,30.69,31.18,33280404
1536240600,2018-09-06 09:30,31.5,32.11,31.125,32.04,34045648
1536327000,2018-09-07 09:30,32.6,32.89,32.115,32.51,29507178
1536586200,2018-09-10 09:30,32.39,32.49,31.865,32.14,27575184
1536672600,2018-09-11 09:30,31.13,31.275,30.8,31,40350430
1536759000,2018-09-12 09:30,31.51,31.62,31.09,31.25,34164457
1536845400,2018-09-13 09:30,31.11,31.34,30.6515,30.72,35992922
1536931800,2018-09-14 09:30,31.22,31.44,30.7,31.22,37785075
1537191000,2018-09-17 09:30,31.27,32.2,31.26,32.13,38350328
1537277400,2018-09-18 09:30,32.14,32.71,32.05,32.53,30171391
1537363800,2018-09-19 09:30,32.44,33.08,32.295,32.53,31668058
1537450200,2018-09-20 09:30,33,33.1559,32.53,32.97,28585368
1537536600,2018-09-21 09:30,33.07,34.09,32.99,33.76,34891699
1537795800,2018-09-24 09:30,33.63,33.77,32.705,32.79,36578985
1537882200,2018-09-25 09:30,32.22,33.215,32.2,33.13,24865607
1537968600,2018-09-26 09:30,33.45,34.07,33.25,33.65,33100029
1538055000,2018-09-27 09:30,33.94,34.69,33.8975,34.35,31156283
1538141400,2018-09-28 09:30,33.87,34.43,33.62,33.73,27047782
1538400600,2018-10-01 09:30,33.69,33.92,33.37,33.71,17512723
1538487000,2018-10-02 09:30,35.03,35.8961,34.88,35.61,53247709
1538573400,2018-10-03 09:30,37.83,37.88,36.31,36.9,88000157
1538659800,2018-10-04 09:30,36.6,36.825,35.75,36.51,41788897
1538746200,2018-10-05 09:30,36.84,36.98,36.255,36.66,45405577
1539005400,2018-10-08 09:30,39.42,39.54,38.485,39.13,84516877
1539091800,2018-10-09 09:30,39.2,39.92,38.85,39.58,43459052
1539178200,2018-10-10 09:30,38.91,38.93,38.04,38.12,39067952
1539264600,2018-10-11 09:30,38.48,38.78,37.33,37.51,43807746
1539351000,2018-10-12 09:30,38.41,38.64,37.985,38.61,36656370
1539610200,2018-10-15 09:30,38.34,38.855,38.16,38.21,31467067
1539696600,2018-10-16 09:30,39.16,39.47,38.84,39.45,26889175
1539783000,2018-10-17 09:30,39.24,40.23,39.08,39.89,28501005
1539869400,2018-10-18 09:30,39.64,39.65,38.54,38.59,35402743
1539955800,2018-10-19 09:30,39.11,39.42,38.62,38.95,33204387
1540215000,2018-10-22 09:30,39.69,40.05,39.49,39.78,23374304
1540301400,2018-10-23 09:30,39.02,39.75,38.65,39.56,30560720
1540387800,2018-10-24 09:30,39.78,39.81,37.93,37.94,37306747
1540474200,2018-10-25 09:30,38.55,39.55,38.31,39,37577335
1540560600,2018-10-26 09:30,39.26,40.215,38.795,40.04,49430445
1540819800,2018-10-29 09:30,41.19,41.39,38.13,38.63,74208221
1540906200,2018-10-30 09:30,38.92,40.39,38.76,40.39,50214727
1540992600,2018-10-31 09:30,40.37,40.43,39.5,40.15,30450280
1541079000,2018-11-01 09:30,40.73,41.34,40.18,41.05,31287140
1541165400,2018-11-02 09:30,41.7,42.0476,40.92,41.61,27696718
1541428200,2018-11-05 09:30,41.36,41.56,41,41.24,26228428
1541514600,2018-11-06 09:30,40.75,40.99,40.24,40.57,20868826
1541601000,2018-11-07 09:30,40.53,40.53,39.725,40.37,24031608
1541687400,2018-11-08 09:30,40.08,40.41,39.01,39.21,27677614
1541773800,2018-11-09 09:30,39.42,39.6,38.455,39.46,28157872
1542033000,2018-11-12 09:30,39.3,39.38,38.73,38.95,18621339
1542119400,2018-11-13 09:30,38.31,38.62,37.841,38.32,34308802
1542205800,2018-11-14 09:30,38.86,38.99,38.16,38.92,29037707
1542292200,2018-11-15 09:30,39.02,40.19,39.02,39.87,32587278
1542378600,2018-11-16 09:30,39.73,40.615,39.57,40.48,34930134
1542637800,2018-11-19 09:30,40,40.205,39.51,39.91,23061800
1542724200,2018-11-20 09:30,39.43,39.53,38.5,38.56,26755142
1542810600,2018-11-21 09:30,39.39,39.49,39.16,39.4,18089977
1542983400,2018-11-23 09:30,38.86,38.92,38.535,38.7,9435507
1543242600,2018-11-26 09:30,38.28,38.52,37.18,37.42,36574871
1543329000,2018-11-27 09:30,37.87,39.05,37.75,39.03,30184958
1543415400,2018-11-28 09:30,39.31,39.93,38.44,39.81,27656501
1543501800,2018-11-29 09:30,39.95,40.025,39.54,39.82,18644828
1543588200,2018-11-30 09:30,39.8,40.1,39.505,39.8,20153761
1543847400,2018-12-03 09:30,40.68,40.76,39.85,39.99,23198572
1543933800,2018-12-04 09:30,40.2,40.39,39.01,39.28,27673771
1544106600,2018-12-06 09:30,38.1,39.58,37.97,39.44,33901666
1544193000,2018-12-07 09:30,39.56,40.01,38.62,38.66,32676686
1544452200,2018-12-10 09:30,38.09,38.26,37.47,37.63,31767638
1544538600,2018-12-11 09:30,38.4,38.4,37.5,38.05,25738224
1544625000,2018-12-12 09:30,39.04,39.8,38.65,38.69,40400096
1544711400,2018-12-13 09:30,38.72,38.935,38.41,38.83,26321982
1544797800,2018-12-14 09:30,38.34,38.9,38.16,38.33,25352470
1545057000,2018-12-17 09:30,38.37,38.64,37.74,37.84,31485985
1545143400,2018-12-18 09:30,37.66,37.895,37.43,37.66,21913558
1545229800,2018-12-19 09:30,38.08,38.52,36.595,36.89,40627644
1545316200,2018-12-20 09:30,37.85,37.95,37.13,37.56,37895971
1545402600,2018-12-21 09:30,37.65,37.94,36.97,37.14,26591169
1545661800,2018-12-24 09:30,36.97,37.32,36.53,36.63,10079247
1545834600,2018-12-26 09:30,36.4,37.36,36.23,37.3,23611104
1545921000,2018-12-27 09:30,36.72,37.8,36.65,37.75,16442514
1546007400,2018-12-28 09:30,38,38.43,37.821,38.08,32681425
1546266600,2018-12-31 09:30,38.45,38.51,37.94,38.2,10646489
1546439400,2019-01-02 09:30,38.94,40.78,38.86,40.64,41926747
1546525800,2019-01-03 09:30,41,41.04,40.42,40.9,24851675
1546612200,2019-01-04 09:30,40.88,42.1,40.65,41.82,40899788
1546871400,2019-01-07 09:30,41.95,41.99,41.22,41.4,26438547
1546957800,2019-01-08 09:30,41.59,41.97,41.295,41.9,23524787
1547044200,2019-01-09 09:30,42.64,43.03,42.61,42.96,38010096
1547130600,2019-01-10 09:30,42.77,43.135,42.27,42.9,31156928
1547217000,2019-01-11 09:30,42.47,42.84,42.31,42.78,13875403
1547476200,2019-01-14 09:30,42.59,43.34,42.51,42.98,21208057
1547562600,2019-01-15 09:30,42.97,43.13,42.35,42.74,20034992
1547649000,2019-01-16 09:30,42.63,42.905,42.46,42.67,18320192
1547735400,2019-01-17 09:30,42.28,43.32,42.2533,43.02,22797629
1547821800,2019-01-18 09:30,43.52,43.65,42.93,43.2,29408828
1548167400,2019-01-22 09:30,43.04,43.23,41.98,42.15,30949602
1548253800,2019-01-23 09:30,42.88,43.34,42.48,43.29,28833981
1548340200,2019-01-24 09:30,43.38,43.95,43.22,43.65,30082441
1548426600,2019-01-25 09:30,44.17,44.53,43.53,43.82,21799265
1548685800,2019-01-28 09:30,42.56,43.195,42.46,42.87,30253774
1548772200,2019-01-29 09:30,43.83,43.89,43.385,43.44,21493086
1548858600,2019-01-30 09:30,44.13,44.75,43.52,44.6,32022577
1548945000,2019-01-31 09:30,45.31,45.72,45.11,45.37,27113829
1549031400,2019-02-01 09:30,45.07,45.5,44.805,45.4,20050239
1549290600,2019-02-04 09:30,44.74,45.55,44.64,45.46,18766075
1549377000,2019-02-05 09:30,45.18,45.49,44.865,45.21,17413649
1549463400,2019-02-06 09:30,43.99,44.22,43.16,43.33,42121923
1549549800,2019-02-07 09:30,43.4,43.525,42.55,43.05,38518385
1549636200,2019-02-08 09:30,43.31,43.4,42.17,43.07,30687296
1549895400,2019-02-11 09:30,42.99,43.02,42.05,42.49,27476037
1549981800,2019-02-12 09:30,43.21,44.11,43.1,43.7,36852575
1550068200,2019-02-13 09:30,43.58,43.72,42.875,43.07,24780234
1550154600,2019-02-14 09:30,42.53,44.51,42.47,44.25,41495121
1550241000,2019-02-15 09:30,44.5,44.6,43.93,44.45,27715923
1550586600,2019-02-19 09:30,44.13,44.63,44.12,44.15,22514992
1550673000,2019-02-20 09:30,44.13,44.62,43.65,43.76,32090942
1550759400,2019-02-21 09:30,43.42,43.6,42.96,43.55,31578171
1550845800,2019-02-22 09:30,43.97,44.36,43.825,44.15,21582629
1551105000,2019-02-25 09:30,44.54,44.58,43.875,43.92,22945412
1551191400,2019-02-26 09:30,44.1,44.24,43.83,44.1,15693835
1551277800,2019-02-27 09:30,43.96,44.355,43.745,44.16,17233153
1551364200,2019-02-28 09:30,43.79,43.83,42.98,43,30506964
1551450600,2019-03-01 09:30,42.6,42.825,42.19,42.35,30186949
1551709800,2019-03-04 09:30,42.36,42.445,41.85,42.37,18768738
1551796200,2019-03-05 09:30,42.35,42.945,42.15,42.69,15167835
1551882600,2019-03-06 09:30,42.69,42.8,41.3385,41.5,34452744
1551969000,2019-03-07 09:30,41.66,41.69,40.735,41.18,34958528
1552055400,2019-03-08 09:30,41.16,41.73,41.02,41.67,35367217
1552311000,2019-03-11 09:30,42.27,43.13,42.27,43.07,32570891
1552397400,2019-03-12 09:30,43.17,43.525,43.07,43.28,20364136
1552483800,2019-03-13 09:30,43.12,44.05,42.95,43.75,28651458
1552570200,2019-03-14 09:30,43.55,43.595,42.79,43.21,24790232
1552656600,2019-03-15 09:30,43.46,43.94,43.42,43.69,26606075
1552915800,2019-03-18 09:30,43.75,44.53,43.7,44.4,24192184
1553002200,2019-03-19 09:30,44.53,44.995,44.24,44.35,24377203
1553088600,2019-03-20 09:30,44.15,44.83,43.73,44.01,32752893
1553175000,2019-03-21 09:30,43.75,43.83,42.08,43,65808209
1553261400,2019-03-22 09:30,41.38,41.72,40.36,40.43,77967232
1553520600,2019-03-25 09:30,40.58,41.28,40.51,40.94,38969846
1553607000,2019-03-26 09:30,41.42,41.745,40.875,41.62,36051208
1553693400,2019-03-27 09:30,40.36,40.55,39.23,39.28,77111634
1553779800,2019-03-28 09:30,39.24,40.95,39.2,40.68,63285450
1553866200,2019-03-29 09:30,41.09,41.66,40.84,40.99,37980918
1554125400,2019-04-01 09:30,41.84,42.2,41.6322,41.8,32643755
1554211800,2019-04-02 09:30,42.06,42.11,41.3,41.77,28810708
1554298200,2019-04-03 09:30,42.21,42.39,41.01,41.18,31307806
1554384600,2019-04-04 09:30,41.07,42.22,40.98,42.1,32381057
1554471000,2019-04-05 09:30,41.99,42.6,41.88,42.29,25000951
1554730200,2019-04-08 09:30,42.4,42.76,42.15,42.65,25163625
1554816600,2019-04-09 09:30,42.27,42.33,41.67,42.08,25172804
1554903000,2019-04-10 09:30,42.3,42.57,42,42.25,18535280
1554989400,2019-04-11 09:30,41.96,42.07,41.125,41.47,27271412
1555075800,2019-04-12 09:30,40.97,41.445,40.04,40.32,54610320
1555335000,2019-04-15 09:30,40.88,40.94,40.39,40.62,22905121
1555421400,2019-04-16 09:30,40.43,41.29,40.39,40.79,26447578
1555507800,2019-04-17 09:30,41.05,41.08,39.505,40.05,41485613
1555594200,2019-04-18 09:30,40.19,41.08,39.885,40.46,37319074
1555939800,2019-04-22 09:30,40.46,40.8,40.17,40.49,20155979
1556026200,2019-04-23 09:30,40.76,41.41,40.57,41.14,29271720
1556112600,2019-04-24 09:30,40.84,40.84,39.76,40.09,33678693
1556199000,2019-04-25 09:30,40.17,41.125,39.9,41.08,29817776
1556285400,2019-04-26 09:30,41.1,41.45,40.895,41.25,49112565
1556544600,2019-04-29 09:30,41.57,41.69,41.1,41.23,16698777
1556631000,2019-04-30 09:30,41.32,41.5,40.8,41.39,27081896
1556717400,2019-05-01 09:30,41.46,41.71,40.64,40.7,26663167
1556803800,2019-05-02 09:30,40.65,40.87,40.5,40.65,22873759
1556890200,2019-05-03 09:30,41.06,41.29,40.93,41.19,19024683
1557149400,2019-05-06 09:30,40.23,40.59,40.21,40.46,19949405
1557235800,2019-05-07 09:30,39.78,40.12,39.1,40.12,31458764
1557322200,2019-05-08 09:30,40.98,41.33,40.89,40.91,26309151
1557408600,2019-05-09 09:30,40.17,40.61,39.74,40.29,24627919
1557495000,2019-05-10 09:30,40.34,40.5,39.45,40.25,25853771
1557754200,2019-05-13 09:30,39.09,39.31,38.73,38.84,37158878
1557840600,2019-05-14 09:30,39,39.29,38.75,38.97,25370713
1557927000,2019-05-15 09:30,37.95,38.89,37.87,38.44,21082072
1558013400,2019-05-16 09:30,38.07,38.36,37.47,37.65,33156955
1558099800,2019-05-17 09:30,37.26,37.77,36.7,36.99,32718466
1558359000,2019-05-20 09:30,37.12,37.925,36.9,37.72,31498397
1558445400,2019-05-21 09:30,37.93,39.39,37.74,39.26,35850736
1558531800,2019-05-22 09:30,39.7,39.87,39.25,39.36,21035256
1558618200,2019-05-23 09:30,38.94,39.57,38.71,39.09,22949449
1558704600,2019-05-24 09:30,39.5,39.5,39.07,39.22,20977340
1559050200,2019-05-28 09:30,39.85,40.56,39.55,40.28,46951678
1559136600,2019-05-29 09:30,40.55,41.09,40.34,40.92,33616687
1559223000,2019-05-30 09:30,41.09,41.74,41.09,41.36,34993110
1559309400,2019-05-31 09:30,41.36,42.21,41.29,41.65,38996159
1559568600,2019-06-03 09:30,42.05,42.27,41.67,41.96,27706810
1559655000,2019-06-04 09:30,42.24,42.58,42.05,42.56,25510398
1559741400,2019-06-05 09:30,42.59,42.6,41.35,41.56,27842961
1559827800,2019-06-06 09:30,42.18,42.45,41.76,42.22,18125696
1559914200,2019-06-07 09:30,42.35,42.99,42.26,42.6,23061390
1560173400,2019-06-10 09:30,42.39,42.59,41.97,42.27,23477294
1560259800,2019-06-11 09:30,42.77,43.38,42.63,43.35,31285575
1560346200,2019-06-12 09:30,43.22,43.67,42.685,42.78,35745730
1560432600,2019-06-13 09:30,43.3,43.66,43.02,43.21,26641745
1560519000,2019-06-14 09:30,42.79,42.95,41.995,42.24,36764378
1560778200,2019-06-17 09:30,41.91,42.18,41.5,41.71,18242664
1560864600,2019-06-18 09:30,42.38,42.92,42.34,42.81,25231467
1560951000,2019-06-19 09:30,42.7,43.44,42.4,43.3,23033862
1561037400,2019-06-20 09:30,44.33,44.625,43.82,44.18,49358335
1561123800,2019-06-21 09:30,43.91,44.49,43.89,44.37,33689987
1561383000,2019-06-24 09:30,44.23,44.625,44.07,44.38,18547142
1561469400,2019-06-25 09:30,44.16,44.27,43.095,43.2,36632014
1561555800,2019-06-26 09:30,43.74,43.795,43.23,43.55,35440187
1561642200,2019-06-27 09:30,43.18,43.88,42.685,43.69,32637339
1561728600,2019-06-28 09:30,44.01,44.1,43.625,43.72,21892249
1561987800,2019-07-01 09:30,44.56,44.665,43.74,43.88,24224606
1562074200,2019-07-02 09:30,43.79,44.195,43.14,43.48,28274991
1562160600,2019-07-03 09:30,43.44,44.07,43.31,43.88,17381742
1562333400,2019-07-05 09:30,44.76,45.35,44.56,45.24,29116165
1562592600,2019-07-08 09:30,45.44,45.705,45.3,45.57,20252663
1562679000,2019-07-09 09:30,45.26,46.125,45.26,46.02,24164077
1562765400,2019-07-10 09:30,46.56,47.19,46.54,46.73,31608687
1562851800,2019-07-11 09:30,46.74,47.01,46.28,46.57,28972492
1562938200,2019-07-12 09:30,46.8,46.9,46.19,46.33,19890428
1563197400,2019-07-15 09:30,46.37,46.43,45.76,45.89,17460851
1563283800,2019-07-16 09:30,45.93,46.21,45.57,45.72,24716611
1563370200,2019-07-17 09:30,46.02,46.22,45.79,45.97,19833648
1563456600,2019-07-18 09:30,46.14,46.8,46.06,46.67,21122578
1563543000,2019-07-19 09:30,46.6,46.62,45.835,46.02,31782330
1563802200,2019-07-22 09:30,46.33,46.43,46.0084,46.19,14274072
1563888600,2019-07-23 09:30,46.09,46.15,45.57,45.7,17221904
1563975000,2019-07-24 09:30,45.93,46.31,45.82,45.94,15974486
1564061400,2019-07-25 09:30,45.72,45.73,44.83,45.09,24889715
1564147800,2019-07-26 09:30,45.42,45.535,44.95,45.44,19898239
1564407000,2019-07-29 09:30,45.2,45.51,44.8,45.49,17305775
1564493400,2019-07-30 09:30,45.08,45.485,44.92,45.17,13609123
1564579800,2019-07-31 09:30,45.42,45.51,43.91,44.5,29916484
1564666200,2019-08-01 09:30,44.65,45.285,44,44.13,33397391
1564752600,2019-08-02 09:30,44.315,44.435,43.49,43.92,22958452
1565011800,2019-08-05 09:30,42.57,42.73,41.84,42.14,38600940
1565098200,2019-08-06 09:30,42.86,43.01,42.255,42.93,28380975
1565184600,2019-08-07 09:30,42.17,43.23,41.97,43.19,19560726
1565271000,2019-08-08 09:30,43.63,44.27,43.55,44.27,27926670
1565357400,2019-08-09 09:30,44.14,44.475,43.72,43.99,20443842
1565616600,2019-08-12 09:30,42.42,42.9,42.21,42.59,27770990
1565703000,2019-08-13 09:30,42.39,43.8,42.15,43.44,25672360
1565789400,2019-08-14 09:30,42.19,42.37,41.28,41.35,41240384
1565875800,2019-08-15 09:30,41.53,41.68,40.5,41.36,29340353
1565962200,2019-08-16 09:30,41.7,41.955,41.33,41.65,29467526
1566221400,2019-08-19 09:30,42.04,42.12,40.62,40.75,36012805
1566307800,2019-08-20 09:30,40.48,41.335,40.2499,40.89,28224768
1566394200,2019-08-21 09:30,41.46,41.98,41.13,41.97,29374997
1566480600,2019-08-22 09:30,41.66,41.93,40.9,40.91,27933476
1566567000,2019-08-23 09:30,40.58,41.16,39.305,39.51,48988302
1566826200,2019-08-26 09:30,39.65,39.76,38.58,38.89,29476009
1566912600,2019-08-27 09:30,39.25,39.64,38.51,39.03,35365174
1566999000,2019-08-28 09:30,39.02,39.64,38.815,39.46,19638365
1567085400,2019-08-29 09:30,39.72,40.48,39.47,40.29,19796103
1567171800,2019-08-30 09:30,40.85,41.1,40.61,40.99,18764912
1567517400,2019-09-03 09:30,40.3,40.815,39.735,39.93,27741943
1567603800,2019-09-04 09:30,40.83,41.24,40.71,41.19,20068907
1567690200,2019-09-05 09:30,41.98,42.35,41.57,41.61,20749637
1567776600,2019-09-06 09:30,42.15,42.46,42.07,42.13,16202226
1568035800,2019-09-09 09:30,42.37,42.81,41.94,42.13,19617656
1568122200,2019-09-10 09:30,41.75,42.3,41.47,42.01,17647864
1568208600,2019-09-11 09:30,42.47,42.94,42.39,42.61,20085532
1568295000,2019-09-12 09:30,43.11,43.25,42.695,42.99,16329615
1568381400,2019-09-13 09:30,43.08,43.17,42.18,42.28,16329823
1568640600,2019-09-16 09:30,41.94,42.62,41.84,42.35,14697151
1568727000,2019-09-17 09:30,41.98,42.88,41.93,42.86,17312849
1568813400,2019-09-18 09:30,42.67,42.86,42.13,42.61,14309828
1568899800,2019-09-19 09:30,42.78,42.99,41.86,41.92,27013510
1568986200,2019-09-20 09:30,41.88,42.2,41.51,42.2,25210343
1569245400,2019-09-23 09:30,41.72,41.91,41.57,41.84,16700480
1569331800,2019-09-24 09:30,41.94,41.95,41.38,41.67,16912450
1569418200,2019-09-25 09:30,41.32,42.02,41.04,41.96,14716914
1569504600,2019-09-26 09:30,42.31,42.35,41.905,42.26,17486354
1569591000,2019-09-27 09:30,42.18,42.5,41.88,42.23,15712624
1569850200,2019-09-30 09:30,42.12,42.31,41.915,42.13,21563176
1569936600,2019-10-01 09:30,41.82,42,41.535,41.68,20524514
1570023000,2019-10-02 09:30,41.15,41.19,40.56,40.78,30546860
1570109400,2019-10-03 09:30,40.83,41.395,40.48,41.2,28788680
1570195800,2019-10-04 09:30,41.5,42.19,41.41,42.11,23666367
1570455000,2019-10-07 09:30,41.86,42.05,40.86,40.87,26606693
1570541400,2019-10-08 09:30,41.08,41.44,40.58,40.58,29809337
1570627800,2019-10-09 09:30,41.11,41.395,40.66,41.13,18137738
1570714200,2019-10-10 09:30,41,41.68,40.83,41.17,21858890
1570800600,2019-10-11 09:30,41.74,42.57,41.7,42.23,37465381
1571059800,2019-10-14 09:30,41.97,42.16,41.85,42.13,15902027
1571146200,2019-10-15 09:30,42.06,42.23,41.8,41.8,18362190
1571232600,2019-10-16 09:30,41.38,42.37,41.32,42.36,30061901
1571319000,2019-10-17 09:30,42.67,42.82,41.88,42.04,25445454
1571405400,2019-10-18 09:30,42.28,42.6,42.14,42.42,21746948
1571664600,2019-10-21 09:30,42.21,42.81,42.105,42.8,23928663
1571751000,2019-10-22 09:30,43.11,44.06,43.1,43.85,32815100
1571837400,2019-10-23 09:30,43.78,44.555,43.715,44.46,32504536
1571923800,2019-10-24 09:30,44.76,44.77,44,44.13,18826382
1572010200,2019-10-25 09:30,44.44,44.885,44.34,44.67,26030502
1572269400,2019-10-28 09:30,45.02,45.315,44.925,45.13,18366014
1572355800,2019-10-29 09:30,44.87,45.085,44.58,44.62,16062197
1572442200,2019-10-30 09:30,44.33,45.3,44.01,45.28,24006712
1572528600,2019-10-31 09:30,44.8,44.835,44.04,44.6,27495742
1572615000,2019-11-01 09:30,45.15,45.48,44.74,45.09,36244029
1572877800,2019-11-04 09:30,45.53,45.58,44.99,45.02,16138294
1572964200,2019-11-05 09:30,45.24,45.49,45.03,45.25,19556434
1573050600,2019-11-06 09:30,44.15,44.88,43.79,44.34,29910070
1573137000,2019-11-07 09:30,44.43,44.85,44.28,44.53,23365170
1573223400,2019-11-08 09:30,43.63,43.935,42.91,43.02,40973992
1573482600,2019-11-11 09:30,43.01,43.71,42.97,43.62,19863035
1573569000,2019-11-12 09:30,42.87,42.93,42.46,42.79,40625976
1573655400,2019-11-13 09:30,42.29,42.605,41.9,42.4,37022728
1573741800,2019-11-14 09:30,42.4,42.64,42.15,42.48,21983062
1573828200,2019-11-15 09:30,42.86,43.13,42.77,43.02,19268019
1574087400,2019-11-18 09:30,42.83,42.85,42.125,42.21,27593524
1574173800,2019-11-19 09:30,42.22,42.25,41.82,42,14179768
1574260200,2019-11-20 09:30,41.95,42.355,41.76,41.96,17550668
1574346600,2019-11-21 09:30,42.26,42.77,41.98,42.77,21463199
1574433000,2019-11-22 09:30,43.15,43.335,42.86,43.16,17604253
1574692200,2019-11-25 09:30,42.95,43.12,42.655,42.71,19792629
1574778600,2019-11-26 09:30,42.09,42.17,41.5,42.1,35958520
1574865000,2019-11-27 09:30,41.93,42.265,41.535,42.1,17854576
1575037800,2019-11-29 09:30,42.61,42.78,42.365,42.47,12996696
1575297000,2019-12-02 09:30,43.07,43.21,42.855,43.07,22734317
1575383400,2019-12-03 09:30,43.09,43.22,42.815,43.12,11466582
1575469800,2019-12-04 09:30,43.6,43.84,43.53,43.61,16684621
1575556200,2019-12-05 09:30,43.77,44.26,43.68,44.01,18898499
1575642600,2019-12-06 09:30,44.41,44.8,44.28,44.71,22502526
1575901800,2019-12-09 09:30,44.46,44.87,44.41,44.59,19366999
1575988200,2019-12-10 09:30,44.55,44.6,44.2,44.41,14702485
1576074600,2019-12-11 09:30,44.85,44.96,44.6,44.92,18238883
1576161000,2019-12-12 09:30,45.16,45.88,45.11,45.8,32944041
1576247400,2019-12-13 09:30,45.61,46.22,45.4,45.69,31512761
1576506600,2019-12-16 09:30,45.62,45.885,45.46,45.56,31380298
1576593000,2019-12-17 09:30,45.37,45.68,45.24,45.53,22327876
1576679400,2019-12-18 09:30,45.82,46.235,45.73,46.19,31047754
1576765800,2019-12-19 09:30,45.95,46.64,45.95,46.55,26323004
1576852200,2019-12-20 09:30,46.37,46.47,46.08,46.25,30290271
1577111400,2019-12-23 09:30,46.61,46.74,46.4,46.7,25643895
1577197800,2019-12-24 09:30,46.71,46.755,46.55,46.66,2671212
1577370600,2019-12-26 09:30,47.03,47.69,47.03,47.69,18172384
1577457000,2019-12-27 09:30,47.53,47.6,47.18,47.31,19300775
1577716200,2019-12-30 09:30,47.6,47.7,47.12,47.2,22980995
1577802600,2019-12-31 09:30,47.29,47.47,47.03,47.45,12361749
1577975400,2020-01-02 09:30,47.76,48.48,47.72,48.41,33404393
1578061800,2020-01-03 09:30,47.84,48.27,47.78,47.99,25873104
1578321000,2020-01-06 09:30,47.26,47.79,47.18,47.25,29151953
1578407400,2020-01-07 09:30,46.775,47.43,46.64,47.22,16943642
1578493800,2020-01-08 09:30,47.02,47.56,46.76,47.01,20006361
1578580200,2020-01-09 09:30,46.83,47,46.47,46.65,21390947
1578666600,2020-01-10 09:30,47.07,47.3,46.2,46.27,21493995
1578925800,2020-01-13 09:30,46.36,46.815,46.33,46.67,16496256
1579012200,2020-01-14 09:30,46.67,46.89,46.41,46.82,15596417
1579098600,2020-01-15 09:30,46.35,46.43,45.74,45.75,24454991
1579185000,2020-01-16 09:30,46.09,46.205,45.45,45.88,21051854
1579271400,2020-01-17 09:30,46.49,46.84,46.1,46.76,30371276
1579617000,2020-01-21 09:30,46.46,46.495,45.645,45.67,24647215
1579703400,2020-01-22 09:30,46.26,46.52,46.1,46.51,17764689
1579789800,2020-01-23 09:30,46.26,47.19,46.01,47.06,20861560
1579876200,2020-01-24 09:30,46.87,46.97,46.295,46.49,17432462
1580135400,2020-01-27 09:30,45.04,45.29,44.725,44.75,33508786
1580221800,2020-01-28 09:30,45.32,45.855,45.02,45.77,19273999
1580308200,2020-01-29 09:30,45.63,45.74,44.94,44.96,20125481
1580394600,2020-01-30 09:30,44,44.86,43.59,44.81,33372594
1580481000,2020-01-31 09:30,43.98,44.13,43.45,43.76,32579377
1580740200,2020-02-03 09:30,44.19,44.81,44.18,44.43,21865605
1580826600,2020-02-04 09:30,45.02,45.22,44.59,44.72,24420902
1580913000,2020-02-05 09:30,45.52,45.64,44.885,44.99,25665515
1580999400,2020-02-06 09:30,45.5,45.5,44.01,44.17,30893825
1581085800,2020-02-07 09:30,43.86,43.905,43.34,43.38,26129994
1581345000,2020-02-10 09:30,43.16,43.23,42.69,42.99,32519089
1581431400,2020-02-11 09:30,43.64,44,43.55,43.91,28919760
1581517800,2020-02-12 09:30,44.04,44.67,43.83,44.11,23323473
1581604200,2020-02-13 09:30,43.96,44.1,43.605,43.67,22242518
1581690600,2020-02-14 09:30,44.15,44.15,43.575,43.86,19206383
1582036200,2020-02-18 09:30,43.3,43.43,42.94,43.32,20304560
1582122600,2020-02-19 09:30,43.57,43.925,43.545,43.91,16095526
1582209000,2020-02-20 09:30,43.47,43.64,42.82,42.84,29010384
1582295400,2020-02-21 09:30,42.28,42.71,42.09,42.46,28883292
1582554600,2020-02-24 09:30,40.9,40.97,40.015,40.34,40703000
1582641000,2020-02-25 09:30,40.85,40.88,39.27,39.77,35755924
1582727400,2020-02-26 09:30,40.01,40.5,38.98,39.2,60974286
1582813800,2020-02-27 09:30,38.16,39.505,37.57,37.78,64789827
1582900200,2020-02-28 09:30,36.99,38.42,36.585,38.36,57037619
1583159400,2020-03-02 09:30,38.63,39.5,38.23,39.39,58050293
1583245800,2020-03-03 09:30,39.26,40.34,38.16,38.49,63787636
1583332200,2020-03-04 09:30,39.01,39.13,38.105,38.78,32017935
1583418600,2020-03-05 09:30,37.66,37.84,35.94,36.66,54432293
1583505000,2020-03-06 09:30,35.03,35.76,34.61,35.1,75505101
1583760600,2020-03-09 09:30,30.63,31.635,29.79,29.79,73650541
1583847000,2020-03-10 09:30,31.84,32.835,30.84,32.81,47720149
1583933400,2020-03-11 09:30,31.9,32.12,27.93,29.68,76187539
1584019800,2020-03-12 09:30,24.83,27,23.655,24.74,72411366
1584106200,2020-03-13 09:30,29.4,29.44,25.26,29.1,61942179
1584365400,2020-03-16 09:30,24.41,25.72,22.35,22.38,61370270
1584451800,2020-03-17 09:30,24.23,25.8,23.2,25.3,50296127
1584538200,2020-03-18 09:30,22.15,23.28,20.38,21.39,38725122
1584624600,2020-03-19 09:30,20.89,23.25,20.14,22.2,49162069
1584711000,2020-03-20 09:30,23.71,24.22,22.04,22.33,45808521
1584970200,2020-03-23 09:30,21.31,21.78,20.34,20.82,50448222
1585056600,2020-03-24 09:30,22.82,23.7,22.6,23.33,38398854
1585143000,2020-03-25 09:30,23.24,25.85,23.05,25.04,45768876
1585229400,2020-03-26 09:30,25.83,26.455,25.15,26.18,42902486
1585315800,2020-03-27 09:30,24.16,25.07,23.78,23.79,54952877
1585575000,2020-03-30 09:30,24.26,24.39,23.61,24,36712467
1585661400,2020-03-31 09:30,23.98,24.4,23.245,23.56,25305258
1585747800,2020-04-01 09:30,22.24,22.8,22.04,22.57,24245672
1585834200,2020-04-02 09:30,22.81,23.63,22.555,23.06,26836729
1585920600,2020-04-03 09:30,22.6,22.74,21.33,21.79,28789197
1586179800,2020-04-06 09:30,23.41,24.07,22.94,23.46,33005283
1586266200,2020-04-07 09:30,25.71,25.78,24.4101,24.49,39329876
1586352600,2020-04-08 09:30,24.46,25.8,24.35,25.65,25857646
1586439000,2020-04-09 09:30,26.22,26.67,25.445,25.65,27285096
1586784600,2020-04-13 09:30,25.07,25.5,24.57,25.46,18622700
1586871000,2020-04-14 09:30,26.04,26.45,25.755,25.8,20940298
1586957400,2020-04-15 09:30,24.94,25.55,24.76,25.17,24076680
1587043800,2020-04-16 09:30,25.35,25.36,24.52,24.68,19866908
1587130200,2020-04-17 09:30,25.38,25.45,24.63,25.23,23776894
1587389400,2020-04-20 09:30,24.42,25.24,24.335,24.92,22623334
1587475800,2020-04-21 09:30,24.06,24.45,23.845,24.1,20317894
1587562200,2020-04-22 09:30,24.62,25.18,24.61,24.96,21411692
1587648600,2020-04-23 09:30,24.94,25.115,23.875,24,23384482
1587735000,2020-04-24 09:30,23.12,23.18,21.145,22.16,44241138
1587994200,2020-04-27 09:30,22.98,23.44,22.64,23.1,20660535
1588080600,2020-04-28 09:30,24.24,24.72,23.89,24.56,27961515
1588167000,2020-04-29 09:30,24.95,26.01,24.92,25.93,24234338
1588253400,2020-04-30 09:30,25.02,25.215,24.49,24.67,23441070
1588339800,2020-05-01 09:30,23.8,24.08,23.37,23.58,16593867
1588599000,2020-05-04 09:30,23.35,23.89,23.1598,23.88,24726858
1588685400,2020-05-05 09:30,24.05,24.545,23.53,23.68,21735583
1588771800,2020-05-06 09:30,23.47,23.58,22.91,23.17,22066904
1588858200,2020-05-07 09:30,22.75,23.12,22.19,22.43,29148144
1588944600,2020-05-08 09:30,22.9,23.5,22.85,23.42,22082943
1589203800,2020-05-11 09:30,23.18,23.33,22.6219,22.67,24706449
1589290200,2020-05-12 09:30,23.2,23.32,22.07,22.11,28110074
1589376600,2020-05-13 09:30,22.46,22.53,21.715,22.02,28730895
1589463000,2020-05-14 09:30,21.5,22.6701,21.12,22.63,47429524
1589549400,2020-05-15 09:30,22.59,23.025,22.1,22.25,34955778
1589808600,2020-05-18 09:30,23.34,23.84,23.1,23.71,31476020
1589895000,2020-05-19 09:30,23.74,24.055,23.38,23.42,32020611
1589981400,2020-05-20 09:30,23.92,24.205,23.6166,23.8,25495703
1590067800,2020-05-21 09:30,24.45,24.98,24.41,24.8,30696503
1590154200,2020-05-22 09:30,24.58,24.875,24.29,24.66,25859264
1590499800,2020-05-26 09:30,27.04,27.12,26.49,26.59,53136391
1590586200,2020-05-27 09:30,27.39,27.83,26.9,27.8,37363823
1590672600,2020-05-28 09:30,27.52,27.637,26.85,26.93,34566316
1590759000,2020-05-29 09:30,26.67,27.34,26.205,27.19,35875250
1591018200,2020-06-01 09:30,27.24,27.69,27.12,27.5,26487926
1591104600,2020-06-02 09:30,28.23,29.105,28.08,29.1,38191836
1591191000,2020-06-03 09:30,30.65,30.94,30.12,30.39,48952011
1591277400,2020-06-04 09:30,30.28,30.71,29.88,30.33,33018556
1591363800,2020-06-05 09:30,32.25,32.47,31.435,31.5,45397895
1591623000,2020-06-08 09:30,32.02,33.345,31.82,33.27,35785192
1591709400,2020-06-09 09:30,32.16,33.02,32.06,32.83,33089345
1591795800,2020-06-10 09:30,33.08,33.12,31.61,31.78,50420131
1591882200,2020-06-11 09:30,30,30.495,28.69,29.29,53591720
1591968600,2020-06-12 09:30,30.38,30.935,29.61,30.39,64288371
1592227800,2020-06-15 09:30,28.55,30.08,28.44,29.53,44373001
1592314200,2020-06-16 09:30,30.51,30.72,29.21,29.35,31623323
1592400600,2020-06-17 09:30,29.53,30.33,29.37,29.78,24727684
1592487000,2020-06-18 09:30,29.18,29.85,29.07,29.39,21871178
1592573400,2020-06-19 09:30,29.88,30,29.34,29.7,34489564
1592832600,2020-06-22 09:30,30.35,30.48,29.52,29.66,18601084
1592919000,2020-06-23 09:30,30.53,31.02,30.41,30.53,17131770
1593005400,2020-06-24 09:30,30.07,30.2,28.7712,29.04,32746852
1593091800,2020-06-25 09:30,29.48,29.77,28.86,29.66,23941721
1593178200,2020-06-26 09:30,28.84,28.96,28.08,28.2,28954289
1593437400,2020-06-29 09:30,28.79,28.96,28.23,28.95,20036463
1593523800,2020-06-30 09:30,28.63,29.06,28.34,28.76,38380063
1593610200,2020-07-01 09:30,29.05,29.83,29.03,29.7,25900787
1593696600,2020-07-02 09:30,30.06,30.445,29.425,29.46,23777934
1594042200,2020-07-06 09:30,30.52,30.8,30.11,30.4,19433495
1594128600,2020-07-07 09:30,30.43,30.66,29.72,29.73,20539434
1594215000,2020-07-08 09:30,30.5,30.7,30.135,30.69,19622878
1594301400,2020-07-09 09:30,31.12,31.19,30.2,30.46,23832749
1594387800,2020-07-10 09:30,30.26,30.815,30.12,30.79,14061946
1594647000,2020-07-13 09:30,30.79,30.965,29.92,30,27049960
1594733400,2020-07-14 09:30,29.73,30.87,29.61,30.77,33143914
1594819800,2020-07-15 09:30,31.22,31.31,30.655,31.03,24876133
1594906200,2020-07-16 09:30,30.85,31.095,30.67,30.91,27119199
1594992600,2020-07-17 09:30,31.27,31.465,31.1,31.34,17078898
1595251800,2020-07-20 09:30,31.35,32.075,31.32,32.02,23424245
1595338200,2020-07-21 09:30,32.74,33.16,32.51,32.69,27581092
1595424600,2020-07-22 09:30,33.24,33.7099,33.07,33.5,35150933
1595511000,2020-07-23 09:30,33.2,33.375,32.1,32.18,30919662
1595597400,2020-07-24 09:30,31.95,32.615,31.56,32.29,20949872
1595856600,2020-07-27 09:30,32.62,33.3,32.3598,33.28,23522057
1595943000,2020-07-28 09:30,32.82,33.44,32.8015,33.09,15288055
1596029400,2020-07-29 09:30,33.55,33.73,33.24,33.48,22280286
1596115800,2020-07-30 09:30,33.35,33.52,32.79,33.39,20272303
1596202200,2020-07-31 09:30,33.15,33.18,32.31,32.54,29785737
1596461400,2020-08-03 09:30,31.95,32.085,31.55,31.87,23757932
1596547800,2020-08-04 09:30,31.26,31.78,30.82,31.51,27371867
1596634200,2020-08-05 09:30,32.19,32.41,31.54,31.91,20677402
1596720600,2020-08-06 09:30,31.71,32.17,31.58,32.04,18353495
1596807000,2020-08-07 09:30,31.31,31.68,30.905,31.25,29174144
1597066200,2020-08-10 09:30,31.56,31.75,30.7,31.17,19727012
1597152600,2020-08-11 09:30,31.47,31.73,30.94,30.99,26667313
1597239000,2020-08-12 09:30,31.12,31.2,30.18,30.82,36320316
1597325400,2020-08-13 09:30,31.37,31.63,30.61,30.75,33079950
1597411800,2020-08-14 09:30,30.74,31.06,30.51,30.72,21262782
1597671000,2020-08-17 09:30,30.63,30.77,29.44,29.85,28300352
1597757400,2020-08-18 09:30,30.67,30.8899,30.29,30.7,25771349
1597843800,2020-08-19 09:30,30.66,30.73,29.815,29.85,27592624
1597930200,2020-08-20 09:30,28.94,30.08,28.76,29.92,41305063
1598016600,2020-08-21 09:30,29.59,29.66,29.25,29.65,23898392
1598275800,2020-08-24 09:30,29.9,29.98,29.6698,29.93,13330010
1598362200,2020-08-25 09:30,30,30.26,29.69,30.18,15354394
1598448600,2020-08-26 09:30,30.24,30.285,28.89,29.32,27605555
1598535000,2020-08-27 09:30,29.82,29.82,29.11,29.52,26318421
1598621400,2020-08-28 09:30,30.1,30.89,30.055,30.89,28761617
1598880600,2020-08-31 09:30,30.35,30.35,29.8,29.82,28129119
1598967000,2020-09-01 09:30,30.6,31.3,30.53,31.06,22087446
1599053400,2020-09-02 09:30,31.1,31.14,30.67,31.11,20098035
1599139800,2020-09-03 09:30,31.39,31.91,30.72,31.1,35693522
1599226200,2020-09-04 09:30,31.27,31.54,30.4,31.19,29222957
1599571800,2020-09-08 09:30,30.26,30.84,30,30.33,24178632
1599658200,2020-09-09 09:30,31.19,31.36,30.95,31.22,22228279
1599744600,2020-09-10 09:30,31.21,31.44,30.21,30.22,28767831
1599831000,2020-09-11 09:30,30.57,30.745,29.92,30.09,34083358
1600090200,2020-09-14 09:30,30.57,31.17,30.35,31.07,21087637
1600176600,2020-09-15 09:30,31.11,31.22,30.72,30.92,16270092
1600263000,2020-09-16 09:30,31.02,31.425,30.855,30.98,16490470
1600349400,2020-09-17 09:30,30.45,31.29,30.405,31.23,15258150
1600435800,2020-09-18 09:30,30.88,30.97,29.79,29.8,34522095
1600695000,2020-09-21 09:30,29.05,29.49,28.58,29.35,25948146
1600781400,2020-09-22 09:30,29.47,29.62,28.8,29.06,19961221
1600867800,2020-09-23 09:30,28.83,28.93,27.99,28.06,26917119
1600954200,2020-09-24 09:30,28.22,29.205,27.9418,28.81,39303774
1601040600,2020-09-25 09:30,28.17,28.66,28.02,28.62,27633019
1601299800,2020-09-28 09:30,29.02,29.1,27.255,27.46,36932199
1601386200,2020-09-29 09:30,27.32,27.9,27.115,27.17,27345267
1601472600,2020-09-30 09:30,27.37,27.89,27.37,27.66,29440491
1601559000,2020-10-01 09:30,27.48,27.735,27.1,27.67,24408428
1601645400,2020-10-02 09:30,27.5,28.02,27.14,27.16,24470559
1601904600,2020-10-05 09:30,27.47,28.45,27.3318,28.38,22328092
1601991000,2020-10-06 09:30,28.71,29.085,27.81,27.97,38111825
1602077400,2020-10-07 09:30,28.2,28.345,27.64,27.91,28017960
1602163800,2020-10-08 09:30,27.92,28.815,27.85,28.72,20824010
1602250200,2020-10-09 09:30,28.87,29.35,28.725,28.96,24034167
1602509400,2020-10-12 09:30,29.195,29.38,28.98,29.32,9801905
1602595800,2020-10-13 09:30,28.77,29.3,28.44,29.05,19420264
1602682200,2020-10-14 09:30,29.23,29.46,29.025,29.14,18072400
1602768600,2020-10-15 09:30,28.64,29.19,28.57,28.92,16098080
1602855000,2020-10-16 09:30,28.86,28.95,28.57,28.66,21329045
1603114200,2020-10-19 09:30,28.89,29.4,28.8,28.88,19925240
1603200600,2020-10-20 09:30,29.25,29.77,29.21,29.38,24957221
1603287000,2020-10-21 09:30,29.3,29.905,29.23,29.32,25783144
1603373400,2020-10-22 09:30,29.48,30,29.41,29.84,17518596
1603459800,2020-10-23 09:30,29.87,29.94,29.46,29.49,21115364
1603719000,2020-10-26 09:30,29.58,29.745,29.05,29.56,15308228
1603805400,2020-10-27 09:30,29.45,29.46,28.7,28.72,19621843
1603891800,2020-10-28 09:30,27.9,27.99,27.14,27.17,27276477
1603978200,2020-10-29 09:30,26.8,27.63,26.56,27.52,27449986
1604064600,2020-10-30 09:30,27.18,27.31,26.655,26.86,26106325
1604327400,2020-11-02 09:30,27.21,27.37,26.915,27.17,16795999
1604413800,2020-11-03 09:30,27.83,27.88,27.165,27.52,17716988
1604500200,2020-11-04 09:30,27.9,28.64,27.72,28.39,24351136
1604586600,2020-11-05 09:30,29.41,29.97,29.22,29.88,36418067
1604673000,2020-11-06 09:30,29.91,30.85,29.71,30.76,29220350
1604932200,2020-11-09 09:30,32.36,32.495,31.23,31.42,40938852
1605018600,2020-11-10 09:30,31.73,32.335,31.68,31.74,29916550
1605105000,2020-11-11 09:30,31.81,32.02,31.56,31.77,25120683
1605191400,2020-11-12 09:30,31.54,31.55,30.475,30.74,21657499
1605277800,2020-11-13 09:30,30.75,31.385,30.65,31.32,21183442
1605537000,2020-11-16 09:30,31.9,32.1,31.57,32.1,25743967
1605623400,2020-11-17 09:30,32.1,33.14,32.07,32.99,40057253
1605709800,2020-11-18 09:30,32.88,33.14,32.31,32.37,34950157
1605796200,2020-11-19 09:30,32.53,32.98,32.41,32.91,20625694
1605882600,2020-11-20 09:30,32.51,32.63,32.07,32.17,33855905
1606141800,2020-11-23 09:30,32.55,32.58,32.05,32.35,21252251
1606228200,2020-11-24 09:30,32.96,33.51,32.86,33.44,20479881
1606314600,2020-11-25 09:30,33.47,34.05,33.45,33.86,20509181
1606487400,2020-11-27 09:30,33.77,34.29,33.75,34.03,11370772
1606746600,2020-11-30 09:30,33.92,34.075,33.08,33.25,26559721
1606833000,2020-12-01 09:30,34.16,34.985,34.125,34.89,38587893
1606919400,2020-12-02 09:30,34.51,35.075,34.395,34.88,26898645
1607005800,2020-12-03 09:30,35.42,36.07,35.235,35.47,39675609
1607092200,2020-12-04 09:30,35.7,36.26,35.65,36.15,31452285
1607351400,2020-12-07 09:30,36.43,36.8808,35.7,36.17,37473926
1607437800,2020-12-08 09:30,36.31,36.725,35.88,36.25,21715599
1607524200,2020-12-09 09:30,36.31,36.36,35.31,35.65,26470959
1607610600,2020-12-10 09:30,35.9,37.45,35.85,37.39,36414097
1607697000,2020-12-11 09:30,36.84,37.325,36.6,37.14,33727548
1607956200,2020-12-14 09:30,36.85,36.97,36.1,36.23,24447947
1608042600,2020-12-15 09:30,36.63,37.075,36.4,37.02,19848752
1608129000,2020-12-16 09:30,36.88,37.61,36.43,37.51,22087378
1608215400,2020-12-17 09:30,37.98,38.22,37.57,37.89,30095751
1608301800,2020-12-18 09:30,37.79,38.095,37.43,37.7,39979182
1608561000,2020-12-21 09:30,36.47,37.14,35.97,36.62,31897056
1608647400,2020-12-22 09:30,36.58,36.94,36.28,36.6,27448788
1608733800,2020-12-23 09:30,36.84,37.055,36.63,36.66,14534587
1608820200,2020-12-24 09:30,36.79,36.99,36.52,36.96,5832662
1609165800,2020-12-28 09:30,36.83,36.92,36.27,36.81,22646880
1609252200,2020-12-29 09:30,37.34,37.475,36.93,37.23,18188470
1609338600,2020-12-30 09:30,37.17,37.59,37.12,37.15,21775251
1609425000,2020-12-31 09:30,37.2,37.21,36.81,37.07,7458717
1609770600,2021-01-04 09:30,37.68,37.89,36.355,36.57,23196054
1609857000,2021-01-05 09:30,35.78,37.035,35.77,36.78,26690993
1609943400,2021-01-06 09:30,36.4,37.525,36.15,36.63,41032735
1610029800,2021-01-07 09:30,37.01,37.21,36.565,37.16,26476797
1610116200,2021-01-08 09:30,37.75,37.995,37.01,37.7,39274029
1610375400,2021-01-11 09:30,36.81,37.07,36.31,36.41,26048832
1610461800,2021-01-12 09:30,36.7,38.1,36.64,38.07,39750301
1610548200,2021-01-13 09:30,37.6,37.7,36.96,37.32,29166982
1610634600,2021-01-14 09:30,37.77,38.82,37.64,38.61,33748680
1610721000,2021-01-15 09:30,37.45,37.775,36.87,36.89,34510762
1611066600,2021-01-19 09:30,37.11,37.21,36.355,36.68,24242966
1611153000,2021-01-20 09:30,37.13,37.21,36.41,36.66,22458075
1611239400,2021-01-21 09:30,36.65,36.68,35.56,35.98,30223803
1611325800,2021-01-22 09:30,35.14,35.36,34.62,35.04,40010298
1611585000,2021-01-25 09:30,34.93,34.94,34.065,34.52,23439067
1611671400,2021-01-26 09:30,35.7801,36.1,35.28,35.39,33821225
1611757800,2021-01-27 09:30,35.23,35.66,34.52,34.8,32564058
1611844200,2021-01-28 09:30,35.12,35.695,34.93,35.49,26868102
1611930600,2021-01-29 09:30,34.66,34.865,34.03,34.19,35437365
1612189800,2021-02-01 09:30,34.81,35.12,34.235,34.92,24402408
1612276200,2021-02-02 09:30,36.06,36.18,35.37,35.68,29478017
1612362600,2021-02-03 09:30,36.15,36.44,35.66,36.03,25432476
1612449000,2021-02-04 09:30,36,36.09,35.41,35.48,19317215
1612535400,2021-02-05 09:30,36.16,36.66,36,36.23,26797505
1612794600,2021-02-08 09:30,36.09,36.85,35.905,36.27,22781438
1612881000,2021-02-09 09:30,35.47,36.28,35.33,36.01,25397728
1612967400,2021-02-10 09:30,35.76,35.975,35.37,35.7,20744058
1613053800,2021-02-11 09:30,36.26,36.475,35.67,35.96,25585799
1613140200,2021-02-12 09:30,35.58,36.29,35.515,36.03,17926471
1613485800,2021-02-16 09:30,36.33,36.785,35.915,36.23,21400981
1613572200,2021-02-17 09:30,36.04,36.305,35.64,36.11,21850185
1613658600,2021-02-18 09:30,35.99,36.11,35.285,35.58,21998991
1613745000,2021-02-19 09:30,35.57,36.11,35.4,35.68,28313363
1614004200,2021-02-22 09:30,33.01,34.16,32.97,33.47,51718611
1614090600,2021-02-23 09:30,33.87,34.535,33.49,34.38,30587237
1614177000,2021-02-24 09:30,34.36,34.785,34.225,34.73,24699328
1614263400,2021-02-25 09:30,34.69,34.81,32.84,33.02,44217588
1614349800,2021-02-26 09:30,33.51,33.51,31.81,31.9,44773881
1614609000,2021-03-01 09:30,32.39,32.81,31.83,31.84,33794588
1614695400,2021-03-02 09:30,31.17,32.46,30.795,32.11,62911429
1614781800,2021-03-03 09:30,31.38,33.005,30.47,32.19,81996760
1614868200,2021-03-04 09:30,33.1,33.58,32.03,32.32,55538969
1614954600,2021-03-05 09:30,32.91,33.15,32.31,32.99,35667737
1615213800,2021-03-08 09:30,32.44,32.705,30.96,31.04,51646906
1615300200,2021-03-09 09:30,30.97,31.86,30.625,31.26,48254438
1615386600,2021-03-10 09:30,31.82,32.525,31.265,32.33,48701160
1615473000,2021-03-11 09:30,33.1,33.79,32.81,33.67,38483738
1615559400,2021-03-12 09:30,33.15,33.365,32.95,33.29,21540832
1615815000,2021-03-15 09:30,32.85,33.185,32.67,33.04,22060431
1615901400,2021-03-16 09:30,33.34,33.43,32.71,32.9,23241391
1615987800,2021-03-17 09:30,32.67,34.03,32.58,33.85,38953383
1616074200,2021-03-18 09:30,33.71,34.251,33.31,33.43,35578408
1616160600,2021-03-19 09:30,33.77,34.52,33.51,34.25,38642817
1616419800,2021-03-22 09:30,33.69,33.945,33.18,33.73,26309802
1616506200,2021-03-23 09:30,33.57,34.15,33.05,33.21,32195121
1616592600,2021-03-24 09:30,33.26,33.59,32.13,32.13,33166176
1616679000,2021-03-25 09:30,32.09,32.67,31.92,32.43,42100791
1616765400,2021-03-26 09:30,32.67,32.885,31.9,32.41,32707123
1617024600,2021-03-29 09:30,32.08,32.605,31.855,32.37,29926987
1617111000,2021-03-30 09:30,32.38,32.985,32.255,32.79,40593866
1617197400,2021-03-31 09:30,32.82,33.58,32.735,33.45,35775441
1617283800,2021-04-01 09:30,33.28,33.385,32.58,32.62,37702950
1617629400,2021-04-05 09:30,33.51,33.68,33.33,33.58,22708012
1617715800,2021-04-06 09:30,33.73,34.305,33.66,33.95,25221363
1617802200,2021-04-07 09:30,34.22,34.42,33.62,33.72,28119576
1617888600,2021-04-08 09:30,34.16,34.66,33.89,34.34,25700430
1617975000,2021-04-09 09:30,33.83,33.995,33.475,33.56,28035614
1618234200,2021-04-12 09:30,33.94,34.005,33.305,33.52,19094623
1618320600,2021-04-13 09:30,33.29,34.125,33.24,33.65,22564202
1618407000,2021-04-14 09:30,33.77,34.53,33.76,34.34,28428089
1618493400,2021-04-15 09:30,34.96,35.03,34.5601,34.73,36858324
1618579800,2021-04-16 09:30,34.5,35.255,34.335,35.06,34102705
1618839000,2021-04-19 09:30,34.88,35.67,34.84,35.27,39497978
1618925400,2021-04-20 09:30,35.36,35.52,34.86,35.02,28893459
1619011800,2021-04-21 09:30,34.85,35.2,34.515,35.1,16611783
1619098200,2021-04-22 09:30,35.57,35.61,35.05,35.4,32128823
1619184600,2021-04-23 09:30,35.63,35.8601,35.21,35.54,25109742
1619443800,2021-04-26 09:30,35.91,35.955,35.495,35.8,26787505
1619530200,2021-04-27 09:30,35.73,36.04,35.325,35.44,21147066
1619616600,2021-04-28 09:30,35.96,36.73,35.9,36.63,30203324
1619703000,2021-04-29 09:30,36.71,36.71,36.12,36.54,24620053
1619789400,2021-04-30 09:30,36.12,36.23,35.48,35.56,36290172
1620048600,2021-05-03 09:30,35.66,36.05,35.43,35.7,23997299
1620135000,2021-05-04 09:30,35.29,35.61,35.09,35.22,29875360
1620221400,2021-05-05 09:30,35.74,36.25,35.65,36.23,27266734
1620307800,2021-05-06 09:30,36.6,37.02,36.52,37.01,31412381
1620394200,2021-05-07 09:30,37.455,38.02,37.34,38.01,44490480
1620653400,2021-05-10 09:30,38.29,38.35,37.8,37.9,26093857
1620739800,2021-05-11 09:30,37.25,38.33,37.21,38.31,30959933
1620826200,2021-05-12 09:30,37.78,37.975,36.64,36.7,37873574
1620912600,2021-05-13 09:30,36.97,37.51,36.56,36.98,38010151
1620999000,2021-05-14 09:30,37.55,37.69,37.14,37.49,24850564
1621258200,2021-05-17 09:30,37.19,37.995,37.17,37.9,24450313
1621344600,2021-05-18 09:30,37.93,38.265,37.72,38,20415568
1621431000,2021-05-19 09:30,37.53,37.975,37.145,37.5,33334993
1621517400,2021-05-20 09:30,37.63,37.715,37.38,37.69,29483625
1621603800,2021-05-21 09:30,37.52,37.58,36.83,37.02,34158459
1621863000,2021-05-24 09:30,37.28,37.78,37.23,37.68,22520829
1621949400,2021-05-25 09:30,38,38.035,37.05,37.16,33897231
1622035800,2021-05-26 09:30,37.3,37.9,37.28,37.71,22506703
1622122200,2021-05-27 09:30,37.95,38.295,37.75,38.2,23589410
1622208600,2021-05-28 09:30,38.34,38.99,38.31,38.91,30912389
1622554200,2021-06-01 09:30,40.2,40.395,39.995,40.33,42652257
1622640600,2021-06-02 09:30,40.14,41.33,40.12,41.23,49622976
1622727000,2021-06-03 09:30,40.83,40.955,40.55,40.84,25464654
1622813400,2021-06-04 09:30,41.41,41.73,41.08,41.67,31203366
1623072600,2021-06-07 09:30,41.41,42.05,41.2,41.85,26655936
1623159000,2021-06-08 09:30,41.6,42.01,41.31,41.64,24620739
1623245400,2021-06-09 09:30,41.58,41.8,41.33,41.39,33848819
1623331800,2021-06-10 09:30,40.97,41.16,40.46,40.89,38490132
1623418200,2021-06-11 09:30,40.75,40.77,39.95,40.3,25434008
1623677400,2021-06-14 09:30,40.86,41.28,40.61,40.84,25121275
1623763800,2021-06-15 09:30,40.78,41.04,40.35,40.99,13826737
1623850200,2021-06-16 09:30,40.91,41.32,40.05,40.51,40846241
1623936600,2021-06-17 09:30,40.86,41.04,40.15,40.27,27397153
1624023000,2021-06-18 09:30,40.68,40.78,39.82,40.13,39888050
1624282200,2021-06-21 09:30,40.39,40.91,40.15,40.83,18515694
1624368600,2021-06-22 09:30,40.5,41.205,40.255,41.19,24400653
1624455000,2021-06-23 09:30,41.29,41.78,40.92,41.09,21887564
1624541400,2021-06-24 09:30,41.56,42.021,41.41,41.96,19611450
1624627800,2021-06-25 09:30,42,42.05,40.67,41.04,33494363
1624887000,2021-06-28 09:30,41.19,41.33,40.64,41.17,21004055
1624973400,2021-06-29 09:30,41.01,41.11,40.49,41,17266346
1625059800,2021-06-30 09:30,40.38,40.695,40.09,40.54,26360013
1625146200,2021-07-01 09:30,40.74,40.76,39.45,39.69,37598716
1625232600,2021-07-02 09:30,40.26,40.425,39.55,40.27,28071571
1625578200,2021-07-06 09:30,39.14,39.23,38.31,38.33,30584795
1625664600,2021-07-07 09:30,38.66,38.97,38.02,38.74,29100563
1625751000,2021-07-08 09:30,37.97,38.44,37.42,38.13,32604283
1625837400,2021-07-09 09:30,38.37,38.85,38.1,38.62,13848388
1626096600,2021-07-12 09:30,38.58,39.45,38.47,39.39,20737934
1626183000,2021-07-13 09:30,39.13,39.66,38.93,39.43,23045631
1626269400,2021-07-14 09:30,40.49,40.64,40.02,40.28,25963762
1626355800,2021-07-15 09:30,40.18,40.54,39.45,39.82,23963973
1626442200,2021-07-16 09:30,40,40.16,39.2,39.29,20744451
1626701400,2021-07-19 09:30,38.32,38.51,37.545,37.83,22432689
1626787800,2021-07-20 09:30,37.41,38.45,37.25,38.17,20674522
1626874200,2021-07-21 09:30,38.19,38.83,37.895,38.73,17995209
1626960600,2021-07-22 09:30,38.72,38.87,38.31,38.66,14172803
1627047000,2021-07-23 09:30,38.89,38.9,38,38.36,20474701
1627306200,2021-07-26 09:30,38.4,39.14,38.4,38.96,16217135
1627392600,2021-07-27 09:30,38.6,38.84,38.19,38.6,22445846
1627479000,2021-07-28 09:30,38.95,39.67,38.675,39.61,21437652
1627565400,2021-07-29 09:30,39.73,39.89,39.38,39.65,10743723
1627651800,2021-07-30 09:30,39.02,39.36,37.3,37.4,47806462
1627911000,2021-08-02 09:30,38.49,38.845,37.93,38.02,23672560
1627997400,2021-08-03 09:30,37.4,38.24,36.72,38.12,26944088
1628083800,2021-08-04 09:30,37.93,38.17,37.025,37.64,23818955
1628170200,2021-08-05 09:30,38.35,38.62,37.14,37.3,34967961
1628256600,2021-08-06 09:30,37.61,37.82,36.98,37.57,20199851
1628515800,2021-08-09 09:30,37.52,37.88,36.91,37.45,23598419
1628602200,2021-08-10 09:30,37.53,37.96,37.31,37.59,19116899
1628688600,2021-08-11 09:30,37.5,37.75,36.99,37.52,20989810
1628775000,2021-08-12 09:30,37.18,37.46,36.83,36.84,21722186
1628861400,2021-08-13 09:30,36.88,37.24,36.445,36.99,20908923
1629120600,2021-08-16 09:30,36.78,36.84,36.22,36.29,17923460
1629207000,2021-08-17 09:30,36.07,36.56,35.3,35.97,25797888
1629293400,2021-08-18 09:30,35.5,35.9,34.75,34.85,38657125
1629379800,2021-08-19 09:30,34.04,34.8,33.85,34.46,29628652
1629466200,2021-08-20 09:30,33.98,35.01,33.91,34.86,47180153
1629725400,2021-08-23 09:30,34.97,34.99,34.54,34.78,22031569
1629811800,2021-08-24 09:30,35.49,36.53,35.49,36.29,31350685
1629898200,2021-08-25 09:30,36.17,36.88,35.94,36.84,21551839
1629984600,2021-08-26 09:30,36.48,36.695,35.88,36,22250793
1630071000,2021-08-27 09:30,36.27,36.99,36.08,36.98,18585093
1630330200,2021-08-30 09:30,36.7,36.935,36.37,36.71,14945634
1630416600,2021-08-31 09:30,37.01,37.15,36.22,36.4,22341381
1630503000,2021-09-01 09:30,36.39,37.03,36.335,36.65,18491605
1630589400,2021-09-02 09:30,36.3,36.711,35.82,35.95,22418437
1630675800,2021-09-03 09:30,36.15,36.2,35.61,35.85,22401617
1631021400,2021-09-07 09:30,36.13,36.99,35.965,36.07,25240760
1631107800,2021-09-08 09:30,35.5,35.55,33.9,34.01,56500265
1631194200,2021-09-09 09:30,34.32,35.51,33.68,35.12,62164111
1631280600,2021-09-10 09:30,35.51,35.53,34.515,34.6,44501477
1631539800,2021-09-13 09:30,35.33,35.72,35.02,35.35,21417497
1631626200,2021-09-14 09:30,35.6,35.65,34.905,35,18839571
1631712600,2021-09-15 09:30,34.79,34.96,34.57,34.81,13910757
1631799000,2021-09-16 09:30,34.33,34.42,33.95,34.24,16551505
1631885400,2021-09-17 09:30,33.67,33.67,33.03,33.3,27668677
1632144600,2021-09-20 09:30,32.6,32.74,31.72,32.32,31085869
1632231000,2021-09-21 09:30,32.58,33.255,32.35,32.96,27750295
1632317400,2021-09-22 09:30,33.54,34.07,33.28,33.45,26653859
1632403800,2021-09-23 09:30,33.58,34.18,33.52,33.91,21472499
1632490200,2021-09-24 09:30,33.4,33.65,33.22,33.43,17531637
1632749400,2021-09-27 09:30,33.4,33.84,32.93,33.34,26414929
1632835800,2021-09-28 09:30,33.11,33.19,31.96,32.13,31983576
1632922200,2021-09-29 09:30,32.36,32.85,32.08,32.33,25693359
1633008600,2021-09-30 09:30,32.57,32.81,32.11,32.13,23500115
1633095000,2021-10-01 09:30,32.73,33.32,32.575,33.08,26770186
1633354200,2021-10-04 09:30,32.41,32.585,31.91,32.05,24428350
1633440600,2021-10-05 09:30,32.1,32.435,31.78,31.86,21892713
1633527000,2021-10-06 09:30,31.42,32.03,31.04,32.01,40395239
1633613400,2021-10-07 09:30,31.81,32.17,31.685,31.85,21262315
1633699800,2021-10-08 09:30,32.45,32.89,32.34,32.48,26120058
1633959000,2021-10-11 09:30,32.54,32.77,32.07,32.13,15489174
1634045400,2021-10-12 09:30,32.26,32.405,31.965,32.05,12245504
1634131800,2021-10-13 09:30,32.15,32.815,31.96,32.57,25841766
1634218200,2021-10-14 09:30,32.62,32.725,32.245,32.47,19916122
1634304600,2021-10-15 09:30,32.53,33.4,32.51,33.26,33742030
1634563800,2021-10-18 09:30,32.45,33.05,32.17,32.86,18698380
1634650200,2021-10-19 09:30,32.2,32.22,31.08,31.41,45700606
1634736600,2021-10-20 09:30,31.5,32.19,31.42,31.62,32643036
1634823000,2021-10-21 09:30,30.79,30.83,29.5,30.1,71261596
1634909400,2021-10-22 09:30,29.69,30.44,28.57,30.08,79689840
1635168600,2021-10-25 09:30,30.55,31.43,30.42,31.2,35695048
1635255000,2021-10-26 09:30,30.76,30.85,30.24,30.49,29919011
1635341400,2021-10-27 09:30,30.95,31.15,30.345,30.58,19133646
1635427800,2021-10-28 09:30,30.27,30.6,29.86,30.09,32492561
1635514200,2021-10-29 09:30,29.99,30.11,29.215,29.32,33126247
1635773400,2021-11-01 09:30,29.49,29.89,29.37,29.79,22173938
1635859800,2021-11-02 09:30,29.56,29.56,29.015,29.25,15229131
1635946200,2021-11-03 09:30,29.42,30.33,29.14,30.04,40987876
1636032600,2021-11-04 09:30,29.7393,29.92,29.015,29.27,29249828
1636119000,2021-11-05 09:30,29.86,30.22,29.695,29.95,23189282
1636381800,2021-11-08 09:30,29.79,30.14,29.71,29.92,22588581
1636468200,2021-11-09 09:30,30.6,30.84,30.17,30.41,24185789
1636554600,2021-11-10 09:30,30.84,31.04,30.29,30.43,28611324
1636641000,2021-11-11 09:30,31.38,31.85,31.35,31.46,34262770
1636727400,2021-11-12 09:30,31.01,31.06,30.63,30.86,27059791
1636986600,2021-11-15 09:30,30.91,31.06,30.71,30.86,7620834
1637073000,2021-11-16 09:30,30.45,30.525,29.96,30.13,29518017
1637159400,2021-11-17 09:30,30.15,30.285,29.46,29.71,33351664
1637245800,2021-11-18 09:30,29.52,29.62,29.08,29.15,29243390
1637332200,2021-11-19 09:30,29.7,29.84,29.13,29.17,22556295
1637591400,2021-11-22 09:30,29.67,29.9,29.05,29.16,24309131
1637677800,2021-11-23 09:30,29.2,29.75,28.715,29.53,32887288
1637764200,2021-11-24 09:30,29.47,30.02,29.32,29.82,19545155
1637937000,2021-11-26 09:30,29.33,29.44,29.005,29.38,21322927
1638196200,2021-11-29 09:30,29.7,29.72,29.14,29.34,21647876
1638282600,2021-11-30 09:30,29.38,29.55,28.36,28.99,40552094
1638369000,2021-12-01 09:30,29.57,29.755,28.51,28.52,24880487
1638455400,2021-12-02 09:30,29.17,29.76,29.11,29.72,30476835
1638541800,2021-12-03 09:30,30.35,30.49,29.415,29.77,40700038
1638801000,2021-12-06 09:30,29.98,30.41,29.815,30.2,22112837
1638887400,2021-12-07 09:30,30.65,30.83,30.5,30.72,25398898
1638973800,2021-12-08 09:30,30.94,31.3,30.93,31.29,23344709
1639060200,2021-12-09 09:30,30.74,30.76,30.3782,30.47,22643069
1639146600,2021-12-10 09:30,30.64,30.88,30.51,30.68,20285631
1639405800,2021-12-13 09:30,28.99,29.06,28.35,28.4,28402822
1639492200,2021-12-14 09:30,28.65,28.86,28.01,28.14,19594457
1639578600,2021-12-15 09:30,28.01,28.26,27.67,28.23,26536226
1639665000,2021-12-16 09:30,28.47,28.77,28.225,28.62,25689005
1639751400,2021-12-17 09:30,28.23,28.535,28.11,28.29,17448392
1640010600,2021-12-20 09:30,27.65,27.745,27.305,27.49,22122559
1640097000,2021-12-21 09:30,27.48,27.665,27.44,27.52,15211533
1640183400,2021-12-22 09:30,27.39,27.91,27.285,27.9,19837229
1640269800,2021-12-23 09:30,27.65,27.86,27.49,27.75,20933536
1640615400,2021-12-27 09:30,27.92,28.14,27.73,28.13,14048257
1640701800,2021-12-28 09:30,27.86,27.99,27.75,27.93,12011450
1640788200,2021-12-29 09:30,27.83,27.905,27.335,27.4,15486089
1640874600,2021-12-30 09:30,27.81,28.19,27.79,27.96,21079141
1640961000,2021-12-31 09:30,27.87,28.24,27.83,28.07,7198161
1641220200,2022-01-03 09:30,27.55,27.56,27.33,27.36,23660518
1641306600,2022-01-04 09:30,27.13,27.6,27.09,27.24,18384527
1641393000,2022-01-05 09:30,27.18,27.465,26.47,26.52,30989709
1641479400,2022-01-06 09:30,26.7776,26.965,26.62,26.77,28204695
1641565800,2022-01-07 09:30,26.86,27.345,26.835,27.27,17091668
1641825000,2022-01-10 09:30,27.16,27.18,26.68,26.99,21466650
1641911400,2022-01-11 09:30,27.19,28,27.1,27.99,26293317
1641997800,2022-01-12 09:30,28.39,28.86,28.36,28.85,33218828
1642084200,2022-01-13 09:30,28.79,29.085,28.695,28.79,23472289
1642170600,2022-01-14 09:30,28.64,29.22,28.58,29.11,24661764
1642516200,2022-01-18 09:30,29.01,29.205,28.56,28.89,30981898
1642602600,2022-01-19 09:30,29.79,29.94,29.65,29.89,29666923
1642689000,2022-01-20 09:30,30.41,30.66,30.08,30.13,27134781
1642775400,2022-01-21 09:30,30.29,30.465,29.86,29.92,42346607
1643034600,2022-01-24 09:30,29.46,29.635,28.95,29.51,43526280
1643121000,2022-01-25 09:30,29.69,30.55,29.3421,30.39,29643318
1643207400,2022-01-26 09:30,30.9,31.31,30.45,30.75,39394365
1643293800,2022-01-27 09:30,31.48,31.59,30.85,31.2,29390736
1643380200,2022-01-28 09:30,31.4,31.4,30.93,31.15,19957996
1643639400,2022-01-31 09:30,31.29,31.75,31.16,31.62,29721950
1643725800,2022-02-01 09:30,31.72,32.21,31.72,32.16,28505152
1643812200,2022-02-02 09:30,31.95,32.01,31.54,31.94,33343490
1643898600,2022-02-03 09:30,31.53,31.89,31.465,31.69,30069279
1643985000,2022-02-04 09:30,31.36,31.81,31.23,31.68,27353435
1644244200,2022-02-07 09:30,31.7,32.195,31.655,32.05,23620032
1644330600,2022-02-08 09:30,31.77,32.11,31.6185,32.11,20523788
1644417000,2022-02-09 09:30,31.91,32.495,31.85,32.22,21967608
1644503400,2022-02-10 09:30,32.36,32.93,32.34,32.43,28640722
1644589800,2022-02-11 09:30,32.75,33.335,32.31,32.52,55031548
1644849000,2022-02-14 09:30,32.82,32.965,32.58,32.77,28106644
1644935400,2022-02-15 09:30,33.11,33.31,32.87,33.31,22891856
1645021800,2022-02-16 09:30,33.42,33.81,33.37,33.64,25223472
1645108200,2022-02-17 09:30,33.33,33.34,32.81,32.91,24773408
1645194600,2022-02-18 09:30,33.19,33.26,32.795,32.92,29342911
1645540200,2022-02-22 09:30,33.43,33.64,33.18,33.45,28486099
1645626600,2022-02-23 09:30,33.87,33.92,33.43,33.51,26350124
1645713000,2022-02-24 09:30,31.99,32.85,31.69,32.68,56614068
1645799400,2022-02-25 09:30,32.31,33.07,32.29,33.06,24743340
1646058600,2022-02-28 09:30,32.35,33.195,32.26,32.89,20645191
1646145000,2022-03-01 09:30,32.89,33.8,32.55,32.9,35951439
1646231400,2022-03-02 09:30,33.22,34.115,32.65,33.98,38425292
1646317800,2022-03-03 09:30,34.65,34.76,34.305,34.57,31697408
1646404200,2022-03-04 09:30,33.85,34.31,33.62,34.29,29065995
1646663400,2022-03-07 09:30,34.28,34.3,32.99,33.03,44701302
1646749800,2022-03-08 09:30,33.36,33.62,32.95,33.24,25820372
1646836200,2022-03-09 09:30,34,34.355,33.89,34.14,23264523
1646922600,2022-03-10 09:30,33.39,34.27,33.35,34.24,18521136
1647009000,2022-03-11 09:30,34.39,34.4399,33.24,33.37,29648964
1647264600,2022-03-14 09:30,33.46,33.465,32.335,32.53,29102359
1647351000,2022-03-15 09:30,31.91,32.22,31.67,31.84,27039473
1647437400,2022-03-16 09:30,32.45,32.97,32.05,32.94,24277575
1647523800,2022-03-17 09:30,33.1,33.93,32.895,33.82,28617353
1647610200,2022-03-18 09:30,33.64,34.68,33.45,34.65,34698444
1647869400,2022-03-21 09:30,35.14,35.59,35.07,35.55,22664715
1647955800,2022-03-22 09:30,36,36.07,35.6425,35.95,18438605
1648042200,2022-03-23 09:30,36,36.74,35.96,36.48,19889810
1648128600,2022-03-24 09:30,36.62,37.27,36.42,37.13,27090836
1648215000,2022-03-25 09:30,37.5,37.735,37.28,37.69,19700529
1648474200,2022-03-28 09:30,37.34,37.505,36.825,37.4,23092505
1648560600,2022-03-29 09:30,37.86,38.09,37.49,37.86,23108284
1648647000,2022-03-30 09:30,37.93,38.115,37.59,37.74,21724320
1648733400,2022-03-31 09:30,38.13,38.32,37.81,37.81,22932558
1648819800,2022-04-01 09:30,38.62,39.24,38.62,39.14,31761508
1649079000,2022-04-04 09:30,39.5,39.59,39.2,39.52,21079039
1649165400,2022-04-05 09:30,39.23,39.53,38.24,38.32,30527543
1649251800,2022-04-06 09:30,37.892,38.06,37.26,37.67,44174938
1649338200,2022-04-07 09:30,37.55,37.985,37.175,37.77,24628329
1649424600,2022-04-08 09:30,37.53,37.985,37.04,37.86,21240652
1649683800,2022-04-11 09:30,37.75,37.82,37.44,37.6,17699334
1649770200,2022-04-12 09:30,38.43,38.5,37.4348,37.55,26471269
1649856600,2022-04-13 09:30,37.42,37.975,37.38,37.6,23144014
1649943000,2022-04-14 09:30,37.31,37.37,36.95,37.24,27728229
1650288600,2022-04-18 09:30,37.38,37.645,37.195,37.49,14945648
1650375000,2022-04-19 09:30,37.12,37.45,36.76,37.18,18707836
1650461400,2022-04-20 09:30,37.15,37.33,36.89,37.3,22664572
1650547800,2022-04-21 09:30,37.33,37.44,36.02,36.32,29263850
1650634200,2022-04-22 09:30,36.025,36.05,34.5,34.75,44447433
1650893400,2022-04-25 09:30,33.95,34.36,33.22,34.09,42836475
1650979800,2022-04-26 09:30,33.41,33.43,32.51,32.58,37120592
1651066200,2022-04-27 09:30,32.85,33.41,32.67,33.01,30549036
1651152600,2022-04-28 09:30,32.95,33.63,32.47,33.44,26955253
1651239000,2022-04-29 09:30,34.26,34.42,32.67,32.77,42075997
1651498200,2022-05-02 09:30,32.26,32.39,31.145,31.63,42829559
1651584600,2022-05-03 09:30,31.99,32.365,31.82,32.17,26124919
1651671000,2022-05-04 09:30,31.73,33.19,31.385,33.09,45469919
1651757400,2022-05-05 09:30,32.32,32.33,30.95,31.66,46833186
1651843800,2022-05-06 09:30,31.16,31.84,30.6614,31.34,36006339
1652103000,2022-05-09 09:30,30.55,30.91,30.13,30.25,35700667
1652189400,2022-05-10 09:30,30.59,30.655,29.904,30.3,30009789
1652275800,2022-05-11 09:30,30.75,31.28,30.58,30.67,41035215
1652362200,2022-05-12 09:30,30.43,31.22,30.23,31.09,26503913
1652448600,2022-05-13 09:30,31.25,32.11,31.23,31.89,22064029
1652707800,2022-05-16 09:30,31.94,32.56,31.928,32.35,19110441
1652794200,2022-05-17 09:30,33.18,33.315,32.79,33.16,26086965
1652880600,2022-05-18 09:30,32.7,32.87,31.99,32.14,25971225
1652967000,2022-05-19 09:30,32.58,33.165,32.385,32.82,25320039
1653053400,2022-05-20 09:30,33.36,33.77,33.14,33.62,26342545
1653312600,2022-05-23 09:30,34.37,34.92,34.285,34.84,40747439
1653399000,2022-05-24 09:30,34.56,34.805,33.87,34.78,20265111
1653485400,2022-05-25 09:30,34.28,34.98,34.27,34.75,18073721
1653571800,2022-05-26 09:30,34.66,35.67,34.585,35.5,22664195
1653658200,2022-05-27 09:30,35.43,35.9,35.35,35.72,18060908
1654003800,2022-05-31 09:30,35.75,35.925,35.155,35.25,25091256
1654090200,2022-06-01 09:30,35.49,35.62,34.91,35.1,25047599
1654176600,2022-06-02 09:30,35.44,35.64,35.01,35.54,27554994
1654263000,2022-06-03 09:30,35.12,35.38,34.945,35.24,25151899
1654522200,2022-06-06 09:30,35.46,35.53,34.73,34.87,17823641
1654608600,2022-06-07 09:30,34.05,34.46,33.835,34.29,32708746
1654695000,2022-06-08 09:30,34.23,34.42,33.42,33.52,31429368
1654781400,2022-06-09 09:30,31.73,32.08,31.41,31.48,34404382
1654867800,2022-06-10 09:30,30.35,30.77,30.243,30.53,35547608
1655127000,2022-06-13 09:30,29.41,29.57,28.68,29.02,44292392
1655213400,2022-06-14 09:30,29.08,29.18,28.51,28.8,29163162
1655299800,2022-06-15 09:30,29.14,29.85,28.76,29.58,29414296
1655386200,2022-06-16 09:30,28.45,28.72,27.77,28.27,33129998
1655472600,2022-06-17 09:30,28.17,28.315,27.61,27.92,33090525
1655818200,2022-06-21 09:30,28.14,28.31,27.79,27.89,20345553
1655904600,2022-06-22 09:30,27.43,28.22,27.305,27.74,25020260
1655991000,2022-06-23 09:30,27.86,27.905,26.95,27.14,26862318
1656077400,2022-06-24 09:30,27.1,27.55,26.815,27.2,27836355
1656336600,2022-06-27 09:30,27.49,28.13,27.43,27.9,25411228
1656423000,2022-06-28 09:30,28.38,28.51,27.435,27.66,20925584
1656509400,2022-06-29 09:30,28,28.08,27.46,27.78,22343977
1656595800,2022-06-30 09:30,27.17,27.73,27.035,27.39,31101530
1656682200,2022-07-01 09:30,26.8,27.185,26.435,27.07,21923786
1657027800,2022-07-05 09:30,26.26,26.47,25.925,26.43,33671280
1657114200,2022-07-06 09:30,26.49,26.56,25.825,26.37,24543962
1657200600,2022-07-07 09:30,27.01,27.505,27,27.31,22760489
1657287000,2022-07-08 09:30,27.61,27.66,27.24,27.54,14470558
1657546200,2022-07-11 09:30,26.77,26.83,26.35,26.45,22936076
1657632600,2022-07-12 09:30,25.96,26.38,25.92,26.14,22312088
1657719000,2022-07-13 09:30,26.04,26.71,26,26.25,22135146
1657805400,2022-07-14 09:30,25.59,25.73,25.215,25.58,25725135
1657891800,2022-07-15 09:30,25.55,26.015,25.285,25.93,16063489
1658151000,2022-07-18 09:30,26.29,26.605,25.85,25.96,20406890
1658237400,2022-07-19 09:30,26.13,26.485,26.07,26.26,13632502
1658323800,2022-07-20 09:30,26.25,26.35,25.83,25.99,21778600
1658410200,2022-07-21 09:30,25.66,26.045,25.535,26.02,18885956
1658496600,2022-07-22 09:30,26.43,26.5151,25.87,26.05,22748271
1658755800,2022-07-25 09:30,26.63,27.165,26.54,27.08,21047115
1658842200,2022-07-26 09:30,27.17,27.42,26.86,27.07,14749545
1658928600,2022-07-27 09:30,27.4,28.06,27.23,28.02,29709971
1659015000,2022-07-28 09:30,28.51,28.88,28.01,28.83,31744438
1659101400,2022-07-29 09:30,28.73,29.265,28.68,29.02,23289067
1659360600,2022-08-01 09:30,28.75,29.22,28.43,28.67,24289405
1659447000,2022-08-02 09:30,28.5,28.77,28.175,28.47,21397457
1659533400,2022-08-03 09:30,28.46,28.645,28.07,28.5,18776214
1659619800,2022-08-04 09:30,28.962,29.46,28.87,29.31,26532165
1659706200,2022-08-05 09:30,29.01,29.885,28.97,29.75,21435855
1659965400,2022-08-08 09:30,30.4399,30.77,30.28,30.67,35164010
1660051800,2022-08-09 09:30,30.85,30.995,30.425,30.72,17723952
1660138200,2022-08-10 09:30,31.52,31.645,31.15,31.41,25244138
1660224600,2022-08-11 09:30,31.62,31.76,30.695,30.85,26027276
1660311000,2022-08-12 09:30,31.27,32.085,31.215,31.99,25263283
1660570200,2022-08-15 09:30,31.44,32.126,31.36,32.02,14367888
1660656600,2022-08-16 09:30,31.81,32,31.6,31.9,17362337
1660743000,2022-08-17 09:30,31.34,32.02,31.27,31.77,18967609
1660829400,2022-08-18 09:30,31.94,32.01,31.48,31.86,16191055
1660915800,2022-08-19 09:30,31.37,31.41,30.93,31.17,23555038
1661175000,2022-08-22 09:30,30.77,31.165,30.555,30.97,26005911
1661261400,2022-08-23 09:30,31.35,32.16,31.35,32.1,30279151
1661347800,2022-08-24 09:30,31.96,32.44,31.9,32.06,15424040
1661434200,2022-08-25 09:30,32.13,32.28,31.88,32.21,14809508
1661520600,2022-08-26 09:30,32.27,32.49,31.72,32.01,22466310
1661779800,2022-08-29 09:30,31.95,32.72,31.95,32.29,24591817
1661866200,2022-08-30 09:30,32.21,32.24,31.095,31.22,25080193
1661952600,2022-08-31 09:30,30.7,31.1801,30.48,30.52,26073075
1662039000,2022-09-01 09:30,30.6,30.61,29.87,30.46,44914982
1662125400,2022-09-02 09:30,30.96,31.36,30.69,30.87,27286974
1662471000,2022-09-06 09:30,30.65,30.69,30.065,30.25,27027509
1662557400,2022-09-07 09:30,29.98,30.78,29.61,30.53,28904663
1662643800,2022-09-08 09:30,30.44,30.77,29.99,30.5,33163766
1662730200,2022-09-09 09:30,30.95,31.55,30.92,31.49,27556047
1662989400,2022-09-12 09:30,32.06,32.28,31.87,32.16,20237994
1663075800,2022-09-13 09:30,31.18,31.63,30.73,30.82,27491237
1663162200,2022-09-14 09:30,30.84,31.14,30.68,30.85,15477271
1663248600,2022-09-15 09:30,30.54,30.805,30.17,30.33,16511578
1663335000,2022-09-16 09:30,29.7,30.09,29.535,30,23531770
1663594200,2022-09-19 09:30,29.71,31.36,29.66,31.27,24884087
1663680600,2022-09-20 09:30,31.05,31.63,30.9,31.51,26433949
1663767000,2022-09-21 09:30,31.59,31.94,30.98,31.24,26196980
1663853400,2022-09-22 09:30,31.44,32.32,31.17,32.2,23911149
1663939800,2022-09-23 09:30,31.14,31.18,30.335,30.74,34422066
1664199000,2022-09-26 09:30,29.96,30.19,29.08,29.29,33400291
1664285400,2022-09-27 09:30,29.58,29.845,29.02,29.17,25381320
1664371800,2022-09-28 09:30,29.31,29.5474,28.99,29.31,26559291
1664458200,2022-09-29 09:30,28.71,29.04,28.305,28.97,28528255
1664544600,2022-09-30 09:30,28.76,30.005,28.715,29.63,33698141
1664803800,2022-10-03 09:30,31.52,32.67,31.38,32.55,50914146
1664890200,2022-10-04 09:30,33.17,33.2,32.23,32.68,35419421
1664976600,2022-10-05 09:30,32.37,33.105,32.21,32.82,24577067
1665063000,2022-10-06 09:30,32.79,33.165,32.71,32.86,18171150
1665149400,2022-10-07 09:30,32.65,32.92,32.245,32.46,23721286
1665408600,2022-10-10 09:30,32.68,32.81,32.214,32.45,13383157
1665495000,2022-10-11 09:30,32.17,32.39,31.48,31.66,20985716
1665581400,2022-10-12 09:30,31.44,31.57,31.16,31.37,17919775
1665667800,2022-10-13 09:30,30.78,32.15,30.715,31.58,36141783
1665754200,2022-10-14 09:30,31.63,31.65,30.515,30.61,26018882
1666013400,2022-10-17 09:30,31.13,31.7,31.105,31.26,19287073
1666099800,2022-10-18 09:30,31.95,32.11,31.41,32.1,21090937
1666186200,2022-10-19 09:30,31.85,32.315,31.805,32.28,20578927
1666272600,2022-10-20 09:30,32.55,33.04,32.485,32.86,21237905
1666359000,2022-10-21 09:30,32.75,34.38,32.61,34.09,36164626
1666618200,2022-10-24 09:30,32.89,32.92,31.865,31.98,39229361
1666704600,2022-10-25 09:30,31.52,32.09,31.38,31.44,23212497
1666791000,2022-10-26 09:30,31.01,31.475,30.635,30.7,30656108
1666877400,2022-10-27 09:30,31.03,32.44,30.99,31.63,30202390
1666963800,2022-10-28 09:30,31.15,31.45,30.96,31.45,27980175
1667223000,2022-10-31 09:30,30.88,32.72,30.88,32.67,63508537
1667309400,2022-11-01 09:30,32.71,33.69,32.25,33.15,56987618
1667395800,2022-11-02 09:30,32.86,33.16,32.045,32.17,32497967
1667482200,2022-11-03 09:30,32.21,33.29,32.14,33.05,35705287
1667568600,2022-11-04 09:30,34.34,34.59,33.81,33.87,46066658
1667831400,2022-11-07 09:30,33.61,33.75,32.275,32.36,32305502
1667917800,2022-11-08 09:30,32.51,33.07,32.32,32.67,30793453
1668004200,2022-11-09 09:30,32.4,32.77,31.495,31.68,32673257
1668090600,2022-11-10 09:30,30.3,30.32,29.12,29.61,72609020
1668177000,2022-11-11 09:30,30.12,31.205,30.08,30.64,40823005
1668436200,2022-11-14 09:30,30.59,31.535,30.44,30.81,34917890
1668522600,2022-11-15 09:30,31.72,31.86,30.775,30.92,20371614
1668609000,2022-11-16 09:30,30.56,30.82,29.545,29.73,32583382
1668695400,2022-11-17 09:30,28.72,29.605,28.63,29.48,51613312
1668781800,2022-11-18 09:30,30,30.02,29.33,29.47,35373535
1669041000,2022-11-21 09:30,29.92,30.19,29.25,30.12,23120209
1669127400,2022-11-22 09:30,29.9,29.91,29.12,29.47,35439798
1669213800,2022-11-23 09:30,29.26,29.68,29.09,29.6,27753703
1669386600,2022-11-25 09:30,30.04,30.18,29.33,29.58,20647436
1669645800,2022-11-28 09:30,29.48,29.77,29.4,29.65,20435926
1669732200,2022-11-29 09:30,30.36,31.02,30.34,30.59,24921388
1669818600,2022-11-30 09:30,30.87,31.575,30.54,31.48,39271740
1669905000,2022-12-01 09:30,31.48,31.635,30.985,31.22,22856794
1669991400,2022-12-02 09:30,31.62,32,31.26,31.32,28858239
1670250600,2022-12-05 09:30,30.83,31,30.18,30.25,22160000
1670337000,2022-12-06 09:30,30.54,30.916,30.26,30.73,23263410
1670423400,2022-12-07 09:30,30.74,30.925,30.36,30.52,25535642
1670509800,2022-12-08 09:30,30.54,30.69,29.88,29.97,22240296
1670596200,2022-12-09 09:30,29.91,30.31,29.84,29.94,19183700
1670855400,2022-12-12 09:30,29.07,29.21,28.39,29.12,38477389
1670941800,2022-12-13 09:30,27.38,27.52,26.305,26.5,44602588
1671028200,2022-12-14 09:30,26.06,26.69,25.765,26.47,50428910
1671114600,2022-12-15 09:30,26.52,26.91,26.175,26.36,29655585
1671201000,2022-12-16 09:30,26.36,26.51,26.141,26.21,23906550
1671460200,2022-12-19 09:30,26.39,26.905,26.25,26.78,19005057
1671546600,2022-12-20 09:30,27.65,28.165,27.6,27.8,27003407
1671633000,2022-12-21 09:30,27.87,28.035,27.655,28.01,19904363
1671719400,2022-12-22 09:30,28.19,28.3864,27.83,28.21,18970788
1671805800,2022-12-23 09:30,28.7,29.075,28.62,28.79,18483136
1672151400,2022-12-27 09:30,27.77,28.045,27.615,27.83,20732031
1672237800,2022-12-28 09:30,28.31,28.63,28.035,28.42,27160902
1672324200,2022-12-29 09:30,28.82,28.92,27.995,28.16,23559745
1672410600,2022-12-30 09:30,27.95,28.4,27.655,27.97,12831485
1672756200,2023-01-03 09:30,26.71,26.94,25.81,25.89,46264369
1672842600,2023-01-04 09:30,25.91,26.42,25.7378,26.34,29848664
1672929000,2023-01-05 09:30,26.61,27.345,26.58,27.25,32453195
1673015400,2023-01-06 09:30,27.91,28.32,27.61,28.3,26391345
1673274600,2023-01-09 09:30,27.84,28.435,27.715,28.09,28602435
1673361000,2023-01-10 09:30,28.44,28.99,28.2,28.82,21819125
1673447400,2023-01-11 09:30,29.02,29.5,28.86,29.48,24938549
1673533800,2023-01-12 09:30,29.38,30.05,28.96,29.73,25056449
1673620200,2023-01-13 09:30,29.32,29.67,29.3,29.51,15055995
1673965800,2023-01-17 09:30,29.2,29.665,29.15,29.6,19693145
1674052200,2023-01-18 09:30,30.13,30.21,29.36,29.37,23034628
1674138600,2023-01-19 09:30,29.29,29.7,28.915,29.52,29228528
1674225000,2023-01-20 09:30,29.11,29.37,29,29.18,17224766
1674484200,2023-01-23 09:30,29.16,29.615,29.035,29.18,15463832
1674570600,2023-01-24 09:30,29.51,29.82,29.305,29.72,16199417
1674657000,2023-01-25 09:30,29.75,30.509,29.6406,30.48,18507385
1674743400,2023-01-26 09:30,30.45,30.6,30.16,30.59,32316769
1674829800,2023-01-27 09:30,30.17,30.22,29.7181,29.82,17002984
1675089000,2023-01-30 09:30,29.88,30.01,29.595,29.65,12560982
1675175400,2023-01-31 09:30,30.17,30.34,29.99,30.34,20541901
1675261800,2023-02-01 09:30,29.94,30.135,29.27,29.99,19026876
1675348200,2023-02-02 09:30,30.44,30.458,29.32,29.46,36146164
1675434600,2023-02-03 09:30,29.082,29.38,28.395,28.62,25826002
1675693800,2023-02-06 09:30,28.1,28.56,27.8981,28.51,17575738
1675780200,2023-02-07 09:30,28.34,28.5,27.855,28.09,22506394
1675866600,2023-02-08 09:30,28.29,28.745,28.015,28.55,15317659
1675953000,2023-02-09 09:30,28.31,28.37,27.73,27.81,18677263
1676039400,2023-02-10 09:30,27.94,28.205,27.76,28.1,18170527
1676298600,2023-02-13 09:30,28.23,28.685,28.18,28.55,17932917
1676385000,2023-02-14 09:30,28.54,28.875,28.035,28.31,25746587
1676471400,2023-02-15 09:30,28.41,28.73,28.2,28.53,22633368
1676557800,2023-02-16 09:30,28.22,28.7862,28.07,28.64,24752983
1676644200,2023-02-17 09:30,28.53,28.925,28.41,28.69,21630448
1676989800,2023-02-21 09:30,28.43,28.87,28.12,28.21,15854625
1677076200,2023-02-22 09:30,28.21,28.43,27.9,28.2,29163253
1677162600,2023-02-23 09:30,28.8,28.915,28.18,28.55,17763296
1677249000,2023-02-24 09:30,27.94,27.99,27.5101,27.69,24704515
1677508200,2023-02-27 09:30,27.67,27.98,27.51,27.64,34440272
1677594600,2023-02-28 09:30,27.68,27.7,27.225,27.27,25823137
1677681000,2023-03-01 09:30,27.3,27.51,26.97,27.49,27043481
1677767400,2023-03-02 09:30,27.262,27.49,27.02,27.06,23759117
1677853800,2023-03-03 09:30,27.13,27.37,27.11,27.25,21637712
1678113000,2023-03-06 09:30,27.05,27.76,26.98,27.68,23615798
1678199400,2023-03-07 09:30,27.55,27.595,27.09,27.34,22247235
1678285800,2023-03-08 09:30,27.88,28.415,27.87,28.19,31179731
1678372200,2023-03-09 09:30,28.19,28.33,27.644,27.71,29897348
1678458600,2023-03-10 09:30,27.21,27.63,26.87,27.02,39155654
1678714200,2023-03-13 09:30,26.5673,27.1199,26.41,26.6,37095929
1678800600,2023-03-14 09:30,26.96,27.11,26.515,26.65,18261195
1678887000,2023-03-15 09:30,26.015,26.415,25.72,26.3,31976196
1678973400,2023-03-16 09:30,26.35,26.89,26.19,26.85,31430054
1679059800,2023-03-17 09:30,26.51,26.54,26.145,26.38,21742743
1679319000,2023-03-20 09:30,26.4,26.485,26.095,26.19,20770410
1679405400,2023-03-21 09:30,26.36,26.405,26.154,26.25,24316284
1679491800,2023-03-22 09:30,26.11,26.695,25.925,26.1,28129457
1679578200,2023-03-23 09:30,26.27,26.355,25,25.26,38137657
1679664600,2023-03-24 09:30,25.23,25.825,25.08,25.67,26934934
1679923800,2023-03-27 09:30,25.89,26.14,25.78,26.08,21210243
1680010200,2023-03-28 09:30,26.43,26.8774,26.4,26.68,25039955
1680096600,2023-03-29 09:30,26.77,27.18,26.495,27.01,30449243
1680183000,2023-03-30 09:30,27.8,27.82,27.09,27.67,40794774
1680269400,2023-03-31 09:30,27.81,27.9,27.18,27.38,37971412
1680528600,2023-04-03 09:30,27.05,27.32,27.04,27.29,19497352
1680615000,2023-04-04 09:30,27.52,27.695,27.184,27.32,21737116
1680701400,2023-04-05 09:30,27.34,27.48,26.885,27.21,23815028
1680787800,2023-04-06 09:30,27.21,27.21,26.925,27.09,21052343
1681133400,2023-04-10 09:30,27.25,27.38,27.175,27.35,16058011
1681219800,2023-04-11 09:30,28.39,28.9375,28.33,28.8,36395168
1681306200,2023-04-12 09:30,29.39,29.865,29.175,29.39,35758676
1681392600,2023-04-13 09:30,29.31,29.655,29.2605,29.32,21194831
1681479000,2023-04-14 09:30,28.72,29.42,28.68,29.36,27316184
1681738200,2023-04-17 09:30,29.36,29.42,29.01,29.21,17104970
1681824600,2023-04-18 09:30,28.73,29.13,28.625,29.01,22378971
1681911000,2023-04-19 09:30,28.3,28.3,27.714,27.77,35154020
1681997400,2023-04-20 09:30,27.82,28.2569,27.8,27.99,23256755
1682083800,2023-04-21 09:30,27.93,27.93,27.46,27.7,17098860
1682343000,2023-04-24 09:30,27.81,28.155,27.6,28.01,20313361
1682429400,2023-04-25 09:30,27.72,27.77,27.424,27.61,25543514
1682515800,2023-04-26 09:30,27.67,27.76,27.41,27.44,27654377
1682602200,2023-04-27 09:30,27.74,28.015,27.605,28,21394056
1682688600,2023-04-28 09:30,27.85,28.33,27.74,28.27,23228855
1682947800,2023-05-01 09:30,28.21,28.35,27.92,28.04,10101386
1683034200,2023-05-02 09:30,27.92,27.99,27.2,27.33,22948226
1683120600,2023-05-03 09:30,27.43,27.78,27.27,27.59,17354214
1683207000,2023-05-04 09:30,27.87,27.95,27.2,27.67,28174894
1683293400,2023-05-05 09:30,28.01,28.87,27.88,28.76,34965097
1683552600,2023-05-08 09:30,29,29.06,28.515,28.66,30668994
1683639000,2023-05-09 09:30,28.46,29.285,28.42,29.04,27999102
1683725400,2023-05-10 09:30,29.31,29.4,28.985,29.35,34322501
1683811800,2023-05-11 09:30,29,29.74,28.895,29.56,34637092
1683898200,2023-05-12 09:30,29.48,29.915,29.46,29.8,29634845
1684157400,2023-05-15 09:30,29.9,30.2,29.67,30.15,28005880
1684243800,2023-05-16 09:30,30.32,30.435,29.53,29.57,31355689
1684330200,2023-05-17 09:30,29.91,30.07,29.68,29.99,31465014
1684416600,2023-05-18 09:30,29.78,29.97,29.56,29.93,17312447
1684503000,2023-05-19 09:30,29.67,30.08,29.66,29.89,29629024
1684762200,2023-05-22 09:30,30.13,30.15,29.83,29.87,23143337
1684848600,2023-05-23 09:30,29.97,30.28,29.68,29.81,30536279
1684935000,2023-05-24 09:30,29.84,29.88,29.5402,29.62,28127115
1685021400,2023-05-25 09:30,29.87,29.87,29.32,29.44,31401784
1685107800,2023-05-26 09:30,29.83,30.18,29.545,29.94,36451662
1685453400,2023-05-30 09:30,29.35,29.36,28.8511,29.12,29600092
1685539800,2023-05-31 09:30,28.85,28.93,28.45,28.82,28321420
1685626200,2023-06-01 09:30,28.97,29.74,28.875,29.72,32608252
1685712600,2023-06-02 09:30,30.56,30.655,30.33,30.59,38715292
1685971800,2023-06-05 09:30,30.7,30.8499,30.43,30.75,26475270
1686058200,2023-06-06 09:30,30.75,31.45,30.73,31.35,42389791
1686144600,2023-06-07 09:30,30.94,31.025,30.55,30.81,37231408
1686231000,2023-06-08 09:30,30.82,31.08,30.78,31.03,12791529
1686317400,2023-06-09 09:30,31.16,31.765,31.095,31.6,27605535
1686576600,2023-06-12 09:30,31.51,31.76,31.29,31.72,23259221
1686663000,2023-06-13 09:30,31.84,31.905,31.43,31.57,25975520
1686749400,2023-06-14 09:30,31.83,32.53,31.75,32.44,38624604
1686835800,2023-06-15 09:30,32.59,32.755,32.415,32.66,27051533
1686922200,2023-06-16 09:30,32.22,32.64,32.1,32.32,25231605
1687267800,2023-06-20 09:30,32.73,32.78,32.3731,32.72,32290503
1687354200,2023-06-21 09:30,32.75,33.248,32.69,33.17,28760178
1687440600,2023-06-22 09:30,32.81,32.86,32.485,32.78,30470564
1687527000,2023-06-23 09:30,32.5,32.83,32.38,32.69,29973392
1687786200,2023-06-26 09:30,32.57,32.84,32.3409,32.63,18568502
1687872600,2023-06-27 09:30,32.73,32.76,31.94,32.29,24140227
1687959000,2023-06-28 09:30,31.93,31.99,31.62,31.73,26933801
1688045400,2023-06-29 09:30,31.8,32.2,31.7,32.19,28996434
1688131800,2023-06-30 09:30,32.42,32.655,32.29,32.43,37303754
1688391000,2023-07-03 09:30,32.74,32.955,32.69,32.83,16799648
1688563800,2023-07-05 09:30,32.24,32.575,32.11,32.35,22163935
1688650200,2023-07-06 09:30,31.78,32.035,31,31.26,38925337
1688736600,2023-07-07 09:30,31.75,32.305,31.75,32.02,21820515
1688995800,2023-07-10 09:30,31.83,31.985,31.61,31.67,19188935
1689082200,2023-07-11 09:30,31.07,31.75,30.83,31.7,22390306
1689168600,2023-07-12 09:30,32.27,32.55,32.01,32.02,29777181
1689255000,2023-07-13 09:30,32.49,32.79,32.43,32.67,26812112
1689341400,2023-07-14 09:30,32.51,32.59,32.13,32.25,22484418
1689600600,2023-07-17 09:30,31.81,32.34,31.58,32.33,20567054
1689687000,2023-07-18 09:30,32.14,32.47,31.97,32.21,22284047
1689773400,2023-07-19 09:30,32.04,32.385,31.855,32.27,20431742
1689859800,2023-07-20 09:30,32.44,32.51,32.125,32.32,18759239
1689946200,2023-07-21 09:30,32.88,33.22,32.815,33.02,28981947
1690205400,2023-07-24 09:30,33.21,33.88,33.07,33.69,27539579
1690291800,2023-07-25 09:30,33.98,34.075,33.7301,33.82,18383298
1690378200,2023-07-26 09:30,33.79,34.18,33.6901,34.11,25017007
1690464600,2023-07-27 09:30,33.93,33.96,33.07,33.08,27377122
1690551000,2023-07-28 09:30,33.4,33.49,33.221,33.39,16885105
1690810200,2023-07-31 09:30,33.65,33.89,33.625,33.87,16582258
1690896600,2023-08-01 09:30,33.3,33.54,32.9535,33.22,22415961
1690983000,2023-08-02 09:30,33.1,33.1396,32.61,32.97,18981549
1691069400,2023-08-03 09:30,32.8,33.03,32.27,32.29,27908785
1691155800,2023-08-04 09:30,32.53,32.855,32.0425,32.06,30396398
1691415000,2023-08-07 09:30,32.09,32.1,31.77,32.02,15342143
1691501400,2023-08-08 09:30,31.51,32.05,31.35,31.89,15622439
1691587800,2023-08-09 09:30,31.76,31.88,31.49,31.64,15995035
1691674200,2023-08-10 09:30,32.04,32.355,31.76,31.79,17781159
1691760600,2023-08-11 09:30,31.8,32.01,31.4609,31.57,20106331
1692019800,2023-08-14 09:30,31.15,31.22,30.84,30.94,23794117
1692106200,2023-08-15 09:30,30.98,31,30.58,30.62,24338781
1692192600,2023-08-16 09:30,30.7,31.1101,30.47,30.52,42660169
1692279000,2023-08-17 09:30,30.83,30.935,30.3,30.32,18736719
1692365400,2023-08-18 09:30,30.22,30.7,30.17,30.54,22258443
1692624600,2023-08-21 09:30,30.34,30.37,30.0806,30.22,22224768
1692711000,2023-08-22 09:30,30.8,30.9805,30.535,30.89,26132718
1692797400,2023-08-23 09:30,31.29,32.02,31.2,31.92,26477258
1692883800,2023-08-24 09:30,31.75,32.01,31.475,31.58,14908339
1692970200,2023-08-25 09:30,31.44,31.56,31.06,31.31,21136290
1693229400,2023-08-28 09:30,31.28,31.74,31.1234,31.69,14923760
1693315800,2023-08-29 09:30,31.71,32.22,31.58,32.14,18879512
1693402200,2023-08-30 09:30,32.13,32.17,31.775,31.83,15720636
1693488600,2023-08-31 09:30,31.41,31.43,30.85,30.85,29862144
1693575000,2023-09-01 09:30,31.57,31.67,31.3,31.44,22478508
1693920600,2023-09-05 09:30,30.99,31.355,30.95,31.16,21189455
1694007000,2023-09-06 09:30,31.09,31.42,30.71,30.76,16607581
1694093400,2023-09-07 09:30,30.5,30.55,30.09,30.16,20220096
1694179800,2023-09-08 09:30,30.61,30.7,30.395,30.58,17908180
1694439000,2023-09-11 09:30,31.1,31.38,30.945,31.33,22393113
1694525400,2023-09-12 09:30,31.15,31.61,31.15,31.45,21148246
1694611800,2023-09-13 09:30,31.64,32.175,31.64,31.8,33196972
1694698200,2023-09-14 09:30,32.11,32.49,32.08,32.4,23233770
1694784600,2023-09-15 09:30,32.47,32.53,32.22,32.26,19297579
1695043800,2023-09-18 09:30,32.6,32.6397,32.2143,32.26,18290674
1695130200,2023-09-19 09:30,32.32,32.34,31.99,32.04,13709714
1695216600,2023-09-20 09:30,32.33,32.7,32.26,32.29,24732072
1695303000,2023-09-21 09:30,31.46,31.615,31.17,31.2,24687056
1695389400,2023-09-22 09:30,31.37,31.575,31.17,31.17,17867769
1695648600,2023-09-25 09:30,31.02,31.105,30.86,31,20674978
1695735000,2023-09-26 09:30,30.72,30.855,30.325,30.43,20042322
1695821400,2023-09-27 09:30,30.53,30.56,29.68,30.06,30559237
1695907800,2023-09-28 09:30,29.98,30.5299,29.885,30.46,27455956
1695994200,2023-09-29 09:30,30.88,30.95,30.5001,30.67,23037324
1696253400,2023-10-02 09:30,30.54,30.56,29.935,30.07,22757050
1696339800,2023-10-03 09:30,29.82,30.055,29.075,29.14,34806302
1696426200,2023-10-04 09:30,29.18,29.48,28.9,29.21,22447897
1696512600,2023-10-05 09:30,29.22,29.4,28.79,29.1,23695386
1696599000,2023-10-06 09:30,28.67,29.52,28.415,29.35,33255054
1696858200,2023-10-09 09:30,29.29,29.85,29.17,29.79,20116371
1696944600,2023-10-10 09:30,30.11,30.69,30.06,30.61,32735267
1697031000,2023-10-11 09:30,30.66,30.77,30.4026,30.74,23927238
1697117400,2023-10-12 09:30,30.59,30.62,29.8,30.13,29319419
1697203800,2023-10-13 09:30,30.58,30.82,30.14,30.23,24280808
1697463000,2023-10-16 09:30,30.45,30.82,30.4,30.77,18196247
1697549400,2023-10-17 09:30,30.31,31.005,30.31,30.64,19117355
1697635800,2023-10-18 09:30,30.44,30.4699,30.02,30.11,23051686
1697722200,2023-10-19 09:30,29.99,30.555,29.98,30.1,21835026
1697808600,2023-10-20 09:30,29.99,30.08,29.645,29.94,30190920
1698067800,2023-10-23 09:30,29.69,30.18,29.565,29.81,24201589
1698154200,2023-10-24 09:30,29.99,30.36,29.855,30.23,26206674
1698240600,2023-10-25 09:30,30.19,30.25,29.83,29.92,17805929
1698327000,2023-10-26 09:30,29.99,30.59,29.92,30.49,28642736
1698413400,2023-10-27 09:30,30.94,31.01,29.83,29.93,42718604
1698672600,2023-10-30 09:30,30.35,30.4,29.42,29.52,29729144
1698759000,2023-10-31 09:30,29.45,29.83,29.39,29.77,23953985
1698845400,2023-11-01 09:30,30,30.76,29.975,30.66,32270791
1698931800,2023-11-02 09:30,31.06,31.67,31.01,31.54,28793332
1699018200,2023-11-03 09:30,31.6,32.03,31.56,31.9,31630610
1699281000,2023-11-06 09:30,31.95,32.085,31.785,32.02,15746732
1699367400,2023-11-07 09:30,32.35,32.41,32.1,32.24,24399099
1699453800,2023-11-08 09:30,32.32,32.37,31.8,31.98,21912196
1699540200,2023-11-09 09:30,32.23,32.39,31.625,31.81,27854368
1699626600,2023-11-10 09:30,32.2,32.49,32.085,32.4,22850632
1699885800,2023-11-13 09:30,32.12,32.4,32.005,32.33,19047285
1699972200,2023-11-14 09:30,33.3,33.485,33.225,33.38,30950914
1700058600,2023-11-15 09:30,33.7,33.85,33.38,33.6,20491871
1700145000,2023-11-16 09:30,33.57,33.74,33.265,33.67,26581885
1700231400,2023-11-17 09:30,33.48,33.78,33.45,33.49,20851075
1700490600,2023-11-20 09:30,33.75,34.24,33.74,34.16,26622316
1700577000,2023-11-21 09:30,33.89,33.99,33.535,33.79,16166974
1700663400,2023-11-22 09:30,34.05,34.11,33.59,33.76,14279322
1700836200,2023-11-24 09:30,33.74,33.99,33.68,33.77,9097193
1701095400,2023-11-27 09:30,33.76,33.81,33.4,33.75,15033101
1701181800,2023-11-28 09:30,33.72,34.35,33.72,34.12,24372156
1701268200,2023-11-29 09:30,33.97,34.13,33.77,33.79,22256090
1701354600,2023-11-30 09:30,33.81,34.0299,33.57,34.01,25073104
1701441000,2023-12-01 09:30,33.7,34.515,33.67,34.42,22189823
1701700200,2023-12-04 09:30,34.05,34.145,33.56,33.65,18826299
1701786600,2023-12-05 09:30,33.54,33.91,33.4,33.74,15420059
1701873000,2023-12-06 09:30,34.08,34.08,33.585,33.64,12705495
1701959400,2023-12-07 09:30,33.81,33.9,33.495,33.6,14264401
1702045800,2023-12-08 09:30,33.48,34.03,33.465,33.85,13372436
1702305000,2023-12-11 09:30,33.63,33.795,33.555,33.76,12357827
1702391400,2023-12-12 09:30,33.67,33.675,33.255,33.42,17329351
1702477800,2023-12-13 09:30,33.59,34.65,33.375,34.64,38784334
1702564200,2023-12-14 09:30,34.99,35.36,34.88,35.06,38632869
1702650600,2023-12-15 09:30,35,35,34.54,34.59,39418900
1702909800,2023-12-18 09:30,34.8,35.29,34.77,35.19,19355928
1702996200,2023-12-19 09:30,35.57,35.74,35.465,35.66,36926580
1703082600,2023-12-20 09:30,34.35,34.38,33.74,33.78,30131081
1703169000,2023-12-21 09:30,34.29,34.48,34.0642,34.33,19069423
1703255400,2023-12-22 09:30,34.52,34.835,34.48,34.62,16014508
1703601000,2023-12-26 09:30,34.98,35.2193,34.89,35.15,15982400
1703687400,2023-12-27 09:30,35.13,35.336,35.042,35.27,18672924
1703773800,2023-12-28 09:30,35.17,35.31,34.98,35.11,18400017
1703860200,2023-12-29 09:30,35.14,35.17,34.81,34.96,9429449
1704205800,2024-01-02 09:30,34.7,34.88,34.1601,34.37,24857037
1704292200,2024-01-03 09:30,34.25,34.68,34.25,34.43,23272642
1704378600,2024-01-04 09:30,33.96,34.325,33.93,34.07,17008162
1704465000,2024-01-05 09:30,34.32,34.69,34.26,34.46,20393240
1704724200,2024-01-08 09:30,34.24,34.59,34.2,34.53,14099559
1704810600,2024-01-09 09:30,34.25,34.2779,34.01,34.04,18415473
1704897000,2024-01-10 09:30,34.06,34.07,33.8118,33.99,14039478
1704983400,2024-01-11 09:30,34.19,34.3,33.7918,34.16,24130865
1705069800,2024-01-12 09:30,34.59,34.75,34.2726,34.34,16998801
1705415400,2024-01-16 09:30,33.95,33.95,33.35,33.44,26929528
1705501800,2024-01-17 09:30,33.18,33.35,33.1201,33.24,22320526
1705588200,2024-01-18 09:30,32.99,33.07,32.74,32.91,20875090
1705674600,2024-01-19 09:30,32.83,33.02,32.66,32.96,22034535
1705933800,2024-01-22 09:30,32.63,32.87,32.11,32.34,28227392
1706020200,2024-01-23 09:30,32.69,32.94,32.34,32.94,20000430
1706106600,2024-01-24 09:30,33.39,33.4187,32.855,32.93,20003792
1706193000,2024-01-25 09:30,33.09,33.27,33,33.19,21268676
1706279400,2024-01-26 09:30,33.29,33.505,33.16,33.37,21603636
1706538600,2024-01-29 09:30,33.23,33.245,32.84,33.13,23422267
1706625000,2024-01-30 09:30,32.82,32.97,32.54,32.86,25714894
1706711400,2024-01-31 09:30,33.18,33.52,32.84,32.92,28536975
1706797800,2024-02-01 09:30,33.03,33.32,32.975,33.29,21426060
1706884200,2024-02-02 09:30,32.76,32.835,32.47,32.67,27615907
1707143400,2024-02-05 09:30,32.58,32.76,32.16,32.68,24221075
1707229800,2024-02-06 09:30,33.08,33.57,33.08,33.56,19310601
1707316200,2024-02-07 09:30,33.3,33.48,33.2,33.39,14809653
1707402600,2024-02-08 09:30,33.15,33.165,32.65,32.71,25990532
1707489000,2024-02-09 09:30,32.77,33.05,32.725,32.93,19676156
1707748200,2024-02-12 09:30,32.84,33.44,32.84,33.22,14479476
1707834600,2024-02-13 09:30,32.78,32.82,31.99,32.27,33561827
1707921000,2024-02-14 09:30,32.51,32.815,32.5,32.55,26961350
1708007400,2024-02-15 09:30,32.62,32.8867,32.5803,32.8,20771189
1708093800,2024-02-16 09:30,32.86,33.21,32.83,33.11,23824609
1708439400,2024-02-20 09:30,33.545,33.6975,33.505,33.69,24246593
1708525800,2024-02-21 09:30,33.66,33.76,33.47,33.69,12357019
1708612200,2024-02-22 09:30,33.71,33.74,33.46,33.49,20649542
1708698600,2024-02-23 09:30,33.31,33.345,33.0601,33.12,13705252
1708957800,2024-02-26 09:30,33.33,33.41,33.13,33.29,16878431
1709044200,2024-02-27 09:30,33.73,34.13,33.71,34.08,26621043
1709130600,2024-02-28 09:30,33.76,33.79,33.234,33.35,26366397
1709217000,2024-02-29 09:30,33.09,33.1439,32.88,33.01,26318788
1709303400,2024-03-01 09:30,33.21,33.355,32.93,33.2,17017954
1709562600,2024-03-04 09:30,33.07,33.16,32.94,32.99,12340467
1709649000,2024-03-05 09:30,32.94,33.13,32.77,32.85,17522432
1709735400,2024-03-06 09:30,33.22,33.31,33.0386,33.15,13996950
1709821800,2024-03-07 09:30,33.14,33.16,32.955,33.1,10832104
1709908200,2024-03-08 09:30,32.15,32.46,32.06,32.33,32149995
1710163800,2024-03-11 09:30,32,32.415,32,32.12,21263816
1710250200,2024-03-12 09:30,32.34,32.68,32.17,32.55,21034878
1710336600,2024-03-13 09:30,32.49,32.77,32.46,32.68,20240973
1710423000,2024-03-14 09:30,32.65,32.66,32.23,32.4,18521672
1710509400,2024-03-15 09:30,32.25,32.335,32.0325,32.09,18366416
1710768600,2024-03-18 09:30,32.37,32.37,31.76,31.99,30430510
1710855000,2024-03-19 09:30,31.99,32.34,31.91,32.08,21085285
1710941400,2024-03-20 09:30,32.18,32.865,32.085,32.82,23414853
1711027800,2024-03-21 09:30,32.83,32.83,32.52,32.55,15538831
1711114200,2024-03-22 09:30,32.25,32.37,32.06,32.13,16255994
1711373400,2024-03-25 09:30,32.17,32.306,32.15,32.25,10429436
1711459800,2024-03-26 09:30,32.2,32.326,32.13,32.26,16233519
1711546200,2024-03-27 09:30,32.12,32.54,32.02,32.51,21995112
1711632600,2024-03-28 09:30,32.26,32.58,32.26,32.42,18375389
1711978200,2024-04-01 09:30,32.35,32.38,31.72,31.83,20111559
1712064600,2024-04-02 09:30,31.84,32.13,31.775,32.01,20687206
1712151000,2024-04-03 09:30,31.8,32.2,31.5,32.09,25252359
1712237400,2024-04-04 09:30,32.5,32.915,31.99,32.09,42563803
1712323800,2024-04-05 09:30,31.98,32.025,31.64,31.81,23229361
1712583000,2024-04-08 09:30,31.92,32.62,31.92,32.52,20296533
1712669400,2024-04-09 09:30,32.87,33,32.685,32.99,30370579
1712755800,2024-04-10 09:30,32.4,32.515,31.93,32.08,33911754
1712842200,2024-04-11 09:30,32,32.02,31.74,31.82,19988269
1712928600,2024-04-12 09:30,31.65,31.7,31.15,31.27,25393024
1713187800,2024-04-15 09:30,30.91,31.06,30.53,30.81,26929719
1713274200,2024-04-16 09:30,30.16,30.395,29.9,30.08,34375763
1713360600,2024-04-17 09:30,30.34,30.43,29.86,30.17,25571853
1713447000,2024-04-18 09:30,30.34,30.5,29.81,30.11,24299376
1713533400,2024-04-19 09:30,30.24,30.805,30.235,30.74,28418033
1713792600,2024-04-22 09:30,30.59,31.065,30.47,31.01,18462966
1713879000,2024-04-23 09:30,30.72,31.34,30.605,31.16,20096254
1713965400,2024-04-24 09:30,31,31.04,30.8142,30.99,13461577
1714051800,2024-04-25 09:30,30.58,30.875,30.5,30.81,11300382
1714138200,2024-04-26 09:30,31.3,31.665,31.2728,31.54,17031704
1714397400,2024-04-29 09:30,31.65,31.835,31.59,31.75,12570140
1714483800,2024-04-30 09:30,31.4,31.49,30.99,31.03,20855430
1714570200,2024-05-01 09:30,31.1,31.54,30.9001,31.15,23506390
1714656600,2024-05-02 09:30,31.7,31.927,31.595,31.78,18891144
1714743000,2024-05-03 09:30,32.45,32.54,32.17,32.31,19648572
1715002200,2024-05-06 09:30,32.25,32.53,32.225,32.33,13076141
1715088600,2024-05-07 09:30,32.58,32.75,32.425,32.52,14982264
1715175000,2024-05-08 09:30,32.03,32.49,32.03,32.4,9842073
1715261400,2024-05-09 09:30,31.56,31.91,31.42,31.85,33750116
1715347800,2024-05-10 09:30,32.01,32.05,31.58,31.61,10507606
1715607000,2024-05-13 09:30,31.87,32.075,31.62,31.78,13588785
1715693400,2024-05-14 09:30,31.78,32.04,31.725,31.97,14571998
1715779800,2024-05-15 09:30,31.48,31.735,31.2,31.63,32219983
1715866200,2024-05-16 09:30,31.82,31.86,31.555,31.7,15045232
1715952600,2024-05-17 09:30,31.66,31.795,31.51,31.75,13368636
1716211800,2024-05-20 09:30,31.54,31.93,31.445,31.66,15020001
1716298200,2024-05-21 09:30,31.67,31.745,31.32,31.44,16696262
1716384600,2024-05-22 09:30,31.05,31.1,30.785,30.87,23354252
1716471000,2024-05-23 09:30,30.92,30.995,30.515,30.64,14779627
1716557400,2024-05-24 09:30,30.73,30.79,30.35,30.43,19937500
1716903000,2024-05-28 09:30,30.76,30.805,30.285,30.4,18720343
1716989400,2024-05-29 09:30,29.89,30.015,29.79,29.88,19371850
1717075800,2024-05-30 09:30,29.85,30.165,29.74,30.03,14695014
1717162200,2024-05-31 09:30,29.75,29.8,29.43,29.6,19726864
1717421400,2024-06-03 09:30,29.44,29.78,29.27,29.58,19214782
1717507800,2024-06-04 09:30,29.125,29.29,29.045,29.25,32554062
1717594200,2024-06-05 09:30,29.3,29.39,29.035,29.15,21361561
1717680600,2024-06-06 09:30,29.46,29.82,29.435,29.77,31195725
1717767000,2024-06-07 09:30,29.37,29.455,28.72,28.76,37267325
1718026200,2024-06-10 09:30,28.45,28.71,28.4,28.61,27635145
1718112600,2024-06-11 09:30,27.84,27.99,27.66,27.85,26014379
1718199000,2024-06-12 09:30,27.72,27.78,27.075,27.24,43671570
1718285400,2024-06-13 09:30,27.21,27.425,26.9701,27.29,29115963
1718371800,2024-06-14 09:30,27.08,27.525,27.05,27.27,22735507
1718631000,2024-06-17 09:30,26.94,27.14,26.835,26.98,18971558
1718717400,2024-06-18 09:30,26.99,27.35,26.97,27.06,27087762
1718890200,2024-06-20 09:30,27.41,27.6779,27.045,27.14,28757049
1718976600,2024-06-21 09:30,27.25,27.54,27.24,27.46,22320626
1719235800,2024-06-24 09:30,27.86,28.09,27.815,27.99,23639805
1719322200,2024-06-25 09:30,27.8,27.89,27.56,27.6,16483776
1719408600,2024-06-26 09:30,27.15,27.37,27.05,27.36,21855698
1719495000,2024-06-27 09:30,27.63,27.815,27.35,27.74,30096529
1719581400,2024-06-28 09:30,27.47,27.5764,27.14,27.33,28218080
1719840600,2024-07-01 09:30,27.51,27.695,27.14,27.14,20411740
1719927000,2024-07-02 09:30,27.09,27.365,26.86,27.16,33023522
1720013400,2024-07-03 09:30,27.68,28.1,27.65,28.05,33503554
1720186200,2024-07-05 09:30,28.19,28.4,27.87,28.39,35541281
1720445400,2024-07-08 09:30,28.09,28.455,28.07,28.39,17725709
1720531800,2024-07-09 09:30,28.5,28.87,28.375,28.79,18785274
1720618200,2024-07-10 09:30,29.05,29.07,28.69,28.82,16408460
1720704600,2024-07-11 09:30,29.03,29.135,28.83,28.95,19614877
1720791000,2024-07-12 09:30,28.9,29.22,28.815,29.15,16038104
1721050200,2024-07-15 09:30,29.05,29.27,28.885,29.13,17120618
1721136600,2024-07-16 09:30,29.31,29.41,28.93,29.19,22640459
1721223000,2024-07-17 09:30,28.93,29.14,28.895,29,17561405
1721309400,2024-07-18 09:30,28.52,28.645,28.06,28.08,26644401
1721395800,2024-07-19 09:30,28.52,28.54,27.99,28,22910096
1721655000,2024-07-22 09:30,28.25,28.48,28.165,28.25,19481239
1721741400,2024-07-23 09:30,28.01,28.16,27.825,27.84,15335918
1721827800,2024-07-24 09:30,27.56,27.875,27.48,27.54,17425301
1721914200,2024-07-25 09:30,27.51,27.66,27.355,27.46,13148303
1722000600,2024-07-26 09:30,27.49,27.77,27.475,27.74,12122974
1722259800,2024-07-29 09:30,27.79,27.835,27.445,27.76,11130593
1722346200,2024-07-30 09:30,27.5,27.63,27.4,27.61,15495963
1722432600,2024-07-31 09:30,27.61,27.945,27.61,27.77,21165393
1722519000,2024-08-01 09:30,27.97,28.15,27.29,27.37,20227047
1722605400,2024-08-02 09:30,27.36,27.41,27,27.18,23587122
1722864600,2024-08-05 09:30,26.26,27.005,26.23,26.87,27857568
1722951000,2024-08-06 09:30,27.26,27.76,27.1817,27.47,25690529
1723037400,2024-08-07 09:30,27.97,28.08,27.745,27.88,16155398
1723123800,2024-08-08 09:30,28.03,28.52,27.93,28.41,22243316
1723210200,2024-08-09 09:30,28.93,29.305,28.69,29.18,20783316
1723469400,2024-08-12 09:30,29.47,29.58,29.31,29.43,19207121
1723555800,2024-08-13 09:30,29.63,29.98,29.56,29.96,24908248
1723642200,2024-08-14 09:30,29.98,30.16,29.915,30,16962178
1723728600,2024-08-15 09:30,30.03,30.4,30.03,30.11,21874433
1723815000,2024-08-16 09:30,30.44,30.5,30.13,30.24,21275331
1724074200,2024-08-19 09:30,30.5,31.14,30.48,30.93,19868050
1724160600,2024-08-20 09:30,30.65,30.695,30.44,30.55,15997417
1724247000,2024-08-21 09:30,30.78,30.835,30.435,30.59,11199884
1724333400,2024-08-22 09:30,30.09,30.2,29.665,29.76,30963713
1724419800,2024-08-23 09:30,30.06,30.545,29.915,30.44,20777875
1724679000,2024-08-26 09:30,30.36,30.83,30.36,30.7,16534249
1724765400,2024-08-27 09:30,30.62,30.79,30.55,30.65,8461751
1724851800,2024-08-28 09:30,30.25,30.56,30.19,30.54,12924677
1724938200,2024-08-29 09:30,29.93,29.97,29.675,29.86,25900642
1725024600,2024-08-30 09:30,29.26,29.895,29.26,29.87,47117234
1725370200,2024-09-03 09:30,29.68,29.685,29.33,29.38,23963468
1725456600,2024-09-04 09:30,29.53,29.825,29.53,29.58,17619748
1725543000,2024-09-05 09:30,29.71,29.95,29.62,29.95,14487514
1725629400,2024-09-06 09:30,30,30.09,29.23,29.36,23557730
1725888600,2024-09-09 09:30,29.31,29.585,29.26,29.47,11957409
1725975000,2024-09-10 09:30,29.3,29.345,28.89,29.01,13294211
1726061400,2024-09-11 09:30,29.17,29.295,28.855,29.2,12530900
1726147800,2024-09-12 09:30,29.08,29.3,28.85,29.28,13803861
1726234200,2024-09-13 09:30,29.59,29.95,29.59,29.65,17904107
1726493400,2024-09-16 09:30,30,30.2,29.92,30,10432373
1726579800,2024-09-17 09:30,29.96,30.18,29.845,30.18,14696067
1726666200,2024-09-18 09:30,30.12,30.525,29.87,30.03,17090287
1726752600,2024-09-19 09:30,30.41,30.41,30.04,30.11,16138163
1726839000,2024-09-20 09:30,29.81,29.89,29.115,29.19,30075254
1727098200,2024-09-23 09:30,28.9,29.09,28.86,28.99,24198512
1727184600,2024-09-24 09:30,29.74,29.95,29.575,29.7,21431476
1727271000,2024-09-25 09:30,29.63,29.82,29.425,29.5,26106841
1727357400,2024-09-26 09:30,29.85,29.98,29.59,29.72,32485740
1727443800,2024-09-27 09:30,29.72,29.98,29.71,29.73,12888911
1727703000,2024-09-30 09:30,29.71,29.76,29.38,29.49,14547622
1727789400,2024-10-01 09:30,29.61,29.75,29.33,29.51,19830316
1727875800,2024-10-02 09:30,30.15,30.21,29.715,29.77,19347609
1727962200,2024-10-03 09:30,29.21,29.3,28.91,29.22,19315161
1728048600,2024-10-04 09:30,29.17,29.43,29.105,29.41,15079911
1728307800,2024-10-07 09:30,29.31,29.5969,29.13,29.22,11230078
1728394200,2024-10-08 09:30,28.92,29.075,28.82,28.97,10924715
1728480600,2024-10-09 09:30,28.52,28.57,28.275,28.36,25465841
1728567000,2024-10-10 09:30,28.43,28.53,28.3,28.51,11874887
1728653400,2024-10-11 09:30,28.14,28.34,28.02,28.32,14482887
1728912600,2024-10-14 09:30,28.42,28.97,28.35,28.95,16173365
1728999000,2024-10-15 09:30,28.56,28.58,28.3,28.4,14772938
1729085400,2024-10-16 09:30,28.27,28.645,28.25,28.45,12831913
1729171800,2024-10-17 09:30,28.15,28.42,28.1,28.39,11336923
1729258200,2024-10-18 09:30,28.58,28.58,28.14,28.2,14186938
1729517400,2024-10-21 09:30,28.14,28.27,28.04,28.17,9556435
1729603800,2024-10-22 09:30,28.14,28.195,27.895,28.1,11700301
1729690200,2024-10-23 09:30,27.93,28.03,27.815,28.01,14299473
1729776600,2024-10-24 09:30,27.88,28.37,27.85,28.34,16232254
1729863000,2024-10-25 09:30,28.21,28.37,28.06,28.13,14486712
1730122200,2024-10-28 09:30,28.33,28.64,28.33,28.54,15516054
1730208600,2024-10-29 09:30,28.52,28.62,28.18,28.21,11110625
1730295000,2024-10-30 09:30,28.09,28.215,27.985,28.18,13076216
1730381400,2024-10-31 09:30,27.9,28.07,27.7301,27.78,15048901
1730467800,2024-11-01 09:30,27.6,27.6286,26.93,27.01,25517068
1730730600,2024-11-04 09:30,27.67,27.915,27.62,27.8,22083157
1730817000,2024-11-05 09:30,27.69,28.09,27.595,28.09,19923764
1730903400,2024-11-06 09:30,27.76,28.425,27.455,28.33,30569007
1730989800,2024-11-07 09:30,28.63,28.63,28.03,28.25,29784171
1731076200,2024-11-08 09:30,27.78,27.785,27.23,27.71,39773522
1731335400,2024-11-11 09:30,27.49,27.81,27.3901,27.71,20309298
1731421800,2024-11-12 09:30,27.63,27.82,27.51,27.69,16472645
1731508200,2024-11-13 09:30,27.65,27.65,27.31,27.53,17677274
1731594600,2024-11-14 09:30,27.39,27.535,27.295,27.41,19530706
1731681000,2024-11-15 09:30,27.52,27.63,27.25,27.3,15728891
1731940200,2024-11-18 09:30,27.4,27.59,27.26,27.39,15776256
1732026600,2024-11-19 09:30,27.28,27.43,27.215,27.28,10524140
1732113000,2024-11-20 09:30,27.22,27.25,27.065,27.16,15546315
1732199400,2024-11-21 09:30,26.86,27.03,26.74,26.92,20185864
1732285800,2024-11-22 09:30,27,27.51,26.935,27.51,15135085
1732545000,2024-11-25 09:30,27.54,27.54,27.285,27.42,14315507
1732631400,2024-11-26 09:30,27.58,27.69,27.395,27.46,17932792
1732717800,2024-11-27 09:30,27.43,27.49,26.45,26.46,40329884
1732890600,2024-11-29 09:30,25.19,25.81,25.075,25.52,47931560
1733149800,2024-12-02 09:30,25.22,25.405,25.075,25.24,26922881
1733236200,2024-12-03 09:30,25.35,25.47,25.15,25.4,16169244
1733322600,2024-12-04 09:30,25.47,25.645,25.355,25.45,16085103
1733409000,2024-12-05 09:30,26.01,26.19,25.855,25.88,18387094
1733495400,2024-12-06 09:30,25.77,25.77,25.255,25.27,22628112
1733754600,2024-12-09 09:30,25.65,25.86,25.53,25.53,13634342
1733841000,2024-12-10 09:30,25.87,25.93,25.71,25.81,17605075
1733927400,2024-12-11 09:30,26,26.75,25.68,26.51,50549237
1734013800,2024-12-12 09:30,26.17,26.21,25.51,25.73,41706719
1734100200,2024-12-13 09:30,25.63,25.655,25.22,25.25,26773376
1734359400,2024-12-16 09:30,25.14,25.225,24.694,24.7,32671808
1734445800,2024-12-17 09:30,23.59,24.2,23.38,24,41871912
1734532200,2024-12-18 09:30,23.55,23.6,22.26,22.4,65477786
1734618600,2024-12-19 09:30,22.87,23.1,22.79,22.83,49259815
1734705000,2024-12-20 09:30,23,23.3,22.94,23.09,46157945
1734964200,2024-12-23 09:30,22.82,22.8583,22.6,22.62,30378319
1735050600,2024-12-24 09:30,22.75,22.88,22.56,22.76,4714757
1735223400,2024-12-26 09:30,22.69,22.92,22.6,22.72,14414943
1735309800,2024-12-27 09:30,22.56,22.73,22.49,22.56,19290751
1735569000,2024-12-30 09:30,22.62,22.725,22.455,22.61,22151346
1735655400,2024-12-31 09:30,22.6,22.6,22.45,22.51,10680171
1735828200,2025-01-02 09:30,22.3,22.84,22.26,22.71,18808701
1735914600,2025-01-03 09:30,22.68,22.72,22.4101,22.45,15003884
1736173800,2025-01-06 09:30,22.87,23.08,22.76,22.84,22129373
1736260200,2025-01-07 09:30,23.23,23.41,23.08,23.18,28764085
1736346600,2025-01-08 09:30,22.92,22.92,22.765,22.87,16795020
1736519400,2025-01-10 09:30,22.8,22.875,22.61,22.69,14737770
1736778600,2025-01-13 09:30,22.7,22.9,22.625,22.81,13659402
1736865000,2025-01-14 09:30,22.86,23.0617,22.7921,22.97,13166355
1736951400,2025-01-15 09:30,23.42,23.81,23.215,23.78,22435300
1737037800,2025-01-16 09:30,23.58,23.615,23.21,23.37,24915482
1737124200,2025-01-17 09:30,23.47,23.7887,23.415,23.55,22205377
1737469800,2025-01-21 09:30,23.705,23.91,23.62,23.84,18353120
1737556200,2025-01-22 09:30,24.04,24.365,24.04,24.18,24726465
1737642600,2025-01-23 09:30,24.32,24.45,24.1,24.21,26974983
1737729000,2025-01-24 09:30,24.35,24.515,24.265,24.34,22285964
1737988200,2025-01-27 09:30,24.38,24.69,24.315,24.64,20597568
1738074600,2025-01-28 09:30,24.66,24.805,24.62,24.78,17172215
1738161000,2025-01-29 09:30,24.75,24.8789,24.59,24.67,15951438
1738247400,2025-01-30 09:30,24.85,25.55,24.795,25.37,34801877
1738333800,2025-01-31 09:30,25.595,25.725,25.3225,25.33,34158011
1738593000,2025-02-03 09:30,25.01,25.48,24.93,25.38,31448297
1738679400,2025-02-04 09:30,25.2,25.62,25.19,25.45,23407986
1738765800,2025-02-05 09:30,25.24,25.525,25.19,25.43,19579444
1738852200,2025-02-06 09:30,25.57,25.775,25.49,25.77,18221637
1738938600,2025-02-07 09:30,25.75,25.75,25.18,25.22,29032775
1739197800,2025-02-10 09:30,25.5,25.67,25.4,25.58,17455954
1739284200,2025-02-11 09:30,25.84,25.87,25.67,25.79,12675028
1739370600,2025-02-12 09:30,25.5,25.515,25.275,25.34,30670519
1739457000,2025-02-13 09:30,25.155,25.485,25.13,25.46,16579918
1739543400,2025-02-14 09:30,25.96,26.455,25.925,26.37,34751392
1739889000,2025-02-18 09:30,26.34,26.58,26.34,26.39,24994097
1739975400,2025-02-19 09:30,26.22,26.34,26.01,26.09,19095896
1740061800,2025-02-20 09:30,26.13,26.3293,26.1,26.2,18069724
1740148200,2025-02-21 09:30,25.84,25.8607,25.385,25.47,37678747
1740407400,2025-02-24 09:30,25.58,25.67,25.05,25.06,23372698
1740493800,2025-02-25 09:30,25.31,25.4,25.2,25.28,24335067
1740580200,2025-02-26 09:30,25.09,25.21,24.855,24.88,20959355
1740666600,2025-02-27 09:30,24.81,24.955,24.6614,24.71,24654097
1740753000,2025-02-28 09:30,24.46,24.525,23.955,24.11,39405970
1741012200,2025-03-03 09:30,24.42,24.7,24,24.14,27583844
1741098600,2025-03-04 09:30,24.03,24.19,23.515,23.91,26308661
1741185000,2025-03-05 09:30,24.07,24.65,24,24.58,33233008
1741271400,2025-03-06 09:30,24.575,24.82,24.41,24.57,17131864
1741357800,2025-03-07 09:30,24.61,24.91,24.53,24.82,23050320
1741613400,2025-03-10 09:30,24.57,24.675,24.1,24.3,23095139
1741699800,2025-03-11 09:30,24.33,24.45,24.06,24.38,18962634
1741786200,2025-03-12 09:30,24.38,24.555,24.27,24.48,19646925
1741872600,2025-03-13 09:30,24.36,24.865,24.35,24.8,16365163
1741959000,2025-03-14 09:30,25.17,25.925,25.14,25.84,29252666
1742218200,2025-03-17 09:30,25.95,26.62,25.95,26.45,27460562
1742304600,2025-03-18 09:30,26.52,26.68,26.315,26.57,26370410
1742391000,2025-03-19 09:30,26.69,27.115,26.61,26.94,26788694
1742477400,2025-03-20 09:30,26.8,26.8,26.525,26.58,22603508
1742563800,2025-03-21 09:30,26.35,26.58,26.31,26.57,19579938
1742823000,2025-03-24 09:30,26.33,26.495,26.11,26.19,17662663
1742909400,2025-03-25 09:30,26.35,26.815,26.345,26.42,27892132
1742995800,2025-03-26 09:30,26.42,26.48,26.19,26.3,18506542
1743082200,2025-03-27 09:30,26.24,26.505,26.22,26.33,16269558
1743168600,2025-03-28 09:30,26.12,26.19,25.79,25.96,24379593
1743427800,2025-03-31 09:30,25.74,26.005,25.56,25.85,15634370
1743514200,2025-04-01 09:30,25.89,26.33,25.83,26.14,20282868
1743600600,2025-04-02 09:30,26.09,26.155,25.86,26.14,10079231
1743687000,2025-04-03 09:30,26.33,26.65,26.27,26.33,39374913
1743773400,2025-04-04 09:30,25.1,25.17,24.32,24.5,53970282
1744032600,2025-04-07 09:30,23.81,24.91,23.585,23.95,47094186
1744119000,2025-04-08 09:30,24.63,24.645,23.285,23.44,33444636
1744205400,2025-04-09 09:30,23.11,25.06,23.05,24.71,52158323
1744291800,2025-04-10 09:30,24.37,24.575,23.67,24.19,31636159
1744378200,2025-04-11 09:30,24.17,24.83,24.08,24.69,25823524
1744637400,2025-04-14 09:30,25.07,25.14,24.71,25.01,20164597
1744723800,2025-04-15 09:30,24.99,25.155,24.82,24.86,18272884
1744810200,2025-04-16 09:30,24.73,25.05,24.68,24.79,13459797
1744896600,2025-04-17 09:30,24.8,25.45,24.77,25.22,26992499
1745242200,2025-04-21 09:30,25.28,25.39,24.94,25.2,13594984
1745328600,2025-04-22 09:30,25.315,25.91,25.3,25.86,23952300
1745415000,2025-04-23 09:30,26.44,26.62,26.205,26.31,27029295
1745501400,2025-04-24 09:30,26.58,26.865,26.36,26.74,20679058
1745587800,2025-04-25 09:30,26.79,27.01,26.725,26.94,20177123
1745847000,2025-04-28 09:30,27.01,27.27,26.94,27.21,25976949
1745933400,2025-04-29 09:30,27.2,27.52,27.12,27.36,19284435
1746019800,2025-04-30 09:30,26.97,27.11,26.7945,27.04,29967336
1746106200,2025-05-01 09:30,27.07,27.075,26.7,26.88,18544416
1746192600,2025-05-02 09:30,27.2,27.28,27.02,27.12,13493859
1746451800,2025-05-05 09:30,27.2,27.2,26.7,26.71,21657725
1746538200,2025-05-06 09:30,26.62,26.7,26.49,26.61,11184974
1746624600,2025-05-07 09:30,26.6,26.6,26.28,26.4,16053131
1746711000,2025-05-08 09:30,27.14,27.67,27.095,27.48,36672179
1746797400,2025-05-09 09:30,27.53,27.68,27.47,27.56,17650664
1747056600,2025-05-12 09:30,27.685,27.725,27.35,27.49,24174150
1747143000,2025-05-13 09:30,27.89,28.45,27.8,28.33,41363048
1747229400,2025-05-14 09:30,28.25,28.415,28.11,28.2,33201122
1747315800,2025-05-15 09:30,28.22,28.3,27.83,28.01,29819589
1747402200,2025-05-16 09:30,27.65,28.1,27.62,28,21741313
1747661400,2025-05-19 09:30,27.835,28.35,27.83,28.18,19490725
1747747800,2025-05-20 09:30,28.12,28.16,27.89,28.16,18484775
1747834200,2025-05-21 09:30,28,28.045,27.57,27.67,17088643
1747920600,2025-05-22 09:30,27.63,28.145,27.4701,27.52,40228482
1748007000,2025-05-23 09:30,26.835,27.65,26.76,27.65,34372772
1748352600,2025-05-27 09:30,27.92,28.13,27.82,27.99,19071633
1748439000,2025-05-28 09:30,27.69,27.83,27.525,27.69,14661524
1748525400,2025-05-29 09:30,27.76,27.845,27.58,27.7,20187532
1748611800,2025-05-30 09:30,27.47,27.47,27.0601,27.21,24763857
1748871000,2025-06-02 09:30,27.48,27.52,27.105,27.27,20035549
1748957400,2025-06-03 09:30,27.19,27.645,27.05,27.58,25619804
1749043800,2025-06-04 09:30,27.74,27.905,27.39,27.44,21661867
1749130200,2025-06-05 09:30,27.71,27.84,27.52,27.6,29979596
1749216600,2025-06-06 09:30,27.68,27.78,27.45,27.72,19984173
1749475800,2025-06-09 09:30,27.4,27.695,27.2,27.62,20783099
1749562200,2025-06-10 09:30,27.8,28.07,27.645,27.72,20745139
1749648600,2025-06-11 09:30,27.71,28.3,27.6,28.22,26801617
1749735000,2025-06-12 09:30,28.06,28.25,27.965,28.15,21141164
1749821400,2025-06-13 09:30,27.915,28.18,27.83,28.14,34874309
1750080600,2025-06-16 09:30,27.9,28.36,27.9,28.31,27862103
1750167000,2025-06-17 09:30,28.3,28.395,27.96,28.11,31186955
1750253400,2025-06-18 09:30,28.185,28.21,28.015,28.08,14355662
1750426200,2025-06-20 09:30,28.07,28.08,27.665,27.67,19646155
1750685400,2025-06-23 09:30,27.64,27.72,27.45,27.66,20151713
1750771800,2025-06-24 09:30,27.8,28.22,27.8,27.98,26080385
1750858200,2025-06-25 09:30,27.71,27.815,27.5,27.57,25971650
1750944600,2025-06-26 09:30,27.84,28.16,27.77,28.13,27289225
1751031000,2025-06-27 09:30,28.05,28.285,28,28.14,18680658
1751290200,2025-06-30 09:30,28.2,28.88,28.13,28.85,46432157
1751376600,2025-07-01 09:30,28.82,28.92,28.62,28.79,18308062
1751463000,2025-07-02 09:30,28.75,28.91,28.485,28.91,19056593
1751549400,2025-07-03 09:30,28.96,29.35,28.96,29.31,16386719
1751895000,2025-07-07 09:30,29.03,29.08,28.55,28.6,29163390
1751981400,2025-07-08 09:30,28.66,28.795,28.515,28.71,15645186
1752067800,2025-07-09 09:30,28.55,28.59,28.15,28.16,36711947
1752154200,2025-07-10 09:30,27.57,27.81,27.51,27.72,58297179
1752240600,2025-07-11 09:30,27.47,27.625,27.31,27.53,27773391
1752499800,2025-07-14 09:30,27.37,27.5,27.24,27.31,21671815
1752586200,2025-07-15 09:30,27.44,27.53,27.08,27.47,40297690
1752672600,2025-07-16 09:30,27.36,27.58,27.215,27.57,21936483
1752759000,2025-07-17 09:30,27.41,27.69,27.365,27.69,23011220
1752845400,2025-07-18 09:30,27.59,27.67,26.82,26.85,28778355
1753104600,2025-07-21 09:30,27.045,27.285,27,27.08,29230252
1753191000,2025-07-22 09:30,27.23,27.293,26.98,27,17744206
1753277400,2025-07-23 09:30,27.03,27.5652,27.0294,27.48,26780302
1753363800,2025-07-24 09:30,27.21,27.2577,27.0318,27.13,18412941
1753450200,2025-07-25 09:30,27.12,27.17,26.83,26.94,22740479
1753709400,2025-07-28 09:30,26.8,26.81,26.3901,26.52,22597188
1753795800,2025-07-29 09:30,26.51,26.885,26.51,26.76,20673069
1753882200,2025-07-30 09:30,26.625,27.18,26.3,26.88,62920791
1753968600,2025-07-31 09:30,26.48,26.765,26.385,26.55,26591820
1754055000,2025-08-01 09:30,27.09,27.17,26.565,26.65,30103544
1754314200,2025-08-04 09:30,27,27.07,26.76,26.93,16455846
1754400600,2025-08-05 09:30,27.02,27.22,26.855,27.02,15511082
1754487000,2025-08-06 09:30,27.43,27.65,27.32,27.45,27541104
1754573400,2025-08-07 09:30,27.71,28.1,27.69,28.05,27981150
1754659800,2025-08-08 09:30,28.025,28.08,27.75,27.81,31947430
1754919000,2025-08-11 09:30,27.73,27.8354,27.59,27.64,16383998
1755005400,2025-08-12 09:30,28.01,28.45,28.01,28.39,31062879
1755091800,2025-08-13 09:30,28.195,28.315,28.1103,28.18,29390449
1755178200,2025-08-14 09:30,27.87,28.265,27.83,27.89,36668879
1755264600,2025-08-15 09:30,28.215,28.4651,28.075,28.2,25575838
1755523800,2025-08-18 09:30,28.28,28.44,28.18,28.29,21766857
1755610200,2025-08-19 09:30,27.62,27.7351,27.33,27.36,40429678
1755696600,2025-08-20 09:30,27.555,27.78,27.47,27.69,27693042
1755783000,2025-08-21 09:30,27.64,27.7351,27.48,27.66,18525353
1755869400,2025-08-22 09:30,27.86,28.67,27.79,28.61,45862197
1756128600,2025-08-25 09:30,28.66,28.97,28.64,28.74,25325403
1756215000,2025-08-26 09:30,28.65,28.72,28.365,28.61,23546986
1756301400,2025-08-27 09:30,28.54,29.03,28.45,29.02,23966653
1756387800,2025-08-28 09:30,29.17,29.76,29.155,29.49,44091189
1756474200,2025-08-29 09:30,29.44,29.5699,29.395,29.5,19563359
1756819800,2025-09-02 09:30,28.83,29.17,28.765,29,28451430
1756906200,2025-09-03 09:30,29.01,29.21,28.88,28.99,16810321
1756992600,2025-09-04 09:30,29.015,29.3,28.835,29.17,20744790
1757079000,2025-09-05 09:30,29.78,29.96,29.385,29.63,29163148
1757338200,2025-09-08 09:30,29.605,29.66,29.27,29.58,17186255
1757424600,2025-09-09 09:30,29.56,29.705,29.47,29.54,14692041
1757511000,2025-09-10 09:30,29.68,29.99,29.68,29.79,23811196
1757597400,2025-09-11 09:30,29.88,30.2765,29.845,30.05,24840967
1757683800,2025-09-12 09:30,29.94,30.2276,29.8735,30.03,21274742
1757943000,2025-09-15 09:30,30.25,30.645,30.21,30.51,27909402
1758029400,2025-09-16 09:30,30.67,30.755,30.475,30.69,26429477
1758115800,2025-09-17 09:30,30.71,31.25,30.71,30.94,39751106
1758202200,2025-09-18 09:30,30.95,31,30.745,30.82,18200968
1758288600,2025-09-19 09:30,30.91,30.98,30.775,30.93,22504952
1758547800,2025-09-22 09:30,30.63,30.86,30.385,30.79,27533137
1758634200,2025-09-23 09:30,30.87,31.46,30.815,31.32,32623558
1758720600,2025-09-24 09:30,31.14,31.26,30.98,31.05,22707802
1758807000,2025-09-25 09:30,30.96,30.965,30.55,30.58,32002804
1758893400,2025-09-26 09:30,30.7,30.7743,30.58,30.73,15899969
1759152600,2025-09-29 09:30,31.13,31.255,30.97,30.99,24350154
1759239000,2025-09-30 09:30,31.21,31.21,30.78,31,21898316
1759325400,2025-10-01 09:30,31.11,31.16,30.525,30.58,35845653
1759411800,2025-10-02 09:30,30.62,30.665,30,30.24,39252552
1759498200,2025-10-03 09:30,30.22,30.39,30.115,30.33,27077430
1759757400,2025-10-06 09:30,30.44,30.46,30.22,30.31,23566102
1759843800,2025-10-07 09:30,30.03,30.075,29.64,29.68,30018905
1759930200,2025-10-08 09:30,29.87,29.92,29.74,29.87,17955742
1760016600,2025-10-09 09:30,30.03,30.12,29.61,29.67,19748951
1760103000,2025-10-10 09:30,29.62,29.64,28.66,28.79,57542582
1760362200,2025-10-13 09:30,29.16,29.35,29.02,29.18,26812148
1760448600,2025-10-14 09:30,28.87,29.3399,28.825,29.1,29166431
1760535000,2025-10-15 09:30,29.2,29.55,29.19,29.32,25713308
1760621400,2025-10-16 09:30,29.27,29.64,29.175,29.24,27034651
1760707800,2025-10-17 09:30,29.12,29.77,29.07,29.71,18520823
1760967000,2025-10-20 09:30,30,30.39,29.94,30.22,17833356
1761053400,2025-10-21 09:30,30.02,30.1966,29.89,29.94,25782191
1761139800,2025-10-22 09:30,29.93,30.1552,29.86,30.03,26662802
1761226200,2025-10-23 09:30,30.39,30.57,30.195,30.47,20642013
1761312600,2025-10-24 09:30,30.82,30.89,30.44,30.48,15039994
1761571800,2025-10-27 09:30,30.96,30.96,30.7,30.77,20278454
1761658200,2025-10-28 09:30,30.8,30.99,30.7,30.92,13172822
1761744600,2025-10-29 09:30,31.21,31.39,31.07,31.18,26090078
1761831000,2025-10-30 09:30,30.91,31.1703,30.8801,31.05,19757623
1761917400,2025-10-31 09:30,31.13,31.21,30.98,31.17,15513350
1762180200,2025-11-03 09:30,31.44,31.619,31.325,31.52,15008719
1762266600,2025-11-04 09:30,31.26,31.44,31.16,31.18,20361922
1762353000,2025-11-05 09:30,31.51,32.13,31.49,32.1,34649748
1762439400,2025-11-06 09:30,32.36,32.36,31.97,32.04,22327918
1762525800,2025-11-07 09:30,31.93,32.3,31.71,32.3,21474018
1762785000,2025-11-10 09:30,32.63,32.7299,32.5,32.72,23378524
1762871400,2025-11-11 09:30,33.43,33.615,33.32,33.49,41923484
1762957800,2025-11-12 09:30,33.32,33.35,32.95,33.22,34807573
1763044200,2025-11-13 09:30,33.24,33.405,32.835,32.98,24375166
1763130600,2025-11-14 09:30,33.07,33.45,32.91,33.18,40963370
1763389800,2025-11-17 09:30,33.05,33.11623,32.6444,32.78,29832082
1763476200,2025-11-18 09:30,32.65,32.8551,32.505,32.71,17725790
1763562600,2025-11-19 09:30,32.46,32.65,32.37,32.49,22200822
1763649000,2025-11-20 09:30,32.73,32.85,31.845,31.9,27720834
1763735400,2025-11-21 09:30,31.94,32.145,31.555,32.03,31066093
1763994600,2025-11-24 09:30,32.315,32.37,32.125,32.2,17515039
1764081000,2025-11-25 09:30,32.15,32.585,32,32.55,20310226
1764167400,2025-11-26 09:30,33.03,33.48,32.98,33.47,26604142
1764340200,2025-11-28 09:30,33.585,33.665,33.44,33.61,15012420
1764599400,2025-12-01 09:30,33.37,33.64,33.34,33.4,15599006
1764685800,2025-12-02 09:30,33.83,34.05,33.675,34.03,25706804
1764772200,2025-12-03 09:30,34.165,34.34,34.0401,34.2,20630850
1764858600,2025-12-04 09:30,34.7,34.8,34.545,34.72,34977578
1764945000,2025-12-05 09:30,34.57,34.695,32.43,32.53,135373800
1765204200,2025-12-08 09:30,33.14,33.215,32.48,32.75,44006643
1765290600,2025-12-09 09:30,32.18,32.895,32.17,32.74,40375838
1765377000,2025-12-10 09:30,32.61,33,32.385,32.77,29372155
1765463400,2025-12-11 09:30,32.92,33.365,32.89,33.16,27010544
1765549800,2025-12-12 09:30,33.53,33.605,33.03,33.32,28693547
1765809000,2025-12-15 09:30,33.76,33.92,33.51,33.58,41301334
1765895400,2025-12-16 09:30,32.1,32.1,31.565,31.6,65729071
1765981800,2025-12-17 09:30,31.1,31.235,30.715,31,47610185
1766068200,2025-12-18 09:30,31.04,31.4,30.955,31.17,41125175
1766154600,2025-12-19 09:30,31.45,31.57,31.09,31.17,45819988
1766413800,2025-12-22 09:30,30.97,31.105,30.7907,30.97,29149045
1766500200,2025-12-23 09:30,31.24,31.67,31.195,31.65,29902855
1766586600,2025-12-24 09:30,31.73,31.76,31.515,31.55,4508096
1766759400,2025-12-26 09:30,31.5,31.745,31.48,31.73,15965737
1767018600,2025-12-29 09:30,31.45,31.57,31.275,31.42,16277792
1767105000,2025-12-30 09:30,31.91,32.145,31.815,31.99,20209421
1767191400,2025-12-31 09:30,31.92,31.95,31.7,31.77,6526582
1767364200,2026-01-02 09:30,32.295,32.31,31.96,32.2,19263733
1767623400,2026-01-05 09:30,32.27,32.89,32.125,32.79,31075343
1767709800,2026-01-06 09:30,33.2,33.39,33.05,33.11,26944270
1767796200,2026-01-07 09:30,32.795,32.85,32.61,32.7,17908627
1767882600,2026-01-08 09:30,32.775,32.91,32.725,32.88,18826150
1767969000,2026-01-09 09:30,33.17,33.375,33.06,33.06,20505939
1768228200,2026-01-12 09:30,32.94,33.1,32.9,32.93,17784359
1768314600,2026-01-13 09:30,32.93,32.93,32.46,32.63,19152777
1768401000,2026-01-14 09:30,32.73,33.17,32.73,33.16,29892685
1768487400,2026-01-15 09:30,33.25,33.6,33.05,33.36,23720161
1768573800,2026-01-16 09:30,33.14,33.245,32.9,33.17,23603289
1768919400,2026-01-20 09:30,33.03,33.78,32.995,33.62,34469660
1769005800,2026-01-21 09:30,34.21,35.04,34.19,35.02,51924390
1769092200,2026-01-22 09:30,35.55,36.22,35.455,35.95,60462897
1769178600,2026-01-23 09:30,36.04,36.885,35.845,36.59,48162645
1769437800,2026-01-26 09:30,36.54,36.9,36.4,36.61,51719108
1769524200,2026-01-27 09:30,37.5,37.965,37.4,37.89,58981006
1769610600,2026-01-28 09:30,38.3,38.45,37.72,38.33,62461218
1769697000,2026-01-29 09:30,38.685,38.875,37.375,38.12,58265254
1769783400,2026-01-30 09:30,37.75,37.925,36.77,37.04,63815941
1770042600,2026-02-02 09:30,37,37.55,36.97,37.45,31607199
1770129000,2026-02-03 09:30,38.48,38.64,37.7,38.04,68252372
1770215400,2026-02-04 09:30,37.83,37.83,36.69,36.98,59490542
1770301800,2026-02-05 09:30,37.21,37.52,36.69,36.91,39207305
1770388200,2026-02-06 09:30,37.41,37.58,37.05,37.56,44557249
1770647400,2026-02-09 09:30,37.82,38.54,37.705,38.42,43169989
1770733800,2026-02-10 09:30,38.3,38.53,38.135,38.32,28963313
1770820200,2026-02-11 09:30,39.11,39.45,38.79,39.16,43813529
1770906600,2026-02-12 09:30,39.215,39.345,38.26,38.49,46826534
1770993000,2026-02-13 09:30,37.89,38.105,37.335,38.06,51693645
1771338600,2026-02-17 09:30,37.865,38.05,37.2217,37.74,22984930
1771425000,2026-02-18 09:30,38.145,38.67,37.73,38.03,38968055
1771511400,2026-02-19 09:30,38.09,38.65,37.9335,38.61,33544208
1771597800,2026-02-20 09:30,38.48,39.37,38.4365,39.37,47513802
1771857000,2026-02-23 09:30,39.22,39.645,38.67,38.77,39610821
1771943400,2026-02-24 09:30,38.95,39.53,38.805,39.47,45452943
1772029800,2026-02-25 09:30,39.58,39.69,39.2,39.59,31584332
1772116200,2026-02-26 09:30,39.26,39.27,38.565,39.1,38499914
1772202600,2026-02-27 09:30,38.74,39.12,38.615,38.73,28466805
1772461800,2026-03-02 09:30,37.93,38.88,37.84,38.64,42442472
1772548200,2026-03-03 09:30,36.56,37.235,35.76,36.82,98268136
1772634600,2026-03-04 09:30,37.46,37.72,37.18,37.49,31229537
1772721000,2026-03-05 09:30,36.81,37.045,36.065,36.36,56553723
1772807400,2026-03-06 09:30,35.845,36.435,35.66,36.28,34586110
1773063000,2026-03-09 09:30,36.27,37.27,35.96,37.1,43894487
1773149400,2026-03-10 09:30,37.09,38.13,36.85,37.53,32098876
1773235800,2026-03-11 09:30,37.58,38.07,37.24,37.61,24819643
1773322200,2026-03-12 09:30,36.935,36.95,36.02,36.12,39459176
1773408600,2026-03-13 09:30,36.51,36.65,35.31,35.49,42802619
1773667800,2026-03-16 09:30,36.195,36.72,36.12,36.53,30966751
1773754200,2026-03-17 09:30,37,37.31,36.6,36.71,23964922
1773840600,2026-03-18 09:30,36.55,36.9,36.225,36.26,25473253
1773927000,2026-03-19 09:30,35.46,36.81,35.335,36.5,40486419
1774013400,2026-03-20 09:30,35.92,35.93,34.815,35.06,47472316
1774272600,2026-03-23 09:30,36.02,37.175,35.9,36.85,53476489
1774359000,2026-03-24 09:30,36.16,36.85,36.11,36.67,34959869
1774445400,2026-03-25 09:30,37.345,37.8,37.2,37.54,33715863
1774531800,2026-03-26 09:30,37.14,37.44,36.75,36.8,27560558
1774618200,2026-03-27 09:30,36.49,37.14,36.46,36.63,27150350
1774877400,2026-03-30 09:30,37,37.25,36.5,36.77,21224598
1774963800,2026-03-31 09:30,37.4,38.39,37.285,38.39,47719843
1775050200,2026-04-01 09:30,38.54,38.81,38.28,38.37,35809281
1775136600,2026-04-02 09:30,37.87,38.75,37.755,38.35,26086489
1775482200,2026-04-06 09:30,38.48,38.75,38.355,38.54,17698222
1775568600,2026-04-07 09:30,38.31,38.49,37.8501,38.46,19980939
1775655000,2026-04-08 09:30,40.035,40.13,39.265,39.56,33816462
1775741400,2026-04-09 09:30,39.87,40.57,39.862,40.54,38122372
1775827800,2026-04-10 09:30,40.96,41.33,40.91,41.33,42023612
1776087000,2026-04-13 09:30,41.12,41.6,40.86,41.52,24365767
1776173400,2026-04-14 09:30,41.76,42.02,41.6401,41.73,22280129
1776259800,2026-04-15 09:30,41.85,41.9,41.3701,41.46,21544002
1776346200,2026-04-16 09:30,41.66,41.67,41.19,41.47,26874285
1776432600,2026-04-17 09:30,41.87,41.89,41.12,41.16,47254686
1776691800,2026-04-20 09:30,41.435,41.45,41.03,41.3,17752995
1776778200,2026-04-21 09:30,41.405,41.77,40.785,40.79,16147150
1776864600,2026-04-22 09:30,41.27,41.33,40.55,40.59,24230281
1776951000,2026-04-23 09:30,40.68,40.8,39.92,40.09,37964588
1777037400,2026-04-24 09:30,39.81,39.95,39.55,39.94,28309936
1777296600,2026-04-27 09:30,40.2,40.34,39.87,39.89,18898970
1777383000,2026-04-28 09:30,39.49,39.79,39.235,39.69,14104627
1777469400,2026-04-29 09:30,39.35,39.35,38.605,38.65,38816211
1777555800,2026-04-30 09:30,39.11,39.77,39.015,39.7,24422652
1777642200,2026-05-01 09:30,39.74,39.78,39.29,39.43,12713511
1777901400,2026-05-04 09:30,39.54,39.71,38.99,39.04,27715343
1777987800,2026-05-05 09:30,39.57,39.93,39.34,39.71,19822604
1778074200,2026-05-06 09:30,40.02,40.04,39.54,39.9,21054675
1778160600,2026-05-07 09:30,39.48,39.515,38.735,38.8,28765058
1778247000,2026-05-08 09:30,39.47,39.5,39.12,39.12,24472790
1778506200,2026-05-11 09:30,39.15,39.245,38.52,38.66,31075234
1778592600,2026-05-12 09:30,38.33,38.54,38.0532,38.24,42380536
1778679000,2026-05-13 09:30,37.82,38.17,36.68,36.78,62282038
1778765400,2026-05-14 09:30,37.19,37.41,36.99,37.13,36035523
1778851800,2026-05-15 09:30,36.04,36.355,35.875,36.23,36438436
1779111000,2026-05-18 09:30,36.48,36.755,36.26,36.74,22428515
1779197400,2026-05-19 09:30,35.72,36.29,35.72,35.89,57195430
1779283800,2026-05-20 09:30,36.225,36.92,36.21,36.75,42885666
1779370200,2026-05-21 09:30,36.45,37.28,36.321,37.01,19884113
1779456600,2026-05-22 09:30,36.69,36.735,36.15,36.37,26291585
1779802200,2026-05-26 09:30,36.7,36.76,36.185,36.49,18363605
1779888600,2026-05-27 09:30,36.28,36.56,36.05,36.11,17466715
1779975000,2026-05-28 09:30,36.08,36.48,35.855,36.11,25384764
1780061400,2026-05-29 09:30,35.7,35.99,35.525,35.91,24973362
1780320600,2026-06-01 09:30,35.62,35.81,35.49,35.67,20817509
1780407000,2026-06-02 09:30,35.52,35.975,35.43,35.78,29476683
1780493400,2026-06-03 09:30,35.01,35.13,34.45,34.64,29211147
1780579800,2026-06-04 09:30,34.9,35.025,34.675,34.78,15252507
1780666200,2026-06-05 09:30,34.285,34.595,33.95,34.01,23515329
1780925400,2026-06-08 09:30,33.98,34.095,33.53,33.69,21069317
1781011800,2026-06-09 09:30,33.99,34.28,33.58,33.92,32699739
1781098200,2026-06-10 09:30,33.74,34.065,33.625,33.78,16855694
1781184600,2026-06-11 09:30,34,34.93,33.855,34.81,29004188
1781271000,2026-06-12 09:30,34.99,35.215,34.84,35.1,31517030
1781530200,2026-06-15 09:30,35.46,35.615,34.55,34.64,27756084
1781616600,2026-06-16 09:30,34.435,34.585,34.23,34.41,21281204
1781703000,2026-06-17 09:30,34.76,35.17,33.96,34.11,28705441
1781789400,2026-06-18 09:30,33.91,34.15,33.6,33.73,24545674
1782135000,2026-06-22 09:30,34.22,34.42,34.025,34.27,17495416
1782221400,2026-06-23 09:30,33.79,34.23,33.77,34.15,18074328
1782307800,2026-06-24 09:30,33.99,34.08,33.61,33.85,16604580
1782394200,2026-06-25 09:30,34.1,34.52,33.865,34.18,16897454
1782480600,2026-06-26 09:30,34.14,34.84,34.1,34.67,20641309
1782739800,2026-06-29 09:30,34.6,34.69,34.38,34.55,11717990
1782826200,2026-06-30 09:30,34.11,34.59,34.01,34.5,13558600
1782912600,2026-07-01 09:30,33.96,34.465,33.88,34.18,17173086
1782999000,2026-07-02 09:30,34.46,34.925,34.24,34.43,19431090
1783344600,2026-07-06 09:30,34.54,34.93,34.36,34.92,10689674
1783431000,2026-07-07 09:30,34.87,35.23,34.55,34.64,13776806
1783517400,2026-07-08 09:30,34.48,34.6,34.2,34.41,15224519
1783603800,2026-07-09 09:30,34.48,35.07,34.37,34.96,15883008
1783690200,2026-07-10 09:30,35.6,35.985,35.555,35.93,32977789
1783949400,2026-07-13 09:30,35.82,35.91,35.38,35.39,23496538
1784035800,2026-07-14 09:30,35.915,36.25,35.845,36.03,18359130
1784122200,2026-07-15 09:30,36.01,36.07,35.74,35.88,26641709
1784208600,2026-07-16 09:30,35.59,35.65,35.24,35.33,19397322
1784295000,2026-07-17 09:30,35.08,35.4,34.97,35.23,13548509
1784554200,2026-07-20 09:30,35.4,35.66,35.3,35.48,14152739
1784640600,2026-07-21 09:30,35.49,35.665,35.29,35.62,11932905
1784727000,2026-07-22 09:30,36,36.65,36,36.62,20585994
1784813400,2026-07-23 09:30,36.26,36.51,36.05,36.17,16399081
1784899800,2026-07-24 09:30,35.94,36.225,35.69,35.73,14012697
1785159000,2026-07-27 09:30,35.725,35.915,35.665,35.87,14605938
1785245400,2026-07-28 09:30,36.08,36.27,35.93,36.05,13847674
1785331800,2026-07-29 09:30,35.96,36.045,35.46,35.47,19503227
1785418200,2026-07-30 09:30,35.78,36.56,35.7,36.53,17505514
1785504600,2026-07-31 09:30,36.51,36.84,36.145,36.65,23577472
1785763800,2026-08-03 09:30,36.6,36.685,36.285,36.42,13943189
1785850200,2026-08-04 09:30,36.68,36.73,36,36.09,26218580
1785936600,2026-08-05 09:30,36.54,36.809,36.09,36.11,18736916
1786023000,2026-08-06 09:30,36.22,36.25,35.76,35.81,20191627
1786109400,2026-08-07 09:30,36.02,36.03,35.22,35.34,19423022
1786368600,2026-08-10 09:30,35.3,35.37,35.065,35.19,23088956
1786455000,2026-08-11 09:30,35.06,35.1083,33.87,33.98,34926471
1786541400,2026-08-12 09:30,33.93,34.11,33.81,33.86,25018465
1786627800,2026-08-13 09:30,33.87,34.065,33.565,33.77,23831464
1786714200,2026-08-14 09:30,34.01,34.055,33.44,33.93,20658126
1786973400,2026-08-17 09:30,34.18,34.21,33.8206,33.97,14386478
1787059800,2026-08-18 09:30,33.88,34.31,33.65,33.7,18017147
1787146200,2026-08-19 09:30,34.65,34.93,34.245,34.26,29254973
1787232600,2026-08-20 09:30,34.17,34.61,34.06,34.14,13840857
1787319000,2026-08-21 09:30,34.44,35.28,34.44,35.06,26912666
1787578200,2026-08-24 09:30,34.66,35.555,34.64,35.17,19131042
1787664600,2026-08-25 09:30,35.3,35.9,34.975,35.88,38360927
1787751000,2026-08-26 09:30,35.98,36.115,35.69,35.72,22089290
1787837400,2026-08-27 09:30,35.63,35.785,35.36,35.76,16919371
1787923800,2026-08-28 09:30,35.69,35.695,34.995,35.55,26074565
1788183000,2026-08-31 09:30,36.18,36.335,35.8,36.03,24264856
1788269400,2026-09-01 09:30,36.1,36.98,36.07,36.57,33482610
1788355800,2026-09-02 09:30,37.04,38.22,36.95,38.09,40183989
1788442200,2026-09-03 09:30,38.87,38.87,37.8901,38.13,24672727
1788528600,2026-09-04 09:30,37.6,38.26,37.545,37.86,24808766
1788874200,2026-09-08 09:30,38.69,39.1,38.49,38.61,44626628
1788960600,2026-09-09 09:30,38.36,38.495,37.885,38.07,23578282
1789047000,2026-09-10 09:30,37.64,38.84,37.61,38.56,25460096
1789133400,2026-09-11 09:30,38.63,38.64,37.89,38.19,16978102
1789392600,2026-09-14 09:30,37.26,37.865,37.175,37.72,21585569
1789479000,2026-09-15 09:30,37.595,38.07,37.56,37.78,16819406
1789565400,2026-09-16 09:30,37.5,37.815,37.24,37.48,21143088
1789651800,2026-09-17 09:30,37.63,37.89,36.855,37.74,20915876
1789738200,2026-09-18 09:30,37.44,37.555,37.2,37.52,19320851
1789997400,2026-09-21 09:30,37.935,38.18,37.67,38.07,26492550
1790083800,2026-09-22 09:30,37.57,38.35,37.515,38.26,24150747
1790170200,2026-09-23 09:30,38.28,38.39,37.345,37.37,33378394
1790256600,2026-09-24 09:30,37.285,37.5,36.815,36.91,29995242
1790343000,2026-09-25 09:30,36.66,36.97,36.415,36.82,15962763
1790602200,2026-09-28 09:30,36.18,36.6,36.12,36.21,20002256
1790688600,2026-09-29 09:30,36.05,36.49,35.97,36.47,28945038
1790775000,2026-09-30 09:30,36.99,37.4782,36.73,37.25,31140493
1790861400,2026-10-01 09:30,37.2,37.42,36.538,37.14,34747949
1790947800,2026-10-02 09:30,37.46,38.2198,36.82,38.19,59954277
1791207000,2026-10-05 09:30,42.78,43.9,42.735,42.98,190603426
1791293400,2026-10-06 09:30,43.545,43.56,42.615,43,61474698
