t,et,o,h,l,c,v
1163773800,2006-11-17 09:30,50.39,50.39,50.11,50.28,44600
1164033000,2006-11-20 09:30,50.31,50.47,50.31,50.42,8200
1164119400,2006-11-21 09:30,50.25,50.27,50.2,50.21001,16300
1164205800,2006-11-22 09:30,50.17,50.17,49.99001,50.06,159000
1164378600,2006-11-24 09:30,49.91,50.05,49.78999,50.03,95300
1164637800,2006-11-27 09:30,49.92,49.92,49.09,49.09,24300
1164724200,2006-11-28 09:30,48.94,49.21001,48.92,49.16,356000
1164810600,2006-11-29 09:30,49.28,49.75,49.27,49.75,335000
1164897000,2006-11-30 09:30,49.82001,49.82001,49.46001,49.62,85700
1164983400,2006-12-01 09:30,49.62,49.62,49.03,49.39999,421800
1165242600,2006-12-04 09:30,49.46001,50.28,49.35001,50.28,85800
1165329000,2006-12-05 09:30,50.1001,50.3645,50.10001,50.3,10800
1165415400,2006-12-06 09:30,50.14999,50.14999,49.97,50.00999,48600
1165501800,2006-12-07 09:30,49.95,50.08,49.69,49.72,120600
1165588200,2006-12-08 09:30,49.58,49.64,49.38,49.57001,1690900
1165847400,2006-12-11 09:30,49.55,49.75,49.55,49.75,242500
1165933800,2006-12-12 09:30,49.75,49.8,49.58,49.8,77300
1166020200,2006-12-13 09:30,49.95,49.95,49.85001,49.89,20100
1166106600,2006-12-14 09:30,50.22,50.28,50.2,50.28,11500
1166193000,2006-12-15 09:30,50.25999,50.27,50.07001,50.07001,49500
1166452200,2006-12-18 09:30,50.07001,50.19,49.67999,49.73,191500
1166538600,2006-12-19 09:30,49.44,49.62,49.3,49.56,67400
1166625000,2006-12-20 09:30,49.56,49.78,49.55,49.69,225600
1166711400,2006-12-21 09:30,49.8,50.10001,49.67,49.83,507400
1166797800,2006-12-22 09:30,49.64999,49.82001,49.62,49.67,186700
1167143400,2006-12-26 09:30,49.73,50.31,49.73,50.27,119400
1167229800,2006-12-27 09:30,50.39999,50.99001,50.39999,50.99001,787400
1167316200,2006-12-28 09:30,51.10001,51.12,50.84,50.85001,558600
1167402600,2006-12-29 09:30,50.73,50.78,50.12,50.12,265900
1167834600,2007-01-03 09:30,50.32001,50.96001,50.19,50.58,423700
1167921000,2007-01-04 09:30,50.48,50.75999,50.17999,50.75,189900
1168007400,2007-01-05 09:30,50.66,50.66,49.66,49.7,1188300
1168266600,2007-01-08 09:30,49.7,49.73,49.21001,49.72,215900
1168353000,2007-01-09 09:30,49.74001,49.78999,48.99001,49.5,1099100
1168439400,2007-01-10 09:30,49.47,49.60001,49.28999,49.52,724100
1168525800,2007-01-11 09:30,49.71001,50.06,49.66,49.91,334800
1168612200,2007-01-12 09:30,49.89999,50,49.85001,49.94,29600
1168957800,2007-01-16 09:30,50.07001,50.10001,49.47,49.48,1717000
1169044200,2007-01-17 09:30,49.32001,49.41,49.07001,49.13,674000
1169130600,2007-01-18 09:30,48.98,48.98,48.53999,48.75999,850500
1169217000,2007-01-19 09:30,48.64,48.89,48.42999,48.8,765400
1169476200,2007-01-22 09:30,48.57001,48.63,48.33,48.57001,840200
1169562600,2007-01-23 09:30,48.41,48.78,48.39,48.64999,227300
1169649000,2007-01-24 09:30,48.58,49.03999,48.53999,49.03999,74000
1169735400,2007-01-25 09:30,48.83,48.83,48.31,48.38,173700
1169821800,2007-01-26 09:30,48.37,48.75,48.21001,48.67999,234700
1170081000,2007-01-29 09:30,48.8,49.08,48.8,49.05,758200
1170167400,2007-01-30 09:30,49.11,49.45,49.02,49.39999,613600
1170253800,2007-01-31 09:30,49.27,49.67999,49.13,49.36,739800
1170340200,2007-02-01 09:30,49.61,49.78,49.61,49.75999,276500
1170426600,2007-02-02 09:30,49.77,50.05,49.73,50.05,124600
1170685800,2007-02-05 09:30,49.99001,49.99001,49.73,49.81,85200
1170772200,2007-02-06 09:30,49.86,50.19,49.86,50.16,661000
1170858600,2007-02-07 09:30,50.12,50.46001,50.12,50.42,18600
1170945000,2007-02-08 09:30,50.37,50.38,50.14,50.38,119200
1171031400,2007-02-09 09:30,50.3,50.3,49.81,49.8956,1074200
1171290600,2007-02-12 09:30,49.87,50.09,49.8,50.03,405800
1171377000,2007-02-13 09:30,50.17999,50.39,50.12,50.39,241275
1171463400,2007-02-14 09:30,50.31,50.67999,50.28,50.44,555300
1171549800,2007-02-15 09:30,50.52,50.55,50.306,50.50999,488400
1171636200,2007-02-16 09:30,50.52,50.75999,50.50999,50.73,389000
1171981800,2007-02-20 09:30,50.62,51.05,50.42,50.99001,384000
1172068200,2007-02-21 09:30,50.89,50.96001,50.75999,50.84,417000
1172154600,2007-02-22 09:30,50.89999,50.95,50.67,50.95,389400
1172241000,2007-02-23 09:30,50.86,50.86,50.44,50.67,340600
1172500200,2007-02-26 09:30,50.61,50.61,50.05,50.3,428056
1172586600,2007-02-27 09:30,49.75,49.75999,48.5,48.575,960900
1172673000,2007-02-28 09:30,48.97,49.28,48.61,48.92,692200
1172759400,2007-03-01 09:30,48.28999,49.2,47.83,48.89,708400
1172845800,2007-03-02 09:30,48.87,48.98,48.61,48.64999,88200
1173105000,2007-03-05 09:30,48.23,48.48,47.39999,47.42999,1177300
1173191400,2007-03-06 09:30,48,48.63,47.98,48.48,640100
1173277800,2007-03-07 09:30,48.45,48.57001,48.12,48.12,543700
1173364200,2007-03-08 09:30,48.46001,48.72,48.28,48.39,339500
1173450600,2007-03-09 09:30,48.63,48.69,48.28,48.50999,191400
1173706200,2007-03-12 09:30,48.39999,48.47,48.17999,48.41,559600
1173792600,2007-03-13 09:30,47.89999,48.02,46.83,46.88,2208800
1173879000,2007-03-14 09:30,46.98,47.34,46.38,47.05,838300
1173965400,2007-03-15 09:30,47.3,47.92999,47.3,47.92999,1016400
1174051800,2007-03-16 09:30,47.71001,47.87,47.38,47.45,271400
1174311000,2007-03-19 09:30,47.61,48.02,47.61,47.7,887300
1174397400,2007-03-20 09:30,47.78,48.19,47.67,48.14999,425500
1174483800,2007-03-21 09:30,48.16,49.45,48.12,49.22,2120000
1174570200,2007-03-22 09:30,49.25,49.33,48.88,49,1267400
1174656600,2007-03-23 09:30,49.03,49.19,49,49.12,973100
1174915800,2007-03-26 09:30,48.91,49.05,48.53,48.92,161100
1175002200,2007-03-27 09:30,48.82001,48.82001,48.42999,48.48,509200
1175088600,2007-03-28 09:30,48.28,48.3,47.88,48.02,601600
1175175000,2007-03-29 09:30,48.31,48.53999,47.91,48.25999,766400
1175261400,2007-03-30 09:30,48.33,48.5,47.72,48.12,747700
1175520600,2007-04-02 09:30,47.95,47.95,47.36,47.50999,967900
1175607000,2007-04-03 09:30,47.8,48.23,47.78999,48,400500
1175693400,2007-04-04 09:30,47.97,47.97,47.53,47.53,1180600
1175779800,2007-04-05 09:30,47.50999,47.50999,47.33,47.50999,1058700
1176125400,2007-04-09 09:30,47.36,47.36,47.07001,47.2,1069400
1176211800,2007-04-10 09:30,47.09,47.3299,47.05,47.12,649700
1176298200,2007-04-11 09:30,47.14999,47.14999,46.57001,46.66,306100
1176384600,2007-04-12 09:30,46.66,46.7,46.23,46.57001,2536300
1176471000,2007-04-13 09:30,46.72,47.03999,46.64,46.97,633600
1176730200,2007-04-16 09:30,48.34,48.34,47.34,47.85001,954200
1176816600,2007-04-17 09:30,47.88,48.05,47.69,47.8,1254100
1176903000,2007-04-18 09:30,47.81,48.19,47.81,47.89,1978300
1176989400,2007-04-19 09:30,47.39999,47.69,47.2,47.52,932200
1177075800,2007-04-20 09:30,47.81,47.81,47.39,47.62,1541700
1177335000,2007-04-23 09:30,47.58,47.61,47.17999,47.24001,987700
1177421400,2007-04-24 09:30,47.27,47.35001,46.89999,47.14999,1299100
1177507800,2007-04-25 09:30,47.32001,47.49001,47.17999,47.39999,2299400
1177594200,2007-04-26 09:30,47.39999,47.61,47.2,47.53,1355900
1177680600,2007-04-27 09:30,47.45,47.48,47.25,47.33,255200
1177939800,2007-04-30 09:30,47.31,47.39,46.67999,47.14999,652330
1178026200,2007-05-01 09:30,46.8,47.03999,46.5,47,1519000
1178112600,2007-05-02 09:30,46.98,47.53999,46.94,47.25,763000
1178199000,2007-05-03 09:30,47.5,48.11,47.5,47.67999,807400
1178285400,2007-05-04 09:30,47.83,48.25999,47.83,48.13,1257100
1178544600,2007-05-07 09:30,48.21001,48.31,48.06,48.08,147800
1178631000,2007-05-08 09:30,47.92999,48.12,47.67,47.99001,2135800
1178717400,2007-05-09 09:30,47.87,48.46001,47.87,48.27,782200
1178803800,2007-05-10 09:30,48,48,47.31,47.36,932700
1178890200,2007-05-11 09:30,47.5,47.89999,47.5,47.88,65100
1179149400,2007-05-14 09:30,47.89,47.89,47.41,47.45,2392613
1179235800,2007-05-15 09:30,47.50999,47.72,47.12,47.14999,196000
1179322200,2007-05-16 09:30,47.25,47.47,47.07001,47.47,230200
1179408600,2007-05-17 09:30,47.39,47.41,47.19,47.3,496100
1179495000,2007-05-18 09:30,47.31,47.48,47.14,47.33,329800
1179754200,2007-05-21 09:30,47.28,47.74001,47.19,47.53999,716800
1179840600,2007-05-22 09:30,47.60001,48.05,47.5,47.85001,784500
1179927000,2007-05-23 09:30,47.74001,48.56,47.74001,47.86,1155800
1180013400,2007-05-24 09:30,47.8,48.09,47.3,47.38,1565107
1180099800,2007-05-25 09:30,47.45,47.45,47.17999,47.38,857300
1180445400,2007-05-29 09:30,47.57001,47.7,47.49001,47.64,872300
1180531800,2007-05-30 09:30,47.36,47.78,47.36,47.74001,267700
1180618200,2007-05-31 09:30,47.82001,47.89,47.5,47.58,667200
1180704600,2007-06-01 09:30,47.98,48.21001,47.97,48.17,932066
1180963800,2007-06-04 09:30,48.09,48.09,47.89999,48.09,241610
1181050200,2007-06-05 09:30,47.91,47.91,47.42,47.55,1195900
1181136600,2007-06-06 09:30,47.34,47.34,47.11,47.2,496200
1181223000,2007-06-07 09:30,47.11,47.11,46.53999,46.61,1163600
1181309400,2007-06-08 09:30,46.63,47.2,46.53999,47.14999,906100
1181568600,2007-06-11 09:30,47.06,47.31,46.88,47.14999,127100
1181655000,2007-06-12 09:30,47.03999,47.03999,46.46001,46.46001,621700
1181741400,2007-06-13 09:30,46.59,47.485,46.38,47.25,962600
1181827800,2007-06-14 09:30,46.96001,47.25999,46.87,46.88,1591500
1181914200,2007-06-15 09:30,46.86,47.39,46.81,46.94,1296300
1182173400,2007-06-18 09:30,46.95,47,46.64,46.88,228200
1182259800,2007-06-19 09:30,46.75,46.96001,46.60001,46.92999,1133700
1182346200,2007-06-20 09:30,46.89,46.89,46.28999,46.31,315200
1182432600,2007-06-21 09:30,46.17,46.3,45.83,46.10001,1035800
1182519000,2007-06-22 09:30,46.02,46.02,45.53999,45.61,750600
1182778200,2007-06-25 09:30,45.64999,46.10001,45.5,45.57001,448800
1182864600,2007-06-26 09:30,45.69,45.92999,45.50999,45.74001,1049640
1182951000,2007-06-27 09:30,45.75999,46.38,45.67,46.28999,1659700
1183037400,2007-06-28 09:30,46.28999,46.77,46.05,46.31,636200
1183123800,2007-06-29 09:30,46.3,46.53999,45.77,45.88,507100
1183383000,2007-07-02 09:30,46.2,47.31,46.12,46.22,247700
1183469400,2007-07-03 09:30,46.3,46.5,46.28,46.45,516100
1183642200,2007-07-05 09:30,46.47,46.47,46.13,46.28999,22100
1183728600,2007-07-06 09:30,46.25999,46.39999,46.10001,46.39,354600
1183987800,2007-07-09 09:30,46.34,46.34,45.89999,45.99001,714770
1184074200,2007-07-10 09:30,45.89,45.89,44.92999,44.94,681700
1184160600,2007-07-11 09:30,44.94,45.00999,44.64999,44.91,769000
1184247000,2007-07-12 09:30,45.17999,45.89999,45.17999,45.59,830800
1184333400,2007-07-13 09:30,45.66,45.87,45.62,45.77,270300
1184592600,2007-07-16 09:30,45.62,45.75999,45.37,45.44,276300
1184679000,2007-07-17 09:30,45.58,45.72,45.42999,45.42999,202600
1184765400,2007-07-18 09:30,45.24001,45.24001,44.14,44.50999,2686800
1184851800,2007-07-19 09:30,44.82001,45.13,44.55,44.8,3302900
1184938200,2007-07-20 09:30,44.66,44.67999,43.84,44.08,1049300
1185197400,2007-07-23 09:30,44.22,44.22,43.92,43.92,596200
1185283800,2007-07-24 09:30,43.5,43.5,42.5,42.67,1074900
1185370200,2007-07-25 09:30,43.08,43.35001,42.48,43,1694200
1185456600,2007-07-26 09:30,42.2,42.49001,41.57001,42.06,1455000
1185543000,2007-07-27 09:30,41.86,42.5,41.63,41.7,1036800
1185802200,2007-07-30 09:30,41.91,42.46001,41.39999,42.05,950200
1185888600,2007-07-31 09:30,42.75999,42.87,41.59,41.64,1763700
1185975000,2007-08-01 09:30,41.61,42.03,40.89999,41.84,1266200
1186061400,2007-08-02 09:30,42,42.53,41.82001,42.09,980200
1186147800,2007-08-03 09:30,42.10001,42.17,40.3,40.3,884600
1186407000,2007-08-06 09:30,40.63,42.19,39.94,41.89,2284100
1186493400,2007-08-07 09:30,41.88,43.31,41.88,42.75,3428100
1186579800,2007-08-08 09:30,42.89,44.98,42.89,44.17999,4311500
1186666200,2007-08-09 09:30,43.22,44.31,42.91,43.45,1644800
1186752600,2007-08-10 09:30,42.64,44.39,42.38,43.58,2019900
1187011800,2007-08-13 09:30,44.10001,44.42999,42.45,42.88,1375000
1187098200,2007-08-14 09:30,42.72,42.72,41.81,41.84,516600
1187184600,2007-08-15 09:30,41.83,43.36,41.48,41.86,1281800
1187271000,2007-08-16 09:30,41.82001,44.82001,41.82001,44.78999,6803199
1187357400,2007-08-17 09:30,46,47.16,45.8,46.34,2345100
1187616600,2007-08-20 09:30,46.39,46.56,44.99001,45.67,1889600
1187703000,2007-08-21 09:30,45.77,46.7,45.5,46.36,1969300
1187789400,2007-08-22 09:30,46.75999,47.10001,45.8,46.59,2459900
1187875800,2007-08-23 09:30,46.37,46.42999,45.2,45.31,1189700
1187962200,2007-08-24 09:30,45.33,45.8,44.38,45.8,3961400
1188221400,2007-08-27 09:30,45.38,45.39999,44.96001,45.13,1824650
1188307800,2007-08-28 09:30,44.53,44.53,43.81,43.89,896900
1188394200,2007-08-29 09:30,44.16,44.89999,43.78,44.72,1124800
1188480600,2007-08-30 09:30,44.25999,45.03999,44.10001,44.25,1330700
1188567000,2007-08-31 09:30,44.78999,45.02,44.25999,44.60001,1362800
1188912600,2007-09-04 09:30,44.67999,45.28,44.64,44.92,1701300
1188999000,2007-09-05 09:30,44.88,44.88,44,44.28,818600
1189085400,2007-09-06 09:30,44.3,44.85001,44.11,44.62,1308300
1189171800,2007-09-07 09:30,44.57001,44.57001,43.64999,43.81,1405400
1189431000,2007-09-10 09:30,43.98,44.14,42.89,43.48,563000
1189517400,2007-09-11 09:30,43.53999,44.21001,43.52,43.92,1002800
1189603800,2007-09-12 09:30,43.86,43.99001,43.53999,43.64999,348900
1189690200,2007-09-13 09:30,43.89999,44.24001,43.48,43.99001,243500
1189776600,2007-09-14 09:30,43.57001,44.31,43.45,44.31,1853700
1190035800,2007-09-17 09:30,43.92,44.34,43.87,44.19,156200
1190122200,2007-09-18 09:30,44.35001,49.00999,43.95,46.17999,1810900
1190208600,2007-09-19 09:30,46.61,47.17,46.44,46.67,4041500
1190295000,2007-09-20 09:30,46.64999,46.64999,45.59,45.89999,493600
1190381400,2007-09-21 09:30,45.66,45.67,45.16,45.25999,381200
1190640600,2007-09-24 09:30,45.24001,45.33,44.34,44.37,1067900
1190727000,2007-09-25 09:30,44.25999,44.35001,43.78,44.17999,1518200
1190813400,2007-09-26 09:30,44.22,44.87,44.09,44.42999,1352600
1190899800,2007-09-27 09:30,44.53999,44.7,44.39,44.64999,421700
1190986200,2007-09-28 09:30,44.62,44.62,43.75,44.03,1284200
1191245400,2007-10-01 09:30,43.99001,45.09,43.99001,45,940100
1191331800,2007-10-02 09:30,45.08,45.59,45.08,45.55,371000
1191418200,2007-10-03 09:30,45.41,45.64999,45.09,45.14,660400
1191504600,2007-10-04 09:30,45.36,45.7,45.36,45.45,204800
1191591000,2007-10-05 09:30,45.89,46.11,45.50999,45.84,698600
1191850200,2007-10-08 09:30,45.75999,46.23,45.6075,45.66,279500
1191936600,2007-10-09 09:30,45.66,45.88,45.35001,45.87,413000
1192023000,2007-10-10 09:30,45.75,45.75,45.2001,45.27,1187200
1192109400,2007-10-11 09:30,45.39999,45.7699,44.9315,45.22,717300
1192195800,2007-10-12 09:30,45.16,45.37,44.56,45.03999,1190700
1192455000,2007-10-15 09:30,44.57001,44.63,43.39999,43.66,1640400
1192541400,2007-10-16 09:30,43.66,43.66,42.53,42.67999,2015600
1192627800,2007-10-17 09:30,43.06,43.17999,41.60001,42.16,3076800
1192714200,2007-10-18 09:30,41.78,41.78,40.96001,41.57001,2645100
1192800600,2007-10-19 09:30,41.41,41.41,40.39,40.39,1668500
1193059800,2007-10-22 09:30,40.21001,41.35001,39.95,40.98,5975246
1193146200,2007-10-23 09:30,41.34,41.34,40.55,41.2,1024300
1193232600,2007-10-24 09:30,40.96001,40.96001,39.58099,40.55,2120100
1193319000,2007-10-25 09:30,40.75,41.42,40.35001,40.97,1521000
1193405400,2007-10-26 09:30,40.39,42.39,40.39,42.25999,2113601
1193664600,2007-10-29 09:30,42.23,42.47,41.75,41.99001,1712800
1193751000,2007-10-30 09:30,41.86,41.88,41.28,41.85001,2366571
1193837400,2007-10-31 09:30,41.92999,42.3999,41.12,42.10001,3178236
1193923800,2007-11-01 09:30,42.11,42.11,39.52,39.66,1382975
1194010200,2007-11-02 09:30,40.24001,40.24001,38.10001,38.42999,2836100
1194273000,2007-11-05 09:30,36.14,38.59,36.14,38.25,1569041
1194359400,2007-11-06 09:30,38.56,39.11,37.82001,39.11,1255810
1194445800,2007-11-07 09:30,39.08,39.08,37.06,37.10001,1865699
1194532200,2007-11-08 09:30,37.53,38.58,36.84,38.32001,3284830
1194618600,2007-11-09 09:30,38,39.75999,37.36,39.19,3238438
1194877800,2007-11-12 09:30,39.89999,40.47,39.13,39.39999,1997096
1194964200,2007-11-13 09:30,40.12,41.28999,39.87,41.08,2119095
1195050600,2007-11-14 09:30,41.72,41.78999,40.17,40.44,2124212
1195137000,2007-11-15 09:30,40.37,40.37,38.82001,39.11,3344043
1195223400,2007-11-16 09:30,39.5,39.5,38.25,38.8,2969482
1195482600,2007-11-19 09:30,38.55,38.55,37.27,37.69,3764180
1195569000,2007-11-20 09:30,37.73,38.23,36.48,37.66,2176186
1195655400,2007-11-21 09:30,37.56,38.42,37.03999,37.67,3276094
1195828200,2007-11-23 09:30,37.8,39.28999,37.8,38.72,1081697
1196087400,2007-11-26 09:30,39.11,39.11,36.78,36.85001,1595014
1196173800,2007-11-27 09:30,36.91,38.03999,36.91,37.59,3763050
1196260200,2007-11-28 09:30,38.19,39.8,38,39.8,2195557
1196346600,2007-11-29 09:30,40,40,38.82001,39.19,1414860
1196433000,2007-11-30 09:30,40.28,40.94,39.71001,40.06,3156350
1196692200,2007-12-03 09:30,39.63,40.39,39.25,39.47,1838410
1196778600,2007-12-04 09:30,39.56,39.56,38.59,39.00999,696716
1196865000,2007-12-05 09:30,39.67999,39.89,39.14999,39.81,1291330
1196951400,2007-12-06 09:30,40.03999,41.38,39.64,41.25999,3609825
1197037800,2007-12-07 09:30,41.5,41.50999,40.66,40.83,834898
1197297000,2007-12-10 09:30,40.81,41.83,40.77,41.61,1436800
1197383400,2007-12-11 09:30,41.92999,41.92999,39.13,39.2,2048684
1197469800,2007-12-12 09:30,40.50999,40.54601,38.14,38.67,1966278
1197556200,2007-12-13 09:30,38.25999,38.57001,37.60001,38.39999,1484920
1197642600,2007-12-14 09:30,38.05,38.42,37.38,37.41,1239575
1197901800,2007-12-17 09:30,37.13,37.91,37.03,37.13,1430153
1197988200,2007-12-18 09:30,37.47,38.33,36.89999,38.08,2537887
1198074600,2007-12-19 09:30,38.08,38.3399,37.33,37.88,1335898
1198161000,2007-12-20 09:30,37.98,38.21001,37.12,37.7,1808101
1198247400,2007-12-21 09:30,37.62,38.47,37.17999,38.34,1447320
1198506600,2007-12-24 09:30,38.49001,38.89,38.47,38.74001,2588573
1198679400,2007-12-26 09:30,38.60001,38.96001,38.33,38.84,936910
1198765800,2007-12-27 09:30,38.37,38.68201,37.37,37.55,1705550
1198852200,2007-12-28 09:30,37.86,37.86,36.81,36.86,860521
1199111400,2007-12-31 09:30,36.75,37.55,36.5,37.08,1376311
1199284200,2008-01-02 09:30,37.22,37.22,35.845,36.2,1442639
1199370600,2008-01-03 09:30,36.14,36.58,35.10001,35.64999,3384125
1199457000,2008-01-04 09:30,35,35,33.98,34.16991,3214720
1199716200,2008-01-07 09:30,34.33,35.46001,34,34.67,2696193
1199802600,2008-01-08 09:30,34.95,35.14,33.138,33.2,1507277
1199889000,2008-01-09 09:30,33.00999,33.47,32.05,33.45,3146821
1199975400,2008-01-10 09:30,32.75999,34.64,31.75,33.96001,3891073
1200061800,2008-01-11 09:30,33.8,34.42999,33.21001,33.53999,4306676
1200321000,2008-01-14 09:30,33.75999,33.95,32.89999,33.42999,1797440
1200407400,2008-01-15 09:30,33,33.05,32.17,32.71001,1421971
1200493800,2008-01-16 09:30,32.89999,34.07001,32.50999,33.49001,4126938
1200580200,2008-01-17 09:30,33.60001,33.60001,32.2,32.28999,1845150
1200666600,2008-01-18 09:30,32.42,32.77,31.28999,31.82001,1711097
1201012200,2008-01-22 09:30,30.5,33.89,30.25,32.94,3423285
1201098600,2008-01-23 09:30,32.50999,36.21001,31.92,35.92,5010590
1201185000,2008-01-24 09:30,36.27,36.86,35.62,36.5,6385012
1201271400,2008-01-25 09:30,36.75999,37.03999,35.48,35.64999,4161887
1201530600,2008-01-28 09:30,35.71001,37.08,34.89,37.03999,5021879
1201617000,2008-01-29 09:30,37.28999,37.64,36.09,37.61,2784214
1201703400,2008-01-30 09:30,37.67999,40.5,37.11,37.23,4645527
1201789800,2008-01-31 09:30,36.63,39,35.99001,38.73,6786660
1201876200,2008-02-01 09:30,38.83,39.71001,38.67999,39.62,4297547
1202135400,2008-02-04 09:30,39.60001,39.60001,38.22,38.41,2884818
1202221800,2008-02-05 09:30,37.64,38.44,36.92,36.96001,5353477
1202308200,2008-02-06 09:30,37.32001,37.86,36.47,36.77,3095039
1202394600,2008-02-07 09:30,36.42999,38.08,36.4101,37.64,2768776
1202481000,2008-02-08 09:30,37.46001,38.02,36.42,37.35001,3614013
1202740200,2008-02-11 09:30,37.12,37.14,36.36,36.46001,1470946
1202826600,2008-02-12 09:30,36.87,37.52,36.50999,37.09,3026456
1202913000,2008-02-13 09:30,37.28999,37.45,36.3401,37.21001,1350318
1202999400,2008-02-14 09:30,37.2,37.2,36.00999,36.19,1576585
1203085800,2008-02-15 09:30,36,36.25,35.5,36.14999,2752524
1203431400,2008-02-19 09:30,36.92999,36.92999,35.42,35.49001,3579289
1203517800,2008-02-20 09:30,35,36.7,34.92,36.59,2713438
1203604200,2008-02-21 09:30,37.07001,37.07001,35.48,35.86,1210274
1203690600,2008-02-22 09:30,35.60001,35.97,34.73,35.95,2610895
1203949800,2008-02-25 09:30,35.96001,36.59,35.23,36.4599,2999204
1204036200,2008-02-26 09:30,36.35001,37.19,36.24001,36.7,2561822
1204122600,2008-02-27 09:30,36.17,37.14999,36.07001,36.7,2794773
1204209000,2008-02-28 09:30,36.42999,36.42999,35.22,35.22,1825930
1204295400,2008-02-29 09:30,34.92999,34.98,33.75,34.25,3674224
1204554600,2008-03-03 09:30,34.16,34.16,33.23,33.50999,3566324
1204641000,2008-03-04 09:30,33.11,33.53,32.25999,33.22,3065683
1204727400,2008-03-05 09:30,33.56,33.89999,32.78999,33.03,3350330
1204813800,2008-03-06 09:30,32.99001,32.99001,32.00999,32.03,2563267
1204900200,2008-03-07 09:30,31.94,33.17999,31.58,32.64999,2695146
1205155800,2008-03-10 09:30,32.45,33.10001,32.11,32.5,4031950
1205242200,2008-03-11 09:30,33.08,35.23,33.08,35,6880484
1205328600,2008-03-12 09:30,35.42,36.28999,34.25,34.39999,5469340
1205415000,2008-03-13 09:30,33.99001,35.34,33.2,35.03999,3742792
1205501400,2008-03-14 09:30,35.64,35.82001,33.94,34.53999,5785223
1205760600,2008-03-17 09:30,33.35001,34.71001,33.10001,34.28999,5862121
1205847000,2008-03-18 09:30,35.34,35.714,34.11,35.7,5648055
1205933400,2008-03-19 09:30,36.06,36.42,35.17,35.17,7228383
1206019800,2008-03-20 09:30,35.10001,36.92,34.28999,36.82001,3469899
1206365400,2008-03-24 09:30,37.45,38.41,37.09,37.49001,6164980
1206451800,2008-03-25 09:30,37.78999,37.8,36.59,37.75,3558337
1206538200,2008-03-26 09:30,37.46001,37.69,36.17,36.8,2452380
1206624600,2008-03-27 09:30,36.86,36.86,35.56,35.74001,2773310
1206711000,2008-03-28 09:30,35.46001,35.97,34.58,34.66,3465358
1206970200,2008-03-31 09:30,34.87,35.8,34.61,35.14,1711856
1207056600,2008-04-01 09:30,35.75,36.8,35.64999,36.77991,4066181
1207143000,2008-04-02 09:30,37.03,37.39999,36.14999,36.97,3054228
1207229400,2008-04-03 09:30,36.77,36.78,36.03999,36.58,2381493
1207315800,2008-04-04 09:30,36.52,36.52,35.42,35.55,3781422
1207575000,2008-04-07 09:30,35.52,36.03999,35.14,35.5,3667443
1207661400,2008-04-08 09:30,35.33,35.44,34.73,35.14,3134081
1207747800,2008-04-09 09:30,35.19,35.39999,33.5,34,6445531
1207834200,2008-04-10 09:30,33.83,34.67999,33.34,34.03,5242777
1207920600,2008-04-11 09:30,33.89,34.25999,33.42,33.45,4035821
1208179800,2008-04-14 09:30,33.49001,33.49001,32.39,32.5,2556815
1208266200,2008-04-15 09:30,32.64999,33.46001,32.58,33.37,3736638
1208352600,2008-04-16 09:30,33.89,34.99001,33.83,34.99001,3553778
1208439000,2008-04-17 09:30,34.59,35.32001,34.15401,35.21001,3582160
1208525400,2008-04-18 09:30,35.72,36.10001,35.31,35.38,4362484
1208784600,2008-04-21 09:30,35.38,35.38,34.14999,34.16,4511902
1208871000,2008-04-22 09:30,34,34.25999,33.3,33.84,4185070
1208957400,2008-04-23 09:30,33.89,34.07001,32.92999,33.03999,3394275
1209043800,2008-04-24 09:30,33.03999,34.56,32.85001,34.56,2516576
1209130200,2008-04-25 09:30,34.92,34.95,33.77,34.8,1522800
1209389400,2008-04-28 09:30,34.73,35.44,34.42,35.41,1603522
1209475800,2008-04-29 09:30,35.2,35.27,34.92,35.16,1204633
1209562200,2008-04-30 09:30,35.05,35.37,34.31,34.42999,1505226
1209648600,2008-05-01 09:30,34.46001,36.17999,34.36,35.95,2801294
1209735000,2008-05-02 09:30,36.25,36.74001,35.36,35.47,2544004
1209994200,2008-05-05 09:30,35.55,35.55,34.84,35.14999,1081291
1210080600,2008-05-06 09:30,34.91,35.45,34.17999,35.2,3285905
1210167000,2008-05-07 09:30,35.3,35.36,34.02,34.06,2565987
1210253400,2008-05-08 09:30,34.22,34.28999,33.53999,33.60001,3425655
1210339800,2008-05-09 09:30,33.27,33.96001,33.17,33.37,5769281
1210599000,2008-05-12 09:30,33.39999,34.56,33.39999,34.45,2010246
1210685400,2008-05-13 09:30,34.39999,34.56,33.94,34.25999,1372355
1210771800,2008-05-14 09:30,34.22,34.53999,34.00999,34.13,972899
1210858200,2008-05-15 09:30,34.13,34.41,33.57001,34.41,1299730
1210944600,2008-05-16 09:30,34.36,34.44,33.39,33.78,1924311
1211203800,2008-05-19 09:30,33.78999,34.02,33.37,33.42999,2309104
1211290200,2008-05-20 09:30,33.3,33.32001,32.89999,33.08,1466046
1211376600,2008-05-21 09:30,33.08,33.50999,32.59,32.75,4731121
1211463000,2008-05-22 09:30,32.64,33.5,32.62,33.13,3170377
1211549400,2008-05-23 09:30,32.91,33.03999,32.56,32.72,1650654
1211895000,2008-05-27 09:30,32.87,33.35001,32.58,33.25,593762
1211981400,2008-05-28 09:30,33.33,33.35001,32.3,32.50999,3833962
1212067800,2008-05-29 09:30,32.50999,33.48,32.50999,33.42,1173773
1212154200,2008-05-30 09:30,33.50999,33.50999,32.72,33.02,1411172
1212413400,2008-06-02 09:30,33.03,33.03999,32.11,32.48,929282
1212499800,2008-06-03 09:30,32.7,32.71001,31.94,32.28,1758156
1212586200,2008-06-04 09:30,32.10001,32.62,31.88,32.03999,2348015
1212672600,2008-06-05 09:30,32.31,32.77,32.12,32.44,1332833
1212759000,2008-06-06 09:30,32.25,32.33,31.12,31.2,2792117
1213018200,2008-06-09 09:30,31.09,31.55,30.14999,30.56,3664609
1213104600,2008-06-10 09:30,30.28999,31.22,30.28,30.86,2893624
1213191000,2008-06-11 09:30,30.7,30.86,29.7,29.7,2454456
1213277400,2008-06-12 09:30,29.86,30.87,29.38,29.64,5278168
1213363800,2008-06-13 09:30,29.74001,30.05,28.27,29.07001,13588754
1213623000,2008-06-16 09:30,28.50999,29.99001,28.23,29.78,4420660
1213709400,2008-06-17 09:30,29.87,30.24001,28.85201,29.02,8400648
1213795800,2008-06-18 09:30,28.89,28.89,27.8,28.17999,3617268
1213882200,2008-06-19 09:30,28.17999,28.89,27.67999,28.62,8446461
1213968600,2008-06-20 09:30,28.39999,29.25,27.96001,28.47,6136039
1214227800,2008-06-23 09:30,28.07001,28.73,27.37,27.37,3164732
1214314200,2008-06-24 09:30,27.17999,28.22,26.91,27.94,5822152
1214400600,2008-06-25 09:30,27.92999,29.4501,27.77,28.2,8045164
1214487000,2008-06-26 09:30,27.57001,28.41,27.56,27.86,3900445
1214573400,2008-06-27 09:30,27.71001,28.32001,27.4108,27.75,6306023
1214832600,2008-06-30 09:30,27.46001,27.586,26.5,26.63,4739930
1214919000,2008-07-01 09:30,26.24001,27.25,26,27.02,6646957
1215005400,2008-07-02 09:30,26.95,27.95,26.49001,26.56,7077887
1215091800,2008-07-03 09:30,26.60001,27,25.39999,25.39999,3079663
1215437400,2008-07-07 09:30,25.74001,25.94,23.89999,24.41,6326027
1215523800,2008-07-08 09:30,24.98,26.53999,24.32001,26.28,4970340
1215610200,2008-07-09 09:30,26.44,27.03,25.21001,25.21001,6011367
1215696600,2008-07-10 09:30,25.09,26.41,24.85001,25.5,7716238
1215783000,2008-07-11 09:30,25.25,26.2,24.50999,25.45,5011820
1216042200,2008-07-14 09:30,25.81,26,23.17,23.35001,6230664
1216128600,2008-07-15 09:30,23.00999,24.19,21.71001,22.8,7739879
1216215000,2008-07-16 09:30,23.23,26.17,23.14999,25.64999,8139406
1216301400,2008-07-17 09:30,26.94,29.23,26.38,28.33,12488605
1216387800,2008-07-18 09:30,29.03,29.14999,27.782,28.7,5156125
1216647000,2008-07-21 09:30,29.02,29.67999,28.34,28.39999,5991422
1216733400,2008-07-22 09:30,28.14,30.19,26.81,30.05,10602715
1216819800,2008-07-23 09:30,29.92999,31.91,29.89,30.55,13697316
1216906200,2008-07-24 09:30,30.48,31.18401,28.47,29.39999,10137453
1216992600,2008-07-25 09:30,29.28,29.66,28.38,28.39,6009414
1217251800,2008-07-28 09:30,28.61,29.17999,27.715,27.89999,6354574
1217338200,2008-07-29 09:30,27.78999,30.42999,27.78999,30.13,9423477
1217424600,2008-07-30 09:30,30.95,31.39999,29.75999,30.7,6083535
1217511000,2008-07-31 09:30,29.89,30.77,29.83,30.27,3195183
1217597400,2008-08-01 09:30,30.64,31.21001,29.78,30.92,3033769
1217856600,2008-08-04 09:30,30.59,31.42,29.98,30.7,3458462
1217943000,2008-08-05 09:30,30.8,32.44,30.8,32.09,5208488
1218029400,2008-08-06 09:30,32.25,32.62,31.25999,32.38,4296590
1218115800,2008-08-07 09:30,32.10001,32.94,31.21001,31.5,5553422
1218202200,2008-08-08 09:30,31.75,33.10001,31.33,32.83,4467848
1218461400,2008-08-11 09:30,33.13,35.08,32.66991,34.81,5835555
1218547800,2008-08-12 09:30,35.03999,35.03999,33.16,33.60001,6357488
1218634200,2008-08-13 09:30,33.24001,33.24001,31.50999,32.28,5923273
1218720600,2008-08-14 09:30,31.62,32.81,31.62,32.71001,5533695
1218807000,2008-08-15 09:30,33.10001,34.48,32.85001,33.50999,3369061
1219066200,2008-08-18 09:30,33.82001,33.82001,32.03,32.66,5552250
1219152600,2008-08-19 09:30,32.06,32.06,30.91,31.53,6826957
1219239000,2008-08-20 09:30,31.48,31.48,30.12,30.95,7513477
1219325400,2008-08-21 09:30,30.5,30.88,30.16,30.5466,4445238
1219411800,2008-08-22 09:30,30.96001,31.64,30.545,31.50999,3131078
1219671000,2008-08-25 09:30,31.09,31.28,30.32001,30.39999,1758833
1219757400,2008-08-26 09:30,30.56,30.89999,29.83,30.60001,3457115
1219843800,2008-08-27 09:30,30.49001,31.46001,30.34,30.92999,2570914
1219930200,2008-08-28 09:30,31.14999,32.25,31.06,32.02,3030634
1220016600,2008-08-29 09:30,31.60001,32.58,31.60001,32.10001,2882542
1220362200,2008-09-02 09:30,32.73,33.42999,32.345,32.81,4465422
1220448600,2008-09-03 09:30,32.72,34.14999,32.39,34.14999,4751047
1220535000,2008-09-04 09:30,34,34,32.49001,32.53,5071332
1220621400,2008-09-05 09:30,32.17999,34.05,31.935,33.85001,8715895
1220880600,2008-09-08 09:30,36.89999,37.39999,34.56,35.98,13506746
1220967000,2008-09-09 09:30,35.89999,36.36,34.82001,34.94,8013223
1221053400,2008-09-10 09:30,35.09,35.32001,33.32001,34.78,7767992
1221139800,2008-09-11 09:30,33.84,35.37,33.48,35.36,10985707
1221226200,2008-09-12 09:30,34.96001,37.3,34.59,36.39999,5913820
1221485400,2008-09-15 09:30,33.82001,36.14,33.78,35.00999,9242750
1221571800,2008-09-16 09:30,33.71001,37.2,33.67999,36.8,13079832
1221658200,2008-09-17 09:30,35.62,36.97,34.6301,35.3,12503301
1221744600,2008-09-18 09:30,36.00999,42.44,35.14999,41.36,19210512
1221831000,2008-09-19 09:30,49.58,49.58,39.10001,41.32001,15665723
1222090200,2008-09-22 09:30,43.36,43.5,37.39999,38.94,6427703
1222176600,2008-09-23 09:30,39.31,39.31,37.23,37.66,4521590
1222263000,2008-09-24 09:30,38.69,38.85001,36.91,38.85001,4716039
1222349400,2008-09-25 09:30,39,39.09,37.2,37.2,4289492
1222435800,2008-09-26 09:30,36.58,37.5,35.38,37.00999,4861031
1222695000,2008-09-29 09:30,37,37,32.36,35,4815230
1222781400,2008-09-30 09:30,34.2,36.10001,34.2,35.5,4711086
1222867800,2008-10-01 09:30,35.94,37.50999,34.82001,37.27,3843106
1222954200,2008-10-02 09:30,37.28,37.6095,36.49001,36.85001,2782179
1223040600,2008-10-03 09:30,37.75,38.5,35.14999,35.14999,2894604
1223299800,2008-10-06 09:30,34.03,35.22,32.60001,34.69,5570449
1223386200,2008-10-07 09:30,34.47,36.75,31.86,32.07001,4830098
1223472600,2008-10-08 09:30,31.12,32.6299,30.62,31.31,3415349
1223559000,2008-10-09 09:30,31.14,33,26.85001,27.05,8951523
1223645400,2008-10-10 09:30,24.89999,30.47,24.89999,28.2,12135223
1223904600,2008-10-13 09:30,30.2,32.56,29.37,32.56,3846105
1223991000,2008-10-14 09:30,33.7,36.45,31.71001,33.60001,7551008
1224077400,2008-10-15 09:30,33,33.95,31.00999,31.00999,6541141
1224163800,2008-10-16 09:30,31.53,33.58,30.3,33.21001,4459594
1224250200,2008-10-17 09:30,32.87,34.12,31.83,31.83,4254977
1224509400,2008-10-20 09:30,32.99001,33.45,32.474,33.17,3014921
1224595800,2008-10-21 09:30,32.69,33.03,31.87,31.97,2623547
1224682200,2008-10-22 09:30,31.32001,31.42999,29.61,30.02,4522449
1224768600,2008-10-23 09:30,30.03,30.17,26.88,28.8,8550129
1224855000,2008-10-24 09:30,26.5,28.7,26.49001,27.5,4929543
1225114200,2008-10-27 09:30,26.84,28.92999,26.84,27.25,3442206
1225200600,2008-10-28 09:30,28.33,30.7,26.7,30.05,3326413
1225287000,2008-10-29 09:30,30.03999,31.05,29.14999,29.75999,3627921
1225373400,2008-10-30 09:30,31.27,31.27,29.92,31.25,1853958
1225459800,2008-10-31 09:30,31.28999,32.89999,30.77,32.89999,2213229
1225722600,2008-11-03 09:30,32.77,33.17,31.69,32.95,2362713
1225809000,2008-11-04 09:30,33.67999,34.2,33.22,34.2,5341777
1225895400,2008-11-05 09:30,34.03999,34.03999,30,31.13,2298942
1225981800,2008-11-06 09:30,30.62,31.78,29.96001,30.2,5068762
1226068200,2008-11-07 09:30,30.14,30.58,29.45,30.42999,3602109
1226327400,2008-11-10 09:30,30.78,31.31,29.46001,29.78999,2624115
1226413800,2008-11-11 09:30,29.3,30.44,29.3,29.75999,2908912
1226500200,2008-11-12 09:30,29.08,29.58,27.66,27.86,5410008
1226586600,2008-11-13 09:30,27.71001,30.38,26.38,30.24001,3230797
1226673000,2008-11-14 09:30,29.92,30.57001,28.42999,28.53,3699228
1226932200,2008-11-17 09:30,28.47,28.85001,27.81,28.09,1932694
1227018600,2008-11-18 09:30,28.44,28.69,26.49001,27.84,3553686
1227105000,2008-11-19 09:30,27.52,28.22,25.60001,25.7,4442645
1227191400,2008-11-20 09:30,25.55,26.36,24.16,24.32001,6057438
1227277800,2008-11-21 09:30,25.37,25.61,22.89999,25.5,6567988
1227537000,2008-11-24 09:30,26.02,28.77,25.47,28.28999,7350629
1227623400,2008-11-25 09:30,28.66,29,27.03,28.77,3251217
1227709800,2008-11-26 09:30,28.07001,29.36,27.91,29.21001,3296789
1227882600,2008-11-28 09:30,28.94,29.66,28.64999,29.66,825541
1228141800,2008-12-01 09:30,29.37,29.37,24.71001,24.8,4681465
1228228200,2008-12-02 09:30,25.64999,26.92999,25.02,26.87,4836629
1228314600,2008-12-03 09:30,26.39999,28,26.048,27.82001,3204890
1228401000,2008-12-04 09:30,27.32001,28.67999,26.75999,27.3,4160859
1228487400,2008-12-05 09:30,26.71001,28.78999,25.85001,28.7,5815086
1228746600,2008-12-08 09:30,29.5,29.50999,28.67,29.2,2105613
1228833000,2008-12-09 09:30,29.12,29.47,27.49001,27.67999,3084092
1228919400,2008-12-10 09:30,27.98,28.39999,27.17,27.83,2842906
1229005800,2008-12-11 09:30,27.50999,27.73,25.84,25.97,2142424
1229092200,2008-12-12 09:30,25.39999,27.13,25.39999,27.07001,2749777
1229351400,2008-12-15 09:30,27.07001,27.07001,25.53999,26.3,3290919
1229437800,2008-12-16 09:30,26.66,28.39,26.6366,28.17,2985471
1229524200,2008-12-17 09:30,28.35001,28.62,27.7751,28.17999,4527781
1229610600,2008-12-18 09:30,28.25999,28.63,27.48,27.73,2802362
1229697000,2008-12-19 09:30,27.69,28.25,27.09,27.41,1780511
1229956200,2008-12-22 09:30,27.28999,27.55,26.42999,27.05,1527886
1230042600,2008-12-23 09:30,27.35001,27.42,26.63,26.71001,1629921
1230129000,2008-12-24 09:30,26.60001,27.21001,26.57001,27.21001,544131
1230301800,2008-12-26 09:30,27.35001,27.53,27.07001,27.53,392617
1230561000,2008-12-29 09:30,27.61,27.61,26.78999,27.16,659948
1230647400,2008-12-30 09:30,27.39,28.21001,27.32001,28.19,1194307
1230733800,2008-12-31 09:30,28.49001,29.36,28.00999,29.16,1754426
1230906600,2009-01-02 09:30,29.23,29.34,28.47,29.12,948111
1231165800,2009-01-05 09:30,29.31,29.31,27.73,27.88,2710149
1231252200,2009-01-06 09:30,28.00999,28.14999,27.60001,27.94,1670660
1231338600,2009-01-07 09:30,27.55,27.55,26.39999,26.53999,1395058
1231425000,2009-01-08 09:30,26.57001,26.96001,26.17,26.42,1334247
1231511400,2009-01-09 09:30,26.41,26.50999,25.05,25.12,2909910
1231770600,2009-01-12 09:30,24.99001,25.11,24.06,24.25,3310721
1231857000,2009-01-13 09:30,24.02,24.75999,23.94,24.71001,2414476
1231943400,2009-01-14 09:30,24.35001,24.535,23.23,23.24001,3199236
1232029800,2009-01-15 09:30,23.17999,23.39999,21.87,22.71001,5480090
1232116200,2009-01-16 09:30,22.96001,23.25999,21.71001,22.63,3081652
1232461800,2009-01-20 09:30,22.23,22.26199,20.25999,20.25999,3446740
1232548200,2009-01-21 09:30,20.84,21.7,19.97749,21.67999,5221574
1232634600,2009-01-22 09:30,21.49001,21.49001,19.92,20.28,3683352
1232721000,2009-01-23 09:30,19.69,20.86,19.46001,20.78,4675309
1232980200,2009-01-26 09:30,20.87,21.53999,20.23,20.46001,4432391
1233066600,2009-01-27 09:30,20.55,21.05,20.37,20.99001,3684315
1233153000,2009-01-28 09:30,21.92,22.82001,21.81,22.7,7175566
1233239400,2009-01-29 09:30,22.28,22.46001,21.42,21.44,3219242
1233325800,2009-01-30 09:30,21.71001,21.94,20.62,20.74001,2994536
1233585000,2009-02-02 09:30,20.45,20.81,20.27,20.8,2137689
1233671400,2009-02-03 09:30,20.98,20.98,19.86,20.3,2091245
1233757800,2009-02-04 09:30,20.31,21.06,20.27,20.34,2521591
1233844200,2009-02-05 09:30,20.24001,21.222,19.72,20.69,3929258
1233930600,2009-02-06 09:30,20.87,22.49001,20.73,22.36,5484469
1234189800,2009-02-09 09:30,22.39,22.92,22.17,22.42999,2883614
1234276200,2009-02-10 09:30,22.31,22.58,20.42999,20.44,5273387
1234362600,2009-02-11 09:30,20.60001,21.37,20.39,21,5494430
1234449000,2009-02-12 09:30,20.50999,20.78,19.64999,20.7,4683813
1234535400,2009-02-13 09:30,20.67999,20.74001,19.86,19.87,4299066
1234881000,2009-02-17 09:30,19.25,19.37,18.67999,18.67999,5014668
1234967400,2009-02-18 09:30,18.95,19.06,18.16,18.38,3132514
1235053800,2009-02-19 09:30,18.5,18.72,17.34,17.34,3038784
1235140200,2009-02-20 09:30,17.11,17.59,16.42999,17.39999,6085988
1235399400,2009-02-23 09:30,17.44,18,16.94,16.96001,3619222
1235485800,2009-02-24 09:30,17.09,18.12,16.8,18.10001,4062320
1235572200,2009-02-25 09:30,18,18.86,17.17999,18.25,6754156
1235658600,2009-02-26 09:30,18.58,19.75999,18.5,18.78999,7477762
1235745000,2009-02-27 09:30,18.34,18.99001,18.00999,18.2,3594329
1236004200,2009-03-02 09:30,17.71001,18,17.32001,17.38,3926279
1236090600,2009-03-03 09:30,17.78999,17.83,16.46001,16.57001,3735196
1236177000,2009-03-04 09:30,16.91,16.99001,16.03,16.39999,3904003
1236263400,2009-03-05 09:30,16.03,16.2,14.89,15,3241643
1236349800,2009-03-06 09:30,15.23,15.59,14.42,14.86,6352109
1236605400,2009-03-09 09:30,14.89,15.35,14.65,14.68,3569317
1236691800,2009-03-10 09:30,15.04,16.73,15,16.71001,7342699
1236778200,2009-03-11 09:30,17.2,17.67,16.61,16.66,6518105
1236864600,2009-03-12 09:30,16.62,18.52,16.39,18.45,6943992
1236951000,2009-03-13 09:30,18.60001,18.75999,18.02,18.10001,6920441
1237210200,2009-03-16 09:30,18.46001,19.17,18.12,18.12,6179469
1237296600,2009-03-17 09:30,17.91,19.06,17.91,19.06,4614340
1237383000,2009-03-18 09:30,18.83,20.45,18.71001,20.28999,5184867
1237469400,2009-03-19 09:30,20.99001,20.99001,19.28,19.34,5098313
1237555800,2009-03-20 09:30,19.67,19.67,18.55,18.56,2933874
1237815000,2009-03-23 09:30,19.91,21.06,19.36,21.03999,6367008
1237901400,2009-03-24 09:30,20.8,20.95,19.39999,19.39999,4736320
1237987800,2009-03-25 09:30,19.61,20.5766,18.72099,19.95,5507695
1238074200,2009-03-26 09:30,20.09,20.5,19.69,20.45,2753551
1238160600,2009-03-27 09:30,20.19,20.47,19.60001,19.60001,3670280
1238419800,2009-03-30 09:30,19.10001,19.10001,18.42999,18.52,3261843
1238506200,2009-03-31 09:30,18.69,19.73,18.63,19.22,3461250
1238592600,2009-04-01 09:30,19.16,20,18.6422,19.87,4221148
1238679000,2009-04-02 09:30,20.52,20.78,20.23,20.53999,3299489
1238765400,2009-04-03 09:30,20.61,20.92999,20.14999,20.92,2052698
1239024600,2009-04-06 09:30,20.62,20.62,19.94,20.25,1552878
1239111000,2009-04-07 09:30,19.83,20.2011,19.58,19.60001,2677919
1239197400,2009-04-08 09:30,19.69,19.8298,19,19.48,2672349
1239283800,2009-04-09 09:30,20.17,21.74001,20.17,21.69,3873045
1239629400,2009-04-13 09:30,21.33,22.88,21.12,22.81,6204688
1239715800,2009-04-14 09:30,22.49001,22.64999,20.75999,20.85001,3559773
1239802200,2009-04-15 09:30,20.59,21.45,19.94,21.34,4549914
1239888600,2009-04-16 09:30,21.83,22.13,20.60001,21.73,4280055
1239975000,2009-04-17 09:30,21.99001,22.89,21.36,22.41,5033816
1240234200,2009-04-20 09:30,21.5,21.73,20.06,20.06,4930914
1240320600,2009-04-21 09:30,19.37,21.31,18.89,21.2,6547711
1240407000,2009-04-22 09:30,20.53,21.85001,20.38,20.46001,7281730
1240493400,2009-04-23 09:30,20.42999,20.84,19.71001,20.27,5467570
1240579800,2009-04-24 09:30,20.44,21.84,20.38,21.3,8448715
1240839000,2009-04-27 09:30,21.05,21.28,20.23,20.42,5789477
1240925400,2009-04-28 09:30,19.91,20.94,19.91,20.42,2803119
1241011800,2009-04-29 09:30,20.42999,21.56,20.42999,21.55,3429743
1241098200,2009-04-30 09:30,22.11,22.12,20.80009,20.86,4093949
1241184600,2009-05-01 09:30,20.92,21.24001,20.22,20.37,4040581
1241443800,2009-05-04 09:30,20.67,22.22,20.53,22.17999,5565055
1241530200,2009-05-05 09:30,22.09,22.16,21.35001,21.71001,2168658
1241616600,2009-05-06 09:30,22,23.02,21.78,22.94,6480516
1241703000,2009-05-07 09:30,23.48,23.57001,21.92999,22.21001,7674496
1241789400,2009-05-08 09:30,22.23,23.95,22.23,23.81,7465059
1242048600,2009-05-11 09:30,23.25999,23.62,22.95,23.07001,5875152
1242135000,2009-05-12 09:30,22.78,23.53999,21.60001,22.19,6575609
1242221400,2009-05-13 09:30,21.66,21.74001,20.75999,20.75999,4699477
1242307800,2009-05-14 09:30,20.57001,21.31,20.49001,21.09,3165937
1242394200,2009-05-15 09:30,21.02,21.14,20.38,20.56,2401939
1242653400,2009-05-18 09:30,20.86,21.91,20.86,21.78999,1957853
1242739800,2009-05-19 09:30,21.66,21.77,20.67,20.74001,7083938
1242826200,2009-05-20 09:30,21.00999,21.28,19.69,19.8,12903094
1242912600,2009-05-21 09:30,19.50999,19.69,19.2,19.45,7784570
1242999000,2009-05-22 09:30,19.69,19.98,19.28,19.28,3363185
1243344600,2009-05-26 09:30,19.12,20.61,19.12,20.61,4121629
1243431000,2009-05-27 09:30,20.45,20.57001,19.39,19.46001,6351309
1243517400,2009-05-28 09:30,19.7,19.83,18.98,19.55,7382766
1243603800,2009-05-29 09:30,19.72,20.3,19.46001,19.99001,2573211
1243863000,2009-06-01 09:30,20.28999,20.67999,19.97,20.19,4855121
1243949400,2009-06-02 09:30,20.11,20.23,19.73,19.85001,5834965
1244035800,2009-06-03 09:30,19.75,19.95,19.55,19.73,2947988
1244122200,2009-06-04 09:30,19.78999,20.73,19.7,20.47,5973281
1244208600,2009-06-05 09:30,20.91,20.92999,19.67,20.11,8991457
1244467800,2009-06-08 09:30,19.77,20.22,19.75999,19.96001,1652025
1244554200,2009-06-09 09:30,19.97,20.25,19.785,20.05,3447876
1244640600,2009-06-10 09:30,20.17999,20.21001,19.545,19.87,2550928
1244727000,2009-06-11 09:30,19.85001,20.55,19.83,20.03,4018005
1244813400,2009-06-12 09:30,19.96001,20.31,19.8,20.02,1779890
1245072600,2009-06-15 09:30,19.8,19.96989,19.10001,19.25999,5133820
1245159000,2009-06-16 09:30,19.3,19.53,19.06,19.10001,3934473
1245245400,2009-06-17 09:30,19.08,19.09,18.14,18.57001,10343570
1245331800,2009-06-18 09:30,18.61,19.07001,18.41,18.8,4149625
1245418200,2009-06-19 09:30,18.89,19.33,18.86,19.33,7969828
1245677400,2009-06-22 09:30,18.96001,19.05,18.23,18.25,4005354
1245763800,2009-06-23 09:30,18.3,18.64999,17.72,17.92999,6381832
1245850200,2009-06-24 09:30,18.10001,18.23,17.78,17.85001,3154905
1245936600,2009-06-25 09:30,17.7,18.56,17.7,18.56,6744891
1246023000,2009-06-26 09:30,18.46001,18.75,18.25999,18.64,4686652
1246282200,2009-06-29 09:30,18.67999,18.75999,17.91,18.63,6929309
1246368600,2009-06-30 09:30,18.75,18.75,18.08,18.24001,5643926
1246455000,2009-07-01 09:30,18.36,18.59,18.28999,18.45,4273430
1246541400,2009-07-02 09:30,18.17,18.2,17.56,17.62,6483160
1246887000,2009-07-06 09:30,17.5,17.86,17.25999,17.81,7467121
1246973400,2009-07-07 09:30,17.75,18.08,17.56,17.64,4544254
1247059800,2009-07-08 09:30,17.67,18.2,17.25,17.61,7977969
1247146200,2009-07-09 09:30,17.82001,18.00999,17.66,17.73,5169605
1247232600,2009-07-10 09:30,17.56,17.67,17.24001,17.50999,3885985
1247491800,2009-07-13 09:30,17.64999,18.46001,17.64999,18.42999,5134512
1247578200,2009-07-14 09:30,18.37,18.42,18.13,18.25,2795535
1247664600,2009-07-15 09:30,18.53,19,18.46001,18.85001,4434234
1247751000,2009-07-16 09:30,18.89,19.09,18.45,18.89,8653813
1247837400,2009-07-17 09:30,18.99001,19.17999,18.08,18.11,9700094
1248096600,2009-07-20 09:30,18.24001,18.45,18.13,18.25,5418426
1248183000,2009-07-21 09:30,18.28999,18.38,17.52,17.64,6292242
1248269400,2009-07-22 09:30,17.39999,18.14011,17.33,17.78999,6989727
1248355800,2009-07-23 09:30,17.82001,18.78999,17.77,18.72,4520109
1248442200,2009-07-24 09:30,18.52,18.94,18.47,18.84,3352780
1248701400,2009-07-27 09:30,18.85001,19.92999,18.81,19.78,6771840
1248787800,2009-07-28 09:30,19.64999,20.33,19.57001,20.05,5670223
1248874200,2009-07-29 09:30,20.07001,20.46001,20,20.31,2805852
1248960600,2009-07-30 09:30,20.53,20.87,20.32001,20.61,6448078
1249047000,2009-07-31 09:30,20.67,20.94,20.47,20.82001,2793143
1249306200,2009-08-03 09:30,21,21.37,20.8501,21.24001,3142220
1249392600,2009-08-04 09:30,21.10001,21.97,20.92,21.84,5061539
1249479000,2009-08-05 09:30,21.92999,22.14,21.60001,21.92999,5139684
1249565400,2009-08-06 09:30,22.25999,22.39,21.34,21.82001,6997430
1249651800,2009-08-07 09:30,22.14999,23.61,22.06,23,11159098
1249911000,2009-08-10 09:30,23.11,23.78999,22.8,23.28,7616648
1249997400,2009-08-11 09:30,23.17999,23.2,21.74001,22.16,4927000
1250083800,2009-08-12 09:30,22.06,22.58,21.94,22.32001,3476953
1250170200,2009-08-13 09:30,22.64,22.64,21.81,22.25,4965977
1250256600,2009-08-14 09:30,22.19,22.23,21.41,21.83,4870324
1250515800,2009-08-17 09:30,21.19,21.32001,20.60001,20.77,6414973
1250602200,2009-08-18 09:30,20.85001,21.08,20.82001,20.82001,3261976
1250688600,2009-08-19 09:30,20.57001,21.3,20.5,21.10001,2636390
1250775000,2009-08-20 09:30,21.06,21.39999,21,21.21001,2501785
1250861400,2009-08-21 09:30,21.31,21.99001,21.3,21.99001,2771925
1251120600,2009-08-24 09:30,22.03999,22.2,21.25999,21.46001,3615001
1251207000,2009-08-25 09:30,21.62,21.82001,21.22,21.36,3387644
1251293400,2009-08-26 09:30,21.25999,22.015,21.25999,21.69,5799035
1251379800,2009-08-27 09:30,21.62,21.71001,21,21.48,2884314
1251466200,2009-08-28 09:30,21.75,21.78999,21.19,21.31,2407759
1251725400,2009-08-31 09:30,20.91,21.3,20.86,21.2,2740273
1251811800,2009-09-01 09:30,20.98,21.39,20.24001,20.33,5986738
1251898200,2009-09-02 09:30,20.14,20.48,19.94,19.96001,2823574
1251984600,2009-09-03 09:30,20.07001,20.28999,19.92,20.24001,1335093
1252071000,2009-09-04 09:30,20.25,20.44991,20.10001,20.37,2331841
1252416600,2009-09-08 09:30,20.67,20.67,20.325,20.49001,3267254
1252503000,2009-09-09 09:30,20.52,21.12,20.3,20.3,4911629
1252589400,2009-09-10 09:30,20.71001,20.94,20.57001,20.94,1987128
1252675800,2009-09-11 09:30,20.89,21.19,20.81,21.03999,1995141
1252935000,2009-09-14 09:30,20.78,21.08,20.71001,21.08,1757147
1253021400,2009-09-15 09:30,21.10001,21.62,20.66,21.42,5985488
1253107800,2009-09-16 09:30,21.50999,22.85001,21.47,22.81,6124523
1253194200,2009-09-17 09:30,22.86,22.99001,22.03,22.27,7306359
1253280600,2009-09-18 09:30,22.17,22.33,21.84,22.17,3827775
1253539800,2009-09-21 09:30,21.89,21.97,21.60001,21.77,4527270
1253626200,2009-09-22 09:30,22.06,22.13,21.58,22.06,3771274
1253712600,2009-09-23 09:30,22.05,22.28999,21.8,21.84,4936273
1253799000,2009-09-24 09:30,22.10001,22.10001,20.89999,21.12,6835020
1253885400,2009-09-25 09:30,20.96001,21.16,20.62,21.03999,5794625
1254144600,2009-09-28 09:30,21.02,21.55,20.91,21.5,2899761
1254231000,2009-09-29 09:30,21.52,21.67999,21.27,21.48,3095948
1254317400,2009-09-30 09:30,21.72,21.72,21,21.32001,4048730
1254403800,2009-10-01 09:30,21.28,21.5,20.57001,20.62,4595504
1254490200,2009-10-02 09:30,20.28,20.75,20.12,20.39999,4164598
1254749400,2009-10-05 09:30,20.57001,20.99001,20.50999,20.64999,2715193
1254835800,2009-10-06 09:30,21.10001,21.38,20.78,21.02,4579469
1254922200,2009-10-07 09:30,20.97,21.14,20.58,21.08,2741400
1255008600,2009-10-08 09:30,21.14999,21.48,21.03999,21.35001,3081494
1255095000,2009-10-09 09:30,21.39999,21.8,21.31,21.67999,2473840
1255354200,2009-10-12 09:30,21.71001,21.75,21.42,21.49001,1325585
1255440600,2009-10-13 09:30,21.31,21.57001,21.03999,21.44,2702880
1255527000,2009-10-14 09:30,21.74001,21.98,21.47,21.91,3006905
1255613400,2009-10-15 09:30,21.71001,21.875,21.52,21.84,3689587
1255699800,2009-10-16 09:30,21.58,21.7,21.27,21.42999,3179196
1255959000,2009-10-19 09:30,21.55,21.64999,21.21001,21.48,4135262
1256045400,2009-10-20 09:30,21.37,21.5,20.98,21.17,4334383
1256131800,2009-10-21 09:30,21.10001,21.37,20.38,20.42999,9867801
1256218200,2009-10-22 09:30,20.59,21.57249,20.39,21.53,11316090
1256304600,2009-10-23 09:30,21.61,21.67999,20.85001,21.06,5027492
1256563800,2009-10-26 09:30,21.00999,21.14,20.61,21.05,9077184
1256650200,2009-10-27 09:30,20.98,21.61,20.9406,21.2,11640836
1256736600,2009-10-28 09:30,21.17,21.27,20.63,21.10001,10255844
1256823000,2009-10-29 09:30,21.25,21.5,20.91,21.42,10592934
1256909400,2009-10-30 09:30,21.21001,21.22,20.19,20.34,7468465
1257172200,2009-11-02 09:30,20.44,20.64,19.61,20.10001,5786941
1257258600,2009-11-03 09:30,19.83,20.13499,19.56,20.05,5035156
1257345000,2009-11-04 09:30,20.23,20.28,19.55,19.58,4534910
1257431400,2009-11-05 09:30,19.64999,19.955,19.45,19.91,4705023
1257517800,2009-11-06 09:30,19.71001,20.03999,19.53,19.92999,3487532
1257777000,2009-11-09 09:30,20.10001,20.46001,20.09,20.37,2220251
1257863400,2009-11-10 09:30,20.42999,20.42999,19.88,20.10001,3949991
1257949800,2009-11-11 09:30,20.33,20.82001,20.28999,20.49001,4245809
1258036200,2009-11-12 09:30,20.63,20.66,19.89999,19.99001,5680734
1258122600,2009-11-13 09:30,19.94,20.2,19.795,20.11,2408460
1258381800,2009-11-16 09:30,20.23,21.07001,20.23,20.75,5933164
1258468200,2009-11-17 09:30,20.53,21.19,20.53,21.13,4747457
1258554600,2009-11-18 09:30,21.17,21.25,20.92,21.14999,4591613
1258641000,2009-11-19 09:30,20.92999,21.03,20.58,20.74001,3538034
1258727400,2009-11-20 09:30,20.56,20.95,20.56,20.85001,2675101
1258986600,2009-11-23 09:30,20.99001,21.39999,20.99001,21.22,3741375
1259073000,2009-11-24 09:30,21.06,21.23,20.78,21.14,2727213
1259159400,2009-11-25 09:30,21.17999,21.28,20.97,20.98,1880874
1259332200,2009-11-27 09:30,20.38,20.98,20.12,20.57001,2168332
1259591400,2009-11-30 09:30,20.60001,21.03,20.42,21.03,2818441
1259677800,2009-12-01 09:30,21.11,21.25,20.91,21,2603443
1259764200,2009-12-02 09:30,21.19,21.50999,21.03,21.31,2499161
1259850600,2009-12-03 09:30,21.48,21.73,20.78,20.78,3898797
1259937000,2009-12-04 09:30,21.41,21.5,20.91,21.39,3854791
1260196200,2009-12-07 09:30,21.50999,21.55,21.12,21.24001,2963917
1260282600,2009-12-08 09:30,21.03,21.39,20.97,21.23,3395306
1260369000,2009-12-09 09:30,21.38,21.38,20.89999,21.08,2439119
1260455400,2009-12-10 09:30,21.09,21.22,20.89999,21.14,3450066
1260541800,2009-12-11 09:30,21.08,21.21001,20.97,21.2,1646560
1260801000,2009-12-14 09:30,21.23,21.56,21.05,21.55,2518658
1260887400,2009-12-15 09:30,21.35001,21.56,21.28,21.33,3696896
1260973800,2009-12-16 09:30,21.38,21.59,21.2,21.32001,1966566
1261060200,2009-12-17 09:30,21.11,21.39999,21.11,21.17999,2633612
1261146600,2009-12-18 09:30,21.24001,21.87,21.17999,21.87,2536912
1261405800,2009-12-21 09:30,21.91,22.14,21.75999,22.13,2087988
1261492200,2009-12-22 09:30,22.11,22.41499,22.03,22.38,2596949
1261578600,2009-12-23 09:30,22.33,22.58,22.33,22.35001,4765711
1261665000,2009-12-24 09:30,22.37,22.64999,22.37,22.64999,1444457
1262010600,2009-12-28 09:30,22.72,22.72,22.5,22.56,1942984
1262097000,2009-12-29 09:30,22.58,22.75,22.53,22.67,1068198
1262183400,2009-12-30 09:30,22.52,22.75,22.33,22.41,2714769
1262269800,2009-12-31 09:30,22.52,22.63,22.25,22.25,2947343
1262615400,2010-01-04 09:30,22.42999,22.73,22.42999,22.7,1486694
1262701800,2010-01-05 09:30,22.69,22.69,22.00999,22.17999,7303758
1262788200,2010-01-06 09:30,22.17,22.41,22.11,22.35001,4409234
1262874600,2010-01-07 09:30,22.28999,23.14999,22.21001,23.14,5211527
1262961000,2010-01-08 09:30,23.08,23.57001,22.89999,23.57001,5020742
1263220200,2010-01-11 09:30,23.60001,23.60001,23.11,23.21001,3269324
1263306600,2010-01-12 09:30,23.14,23.3,22.91,23.05,3720375
1263393000,2010-01-13 09:30,23.12,23.47,22.78999,23.25999,4033371
1263479400,2010-01-14 09:30,23.22,24.105,23.22,23.97,4932758
1263565800,2010-01-15 09:30,23.95,24.03999,23.35001,23.67999,3922068
1263911400,2010-01-19 09:30,23.67999,24.25999,23.6501,24.22,3961147
1263997800,2010-01-20 09:30,23.97,24.35001,23.3,24.17999,8996918
1264084200,2010-01-21 09:30,24.34,25.09,24.03,24.92999,17665808
1264170600,2010-01-22 09:30,24.89999,25.08,24.17,24.35001,9693051
1264429800,2010-01-25 09:30,24.48,24.59,23.74001,24.16,5581918
1264516200,2010-01-26 09:30,24.12,24.67999,23.87,24.13,4280473
1264602600,2010-01-27 09:30,24.11,24.89999,23.96001,24.89,10003656
1264689000,2010-01-28 09:30,25.13,25.22,24.2775,24.57001,7196391
1264775400,2010-01-29 09:30,24.67999,24.77,24.07001,24.07001,5528559
1265034600,2010-02-01 09:30,24.24001,24.38,23.825,24.00999,3067278
1265121000,2010-02-02 09:30,24.08,24.33,23.69,23.85001,5703547
1265207400,2010-02-03 09:30,23.78999,23.84,23.14,23.38,9875305
1265293800,2010-02-04 09:30,23.17999,23.17999,22.52,22.81,14284707
1265380200,2010-02-05 09:30,22.92,23.49001,22.38,23.11,10155504
1265639400,2010-02-08 09:30,22.94,23.21001,22.69,22.85001,4220145
1265725800,2010-02-09 09:30,23.06,23.27,22.825,23.07001,2924298
1265812200,2010-02-10 09:30,22.99001,23.38,22.84,23.34,2968606
1265898600,2010-02-11 09:30,23.17999,23.39,23.03,23.25999,4271391
1265985000,2010-02-12 09:30,23.00999,23.34,23,23.34,3114310
1266330600,2010-02-16 09:30,23.58,23.86,23.34,23.86,2153363
1266417000,2010-02-17 09:30,23.84,23.94,23.5,23.72,3183671
1266503400,2010-02-18 09:30,23.69,23.95,23.62,23.95,1492234
1266589800,2010-02-19 09:30,23.85001,24.09,23.78999,24.03999,3332932
1266849000,2010-02-22 09:30,24.11,24.58,24.11,24.50999,2835734
1266935400,2010-02-23 09:30,24.5,24.53999,24.17,24.32001,3436161
1267021800,2010-02-24 09:30,24.42,25.00999,24.37,24.89999,5034914
1267108200,2010-02-25 09:30,24.64999,24.8029,24.47,24.75,2700320
1267194600,2010-02-26 09:30,24.67999,24.69,24.27,24.53,3814241
1267453800,2010-03-01 09:30,24.53,24.64999,24.37,24.38,2323948
1267540200,2010-03-02 09:30,24.53999,24.75,24.49001,24.52,2925980
1267626600,2010-03-03 09:30,24.59,24.705,24.36,24.48,1915175
1267713000,2010-03-04 09:30,24.49001,24.56,24.33009,24.50999,2904705
1267799400,2010-03-05 09:30,24.75,25.2,24.53,25.17,4319227
1268058600,2010-03-08 09:30,25.24001,25.25999,25.02,25.07001,4139090
1268145000,2010-03-09 09:30,24.99001,25.23,24.86,25.07001,2107901
1268231400,2010-03-10 09:30,25.17,25.62,25.06,25.49001,3859069
1268317800,2010-03-11 09:30,25.47,25.84,25.39,25.83,4293348
1268404200,2010-03-12 09:30,26.07001,26.07001,25.56,25.7,4154273
1268659800,2010-03-15 09:30,25.63,25.78999,25.47,25.72,2236323
1268746200,2010-03-16 09:30,25.81,26.08,25.59,26.08,2333034
1268832600,2010-03-17 09:30,26.14,26.56,26.0899,26.50999,5307840
1268919000,2010-03-18 09:30,26.50999,26.72,26.31,26.41,3111819
1269005400,2010-03-19 09:30,26.41,26.46001,26,26.42,1274884
1269264600,2010-03-22 09:30,26.19,26.78,26.14999,26.77,1465876
1269351000,2010-03-23 09:30,26.78,26.86,26.39751,26.81,2153374
1269437400,2010-03-24 09:30,26.73,26.89,26.50999,26.55,2246651
1269523800,2010-03-25 09:30,26.78,27.3205,26.60001,26.61,4185195
1269610200,2010-03-26 09:30,26.69,26.96001,26.2375,26.33,2094821
1269869400,2010-03-29 09:30,26.53,26.53,25.9799,26.21001,2444063
1269955800,2010-03-30 09:30,26.25999,26.36,26.05499,26.23,1683452
1270042200,2010-03-31 09:30,26.10001,26.53,26.07001,26.22,3064616
1270128600,2010-04-01 09:30,26.39999,26.39999,26.00999,26.28,1730012
1270474200,2010-04-05 09:30,26.45,26.61,26.2,26.59,1290439
1270560600,2010-04-06 09:30,26.49001,27.55,26.42,27.5,3897339
1270647000,2010-04-07 09:30,27.53,27.64,27.03999,27.2,4625668
1270733400,2010-04-08 09:30,27.14999,27.53,27.05,27.41,4201883
1270819800,2010-04-09 09:30,27.57001,27.7,27.32001,27.53999,2149993
1271079000,2010-04-12 09:30,27.66,27.8299,27.46001,27.82001,2538885
1271165400,2010-04-13 09:30,27.73,27.78,27.25999,27.48,3402102
1271251800,2010-04-14 09:30,27.84,28.32001,27.69,28.32001,2877357
1271338200,2010-04-15 09:30,28.36,28.64999,28.31,28.39999,2704992
1271424600,2010-04-16 09:30,28.35001,28.39999,27.25,27.59,5849984
1271683800,2010-04-19 09:30,27.46001,27.95,27.16,27.73,3563733
1271770200,2010-04-20 09:30,27.97,28.19,27.69,28.17999,3227286
1271856600,2010-04-21 09:30,28.2,28.83,28.05,28.763,9807551
1271943000,2010-04-22 09:30,28.57001,29.66,28.45,29.58,18784816
1272029400,2010-04-23 09:30,29.58,29.75,29.27969,29.7,5072730
1272288600,2010-04-26 09:30,29.78,29.78999,28.61,28.61,5506523
1272375000,2010-04-27 09:30,28.47,28.89,27.95,28,6535129
1272461400,2010-04-28 09:30,28.22,28.5,28.015,28.09,3911922
1272547800,2010-04-29 09:30,28.22,28.88,27.965,28.78,4710293
1272634200,2010-04-30 09:30,28.74001,28.85001,27.89999,27.92,6095023
1272893400,2010-05-03 09:30,28.21001,28.56,27.72,27.97,4510988
1272979800,2010-05-04 09:30,27.7,27.71001,26.82001,26.95,13754391
1273066200,2010-05-05 09:30,26.50999,27.31,26.37,27.13,5433938
1273152600,2010-05-06 09:30,26.95,29.5,22.11,26.14,6841266
1273239000,2010-05-07 09:30,26.39999,26.57001,25.33,25.64999,7979156
1273498200,2010-05-10 09:30,26.77,27.19,26.5,27.10001,6468305
1273584600,2010-05-11 09:30,26.78,28.02499,26.53,27.52,4740289
1273671000,2010-05-12 09:30,27.95,28.31,27.56,28.31,2950924
1273757400,2010-05-13 09:30,28.3,28.42999,27.86,28.00999,2029069
1273843800,2010-05-14 09:30,27.75999,27.87,26.95,27.32001,4168570
1274103000,2010-05-17 09:30,27.3,27.75,26.73,27.37,3409661
1274189400,2010-05-18 09:30,27.59,27.73,26.35001,26.59,5257770
1274275800,2010-05-19 09:30,26.28,27.11,26,26.37,4263379
1274362200,2010-05-20 09:30,25.84,25.87,24.78999,24.83,4665270
1274448600,2010-05-21 09:30,24.24001,25.56,24.22,25.28999,5210223
1274707800,2010-05-24 09:30,25.47,25.47,24.59,24.7,2520916
1274794200,2010-05-25 09:30,24.13,24.82001,23.75999,24.73,3391382
1274880600,2010-05-26 09:30,25.17,25.25999,24.71001,24.84,2579790
1274967000,2010-05-27 09:30,25.39999,25.75999,25.05,25.67999,2212638
1275053400,2010-05-28 09:30,25.63,25.64,25.03999,25.21001,2081359
1275399000,2010-06-01 09:30,25,25.22,24.47,24.53999,2303116
1275485400,2010-06-02 09:30,24.53999,25.33,24.47,25.33,1985442
1275571800,2010-06-03 09:30,25.49001,25.49001,25.00999,25.35001,1172394
1275658200,2010-06-04 09:30,24.78999,24.8,23.75999,23.81,5536828
1275917400,2010-06-07 09:30,23.82001,24.17,23.62,23.62,4495410
1276003800,2010-06-08 09:30,23.67,23.84,23.0499,23.61,4579078
1276090200,2010-06-09 09:30,23.78999,23.8925,23.3,23.39999,4947113
1276176600,2010-06-10 09:30,23.75,24.14999,23.53999,24.13,2008366
1276263000,2010-06-11 09:30,23.89,24.39,23.83,24.37,1712736
1276522200,2010-06-14 09:30,24.47,24.82001,24.25999,24.31,1265376
1276608600,2010-06-15 09:30,24.57001,24.92,23.78999,24.84,2238534
1276695000,2010-06-16 09:30,24.62,25.14999,24.62,24.88,1897312
1276781400,2010-06-17 09:30,24.95,25.09,24.64,24.91,2576962
1276867800,2010-06-18 09:30,24.85001,25.03999,24.5,24.88,2452453
1277127000,2010-06-21 09:30,25.00999,25.19,24.63499,24.84,1695538
1277213400,2010-06-22 09:30,24.82001,25.14191,24.39,24.46001,1280415
1277299800,2010-06-23 09:30,24.38,24.62,24,24.13,1565825
1277386200,2010-06-24 09:30,24.17,24.25,23.67999,23.78,2130077
1277472600,2010-06-25 09:30,24.06,24.39,23.7533,24.37,2425992
1277731800,2010-06-28 09:30,24.37,24.4628,24.10001,24.27,1232547
1277818200,2010-06-29 09:30,23.84,23.97,23.27,23.44,2967907
1277904600,2010-06-30 09:30,23.38,23.84,23.02,23.09,1346784
1277991000,2010-07-01 09:30,23.02,23.3,22.19,22.74001,4864840
1278077400,2010-07-02 09:30,22.82001,22.99001,22.3,22.5,1605531
1278423000,2010-07-06 09:30,22.77,23.16,22.28,22.45,1445575
1278509400,2010-07-07 09:30,22.50999,23.46001,22.50999,23.46001,2001421
1278595800,2010-07-08 09:30,23.57001,23.84,23.39999,23.75,1872656
1278682200,2010-07-09 09:30,23.67,24.3,23.67,24.27,1921492
1278941400,2010-07-12 09:30,24.13,24.42,23.88,24.10001,1037706
1279027800,2010-07-13 09:30,24.50999,25.19,24.39999,25.12,3772457
1279114200,2010-07-14 09:30,25.07001,25.07001,24.41,24.67,1604938
1279200600,2010-07-15 09:30,24.8,24.8,23.95,24.39999,1961214
1279287000,2010-07-16 09:30,24.33,24.33,23.2,23.34,3443915
1279546200,2010-07-19 09:30,23.45,23.5,22.86,23.10001,3363333
1279632600,2010-07-20 09:30,22.88,23.28,22.62,23.28,4931258
1279719000,2010-07-21 09:30,23.50999,23.59,22.21001,22.21001,4094987
1279805400,2010-07-22 09:30,22.64,23.19,22.55,23.10001,2700672
1279891800,2010-07-23 09:30,23.03999,23.50999,22.795,23.42,3533986
1280151000,2010-07-26 09:30,23.44,24.07001,23.28999,24.06,3158854
1280237400,2010-07-27 09:30,24.37,24.61,24.22,24.28999,2710374
1280323800,2010-07-28 09:30,24.16,24.45,23.86,23.94,1540522
1280410200,2010-07-29 09:30,24.34,24.34,23.58,23.88,3437613
1280496600,2010-07-30 09:30,23.58,24.12,23.52,23.77,2857655
1280755800,2010-08-02 09:30,24.17,24.33,23.98,24.24001,2013496
1280842200,2010-08-03 09:30,24.24001,24.53999,23.9437,24.11,1875405
1280928600,2010-08-04 09:30,24.36,24.42999,24.07001,24.16,3595855
1281015000,2010-08-05 09:30,23.94,24.03999,23.78999,23.94,3624246
1281101400,2010-08-06 09:30,23.72,23.77,23.2,23.64,3412039
1281360600,2010-08-09 09:30,23.73,24.07001,23.53999,24.05,2168710
1281447000,2010-08-10 09:30,23.81,23.89,23.41,23.58,3557662
1281533400,2010-08-11 09:30,23.19,23.19,22.47,22.53,7610219
1281619800,2010-08-12 09:30,22.32001,22.39,22.03999,22.14999,4783414
1281706200,2010-08-13 09:30,22.08,22.23,21.91,21.95,2706570
1281965400,2010-08-16 09:30,21.83,22.2,21.82001,22.09,2573823
1282051800,2010-08-17 09:30,22.38,22.57001,22.12,22.39999,3480320
1282138200,2010-08-18 09:30,22.44,22.60001,22.13,22.46001,2446496
1282224600,2010-08-19 09:30,22.28999,22.46001,21.75999,21.91,3801927
1282311000,2010-08-20 09:30,21.8,21.85001,21.27,21.78999,6546395
1282570200,2010-08-23 09:30,21.89999,22.12,21.42999,21.42999,2223471
1282656600,2010-08-24 09:30,21.25,21.48,20.85001,21.32001,5350781
1282743000,2010-08-25 09:30,21.14999,21.42999,20.85001,21.37,2552761
1282829400,2010-08-26 09:30,21.5,21.71001,21.14,21.21001,3081608
1282915800,2010-08-27 09:30,21.39999,21.74001,21.05,21.71001,2985280
1283175000,2010-08-30 09:30,21.7,21.7,20.92,20.94,1458497
1283261400,2010-08-31 09:30,20.87,21.36,20.8,21.12,1912884
1283347800,2010-09-01 09:30,21.47,22.0025,21.32001,21.99001,5943344
1283434200,2010-09-02 09:30,21.91,22.13,21.81,22.10001,1928502
1283520600,2010-09-03 09:30,22.42999,22.55,22.24001,22.48,2288427
1283866200,2010-09-07 09:30,22.3,22.41,21.89,21.94,1196350
1283952600,2010-09-08 09:30,21.86,22.39,21.85001,22.16,1763278
1284039000,2010-09-09 09:30,22.38,22.66,22.11,22.312,1254394
1284125400,2010-09-10 09:30,22.39999,22.58,22.33,22.37,644626
1284384600,2010-09-13 09:30,22.66,23.14999,22.66,23.07001,2507332
1284471000,2010-09-14 09:30,23.08,23.08,22.50999,22.64999,2221812
1284557400,2010-09-15 09:30,22.44,22.74001,22.28999,22.69,1082719
1284643800,2010-09-16 09:30,22.67999,22.67999,22.24001,22.42999,1192921
1284730200,2010-09-17 09:30,22.46001,22.53999,22.08,22.39,1210831
1284989400,2010-09-20 09:30,22.39,23.09,22.25,23.02,2015717
1285075800,2010-09-21 09:30,23.03,23.31,22.81,22.83,1989005
1285162200,2010-09-22 09:30,22.74001,22.77,22.09,22.19,3229558
1285248600,2010-09-23 09:30,22.02,22.66,21.95,22.03999,3064704
1285335000,2010-09-24 09:30,22.28,22.78999,22.2001,22.78999,1663003
1285594200,2010-09-27 09:30,22.78,22.81,22.48,22.52,1827465
1285680600,2010-09-28 09:30,22.56,22.84,22.19,22.8,4532594
1285767000,2010-09-29 09:30,22.64,22.95,22.565,22.82001,1128720
1285853400,2010-09-30 09:30,22.94,23.34,22.8699,22.91,2236218
1285939800,2010-10-01 09:30,23.11,23.19,22.69901,22.85001,1338504
1286199000,2010-10-04 09:30,22.72,22.91,22.46001,22.67999,2195415
1286285400,2010-10-05 09:30,22.86,23.33,22.62,23.3,2563196
1286371800,2010-10-06 09:30,23.25,23.5,23.17999,23.32001,2020071
1286458200,2010-10-07 09:30,23.42,23.53999,23.09,23.27,1740915
1286544600,2010-10-08 09:30,23.28,23.44,23.05,23.36,2408995
1286803800,2010-10-11 09:30,23.37,23.37,23.14,23.22,1475829
1286890200,2010-10-12 09:30,23.03,23.38,22.89999,23.3,2109588
1286976600,2010-10-13 09:30,23.42,24.00999,23.16,23.72,5306840
1287063000,2010-10-14 09:30,23.61,23.75,23.2,23.42,8138430
1287149400,2010-10-15 09:30,23.53,23.7,23.03,23.07001,4169258
1287408600,2010-10-18 09:30,23.09,23.64,22.96001,23.52,2106844
1287495000,2010-10-19 09:30,23.31,23.88,23.23,23.41251,3100288
1287581400,2010-10-20 09:30,23.46001,23.48,23.03999,23.19,4081364
1287667800,2010-10-21 09:30,23.33,23.60001,22.92999,23.14,1653112
1287754200,2010-10-22 09:30,23.13,23.24001,22.91,23.17999,1935853
1288013400,2010-10-25 09:30,23.3,23.32001,22.75,22.8,2853695
1288099800,2010-10-26 09:30,22.72,23,22.64999,22.89,2652479
1288186200,2010-10-27 09:30,22.63,23.10001,22.63,22.94,2830122
1288272600,2010-10-28 09:30,23.05,23.10001,22.56,22.66,3562590
1288359000,2010-10-29 09:30,22.64,22.72501,22.50999,22.67,1376270
1288618200,2010-11-01 09:30,22.69,22.69,21.75999,22,6049918
1288704600,2010-11-02 09:30,22.16,22.46001,22.09,22.31,3294695
1288791000,2010-11-03 09:30,22.38,22.83,22.37,22.81,4655770
1288877400,2010-11-04 09:30,23.06,23.67999,23.03999,23.60001,4899066
1288963800,2010-11-05 09:30,23.62,24.53,23.56,23.99001,5099156
1289226600,2010-11-08 09:30,23.95,23.97,23.55,23.8,1243254
1289313000,2010-11-09 09:30,23.83,23.92,23.39,23.49001,2759098
1289399400,2010-11-10 09:30,23.45,24.02,23.45,24,2486845
1289485800,2010-11-11 09:30,23.6701,23.95,23.57001,23.88,3225168
1289572200,2010-11-12 09:30,23.7,23.7,23.33,23.34,1392321
1289831400,2010-11-15 09:30,23.57001,23.81,23.47,23.50999,2534019
1289917800,2010-11-16 09:30,23.37,23.45,22.97,23.19,2506826
1290004200,2010-11-17 09:30,23.16,23.2,22.78999,22.83,1460963
1290090600,2010-11-18 09:30,23.07001,23.28999,23.02,23.12,1404584
1290177000,2010-11-19 09:30,23.08,23.12,22.84,23.02,1364890
1290436200,2010-11-22 09:30,22.92999,22.95,22.58,22.88,1915743
1290522600,2010-11-23 09:30,22.62,22.88,22.58,22.73,2031006
1290609000,2010-11-24 09:30,22.86,23.09,22.78999,23.06,1472133
1290781800,2010-11-26 09:30,22.85001,23.06,22.56,22.60001,1973789
1291041000,2010-11-29 09:30,22.55,22.91,22.53999,22.83,1182541
1291127400,2010-11-30 09:30,22.64,22.72,22.39999,22.52,3072255
1291213800,2010-12-01 09:30,22.91,23.28,22.88,23.28,4793133
1291300200,2010-12-02 09:30,23.3,23.8,23.28,23.75,2096487
1291386600,2010-12-03 09:30,23.64999,24.02,23.38989,23.97,1053040
1291645800,2010-12-06 09:30,23.87,24.28,23.78999,24.17999,1708358
1291732200,2010-12-07 09:30,24.39,24.42,24.17,24.17,2929662
1291818600,2010-12-08 09:30,24.17,24.72,24.17,24.67,4552004
1291905000,2010-12-09 09:30,24.7,25.02,24.67,24.91,2988178
1291991400,2010-12-10 09:30,24.96001,25.3,24.91,25.28999,2229348
1292250600,2010-12-13 09:30,25.41,25.42999,24.98,25.11,2795750
1292337000,2010-12-14 09:30,25.11,25.53,25.10001,25.17999,3628242
1292423400,2010-12-15 09:30,25.16,25.59,24.97,25.03,1646161
1292509800,2010-12-16 09:30,25.07001,25.49001,25.03101,25.14999,2970562
1292596200,2010-12-17 09:30,25.28,25.38,25.07001,25.17999,2078679
1292855400,2010-12-20 09:30,25.28,25.47,25.19,25.28,1334268
1292941800,2010-12-21 09:30,25.35001,25.97,25.35001,25.86,4466512
1293028200,2010-12-22 09:30,26,27.015,26,26.88,8607242
1293114600,2010-12-23 09:30,26.87,26.89999,26.45,26.50999,2786717
1293460200,2010-12-27 09:30,26.46001,26.7,26.27,26.7,974100
1293546600,2010-12-28 09:30,26.73,26.88,26.62,26.82001,1378651
1293633000,2010-12-29 09:30,26.88,26.88,26.73,26.77,1052397
1293719400,2010-12-30 09:30,26.77,26.83,26.61,26.75,1265611
1293805800,2010-12-31 09:30,26.73,26.75999,26.39999,26.45,1553524
1294065000,2011-01-03 09:30,26.82001,27.2,26.69099,26.97,4647496
1294151400,2011-01-04 09:30,27.03,27.09,26.09,26.48,4345547
1294237800,2011-01-05 09:30,26.39999,26.91,26.39,26.91,2900237
1294324200,2011-01-06 09:30,26.91,26.91,26.53,26.53999,3046563
1294410600,2011-01-07 09:30,26.59,26.78999,25.75101,25.77,9894426
1294669800,2011-01-10 09:30,25.67999,26.17,25.41,26.07001,2568693
1294756200,2011-01-11 09:30,26.2,26.38,25.98,26.19,2205558
1294842600,2011-01-12 09:30,26.41,26.55,26.27,26.39,1502756
1294929000,2011-01-13 09:30,26.42999,26.42999,26.08,26.16,2273362
1295015400,2011-01-14 09:30,26.16,27.295,26.14999,27.19,8076883
1295361000,2011-01-18 09:30,27.2,27.53999,27.10001,27.53,4279883
1295447400,2011-01-19 09:30,27.47,27.52,26.78999,26.83,4191996
1295533800,2011-01-20 09:30,26.7,27,26.48,26.64999,3660790
1295620200,2011-01-21 09:30,26.77,26.88,26.62,26.71001,2793329
1295879400,2011-01-24 09:30,26.75,26.75,26.485,26.53,1458613
1295965800,2011-01-25 09:30,26.42999,26.67999,26.3401,26.66,1685674
1296052200,2011-01-26 09:30,26.71001,26.8101,26.31,26.48,1989426
1296138600,2011-01-27 09:30,26.53,26.75999,26.3,26.66,1695248
1296225000,2011-01-28 09:30,26.72,26.91,26.21001,26.21001,2572446
1296484200,2011-01-31 09:30,26.22,26.42,26.03,26.13,2701321
1296570600,2011-02-01 09:30,26.25999,26.689,26.14999,26.59,1794879
1296657000,2011-02-02 09:30,26.48,26.64999,26.33,26.35001,2877373
1296743400,2011-02-03 09:30,26.32001,26.49001,26.08231,26.44,2314100
1296829800,2011-02-04 09:30,26.44901,26.57001,26.3,26.53999,1699650
1297089000,2011-02-07 09:30,26.60001,27.0399,26.534,26.82001,1638489
1297175400,2011-02-08 09:30,26.82001,26.87,26.67999,26.81,2628826
1297261800,2011-02-09 09:30,26.72,26.92999,26.49001,26.67999,1425753
1297348200,2011-02-10 09:30,26.5,26.71001,26.44,26.56,1434359
1297434600,2011-02-11 09:30,26.48,27.22,26.39999,27.155,3624541
1297693800,2011-02-14 09:30,27.14,27.22,26.98,27.17,1440826
1297780200,2011-02-15 09:30,27.03,27.22,26.85001,26.91,3340239
1297866600,2011-02-16 09:30,27,27.23,26.96001,27.16,1646274
1297953000,2011-02-17 09:30,27.17,27.185,26.9599,27.11,1312003
1298039400,2011-02-18 09:30,27.14999,27.32001,27.12,27.3,1195711
1298385000,2011-02-22 09:30,27.12,27.17999,26.58,26.64,3066090
1298471400,2011-02-23 09:30,26.78999,26.86,26.24001,26.36,2992093
1298557800,2011-02-24 09:30,26.42999,26.5,25.83,26.11,5141957
1298644200,2011-02-25 09:30,26.27,26.705,26.17,26.69,2631673
1298903400,2011-02-28 09:30,26.8,27.03,26.60001,26.7,1486355
1298989800,2011-03-01 09:30,26.7,26.7,26.25999,26.31,3366655
1299076200,2011-03-02 09:30,26.32001,26.37,25.98,26.12,2470623
1299162600,2011-03-03 09:30,26.42,26.81,26.41,26.7,1717182
1299249000,2011-03-04 09:30,26.64999,26.75999,26.22,26.46001,2431161
1299508200,2011-03-07 09:30,26.5,26.78999,26.10001,26.27,2386050
1299594600,2011-03-08 09:30,26.28,27.09,26.28,26.97,2032136
1299681000,2011-03-09 09:30,26.97,27.14,26.78999,26.89,1128584
1299767400,2011-03-10 09:30,26.62,26.62,26.17,26.24001,2899275
1299853800,2011-03-11 09:30,26.11,26.32001,25.995,26.17,1777311
1300109400,2011-03-14 09:30,26.02,26.08,25.72,25.95,2760696
1300195800,2011-03-15 09:30,25.39999,25.89999,25.3,25.77,4021996
1300282200,2011-03-16 09:30,25.78,25.78999,25.38,25.52,3423359
1300368600,2011-03-17 09:30,25.82001,25.83,25.45,25.61,1549409
1300455000,2011-03-18 09:30,25.8,25.98,25.67,25.87,2837451
1300714200,2011-03-21 09:30,26.09,26.3,26.00999,26.25999,1609553
1300800600,2011-03-22 09:30,26.25,26.39,26.07001,26.07001,1110926
1300887000,2011-03-23 09:30,26,26.03999,25.49001,25.78,2698768
1300973400,2011-03-24 09:30,25.88,25.88,25.55,25.74001,1136756
1301059800,2011-03-25 09:30,25.78,26.25,25.75,25.85001,3540743
1301319000,2011-03-28 09:30,25.89999,26.00999,25.83,25.89,1280535
1301405400,2011-03-29 09:30,25.88,26.25999,25.88,26.06,1579771
1301491800,2011-03-30 09:30,26.17,26.52,26.09,26.45,1252587
1301578200,2011-03-31 09:30,26.38,26.66,26.34,26.63,1202797
1301664600,2011-04-01 09:30,26.77,27.02,26.77,26.92,1331052
1301923800,2011-04-04 09:30,26.92,27.0899,26.92,27.03,548414
1302010200,2011-04-05 09:30,26.97,27.07001,26.8,26.82001,1616838
1302096600,2011-04-06 09:30,26.95,27.36,26.92,27.36,1719040
1302183000,2011-04-07 09:30,27.33,27.45,27.11,27.22,1295265
1302269400,2011-04-08 09:30,27.27,27.33,26.74001,26.75999,1373576
1302528600,2011-04-11 09:30,26.86,26.89999,26.66,26.71001,1188763
1302615000,2011-04-12 09:30,26.61,26.75,26.55,26.56,991121
1302701400,2011-04-13 09:30,26.75999,26.85001,26.12,26.19,1053530
1302787800,2011-04-14 09:30,26.12,26.28999,25.94,26.27,1804370
1302874200,2011-04-15 09:30,26.31,26.49001,26.16,26.46001,904951
1303133400,2011-04-18 09:30,26.14,26.37,26,26.07001,2001435
1303219800,2011-04-19 09:30,26.25999,26.3,25.81,25.81,1121164
1303306200,2011-04-20 09:30,26.10001,26.22,25.77,25.89,1333811
1303392600,2011-04-21 09:30,26.03999,26.10001,25.73,26.02,4026936
1303738200,2011-04-25 09:30,26,26.35001,25.98,26.14,2506834
1303824600,2011-04-26 09:30,26.16,26.59,26.16,26.49001,2045262
1303911000,2011-04-27 09:30,26.53999,26.81,26.47,26.78,1794791
1303997400,2011-04-28 09:30,26.73,26.92,26.71001,26.89999,858988
1304083800,2011-04-29 09:30,26.85001,26.92,26.67,26.74001,1372496
1304343000,2011-05-02 09:30,26.75,26.83,26.49001,26.49001,2272531
1304429400,2011-05-03 09:30,26.55,26.72,26.35001,26.60001,2402951
1304515800,2011-05-04 09:30,26.62,26.62,26.28999,26.41,3426667
1304602200,2011-05-05 09:30,26.28999,26.47,26.06,26.19,1544409
1304688600,2011-05-06 09:30,26.49001,26.5,25.99001,25.99001,2908501
1304947800,2011-05-09 09:30,26,26.0699,25.78999,26,969826
1305034200,2011-05-10 09:30,26.06,26.38,26.06,26.38,1050112
1305120600,2011-05-11 09:30,26.23,26.31,26.0201,26.07001,1522522
1305207000,2011-05-12 09:30,25.97,26.28,25.8,26.25999,1540185
1305293400,2011-05-13 09:30,26.24001,26.28,25.69,25.69,1759964
1305552600,2011-05-16 09:30,25.66,25.84,25.5699,25.61,2675624
1305639000,2011-05-17 09:30,25.50999,25.95,25.44,25.89999,1938143
1305725400,2011-05-18 09:30,25.89999,26,25.75,26,907014
1305811800,2011-05-19 09:30,26.06,26.13,25.84,26.07001,1308291
1305898200,2011-05-20 09:30,25.99001,26.14,25.73,25.73,1967145
1306157400,2011-05-23 09:30,25.49001,25.63,25.31,25.31,2230419
1306243800,2011-05-24 09:30,25.42999,25.45,25.12,25.27,2896463
1306330200,2011-05-25 09:30,25.19,25.34,25.10001,25.25,1184232
1306416600,2011-05-26 09:30,25.19,25.39999,25.10001,25.37,1000299
1306503000,2011-05-27 09:30,25.42,25.66,25.42,25.53,2164245
1306848600,2011-05-31 09:30,25.75,25.89,25.59,25.89,2394661
1306935000,2011-06-01 09:30,25.81,25.85001,24.94,24.94,2214484
1307021400,2011-06-02 09:30,25.00999,25.14,24.83,24.99001,1875006
1307107800,2011-06-03 09:30,24.74001,24.9301,24.60001,24.60001,3874070
1307367000,2011-06-06 09:30,24.58,24.64,24.3,24.48,5231000
1307453400,2011-06-07 09:30,24.67999,24.78,24.50999,24.50999,1754968
1307539800,2011-06-08 09:30,24.48,24.64999,24.35001,24.37,3686429
1307626200,2011-06-09 09:30,24.46001,24.5,24.25,24.38,1755372
1307712600,2011-06-10 09:30,24.3,24.39,23.83,24.14,2811035
1307971800,2011-06-13 09:30,24.14999,24.39,24,24.25999,1437089
1308058200,2011-06-14 09:30,24.42,24.85001,24.42,24.69,1979528
1308144600,2011-06-15 09:30,24.48,24.57001,24.21001,24.34,2371633
1308231000,2011-06-16 09:30,24.37,24.73,24.25,24.69,2163341
1308317400,2011-06-17 09:30,24.72,25.21001,24.71001,25.009,5940949
1308576600,2011-06-20 09:30,24.91,25.28,24.82001,25.08,2553148
1308663000,2011-06-21 09:30,25.17999,25.3,25.03,25.27,3172576
1308749400,2011-06-22 09:30,25.17999,25.35001,25.00999,25.03999,2656280
1308835800,2011-06-23 09:30,24.73,24.78,24.27,24.67,2813945
1308922200,2011-06-24 09:30,24.74001,24.85001,24.5,24.59,1901253
1309181400,2011-06-27 09:30,24.57001,25.11,24.57001,24.88,1859765
1309267800,2011-06-28 09:30,25,25.03999,24.7245,25.00999,2040556
1309354200,2011-06-29 09:30,25.11,25.32001,24.91,25.28999,1995346
1309440600,2011-06-30 09:30,25.31,25.55,25.21001,25.45,1130765
1309527000,2011-07-01 09:30,25.42,25.95,25.42,25.86,1988903
1309872600,2011-07-05 09:30,25.85001,25.85001,25.42,25.62,1133202
1309959000,2011-07-06 09:30,25.55,25.75101,25.47,25.75,2051732
1310045400,2011-07-07 09:30,25.94,26.25999,25.86,26.14,1400096
1310131800,2011-07-08 09:30,25.8,25.92999,25.64,25.72,1588453
1310391000,2011-07-11 09:30,25.53,25.55,25.09,25.12,1923462
1310477400,2011-07-12 09:30,25.07001,25.67,25.07001,25.39,1479402
1310563800,2011-07-13 09:30,25.5,25.83,25.42999,25.61,1913867
1310650200,2011-07-14 09:30,25.69,25.73,25.02,25.11,3715980
1310736600,2011-07-15 09:30,25.32001,25.32001,24.91,25.03,2561959
1310995800,2011-07-18 09:30,24.94,25.00999,24.49001,24.67,2600255
1311082200,2011-07-19 09:30,24.8,25.17999,24.7,25.14,2011033
1311168600,2011-07-20 09:30,25.2,25.48,25.07001,25.36,2028686
1311255000,2011-07-21 09:30,25.48,25.88,25.44,25.81,3677628
1311341400,2011-07-22 09:30,25.8,25.81,25.4101,25.66,2127178
1311600600,2011-07-25 09:30,25.41,25.7,25.27499,25.56,3095642
1311687000,2011-07-26 09:30,25.57001,25.59,25.24001,25.28,1774526
1311773400,2011-07-27 09:30,25.11,25.17999,24.75,24.75,3963212
1311859800,2011-07-28 09:30,24.82001,24.91,24.67999,24.67999,1374362
1311946200,2011-07-29 09:30,24.42,24.87,24.39,24.78,2439795
1312205400,2011-08-01 09:30,25.10001,25.14,24.60001,24.75999,2837711
1312291800,2011-08-02 09:30,24.67999,24.84,24.19,24.19,4230090
1312378200,2011-08-03 09:30,24.16,24.62,23.8,24.60001,4401785
1312464600,2011-08-04 09:30,24.32001,24.42999,23.47,23.48,5758258
1312551000,2011-08-05 09:30,23.7,23.8,22.89,23.14999,6185520
1312810200,2011-08-08 09:30,22.38,23.14,20.87,20.89,10780629
1312896600,2011-08-09 09:30,21.38,22.14999,20.28,22.11,7229230
1312983000,2011-08-10 09:30,21.7,21.7,20.28999,20.33,5006215
1313069400,2011-08-11 09:30,20.52,21.62,20.28999,21.34,4985434
1313155800,2011-08-12 09:30,21.31,21.75999,20.8,20.86,5737035
1313415000,2011-08-15 09:30,21.06,21.62,21.06,21.58,3654605
1313501400,2011-08-16 09:30,21.42,21.59,21.07001,21.22,2403417
1313587800,2011-08-17 09:30,21.32001,21.69,21.23,21.36,3672433
1313674200,2011-08-18 09:30,20.92,20.92,20.03999,20.17999,8037637
1313760600,2011-08-19 09:30,19.86,20.46001,19.53,19.56,5143480
1314019800,2011-08-22 09:30,20.07001,20.16,19.48,19.62,3301300
1314106200,2011-08-23 09:30,19.71001,20.6499,19.47,20.63,4592816
1314192600,2011-08-24 09:30,20.55,21.27,20.55,21.16,4072502
1314279000,2011-08-25 09:30,21.86,22.17,20.465,20.7,5292414
1314365400,2011-08-26 09:30,20.53,21.17,20.12,20.96001,2443396
1314624600,2011-08-29 09:30,21.25,22.11,21.17,22.10001,2217256
1314711000,2011-08-30 09:30,21.96001,22.06,21.50999,21.89999,1555127
1314797400,2011-08-31 09:30,22,22.25,21.82001,22.06,2447041
1314883800,2011-09-01 09:30,22.06,22.28999,21.16991,21.25999,2980878
1314970200,2011-09-02 09:30,20.84,21,20.19,20.24001,2972782
1315315800,2011-09-06 09:30,19.58,20.21001,19.58,20.17999,2705155
1315402200,2011-09-07 09:30,20.56,21.44,20.49001,21.37,3152897
1315488600,2011-09-08 09:30,21.10001,21.3,20.55,20.66,2404942
1315575000,2011-09-09 09:30,20.52,20.72,19.87,20.03999,3053052
1315834200,2011-09-12 09:30,19.7,20.50999,19.7,20.39999,3987934
1315920600,2011-09-13 09:30,20.42999,21.10001,20.42999,20.82001,3485819
1316007000,2011-09-14 09:30,21,21.46001,20.53999,21.16,2484273
1316093400,2011-09-15 09:30,21.19,21.66,21.03999,21.66,1972291
1316179800,2011-09-16 09:30,21.62,21.7,20.99001,21.38,2951217
1316439000,2011-09-19 09:30,20.94,21.06,20.49001,20.64,1870191
1316525400,2011-09-20 09:30,20.66,20.955,20.39,20.45,1678779
1316611800,2011-09-21 09:30,20.50999,20.50999,19.14,19.14,3698397
1316698200,2011-09-22 09:30,18.67999,19.21001,18.60001,19.02,8490375
1316784600,2011-09-23 09:30,18.92999,19.405,18.86,19.09,1729379
1317043800,2011-09-26 09:30,19.45,19.83501,18.98,19.82001,2639265
1317130200,2011-09-27 09:30,20.2,20.58,19.89,20.11,5542910
1317216600,2011-09-28 09:30,19.92999,20.2,19.14999,19.14999,1790415
1317303000,2011-09-29 09:30,19.67999,20.03,19.36,20.03,1996068
1317389400,2011-09-30 09:30,19.66,20.00999,19.25999,19.31,2670895
1317648600,2011-10-03 09:30,19.12,19.64999,18.52,18.57001,6182328
1317735000,2011-10-04 09:30,18.34,20.07001,18.31,20.06,5687324
1317821400,2011-10-05 09:30,19.98,20.47,19.59,20.32001,4490852
1317907800,2011-10-06 09:30,20.23,21,20,20.95,2477516
1317994200,2011-10-07 09:30,21.02,21.14999,19.89999,19.92999,3519661
1318253400,2011-10-10 09:30,20.34,21.07001,20.28,21.03999,2623294
1318339800,2011-10-11 09:30,20.64,21.45,20.64,21.25,2722316
1318426200,2011-10-12 09:30,21.41,22.25999,21.39999,21.81,3845487
1318512600,2011-10-13 09:30,21.71001,21.71001,20.96001,21.35001,2696539
1318599000,2011-10-14 09:30,21.67999,21.87,21.06,21.535,2390545
1318858200,2011-10-17 09:30,21.39,21.39,20.56,20.63,2358583
1318944600,2011-10-18 09:30,20.75999,22.14,20.71001,21.88,4802840
1319031000,2011-10-19 09:30,21.81,22.16,21.63,21.89,4177066
1319117400,2011-10-20 09:30,21.97,22.28,21.46001,22.25,2385043
1319203800,2011-10-21 09:30,22.53,22.94,22.22,22.91,4242863
1319463000,2011-10-24 09:30,23.14,23.55,22.7,23.44,4339672
1319549400,2011-10-25 09:30,23.24001,23.25,22.53999,22.64,3844946
1319635800,2011-10-26 09:30,23.02,23.31,22.59,23.17,4124473
1319722200,2011-10-27 09:30,24.13,24.57001,23.82001,24.36,4674539
1319808600,2011-10-28 09:30,24.36,24.53,23.98,24.17999,2377780
1320067800,2011-10-31 09:30,23.99001,24.09,23.41,23.46001,1892125
1320154200,2011-11-01 09:30,22.61,23.17,22.24001,22.3,5014582
1320240600,2011-11-02 09:30,22.89999,23.27,22.64999,23.17999,2043739
1320327000,2011-11-03 09:30,23.46001,23.89549,22.77499,23.75999,2561091
1320413400,2011-11-04 09:30,23.57001,23.64,23.12,23.53,1630885
1320676200,2011-11-07 09:30,23.35001,23.81,23.14999,23.72,1955769
1320762600,2011-11-08 09:30,23.96001,24.32001,23.56,24.24001,2592959
1320849000,2011-11-09 09:30,23.56,23.66,22.7854,22.87,1835972
1320935400,2011-11-10 09:30,23.14999,23.41,22.939,23.11,1449400
1321021800,2011-11-11 09:30,23.44,23.78999,23.42,23.60001,2334132
1321281000,2011-11-14 09:30,23.42,23.53999,22.85001,23.03,1220319
1321367400,2011-11-15 09:30,22.91,23.47,22.75,23.33,1649181
1321453800,2011-11-16 09:30,23.05,23.74001,22.95,23.09,1852330
1321540200,2011-11-17 09:30,23.05,23.50999,22.74001,22.85001,2215763
1321626600,2011-11-18 09:30,23,23.205,22.71001,23.14999,1221880
1321885800,2011-11-21 09:30,22.63,22.74001,22.19,22.42,4298492
1321972200,2011-11-22 09:30,22.34,22.56,22.05,22.27,2057729
1322058600,2011-11-23 09:30,22.07001,22.08,21.42,21.47,2651221
1322231400,2011-11-25 09:30,21.44,21.8501,21.28,21.44,581687
1322490600,2011-11-28 09:30,22.17999,22.25999,21.789,22.06,2421348
1322577000,2011-11-29 09:30,22.09,22.19,21.8,21.98,1379557
1322663400,2011-11-30 09:30,22.96001,23.60001,22.73,23.60001,2198769
1322749800,2011-12-01 09:30,23.5,23.56,23.07001,23.38,1977506
1322836200,2011-12-02 09:30,23.52,24.07001,23.50999,23.59,1715254
1323095400,2011-12-05 09:30,23.95,24.24001,23.84,24.03999,2116084
1323181800,2011-12-06 09:30,24.03999,24.03999,23.64999,23.82001,2771688
1323268200,2011-12-07 09:30,23.88,24.06,23.23,23.92,3609601
1323354600,2011-12-08 09:30,23.77,23.77,23.02,23.11,1469590
1323441000,2011-12-09 09:30,23.32001,23.89999,23.21001,23.77,1287592
1323700200,2011-12-12 09:30,23.5799,23.5799,23.14,23.42999,1165017
1323786600,2011-12-13 09:30,23.72,23.7625,22.86,23.03999,2177039
1323873000,2011-12-14 09:30,22.82001,23.255,22.77,22.89,2654921
1323959400,2011-12-15 09:30,23.24001,23.34,22.96001,23.2,3868950
1324045800,2011-12-16 09:30,23.35001,23.77,23.2,23.34,5292301
1324305000,2011-12-19 09:30,23.53,23.60001,22.7,22.8,2167341
1324391400,2011-12-20 09:30,23.35001,23.84,23.21001,23.77,1419647
1324477800,2011-12-21 09:30,23.66,24.1425,23.48,24.10001,1511845
1324564200,2011-12-22 09:30,24.24001,24.91,24.14,24.67,6636953
1324650600,2011-12-23 09:30,24.74001,24.78,24.47,24.60001,1400201
1324996200,2011-12-27 09:30,24.59,24.74001,24.38,24.72,2127211
1325082600,2011-12-28 09:30,24.56,24.66,24.17999,24.28,1405828
1325169000,2011-12-29 09:30,24.25,24.74001,24.24001,24.73,3270317
1325255400,2011-12-30 09:30,24.61,24.69,24.39999,24.41,1273150
1325601000,2012-01-03 09:30,25,25.37,24.92999,25,2989228
1325687400,2012-01-04 09:30,24.94,25.209,24.62,25.14999,1752994
1325773800,2012-01-05 09:30,24.98,25.84,24.75999,25.63,4687563
1325860200,2012-01-06 09:30,25.78,25.78,25.16,25.53,2046734
1326119400,2012-01-09 09:30,25.66,25.95,25.5,25.92999,4093265
1326205800,2012-01-10 09:30,26.32001,26.44,26.06,26.11,5983742
1326292200,2012-01-11 09:30,26.24001,26.25999,25.8,26.22,6703547
1326378600,2012-01-12 09:30,26.38,26.40401,25.86,26.33,3022127
1326465000,2012-01-13 09:30,25.98,26.25,25.8,26.22,1905323
1326810600,2012-01-17 09:30,26.36,26.59,26,26.10001,3543550
1326897000,2012-01-18 09:30,26.0899,26.33,25.81,26.28,2036394
1326983400,2012-01-19 09:30,26.56,26.56,26.00999,26.17999,4297816
1327069800,2012-01-20 09:30,26.08,26.5,25.97,26.46001,4158793
1327329000,2012-01-23 09:30,26.46001,26.72,26.25,26.32001,7166438
1327415400,2012-01-24 09:30,26.23,26.39999,25.88,26.35001,2969562
1327501800,2012-01-25 09:30,26.34,26.61,26.1545,26.48,6517004
1327588200,2012-01-26 09:30,26.67,26.67,25.53,25.78999,9958441
1327674600,2012-01-27 09:30,25.69,26.03999,25.59,25.94,3538611
1327933800,2012-01-30 09:30,25.78,25.94,25.55,25.78999,3573021
1328020200,2012-01-31 09:30,25.91,26.05,25.64999,25.81,2632055
1328106600,2012-02-01 09:30,25.94,26.39,25.94,26.28999,4610570
1328193000,2012-02-02 09:30,26.3,26.545,26.16,26.44,4086443
1328279400,2012-02-03 09:30,26.8,27.23,26.78999,27.2,3635716
1328538600,2012-02-06 09:30,27.11,27.12,26.842,26.92,2390743
1328625000,2012-02-07 09:30,26.85001,27.11,26.74001,26.96001,1268528
1328711400,2012-02-08 09:30,26.95,27.23,26.7,27.10001,2493276
1328797800,2012-02-09 09:30,27.17999,27.24001,26.78,26.95,3320091
1328884200,2012-02-10 09:30,26.72,26.72,26.45,26.52,2246565
1329143400,2012-02-13 09:30,26.85001,26.96001,26.69,26.94,2157701
1329229800,2012-02-14 09:30,26.77,26.8,26.36099,26.64,2363308
1329316200,2012-02-15 09:30,26.81,26.94,26.55,26.67999,3448785
1329402600,2012-02-16 09:30,26.59,27.36,26.59,27.28999,4683965
1329489000,2012-02-17 09:30,27.48,27.5,27.24001,27.39999,1465164
1329834600,2012-02-21 09:30,27.46001,27.5,27.05499,27.23,2230839
1329921000,2012-02-22 09:30,27.16,27.16,26.53999,26.57001,3140196
1330007400,2012-02-23 09:30,26.61,27.17,26.45,27.10001,3265585
1330093800,2012-02-24 09:30,27.11,27.11,26.78,26.89999,2372004
1330353000,2012-02-27 09:30,26.63,27.245,26.52,27.11,2142486
1330439400,2012-02-28 09:30,27.09,27.23,26.85001,27.00999,2156147
1330525800,2012-02-29 09:30,27.11,27.37,26.77,26.89,3119489
1330612200,2012-03-01 09:30,26.98,27.41,26.97,27,2298700
1330698600,2012-03-02 09:30,26.96001,27.12,26.55,26.67,1677900
1330957800,2012-03-05 09:30,26.56,26.78999,26.39999,26.60001,2557052
1331044200,2012-03-06 09:30,26.28999,26.31,25.87,25.94,7204348
1331130600,2012-03-07 09:30,26.13,26.45,25.98,26.36,2587164
1331217000,2012-03-08 09:30,26.5,26.75999,26.34,26.75,1856767
1331303400,2012-03-09 09:30,26.74001,27.32001,26.71001,27.17999,2247588
1331559000,2012-03-12 09:30,27.10001,27.21001,26.89999,27.06,1404554
1331645400,2012-03-13 09:30,27.27,28.14,27.2,28.11,3394042
1331731800,2012-03-14 09:30,28.24001,28.5,27.87,28.27,5043508
1331818200,2012-03-15 09:30,28.34,28.95,28.13,28.83,4138266
1331904600,2012-03-16 09:30,28.92,29.09,28.532,28.83,3211400
1332163800,2012-03-19 09:30,28.8,29.36,28.46001,29.10001,3249972
1332250200,2012-03-20 09:30,28.85001,29.12,28.67999,28.95,3266274
1332336600,2012-03-21 09:30,29.03999,29.07001,28.67999,28.83,1752973
1332423000,2012-03-22 09:30,28.55,28.57001,28.10001,28.32001,2597796
1332509400,2012-03-23 09:30,28.25,28.47,28,28.44,2582871
1332768600,2012-03-26 09:30,28.75999,28.96001,28.53,28.85001,1820600
1332855000,2012-03-27 09:30,28.88,28.92999,28.61,28.61,2452654
1332941400,2012-03-28 09:30,28.60001,28.95,28.47501,28.85001,2021316
1333027800,2012-03-29 09:30,28.67999,28.71001,28.14,28.59,3402068
1333114200,2012-03-30 09:30,28.78,28.78,28.3,28.47,2066908
1333373400,2012-04-02 09:30,28.46001,28.75999,28.16,28.67,2160000
1333459800,2012-04-03 09:30,28.63,28.73,28.33,28.71001,3539744
1333546200,2012-04-04 09:30,28.36,28.50999,27.98,28.19501,5470926
1333632600,2012-04-05 09:30,28.06,28.22,27.8923,28.02,1601001
1333978200,2012-04-09 09:30,27.56,27.7,27.39,27.55,5054891
1334064600,2012-04-10 09:30,27.53999,27.58,26.92,27.00999,3640475
1334151000,2012-04-11 09:30,27.36,27.56,27.22,27.53,2714500
1334237400,2012-04-12 09:30,27.60001,27.96001,27.57001,27.88,3661312
1334323800,2012-04-13 09:30,27.81,27.81039,27.05,27.09,5133691
1334583000,2012-04-16 09:30,27.34,27.53999,27,27.38,2460622
1334669400,2012-04-17 09:30,27.64,28.16,27.64,27.94,3100622
1334755800,2012-04-18 09:30,27.82001,27.94,27.5,27.60001,2701081
1334842200,2012-04-19 09:30,27.69,27.86,27.272,27.5,4199117
1334928600,2012-04-20 09:30,27.64999,27.94,27.57001,27.67,1965875
1335187800,2012-04-23 09:30,27.27,27.50999,27.17999,27.42,2291527
1335274200,2012-04-24 09:30,27.46001,27.88,27.46001,27.78999,2404072
1335360600,2012-04-25 09:30,28.03,28.35001,27.92,28.17,3123006
1335447000,2012-04-26 09:30,28.16,28.42,28.06,28.33,2048624
1335533400,2012-04-27 09:30,28.39,28.56,28.09,28.53999,1613565
1335792600,2012-04-30 09:30,28.48,28.48,27.95,28.07001,1859840
1335879000,2012-05-01 09:30,28.13,28.58,28.08,28.17999,1742828
1335965400,2012-05-02 09:30,28.05,28.235,27.78999,28.14,2441596
1336051800,2012-05-03 09:30,28.12,28.265,27.81,27.94,1960107
1336138200,2012-05-04 09:30,27.78,27.87,27.33,27.55,3076794
1336397400,2012-05-07 09:30,27.39,27.95,27.39,27.8,2040454
1336483800,2012-05-08 09:30,27.66,27.87,27.49001,27.82001,3229802
1336570200,2012-05-09 09:30,27.44,27.61,27.16,27.49001,3243081
1336656600,2012-05-10 09:30,27.75,27.97,27.67,27.82001,2979234
1336743000,2012-05-11 09:30,27.55,27.97,27.39999,27.72,2865229
1337002200,2012-05-14 09:30,27.39999,27.53,27.21001,27.25999,1449123
1337088600,2012-05-15 09:30,27.25999,27.5,26.97501,27.06,1799135
1337175000,2012-05-16 09:30,27.25,27.395,26.83,26.86,2178369
1337261400,2012-05-17 09:30,26.89999,26.92999,26.39999,26.42999,4057923
1337347800,2012-05-18 09:30,26.46001,26.63,26.0799,26.17999,3330689
1337607000,2012-05-21 09:30,26.31,26.64999,26.12,26.41,3685624
1337693400,2012-05-22 09:30,26.44,26.87,26.36,26.59,5498672
1337779800,2012-05-23 09:30,26.28,26.77,26.12,26.66,2805444
1337866200,2012-05-24 09:30,26.8,26.92999,26.47,26.88,2523158
1337952600,2012-05-25 09:30,26.87,27.02,26.715,26.84,1208890
1338298200,2012-05-29 09:30,27.08,27.11,26.74001,27.08,2007446
1338384600,2012-05-30 09:30,26.74001,26.8,26.42999,26.50999,1270203
1338471000,2012-05-31 09:30,26.44,26.83,26.1701,26.63,2689763
1338557400,2012-06-01 09:30,26.10001,26.13,25.37,25.38,4274844
1338816600,2012-06-04 09:30,25.64,25.64,24.85001,24.94,4315133
1338903000,2012-06-05 09:30,24.88,25.2968,24.8,25,4427387
1338989400,2012-06-06 09:30,25.24001,25.55,25.065,25.53999,2983065
1339075800,2012-06-07 09:30,25.92,26,25.64,25.69,2956040
1339162200,2012-06-08 09:30,25.67,26.14999,25.39999,26.07001,2794467
1339421400,2012-06-11 09:30,26.33,26.39999,25.53999,25.55,2351408
1339507800,2012-06-12 09:30,25.58,25.89999,25.39999,25.89999,2291942
1339594200,2012-06-13 09:30,25.75999,26.23,25.63,25.75,1411328
1339680600,2012-06-14 09:30,25.77,26.17,25.77,26.07001,2085281
1339767000,2012-06-15 09:30,26.03,26.39999,25.901,26.32001,2957035
1340026200,2012-06-18 09:30,26.2,26.48,26.06,26.3,980641
1340112600,2012-06-19 09:30,26.36,26.85001,26.34,26.73,1621094
1340199000,2012-06-20 09:30,26.74001,26.89999,26.47,26.77,2332391
1340285400,2012-06-21 09:30,26.8,26.96001,26.08,26.14,1498217
1340371800,2012-06-22 09:30,26.33,26.64999,26.17,26.50999,1882819
1340631000,2012-06-25 09:30,26.03999,26.19,25.92999,26.08,784242
1340717400,2012-06-26 09:30,26.075,26.41499,25.89,26.2,1176925
1340803800,2012-06-27 09:30,26.28,26.72,26.13,26.64999,2535745
1340890200,2012-06-28 09:30,26.37,26.8,26.23,26.8,1595214
1340976600,2012-06-29 09:30,27.28999,27.56,27.19,27.38,1644274
1341235800,2012-07-02 09:30,27.33,27.62109,27.17,27.59,1671342
1341322200,2012-07-03 09:30,27.64999,27.81,27.55,27.78,1607742
1341495000,2012-07-05 09:30,27.77,27.78,27.59,27.62,937093
1341581400,2012-07-06 09:30,27.332,27.56,27.25999,27.5,558072
1341840600,2012-07-09 09:30,27.34,27.42,27.03,27.23,1127233
1341927000,2012-07-10 09:30,27.41,27.52,26.875,27.03,2549300
1342013400,2012-07-11 09:30,27.02,27.27,26.97,27.19,540045
1342099800,2012-07-12 09:30,27.06,27.19501,26.89,27.11,1738802
1342186200,2012-07-13 09:30,27.24001,27.82001,27.17999,27.74001,1426931
1342445400,2012-07-16 09:30,27.75999,27.86,27.57001,27.67999,1172154
1342531800,2012-07-17 09:30,27.81,28.02,27.49001,27.99001,3380823
1342618200,2012-07-18 09:30,27.95,28.05,27.67999,27.75999,2609008
1342704600,2012-07-19 09:30,27.8,27.86,27.28999,27.38,2157971
1342791000,2012-07-20 09:30,27.14,27.22,26.97,27,755452
1343050200,2012-07-23 09:30,26.50999,26.67999,26.44,26.61,1227340
1343136600,2012-07-24 09:30,26.78999,26.78999,26.32001,26.58,1731112
1343223000,2012-07-25 09:30,26.67999,26.77991,26.53,26.57001,491799
1343309400,2012-07-26 09:30,26.99001,27.02,26.64999,26.75999,1802152
1343395800,2012-07-27 09:30,26.86,27.35001,26.64999,27.2,1442185
1343655000,2012-07-30 09:30,27.13,27.28,27,27.03999,1373652
1343741400,2012-07-31 09:30,26.95,27.14999,26.91,26.91,2945929
1343827800,2012-08-01 09:30,27.03999,27.13,26.69,26.73,903627
1343914200,2012-08-02 09:30,26.57001,26.67,26.23,26.44,2160036
1344000600,2012-08-03 09:30,26.972,27.35001,26.67,27.25999,1519869
1344259800,2012-08-06 09:30,27.36,27.49001,27.21001,27.23,787920
1344346200,2012-08-07 09:30,27.32001,27.69,27.28999,27.41,1414018
1344432600,2012-08-08 09:30,27.3,27.57001,27.06,27.44,948758
1344519000,2012-08-09 09:30,27.41,27.52,27.325,27.39,641478
1344605400,2012-08-10 09:30,27.3,27.45,27.14,27.28999,529743
1344864600,2012-08-13 09:30,27.28,27.3084,26.99001,27.3,654772
1344951000,2012-08-14 09:30,27.39,27.52,27.25,27.34,982936
1345037400,2012-08-15 09:30,27.27,27.53,27.25999,27.49001,453354
1345123800,2012-08-16 09:30,27.53,27.69,27.37,27.64,548631
1345210200,2012-08-17 09:30,27.7,27.85001,27.58,27.85001,317942
1345469400,2012-08-20 09:30,27.78999,27.96001,27.74001,27.89,1434576
1345555800,2012-08-21 09:30,27.98,28.33,27.84,27.92999,1174556
1345642200,2012-08-22 09:30,27.86,28.00999,27.62,27.71001,1294316
1345728600,2012-08-23 09:30,27.67,27.67,27.33,27.38,1671075
1345815000,2012-08-24 09:30,27.33,27.61,27.3,27.5,638114
1346074200,2012-08-27 09:30,27.60001,27.73,27.45,27.55,436308
1346160600,2012-08-28 09:30,27.52,27.8,27.50999,27.7,1061572
1346247000,2012-08-29 09:30,27.74001,28.07001,27.72,27.98,1406113
1346333400,2012-08-30 09:30,27.84,27.85001,27.64999,27.77,451665
1346419800,2012-08-31 09:30,27.92999,27.96989,27.63,27.78999,502273
1346765400,2012-09-04 09:30,27.74001,28.19,27.59,28.09,853517
1346851800,2012-09-05 09:30,28,28.07001,27.8,28.00999,3219808
1346938200,2012-09-06 09:30,28.19,28.74001,28.19,28.62,2717644
1347024600,2012-09-07 09:30,28.75,29.03999,28.59,28.89,2422172
1347283800,2012-09-10 09:30,28.91,28.97,28.69,28.7,601616
1347370200,2012-09-11 09:30,28.75,29,28.71001,28.78,1045076
1347456600,2012-09-12 09:30,28.92,29.10001,28.89,29.00999,1818140
1347543000,2012-09-13 09:30,29.03,29.55499,28.74001,29.36,3218287
1347629400,2012-09-14 09:30,29.61,30.08,29.44,29.95,3576876
1347888600,2012-09-17 09:30,29.88,29.88499,29.36,29.42999,1892631
1347975000,2012-09-18 09:30,29.35001,29.57001,29.28999,29.42,1482608
1348061400,2012-09-19 09:30,29.47,29.63,29.38,29.46001,1475270
1348147800,2012-09-20 09:30,29.3,29.3401,29.01019,29.25999,1826556
1348234200,2012-09-21 09:30,29.39,29.42,29.06,29.09,1184823
1348493400,2012-09-24 09:30,28.98,29.35001,28.87,29.17999,1807123
1348579800,2012-09-25 09:30,29.28,29.41,28.78999,28.78999,3718597
1348666200,2012-09-26 09:30,28.67,28.99001,28.53999,28.59,1402177
1348752600,2012-09-27 09:30,28.72,28.979,28.5699,28.81,1493220
1348839000,2012-09-28 09:30,28.74001,28.77901,28.53,28.64,588036
1349098200,2012-10-01 09:30,28.75,28.91,28.48,28.59,998417
1349184600,2012-10-02 09:30,28.67999,28.7944,28.56,28.66,777202
1349271000,2012-10-03 09:30,28.77,28.94,28.55,28.77,729712
1349357400,2012-10-04 09:30,28.89999,29.14999,28.8,29.09,1173105
1349443800,2012-10-05 09:30,29.25,29.49001,29.11,29.2,715383
1349703000,2012-10-08 09:30,29.08,29.16,28.95,29.05,752471
1349789400,2012-10-09 09:30,29.07001,29.10001,28.73,28.78,1566571
1349875800,2012-10-10 09:30,28.85001,28.98,28.67999,28.82001,2499987
1349962200,2012-10-11 09:30,29.11,29.19,28.99001,29.07001,1447308
1350048600,2012-10-12 09:30,28.89,28.89999,28.14999,28.16,5232934
1350307800,2012-10-15 09:30,28.3,28.42999,28.10001,28.24001,5436660
1350394200,2012-10-16 09:30,28.39,28.39,27.73,27.75999,8739355
1350480600,2012-10-17 09:30,27.89,28.25,27.89,28.2195,3053962
1350567000,2012-10-18 09:30,28.2,28.32001,28.12,28.13,1360640
1350653400,2012-10-19 09:30,28,28.10001,27.81,27.95,1906128
1350912600,2012-10-22 09:30,27.88,28.25391,27.85001,28.07001,1797401
1350999000,2012-10-23 09:30,27.81,27.89,27.5,27.85001,3104993
1351085400,2012-10-24 09:30,28.00999,28.03,27.8,27.88,1122744
1351171800,2012-10-25 09:30,28.21001,28.24001,27.78,28.19,1837834
1351258200,2012-10-26 09:30,28.05,28.159,27.82001,27.89,2704698
1351690200,2012-10-31 09:30,28.07001,28.07001,27.61,27.94,1224198
1351776600,2012-11-01 09:30,28,28.38,27.88,28.3,2143610
1351863000,2012-11-02 09:30,28.3,28.39999,27.92,27.92,2004810
1352125800,2012-11-05 09:30,27.85001,27.99001,27.5,27.91,3045908
1352212200,2012-11-06 09:30,27.97,28.39999,27.97,28.33189,1094037
1352298600,2012-11-07 09:30,28.17999,28.19,27.24001,27.25,5355941
1352385000,2012-11-08 09:30,27.39,27.53,26.95,26.9606,2569270
1352471400,2012-11-09 09:30,26.84,27.3,26.82001,27.08,2544944
1352730600,2012-11-12 09:30,27.08,27.2,26.98,27.13,666817
1352817000,2012-11-13 09:30,26.89,27.19,26.7,26.7,3379218
1352903400,2012-11-14 09:30,26.82001,26.82001,26.23,26.28,2253479
1352989800,2012-11-15 09:30,26.17999,26.45,26.10001,26.25,2551041
1353076200,2012-11-16 09:30,26.23,26.53,26.07001,26.50771,2007650
1353335400,2012-11-19 09:30,26.91,27.03,26.82001,26.9895,2934835
1353421800,2012-11-20 09:30,26.84,27.3,26.83,27.21001,2193306
1353508200,2012-11-21 09:30,27.24001,27.28011,26.99001,27.14999,1518150
1353681000,2012-11-23 09:30,27.27,27.86,27.14999,27.86,2994071
1353940200,2012-11-26 09:30,27.69,27.75,27.57001,27.75,2769088
1354026600,2012-11-27 09:30,27.72,27.75999,27.46001,27.48,1528433
1354113000,2012-11-28 09:30,27.50999,27.50999,27.02,27.48,1535797
1354199400,2012-11-29 09:30,27.67,27.8,27.53999,27.64,1403236
1354285800,2012-11-30 09:30,27.67,27.72,27.5,27.58,836832
1354545000,2012-12-03 09:30,27.71001,27.77,27.495,27.60001,1550985
1354631400,2012-12-04 09:30,27.53,27.59,27.17999,27.37,1849331
1354717800,2012-12-05 09:30,27.38,27.66,27.28999,27.49001,1166617
1354804200,2012-12-06 09:30,27.5,27.59,27.41,27.48,668361
1354890600,2012-12-07 09:30,27.63,27.63,27.37,27.49001,954695
1355149800,2012-12-10 09:30,27.48,27.69,27.401,27.53999,702386
1355236200,2012-12-11 09:30,27.7,27.84,27.63,27.78999,1772333
1355322600,2012-12-12 09:30,27.82001,28.03,27.73,27.78999,1807907
1355409000,2012-12-13 09:30,27.78,27.83,27.49001,27.57001,1226025
1355495400,2012-12-14 09:30,27.48,27.57001,27.37,27.39,1528297
1355754600,2012-12-17 09:30,27.55,28.00999,27.4801,28.00999,2152345
1355841000,2012-12-18 09:30,28.11,28.48,28.039,28.46001,1654532
1355927400,2012-12-19 09:30,28.5,28.64999,28.3,28.5,1710655
1356013800,2012-12-20 09:30,28.50999,28.69501,28.42,28.67,2512994
1356100200,2012-12-21 09:30,27.91,28.3,27.91,28.19,1093099
1356359400,2012-12-24 09:30,28.09,28.2,27.97,28.03999,309594
1356532200,2012-12-26 09:30,28.08,28.17999,27.87,27.98,448728
1356618600,2012-12-27 09:30,28,28.06,27.45,27.84,4052051
1356705000,2012-12-28 09:30,27.64999,27.92,27.59,27.7,1270341
1356964200,2012-12-31 09:30,27.66,27.98,27.58,27.97,1588256
1357137000,2013-01-02 09:30,28.69,29.03999,28.50999,29.00999,4281859
1357223400,2013-01-03 09:30,29,29.2,28.89999,29.16,7195355
1357309800,2013-01-04 09:30,29.17999,29.53999,29.13,29.5,1644389
1357569000,2013-01-07 09:30,29.48,29.49001,29.17999,29.32001,1190998
1357655400,2013-01-08 09:30,29.27,29.38,29.05,29.2,738951
1357741800,2013-01-09 09:30,29.24001,29.37,29.01199,29.06,1583823
1357828200,2013-01-10 09:30,29.34,29.34,29.08,29.22,2538341
1357914600,2013-01-11 09:30,29.14999,29.27,28.63,28.92999,5338121
1358173800,2013-01-14 09:30,28.91,29.14999,28.75,29.03,1007380
1358260200,2013-01-15 09:30,28.92999,29.24001,28.85001,29.19,810907
1358346600,2013-01-16 09:30,29.14,29.3999,29.02,29.32001,3404027
1358433000,2013-01-17 09:30,29.45,29.75,29.42,29.7,6717941
1358519400,2013-01-18 09:30,29.7,29.7957,29.42,29.591,2330054
1358865000,2013-01-22 09:30,29.56,29.91,29.56,29.91,2352969
1358951400,2013-01-23 09:30,29.89999,29.89999,29.63,29.67999,1554348
1359037800,2013-01-24 09:30,29.71001,29.8,29.56,29.67,1953245
1359124200,2013-01-25 09:30,29.63,29.82001,29.5201,29.71001,1657942
1359383400,2013-01-28 09:30,29.75,30.14,29.52,29.74001,965123
1359469800,2013-01-29 09:30,29.7,29.9101,29.7,29.81,899348
1359556200,2013-01-30 09:30,29.78999,29.89999,29.64,29.78,1632272
1359642600,2013-01-31 09:30,29.72,29.92999,29.61,29.83,1344007
1359729000,2013-02-01 09:30,30.03999,30.31,29.89,30.25,1313199
1359988200,2013-02-04 09:30,30.10001,30.19,29.84,29.88,3003306
1360074600,2013-02-05 09:30,30.07001,30.33,29.99001,30.23,1055082
1360161000,2013-02-06 09:30,30.19,30.36,30.03999,30.36,1078650
1360247400,2013-02-07 09:30,30.38,30.42,30.14,30.38,1185012
1360333800,2013-02-08 09:30,30.42999,30.50999,30.37,30.47,731655
1360593000,2013-02-11 09:30,30.44,30.58,30.3201,30.53,2313210
1360679400,2013-02-12 09:30,30.61,30.8,30.52,30.75999,2442817
1360765800,2013-02-13 09:30,30.8,30.86,30.62,30.78,1548990
1360852200,2013-02-14 09:30,30.67999,30.82001,30.67999,30.71001,966469
1360938600,2013-02-15 09:30,30.73,30.78,30.63,30.67999,762311
1361284200,2013-02-19 09:30,30.75,30.9001,30.71001,30.83,3693708
1361370600,2013-02-20 09:30,30.85001,30.97,30.47,30.47,2050680
1361457000,2013-02-21 09:30,30.41,30.59,30.08,30.17,4335824
1361543400,2013-02-22 09:30,30.36,30.53999,30.34,30.53,957511
1361802600,2013-02-25 09:30,30.8,30.8,29.82001,29.82001,2151165
1361889000,2013-02-26 09:30,29.89999,30.105,29.6725,30.02,3107464
1361975400,2013-02-27 09:30,29.95,30.39999,29.936,30.3,908963
1362061800,2013-02-28 09:30,30.32001,30.57001,30.21001,30.37,914525
1362148200,2013-03-01 09:30,30.21001,30.47,29.92999,30.41,1166526
1362407400,2013-03-04 09:30,30.36,30.62,30.27,30.60001,1321557
1362493800,2013-03-05 09:30,30.67999,30.97,30.6501,30.78999,4267488
1362580200,2013-03-06 09:30,30.97,30.97,30.795,30.88,884365
1362666600,2013-03-07 09:30,31.00999,31.23,30.91,31.22,1889304
1362753000,2013-03-08 09:30,31.39999,31.5,31.12,31.27,2911020
1363008600,2013-03-11 09:30,31.39999,31.48,31.20399,31.39,1601702
1363095000,2013-03-12 09:30,31.39,31.455,31.22501,31.32001,1880863
1363181400,2013-03-13 09:30,31.3,31.52,31.27,31.47,885802
1363267800,2013-03-14 09:30,31.59,31.8,31.52,31.78999,1380154
1363354200,2013-03-15 09:30,31.67999,31.86,31.58,31.85001,1544210
1363613400,2013-03-18 09:30,31.53999,31.66,31.35001,31.53,1672615
1363699800,2013-03-19 09:30,31.66,31.71001,31.45,31.64999,1890345
1363786200,2013-03-20 09:30,31.84,31.92,31.754,31.89,1261433
1363872600,2013-03-21 09:30,31.64999,31.83,30.44,31.67999,1508488
1363959000,2013-03-22 09:30,31.69,31.84,31.64,31.73,1128686
1364218200,2013-03-25 09:30,31.86,31.91,31.62,31.78999,2078095
1364304600,2013-03-26 09:30,31.8,31.94,31.74001,31.91,569913
1364391000,2013-03-27 09:30,31.77,31.86,31.49001,31.85001,1675599
1364477400,2013-03-28 09:30,31.85001,31.87,31.71001,31.78999,755020
1364823000,2013-04-01 09:30,31.81,31.81,31.24001,31.39999,1383137
1364909400,2013-04-02 09:30,31.55,31.55,31.10001,31.14999,1214941
1364995800,2013-04-03 09:30,31.19,31.19,30.64,30.69,1775275
1365082200,2013-04-04 09:30,30.75,30.96001,30.64,30.92999,1376946
1365168600,2013-04-05 09:30,30.19,30.97,30.19,30.97,1568016
1365427800,2013-04-08 09:30,30.96001,31.19,30.64999,31.16,2032231
1365514200,2013-04-09 09:30,31.14999,31.28,30.98,31.10001,1293685
1365600600,2013-04-10 09:30,31.23,31.625,31.14999,31.59,2259830
1365687000,2013-04-11 09:30,31.60001,31.61,31.36,31.42999,2537214
1365773400,2013-04-12 09:30,31.28999,31.39999,31.075,31.21001,1548860
1366032600,2013-04-15 09:30,31.13,31.13,30.19,30.19,1584720
1366119000,2013-04-16 09:30,30.39,30.59,30.25999,30.56,1285276
1366205400,2013-04-17 09:30,30.48,31,29.84,30.09,1636442
1366291800,2013-04-18 09:30,30.05,30.28999,29.73,29.91,1997938
1366378200,2013-04-19 09:30,29.92999,30.5,29.78999,30.28,1787444
1366637400,2013-04-22 09:30,30.33,30.33,29.89,30.21001,2884159
1366723800,2013-04-23 09:30,30.25999,30.71001,30.19,30.7,1244715
1366810200,2013-04-24 09:30,30.67,30.95,30.60001,30.92999,803148
1366896600,2013-04-25 09:30,31.00999,31.17,30.94,31,1046884
1366983000,2013-04-26 09:30,30.98,30.98,30.61,30.8,800599
1367242200,2013-04-29 09:30,30.85001,31.03999,30.85001,31.00999,1268174
1367328600,2013-04-30 09:30,31.03,31.07001,30.77049,31.05,1008639
1367415000,2013-05-01 09:30,30.99001,30.99001,30.39999,30.42,1153881
1367501400,2013-05-02 09:30,30.46001,30.89,30.46001,30.78999,1496083
1367587800,2013-05-03 09:30,31.11,31.39,31.07001,31.14999,1278386
1367847000,2013-05-06 09:30,31.14999,31.59,31.12,31.56,3021174
1367933400,2013-05-07 09:30,31.62,32.03999,31.60001,32.00999,4135895
1368019800,2013-05-08 09:30,31.98,32.07001,31.8,32.02,1028585
1368106200,2013-05-09 09:30,31.91,32.03999,31.795,31.86,425402
1368192600,2013-05-10 09:30,31.86,31.98,31.7701,31.96001,526811
1368451800,2013-05-13 09:30,31.91,32.14999,31.81,32.03,2447003
1368538200,2013-05-14 09:30,32.07001,32.47,31.99001,32.45,2415112
1368624600,2013-05-15 09:30,32.39999,32.73,32.32001,32.62,1185315
1368711000,2013-05-16 09:30,32.46001,32.785,32.46001,32.53,938044
1368797400,2013-05-17 09:30,32.59,33,32.59,32.96001,1176869
1369056600,2013-05-20 09:30,32.92,33.235,32.91,33.14999,1551721
1369143000,2013-05-21 09:30,33.19,33.24001,32.99001,33.14999,2930060
1369229400,2013-05-22 09:30,33.22,33.49001,32.472,32.63,2797062
1369315800,2013-05-23 09:30,32.33,32.595,32.14999,32.55,3252699
1369402200,2013-05-24 09:30,32.39999,32.67999,32.25,32.67999,954192
1369747800,2013-05-28 09:30,33.07001,33.37,32.89999,33.08,1032970
1369834200,2013-05-29 09:30,32.94,33.16,32.75999,32.92999,2631338
1369920600,2013-05-30 09:30,32.94,33.3297,32.89999,33.25,1038299
1370007000,2013-05-31 09:30,33.06,33.265,32.78999,32.82001,1298221
1370266200,2013-06-03 09:30,32.95,33.06,32.32001,32.85001,2702201
1370352600,2013-06-04 09:30,32.89999,33.06,32.41,32.60001,1812624
1370439000,2013-06-05 09:30,32.56,32.63,32.10001,32.14999,2402236
1370525400,2013-06-06 09:30,32.10001,32.45,31.91,32.42999,1772618
1370611800,2013-06-07 09:30,32.50999,32.86,32.42,32.82001,827035
1370871000,2013-06-10 09:30,32.99001,33.17,32.75999,33.14,1643677
1370957400,2013-06-11 09:30,32.75,33.0455,32.60001,32.7,727231
1371043800,2013-06-12 09:30,32.77,32.96001,32.24001,32.32001,1447286
1371130200,2013-06-13 09:30,32.25,32.855,32.13,32.85001,4157480
1371216600,2013-06-14 09:30,32.84,32.84,32.21001,32.28999,2247634
1371475800,2013-06-17 09:30,32.47,32.64999,32.3,32.49001,786177
1371562200,2013-06-18 09:30,32.53999,32.92,32.45,32.83,1344811
1371648600,2013-06-19 09:30,32.85001,32.96001,32.59,32.67,2148829
1371735000,2013-06-20 09:30,32.39999,32.85001,32.22,32.59,4541602
1371821400,2013-06-21 09:30,32.63,32.83,32.35001,32.78999,3804508
1372080600,2013-06-24 09:30,32.50999,32.78999,32.34,32.58,2446637
1372167000,2013-06-25 09:30,32.99001,33.33,32.58,33.27,5801156
1372253400,2013-06-26 09:30,33.57001,33.7,33.19009,33.36,5068484
1372339800,2013-06-27 09:30,33.63,34.03,33.5,33.97,4124949
1372426200,2013-06-28 09:30,33.87,34.08,33.72,33.88,2704088
1372685400,2013-07-01 09:30,34.12,34.78,34.06,34.49001,4468027
1372771800,2013-07-02 09:30,34.5,35.14,34.49001,34.82001,6916574
1372858200,2013-07-03 09:30,34.72,35.03999,34.60001,34.95,1409828
1373031000,2013-07-05 09:30,35.25999,35.95,35.21001,35.92999,4317434
1373290200,2013-07-08 09:30,36.23,36.53999,35.89,35.92,5894883
1373376600,2013-07-09 09:30,36.14999,36.19,35.59,36.09,4763203
1373463000,2013-07-10 09:30,36.05,36.10001,35.5265,35.7,3718790
1373549400,2013-07-11 09:30,36.14,36.14,35.08,35.11,10001570
1373635800,2013-07-12 09:30,35.16,35.63,35.13,35.53999,3335808
1373895000,2013-07-15 09:30,35.81,35.91499,35.58,35.89,2379588
1373981400,2013-07-16 09:30,35.96001,36,35.07001,35.52,4651301
1374067800,2013-07-17 09:30,35.64,35.86,35.52,35.75,3008487
1374154200,2013-07-18 09:30,35.77,36.48,35.73,36.44,3928066
1374240600,2013-07-19 09:30,36.23,36.63,36.23,36.63,1790079
1374499800,2013-07-22 09:30,36.67,37.03,36.52,36.94,3397842
1374586200,2013-07-23 09:30,37.08,37.31,36.8,37.24001,3059336
1374672600,2013-07-24 09:30,37.39,37.63,37.25999,37.41,3066562
1374759000,2013-07-25 09:30,37.35001,37.53,37,37.17999,6384016
1374845400,2013-07-26 09:30,36.96001,37.08,36.85001,37.03999,2001463
1375104600,2013-07-29 09:30,36.95,37.05,36.50999,36.7,2896410
1375191000,2013-07-30 09:30,36.88,37.10001,36.61,36.7,2772534
1375277400,2013-07-31 09:30,36.81,37.45,36.74001,36.8,3663383
1375363800,2013-08-01 09:30,37.12,37.64999,36.97,37.52,2719910
1375450200,2013-08-02 09:30,37.42,37.55,37.14,37.49001,2056279
1375709400,2013-08-05 09:30,37.44,37.72,37.28999,37.53999,2154430
1375795800,2013-08-06 09:30,37.50999,37.56,37.07001,37.14,1833477
1375882200,2013-08-07 09:30,37.03999,37.14,36.61,36.78999,2288848
1375968600,2013-08-08 09:30,37.03,37.22,36.7,36.89,1276641
1376055000,2013-08-09 09:30,36.83,37.03999,36.705,36.75,955965
1376314200,2013-08-12 09:30,36.56,36.94,36.5,36.84,1293267
1376400600,2013-08-13 09:30,36.98,37.00999,36.47,36.95,1534148
1376487000,2013-08-14 09:30,36.91,37.17999,36.8855,36.92999,755506
1376573400,2013-08-15 09:30,36.52,36.77,36.42999,36.56,1583620
1376659800,2013-08-16 09:30,36.56,36.99001,36.42,36.61,1944813
1376919000,2013-08-19 09:30,36.53999,36.58,36.24001,36.27,1871209
1377005400,2013-08-20 09:30,36.28999,36.94,36.28,36.85001,2206053
1377091800,2013-08-21 09:30,36.58,36.89999,36.38,36.55,2135704
1377178200,2013-08-22 09:30,36.60001,37.2,36.60001,37.06,1755159
1377264600,2013-08-23 09:30,37.2,37.22,36.71001,36.91,2018816
1377523800,2013-08-26 09:30,36.96001,36.99001,36.53999,36.55,1882609
1377610200,2013-08-27 09:30,36.16,36.19,35.3,35.32001,4789355
1377696600,2013-08-28 09:30,35.3,35.64,35.16,35.39,1982215
1377783000,2013-08-29 09:30,35.36,35.89,35.32001,35.64999,2127772
1377869400,2013-08-30 09:30,35.78,35.78,35.05,35.12,2679500
1378215000,2013-09-03 09:30,35.35001,35.97,34.72,35.05,3083443
1378301400,2013-09-04 09:30,35.07001,35.46001,34.98,35.17999,2202700
1378387800,2013-09-05 09:30,35.27,35.61,35.17999,35.45,2138182
1378474200,2013-09-06 09:30,35.55,35.59,34.77,35.42,2701881
1378733400,2013-09-09 09:30,35.47,35.64,35.2,35.61,3643115
1378819800,2013-09-10 09:30,35.84,35.95,35.66,35.89999,2255575
1378906200,2013-09-11 09:30,35.89,35.95,35.605,35.7,2768482
1378992600,2013-09-12 09:30,35.74001,35.855,35.52,35.52,2172882
1379079000,2013-09-13 09:30,35.59,35.6575,35.315,35.61,2454879
1379338200,2013-09-16 09:30,35.88,35.94,35.64,35.72,3405999
1379424600,2013-09-17 09:30,35.78999,36.22,35.66,36.21001,3777597
1379511000,2013-09-18 09:30,36.23,36.49001,35.89999,35.92999,6541680
1379597400,2013-09-19 09:30,36.00999,36.10001,35.08,35.28,11229258
1379683800,2013-09-20 09:30,35.28999,35.59,35.17,35.53999,4678313
1379943000,2013-09-23 09:30,35.41,35.42,34.91,35.27,3124678
1380029400,2013-09-24 09:30,35.23,35.685,35.07001,35.42,2549061
1380115800,2013-09-25 09:30,35.52,35.82001,35.17,35.57001,2115570
1380202200,2013-09-26 09:30,35.62,35.81,35.24001,35.45,1839933
1380288600,2013-09-27 09:30,35.31,35.73,35.21001,35.45,2294998
1380547800,2013-09-30 09:30,35.2,35.64999,35.00999,35.64999,3232188
1380634200,2013-10-01 09:30,35.49001,36.17,35.49001,36.16,4317688
1380720600,2013-10-02 09:30,35.97,35.97,35.67999,35.8,3616497
1380807000,2013-10-03 09:30,35.75999,35.7899,35.4201,35.64,2133618
1380893400,2013-10-04 09:30,35.7,35.99001,35.58,35.95,1688300
1381152600,2013-10-07 09:30,35.66,35.67999,35.32001,35.34,2757044
1381239000,2013-10-08 09:30,35.315,35.39,35.03999,35.03999,3653863
1381325400,2013-10-09 09:30,35.14999,35.3,35.02,35.13,2398035
1381411800,2013-10-10 09:30,35.50999,35.985,35.46001,35.94,2265272
1381498200,2013-10-11 09:30,35.89999,36.67999,35.67,36.64999,5422324
1381757400,2013-10-14 09:30,36.39,36.85001,36.39,36.8,2098668
1381843800,2013-10-15 09:30,36.75,36.87,36.44,36.5,3050556
1381930200,2013-10-16 09:30,36.67,37.25,36.64999,37.03,5722664
1382016600,2013-10-17 09:30,36.85001,37.28,36.71001,37.245,3754335
1382103000,2013-10-18 09:30,37.39,37.62,37.07001,37.49001,2543858
1382362200,2013-10-21 09:30,37.35001,37.71001,37.31,37.63,2302595
1382448600,2013-10-22 09:30,37.53,37.71001,37.38,37.61,4078301
1382535000,2013-10-23 09:30,37.36,37.73,37.28,37.645,2115930
1382621400,2013-10-24 09:30,37.60001,37.82001,37.48,37.75999,2369727
1382707800,2013-10-25 09:30,37.81,37.95,37.63499,37.81,1120238
1382967000,2013-10-28 09:30,37.81,38.09,37.71,38.04,2119686
1383053400,2013-10-29 09:30,38.03,38.112,37.6,37.87,2172593
1383139800,2013-10-30 09:30,37.9,38.02,37.76,37.78,2650463
1383226200,2013-10-31 09:30,37.77,37.83,37.35,37.37,2265920
1383312600,2013-11-01 09:30,37.43,37.62,37.05,37.3,2072224
1383575400,2013-11-04 09:30,37.45,37.47,37.109,37.45,841418
1383661800,2013-11-05 09:30,37.35,37.6,37.16,37.46,801832
1383748200,2013-11-06 09:30,37.64,37.74,37.49,37.68,1182489
1383834600,2013-11-07 09:30,37.57,37.88,37.24,37.24,1457537
1383921000,2013-11-08 09:30,37.29,38.72,37.29,38.7,8904243
1384180200,2013-11-11 09:30,38.78,38.79,38.25,38.32,2503150
1384266600,2013-11-12 09:30,38.25,38.32,37.79,37.94,1684978
1384353000,2013-11-13 09:30,37.85,38.28,37.68,38.28,1977015
1384439400,2013-11-14 09:30,38.37,38.505,38.12,38.46,2031575
1384525800,2013-11-15 09:30,38.57,38.59,38.1,38.34,2816022
1384785000,2013-11-18 09:30,38.45,38.76,38.21,38.315,2843121
1384871400,2013-11-19 09:30,38.34,38.535,38.13,38.29,1775725
1384957800,2013-11-20 09:30,38.39,38.51,38.09,38.31,1492402
1385044200,2013-11-21 09:30,38.47,39.145,38.41,39.05,2128321
1385130600,2013-11-22 09:30,39.15,39.43,38.85,39.41,2044567
1385389800,2013-11-25 09:30,39.57,39.78,39.36,39.58,2565754
1385476200,2013-11-26 09:30,39.55,39.86,39.49,39.8,2511147
1385562600,2013-11-27 09:30,39.86,40.13,39.71,40.02,2533476
1385735400,2013-11-29 09:30,40.13,40.22,39.88,39.96,1379528
1385994600,2013-12-02 09:30,39.96,40.1779,39.54,39.59,1998803
1386081000,2013-12-03 09:30,39.35,39.68,38.84,39.07,3383315
1386167400,2013-12-04 09:30,39.03,39.51,38.87,39.24,1766263
1386253800,2013-12-05 09:30,39.15,39.33,39.06,39.23,1290473
1386340200,2013-12-06 09:30,39.66,40.09,39.6,39.93,2998120
1386599400,2013-12-09 09:30,39.99,40.1,39.66,39.79,2461764
1386685800,2013-12-10 09:30,39.71,39.9,39.29,39.37,2345300
1386772200,2013-12-11 09:30,39.44,39.46,38.81,38.88,2482718
1386858600,2013-12-12 09:30,38.88,39.33,38.88,39.14,1899606
1386945000,2013-12-13 09:30,39.26,39.38,38.81,39.07,2651774
1387204200,2013-12-16 09:30,39.36,39.74,39.16,39.665,2432307
1387290600,2013-12-17 09:30,39.67,39.78,39.27,39.46,2525307
1387377000,2013-12-18 09:30,39.56,40.06,39.1801,40.03,3618970
1387463400,2013-12-19 09:30,39.92,40.01,39.71,39.76,2512297
1387549800,2013-12-20 09:30,39.58,40.12,39.52,40.1,2566191
1387809000,2013-12-23 09:30,40.25,40.818,40.19,40.77,4932683
1387895400,2013-12-24 09:30,40.83,41,40.72,40.75,728288
1388068200,2013-12-26 09:30,40.89,40.96,40.65,40.71,4429534
1388154600,2013-12-27 09:30,40.8,40.915,40.5285,40.69,1855808
1388413800,2013-12-30 09:30,40.7,40.7,40.4301,40.48,902133
1388500200,2013-12-31 09:30,40.58,40.6882,40.51,40.61,1588759
1388673000,2014-01-02 09:30,40.5,40.52,39.93,39.99,5416475
1388759400,2014-01-03 09:30,40.04,40.2,39.88,40.03,1177002
1389018600,2014-01-06 09:30,40.2,40.35,39.74,39.75,2224670
1389105000,2014-01-07 09:30,39.85,40.41,39.8101,40.1,2184693
1389191400,2014-01-08 09:30,40.14,40.24,39.95,40.14,1471691
1389277800,2014-01-09 09:30,40.28,40.53,40.22,40.44,1901232
1389364200,2014-01-10 09:30,40.35,40.41,40.07,40.38,2130546
1389623400,2014-01-13 09:30,40.33,40.48,39.695,39.93,4103101
1389709800,2014-01-14 09:30,40.02,40.15,39.7499,40.07,2293806
1389796200,2014-01-15 09:30,40.23,40.53,40.17,40.25,3186403
1389882600,2014-01-16 09:30,40.12,40.24,39.73,39.92,4491650
1389969000,2014-01-17 09:30,39.81,40.2,39.75,40.06,3652419
1390314600,2014-01-21 09:30,40.35,40.95,40.34,40.91,4919547
1390401000,2014-01-22 09:30,40.96,41.24,40.845,41.17,1976830
1390487400,2014-01-23 09:30,40.95,40.95,40.24,40.58,3700710
1390573800,2014-01-24 09:30,40.26,40.44,39.7239,39.85,2714905
1390833000,2014-01-27 09:30,39.85,40.04,39.251,39.27,4416700
1390919400,2014-01-28 09:30,39.32,39.61,39.12,39.31,2668689
1391005800,2014-01-29 09:30,38.99,39.17,38.5,38.57,4661931
1391092200,2014-01-30 09:30,38.79,39.152,38.51,39,3319332
1391178600,2014-01-31 09:30,38.4,38.77,38.25,38.25,3583207
1391437800,2014-02-03 09:30,38.16,38.37,36.82,36.84,5575517
1391524200,2014-02-04 09:30,37.03,37.77,36.806,37.54,3969931
1391610600,2014-02-05 09:30,37.37,37.57,37.16,37.43,1841455
1391697000,2014-02-06 09:30,37.43,37.85,37.29,37.85,2954775
1391783400,2014-02-07 09:30,38.03,38.1801,37.58,37.91,2634263
1392042600,2014-02-10 09:30,37.92,38.08,37.52,37.93,2117792
1392129000,2014-02-11 09:30,37.96,38.55,37.89,38.48,4374512
1392215400,2014-02-12 09:30,38.66,39.04,38.26,38.41,3326874
1392301800,2014-02-13 09:30,38.08,38.58,37.97,38.53,1513846
1392388200,2014-02-14 09:30,38.37,38.84,38.37,38.8,1583266
1392733800,2014-02-18 09:30,38.85,39.1065,38.635,38.92,951281
1392820200,2014-02-19 09:30,38.84,38.89,37.7,37.83,10772079
1392906600,2014-02-20 09:30,37.93,38.06,37.43,37.84,10410275
1392993000,2014-02-21 09:30,37.95,38.27,37.89,38.15,7455967
1393252200,2014-02-24 09:30,38.14,39.03,38.14,38.88,4599918
1393338600,2014-02-25 09:30,38.83,38.92,38.6,38.66,1739152
1393425000,2014-02-26 09:30,38.65,39.28,38.65,39.16,3397547
1393511400,2014-02-27 09:30,39.1,39.43,38.929,39.4,1809924
1393597800,2014-02-28 09:30,39.39,40.168,39.39,39.89,4834548
1393857000,2014-03-03 09:30,39.33,39.6,39.19,39.58,3133739
1393943400,2014-03-04 09:30,39.93,40.67,39.93,40.49,2676223
1394029800,2014-03-05 09:30,40.44,40.56,40.25,40.46,1765015
1394116200,2014-03-06 09:30,40.5,40.84,40.42,40.73,2604539
1394202600,2014-03-07 09:30,40.93,41.47,40.84,41.18,4292004
1394458200,2014-03-10 09:30,41.14,41.31,40.92,41.23,2097222
1394544600,2014-03-11 09:30,41.2,41.31,40.79,41.08,5671485
1394631000,2014-03-12 09:30,40.91,40.99,40.44,40.98,3420131
1394717400,2014-03-13 09:30,41.09,41.23,40.53,40.79,3249579
1394803800,2014-03-14 09:30,40.5,41.16,40.49,40.89,2800254
1395063000,2014-03-17 09:30,40.99,41.41,40.98,41.16,2135367
1395149400,2014-03-18 09:30,41.17,41.45,41.06,41.35,1342055
1395235800,2014-03-19 09:30,41.42,42.03,41.14,41.62,4940619
1395322200,2014-03-20 09:30,41.56,42.53,41.53,42.47,8106088
1395408600,2014-03-21 09:30,42.4,42.79,41.93,42.02,4887003
1395667800,2014-03-24 09:30,42.2,42.43,41.67,41.85,3500641
1395754200,2014-03-25 09:30,42.08,42.12,41.64,41.82,2855821
1395840600,2014-03-26 09:30,42.05,42.07,41.25,41.26,3735602
1395927000,2014-03-27 09:30,41.27,41.44,40.455,40.46,3845327
1396013400,2014-03-28 09:30,40.51,41.18,40.37,40.61,2764074
1396272600,2014-03-31 09:30,40.76,41.47,40.76,41.38,2121989
1396359000,2014-04-01 09:30,41.56,42.27,41.23,42.15,5444630
1396445400,2014-04-02 09:30,42.28,42.36,41.8775,42.11,2936125
1396531800,2014-04-03 09:30,42.12,42.268,41.845,42.16,2461854
1396618200,2014-04-04 09:30,42.39,42.49,41.13,41.22,5826967
1396877400,2014-04-07 09:30,41.06,41.18,40.57,40.87,4811701
1396963800,2014-04-08 09:30,40.87,41.28,40.63,40.79,3347699
1397050200,2014-04-09 09:30,40.92,40.92,40.46,40.65,3010536
1397136600,2014-04-10 09:30,40.58,40.65,39.32,39.44,6043561
1397223000,2014-04-11 09:30,39.2,39.7,38.77,39.12,3805481
1397482200,2014-04-14 09:30,39.52,39.66,38.84,39.26,1839468
1397568600,2014-04-15 09:30,39.06,39.63,38.77,39.35,4306665
1397655000,2014-04-16 09:30,39.64,39.64,39.26,39.55,2525689
1397741400,2014-04-17 09:30,39.52,39.93,39.35,39.85,5878705
1398087000,2014-04-21 09:30,39.8,40.02,39.52,39.66,1765265
1398173400,2014-04-22 09:30,39.66,40.27,39.49,39.91,2582932
1398259800,2014-04-23 09:30,39.81,40.14,39.74,40.01,1815828
1398346200,2014-04-24 09:30,40.08,40.08,39.225,39.29,2524498
1398432600,2014-04-25 09:30,39.15,39.2,38.73,38.78,2066102
1398691800,2014-04-28 09:30,38.96,39.05,38.16,38.49,3810536
1398778200,2014-04-29 09:30,38.53,38.82,38.19,38.25,2887460
1398864600,2014-04-30 09:30,38.17,38.55,37.9,38.49,3100053
1398951000,2014-05-01 09:30,38.46,38.72,37.9214,38.35,2646824
1399037400,2014-05-02 09:30,38.51,39.18,38.41,38.55,3109294
1399296600,2014-05-05 09:30,38.26,38.39,37.9,38.24,1207323
1399383000,2014-05-06 09:30,38.14,38.34,37.66,37.68,3564971
1399469400,2014-05-07 09:30,37.71,38.07,37.33,38.06,2839002
1399555800,2014-05-08 09:30,37.93,38.44,37.79,37.89,2908357
1399642200,2014-05-09 09:30,37.86,38.22,37.5835,38.22,1669272
1399901400,2014-05-12 09:30,38.36,39.04,38.24,38.94,4392198
1399987800,2014-05-13 09:30,38.96,38.96,38.43,38.44,2702607
1400074200,2014-05-14 09:30,38.33,38.36,37.47,37.58,3000052
1400160600,2014-05-15 09:30,37.38,37.43,36.59,37.38,5511097
1400247000,2014-05-16 09:30,37.28,37.38,36.945,37.3,2038206
1400506200,2014-05-19 09:30,37.12,37.91,37.12,37.9,2798969
1400592600,2014-05-20 09:30,37.83,37.88,37.24,37.51,3538809
1400679000,2014-05-21 09:30,37.74,38.055,37.45,37.77,2137282
1400765400,2014-05-22 09:30,37.73,38.0664,37.69,37.96,1940777
1400851800,2014-05-23 09:30,37.94,38.29,37.92,38.14,1324917
1401197400,2014-05-27 09:30,38.21,38.82,38.21,38.6,3503928
1401283800,2014-05-28 09:30,38.41,38.5,38.07,38.33,2821953
1401370200,2014-05-29 09:30,38.38,38.45,38.13,38.31,3500748
1401456600,2014-05-30 09:30,38.3,38.65,38.212,38.29,2394230
1401715800,2014-06-02 09:30,38.43,38.78,38,38.73,4333048
1401802200,2014-06-03 09:30,38.67,39.17,38.58,38.86,4028006
1401888600,2014-06-04 09:30,38.81,39.08,38.79,38.95,2932216
1401975000,2014-06-05 09:30,39.11,39.81,38.76,39.7,3586123
1402061400,2014-06-06 09:30,39.88,40.2999,39.76,40.11,2956881
1402320600,2014-06-09 09:30,40.17,40.76,40.08,40.73,3258755
1402407000,2014-06-10 09:30,40.69,40.69,40.342,40.56,2590038
1402493400,2014-06-11 09:30,40.35,40.42,39.97,40.08,1539595
1402579800,2014-06-12 09:30,40.12,40.24,39.74,39.93,3070292
1402666200,2014-06-13 09:30,40.04,40.39,39.72,39.83,3173047
1402925400,2014-06-16 09:30,39.78,39.795,39.38,39.6,2860037
1403011800,2014-06-17 09:30,39.48,40.53,39.48,40.32,2402471
1403098200,2014-06-18 09:30,40.39,40.68,40.075,40.59,5256691
1403184600,2014-06-19 09:30,40.72,40.72,40.2,40.39,2941572
1403271000,2014-06-20 09:30,40.34,40.59,40.22,40.43,1972619
1403530200,2014-06-23 09:30,40.39,40.5,40.1,40.19,1112036
1403616600,2014-06-24 09:30,40.08,40.61,39.82,39.84,3212128
1403703000,2014-06-25 09:30,39.66,40.18,39.2,40.12,3048896
1403789400,2014-06-26 09:30,40.01,40.22,39.53,40.18,1956470
1403875800,2014-06-27 09:30,40.02,40.38,39.98,40.33,1820690
1404135000,2014-06-30 09:30,40.22,40.38,39.9314,40.32,2335797
1404221400,2014-07-01 09:30,40.45,41.3,40.33,40.83,3299475
1404307800,2014-07-02 09:30,40.92,41.036,40.4,40.455,2614940
1404394200,2014-07-03 09:30,40.8,41.19,40.7628,41.14,2025159
1404739800,2014-07-07 09:30,41.03,41.03,40.66,40.72,1790485
1404826200,2014-07-08 09:30,40.58,40.74,40.05,40.14,3291668
1404912600,2014-07-09 09:30,40.32,40.52,40.15,40.18,2244977
1404999000,2014-07-10 09:30,39.52,40.05,39.3706,39.79,2329263
1405085400,2014-07-11 09:30,39.66,39.89,39.35,39.73,2542291
1405344600,2014-07-14 09:30,40,40.18,39.7,39.77,2193535
1405431000,2014-07-15 09:30,39.88,40.195,39.71,40.12,2752097
1405517400,2014-07-16 09:30,40.25,40.2638,39.44,39.5,2065230
1405603800,2014-07-17 09:30,39.33,39.38,38.43,38.58,4600738
1405690200,2014-07-18 09:30,38.69,39.17,38.55,38.95,3353533
1405949400,2014-07-21 09:30,38.84,38.91,38.53,38.79,2184779
1406035800,2014-07-22 09:30,38.94,39.13,38.57,38.63,3055863
1406122200,2014-07-23 09:30,38.63,38.71,38.39,38.62,3834165
1406208600,2014-07-24 09:30,38.79,39.2074,38.72,39.09,4024989
1406295000,2014-07-25 09:30,38.9,39.21,38.8,39.12,2141455
1406554200,2014-07-28 09:30,39.2,39.27,38.52,38.69,3850141
1406640600,2014-07-29 09:30,38.67,38.99,38.67,38.71,1429955
1406727000,2014-07-30 09:30,39,39.33,38.79,39.07,3251787
1406813400,2014-07-31 09:30,38.63,39.04,38.41,38.43,3046788
1406899800,2014-08-01 09:30,38.26,38.48,37.67,37.86,2087563
1407159000,2014-08-04 09:30,37.94,38.12,37.43,37.79,3393195
1407245400,2014-08-05 09:30,37.62,38.05,37.56,37.74,3607630
1407331800,2014-08-06 09:30,37.42,38.12,37.42,37.95,3810045
1407418200,2014-08-07 09:30,38.1,38.14,37.47,37.61,2721917
1407504600,2014-08-08 09:30,37.76,37.84,37.56,37.83,2493273
1407763800,2014-08-11 09:30,38.1,38.22,37.77,37.95,2103632
1407850200,2014-08-12 09:30,37.84,38.0988,37.63,37.82,1684548
1407936600,2014-08-13 09:30,37.91,38.25,37.9,38.11,1418333
1408023000,2014-08-14 09:30,38.13,38.33,38.02,38.02,2897983
1408109400,2014-08-15 09:30,38.22,38.35,37.55,37.81,4038322
1408368600,2014-08-18 09:30,38.1,38.52,38.1,38.45,1153241
1408455000,2014-08-19 09:30,38.55,38.67,38.39,38.48,1284380
1408541400,2014-08-20 09:30,38.48,38.528,38.19,38.41,2176224
1408627800,2014-08-21 09:30,38.47,39.02,38.15,38.88,2422531
1408714200,2014-08-22 09:30,38.87,39.16,38.71,38.97,2406456
1408973400,2014-08-25 09:30,39.19,39.26,38.901,39.02,2471320
1409059800,2014-08-26 09:30,39.03,39.36,38.9,39.3,2733605
1409146200,2014-08-27 09:30,39.32,39.41,39.02,39.05,1189340
1409232600,2014-08-28 09:30,38.95,38.97,38.61,38.74,2416211
1409319000,2014-08-29 09:30,38.84,38.995,38.625,38.95,1062285
1409664600,2014-09-02 09:30,39.2,39.54,39.07,39.35,1794884
1409751000,2014-09-03 09:30,39.63,39.66,39.17,39.24,3356634
1409837400,2014-09-04 09:30,39.46,39.69,39.11,39.18,3786847
1409923800,2014-09-05 09:30,39.05,39.25,38.81,39.22,2484406
1410183000,2014-09-08 09:30,39.14,39.41,39.08,39.4,2571633
1410269400,2014-09-09 09:30,39.29,39.36,38.88,39,2142877
1410355800,2014-09-10 09:30,39.04,39.61,38.98,39.51,2532420
1410442200,2014-09-11 09:30,39.32,39.89,39.27,39.83,2982353
1410528600,2014-09-12 09:30,39.95,40.23,39.69,40,8177885
1410787800,2014-09-15 09:30,39.91,39.92,39.5417,39.61,2935522
1410874200,2014-09-16 09:30,39.53,39.81,39.23,39.37,3596224
1410960600,2014-09-17 09:30,39.39,39.9,39.21,39.51,4150519
1411047000,2014-09-18 09:30,39.66,40.43,39.66,40.21,6164842
1411133400,2014-09-19 09:30,40.18,40.43,39.62,39.67,5690622
1411392600,2014-09-22 09:30,39.48,39.67,39.06,39.09,3557540
1411479000,2014-09-23 09:30,39,39.1768,38.57,38.58,4519851
1411565400,2014-09-24 09:30,38.58,38.72,38.36,38.67,3716539
1411651800,2014-09-25 09:30,38.54,38.56,37.98,38.09,3929473
1411738200,2014-09-26 09:30,38.16,38.3,37.97,38.22,2343650
1411997400,2014-09-29 09:30,37.92,38.22,37.79,38.09,2831227
1412083800,2014-09-30 09:30,38.07,38.2,37.83,37.86,2027588
1412170200,2014-10-01 09:30,37.71,38.02,37.32,37.41,5748731
1412256600,2014-10-02 09:30,37.41,37.925,37.1913,37.74,3984889
1412343000,2014-10-03 09:30,38.08,38.33,37.98,38.01,3105512
1412602200,2014-10-06 09:30,38.17,38.2,37.64,37.68,2583861
1412688600,2014-10-07 09:30,37.5,37.71,37.04,37.05,5497095
1412775000,2014-10-08 09:30,37.01,37.8151,36.97,37.75,5725536
1412861400,2014-10-09 09:30,37.73,37.73,36.81,36.83,4328486
1412947800,2014-10-10 09:30,36.64,37.22,36.59,36.6,5723447
1413207000,2014-10-13 09:30,36.62,37.21,36.49,36.74,4935701
1413293400,2014-10-14 09:30,36.86,37.51,36.79,37.05,5793530
1413379800,2014-10-15 09:30,36.13,36.55,35.33,36.05,15074302
1413466200,2014-10-16 09:30,35.2,36.76,35.2,36.65,5838012
1413552600,2014-10-17 09:30,37.14,37.14,36.465,36.7,4160144
1413811800,2014-10-20 09:30,36.66,36.95,36.58,36.77,1915206
1413898200,2014-10-21 09:30,37.24,37.8,37.02,37.69,4103083
1413984600,2014-10-22 09:30,37.88,38.05,37.38,37.39,3640165
1414071000,2014-10-23 09:30,37.78,38.11,37.62,37.68,3346902
1414157400,2014-10-24 09:30,37.61,37.8798,37.48,37.67,1459745
1414416600,2014-10-27 09:30,37.37,37.92,37.3,37.91,989589
1414503000,2014-10-28 09:30,38.05,38.95,38.01,38.94,2561972
1414589400,2014-10-29 09:30,38.93,39.479,38.59,39.36,5950591
1414675800,2014-10-30 09:30,39.14,40,39,39.37,2436691
1414762200,2014-10-31 09:30,39.87,40.17,39.67,40.08,5516824
1415025000,2014-11-03 09:30,40.08,40.3799,39.79,39.98,2620663
1415111400,2014-11-04 09:30,39.7,39.925,39.42,39.81,4564118
1415197800,2014-11-05 09:30,40.1,40.21,39.8092,40.09,2093135
1415284200,2014-11-06 09:30,40.19,40.39,39.96,40.37,2403012
1415370600,2014-11-07 09:30,40.32,40.45,40.11,40.41,2685958
1415629800,2014-11-10 09:30,40.38,40.72,40.34,40.62,1749328
1415716200,2014-11-11 09:30,40.65,40.66,40.43,40.51,899594
1415802600,2014-11-12 09:30,40.45,41.17,40.45,41.12,2622664
1415889000,2014-11-13 09:30,41,41.11,40.605,40.65,2214168
1415975400,2014-11-14 09:30,40.54,40.82,40.39,40.52,2167956
1416234600,2014-11-17 09:30,40.4,40.5,40.12,40.2,1612353
1416321000,2014-11-18 09:30,40.2,40.46,40.18,40.24,842926
1416407400,2014-11-19 09:30,40.3,40.3,39.52,39.84,2681828
1416493800,2014-11-20 09:30,39.65,40.16,39.61,40.16,1651317
1416580200,2014-11-21 09:30,40.68,40.73,39.69,39.78,2943468
1416839400,2014-11-24 09:30,39.93,40.32,39.83,40.3,2776774
1416925800,2014-11-25 09:30,40.3,40.45,39.91,40.41,1882353
1417012200,2014-11-26 09:30,40.35,40.51,40.23,40.44,1585046
1417185000,2014-11-28 09:30,40.49,40.6,39.57,39.65,2473190
1417444200,2014-12-01 09:30,39.49,39.71,38.68,38.83,6574898
1417530600,2014-12-02 09:30,38.91,39.63,38.91,39.31,2517854
1417617000,2014-12-03 09:30,39.22,39.9,39.1803,39.86,4594798
1417703400,2014-12-04 09:30,39.75,39.83,39.53,39.78,1216007
1417789800,2014-12-05 09:30,40.1,40.78,40.06,40.57,5780604
1418049000,2014-12-08 09:30,40.47,40.93,40.2,40.42,5230628
1418135400,2014-12-09 09:30,40.01,40.83,39.81,40.82,3991650
1418221800,2014-12-10 09:30,40.75,40.82,39.46,39.46,5467271
1418308200,2014-12-11 09:30,39.54,40.03,39.54,39.64,2786357
1418394600,2014-12-12 09:30,39.35,39.57,39.01,39.1,5216295
1418653800,2014-12-15 09:30,39.38,39.5,38.62,38.76,6510829
1418740200,2014-12-16 09:30,38.59,39.37,38.43,38.84,6330736
1418826600,2014-12-17 09:30,38.93,39.82,38.72,39.82,7139529
1418913000,2014-12-18 09:30,40.06,40.55,40.06,40.55,3848218
1418999400,2014-12-19 09:30,40.4,40.4,39.97,40.15,2904747
1419258600,2014-12-22 09:30,40.23,40.38,40.0099,40.38,2388549
1419345000,2014-12-23 09:30,40.5,40.92,40.29,40.74,1684500
1419431400,2014-12-24 09:30,40.67,41.02,40.34,40.66,719376
1419604200,2014-12-26 09:30,40.81,40.955,40.63,40.78,758669
1419863400,2014-12-29 09:30,40.92,41.43,40.74,41.18,3499866
1419949800,2014-12-30 09:30,41.11,41.33,40.85,41.14,1979092
1420036200,2014-12-31 09:30,41.32,41.32,40.7,40.7,2480374
1420209000,2015-01-02 09:30,41.05,41.06,39.81,40.22,3325156
1420468200,2015-01-05 09:30,40.04,40.1,39.1,39.1,4065548
1420554600,2015-01-06 09:30,39.1,39.36,38.07,38.17,5871740
1420641000,2015-01-07 09:30,38.38,38.7299,38.1335,38.38,4348806
1420727400,2015-01-08 09:30,38.7,39.24,38.7,39.21,2671059
1420813800,2015-01-09 09:30,39.31,39.34,38.07,38.07,3068269
1421073000,2015-01-12 09:30,37.96,38.15,37.54,37.67,5128619
1421159400,2015-01-13 09:30,37.72,38.39,37.21,37.5,8096459
1421245800,2015-01-14 09:30,36.92,37.17,36.4,36.98,6400438
1421332200,2015-01-15 09:30,37.03,37.055,36.37,36.54,7288269
1421418600,2015-01-16 09:30,36.57,37.19,36.35,37.13,4854286
1421764200,2015-01-20 09:30,37.06,37.37,36.585,36.81,5347701
1421850600,2015-01-21 09:30,36.85,37.1199,36.56,36.65,6493924
1421937000,2015-01-22 09:30,37.1,38.415,37,38.3,6128600
1422023400,2015-01-23 09:30,38.17,38.47,37.75,37.91,4047860
1422282600,2015-01-26 09:30,37.8,38.34,37.49,38.26,2525873
1422369000,2015-01-27 09:30,37.78,38.16,37.59,37.82,2818083
1422455400,2015-01-28 09:30,37.99,38.08,36.739,36.78,5666011
1422541800,2015-01-29 09:30,36.91,37.31,36.6,37.28,7111356
1422628200,2015-01-30 09:30,36.86,37.41,36.78,36.85,4214104
1422887400,2015-02-02 09:30,37.1,37.95,36.82,37.9,4719260
1422973800,2015-02-03 09:30,38.14,38.9,38.07,38.71,4786003
1423060200,2015-02-04 09:30,38.45,38.88,38.42,38.46,4567702
1423146600,2015-02-05 09:30,38.64,39.44,38.64,39.38,5187461
1423233000,2015-02-06 09:30,39.79,40.34,39.67,40,6723111
1423492200,2015-02-09 09:30,39.8,39.88,39.4,39.48,3632366
1423578600,2015-02-10 09:30,39.95,39.95,39.18,39.64,2680767
1423665000,2015-02-11 09:30,39.65,39.65,39.17,39.43,3525244
1423751400,2015-02-12 09:30,39.75,40.23,39.52,40.2,3253691
1423837800,2015-02-13 09:30,40.22,40.52,40.05,40.34,2536628
1424183400,2015-02-17 09:30,40.37,40.7,40.1,40.695,5734001
1424269800,2015-02-18 09:30,40.43,40.66,39.785,39.92,3653975
1424356200,2015-02-19 09:30,39.69,40.04,39.41,39.85,4123480
1424442600,2015-02-20 09:30,39.84,40.21,39.24,40.19,4637137
1424701800,2015-02-23 09:30,39.95,40.08,39.77,40.08,1422438
1424788200,2015-02-24 09:30,40.15,40.63,40.02,40.3,2881424
1424874600,2015-02-25 09:30,40.29,40.37,40.12,40.22,1629242
1424961000,2015-02-26 09:30,40.08,40.44,40.08,40.42,2537988
1425047400,2015-02-27 09:30,40.29,40.48,40.16,40.21,2503461
1425306600,2015-03-02 09:30,40.3,40.63,40.06,40.5,2913815
1425393000,2015-03-03 09:30,40.44,40.58,40.2,40.34,2188366
1425479400,2015-03-04 09:30,40.26,40.26,39.98,40.07,1631777
1425565800,2015-03-05 09:30,39.99,40.33,39.7,40.3,1946471
1425652200,2015-03-06 09:30,40.53,41.22,40.43,40.61,5464703
1425907800,2015-03-09 09:30,40.61,41.09,40.57,40.96,3717392
1425994200,2015-03-10 09:30,40.62,40.64,40.12,40.139,3709416
1426080600,2015-03-11 09:30,40.21,40.54,40.11,40.52,2187139
1426167000,2015-03-12 09:30,40.69,41.62,40.69,41.58,7649685
1426253400,2015-03-13 09:30,41.5,41.57,40.78,41.35,4254028
1426512600,2015-03-16 09:30,41.49,41.62,41.16,41.27,3988667
1426599000,2015-03-17 09:30,41.11,41.51,40.95,41.5,3527418
1426685400,2015-03-18 09:30,41.5,41.82,40.8,41.1,10863695
1426771800,2015-03-19 09:30,41,41.08,40.5,40.9,5299287
1426858200,2015-03-20 09:30,40.89,41.41,40.77,41.38,3920883
1427117400,2015-03-23 09:30,41.34,41.52,40.92,41.09,3475891
1427203800,2015-03-24 09:30,41.07,41.165,40.79,40.9,3455122
1427290200,2015-03-25 09:30,40.99,41.01,40.19,40.23,4729040
1427376600,2015-03-26 09:30,40.14,40.545,39.79,40.52,7428470
1427463000,2015-03-27 09:30,40.42,40.67,40.01,40.3,2056750
1427722200,2015-03-30 09:30,40.54,41.19,40.46,40.99,2339562
1427808600,2015-03-31 09:30,40.75,40.915,40.6205,40.83,3547908
1427895000,2015-04-01 09:30,40.57,40.85,40.37,40.78,2871490
1427981400,2015-04-02 09:30,40.73,41.15,40.73,41.01,2101929
1428327000,2015-04-06 09:30,40.54,41.02,40.19,40.82,3705710
1428413400,2015-04-07 09:30,40.75,41.165,40.68,40.89,1600268
1428499800,2015-04-08 09:30,40.9,41.17,40.795,40.97,2587699
1428586200,2015-04-09 09:30,40.95,41.0201,40.5059,40.91,2811942
1428672600,2015-04-10 09:30,40.91,41.04,40.7,40.99,2512286
1428931800,2015-04-13 09:30,41.03,41.485,40.72,41.4,2688401
1429018200,2015-04-14 09:30,41.22,41.33,40.85,41.18,4730554
1429104600,2015-04-15 09:30,41.21,41.95,41.1,41.74,5105121
1429191000,2015-04-16 09:30,41.74,41.88,41.27,41.73,3601563
1429277400,2015-04-17 09:30,41.6,41.6,40.88,41,4093634
1429536600,2015-04-20 09:30,41.28,41.57,41,41.28,2315431
1429623000,2015-04-21 09:30,41.47,41.63,41.18,41.27,2616184
1429709400,2015-04-22 09:30,41.33,41.685,40.89,41.56,4512910
1429795800,2015-04-23 09:30,41.35,41.61,41.215,41.47,1795927
1429882200,2015-04-24 09:30,41.41,41.54,41,41.11,2826704
1430141400,2015-04-27 09:30,41.22,41.48,40.54,40.81,3142257
1430227800,2015-04-28 09:30,40.71,41.415,40.695,41.38,4122029
1430314200,2015-04-29 09:30,41.34,41.87,41.27,41.53,6175281
1430400600,2015-04-30 09:30,41.52,41.68,41,41.11,5642637
1430487000,2015-05-01 09:30,41.29,41.4099,40.69,40.8,3487473
1430746200,2015-05-04 09:30,40.8,41.36,40.8,41.26,2426101
1430832600,2015-05-05 09:30,41.19,41.49,40.93,41.1,3998276
1430919000,2015-05-06 09:30,41.33,41.39,40.87,41.37,3864351
1431005400,2015-05-07 09:30,41.17,41.49,41,41.24,2380098
1431091800,2015-05-08 09:30,41.37,41.5399,41.1,41.46,3013821
1431351000,2015-05-11 09:30,41.55,41.87,41.36,41.77,3635898
1431437400,2015-05-12 09:30,41.74,42.03,41.27,41.89,5520012
1431523800,2015-05-13 09:30,41.93,42.1281,41.65,42.05,3649341
1431610200,2015-05-14 09:30,42.23,42.27,42.02,42.27,5534641
1431696600,2015-05-15 09:30,42.08,42.21,41.41,41.68,5039205
1431955800,2015-05-18 09:30,41.91,42.42,41.64,42.38,3746617
1432042200,2015-05-19 09:30,42.5,42.85,42.47,42.84,5458188
1432128600,2015-05-20 09:30,42.83,42.91,42.37,42.62,5112954
1432215000,2015-05-21 09:30,42.53,42.73,42.27,42.48,2583309
1432301400,2015-05-22 09:30,42.55,42.63,42.21,42.24,2152124
1432647000,2015-05-26 09:30,42.17,42.2,41.64,41.97,3767074
1432733400,2015-05-27 09:30,42.16,42.51,41.84,42.49,3203818
1432819800,2015-05-28 09:30,42.4,42.52,42.19,42.52,2743951
1432906200,2015-05-29 09:30,42.44,42.53,41.89,42.14,3268781
1433165400,2015-06-01 09:30,42.3,42.47,41.68,41.96,3454863
1433251800,2015-06-02 09:30,42.01,42.6599,41.91,42.5,4229154
1433338200,2015-06-03 09:30,42.79,43.27,42.66,43.21,6210354
1433424600,2015-06-04 09:30,43.07,43.17,42.655,42.83,3309270
1433511000,2015-06-05 09:30,43.27,43.64,43,43.64,6717064
1433770200,2015-06-08 09:30,43.63,43.9,43.61,43.65,4943959
1433856600,2015-06-09 09:30,43.69,44.3,43.445,44.12,5491376
1433943000,2015-06-10 09:30,44.42,44.97,44.26,44.76,5611989
1434029400,2015-06-11 09:30,44.8,44.85,44.3656,44.74,6796150
1434115800,2015-06-12 09:30,44.58,44.75,44.42,44.67,3370544
1434375000,2015-06-15 09:30,44.21,44.78,43.96,44.51,4168650
1434461400,2015-06-16 09:30,44.45,44.99,44.34,44.99,5004060
1434547800,2015-06-17 09:30,45.16,45.25,44.09,44.22,9709313
1434634200,2015-06-18 09:30,44.38,44.69,43.93,44.59,7377396
1434720600,2015-06-19 09:30,44.23,44.48,44.2255,44.32,4549580
1434979800,2015-06-22 09:30,44.78,44.93,44.68,44.88,4090805
1435066200,2015-06-23 09:30,44.95,45.43,44.94,45.37,5349214
1435152600,2015-06-24 09:30,45.16,45.4799,45.0468,45.14,2813997
1435239000,2015-06-25 09:30,45.21,45.5,44.9401,45.18,4133466
1435325400,2015-06-26 09:30,45.46,45.6157,45.221,45.36,3700946
1435584600,2015-06-29 09:30,44.77,45.11,44.08,44.16,5961557
1435671000,2015-06-30 09:30,44.72,44.9,43.945,44.16,5064497
1435757400,2015-07-01 09:30,44.76,44.91,44.37,44.72,3767171
1435843800,2015-07-02 09:30,44.58,44.69,43.72,43.94,5400199
1436189400,2015-07-06 09:30,43.33,43.94,43.3,43.93,4609303
1436275800,2015-07-07 09:30,43.67,43.74,42.74,43.33,6316463
1436362200,2015-07-08 09:30,42.91,43.13,42.74,42.98,4168049
1436448600,2015-07-09 09:30,43.5,43.77,43.26,43.57,3909443
1436535000,2015-07-10 09:30,44.14,44.32,43.89,44.17,6420062
1436794200,2015-07-13 09:30,44.57,44.7,44.325,44.51,3683924
1436880600,2015-07-14 09:30,44.34,44.645,44.15,44.62,3402889
1436967000,2015-07-15 09:30,44.67,45,44.59,44.82,3779551
1437053400,2015-07-16 09:30,45.07,45.295,44.8551,44.95,5255298
1437139800,2015-07-17 09:30,44.8,44.88,44.09,44.45,3247259
1437399000,2015-07-20 09:30,44.49,44.7599,44.32,44.69,2781539
1437485400,2015-07-21 09:30,44.86,45.25,44.3969,44.48,2912469
1437571800,2015-07-22 09:30,44.28,45.22,44.28,45.03,3308418
1437658200,2015-07-23 09:30,45.19,45.29,44.26,44.35,4351047
1437744600,2015-07-24 09:30,44.41,44.41,43.74,43.79,4953877
1438003800,2015-07-27 09:30,43.41,43.61,43.09,43.44,5292671
1438090200,2015-07-28 09:30,43.68,43.74,43.07,43.5,4301756
1438176600,2015-07-29 09:30,43.66,43.7199,43.24,43.6,9504766
1438263000,2015-07-30 09:30,43.59,43.78,43.32,43.7,1838977
1438349400,2015-07-31 09:30,43.59,43.78,43.31,43.62,3609237
1438608600,2015-08-03 09:30,43.68,43.8,43.21,43.63,5864962
1438695000,2015-08-04 09:30,43.69,44.12,43.6,43.72,3882560
1438781400,2015-08-05 09:30,44.14,44.51,43.81,44.09,2909625
1438867800,2015-08-06 09:30,44.19,44.3,43.59,43.83,3793351
1438954200,2015-08-07 09:30,43.76,44.12,43.18,43.56,3472770
1439213400,2015-08-10 09:30,43.94,44.23,43.78,44.18,2141943
1439299800,2015-08-11 09:30,43.95,44.01,43.27,43.56,3565744
1439386200,2015-08-12 09:30,43.17,43.31,42.18,42.77,6154590
1439472600,2015-08-13 09:30,43.01,43.12,42.56,42.93,3944514
1439559000,2015-08-14 09:30,43.02,43.5,42.9,43.47,3130030
1439818200,2015-08-17 09:30,43.36,43.85,42.91,43.54,4163600
1439904600,2015-08-18 09:30,43.71,43.9,43.291,43.55,3322555
1439991000,2015-08-19 09:30,43.36,43.47,42.89,42.89,5345075
1440077400,2015-08-20 09:30,42.44,42.51,41.78,41.79,6326609
1440163800,2015-08-21 09:30,41.36,41.81,41.04,41.28,7118850
1440423000,2015-08-24 09:30,39.14,40.595,35.01,39.15,8924002
1440509400,2015-08-25 09:30,39.9,40.53,38.49,38.56,6927117
1440595800,2015-08-26 09:30,39.45,39.91,38.74,39.86,7395390
1440682200,2015-08-27 09:30,40.53,40.98,40.08,40.61,9778113
1440768600,2015-08-28 09:30,40.2,40.91,40.2,40.7,3588681
1441027800,2015-08-31 09:30,40.48,41.24,40.41,41.07,3195522
1441114200,2015-09-01 09:30,40.6,40.6,39.26,39.46,7275565
1441200600,2015-09-02 09:30,39.92,40.16,39.505,40.14,3990771
1441287000,2015-09-03 09:30,40.03,40.72,40.03,40.41,3768589
1441373400,2015-09-04 09:30,39.98,40.31,39.835,40.15,2608544
1441719000,2015-09-08 09:30,40.87,41.29,40.63,41.23,2604229
1441805400,2015-09-09 09:30,41.66,41.77,40.96,41,3708036
1441891800,2015-09-10 09:30,40.96,41.59,40.8,41.35,2385162
1441978200,2015-09-11 09:30,41.3,41.4,40.95,41.35,1963651
1442237400,2015-09-14 09:30,41.33,41.72,41.22,41.47,3186750
1442323800,2015-09-15 09:30,41.62,42.18,41.54,42.02,2242244
1442410200,2015-09-16 09:30,42.13,42.17,41.64,42.11,2558516
1442496600,2015-09-17 09:30,42.09,42.53,40.92,41.12,10090631
1442583000,2015-09-18 09:30,40.28,40.32,39.8,40.04,8074782
1442842200,2015-09-21 09:30,40.44,40.86,40.2,40.63,2928180
1442928600,2015-09-22 09:30,40.08,40.47,39.98,40.28,3986615
1443015000,2015-09-23 09:30,40.33,40.83,40.195,40.56,3967442
1443101400,2015-09-24 09:30,40.15,40.86,40.1,40.8,5172610
1443187800,2015-09-25 09:30,41.43,41.61,41.08,41.18,5912310
1443447000,2015-09-28 09:30,40.88,41.03,40.52,40.63,7069013
1443533400,2015-09-29 09:30,40.65,40.875,40.47,40.67,4864051
1443619800,2015-09-30 09:30,40.93,41.22,40.81,41.18,4732591
1443706200,2015-10-01 09:30,41.2,41.32,40.61,41.15,3460782
1443792600,2015-10-02 09:30,40,40.5,39.23,40.47,10218536
1444051800,2015-10-05 09:30,40.86,41.53,40.755,41.49,4388478
1444138200,2015-10-06 09:30,41.5,41.68,41.15,41.38,3379425
1444224600,2015-10-07 09:30,41.66,42.15,41.4951,42.15,3731228
1444311000,2015-10-08 09:30,42.03,42.53,41.84,42.5,4371294
1444397400,2015-10-09 09:30,42.51,42.74,41.89,41.98,3094911
1444656600,2015-10-12 09:30,41.98,42.39,41.73,42.31,3976244
1444743000,2015-10-13 09:30,42.04,42.53,41.95,41.98,4175974
1444829400,2015-10-14 09:30,41.83,42.04,40.65,40.8,5064520
1444915800,2015-10-15 09:30,41.18,41.58,40.7,41.55,5256958
1445002200,2015-10-16 09:30,41.61,41.7643,41.28,41.57,3197996
1445261400,2015-10-19 09:30,41.5,41.94,41.42,41.65,3153092
1445347800,2015-10-20 09:30,41.75,42.28,41.58,42.18,2523111
1445434200,2015-10-21 09:30,42.34,42.43,41.42,41.42,4082923
1445520600,2015-10-22 09:30,41.56,42.57,41.56,42.15,3972480
1445607000,2015-10-23 09:30,42.55,43.18,42.3,43.14,4982546
1445866200,2015-10-26 09:30,43.15,43.185,42.59,42.9,2654055
1445952600,2015-10-27 09:30,42.51,42.91,42.1,42.37,2935898
1446039000,2015-10-28 09:30,42.55,44.06,42.45,44.03,8105962
1446125400,2015-10-29 09:30,44.1,44.475,43.73,43.79,8022223
1446211800,2015-10-30 09:30,43.91,43.91,42.58,42.83,8744520
1446474600,2015-11-02 09:30,43.24,43.79,42.92,43.63,3423414
1446561000,2015-11-03 09:30,43.66,43.97,43.36,43.78,3438404
1446647400,2015-11-04 09:30,44.06,44.06,43.64,43.87,3959619
1446733800,2015-11-05 09:30,43.88,44.79,43.81,44.59,7100568
1446820200,2015-11-06 09:30,46,46.33,45.4,45.93,9351586
1447079400,2015-11-09 09:30,46.16,46.25,45.33,45.64,5570272
1447165800,2015-11-10 09:30,45.56,45.96,45.21,45.7,4358837
1447252200,2015-11-11 09:30,46.04,46.09,45.23,45.33,3906501
1447338600,2015-11-12 09:30,45.1,45.21,44.33,44.39,4971258
1447425000,2015-11-13 09:30,44.21,44.39,43.6,43.79,4864392
1447684200,2015-11-16 09:30,43.67,44.3,43.41,44.28,3231640
1447770600,2015-11-17 09:30,44.59,45.06,44.19,44.43,6931524
1447857000,2015-11-18 09:30,44.68,45.14,44.195,45.07,4481410
1447943400,2015-11-19 09:30,45.2,45.2,44.56,44.8899,3377926
1448029800,2015-11-20 09:30,44.97,45.37,44.8812,45.09,3725964
1448289000,2015-11-23 09:30,45.36,45.58,45.11,45.27,2463822
1448375400,2015-11-24 09:30,45.05,45.63,44.934,45.49,3569084
1448461800,2015-11-25 09:30,45.63,45.69,45.335,45.57,3420367
1448634600,2015-11-27 09:30,45.73,45.73,45.29,45.69,1283249
1448893800,2015-11-30 09:30,45.89,45.95,45.51,45.65,3867140
1448980200,2015-12-01 09:30,45.9,46.06,45.36,45.75,3809192
1449066600,2015-12-02 09:30,45.98,46,44.86,44.94,5467318
1449153000,2015-12-03 09:30,45.29,45.43,44.16,44.27,5386911
1449239400,2015-12-04 09:30,44.45,45.19,44.2,45.02,5443614
1449498600,2015-12-07 09:30,44.99,45.07,43.81,44.05,4704971
1449585000,2015-12-08 09:30,43.62,43.82,43.15,43.28,5941190
1449671400,2015-12-09 09:30,43.24,43.49,42.28,42.57,6701519
1449757800,2015-12-10 09:30,42.67,43.125,42.1901,42.7,4244880
1449844200,2015-12-11 09:30,42.05,42.28,41.34,41.65,7106165
1450103400,2015-12-14 09:30,41.68,41.94,41.125,41.59,6188141
1450189800,2015-12-15 09:30,42.09,42.83,42.01,42.59,7962015
1450276200,2015-12-16 09:30,42.95,43.28,42.03,43.02,11820384
1450362600,2015-12-17 09:30,43.26,43.36,42.28,42.43,6173268
1450449000,2015-12-18 09:30,42.1,42.1,41.05,41.405,7153545
1450708200,2015-12-21 09:30,41.59,41.85,41.16,41.65,5183423
1450794600,2015-12-22 09:30,41.77,41.93,41.15,41.81,5212484
1450881000,2015-12-23 09:30,42.15,42.44,41.88,42.42,4180875
1450967400,2015-12-24 09:30,42.1,42.85,42.05,42.6,1503676
1451313000,2015-12-28 09:30,42.43,42.47,41.83,42.45,4045758
1451399400,2015-12-29 09:30,42.76,42.99,42.5127,42.89,3997699
1451485800,2015-12-30 09:30,42.79,43,42.3225,42.35,3123261
1451572200,2015-12-31 09:30,42.05,42.51,41.91,41.92,2853178
1451917800,2016-01-04 09:30,41.09,41.27,40.54,40.89,7616217
1452004200,2016-01-05 09:30,40.97,41.22,40.57,40.85,5442451
1452090600,2016-01-06 09:30,40.14,40.64,39.97,40.35,5324927
1452177000,2016-01-07 09:30,39.5,39.89,39.055,39.13,8258789
1452263400,2016-01-08 09:30,39.42,39.59,38.28,38.33,6668611
1452522600,2016-01-11 09:30,38.42,38.78,37.98,38.25,8960529
1452609000,2016-01-12 09:30,38.75,38.79,37.7612,38.44,7041384
1452695400,2016-01-13 09:30,38.62,38.75,36.825,37.05,10870582
1452781800,2016-01-14 09:30,37.2,37.68,36.65,37.36,9073083
1452868200,2016-01-15 09:30,36.15,36.71,35.81,36.66,12366168
1453213800,2016-01-19 09:30,36.97,37.15,36.012,36.31,9727097
1453300200,2016-01-20 09:30,35.59,36.25,34.78,35.81,14040776
1453386600,2016-01-21 09:30,35.93,36.28,35.285,35.29,7273116
1453473000,2016-01-22 09:30,35.78,36,35.46,35.73,8650495
1453732200,2016-01-25 09:30,35.56,35.62,34.21,34.24,11983928
1453818600,2016-01-26 09:30,34.38,35.24,34.38,35.11,11944471
1453905000,2016-01-27 09:30,35.17,36.37,34.97,35.58,11679629
1453991400,2016-01-28 09:30,35.97,36.47,35.85,36.07,11876691
1454077800,2016-01-29 09:30,36.08,36.66,35.9,36.66,7684430
1454337000,2016-02-01 09:30,36.36,36.6,36.03,36.39,9236973
1454423400,2016-02-02 09:30,35.89,36.03,35.04,35.28,9583147
1454509800,2016-02-03 09:30,35.42,35.61,34.25,35.53,13298789
1454596200,2016-02-04 09:30,35.39,36.32,35.32,35.88,11900526
1454682600,2016-02-05 09:30,35.98,36.28,35.22,35.3,10617442
1454941800,2016-02-08 09:30,34.67,34.88,33.9,34.34,12698615
1455028200,2016-02-09 09:30,33.76,34.75,33.69,34.47,6836254
1455114600,2016-02-10 09:30,34.77,35.18,34.17,34.17,6756258
1455201000,2016-02-11 09:30,33.35,33.56,32.625,32.89,12880660
1455287400,2016-02-12 09:30,33.56,34.59,33.5,34.48,8715248
1455633000,2016-02-16 09:30,35.02,35.81,34.6,35.5,5887773
1455719400,2016-02-17 09:30,35.76,36.1201,35.37,35.49,5845281
1455805800,2016-02-18 09:30,35.67,35.75,34.64,34.9,8075546
1455892200,2016-02-19 09:30,34.72,35.21,34.6,35.14,5417499
1456151400,2016-02-22 09:30,35.5,35.87,35.5,35.84,6256566
1456237800,2016-02-23 09:30,35.69,35.75,34.62,34.89,7614522
1456324200,2016-02-24 09:30,34.33,34.73,33.71,34.64,9973688
1456410600,2016-02-25 09:30,34.74,35.26,34.5799,35.19,4382064
1456497000,2016-02-26 09:30,35.47,36.24,34.97,35.89,8810588
1456756200,2016-02-29 09:30,35.83,35.89,35.05,35.07,6603811
1456842600,2016-03-01 09:30,35.27,36.575,35.27,36.53,6896684
1456929000,2016-03-02 09:30,36.35,37.25,36.35,37.21,6120817
1457015400,2016-03-03 09:30,37.18,37.96,37.13,37.92,7143607
1457101800,2016-03-04 09:30,38.25,38.64,38,38.37,7968799
1457361000,2016-03-07 09:30,38,38.47,37.94,38.36,3862313
1457447400,2016-03-08 09:30,37.94,38.11,37.31,37.41,7943768
1457533800,2016-03-09 09:30,37.7,37.74,36.98,37.11,5339600
1457620200,2016-03-10 09:30,37.42,37.68,36.75,37.46,7523253
1457706600,2016-03-11 09:30,37.83,38.56,37.77,38.5,5558809
1457962200,2016-03-14 09:30,38.41,38.5,37.95,38.31,3991325
1458048600,2016-03-15 09:30,37.92,38.115,37.765,38.05,4807190
1458135000,2016-03-16 09:30,37.92,38.42,37.31,37.63,8132982
1458221400,2016-03-17 09:30,37.53,38.2,37.1,38.08,6381967
1458307800,2016-03-18 09:30,38.19,38.82,38,38.5,6901454
1458567000,2016-03-21 09:30,38.41,38.74,38.08,38.45,4546129
1458653400,2016-03-22 09:30,38.14,38.58,37.94,38.46,4336404
1458739800,2016-03-23 09:30,38.32,38.33,37.87,37.92,6056915
1458826200,2016-03-24 09:30,37.56,37.78,37.17,37.76,5283668
1459171800,2016-03-28 09:30,37.76,37.93,37.42,37.72,3740086
1459258200,2016-03-29 09:30,37.35,37.83,36.8,37.71,6224626
1459344600,2016-03-30 09:30,38.01,38.46,37.86,38.04,5433419
1459431000,2016-03-31 09:30,37.82,38.13,37.37,37.64,4362109
1459517400,2016-04-01 09:30,37.41,37.78,37,37.75,3315945
1459776600,2016-04-04 09:30,37.7,38.09,37.43,37.74,4064139
1459863000,2016-04-05 09:30,37.22,37.6,36.88,36.91,5060888
1459949400,2016-04-06 09:30,36.88,37.34,36.68,37.29,5923165
1460035800,2016-04-07 09:30,36.93,37.02,36.06,36.27,5481296
1460122200,2016-04-08 09:30,36.63,37.17,36.3801,36.54,4877052
1460381400,2016-04-11 09:30,36.79,37.46,36.73,36.88,4628271
1460467800,2016-04-12 09:30,36.93,37.61,36.81,37.59,5584622
1460554200,2016-04-13 09:30,37.93,39.06,37.93,39.02,7566501
1460640600,2016-04-14 09:30,38.98,39.86,38.77,39.37,6662265
1460727000,2016-04-15 09:30,39.38,39.59,39.025,39.2,3859287
1460986200,2016-04-18 09:30,38.95,39.71,38.84,39.61,4569222
1461072600,2016-04-19 09:30,39.73,40.21,39.53,40.21,5343830
1461159000,2016-04-20 09:30,40.14,40.75,39.96,40.71,5713816
1461245400,2016-04-21 09:30,40.75,41.05,40.35,40.43,5494478
1461331800,2016-04-22 09:30,40.31,40.93,40.31,40.81,5308868
1461591000,2016-04-25 09:30,40.64,40.69,40.115,40.51,5058139
1461677400,2016-04-26 09:30,40.59,41.1125,40.42,41.05,6339423
1461763800,2016-04-27 09:30,41.07,41.18,40.59,41,5366160
1461850200,2016-04-28 09:30,40.5,41.05,40.37,40.54,4136763
1461936600,2016-04-29 09:30,40.23,40.68,40.07,40.35,4946242
1462195800,2016-05-02 09:30,40.54,40.69,40.11,40.62,3003238
1462282200,2016-05-03 09:30,39.92,40.1,39.305,39.65,4989009
1462368600,2016-05-04 09:30,39.3,39.69,38.46,38.93,5173347
1462455000,2016-05-05 09:30,39.03,39.26,38.58,38.7,3306977
1462541400,2016-05-06 09:30,38.43,38.89,38.35,38.86,4024422
1462800600,2016-05-09 09:30,38.75,39.16,38.51,38.76,3058095
1462887000,2016-05-10 09:30,39.01,39.63,38.93,39.51,3057546
1462973400,2016-05-11 09:30,39.3,39.82,39.25,39.36,3194832
1463059800,2016-05-12 09:30,39.55,39.84,38.825,39.09,7971452
1463146200,2016-05-13 09:30,39.1,39.53,38.235,38.36,9810379
1463405400,2016-05-16 09:30,38.38,39.195,38.38,38.95,4062948
1463491800,2016-05-17 09:30,38.76,39.42,38.52,38.69,5345128
1463578200,2016-05-18 09:30,38.63,40.43,38.63,40.33,8846025
1463664600,2016-05-19 09:30,40.12,40.57,39.53,39.92,6216110
1463751000,2016-05-20 09:30,40.14,40.59,40.03,40.25,4460004
1464010200,2016-05-23 09:30,40.23,40.425,39.855,40.19,3672617
1464096600,2016-05-24 09:30,40.49,41.17,40.38,40.98,5168071
1464183000,2016-05-25 09:30,41.19,41.91,41.11,41.67,8582459
1464269400,2016-05-26 09:30,41.67,41.76,41.16,41.27,6329339
1464355800,2016-05-27 09:30,41.36,41.73,41.25,41.71,4619334
1464701400,2016-05-31 09:30,41.95,41.97,41.49,41.65,5092176
1464787800,2016-06-01 09:30,41.33,41.9,40.98,41.82,3852672
1464874200,2016-06-02 09:30,41.64,42.005,41.45,41.98,3624946
1464960600,2016-06-03 09:30,41.1,41.26,40.18,41.19,8409560
1465219800,2016-06-06 09:30,41.45,42.04,41.2,41.78,5298698
1465306200,2016-06-07 09:30,41.78,41.94,41.54,41.56,2553826
1465392600,2016-06-08 09:30,41.5,41.76,41.42,41.67,2673205
1465479000,2016-06-09 09:30,41.19,41.36,40.73,41.1,6603774
1465565400,2016-06-10 09:30,40.5,40.79,40.3,40.53,5622631
1465824600,2016-06-13 09:30,40.21,40.69,39.93,40.04,4833273
1465911000,2016-06-14 09:30,39.77,40.21,38.94,39.14,7111102
1465997400,2016-06-15 09:30,39.17,39.98,39.07,39.34,6956831
1466083800,2016-06-16 09:30,38.97,39.05,38.39,38.78,10227806
1466170200,2016-06-17 09:30,38.92,39.15,38.47,38.79,3911395
1466429400,2016-06-20 09:30,39.59,40.04,39.15,39.19,4554539
1466515800,2016-06-21 09:30,39.29,39.41,38.87,39.34,3098227
1466602200,2016-06-22 09:30,39.32,39.87,39.245,39.29,3528094
1466688600,2016-06-23 09:30,39.91,40.6,39.83,40.57,7285871
1466775000,2016-06-24 09:30,38.31,38.75,37.6,37.63,9026815
1467034200,2016-06-27 09:30,36.93,37.18,35.29,35.51,14782753
1467120600,2016-06-28 09:30,36.1,36.73,35.86,36.6,10179188
1467207000,2016-06-29 09:30,37.18,37.595,36.85,37.54,6009762
1467293400,2016-06-30 09:30,38.01,38.45,37.44,38.4,7411465
1467379800,2016-07-01 09:30,38.01,38.365,37.66,37.99,6155848
1467725400,2016-07-05 09:30,37.44,37.58,36.56,36.85,5105822
1467811800,2016-07-06 09:30,36.55,37.2051,36.15,37.12,4901373
1467898200,2016-07-07 09:30,37.43,37.88,37.27,37.65,5962207
1467984600,2016-07-08 09:30,38.2,38.59,38.08,38.24,5017942
1468243800,2016-07-11 09:30,38.61,38.92,38.6,38.74,5238145
1468330200,2016-07-12 09:30,39.34,39.75,39.15,39.63,4987837
1468416600,2016-07-13 09:30,39.49,39.73,39.36,39.65,3849379
1468503000,2016-07-14 09:30,40.54,40.54,40.13,40.27,8127950
1468589400,2016-07-15 09:30,40.67,40.67,40.195,40.35,4383678
1468848600,2016-07-18 09:30,40.08,40.42,40.08,40.14,4224608
1468935000,2016-07-19 09:30,39.95,40.45,39.46,40.19,3677389
1469021400,2016-07-20 09:30,40.3,40.3,39.81,40,3963305
1469107800,2016-07-21 09:30,40.11,40.21,39.63,39.73,4671103
1469194200,2016-07-22 09:30,39.78,40.2,39.49,40.09,3097761
1469453400,2016-07-25 09:30,40.01,40.165,39.87,39.96,2275234
1469539800,2016-07-26 09:30,39.92,40.23,39.8,40.18,3945864
1469626200,2016-07-27 09:30,40.24,40.75,40.18,40.28,7603251
1469712600,2016-07-28 09:30,40.14,40.44,39.85,40.28,3192380
1469799000,2016-07-29 09:30,40.07,40.5,39.99,40.1,3394788
1470058200,2016-08-01 09:30,40.24,40.4,39.63,39.68,3252373
1470144600,2016-08-02 09:30,39.76,39.83,39.15,39.33,4321625
1470231000,2016-08-03 09:30,39.24,39.915,39.15,39.88,2935467
1470317400,2016-08-04 09:30,39.76,40.131,39.76,39.93,3466194
1470403800,2016-08-05 09:30,40.9,41.34,40.36,41.31,7245458
1470663000,2016-08-08 09:30,41.44,41.64,41.12,41.2,2939471
1470749400,2016-08-09 09:30,41.15,41.4,41.0904,41.3,2699653
1470835800,2016-08-10 09:30,41.2,41.24,40.7,40.76,8717169
1470922200,2016-08-11 09:30,40.81,41,40.65,40.86,5108278
1471008600,2016-08-12 09:30,40.35,40.69,40.29,40.67,2639279
1471267800,2016-08-15 09:30,40.96,41.35,40.84,41.28,2915599
1471354200,2016-08-16 09:30,41.11,41.39,40.98,41.17,3917191
1471440600,2016-08-17 09:30,41.09,41.49,41.04,41.3,3959738
1471527000,2016-08-18 09:30,41.26,41.56,41.22,41.48,2903201
1471613400,2016-08-19 09:30,41.4,41.6,41.27,41.55,2805540
1471872600,2016-08-22 09:30,41.29,41.67,41.161,41.56,2032345
1471959000,2016-08-23 09:30,41.65,41.89,41.65,41.67,2164965
1472045400,2016-08-24 09:30,41.73,41.91,41.38,41.63,3797356
1472131800,2016-08-25 09:30,41.54,41.89,41.53,41.83,3113768
1472218200,2016-08-26 09:30,42,42.34,41.799,42.11,10798168
1472477400,2016-08-29 09:30,42.19,42.62,42.13,42.43,6257131
1472563800,2016-08-30 09:30,42.53,42.9,42.5,42.88,6383253
1472650200,2016-08-31 09:30,43,43.07,42.485,43.02,10472723
1472736600,2016-09-01 09:30,43.12,43.275,42.3335,42.72,7659316
1472823000,2016-09-02 09:30,42.98,43.09,42.49,43.09,4481257
1473168600,2016-09-06 09:30,43.09,43.11,42.14,42.31,8670859
1473255000,2016-09-07 09:30,42.3,42.66,42.05,42.64,4030891
1473341400,2016-09-08 09:30,42.84,42.99,42.47,42.76,4122692
1473427800,2016-09-09 09:30,42.91,42.98,42.42,42.46,6463010
1473687000,2016-09-12 09:30,42.18,42.7999,41.775,42.73,6226991
1473773400,2016-09-13 09:30,42.27,42.28,41.55,42.11,6067987
1473859800,2016-09-14 09:30,42.13,42.31,41.695,41.74,11019088
1473946200,2016-09-15 09:30,41.66,42.21,41.63,42.16,5948242
1474032600,2016-09-16 09:30,41.64,41.79,41.37,41.6,5352843
1474291800,2016-09-19 09:30,41.81,42.13,41.54,41.76,5497418
1474378200,2016-09-20 09:30,42.13,42.13,41.64,41.7,2823986
1474464600,2016-09-21 09:30,41.87,42.19,41.535,41.89,6297438
1474551000,2016-09-22 09:30,42.16,42.26,41.77,42.22,5718426
1474637400,2016-09-23 09:30,41.93,42.54,41.93,42.23,7222476
1474896600,2016-09-26 09:30,41.91,41.94,41.26,41.28,4819642
1474983000,2016-09-27 09:30,41.05,41.71,40.97,41.71,3703949
1475069400,2016-09-28 09:30,41.88,42.22,41.55,42.22,2719976
1475155800,2016-09-29 09:30,42.23,42.47,41.39,41.52,7526572
1475242200,2016-09-30 09:30,41.8,42.41,41.57,42.27,3533532
1475501400,2016-10-03 09:30,42.05,42.31,41.815,41.86,3648578
1475587800,2016-10-04 09:30,42.06,42.72,41.98,42.46,6768791
1475674200,2016-10-05 09:30,42.63,43.45,42.56,43.28,6534068
1475760600,2016-10-06 09:30,43.65,43.65,42.94,43.21,4761014
1475847000,2016-10-07 09:30,43.09,43.42,42.765,43.24,6360302
1476106200,2016-10-10 09:30,43.59,43.695,43.3615,43.47,4115826
1476192600,2016-10-11 09:30,43.5,43.615,42.68,42.9,5531252
1476279000,2016-10-12 09:30,42.9,43.19,42.82,42.83,5177926
1476365400,2016-10-13 09:30,42.29,42.66,41.36,41.79,7769010
1476451800,2016-10-14 09:30,42.35,42.5,41.86,42,4120175
1476711000,2016-10-17 09:30,42.05,42.17,41.6,41.71,3059438
1476797400,2016-10-18 09:30,42.04,42.19,41.71,42.12,2537732
1476883800,2016-10-19 09:30,42.33,43.08,42.27,42.95,5573137
1476970200,2016-10-20 09:30,42.87,43.36,42.74,43.07,3960253
1477056600,2016-10-21 09:30,42.77,43.23,42.65,43.19,3653228
1477315800,2016-10-24 09:30,43.5,43.75,43.38,43.54,3964037
1477402200,2016-10-25 09:30,43.42,43.74,43.249,43.38,2927018
1477488600,2016-10-26 09:30,43.29,43.89,43.18,43.7,6058879
1477575000,2016-10-27 09:30,44.05,44.3,43.665,44,6206275
1477661400,2016-10-28 09:30,44.2,44.2,43.35,43.49,6400268
1477920600,2016-10-31 09:30,43.63,43.94,43.56,43.79,8450229
1478007000,2016-11-01 09:30,44,44.15,43.2,43.69,9336628
1478093400,2016-11-02 09:30,43.53,43.55,42.69,42.91,6275956
1478179800,2016-11-03 09:30,43.08,43.35,42.86,42.94,4314882
1478266200,2016-11-04 09:30,43.04,43.5165,42.61,42.99,6140732
1478529000,2016-11-07 09:30,43.92,44.32,43.635,44.22,6264904
1478615400,2016-11-08 09:30,43.92,44.27,43.595,43.97,5600446
1478701800,2016-11-09 09:30,44.86,46.69,44.66,46.45,23149011
1478788200,2016-11-10 09:30,47.29,48.8,47.16,48.4,20673245
1478874600,2016-11-11 09:30,48.16,49.56,48.1,49.49,14349833
1479133800,2016-11-14 09:30,50.09,51.66,50.03,50.83,17284053
1479220200,2016-11-15 09:30,50.25,51.175,49.6,51.16,11330957
1479306600,2016-11-16 09:30,50.33,50.74,50.17,50.42,11314863
1479393000,2016-11-17 09:30,50.54,51.19,50.23,51.15,10626001
1479479400,2016-11-18 09:30,51.21,51.63,50.96,51.5,12271631
1479738600,2016-11-21 09:30,51.71,51.79,51.21,51.66,6436815
1479825000,2016-11-22 09:30,51.7,52.04,51.58,51.98,10087391
1479911400,2016-11-23 09:30,52.38,52.45,51.89,52.3,8823616
1480084200,2016-11-25 09:30,52.44,52.49,52.0857,52.3,2107995
1480343400,2016-11-28 09:30,51.81,52.22,51.18,51.31,9030074
1480429800,2016-11-29 09:30,51.44,51.85,51.3,51.48,5992031
1480516200,2016-11-30 09:30,52.21,52.59,52.17,52.41,8773615
1480602600,2016-12-01 09:30,52.8,53.64,52.6,53.46,10064171
1480689000,2016-12-02 09:30,53.31,53.32,52.75,53.03,8765684
1480948200,2016-12-05 09:30,53.49,53.95,53.35,53.68,6810982
1481034600,2016-12-06 09:30,53.93,54.5,53.58,54.5,7118128
1481121000,2016-12-07 09:30,54.47,55.07,54.215,55.04,7701845
1481207400,2016-12-08 09:30,55.32,56.29,55.111,55.91,11920863
1481293800,2016-12-09 09:30,56.02,56.05,55.39,56.03,7416290
1481553000,2016-12-12 09:30,55.94,56.1,54.78,54.94,9404104
1481639400,2016-12-13 09:30,55.14,55.44,54.47,55.02,8069507
1481725800,2016-12-14 09:30,54.47,55.81,54.33,54.84,14557478
1481812200,2016-12-15 09:30,55.2,55.93,54.72,55.64,9955751
1481898600,2016-12-16 09:30,55.67,55.81,54.625,54.74,8766675
1482157800,2016-12-19 09:30,54.95,55.12,54.27,55.07,8196130
1482244200,2016-12-20 09:30,55.54,56.12,55.3,56.11,5848507
1482330600,2016-12-21 09:30,56.05,56.115,55.69,55.92,5894914
1482417000,2016-12-22 09:30,56.04,56.2,55.675,56.09,5643773
1482503400,2016-12-23 09:30,55.96,56.14,55.87,56.11,3086840
1482849000,2016-12-27 09:30,56.36,56.465,56.16,56.46,5086110
1482935400,2016-12-28 09:30,56.52,56.54,55.66,55.82,6182859
1483021800,2016-12-29 09:30,55.86,56.16,55.07,55.35,3913126
1483108200,2016-12-30 09:30,55.5,55.71,55.18,55.57,6596074
1483453800,2017-01-03 09:30,56.48,56.73,55.225,55.57,8186435
1483540200,2017-01-04 09:30,55.94,56.59,55.69,56.44,5981636
1483626600,2017-01-05 09:30,56.11,56.5,55.07,55.55,7650734
1483713000,2017-01-06 09:30,55.99,56.18,55.52,55.78,5534608
1483972200,2017-01-09 09:30,55.4,55.6,54.85,55.24,4440058
1484058600,2017-01-10 09:30,55.24,55.96,55.01,55.76,5748647
1484145000,2017-01-11 09:30,55.61,56.11,55.28,56.09,7564243
1484231400,2017-01-12 09:30,55.79,55.82,54.5842,55.19,7294409
1484317800,2017-01-13 09:30,55.7,56.67,55.52,55.81,7608191
1484663400,2017-01-17 09:30,55.17,55.17,53.72,53.79,11245447
1484749800,2017-01-18 09:30,54.1,54.46,53.48,54.39,7616532
1484836200,2017-01-19 09:30,54.73,54.83,53.799,54.1,8101530
1484922600,2017-01-20 09:30,54.29,54.9,54.27,54.52,8459705
1485181800,2017-01-23 09:30,54.29,54.63,53.88,54.35,5257359
1485268200,2017-01-24 09:30,54.63,55.53,54.39,55.38,6376556
1485354600,2017-01-25 09:30,55.98,56.545,55.89,56.42,7040119
1485441000,2017-01-26 09:30,56.61,56.99,56.35,56.88,6322917
1485527400,2017-01-27 09:30,56.8,56.82,56.14,56.29,6321604
1485786600,2017-01-30 09:30,55.89,55.89,54.82,55.46,7707303
1485873000,2017-01-31 09:30,55.3,55.81,54.975,55.4,5835238
1485959400,2017-02-01 09:30,56.03,56.51,55.13,55.28,7590675
1486045800,2017-02-02 09:30,54.83,55.06,54.35,54.65,7294993
1486132200,2017-02-03 09:30,55.49,56.15,55.14,56.08,6806901
1486391400,2017-02-06 09:30,55.67,56.21,55.57,55.67,6111832
1486477800,2017-02-07 09:30,55.88,56.01,55.23,55.46,4346700
1486564200,2017-02-08 09:30,55.15,55.27,54.4,54.91,6376596
1486650600,2017-02-09 09:30,55.18,56,55,55.91,9217973
1486737000,2017-02-10 09:30,56.18,56.31,55.78,56.17,6157715
1486996200,2017-02-13 09:30,56.55,57.14,56.5,56.69,6077439
1487082600,2017-02-14 09:30,56.74,57.78,56.49,57.7,8326941
1487169000,2017-02-15 09:30,58.06,58.11,57.5066,57.95,6233344
1487255400,2017-02-16 09:30,57.95,58.04,57.33,57.87,6796362
1487341800,2017-02-17 09:30,57.28,57.7,57.0081,57.7,5259979
1487687400,2017-02-21 09:30,58.06,58.24,57.6,57.95,4011394
1487773800,2017-02-22 09:30,57.55,58.17,57.55,57.9,3994707
1487860200,2017-02-23 09:30,57.99,58.03,57.16,57.94,5092820
1487946600,2017-02-24 09:30,57.2,57.5299,57.04,57.46,5937129
1488205800,2017-02-27 09:30,57.55,57.96,57.42,57.96,4774459
1488292200,2017-02-28 09:30,57.73,57.81,57.17,57.46,5306633
1488378600,2017-03-01 09:30,58.76,59.6,58.5,59.36,10838478
1488465000,2017-03-02 09:30,59.52,59.68,57.75,57.82,7206393
1488551400,2017-03-03 09:30,57.98,58.36,57.85,58.2,9163335
1488810600,2017-03-06 09:30,57.84,58.095,57.25,57.83,5490920
1488897000,2017-03-07 09:30,57.77,58.01,57.4,57.58,6079618
1488983400,2017-03-08 09:30,58.23,58.385,57.19,57.27,9310519
1489069800,2017-03-09 09:30,57.51,57.875,57.1201,57.25,7186813
1489156200,2017-03-10 09:30,57.6,57.6,56.33,56.99,10470303
1489411800,2017-03-13 09:30,57.02,57.455,56.76,57.06,3839621
1489498200,2017-03-14 09:30,56.75,56.98,56.09,56.91,5487078
1489584600,2017-03-15 09:30,57.06,57.48,56.3,56.43,14055228
1489671000,2017-03-16 09:30,56.73,57.19,56.56,56.95,5275964
1489757400,2017-03-17 09:30,56.88,56.94,56.01,56.54,11061449
1490016600,2017-03-20 09:30,56.34,56.45,55.71,55.759,4265689
1490103000,2017-03-21 09:30,56.07,56.36,52.7,52.74,28352505
1490189400,2017-03-22 09:30,52.22,53.07,51.57,52.59,17370069
1490275800,2017-03-23 09:30,52.44,53.7,52.31,52.99,11713944
1490362200,2017-03-24 09:30,53.19,53.45,52.58,53.07,8850281
1490621400,2017-03-27 09:30,51.5,52.88,51.17,52.78,11951870
1490707800,2017-03-28 09:30,52.56,53.94,52.54,53.67,7721756
1490794200,2017-03-29 09:30,53.56,53.84,53.141,53.49,5186786
1490880600,2017-03-30 09:30,53.45,55.31,53.45,55.14,13626813
1490967000,2017-03-31 09:30,54.9,55.14,54.57,54.61,7394452
1491226200,2017-04-03 09:30,54.58,54.84,53.5199,54.09,9174510
1491312600,2017-04-04 09:30,53.71,54.37,53.71,54.12,7053975
1491399000,2017-04-05 09:30,54.64,54.9,53.08,53.12,8453041
1491485400,2017-04-06 09:30,53.1,54,52.69,53.83,6307402
1491571800,2017-04-07 09:30,53.37,53.88,53.115,53.61,8293912
1491831000,2017-04-10 09:30,53.5,53.99,52.83,53.27,6347423
1491917400,2017-04-11 09:30,52.93,53.61,52.6,53.58,9289614
1492003800,2017-04-12 09:30,53.53,53.68,52.63,52.83,7334074
1492090200,2017-04-13 09:30,52.46,52.88,51.68,51.71,11192955
1492435800,2017-04-17 09:30,51.68,52.67,51.47,52.62,8164816
1492522200,2017-04-18 09:30,52.11,52.71,51.62,52.35,7039600
1492608600,2017-04-19 09:30,52.71,53.21,52.44,52.69,5528905
1492695000,2017-04-20 09:30,53.02,53.86,52.93,53.8,9414757
1492781400,2017-04-21 09:30,53.48,54.06,53.31,53.64,7505681
1493040600,2017-04-24 09:30,54.88,55.53,54.73,54.82,8772396
1493127000,2017-04-25 09:30,55.31,55.58,55.01,55.02,6708693
1493213400,2017-04-26 09:30,54.99,56.1,54.83,55.61,9153557
1493299800,2017-04-27 09:30,55.76,55.79,54.7,55.02,6185332
1493386200,2017-04-28 09:30,54.95,55.18,53.975,54.05,7059208
1493645400,2017-05-01 09:30,54.3,55,53.871,54.66,5975157
1493731800,2017-05-02 09:30,54.63,54.79,53.91,54.21,5160227
1493818200,2017-05-03 09:30,53.94,54.765,53.68,54.72,6276632
1493904600,2017-05-04 09:30,55.28,55.43,54.59,54.82,7470794
1493991000,2017-05-05 09:30,54.98,55.07,54.3,54.67,4323215
1494250200,2017-05-08 09:30,54.69,54.92,54.44,54.85,4672814
1494336600,2017-05-09 09:30,55.01,55.2775,54.16,54.45,4562016
1494423000,2017-05-10 09:30,54.28,54.64,53.95,54.52,3237490
1494509400,2017-05-11 09:30,54.31,54.51,53.3,53.71,8872268
1494595800,2017-05-12 09:30,53.13,53.52,52.76,53.52,12060259
1494855000,2017-05-15 09:30,53.72,54.19,53.56,54.02,4413461
1494941400,2017-05-16 09:30,54.1,54.29,53.55,54.27,4607189
1495027800,2017-05-17 09:30,53,53.26,51.485,51.92,16524212
1495114200,2017-05-18 09:30,51.79,52.59,51.69,52.33,10493813
1495200600,2017-05-19 09:30,52.33,52.9,52.33,52.48,9642134
1495459800,2017-05-22 09:30,52.69,52.85,52.16,52.72,3714599
1495546200,2017-05-23 09:30,52.75,53.78,52.48,53.48,5280480
1495632600,2017-05-24 09:30,53.6,53.61,52.82,53.17,4856461
1495719000,2017-05-25 09:30,53.3,53.65,52.94,53.2,5739066
1495805400,2017-05-26 09:30,53,53.15,52.711,52.84,4296342
1496151000,2017-05-30 09:30,52.49,52.65,51.82,52.26,7886163
1496237400,2017-05-31 09:30,52.29,52.5,51.085,51.83,13087598
1496323800,2017-06-01 09:30,52.23,52.77,51.56,52.75,8705106
1496410200,2017-06-02 09:30,52.09,52.92,51.91,52.36,9107888
1496669400,2017-06-05 09:30,52.37,52.95,52.35,52.39,6443992
1496755800,2017-06-06 09:30,51.86,52.34,51.54,52.02,7804139
1496842200,2017-06-07 09:30,52.31,52.8,52.09,52.56,8671430
1496928600,2017-06-08 09:30,52.45,54.75,52.27,54.08,16618871
1497015000,2017-06-09 09:30,54.59,56.04,54.53,55.73,13729536
1497274200,2017-06-12 09:30,55.77,56.54,55.24,55.7,10618997
1497360600,2017-06-13 09:30,56,56.31,55.54,55.75,6627858
1497447000,2017-06-14 09:30,55.12,55.75,54.47,55.75,10824178
1497533400,2017-06-15 09:30,55.63,56.13,55.15,55.49,5751978
1497619800,2017-06-16 09:30,55.11,55.385,54.74,55.07,5449845
1497879000,2017-06-19 09:30,55.42,55.76,54.91,55.07,5841074
1497965400,2017-06-20 09:30,54.9,55.11,54.33,54.35,4009939
1498051800,2017-06-21 09:30,54.53,54.53,53.53,53.61,5365207
1498138200,2017-06-22 09:30,53.46,53.66,52.87,53.25,5177664
1498224600,2017-06-23 09:30,53.54,53.59,52.72,52.91,6609446
1498483800,2017-06-26 09:30,53.02,53.72,52.72,53.29,4717313
1498570200,2017-06-27 09:30,53.64,54.19,53.4308,53.56,5600759
1498656600,2017-06-28 09:30,53.86,54.54,53.86,54.35,8585019
1498743000,2017-06-29 09:30,55.8,55.94,54.51,55.2,11122463
1498829400,2017-06-30 09:30,55.49,55.54,54.69,54.95,6476593
1499088600,2017-07-03 09:30,55.33,56.49,55.2507,56.07,5452938
1499261400,2017-07-05 09:30,56.26,56.33,55.44,55.97,4212107
1499347800,2017-07-06 09:30,56.08,56.18,55.27,55.42,4682666
1499434200,2017-07-07 09:30,55.73,55.84,55.015,55.67,3786188
1499693400,2017-07-10 09:30,55.48,55.72,55.21,55.39,3207004
1499779800,2017-07-11 09:30,55.41,55.48,54.87,55.29,3525600
1499866200,2017-07-12 09:30,55.01,55.52,54.94,55.17,4706684
1499952600,2017-07-13 09:30,55.34,55.53,55.03,55.37,4597145
1500039000,2017-07-14 09:30,54.58,55.35,54.33,55.02,5380749
1500298200,2017-07-17 09:30,55.02,55.29,54.55,55.06,3042292
1500384600,2017-07-18 09:30,54.67,55.0399,54.435,54.85,4856365
1500471000,2017-07-19 09:30,55.05,55.2,54.45,54.83,4211860
1500557400,2017-07-20 09:30,54.78,55.175,54.405,54.74,3292459
1500643800,2017-07-21 09:30,54.8,54.995,54.08,54.25,3931274
1500903000,2017-07-24 09:30,54.32,54.87,54.3,54.81,2887079
1500989400,2017-07-25 09:30,55.7,56.02,55.47,55.7,6480550
1501075800,2017-07-26 09:30,55.77,55.88,54.43,54.59,6659568
1501162200,2017-07-27 09:30,54.73,55.05,54.26,54.6,4881940
1501248600,2017-07-28 09:30,54.39,54.46,53.86,54.11,4917578
1501507800,2017-07-31 09:30,54.34,54.79,54.19,54.48,4565882
1501594200,2017-08-01 09:30,54.71,55.19,54.5,54.85,3149733
1501680600,2017-08-02 09:30,54.93,55.06,54.445,54.9,3460911
1501767000,2017-08-03 09:30,54.73,54.92,54.37,54.49,3494146
1501853400,2017-08-04 09:30,55.25,55.42,54.79,54.98,4466930
1502112600,2017-08-07 09:30,54.94,55.05,54.52,54.63,3964091
1502199000,2017-08-08 09:30,54.44,55.54,54.43,54.71,4180300
1502285400,2017-08-09 09:30,54.02,54.41,53.86,54.07,4208000
1502371800,2017-08-10 09:30,53.55,53.72,52.63,52.67,9026641
1502458200,2017-08-11 09:30,52.77,53.0648,52.02,52.27,5683458
1502717400,2017-08-14 09:30,52.86,53.52,52.7901,53.48,4467463
1502803800,2017-08-15 09:30,54.08,54.08,53.21,53.21,3237563
1502890200,2017-08-16 09:30,53.46,53.56,52.9,53.06,4100791
1502976600,2017-08-17 09:30,52.87,53.07,51.53,51.6,10458258
1503063000,2017-08-18 09:30,51.33,52.06,51.11,51.69,6643936
1503322200,2017-08-21 09:30,51.55,51.69,51.255,51.59,5272718
1503408600,2017-08-22 09:30,51.8,52.11,51.8,52.11,5579791
1503495000,2017-08-23 09:30,51.51,52.51,51.4,52.15,3317980
1503581400,2017-08-24 09:30,52.38,52.44,51.99,52.37,3151487
1503667800,2017-08-25 09:30,52.47,52.88,52.46,52.7,3045768
1503927000,2017-08-28 09:30,52.74,52.85,52.06,52.27,3082851
1504013400,2017-08-29 09:30,51.5,52.03,51.38,51.85,3480281
1504099800,2017-08-30 09:30,52,52.345,51.79,52.09,3543260
1504186200,2017-08-31 09:30,52.25,52.415,51.98,52.02,2940005
1504272600,2017-09-01 09:30,52.1,52.74,51.98,52.48,3399987
1504618200,2017-09-05 09:30,51.98,52.12,50.78,50.85,5996937
1504704600,2017-09-06 09:30,51.03,51.4,50.74,50.94,4639512
1504791000,2017-09-07 09:30,50.74,50.89,49.31,49.59,7184607
1504877400,2017-09-08 09:30,49.42,50.4436,49.42,50.16,7112014
1505136600,2017-09-11 09:30,50.76,51.81,50.76,51.5,8553037
1505223000,2017-09-12 09:30,51.72,52.81,51.72,52.7,10129985
1505309400,2017-09-13 09:30,52.49,52.97,52.37,52.9,6760556
1505395800,2017-09-14 09:30,52.9,53.05,52.28,52.35,4482146
1505482200,2017-09-15 09:30,52.07,52.465,51.97,52.37,5243057
1505741400,2017-09-18 09:30,52.61,53.3,52.59,53.11,5222469
1505827800,2017-09-19 09:30,53.11,53.605,53.04,53.46,4314660
1505914200,2017-09-20 09:30,53.4,54.25,52.91,54.06,6918486
1506000600,2017-09-21 09:30,54.1,54.48,53.7,54.3,4662209
1506087000,2017-09-22 09:30,54.02,54.45,53.9001,54.4,3266633
1506346200,2017-09-25 09:30,54.29,54.84,54.08,54.54,5435260
1506432600,2017-09-26 09:30,54.68,55.04,54.44,54.9,4708486
1506519000,2017-09-27 09:30,55.76,56.54,55.315,56.07,5968181
1506605400,2017-09-28 09:30,56.29,56.43,55.58,56.43,5286915
1506691800,2017-09-29 09:30,56.3,57.26,56.3,56.76,9515206
1506951000,2017-10-02 09:30,56.69,57.12,56.31,57.12,8392226
1507037400,2017-10-03 09:30,57.16,57.21,56.38,56.79,7715847
1507123800,2017-10-04 09:30,56.64,56.785,56.06,56.11,5293741
1507210200,2017-10-05 09:30,56.23,57.06,55.95,56.82,4432062
1507296600,2017-10-06 09:30,57.2,57.4,56.6,56.91,4851542
1507555800,2017-10-09 09:30,57,57.08,56.56,56.65,3534193
1507642200,2017-10-10 09:30,56.92,57.24,56.72,57.21,7274974
1507728600,2017-10-11 09:30,57.02,57.2,56.6,56.81,4058601
1507815000,2017-10-12 09:30,56.93,56.98,56.27,56.38,5601127
1507901400,2017-10-13 09:30,56.03,56.49,55.52,55.98,6042750
1508160600,2017-10-16 09:30,56.21,56.64,56.01,56.41,4199526
1508247000,2017-10-17 09:30,56.61,56.7299,55.691,55.81,3828386
1508333400,2017-10-18 09:30,56.19,56.33,55.82,56.19,7402902
1508419800,2017-10-19 09:30,55.69,56.735,55.52,56.57,8583025
1508506200,2017-10-20 09:30,57.28,57.49,57.05,57.33,8148002
1508765400,2017-10-23 09:30,57.41,57.41,56.69,56.78,3801716
1508851800,2017-10-24 09:30,57.14,57.44,56.96,57.11,3922706
1508938200,2017-10-25 09:30,57.37,57.4,56.37,56.86,6544882
1509024600,2017-10-26 09:30,56.9,57.63,56.9,57.54,6617756
1509111000,2017-10-27 09:30,57.41,57.98,57.4,57.85,7088073
1509370200,2017-10-30 09:30,57.55,57.71,56.7625,56.99,5504827
1509456600,2017-10-31 09:30,57.07,57.54,56.91,57.11,3782828
1509543000,2017-11-01 09:30,57.31,57.66,56.6,56.79,5179409
1509629400,2017-11-02 09:30,56.82,57.37,56.34,57.23,5264758
1509715800,2017-11-03 09:30,57.05,57.285,56.74,57.16,2808010
1509978600,2017-11-06 09:30,56.96,57.22,56.8,56.99,4010847
1510065000,2017-11-07 09:30,57.04,57.1101,55.35,55.42,8912889
1510151400,2017-11-08 09:30,55.2,55.42,54.59,54.99,6820838
1510237800,2017-11-09 09:30,54.71,55.15,53.89,54.45,9595242
1510324200,2017-11-10 09:30,54.67,54.87,54.33,54.35,5398585
1510583400,2017-11-13 09:30,54.05,55.25,53.75,55.18,6138290
1510669800,2017-11-14 09:30,54.87,55.69,54.87,55.64,7212807
1510756200,2017-11-15 09:30,55,56.05,54.82,55.67,4924544
1510842600,2017-11-16 09:30,56,56.09,55.575,55.6,3695391
1510929000,2017-11-17 09:30,55.21,56.1499,55.18,56.01,5096556
1511188200,2017-11-20 09:30,56.16,56.51,55.94,56.49,6388066
1511274600,2017-11-21 09:30,56.7,56.72,56.22,56.47,5577812
1511361000,2017-11-22 09:30,56.57,56.74,56.261,56.32,4437576
1511533800,2017-11-24 09:30,56.59,56.6,55.87,55.91,1851507
1511793000,2017-11-27 09:30,55.84,56.33,55.83,56.02,5273232
1511879400,2017-11-28 09:30,56.09,58,56.07,57.94,15661175
1511965800,2017-11-29 09:30,58.51,60.095,58.48,59.84,25881169
1512052200,2017-11-30 09:30,60.29,60.59,59.22,59.33,12385100
1512138600,2017-12-01 09:30,59.39,59.67,57.28,59.34,14000374
1512397800,2017-12-04 09:30,60.81,61.255,60.24,60.35,15660866
1512484200,2017-12-05 09:30,60.68,60.68,59.14,59.19,10017602
1512570600,2017-12-06 09:30,59.02,59.54,58.6915,58.85,8303340
1512657000,2017-12-07 09:30,58.64,59.63,58.45,59.27,8372178
1512743400,2017-12-08 09:30,59.71,59.74,58.91,59.29,8219720
1513002600,2017-12-11 09:30,59.27,59.47,58.64,58.82,5496857
1513089000,2017-12-12 09:30,59.12,59.59,58.835,59.33,8967207
1513175400,2017-12-13 09:30,59.2,59.77,58.6,58.69,10109968
1513261800,2017-12-14 09:30,58.95,59.15,57.83,58.08,16251480
1513348200,2017-12-15 09:30,58.17,59.685,57.92,59.07,14536297
1513607400,2017-12-18 09:30,59.52,60.16,59.44,59.86,7129908
1513693800,2017-12-19 09:30,60.21,60.22,59.54,59.62,5054883
1513780200,2017-12-20 09:30,60.08,60.19,58.825,59.38,9318672
1513866600,2017-12-21 09:30,59.72,60.38,59.63,60.17,5795602
1513953000,2017-12-22 09:30,60.36,60.36,59.52,59.95,3558017
1514298600,2017-12-26 09:30,59.94,60.15,59.2,59.4,3660438
1514385000,2017-12-27 09:30,59.44,59.55,59.03,59.13,2875306
1514471400,2017-12-28 09:30,59.22,59.47,59.01,59.45,3184693
1514557800,2017-12-29 09:30,59.6,59.69,58.82,58.85,6464581
1514903400,2018-01-02 09:30,59.26,59.4,58.6125,59,5995833
1514989800,2018-01-03 09:30,58.86,59.27,58.66,59.11,4503951
1515076200,2018-01-04 09:30,59.58,60.15,59.325,59.43,6202537
1515162600,2018-01-05 09:30,59.69,59.85,59.3436,59.82,3952687
1515421800,2018-01-08 09:30,59.76,59.875,59.31,59.71,6448967
1515508200,2018-01-09 09:30,59.93,61.02,59.91,60.52,6372788
1515594600,2018-01-10 09:30,60.68,62.0593,60.64,61.26,8676852
1515681000,2018-01-11 09:30,61.64,62.24,61.5,62.22,7331903
1515767400,2018-01-12 09:30,62.7,62.9525,62.19,62.61,5823274
1516113000,2018-01-16 09:30,63.13,63.15,61.74,62.01,8241728
1516199400,2018-01-17 09:30,62.21,62.515,61.48,62.39,6441926
1516285800,2018-01-18 09:30,62.55,62.67,61.87,62.04,4538668
1516372200,2018-01-19 09:30,62.08,63.04,62.08,63.03,5517559
1516631400,2018-01-22 09:30,62.9,63.2105,62.55,63.2,4100418
1516717800,2018-01-23 09:30,62.98,63.6866,62.695,63.36,4761892
1516804200,2018-01-24 09:30,63.49,63.81,63.005,63.33,5978796
1516890600,2018-01-25 09:30,63.54,63.57,62.61,62.9,4765100
1516977000,2018-01-26 09:30,63.17,63.34,62.505,63.06,3611693
1517236200,2018-01-29 09:30,63.06,63.4,62.8,62.8,3618315
1517322600,2018-01-30 09:30,62.4,63,62.21,62.31,5125347
1517409000,2018-01-31 09:30,62.5,62.83,62.12,62.3,3373490
1517495400,2018-02-01 09:30,62.1,63.25,61.815,63.22,6208238
1517581800,2018-02-02 09:30,63.17,63.76,62.36,62.64,11773564
1517841000,2018-02-05 09:30,61.85,62.7502,59.81,60.08,11946398
1517927400,2018-02-06 09:30,58.85,60.95,58.21,60.69,15091593
1518013800,2018-02-07 09:30,60.43,61.6,60.23,61.11,6312541
1518100200,2018-02-08 09:30,61.35,61.43,58.88,58.95,10203709
1518186600,2018-02-09 09:30,59.75,60.5,58.31,60.05,12551443
1518445800,2018-02-12 09:30,60.49,61.12,59.76,60.53,9398768
1518532200,2018-02-13 09:30,60.1,60.825,59.98,60.74,3895590
1518618600,2018-02-14 09:30,60.61,62.52,60.52,62.41,7763966
1518705000,2018-02-15 09:30,62.88,63.09,62.31,62.7,5239585
1518791400,2018-02-16 09:30,62.34,63.5,62.34,63.1,5649611
1519137000,2018-02-20 09:30,62.89,63.5,62.27,62.6,5235007
1519223400,2018-02-21 09:30,62.51,63.955,62.38,63.17,6398235
1519309800,2018-02-22 09:30,63.46,63.489,61.86,62,5121657
1519396200,2018-02-23 09:30,62,62.99,61.76,62.96,5979827
1519655400,2018-02-26 09:30,63.27,63.3453,62.44,63.29,3090959
1519741800,2018-02-27 09:30,63.24,64.07,62.43,62.46,4172570
1519828200,2018-02-28 09:30,62.77,63.19,61.495,61.52,4344022
1519914600,2018-03-01 09:30,61.52,62.355,61.17,61.56,6857578
1520001000,2018-03-02 09:30,61.1,62.71,60.55,62.56,7527461
1520260200,2018-03-05 09:30,62.08,63.63,61.51,63.31,5901254
1520346600,2018-03-06 09:30,63.63,64.31,62.91,64.18,5594032
1520433000,2018-03-07 09:30,63.51,64.68,63.31,64.48,7056934
1520519400,2018-03-08 09:30,64.74,64.9,63.38,63.97,5131655
1520605800,2018-03-09 09:30,64.47,65.08,64.12,65.03,5086767
1520861400,2018-03-12 09:30,64.97,65.33,64.59,64.91,6585896
1520947800,2018-03-13 09:30,65.01,65.2,64.23,64.47,4989588
1521034200,2018-03-14 09:30,64.57,64.65,63.28,63.53,6708649
1521120600,2018-03-15 09:30,63.83,63.97,63.19,63.79,5560850
1521207000,2018-03-16 09:30,63.67,64.52,63.665,63.95,6850971
1521466200,2018-03-19 09:30,63.91,64.05,62.695,63.49,5232017
1521552600,2018-03-20 09:30,63.71,63.85,63.07,63.24,3499544
1521639000,2018-03-21 09:30,63.37,64.01,62.86,63.34,4858747
1521725400,2018-03-22 09:30,62.58,62.86,60.95,61.04,8928095
1521811800,2018-03-23 09:30,61.11,61.38,58.81,58.91,11649138
1522071000,2018-03-26 09:30,59.8,60.89,59.4566,60.83,7382774
1522157400,2018-03-27 09:30,61.01,61.33,59.095,59.49,5775207
1522243800,2018-03-28 09:30,59.43,60.41,58.975,59.88,6004179
1522330200,2018-03-29 09:30,60.21,60.74,59.84,60.39,4815108
1522675800,2018-04-02 09:30,60.26,60.59,58.47,59.21,6610423
1522762200,2018-04-03 09:30,59.5,60.31,59.235,60.04,5025136
1522848600,2018-04-04 09:30,59.17,60.87,59,60.73,9500589
1522935000,2018-04-05 09:30,61.19,61.289,60.54,61.12,4659276
1523021400,2018-04-06 09:30,60.48,60.81,58.69,59.4,9145316
1523280600,2018-04-09 09:30,59.73,60.76,59.33,59.37,7024743
1523367000,2018-04-10 09:30,60.27,60.7,59.65,60.49,5713290
1523453400,2018-04-11 09:30,59.98,60.48,59.69,60.2,4208182
1523539800,2018-04-12 09:30,60.77,61.6866,60.48,61.3,4426157
1523626200,2018-04-13 09:30,62.01,62.01,60.07,60.35,5548691
1523885400,2018-04-16 09:30,60.54,60.86,60.0799,60.63,3342993
1523971800,2018-04-17 09:30,61.01,61.1,59.43,59.82,7090231
1524058200,2018-04-18 09:30,59.91,60.3,59.54,59.57,4813482
1524144600,2018-04-19 09:30,59.79,60.81,59.66,60.66,7378752
1524231000,2018-04-20 09:30,60.64,61.4,60.6006,61.19,4734472
1524490200,2018-04-23 09:30,61.41,61.945,61.18,61.72,4658060
1524576600,2018-04-24 09:30,62.03,62.99,61.53,62.13,8938555
1524663000,2018-04-25 09:30,62.16,62.71,61.62,62.14,5918150
1524749400,2018-04-26 09:30,62.07,62.565,61.82,62.15,3530752
1524835800,2018-04-27 09:30,62.16,62.91,62.15,62.64,7288056
1525095000,2018-04-30 09:30,62.72,63,61.64,61.64,4944336
1525181400,2018-05-01 09:30,61.58,62.29,60.8587,62.1,5158711
1525267800,2018-05-02 09:30,61.9,62.74,61.59,61.97,7749503
1525354200,2018-05-03 09:30,61.57,61.82,60.73,61.36,12375333
1525440600,2018-05-04 09:30,60.93,62.65,60.68,62.15,6149195
1525699800,2018-05-07 09:30,62.28,62.83,61.78,62.43,3424569
1525786200,2018-05-08 09:30,62.56,63.435,62.4,62.99,5624552
1525872600,2018-05-09 09:30,63.34,63.97,62.95,63.59,6948890
1525959000,2018-05-10 09:30,63.42,64.01,63.13,63.74,5737464
1526045400,2018-05-11 09:30,63.84,64.11,63.62,63.75,4049647
1526304600,2018-05-14 09:30,63.92,64.03,63.4,63.52,2443670
1526391000,2018-05-15 09:30,63.46,64.36,63.37,63.94,5209476
1526477400,2018-05-16 09:30,63.89,64.438,63.65,64.24,3396624
1526563800,2018-05-17 09:30,64.14,64.57,63.78,64.47,3686841
1526650200,2018-05-18 09:30,64.5,64.54,63.92,63.94,3976536
1526909400,2018-05-21 09:30,64.14,64.93,64.14,64.65,5481599
1526995800,2018-05-22 09:30,64.87,65.59,64.74,65.03,7680910
1527082200,2018-05-23 09:30,64.93,65.07,64.24,64.56,8860678
1527168600,2018-05-24 09:30,64.41,64.46,63.22,64.43,5610304
1527255000,2018-05-25 09:30,64.02,64.49,63.9,64.21,3391241
1527600600,2018-05-29 09:30,63.4,63.8,62.25,62.66,11243826
1527687000,2018-05-30 09:30,63.26,63.92,62.91,63.66,7277382
1527773400,2018-05-31 09:30,63.54,63.92,62.99,63.18,6164170
1527859800,2018-06-01 09:30,63.82,64.345,63.71,63.84,5837806
1528119000,2018-06-04 09:30,64.15,64.55,63.87,64.5,4706380
1528205400,2018-06-05 09:30,64.4,64.585,63.91,64.32,3692926
1528291800,2018-06-06 09:30,64.75,65.56,64.56,65.49,6874641
1528378200,2018-06-07 09:30,65.74,66.04,65.09,65.51,6561773
1528464600,2018-06-08 09:30,65.29,65.83,65.19,65.74,4587526
1528723800,2018-06-11 09:30,65.74,66.03,64.75,64.95,5522188
1528810200,2018-06-12 09:30,65.25,65.27,64.17,64.58,5793560
1528896600,2018-06-13 09:30,64.62,65.27,64.01,64.33,6520675
1528983000,2018-06-14 09:30,64.66,64.67,63.54,64.06,8618348
1529069400,2018-06-15 09:30,63.46,63.97,62.73,63.61,7082870
1529328600,2018-06-18 09:30,63.21,64.03,62.865,63.64,5121798
1529415000,2018-06-19 09:30,63.1,64.23,63.05,64.1,5400073
1529501400,2018-06-20 09:30,64.52,64.64,64.07,64.22,4471076
1529587800,2018-06-21 09:30,64.24,64.575,63.485,64.09,4522863
1529674200,2018-06-22 09:30,64.54,64.54,63.25,63.46,5227696
1529933400,2018-06-25 09:30,63.13,63.36,62.28,62.86,5149503
1530019800,2018-06-26 09:30,62.94,63.089,62.11,62.56,5697725
1530106200,2018-06-27 09:30,62.38,62.63,61.26,61.38,7415152
1530192600,2018-06-28 09:30,61.35,61.87,61.08,61.44,6901543
1530279000,2018-06-29 09:30,61.99,62.32,60.94,61,6918901
1530538200,2018-07-02 09:30,60.6,61.57,60.51,61.52,4624735
1530624600,2018-07-03 09:30,61.66,62.01,61.25,61.31,2068306
1530797400,2018-07-05 09:30,61.62,61.71,61.15,61.41,7141850
1530883800,2018-07-06 09:30,61.35,62.1252,61,61.95,3255118
1531143000,2018-07-09 09:30,62.25,63.44,62.09,63.24,6364635
1531229400,2018-07-10 09:30,63.41,63.59,62.11,62.54,6021186
1531315800,2018-07-11 09:30,62.14,62.705,62.01,62.25,4782366
1531402200,2018-07-12 09:30,62.44,62.54,60.92,61.5,11170171
1531488600,2018-07-13 09:30,61.4,61.55,60.67,60.85,7586341
1531747800,2018-07-16 09:30,61.12,61.665,61.01,61.55,4862218
1531834200,2018-07-17 09:30,61.43,61.98,61.43,61.59,5424425
1531920600,2018-07-18 09:30,61.54,62.45,61.54,62.29,8479400
1532007000,2018-07-19 09:30,62.07,62.41,61.625,62.14,7219371
1532093400,2018-07-20 09:30,62.18,62.77,61.95,62.48,6494219
1532352600,2018-07-23 09:30,62.42,63.52,62.42,63.29,7089325
1532439000,2018-07-24 09:30,63.46,63.49,62.32,62.6,8142338
1532525400,2018-07-25 09:30,62.47,62.57,61.6,61.93,5889643
1532611800,2018-07-26 09:30,61.91,62.73,61.89,62.24,6748614
1532698200,2018-07-27 09:30,62.15,62.7299,61.73,62.14,3505597
1532957400,2018-07-30 09:30,62.3,62.56,61.76,61.76,7520626
1533043800,2018-07-31 09:30,61.83,61.98,61.07,61.51,6141629
1533130200,2018-08-01 09:30,61.86,62.42,61.69,62.15,4544789
1533216600,2018-08-02 09:30,61.81,62.88,61.6901,62.73,3463667
1533303000,2018-08-03 09:30,62.48,62.93,62.03,62.16,5401574
1533562200,2018-08-06 09:30,62.08,62.42,61.79,62.28,2550000
1533648600,2018-08-07 09:30,62.47,62.915,62.36,62.4,3765690
1533735000,2018-08-08 09:30,62.34,62.975,62.14,62.9,2588339
1533821400,2018-08-09 09:30,62.85,63.08,62.38,62.62,2749803
1533907800,2018-08-10 09:30,62.03,62.62,61.79,62.32,4444600
1534167000,2018-08-13 09:30,62.2,62.72,61.95,61.95,3494699
1534253400,2018-08-14 09:30,62.09,63.15,62.06,62.94,5057546
1534339800,2018-08-15 09:30,62.47,62.94,62.09,62.23,4368904
1534426200,2018-08-16 09:30,62.52,63.585,62.45,63.24,6614216
1534512600,2018-08-17 09:30,63.08,63.49,62.94,63.41,2770407
1534771800,2018-08-20 09:30,63.3,63.71,63.01,63.57,3263960
1534858200,2018-08-21 09:30,63.67,64.595,63.49,64.28,5266563
1534944600,2018-08-22 09:30,64.03,64.25,63.88,64.09,2462733
1535031000,2018-08-23 09:30,63.97,64.06,63.3948,63.67,3105251
1535117400,2018-08-24 09:30,63.81,63.88,63.34,63.42,5393067
1535376600,2018-08-27 09:30,63.7,64.05,63.34,63.42,5628578
1535463000,2018-08-28 09:30,63.59,63.64,62.845,63.18,5016919
1535549400,2018-08-29 09:30,63.2,63.33,62.5562,63.03,4358390
1535635800,2018-08-30 09:30,62.84,63.0399,62.63,62.78,4777379
1535722200,2018-08-31 09:30,62.5,63.199,62.45,63.15,2785426
1536067800,2018-09-04 09:30,63,63.6154,62.955,63.47,3096994
1536154200,2018-09-05 09:30,63.39,63.82,63.18,63.6,2480683
1536240600,2018-09-06 09:30,63.55,63.78,63.15,63.15,4942781
1536327000,2018-09-07 09:30,63.6,63.65,62.8667,63.33,2682889
1536586200,2018-09-10 09:30,63.52,63.66,63.06,63.18,2299387
1536672600,2018-09-11 09:30,63,63.66,62.8,63.29,3599259
1536759000,2018-09-12 09:30,62.94,63.27,61.98,62.1,9028143
1536845400,2018-09-13 09:30,62.15,62.375,61.34,61.4,9266247
1536931800,2018-09-14 09:30,61.53,62.11,61.49,62.02,5374010
1537191000,2018-09-17 09:30,61.98,62.23,61.34,61.52,5197005
1537277400,2018-09-18 09:30,61.56,61.61,61.11,61.27,5390113
1537363800,2018-09-19 09:30,61.21,62.2299,61.21,62.08,6624035
1537450200,2018-09-20 09:30,62.41,63.17,62.36,62.89,8826535
1537536600,2018-09-21 09:30,62.63,62.79,62.175,62.27,7036718
1537795800,2018-09-24 09:30,62.36,62.36,61.09,61.29,5509371
1537882200,2018-09-25 09:30,61.47,61.5699,61.11,61.23,3112392
1537968600,2018-09-26 09:30,61.23,61.35,59.97,60,8735404
1538055000,2018-09-27 09:30,60.12,60.25,59.39,59.5,7033099
1538141400,2018-09-28 09:30,59.27,59.71,59.02,59.42,7313204
1538400600,2018-10-01 09:30,59.65,59.88,58.65,58.83,8287402
1538487000,2018-10-02 09:30,58.7,59.14,58.275,58.61,8237243
1538573400,2018-10-03 09:30,58.88,60.29,58.75,60.03,13619372
1538659800,2018-10-04 09:30,60.04,61.08,59.8,60.15,17163714
1538746200,2018-10-05 09:30,60.43,60.46,59.405,59.67,6559923
1539005400,2018-10-08 09:30,59.49,60.365,59.31,60.1,6152662
1539091800,2018-10-09 09:30,59.97,60.26,59.6,59.85,4146008
1539178200,2018-10-10 09:30,59.82,60.4578,58.99,58.99,7984768
1539264600,2018-10-11 09:30,58.71,58.99,57.19,57.21,12816419
1539351000,2018-10-12 09:30,57.88,58,54.56,56.06,26937328
1539610200,2018-10-15 09:30,56.2,56.61,55.75,56.21,7435941
1539696600,2018-10-16 09:30,56.46,56.53,55.37,56.33,11982739
1539783000,2018-10-17 09:30,56.17,57.15,55.47,56.62,10395910
1539869400,2018-10-18 09:30,56.45,56.88,55.49,55.61,8175133
1539955800,2018-10-19 09:30,55.19,55.71,54.55,54.71,11897030
1540215000,2018-10-22 09:30,54.9,55.05,52.86,53.03,13956127
1540301400,2018-10-23 09:30,52.07,53.45,52.05,53.1,16351173
1540387800,2018-10-24 09:30,53.07,53.09,50.69,50.82,17713860
1540474200,2018-10-25 09:30,51.18,52.615,51.04,52.15,14076317
1540560600,2018-10-26 09:30,51.54,52.42,51.14,51.92,16867410
1540819800,2018-10-29 09:30,52.67,53.69,52.48,52.96,11332863
1540906200,2018-10-30 09:30,53.01,53.59,52.56,53.53,12330324
1540992600,2018-10-31 09:30,54.05,54.75,53.93,53.99,11199527
1541079000,2018-11-01 09:30,54.29,54.76,54.06,54.52,7468064
1541165400,2018-11-02 09:30,54.92,55.27,54.19,54.7,7610816
1541428200,2018-11-05 09:30,54.41,55.16,54.41,54.93,6609005
1541514600,2018-11-06 09:30,54.84,55.5,54.47,55.29,5402894
1541601000,2018-11-07 09:30,55.36,55.69,54.45,55.5,11859951
1541687400,2018-11-08 09:30,55.12,56.12,55.12,55.77,5601170
1541773800,2018-11-09 09:30,55.68,56.17,55.07,55.46,7290052
1542033000,2018-11-12 09:30,55.28,55.63,54.755,54.79,5779629
1542119400,2018-11-13 09:30,54.85,55.94,54.85,55.09,8114869
1542205800,2018-11-14 09:30,55.47,55.71,53.43,54.06,10719224
1542292200,2018-11-15 09:30,53.55,55.17,53.22,55.05,9542319
1542378600,2018-11-16 09:30,54.5,55.22,54.465,55,7700501
1542637800,2018-11-19 09:30,55,55.68,54.5,54.9,7510979
1542724200,2018-11-20 09:30,54.24,54.87,53.74,53.87,9128392
1542810600,2018-11-21 09:30,53.98,54.92,53.37,54.07,7071364
1542983400,2018-11-23 09:30,53.64,54.52,53.48,53.95,3462027
1543242600,2018-11-26 09:30,54.6,55.46,54.6,54.99,8620432
1543329000,2018-11-27 09:30,54.83,55.16,54.3336,54.69,5959982
1543415400,2018-11-28 09:30,54.82,55.33,53.91,55.22,7442793
1543501800,2018-11-29 09:30,54.84,55.36,54.41,55.04,5770026
1543588200,2018-11-30 09:30,54.77,55.92,54.77,55.76,4979476
1543847400,2018-12-03 09:30,56.5,56.65,55.12,55.68,9048604
1543933800,2018-12-04 09:30,55.23,55.49,52.21,52.63,19682512
1544106600,2018-12-06 09:30,51.61,52.25,50.9315,52.21,16879674
1544193000,2018-12-07 09:30,52.09,52.94,51.3,51.74,13714695
1544452200,2018-12-10 09:30,51.55,51.725,50.14,50.72,12890063
1544538600,2018-12-11 09:30,51.32,51.49,49.96,50.2,9727226
1544625000,2018-12-12 09:30,50.9,51.5,50.3,50.82,10019910
1544711400,2018-12-13 09:30,50.87,51.0166,49.33,49.45,12110063
1544797800,2018-12-14 09:30,48.96,49.91,48.42,48.5,12631824
1545057000,2018-12-17 09:30,48.35,49.33,48.025,48.22,12265565
1545143400,2018-12-18 09:30,48.45,48.94,47.2416,47.47,15975861
1545229800,2018-12-19 09:30,47.34,47.98,45.87,46.06,17780219
1545316200,2018-12-20 09:30,45.77,46.48,45.59,46.07,23969003
1545402600,2018-12-21 09:30,45.82,46.54,44.99,45.07,13368440
1545661800,2018-12-24 09:30,44.8,45.19,44.22,44.22,7949398
1545834600,2018-12-26 09:30,44.51,46.45,43.95,46.43,13649978
1545921000,2018-12-27 09:30,45.69,46.16,44.64,46.13,10051426
1546007400,2018-12-28 09:30,46.335,47.08,46.07,46.53,9525753
1546266600,2018-12-31 09:30,46.78,47.11,45.84,46.79,9398893
1546439400,2019-01-02 09:30,46.22,47.67,46.03,47.57,9460913
1546525800,2019-01-03 09:30,47.4,48.33,47.05,47.38,9238532
1546612200,2019-01-04 09:30,48.31,49.03,48.07,48.89,10113249
1546871400,2019-01-07 09:30,48.71,49.66,48.34,49.21,7755135
1546957800,2019-01-08 09:30,49.53,49.67,48.63,49.63,10226088
1547044200,2019-01-09 09:30,49.76,50.145,49.35,50,6577084
1547130600,2019-01-10 09:30,49.67,50.04,49.2,49.83,8144166
1547217000,2019-01-11 09:30,49.49,50.22,49.23,49.98,6621701
1547476200,2019-01-14 09:30,49.53,50.62,49.45,50.22,5730590
1547562600,2019-01-15 09:30,50.11,50.62,49.64,50.56,8007096
1547649000,2019-01-16 09:30,51.07,51.95,50.82,51.87,11264233
1547735400,2019-01-17 09:30,51.58,52.375,51.31,52.2,9646868
1547821800,2019-01-18 09:30,52.8,53.29,52.04,53.25,8841479
1548167400,2019-01-22 09:30,52.88,53.3,52.54,52.9,10077140
1548253800,2019-01-23 09:30,52.99,53.155,52.33,52.81,6593792
1548340200,2019-01-24 09:30,52.61,53.21,52.21,52.84,8268407
1548426600,2019-01-25 09:30,53.26,53.72,52.86,53.47,6879461
1548685800,2019-01-28 09:30,53.15,54,53.15,53.92,6949417
1548772200,2019-01-29 09:30,53.9,54.265,53.77,53.79,6450141
1548858600,2019-01-30 09:30,53.9,54.04,53.47,53.56,9538203
1548945000,2019-01-31 09:30,53.17,53.54,51.98,52.96,15374409
1549031400,2019-02-01 09:30,53.15,53.58,53.06,53.42,6377499
1549290600,2019-02-04 09:30,53.48,54.05,53.19,54.03,4608155
1549377000,2019-02-05 09:30,54.1,54.11,53.4,53.8,6477572
1549463400,2019-02-06 09:30,53.62,54.06,53.52,53.88,4841569
1549549800,2019-02-07 09:30,55.11,55.38,54.19,54.68,18191276
1549636200,2019-02-08 09:30,54.42,54.75,53.69,54.15,8278678
1549895400,2019-02-11 09:30,54.31,54.73,54.125,54.71,4965307
1549981800,2019-02-12 09:30,55.02,55.58,55.02,55.28,9019326
1550068200,2019-02-13 09:30,55.44,55.61,55.065,55.42,6958920
1550154600,2019-02-14 09:30,54.85,55.19,54.48,54.85,7795390
1550241000,2019-02-15 09:30,55.31,56.17,55.09,56.04,6160926
1550586600,2019-02-19 09:30,55.78,56.725,55.56,56.58,5496503
1550673000,2019-02-20 09:30,56.57,57.26,56.26,57.21,4742107
1550759400,2019-02-21 09:30,57.23,57.31,56.56,56.86,3325053
1550845800,2019-02-22 09:30,56.88,57.095,56.65,57.03,3097216
1551105000,2019-02-25 09:30,57.46,57.52,56.76,56.8,6316310
1551191400,2019-02-26 09:30,56.4,56.99,56.14,56.16,6179071
1551277800,2019-02-27 09:30,56.15,56.825,55.98,56.77,3995618
1551364200,2019-02-28 09:30,56.79,56.92,56.61,56.61,3231560
1551450600,2019-03-01 09:30,57.01,57.32,56.32,56.83,3941696
1551709800,2019-03-04 09:30,56.79,57.28,56.1,56.56,3800831
1551796200,2019-03-05 09:30,56.52,56.69,55.715,56.45,4748393
1551882600,2019-03-06 09:30,56.28,56.45,54.95,55.07,8675693
1551969000,2019-03-07 09:30,54.73,54.89,53.84,54.12,7850481
1552055400,2019-03-08 09:30,53.61,54.41,53.55,54.23,5564000
1552311000,2019-03-11 09:30,54.39,54.83,54.16,54.66,5287651
1552397400,2019-03-12 09:30,54.74,54.94,54.28,54.54,7350146
1552483800,2019-03-13 09:30,54.85,55.145,54.565,54.96,6447231
1552570200,2019-03-14 09:30,54.94,55.22,54.785,55.1,5180781
1552656600,2019-03-15 09:30,54.72,55.3,54.68,54.81,7365132
1552915800,2019-03-18 09:30,54.92,55.76,54.91,55.61,9968474
1553002200,2019-03-19 09:30,55.88,55.93,54.12,54.22,7677906
1553088600,2019-03-20 09:30,54.08,54.35,52.31,52.37,16840366
1553175000,2019-03-21 09:30,52.04,52.45,51.38,51.64,18597668
1553261400,2019-03-22 09:30,51.01,51.12,48.98,49.4,23856438
1553520600,2019-03-25 09:30,49.32,49.98,48.97,49.47,17633683
1553607000,2019-03-26 09:30,49.91,50.73,49.82,50.68,16517821
1553693400,2019-03-27 09:30,50.56,51.07,50.2,50.79,10436837
1553779800,2019-03-28 09:30,50.94,51.51,50.59,51.46,13338957
1553866200,2019-03-29 09:30,51.95,52.075,51.132,51.34,9878983
1554125400,2019-04-01 09:30,51.84,52.88,51.78,52.83,14323676
1554211800,2019-04-02 09:30,52.66,53.27,52.395,52.83,7795458
1554298200,2019-04-03 09:30,53.28,53.72,52.77,52.95,9604897
1554384600,2019-04-04 09:30,52.85,53.835,52.8,53.7,9295466
1554471000,2019-04-05 09:30,53.75,54.015,53.39,53.94,6785109
1554730200,2019-04-08 09:30,53.84,54.165,53.54,53.94,4990693
1554816600,2019-04-09 09:30,53.61,53.6999,52.87,52.99,8469674
1554903000,2019-04-10 09:30,53.01,53.51,52.49,53.48,9800655
1554989400,2019-04-11 09:30,53.58,54.16,53.365,53.71,6985085
1555075800,2019-04-12 09:30,54.36,55.055,53.79,54.84,12660146
1555335000,2019-04-15 09:30,54.81,54.91,53.77,53.93,7756467
1555421400,2019-04-16 09:30,53.9,54.97,53.75,54.94,10041916
1555507800,2019-04-17 09:30,55.2,55.2,54.47,54.96,5668482
1555594200,2019-04-18 09:30,54.8,54.89,54.14,54.28,12082378
1555939800,2019-04-22 09:30,54.12,54.34,53.575,53.83,5161985
1556026200,2019-04-23 09:30,53.8,55.0999,53.64,54.98,7625386
1556112600,2019-04-24 09:30,54.76,55.295,54.35,54.98,5866578
1556199000,2019-04-25 09:30,54.78,55.09,54.165,54.77,4914365
1556285400,2019-04-26 09:30,54.5,55.36,54.33,55.33,7644575
1556544600,2019-04-29 09:30,55.52,56.46,55.44,56.06,7392383
1556631000,2019-04-30 09:30,56.22,56.31,55.53,55.8,5863865
1556717400,2019-05-01 09:30,55.79,56.27,54.84,55.12,16093304
1556803800,2019-05-02 09:30,55.22,56.015,55.22,55.83,5809536
1556890200,2019-05-03 09:30,56.1,56.695,55.9,56.64,8946068
1557149400,2019-05-06 09:30,55.76,56.74,55.43,56.55,8262038
1557235800,2019-05-07 09:30,55.86,56.055,55.1939,55.56,6373617
1557322200,2019-05-08 09:30,55.32,55.64,54.9301,54.96,6673997
1557408600,2019-05-09 09:30,54.29,55.09,54.01,54.94,7423743
1557495000,2019-05-10 09:30,54.71,55.21,54.07,55.09,6873874
1557754200,2019-05-13 09:30,54,54.28,52.62,52.84,10748173
1557840600,2019-05-14 09:30,53.02,54.015,52.77,53.6,6799759
1557927000,2019-05-15 09:30,52.98,53.09,52.2,52.93,9134557
1558013400,2019-05-16 09:30,53.28,53.85,53.21,53.5,6662688
1558099800,2019-05-17 09:30,52.99,53.96,52.89,53.05,6419439
1558359000,2019-05-20 09:30,52.84,53.62,52.78,53.32,4308890
1558445400,2019-05-21 09:30,53.54,53.94,53.53,53.69,4624066
1558531800,2019-05-22 09:30,53.48,53.56,52.94,53.09,4366279
1558618200,2019-05-23 09:30,52.38,52.5,51.44,51.87,11027110
1558704600,2019-05-24 09:30,52.12,52.705,52.08,52.58,4269932
1559050200,2019-05-28 09:30,52.29,52.57,51.82,51.87,5855206
1559136600,2019-05-29 09:30,51.34,52.32,51.14,52.18,7448346
1559223000,2019-05-30 09:30,52.31,52.68,50.795,51.29,6676914
1559309400,2019-05-31 09:30,50.44,50.75,50.06,50.22,8304417
1559568600,2019-06-03 09:30,50.11,51.225,49.95,50.79,8330206
1559655000,2019-06-04 09:30,51.5,52.65,51.41,52.59,8662976
1559741400,2019-06-05 09:30,52.51,52.62,51.7,52.34,7036548
1559827800,2019-06-06 09:30,52.25,52.4701,51.6,52.2,3718958
1559914200,2019-06-07 09:30,51.9,52.11,51.62,51.85,5320128
1560173400,2019-06-10 09:30,52.28,52.94,52.22,52.29,6026674
1560259800,2019-06-11 09:30,52.63,53.04,52.26,52.57,4529544
1560346200,2019-06-12 09:30,52.5,52.72,51.95,52.27,4319403
1560432600,2019-06-13 09:30,52.43,52.87,52.215,52.43,4270065
1560519000,2019-06-14 09:30,52.51,52.745,51.82,52.57,4172224
1560778200,2019-06-17 09:30,52.55,52.785,51.725,51.86,4406001
1560864600,2019-06-18 09:30,51.67,52.99,51.63,52.74,7802826
1560951000,2019-06-19 09:30,52.68,53.46,52.335,52.34,6800278
1561037400,2019-06-20 09:30,52.67,52.71,51.52,52.49,8585880
1561123800,2019-06-21 09:30,51.98,52.54,51.9,52.07,6438093
1561383000,2019-06-24 09:30,51.95,52.43,51.54,51.59,4445726
1561469400,2019-06-25 09:30,51.52,51.8,50.855,51.62,6723723
1561555800,2019-06-26 09:30,51.88,52.32,51.78,51.85,7134818
1561642200,2019-06-27 09:30,51.91,52.72,51.91,52.63,5100993
1561728600,2019-06-28 09:30,53.17,53.84,52.78,53.43,7125250
1561987800,2019-07-01 09:30,54.03,54.46,53.43,53.77,7604377
1562074200,2019-07-02 09:30,53.56,53.71,52.65,52.98,5640784
1562160600,2019-07-03 09:30,53.1,53.51,52.94,53.45,3516510
1562333400,2019-07-05 09:30,54,54.38,53.82,54.08,5706458
1562592600,2019-07-08 09:30,53.63,53.85,53.18,53.38,4225676
1562679000,2019-07-09 09:30,53.04,53.69,53.02,53.64,2859599
1562765400,2019-07-10 09:30,53.44,53.66,52.92,53.03,6585821
1562851800,2019-07-11 09:30,53.15,53.54,52.76,53.45,5084435
1562938200,2019-07-12 09:30,53.55,54.1,53.36,53.97,4899471
1563197400,2019-07-15 09:30,54,54.221,52.77,52.92,5897437
1563283800,2019-07-16 09:30,52.9,53.14,52.4501,52.87,5496106
1563370200,2019-07-17 09:30,52.73,52.85,52.14,52.47,5009829
1563456600,2019-07-18 09:30,52.32,53.3,52.09,52.9,5818243
1563543000,2019-07-19 09:30,52.98,53.66,52.93,53.32,5851892
1563802200,2019-07-22 09:30,53.22,53.26,52.65,52.98,3864467
1563888600,2019-07-23 09:30,52.95,53.56,52.74,53.54,4972749
1563975000,2019-07-24 09:30,53.36,54.98,53.36,54.81,7966279
1564061400,2019-07-25 09:30,54.82,55.29,54.23,54.44,6920714
1564147800,2019-07-26 09:30,54.51,55.47,54.44,55.36,5096299
1564407000,2019-07-29 09:30,55.35,55.52,54.67,54.77,4615354
1564493400,2019-07-30 09:30,54.39,55.43,54.2,55.41,3642810
1564579800,2019-07-31 09:30,55.41,55.74,54.94,55.14,8447143
1564666200,2019-08-01 09:30,55.07,55.42,52.66,52.84,14856789
1564752600,2019-08-02 09:30,52.71,52.87,51.66,52.38,11075343
1565011800,2019-08-05 09:30,51.23,51.42,49.93,50.67,14909191
1565098200,2019-08-06 09:30,51.04,51.32,50.11,51.1,9020368
1565184600,2019-08-07 09:30,49.97,50.58,49.42,50.42,10157702
1565271000,2019-08-08 09:30,50.9,51.66,50.76,51.37,6407018
1565357400,2019-08-09 09:30,51.18,51.43,50.71,51.18,4140753
1565616600,2019-08-12 09:30,50.52,50.65,50.08,50.15,6006524
1565703000,2019-08-13 09:30,49.85,51.51,49.845,50.64,6707120
1565789400,2019-08-14 09:30,49.27,49.8,48.65,49.02,10682066
1565875800,2019-08-15 09:30,49.14,49.38,48.52,48.63,5781757
1565962200,2019-08-16 09:30,49.03,50.055,49.03,49.99,6735559
1566221400,2019-08-19 09:30,50.82,50.99,50.46,50.5,5387957
1566307800,2019-08-20 09:30,50.19,50.23,49.63,49.79,4903234
1566394200,2019-08-21 09:30,50.17,50.265,49.85,50.07,6792260
1566480600,2019-08-22 09:30,50.37,50.66,49.85,50.26,5248355
1566567000,2019-08-23 09:30,50,50.51,48.4,48.64,11734530
1566826200,2019-08-26 09:30,48.99,49.17,48.51,49.09,4692191
1566912600,2019-08-27 09:30,49.27,49.41,47.975,48.23,10938997
1566999000,2019-08-28 09:30,48.02,49.275,48.02,48.96,5304140
1567085400,2019-08-29 09:30,49.42,50.18,49.42,50,7457465
1567171800,2019-08-30 09:30,50.39,50.63,49.94,50.12,4662399
1567517400,2019-09-03 09:30,49.69,49.705,48.66,48.95,6966067
1567603800,2019-09-04 09:30,49.38,49.59,49.01,49.33,4993183
1567690200,2019-09-05 09:30,50.19,51.29,50.15,50.77,9728532
1567776600,2019-09-06 09:30,50.74,50.99,50.35,50.48,5241149
1568035800,2019-09-09 09:30,50.97,52.48,50.69,52.26,11154370
1568122200,2019-09-10 09:30,52.46,53.27,52.37,53.24,10997937
1568208600,2019-09-11 09:30,53.35,53.93,52.39,53.88,9274618
1568295000,2019-09-12 09:30,53.4,54.23,52.95,54,7904956
1568381400,2019-09-13 09:30,54.56,55.03,54.22,54.59,7829377
1568640600,2019-09-16 09:30,53.98,54.78,53.85,54.6,4588745
1568727000,2019-09-17 09:30,54.35,54.35,53.48,53.92,5819697
1568813400,2019-09-18 09:30,53.63,54.55,53.35,54.31,7092231
1568899800,2019-09-19 09:30,54.18,54.71,53.74,53.83,5764976
1568986200,2019-09-20 09:30,53.54,53.97,53.13,53.3,6657566
1569245400,2019-09-23 09:30,52.92,53.565,52.68,53.34,3881285
1569331800,2019-09-24 09:30,53.3,53.5,52.25,52.56,8223875
1569418200,2019-09-25 09:30,52.63,53.62,52.56,53.49,5950840
1569504600,2019-09-26 09:30,53.3,53.41,52.81,52.85,6259720
1569591000,2019-09-27 09:30,53.17,54,52.83,53.1,7127367
1569850200,2019-09-30 09:30,53.25,53.47,52.79,52.79,6432719
1569936600,2019-10-01 09:30,53.39,53.65,51.42,51.6,7491611
1570023000,2019-10-02 09:30,51.14,51.4,50.56,50.96,6149110
1570109400,2019-10-03 09:30,50.7,51.01,49.905,51.01,6626374
1570195800,2019-10-04 09:30,51.17,51.685,50.61,51.62,5750491
1570455000,2019-10-07 09:30,51.55,52.02,51.35,51.51,6372337
1570541400,2019-10-08 09:30,50.86,50.89,50.12,50.18,6884647
1570627800,2019-10-09 09:30,50.55,50.79,50.14,50.53,3785966
1570714200,2019-10-10 09:30,50.77,51.54,50.5,51.16,4770968
1570800600,2019-10-11 09:30,52.09,52.8,52.09,52.15,7122203
1571059800,2019-10-14 09:30,51.74,52.26,51.6,52.12,2407692
1571146200,2019-10-15 09:30,52.35,53.295,52.15,53.02,5134711
1571232600,2019-10-16 09:30,53.01,53.45,52.58,52.83,4789304
1571319000,2019-10-17 09:30,53.02,53.05,52.45,52.6,4667526
1571405400,2019-10-18 09:30,52.63,53.41,52.63,53.22,4706532
1571664600,2019-10-21 09:30,53.73,54.21,53.715,53.93,5580274
1571751000,2019-10-22 09:30,53.93,54.77,53.34,54.15,7315629
1571837400,2019-10-23 09:30,53.99,54.36,53.78,54.29,5334771
1571923800,2019-10-24 09:30,54.37,54.48,53.55,53.84,3613311
1572010200,2019-10-25 09:30,53.75,54.67,53.75,54.4,3542295
1572269400,2019-10-28 09:30,54.76,55.14,54.51,54.95,7456976
1572355800,2019-10-29 09:30,54.73,55.395,54.51,55.27,4962643
1572442200,2019-10-30 09:30,55.06,55.19,54.345,54.73,6515975
1572528600,2019-10-31 09:30,54.31,54.49,53.28,53.9,7693435
1572615000,2019-11-01 09:30,54.44,55.04,54.15,55.04,7541020
1572877800,2019-11-04 09:30,55.55,56.15,55.405,56.11,6166946
1572964200,2019-11-05 09:30,56.35,57.07,56.33,56.68,6966834
1573050600,2019-11-06 09:30,56.51,56.525,56.01,56.37,4810748
1573137000,2019-11-07 09:30,56.95,57.33,56.59,56.76,5133264
1573223400,2019-11-08 09:30,56.63,56.95,56.38,56.8,4069345
1573482600,2019-11-11 09:30,56.4,56.81,56.3,56.5,2154493
1573569000,2019-11-12 09:30,56.6,56.87,56.2,56.61,4208015
1573655400,2019-11-13 09:30,55.91,56.28,55.63,55.96,9095257
1573741800,2019-11-14 09:30,55.73,56.03,55.55,55.88,4750845
1573828200,2019-11-15 09:30,56.15,56.28,55.82,55.98,3683673
1574087400,2019-11-18 09:30,55.78,55.87,55.36,55.68,3472702
1574173800,2019-11-19 09:30,55.83,56.07,55.54,55.86,3810021
1574260200,2019-11-20 09:30,55.56,55.93,55.13,55.6,5749498
1574346600,2019-11-21 09:30,55.86,55.99,55.22,55.53,2902184
1574433000,2019-11-22 09:30,55.66,56.199,55.63,55.93,3330535
1574692200,2019-11-25 09:30,56.09,56.635,55.88,56.51,5113397
1574778600,2019-11-26 09:30,56.37,56.42,56.02,56.16,4349709
1574865000,2019-11-27 09:30,56.47,56.67,56.24,56.54,3170353
1575037800,2019-11-29 09:30,56.46,56.685,56.18,56.22,1234173
1575297000,2019-12-02 09:30,56.68,56.83,55.83,55.89,11040707
1575383400,2019-12-03 09:30,55.05,55.19,54.621,55.12,7135006
1575469800,2019-12-04 09:30,55.35,56.11,55.29,55.87,5085000
1575556200,2019-12-05 09:30,56.12,56.28,55.89,56.1,4875333
1575642600,2019-12-06 09:30,57.17,57.28,56.83,56.9,6831415
1575901800,2019-12-09 09:30,56.66,57.14,56.65,56.92,5327879
1575988200,2019-12-10 09:30,56.77,57.24,56.66,57.06,3802058
1576074600,2019-12-11 09:30,57.03,57.31,56.775,56.91,2832102
1576161000,2019-12-12 09:30,56.92,58.82,56.92,58.69,7305936
1576247400,2019-12-13 09:30,58.5,59.02,57.81,58.2,7759251
1576506600,2019-12-16 09:30,58.79,59.08,58.54,58.61,8469485
1576593000,2019-12-17 09:30,58.56,59.3,58.48,59.22,7348591
1576679400,2019-12-18 09:30,59.27,59.38,58.865,58.97,3756157
1576765800,2019-12-19 09:30,58.97,59.05,58.745,58.88,4613073
1576852200,2019-12-20 09:30,58.83,58.96,58.44,58.59,6168402
1577111400,2019-12-23 09:30,58.63,58.8,58.16,58.24,2582555
1577197800,2019-12-24 09:30,58.35,58.52,58.14,58.38,2017147
1577370600,2019-12-26 09:30,58.49,58.621,58.27,58.5,1348185
1577457000,2019-12-27 09:30,58.54,58.54,58.05,58.11,2176567
1577716200,2019-12-30 09:30,58.51,58.51,58.08,58.08,4132631
1577802600,2019-12-31 09:30,58.12,58.48,58.03,58.25,2535249
1577975400,2020-01-02 09:30,58.46,58.47,57.77,58.41,3811363
1578061800,2020-01-03 09:30,57.61,58.005,57.255,57.78,6355461
1578321000,2020-01-06 09:30,57.36,57.44,56.775,57.28,5436992
1578407400,2020-01-07 09:30,57.16,57.21,56.66,56.92,4626790
1578493800,2020-01-08 09:30,56.92,57.59,56.9077,57.34,5006788
1578580200,2020-01-09 09:30,57.63,57.75,57.33,57.54,5647861
1578666600,2020-01-10 09:30,57.46,57.52,56.8,56.93,8127240
1578925800,2020-01-13 09:30,57.02,57.24,56.675,57.22,3628149
1579012200,2020-01-14 09:30,57.18,57.69,56.99,57.32,4521816
1579098600,2020-01-15 09:30,56.84,57.05,56.33,56.6,10385863
1579185000,2020-01-16 09:30,56.9,57.48,56.89,57.41,7366494
1579271400,2020-01-17 09:30,57.91,57.95,57.44,57.54,8412777
1579617000,2020-01-21 09:30,57.14,57.405,56.7901,56.8,5027864
1579703400,2020-01-22 09:30,56.88,57.03,56.65,56.85,4256610
1579789800,2020-01-23 09:30,56.64,57.04,56.065,56.94,5487286
1579876200,2020-01-24 09:30,56.9,57,55.365,55.92,10017625
1580135400,2020-01-27 09:30,54.77,55.43,54.6299,54.95,8614907
1580221800,2020-01-28 09:30,55.4,55.835,55.1,55.43,5870073
1580308200,2020-01-29 09:30,55.55,55.78,54.71,54.75,5794640
1580394600,2020-01-30 09:30,54.28,55.33,54.07,55.3,6160015
1580481000,2020-01-31 09:30,54.81,54.9,54.05,54.19,8871899
1580740200,2020-02-03 09:30,54.53,55.17,54.51,54.91,8341677
1580826600,2020-02-04 09:30,55.84,56.1,55.6,55.68,11053445
1580913000,2020-02-05 09:30,56.32,57.04,56.32,56.93,9558306
1580999400,2020-02-06 09:30,57.24,57.36,56.29,56.34,5807757
1581085800,2020-02-07 09:30,55.88,56.06,55.61,55.79,5569374
1581345000,2020-02-10 09:30,55.46,55.74,55.355,55.74,3071012
1581431400,2020-02-11 09:30,56.1,56.585,55.96,56.17,4995428
1581517800,2020-02-12 09:30,56.56,56.76,56.1,56.32,4410886
1581604200,2020-02-13 09:30,56.02,56.65,55.99,56.59,8503408
1581690600,2020-02-14 09:30,56.55,56.71,56.05,56.22,5276375
1582036200,2020-02-18 09:30,55.92,56.21,55.125,55.46,7410605
1582122600,2020-02-19 09:30,55.68,56.05,55.48,55.92,5375496
1582209000,2020-02-20 09:30,55.67,56.66,55.67,56.42,7806818
1582295400,2020-02-21 09:30,56.09,56.14,55.29,55.65,9623914
1582554600,2020-02-24 09:30,54.15,54.26,53.53,53.93,9308529
1582641000,2020-02-25 09:30,54,54.05,51.65,51.85,11800118
1582727400,2020-02-26 09:30,52.07,52.4822,50.92,50.99,8492626
1582813800,2020-02-27 09:30,49.8,51.19,48.91,48.93,13750474
1582900200,2020-02-28 09:30,47.45,48.26,46.42,47.51,13822822
1583159400,2020-03-02 09:30,47.41,49.68,46.91,49.65,9062254
1583245800,2020-03-03 09:30,49.6,50.15,47.05,47.59,15844871
1583332200,2020-03-04 09:30,48.28,48.56,46.795,48.44,12236082
1583418600,2020-03-05 09:30,47.04,47.04,45.32,45.9,11490556
1583505000,2020-03-06 09:30,44.11,45.28,43.03,43.89,9931713
1583760600,2020-03-09 09:30,39.78,40.37,36.94,37.09,11877919
1583847000,2020-03-10 09:30,38.83,39.82,37.12,39.71,14950872
1583933400,2020-03-11 09:30,38.33,38.85,36.415,36.95,14165092
1584019800,2020-03-12 09:30,33.94,37.15,32.84,33.85,18536104
1584106200,2020-03-13 09:30,36.41,37.68,34.66,37.64,11725651
1584365400,2020-03-16 09:30,32.38,34.5,30.83,32.5,8745767
1584451800,2020-03-17 09:30,33.26,35.34,31.59,34.96,9275620
1584538200,2020-03-18 09:30,32.68,33.59,30.38,31.33,10038808
1584624600,2020-03-19 09:30,30.98,33.66,29.22,33,10306753
1584711000,2020-03-20 09:30,33.14,33.66,30.71,30.82,15406949
1584970200,2020-03-23 09:30,30.48,30.48,27.26,28.13,13311641
1585056600,2020-03-24 09:30,29.87,31.46,29.74,31.39,8583081
1585143000,2020-03-25 09:30,32.12,32.97,30.29,31.73,13872492
1585229400,2020-03-26 09:30,32.02,34.73,31.65,34.45,12251317
1585315800,2020-03-27 09:30,33.14,34.39,32.48,33.33,8008906
1585575000,2020-03-30 09:30,33.31,33.51,32.16,33.28,10279794
1585661400,2020-03-31 09:30,32.99,33.59,31.955,32.59,7739487
1585747800,2020-04-01 09:30,30.84,31.105,30.15,30.48,9120141
1585834200,2020-04-02 09:30,30.29,31.98,30.13,31.05,8530442
1585920600,2020-04-03 09:30,31.04,31.265,29.14,29.52,6914871
1586179800,2020-04-06 09:30,30.96,32.22,30.95,31.98,10757302
1586266200,2020-04-07 09:30,33.74,34.67,32.65,32.89,11652661
1586352600,2020-04-08 09:30,33.45,34.85,32.975,34.64,10806567
1586439000,2020-04-09 09:30,35.85,37.565,35.82,37.38,16973155
1586784600,2020-04-13 09:30,37.5,37.5,34.92,35.27,8895604
1586871000,2020-04-14 09:30,36.37,36.49,34.03,34.7,14920056
1586957400,2020-04-15 09:30,33.37,33.37,32.24,32.36,11372452
1587043800,2020-04-16 09:30,32.47,32.51,30.62,31.17,14380988
1587130200,2020-04-17 09:30,32.88,34.19,32.63,33.99,14154493
1587389400,2020-04-20 09:30,33.16,34.82,32.65,33.91,14338169
1587475800,2020-04-21 09:30,32.77,33.595,32.475,32.97,11266982
1587562200,2020-04-22 09:30,33.81,34.26,32.68,32.83,7897320
1587648600,2020-04-23 09:30,33.04,34.15,33.04,33.44,7601951
1587735000,2020-04-24 09:30,33.75,34.698,33.37,34.37,5932046
1587994200,2020-04-27 09:30,34.87,36.98,34.59,36.65,10027592
1588080600,2020-04-28 09:30,37.9,38.72,37.2,37.58,10311366
1588167000,2020-04-29 09:30,38.91,40.36,38.56,39.73,11157059
1588253400,2020-04-30 09:30,38.95,39.02,37.64,38.13,7497999
1588339800,2020-05-01 09:30,37.1,37.22,35.8,36.33,8242826
1588599000,2020-05-04 09:30,35.66,36.06,35.05,35.97,6703382
1588685400,2020-05-05 09:30,36.69,37.28,35.15,35.28,8833726
1588771800,2020-05-06 09:30,35.73,35.94,34.21,34.35,8721254
1588858200,2020-05-07 09:30,34.85,36.01,34.64,34.81,11203225
1588944600,2020-05-08 09:30,35.59,36.68,35.55,36.54,8148163
1589203800,2020-05-11 09:30,35.93,35.94,34.595,34.98,12565775
1589290200,2020-05-12 09:30,35.3,35.355,33.13,33.19,12043292
1589376600,2020-05-13 09:30,32.94,32.99,30.8,31.4,12188727
1589463000,2020-05-14 09:30,30.59,32.65,29.72,32.4,13663741
1589549400,2020-05-15 09:30,32.03,32.51,31.63,32.04,11608640
1589808600,2020-05-18 09:30,33.62,35.5,33.54,35.24,15877826
1589895000,2020-05-19 09:30,34.99,35.12,33.67,33.71,12057107
1589981400,2020-05-20 09:30,34.47,35.585,34.42,35.43,10069741
1590067800,2020-05-21 09:30,35.28,35.95,35.13,35.3,10284493
1590154200,2020-05-22 09:30,35.42,35.795,34.54,34.93,10088402
1590499800,2020-05-26 09:30,36.52,38.32,36.46,37.87,15369249
1590586200,2020-05-27 09:30,39.76,40.67,38.675,40.61,16911641
1590672600,2020-05-28 09:30,41.34,41.34,38.925,39.14,15244165
1590759000,2020-05-29 09:30,38.52,38.78,37.7,38.18,13350063
1591018200,2020-06-01 09:30,38.39,39.17,37.96,38.55,9087908
1591104600,2020-06-02 09:30,39.2,39.49,38.07,38.43,13086200
1591191000,2020-06-03 09:30,39.53,41.1,39.45,40.65,15419253
1591277400,2020-06-04 09:30,40.47,42.16,40,42.11,13924753
1591363800,2020-06-05 09:30,45.87,46.12,44.22,44.55,20552425
1591623000,2020-06-08 09:30,45.97,46.47,45.04,46.02,12508165
1591709400,2020-06-09 09:30,44.83,45.6,44.02,44.9,11905485
1591795800,2020-06-10 09:30,44.73,44.77,41.835,41.91,18967459
1591882200,2020-06-11 09:30,39.13,39.84,37.87,38.01,15421870
1591968600,2020-06-12 09:30,39.95,40.24,37.97,39.4,17997218
1592227800,2020-06-15 09:30,37.65,40.32,37.46,39.97,14705120
1592314200,2020-06-16 09:30,42,42.25,40.18,41.4,17368699
1592400600,2020-06-17 09:30,41.54,41.63,40.02,40.13,9022732
1592487000,2020-06-18 09:30,39.53,41.01,39.405,40.31,6878209
1592573400,2020-06-19 09:30,41.14,41.29,38.99,39.88,12166789
1592832600,2020-06-22 09:30,39.15,39.89,38.6883,39.47,6443853
1592919000,2020-06-23 09:30,40.28,40.61,39.02,39.05,8545817
1593005400,2020-06-24 09:30,38.46,38.51,36.75,37,13016893
1593091800,2020-06-25 09:30,36.68,38.285,36.51,38.23,10426510
1593178200,2020-06-26 09:30,37.38,37.41,35.75,35.9,14126016
1593437400,2020-06-29 09:30,36.39,37.86,36.22,37.44,12180105
1593523800,2020-06-30 09:30,37.2,38.615,36.97,38.39,7698128
1593610200,2020-07-01 09:30,38.56,38.62,36.685,36.79,9402100
1593696600,2020-07-02 09:30,37.85,38.43,36.48,36.61,10308269
1594042200,2020-07-06 09:30,37.55,38.28,36.61,37,9286719
1594128600,2020-07-07 09:30,36.62,36.78,35.55,35.71,9710290
1594215000,2020-07-08 09:30,35.65,36.2499,34.91,35.66,11416803
1594301400,2020-07-09 09:30,35.48,35.65,33.99,34.19,10355858
1594387800,2020-07-10 09:30,34.25,35.91,34.22,35.88,9690997
1594647000,2020-07-13 09:30,36.48,37.07,35.42,36.39,12640670
1594733400,2020-07-14 09:30,36.12,36.38,35.13,35.63,15974821
1594819800,2020-07-15 09:30,36.75,37.96,36.555,37.74,12162378
1594906200,2020-07-16 09:30,37.31,38.41,36.9,37.64,8529817
1594992600,2020-07-17 09:30,37.59,37.87,36.61,36.69,12849807
1595251800,2020-07-20 09:30,36.42,36.68,35.87,36.03,8645853
1595338200,2020-07-21 09:30,36.48,38.16,36.42,38.1,12042170
1595424600,2020-07-22 09:30,37.68,38.05,37.21,37.73,9818629
1595511000,2020-07-23 09:30,37.64,38.97,37.58,38.7,11159473
1595597400,2020-07-24 09:30,38.73,39.29,38.42,38.47,11459496
1595856600,2020-07-27 09:30,38.28,38.28,37.3,37.54,8278494
1595943000,2020-07-28 09:30,37.34,37.84,37.23,37.34,4714998
1596029400,2020-07-29 09:30,37.34,38.69,37.08,38.63,6922033
1596115800,2020-07-30 09:30,37.67,37.98,36.875,37.94,7689895
1596202200,2020-07-31 09:30,37.78,37.8,36.8,37.58,8749765
1596461400,2020-08-03 09:30,37.77,37.9,37.08,37.47,5677008
1596547800,2020-08-04 09:30,37.37,37.49,36.9,37.27,6339594
1596634200,2020-08-05 09:30,37.69,38.2876,37.465,38.2,7563630
1596720600,2020-08-06 09:30,38.01,38.43,37.75,37.97,4766959
1596807000,2020-08-07 09:30,37.75,39.65,37.44,39.65,7745585
1597066200,2020-08-10 09:30,39.85,41.08,39.78,40.39,12589078
1597152600,2020-08-11 09:30,41.4,42.23,40.97,41.18,11744133
1597239000,2020-08-12 09:30,42.04,42.16,40.125,40.91,11231999
1597325400,2020-08-13 09:30,40.41,40.76,39.99,40.1,8244725
1597411800,2020-08-14 09:30,39.95,40.9797,39.55,40.63,8092119
1597671000,2020-08-17 09:30,40.38,40.56,39.64,39.9,6032036
1597757400,2020-08-18 09:30,39.88,39.96,38.62,38.69,9777574
1597843800,2020-08-19 09:30,38.81,39.525,38.52,38.93,6929950
1597930200,2020-08-20 09:30,38.36,38.545,37.9,38.07,7424653
1598016600,2020-08-21 09:30,37.93,38.335,37.49,37.78,6222690
1598275800,2020-08-24 09:30,38.2,39.38,37.76,39.38,10690249
1598362200,2020-08-25 09:30,39.85,40.23,39.02,39.51,7029539
1598448600,2020-08-26 09:30,39.54,39.54,38.58,38.58,6589405
1598535000,2020-08-27 09:30,38.56,39.77,38.56,39.36,7942324
1598621400,2020-08-28 09:30,39.77,39.83,39.06,39.33,6586432
1598880600,2020-08-31 09:30,39.33,39.33,38.64,38.65,7155253
1598967000,2020-09-01 09:30,38.55,39.11,37.98,38.69,8746521
1599053400,2020-09-02 09:30,38.77,39.17,38.37,38.98,6825083
1599139800,2020-09-03 09:30,39.11,40.65,38.855,39.01,12679411
1599226200,2020-09-04 09:30,39.92,40.46,39.13,39.83,12918730
1599571800,2020-09-08 09:30,39.4,39.48,37.96,38.22,10739927
1599658200,2020-09-09 09:30,38.52,38.58,37.58,37.98,8377246
1599744600,2020-09-10 09:30,38.29,38.43,37.25,37.28,10956188
1599831000,2020-09-11 09:30,37.39,37.655,36.97,37.48,7752184
1600090200,2020-09-14 09:30,37.73,38.74,37.51,38.41,7954365
1600176600,2020-09-15 09:30,38.55,38.58,37.565,37.69,7280825
1600263000,2020-09-16 09:30,37.75,38.69,37.38,38.09,7468821
1600349400,2020-09-17 09:30,37.48,38.065,37.33,37.88,5752303
1600435800,2020-09-18 09:30,37.95,38.105,37.41,37.6,8624002
1600695000,2020-09-21 09:30,36.4,36.73,35.11,35.49,12647476
1600781400,2020-09-22 09:30,35.45,35.95,34.47,34.63,8552682
1600867800,2020-09-23 09:30,34.85,35.55,33.87,33.9,6702931
1600954200,2020-09-24 09:30,34,34.81,33.48,34.01,6596620
1601040600,2020-09-25 09:30,33.79,34.64,33.58,34.55,6361836
1601299800,2020-09-28 09:30,35.08,36.04,35.08,35.78,6204168
1601386200,2020-09-29 09:30,35.71,35.71,34.72,35.29,4573826
1601472600,2020-09-30 09:30,35.37,36.16,35.36,35.68,8971879
1601559000,2020-10-01 09:30,35.88,36.16,35.38,35.92,8602021
1601645400,2020-10-02 09:30,35.17,37.12,35.17,36.94,9628808
1601904600,2020-10-05 09:30,37.4,38.53,37.39,38.48,13909980
1601991000,2020-10-06 09:30,38.9,40.01,38.23,38.41,17276807
1602077400,2020-10-07 09:30,38.98,39.98,38.96,39.5,9560844
1602163800,2020-10-08 09:30,39.8,40.255,39.52,40.11,7713418
1602250200,2020-10-09 09:30,40.36,40.575,39.47,39.66,13011663
1602509400,2020-10-12 09:30,39.67,40.26,39.49,40.2,7597618
1602595800,2020-10-13 09:30,40.02,40.02,38.835,38.96,10614288
1602682200,2020-10-14 09:30,38.92,39.4,38.35,38.38,11131907
1602768600,2020-10-15 09:30,37.96,39.34,37.87,39.31,6967735
1602855000,2020-10-16 09:30,39.51,39.73,38.75,39.41,7495463
1603114200,2020-10-19 09:30,39.7,40.03,39.08,39.15,9602061
1603200600,2020-10-20 09:30,39.58,40.78,39.55,40.05,12004464
1603287000,2020-10-21 09:30,40.11,40.53,39.91,40.2,9188718
1603373400,2020-10-22 09:30,40.21,42.15,40.21,42.11,12622629
1603459800,2020-10-23 09:30,42.47,43.09,41.84,42.59,11454232
1603719000,2020-10-26 09:30,41.97,42.07,41.2,41.74,9924830
1603805400,2020-10-27 09:30,41.61,41.66,40.25,40.3,10212208
1603891800,2020-10-28 09:30,39.37,40.26,39.28,39.5,9575891
1603978200,2020-10-29 09:30,39.52,40.735,38.8086,40.54,6854750
1604064600,2020-10-30 09:30,40.25,41.19,40.25,41.15,7747606
1604327400,2020-11-02 09:30,41.79,42.49,41.1,42.3,9642945
1604413800,2020-11-03 09:30,43.08,43.79,43.005,43.47,10271458
1604500200,2020-11-04 09:30,41.66,41.85,40.33,40.37,21194959
1604586600,2020-11-05 09:30,40.62,42.63,40.48,42.32,11973592
1604673000,2020-11-06 09:30,42.75,42.865,41.19,41.36,8909048
1604932200,2020-11-09 09:30,45.76,48.83,45.22,47.74,25406885
1605018600,2020-11-10 09:30,48.02,48.81,47.34,48.32,12365036
1605105000,2020-11-11 09:30,48.57,48.61,46.4,46.86,10794536
1605191400,2020-11-12 09:30,45.93,46.33,45.16,45.81,10770721
1605277800,2020-11-13 09:30,46.3501,47.41,46.27,47.17,7968504
1605537000,2020-11-16 09:30,49.02,49.48,48.37,49.16,11705209
1605623400,2020-11-17 09:30,48.29,49.1,47.58,48.97,7032216
1605709800,2020-11-18 09:30,49.21,49.6,48.1,48.12,7128442
1605796200,2020-11-19 09:30,47.85,48.2599,47.255,48.2,7059621
1605882600,2020-11-20 09:30,47.78,47.9076,47.22,47.67,7191717
1606141800,2020-11-23 09:30,48.44,48.92,48.18,48.54,6679012
1606228200,2020-11-24 09:30,49.63,51.065,49.54,50.93,13468474
1606314600,2020-11-25 09:30,50.48,50.6,49.52,50.15,9328154
1606487400,2020-11-27 09:30,50.05,50.19,48.945,49.43,5885028
1606746600,2020-11-30 09:30,49.02,49.42,47.5,47.6,11750446
1606833000,2020-12-01 09:30,48.78,49.455,48.52,48.82,10442934
1606919400,2020-12-02 09:30,48.73,49.91,48.49,49.68,8036394
1607005800,2020-12-03 09:30,49.76,50.345,49.26,49.95,8147568
1607092200,2020-12-04 09:30,50.52,51.04,50.19,50.91,7047423
1607351400,2020-12-07 09:30,50.74,51.015,50.06,50.84,6193233
1607437800,2020-12-08 09:30,50.29,51.06,50.28,50.82,3804890
1607524200,2020-12-09 09:30,51.26,51.705,50.66,51.02,8907318
1607610600,2020-12-10 09:30,50.46,51.285,50.33,51.22,5395020
1607697000,2020-12-11 09:30,50.58,51.06,50.3124,50.74,6171835
1607956200,2020-12-14 09:30,51.58,51.7,50.2,50.41,6861812
1608042600,2020-12-15 09:30,50.83,51.615,50.42,51.52,7033052
1608129000,2020-12-16 09:30,51.67,51.71,51.05,51.56,5311934
1608215400,2020-12-17 09:30,51.61,51.61,50.71,51.34,5170022
1608301800,2020-12-18 09:30,51.41,51.59,50.29,50.58,7251607
1608561000,2020-12-21 09:30,50.25,50.79,49.68,50.45,7277459
1608647400,2020-12-22 09:30,50.72,50.835,50.02,50.06,5316722
1608733800,2020-12-23 09:30,50.47,51.8,50.47,51.71,8758819
1608820200,2020-12-24 09:30,51.85,51.86,50.86,51.45,2148835
1609165800,2020-12-28 09:30,51.89,52.31,51.35,51.78,4348653
1609252200,2020-12-29 09:30,51.9,51.9265,50.73,50.98,3779284
1609338600,2020-12-30 09:30,51.14,51.81,51.06,51.63,3888090
1609425000,2020-12-31 09:30,51.58,52.145,51.13,51.95,2971985
1609770600,2021-01-04 09:30,52.37,52.52,50.8,51.71,14334962
1609857000,2021-01-05 09:30,51.66,52.92,51.585,52.4,8263081
1609943400,2021-01-06 09:30,54,57.15,53.99,56.49,17710754
1610029800,2021-01-07 09:30,57.7,58.395,57.23,57.8,9894881
1610116200,2021-01-08 09:30,58.01,58.16,55.95,57.03,12358845
1610375400,2021-01-11 09:30,56.45,57.91,55.92,57.85,8441326
1610461800,2021-01-12 09:30,58.16,59.25,57.93,58.84,9581686
1610548200,2021-01-13 09:30,58.75,58.8,57.73,58.38,11988501
1610634600,2021-01-14 09:30,58.91,59.86,58.64,59.64,7568446
1610721000,2021-01-15 09:30,58.33,59.03,57.85,58.39,10596751
1611066600,2021-01-19 09:30,58.95,59.01,58.22,58.86,6110333
1611153000,2021-01-20 09:30,58.9,58.99,57.91,58.4,8313016
1611239400,2021-01-21 09:30,58.38,58.63,56.965,57.25,5697173
1611325800,2021-01-22 09:30,56.6899,58.05,56.61,57.96,9053891
1611585000,2021-01-25 09:30,57.28,57.59,56.025,57.49,14262651
1611671400,2021-01-26 09:30,57.75,58.12,56.635,56.69,8168415
1611757800,2021-01-27 09:30,55.56,55.91,54.6,54.74,12534021
1611844200,2021-01-28 09:30,55.5,56.03,55.11,55.72,9123110
1611930600,2021-01-29 09:30,55.75,56.11,54.14,54.37,10006113
1612189800,2021-02-01 09:30,54.81,55.515,54.14,55.36,4826854
1612276200,2021-02-02 09:30,56.15,57.08,55.7423,56.74,6753235
1612362600,2021-02-03 09:30,56.82,57.3,56.3,57.23,4926020
1612449000,2021-02-04 09:30,57.6,59.31,57.57,59.05,11819914
1612535400,2021-02-05 09:30,59.53,59.795,58.56,58.95,5807087
1612794600,2021-02-08 09:30,59.31,60.22,59.12,60.2,4222090
1612881000,2021-02-09 09:30,60.09,60.98,59.68,60.93,4929527
1612967400,2021-02-10 09:30,61.18,61.79,60.54,60.92,7805140
1613053800,2021-02-11 09:30,61.04,61.38,59.62,60.51,7413361
1613140200,2021-02-12 09:30,60.54,61.39,60.16,61.08,5596674
1613485800,2021-02-16 09:30,61.93,63.08,61.68,62.75,10572412
1613572200,2021-02-17 09:30,62.62,63.29,62.125,62.56,4719740
1613658600,2021-02-18 09:30,62.06,62.45,61.355,61.83,3842877
1613745000,2021-02-19 09:30,62.22,63.905,62.12,63.81,4639980
1614004200,2021-02-22 09:30,63.7,65.55,63.68,65.12,7394062
1614090600,2021-02-23 09:30,65.57,65.96,64.8,65.77,15518940
1614177000,2021-02-24 09:30,66.18,68.05,66.12,67.78,13330396
1614263400,2021-02-25 09:30,68.52,68.74,65.685,65.78,13830348
1614349800,2021-02-26 09:30,65.32,65.745,63.65,64.26,9759795
1614609000,2021-03-01 09:30,65.72,66.96,65.47,66.57,8083798
1614695400,2021-03-02 09:30,66.42,66.67,65.73,65.9,6389286
1614781800,2021-03-03 09:30,66.36,68.165,66.24,66.47,13125644
1614868200,2021-03-04 09:30,66.46,67.32,64.36,65.58,12793117
1614954600,2021-03-05 09:30,66.99,67.55,64.61,67.3,12621549
1615213800,2021-03-08 09:30,68.18,70.16,67.75,69.04,10995703
1615300200,2021-03-09 09:30,68.485,68.76,66.46,67.68,9015139
1615386600,2021-03-10 09:30,68.01,69.32,67.7,69.25,9062042
1615473000,2021-03-11 09:30,69.08,70.07,68.54,69.77,6034447
1615559400,2021-03-12 09:30,70.8,71.525,70.43,71.1,6260701
1615815000,2021-03-15 09:30,71.31,71.42,69.43,70.34,7531116
1615901400,2021-03-16 09:30,69.84,69.87,68.41,69.28,5867581
1615987800,2021-03-17 09:30,69.98,70.57,69,69.75,7508014
1616074200,2021-03-18 09:30,70.78,72.9,69.72,70.13,13964620
1616160600,2021-03-19 09:30,69.4462,70.32,68.02,69.55,14167669
1616419800,2021-03-22 09:30,68.61,68.745,66.51,67.03,10110605
1616506200,2021-03-23 09:30,66.41,66.72,64.33,64.77,11602610
1616592600,2021-03-24 09:30,65.53,66.89,64.32,64.38,6694920
1616679000,2021-03-25 09:30,63.92,66.6,63.38,66.22,8062129
1616765400,2021-03-26 09:30,67.24,67.97,66.44,67.54,7258099
1617024600,2021-03-29 09:30,66.58,67.03,64.67,65.34,8634829
1617111000,2021-03-30 09:30,66,67.43,65.97,66.98,7714756
1617197400,2021-03-31 09:30,67.03,67.35,66.1,66.34,5552742
1617283800,2021-04-01 09:30,66,66.92,65.91,66.82,7328429
1617629400,2021-04-05 09:30,67.92,68.15,66.49,66.97,7963660
1617715800,2021-04-06 09:30,66.86,67.48,66.3,66.87,6607996
1617802200,2021-04-07 09:30,67.11,67.42,66.2,66.52,6718315
1617888600,2021-04-08 09:30,66.22,66.85,65.1,66.66,8691140
1617975000,2021-04-09 09:30,67.27,67.49,66.76,67.42,5241773
1618234200,2021-04-12 09:30,67.69,68.345,67.6,67.99,5659223
1618320600,2021-04-13 09:30,67.65,67.69,66.22,66.59,7313212
1618407000,2021-04-14 09:30,66.57,68.12,66.51,67.29,6863456
1618493400,2021-04-15 09:30,67.61,67.74,65.63,66.94,9614934
1618579800,2021-04-16 09:30,67.55,68.04,67.075,67.67,8433526
1618839000,2021-04-19 09:30,67.59,68.43,66.815,67.29,6733324
1618925400,2021-04-20 09:30,66.75,66.89,64.29,64.6,9841798
1619011800,2021-04-21 09:30,64.31,66.465,64,66.31,6498255
1619098200,2021-04-22 09:30,66.47,66.54,65.17,65.23,9227527
1619184600,2021-04-23 09:30,65.42,68.24,65.23,67.85,20982703
1619443800,2021-04-26 09:30,68.26,69.15,67.99,68.13,7691160
1619530200,2021-04-27 09:30,68.25,68.61,67.81,68.61,7563855
1619616600,2021-04-28 09:30,68.86,69.07,68.28,68.52,6588858
1619703000,2021-04-29 09:30,69.32,70.06,68.86,69.33,7983068
1619789400,2021-04-30 09:30,68.79,69.795,68.345,68.39,7930700
1620048600,2021-05-03 09:30,69.21,69.53,68.13,68.85,9083274
1620135000,2021-05-04 09:30,68.39,69.96,67.76,69.96,10451488
1620221400,2021-05-05 09:30,70.1,70.62,69.11,70.17,6835150
1620307800,2021-05-06 09:30,70.33,70.67,69.35,70.64,6989573
1620394200,2021-05-07 09:30,69.6381,70.86,68.95,70.8,7992550
1620653400,2021-05-10 09:30,71.14,71.82,69.98,70.03,6576469
1620739800,2021-05-11 09:30,68.98,70.65,68.96,69.43,8243495
1620826200,2021-05-12 09:30,70.25,70.66,67.49,67.7,8389656
1620912600,2021-05-13 09:30,67.71,70.35,67.5,69.97,8198522
1620999000,2021-05-14 09:30,70.5,71.305,69.95,71.2,5622786
1621258200,2021-05-17 09:30,71.05,71.3725,70.25,71.25,5338924
1621344600,2021-05-18 09:30,71.25,71.68,70.04,70.06,6718927
1621431000,2021-05-19 09:30,69.18,69.8,68,69.8,9575042
1621517400,2021-05-20 09:30,69.66,69.915,68.595,69.59,7172816
1621603800,2021-05-21 09:30,70.1,71.065,69.88,70.53,11742425
1621863000,2021-05-24 09:30,70.79,70.79,69.75,70.07,5754281
1621949400,2021-05-25 09:30,70.24,71.02,68.4,68.47,7481329
1622035800,2021-05-26 09:30,68.79,69.63,68.37,69.52,5880994
1622122200,2021-05-27 09:30,70.38,70.89,70.12,70.72,7035486
1622208600,2021-05-28 09:30,70.84,70.84,69.66,70.69,6199791
1622554200,2021-06-01 09:30,71.21,71.61,70.945,71.33,7272791
1622640600,2021-06-02 09:30,71.62,71.66,70.6,70.6,5147712
1622727000,2021-06-03 09:30,70.68,71.35,70.3,70.84,6945913
1622813400,2021-06-04 09:30,70.82,70.84,69.87,70.72,4746679
1623072600,2021-06-07 09:30,70.94,71.241,70.565,70.97,4012158
1623159000,2021-06-08 09:30,70.58,71.055,69.7,70.93,6810158
1623245400,2021-06-09 09:30,70.2,70.29,69.57,69.75,9181049
1623331800,2021-06-10 09:30,70.62,70.72,68.29,68.4,10241263
1623418200,2021-06-11 09:30,68.62,69.2,68.205,68.6,11101133
1623677400,2021-06-14 09:30,68.59,68.92,66.92,67.41,11676286
1623763800,2021-06-15 09:30,67.5,68.94,67.15,68.36,7102238
1623850200,2021-06-16 09:30,68.07,69.7,67.21,69.37,14585310
1623936600,2021-06-17 09:30,69.72,69.82,65.76,65.88,23633117
1624023000,2021-06-18 09:30,65,65.48,63.63,63.66,20340361
1624282200,2021-06-21 09:30,64.02,66.005,64.02,65.91,12430589
1624368600,2021-06-22 09:30,65.8,66.14,64.73,65.86,6268556
1624455000,2021-06-23 09:30,65.99,66.45,65.79,65.85,6106126
1624541400,2021-06-24 09:30,66.24,67.02,65.64,66.88,7374154
1624627800,2021-06-25 09:30,67.14,67.99,66.68,67.64,8499143
1624887000,2021-06-28 09:30,67.26,67.35,65.44,65.79,9010887
1624973400,2021-06-29 09:30,66.36,66.9,65.08,65.42,8605420
1625059800,2021-06-30 09:30,65.07,65.905,65.07,65.53,10001154
1625146200,2021-07-01 09:30,65.81,66.36,65.6,66.15,8633220
1625232600,2021-07-02 09:30,65.97,66.17,65.15,65.33,5639568
1625578200,2021-07-06 09:30,65.17,65.21,63.1,63.53,12626801
1625664600,2021-07-07 09:30,62.95,63.95,62.715,63.17,12230301
1625751000,2021-07-08 09:30,61.79,62.86,61.24,62.01,15223555
1625837400,2021-07-09 09:30,63.37,64.8,63.145,64.79,15955772
1626096600,2021-07-12 09:30,64.07,65.06,63.47,64.92,5320941
1626183000,2021-07-13 09:30,64.76,64.85,63.28,63.51,10352102
1626269400,2021-07-14 09:30,63.53,64.59,62.58,63.19,11586863
1626355800,2021-07-15 09:30,62.65,64.2,62.28,63.95,16131352
1626442200,2021-07-16 09:30,64.5,64.5,61.875,62.01,9196961
1626701400,2021-07-19 09:30,60.36,60.9,59.295,59.87,23167302
1626787800,2021-07-20 09:30,59.78,62.865,59.72,61.5,21474447
1626874200,2021-07-21 09:30,62.14,63.32,62.14,62.84,10667159
1626960600,2021-07-22 09:30,62.66,62.73,61.115,61.44,8838250
1627047000,2021-07-23 09:30,62.12,62.58,61.32,61.96,5427100
1627306200,2021-07-26 09:30,62.16,63.1,61.99,62.47,5460255
1627392600,2021-07-27 09:30,61.87,62.63,61.34,62.19,6753309
1627479000,2021-07-28 09:30,62.57,63.56,61.65,62.98,8387522
1627565400,2021-07-29 09:30,63.57,63.975,62.84,63.38,6521548
1627651800,2021-07-30 09:30,62.99,63.96,62.31,62.57,9135732
1627911000,2021-08-02 09:30,62.78,64.32,61.8602,61.97,12964165
1627997400,2021-08-03 09:30,62.32,63.21,61.06,63.11,11340246
1628083800,2021-08-04 09:30,62.32,63.28,61.93,62.48,8159402
1628170200,2021-08-05 09:30,62.94,63.78,62.84,63.78,8797388
1628256600,2021-08-06 09:30,64.66,66.18,64.65,65.68,13386157
1628515800,2021-08-09 09:30,65.4,66.13,64.77,65.24,10898817
1628602200,2021-08-10 09:30,65.06,66.17,64.78,65.98,9070724
1628688600,2021-08-11 09:30,66.17,67.11,65.42,67.1,11463835
1628775000,2021-08-12 09:30,67.21,67.22,66.265,66.68,6706317
1628861400,2021-08-13 09:30,66.8,66.85,65.77,65.9,7035847
1629120600,2021-08-16 09:30,65.41,65.87,64.7,65.67,6891876
1629207000,2021-08-17 09:30,64.98,65.51,63.78,64.56,8234161
1629293400,2021-08-18 09:30,64.34,65.25,63.91,63.97,7834838
1629379800,2021-08-19 09:30,63.27,63.87,62.59,63.1,11101961
1629466200,2021-08-20 09:30,63.08,64.39,62.84,64.38,7755713
1629725400,2021-08-23 09:30,64.79,65.28,64.585,65.05,5288695
1629811800,2021-08-24 09:30,65.01,65.67,64.93,65.41,4531646
1629898200,2021-08-25 09:30,65.74,66.81,65.41,66.06,8371739
1629984600,2021-08-26 09:30,66.23,66.41,64.98,64.98,5971184
1630071000,2021-08-27 09:30,65.15,66.98,65.15,66.89,7432515
1630330200,2021-08-30 09:30,67.01,67.01,65.27,65.32,7895247
1630416600,2021-08-31 09:30,65.43,66.24,65.09,65.89,7588030
1630503000,2021-09-01 09:30,66,66.08,64.87,65.46,8006201
1630589400,2021-09-02 09:30,65.52,66.03,65.12,65.38,7267774
1630675800,2021-09-03 09:30,65.57,65.92,64.91,65.18,7667063
1631021400,2021-09-07 09:30,65.43,66.235,64.86,64.92,5483641
1631107800,2021-09-08 09:30,64.57,64.82,63.86,64.09,7973388
1631194200,2021-09-09 09:30,63.9,65.06,63.84,64.36,8533903
1631280600,2021-09-10 09:30,64.72,64.87,63.54,63.59,7002948
1631539800,2021-09-13 09:30,64.17,64.68,63.65,64.35,14461926
1631626200,2021-09-14 09:30,64.58,64.71,62.655,62.88,12290731
1631712600,2021-09-15 09:30,63.03,64.14,63.03,63.91,6834157
1631799000,2021-09-16 09:30,64.4,64.68,63.34,63.76,5223515
1631885400,2021-09-17 09:30,63.8,64.41,63.42,63.84,9909602
1632144600,2021-09-20 09:30,61.94,62.07,60.88,61.92,11321774
1632231000,2021-09-21 09:30,62.2,62.54,61.38,61.79,5332266
1632317400,2021-09-22 09:30,62.5,63.47,62.38,62.84,7826437
1632403800,2021-09-23 09:30,63.59,65.59,63.31,65.23,9622667
1632490200,2021-09-24 09:30,64.97,66.235,64.89,65.91,11756349
1632749400,2021-09-27 09:30,66.61,68.88,66.49,68.38,11806767
1632835800,2021-09-28 09:30,68.77,69.07,67.66,67.87,11481270
1632922200,2021-09-29 09:30,67.94,68.89,67.555,68.61,8058994
1633008600,2021-09-30 09:30,68.93,69.15,67.66,67.75,9942965
1633095000,2021-10-01 09:30,67.96,69.88,67.77,69.37,11199786
1633354200,2021-10-04 09:30,69.46,70.34,68.99,69.62,10036518
1633440600,2021-10-05 09:30,70.08,70.61,69.54,69.99,9313707
1633527000,2021-10-06 09:30,69.41,69.79,68.075,69.77,10240212
1633613400,2021-10-07 09:30,70.33,70.95,69.99,70.4,9573304
1633699800,2021-10-08 09:30,70.33,71.12,70.067,70.71,8612424
1633959000,2021-10-11 09:30,71.12,71.46,69.88,69.89,6498814
1634045400,2021-10-12 09:30,69.73,70.13,69.32,69.85,7106898
1634131800,2021-10-13 09:30,69.85,69.85,68.13,69.46,9671859
1634218200,2021-10-14 09:30,70.36,70.5,69.55,70.5,6773065
1634304600,2021-10-15 09:30,71.34,71.47,70.42,70.42,8904901
1634563800,2021-10-18 09:30,70.3,71.31,70.25,70.59,6782387
1634650200,2021-10-19 09:30,70.75,70.86,69.94,70.65,6154629
1634736600,2021-10-20 09:30,70.54,72.52,70.24,72.5,9801159
1634823000,2021-10-21 09:30,72.47,72.67,71.54,72.02,6680188
1634909400,2021-10-22 09:30,72.15,73.04,72.05,72.78,8000808
1635168600,2021-10-25 09:30,73.26,73.55,72.7,73.06,5100653
1635255000,2021-10-26 09:30,73.22,73.23,72.25,72.43,5877566
1635341400,2021-10-27 09:30,71.91,72,69.88,69.91,12003062
1635427800,2021-10-28 09:30,70.37,71.17,70.35,71.15,8215447
1635514200,2021-10-29 09:30,71.37,71.64,70.73,70.91,7327269
1635773400,2021-11-01 09:30,71.61,73.39,71.575,73.25,9471418
1635859800,2021-11-02 09:30,73.28,73.745,72.81,73.01,5601278
1635946200,2021-11-03 09:30,72.7,75.255,72.65,75.02,9725271
1636032600,2021-11-04 09:30,74.86,74.92,73.07,73.81,8423309
1636119000,2021-11-05 09:30,74.29,75.28,74,74.59,8716409
1636381800,2021-11-08 09:30,74.97,75.585,74.19,74.68,6619792
1636468200,2021-11-09 09:30,74.2399,74.62,73.69,74.42,9766797
1636554600,2021-11-10 09:30,74.49,74.98,74.18,74.22,11220886
1636641000,2021-11-11 09:30,74.64,75.27,74.29,74.87,5348738
1636727400,2021-11-12 09:30,74.89,75.1,73.89,74.59,8592611
1636986600,2021-11-15 09:30,74.88,75.2,74.6,74.87,4502887
1637073000,2021-11-16 09:30,74.7299,75.32,74.25,74.84,4306759
1637159400,2021-11-17 09:30,74.56,74.69,73.51,74.2,8143106
1637245800,2021-11-18 09:30,74.3,74.58,73.46,74.04,6885023
1637332200,2021-11-19 09:30,73,73.79,72.265,73.48,10561988
1637591400,2021-11-22 09:30,74.26,75.59,74.23,74.27,9481300
1637677800,2021-11-23 09:30,74.84,75.55,74.48,75.45,7570626
1637764200,2021-11-24 09:30,75.12,75.76,74.86,75.26,7313209
1637937000,2021-11-26 09:30,72.76,72.9,70.3,71.49,17183232
1638196200,2021-11-29 09:30,72.61,72.95,71.09,71.64,11369908
1638282600,2021-11-30 09:30,70.53,71.12,69.42,69.81,17512061
1638369000,2021-12-01 09:30,71.27,72.4,68.87,68.89,12938668
1638455400,2021-12-02 09:30,69.6,71.69,69.11,71.23,11864139
1638541800,2021-12-03 09:30,71.47,71.53,68.7,69.29,14051872
1638801000,2021-12-06 09:30,70.38,71.94,70.02,71.07,12866851
1638887400,2021-12-07 09:30,71.62,72.18,70.83,71.28,10186521
1638973800,2021-12-08 09:30,71.57,71.83,70.825,71.14,6949284
1639060200,2021-12-09 09:30,70.66,71.11,70.31,70.35,5737387
1639146600,2021-12-10 09:30,70.78,71.05,69.48,70.51,7177838
1639405800,2021-12-13 09:30,70.31,70.31,68.63,68.75,7270651
1639492200,2021-12-14 09:30,68.81,70.4,68.8,69.38,8418284
1639578600,2021-12-15 09:30,69.88,70.57,68.87,69.92,11287669
1639665000,2021-12-16 09:30,70.87,71.7,69.8333,70.05,11374592
1639751400,2021-12-17 09:30,69.59,69.91,67.665,68.35,11934145
1640010600,2021-12-20 09:30,67.23,67.25,65.4612,66.81,15699830
1640097000,2021-12-21 09:30,67.68,69,67.512,68.86,9048927
1640183400,2021-12-22 09:30,68.71,69.45,68.33,69.39,6390535
1640269800,2021-12-23 09:30,69.89,70.56,69.72,70,5719397
1640615400,2021-12-27 09:30,70.22,71.04,69.5901,71.02,4703326
1640701800,2021-12-28 09:30,70.75,71.56,70.62,71.07,4994161
1640788200,2021-12-29 09:30,71.11,71.425,70.73,71.2,4811306
1640874600,2021-12-30 09:30,71.28,72.03,70.811,70.87,5354288
1640961000,2021-12-31 09:30,70.66,71.21,70.49,70.85,5061818
1641220200,2022-01-03 09:30,71.59,72.96,71.53,72.17,10317298
1641306600,2022-01-04 09:30,73.03,74.92,72.956,74.21,14100254
1641393000,2022-01-05 09:30,74.43,75.25,73.67,73.73,11361922
1641479400,2022-01-06 09:30,74.75,76.745,74.45,76.52,15322847
1641565800,2022-01-07 09:30,76.65,77.43,76.11,77.27,13338853
1641825000,2022-01-10 09:30,77.66,77.95,76.13,77.15,13939887
1641911400,2022-01-11 09:30,77.43,77.5,76.08,77.42,9563112
1641997800,2022-01-12 09:30,77.63,78.2,76.97,77.63,12222791
1642084200,2022-01-13 09:30,77.88,78.72,77.76,78.09,10050555
1642170600,2022-01-14 09:30,77.21,78.81,76.62,78.78,14618525
1642516200,2022-01-18 09:30,78.54,78.7999,76.91,77.11,13382529
1642602600,2022-01-19 09:30,77.48,77.6,74.9601,75.01,15228248
1642689000,2022-01-20 09:30,75.02,75.97,72.82,73.04,16739835
1642775400,2022-01-21 09:30,72.8,73.53,71.44,71.61,19431028
1643034600,2022-01-24 09:30,70.41,72.88,69.6336,72.61,18000201
1643121000,2022-01-25 09:30,71.92,73.45,70.46,72.55,17121742
1643207400,2022-01-26 09:30,73.28,73.98,70.955,72.15,16066793
1643293800,2022-01-27 09:30,72.67,73.865,70.01,70.63,17193521
1643380200,2022-01-28 09:30,70.63,71.01,69.16,71.01,16218031
1643639400,2022-01-31 09:30,70.48,71.62,69.53,71.6,12488104
1643725800,2022-02-01 09:30,71.71,72.84,70.83,72.68,10643635
1643812200,2022-02-02 09:30,72.73,72.8,71.645,72.49,8846375
1643898600,2022-02-03 09:30,72.56,73.45,71.9,72.07,12916887
1643985000,2022-02-04 09:30,72.52,73.975,72.17,73.45,12373259
1644244200,2022-02-07 09:30,73.58,74.215,73.08,73.8,7488342
1644330600,2022-02-08 09:30,74.49,75.855,74.42,75.63,11549866
1644417000,2022-02-09 09:30,76.03,76.07,74.74,74.99,8561555
1644503400,2022-02-10 09:30,74.86,76.24,74.375,74.81,12356162
1644589800,2022-02-11 09:30,74.34,75.985,73.72,74.19,14612522
1644849000,2022-02-14 09:30,74.47,75.18,72.9707,73.61,8977203
1644935400,2022-02-15 09:30,74.52,75.68,74.33,75.58,8694797
1645021800,2022-02-16 09:30,75.06,76.12,74.85,75.72,6592466
1645108200,2022-02-17 09:30,74.94,75.06,73.27,73.41,8293030
1645194600,2022-02-18 09:30,73.13,74.34,73.13,73.54,9580684
1645540200,2022-02-22 09:30,73.27,74.01,72.62,73.17,9717073
1645626600,2022-02-23 09:30,73.56,74.26,71.6,71.88,10192636
1645713000,2022-02-24 09:30,69.22,70.85,68.11,70.59,18484883
1645799400,2022-02-25 09:30,71.31,74.02,71.08,73.84,10585721
1646058600,2022-02-28 09:30,72.54,74.35,72.45,74.28,12507921
1646145000,2022-03-01 09:30,73.52,73.85,69.5,70.22,17297854
1646231400,2022-03-02 09:30,70.97,73.88,70.94,73.35,11785481
1646317800,2022-03-03 09:30,73.56,73.805,72.19,72.89,12758940
1646404200,2022-03-04 09:30,71.27,71.42,69.105,70.03,13872775
1646663400,2022-03-07 09:30,69.58,70.06,66.98,67.01,17471476
1646749800,2022-03-08 09:30,67.72,69.495,66.85,67.55,20736120
1646836200,2022-03-09 09:30,69.65,70.63,69.49,69.95,17100948
1646922600,2022-03-10 09:30,69.01,70.36,68.68,70,11085110
1647009000,2022-03-11 09:30,70.67,71.59,69.92,70.02,19716399
1647264600,2022-03-14 09:30,71.11,71.99,70.02,70.39,14355972
1647351000,2022-03-15 09:30,70.92,71.49,69.55,70.6,16684207
1647437400,2022-03-16 09:30,71.31,73.1,71.25,72.82,16154271
1647523800,2022-03-17 09:30,71.85,72.22,70.88,72.03,10816538
1647610200,2022-03-18 09:30,71.84,72.21,70.21,71.89,13151262
1647869400,2022-03-21 09:30,71.98,72.67,70.46,71.16,11425038
1647955800,2022-03-22 09:30,72.04,73.01,71.9,72.35,11498002
1648042200,2022-03-23 09:30,71.69,71.9,69.71,69.78,13095651
1648128600,2022-03-24 09:30,70.45,70.805,69.535,70.46,6546619
1648215000,2022-03-25 09:30,70.59,71.89,70.43,71.79,8719907
1648474200,2022-03-28 09:30,71.47,71.5,70.1,71.08,9834834
1648560600,2022-03-29 09:30,72.11,72.765,71.46,72.42,13454688
1648647000,2022-03-30 09:30,72.38,72.44,69.55,70.19,15156969
1648733400,2022-03-31 09:30,70.12,70.745,68.86,68.9,10592416
1648819800,2022-04-01 09:30,69.79,69.97,67.92,68.24,15667295
1649079000,2022-04-04 09:30,68.1,68.32,66.87,67.88,14988632
1649165400,2022-04-05 09:30,67.84,68.215,66.8,66.93,11646831
1649251800,2022-04-06 09:30,66.71,66.82,65.84,65.93,13820853
1649338200,2022-04-07 09:30,66.02,66.265,64.49,65.09,12412375
1649424600,2022-04-08 09:30,65.45,65.855,64.68,64.99,9261237
1649683800,2022-04-11 09:30,64.87,66.42,64.86,65.22,9386509
1649770200,2022-04-12 09:30,65.22,66.14,64.26,64.62,12526219
1649856600,2022-04-13 09:30,64.23,65.625,63.8,65.53,10037027
1649943000,2022-04-14 09:30,65.59,65.99,64.47,64.69,11689073
1650288600,2022-04-18 09:30,64.42,65.19,64.37,64.91,9366203
1650375000,2022-04-19 09:30,65.43,67.38,65.4,67.25,16597667
1650461400,2022-04-20 09:30,67.64,68.39,67.51,67.67,10685397
1650547800,2022-04-21 09:30,68.18,68.62,65.935,66.28,13396628
1650634200,2022-04-22 09:30,66.2,66.34,64.845,64.89,12438789
1650893400,2022-04-25 09:30,64.27,65.09,63.1,64.96,12319919
1650979800,2022-04-26 09:30,63.98,64.62,62.89,62.96,11458135
1651066200,2022-04-27 09:30,62.98,63.59,62.55,62.92,12308817
1651152600,2022-04-28 09:30,63.63,64.05,62.61,63.85,9886183
1651239000,2022-04-29 09:30,63.56,64.03,61.655,61.84,13417110
1651498200,2022-05-02 09:30,62.28,62.94,61.23,62.71,17515671
1651584600,2022-05-03 09:30,62.87,63.93,62.41,63.58,10903230
1651671000,2022-05-04 09:30,63.55,65.48,63.1,65.32,17350344
1651757400,2022-05-05 09:30,64.66,64.66,62.47,63.43,15602685
1651843800,2022-05-06 09:30,63.2,63.46,61.87,62.63,14848240
1652103000,2022-05-09 09:30,61.84,62.485,61.34,61.77,13551799
1652189400,2022-05-10 09:30,62.13,62.57,59.84,61.04,15095792
1652275800,2022-05-11 09:30,61.13,62.27,59.92,60.02,15920337
1652362200,2022-05-12 09:30,59.7,60.26,58.75,60.02,12990112
1652448600,2022-05-13 09:30,60.64,61.21,60.06,60.57,10561443
1652707800,2022-05-16 09:30,60.3,60.74,59.33,59.88,7830634
1652794200,2022-05-17 09:30,61.06,62.17,60.86,62.07,9856396
1652880600,2022-05-18 09:30,61.35,61.655,60.19,60.55,11007738
1652967000,2022-05-19 09:30,59.82,60.63,59.6,59.82,14848164
1653053400,2022-05-20 09:30,60.32,60.8,58.71,59.98,10640470
1653312600,2022-05-23 09:30,61.08,62.15,60.565,61.45,10855291
1653399000,2022-05-24 09:30,61.19,61.35,59.675,60.99,8462578
1653485400,2022-05-25 09:30,60.82,62.415,60.78,61.95,8676628
1653571800,2022-05-26 09:30,62.25,63.6,62.12,63.31,7833208
1653658200,2022-05-27 09:30,63.43,64.31,63.32,64.3,5766836
1654003800,2022-05-31 09:30,63.75,64.615,63.175,64.27,8293993
1654090200,2022-06-01 09:30,64.42,64.47,62.5,63.44,6920886
1654176600,2022-06-02 09:30,63.43,64.75,63.02,64.74,5559768
1654263000,2022-06-03 09:30,64.27,64.43,63.695,63.95,5938326
1654522200,2022-06-06 09:30,64.44,65.075,64.1,64.25,5620781
1654608600,2022-06-07 09:30,63.65,64.79,63.41,64.78,5050125
1654695000,2022-06-08 09:30,64.17,64.27,63.265,63.68,4978306
1654781400,2022-06-09 09:30,63.43,63.76,61.62,61.63,11321388
1654867800,2022-06-10 09:30,60.41,60.88,59.38,59.75,11718274
1655127000,2022-06-13 09:30,58.16,59.11,57.7,58.07,11978125
1655213400,2022-06-14 09:30,58.29,59.05,57.895,58.5,9055067
1655299800,2022-06-15 09:30,59.06,59.88,58.21,58.97,9433681
1655386200,2022-06-16 09:30,57.74,57.99,56.58,56.85,9855785
1655472600,2022-06-17 09:30,57.31,58.36,57.175,57.72,9899390
1655818200,2022-06-21 09:30,58.41,58.89,57.88,58.29,7298021
1655904600,2022-06-22 09:30,57.58,58.51,57.46,58.34,6878872
1655991000,2022-06-23 09:30,58.26,58.31,56.7,57.54,9190977
1656077400,2022-06-24 09:30,57.86,59.63,57.86,59.55,7839405
1656336600,2022-06-27 09:30,59.94,60.14,59.085,59.46,6861853
1656423000,2022-06-28 09:30,59.92,60.58,59.05,59.11,4484691
1656509400,2022-06-29 09:30,59.18,59.35,58.32,58.61,4596474
1656595800,2022-06-30 09:30,57.6,58.82,56.87,58.09,7836167
1656682200,2022-07-01 09:30,57.86,59.21,57.45,59.06,5636205
1657027800,2022-07-05 09:30,58,59.29,57.17,59.26,6545932
1657114200,2022-07-06 09:30,59.03,59.25,58.19,58.82,5727969
1657200600,2022-07-07 09:30,59.27,59.82,59.18,59.45,5293964
1657287000,2022-07-08 09:30,59.58,59.74,58.8,59.27,4534215
1657546200,2022-07-11 09:30,58.73,59.06,58.39,58.68,4411327
1657632600,2022-07-12 09:30,58.19,59.56,58.13,58.66,6132643
1657719000,2022-07-13 09:30,58.16,58.36,57.22,57.67,8881188
1657805400,2022-07-14 09:30,56.72,56.96,56.09,56.83,7721616
1657891800,2022-07-15 09:30,57.81,59.03,57.34,58.73,8376132
1658151000,2022-07-18 09:30,59.41,60.17,58.85,59.08,7469414
1658237400,2022-07-19 09:30,59.75,61.16,59.63,60.91,7294506
1658323800,2022-07-20 09:30,60.62,61.87,60.48,61.75,5276277
1658410200,2022-07-21 09:30,61.48,61.86,60.86,61.85,7793756
1658496600,2022-07-22 09:30,61.95,62.36,60.78,61.21,6099635
1658755800,2022-07-25 09:30,61.56,62.43,61.4,62.24,5101288
1658842200,2022-07-26 09:30,61.85,62.5,61.57,61.76,5273647
1658928600,2022-07-27 09:30,61.9,63.29,61.84,62.89,5988874
1659015000,2022-07-28 09:30,62.81,62.9367,61.96,62.9,4803277
1659101400,2022-07-29 09:30,62.92,64.03,62.78,63.78,4027958
1659360600,2022-08-01 09:30,63.39,64.21,62.91,63.83,5434969
1659447000,2022-08-02 09:30,63.62,63.72,62.93,63.09,4885944
1659533400,2022-08-03 09:30,63.54,64.03,62.995,63.78,5702782
1659619800,2022-08-04 09:30,63.76,63.76,63.13,63.28,5151819
1659706200,2022-08-05 09:30,63.25,64.235,62.96,64.04,7290915
1659965400,2022-08-08 09:30,64.2,64.65,63.79,64.01,3310681
1660051800,2022-08-09 09:30,64.03,64.25,63.69,64.23,3024003
1660138200,2022-08-10 09:30,64.99,65.99,64.83,65.65,7903241
1660224600,2022-08-11 09:30,66.14,66.71,66.13,66.56,5648146
1660311000,2022-08-12 09:30,67.04,67.6,66.58,67.58,4439980
1660570200,2022-08-15 09:30,66.93,67.945,66.84,67.93,4188172
1660656600,2022-08-16 09:30,67.56,68.83,67.54,68.54,6411784
1660743000,2022-08-17 09:30,67.72,68.085,67.23,67.74,4934684
1660829400,2022-08-18 09:30,67.8,68.04,67.44,67.95,3545133
1660915800,2022-08-19 09:30,67.55,67.55,66.48,66.84,5337785
1661175000,2022-08-22 09:30,65.9,66.05,65.0825,65.26,5168208
1661261400,2022-08-23 09:30,65.29,65.74,64.85,64.89,3777691
1661347800,2022-08-24 09:30,64.89,65.03,64.4,64.75,3497820
1661434200,2022-08-25 09:30,64.7,65.9,64.7,65.72,4607635
1661520600,2022-08-26 09:30,66.04,66.15,64.06,64.12,5631383
1661779800,2022-08-29 09:30,63.71,63.9,63.01,63.12,5630302
1661866200,2022-08-30 09:30,63.32,63.6096,62.44,63.07,6055760
1661952600,2022-08-31 09:30,63.26,63.5,62.48,62.59,4068369
1662039000,2022-09-01 09:30,62.31,62.61,61.6,62.23,7922886
1662125400,2022-09-02 09:30,62.78,63.34,61.39,61.77,6776794
1662471000,2022-09-06 09:30,61.99,62.3,60.35,60.77,7262315
1662557400,2022-09-07 09:30,60.48,62.06,60.43,61.94,7369080
1662643800,2022-09-08 09:30,61.42,63.32,61.19,63.27,7464775
1662730200,2022-09-09 09:30,63.85,64.335,63.51,64.05,5973539
1662989400,2022-09-12 09:30,64.18,65.01,64.11,64.69,4787796
1663075800,2022-09-13 09:30,63.54,63.8,62.34,62.64,7647445
1663162200,2022-09-14 09:30,62.72,63.03,61.91,62.8,5136825
1663248600,2022-09-15 09:30,62.63,64.26,62.63,63.53,7369531
1663335000,2022-09-16 09:30,62.79,62.99,62.06,62.95,7834459
1663594200,2022-09-19 09:30,61.84,63.825,61.84,63.65,6632519
1663680600,2022-09-20 09:30,63.27,63.75,62.86,63.44,6936969
1663767000,2022-09-21 09:30,63.72,64.4,62.67,62.69,9269321
1663853400,2022-09-22 09:30,62.91,62.96,61.05,61.26,9303571
1663939800,2022-09-23 09:30,60.55,60.72,59.37,60.3,9777320
1664199000,2022-09-26 09:30,59.8,60.73,59.49,59.78,6599396
1664285400,2022-09-27 09:30,60.21,60.61,58.47,59.07,10206503
1664371800,2022-09-28 09:30,59.23,60.545,59.07,60.09,8098157
1664458200,2022-09-29 09:30,59.3,59.51,58.39,59.11,7775073
1664544600,2022-09-30 09:30,59.09,60.18,58.77,58.88,7510724
1664803800,2022-10-03 09:30,59.54,60.53,58.66,60.23,6854987
1664890200,2022-10-04 09:30,61.01,62.87,60.87,62.87,8814581
1664976600,2022-10-05 09:30,61.95,62.51,61.64,62.35,6652376
1665063000,2022-10-06 09:30,61.85,62.4,61.42,61.75,6173412
1665149400,2022-10-07 09:30,61.24,61.42,60.04,60.34,6649836
1665408600,2022-10-10 09:30,60.75,61.01,59.805,60.21,5073118
1665495000,2022-10-11 09:30,59.85,60.72,59.46,59.95,8090811
1665581400,2022-10-12 09:30,60.05,60.545,59.27,59.82,6334610
1665667800,2022-10-13 09:30,58.93,62.72,58.51,62.47,12046677
1665754200,2022-10-14 09:30,62.8,63.77,61.4,61.51,11545595
1666013400,2022-10-17 09:30,62.63,63.36,62.31,63.12,8768100
1666099800,2022-10-18 09:30,63.92,64.2,62.575,63.08,8744543
1666186200,2022-10-19 09:30,62.53,63.06,61.225,61.77,9461317
1666272600,2022-10-20 09:30,61.62,62,59.26,59.66,13311127
1666359000,2022-10-21 09:30,59.82,60.685,59.31,60.44,10769526
1666618200,2022-10-24 09:30,60.98,61.66,60.69,61.47,11255020
1666704600,2022-10-25 09:30,61.19,62.56,61.05,62.36,6392344
1666791000,2022-10-26 09:30,62.56,63.065,62.21,62.29,7668112
1666877400,2022-10-27 09:30,62.98,63.34,62.215,62.31,6242154
1666963800,2022-10-28 09:30,62.64,63.91,62.4,63.85,7107111
1667223000,2022-10-31 09:30,63.52,64.32,63.465,63.95,5375618
1667309400,2022-11-01 09:30,64.4,64.5,63.77,63.99,6096586
1667395800,2022-11-02 09:30,63.72,64.27,62.285,62.37,11226135
1667482200,2022-11-03 09:30,61.82,62.22,60.9625,61.91,7022628
1667568600,2022-11-04 09:30,62.7,63.48,62.33,63.37,7666476
1667831400,2022-11-07 09:30,63.71,64.13,63.09,63.74,4678532
1667917800,2022-11-08 09:30,63.78,64.3,62.97,63.55,7449259
1668004200,2022-11-09 09:30,63.03,63.36,62.45,62.57,5426780
1668090600,2022-11-10 09:30,64.37,65.655,64.24,65.49,9628273
1668177000,2022-11-11 09:30,65.49,65.97,64.8,65.03,6676462
1668436200,2022-11-14 09:30,64.82,65.095,64.09,64.11,5388661
1668522600,2022-11-15 09:30,64.94,65.6,63.99,64.54,6506922
1668609000,2022-11-16 09:30,64.39,64.52,63.31,63.49,5798860
1668695400,2022-11-17 09:30,62.74,62.89,62.11,62.55,9879112
1668781800,2022-11-18 09:30,63.24,63.66,62.395,62.95,6962549
1669041000,2022-11-21 09:30,62.88,63.38,62.74,63.29,4181133
1669127400,2022-11-22 09:30,63.68,64.11,63.52,63.98,4913713
1669213800,2022-11-23 09:30,63.94,64.28,63.69,63.97,3889339
1669386600,2022-11-25 09:30,64.16,64.58,64.06,64.45,1443249
1669645800,2022-11-28 09:30,63.92,64.17,62.74,63.01,5471875
1669732200,2022-11-29 09:30,62.98,63.62,62.87,63.39,4199885
1669818600,2022-11-30 09:30,63.34,64.54,62.03,64.52,9869055
1669905000,2022-12-01 09:30,64.85,64.94,63.67,64.07,7521434
1669991400,2022-12-02 09:30,63.6,64.05,63.36,63.95,6221789
1670250600,2022-12-05 09:30,63.51,63.52,60.3506,60.75,10916809
1670337000,2022-12-06 09:30,60.73,61.07,59.73,60.16,8853605
1670423400,2022-12-07 09:30,59.89,60.71,59.372,60.12,7982528
1670509800,2022-12-08 09:30,60.28,60.72,59.93,60.28,5490162
1670596200,2022-12-09 09:30,60.05,60.47,59.89,60.04,7342480
1670855400,2022-12-12 09:30,60.09,60.88,59.55,60.59,5423467
1670941800,2022-12-13 09:30,61.52,61.86,59.25,59.6,10548957
1671028200,2022-12-14 09:30,59.53,59.85,58.3,58.5,12478835
1671114600,2022-12-15 09:30,57.78,58.07,57.1,57.43,13332952
1671201000,2022-12-16 09:30,56.95,57.58,56.73,56.94,11245263
1671460200,2022-12-19 09:30,56.74,57.17,56.37,56.83,5494498
1671546600,2022-12-20 09:30,56.88,57.565,56.86,57.11,6729520
1671633000,2022-12-21 09:30,57.61,58.445,57.61,58.06,4848864
1671719400,2022-12-22 09:30,57.75,57.9,56.7607,57.84,6044207
1671805800,2022-12-23 09:30,57.87,58.38,57.625,58.22,5088529
1672151400,2022-12-27 09:30,58.31,58.5575,57.825,58.28,4156321
1672237800,2022-12-28 09:30,58.39,58.46,57.8,57.87,4229643
1672324200,2022-12-29 09:30,57.99,59.045,57.97,58.96,5568697
1672410600,2022-12-30 09:30,58.59,59,58.35,58.74,3786870
1672756200,2023-01-03 09:30,59.22,59.47,57.92,58.33,7286941
1672842600,2023-01-04 09:30,58.82,59.85,58.75,59.12,6458085
1672929000,2023-01-05 09:30,58.31,58.45,57.5,58,7388254
1673015400,2023-01-06 09:30,58.34,59.82,58.18,59.7,7204404
1673274600,2023-01-09 09:30,59.85,59.95,59.03,59.16,8020349
1673361000,2023-01-10 09:30,59.09,59.785,58.73,59.61,4755798
1673447400,2023-01-11 09:30,59.77,60.05,59.425,59.94,4111866
1673533800,2023-01-12 09:30,60.26,61.08,59.97,60.68,5966759
1673620200,2023-01-13 09:30,59.9,60.76,59.175,60.61,7832448
1673965800,2023-01-17 09:30,60.61,60.86,59.92,60.24,7947654
1674052200,2023-01-18 09:30,59.87,59.88,58.07,58.09,14248728
1674138600,2023-01-19 09:30,57.78,58.33,57.28,58.16,11014737
1674225000,2023-01-20 09:30,58.53,59.8,58.45,59.77,8613280
1674484200,2023-01-23 09:30,59.91,61.085,59.9,60.72,8208389
1674570600,2023-01-24 09:30,60.62,60.68,59.725,60,7937062
1674657000,2023-01-25 09:30,59.5,60.17,59.025,60.14,6750170
1674743400,2023-01-26 09:30,60.59,60.91,59.87,60.56,5277124
1674829800,2023-01-27 09:30,60.49,61.11,60.29,60.94,6292330
1675089000,2023-01-30 09:30,60.46,61.06,60.305,60.32,5054951
1675175400,2023-01-31 09:30,60.41,62.13,60.28,62.12,6859866
1675261800,2023-02-01 09:30,61.75,63.705,61.56,63,9462191
1675348200,2023-02-02 09:30,63.61,64.845,63.37,64.68,8344951
1675434600,2023-02-03 09:30,63.94,65.315,63.85,64.72,7829910
1675693800,2023-02-06 09:30,64.33,64.6,63.61,64.1,6692760
1675780200,2023-02-07 09:30,63.82,64.955,63.49,64.79,4851885
1675866600,2023-02-08 09:30,64.25,64.69,63.91,64.06,6236831
1675953000,2023-02-09 09:30,64.54,64.55,62.97,63.12,4907544
1676039400,2023-02-10 09:30,62.82,63.12,62.63,62.99,4479045
1676298600,2023-02-13 09:30,62.94,63.52,62.65,63.5,3872718
1676385000,2023-02-14 09:30,63.48,63.8,62.49,63.26,5361591
1676471400,2023-02-15 09:30,62.84,64.12,62.76,64.01,5857755
1676557800,2023-02-16 09:30,63.57,63.63,62.825,62.88,6794648
1676644200,2023-02-17 09:30,62.88,63.285,62.48,63.2,5331662
1676989800,2023-02-21 09:30,62.6,62.72,61.44,61.73,5454951
1677076200,2023-02-22 09:30,61.73,61.93,61.045,61.43,4570569
1677162600,2023-02-23 09:30,61.83,62.04,60.95,61.67,5356972
1677249000,2023-02-24 09:30,61.04,61.71,60.76,61.68,6919503
1677508200,2023-02-27 09:30,62.12,62.55,61.45,61.66,4636895
1677594600,2023-02-28 09:30,61.89,62.15,61.51,61.56,6281497
1677681000,2023-03-01 09:30,61.01,61.37,60.705,61.19,6771859
1677767400,2023-03-02 09:30,60.3,60.49,59.05,59.64,10805493
1677853800,2023-03-03 09:30,60.02,60.5,59.41,60.38,10548354
1678113000,2023-03-06 09:30,60.54,60.87,59.8,59.93,7301636
1678199400,2023-03-07 09:30,59.62,59.62,57.9,58,13049581
1678285800,2023-03-08 09:30,58.17,58.29,57.35,57.7,14804025
1678372200,2023-03-09 09:30,56.55,56.86,52.91,53.02,57213166
1678458600,2023-03-10 09:30,50.82,52.89,48.44,50.69,97268218
1678714200,2023-03-13 09:30,44.32,47.58,41.92,44.45,94522701
1678800600,2023-03-14 09:30,49.16,49.42,44.61,45.38,64759293
1678887000,2023-03-15 09:30,43.19,45.14,42.77,44.64,60478102
1678973400,2023-03-16 09:30,43.86,47.51,42.95,46.21,75761681
1679059800,2023-03-17 09:30,45.095,45.46,43.13,43.44,52101994
1679319000,2023-03-20 09:30,44.719,45.58,43.47,43.56,58532890
1679405400,2023-03-21 09:30,45.78,46.47,45.16,46.07,37003184
1679491800,2023-03-22 09:30,45.96,46.145,43.38,43.45,49933747
1679578200,2023-03-23 09:30,43.95,44.25,41.9,42.24,47492720
1679664600,2023-03-24 09:30,41.55,43.67,41.28,43.52,47918537
1679923800,2023-03-27 09:30,45.131,45.35,43.855,43.9,26667697
1680010200,2023-03-28 09:30,43.83,44.3101,43.35,43.86,20681715
1680096600,2023-03-29 09:30,44.47,44.54,43.72,44.33,20594409
1680183000,2023-03-30 09:30,44.97,45,43.3,43.43,20659867
1680269400,2023-03-31 09:30,43.97,44.0907,43.37,43.86,19391091
1680528600,2023-04-03 09:30,44,44.23,43.12,43.4,17048899
1680615000,2023-04-04 09:30,43.62,43.72,41.76,42.44,24980939
1680701400,2023-04-05 09:30,41.6,42.24,41.445,42.01,28759387
1680787800,2023-04-06 09:30,41.98,42.87,41.96,42.63,19811059
1681133400,2023-04-10 09:30,42.25,43.275,42.03,42.85,15455775
1681219800,2023-04-11 09:30,43.13,43.28,42.66,42.97,13464435
1681306200,2023-04-12 09:30,43.29,43.46,42.29,42.5,16743780
1681392600,2023-04-13 09:30,42.71,43.36,42.16,43.15,20384156
1681479000,2023-04-14 09:30,43.8,43.98,42.015,42.31,32212041
1681738200,2023-04-17 09:30,42.15,43.58,41.67,43.57,24635361
1681824600,2023-04-18 09:30,43.6,43.63,42.35,42.63,19023736
1681911000,2023-04-19 09:30,43.1,44.59,42.76,44.31,29040522
1681997400,2023-04-20 09:30,43.55,44.26,43.1501,43.48,27506685
1682083800,2023-04-21 09:30,43.32,43.36,42.575,42.93,20327407
1682343000,2023-04-24 09:30,42.83,43.425,42.62,42.71,15506915
1682429400,2023-04-25 09:30,42.05,42.14,40.77,40.91,35660181
1682515800,2023-04-26 09:30,41.04,41.95,40.67,41.16,31611093
1682602200,2023-04-27 09:30,41.24,42.14,41.24,41.93,16754506
1682688600,2023-04-28 09:30,41.89,43.02,41.8,42.66,30201554
1682947800,2023-05-01 09:30,42.7,42.83,41.31,41.46,28443831
1683034200,2023-05-02 09:30,41.26,41.29,38.11,38.86,61380849
1683120600,2023-05-03 09:30,39.08,40.08,37.99,38.16,57727198
1683207000,2023-05-04 09:30,36.6,37.05,34.52,36.08,117644215
1683293400,2023-05-05 09:30,38.05,38.49,37.21,38.35,61946535
1683552600,2023-05-08 09:30,39.26,39.39,37.49,37.58,36322192
1683639000,2023-05-09 09:30,37.23,37.73,36.64,37.42,29736902
1683725400,2023-05-10 09:30,38.165,38.2,36.59,37.06,21147904
1683811800,2023-05-11 09:30,36.37,36.86,35.98,36.14,28874226
1683898200,2023-05-12 09:30,36.44,36.58,35.76,36.37,22067413
1684157400,2023-05-15 09:30,36.42,37.75,36.38,37.52,22312810
1684243800,2023-05-16 09:30,37.79,37.99,36.95,36.96,24550142
1684330200,2023-05-17 09:30,37.85,39.83,37.85,39.68,49594541
1684416600,2023-05-18 09:30,39.72,40.065,39.19,39.92,26323998
1684503000,2023-05-19 09:30,40.35,40.36,38.51,39.21,33875860
1684762200,2023-05-22 09:30,39.66,40.545,39.11,40.46,28557453
1684848600,2023-05-23 09:30,40.6,42.09,40.46,40.86,30692937
1684935000,2023-05-24 09:30,40.47,40.7,39.81,40.13,19125782
1685021400,2023-05-25 09:30,39.93,40.23,39.13,39.8,17439258
1685107800,2023-05-26 09:30,39.81,40.29,39.1885,40.29,14825389
1685453400,2023-05-30 09:30,40.52,40.56,39.535,40.21,18078497
1685539800,2023-05-31 09:30,39.84,40.09,38.445,38.97,31969282
1685626200,2023-06-01 09:30,39.21,40.27,38.71,39.76,18963786
1685712600,2023-06-02 09:30,40.52,42.34,40.2901,42.21,33455809
1685971800,2023-06-05 09:30,42.25,42.2899,40.675,41.12,21291150
1686058200,2023-06-06 09:30,41.03,43.8,40.89,43.16,32603495
1686144600,2023-06-07 09:30,43.7415,44.98,43.32,44.59,33569300
1686231000,2023-06-08 09:30,44.3,44.43,43.345,44.06,20844545
1686317400,2023-06-09 09:30,44.1,44.1,43.21,43.46,14462882
1686576600,2023-06-12 09:30,43.62,44.46,42.6875,43.14,32467061
1686663000,2023-06-13 09:30,43.28,44.35,42.78,44.14,21116251
1686749400,2023-06-14 09:30,44.23,44.55,42.53,42.85,27274960
1686835800,2023-06-15 09:30,42.5,43.81,42.47,43.67,18410531
1686922200,2023-06-16 09:30,43.83,44,42.71,43.07,19281459
1687267800,2023-06-20 09:30,42.53,42.6,41.86,42.12,13769475
1687354200,2023-06-21 09:30,41.95,42.04,41.39,41.47,15335916
1687440600,2023-06-22 09:30,41.35,41.365,39.915,40.16,25455264
1687527000,2023-06-23 09:30,39.64,40.2799,39.385,39.58,22844085
1687786200,2023-06-26 09:30,39.92,40.77,39.85,40.08,16537431
1687872600,2023-06-27 09:30,40.19,41.12,39.71,40.76,15751924
1687959000,2023-06-28 09:30,40.55,40.69,40.06,40.54,15173193
1688045400,2023-06-29 09:30,41.03,41.73,41.01,41.3,18580576
1688131800,2023-06-30 09:30,41.78,41.78,40.805,40.83,17853596
1688391000,2023-07-03 09:30,41,41.965,40.9,41.77,10399674
1688563800,2023-07-05 09:30,41.31,41.82,40.82,41.22,12937501
1688650200,2023-07-06 09:30,40.55,40.8,39.81,40.59,21157324
1688736600,2023-07-07 09:30,40.52,41.86,40.52,41.47,15824854
1688995800,2023-07-10 09:30,41.32,42.335,41.14,41.8,13961145
1689082200,2023-07-11 09:30,41.95,42.5,41.56,42.36,13155976
1689168600,2023-07-12 09:30,43.25,43.815,42.91,43.21,19565236
1689255000,2023-07-13 09:30,43.49,44.23,43.14,43.95,16086907
1689341400,2023-07-14 09:30,44.37,44.39,42.76,43.13,22715027
1689600600,2023-07-17 09:30,43,44.17,42.83,43.88,14520677
1689687000,2023-07-18 09:30,43.92,45.82,43.88,45.73,29937374
1689773400,2023-07-19 09:30,46,47.265,45.51,47.15,30812184
1689859800,2023-07-20 09:30,47,47.17,46.1,46.97,26266486
1689946200,2023-07-21 09:30,47.45,47.45,46.21,46.38,19920726
1690205400,2023-07-24 09:30,46.29,47.7,46.29,47.55,18132585
1690291800,2023-07-25 09:30,47.59,47.985,46.38,46.65,34931536
1690378200,2023-07-26 09:30,47.85,49.22,47.61,48.86,30039806
1690464600,2023-07-27 09:30,49.33,49.565,47.8,48.03,21500898
1690551000,2023-07-28 09:30,48.71,48.97,48.12,48.72,11392447
1690810200,2023-07-31 09:30,48.8,49.13,48.33,48.69,14187468
1690896600,2023-08-01 09:30,48.42,48.42,47.44,48.17,12650722
1690983000,2023-08-02 09:30,47.42,47.985,47.09,47.95,18174573
1691069400,2023-08-03 09:30,47.61,48.55,47.33,48.37,12748197
1691155800,2023-08-04 09:30,48.15,49,48.07,48.56,10466488
1691415000,2023-08-07 09:30,48.76,49.085,48.425,49.04,7428071
1691501400,2023-08-08 09:30,47.71,48.5,46.85,48.41,20368580
1691587800,2023-08-09 09:30,48.13,48.21,47.46,47.71,10292940
1691674200,2023-08-10 09:30,48,48.475,47.38,47.67,10735669
1691760600,2023-08-11 09:30,47.3,47.915,47.25,47.79,7755909
1692019800,2023-08-14 09:30,47.38,47.38,46.66,46.86,10711307
1692106200,2023-08-15 09:30,46.05,46.35,45.14,45.3,18390285
1692192600,2023-08-16 09:30,45.11,45.52,44.7029,44.79,11076195
1692279000,2023-08-17 09:30,44.95,45.27,44.575,44.79,11268532
1692365400,2023-08-18 09:30,44.33,45.1,44.17,44.75,11139200
1692624600,2023-08-21 09:30,44.88,45.05,43.96,44.45,10282647
1692711000,2023-08-22 09:30,44.28,44.66,43.12,43.18,15120579
1692797400,2023-08-23 09:30,43.1,43.8682,42.81,43.74,12265201
1692883800,2023-08-24 09:30,43.62,44.565,43.54,43.94,10659320
1692970200,2023-08-25 09:30,44.17,44.51,43.05,43.63,15886695
1693229400,2023-08-28 09:30,43.81,44.62,43.81,44.26,9359546
1693315800,2023-08-29 09:30,44.3,44.96,43.86,44.68,9590509
1693402200,2023-08-30 09:30,44.65,44.8,44.19,44.35,11744031
1693488600,2023-08-31 09:30,44.39,44.835,44.21,44.56,8941205
1693575000,2023-09-01 09:30,45.02,45.82,44.94,45.62,12328446
1693920600,2023-09-05 09:30,45.52,45.53,44.59,44.59,11728372
1694007000,2023-09-06 09:30,44.49,44.845,43.332,43.56,15041392
1694093400,2023-09-07 09:30,43.36,43.7,42.815,42.97,13704014
1694179800,2023-09-08 09:30,43.07,43.53,42.47,43.36,12883673
1694439000,2023-09-11 09:30,43.62,44.085,43.21,43.28,11530345
1694525400,2023-09-12 09:30,43.31,44.08,43.16,43.64,16503460
1694611800,2023-09-13 09:30,43.85,44,42.74,43.11,15312252
1694698200,2023-09-14 09:30,43.66,44.1,43.43,43.96,10701203
1694784600,2023-09-15 09:30,43.6,43.975,43.29,43.71,12297765
1695043800,2023-09-18 09:30,43.18,43.27,42.47,42.51,13111366
1695130200,2023-09-19 09:30,42.46,42.945,42.05,42.41,11121073
1695216600,2023-09-20 09:30,42.7,43.08,41.995,42.04,12587917
1695303000,2023-09-21 09:30,41.83,42.125,41.255,41.43,14881523
1695389400,2023-09-22 09:30,41.46,41.69,40.965,41.16,10797896
1695648600,2023-09-25 09:30,40.95,41.76,40.8,41.75,10880844
1695735000,2023-09-26 09:30,41.18,41.985,41.035,41.1,14438347
1695821400,2023-09-27 09:30,41.22,41.31,40.54,40.88,11182991
1695907800,2023-09-28 09:30,40.86,41.68,40.81,41.29,11384440
1695994200,2023-09-29 09:30,41.65,42.355,41.52,41.77,16799898
1696253400,2023-10-02 09:30,41.74,41.88,40.55,40.73,19091107
1696339800,2023-10-03 09:30,40.46,40.53,39.685,39.93,16943446
1696426200,2023-10-04 09:30,39.97,40.4,39.47,40.31,13696958
1696512600,2023-10-05 09:30,40.28,41.085,40.08,40.98,12282874
1696599000,2023-10-06 09:30,40.45,41.605,40.1,41.09,17535689
1696858200,2023-10-09 09:30,40.66,41.2984,40.58,41.07,8245482
1696944600,2023-10-10 09:30,41.42,42.055,41.36,41.71,14439745
1697031000,2023-10-11 09:30,41.87,42.45,41.325,41.74,12105460
1697117400,2023-10-12 09:30,41.75,41.93,40.855,41.23,14614416
1697203800,2023-10-13 09:30,41.66,41.79,40.305,40.42,17213441
1697463000,2023-10-16 09:30,40.94,41.55,40.83,41.45,12985743
1697549400,2023-10-17 09:30,41.19,42.915,41.11,42.33,21578964
1697635800,2023-10-18 09:30,41.88,42.03,41.06,41.18,20730599
1697722200,2023-10-19 09:30,41.25,42.02,40.62,40.73,20050219
1697808600,2023-10-20 09:30,40.54,40.62,39.06,39.1,44366225
1698067800,2023-10-23 09:30,38.96,39.805,38.89,38.95,24472242
1698154200,2023-10-24 09:30,39.2,39.43,38.2,38.71,21003335
1698240600,2023-10-25 09:30,38.36,38.84,37.66,38.57,31325197
1698327000,2023-10-26 09:30,38.61,40.03,38.61,39.72,28245239
1698413400,2023-10-27 09:30,39.68,39.725,38.48,38.87,18151522
1698672600,2023-10-30 09:30,39.32,39.64,38.83,39.45,12866796
1698759000,2023-10-31 09:30,39.57,39.83,39.16,39.67,9806876
1698845400,2023-11-01 09:30,39.62,39.95,39.205,39.83,16694711
1698931800,2023-11-02 09:30,40.4,42.165,40.35,42.09,22506886
1699018200,2023-11-03 09:30,43.35,44.21,43.3,43.62,23969996
1699281000,2023-11-06 09:30,43.65,43.9,42.75,43,14351873
1699367400,2023-11-07 09:30,42.93,43.01,42.34,42.58,13380098
1699453800,2023-11-08 09:30,42.55,42.68,41.83,42.02,10562741
1699540200,2023-11-09 09:30,42.06,42.22,40.96,41.14,17166888
1699626600,2023-11-10 09:30,41.47,41.53,40.79,41.37,10245087
1699885800,2023-11-13 09:30,41.15,41.55,40.76,41.44,10756828
1699972200,2023-11-14 09:30,43.07,45.01,43.01,44.49,35037133
1700058600,2023-11-15 09:30,44.56,45.4799,44.42,45.1,20716528
1700145000,2023-11-16 09:30,44.87,45.17,44.15,44.53,14549851
1700231400,2023-11-17 09:30,45.03,45.465,44.73,45.21,13919983
1700490600,2023-11-20 09:30,45.24,45.24,44.68,45.16,11460678
1700577000,2023-11-21 09:30,44.91,45.03,44.09,44.15,11895751
1700663400,2023-11-22 09:30,44.65,44.77,44.06,44.34,11443085
1700836200,2023-11-24 09:30,44.35,44.59,44.1,44.4,4400761
1701095400,2023-11-27 09:30,44.08,44.27,43.7434,44.12,8788697
1701181800,2023-11-28 09:30,44.06,44.19,43.51,44.11,9490429
1701268200,2023-11-29 09:30,44.5,45.68,44.46,45.03,18611261
1701354600,2023-11-30 09:30,45.24,45.55,44.785,45.12,13376428
1701441000,2023-12-01 09:30,44.87,47.59,44.65,47.46,29981573
1701700200,2023-12-04 09:30,46.87,48.255,46.83,48.12,20528121
1701786600,2023-12-05 09:30,47.83,47.97,47.37,47.52,13634205
1701873000,2023-12-06 09:30,47.94,49.1,47.46,47.54,17190254
1701959400,2023-12-07 09:30,47.74,48.49,47.58,48.46,11112050
1702045800,2023-12-08 09:30,48.58,49.35,48.1,48.99,13602945
1702305000,2023-12-11 09:30,48.91,49.125,48.59,48.88,8725959
1702391400,2023-12-12 09:30,48.73,48.9,48.4,48.5,9820608
1702477800,2023-12-13 09:30,48.5,51.38,48.29,51.34,28069319
1702564200,2023-12-14 09:30,53.11,54.47,52.835,53.82,39750895
1702650600,2023-12-15 09:30,53.92,54,52.62,52.96,23805654
1702909800,2023-12-18 09:30,52.7,52.93,51.93,51.98,15667471
1702996200,2023-12-19 09:30,52.1,52.94,51.78,52.75,14449923
1703082600,2023-12-20 09:30,52.5,53.17,51.485,51.52,15717130
1703169000,2023-12-21 09:30,52.01,52.38,51.49,52.08,11761158
1703255400,2023-12-22 09:30,52.5,52.965,52.11,52.41,10723004
1703601000,2023-12-26 09:30,52.51,53.41,52.31,53.22,10711318
1703687400,2023-12-27 09:30,53.28,53.4,52.825,53.13,6572215
1703773800,2023-12-28 09:30,52.93,53.29,52.83,53.26,7641940
1703860200,2023-12-29 09:30,53.1,53.135,52.385,52.43,9415995
1704205800,2024-01-02 09:30,51.93,53.215,51.79,52.6,14000863
1704292200,2024-01-03 09:30,51.91,52,50.77,50.87,14163690
1704378600,2024-01-04 09:30,50.72,51.64,50.6712,51.12,9241577
1704465000,2024-01-05 09:30,50.86,52.285,50.69,51.73,15495441
1704724200,2024-01-08 09:30,51.59,52.235,51.27,52.21,11227767
1704810600,2024-01-09 09:30,51.5,51.83,51.27,51.62,8413712
1704897000,2024-01-10 09:30,51.47,51.76,51.025,51.74,11949813
1704983400,2024-01-11 09:30,51.29,51.37,50.255,51.06,16711009
1705069800,2024-01-12 09:30,51.38,51.61,49.93,50.39,17936458
1705415400,2024-01-16 09:30,49.554,50.09,49.235,49.54,14606535
1705501800,2024-01-17 09:30,48.81,49.66,48.43,49.33,14409917
1705588200,2024-01-18 09:30,49.64,49.95,49.12,49.77,13341222
1705674600,2024-01-19 09:30,49.96,51.035,49.48,51.03,21027520
1705933800,2024-01-22 09:30,51.36,52.225,51.2,52.16,15259073
1706020200,2024-01-23 09:30,52.33,52.525,51.395,51.66,10633350
1706106600,2024-01-24 09:30,51.91,52.76,51.75,52.26,11708768
1706193000,2024-01-25 09:30,52.51,52.77,51.28,51.94,12409823
1706279400,2024-01-26 09:30,52.02,52.7399,51.815,52.13,10042098
1706538600,2024-01-29 09:30,52.24,53.04,52.05,53,7353221
1706625000,2024-01-30 09:30,52.9,53.185,52.67,52.79,7191326
1706711400,2024-01-31 09:30,50.26,51.53,49.6,49.7,41412665
1706797800,2024-02-01 09:30,49.87,50.07,46.56,48.15,56445859
1706884200,2024-02-02 09:30,47.11,48.67,46.81,48.37,32986698
1707143400,2024-02-05 09:30,47.93,47.97,47.18,47.57,19075156
1707229800,2024-02-06 09:30,47.53,48.05,46.61,46.97,21376257
1707316200,2024-02-07 09:30,47.18,47.23,45.67,46.85,31815015
1707402600,2024-02-08 09:30,46.45,47.15,46.39,47.04,12579810
1707489000,2024-02-09 09:30,47.08,47.99,46.51,47.87,15012107
1707748200,2024-02-12 09:30,47.9,49.41,47.8,48.9,17284200
1707834600,2024-02-13 09:30,47.31,47.55,46.07,46.83,28242554
1707921000,2024-02-14 09:30,47.45,47.775,46.84,47.7,12475427
1708007400,2024-02-15 09:30,48.01,49.53,48.01,49.22,17792780
1708093800,2024-02-16 09:30,48.73,49.14,48.16,48.71,11129630
1708439400,2024-02-20 09:30,48.1,48.718,47.99,48.33,9229853
1708525800,2024-02-21 09:30,48.03,48.21,47.62,48.01,10395325
1708612200,2024-02-22 09:30,48.18,48.505,47.69,47.97,9548270
1708698600,2024-02-23 09:30,47.98,48.37,47.4907,47.87,12470188
1708957800,2024-02-26 09:30,47.77,48.18,47.09,47.42,9552275
1709044200,2024-02-27 09:30,47.65,48.23,47.62,48.01,10063977
1709130600,2024-02-28 09:30,47.68,48.04,47.425,47.49,7778637
1709217000,2024-02-29 09:30,48.23,48.9,47.79,48.14,11926313
1709303400,2024-03-01 09:30,47.44,47.745,46.59,47.61,15632106
1709562600,2024-03-04 09:30,47.7,48.55,47.515,47.6,17467248
1709649000,2024-03-05 09:30,47.34,49.72,47.34,49.52,22949246
1709735400,2024-03-06 09:30,49.19,50.36,47.97,49.46,52019108
1709821800,2024-03-07 09:30,50.07,50.5,49.38,49.53,14643336
1709908200,2024-03-08 09:30,50.11,50.445,49.5,49.57,12077275
1710163800,2024-03-11 09:30,49.39,49.73,49.08,49.32,11180086
1710250200,2024-03-12 09:30,49.22,49.42,48.55,48.83,12941395
1710336600,2024-03-13 09:30,48.79,49.47,48.6,48.88,7639808
1710423000,2024-03-14 09:30,48.61,48.82,47.27,47.61,19138591
1710509400,2024-03-15 09:30,47.26,48.32,47.26,47.86,13877302
1710768600,2024-03-18 09:30,47.5,47.6,47.03,47.18,7760390
1710855000,2024-03-19 09:30,47.03,47.65,47,47.34,7537543
1710941400,2024-03-20 09:30,47.14,49.26,46.98,48.82,18005236
1711027800,2024-03-21 09:30,49.1,50.04,49.1,49.54,13328125
1711114200,2024-03-22 09:30,49.62,49.84,48.38,48.47,10917128
1711373400,2024-03-25 09:30,48.57,49.13,48.44,48.54,7018541
1711459800,2024-03-26 09:30,48.81,49.04,48.195,48.24,5388936
1711546200,2024-03-27 09:30,48.36,50.045,48.36,50.02,12925816
1711632600,2024-03-28 09:30,49.96,50.48,49.795,50.28,10248920
1711978200,2024-04-01 09:30,50.35,50.4,49.21,49.29,10704519
1712064600,2024-04-02 09:30,48.75,48.82,48.19,48.38,11015233
1712151000,2024-04-03 09:30,48.22,48.65,48.05,48.28,8817975
1712237400,2024-04-04 09:30,48.87,49.32,48.035,48.18,11684068
1712323800,2024-04-05 09:30,47.9,48.42,47.815,48.21,7787041
1712583000,2024-04-08 09:30,48.34,49.23,48.2,49.03,7391241
1712669400,2024-04-09 09:30,49.28,49.51,48.9,49.35,8462836
1712755800,2024-04-10 09:30,48.15,48.2,46.55,46.9,28179100
1712842200,2024-04-11 09:30,47.11,47.26,46.23,46.94,13807207
1712928600,2024-04-12 09:30,46.27,46.8,46.14,46.52,12978116
1713187800,2024-04-15 09:30,46.85,47.445,45.98,46.34,19878382
1713274200,2024-04-16 09:30,46.04,46.1579,45.46,45.75,15760378
1713360600,2024-04-17 09:30,46.32,46.49,45.74,45.83,10585758
1713447000,2024-04-18 09:30,45.76,46.425,45.63,46.11,9415865
1713533400,2024-04-19 09:30,45.83,47.37,45.74,47.32,15332441
1713792600,2024-04-22 09:30,47.3,48.42,47.22,48.18,13819565
1713879000,2024-04-23 09:30,48.14,49.0637,47.865,48.73,12965522
1713965400,2024-04-24 09:30,48.35,49.115,48.11,49.01,9540598
1714051800,2024-04-25 09:30,48.68,48.82,47.805,48.47,11645954
1714138200,2024-04-26 09:30,48.36,48.89,48.155,48.19,9127770
1714397400,2024-04-29 09:30,48.21,48.57,47.695,47.77,15276185
1714483800,2024-04-30 09:30,47.47,47.76,46.98,47.02,12559778
1714570200,2024-05-01 09:30,47.46,49.26,47.46,48.23,26305360
1714656600,2024-05-02 09:30,48.82,49.065,48.3631,49.02,12595927
1714743000,2024-05-03 09:30,49.8,50.21,49.48,49.65,14924949
1715002200,2024-05-06 09:30,50,50.3375,49.69,50.04,10151251
1715088600,2024-05-07 09:30,50.3,50.53,49.85,49.88,9148079
1715175000,2024-05-08 09:30,49.49,50.18,49.3,50.17,6644109
1715261400,2024-05-09 09:30,50.14,50.46,49.915,50.41,7973921
1715347800,2024-05-10 09:30,50.49,50.6,49.95,50.35,8636498
1715607000,2024-05-13 09:30,50.59,50.79,50.29,50.3,9515737
1715693400,2024-05-14 09:30,50.78,50.995,50.49,50.89,10244754
1715779800,2024-05-15 09:30,51.45,51.75,50.6903,51.07,15942569
1715866200,2024-05-16 09:30,50.98,51.27,50.81,50.85,8112772
1715952600,2024-05-17 09:30,51.02,51.41,50.83,51.19,8772694
1716211800,2024-05-20 09:30,51.36,51.36,50.42,50.45,8328225
1716298200,2024-05-21 09:30,50.33,50.85,50.302,50.52,8303346
1716384600,2024-05-22 09:30,50.38,50.61,49.68,49.91,8873294
1716471000,2024-05-23 09:30,50.19,50.19,48.44,48.71,15161909
1716557400,2024-05-24 09:30,48.96,49.07,48.585,48.92,6530471
1716903000,2024-05-28 09:30,49.2,49.23,48.29,48.51,10690662
1716989400,2024-05-29 09:30,47.52,47.74,47,47.34,19541102
1717075800,2024-05-30 09:30,48.02,48.41,47.64,48.17,12199497
1717162200,2024-05-31 09:30,48.45,48.88,48.29,48.85,13437174
1717421400,2024-06-03 09:30,49.33,49.4,47.755,48,11314726
1717507800,2024-06-04 09:30,47.38,47.66,47.03,47.15,19446375
1717594200,2024-06-05 09:30,47.58,47.58,46.9915,47.3,8739200
1717680600,2024-06-06 09:30,47.26,47.57,46.99,47.42,10946840
1717767000,2024-06-07 09:30,46.93,47.47,46.89,47.21,11918547
1718026200,2024-06-10 09:30,46.71,46.9,46.135,46.48,10795810
1718112600,2024-06-11 09:30,46.29,46.48,45.76,46.31,17058457
1718199000,2024-06-12 09:30,47.57,48.4,47.0301,47.46,25433209
1718285400,2024-06-13 09:30,47.18,47.33,46.445,46.71,13248791
1718371800,2024-06-14 09:30,46.23,46.54,45.825,46.12,12336578
1718631000,2024-06-17 09:30,46.16,46.945,45.79,46.9,12466831
1718717400,2024-06-18 09:30,46.81,47.35,46.65,47.02,8885953
1718890200,2024-06-20 09:30,46.83,47.205,46.74,47.1,7874700
1718976600,2024-06-21 09:30,47.01,47.07,46.64,47.01,8704571
1719235800,2024-06-24 09:30,46.93,48.03,46.69,47.58,14405571
1719322200,2024-06-25 09:30,47.26,47.62,46.9,46.93,9192933
1719408600,2024-06-26 09:30,46.78,47.21,46.47,47.13,7670481
1719495000,2024-06-27 09:30,47.12,47.63,46.8,47.63,8201359
1719581400,2024-06-28 09:30,48.02,49.245,47.9,49.1,28137337
1719840600,2024-07-01 09:30,49,49.55,48.675,48.87,14172357
1719927000,2024-07-02 09:30,48.87,49.55,48.67,49.45,8987828
1720013400,2024-07-03 09:30,49.53,49.57,48.63,48.65,9623366
1720186200,2024-07-05 09:30,48.56,48.65,47.77,47.94,14015831
1720445400,2024-07-08 09:30,48.29,48.64,47.855,47.95,13680692
1720531800,2024-07-09 09:30,47.75,48.875,47.67,48.81,12435548
1720618200,2024-07-10 09:30,48.93,49.89,48.75,49.87,13424102
1720704600,2024-07-11 09:30,50.73,52.1,50.56,51.97,23565808
1720791000,2024-07-12 09:30,52.31,52.57,51.79,52.09,18596022
1721050200,2024-07-15 09:30,52.89,54.15,52.84,53.61,25849380
1721136600,2024-07-16 09:30,54.04,56.12,53.84,56.06,27215871
1721223000,2024-07-17 09:30,55.14,57.1001,55.12,56.74,24801116
1721309400,2024-07-18 09:30,56.24,57.64,55.38,55.71,30856979
1721395800,2024-07-19 09:30,55.7,56.77,55.38,55.99,16186170
1721655000,2024-07-22 09:30,55.79,57.14,55.1,56.93,21052225
1721741400,2024-07-23 09:30,56.43,58.26,56.33,57.82,20458835
1721827800,2024-07-24 09:30,57.53,58.32,56.7575,56.76,19829198
1721914200,2024-07-25 09:30,56.73,58.905,56.53,58.22,21972984
1722000600,2024-07-26 09:30,58.6,59.41,58.5,59.23,19226955
1722259800,2024-07-29 09:30,59.34,59.51,57.935,57.97,17794118
1722346200,2024-07-30 09:30,58.28,58.68,57.97,58.52,12956247
1722432600,2024-07-31 09:30,58.35,59.59,57.86,58.28,18118192
1722519000,2024-08-01 09:30,58.15,58.33,55.285,55.67,33929153
1722605400,2024-08-02 09:30,53.85,54.04,52.655,53.83,34176191
1722864600,2024-08-05 09:30,51.6,53.08,50.53,52.35,27172088
1722951000,2024-08-06 09:30,52.31,53.335,51.73,52.47,16249756
1723037400,2024-08-07 09:30,53.35,53.67,52.065,52.14,12291429
1723123800,2024-08-08 09:30,53,53.15,52.33,53.07,9650182
1723210200,2024-08-09 09:30,53.02,53.06,52.37,52.81,9467939
1723469400,2024-08-12 09:30,53.33,54.12,52.075,52.26,14432687
1723555800,2024-08-13 09:30,52.82,53.09,51.975,52.9,11409208
1723642200,2024-08-14 09:30,53.23,53.26,52.255,52.78,9143674
1723728600,2024-08-15 09:30,53.89,54.73,53.69,53.99,16551216
1723815000,2024-08-16 09:30,53.87,55.2,53.76,54.87,10392164
1724074200,2024-08-19 09:30,54.92,55.5,54.78,55.5,8111444
1724160600,2024-08-20 09:30,55.26,55.28,54.37,54.46,9445996
1724247000,2024-08-21 09:30,54.84,54.9,54.14,54.78,6208598
1724333400,2024-08-22 09:30,54.89,55.46,54.7,54.94,9230424
1724419800,2024-08-23 09:30,55.35,58.43,55.25,57.73,26080658
1724679000,2024-08-26 09:30,58.22,58.43,57.19,57.3,11232066
1724765400,2024-08-27 09:30,56.84,57.07,56.285,56.75,8991725
1724851800,2024-08-28 09:30,56.6,57.61,56.44,57.24,10331514
1724938200,2024-08-29 09:30,57.71,57.925,56.72,57.4,8913067
1725024600,2024-08-30 09:30,57.59,57.99,57.03,57.83,8584403
1725370200,2024-09-03 09:30,57.27,58.07,56.83,57.09,12199786
1725456600,2024-09-04 09:30,56.81,57.42,56.115,56.4,10519049
1725543000,2024-09-05 09:30,56.86,57.02,55.58,55.85,10451341
1725629400,2024-09-06 09:30,56.11,56.47,54.565,54.84,16087146
1725888600,2024-09-09 09:30,55.12,55.645,54.75,55.27,10064939
1725975000,2024-09-10 09:30,55.55,55.55,53.66,54.79,18340758
1726061400,2024-09-11 09:30,54.25,54.36,52.76,54.15,20554602
1726147800,2024-09-12 09:30,54.44,54.73,53.72,54.36,8765574
1726234200,2024-09-13 09:30,54.97,55.85,54.81,55.82,12869141
1726493400,2024-09-16 09:30,55.93,56.835,55.485,56.54,9224825
1726579800,2024-09-17 09:30,57.07,58.14,56.63,57.01,11248988
1726666200,2024-09-18 09:30,57.14,59.06,56.36,57.26,20492243
1726752600,2024-09-19 09:30,58.65,59.14,57.71,58.88,16946413
1726839000,2024-09-20 09:30,58.63,58.69,57.63,57.69,11416769
1727098200,2024-09-23 09:30,57.52,57.72,56.57,56.85,10010582
1727184600,2024-09-24 09:30,56.81,57.24,55.925,56.08,9417362
1727271000,2024-09-25 09:30,56.09,56.18,55.13,55.24,13763049
1727357400,2024-09-26 09:30,55.99,56.145,55.46,55.85,13126941
1727443800,2024-09-27 09:30,56.41,56.59,55.69,55.92,7614189
1727703000,2024-09-30 09:30,55.89,56.99,55.68,56.6,9278962
1727789400,2024-10-01 09:30,56.25,56.25,54.39,54.71,17453663
1727875800,2024-10-02 09:30,54.69,55.41,54.415,54.59,7537006
1727962200,2024-10-03 09:30,54.23,54.865,53.89,54.72,8078960
1728048600,2024-10-04 09:30,55.8,56.26,55.36,55.84,11242427
1728307800,2024-10-07 09:30,55.64,55.9,55.14,55.59,7269260
1728394200,2024-10-08 09:30,55.7,55.95,55.27,55.42,7009691
1728480600,2024-10-09 09:30,55.36,56.5568,55.16,56.14,10638860
1728567000,2024-10-10 09:30,55.85,56.39,55.47,56.09,8150636
1728653400,2024-10-11 09:30,56.46,58.28,56.46,58.03,22096442
1728912600,2024-10-14 09:30,58.07,58.76,57.52,58.49,11166848
1728999000,2024-10-15 09:30,58.85,60.41,58.41,59.13,21830305
1729085400,2024-10-16 09:30,59.66,60.515,59.3214,59.94,17910985
1729171800,2024-10-17 09:30,60.12,60.61,59.65,60.46,14806155
1729258200,2024-10-18 09:30,60.45,60.52,59.525,59.65,12041217
1729517400,2024-10-21 09:30,59.65,59.75,57.77,57.89,19228215
1729603800,2024-10-22 09:30,57.94,58.695,57.76,58.62,11097242
1729690200,2024-10-23 09:30,58.42,59.01,57.96,58.66,10278729
1729776600,2024-10-24 09:30,58.81,59.04,57.985,58.96,11207435
1729863000,2024-10-25 09:30,59.29,59.56,57.69,57.9,14982852
1730122200,2024-10-28 09:30,58.52,59.83,58.27,59.56,15722267
1730208600,2024-10-29 09:30,59.38,59.67,58.975,59.21,8539518
1730295000,2024-10-30 09:30,59.16,60.82,58.99,59.81,17946278
1730381400,2024-10-31 09:30,59.8,60.15,58.92,58.95,14257043
1730467800,2024-11-01 09:30,59.3,59.76,58.495,58.64,11511997
1730730600,2024-11-04 09:30,58.38,58.5,57.39,58.13,19173979
1730817000,2024-11-05 09:30,58.32,59.22,58.06,59.13,16097503
1730903400,2024-11-06 09:30,63.6,67.12,63.49,67.06,64388251
1730989800,2024-11-07 09:30,66.28,66.35,64.31,64.63,25755087
1731076200,2024-11-08 09:30,64.9,65.46,64.269,64.98,18268752
1731335400,2024-11-11 09:30,66.19,67.79,65.82,66.99,20318629
1731421800,2024-11-12 09:30,66.64,67.51,66.3,66.6,16415226
1731508200,2024-11-13 09:30,66.93,67.96,66.12,66.19,14123687
1731594600,2024-11-14 09:30,66.36,66.6451,65.47,65.83,9979938
1731681000,2024-11-15 09:30,65.8,66.49,65.03,65.84,13443744
1731940200,2024-11-18 09:30,65.86,66.24,65.63,65.72,7437921
1732026600,2024-11-19 09:30,64.64,65.74,64.575,65.34,8318943
1732113000,2024-11-20 09:30,65.34,65.6,64.43,65.16,9427741
1732199400,2024-11-21 09:30,65.45,66.93,65.39,66.13,15814021
1732285800,2024-11-22 09:30,66.34,67.86,66.2,67.79,16224891
1732545000,2024-11-25 09:30,68.56,70.25,68.56,68.9,22010627
1732631400,2024-11-26 09:30,68.48,68.75,68.03,68.16,10961230
1732717800,2024-11-27 09:30,68.69,69.14,67.91,67.94,8516714
1732890600,2024-11-29 09:30,68.2,68.545,67.24,67.73,5060701
1733149800,2024-12-02 09:30,67.83,67.97,66.64,67.09,12988828
1733236200,2024-12-03 09:30,66.94,67.39,66.21,66.5,12429247
1733322600,2024-12-04 09:30,66.46,66.84,65.88,66.71,11747008
1733409000,2024-12-05 09:30,67.09,67.58,66.29,66.37,8069493
1733495400,2024-12-06 09:30,66.8,67.04,65.8,66.56,7413951
1733754600,2024-12-09 09:30,66.61,66.845,65.43,65.48,9580174
1733841000,2024-12-10 09:30,65.79,66.56,64.97,65.47,10739840
1733927400,2024-12-11 09:30,66.1,66.51,65.73,65.81,12435779
1734013800,2024-12-12 09:30,65.66,66.025,64.95,65.01,10548765
1734100200,2024-12-13 09:30,65.26,65.26,64.225,64.77,10990926
1734359400,2024-12-16 09:30,64.88,65.11,64.25,65.09,10993452
1734445800,2024-12-17 09:30,64.6,64.98,63.29,63.56,16791233
1734532200,2024-12-18 09:30,64.08,64.25,59.97,60.26,25891291
1734618600,2024-12-19 09:30,61.48,61.92,59.62,59.73,27602721
1734705000,2024-12-20 09:30,59.4,61.46,59.28,60.81,20130486
1734964200,2024-12-23 09:30,60.03,60.74,59.855,60.6,10452938
1735050600,2024-12-24 09:30,60.6,61.11,60.31,61.04,5302789
1735223400,2024-12-26 09:30,60.58,61.39,60.28,61.33,7394706
1735309800,2024-12-27 09:30,60.96,61.46,60.02,60.57,8144140
1735569000,2024-12-30 09:30,60.17,60.76,59.595,60.42,6190404
1735655400,2024-12-31 09:30,60.62,61.015,60.14,60.35,6166157
1735828200,2025-01-02 09:30,60.72,61.19,59.49,59.68,8482565
1735914600,2025-01-03 09:30,59.88,60.605,58.8,60.55,11737236
1736173800,2025-01-06 09:30,60.87,61.985,60.48,60.68,13557295
1736260200,2025-01-07 09:30,61.02,61.31,59.575,60.11,9219648
1736346600,2025-01-08 09:30,60.02,60.48,59.31,60.09,10845236
1736519400,2025-01-10 09:30,59.09,59.17,57.67,58.31,18474921
1736778600,2025-01-13 09:30,58.08,59.26,57.73,59.18,12518340
1736865000,2025-01-14 09:30,59.96,61.22,59.67,61.19,15167689
1736951400,2025-01-15 09:30,63.47,63.56,62.03,62.73,19826861
1737037800,2025-01-16 09:30,62.16,62.53,61.595,62.14,16387654
1737124200,2025-01-17 09:30,62.56,63.24,62.305,63.07,12008025
1737469800,2025-01-21 09:30,63.56,64.245,63.32,63.85,11819091
1737556200,2025-01-22 09:30,63.42,63.71,62.73,63.09,12433283
1737642600,2025-01-23 09:30,63.16,63.54,62.585,62.86,8214299
1737729000,2025-01-24 09:30,62.71,63.76,62.37,63.33,10066789
1737988200,2025-01-27 09:30,63.53,64.49,63.27,64,11852438
1738074600,2025-01-28 09:30,63.75,64.31,63.06,63.68,7274537
1738161000,2025-01-29 09:30,63.5,64.665,63.1,63.61,8161821
1738247400,2025-01-30 09:30,64.22,65.01,63.67,64.32,10865899
1738333800,2025-01-31 09:30,64.44,64.88,63.78,64.16,13443410
1738593000,2025-02-03 09:30,62.3,63.54,61.8,62.83,13678454
1738679400,2025-02-04 09:30,62.76,64.29,62.7,64.05,10220843
1738765800,2025-02-05 09:30,64.45,64.75,63.7,64.75,6928690
1738852200,2025-02-06 09:30,65.01,65.565,64.57,65.5,7723781
1738938600,2025-02-07 09:30,65.45,65.5,63.965,64.63,11858730
1739197800,2025-02-10 09:30,64.67,64.76,63.82,63.88,9476911
1739284200,2025-02-11 09:30,63.5,64.97,63.32,64.93,9398347
1739370600,2025-02-12 09:30,63.8,64.17,63.375,63.41,12050619
1739457000,2025-02-13 09:30,63.54,63.73,63.015,63.69,8818752
1739543400,2025-02-14 09:30,63.77,64.68,63.68,63.89,7019542
1739889000,2025-02-18 09:30,63.87,64.63,63.65,64.46,9812404
1739975400,2025-02-19 09:30,63.85,64.53,63.68,64.22,6812041
1740061800,2025-02-20 09:30,63.97,64.27,62.425,63.06,12905204
1740148200,2025-02-21 09:30,63.51,63.66,61.3,61.42,20368421
1740407400,2025-02-24 09:30,61.95,61.95,60.74,60.97,12768068
1740493800,2025-02-25 09:30,61.38,61.87,60.605,61.01,13702573
1740580200,2025-02-26 09:30,61.27,61.82,60.67,61.17,9548131
1740666600,2025-02-27 09:30,61.36,62.07,60.98,61.26,10620066
1740753000,2025-02-28 09:30,61.545,62.245,61.15,62.07,10113796
1741012200,2025-03-03 09:30,62.26,62.75,60.64,61.18,13098756
1741098600,2025-03-04 09:30,60.5,60.5,58.06,59.04,27735803
1741185000,2025-03-05 09:30,59,59.49,57.7899,58.71,20097592
1741271400,2025-03-06 09:30,58.1,58.26,57.24,57.76,17350612
1741357800,2025-03-07 09:30,57.6,58.03,56.375,57.69,18411905
1741613400,2025-03-10 09:30,56.76,57.02,54.98,55.41,22840909
1741699800,2025-03-11 09:30,55.55,56.09,54.555,55.11,18462785
1741786200,2025-03-12 09:30,55.92,56.26,55.015,55.75,16149571
1741872600,2025-03-13 09:30,55.94,56.39,55.08,55.13,15280702
1741959000,2025-03-14 09:30,55.86,56.8,55.56,56.76,13613378
1742218200,2025-03-17 09:30,56.77,57.385,56.495,57.13,12034469
1742304600,2025-03-18 09:30,57.06,57.3,56.45,56.97,9441090
1742391000,2025-03-19 09:30,57.11,58.235,56.92,57.68,10580194
1742477400,2025-03-20 09:30,57.1,58.26,57.03,57.29,10861540
1742563800,2025-03-21 09:30,56.83,57.575,56.38,57.26,16073351
1742823000,2025-03-24 09:30,57.95,58.665,57.71,58.43,10312256
1742909400,2025-03-25 09:30,58.51,58.83,58.21,58.25,8875066
1742995800,2025-03-26 09:30,58.55,59.16,57.78,58.01,10036207
1743082200,2025-03-27 09:30,57.98,58.245,57.33,57.55,8728219
1743168600,2025-03-28 09:30,57.32,57.86,55.96,56.41,10703744
1743427800,2025-03-31 09:30,55.74,57.09,55.51,56.85,9410494
1743514200,2025-04-01 09:30,56.72,56.76,55.6,56.42,10657184
1743600600,2025-04-02 09:30,55.65,57.285,55.56,57.22,12999797
1743687000,2025-04-03 09:30,54.305,54.6,51.23,51.31,37195789
1743773400,2025-04-04 09:30,49.22,49.66,47.135,49.26,39448958
1744032600,2025-04-07 09:30,47.5,51.89,47.06,49.27,32051540
1744119000,2025-04-08 09:30,50.95,51.73,47.98,48.81,23365606
1744205400,2025-04-09 09:30,48.03,53.37,47.22,52.63,39718841
1744291800,2025-04-10 09:30,51.11,51.34,47.95,49.4,31201070
1744378200,2025-04-11 09:30,48.72,49.76,47.825,49.26,25140591
1744637400,2025-04-14 09:30,50.01,50.325,48.83,50.12,15330984
1744723800,2025-04-15 09:30,50.28,51.645,50.22,50.97,14787708
1744810200,2025-04-16 09:30,50.71,51.44,50.29,50.96,18774557
1744896600,2025-04-17 09:30,51.14,51.785,51.05,51.42,25653496
1745242200,2025-04-21 09:30,51.01,51.16,50.21,50.74,12011591
1745328600,2025-04-22 09:30,51.09,52.57,51.03,52.37,12706152
1745415000,2025-04-23 09:30,54.1,55.44,53.19,53.55,28543700
1745501400,2025-04-24 09:30,53.41,54.485,53.01,54.45,13620439
1745587800,2025-04-25 09:30,53.92,54.32,53.53,53.95,10941306
1745847000,2025-04-28 09:30,54.1,54.4999,53.59,54.27,7236800
1745933400,2025-04-29 09:30,54.25,54.935,53.54,54.76,8643747
1746019800,2025-04-30 09:30,53.6,54.38,53.05,54.13,10159062
1746106200,2025-05-01 09:30,54.34,55.235,53.71,54.73,10549380
1746192600,2025-05-02 09:30,55.75,56.4,55.245,56.24,11937903
1746451800,2025-05-05 09:30,55.59,56.82,55.53,56.04,10386687
1746538200,2025-05-06 09:30,55.35,56.03,55.05,55.46,7829713
1746624600,2025-05-07 09:30,55.93,56.225,55.3,55.51,10934639
1746711000,2025-05-08 09:30,56.05,57.25,56,56.85,11470313
1746797400,2025-05-09 09:30,56.84,57.1,56.375,56.58,6763005
1747056600,2025-05-12 09:30,59.225,59.945,58.93,59.18,16337826
1747143000,2025-05-13 09:30,59.4,59.74,59.035,59.46,10082814
1747229400,2025-05-14 09:30,59.16,59.57,58.98,59.19,11334308
1747315800,2025-05-15 09:30,59.18,59.47,58.765,59.25,7010743
1747402200,2025-05-16 09:30,59.1,59.405,58.72,59.24,7961466
1747661400,2025-05-19 09:30,58.49,59.055,58.295,59,6665336
1747747800,2025-05-20 09:30,58.925,58.97,58.54,58.73,6114430
1747834200,2025-05-21 09:30,58.15,58.295,56.605,56.65,14385403
1747920600,2025-05-22 09:30,56.44,57.17,56.265,56.65,11582424
1748007000,2025-05-23 09:30,55.39,56.675,55.37,56.4,12386027
1748352600,2025-05-27 09:30,57.11,57.78,56.47,57.74,10649397
1748439000,2025-05-28 09:30,57.57,57.9,56.76,56.8,9277215
1748525400,2025-05-29 09:30,57.02,57.29,56.6,57.29,11238990
1748611800,2025-05-30 09:30,57.02,57.18,56.515,56.88,7450686
1748871000,2025-06-02 09:30,56.65,56.75,55.61,56.46,9411960
1748957400,2025-06-03 09:30,56.25,57.5199,56.13,57.35,9811667
1749043800,2025-06-04 09:30,57.3,57.59,56.63,56.64,9937265
1749130200,2025-06-05 09:30,56.67,56.955,56.11,56.6,9113533
1749216600,2025-06-06 09:30,57.53,58.06,57.29,58.02,10195261
1749475800,2025-06-09 09:30,58.35,58.85,58.08,58.31,10122012
1749562200,2025-06-10 09:30,58.43,59.255,58.21,58.93,10920450
1749648600,2025-06-11 09:30,59.13,59.35,57.9519,58.13,15108465
1749735000,2025-06-12 09:30,57.69,57.81,57.105,57.78,11134857
1749821400,2025-06-13 09:30,56.98,57.08,56.115,56.23,16697810
1750080600,2025-06-16 09:30,56.99,57.2,56.345,56.49,11170620
1750167000,2025-06-17 09:30,55.98,56.52,55.64,55.79,10201845
1750253400,2025-06-18 09:30,55.67,56.94,55.55,56.53,10753717
1750426200,2025-06-20 09:30,56.82,57.17,56.59,56.96,8055525
1750685400,2025-06-23 09:30,56.32,57.9,56.19,57.87,13769711
1750771800,2025-06-24 09:30,58.385,59.265,58.34,58.42,22359546
1750858200,2025-06-25 09:30,58.32,58.47,57.87,58.14,13312906
1750944600,2025-06-26 09:30,58.35,59.6,58.285,59.48,13597129
1751031000,2025-06-27 09:30,59.72,59.975,59.115,59.45,13709596
1751290200,2025-06-30 09:30,59.75,60.02,59.39,59.39,15870683
1751376600,2025-07-01 09:30,59.25,61.98,59.04,61.42,27903844
1751463000,2025-07-02 09:30,61.66,62.555,61.26,62.51,24510980
1751549400,2025-07-03 09:30,62.88,63.75,62.82,63.23,13924838
1751895000,2025-07-07 09:30,62.81,63.685,62.15,62.58,14947146
1751981400,2025-07-08 09:30,62.64,63.655,62.59,63.15,15782875
1752067800,2025-07-09 09:30,63.645,63.715,62.77,63.12,11978741
1752154200,2025-07-10 09:30,63.09,64.02,62.92,63.57,13973574
1752240600,2025-07-11 09:30,63.13,63.36,62.74,62.89,13972800
1752499800,2025-07-14 09:30,62.85,63.64,62.75,63.6,13429992
1752586200,2025-07-15 09:30,63.36,63.64,61.32,61.37,25955365
1752672600,2025-07-16 09:30,61.89,62.135,60.675,61.91,17127297
1752759000,2025-07-17 09:30,61.85,63.25,61.84,63.17,12283148
1752845400,2025-07-18 09:30,63.64,63.7,62.77,63.27,15607519
1753104600,2025-07-21 09:30,63.57,64.145,63.02,63.07,10888244
1753191000,2025-07-22 09:30,63.2,63.91,62.75,63.36,13751307
1753277400,2025-07-23 09:30,63.82,63.82,62.77,63.36,13203263
1753363800,2025-07-24 09:30,63.13,63.17,62.065,62.18,15251001
1753450200,2025-07-25 09:30,61.75,62.035,60.835,61.93,19311428
1753709400,2025-07-28 09:30,62.23,62.27,61.49,61.88,9190909
1753795800,2025-07-29 09:30,62.21,62.38,61.425,61.58,10510521
1753882200,2025-07-30 09:30,61.85,62.04,60.47,60.79,15835522
1753968600,2025-07-31 09:30,60.4,60.71,59.925,60.06,18328562
1754055000,2025-08-01 09:30,59.2,59.25,57.785,58.82,28311671
1754314200,2025-08-04 09:30,59.08,59.6872,58.775,59.65,17346782
1754400600,2025-08-05 09:30,59.8,59.89,58.545,59.85,18276189
1754487000,2025-08-06 09:30,59.94,59.96,59.295,59.37,12789045
1754573400,2025-08-07 09:30,60.07,60.09,58.645,58.85,17444755
1754659800,2025-08-08 09:30,59.53,59.745,58.9,59.56,13067196
1754919000,2025-08-11 09:30,59.65,59.9863,59.155,59.4,13725765
1755005400,2025-08-12 09:30,60,61.61,59.88,61.54,23414808
1755091800,2025-08-13 09:30,61.98,62.68,61.58,62.64,24069112
1755178200,2025-08-14 09:30,61.8,62.665,61.645,62.6,14380148
1755264600,2025-08-15 09:30,62.8,62.8,61.57,61.59,17624353
1755523800,2025-08-18 09:30,61.43,61.94,61.19,61.93,9035395
1755610200,2025-08-19 09:30,61.74,62.555,61.645,61.82,13775874
1755696600,2025-08-20 09:30,62.01,62.205,61.585,62.04,12301962
1755783000,2025-08-21 09:30,61.57,62.07,61.47,61.79,10955600
1755869400,2025-08-22 09:30,62.01,64.955,62.01,64.84,29433288
1756128600,2025-08-25 09:30,64.56,64.835,64.4,64.49,11781137
1756215000,2025-08-26 09:30,64.44,65.53,64.3,65.23,15829223
1756301400,2025-08-27 09:30,65.11,66.06,64.85,65.75,15663743
1756387800,2025-08-28 09:30,66,66.02,65.215,65.52,15051673
1756474200,2025-08-29 09:30,65.59,66.02,65.35,65.51,11259059
1756819800,2025-09-02 09:30,64.71,65.17,64.19,65.08,13317909
1756906200,2025-09-03 09:30,65.02,65.765,64.485,65.17,7402156
1756992600,2025-09-04 09:30,65.46,66.13,65.11,66.13,10097627
1757079000,2025-09-05 09:30,66.35,66.965,65.025,65.45,18913293
1757338200,2025-09-08 09:30,65.55,65.63,64.57,65.52,14154722
1757424600,2025-09-09 09:30,65.47,65.73,64.67,64.85,15865118
1757511000,2025-09-10 09:30,64.95,65.385,64.65,64.92,12929189
1757597400,2025-09-11 09:30,64.95,65.3586,64.485,65.21,14249722
1757683800,2025-09-12 09:30,65.06,65.395,64.69,64.99,11718051
1757943000,2025-09-15 09:30,65.14,65.34,64.2,64.36,18495041
1758029400,2025-09-16 09:30,64.28,64.35,62.98,63.69,16880874
1758115800,2025-09-17 09:30,64.05,65.92,63.795,64.45,32906309
1758202200,2025-09-18 09:30,64.81,66.185,64.5,66.17,20046413
1758288600,2025-09-19 09:30,66.05,66.2,65.095,65.34,19019166
1758547800,2025-09-22 09:30,64.65,64.955,63.75,64.14,16841550
1758634200,2025-09-23 09:30,64.33,65.3,63.93,64.06,17723823
1758720600,2025-09-24 09:30,64.28,64.54,63.59,63.93,9909875
1758807000,2025-09-25 09:30,63.71,64.1,63.195,63.89,12340981
1758893400,2025-09-26 09:30,64.14,64.66,63.675,64.19,11258660
1759152600,2025-09-29 09:30,64.47,64.53,63.125,63.57,11305270
1759239000,2025-09-30 09:30,63.63,63.89,62.445,63.3,15262905
1759325400,2025-10-01 09:30,63.07,63.26,62.35,62.97,9570256
1759411800,2025-10-02 09:30,62.92,63.205,62.305,62.82,13570830
1759498200,2025-10-03 09:30,62.97,63.91,62.97,63.45,15656342
1759757400,2025-10-06 09:30,64.25,65.02,63.4,64.09,27399955
1759843800,2025-10-07 09:30,64.24,64.62,63.5,63.63,11795836
1759930200,2025-10-08 09:30,63.89,63.95,63.155,63.24,16138096
1760016600,2025-10-09 09:30,63.34,63.45,62.565,62.95,16841817
1760103000,2025-10-10 09:30,63.2,63.6,60.16,60.19,26286251
1760362200,2025-10-13 09:30,61.22,61.585,60.595,61.51,15050804
1760448600,2025-10-14 09:30,61.05,63.84,60.98,63.41,22970894
1760535000,2025-10-15 09:30,63.76,63.805,61.65,61.98,27305884
1760621400,2025-10-16 09:30,61.4,61.44,57.5517,58.14,70671409
1760707800,2025-10-17 09:30,58.87,59.255,58.05,59.07,44523755
1760967000,2025-10-20 09:30,59.68,60.69,59.28,60.54,27836190
1761053400,2025-10-21 09:30,60.29,60.86,60.09,60.63,15486787
1761139800,2025-10-22 09:30,60.79,61.195,60.115,60.44,20878533
1761226200,2025-10-23 09:30,60.43,60.71,59.745,60.18,18256026
1761312600,2025-10-24 09:30,60.875,61.625,60.79,61.22,17352946
1761571800,2025-10-27 09:30,61.685,61.95,60.985,61.17,14032896
1761658200,2025-10-28 09:30,61.15,61.33,60.51,60.92,12148630
1761744600,2025-10-29 09:30,60.57,61.35,59.44,59.81,24234138
1761831000,2025-10-30 09:30,59.68,60.75,59.6,59.86,18999127
1761917400,2025-10-31 09:30,59.5,60.075,58.93,60,16574730
1762180200,2025-11-03 09:30,59.77,60.14,58.97,60.14,12230084
1762266600,2025-11-04 09:30,59.66,60.05,59.115,59.82,13954910
1762353000,2025-11-05 09:30,59.91,61.07,59.66,60.56,18168994
1762439400,2025-11-06 09:30,60.37,60.8,59.815,60.16,15677858
1762525800,2025-11-07 09:30,59.96,61.04,59.7,61.01,17479772
1762785000,2025-11-10 09:30,61.29,61.705,60.775,61.33,12277443
1762871400,2025-11-11 09:30,61.39,61.84,60.945,61.45,9358208
1762957800,2025-11-12 09:30,61.54,62.445,61.495,61.53,10978428
1763044200,2025-11-13 09:30,61.28,61.835,60.555,60.79,14220336
1763130600,2025-11-14 09:30,60.38,61.03,60,60.92,13284794
1763389800,2025-11-17 09:30,60.77,60.88,58.44,58.63,17610152
1763476200,2025-11-18 09:30,58.38,59.615,58.2,59.16,18214350
1763562600,2025-11-19 09:30,59.3,59.905,59.14,59.79,11139439
1763649000,2025-11-20 09:30,60.39,61.17,59.42,59.59,20521262
1763735400,2025-11-21 09:30,59.83,62.175,59.79,61.61,28254747
1763994600,2025-11-24 09:30,61.52,61.945,61.085,61.66,14719654
1764081000,2025-11-25 09:30,61.99,63.7983,61.96,63.41,20302995
1764167400,2025-11-26 09:30,63.23,63.705,63.08,63.17,12113915
1764340200,2025-11-28 09:30,63.2,63.38,62.875,62.99,6876121
1764599400,2025-12-01 09:30,62.63,63.99,62.54,63.68,12220798
1764685800,2025-12-02 09:30,63.93,64.11,63.28,63.33,10015473
1764772200,2025-12-03 09:30,63.42,64.76,63.39,64.65,13960829
1764858600,2025-12-04 09:30,64.41,65.17,64.4,64.87,12334193
1764945000,2025-12-05 09:30,64.65,65.005,64.495,64.72,11027026
1765204200,2025-12-08 09:30,64.905,65.4,64.59,64.94,11987894
1765290600,2025-12-09 09:30,64.75,65.7551,64.75,64.81,10743267
1765377000,2025-12-10 09:30,64.78,67.415,64.77,67.05,25015159
1765463400,2025-12-11 09:30,66.73,67.975,66.73,67.4,18679286
1765549800,2025-12-12 09:30,67.61,67.68,66.67,67.08,16895114
1765809000,2025-12-15 09:30,67.58,67.88,66.955,67.26,10912121
1765895400,2025-12-16 09:30,67.315,67.5,66.69,67,11295781
1765981800,2025-12-17 09:30,66.99,67.9999,66.99,67.29,12835311
1766068200,2025-12-18 09:30,67.79,68.085,67.18,67.48,12901186
1766154600,2025-12-19 09:30,67.31,67.86,66.895,67.24,16430059
1766413800,2025-12-22 09:30,66.99,67.5698,66.85,67.15,9710221
1766500200,2025-12-23 09:30,67.01,67.35,66.64,66.67,8856087
1766586600,2025-12-24 09:30,66.69,66.91,66.37,66.73,3480569
1766759400,2025-12-26 09:30,66.71,66.89,66.23,66.52,5779749
1767018600,2025-12-29 09:30,66.52,66.83,65.82,65.94,8210443
1767105000,2025-12-30 09:30,66.03,66.03,65.385,65.44,9126078
1767191400,2025-12-31 09:30,65.56,65.71,64.79,64.81,9961192
1767364200,2026-01-02 09:30,64.91,65.585,64.055,65.24,14549339
1767623400,2026-01-05 09:30,65.24,67.225,65.02,66.56,20130882
1767709800,2026-01-06 09:30,66.34,67.36,66.04,67.23,11816357
1767796200,2026-01-07 09:30,67.14,67.49,66.21,66.75,12751719
1767882600,2026-01-08 09:30,66.5,68.63,66.4,68.08,23176755
1767969000,2026-01-09 09:30,68.27,68.67,67.4,67.48,14238231
1768228200,2026-01-12 09:30,66.885,67.215,66.33,66.68,16710957
1768314600,2026-01-13 09:30,66.865,67.185,66.14,66.24,13611774
1768401000,2026-01-14 09:30,66.19,67.2093,65.84,66.98,13337431
1768487400,2026-01-15 09:30,67.15,68.655,67.075,68.24,15840742
1768573800,2026-01-16 09:30,68.11,68.465,67.76,67.85,14681512
1768919400,2026-01-20 09:30,66.9,67.81,66.735,66.96,18387526
1769005800,2026-01-21 09:30,67.62,70.365,67.52,70.08,29438383
1769092200,2026-01-22 09:30,70.17,71.265,69.805,69.93,19220819
1769178600,2026-01-23 09:30,69.64,69.75,67.452,67.61,27783974
1769437800,2026-01-26 09:30,67.66,68.27,67.185,67.93,16350317
1769524200,2026-01-27 09:30,68.12,68.518,67.72,68.26,11458299
1769610600,2026-01-28 09:30,68.21,68.66,67.645,67.78,14059463
1769697000,2026-01-29 09:30,68.18,69.05,67.815,69.03,15623617
1769783400,2026-01-30 09:30,68.75,69.29,68.15,68.81,14836116
1770042600,2026-02-02 09:30,68.82,70.445,68.6,70.04,18364656
1770129000,2026-02-03 09:30,70.03,71.61,69.88,71.24,33101558
1770215400,2026-02-04 09:30,71.72,73.24,71.71,72.35,29006127
1770301800,2026-02-05 09:30,72,72.97,71.555,72.3,31300046
1770388200,2026-02-06 09:30,72.94,74,72.79,73.63,17275900
1770647400,2026-02-09 09:30,73.27,74.08,73.13,73.42,16732152
1770733800,2026-02-10 09:30,73.25,73.7,71.965,72.64,21532419
1770820200,2026-02-11 09:30,73.18,73.88,71.375,71.81,20794860
1770906600,2026-02-12 09:30,72.31,72.78,69.675,70.7,29964623
1770993000,2026-02-13 09:30,70.65,71.59,69.79,71.28,18907529
1771338600,2026-02-17 09:30,71.37,72.35,71.005,71.53,12938113
1771425000,2026-02-18 09:30,71.48,72.72,71.115,71.38,16352069
1771511400,2026-02-19 09:30,70.995,71.2,70.33,70.99,11901910
1771597800,2026-02-20 09:30,70.73,71.925,70.22,71.9,19218744
1771857000,2026-02-23 09:30,71.72,72.12,68.21,68.74,37199359
1771943400,2026-02-24 09:30,68.66,69.065,68.02,68.67,25074291
1772029800,2026-02-25 09:30,69.365,70.0474,68.835,69.87,17003517
1772116200,2026-02-26 09:30,69.99,71.19,69.42,70.39,17720781
1772202600,2026-02-27 09:30,68.9,69.28,66.16,66.77,44564792
1772461800,2026-03-02 09:30,65.7,68.19,65.12,67.76,27422031
1772548200,2026-03-03 09:30,66.08,67.78,65.47,67.3,29243326
1772634600,2026-03-04 09:30,67.65,67.9,67.092,67.5,16123931
1772721000,2026-03-05 09:30,66.74,67.22,65.865,66.6,16386512
1772807400,2026-03-06 09:30,64.61,65.105,63.48,64.91,28394359
1773063000,2026-03-09 09:30,64.12,65.225,62.435,64.75,30237151
1773149400,2026-03-10 09:30,64.77,66.16,63.93,64.72,28615575
1773235800,2026-03-11 09:30,64.24,64.62,63.365,63.98,27142983
1773322200,2026-03-12 09:30,62.69,63.875,62.39,63.46,23233671
1773408600,2026-03-13 09:30,63.92,64.24,62.96,63.11,20830983
1773667800,2026-03-16 09:30,63.81,64.3,63.46,63.46,14125697
1773754200,2026-03-17 09:30,64.05,64.44,63.14,63.45,16119344
1773840600,2026-03-18 09:30,63.2,63.48,62.46,62.62,19568218
1773927000,2026-03-19 09:30,62.26,63.625,61.8,63.19,25860108
1774013400,2026-03-20 09:30,63.11,63.41,62.475,63.04,22342812
1774272600,2026-03-23 09:30,64.09,65.225,63.76,63.81,28541284
1774359000,2026-03-24 09:30,63.18,64.96,63.05,64.34,16607606
1774445400,2026-03-25 09:30,65,65.265,63.98,64.57,12708071
1774531800,2026-03-26 09:30,63.98,64.695,63.91,64.47,14882487
1774618200,2026-03-27 09:30,64.04,64.24,63.21,63.37,16353768
1774877400,2026-03-30 09:30,63.995,64.155,63.375,63.61,15385002
1774963800,2026-03-31 09:30,64.56,65.54,64.1,65.15,27206146
1775050200,2026-04-01 09:30,65.33,66.48,65.33,65.85,17438580
1775136600,2026-04-02 09:30,64.75,66.01,64.465,66,12662840
1775482200,2026-04-06 09:30,65.83,66.765,65.635,66.64,7632708
1775568600,2026-04-07 09:30,66.44,66.96,66.195,66.75,12438598
1775655000,2026-04-08 09:30,68.66,69.435,68.38,68.69,15657817
1775741400,2026-04-09 09:30,68.28,70.065,68.15,69.85,10829844
1775827800,2026-04-10 09:30,69.71,69.8,68.79,68.94,12269715
1776087000,2026-04-13 09:30,68.6,69.465,68.225,69.39,11394243
1776173400,2026-04-14 09:30,69.25,69.59,68.585,69.29,12630024
1776259800,2026-04-15 09:30,69.34,69.5,68.515,69.17,11766839
1776346200,2026-04-16 09:30,69.04,69.33,68.66,68.83,10604771
1776432600,2026-04-17 09:30,69.65,71.44,69.545,70.37,21787999
1776691800,2026-04-20 09:30,70.04,71.04,69.98,70.64,8383589
1776778200,2026-04-21 09:30,70.46,70.91,69.415,69.63,15685435
1776864600,2026-04-22 09:30,69.86,70.05,69.02,69.25,11959257
1776951000,2026-04-23 09:30,69.44,70.11,69.045,70,17327385
1777037400,2026-04-24 09:30,69.84,70.04,68.76,68.89,15231376
1777296600,2026-04-27 09:30,69.1,70.29,68.88,70.07,11117986
1777383000,2026-04-28 09:30,70.54,71.03,70.16,70.37,12324460
1777469400,2026-04-29 09:30,70.17,70.43,68.8403,69.03,10918520
1777555800,2026-04-30 09:30,68.63,70.27,68.36,69.85,12434677
1777642200,2026-05-01 09:30,69.85,70.405,69.18,69.82,8935804
1777901400,2026-05-04 09:30,69.42,69.925,68.765,68.99,11589434
1777987800,2026-05-05 09:30,69.12,70.185,69.03,69.92,10864853
1778074200,2026-05-06 09:30,70.34,71.24,70.34,70.71,13686255
1778160600,2026-05-07 09:30,70.8,71.1,69.84,69.95,11503339
1778247000,2026-05-08 09:30,70.13,70.31,69.635,69.85,10184302
1778506200,2026-05-11 09:30,70.06,70.28,68.365,68.55,20653737
1778592600,2026-05-12 09:30,68.64,68.74,67.13,68.23,17791795
1778679000,2026-05-13 09:30,68.01,68.105,67.08,67.14,18412608
1778765400,2026-05-14 09:30,67.7,68.28,67.65,67.74,16611286
1778851800,2026-05-15 09:30,67.655,67.9,66.42,66.97,18064837
1779111000,2026-05-18 09:30,67.245,68.175,67.13,67.92,15231354
1779197400,2026-05-19 09:30,67.72,67.955,67.08,67.56,12121186
1779283800,2026-05-20 09:30,67.74,69.46,67.41,69.17,18748474
1779370200,2026-05-21 09:30,68.67,69.39,68.28,69.21,13569961
1779456600,2026-05-22 09:30,69.25,69.61,69.07,69.37,8450765
1779802200,2026-05-26 09:30,69.7,70.55,69.57,70.3,15024742
1779888600,2026-05-27 09:30,70.25,70.64,69.36,69.58,11954335
1779975000,2026-05-28 09:30,69.44,69.565,68.705,69.55,14168906
1780061400,2026-05-29 09:30,69.37,69.925,69.21,69.61,10813412
1780320600,2026-06-01 09:30,68.95,69.15,67.985,68.31,15988428
1780407000,2026-06-02 09:30,68.01,69.68,68.01,69.54,19351021
1780493400,2026-06-03 09:30,69.08,69.13,67.81,67.88,14963394
1780579800,2026-06-04 09:30,68.99,70.14,68.69,69.98,16495318
1780666200,2026-06-05 09:30,69.85,70.7,69.64,70.17,15947797
1780925400,2026-06-08 09:30,70.4,70.99,70.165,70.36,9447849
1781011800,2026-06-09 09:30,70.78,72.43,70.725,71.24,23975581
1781098200,2026-06-10 09:30,71.5,72.36,71.25,71.64,14728786
1781184600,2026-06-11 09:30,72.03,72.55,71.21,72.35,15738345
1781271000,2026-06-12 09:30,72.71,73.59,72.64,73.41,16231791
1781530200,2026-06-15 09:30,73.79,74.27,72.065,72.23,21444073
1781616600,2026-06-16 09:30,72.78,73.285,72.2,72.49,13946182
1781703000,2026-06-17 09:30,72.29,72.93,70.53,71.15,27532504
1781789400,2026-06-18 09:30,71.76,72.3,71.42,71.72,16522160
1782135000,2026-06-22 09:30,71.33,72.295,71.33,71.99,15770414
1782221400,2026-06-23 09:30,71.95,73.225,71.85,73.12,16890004
1782307800,2026-06-24 09:30,73.125,74.13,73.12,73.97,14241438
1782394200,2026-06-25 09:30,74,75.06,74,74.77,11915107
1782480600,2026-06-26 09:30,74.94,75.31,74.5,75.17,10338799
1782739800,2026-06-29 09:30,74.79,75.16,74.2439,74.75,16934421
1782826200,2026-06-30 09:30,74.65,74.995,74.235,74.85,8859580
1782912600,2026-07-01 09:30,74.84,76.495,74.81,76.18,16565388
1782999000,2026-07-02 09:30,76.55,76.84,74.575,75.02,17880633
1783344600,2026-07-06 09:30,74.8,75.745,74.8,75.56,9474039
1783431000,2026-07-07 09:30,75.69,75.97,75.06,75.07,8637008
1783517400,2026-07-08 09:30,74.68,74.68,72.92,73.34,21209122
1783603800,2026-07-09 09:30,73.68,74.97,73.62,74.65,11975235
1783690200,2026-07-10 09:30,74.74,75.205,74.49,75.02,10374242
1783949400,2026-07-13 09:30,75.06,75.345,74.545,75.12,10095170
1784035800,2026-07-14 09:30,75.06,75.65,74.7101,75,10894490
1784122200,2026-07-15 09:30,75.15,76.265,75.1,75.78,13926307
1784208600,2026-07-16 09:30,75.74,78.095,75.74,77.92,20945687
1784295000,2026-07-17 09:30,77.315,77.58,76.215,76.69,15369273
1784554200,2026-07-20 09:30,76.67,76.96,75.67,75.89,13554415
1784640600,2026-07-21 09:30,75.69,76.02,74.98,75.98,15981546
1784727000,2026-07-22 09:30,75.88,75.88,75.08,75.6,9125433
1784813400,2026-07-23 09:30,74.54,75.21,73.95,75.15,17479314
1784899800,2026-07-24 09:30,75.32,76.195,75.08,75.73,11073692
1785159000,2026-07-27 09:30,76.06,76.62,75.465,75.52,8034650
1785245400,2026-07-28 09:30,75.78,76.895,75.74,76.79,12504344
1785331800,2026-07-29 09:30,76.36,76.935,75.925,76.18,18486390
1785418200,2026-07-30 09:30,76.56,76.72,75.79,75.9,8523203
1785504600,2026-07-31 09:30,76.06,76.455,75.29,76.06,12035543
1785763800,2026-08-03 09:30,76.46,77.275,76.335,77.06,12751958
1785850200,2026-08-04 09:30,77.06,78.35,76.865,77.84,13839669
1785936600,2026-08-05 09:30,78.02,78.21,77.315,77.34,8977786
1786023000,2026-08-06 09:30,77.8,78.01,76.42,76.49,14312078
1786109400,2026-08-07 09:30,76.41,76.555,75.84,76.21,9932795
1786368600,2026-08-10 09:30,75.84,76.33,75.48,76.03,7336794
1786455000,2026-08-11 09:30,76.11,77.02,76.11,76.81,8304898
1786541400,2026-08-12 09:30,76.92,77.545,76.805,77.38,8782487
1786627800,2026-08-13 09:30,77.81,78.16,77.535,77.75,7309110
1786714200,2026-08-14 09:30,77.55,78.23,77.4,77.93,7300641
1786973400,2026-08-17 09:30,77.6,78.235,77.3099,77.39,11420601
1787059800,2026-08-18 09:30,77.525,77.73,76.595,76.85,12307753
1787146200,2026-08-19 09:30,77.02,77.15,74.895,75,23671999
1787232600,2026-08-20 09:30,74.76,75.225,74.475,74.71,15940283
1787319000,2026-08-21 09:30,75.23,75.42,74.245,74.86,14329267
1787578200,2026-08-24 09:30,74.945,75.585,74.635,74.76,7806941
1787664600,2026-08-25 09:30,74.81,75.045,74.17,74.33,10054039
1787751000,2026-08-26 09:30,74.6,74.905,74.1,74.58,5158629
1787837400,2026-08-27 09:30,73.94,74.44,73.455,74.35,10752021
1787923800,2026-08-28 09:30,74.52,74.86,74.095,74.3,13411834
1788183000,2026-08-31 09:30,74.15,74.22,73.45,73.56,13149219
1788269400,2026-09-01 09:30,73.355,73.82,72.42,72.62,14081360
1788355800,2026-09-02 09:30,72.99,74.73,72.94,74.24,14642676
1788442200,2026-09-03 09:30,74.53,75.39,74.5,74.87,10600767
1788528600,2026-09-04 09:30,74.58,75.5,74.46,75.27,12816138
1788874200,2026-09-08 09:30,75,75.25,74.245,74.31,9578577
1788960600,2026-09-09 09:30,73.62,74.165,73.12,73.45,10843330
1789047000,2026-09-10 09:30,73.2,73.84,72.63,73.81,10245508
1789133400,2026-09-11 09:30,74.535,74.85,73.13,73.9,10395031
1789392600,2026-09-14 09:30,73.86,74.685,73.68,74.11,15455157
1789479000,2026-09-15 09:30,74.08,74.725,73.74,74.05,16809491
1789565400,2026-09-16 09:30,73.93,74.17,71.58,72.74,25939818
1789651800,2026-09-17 09:30,73.53,73.79,72.565,72.74,13235269
1789738200,2026-09-18 09:30,72.61,72.905,71.99,72.75,11632724
1789997400,2026-09-21 09:30,72.59,72.87,71.97,71.99,10774131
1790083800,2026-09-22 09:30,72.45,72.68,71.17,71.19,16647331
1790170200,2026-09-23 09:30,71.02,71.38,70.36,70.38,16432914
1790256600,2026-09-24 09:30,70.61,71.1,70.09,70.94,16290090
1790343000,2026-09-25 09:30,71.22,71.93,71.16,71.55,12527531
1790602200,2026-09-28 09:30,71.48,71.56,70.525,70.55,16103043
1790688600,2026-09-29 09:30,70.66,70.98,69.45,69.83,19936832
1790775000,2026-09-30 09:30,69.82,70.26,69.11,69.44,22328628
1790861400,2026-10-01 09:30,69.06,70.01,67.965,69.95,21331239
1790947800,2026-10-02 09:30,70.55,71.36,70.335,70.78,18663897
1791207000,2026-10-05 09:30,70.78,71.05,69.92,70.39,9794003
1791293400,2026-10-06 09:30,70.5,70.995,69.91,70.07,10558152
