t,et,o,h,l,c,v
1701099000,2023-11-27 10:30,454.64,455.07,454.24,454.86,1221636
1701102600,2023-11-27 11:30,454.86,455.39,454.575,454.95,947426
1701106200,2023-11-27 12:30,454.96,455.49,454.9,455.24,827253
1701109800,2023-11-27 13:30,455.24,455.37,454.89,454.98,852284
1701113400,2023-11-27 14:30,455,455.03,454.12,454.96,1064905
1701117000,2023-11-27 15:30,454.97,455.31,454.37,454.5,2027617
1701181800,2023-11-28 09:30,454.08,454.28,453.5,454.05,1451566
1701185400,2023-11-28 10:30,454.05,455.66,453.93,455.575,1648941
1701189000,2023-11-28 11:30,455.57,456.27,455.36,455.4,1252098
1701192600,2023-11-28 12:30,455.41,455.41,453.77,454.55,1686196
1701196200,2023-11-28 13:30,454.54,454.79,454.16,454.24,895298
1701199800,2023-11-28 14:30,454.25,454.94,453.97,454.39,978323
1701203400,2023-11-28 15:30,454.38,455.1,454.24,454.88,2470691
1701268200,2023-11-29 09:30,457.15,458.31,456.12,456.47,2695472
1701271800,2023-11-29 10:30,456.49,456.89,455.11,455.14,1444733
1701275400,2023-11-29 11:30,455.17,456.215,454.95,456.19,1057763
1701279000,2023-11-29 12:30,456.19,456.44,455.82,456.3,867364
1701282600,2023-11-29 13:30,456.31,456.34,455.7,455.89,809568
1701286200,2023-11-29 14:30,455.87,455.88,454.37,454.44,1423930
1701289800,2023-11-29 15:30,454.45,454.67,454.2,454.62,1938066
1701354600,2023-11-30 09:30,455.48,455.7,454.14,454.8,2270325
1701358200,2023-11-30 10:30,454.81,455.34,454.01,454.39,1787516
1701361800,2023-11-30 11:30,454.41,454.51,453.51,453.58,1329140
1701365400,2023-11-30 12:30,453.57,454.31,453.48,453.63,829943
1701369000,2023-11-30 13:30,453.64,454.55,453.34,454.35,971562
1701372600,2023-11-30 14:30,454.36,455.15,453.84,454.11,1403937
1701376200,2023-11-30 15:30,454.12,456.76,454.05,456.31,4068919
1701441000,2023-12-01 09:30,455.75,457.13,455.18,455.69,2176740
1701444600,2023-12-01 10:30,455.67,457.55,455.34,457.45,2320310
1701448200,2023-12-01 11:30,457.46,458.96,456.84,458.91,2442319
1701451800,2023-12-01 12:30,458.91,459.64,458.55,458.55,1850030
1701455400,2023-12-01 13:30,458.55,458.85,458.19,458.73,1297792
1701459000,2023-12-01 14:30,458.73,459.14,458.38,459.05,1546029
1701462600,2023-12-01 15:30,459.05,459.32,458.59,459.04,2134337
1701700200,2023-12-04 09:30,455.6,456.83,454.64,454.81,2723536
1701703800,2023-12-04 10:30,454.815,455.16,454.36,455.07,2159369
1701707400,2023-12-04 11:30,455.07,456.44,454.88,456.26,1458735
1701711000,2023-12-04 12:30,456.25,456.74,455.84,455.86,1233430
1701714600,2023-12-04 13:30,455.87,456.27,455.49,455.83,1046140
1701718200,2023-12-04 14:30,455.835,456.19,455.67,456.03,1146348
1701721800,2023-12-04 15:30,456.03,456.935,455.81,456.66,1907735
1701786600,2023-12-05 09:30,455.26,457,454.87,456.38,2405771
1701790200,2023-12-05 10:30,456.38,457.58,455.59,456.27,1931981
1701793800,2023-12-05 11:30,456.3,456.69,455.365,456.31,1124309
1701797400,2023-12-05 12:30,456.31,456.57,455.23,456.33,1248781
1701801000,2023-12-05 13:30,456.33,456.7,455.9,456.47,1120190
1701804600,2023-12-05 14:30,456.47,456.78,455.99,456.53,1246134
1701808200,2023-12-05 15:30,456.54,456.63,456.09,456.58,2709440
1701873000,2023-12-06 09:30,458.81,458.83,456.76,457.13,2137510
1701876600,2023-12-06 10:30,457.13,457.56,456.61,456.84,1384737
1701880200,2023-12-06 11:30,456.85,456.86,456.01,456.25,1353295
1701883800,2023-12-06 12:30,456.27,456.75,455.6,456.39,1187605
1701887400,2023-12-06 13:30,456.41,456.59,455.875,455.9,953900
1701891000,2023-12-06 14:30,455.91,456.38,454.83,454.99,1463517
1701894600,2023-12-06 15:30,455,455.2,454.31,454.71,2598559
1701959400,2023-12-07 09:30,456.88,458.01,456.295,457.97,2418303
1701963000,2023-12-07 10:30,457.975,458.135,456.52,457.07,1715465
1701966600,2023-12-07 11:30,457.06,458.44,457.02,458.25,1438312
1701970200,2023-12-07 12:30,458.26,458.55,457.95,458.1,1033565
1701973800,2023-12-07 13:30,458.1,458.89,457.97,458.71,924957
1701977400,2023-12-07 14:30,458.74,458.75,457.93,458.31,970781
1701981000,2023-12-07 15:30,458.3,458.47,457.96,458.21,1745575
1702045800,2023-12-08 09:30,457.46,460.41,457.21,459.86,2473447
1702049400,2023-12-08 10:30,459.86,460.11,458.21,458.69,2246678
1702053000,2023-12-08 11:30,458.7,458.93,457.54,458.8,1363026
1702056600,2023-12-08 12:30,458.8,459.59,458.57,459.45,900034
1702060200,2023-12-08 13:30,459.48,459.98,459.06,459.93,1049746
1702063800,2023-12-08 14:30,459.93,460.47,459.8,460.38,1664356
1702067400,2023-12-08 15:30,460.385,460.74,460.05,460.15,2472607
1702305000,2023-12-11 09:30,459.68,460.58,459.47,460.2,2297611
1702308600,2023-12-11 10:30,460.21,461.16,460.04,460.495,1844229
1702312200,2023-12-11 11:30,460.49,460.81,459.91,460.68,1137612
1702315800,2023-12-11 12:30,460.69,461.6,460.59,461.465,1007390
1702319400,2023-12-11 13:30,461.47,461.845,461.42,461.73,866865
1702323000,2023-12-11 14:30,461.75,461.83,461.34,461.48,1345773
1702326600,2023-12-11 15:30,461.47,462.17,461.405,461.96,2070441
1702391400,2023-12-12 09:30,461.63,462.36,460.6,462.03,2037226
1702395000,2023-12-12 10:30,462.04,462.835,461.94,462.5,1242216
1702398600,2023-12-12 11:30,462.51,462.88,462.25,462.83,925578
1702402200,2023-12-12 12:30,462.83,463.12,462.5,462.88,1099070
1702405800,2023-12-12 13:30,462.89,463.28,462.82,463.25,996084
1702409400,2023-12-12 14:30,463.26,464.12,463.26,464.09,1640788
1702413000,2023-12-12 15:30,464.09,464.2,463.65,464.15,2205424
1702477800,2023-12-13 09:30,464.48,464.91,464.24,464.83,1404605
1702481400,2023-12-13 10:30,464.83,465.33,464.74,464.88,1070516
1702485000,2023-12-13 11:30,464.89,465.04,464.44,464.53,591550
1702488600,2023-12-13 12:30,464.52,464.62,464.12,464.18,834417
1702492200,2023-12-13 13:30,464.18,467.84,464.12,467.44,3482636
1702495800,2023-12-13 14:30,467.45,470.75,467.06,468.88,5404288
1702499400,2023-12-13 15:30,468.86,470.54,468.48,470.45,3200915
1702564200,2023-12-14 09:30,472.5,473.73,471.78,472.28,3699562
1702567800,2023-12-14 10:30,472.29,472.8,471.46,471.93,1780008
1702571400,2023-12-14 11:30,471.95,473.275,471.54,473.26,1447214
1702575000,2023-12-14 12:30,473.26,473.36,470.82,470.84,2210933
1702578600,2023-12-14 13:30,470.85,471.25,469.255,471.19,2157076
1702582200,2023-12-14 14:30,471.19,471.73,470.935,471.47,1905605
1702585800,2023-12-14 15:30,471.47,472.06,471.09,472,3166353
1702650600,2023-12-15 09:30,469.47,470.22,468.815,470.06,2997083
1702654200,2023-12-15 10:30,470.07,470.54,469.75,470.33,1447525
1702657800,2023-12-15 11:30,470.35,470.5,469.79,470.3,1097515
1702661400,2023-12-15 12:30,470.32,470.34,469.28,469.79,1621795
1702665000,2023-12-15 13:30,469.79,469.95,468.44,468.48,1978228
1702668600,2023-12-15 14:30,468.49,469.55,468.485,469.41,1489499
1702672200,2023-12-15 15:30,469.41,470.7,468.94,469.4,5105160
1702909800,2023-12-18 09:30,470.985,471.88,470.81,471.79,2006906
1702913400,2023-12-18 10:30,471.8,472.09,471.08,471.99,1513902
1702917000,2023-12-18 11:30,471.98,472.65,471.91,472.485,1197230
1702920600,2023-12-18 12:30,472.5,472.565,472.11,472.525,873078
1702924200,2023-12-18 13:30,472.53,472.97,472.28,472.48,956175
1702927800,2023-12-18 14:30,472.49,472.81,472.2,472.71,1078342
1702931400,2023-12-18 15:30,472.72,472.72,471.95,472.02,1855466
1702996200,2023-12-19 09:30,472.53,474.03,472.45,473.85,1674782
1702999800,2023-12-19 10:30,473.84,474.43,473.62,474.26,1212783
1703003400,2023-12-19 11:30,474.26,474.47,473.64,473.85,1093456
1703007000,2023-12-19 12:30,473.86,474.21,473.64,473.97,884475
1703010600,2023-12-19 13:30,473.98,474.35,473.77,474.33,832664
1703014200,2023-12-19 14:30,474.33,474.41,473.825,474.195,1018464
1703017800,2023-12-19 15:30,474.2,474.915,474.045,474.83,1597232
1703082600,2023-12-20 09:30,473.95,475.23,473.77,475.14,1595664
1703086200,2023-12-20 10:30,475.14,475.58,475.07,475.31,1032774
1703089800,2023-12-20 11:30,475.31,475.55,475.05,475.46,821557
1703093400,2023-12-20 12:30,475.47,475.89,475.095,475.56,894787
1703097000,2023-12-20 13:30,475.57,475.76,474.54,474.59,1174378
1703100600,2023-12-20 14:30,474.58,474.59,469.06,469.27,4850565
1703104200,2023-12-20 15:30,469.29,470.14,467.82,468.06,3909882
1703169000,2023-12-21 09:30,471.33,472.44,470.55,471.17,2869640
1703172600,2023-12-21 10:30,471.22,471.81,470.66,471.51,1515620
1703176200,2023-12-21 11:30,471.485,471.69,469.4,469.545,2124424
1703179800,2023-12-21 12:30,469.55,470.19,468.84,470.09,1587668
1703183400,2023-12-21 13:30,470.1,470.85,469.79,470.61,1298712
1703187000,2023-12-21 14:30,470.62,471.92,470.18,471.9,1354674
1703190600,2023-12-21 15:30,471.91,472.98,471.64,472.69,2771139
1703255400,2023-12-22 09:30,473.86,475.38,473.83,475.15,1872914
1703259000,2023-12-22 10:30,475.15,475.29,473.57,474.38,1457841
1703262600,2023-12-22 11:30,474.38,474.69,473.67,474.1,837095
1703266200,2023-12-22 12:30,474.11,474.75,473.9,474.59,794399
1703269800,2023-12-22 13:30,474.59,474.7,471.97,472.09,1497707
1703273400,2023-12-22 14:30,472.09,474.03,471.7,473.94,1904863
1703277000,2023-12-22 15:30,473.94,473.96,472.975,473.63,1969864
1703601000,2023-12-26 09:30,474.07,475.12,473.99,474.86,1215818
1703604600,2023-12-26 10:30,474.87,475.19,474.53,474.75,825844
1703608200,2023-12-26 11:30,474.74,475.23,474.74,475.07,675398
1703611800,2023-12-26 12:30,475.08,475.46,474.86,475.31,620097
1703615400,2023-12-26 13:30,475.32,475.57,475.14,475.525,673411
1703619000,2023-12-26 14:30,475.53,476.575,475.47,476.2,1131591
1703622600,2023-12-26 15:30,476.2,476.44,475.29,475.6,2148265
1703687400,2023-12-27 09:30,475.44,476.14,475.17,475.74,1339480
1703691000,2023-12-27 10:30,475.74,475.79,475.08,475.47,1232082
1703694600,2023-12-27 11:30,475.47,476.07,475.41,475.84,835777
1703698200,2023-12-27 12:30,475.84,476.67,475.3,476.24,1026975
1703701800,2023-12-27 13:30,476.25,476.49,474.9,475.8,1310900
1703705400,2023-12-27 14:30,475.81,475.93,475.19,475.645,902208
1703709000,2023-12-27 15:30,475.63,476.57,475.16,476.51,2110882
1703773800,2023-12-28 09:30,476.88,477.38,476.8,477.26,929779
1703777400,2023-12-28 10:30,477.27,477.5,476.59,476.86,948289
1703781000,2023-12-28 11:30,476.87,477.19,476.71,476.91,536760
1703784600,2023-12-28 12:30,476.9,477.42,476.43,477.03,757721
1703788200,2023-12-28 13:30,477.04,477.55,476.92,477.35,694983
1703791800,2023-12-28 14:30,477.35,477.5,476.64,476.91,987874
1703795400,2023-12-28 15:30,476.9,477.34,476.26,476.68,2780682
1703860200,2023-12-29 09:30,476.5,477.02,476.41,476.71,1381010
1703863800,2023-12-29 10:30,476.71,476.76,473.91,473.96,2747490
1703867400,2023-12-29 11:30,473.95,474.56,473.3,473.59,1760812
1703871000,2023-12-29 12:30,473.59,475.1,473.51,474.49,1398346
1703874600,2023-12-29 13:30,474.5,475.45,474.475,475.05,1474505
1703878200,2023-12-29 14:30,475.05,475.89,475.05,475.77,1671124
1703881800,2023-12-29 15:30,475.78,475.78,474.49,475.34,3622528
1704205800,2024-01-02 09:30,472.16,472.8,471.37,471.76,3606284
1704209400,2024-01-02 10:30,471.79,472.455,471.3,472.33,1523774
1704213000,2024-01-02 11:30,472.32,473.36,472.27,472.97,1348126
1704216600,2024-01-02 12:30,472.97,473.66,472.28,472.67,1143296
1704220200,2024-01-02 13:30,472.66,472.95,471.55,471.89,1334646
1704223800,2024-01-02 14:30,471.87,472.06,470.49,470.9,2088255
1704227400,2024-01-02 15:30,470.9,472.67,470.67,472.6,5060129
1704292200,2024-01-03 09:30,470.42,470.94,469.23,469.5,3218894
1704295800,2024-01-03 10:30,469.49,469.92,468.72,469.74,1750590
1704299400,2024-01-03 11:30,469.69,469.83,468.97,469.58,1018960
1704303000,2024-01-03 12:30,469.58,470.77,469.43,470.36,1174272
1704306600,2024-01-03 13:30,470.34,471.19,468.95,470.94,1998200
1704310200,2024-01-03 14:30,470.95,471.18,468.97,469.26,1911858
1704313800,2024-01-03 15:30,469.27,469.8,468.17,468.75,3133007
1704378600,2024-01-04 09:30,468.3,470.14,468.11,469.78,2338564
1704382200,2024-01-04 10:30,469.76,470.96,469.62,470.65,1233238
1704385800,2024-01-04 11:30,470.655,470.82,469.26,469.61,1277988
1704389400,2024-01-04 12:30,469.61,469.61,468.67,469.32,940472
1704393000,2024-01-04 13:30,469.33,469.46,468.51,468.59,1165209
1704396600,2024-01-04 14:30,468.57,469.04,468.07,468.25,1569135
1704400200,2024-01-04 15:30,468.26,468.675,467.05,467.29,3536399
1704465000,2024-01-05 09:30,467.49,470.42,467.13,469.49,2989927
1704468600,2024-01-05 10:30,469.48,470.44,469.05,469.13,1782039
1704472200,2024-01-05 11:30,469.13,469.4,467.24,467.38,1622048
1704475800,2024-01-05 12:30,467.38,467.9,466.68,467.86,1325030
1704479400,2024-01-05 13:30,467.87,468.98,467.87,468.21,1458852
1704483000,2024-01-05 14:30,468.18,468.49,466.5,466.92,1667432
1704486600,2024-01-05 15:30,466.93,468.29,466.44,467.92,1879173
1704724200,2024-01-08 09:30,468.43,470.02,468.32,469.95,2449236
1704727800,2024-01-08 10:30,469.97,470.74,469.97,470.42,1306886
1704731400,2024-01-08 11:30,470.42,471.25,470.38,470.73,1405815
1704735000,2024-01-08 12:30,470.75,471.72,470.68,471.38,904134
1704738600,2024-01-08 13:30,471.38,473.015,471.36,472.97,1211744
1704742200,2024-01-08 14:30,472.98,474,472.98,473.66,1925435
1704745800,2024-01-08 15:30,473.66,474.75,473.59,474.56,3124555
1704810600,2024-01-09 09:30,471.89,472.95,471.36,472.51,2292800
1704814200,2024-01-09 10:30,472.49,473.335,472.17,473.29,1236147
1704817800,2024-01-09 11:30,473.29,474.375,473.085,474.23,1301328
1704821400,2024-01-09 12:30,474.24,474.925,473.755,473.8,877325
1704825000,2024-01-09 13:30,473.81,474.66,473.15,473.6,1399624
1704828600,2024-01-09 14:30,473.6,474.25,473.19,473.77,1014079
1704832200,2024-01-09 15:30,473.77,474.19,472.93,473.85,2293133
1704897000,2024-01-10 09:30,474.16,475.34,473.871,474.71,1773104
1704900600,2024-01-10 10:30,474.7,475.275,474.425,474.78,1088373
1704904200,2024-01-10 11:30,474.79,475.18,474.48,475.12,960387
1704907800,2024-01-10 12:30,475.13,475.925,474.82,475.3,1375762
1704911400,2024-01-10 13:30,475.32,476.83,475.24,476.62,1216562
1704915000,2024-01-10 14:30,476.62,477.44,475.885,476.23,1930097
1704918600,2024-01-10 15:30,476.25,476.83,475.18,476.53,2037704
1704983400,2024-01-11 09:30,477.58,478.11,473.58,475,3012069
1704987000,2024-01-11 10:30,474.99,475.56,472.52,473.05,1917800
1704990600,2024-01-11 11:30,473.05,473.61,472.28,472.95,1617869
1704994200,2024-01-11 12:30,472.98,475.04,472.98,474.75,1510199
1704997800,2024-01-11 13:30,474.77,476.23,474.62,476.11,1408264
1705001400,2024-01-11 14:30,476.11,476.97,475.47,475.91,1542867
1705005000,2024-01-11 15:30,475.92,476.7,475.54,476.33,1771126
1705069800,2024-01-12 09:30,477.85,478.6,475.9,476.54,2243184
1705073400,2024-01-12 10:30,476.55,476.91,475.23,476.575,1690095
1705077000,2024-01-12 11:30,476.6,476.81,475.37,475.92,1088362
1705080600,2024-01-12 12:30,475.925,476.76,475.61,476.62,863323
1705084200,2024-01-12 13:30,476.64,477.335,476.5,476.92,840405
1705087800,2024-01-12 14:30,476.91,476.93,475.76,476.18,1038588
1705091400,2024-01-12 15:30,476.19,476.9,476.085,476.66,1767237
1705415400,2024-01-16 09:30,475.25,476.26,473.47,475.92,2915223
1705419000,2024-01-16 10:30,475.94,476.6,474.61,475.87,2664392
1705422600,2024-01-16 11:30,475.9,476.43,474.35,474.41,1321289
1705426200,2024-01-16 12:30,474.42,475.2,473.83,474.99,1493206
1705429800,2024-01-16 13:30,475.01,475.2,473.07,473.59,1429698
1705433400,2024-01-16 14:30,473.58,474.52,473.36,474.05,1412115
1705437000,2024-01-16 15:30,474.05,475.06,473.785,474.94,2123097
1705501800,2024-01-17 09:30,471.82,472.26,471.05,471.84,2454475
1705505400,2024-01-17 10:30,471.79,472.78,471.5,472.5,1373808
1705509000,2024-01-17 11:30,472.52,472.79,471.41,471.52,1014570
1705512600,2024-01-17 12:30,471.53,472.03,470.46,470.69,1146805
1705516200,2024-01-17 13:30,470.69,471.4,469.87,471.21,1490595
1705519800,2024-01-17 14:30,471.23,471.76,470.67,470.88,1315933
1705523400,2024-01-17 15:30,470.88,472.61,470.83,472.26,1847459
1705588200,2024-01-18 09:30,474,474.47,473.39,474.18,2128628
1705591800,2024-01-18 10:30,474.21,474.88,473.67,474.69,1535353
1705595400,2024-01-18 11:30,474.69,475.03,473.04,473.59,1711758
1705599000,2024-01-18 12:30,473.6,473.66,472.42,472.73,1370847
1705602600,2024-01-18 13:30,472.71,475.66,472.7,475.63,1662794
1705606200,2024-01-18 14:30,475.62,476.41,474.94,476.41,1689618
1705609800,2024-01-18 15:30,476.41,477.05,475.9,476.5,2446479
1705674600,2024-01-19 09:30,477.65,478.36,476.95,477.95,2224927
1705678200,2024-01-19 10:30,477.94,479.28,477.34,478.85,1606592
1705681800,2024-01-19 11:30,478.845,479.51,478.21,479.35,1282010
1705685400,2024-01-19 12:30,479.37,481,479.28,480.96,2033611
1705689000,2024-01-19 13:30,480.97,482.72,480.94,481.95,2250969
1705692600,2024-01-19 14:30,481.97,482.55,481.33,482.14,1992084
1705696200,2024-01-19 15:30,482.15,482.48,481.835,482.41,2403313
1705933800,2024-01-22 09:30,484.01,485.22,483.91,484.37,2441559
1705937400,2024-01-22 10:30,484.4,484.4,482.96,484.06,1613874
1705941000,2024-01-22 11:30,484.05,484.2,483.19,483.92,934291
1705944600,2024-01-22 12:30,483.93,484.04,482.79,482.89,980595
1705948200,2024-01-22 13:30,482.9,484.01,482.86,483.61,1268004
1705951800,2024-01-22 14:30,483.62,484.2,483.27,484.1,1070811
1705955400,2024-01-22 15:30,484.11,484.185,483.37,483.52,1797424
1706020200,2024-01-23 09:30,484.01,484.37,483.44,483.82,1120327
1706023800,2024-01-23 10:30,483.84,483.85,482.92,483.07,1107794
1706027400,2024-01-23 11:30,483.04,483.54,482.89,483.23,538413
1706031000,2024-01-23 12:30,483.22,483.99,483.08,483.75,523174
1706034600,2024-01-23 13:30,483.76,484.06,483.56,483.81,519110
1706038200,2024-01-23 14:30,483.81,484.96,483.64,484.65,1104304
1706041800,2024-01-23 15:30,484.65,485.105,484.34,484.89,1513095
1706106600,2024-01-24 09:30,487.8,487.83,486.4,487.51,2000434
1706110200,2024-01-24 10:30,487.52,488.61,487.37,487.96,1728576
1706113800,2024-01-24 11:30,487.96,488.5,487.69,488.33,1020873
1706117400,2024-01-24 12:30,488.34,488.775,487.45,488.03,1447680
1706121000,2024-01-24 13:30,488.045,488.05,485.97,486.2,1687618
1706124600,2024-01-24 14:30,486.22,487.07,485.4,485.52,1755532
1706128200,2024-01-24 15:30,485.51,486.4,485,485.4,2265581
1706193000,2024-01-25 09:30,487.56,488.305,486.77,488.08,1981820
1706196600,2024-01-25 10:30,488.09,488.17,486.82,487.78,1651929
1706200200,2024-01-25 11:30,487.79,488.105,486.415,486.64,1666070
1706203800,2024-01-25 12:30,486.65,487.31,486.08,486.29,1256187
1706207400,2024-01-25 13:30,486.26,486.84,485.39,486.17,1577258
1706211000,2024-01-25 14:30,486.18,486.89,485.79,486.53,1154611
1706214600,2024-01-25 15:30,486.55,488.04,486.43,488.01,2697090
1706279400,2024-01-26 09:30,487.59,488.35,487.04,488.14,1574427
1706283000,2024-01-26 10:30,488.14,489.12,488.06,488.7,1530682
1706286600,2024-01-26 11:30,488.68,488.88,488.1,488.35,1167361
1706290200,2024-01-26 12:30,488.35,488.35,486.71,487.42,1800586
1706293800,2024-01-26 13:30,487.42,487.53,486.54,487.2,1002464
1706297400,2024-01-26 14:30,487.21,488.14,486.945,487.465,1370593
1706301000,2024-01-26 15:30,487.48,487.68,487.03,487.47,1846666
1706538600,2024-01-29 09:30,487.73,488.27,487.4,487.67,1532179
1706542200,2024-01-29 10:30,487.67,487.91,487.165,487.74,1059495
1706545800,2024-01-29 11:30,487.73,488.48,487.73,488.24,856884
1706549400,2024-01-29 12:30,488.24,488.59,487.84,488.42,693743
1706553000,2024-01-29 13:30,488.42,488.91,488.09,488.795,649872
1706556600,2024-01-29 14:30,488.795,491.41,488.71,490.93,1674428
1706560200,2024-01-29 15:30,490.93,491.36,490.38,491.27,2119169
1706625000,2024-01-30 09:30,490.54,491.36,490.34,490.76,1848377
1706628600,2024-01-30 10:30,490.74,491.13,490.34,491.06,1096229
1706632200,2024-01-30 11:30,491.06,491.47,490.53,490.56,1131283
1706635800,2024-01-30 12:30,490.55,490.94,490.11,490.91,942011
1706639400,2024-01-30 13:30,490.92,491.26,490.46,491.23,845840
1706643000,2024-01-30 14:30,491.23,491.62,490.95,491.37,1076344
1706646600,2024-01-30 15:30,491.38,491.44,490.72,490.88,1641309
1706711400,2024-01-31 09:30,488.64,489.081,487.18,487.3,1998821
1706715000,2024-01-31 10:30,487.3,487.48,486.39,487.03,1474258
1706718600,2024-01-31 11:30,487.04,487.405,486.34,487.33,1003468
1706722200,2024-01-31 12:30,487.34,487.71,486.56,487.21,1005506
1706725800,2024-01-31 13:30,487.2,487.87,485.63,486.14,2280537
1706729400,2024-01-31 14:30,486.14,489,483.68,484.69,5100512
1706733000,2024-01-31 15:30,484.68,484.8,482.89,482.9,4849330
1706797800,2024-02-01 09:30,484.62,486.2,484.25,486.18,2976772
1706801400,2024-02-01 10:30,486.17,486.21,483.8,484.55,2099239
1706805000,2024-02-01 11:30,484.57,487.28,484.55,486.48,1854262
1706808600,2024-02-01 12:30,486.47,488.24,486.21,487.02,1643539
1706812200,2024-02-01 13:30,487.03,487.95,486.38,487.44,1397911
1706815800,2024-02-01 14:30,487.47,488.99,487.09,488.69,1738994
1706819400,2024-02-01 15:30,488.7,489.22,488.1,489.2,1908077
1706884200,2024-02-02 09:30,489.66,491.34,489.3,490.855,2582778
1706887800,2024-02-02 10:30,490.85,493.05,490.34,492.92,1972624
1706891400,2024-02-02 11:30,492.92,494.45,492.91,494.37,1857949
1706895000,2024-02-02 12:30,494.4,494.66,492.25,493.77,2085208
1706898600,2024-02-02 13:30,493.74,495.39,493.32,494.96,1571863
1706902200,2024-02-02 14:30,494.97,496.06,494.9,495.9,1733794
1706905800,2024-02-02 15:30,495.91,495.91,494.26,494.27,2721464
1707143400,2024-02-05 09:30,493.72,493.72,490.79,491.4,2711661
1707147000,2024-02-05 10:30,491.4,491.83,490.23,491.33,1589209
1707150600,2024-02-05 11:30,491.35,492.75,491.35,492.74,1269512
1707154200,2024-02-05 12:30,492.74,493.5,492.58,492.6,1133052
1707157800,2024-02-05 13:30,492.61,493.55,492.58,493.46,854120
1707161400,2024-02-05 14:30,493.475,494.18,492.59,493.7,1337700
1707165000,2024-02-05 15:30,493.66,493.95,492.52,492.58,2042933
1707229800,2024-02-06 09:30,493.52,494.325,492.05,492.5,2189329
1707233400,2024-02-06 10:30,492.48,493.42,492.39,493.275,1035752
1707237000,2024-02-06 11:30,493.3,493.41,492.11,492.87,1004038
1707240600,2024-02-06 12:30,492.88,493.07,492.41,492.92,731445
1707244200,2024-02-06 13:30,492.93,493.57,492.11,492.525,1209147
1707247800,2024-02-06 14:30,492.51,493.53,492.24,493.16,1137085
1707251400,2024-02-06 15:30,493.16,494.04,492.635,493.98,1280931
1707316200,2024-02-07 09:30,496.28,497.97,495.36,497.965,2525426
1707319800,2024-02-07 10:30,497.96,498.03,496.83,497.11,1830460
1707323400,2024-02-07 11:30,497.13,497.86,496.87,497.32,1045785
1707327000,2024-02-07 12:30,497.33,498.2,496.8,498.2,1107298
1707330600,2024-02-07 13:30,498.2,498.43,497.66,497.95,981643
1707334200,2024-02-07 14:30,497.96,498.53,497.79,498.15,1006689
1707337800,2024-02-07 15:30,498.15,498.26,497.61,498.04,1628270
1707402600,2024-02-08 09:30,498.1,498.35,497.63,497.84,1091150
1707406200,2024-02-08 10:30,497.83,498.21,497.31,497.35,1222547
1707409800,2024-02-08 11:30,497.35,498.135,497.26,498.03,785789
1707413400,2024-02-08 12:30,498.03,498.28,497.42,498.04,1017406
1707417000,2024-02-08 13:30,498.04,498.34,497.78,497.83,922237
1707420600,2024-02-08 14:30,497.82,498.58,497.59,498.41,1215369
1707424200,2024-02-08 15:30,498.415,498.7,497.86,498.4,1959220
1707489000,2024-02-09 09:30,498.86,499.79,498.5,499.64,1745548
1707492600,2024-02-09 10:30,499.64,500.21,499.52,499.75,1331452
1707496200,2024-02-09 11:30,499.76,500.16,499.33,500.13,948612
1707499800,2024-02-09 12:30,500.13,500.83,499.84,500.74,1221089
1707503400,2024-02-09 13:30,500.74,501.15,500.48,501.06,1000107
1707507000,2024-02-09 14:30,501.07,501.65,500.8,501.11,1340685
1707510600,2024-02-09 15:30,501.1,501.34,500.69,501.18,1968860
1707748200,2024-02-12 09:30,501.17,501.47,501.02,501.33,1189007
1707751800,2024-02-12 10:30,501.34,502.95,501.31,502.89,849594
1707755400,2024-02-12 11:30,502.9,503.5,502.69,502.92,1000233
1707759000,2024-02-12 12:30,502.92,503.44,502.51,502.56,707788
1707762600,2024-02-12 13:30,502.56,502.61,500.24,501.07,1538131
1707766200,2024-02-12 14:30,501.08,501.29,500.42,500.91,1035995
1707769800,2024-02-12 15:30,500.915,501.24,500.55,500.95,1864351
1707834600,2024-02-13 09:30,494.51,495.2,493.21,494.89,3889700
1707838200,2024-02-13 10:30,494.895,495.74,494.52,495.585,1982468
1707841800,2024-02-13 11:30,495.57,495.85,494.41,494.52,1387465
1707845400,2024-02-13 12:30,494.53,495.31,494.02,494.25,1182679
1707849000,2024-02-13 13:30,494.24,494.3,491.8,492.11,2247811
1707852600,2024-02-13 14:30,492.12,492.94,490.72,491.33,2526388
1707856200,2024-02-13 15:30,491.33,494.21,491.21,494.14,4285150
1707921000,2024-02-14 09:30,496.74,497.99,495.77,497.71,2099611
1707924600,2024-02-14 10:30,497.71,497.91,495.15,496.23,1654214
1707928200,2024-02-14 11:30,496.22,496.33,494.4,496,1198287
1707931800,2024-02-14 12:30,496.02,496.57,495.43,495.95,976043
1707935400,2024-02-14 13:30,495.96,497.13,495.23,496.68,1362399
1707939000,2024-02-14 14:30,496.67,498.21,496.435,498,1517149
1707942600,2024-02-14 15:30,497.99,499.07,497.48,498.62,1885855
1708007400,2024-02-15 09:30,499.3,500.57,499.27,499.69,1700294
1708011000,2024-02-15 10:30,499.7,499.99,498.8,499.47,1280628
1708014600,2024-02-15 11:30,499.48,500.455,499.355,500.44,977997
1708018200,2024-02-15 12:30,500.44,501.485,499.94,501.465,1177051
1708021800,2024-02-15 13:30,501.47,501.78,500.905,501.51,1408535
1708025400,2024-02-15 14:30,501.5,502.195,501.17,501.63,1375390
1708029000,2024-02-15 15:30,501.63,502.05,501.155,501.97,2445687
1708093800,2024-02-16 09:30,501.67,501.91,498.75,500.24,1752695
1708097400,2024-02-16 10:30,500.25,502.04,499.81,501.89,1453731
1708101000,2024-02-16 11:30,501.89,502.46,501.63,502.22,1262710
1708104600,2024-02-16 12:30,502.22,502.3,500.74,501.66,1171936
1708108200,2024-02-16 13:30,501.67,502.86,501.6,502.63,1326087
1708111800,2024-02-16 14:30,502.61,502.69,499.94,500.57,2187163
1708115400,2024-02-16 15:30,500.57,500.66,498.98,499.49,1728886
1708439400,2024-02-20 09:30,497.72,498.41,495.87,496.22,2314643
1708443000,2024-02-20 10:30,496.215,497.29,495.75,496.92,1204404
1708446600,2024-02-20 11:30,496.94,496.98,494.77,495.06,1360039
1708450200,2024-02-20 12:30,495.06,495.97,494.48,495.2,1316783
1708453800,2024-02-20 13:30,495.2,496.06,494.75,496.01,1157576
1708457400,2024-02-20 14:30,496.02,496.88,495.69,496.71,1343091
1708461000,2024-02-20 15:30,496.72,496.83,495.11,496.74,3245857
1708525800,2024-02-21 09:30,495.44,496.06,494.91,495.4,1357498
1708529400,2024-02-21 10:30,495.37,496.31,495.05,495.815,974451
1708533000,2024-02-21 11:30,495.81,496.14,494.89,495.07,853254
1708536600,2024-02-21 12:30,495.1,495.74,494.42,495.29,932295
1708540200,2024-02-21 13:30,495.29,496.08,494.245,494.68,1132680
1708543800,2024-02-21 14:30,494.7,494.78,493.56,494.415,1483066
1708547400,2024-02-21 15:30,494.43,497.37,494.41,497.21,2158641
1708612200,2024-02-22 09:30,504.01,505.42,503.02,505.34,3407603
1708615800,2024-02-22 10:30,505.34,505.7,504.51,505.39,1649603
1708619400,2024-02-22 11:30,505.39,506.03,504.91,505.95,1221069
1708623000,2024-02-22 12:30,505.95,506.86,505.61,506.81,1385223
1708626600,2024-02-22 13:30,506.82,508.47,506.74,508.41,1628036
1708630200,2024-02-22 14:30,508.42,508.49,506.89,507.73,1807031
1708633800,2024-02-22 15:30,507.74,508.31,507.33,507.53,2234734
1708698600,2024-02-23 09:30,509.24,510.13,509.11,509.23,1807650
1708702200,2024-02-23 10:30,509.24,509.65,507.1,508.17,1749195
1708705800,2024-02-23 11:30,508.19,508.99,507.75,508.25,1375618
1708709400,2024-02-23 12:30,508.27,508.99,507.79,508.92,1008090
1708713000,2024-02-23 13:30,508.91,509.06,507.63,507.78,972283
1708716600,2024-02-23 14:30,507.8,508.55,507.72,507.92,1123650
1708720200,2024-02-23 15:30,507.92,508.76,507.72,507.81,2417402
1708957800,2024-02-26 09:30,508.31,508.75,507.73,507.95,1324018
1708961400,2024-02-26 10:30,507.96,508.3,507.02,507.39,999846
1708965000,2024-02-26 11:30,507.39,507.89,507.24,507.79,756904
1708968600,2024-02-26 12:30,507.79,507.9,506.45,506.61,867067
1708972200,2024-02-26 13:30,506.63,507.285,506.02,507.18,1278244
1708975800,2024-02-26 14:30,507.17,507.4,506.67,506.88,1172271
1708979400,2024-02-26 15:30,506.885,506.97,505.86,506.01,1886814
1709044200,2024-02-27 09:30,506.69,506.74,505.53,506.24,1335972
1709047800,2024-02-27 10:30,506.235,506.33,505.59,505.68,775880
1709051400,2024-02-27 11:30,505.68,506,505.34,505.52,696678
1709055000,2024-02-27 12:30,505.53,505.76,504.75,505.215,916288
1709058600,2024-02-27 13:30,505.23,506.46,505.12,506.31,829236
1709062200,2024-02-27 14:30,506.33,506.87,506.09,506.76,965542
1709065800,2024-02-27 15:30,506.75,507.16,506.42,506.92,1949558
1709130600,2024-02-28 09:30,505.33,505.985,504.96,505.67,1484425
1709134200,2024-02-28 10:30,505.65,506.85,505.61,506.51,1120870
1709137800,2024-02-28 11:30,506.51,506.8,505.88,506.03,855556
1709141400,2024-02-28 12:30,506.04,506.52,505.45,506.49,944036
1709145000,2024-02-28 13:30,506.5,506.78,505.53,505.77,1027723
1709148600,2024-02-28 14:30,505.75,506.27,505.17,506.12,1132037
1709152200,2024-02-28 15:30,506.12,506.25,505.35,506.23,1913886
1709217000,2024-02-29 09:30,508.07,508.845,506.81,507.7,2787366
1709220600,2024-02-29 10:30,507.7,507.84,506.94,507.19,1074431
1709224200,2024-02-29 11:30,507.18,507.2,505.35,506.56,1488037
1709227800,2024-02-29 12:30,506.57,507.89,506.56,507.76,842517
1709231400,2024-02-29 13:30,507.77,508.29,507.44,507.72,986429
1709235000,2024-02-29 14:30,507.71,508.19,507.17,508.14,1099953
1709238600,2024-02-29 15:30,508.14,509.74,507.95,507.98,4217040
1709303400,2024-03-01 09:30,508.98,510.4,508.56,510.36,2183115
1709307000,2024-03-01 10:30,510.36,511.38,509.69,510.82,1876181
1709310600,2024-03-01 11:30,510.83,511.77,510.16,511.52,1209486
1709314200,2024-03-01 12:30,511.54,512.24,511.42,512.13,1269162
1709317800,2024-03-01 13:30,512.13,513.17,511.98,513.16,1563213
1709321400,2024-03-01 14:30,513.16,513.29,512.32,512.89,1517672
1709325000,2024-03-01 15:30,512.89,513.14,512.59,512.85,2217881
1709562600,2024-03-04 09:30,512.04,512.64,512,512.5,1430243
1709566200,2024-03-04 10:30,512.49,512.88,512.24,512.45,875628
1709569800,2024-03-04 11:30,512.44,513.14,512.17,513.125,702309
1709573400,2024-03-04 12:30,513.12,513.18,512.35,512.62,681965
1709577000,2024-03-04 13:30,512.6,513.02,512.56,512.92,826055
1709580600,2024-03-04 14:30,512.915,514.2,512.86,513.53,1413040
1709584200,2024-03-04 15:30,513.53,513.665,512.17,512.28,2071267
1709649000,2024-03-05 09:30,510.24,510.7,508.11,508.43,2465879
1709652600,2024-03-05 10:30,508.38,508.38,507.5,508.17,1606438
1709656200,2024-03-05 11:30,508.16,508.51,506.96,508.45,1403454
1709659800,2024-03-05 12:30,508.46,508.5,507.37,507.71,1009895
1709663400,2024-03-05 13:30,507.71,508.1,506.65,507.03,1463330
1709667000,2024-03-05 14:30,507.04,507.05,504.92,505.01,1990586
1709670600,2024-03-05 15:30,505.015,507.37,504.91,507.15,2463886
1709735400,2024-03-06 09:30,510.55,510.85,508.42,509.36,2014764
1709739000,2024-03-06 10:30,509.35,511.37,509.06,511.35,1196882
1709742600,2024-03-06 11:30,511.355,511.92,510.52,511.76,1352035
1709746200,2024-03-06 12:30,511.76,512.05,511.05,511.86,953285
1709749800,2024-03-06 13:30,511.87,511.92,508.52,510.16,2442971
1709753400,2024-03-06 14:30,510.18,510.41,508.56,509.16,1631576
1709757000,2024-03-06 15:30,509.18,510.27,508.575,509.81,2080720
1709821800,2024-03-07 09:30,513.14,514.19,512.19,514.18,1806725
1709825400,2024-03-07 10:30,514.18,514.87,513.82,514.43,1474435
1709829000,2024-03-07 11:30,514.42,514.96,513.77,514.46,1273984
1709832600,2024-03-07 12:30,514.46,514.99,514.025,514.98,1148514
1709836200,2024-03-07 13:30,514.99,515.89,514.83,515.22,1497780
1709839800,2024-03-07 14:30,515.2,515.39,514.07,514.61,1109885
1709843400,2024-03-07 15:30,514.62,515.64,514.55,514.87,1627495
1709908200,2024-03-08 09:30,515.49,518.22,515.31,517.95,2041212
1709911800,2024-03-08 10:30,517.98,518.06,514.63,514.76,2534701
1709915400,2024-03-08 11:30,514.755,515.27,513.56,514.62,2548864
1709919000,2024-03-08 12:30,514.65,514.84,512.06,512.34,2248057
1709922600,2024-03-08 13:30,512.29,513.7,511.14,513.46,2084080
1709926200,2024-03-08 14:30,513.46,514.46,511.79,511.93,1857848
1709929800,2024-03-08 15:30,511.94,512.8,511.72,511.77,1935018
1710163800,2024-03-11 09:30,510.48,510.94,508.5,509.005,2336862
1710167400,2024-03-11 10:30,508.99,510.87,508.95,509.49,1621477
1710171000,2024-03-11 11:30,509.48,510.899,509.2,510.55,1236826
1710174600,2024-03-11 12:30,510.57,511.33,510.21,511.24,1128952
1710178200,2024-03-11 13:30,511.25,511.57,510.31,511.19,1046319
1710181800,2024-03-11 14:30,511.2,511.88,510.82,510.87,1092918
1710185400,2024-03-11 15:30,510.88,511.6,510.54,511.26,1808217
1710250200,2024-03-12 09:30,513.45,515.11,510.86,515.03,2786438
1710253800,2024-03-12 10:30,515.06,516.535,515.06,516.18,1992297
1710257400,2024-03-12 11:30,516.18,516.3,514.95,515.09,1154309
1710261000,2024-03-12 12:30,515.09,515.43,513.55,514.92,1307787
1710264600,2024-03-12 13:30,514.93,516.45,514.89,516.44,911270
1710268200,2024-03-12 14:30,516.44,517.2,515.58,517.12,1349686
1710271800,2024-03-12 15:30,517.12,517.38,516.53,516.81,1619929
1710336600,2024-03-13 09:30,517.11,517.12,515.66,516.45,1798691
1710340200,2024-03-13 10:30,516.42,516.78,515.83,516.04,953825
1710343800,2024-03-13 11:30,516.05,516.58,515.83,516.28,907918
1710347400,2024-03-13 12:30,516.3,517.21,516.08,517.14,1011115
1710351000,2024-03-13 13:30,517.15,517.28,516.66,516.85,842529
1710354600,2024-03-13 14:30,516.86,517.05,514.49,515.15,1501154
1710358200,2024-03-13 15:30,515.135,516.3,515.03,515.99,1811851
1710423000,2024-03-14 09:30,516.96,517.12,513.35,515.055,2902779
1710426600,2024-03-14 10:30,515.06,515.61,514.06,514.37,1529948
1710430200,2024-03-14 11:30,514.39,515.15,513.84,514.7,1287375
1710433800,2024-03-14 12:30,514.71,514.98,513.05,513.18,1253067
1710437400,2024-03-14 13:30,513.19,515.18,512.75,514.67,1566985
1710441000,2024-03-14 14:30,514.67,514.89,512.18,512.62,2198227
1710444600,2024-03-14 15:30,512.64,514.97,511.825,514.94,4382333
1710509400,2024-03-15 09:30,510.21,511.32,508.87,510.42,3165503
1710513000,2024-03-15 10:30,510.43,511.7,510.12,510.71,1276228
1710516600,2024-03-15 11:30,510.7,510.83,508.93,509.17,1305316
1710520200,2024-03-15 12:30,509.16,509.77,508.36,509.32,1436334
1710523800,2024-03-15 13:30,509.33,510.12,509.04,509.54,1177385
1710527400,2024-03-15 14:30,509.54,510.54,509.47,510.14,1495617
1710531000,2024-03-15 15:30,510.13,510.21,509.22,509.75,2798140
1710768600,2024-03-18 09:30,514.01,515.47,513.75,515.19,2533389
1710772200,2024-03-18 10:30,515.18,515.26,514.26,514.68,1310528
1710775800,2024-03-18 11:30,514.69,514.69,513.8,514.17,947339
1710779400,2024-03-18 12:30,514.18,514.29,513.41,514.2,1044046
1710783000,2024-03-18 13:30,514.21,514.38,513.3,514.35,1100513
1710786600,2024-03-18 14:30,514.35,514.4,513.21,513.86,1059639
1710790200,2024-03-18 15:30,513.86,514.12,512.44,512.85,3084511
1710855000,2024-03-19 09:30,512.15,512.17,511.13,511.47,1480206
1710858600,2024-03-19 10:30,511.45,512.77,511.36,512.67,1047055
1710862200,2024-03-19 11:30,512.72,514.11,512.71,514,928787
1710865800,2024-03-19 12:30,514,515.45,514,514.84,1156333
1710869400,2024-03-19 13:30,514.86,515.27,514.51,515,986602
1710873000,2024-03-19 14:30,515.01,515.35,514.235,514.54,1088430
1710876600,2024-03-19 15:30,514.5,515.99,514.41,515.79,2011827
1710941400,2024-03-20 09:30,515.77,516.4,515.21,516.33,1040215
1710945000,2024-03-20 10:30,516.34,516.44,515.55,516.23,655603
1710948600,2024-03-20 11:30,516.22,516.33,515.51,515.76,484984
1710952200,2024-03-20 12:30,515.75,516.15,515.3,515.44,542923
1710955800,2024-03-20 13:30,515.41,518.38,515.08,517.64,1713303
1710959400,2024-03-20 14:30,517.67,520.51,515.87,520.38,2454250
1710963000,2024-03-20 15:30,520.37,520.62,519.1,520.45,2176236
1711027800,2024-03-21 09:30,523.38,524.01,522.77,523.75,1877058
1711031400,2024-03-21 10:30,523.76,523.98,523.02,523.4,1407769
1711035000,2024-03-21 11:30,523.4,524.05,523.27,523.99,856368
1711038600,2024-03-21 12:30,524.005,524.11,523.2,523.38,903195
1711042200,2024-03-21 13:30,523.37,523.53,522.51,523.04,1113428
1711045800,2024-03-21 14:30,523.04,523.04,522.03,522.78,1266388
1711049400,2024-03-21 15:30,522.8,523.17,521.91,522.11,1538541
1711114200,2024-03-22 09:30,522.09,522.44,521.42,521.8,1189571
1711117800,2024-03-22 10:30,521.79,521.82,521.03,521.7,1047403
1711121400,2024-03-22 11:30,521.72,521.835,521.195,521.46,856421
1711125000,2024-03-22 12:30,521.45,522.21,520.97,522.06,1111855
1711128600,2024-03-22 13:30,522.06,522.6,521.9,522.51,869052
1711132200,2024-03-22 14:30,522.51,522.53,521.13,521.69,1346515
1711135800,2024-03-22 15:30,521.69,522.36,521.23,521.23,2496212
1711373400,2024-03-25 09:30,519.79,520.89,519.61,520.43,1333717
1711377000,2024-03-25 10:30,520.44,520.795,520.14,520.615,847736
1711380600,2024-03-25 11:30,520.62,520.86,520.29,520.5,655359
1711384200,2024-03-25 12:30,520.5,520.6,520.13,520.51,612490
1711387800,2024-03-25 13:30,520.53,520.92,520.43,520.85,552959
1711391400,2024-03-25 14:30,520.85,520.95,520.17,520.29,587058
1711395000,2024-03-25 15:30,520.29,520.695,519.67,519.82,1919851
1711459800,2024-03-26 09:30,521.23,521.58,520.84,521.07,1173169
1711463400,2024-03-26 10:30,521.07,521.39,520.67,521.29,776536
1711467000,2024-03-26 11:30,521.28,521.46,520.92,521.125,616703
1711470600,2024-03-26 12:30,521.13,521.13,520.72,520.86,594571
1711474200,2024-03-26 13:30,520.86,521,520.49,520.965,469355
1711477800,2024-03-26 14:30,520.96,521.045,519.955,520.21,803969
1711481400,2024-03-26 15:30,520.21,520.245,518.4,518.68,3245692
1711546200,2024-03-27 09:30,521.72,521.77,519.72,519.92,1990687
1711549800,2024-03-27 10:30,519.93,520.42,519.63,519.7,1012226
1711553400,2024-03-27 11:30,519.71,520.12,519.49,520.09,718863
1711557000,2024-03-27 12:30,520.09,520.49,519.73,520.33,665262
1711560600,2024-03-27 13:30,520.33,520.91,520.02,520.83,588723
1711564200,2024-03-27 14:30,520.84,521.05,519.84,520.895,1068951
1711567800,2024-03-27 15:30,520.9,523.2,520.77,523.165,4346807
1711632600,2024-03-28 09:30,523.22,523.72,522.79,523.14,1337744
1711636200,2024-03-28 10:30,523.15,523.62,523.04,523.57,902492
1711639800,2024-03-28 11:30,523.58,523.73,523.15,523.46,793072
1711643400,2024-03-28 12:30,523.47,523.49,522.98,523.125,963693
1711647000,2024-03-28 13:30,523.13,523.64,522.92,523.52,945412
1711650600,2024-03-28 14:30,523.525,524.58,523.02,524.46,2109428
1711654200,2024-03-28 15:30,524.46,524.61,522.93,523.12,3510899
1711978200,2024-04-01 09:30,523.83,524.38,522.83,522.99,1472885
1711981800,2024-04-01 10:30,522.98,523.1,521.36,522.07,1008567
1711985400,2024-04-01 11:30,522.07,522.08,520.98,522,712474
1711989000,2024-04-01 12:30,522,522.22,521.06,521.61,493076
1711992600,2024-04-01 13:30,521.62,522.04,521.38,521.87,485984
1711996200,2024-04-01 14:30,521.87,522.34,521.68,521.87,635878
1711999800,2024-04-01 15:30,521.88,522.79,521.62,522.21,1393391
1712064600,2024-04-02 09:30,518.24,518.46,516.5,517.17,2678862
1712068200,2024-04-02 10:30,517.18,517.82,516.77,517.63,1055108
1712071800,2024-04-02 11:30,517.62,517.85,516.905,517.435,784946
1712075400,2024-04-02 12:30,517.44,518.12,517.31,517.67,779563
1712079000,2024-04-02 13:30,517.67,518.11,517.35,517.9,761633
1712082600,2024-04-02 14:30,517.91,518.59,517.64,518.41,1370241
1712086200,2024-04-02 15:30,518.44,518.98,518.28,518.86,3101968
1712151000,2024-04-03 09:30,517.72,520.63,517.66,520.4,1730729
1712154600,2024-04-03 10:30,520.41,520.95,520.18,520.81,798793
1712158200,2024-04-03 11:30,520.85,520.93,519.74,520.65,948172
1712161800,2024-04-03 12:30,520.64,520.83,519.39,520.62,925539
1712165400,2024-04-03 13:30,520.63,520.8,520.17,520.2,620283
1712169000,2024-04-03 14:30,520.19,520.42,517.77,518.54,1324878
1712172600,2024-04-03 15:30,518.55,519.77,518.28,519.41,2371493
1712237400,2024-04-04 09:30,523.53,523.7,522.47,522.93,1807897
1712241000,2024-04-04 10:30,522.92,522.97,522.36,522.76,743402
1712244600,2024-04-04 11:30,522.77,523.86,522.68,523.51,871489
1712248200,2024-04-04 12:30,523.52,523.63,523.16,523.18,472816
1712251800,2024-04-04 13:30,523.17,523.18,517.84,518.01,2554579
1712255400,2024-04-04 14:30,518,518,513.66,513.69,4553707
1712259000,2024-04-04 15:30,513.71,514.37,512.76,513.09,3821271
1712323800,2024-04-05 09:30,514.46,516.43,514.02,515.44,2265598
1712327400,2024-04-05 10:30,515.47,518.09,515.19,517.85,1572798
1712331000,2024-04-05 11:30,517.84,520.005,517.57,519.62,1625464
1712334600,2024-04-05 12:30,519.61,520.44,518.71,519.26,1746995
1712338200,2024-04-05 13:30,519.26,519.59,516.97,517.79,1759345
1712341800,2024-04-05 14:30,517.82,518.71,517.24,518.15,1528817
1712345400,2024-04-05 15:30,518.15,519.28,518.011,518.41,1623514
1712583000,2024-04-08 09:30,519.16,519.59,517.98,519.53,1504782
1712586600,2024-04-08 10:30,519.53,520.17,519.33,519.525,1060294
1712590200,2024-04-08 11:30,519.5,519.5,517.89,518.56,1132378
1712593800,2024-04-08 12:30,518.56,519.46,518.46,519.28,732107
1712597400,2024-04-08 13:30,519.28,519.48,518.65,519.18,792709
1712601000,2024-04-08 14:30,519.17,519.375,518.67,519.25,846817
1712604600,2024-04-08 15:30,519.25,519.69,518.23,518.66,2122100
1712669400,2024-04-09 09:30,520.51,520.74,517.42,517.58,1570415
1712673000,2024-04-09 10:30,517.6,517.62,514.35,515.95,2391499
1712676600,2024-04-09 11:30,515.94,517.64,515.67,517.26,1130804
1712680200,2024-04-09 12:30,517.26,517.78,516.58,517.17,874556
1712683800,2024-04-09 13:30,517.16,517.64,516.24,516.64,832770
1712687400,2024-04-09 14:30,516.67,518.62,515.72,518.53,1145761
1712691000,2024-04-09 15:30,518.52,519.44,517.45,519.3,2148803
1712755800,2024-04-10 09:30,513.48,515.13,512.67,514.64,2884407
1712759400,2024-04-10 10:30,514.66,516.16,513.49,514.48,1581375
1712763000,2024-04-10 11:30,514.49,514.54,512.98,513.39,980943
1712766600,2024-04-10 12:30,513.4,515.14,512.09,513.87,1630975
1712770200,2024-04-10 13:30,513.85,514.9,512.29,513.2,2059552
1712773800,2024-04-10 14:30,513.19,515.07,512.45,514.25,1470744
1712777400,2024-04-10 15:30,514.27,515.01,513.42,514.16,1920007
1712842200,2024-04-11 09:30,515.68,515.87,512.09,512.58,1662889
1712845800,2024-04-11 10:30,512.57,514.22,512.48,513.57,1120813
1712849400,2024-04-11 11:30,513.57,515.52,513.42,514.84,1226422
1712853000,2024-04-11 12:30,514.84,517.91,514.73,517.51,1529181
1712856600,2024-04-11 13:30,517.52,519.27,516.96,519.07,1211887
1712860200,2024-04-11 14:30,519.08,519.47,518.51,518.91,975496
1712863800,2024-04-11 15:30,518.91,519.35,517.98,518.05,2128623
1712928600,2024-04-12 09:30,514.37,515.815,513.56,513.84,2713121
1712932200,2024-04-12 10:30,513.8,514.08,512.03,513.53,1819018
1712935800,2024-04-12 11:30,513.54,514.03,511.76,511.82,1409678
1712939400,2024-04-12 12:30,511.8,512.02,509.47,509.7,2034191
1712943000,2024-04-12 13:30,509.69,511.415,509.32,510.68,1823904
1712946600,2024-04-12 14:30,510.68,510.73,509.09,509.5,1740352
1712950200,2024-04-12 15:30,509.52,510.92,509.26,510.83,2357189
1713187800,2024-04-15 09:30,515.13,515.3,511.95,512.57,2827684
1713191400,2024-04-15 10:30,512.58,513,510.81,511.59,1602080
1713195000,2024-04-15 11:30,511.6,512.62,510.37,510.6,1114173
1713198600,2024-04-15 12:30,510.62,510.62,506.56,506.58,1664935
1713202200,2024-04-15 13:30,506.58,506.84,504.73,505.12,2865579
1713205800,2024-04-15 14:30,505.09,506.49,503.58,504.255,2059139
1713209400,2024-04-15 15:30,504.28,505.26,504.23,504.51,2332781
1713274200,2024-04-16 09:30,504.94,505.28,502.95,503.18,1838073
1713277800,2024-04-16 10:30,503.17,504.34,502.43,504.18,1140078
1713281400,2024-04-16 11:30,504.18,505.36,503.5,504.5,912824
1713285000,2024-04-16 12:30,504.49,505.1,503.74,504.32,753002
1713288600,2024-04-16 13:30,504.35,506.5,502.22,503.09,2518004
1713292200,2024-04-16 14:30,503.04,505.85,502.99,505.62,1358518
1713295800,2024-04-16 15:30,505.63,505.63,503.295,503.49,2364832
1713360600,2024-04-17 09:30,506.05,506.22,503.45,504.38,1817524
1713364200,2024-04-17 10:30,504.33,504.51,502.08,502.08,1144037
1713367800,2024-04-17 11:30,502.13,502.18,500.17,500.47,1571619
1713371400,2024-04-17 12:30,500.48,501.79,499.12,501.78,1695450
1713375000,2024-04-17 13:30,501.78,502.56,501.06,501.87,1107438
1713378600,2024-04-17 14:30,501.88,504.03,500.38,500.73,1776508
1713382200,2024-04-17 15:30,500.72,501.82,500.42,500.48,1738523
1713447000,2024-04-18 09:30,501.98,502.24,499.72,502.03,1665139
1713450600,2024-04-18 10:30,502.04,504.12,501.99,503.2,1339038
1713454200,2024-04-18 11:30,503.21,503.39,502.22,502.62,701265
1713457800,2024-04-18 12:30,502.62,502.65,498.88,500.25,1310361
1713461400,2024-04-18 13:30,500.27,500.43,498.61,499.52,1344912
1713465000,2024-04-18 14:30,499.55,500.32,498.56,499.79,1287131
1713468600,2024-04-18 15:30,499.84,500.83,499.21,499.47,1371116
1713533400,2024-04-19 09:30,499.44,500.44,497.62,498.45,1724639
1713537000,2024-04-19 10:30,498.45,499.4,497.54,497.88,1535424
1713540600,2024-04-19 11:30,497.87,498.33,495.19,495.2,1558315
1713544200,2024-04-19 12:30,495.2,497.74,495.08,496.535,1424378
1713547800,2024-04-19 13:30,496.52,498.46,495.48,495.48,1594816
1713551400,2024-04-19 14:30,495.46,495.97,494.03,495.08,1863954
1713555000,2024-04-19 15:30,495.08,495.52,493.86,495.1,2053530
1713792600,2024-04-22 09:30,497.85,498.21,496.22,496.43,1432017
1713796200,2024-04-22 10:30,496.435,497.31,495.43,496.43,1059405
1713799800,2024-04-22 11:30,496.44,498.51,496.37,497.765,874257
1713803400,2024-04-22 12:30,497.765,500.04,497.29,500.04,919059
1713807000,2024-04-22 13:30,500.04,502.34,499.89,502.07,1421515
1713810600,2024-04-22 14:30,502.06,502.38,500.26,500.57,1197503
1713814200,2024-04-22 15:30,500.58,500.67,498.91,499.66,2052983
1713879000,2024-04-23 09:30,501.81,504.41,501.23,504.33,1658321
1713882600,2024-04-23 10:30,504.33,505.34,504.05,504.83,1551671
1713886200,2024-04-23 11:30,504.83,505.43,504.23,505.31,1006089
1713889800,2024-04-23 12:30,505.32,505.59,504.58,505.37,847497
1713893400,2024-04-23 13:30,505.38,506.09,505.135,505.92,828307
1713897000,2024-04-23 14:30,505.92,506.07,504.97,505.36,899921
1713900600,2024-04-23 15:30,505.35,505.75,504.98,505.65,1772255
1713965400,2024-04-24 09:30,506.55,507.37,505.93,506.22,1487430
1713969000,2024-04-24 10:30,506.23,506.43,504.05,504.61,1011395
1713972600,2024-04-24 11:30,504.62,505.11,503.44,504.08,806950
1713976200,2024-04-24 12:30,504.06,505.25,503.13,505.21,801639
1713979800,2024-04-24 13:30,505.21,506.54,504.85,505.055,907264
1713983400,2024-04-24 14:30,505.05,506.18,504.23,505.84,806462
1713987000,2024-04-24 15:30,505.83,506.19,505.45,505.45,1014120
1714051800,2024-04-25 09:30,499.18,499.76,497.49,499.6,2134060
1714055400,2024-04-25 10:30,499.61,499.82,498.15,499.7,1126883
1714059000,2024-04-25 11:30,499.7,501.48,498.95,501.36,1033627
1714062600,2024-04-25 12:30,501.36,502.37,500.93,501.7,864059
1714066200,2024-04-25 13:30,501.68,503.81,501.54,501.98,1182929
1714069800,2024-04-25 14:30,501.95,504.26,501.69,504.15,1294246
1714073400,2024-04-25 15:30,504.15,504.18,502.69,503.39,1204693
1714138200,2024-04-26 09:30,506.36,509.03,505.7,508.08,1732310
1714141800,2024-04-26 10:30,508.08,509.54,507.73,508.22,1074783
1714145400,2024-04-26 11:30,508.22,509,508,508.87,945502
1714149000,2024-04-26 12:30,508.87,509.81,508.63,509.59,810912
1714152600,2024-04-26 13:30,509.6,509.88,508.79,508.95,752205
1714156200,2024-04-26 14:30,508.97,509.64,508.58,509.63,777110
1714159800,2024-04-26 15:30,509.62,509.62,508.16,508.23,1750457
1714397400,2024-04-29 09:30,510.08,510.75,509.02,510.22,1321141
1714401000,2024-04-29 10:30,510.23,510.63,509.44,509.57,550846
1714404600,2024-04-29 11:30,509.6,510.14,509,510.14,455831
1714408200,2024-04-29 12:30,510.15,510.41,509.58,510.38,542031
1714411800,2024-04-29 13:30,510.38,510.52,509.61,509.68,556664
1714415400,2024-04-29 14:30,509.68,509.7,507.25,508.58,1350981
1714419000,2024-04-29 15:30,508.61,510.19,508.48,510.05,1214391
1714483800,2024-04-30 09:30,508.55,509.56,508.2,508.31,1001857
1714487400,2024-04-30 10:30,508.31,509.37,506.42,506.91,1274053
1714491000,2024-04-30 11:30,506.91,507.03,506.04,506.7,975438
1714494600,2024-04-30 12:30,506.69,506.69,504.71,505.25,1449772
1714498200,2024-04-30 13:30,505.25,506.54,505.1,505.18,1026169
1714501800,2024-04-30 14:30,505.2,505.78,504.2,504.77,1441217
1714505400,2024-04-30 15:30,504.77,505.18,502.03,502.03,2348198
1714570200,2024-05-01 09:30,501.38,501.82,500.08,500.81,1427083
1714573800,2024-05-01 10:30,500.82,501.59,500.05,500.83,932486
1714577400,2024-05-01 11:30,500.84,501.395,499.87,501.05,624633
1714581000,2024-05-01 12:30,501.05,501.07,499.93,500.73,505798
1714584600,2024-05-01 13:30,500.73,503.17,500.63,503.05,1382472
1714588200,2024-05-01 14:30,503.06,508.2,500.95,506.42,3396092
1714591800,2024-05-01 15:30,506.49,506.49,500.08,500.25,3340221
1714656600,2024-05-02 09:30,504.13,504.68,499.55,502.02,1829780
1714660200,2024-05-02 10:30,502.02,503.12,500.6,502.13,1006465
1714663800,2024-05-02 11:30,502.13,502.97,501.38,502.29,772184
1714667400,2024-05-02 12:30,502.3,504.14,501.34,504.11,765734
1714671000,2024-05-02 13:30,504.11,504.71,503.39,504.5,749218
1714674600,2024-05-02 14:30,504.5,505.88,504.4,505.31,1380464
1714678200,2024-05-02 15:30,505.29,505.39,503.87,505,1957525
1714743000,2024-05-03 09:30,511.16,512.54,508.64,509.65,3017398
1714746600,2024-05-03 10:30,509.67,510.41,508.56,509.74,1395885
1714750200,2024-05-03 11:30,509.76,511.1,509.74,510.89,1134932
1714753800,2024-05-03 12:30,510.93,511.49,510.43,511.1,836168
1714757400,2024-05-03 13:30,511.12,511.99,510.68,511.75,799754
1714761000,2024-05-03 14:30,511.73,511.99,511.24,511.64,963789
1714764600,2024-05-03 15:30,511.64,511.75,511.14,511.28,1747340
1715002200,2024-05-06 09:30,513.75,514.56,513.31,514.3,1306064
1715005800,2024-05-06 10:30,514.31,514.63,513.85,514.1,682863
1715009400,2024-05-06 11:30,514.11,514.54,513.71,514.15,546086
1715013000,2024-05-06 12:30,514.17,514.96,514.11,514.635,706385
1715016600,2024-05-06 13:30,514.63,515.76,514.55,515.58,727489
1715020200,2024-05-06 14:30,515.59,515.61,514.89,515.12,806218
1715023800,2024-05-06 15:30,515.11,516.61,514.935,516.59,1550297
1715088600,2024-05-07 09:30,517.56,517.92,516.95,517.31,1250724
1715092200,2024-05-07 10:30,517.29,518.28,517.24,517.98,742738
1715095800,2024-05-07 11:30,517.97,518.29,517.7,518.17,486417
1715099400,2024-05-07 12:30,518.18,518.48,517.58,518.43,644583
1715103000,2024-05-07 13:30,518.42,518.57,516.71,516.82,1012195
1715106600,2024-05-07 14:30,516.84,517.29,516.45,517.17,826593
1715110200,2024-05-07 15:30,517.18,517.86,516.98,517.2,1923696
1715175000,2024-05-08 09:30,515.25,517.115,515.15,516.9,1068044
1715178600,2024-05-08 10:30,516.91,517.72,516.65,517.03,757150
1715182200,2024-05-08 11:30,517.03,517.25,516.63,516.83,426492
1715185800,2024-05-08 12:30,516.83,516.96,516.1,516.29,474206
1715189400,2024-05-08 13:30,516.29,517.39,516.2,517.26,447125
1715193000,2024-05-08 14:30,517.27,517.47,516.57,517.3,541411
1715196600,2024-05-08 15:30,517.29,517.71,517.19,517.2,1139485
1715261400,2024-05-09 09:30,517.38,518.39,516.7,518.055,1296330
1715265000,2024-05-09 10:30,518.06,519.52,518.06,519.34,1069179
1715268600,2024-05-09 11:30,519.345,519.455,518.34,518.8,538164
1715272200,2024-05-09 12:30,518.81,519.63,518.53,519.5,686035
1715275800,2024-05-09 13:30,519.51,519.58,518.93,519.48,416804
1715279400,2024-05-09 14:30,519.49,520.06,519.35,519.66,741642
1715283000,2024-05-09 15:30,519.63,520.2,519.57,520.14,2008340
1715347800,2024-05-10 09:30,521.81,522.63,520.6,520.77,1716230
1715351400,2024-05-10 10:30,520.78,521.37,520.02,520.54,932236
1715355000,2024-05-10 11:30,520.55,520.65,519.58,520.32,730767
1715358600,2024-05-10 12:30,520.32,520.77,520.01,520.11,536027
1715362200,2024-05-10 13:30,520.14,520.94,519.92,520.67,594638
1715365800,2024-05-10 14:30,520.675,521.13,520.11,521.02,580584
1715369400,2024-05-10 15:30,521.03,521.34,520.76,520.83,1259170
1715607000,2024-05-13 09:30,522.56,522.66,521.11,521.67,1196896
1715610600,2024-05-13 10:30,521.665,521.67,520.8,520.93,749708
1715614200,2024-05-13 11:30,520.92,521.375,520.4,521.28,530398
1715617800,2024-05-13 12:30,521.29,521.35,519.74,520.85,603590
1715621400,2024-05-13 13:30,520.86,520.9,520.315,520.8,379637
1715625000,2024-05-13 14:30,520.79,521.14,520.48,520.79,522155
1715628600,2024-05-13 15:30,520.785,521.1,520.645,520.9,1087379
1715693400,2024-05-14 09:30,521.12,522.41,520.88,522.23,1278808
1715697000,2024-05-14 10:30,522.22,522.28,520.64,521.92,780296
1715700600,2024-05-14 11:30,521.93,521.93,520.82,520.94,458597
1715704200,2024-05-14 12:30,520.93,521.08,520.56,521.04,381718
1715707800,2024-05-14 13:30,521.04,522.37,520.98,522.32,628432
1715711400,2024-05-14 14:30,522.31,523.78,522.19,523.45,1234027
1715715000,2024-05-14 15:30,523.44,523.82,523.2,523.28,1838802
1715779800,2024-05-15 09:30,525.84,526.8,525.18,526.39,1727611
1715783400,2024-05-15 10:30,526.42,528.1,526.32,528.08,1083762
1715787000,2024-05-15 11:30,528.07,528.17,527.415,528.05,718003
1715790600,2024-05-15 12:30,528.03,528.84,527.94,528.79,622642
1715794200,2024-05-15 13:30,528.79,529.43,528.35,528.98,754962
1715797800,2024-05-15 14:30,528.98,529.3,528.6,529.06,892084
1715801400,2024-05-15 15:30,529.05,530.08,528.95,529.8,2351758
1715866200,2024-05-16 09:30,529.88,530.78,529.55,530.63,954941
1715869800,2024-05-16 10:30,530.635,531.52,530.52,531.14,763439
1715873400,2024-05-16 11:30,531.15,531.34,530.28,530.49,489407
1715877000,2024-05-16 12:30,530.51,530.84,529.43,529.82,575515
1715880600,2024-05-16 13:30,529.8,530.13,529.025,529.46,729333
1715884200,2024-05-16 14:30,529.46,530.2,529.46,529.9,651168
1715887800,2024-05-16 15:30,529.9,529.98,528.55,528.66,1736459
1715952600,2024-05-17 09:30,528.81,529.2,528.35,529.17,961509
1715956200,2024-05-17 10:30,529.18,529.3,528.39,528.76,577618
1715959800,2024-05-17 11:30,528.76,529.03,528.27,528.56,479058
1715963400,2024-05-17 12:30,528.55,528.9,528.05,528.7,544970
1715967000,2024-05-17 13:30,528.7,528.88,527.33,527.91,684670
1715970600,2024-05-17 14:30,527.9,529.31,527.88,529.215,968153
1715974200,2024-05-17 15:30,529.22,529.51,528.77,529.43,1635622
1716211800,2024-05-20 09:30,529.57,531.34,529.47,531.26,736877
1716215400,2024-05-20 10:30,531.29,531.48,530.96,531.39,345722
1716219000,2024-05-20 11:30,531.4,531.56,530.64,530.79,357099
1716222600,2024-05-20 12:30,530.79,531.29,530.18,530.35,317829
1716226200,2024-05-20 13:30,530.36,530.53,529.17,530.18,584521
1716229800,2024-05-20 14:30,530.18,530.44,529.77,530.27,477536
1716233400,2024-05-20 15:30,530.26,530.33,529.5,530.02,1335520
1716298200,2024-05-21 09:30,529.28,530.03,529.07,530.02,551919
1716301800,2024-05-21 10:30,530.02,530.725,529.92,530.5,432432
1716305400,2024-05-21 11:30,530.51,530.52,529.82,530.2,396799
1716309000,2024-05-21 12:30,530.19,530.28,529.65,530.14,261080
1716312600,2024-05-21 13:30,530.14,530.78,530.07,530.39,365807
1716316200,2024-05-21 14:30,530.39,530.96,530.16,530.82,363783
1716319800,2024-05-21 15:30,530.81,531.51,530.78,531.34,1510100
1716384600,2024-05-22 09:30,530.65,531.28,530.63,531.13,489124
1716388200,2024-05-22 10:30,531.13,531.38,530.78,531.04,292005
1716391800,2024-05-22 11:30,531.04,531.1,530.16,531.02,391391
1716395400,2024-05-22 12:30,531.03,531.24,530.68,530.92,309462
1716399000,2024-05-22 13:30,530.91,530.92,527.78,527.81,975991
1716402600,2024-05-22 14:30,527.82,528.87,527.6,528.75,848925
1716406200,2024-05-22 15:30,528.76,529.83,528.02,529.78,1620069
1716471000,2024-05-23 09:30,532.97,533.07,529.55,530.46,1335640
1716474600,2024-05-23 10:30,530.46,530.88,528.98,530.53,572469
1716478200,2024-05-23 11:30,530.53,531.49,530.37,531.25,476695
1716481800,2024-05-23 12:30,531.23,531.34,528.83,529.46,425978
1716485400,2024-05-23 13:30,529.46,529.46,525.46,525.76,1073770
1716489000,2024-05-23 14:30,525.72,526.3,524.73,525.2,883842
1716492600,2024-05-23 15:30,525.19,526.21,525.19,525.96,1870287
1716557400,2024-05-24 09:30,527.85,528.74,526.885,528.6,1204790
1716561000,2024-05-24 10:30,528.6,530.27,527.84,529.71,734733
1716564600,2024-05-24 11:30,529.71,530.05,529.01,529.79,526836
1716568200,2024-05-24 12:30,529.78,529.86,529.06,529.63,381347
1716571800,2024-05-24 13:30,529.61,530.1,529.25,529.43,431686
1716575400,2024-05-24 14:30,529.43,529.6,528.28,528.93,522931
1716579000,2024-05-24 15:30,528.93,529.58,528.77,529.51,900386
1716903000,2024-05-28 09:30,530.26,530.5,529,529.57,864790
1716906600,2024-05-28 10:30,529.55,530.16,529.16,529.86,305236
1716910200,2024-05-28 11:30,529.85,530.3,529.65,529.79,210198
1716913800,2024-05-28 12:30,529.8,530.25,529.16,529.48,332441
1716917400,2024-05-28 13:30,529.49,529.85,528.21,528.28,597796
1716921000,2024-05-28 14:30,528.26,529,527.11,528.33,739346
1716924600,2024-05-28 15:30,528.36,529.9,528.31,529.86,1263102
1716989400,2024-05-29 09:30,525.7,526.96,525.39,526.715,1102693
1716993000,2024-05-29 10:30,526.75,527.3,526.04,526.47,466023
1716996600,2024-05-29 11:30,526.48,526.92,525.98,526.82,491997
1717000200,2024-05-29 12:30,526.82,527.31,526.35,526.94,544797
1717003800,2024-05-29 13:30,526.92,527.19,526.16,526.59,455623
1717007400,2024-05-29 14:30,526.58,527.18,526.01,526.86,506808
1717011000,2024-05-29 15:30,526.85,527.18,525.56,526.11,1260892
1717075800,2024-05-30 09:30,524.51,524.99,523.37,524,906881
1717079400,2024-05-30 10:30,523.98,524.08,522.88,523.95,477459
1717083000,2024-05-30 11:30,523.95,524.54,523.69,524.04,442631
1717086600,2024-05-30 12:30,524.04,525.14,523.935,524.96,493626
1717090200,2024-05-30 13:30,524.96,525.19,523.59,524.2,473344
1717093800,2024-05-30 14:30,524.18,524.45,522.85,523.37,753657
1717097400,2024-05-30 15:30,523.38,523.57,521.34,522.62,1874517
1717162200,2024-05-31 09:30,523.6,524.81,520.865,521.09,1169244
1717165800,2024-05-31 10:30,521.09,521.14,520.03,520.15,793535
1717169400,2024-05-31 11:30,520.09,520.23,518.36,518.8,833131
1717173000,2024-05-31 12:30,518.77,520.93,518.72,520.815,669055
1717176600,2024-05-31 13:30,520.81,521.29,520.45,520.77,622288
1717180200,2024-05-31 14:30,520.78,522.74,520.59,522.25,1033282
1717183800,2024-05-31 15:30,522.24,527.5,522,527.39,5198129
1717421400,2024-06-03 09:30,529.02,529.2,527.355,528.18,1856959
1717425000,2024-06-03 10:30,528.21,528.26,525.4,526.4,1070448
1717428600,2024-06-03 11:30,526.37,526.69,523.65,523.96,645456
1717432200,2024-06-03 12:30,523.95,524.69,522.6,524.63,569154
1717435800,2024-06-03 13:30,524.64,525.78,524.58,525.11,623196
1717439400,2024-06-03 14:30,525.1,526.5,525.1,526.25,609974
1717443000,2024-06-03 15:30,526.29,527.83,525.73,527.75,1292831
1717507800,2024-06-04 09:30,526.46,527.75,525.74,526.99,953215
1717511400,2024-06-04 10:30,526.96,527.38,525.63,525.875,496285
1717515000,2024-06-04 11:30,525.86,526.09,524.95,526.01,421929
1717518600,2024-06-04 12:30,526.02,527.01,525.65,526.97,341988
1717522200,2024-06-04 13:30,527,528.97,526.35,528.93,561048
1717525800,2024-06-04 14:30,528.94,529.15,526.61,527.65,710997
1717529400,2024-06-04 15:30,527.66,528.6,527.01,528.32,921938
1717594200,2024-06-05 09:30,530.77,530.82,528.75,530.26,1473549
1717597800,2024-06-05 10:30,530.27,532.17,530.27,531.91,765598
1717601400,2024-06-05 11:30,531.91,532.44,531.73,532.14,487158
1717605000,2024-06-05 12:30,532.12,532.98,532.08,532.73,445466
1717608600,2024-06-05 13:30,532.74,533.49,532.63,533.48,455597
1717612200,2024-06-05 14:30,533.49,534.165,533.43,533.7,623838
1717615800,2024-06-05 15:30,533.65,534.69,533.24,534.66,1444588
1717680600,2024-06-06 09:30,534.97,535.41,534.34,535.06,1135997
1717684200,2024-06-06 10:30,535.04,535.04,534.21,534.49,348272
1717687800,2024-06-06 11:30,534.48,534.54,533.56,533.71,407539
1717691400,2024-06-06 12:30,533.74,534.27,533.25,534.14,346274
1717695000,2024-06-06 13:30,534.14,534.45,532.68,533.65,461694
1717698600,2024-06-06 14:30,533.65,534.63,533.39,534.49,407048
1717702200,2024-06-06 15:30,534.5,534.67,534,534.62,838920
1717767000,2024-06-07 09:30,533.66,534.77,532.54,534.66,1088870
1717770600,2024-06-07 10:30,534.63,536.39,533.96,534.96,681179
1717774200,2024-06-07 11:30,534.97,535.94,534.68,535.9,280772
1717777800,2024-06-07 12:30,535.91,536.9,534.93,536.16,356758
1717781400,2024-06-07 13:30,536.2,536.42,533.49,534.69,637495
1717785000,2024-06-07 14:30,534.7,535.44,533.79,534.73,485918
1717788600,2024-06-07 15:30,534.74,534.87,533.72,533.97,1172104
1718026200,2024-06-10 09:30,533.2,533.63,532.56,533.59,806064
1718029800,2024-06-10 10:30,533.59,534.38,533.43,534.38,351511
1718033400,2024-06-10 11:30,534.39,535.14,534.33,534.87,485234
1718037000,2024-06-10 12:30,534.87,535.07,534.265,534.31,400766
1718040600,2024-06-10 13:30,534.31,535.73,534.23,534.5,617710
1718044200,2024-06-10 14:30,534.48,536,534.29,535.59,723573
1718047800,2024-06-10 15:30,535.6,535.72,534.7,535.66,2110776
1718112600,2024-06-11 09:30,534.09,534.1,532.04,533.7,899647
1718116200,2024-06-11 10:30,533.72,534.74,533.6,534.41,376070
1718119800,2024-06-11 11:30,534.45,534.77,533.55,533.85,394994
1718123400,2024-06-11 12:30,533.84,534.81,533.71,534.25,366903
1718127000,2024-06-11 13:30,534.24,536.23,534.21,536.2,461786
1718130600,2024-06-11 14:30,536.21,536.63,535.81,535.87,865550
1718134200,2024-06-11 15:30,535.86,537.01,535.63,536.94,1303155
1718199000,2024-06-12 09:30,541.63,543.93,541.22,543.93,1546571
1718202600,2024-06-12 10:30,543.92,543.96,542.56,543.22,807392
1718206200,2024-06-12 11:30,543.22,543.25,542.495,542.495,472786
1718209800,2024-06-12 12:30,542.52,543.37,542.42,542.92,376578
1718213400,2024-06-12 13:30,542.92,542.93,540.79,542.67,995479
1718217000,2024-06-12 14:30,542.69,544.12,540.74,540.98,1567521
1718220600,2024-06-12 15:30,541.01,542.39,540.33,541.3,1681403
1718285400,2024-06-13 09:30,543.15,543.19,540.435,541.03,1208069
1718289000,2024-06-13 10:30,541.03,541.36,540.24,541.19,537642
1718292600,2024-06-13 11:30,541.18,541.64,539.65,539.74,378652
1718296200,2024-06-13 12:30,539.73,541.96,539.59,541.72,426588
1718299800,2024-06-13 13:30,541.74,542.21,541.19,542.08,400464
1718303400,2024-06-13 14:30,542.08,543.05,541.98,542.5,759472
1718307000,2024-06-13 15:30,542.51,543.32,542.19,542.41,1189203
1718371800,2024-06-14 09:30,540.88,541.62,539.96,540.87,813773
1718375400,2024-06-14 10:30,540.88,541.65,539.86,541.43,494844
1718379000,2024-06-14 11:30,541.45,541.85,540.28,541.12,487652
1718382600,2024-06-14 12:30,541.11,542.41,540.94,542.1,417507
1718386200,2024-06-14 13:30,542.07,542.37,541.17,541.87,411489
1718389800,2024-06-14 14:30,541.88,542.43,541.33,542.36,624458
1718393400,2024-06-14 15:30,542.37,542.805,541.865,542.74,985446
1718631000,2024-06-17 09:30,542.08,542.89,541.61,542.31,708378
1718634600,2024-06-17 10:30,542.3,544.03,542.23,543.82,529734
1718638200,2024-06-17 11:30,543.82,545.43,543.48,545.41,496069
1718641800,2024-06-17 12:30,545.42,546.55,545.16,546.35,640374
1718645400,2024-06-17 13:30,546.37,548.53,546.32,548.01,969870
1718649000,2024-06-17 14:30,548.01,548.39,547.46,548.28,889963
1718652600,2024-06-17 15:30,548.27,548.29,546.74,547.05,1752225
1718717400,2024-06-18 09:30,547.16,548.21,547.11,547.41,636810
1718721000,2024-06-18 10:30,547.4,547.97,546.73,547.07,337396
1718724600,2024-06-18 11:30,547.06,548.07,546.98,547.36,428453
1718728200,2024-06-18 12:30,547.36,548.17,547.23,548.07,339400
1718731800,2024-06-18 13:30,548.07,548.62,547.09,547.75,560963
1718735400,2024-06-18 14:30,547.74,548.07,547.42,547.9,585030
1718739000,2024-06-18 15:30,547.9,548.5,547.63,548.47,1436419
1718890200,2024-06-20 09:30,549.44,550.12,548.4,549.08,868606
1718893800,2024-06-20 10:30,549.06,549.53,548.66,548.82,527204
1718897400,2024-06-20 11:30,548.81,549.11,546.94,546.96,739193
1718901000,2024-06-20 12:30,546.96,547.7,545.75,546.02,822207
1718904600,2024-06-20 13:30,546,548.14,545.19,548.06,1231863
1718908200,2024-06-20 14:30,548.06,548.19,545.77,547.15,1396502
1718911800,2024-06-20 15:30,547.16,547.76,546.59,546.98,2312502
1718976600,2024-06-21 09:30,544.42,544.86,543.03,544.36,1031043
1718980200,2024-06-21 10:30,544.31,545.25,543.85,544.4,542522
1718983800,2024-06-21 11:30,544.42,545.65,544.01,545.25,437133
1718987400,2024-06-21 12:30,545.26,545.33,543.88,544.09,378261
1718991000,2024-06-21 13:30,544.07,544.755,543.56,544.7,589278
1718994600,2024-06-21 14:30,544.69,544.845,543.96,544.4,552706
1718998200,2024-06-21 15:30,544.4,545.22,544.08,544.13,2354264
1719235800,2024-06-24 09:30,544.33,546.94,543.75,545.44,1071580
1719239400,2024-06-24 10:30,545.43,546.36,544.66,546.12,633491
1719243000,2024-06-24 11:30,546.15,546.27,545.57,545.96,319438
1719246600,2024-06-24 12:30,545.97,546.18,544,544.27,495856
1719250200,2024-06-24 13:30,544.27,544.54,543.42,543.77,665160
1719253800,2024-06-24 14:30,543.765,544.65,543.48,544.23,755340
1719257400,2024-06-24 15:30,544.24,544.42,542.63,542.63,2162984
1719322200,2024-06-25 09:30,543.99,544.19,543.02,543.99,797229
1719325800,2024-06-25 10:30,543.98,544.48,543.44,544.06,392530
1719329400,2024-06-25 11:30,544.05,544.43,543.42,543.61,390724
1719333000,2024-06-25 12:30,543.61,543.69,542.44,543.69,416162
1719336600,2024-06-25 13:30,543.69,544.86,543.44,544.84,405691
1719340200,2024-06-25 14:30,544.84,545.12,543.83,545.12,641379
1719343800,2024-06-25 15:30,545.12,545.2,544.17,544.79,1179935
1719408600,2024-06-26 09:30,543.68,544.8,543.18,543.8,842380
1719412200,2024-06-26 10:30,543.8,544.57,543.04,543.96,703727
1719415800,2024-06-26 11:30,543.95,545.47,543.66,545.19,467488
1719419400,2024-06-26 12:30,545.18,545.34,544.01,544.52,458623
1719423000,2024-06-26 13:30,544.53,544.93,544.27,544.74,336355
1719426600,2024-06-26 14:30,544.74,545.11,544.14,544.64,422274
1719430200,2024-06-26 15:30,544.63,546.23,544.47,545.52,1152049
1719495000,2024-06-27 09:30,545.37,546.97,545.14,546.53,674001
1719498600,2024-06-27 10:30,546.54,546.81,544.91,545.28,637269
1719502200,2024-06-27 11:30,545.27,546.02,544.68,545.86,580296
1719505800,2024-06-27 12:30,545.85,546.34,545.63,546.26,383388
1719509400,2024-06-27 13:30,546.31,546.425,544.64,544.78,502328
1719513000,2024-06-27 14:30,544.78,545.81,544.63,545.765,514254
1719516600,2024-06-27 15:30,545.76,546.4,545.19,546.34,1436641
1719581400,2024-06-28 09:30,547.165,550.28,546.68,549.53,1430360
1719585000,2024-06-28 10:30,549.52,550.06,547.27,547.74,920645
1719588600,2024-06-28 11:30,547.76,548.32,546.22,546.985,543455
1719592200,2024-06-28 12:30,546.96,547.13,545.49,546.28,709746
1719595800,2024-06-28 13:30,546.28,546.57,545.24,545.39,619112
1719599400,2024-06-28 14:30,545.4,545.65,544.58,544.79,1338925
1719603000,2024-06-28 15:30,544.8,545.46,542.95,544.11,3420073
1719840600,2024-07-01 09:30,545.63,545.85,542.61,544.3,1408706
1719844200,2024-07-01 10:30,544.34,544.4,542.53,544.22,588428
1719847800,2024-07-01 11:30,544.21,545.25,543.65,545.23,471545
1719851400,2024-07-01 12:30,545.23,545.37,544.61,545.06,351992
1719855000,2024-07-01 13:30,545.07,545.67,544.55,544.8,345615
1719858600,2024-07-01 14:30,544.8,545.14,543.82,544.34,436583
1719862200,2024-07-01 15:30,544.35,545.88,544.29,545.36,1237143
1719927000,2024-07-02 09:30,543.7,545.7,543.65,545.34,794913
1719930600,2024-07-02 10:30,545.33,546.1,545.11,546.06,386896
1719934200,2024-07-02 11:30,546.06,546.5,545.12,545.84,443764
1719937800,2024-07-02 12:30,545.84,546.92,545.62,546.66,452831
1719941400,2024-07-02 13:30,546.67,547.88,546.46,547.73,398732
1719945000,2024-07-02 14:30,547.73,548.08,547.48,547.97,482250
1719948600,2024-07-02 15:30,547.96,548.98,547.83,548.97,1513683
1720013400,2024-07-03 09:30,548.69,550.07,548.65,549.18,1010041
1720017000,2024-07-03 10:30,549.16,550.48,549.09,550.02,629258
1720020600,2024-07-03 11:30,550.03,551.19,549.89,551.13,804985
1720024200,2024-07-03 12:30,551.13,551.83,550.575,551.39,1435713
1720186200,2024-07-05 09:30,551.77,552.77,551.125,552.08,794267
1720189800,2024-07-05 10:30,552.09,553.14,551.8,552.91,683530
1720193400,2024-07-05 11:30,552.89,553.75,552.87,553.61,467386
1720197000,2024-07-05 12:30,553.58,553.975,553.1,553.87,337213
1720200600,2024-07-05 13:30,553.89,554.52,553.84,554.02,604247
1720204200,2024-07-05 14:30,554.04,554.61,553.86,554.35,676290
1720207800,2024-07-05 15:30,554.36,555.05,554.25,554.68,1628031
1720445400,2024-07-08 09:30,555.44,556.25,555.16,555.5,767506
1720449000,2024-07-08 10:30,555.49,555.57,554.92,555.37,351249
1720452600,2024-07-08 11:30,555.36,555.445,554.3,554.58,403130
1720456200,2024-07-08 12:30,554.58,554.91,554.465,554.9,227089
1720459800,2024-07-08 13:30,554.91,555.37,554.88,555.23,256891
1720463400,2024-07-08 14:30,555.23,555.23,554.19,554.62,376998
1720467000,2024-07-08 15:30,554.6,555.55,554.52,555.34,1218324
1720531800,2024-07-09 09:30,556.26,556.89,555.67,556.02,630695
1720535400,2024-07-09 10:30,556.01,556.9,555.73,556.05,527920
1720539000,2024-07-09 11:30,556.05,556.81,555.85,556.69,360573
1720542600,2024-07-09 12:30,556.68,557.18,555.74,556.01,562408
1720546200,2024-07-09 13:30,556,556.34,555.73,555.74,381072
1720549800,2024-07-09 14:30,555.75,556.17,555.52,555.781,655982
1720553400,2024-07-09 15:30,555.78,556.08,555.56,555.85,825120
1720618200,2024-07-10 09:30,557.07,557.74,556.79,557.36,682330
1720621800,2024-07-10 10:30,557.34,557.69,556.77,557.68,272923
1720625400,2024-07-10 11:30,557.68,559.02,557.67,558.95,531892
1720629000,2024-07-10 12:30,558.95,559.74,558.67,559.37,488727
1720632600,2024-07-10 13:30,559.35,559.87,559.21,559.57,388113
1720636200,2024-07-10 14:30,559.57,560.22,559.53,560.06,780889
1720639800,2024-07-10 15:30,560.08,561.67,559.97,561.26,1684893
1720704600,2024-07-11 09:30,561.44,562.33,559.29,559.77,1205432
1720708200,2024-07-11 10:30,559.75,560.37,557.13,557.32,922537
1720711800,2024-07-11 11:30,557.32,557.59,556.18,557.2,783908
1720715400,2024-07-11 12:30,557.21,557.77,555.88,557.08,695026
1720719000,2024-07-11 13:30,557.07,557.07,555.83,556.25,641799
1720722600,2024-07-11 14:30,556.23,557.49,556.19,556.58,786242
1720726200,2024-07-11 15:30,556.56,557.57,556.4,556.43,2171838
1720791000,2024-07-12 09:30,557.63,559.86,557.15,559.79,1188873
1720794600,2024-07-12 10:30,559.78,561.73,559.69,561.72,708599
1720798200,2024-07-12 11:30,561.71,561.76,560.13,560.65,573855
1720801800,2024-07-12 12:30,560.63,562.43,560.44,562.43,942125
1720805400,2024-07-12 13:30,562.43,563.67,562.24,562.99,934613
1720809000,2024-07-12 14:30,563.03,563.3,562.56,562.82,791803
1720812600,2024-07-12 15:30,562.82,562.82,558.95,559.9,2300736
1721050200,2024-07-15 09:30,562.01,562.83,561.39,562.71,987633
1721053800,2024-07-15 10:30,562.69,564.83,562.67,563.73,547460
1721057400,2024-07-15 11:30,563.71,564.15,562.14,562.88,602438
1721061000,2024-07-15 12:30,562.88,563.18,561.36,561.67,464770
1721064600,2024-07-15 13:30,561.64,561.85,560.71,561.815,461006
1721068200,2024-07-15 14:30,561.82,562.56,561.66,562.06,509139
1721071800,2024-07-15 15:30,562.06,562.29,559.62,561.49,1741671
1721136600,2024-07-16 09:30,562.87,563.61,562.1,562.65,810919
1721140200,2024-07-16 10:30,562.64,564.47,562.42,563.545,548346
1721143800,2024-07-16 11:30,563.53,563.58,562.23,562.6,340647
1721147400,2024-07-16 12:30,562.61,563.58,562.29,562.73,313210
1721151000,2024-07-16 13:30,562.71,563.59,562.49,563.39,495588
1721154600,2024-07-16 14:30,563.38,564.6,563.29,564.43,764403
1721158200,2024-07-16 15:30,564.4,565.16,564.01,564.85,1076332
1721223000,2024-07-17 09:30,558.79,560.51,557.91,558.7,1668199
1721226600,2024-07-17 10:30,558.69,559.1,557.81,558.6,742098
1721230200,2024-07-17 11:30,558.61,558.67,557.3,557.35,611514
1721233800,2024-07-17 12:30,557.35,558.04,556.62,557.39,730217
1721237400,2024-07-17 13:30,557.37,558.15,556.84,558.05,665217
1721241000,2024-07-17 14:30,558.04,558.38,557.04,558.07,705436
1721244600,2024-07-17 15:30,558.06,558.28,556.95,556.96,1760910
1721309400,2024-07-18 09:30,558.51,559.53,557.7,558.86,1236538
1721313000,2024-07-18 10:30,558.83,558.83,553.77,553.84,1230598
1721316600,2024-07-18 11:30,553.8,554.35,552.39,552.93,984847
1721320200,2024-07-18 12:30,552.89,554.945,552.69,554.36,581696
1721323800,2024-07-18 13:30,554.38,554.81,552.57,552.59,572025
1721327400,2024-07-18 14:30,552.57,552.86,550.45,551.44,1306137
1721331000,2024-07-18 15:30,551.42,553.85,551.15,552.75,1886499
1721395800,2024-07-19 09:30,552.42,554.05,551.02,551.11,1191282
1721399400,2024-07-19 10:30,551.13,551.99,549.6,549.66,851126
1721403000,2024-07-19 11:30,549.67,551.49,549.21,550.06,983807
1721406600,2024-07-19 12:30,550.07,550.19,547.9,548.55,840851
1721410200,2024-07-19 13:30,548.57,549.71,548.09,548.68,669961
1721413800,2024-07-19 14:30,548.7,550.46,548.02,549.99,1031301
1721417400,2024-07-19 15:30,549.99,550.08,548.14,548.92,2023638
1721655000,2024-07-22 09:30,553,554.42,551.36,553.19,1547831
1721658600,2024-07-22 10:30,553.22,554.46,551.7,551.74,877306
1721662200,2024-07-22 11:30,551.7,552.42,551.03,552.1,614496
1721665800,2024-07-22 12:30,552.1,554.38,551.8,554.13,488683
1721669400,2024-07-22 13:30,554.14,555.07,554.12,554.58,438325
1721673000,2024-07-22 14:30,554.57,555.27,554.16,554.52,519587
1721676600,2024-07-22 15:30,554.53,555.15,554.34,554.67,1175171
1721741400,2024-07-23 09:30,554.54,556.41,554.13,556,859761
1721745000,2024-07-23 10:30,556.02,556.74,554.28,556.45,518047
1721748600,2024-07-23 11:30,556.41,556.65,554.53,555.07,381345
1721752200,2024-07-23 12:30,555.06,555.12,554.18,554.765,414778
1721755800,2024-07-23 13:30,554.73,555.55,554.28,554.9,365185
1721759400,2024-07-23 14:30,554.9,555.39,554.75,555.19,280996
1721763000,2024-07-23 15:30,555.17,555.18,553.27,553.73,1116659
1721827800,2024-07-24 09:30,548.87,549.17,545.44,546.04,1753049
1721831400,2024-07-24 10:30,546,546.18,544.19,544.76,1045690
1721835000,2024-07-24 11:30,544.74,545.28,543.89,544.18,729312
1721838600,2024-07-24 12:30,544.16,545.03,543.64,544.28,863447
1721842200,2024-07-24 13:30,544.27,544.95,543.18,543.36,734126
1721845800,2024-07-24 14:30,543.35,543.58,541.49,541.65,1386158
1721849400,2024-07-24 15:30,541.65,542.9,540.3,541.18,2998059
1721914200,2024-07-25 09:30,541.35,541.59,537.45,540.6,2105775
1721917800,2024-07-25 10:30,540.55,544.63,540.03,543.23,1464945
1721921400,2024-07-25 11:30,543.19,546.38,542.4,546.15,965412
1721925000,2024-07-25 12:30,546.16,547.45,544.49,544.72,832463
1721928600,2024-07-25 13:30,544.73,545.1,542.53,542.97,676910
1721932200,2024-07-25 14:30,542.95,543.68,540.54,543.16,1324413
1721935800,2024-07-25 15:30,543.13,543.3,538.13,538.32,2023081
1722000600,2024-07-26 09:30,542.28,544.63,541.5,543.62,1447590
1722004200,2024-07-26 10:30,543.64,544.03,541.67,543.21,887830
1722007800,2024-07-26 11:30,543.23,546.015,542.89,545.57,1092023
1722011400,2024-07-26 12:30,545.585,547.19,545.3,547.05,771696
1722015000,2024-07-26 13:30,547.05,547.13,544.03,544.49,1084526
1722018600,2024-07-26 14:30,544.5,545.08,543.03,544.75,749876
1722022200,2024-07-26 15:30,544.75,544.83,542.74,544.4,1695684
1722259800,2024-07-29 09:30,546.02,547.04,544.75,545.37,1050606
1722263400,2024-07-29 10:30,545.4,545.66,543.36,544.13,574443
1722267000,2024-07-29 11:30,544.12,546.77,542.73,546,588871
1722270600,2024-07-29 12:30,546,547.05,545.28,545.31,390399
1722274200,2024-07-29 13:30,545.32,545.99,544.6,544.96,379361
1722277800,2024-07-29 14:30,544.94,545.64,544.47,545.43,425325
1722281400,2024-07-29 15:30,545.43,546.05,544.52,544.75,1019164
1722346200,2024-07-30 09:30,546.26,547.34,544.79,544.97,1167683
1722349800,2024-07-30 10:30,544.97,545.09,541.23,542.14,827758
1722353400,2024-07-30 11:30,542.1,542.39,540.1,540.85,605551
1722357000,2024-07-30 12:30,540.8,541.15,538.51,540.52,639523
1722360600,2024-07-30 13:30,540.5,542.66,540.19,541.92,462218
1722364200,2024-07-30 14:30,541.91,542.21,540.79,541.71,556455
1722367800,2024-07-30 15:30,541.7,543.655,541.25,541.92,1475039
1722432600,2024-07-31 09:30,548.98,550.55,547.58,550.29,1420023
1722436200,2024-07-31 10:30,550.34,551.27,549.62,551.12,706585
1722439800,2024-07-31 11:30,551.12,551.7,550.285,550.5,492688
1722443400,2024-07-31 12:30,550.5,550.99,549.93,550.33,488360
1722447000,2024-07-31 13:30,550.32,551.3,548.65,550.96,868537
1722450600,2024-07-31 14:30,550.99,553.5,549.25,549.66,1610215
1722454200,2024-07-31 15:30,549.71,552.25,549.27,550.45,2773073
1722519000,2024-08-01 09:30,552.57,554.86,549.82,549.84,1545876
1722522600,2024-08-01 10:30,549.86,550.25,546,546.16,1261818
1722526200,2024-08-01 11:30,546.15,546.58,544.17,545.04,1037258
1722529800,2024-08-01 12:30,545.05,545.05,541.83,542.27,929379
1722533400,2024-08-01 13:30,542.29,542.85,539.82,540.26,1391902
1722537000,2024-08-01 14:30,540.24,541.71,539.43,541.48,1196074
1722540600,2024-08-01 15:30,541.46,543.48,541.17,543.05,2508929
1722605400,2024-08-02 09:30,535.73,536.97,529.58,530.54,2722714
1722609000,2024-08-02 10:30,530.51,531.5,528.6,529.42,1810662
1722612600,2024-08-02 11:30,529.43,533.19,529.2,532.73,1521179
1722616200,2024-08-02 12:30,532.68,533.51,530.51,530.58,935332
1722619800,2024-08-02 13:30,530.56,531.78,529.55,531.75,985791
1722623400,2024-08-02 14:30,531.73,532.61,530.63,532.34,1188194
1722627000,2024-08-02 15:30,532.3,533.17,530.53,532.98,2032875
1722864600,2024-08-05 09:30,511.65,520.93,510.28,514.66,6674949
1722868200,2024-08-05 10:30,514.66,520.93,514.62,519.68,2452696
1722871800,2024-08-05 11:30,519.66,523.58,519.12,523.57,1711380
1722875400,2024-08-05 12:30,523.53,523.53,518.26,519.64,1685167
1722879000,2024-08-05 13:30,519.64,520.89,517.72,518.94,1229976
1722882600,2024-08-05 14:30,518.95,519.39,515.32,516.43,2024127
1722886200,2024-08-05 15:30,516.4,517.73,514.9,517.46,4037504
1722951000,2024-08-06 09:30,519.22,524.29,517.88,522.93,2387084
1722954600,2024-08-06 10:30,522.94,526.5,522.151,522.45,1179010
1722958200,2024-08-06 11:30,522.48,526.955,522.45,525.96,801364
1722961800,2024-08-06 12:30,526.02,528.15,525.51,527.84,718778
1722965400,2024-08-06 13:30,527.88,528.92,526.9,528.87,888235
1722969000,2024-08-06 14:30,528.9,529.75,525.02,526.73,1663516
1722972600,2024-08-06 15:30,526.73,527.03,521.98,522.19,2958919
1723037400,2024-08-07 09:30,528.48,531.59,527.95,528.72,1591584
1723041000,2024-08-07 10:30,528.77,531.15,528.48,529.51,851689
1723044600,2024-08-07 11:30,529.55,530,525.8,527.66,903715
1723048200,2024-08-07 12:30,527.65,527.83,522.27,523.62,1361625
1723051800,2024-08-07 13:30,523.64,524.98,519.44,520.77,1568286
1723055400,2024-08-07 14:30,520.65,522.1,518.83,521.07,1539075
1723059000,2024-08-07 15:30,521.04,521.79,518.05,518.64,2119633
1723123800,2024-08-08 09:30,523.85,527.99,521.84,527.86,1853471
1723127400,2024-08-08 10:30,527.9,528.48,526.42,527.82,917119
1723131000,2024-08-08 11:30,527.82,529.01,526.86,528.45,701948
1723134600,2024-08-08 12:30,528.4,529.98,526.65,529.95,855391
1723138200,2024-08-08 13:30,529.97,531.3,529.69,530.37,857860
1723141800,2024-08-08 14:30,530.37,530.91,529.04,529.31,880338
1723145400,2024-08-08 15:30,529.31,531.03,528.21,530.63,2310257
1723210200,2024-08-09 09:30,529.81,531.81,528.57,530.63,1362358
1723213800,2024-08-09 10:30,530.67,532.64,529.38,530.83,725234
1723217400,2024-08-09 11:30,530.9,531.85,529.8,530.3,405396
1723221000,2024-08-09 12:30,530.28,534.14,530.245,534.12,523374
1723224600,2024-08-09 13:30,534.13,534.51,531.71,532.02,707961
1723228200,2024-08-09 14:30,532,533.15,531.47,532.74,655236
1723231800,2024-08-09 15:30,532.74,533.41,532.06,532.91,1073958
1723469400,2024-08-12 09:30,534.2,534.74,530.97,534.15,1324849
1723473000,2024-08-12 10:30,534.21,535.73,531.86,532.89,786224
1723476600,2024-08-12 11:30,532.85,535.15,532.14,534.08,686958
1723480200,2024-08-12 12:30,534.07,534.55,532.1,533.44,464670
1723483800,2024-08-12 13:30,533.44,533.85,531.76,532.63,505672
1723487400,2024-08-12 14:30,532.62,533.24,532.36,532.64,665172
1723491000,2024-08-12 15:30,532.65,533.3,531.76,533.26,1301328
1723555800,2024-08-13 09:30,536.59,538.45,536.28,537.46,1221983
1723559400,2024-08-13 10:30,537.45,538.97,536.34,538.69,444019
1723563000,2024-08-13 11:30,538.69,540.16,538.51,539.69,478290
1723566600,2024-08-13 12:30,539.72,541.12,539.27,540.74,595680
1723570200,2024-08-13 13:30,540.75,541.03,539.48,540.91,555921
1723573800,2024-08-13 14:30,540.915,541.69,540.61,541.2,696194
1723577400,2024-08-13 15:30,541.2,542.28,540.96,541.99,1798073
1723642200,2024-08-14 09:30,542.85,543.27,540.84,541.86,1118116
1723645800,2024-08-14 10:30,541.85,543.16,540.13,543.16,645475
1723649400,2024-08-14 11:30,543.2,544.96,542.13,542.62,834582
1723653000,2024-08-14 12:30,542.64,543.55,541.8,543.22,504041
1723656600,2024-08-14 13:30,543.19,543.63,542.61,543.37,452872
1723660200,2024-08-14 14:30,543.37,544.35,542.86,543.11,750815
1723663800,2024-08-14 15:30,543.13,544.68,542.75,543.76,1545103
1723728600,2024-08-15 09:30,549.5,550.67,548.88,550.42,2030427
1723732200,2024-08-15 10:30,550.4,551.89,550.37,551.38,1147176
1723735800,2024-08-15 11:30,551.385,552.71,551.28,552.58,668901
1723739400,2024-08-15 12:30,552.59,552.62,551.27,552.04,656371
1723743000,2024-08-15 13:30,552.05,552.92,552.05,552.8,689151
1723746600,2024-08-15 14:30,552.81,553.18,552.45,553.07,852712
1723750200,2024-08-15 15:30,553.06,553.36,551.92,553.12,2335897
1723815000,2024-08-16 09:30,551.42,553.63,551.255,552.96,882919
1723818600,2024-08-16 10:30,552.97,553.16,551.65,552.69,617074
1723822200,2024-08-16 11:30,552.68,554.16,552.49,553.895,426455
1723825800,2024-08-16 12:30,553.9,555.01,553.77,554.58,380815
1723829400,2024-08-16 13:30,554.61,554.86,553.81,554.26,412604
1723833000,2024-08-16 14:30,554.3,554.73,553.91,554.1,528619
1723836600,2024-08-16 15:30,554.08,554.46,553.56,554.26,1147961
1724074200,2024-08-19 09:30,554.73,555.68,553.86,555.355,951266
1724077800,2024-08-19 10:30,555.36,556.75,555.27,556.51,490030
1724081400,2024-08-19 11:30,556.51,556.96,555.79,556.77,424010
1724085000,2024-08-19 12:30,556.76,557.47,556.51,557.12,315476
1724088600,2024-08-19 13:30,557.13,557.76,556.9,557.7,444544
1724092200,2024-08-19 14:30,557.71,558.48,557.69,558.2,730080
1724095800,2024-08-19 15:30,558.2,559.58,557.94,559.55,1468792
1724160600,2024-08-20 09:30,559.15,560.85,558.79,559.12,845435
1724164200,2024-08-20 10:30,559.1,559.2,557.88,557.97,660845
1724167800,2024-08-20 11:30,557.96,559.43,557.85,558.59,418378
1724171400,2024-08-20 12:30,558.58,558.75,557.32,558.17,328119
1724175000,2024-08-20 13:30,558.18,559.73,557.69,559.4,428270
1724178600,2024-08-20 14:30,559.39,559.48,558.65,558.68,362083
1724182200,2024-08-20 15:30,558.68,559.17,558.4,558.62,904580
1724247000,2024-08-21 09:30,559.77,560.84,559.02,560.2,968487
1724250600,2024-08-21 10:30,560.18,562.11,558.55,560,732903
1724254200,2024-08-21 11:30,559.98,560.18,557.97,559.43,356062
1724257800,2024-08-21 12:30,559.41,560.36,559.35,560.02,207544
1724261400,2024-08-21 13:30,560.02,561.27,559.88,561.27,442497
1724265000,2024-08-21 14:30,561.27,561.69,559.21,560.11,758958
1724268600,2024-08-21 15:30,560.1,561.04,559.75,560.71,1274404
1724333400,2024-08-22 09:30,562.56,563.17,560.53,561.14,1031716
1724337000,2024-08-22 10:30,561.1,561.24,559.06,559.15,542250
1724340600,2024-08-22 11:30,559.14,559.91,557.08,559.69,779696
1724344200,2024-08-22 12:30,559.68,560.07,556.89,557.53,828133
1724347800,2024-08-22 13:30,557.49,557.62,555.25,557.05,787747
1724351400,2024-08-22 14:30,557.05,557.29,555.53,555.81,615149
1724355000,2024-08-22 15:30,555.82,556.49,554.98,556.19,1928692
1724419800,2024-08-23 09:30,559.53,563.1,558.82,562.69,1824859
1724423400,2024-08-23 10:30,562.73,562.84,558.35,561.645,1312556
1724427000,2024-08-23 11:30,561.66,562.5,558.03,558.57,707971
1724430600,2024-08-23 12:30,558.59,560.43,557.29,560.26,535344
1724434200,2024-08-23 13:30,560.27,561.02,560.16,560.85,440350
1724437800,2024-08-23 14:30,560.88,562.27,560.18,562.17,614118
1724441400,2024-08-23 15:30,562.17,562.68,560.71,562.09,1336239
1724679000,2024-08-26 09:30,563.18,563.91,561.5,561.9,1089666
1724682600,2024-08-26 10:30,561.9,561.93,560.17,560.69,581330
1724686200,2024-08-26 11:30,560.6,561.24,559.74,561.17,344689
1724689800,2024-08-26 12:30,561.21,561.7,560.86,560.96,289983
1724693400,2024-08-26 13:30,560.95,561.09,559.05,560.27,419863
1724697000,2024-08-26 14:30,560.24,560.9,560.04,560.45,435937
1724700600,2024-08-26 15:30,560.45,560.83,559.85,560.75,1383458
1724765400,2024-08-27 09:30,559.46,561.11,558.32,561.06,936196
1724769000,2024-08-27 10:30,561.03,562.05,560.75,560.79,533346
1724772600,2024-08-27 11:30,560.78,561.2,559.83,560.815,360587
1724776200,2024-08-27 12:30,560.78,561.86,559.86,561.75,276065
1724779800,2024-08-27 13:30,561.8,562.05,561.39,561.77,309128
1724783400,2024-08-27 14:30,561.74,561.86,561.15,561.52,423850
1724787000,2024-08-27 15:30,561.45,561.85,561.14,561.53,1209771
1724851800,2024-08-28 09:30,561.21,561.65,560.41,561.1,504017
1724855400,2024-08-28 10:30,561.07,561.3,557.7,558.32,587478
1724859000,2024-08-28 11:30,558.29,558.65,556.89,557.54,661754
1724862600,2024-08-28 12:30,557.49,558.88,557.31,557.95,328229
1724866200,2024-08-28 13:30,557.89,558.3,555.04,555.75,768224
1724869800,2024-08-28 14:30,555.7,558.78,555.5,558.56,792994
1724873400,2024-08-28 15:30,558.55,559.35,558.04,558.33,1403351
1724938200,2024-08-29 09:30,560.31,561.95,559.4,561.71,1218623
1724941800,2024-08-29 10:30,561.72,563.19,561.49,562.12,558131
1724945400,2024-08-29 11:30,562.14,563.54,561.9,563.26,417870
1724949000,2024-08-29 12:30,563.27,563.68,562.15,562.46,347783
1724952600,2024-08-29 13:30,562.47,562.89,560.35,560.57,483954
1724956200,2024-08-29 14:30,560.5,560.5,557.18,559.14,1055473
1724959800,2024-08-29 15:30,559.17,559.95,557.68,558.305,1391734
1725024600,2024-08-30 09:30,560.78,562.25,560.41,561.28,800013
1725028200,2024-08-30 10:30,561.29,562.16,559.07,559.21,524880
1725031800,2024-08-30 11:30,559.2,559.67,558,558.1,569083
1725035400,2024-08-30 12:30,558.09,559.84,557.14,558.91,502570
1725039000,2024-08-30 13:30,558.91,560.07,558.61,559.67,575710
1725042600,2024-08-30 14:30,559.7,561.97,559.65,561.82,1194592
1725046200,2024-08-30 15:30,561.82,564.2,561.2,563.59,2126335
1725370200,2024-09-03 09:30,560.47,560.79,556.31,557.2,1530786
1725373800,2024-09-03 10:30,557.18,557.18,555.14,556.409,944786
1725377400,2024-09-03 11:30,556.39,556.98,555.21,555.66,687288
1725381000,2024-09-03 12:30,555.64,555.87,554.68,555.66,496368
1725384600,2024-09-03 13:30,555.66,555.72,552.94,553.03,779599
1725388200,2024-09-03 14:30,553.01,553.79,552.31,552.53,869095
1725391800,2024-09-03 15:30,552.54,552.75,549.51,552.14,2416791
1725456600,2024-09-04 09:30,550.2,552.78,550.01,552.5,1478376
1725460200,2024-09-04 10:30,552.5,554.41,552.09,552.14,954909
1725463800,2024-09-04 11:30,552.13,552.39,551.08,552.12,461776
1725467400,2024-09-04 12:30,552.09,553.08,551.05,551.2,474918
1725471000,2024-09-04 13:30,551.2,551.65,550.6,551.36,692079
1725474600,2024-09-04 14:30,551.34,551.75,549.47,550.72,774403
1725478200,2024-09-04 15:30,550.73,551.96,550.08,550.83,1576586
1725543000,2024-09-05 09:30,550.89,553.78,550.65,552.96,1271465
1725546600,2024-09-05 10:30,552.98,553.55,547.82,547.91,941933
1725550200,2024-09-05 11:30,547.89,548.62,547.1,548.56,782548
1725553800,2024-09-05 12:30,548.56,549.27,547.75,547.78,349843
1725557400,2024-09-05 13:30,547.75,550.92,547.75,549.99,575425
1725561000,2024-09-05 14:30,549.99,551.17,548.15,549.29,576296
1725564600,2024-09-05 15:30,549.31,550.26,548.04,549.54,1433585
1725629400,2024-09-06 09:30,549.905,551.58,544.64,544.69,1617714
1725633000,2024-09-06 10:30,544.69,545.49,540.97,541.5,1943485
1725636600,2024-09-06 11:30,541.505,542.66,539.84,539.92,791022
1725640200,2024-09-06 12:30,539.89,542,539.66,540.82,688364
1725643800,2024-09-06 13:30,540.79,541.04,539.44,539.98,582672
1725647400,2024-09-06 14:30,540,541.88,539.56,541.31,718831
1725651000,2024-09-06 15:30,541.34,541.65,539.68,540.43,2621995
1725888600,2024-09-09 09:30,544.65,546.39,544.06,544.73,1175419
1725892200,2024-09-09 10:30,544.72,544.75,542.69,544.21,491521
1725895800,2024-09-09 11:30,544.23,547,544.15,546.89,375120
1725899400,2024-09-09 12:30,546.91,547.72,546.77,547.33,425076
1725903000,2024-09-09 13:30,547.32,547.33,544.9,544.96,497078
1725906600,2024-09-09 14:30,544.96,545.63,544.19,545.58,768588
1725910200,2024-09-09 15:30,545.58,546.51,544.98,546.42,1054591
1725975000,2024-09-10 09:30,548.35,548.66,545.55,547.09,1125856
1725978600,2024-09-10 10:30,547.11,547.7,545.67,547.45,548780
1725982200,2024-09-10 11:30,547.46,547.73,543.4,544.29,698506
1725985800,2024-09-10 12:30,544.24,546.95,544.13,546.36,630427
1725989400,2024-09-10 13:30,546.36,547.95,546.3,547.91,572561
1725993000,2024-09-10 14:30,547.91,548.79,547.82,548.76,636003
1725996600,2024-09-10 15:30,548.75,549.15,548.15,548.78,848501
1726061400,2024-09-11 09:30,548.7,548.76,541.14,541.24,1665433
1726065000,2024-09-11 10:30,541.26,542.9,539.95,542.43,1270848
1726068600,2024-09-11 11:30,542.43,546.82,542.32,546.77,1129963
1726072200,2024-09-11 12:30,546.79,549.19,546.52,548.89,703617
1726075800,2024-09-11 13:30,548.9,551.13,548.82,550.98,882885
1726079400,2024-09-11 14:30,551.03,553.41,550.97,553.35,1420881
1726083000,2024-09-11 15:30,553.34,555.36,552.07,554.36,1822153
1726147800,2024-09-12 09:30,555.01,556,552.74,555.82,1235028
1726151400,2024-09-12 10:30,555.82,556.63,554.06,554.91,906182
1726155000,2024-09-12 11:30,554.96,555.54,554.2,555.38,582235
1726158600,2024-09-12 12:30,555.4,558.09,555,557.85,629291
1726162200,2024-09-12 13:30,557.86,559.36,557.67,559.07,728271
1726165800,2024-09-12 14:30,559.06,559.38,556.53,558.77,911980
1726169400,2024-09-12 15:30,558.76,559.22,558.12,559.01,1432438
1726234200,2024-09-13 09:30,559.7,562.34,559.45,561.14,1079494
1726237800,2024-09-13 10:30,561.16,562.56,560.241,561.85,661777
1726241400,2024-09-13 11:30,561.88,562.94,561.52,561.57,543027
1726245000,2024-09-13 12:30,561.56,562.8,561.33,562.74,469326
1726248600,2024-09-13 13:30,562.75,563.03,561.25,561.41,622288
1726252200,2024-09-13 14:30,561.41,561.97,561.03,561.8,480807
1726255800,2024-09-13 15:30,561.81,562.34,561.28,561.96,948564
1726493400,2024-09-16 09:30,561.74,562.91,560.83,561.48,1007961
1726497000,2024-09-16 10:30,561.44,561.54,559.9,560.83,767866
1726500600,2024-09-16 11:30,560.83,561.42,560.35,561.4,399911
1726504200,2024-09-16 12:30,561.37,561.9,560.79,561.73,424092
1726507800,2024-09-16 13:30,561.73,562.61,561.61,562.54,333589
1726511400,2024-09-16 14:30,562.54,562.72,561.84,562.26,434060
1726515000,2024-09-16 15:30,562.25,563.11,562.17,562.86,764986
1726579800,2024-09-17 09:30,565.1,566.25,564.07,565.93,1209781
1726583400,2024-09-17 10:30,565.95,566.57,564.65,565.14,835387
1726587000,2024-09-17 11:30,565.155,565.33,562.89,563.73,804309
1726590600,2024-09-17 12:30,563.74,563.74,560.97,562.73,862349
1726594200,2024-09-17 13:30,562.72,563.18,560.79,562.64,615044
1726597800,2024-09-17 14:30,562.63,562.87,561.33,562.2,749619
1726601400,2024-09-17 15:30,562.17,563.16,561.73,563.09,1231394
1726666200,2024-09-18 09:30,563.74,563.93,562.15,563.14,782988
1726669800,2024-09-18 10:30,563.08,563.35,562.25,562.77,567921
1726673400,2024-09-18 11:30,562.76,563.1,561.34,563,473041
1726677000,2024-09-18 12:30,562.98,563.73,562.81,563.72,368290
1726680600,2024-09-18 13:30,563.71,568.68,561.8,565.88,2783373
1726684200,2024-09-18 14:30,565.95,566.98,561.61,564.93,2416212
1726687800,2024-09-18 15:30,564.93,565.53,560.84,561.36,1428210
1726752600,2024-09-19 09:30,571.01,571.38,568.07,571.35,1446071
1726756200,2024-09-19 10:30,571.33,571.89,569.44,570.88,1019786
1726759800,2024-09-19 11:30,570.9,571.82,570.06,571.67,438980
1726763400,2024-09-19 12:30,571.69,572.08,571.19,571.86,551456
1726767000,2024-09-19 13:30,571.86,572.88,570.89,572.02,944754
1726770600,2024-09-19 14:30,572,572.25,570.69,571.17,1166662
1726774200,2024-09-19 15:30,571.16,571.78,570.36,570.91,2310570
1726839000,2024-09-20 09:30,567.86,568.45,566.4,567.22,1130378
1726842600,2024-09-20 10:30,567.23,567.76,565.17,566,839994
1726846200,2024-09-20 11:30,565.97,568.01,565.72,567.95,594138
1726849800,2024-09-20 12:30,567.929,568.53,567.67,568.23,497737
1726853400,2024-09-20 13:30,568.225,568.65,566.41,566.59,780336
1726857000,2024-09-20 14:30,566.61,568.69,566.08,568.23,989110
1726860600,2024-09-20 15:30,568.23,569.32,567.79,568.1,1624241
1727098200,2024-09-23 09:30,569.34,570.34,568.25,569.77,853477
1727101800,2024-09-23 10:30,569.81,570.09,568.73,569.73,658230
1727105400,2024-09-23 11:30,569.74,570.15,568.35,568.95,506670
1727109000,2024-09-23 12:30,568.94,569.19,568.1,568.78,417409
1727112600,2024-09-23 13:30,568.78,569.5,568.6,569.26,354529
1727116200,2024-09-23 14:30,569.26,569.59,569.05,569.5,453803
1727119800,2024-09-23 15:30,569.52,569.91,569.15,569.61,871333
1727184600,2024-09-24 09:30,570.46,570.55,567.72,568.31,1218758
1727188200,2024-09-24 10:30,568.28,570.06,567.6,569.85,656543
1727191800,2024-09-24 11:30,569.87,571.08,569.73,570.5,555805
1727195400,2024-09-24 12:30,570.51,571.19,570.28,570.61,486996
1727199000,2024-09-24 13:30,570.61,571.01,570.07,570.24,335808
1727202600,2024-09-24 14:30,570.21,570.75,569.43,570.64,758574
1727206200,2024-09-24 15:30,570.64,571.36,570.38,571.23,1962792
1727271000,2024-09-25 09:30,571.14,571.89,570.87,571.11,1486945
1727274600,2024-09-25 10:30,571.08,571.4,570.6,570.76,657310
1727278200,2024-09-25 11:30,570.75,571.25,570.27,570.65,534270
1727281800,2024-09-25 12:30,570.63,570.64,569.14,569.74,741876
1727285400,2024-09-25 13:30,569.72,570.38,568.91,570.15,613055
1727289000,2024-09-25 14:30,570.18,570.28,569.7,569.82,493983
1727292600,2024-09-25 15:30,569.82,570.14,569.34,570.01,1082191
1727357400,2024-09-26 09:30,574.4,574.72,572.43,572.59,1310057
1727361000,2024-09-26 10:30,572.63,573.405,570.9,571.34,1105364
1727364600,2024-09-26 11:30,571.31,572.57,570.98,571.22,454630
1727368200,2024-09-26 12:30,571.25,571.43,569.89,571.1,640877
1727371800,2024-09-26 13:30,571.099,572.73,571.07,572.42,685794
1727375400,2024-09-26 14:30,572.41,572.47,571.93,572.13,704624
1727379000,2024-09-26 15:30,572.14,572.74,571.82,572.22,1210124
1727443800,2024-09-27 09:30,573.39,574.21,572.65,573.84,865078
1727447400,2024-09-27 10:30,573.86,573.94,572.93,573.28,438284
1727451000,2024-09-27 11:30,573.3,573.31,571.85,572.23,545352
1727454600,2024-09-27 12:30,572.2,572.7,571.75,571.78,335635
1727458200,2024-09-27 13:30,571.77,572.65,571.18,571.22,565771
1727461800,2024-09-27 14:30,571.21,572.38,570.42,571.98,938757
1727465400,2024-09-27 15:30,571.95,572.11,571.32,571.4,1295540
1727703000,2024-09-30 09:30,570.42,571.49,570.26,570.92,567143
1727706600,2024-09-30 10:30,570.94,571.76,570.88,571.61,381423
1727710200,2024-09-30 11:30,571.62,572.26,570.74,571.88,386435
1727713800,2024-09-30 12:30,571.86,571.98,570.91,571.06,431404
1727717400,2024-09-30 13:30,571.04,571.71,568.1,569.31,1070610
1727721000,2024-09-30 14:30,569.29,571.19,568.73,570.9,1008709
1727724600,2024-09-30 15:30,570.89,574.38,570.79,574.04,2881586
1727789400,2024-10-01 09:30,573.4,573.46,566.77,567.46,2907894
1727793000,2024-10-01 10:30,567.48,568.78,566,567.92,1429086
1727796600,2024-10-01 11:30,567.89,569.6,567.66,568.77,1075513
1727800200,2024-10-01 12:30,568.76,568.9,566.27,566.44,1466217
1727803800,2024-10-01 13:30,566.43,570.69,566.28,570.48,1188973
1727807400,2024-10-01 14:30,570.47,570.93,569.58,570.26,908406
1727811000,2024-10-01 15:30,570.26,570.26,568.39,568.7,1294666
1727875800,2024-10-02 09:30,567.7,568.88,565.27,568.41,1307741
1727879400,2024-10-02 10:30,568.28,569.82,568,569.53,818445
1727883000,2024-10-02 11:30,569.54,569.9,568.84,569.48,602325
1727886600,2024-10-02 12:30,569.46,569.46,567.71,568.42,515738
1727890200,2024-10-02 13:30,568.4,569.36,567.58,568.47,561141
1727893800,2024-10-02 14:30,568.46,569.34,568.18,569.22,598418
1727897400,2024-10-02 15:30,569.22,569.47,568.7,568.75,968179
1727962200,2024-10-03 09:30,567.36,569.8,566.77,567.165,1265967
1727965800,2024-10-03 10:30,567.155,568.47,566.24,567.46,678498
1727969400,2024-10-03 11:30,567.43,569.16,567.43,568.68,223747
1727973000,2024-10-03 12:30,568.69,568.69,565.49,566.46,1031962
1727976600,2024-10-03 13:30,566.43,567.42,566.06,567.01,378309
1727980200,2024-10-03 14:30,567,567.26,566.05,566.53,657290
1727983800,2024-10-03 15:30,566.56,568.27,566.44,567.77,1194430
1728048600,2024-10-04 09:30,572.34,572.71,568.34,568.82,1318513
1728052200,2024-10-04 10:30,568.8,570.73,568.1,568.78,664428
1728055800,2024-10-04 11:30,568.78,570.78,568.28,569.79,468631
1728059400,2024-10-04 12:30,569.8,571.58,569.56,571.05,476060
1728063000,2024-10-04 13:30,571.07,571.54,569.58,570.8,540338
1728066600,2024-10-04 14:30,570.79,572.18,570.58,572.05,477196
1728070200,2024-10-04 15:30,572.04,573.36,571.92,572.97,1028685
1728307800,2024-10-07 09:30,571.3,571.95,570.52,571.51,782343
1728311400,2024-10-07 10:30,571.45,571.78,570.6,571.65,473423
1728315000,2024-10-07 11:30,571.66,571.75,570.1,570.97,420593
1728318600,2024-10-07 12:30,570.97,571.01,570.27,570.37,249601
1728322200,2024-10-07 13:30,570.35,570.55,569.5,569.55,367168
1728325800,2024-10-07 14:30,569.53,569.53,566.63,567.85,909654
1728329400,2024-10-07 15:30,567.9,568.68,566.77,567.81,1828150
1728394200,2024-10-08 09:30,570.44,571.35,569.52,570.84,1001954
1728397800,2024-10-08 10:30,570.85,572.55,570.74,571.85,842381
1728401400,2024-10-08 11:30,571.87,572.33,571.4,572.03,322752
1728405000,2024-10-08 12:30,572.02,572.24,570.53,571.22,419604
1728408600,2024-10-08 13:30,571.2,572.04,571.12,571.96,195719
1728412200,2024-10-08 14:30,571.96,573.02,571.75,572.86,579613
1728415800,2024-10-08 15:30,572.86,573.78,572.76,573.11,1152644
1728480600,2024-10-09 09:30,573.17,574.44,572.56,574.11,792444
1728484200,2024-10-09 10:30,574.1,575.94,573.93,575.72,673341
1728487800,2024-10-09 11:30,575.71,577.06,575.7,576.26,618809
1728491400,2024-10-09 12:30,576.25,576.6,575.59,576.49,381606
1728495000,2024-10-09 13:30,576.46,576.9,574.99,576.4,450505
1728498600,2024-10-09 14:30,576.38,576.81,575.72,576.71,456913
1728502200,2024-10-09 15:30,576.72,577.71,576.7,577.11,1353093
1728567000,2024-10-10 09:30,575.77,576.64,574.56,575.95,941510
1728570600,2024-10-10 10:30,575.95,576.56,575.13,576.31,352375
1728574200,2024-10-10 11:30,576.28,577.58,575.9,577.16,457505
1728577800,2024-10-10 12:30,577.17,577.2,575.26,576.37,668490
1728581400,2024-10-10 13:30,576.37,576.675,574.77,575.38,619293
1728585000,2024-10-10 14:30,575.37,575.51,574.49,575.39,616967
1728588600,2024-10-10 15:30,575.38,576.54,575.33,576.13,795924
1728653400,2024-10-11 09:30,576.05,580.095,575.911,579.77,1157999
1728657000,2024-10-11 10:30,579.78,580,578.74,579.18,898959
1728660600,2024-10-11 11:30,579.19,579.64,578.43,578.75,416413
1728664200,2024-10-11 12:30,578.73,579.08,578.061,578.87,325975
1728667800,2024-10-11 13:30,578.85,579.9,578.65,579.47,381141
1728671400,2024-10-11 14:30,579.47,580.33,578.79,580.05,608706
1728675000,2024-10-11 15:30,580.055,580.32,579.46,579.57,989359
1728912600,2024-10-14 09:30,581.2,583.6,580.8,583.43,975315
1728916200,2024-10-14 10:30,583.43,583.79,582.31,582.8,575560
1728919800,2024-10-14 11:30,582.8,583.9,582.54,583.73,350681
1728923400,2024-10-14 12:30,583.72,584.12,583.6,583.78,272572
1728927000,2024-10-14 13:30,583.77,584.19,583.31,584.04,376430
1728930600,2024-10-14 14:30,584.04,584.64,584,584.54,636360
1728934200,2024-10-14 15:30,584.53,585.27,584.07,584.29,1629814
1728999000,2024-10-15 09:30,584.62,584.89,583.18,583.25,872205
1729002600,2024-10-15 10:30,583.21,583.31,581.28,582.31,1220715
1729006200,2024-10-15 11:30,582.31,582.66,581.25,582.12,511853
1729009800,2024-10-15 12:30,582.12,582.54,580.81,581.08,365559
1729013400,2024-10-15 13:30,581.01,581.75,580.35,580.55,589895
1729017000,2024-10-15 14:30,580.52,580.78,578.87,579.31,849793
1729020600,2024-10-15 15:30,579.34,580.2,578.545,579.81,2011030
1729085400,2024-10-16 09:30,579.78,581.15,578.96,580.83,752960
1729089000,2024-10-16 10:30,580.83,581.02,579.46,580.59,347960
1729092600,2024-10-16 11:30,580.58,580.96,580.04,580.82,264150
1729096200,2024-10-16 12:30,580.84,581.61,580.7,581.16,260591
1729099800,2024-10-16 13:30,581.16,582.75,581.145,582.61,354054
1729103400,2024-10-16 14:30,582.61,582.83,582.11,582.36,563859
1729107000,2024-10-16 15:30,582.36,582.53,582.1,582.27,1108764
1729171800,2024-10-17 09:30,585.91,586.12,582.85,583.87,1195281
1729175400,2024-10-17 10:30,583.87,584.06,582.37,584.04,375139
1729179000,2024-10-17 11:30,584.07,585,583.88,584.29,307107
1729182600,2024-10-17 12:30,584.28,584.71,583.71,584.23,222546
1729186200,2024-10-17 13:30,584.22,584.69,582.49,582.65,402947
1729189800,2024-10-17 14:30,582.64,583.39,582.42,582.58,469888
1729193400,2024-10-17 15:30,582.61,582.73,582.16,582.26,1047719
1729258200,2024-10-18 09:30,584.07,584.22,582.6,583.49,738934
1729261800,2024-10-18 10:30,583.5,584.33,583.09,584.25,292833
1729265400,2024-10-18 11:30,584.26,584.47,583.7,584.17,247686
1729269000,2024-10-18 12:30,584.16,585.25,584.11,584.62,448177
1729272600,2024-10-18 13:30,584.63,585.39,583.84,585.18,325481
1729276200,2024-10-18 14:30,585.17,585.24,584.24,584.46,291131
1729279800,2024-10-18 15:30,584.46,584.77,584.06,584.57,776455
1729517400,2024-10-21 09:30,583.85,584.85,583.75,583.92,788734
1729521000,2024-10-21 10:30,583.93,583.98,580.68,580.83,969865
1729524600,2024-10-21 11:30,580.83,582.63,580.61,582.17,528808
1729528200,2024-10-21 12:30,582.2,583.2,581.89,582.92,280125
1729531800,2024-10-21 13:30,582.92,583.38,582.36,582.655,266058
1729535400,2024-10-21 14:30,582.65,583.2,582.18,582.94,386822
1729539000,2024-10-21 15:30,582.92,583.72,582.3,583.67,1061236
1729603800,2024-10-22 09:30,581.05,582.21,580.38,581.41,776899
1729607400,2024-10-22 10:30,581.45,582.5,581.02,582.08,481681
1729611000,2024-10-22 11:30,582.06,582.35,581.57,581.77,317182
1729614600,2024-10-22 12:30,581.76,582.72,581.7,582.66,282617
1729618200,2024-10-22 13:30,582.67,584.5,582.64,583.68,564063
1729621800,2024-10-22 14:30,583.69,583.71,582.85,583.64,512320
1729625400,2024-10-22 15:30,583.66,584.26,583.23,583.32,896135
1729690200,2024-10-23 09:30,581.26,581.7,580.1,580.99,703685
1729693800,2024-10-23 10:30,580.99,581.64,578.79,578.88,781085
1729697400,2024-10-23 11:30,578.88,579.89,578.08,578.19,658212
1729701000,2024-10-23 12:30,578.18,578.83,576.47,577,819502
1729704600,2024-10-23 13:30,576.97,576.97,574.41,575.51,1118218
1729708200,2024-10-23 14:30,575.5,577.55,575.41,577.29,1053194
1729711800,2024-10-23 15:30,577.28,578.13,577.07,577.93,1334025
1729776600,2024-10-24 09:30,579.98,580.06,578.62,578.92,956204
1729780200,2024-10-24 10:30,578.93,579.83,578.25,578.65,469266
1729783800,2024-10-24 11:30,578.61,578.7,576.57,578.04,577997
1729787400,2024-10-24 12:30,578.03,579.5,578.01,579.04,436556
1729791000,2024-10-24 13:30,579.06,579.57,578.09,578.88,449428
1729794600,2024-10-24 14:30,578.89,579.52,578.27,579.44,605096
1729798200,2024-10-24 15:30,579.44,579.88,579.01,579.2,924170
1729863000,2024-10-25 09:30,581.51,584.46,581.47,584.18,1274624
1729866600,2024-10-25 10:30,584.21,584.32,582.32,582.5,552454
1729870200,2024-10-25 11:30,582.44,582.76,581.71,582.71,494696
1729873800,2024-10-25 12:30,582.72,582.8,580.01,580.47,412649
1729877400,2024-10-25 13:30,580.38,580.57,578.08,579.83,808934
1729881000,2024-10-25 14:30,579.84,580.51,579.02,579.54,528741
1729884600,2024-10-25 15:30,579.5,579.7,578.53,579.01,1109995
1730122200,2024-10-28 09:30,582.54,582.71,581.24,582.39,1105268
1730125800,2024-10-28 10:30,582.38,582.5,581.23,581.61,354879
1730129400,2024-10-28 11:30,581.61,581.72,580.58,581.54,307134
1730133000,2024-10-28 12:30,581.53,581.63,580.61,581.33,334390
1730136600,2024-10-28 13:30,581.37,581.83,581.22,581.32,373042
1730140200,2024-10-28 14:30,581.34,581.78,580.8,581.48,490974
1730143800,2024-10-28 15:30,581.48,581.71,580.52,580.77,1198526
1730208600,2024-10-29 09:30,579.87,581.83,578.43,580.465,969188
1730212200,2024-10-29 10:30,580.46,581.61,580.43,581,337342
1730215800,2024-10-29 11:30,581.02,581.99,580.73,581.37,314219
1730219400,2024-10-29 12:30,581.39,582.77,580.83,581.99,449304
1730223000,2024-10-29 13:30,582.01,582.35,581.51,582.35,322106
1730226600,2024-10-29 14:30,582.34,582.91,582.3,582.84,495055
1730230200,2024-10-29 15:30,582.83,582.89,581.35,581.7,1290929
1730295000,2024-10-30 09:30,581.28,582.9,579.29,582.681,1116566
1730298600,2024-10-30 10:30,582.69,582.94,581.59,582.85,455238
1730302200,2024-10-30 11:30,582.87,583.32,582.39,582.49,334564
1730305800,2024-10-30 12:30,582.46,582.59,581.46,581.52,361315
1730309400,2024-10-30 13:30,581.47,581.81,580.27,581.13,536496
1730313000,2024-10-30 14:30,581.11,581.43,580.16,580.57,599171
1730316600,2024-10-30 15:30,580.56,580.75,579.36,579.96,1985487
1730381400,2024-10-31 09:30,575.6,575.6,571.79,571.98,1274611
1730385000,2024-10-31 10:30,571.98,572.54,570.27,571.08,1038144
1730388600,2024-10-31 11:30,571.1,571.91,570.07,571.5,735291
1730392200,2024-10-31 12:30,571.47,571.99,571.03,571.17,347061
1730395800,2024-10-31 13:30,571.17,571.24,569.92,570.52,617466
1730399400,2024-10-31 14:30,570.51,571.74,569.71,571.18,922385
1730403000,2024-10-31 15:30,571.19,572,568.44,568.54,1662875
1730467800,2024-11-01 09:30,571.27,575.5,570.68,575.46,1293215
1730471400,2024-11-01 10:30,575.51,575.55,572.86,575.2,732665
1730475000,2024-11-01 11:30,575.21,575.27,573.3,573.39,432351
1730478600,2024-11-01 12:30,573.445,574.24,572.16,573.69,437341
1730482200,2024-11-01 13:30,573.68,573.76,571.12,571.95,618980
1730485800,2024-11-01 14:30,571.92,572.94,571.62,571.75,489537
1730489400,2024-11-01 15:30,571.72,572.24,570.62,571.04,1270511
1730730600,2024-11-04 09:30,571.18,572.5,569.26,572.08,749739
1730734200,2024-11-04 10:30,572.11,572.22,571.03,571.13,379860
1730737800,2024-11-04 11:30,571.11,571.17,567.89,569.99,612208
1730741400,2024-11-04 12:30,570.01,571.09,569.24,570.55,305774
1730745000,2024-11-04 13:30,570.54,571.26,570.27,570.36,371929
1730748600,2024-11-04 14:30,570.31,571.065,569.94,570.24,447002
1730752200,2024-11-04 15:30,570.22,570.27,569.17,569.78,1220127
1730817000,2024-11-05 09:30,570.74,574.78,570.52,574.01,965097
1730820600,2024-11-05 10:30,574.05,575.2,573.56,574.72,594571
1730824200,2024-11-05 11:30,574.73,576.21,574.73,575.67,404421
1730827800,2024-11-05 12:30,575.68,576.43,575.34,575.38,453244
1730831400,2024-11-05 13:30,575.409,575.87,574.6,575.42,404556
1730835000,2024-11-05 14:30,575.44,575.85,574.69,575.69,711959
1730838600,2024-11-05 15:30,575.67,576.71,575.26,576.69,1203212
1730903400,2024-11-06 09:30,589.2,589.43,585.41,588.83,2583756
1730907000,2024-11-06 10:30,588.82,589.04,586.31,588.14,1022137
1730910600,2024-11-06 11:30,588.16,589.09,588.16,588.74,676872
1730914200,2024-11-06 12:30,588.74,590.27,588.53,590.19,545243
1730917800,2024-11-06 13:30,590.2,590.71,589.8,590.53,725989
1730921400,2024-11-06 14:30,590.53,591.65,590.13,591.11,870002
1730925000,2024-11-06 15:30,591.12,591.93,590.67,591.02,1954349
1730989800,2024-11-07 09:30,593.08,594.41,592.99,594.27,884766
1730993400,2024-11-07 10:30,594.28,595,594.07,594.61,591160
1730997000,2024-11-07 11:30,594.59,595.3,594.58,595.23,425285
1731000600,2024-11-07 12:30,595.23,595.55,594.55,594.855,267740
1731004200,2024-11-07 13:30,594.85,595.355,594.21,594.76,471224
1731007800,2024-11-07 14:30,594.71,596.65,593.92,596.15,720866
1731011400,2024-11-07 15:30,596.13,596.4,595.19,595.55,1248160
1731076200,2024-11-08 09:30,596.17,597.58,596.16,597.34,858523
1731079800,2024-11-08 10:30,597.33,598.08,597.22,597.96,625103
1731083400,2024-11-08 11:30,597.99,598.21,597.44,597.659,593911
1731087000,2024-11-08 12:30,597.635,598.35,597.61,598.17,361310
1731090600,2024-11-08 13:30,598.16,599.25,598.14,599.21,650871
1731094200,2024-11-08 14:30,599.21,599.64,598.24,598.25,834213
1731097800,2024-11-08 15:30,598.27,598.319,597.62,598.24,1701832
1731335400,2024-11-11 09:30,599.82,600.17,598.54,598.88,1023945
1731339000,2024-11-11 10:30,598.88,599.95,598.88,599.11,515815
1731342600,2024-11-11 11:30,599.11,599.56,598.69,598.81,292013
1731346200,2024-11-11 12:30,598.8,599.03,597,597.86,576111
1731349800,2024-11-11 13:30,597.85,598.63,597.58,598.13,331129
1731353400,2024-11-11 14:30,598.16,598.58,598.01,598.26,536209
1731357000,2024-11-11 15:30,598.27,598.84,597.98,598.72,1291313
1731421800,2024-11-12 09:30,598.71,599.29,597.8,597.95,873997
1731425400,2024-11-12 10:30,597.97,598.37,596.99,597.18,485435
1731429000,2024-11-12 11:30,597.16,597.34,596.04,596.5,434829
1731432600,2024-11-12 12:30,596.49,596.66,594.37,595.83,597179
1731436200,2024-11-12 13:30,595.81,598.28,595.8,597.98,657245
1731439800,2024-11-12 14:30,597.99,598.4,597.18,597.4,667410
1731443400,2024-11-12 15:30,597.38,597.57,596.51,596.88,1225528
1731508200,2024-11-13 09:30,597.37,597.71,594.989,596.329,814044
1731511800,2024-11-13 10:30,596.35,598.14,596.05,597.98,542559
1731515400,2024-11-13 11:30,597.96,599.06,597.22,598.46,583332
1731519000,2024-11-13 12:30,598.42,599.23,598.3,598.77,601721
1731522600,2024-11-13 13:30,598.75,599.16,597.8,597.92,519679
1731526200,2024-11-13 14:30,597.92,598.14,596.69,597.57,809059
1731529800,2024-11-13 15:30,597.55,598.54,596.48,597.18,1954266
1731594600,2024-11-14 09:30,597.32,597.81,595.149,596.439,736225
1731598200,2024-11-14 10:30,596.41,596.94,595.865,596.46,407890
1731601800,2024-11-14 11:30,596.48,596.93,594.7,594.81,440110
1731605400,2024-11-14 12:30,594.83,595.72,593.74,595.13,474402
1731609000,2024-11-14 13:30,595.14,595.3,593.77,595.13,381409
1731612600,2024-11-14 14:30,595.13,595.79,593.02,594.14,777355
1731616200,2024-11-14 15:30,594.15,594.35,592.65,593.38,1685252
1731681000,2024-11-15 09:30,589.77,590.2,586.67,586.81,1704432
1731684600,2024-11-15 10:30,586.77,587.6,586.03,587.23,873779
1731688200,2024-11-15 11:30,587.22,587.38,585.22,585.48,934611
1731691800,2024-11-15 12:30,585.44,585.81,584.64,585.39,665164
1731695400,2024-11-15 13:30,585.37,585.37,583.86,584.09,649518
1731699000,2024-11-15 14:30,584.12,586.23,584.03,585.3,928714
1731702600,2024-11-15 15:30,585.31,586.19,584.73,585.73,1226780
1731940200,2024-11-18 09:30,586.22,587.39,585.35,587.37,815220
1731943800,2024-11-18 10:30,587.36,589.15,587.31,588.65,596357
1731947400,2024-11-18 11:30,588.65,589.49,587.83,588.35,535341
1731951000,2024-11-18 12:30,588.35,588.68,587.75,588.15,323454
1731954600,2024-11-18 13:30,588.14,588.44,587.02,587.28,490585
1731958200,2024-11-18 14:30,587.28,588.41,587.1,588.4,480919
1731961800,2024-11-18 15:30,588.38,588.39,587.51,588.13,1400458
1732026600,2024-11-19 09:30,584.69,586.49,584.02,586.46,1101292
1732030200,2024-11-19 10:30,586.45,589,586.11,588.87,690219
1732033800,2024-11-19 11:30,588.899,589.24,588.04,588.98,578603
1732037400,2024-11-19 12:30,588.97,589.63,588.76,589.55,409787
1732041000,2024-11-19 13:30,589.55,591.06,589.4,590.13,628766
1732044600,2024-11-19 14:30,590.12,590.35,589.09,589.89,724922
1732048200,2024-11-19 15:30,589.87,590.59,589.69,590.32,826674
1732113000,2024-11-20 09:30,590.38,590.53,584.64,585.78,1269676
1732116600,2024-11-20 10:30,585.72,587.68,585.62,585.9,730310
1732120200,2024-11-20 11:30,585.91,588.79,585.55,587.21,643252
1732123800,2024-11-20 12:30,587.2,588.27,586.54,587.6,284513
1732127400,2024-11-20 13:30,587.595,587.595,586.16,586.63,376199
1732131000,2024-11-20 14:30,586.6,588.52,586.52,588.46,634390
1732134600,2024-11-20 15:30,588.49,590.79,588.49,590.47,1447901
1732199400,2024-11-21 09:30,593.4,593.57,587.53,587.73,1482201
1732203000,2024-11-21 10:30,587.69,592.75,587.43,592.75,838250
1732206600,2024-11-21 11:30,592.75,593.27,591.08,593.03,614943
1732210200,2024-11-21 12:30,593.04,594.66,592.9,594.43,583457
1732213800,2024-11-21 13:30,594.45,594.8,593.52,594.41,587544
1732217400,2024-11-21 14:30,594.43,595.12,593.86,594.9,890841
1732221000,2024-11-21 15:30,594.91,595,593.57,593.62,1047724
1732285800,2024-11-22 09:30,593.66,596.14,593.18,593.71,1186615
1732289400,2024-11-22 10:30,593.78,595.89,593.61,594.57,515942
1732293000,2024-11-22 11:30,594.64,595.88,593.92,595.61,394802
1732296600,2024-11-22 12:30,595.59,596.15,594.66,595.53,354793
1732300200,2024-11-22 13:30,595.53,595.97,594.15,594.99,419485
1732303800,2024-11-22 14:30,594.99,595.63,594.17,594.76,564387
1732307400,2024-11-22 15:30,594.7,596.09,594.67,595.49,940518
1732545000,2024-11-25 09:30,599.52,600.86,597.55,599.12,1838099
1732548600,2024-11-25 10:30,599.07,599.26,597.6,597.98,721993
1732552200,2024-11-25 11:30,597.97,598.38,595.75,596.04,717472
1732555800,2024-11-25 12:30,596.04,597.425,595.2,597.16,625206
1732559400,2024-11-25 13:30,597.18,597.61,596.49,596.99,445180
1732563000,2024-11-25 14:30,596.98,597.44,596.67,597.13,452184
1732566600,2024-11-25 15:30,597.13,597.75,596.85,597.44,1165348
1732631400,2024-11-26 09:30,598.8,599.6,598.07,598.78,1146270
1732635000,2024-11-26 10:30,598.82,599.6,598.22,599.56,454061
1732638600,2024-11-26 11:30,599.56,599.87,599.08,599.34,409928
1732642200,2024-11-26 12:30,599.35,600.14,599.3,599.89,320303
1732645800,2024-11-26 13:30,599.85,600.41,599.21,599.67,550843
1732649400,2024-11-26 14:30,599.67,600.45,599.51,600.39,734254
1732653000,2024-11-26 15:30,600.37,601.33,600.26,600.75,1892473
1732717800,2024-11-27 09:30,600.46,600.84,599.2,599.37,1061175
1732721400,2024-11-27 10:30,599.37,599.6,598.25,598.45,711918
1732725000,2024-11-27 11:30,598.42,599.15,597.28,598.22,605372
1732728600,2024-11-27 12:30,598.21,598.86,597.77,598.49,452738
1732732200,2024-11-27 13:30,598.46,599.12,598.36,598.71,424172
1732735800,2024-11-27 14:30,598.7,599.1,598.31,598.55,485571
1732739400,2024-11-27 15:30,598.54,598.98,597.93,598.74,797782
1732890600,2024-11-29 09:30,599.61,601.74,599.39,601.42,665246
1732894200,2024-11-29 10:30,601.42,602.38,601.41,602.32,528742
1732897800,2024-11-29 11:30,602.33,603.26,602.06,602.82,640342
1732901400,2024-11-29 12:30,602.83,603.35,602.31,602.45,1616070
1733149800,2024-12-02 09:30,602.98,603.65,602.47,603.22,844212
1733153400,2024-12-02 10:30,603.22,603.57,602.47,603.28,476549
1733157000,2024-12-02 11:30,603.27,603.96,603.2,603.46,428555
1733160600,2024-12-02 12:30,603.51,603.87,603.4,603.67,287516
1733164200,2024-12-02 13:30,603.66,603.83,603.05,603.41,411970
1733167800,2024-12-02 14:30,603.42,604.31,603.39,604.26,464748
1733171400,2024-12-02 15:30,604.26,604.27,603.45,603.66,944121
1733236200,2024-12-03 09:30,603.39,603.72,602.44,602.48,548755
1733239800,2024-12-03 10:30,602.49,603.46,602.35,603.42,479476
1733243400,2024-12-03 11:30,603.42,603.51,602.37,603,331285
1733247000,2024-12-03 12:30,602.99,603.85,602.94,603.56,296315
1733250600,2024-12-03 13:30,603.54,603.76,603.17,603.61,330165
1733254200,2024-12-03 14:30,603.6,604.17,603.6,603.94,485035
1733257800,2024-12-03 15:30,603.94,604.14,603.5,603.85,807551
1733322600,2024-12-04 09:30,605.64,606.2,604.95,605.63,1039683
1733326200,2024-12-04 10:30,605.68,606.5,605.54,606.33,440647
1733329800,2024-12-04 11:30,606.33,606.49,606.02,606.35,340189
1733333400,2024-12-04 12:30,606.35,606.54,605.84,605.87,238801
1733337000,2024-12-04 13:30,605.87,606.87,605.2,606.78,468674
1733340600,2024-12-04 14:30,606.78,607.52,606.66,607.31,623033
1733344200,2024-12-04 15:30,607.31,607.91,607.18,607.62,1491249
1733409000,2024-12-05 09:30,607.66,608.2,607.11,607.11,578139
1733412600,2024-12-05 10:30,607.11,607.71,606.81,607.63,429841
1733416200,2024-12-05 11:30,607.64,608.18,607.33,608.045,436234
1733419800,2024-12-05 12:30,608.04,608.48,606.87,607.25,402627
1733423400,2024-12-05 13:30,607.32,607.88,606.92,607.11,609293
1733427000,2024-12-05 14:30,607.07,607.5,606.62,606.75,483652
1733430600,2024-12-05 15:30,606.75,607.38,606.3,606.61,1140432
1733495400,2024-12-06 09:30,607.43,609.07,607.35,608.88,718414
1733499000,2024-12-06 10:30,608.87,608.98,607.56,607.99,359714
1733502600,2024-12-06 11:30,607.99,608.29,607.32,607.7,286471
1733506200,2024-12-06 12:30,607.7,608.38,607.07,608.07,301043
1733509800,2024-12-06 13:30,608.06,608.07,607.03,607.13,426402
1733513400,2024-12-06 14:30,607.13,607.75,607.02,607.62,455251
1733517000,2024-12-06 15:30,607.61,608.11,607.45,607.88,864682
1733754600,2024-12-09 09:30,607.69,607.86,606.18,606.38,630093
1733758200,2024-12-09 10:30,606.37,606.64,604.61,605.78,750288
1733761800,2024-12-09 11:30,605.78,606.13,605.27,605.6,339435
1733765400,2024-12-09 12:30,605.58,606.06,605.04,605.74,227833
1733769000,2024-12-09 13:30,605.72,606.44,605.25,605.36,403111
1733772600,2024-12-09 14:30,605.36,605.43,604.32,604.46,640777
1733776200,2024-12-09 15:30,604.46,604.79,604.08,604.63,1619428
1733841000,2024-12-10 09:30,605.37,605.51,604.28,605.12,603637
1733844600,2024-12-10 10:30,605.07,605.7,604.58,604.64,402597
1733848200,2024-12-10 11:30,604.66,604.78,604.18,604.52,356350
1733851800,2024-12-10 12:30,604.49,605.01,604.08,604.375,355953
1733855400,2024-12-10 13:30,604.37,604.62,603.58,604.02,461177
1733859000,2024-12-10 14:30,604.02,604.03,602.66,602.73,803980
1733862600,2024-12-10 15:30,602.72,602.92,602.14,602.88,1156294
1733927400,2024-12-11 09:30,605.78,607.23,605.5,606.55,998082
1733931000,2024-12-11 10:30,606.53,607.52,606.49,607.45,409601
1733934600,2024-12-11 11:30,607.47,608.19,607.36,607.72,439283
1733938200,2024-12-11 12:30,607.75,608.43,607.61,608.33,301219
1733941800,2024-12-11 13:30,608.33,608.4,607.56,607.93,378255
1733945400,2024-12-11 14:30,607.93,608.21,607.71,608.07,414063
1733949000,2024-12-11 15:30,608.065,608.065,607.31,607.51,599334
1734013800,2024-12-12 09:30,606.58,606.65,605.14,606.59,714785
1734017400,2024-12-12 10:30,606.56,607.16,606.32,606.87,306265
1734021000,2024-12-12 11:30,606.88,606.92,605.77,606.5,365094
1734024600,2024-12-12 12:30,606.49,606.95,605.87,606.5,327753
1734028200,2024-12-12 13:30,606.51,606.54,604.83,604.95,395453
1734031800,2024-12-12 14:30,604.95,605.45,604.75,604.88,470898
1734035400,2024-12-12 15:30,604.9,605.35,604.33,604.37,893218
1734100200,2024-12-13 09:30,606.4,607.13,604.93,605.029,802823
1734103800,2024-12-13 10:30,605.01,605.27,603.04,603.69,697100
1734107400,2024-12-13 11:30,603.66,604.66,603.12,603.24,444594
1734111000,2024-12-13 12:30,603.24,604.07,602.82,603.99,408499
1734114600,2024-12-13 13:30,603.97,604.53,603.69,604.38,379641
1734118200,2024-12-13 14:30,604.4,604.63,603.77,604.27,523742
1734121800,2024-12-13 15:30,604.26,604.7,604.1,604.26,738473
1734359400,2024-12-16 09:30,606,606.68,605.22,606.46,860309
1734363000,2024-12-16 10:30,606.45,607.1,606.35,606.72,445748
1734366600,2024-12-16 11:30,606.73,607.02,606.4,606.95,284230
1734370200,2024-12-16 12:30,606.95,607.72,606.87,607.71,354460
1734373800,2024-12-16 13:30,607.71,607.76,607.32,607.34,466918
1734377400,2024-12-16 14:30,607.35,607.78,607.29,607.59,585294
1734381000,2024-12-16 15:30,607.56,607.58,606.06,606.77,1595323
1734445800,2024-12-17 09:30,604.19,604.86,603.16,603.22,983199
1734449400,2024-12-17 10:30,603.18,605.11,603.17,604.39,884962
1734453000,2024-12-17 11:30,604.37,605.17,604.25,604.54,621363
1734456600,2024-12-17 12:30,604.55,604.97,604.02,604.22,462381
1734460200,2024-12-17 13:30,604.21,604.44,603.61,603.68,555590
1734463800,2024-12-17 14:30,603.67,603.73,602.89,603.09,948841
1734467400,2024-12-17 15:30,603.1,604.73,602.96,604.25,1469179
1734532200,2024-12-18 09:30,603.98,605.42,603.47,605.375,703373
1734535800,2024-12-18 10:30,605.41,606.4,604.64,605.62,586568
1734539400,2024-12-18 11:30,605.63,606.31,605.41,605.68,669954
1734543000,2024-12-18 12:30,605.68,605.94,605.2,605.22,370054
1734546600,2024-12-18 13:30,605.2,605.67,600.05,600.08,1412187
1734550200,2024-12-18 14:30,600.19,601.25,592.94,593.14,2618587
1734553800,2024-12-18 15:30,593.13,593.88,585.89,586.33,4356458
1734618600,2024-12-19 09:30,591.36,593,588.65,588.69,2510893
1734622200,2024-12-19 10:30,588.68,590.95,587.78,590.8,1775513
1734625800,2024-12-19 11:30,590.79,591.38,587.85,588.01,910450
1734629400,2024-12-19 12:30,588.03,589.73,587.28,589.64,1042628
1734633000,2024-12-19 13:30,589.63,591.26,588.83,589.22,825855
1734636600,2024-12-19 14:30,589.25,589.43,587.44,588.61,959786
1734640200,2024-12-19 15:30,588.63,589.21,585.88,586.16,2352844
1734705000,2024-12-20 09:30,581.77,587.09,580.91,586.98,2226344
1734708600,2024-12-20 10:30,586.98,592.34,586.92,592.34,1796324
1734712200,2024-12-20 11:30,592.34,595.75,592.26,595.61,1575808
1734715800,2024-12-20 12:30,595.61,595.625,592.15,592.16,1023352
1734719400,2024-12-20 13:30,592.17,593.4,591.62,593.28,1050482
1734723000,2024-12-20 14:30,593.23,593.94,591.56,591.77,978517
1734726600,2024-12-20 15:30,591.79,592.36,589.47,590.89,3915357
1734964200,2024-12-23 09:30,590.89,591.77,587.66,589.3,1106373
1734967800,2024-12-23 10:30,589.3,590.79,588.72,590.66,547954
1734971400,2024-12-23 11:30,590.67,593.12,590.19,592.14,591551
1734975000,2024-12-23 12:30,592.17,593.4,591.71,593.31,346668
1734978600,2024-12-23 13:30,593.28,594.31,593.24,593.88,338608
1734982200,2024-12-23 14:30,593.89,594.04,592.25,593.28,709275
1734985800,2024-12-23 15:30,593.36,595.3,593.27,594.77,1832109
1735050600,2024-12-24 09:30,596.06,598.34,595.47,598.2,892762
1735054200,2024-12-24 10:30,598.22,599.38,598.155,599.25,460534
1735057800,2024-12-24 11:30,599.24,600.33,598.86,600.17,632455
1735061400,2024-12-24 12:30,600.169,601.34,599.15,601.26,1149880
1735223400,2024-12-26 09:30,599.5,600.4,598.1,600.29,666765
1735227000,2024-12-26 10:30,600.28,601.28,599.81,600.83,473524
1735230600,2024-12-26 11:30,600.84,602.47,600.81,601.51,333397
1735234200,2024-12-26 12:30,601.52,602.05,600.4,601.66,270278
1735237800,2024-12-26 13:30,601.68,601.76,600.66,600.96,322446
1735241400,2024-12-26 14:30,600.98,602.1,600.85,601.79,314920
1735245000,2024-12-26 15:30,601.78,602.03,601.06,601.24,796193
1735309800,2024-12-27 09:30,597.48,597.78,592.8,593.22,1463693
1735313400,2024-12-27 10:30,593.17,594.57,592.25,594.51,880163
1735317000,2024-12-27 11:30,594.5,594.68,590.8,591.55,710906
1735320600,2024-12-27 12:30,591.53,592.95,590.77,592.54,698136
1735324200,2024-12-27 13:30,592.53,594.63,592.33,593.97,595148
1735327800,2024-12-27 14:30,593.96,595.52,593.22,593.68,710207
1735331400,2024-12-27 15:30,593.67,595.39,592.54,594.99,2409649
1735569000,2024-12-30 09:30,587.89,588.01,584.41,584.77,1577836
1735572600,2024-12-30 10:30,584.79,588.48,584.76,587.99,823191
1735576200,2024-12-30 11:30,587.99,590.54,587.95,590.41,582861
1735579800,2024-12-30 12:30,590.45,591.7,589.67,590.6,418023
1735583400,2024-12-30 13:30,590.52,591.52,589.41,590.31,367562
1735587000,2024-12-30 14:30,590.32,591.22,589.58,589.58,666720
1735590600,2024-12-30 15:30,589.65,590.64,588.07,588.29,1080972
1735655400,2024-12-31 09:30,589.905,590.63,588.18,589.6,867507
1735659000,2024-12-31 10:30,589.56,590.05,586.82,586.95,526272
1735662600,2024-12-31 11:30,586.93,587.85,585.74,585.88,525435
1735666200,2024-12-31 12:30,585.83,587.671,584.8,585,774999
1735669800,2024-12-31 13:30,585.02,586.56,584.58,584.94,887023
1735673400,2024-12-31 14:30,584.94,587.29,584.42,587.24,1022254
1735677000,2024-12-31 15:30,587.23,587.48,584.97,586.01,2420204
1735828200,2025-01-02 09:30,589.39,591.13,586.15,587.85,1225310
1735831800,2025-01-02 10:30,587.79,588.78,585.2,587.54,680785
1735835400,2025-01-02 11:30,587.54,588.77,584.25,584.49,502780
1735839000,2025-01-02 12:30,584.47,584.48,580.95,582.36,1321778
1735842600,2025-01-02 13:30,582.33,583.505,580.5,583.29,993985
1735846200,2025-01-02 14:30,583.25,584.8,582.05,584.47,841431
1735849800,2025-01-02 15:30,584.49,585.36,583.56,584.65,1028224
1735914600,2025-01-03 09:30,587.53,589.54,586.42,588.26,1275800
1735918200,2025-01-03 10:30,588.25,589.85,587.57,589.62,412193
1735921800,2025-01-03 11:30,589.66,591.01,589.57,590.13,454588
1735925400,2025-01-03 12:30,590.15,591.5,589.9,591.5,354375
1735929000,2025-01-03 13:30,591.5,592.19,591.05,592.1,476140
1735932600,2025-01-03 14:30,592.08,592.6,591.43,591.93,499596
1735936200,2025-01-03 15:30,591.94,592.2,591.05,591.86,1171466
1736173800,2025-01-06 09:30,596.27,599,595.9,598.89,1195029
1736177400,2025-01-06 10:30,598.91,599.51,598.08,599.5,538560
1736181000,2025-01-06 11:30,599.49,599.7,598.37,598.57,373458
1736184600,2025-01-06 12:30,598.53,598.74,596.58,597.399,479867
1736188200,2025-01-06 13:30,597.37,597.421,594.9,595.36,548645
1736191800,2025-01-06 14:30,595.37,595.59,594.06,595.05,672457
1736195400,2025-01-06 15:30,595.06,595.5,593.6,595.37,1211962
1736260200,2025-01-07 09:30,597.42,597.75,592.03,593.6,1311644
1736263800,2025-01-07 10:30,593.56,593.74,590.28,593.05,1038449
1736267400,2025-01-07 11:30,593.06,593.25,590.22,590.61,623455
1736271000,2025-01-07 12:30,590.64,592.43,589.64,592.28,486841
1736274600,2025-01-07 13:30,592.26,592.26,590.55,591.13,355837
1736278200,2025-01-07 14:30,591.06,591.1,587.7,587.839,791296
1736281800,2025-01-07 15:30,587.84,588.85,586.78,588.74,1545121
1736346600,2025-01-08 09:30,588.68,588.72,586,586.5,1166424
1736350200,2025-01-08 10:30,586.45,588.72,586.39,588.11,481612
1736353800,2025-01-08 11:30,588.12,589.94,585.38,585.63,542347
1736357400,2025-01-08 12:30,585.65,589.57,585.2,589.12,598075
1736361000,2025-01-08 13:30,589.08,590.54,586.94,590.289,677100
1736364600,2025-01-08 14:30,590.28,590.28,587.88,589.1,565763
1736368200,2025-01-08 15:30,589.08,589.78,588.24,589.38,1051400
1736519400,2025-01-10 09:30,585.88,585.94,579.15,581.88,2475435
1736523000,2025-01-10 10:30,581.89,583.23,579.6,579.85,1203666
1736526600,2025-01-10 11:30,579.85,580.8,578.55,580,870746
1736530200,2025-01-10 12:30,579.98,583.75,579.9,583.24,736139
1736533800,2025-01-10 13:30,583.24,584.5,581.58,582.59,920322
1736537400,2025-01-10 14:30,582.61,582.619,579.97,580.34,871123
1736541000,2025-01-10 15:30,580.3,581.12,579.7,580.51,1495284
1736778600,2025-01-13 09:30,575.77,578.63,575.35,576.029,1257374
1736782200,2025-01-13 10:30,576.11,579.18,576.01,576.97,650357
1736785800,2025-01-13 11:30,576.97,578.53,575.69,578.24,528928
1736789400,2025-01-13 12:30,578.155,579.74,577.61,579.72,448895
1736793000,2025-01-13 13:30,579.68,580.35,578.98,580.27,579193
1736796600,2025-01-13 14:30,580.31,580.99,579.59,580.1,695257
1736800200,2025-01-13 15:30,580.1,581.75,579.88,581.51,1018302
1736865000,2025-01-14 09:30,584.34,585,581.97,583.15,1250793
1736868600,2025-01-14 10:30,583.17,583.61,580.2,580.85,622111
1736872200,2025-01-14 11:30,580.84,581.41,578.58,579.73,541901
1736875800,2025-01-14 12:30,579.7,582.22,578.35,582.02,384338
1736879400,2025-01-14 13:30,582.01,583.79,581.8,583.04,663744
1736883000,2025-01-14 14:30,583.06,583.74,578.97,580.5,854185
1736886600,2025-01-14 15:30,580.51,582.29,579.57,582.19,1159965
1736951400,2025-01-15 09:30,590.33,592.96,589.19,592.33,1546387
1736955000,2025-01-15 10:30,592.34,592.53,590.71,590.98,693514
1736958600,2025-01-15 11:30,591.02,591.39,589.5,591.14,570233
1736962200,2025-01-15 12:30,591.1,592.27,590.88,592.27,379308
1736965800,2025-01-15 13:30,592.25,593.14,591.97,593.11,444204
1736969400,2025-01-15 14:30,593.12,593.94,593.03,593.68,836350
1736973000,2025-01-15 15:30,593.68,593.84,592.69,592.78,1680835
1737037800,2025-01-16 09:30,594.18,594.26,591.32,592.26,875137
1737041400,2025-01-16 10:30,592.25,594.36,591.78,593.33,537095
1737045000,2025-01-16 11:30,593.36,593.83,591.84,593.75,355935
1737048600,2025-01-16 12:30,593.75,593.8,592.12,592.26,319324
1737052200,2025-01-16 13:30,592.26,592.61,590.93,592.465,538246
1737055800,2025-01-16 14:30,592.5,593.33,591.94,592.32,581643
1737059400,2025-01-16 15:30,592.29,593.2,591.48,591.67,713726
1737124200,2025-01-17 09:30,596.96,597.54,595.61,596.97,1299424
1737127800,2025-01-17 10:30,596.99,599.1,596.8,598.77,780859
1737131400,2025-01-17 11:30,598.78,599.04,597.83,598.98,413605
1737135000,2025-01-17 12:30,599.01,599.36,598.57,599.04,460602
1737138600,2025-01-17 13:30,599.02,599.11,598.09,598.46,448716
1737142200,2025-01-17 14:30,598.47,598.71,597.53,598.1,680793
1737145800,2025-01-17 15:30,598.1,598.58,597.37,597.55,1521983
1737469800,2025-01-21 09:30,600.71,601.47,598.68,600.36,899313
1737473400,2025-01-21 10:30,600.33,600.95,599.43,600.78,418401
1737477000,2025-01-21 11:30,600.77,601.78,600.25,601.58,439564
1737480600,2025-01-21 12:30,601.57,602.88,601.53,602.58,446548
1737484200,2025-01-21 13:30,602.6,602.82,601.91,602.36,461488
1737487800,2025-01-21 14:30,602.38,602.77,601.67,602.71,739856
1737491400,2025-01-21 15:30,602.72,602.98,602.15,602.9,1085246
1737556200,2025-01-22 09:30,605.92,607.05,605.36,606.72,1148710
1737559800,2025-01-22 10:30,606.72,607.225,606.27,607.22,503160
1737563400,2025-01-22 11:30,607.23,607.83,607.2,607.55,472872
1737567000,2025-01-22 12:30,607.54,607.7,606.95,607.05,401102
1737570600,2025-01-22 13:30,607.07,607.62,606.83,606.91,333830
1737574200,2025-01-22 14:30,606.92,607.62,606.78,607.1,462102
1737577800,2025-01-22 15:30,607.12,607.35,606.24,606.33,1278449
1737642600,2025-01-23 09:30,605.8,606.3,605.52,605.72,626497
1737646200,2025-01-23 10:30,605.72,607.54,605.66,607.51,625396
1737649800,2025-01-23 11:30,607.51,607.86,606.94,607.19,426520
1737653400,2025-01-23 12:30,607.18,608.29,606.9,608,422700
1737657000,2025-01-23 13:30,608,608.25,607.31,607.66,355952
1737660600,2025-01-23 14:30,607.67,608.27,607.6,608.1,403653
1737664200,2025-01-23 15:30,608.09,609.74,607.69,609.71,1184301
1737729000,2025-01-24 09:30,609.81,610.78,609.25,609.34,700540
1737732600,2025-01-24 10:30,609.35,609.87,609.06,609.86,338546
1737736200,2025-01-24 11:30,609.89,610.32,609.29,609.42,394565
1737739800,2025-01-24 12:30,609.4,609.61,608.08,608.45,469843
1737743400,2025-01-24 13:30,608.45,608.74,606.93,607.41,569841
1737747000,2025-01-24 14:30,607.4,607.91,606.95,607.07,624113
1737750600,2025-01-24 15:30,607.08,608.15,606.81,607.93,859733
1737988200,2025-01-27 09:30,594.82,599.21,594.64,598.98,2067215
1737991800,2025-01-27 10:30,598.98,599.68,596.29,596.51,909068
1737995400,2025-01-27 11:30,596.5,598.02,596.2,597.66,871202
1737999000,2025-01-27 12:30,597.63,598.21,596.03,596.12,413959
1738002600,2025-01-27 13:30,596.11,599.13,596.07,598.98,536274
1738006200,2025-01-27 14:30,598.985,598.985,596.27,597.44,1033468
1738009800,2025-01-27 15:30,597.46,599.57,597.14,599.39,1780239
1738074600,2025-01-28 09:30,600.62,602.79,597.25,602.47,1332286
1738078200,2025-01-28 10:30,602.5,603.57,601.03,601.39,726561
1738081800,2025-01-28 11:30,601.39,603.92,600.95,603.71,520905
1738085400,2025-01-28 12:30,603.75,604.78,603.28,604.16,379683
1738089000,2025-01-28 13:30,604.175,604.46,603.23,604.06,350098
1738092600,2025-01-28 14:30,604.07,605.38,604.07,605.09,473947
1738096200,2025-01-28 15:30,605.07,605.23,604.37,604.48,1222960
1738161000,2025-01-29 09:30,603.74,604.13,602.45,602.98,621374
1738164600,2025-01-29 10:30,603.02,603.51,602.21,602.48,413979
1738168200,2025-01-29 11:30,602.46,603.45,601.931,603.07,303811
1738171800,2025-01-29 12:30,603.1,603.31,599.63,602.34,521206
1738175400,2025-01-29 13:30,602.37,602.62,599.22,599.4,680788
1738179000,2025-01-29 14:30,599.39,603.651,599.25,603.39,920809
1738182600,2025-01-29 15:30,603.36,603.67,600.75,601.77,670388
1738247400,2025-01-30 09:30,603.96,605.98,602.41,602.62,957635
1738251000,2025-01-30 10:30,602.64,603.9,600.72,602.96,639761
1738254600,2025-01-30 11:30,602.95,604.34,602.07,602.37,507434
1738258200,2025-01-30 12:30,602.37,604.31,602.16,604,321407
1738261800,2025-01-30 13:30,603.99,605.22,603.95,604.95,384318
1738265400,2025-01-30 14:30,604.96,606.6,604.6,606.31,532837
1738269000,2025-01-30 15:30,606.27,606.31,601.81,604.99,1909811
1738333800,2025-01-31 09:30,607.5,609.02,607.07,608.96,936155
1738337400,2025-01-31 10:30,608.96,609.96,608.851,609.07,641690
1738341000,2025-01-31 11:30,609.1,609.55,608.01,609.55,582588
1738344600,2025-01-31 12:30,609.53,609.72,606.69,606.8,637188
1738348200,2025-01-31 13:30,606.79,607.03,603.31,604.52,1277175
1738351800,2025-01-31 14:30,604.53,605.12,601.37,601.66,1494946
1738355400,2025-01-31 15:30,601.67,603.26,601.04,601.77,1739666
1738593000,2025-02-03 09:30,592.67,596.58,590.5,596.38,2541457
1738596600,2025-02-03 10:30,596.35,599.25,595.69,597.92,1668213
1738600200,2025-02-03 11:30,597.87,599,596.7,597.44,831996
1738603800,2025-02-03 12:30,597.365,598.24,595.99,597.83,989275
1738607400,2025-02-03 13:30,597.83,600,597.43,599.48,569317
1738611000,2025-02-03 14:30,599.5,600.29,598.4,598.52,604238
1738614600,2025-02-03 15:30,598.56,599.05,597.4,597.64,1407460
1738679400,2025-02-04 09:30,597.8,601.14,597.28,600.55,968647
1738683000,2025-02-04 10:30,600.52,602,600.11,601.98,483481
1738686600,2025-02-04 11:30,601.96,602.1,599.68,599.76,464363
1738690200,2025-02-04 12:30,599.79,601.25,599.41,601.13,349770
1738693800,2025-02-04 13:30,601.12,602.14,600.58,601.86,290780
1738697400,2025-02-04 14:30,601.88,602.31,600.84,601.09,551247
1738701000,2025-02-04 15:30,601.08,602.27,600.98,601.77,1156587
1738765800,2025-02-05 09:30,600.64,601.1,598.58,600.63,913602
1738769400,2025-02-05 10:30,600.62,601.4,599.78,601.269,373822
1738773000,2025-02-05 11:30,601.24,603.19,601.14,602.49,676087
1738776600,2025-02-05 12:30,602.5,602.9,602.21,602.58,167586
1738780200,2025-02-05 13:30,602.56,603.63,602.38,603.27,273479
1738783800,2025-02-05 14:30,603.27,603.97,602.89,603.71,396076
1738787400,2025-02-05 15:30,603.72,604.36,602.91,604.14,753736
1738852200,2025-02-06 09:30,605.98,606.1,604.83,604.97,837161
1738855800,2025-02-06 10:30,604.95,605.76,604.16,605.54,457223
1738859400,2025-02-06 11:30,605.55,605.625,604.75,605.14,370643
1738863000,2025-02-06 12:30,605.15,605.99,604.86,605.59,359716
1738866600,2025-02-06 13:30,605.58,605.8,604.38,604.55,510063
1738870200,2025-02-06 14:30,604.58,604.82,602.64,604.75,770018
1738873800,2025-02-06 15:30,604.77,606.45,604.58,606.35,1092194
1738938600,2025-02-07 09:30,606.89,608.13,603.78,604.66,1158470
1738942200,2025-02-07 10:30,604.57,605.52,601.18,602.01,1069211
1738945800,2025-02-07 11:30,602.03,602.91,600.65,601.67,1855501
1738949400,2025-02-07 12:30,601.61,603.76,601.3,603.36,331047
1738953000,2025-02-07 13:30,603.33,603.64,600.42,600.63,351621
1738956600,2025-02-07 14:30,600.62,601.6,600.05,600.42,461382
1738960200,2025-02-07 15:30,600.4,601.27,600.375,600.76,948509
1739197800,2025-02-10 09:30,604.03,604.79,602.75,604.73,726039
1739201400,2025-02-10 10:30,604.77,605.36,604.05,604.31,628979
1739205000,2025-02-10 11:30,604.3,604.51,603.21,603.65,410977
1739208600,2025-02-10 12:30,603.64,605,603.63,604.69,260948
1739212200,2025-02-10 13:30,604.69,605.5,604.565,605.19,304212
1739215800,2025-02-10 14:30,605.2,605.37,604.725,604.9,407947
1739219400,2025-02-10 15:30,604.88,605.02,604.25,604.82,720459
1739284200,2025-02-11 09:30,602.55,604.27,602.43,604.17,538754
1739287800,2025-02-11 10:30,604.155,605.23,604,604.59,502004
1739291400,2025-02-11 11:30,604.63,604.9,603.1,604.32,513924
1739295000,2025-02-11 12:30,604.33,604.43,603.51,603.97,227780
1739298600,2025-02-11 13:30,603.98,605.3,603.95,604.73,393592
1739302200,2025-02-11 14:30,604.71,605.85,604.71,605.28,619170
1739305800,2025-02-11 15:30,605.28,605.59,604.62,605.22,1277861
1739370600,2025-02-12 09:30,599.2,602.36,598.52,601.46,961140
1739374200,2025-02-12 10:30,601.45,603.3,600.16,600.68,550383
1739377800,2025-02-12 11:30,600.65,603.99,600.6,603.78,638352
1739381400,2025-02-12 12:30,603.78,604.55,603.08,603.56,326848
1739385000,2025-02-12 13:30,603.59,603.76,602.55,603.07,356716
1739388600,2025-02-12 14:30,603.06,604.22,603.06,603.31,796918
1739392200,2025-02-12 15:30,603.31,603.58,602.57,603.33,792931
1739457000,2025-02-13 09:30,604.48,606.4,603.22,606.08,855073
1739460600,2025-02-13 10:30,606.1,607.49,605.99,606.7,510120
1739464200,2025-02-13 11:30,606.7,606.96,605.72,606.54,353484
1739467800,2025-02-13 12:30,606.54,606.97,605,606.2,282648
1739471400,2025-02-13 13:30,606.26,608.42,605.31,608.28,786174
1739475000,2025-02-13 14:30,608.3,609.72,608.15,609.58,1104794
1739478600,2025-02-13 15:30,609.57,609.94,609.08,609.7,1552405
1739543400,2025-02-14 09:30,609.94,610.99,609.77,610.24,664094
1739547000,2025-02-14 10:30,610.24,610.85,609.4,609.99,444614
1739550600,2025-02-14 11:30,610.01,610.3,609.27,609.31,283190
1739554200,2025-02-14 12:30,609.34,610.08,609.09,609.9,193713
1739557800,2025-02-14 13:30,609.93,610.75,609.89,610.14,320958
1739561400,2025-02-14 14:30,610.14,610.3,609.59,609.67,367322
1739565000,2025-02-14 15:30,609.66,610.29,609.545,609.7,811701
1739889000,2025-02-18 09:30,610.88,611,609.35,609.61,692897
1739892600,2025-02-18 10:30,609.63,610.74,609.4,610.41,360068
1739896200,2025-02-18 11:30,610.4,610.86,609.77,610.04,282921
1739899800,2025-02-18 12:30,610.04,610.66,609.52,609.9,290640
1739903400,2025-02-18 13:30,609.89,609.92,608.4,609.21,584086
1739907000,2025-02-18 14:30,609.21,610.03,609.11,609.78,562705
1739910600,2025-02-18 15:30,609.79,611.35,609.63,611.35,892147
1739975400,2025-02-19 09:30,610.08,610.27,609.56,610.06,475124
1739979000,2025-02-19 10:30,610.05,611.26,609.81,611.19,449654
1739982600,2025-02-19 11:30,611.17,611.97,611,611.05,312598
1739986200,2025-02-19 12:30,611.045,611.82,610.65,611.67,232266
1739989800,2025-02-19 13:30,611.67,613.08,611.4,612.83,490842
1739993400,2025-02-19 14:30,612.82,613.23,611.8,612.1,560694
1739997000,2025-02-19 15:30,612.11,613.06,612.08,612.94,847148
1740061800,2025-02-20 09:30,611.545,611.68,607.02,609.11,1188922
1740065400,2025-02-20 10:30,609.02,609.5,607.08,608.26,523528
1740069000,2025-02-20 11:30,608.26,608.94,607.1,608.79,384917
1740072600,2025-02-20 12:30,608.79,609.09,607.66,607.941,359786
1740076200,2025-02-20 13:30,607.94,609.5,607.82,609.18,342225
1740079800,2025-02-20 14:30,609.16,610.1,608.72,609.83,494321
1740083400,2025-02-20 15:30,609.84,610.7,609.485,610.38,976007
1740148200,2025-02-21 09:30,610.16,610.27,606.54,606.76,1323153
1740151800,2025-02-21 10:30,606.74,607.47,605.76,606.96,716530
1740155400,2025-02-21 11:30,606.94,607.5,605.16,605.71,670270
1740159000,2025-02-21 12:30,605.73,605.79,602.09,602.16,1194334
1740162600,2025-02-21 13:30,602.16,603.22,599.65,599.91,1155797
1740166200,2025-02-21 14:30,599.92,600.66,599.47,600.55,1017117
1740169800,2025-02-21 15:30,600.58,600.9,599.47,599.97,1699442
1740407400,2025-02-24 09:30,602.02,603.02,596.48,597.95,1751499
1740411000,2025-02-24 10:30,597.92,600.39,596.75,600.12,864544
1740414600,2025-02-24 11:30,600.095,601.58,599.43,601.04,547647
1740418200,2025-02-24 12:30,601.06,601.85,600.53,601.41,294230
1740421800,2025-02-24 13:30,601.45,601.63,599.84,600.06,399087
1740425400,2025-02-24 14:30,600.07,600.67,598.9,599.09,769971
1740429000,2025-02-24 15:30,599.12,599.73,596.64,597.19,1955971
1740493800,2025-02-25 09:30,597.15,597.89,590.67,590.81,1791415
1740497400,2025-02-25 10:30,590.84,593.42,590.51,590.88,1301147
1740501000,2025-02-25 11:30,590.87,593.83,589.56,593.69,828839
1740504600,2025-02-25 12:30,593.67,596.18,593.46,593.695,707498
1740508200,2025-02-25 13:30,593.705,595.87,593.03,593.06,607917
1740511800,2025-02-25 14:30,593.07,596.67,593.02,595.9,857591
1740515400,2025-02-25 15:30,595.89,596,593.57,594.2,1145655
1740580200,2025-02-26 09:30,595.92,599.27,595.1,597.93,1355276
1740583800,2025-02-26 10:30,597.93,599.58,597.93,598.68,572571
1740587400,2025-02-26 11:30,598.68,599.46,597.68,598.61,587731
1740591000,2025-02-26 12:30,598.635,599,593.86,593.94,797048
1740594600,2025-02-26 13:30,593.905,594.6,591.86,593.4,837163
1740598200,2025-02-26 14:30,593.35,594.64,592.48,593.59,653679
1740601800,2025-02-26 15:30,593.56,595.29,593.14,594.45,889143
1740666600,2025-02-27 09:30,596.84,598.02,590.52,595.46,2043043
1740670200,2025-02-27 10:30,595.45,596.24,593.23,594.16,843455
1740673800,2025-02-27 11:30,594.17,594.97,591.4,593.94,605100
1740677400,2025-02-27 12:30,593.96,595.17,592.38,594.61,560420
1740681000,2025-02-27 13:30,594.605,594.96,590.68,590.77,608328
1740684600,2025-02-27 14:30,590.76,590.78,586.24,586.35,1683743
1740688200,2025-02-27 15:30,586.44,587.56,584.65,585.04,2263828
1740753000,2025-02-28 09:30,585.56,588.38,583.27,588.37,2155376
1740756600,2025-02-28 10:30,588.36,589.03,586.01,586.07,895926
1740760200,2025-02-28 11:30,586.06,588.35,585.83,587.05,545102
1740763800,2025-02-28 12:30,587.075,587.16,582.44,584.72,1303122
1740767400,2025-02-28 13:30,584.71,586.52,583.54,585.67,848967
1740771000,2025-02-28 14:30,585.66,589.68,585.25,589.62,1260494
1740774600,2025-02-28 15:30,589.6,594.72,587.95,594,2503984
1741012200,2025-03-03 09:30,596.18,597.34,590.69,594.1,2002309
1741015800,2025-03-03 10:30,594.09,595.12,592.23,592.4,915034
1741019400,2025-03-03 11:30,592.43,594.15,591.16,593.79,571728
1741023000,2025-03-03 12:30,593.79,594.22,587.87,588.1,781522
1741026600,2025-03-03 13:30,588.12,590.23,587.47,588.49,1042731
1741030200,2025-03-03 14:30,588.49,590.64,580.84,581.21,2406106
1741033800,2025-03-03 15:30,581.18,584.11,579.9,583.97,2394557
1741098600,2025-03-04 09:30,579.71,580.21,572.24,574.54,3091614
1741102200,2025-03-04 10:30,574.52,576.1,572.31,573.01,1665714
1741105800,2025-03-04 11:30,573.01,578.57,572.96,577.88,1263576
1741109400,2025-03-04 12:30,577.86,580.07,575.5,577.51,1198639
1741113000,2025-03-04 13:30,577.48,582.92,577,581.42,992388
1741116600,2025-03-04 14:30,581.42,585.39,580.8,583.85,1210576
1741120200,2025-03-04 15:30,583.93,584.03,574.71,576.87,3240181
1741185000,2025-03-05 09:30,576.7,579.64,575,575.9,2106052
1741188600,2025-03-05 10:30,575.97,578.36,573.83,574.89,1016680
1741192200,2025-03-05 11:30,574.85,578.79,573.08,578.7,1367296
1741195800,2025-03-05 12:30,578.74,581.16,577.77,579.23,1071427
1741199400,2025-03-05 13:30,579.27,584.32,577.91,582.8,1318246
1741203000,2025-03-05 14:30,582.86,584.88,581.98,584.12,1077512
1741206600,2025-03-05 15:30,584.1,584.1,581.39,583.04,1666365
1741271400,2025-03-06 09:30,575.48,578.74,573.46,578.45,1950937
1741275000,2025-03-06 10:30,578.5,580.18,577.12,578.53,925207
1741278600,2025-03-06 11:30,578.47,580.06,572,572.53,1310293
1741282200,2025-03-06 12:30,572.53,574.16,571.04,572.53,1129455
1741285800,2025-03-06 13:30,572.55,573.13,570.13,570.63,1032383
1741289400,2025-03-06 14:30,570.61,574.92,570.13,573,1479973
1741293000,2025-03-06 15:30,573.05,574.27,571.58,572.81,1564701
1741357800,2025-03-07 09:30,570.9,576.05,570.79,572.38,1616569
1741361400,2025-03-07 10:30,572.35,573,567.38,567.62,1824391
1741365000,2025-03-07 11:30,567.67,568.65,565.63,568.06,1489506
1741368600,2025-03-07 12:30,567.96,574.29,567.44,572.61,1684507
1741372200,2025-03-07 13:30,572.65,577.31,572.29,576.575,1286189
1741375800,2025-03-07 14:30,576.61,577.17,574.62,575.96,1081708
1741379400,2025-03-07 15:30,575.95,577.39,572.8,575.87,1433848
1741613400,2025-03-10 09:30,567.59,569.54,565.18,565.51,1813919
1741617000,2025-03-10 10:30,565.53,566.05,563.06,565.11,1538172
1741620600,2025-03-10 11:30,565.12,566.6,562.46,563.76,975737
1741624200,2025-03-10 12:30,563.78,565.1,561.1,561.85,945243
1741627800,2025-03-10 13:30,561.89,561.96,559.42,559.81,1255826
1741631400,2025-03-10 14:30,559.82,561.27,555.59,559.68,2274551
1741635000,2025-03-10 15:30,559.67,562.47,559.1,560.8,2837087
1741699800,2025-03-11 09:30,559.4,562.11,555.65,555.97,2295558
1741703400,2025-03-11 10:30,555.96,558.86,554.05,557.17,1767270
1741707000,2025-03-11 11:30,557.12,559.98,554.75,555.82,976265
1741710600,2025-03-11 12:30,555.93,556.9,552.05,552.2,937204
1741714200,2025-03-11 13:30,552.16,559.33,552.02,558.46,1296393
1741717800,2025-03-11 14:30,558.41,564.02,557.35,559.58,2028176
1741721400,2025-03-11 15:30,559.63,560.33,556.01,556.09,1786798
1741786200,2025-03-12 09:30,562.17,563.1,557.97,559.01,2397372
1741789800,2025-03-12 10:30,559.06,559.28,553.69,556.9,1333523
1741793400,2025-03-12 11:30,556.94,560.85,556.6,560.27,886474
1741797000,2025-03-12 12:30,560.34,561.44,558.67,561.42,750089
1741800600,2025-03-12 13:30,561.4,561.78,557.81,560.17,787014
1741804200,2025-03-12 14:30,560.21,561.9,558.87,559.63,705156
1741807800,2025-03-12 15:30,559.64,560.3,558.19,558.93,1607996
1741872600,2025-03-13 09:30,558.49,559.1,554.44,557.07,1258030
1741876200,2025-03-13 10:30,557.13,558.31,554.17,554.31,797551
1741879800,2025-03-13 11:30,554.24,555.16,552.3,552.62,1009148
1741883400,2025-03-13 12:30,552.59,554.56,550.35,551.13,1032872
1741887000,2025-03-13 13:30,551.12,553.24,549.68,553.05,935255
1741890600,2025-03-13 14:30,553.07,554.62,550.9,551.43,996133
1741894200,2025-03-13 15:30,551.5,552.05,550.17,551.48,1608317
1741959000,2025-03-14 09:30,556.11,559.69,555.5,557,1795648
1741962600,2025-03-14 10:30,557,561.5,556.88,561.04,839987
1741966200,2025-03-14 11:30,561.06,562.44,560.03,560.25,623008
1741969800,2025-03-14 12:30,560.2,562.8,560.05,561.45,668566
1741973400,2025-03-14 13:30,561.45,561.95,560.23,560.69,759381
1741977000,2025-03-14 14:30,560.7,562.75,560.7,561.81,716808
1741980600,2025-03-14 15:30,561.83,563.83,561.37,562.78,1952967
1742218200,2025-03-17 09:30,562.79,566.38,562.36,564.61,1244430
1742221800,2025-03-17 10:30,564.63,565.69,563.48,564.12,654460
1742225400,2025-03-17 11:30,564.15,565.25,562.81,563.84,490797
1742229000,2025-03-17 12:30,563.84,566,563.46,565.81,427031
1742232600,2025-03-17 13:30,565.82,568.92,565.61,568.62,793640
1742236200,2025-03-17 14:30,568.67,569.705,568.37,569.06,705723
1742239800,2025-03-17 15:30,569.04,569.29,566.83,567,1344629
1742304600,2025-03-18 09:30,564.8,565.08,560.15,561.28,1690821
1742308200,2025-03-18 10:30,561.28,562.06,559.34,559.95,782355
1742311800,2025-03-18 11:30,559.94,561.68,559.07,561.67,597505
1742315400,2025-03-18 12:30,561.68,561.81,559.22,560.56,664875
1742319000,2025-03-18 13:30,560.57,561.55,559.75,560.48,465664
1742322600,2025-03-18 14:30,560.48,562.22,560.42,561.1,607357
1742326200,2025-03-18 15:30,561.12,561.46,559.84,560.99,1251064
1742391000,2025-03-19 09:30,562.83,565.36,561.63,564.52,963179
1742394600,2025-03-19 10:30,564.48,564.85,563.31,564.59,567916
1742398200,2025-03-19 11:30,564.62,566.3,564.35,565.56,556600
1742401800,2025-03-19 12:30,565.51,565.65,563.27,563.37,432975
1742405400,2025-03-19 13:30,563.36,565.87,562.05,564.61,1004330
1742409000,2025-03-19 14:30,564.57,570.95,564.57,567.23,1937520
1742412600,2025-03-19 15:30,567.2,569.379,566.68,567.01,1788314
1742477400,2025-03-20 09:30,563.33,570.05,562.61,569.53,1393127
1742481000,2025-03-20 10:30,569.54,570.57,568.69,568.94,806638
1742484600,2025-03-20 11:30,568.92,569.58,565.95,566.24,925394
1742488200,2025-03-20 12:30,566.22,567.21,564.7,564.73,718375
1742491800,2025-03-20 13:30,564.79,566.5,564.04,564.12,714703
1742495400,2025-03-20 14:30,564.17,566.31,563.77,564.68,1205052
1742499000,2025-03-20 15:30,564.71,566.65,564.7,565.68,1364422
1742563800,2025-03-21 09:30,559.27,560.39,558.03,559.9,1571387
1742567400,2025-03-21 10:30,559.87,561.81,559.04,559.84,633819
1742571000,2025-03-21 11:30,559.82,562.7,558.72,562.37,883126
1742574600,2025-03-21 12:30,562.36,563.68,561.76,562.04,612843
1742578200,2025-03-21 13:30,562.11,563.92,561.52,562.11,629405
1742581800,2025-03-21 14:30,562.12,563.29,561.48,561.99,824121
1742585400,2025-03-21 15:30,561.97,564.89,561.75,564.17,2202817
1742823000,2025-03-24 09:30,570.8,573.33,570.2,573.13,1232600
1742826600,2025-03-24 10:30,573.14,573.99,572.69,573.71,722366
1742830200,2025-03-24 11:30,573.72,574.39,573.14,573.26,586792
1742833800,2025-03-24 12:30,573.27,573.57,572.45,573.05,556723
1742837400,2025-03-24 13:30,573.06,573.38,572.06,572.4,465181
1742841000,2025-03-24 14:30,572.41,574.21,572.07,573.95,984017
1742844600,2025-03-24 15:30,573.96,575.17,573.84,574.03,1505542
1742909400,2025-03-25 09:30,575.3,575.81,573.94,575.8,1043403
1742913000,2025-03-25 10:30,575.805,576.42,575.37,575.69,608779
1742916600,2025-03-25 11:30,575.71,575.75,574.4,574.54,450764
1742920200,2025-03-25 12:30,574.54,575.54,574.02,574.19,427243
1742923800,2025-03-25 13:30,574.21,574.94,573.8,574.42,440994
1742927400,2025-03-25 14:30,574.43,574.6,573.69,574.11,599167
1742931000,2025-03-25 15:30,574.11,575.59,573.87,575.35,945608
1742995800,2025-03-26 09:30,575.19,576.33,572.5,573.38,1285582
1742999400,2025-03-26 10:30,573.31,573.85,571.95,572.34,571493
1743003000,2025-03-26 11:30,572.31,572.79,570.12,571.08,733894
1743006600,2025-03-26 12:30,571.07,571.395,568.78,568.985,609290
1743010200,2025-03-26 13:30,568.93,569.49,567.95,569.26,701872
1743013800,2025-03-26 14:30,569.24,569.49,567.2,567.7,825566
1743017400,2025-03-26 15:30,567.71,569.58,567.61,568.75,1515843
1743082200,2025-03-27 09:30,567.18,569.56,564.94,569.52,1579678
1743085800,2025-03-27 10:30,569.52,570.9,569.25,569.88,809054
1743089400,2025-03-27 11:30,569.88,569.91,567.79,568.65,711855
1743093000,2025-03-27 12:30,568.63,569.3,566.39,566.77,536004
1743096600,2025-03-27 13:30,566.77,568.68,566.43,567.94,541767
1743100200,2025-03-27 14:30,567.93,570.02,567.42,569.76,761130
1743103800,2025-03-27 15:30,569.76,569.81,566.72,567.03,1610440
1743168600,2025-03-28 09:30,565.52,566.26,559.47,559.54,1809479
1743172200,2025-03-28 10:30,559.57,560.14,557.77,558.96,1818378
1743175800,2025-03-28 11:30,558.92,559.79,556.645,556.85,950643
1743179400,2025-03-28 12:30,556.86,557.58,555.25,555.38,1092600
1743183000,2025-03-28 13:30,555.4,556.97,555.22,555.99,998414
1743186600,2025-03-28 14:30,555.92,556.72,555.32,555.79,988279
1743190200,2025-03-28 15:30,555.78,556.47,555.07,555.8,2692703
1743427800,2025-03-31 09:30,549.83,551.59,546.87,549.48,2435205
1743431400,2025-03-31 10:30,549.48,553.47,549.48,552.56,1088564
1743435000,2025-03-31 11:30,552.52,554.56,551.92,554.56,760779
1743438600,2025-03-31 12:30,554.56,555.17,552.82,553.64,681615
1743442200,2025-03-31 13:30,553.65,556.96,552.73,556.93,1302023
1743445800,2025-03-31 14:30,556.89,559.19,556.27,557.42,2041313
1743449400,2025-03-31 15:30,557.39,560.69,557.13,559.15,3318613
1743514200,2025-04-01 09:30,557.45,558.57,553.67,555.16,1597947
1743517800,2025-04-01 10:30,555.12,561.87,555.04,560.79,1398535
1743521400,2025-04-01 11:30,560.83,562.94,560.21,560.75,878203
1743525000,2025-04-01 12:30,560.83,561.39,559.18,559.4,851297
1743528600,2025-04-01 13:30,559.33,560.36,556.44,556.69,880396
1743532200,2025-04-01 14:30,556.74,558.99,556.15,558.44,705439
1743535800,2025-04-01 15:30,558.425,561.52,558.18,561.05,1552595
1743600600,2025-04-02 09:30,555.05,560.91,554.82,560.86,1400204
1743604200,2025-04-02 10:30,560.84,563.75,560.34,563.33,797486
1743607800,2025-04-02 11:30,563.3,564.27,561.11,564.27,792419
1743611400,2025-04-02 12:30,564.31,567.401,563.57,566.04,1166222
1743615000,2025-04-02 13:30,566.03,566.08,561.1,561.1,1042249
1743618600,2025-04-02 14:30,561.08,563.78,560.97,563.16,912785
1743622200,2025-04-02 15:30,563.135,565.65,562.66,564.66,1769749
1743687000,2025-04-03 09:30,545.11,547.97,541.57,543.07,4088994
1743690600,2025-04-03 10:30,543.04,543.89,539.58,541.74,2117428
1743694200,2025-04-03 11:30,541.78,545.96,541.64,545.89,1596559
1743697800,2025-04-03 12:30,545.94,546.37,541.92,542.26,1092799
1743701400,2025-04-03 13:30,542.24,543.78,540.36,540.82,1003457
1743705000,2025-04-03 14:30,540.77,542.35,538.56,539.04,1735452
1743708600,2025-04-03 15:30,539.04,539.6,536.9,537.67,3611851
1743773400,2025-04-04 09:30,523.73,525.87,516.23,516.28,5187826
1743777000,2025-04-04 10:30,516.28,522.6,510.05,516.36,6169313
1743780600,2025-04-04 11:30,516.36,518.34,511.86,512.39,2827772
1743784200,2025-04-04 12:30,512.42,514.34,508.32,511.2,2688673
1743787800,2025-04-04 13:30,511.17,515.8,508.57,508.84,2961624
1743791400,2025-04-04 14:30,508.89,512.04,505.53,510.57,3325291
1743795000,2025-04-04 15:30,510.46,513.9,505.07,505.48,4963633
1744032600,2025-04-07 09:30,489.19,523.12,481.8,498.3,12780228
1744036200,2025-04-07 10:30,498.25,509.77,492.79,493.75,8710062
1744039800,2025-04-07 11:30,493.74,503.97,493.73,499.54,3126476
1744043400,2025-04-07 12:30,499.55,505.94,494.7,505.62,2836012
1744047000,2025-04-07 13:30,505.6,510.47,502.25,505.17,2729740
1744050600,2025-04-07 14:30,505.14,508.31,500.16,500.64,2130408
1744054200,2025-04-07 15:30,500.64,506.58,500.64,504.53,2821613
1744119000,2025-04-08 09:30,521.86,524.99,517.79,523.36,3679211
1744122600,2025-04-08 10:30,523.36,524.21,514.11,514.16,2277876
1744126200,2025-04-08 11:30,514.2,518.52,511.8,513.99,1908862
1744129800,2025-04-08 12:30,513.93,514.6,502.25,502.41,4036301
1744133400,2025-04-08 13:30,502.38,509.09,502.03,502.41,2350251
1744137000,2025-04-08 14:30,502.46,507.77,494.34,497.49,3236496
1744140600,2025-04-08 15:30,497.54,497.57,489.16,496.72,5567108
1744205400,2025-04-09 09:30,493.44,503.67,493.42,498.94,4214812
1744209000,2025-04-09 10:30,499.01,501.68,493.08,498.28,2517215
1744212600,2025-04-09 11:30,498.37,500.54,494.79,499.31,1574104
1744216200,2025-04-09 12:30,499.23,533.4,497.56,523.73,6922163
1744219800,2025-04-09 13:30,523.96,539.69,522.95,538.22,7412068
1744223400,2025-04-09 14:30,538.16,541.77,529.71,540.59,4529808
1744227000,2025-04-09 15:30,540.53,546.34,539.56,543.14,6612922
1744291800,2025-04-10 09:30,532.14,533.5,526.36,528.1,3884412
1744295400,2025-04-10 10:30,528.14,531.96,523.72,523.72,2421695
1744299000,2025-04-10 11:30,523.73,524.26,509.32,511.84,4511680
1744302600,2025-04-10 12:30,511.76,524.7,511.54,519.35,4708891
1744306200,2025-04-10 13:30,519.3,528.76,518.33,528.37,3607532
1744309800,2025-04-10 14:30,528.47,529.71,522.4,522.47,2941226
1744313400,2025-04-10 15:30,522.45,526.51,518.205,524.66,4245303
1744378200,2025-04-11 09:30,523.01,528.83,520.07,520.76,2769302
1744381800,2025-04-11 10:30,520.8,527.4,520.11,523.08,1497656
1744385400,2025-04-11 11:30,522.94,528.66,522.38,527.38,935179
1744389000,2025-04-11 12:30,527.45,533.07,527.45,529.85,1574383
1744392600,2025-04-11 13:30,529.84,536.47,528.86,533.13,1926304
1744396200,2025-04-11 14:30,533.17,535.68,531.97,534.68,1467950
1744399800,2025-04-11 15:30,534.7,535.45,533.49,534.03,2280036
1744637400,2025-04-14 09:30,544.05,544.3,539.22,542.13,2511938
1744641000,2025-04-14 10:30,542.14,543.86,538.44,538.5,1247991
1744644600,2025-04-14 11:30,538.61,539.93,533.86,535.89,2049988
1744648200,2025-04-14 12:30,535.82,539.23,535.29,537.44,1055725
1744651800,2025-04-14 13:30,537.3,540.51,536.49,540.43,756571
1744655400,2025-04-14 14:30,540.37,542.57,540.06,541.36,1045977
1744659000,2025-04-14 15:30,541.31,542.13,538.35,538.98,1703211
1744723800,2025-04-15 09:30,539.67,543.24,538.15,539.4,1811788
1744727400,2025-04-15 10:30,539.41,542.02,539.09,540.2,1110582
1744731000,2025-04-15 11:30,540.31,541.61,539.44,540.99,691396
1744734600,2025-04-15 12:30,540.98,541.42,537.37,537.77,672099
1744738200,2025-04-15 13:30,537.77,539.24,536.81,537.5,832166
1744741800,2025-04-15 14:30,537.47,539.28,537.47,538.34,780357
1744745400,2025-04-15 15:30,538.38,538.72,537.14,537.72,1323241
1744810200,2025-04-16 09:30,531.62,533.85,529.67,531.78,1611470
1744813800,2025-04-16 10:30,531.77,535.1,531.31,534.66,812428
1744817400,2025-04-16 11:30,534.69,534.72,530.76,531.51,572541
1744821000,2025-04-16 12:30,531.5,532.11,530.22,531.53,528974
1744824600,2025-04-16 13:30,531.55,531.63,523.95,526,2061769
1744828200,2025-04-16 14:30,526,526.15,520.29,520.63,1596060
1744831800,2025-04-16 15:30,520.69,526.41,520.69,525.73,2286904
1744896600,2025-04-17 09:30,527.64,529.29,525.16,525.28,1377384
1744900200,2025-04-17 10:30,525.27,528.85,523.92,526.71,1085669
1744903800,2025-04-17 11:30,526.71,529.89,526.23,529.45,1375336
1744907400,2025-04-17 12:30,529.49,530.39,527.62,527.68,845191
1744911000,2025-04-17 13:30,527.69,531.16,527.69,530.01,754271
1744914600,2025-04-17 14:30,530.03,530.92,526.63,527.29,1142176
1744918200,2025-04-17 15:30,527.35,528.51,525.72,526.4,1266344
1745242200,2025-04-21 09:30,521.16,521.69,515.19,515.64,1352778
1745245800,2025-04-21 10:30,515.63,516.86,512.79,513.11,980673
1745249400,2025-04-21 11:30,513.12,513.36,510.8,511.67,891446
1745253000,2025-04-21 12:30,511.66,513.25,509.55,509.97,1126066
1745256600,2025-04-21 13:30,509.93,510.5,508.46,509.91,840469
1745260200,2025-04-21 14:30,509.89,511.18,508.69,510.39,1239786
1745263800,2025-04-21 15:30,510.36,514.87,510.36,513.97,1885907
1745328600,2025-04-22 09:30,520.12,523.44,519.19,523.07,1336783
1745332200,2025-04-22 10:30,523.07,525.8,522.27,524.95,1101270
1745335800,2025-04-22 11:30,524.95,529.31,523.76,528.78,1801821
1745339400,2025-04-22 12:30,528.83,529.56,522.37,522.59,1861791
1745343000,2025-04-22 13:30,522.57,525.66,521.78,525.4,1311353
1745346600,2025-04-22 14:30,525.4,527.24,524.26,524.69,1146549
1745350200,2025-04-22 15:30,524.69,527.5,524.21,526.94,1424967
1745415000,2025-04-23 09:30,540.44,545.44,539.53,543.88,4178367
1745418600,2025-04-23 10:30,543.75,545.2,537.68,538.57,1854709
1745422200,2025-04-23 11:30,538.6,539.5,534,536.28,1676287
1745425800,2025-04-23 12:30,536.33,539.59,535.79,538.22,1138001
1745429400,2025-04-23 13:30,538.26,538.98,536.26,536.55,1094642
1745433000,2025-04-23 14:30,536.57,537.73,534.09,534.695,1202013
1745436600,2025-04-23 15:30,534.65,537.17,533.88,535.42,2225757
1745501400,2025-04-24 09:30,536.71,542.33,535.46,542.25,1499540
1745505000,2025-04-24 10:30,542.23,543.87,540.99,542.48,1266567
1745508600,2025-04-24 11:30,542.54,544.97,541.89,544.45,824148
1745512200,2025-04-24 12:30,544.44,545.86,544.04,544.97,718649
1745515800,2025-04-24 13:30,544.98,546.33,544.37,545.51,713531
1745519400,2025-04-24 14:30,545.47,546.9,544.28,544.87,995533
1745523000,2025-04-24 15:30,544.91,547.39,544.76,546.55,1623967
1745587800,2025-04-25 09:30,546.68,548.12,543.89,544.56,1919414
1745591400,2025-04-25 10:30,544.67,547.5,543.7,546.4,807713
1745595000,2025-04-25 11:30,546.475,548.55,545.7,548.35,496981
1745598600,2025-04-25 12:30,548.35,551.05,547.99,550.96,774385
1745602200,2025-04-25 13:30,550.96,550.99,546.76,549.749,1359911
1745605800,2025-04-25 14:30,549.75,550.74,549.32,549.64,750584
1745609400,2025-04-25 15:30,549.62,550.91,548.76,550.55,1020664
1745847000,2025-04-28 09:30,551.38,553.54,549.67,550.96,1349929
1745850600,2025-04-28 10:30,550.97,551.89,547.04,547.28,745409
1745854200,2025-04-28 11:30,547.22,548.54,545.7,546.02,712988
1745857800,2025-04-28 12:30,546.02,547.46,545.18,545.34,570942
1745861400,2025-04-28 13:30,545.36,548.8,545.02,548.59,604043
1745865000,2025-04-28 14:30,548.57,550.83,547.99,550.6,789565
1745868600,2025-04-28 15:30,550.56,552.27,550.02,550.94,1038660
1745933400,2025-04-29 09:30,548.91,552.79,548.55,549.89,1103644
1745937000,2025-04-29 10:30,549.88,553.28,549.82,552.23,551411
1745940600,2025-04-29 11:30,552.24,553.44,550.88,552.905,335776
1745944200,2025-04-29 12:30,552.85,553.2,550.51,552.59,570657
1745947800,2025-04-29 13:30,552.63,555.44,552.55,554.85,825182
1745951400,2025-04-29 14:30,554.9,555.29,554.13,554.6,675402
1745955000,2025-04-29 15:30,554.65,555.47,553.81,554.16,1142821
1746019800,2025-04-30 09:30,547.57,547.57,541.52,546.31,1941088
1746023400,2025-04-30 10:30,546.31,549.745,545.33,549.01,1013207
1746027000,2025-04-30 11:30,549.01,550.25,547.8,548.1,793869
1746030600,2025-04-30 12:30,548.1,550.14,547.15,550.03,530204
1746034200,2025-04-30 13:30,550.01,553.09,549.75,550.53,1101209
1746037800,2025-04-30 14:30,550.475,551.09,549.12,549.79,908970
1746041400,2025-04-30 15:30,549.81,556.51,549.4,554.33,2927314
1746106200,2025-05-01 09:30,560.37,562.21,558.69,562.04,1700405
1746109800,2025-05-01 10:30,562.05,564.06,561.17,563.22,1149985
1746113400,2025-05-01 11:30,563.26,563.35,559.07,560.25,731761
1746117000,2025-05-01 12:30,560.31,561.95,559.2,561.34,561364
1746120600,2025-05-01 13:30,561.35,562.36,559.91,561.9,468170
1746124200,2025-05-01 14:30,561.91,562.69,560.85,562.03,766951
1746127800,2025-05-01 15:30,562.02,562.49,557.87,558.48,1422838
1746192600,2025-05-02 09:30,564.73,566.32,562.37,566.31,1321671
1746196200,2025-05-02 10:30,566.3,566.31,564.51,564.66,687420
1746199800,2025-05-02 11:30,564.68,567.93,564.46,567.19,860824
1746203400,2025-05-02 12:30,567.22,568.07,566.37,566.77,563298
1746207000,2025-05-02 13:30,566.8,567.95,566.49,567.66,471398
1746210600,2025-05-02 14:30,567.68,568.37,566.17,567.65,1010061
1746214200,2025-05-02 15:30,567.64,567.82,566.02,566.62,1581872
1746451800,2025-05-05 09:30,562.55,564.28,561.7,563.69,1064501
1746455400,2025-05-05 10:30,563.69,565.31,562.92,564.8,757712
1746459000,2025-05-05 11:30,564.83,565.89,563.85,565.68,451221
1746462600,2025-05-05 12:30,565.71,565.94,564.84,565.17,338763
1746466200,2025-05-05 13:30,565.17,566.39,565.05,566.15,329278
1746469800,2025-05-05 14:30,566.13,566.65,564.57,564.76,602197
1746473400,2025-05-05 15:30,564.75,565.36,563.1,563.53,881072
1746538200,2025-05-06 09:30,557.935,560.89,556.96,560.62,1228582
1746541800,2025-05-06 10:30,560.6,561.81,560.345,561.65,482867
1746545400,2025-05-06 11:30,561.6,563.34,560.14,560.57,829748
1746549000,2025-05-06 12:30,560.51,561.45,559.13,559.69,524295
1746552600,2025-05-06 13:30,559.68,560.51,558.31,560.49,639025
1746556200,2025-05-06 14:30,560.46,561.12,559.88,560.77,537185
1746559800,2025-05-06 15:30,560.8,561.4,558.72,558.81,1286104
1746624600,2025-05-07 09:30,560.15,561.95,559.52,561.81,828820
1746628200,2025-05-07 10:30,561.84,561.96,558.38,559.17,574410
1746631800,2025-05-07 11:30,559.1,560.41,558.6,559.15,422682
1746635400,2025-05-07 12:30,559.19,561.85,559.07,561.26,280696
1746639000,2025-05-07 13:30,561.27,561.39,556.04,558.04,954933
1746642600,2025-05-07 14:30,557.96,561.22,557.32,557.91,1150988
1746646200,2025-05-07 15:30,557.86,563.8,557.54,561.23,1963134
1746711000,2025-05-08 09:30,565.24,565.63,562.315,564.43,1063280
1746714600,2025-05-08 10:30,564.42,567.07,561.71,566.19,1220946
1746718200,2025-05-08 11:30,566.2,569.71,565.43,568.8,1260864
1746721800,2025-05-08 12:30,568.8,570.31,568.71,569.19,575618
1746725400,2025-05-08 13:30,569.2,569.39,567.43,568.03,552767
1746729000,2025-05-08 14:30,568.02,569.39,567.63,569.02,1037721
1746732600,2025-05-08 15:30,569.04,569.13,564.54,564.91,1422658
1746797400,2025-05-09 09:30,566.48,567.5,563.84,564.47,863810
1746801000,2025-05-09 10:30,564.45,565.265,562.78,564.55,969207
1746804600,2025-05-09 11:30,564.5,565.63,563.45,563.89,486085
1746808200,2025-05-09 12:30,563.82,564.52,562.87,563.96,522899
1746811800,2025-05-09 13:30,563.955,565.35,563.53,564.29,400384
1746815400,2025-05-09 14:30,564.3,565.89,564.25,564.95,432616
1746819000,2025-05-09 15:30,564.96,565.17,564.1,564.32,858089
1747056600,2025-05-12 09:30,581.45,581.72,577.89,578.23,2012706
1747060200,2025-05-12 10:30,578.27,580.18,577.04,578.86,1529275
1747063800,2025-05-12 11:30,578.87,579.83,577.98,579.3,956063
1747067400,2025-05-12 12:30,579.3,582.42,579.23,581.3,1219743
1747071000,2025-05-12 13:30,581.31,582.17,581.16,581.97,695979
1747074600,2025-05-12 14:30,581.98,582.57,581.15,581.51,903779
1747078200,2025-05-12 15:30,581.51,583,580.8,582.88,2047002
1747143000,2025-05-13 09:30,583.41,587.9,582.83,586.82,2504820
1747146600,2025-05-13 10:30,586.84,588.09,586.12,587.69,1249429
1747150200,2025-05-13 11:30,587.69,588.43,586.97,587.68,1026343
1747153800,2025-05-13 12:30,587.67,588.39,587.3,588.33,954014
1747157400,2025-05-13 13:30,588.34,589.06,587.46,587.88,1054843
1747161000,2025-05-13 14:30,587.92,588.95,587.49,588.469,1103594
1747164600,2025-05-13 15:30,588.44,589.08,586.73,586.81,1686301
1747229400,2025-05-14 09:30,587.84,588.98,586.4,587.49,1693430
1747233000,2025-05-14 10:30,587.49,588.1,585.8,587.86,1222273
1747236600,2025-05-14 11:30,587.84,588.53,587.69,587.91,782225
1747240200,2025-05-14 12:30,587.95,588.57,585.535,586.33,1013750
1747243800,2025-05-14 13:30,586.32,587.69,586.24,586.86,824596
1747247400,2025-05-14 14:30,586.865,588.21,586.49,586.99,1083712
1747251000,2025-05-14 15:30,587,588.15,586.39,587.55,2024417
1747315800,2025-05-15 09:30,585.56,587.13,585.1,585.88,1708376
1747319400,2025-05-15 10:30,585.87,588.91,585.31,588.35,1461374
1747323000,2025-05-15 11:30,588.37,590.06,588.06,589.175,1110196
1747326600,2025-05-15 12:30,589.17,590.97,588.83,590.66,1132682
1747330200,2025-05-15 13:30,590.68,590.69,588.69,589.501,1168742
1747333800,2025-05-15 14:30,589.51,590.32,588.31,588.76,1200719
1747337400,2025-05-15 15:30,588.74,590.44,588.74,590.4,1891335
1747402200,2025-05-16 09:30,591.22,591.64,590.01,590.89,1918352
1747405800,2025-05-16 10:30,590.905,591.08,589.28,590.9,1205568
1747409400,2025-05-16 11:30,590.89,592.27,590.88,592.06,1012788
1747413000,2025-05-16 12:30,592.06,593.28,591.78,593.1,1135292
1747416600,2025-05-16 13:30,593.11,593.48,592.58,593.26,1321183
1747420200,2025-05-16 14:30,593.26,594.34,593.14,593.86,1356313
1747423800,2025-05-16 15:30,593.85,594.5,593.19,594.29,1893525
1747661400,2025-05-19 09:30,588.1,593.29,588.1,592.24,2400302
1747665000,2025-05-19 10:30,592.27,592.9,591.62,592.36,715995
1747668600,2025-05-19 11:30,592.35,594.13,592.25,593.97,715094
1747672200,2025-05-19 12:30,593.98,595.535,593.57,595.09,1201103
1747675800,2025-05-19 13:30,595.12,595.47,593.349,593.73,1041714
1747679400,2025-05-19 14:30,593.76,594.65,593.16,593.55,1170930
1747683000,2025-05-19 15:30,593.555,595.25,593.52,594.93,1800766
1747747800,2025-05-20 09:30,593.11,593.63,592.04,592.93,1471156
1747751400,2025-05-20 10:30,592.89,594.05,592.49,593.44,905737
1747755000,2025-05-20 11:30,593.46,593.54,592.23,592.67,916005
1747758600,2025-05-20 12:30,592.69,593.8,592.65,593.46,1181810
1747762200,2025-05-20 13:30,593.46,593.53,590.63,590.82,1839944
1747765800,2025-05-20 14:30,590.82,591.65,589.6,591.32,2115376
1747769400,2025-05-20 15:30,591.32,592.965,591.32,592.82,1671716
1747834200,2025-05-21 09:30,588.48,591.42,588.42,589.63,2807792
1747837800,2025-05-21 10:30,589.63,592.24,588.87,591.79,1503750
1747841400,2025-05-21 11:30,591.79,592.29,591.26,591.77,1073191
1747845000,2025-05-21 12:30,591.8,592.58,584.55,584.7,2513909
1747848600,2025-05-21 13:30,584.63,587.76,583.78,585.26,2706316
1747852200,2025-05-21 14:30,585.21,586.26,581.81,582.26,2143615
1747855800,2025-05-21 15:30,582.27,584.62,582.27,582.98,2564550
1747920600,2025-05-22 09:30,582.66,585.17,581.41,582.84,2699940
1747924200,2025-05-22 10:30,582.85,583.84,581.51,582.56,1761828
1747927800,2025-05-22 11:30,582.54,585.61,582.43,584.33,1595923
1747931400,2025-05-22 12:30,584.32,584.87,582.64,584.67,1378727
1747935000,2025-05-22 13:30,584.68,586,584.31,585.571,1582050
1747938600,2025-05-22 14:30,585.57,586.62,584.89,586.5,1676656
1747942200,2025-05-22 15:30,586.51,586.565,582.58,583.04,2850088
1748007000,2025-05-23 09:30,575.98,578.85,575.59,577.72,3089235
1748010600,2025-05-23 10:30,577.74,578.93,576.835,578.45,956471
1748014200,2025-05-23 11:30,578.49,579.73,577.52,578.65,880069
1748017800,2025-05-23 12:30,578.65,581.16,577.95,581.08,878716
1748021400,2025-05-23 13:30,581.07,581.8,580,580.75,857416
1748025000,2025-05-23 14:30,580.74,581.53,579.38,579.9,782467
1748028600,2025-05-23 15:30,579.88,581.03,578.49,579.16,1729719
1748352600,2025-05-27 09:30,586.08,588.26,584.37,587.87,2954273
1748356200,2025-05-27 10:30,587.88,589.015,587.63,588.81,1714333
1748359800,2025-05-27 11:30,588.8,589.62,588.47,589.37,1616904
1748363400,2025-05-27 12:30,589.36,590.66,589.36,590.17,1618933
1748367000,2025-05-27 13:30,590.18,591.31,590.01,590.67,1455714
1748370600,2025-05-27 14:30,590.67,590.93,590.18,590.3,1909651
1748374200,2025-05-27 15:30,590.3,591.08,589.88,591.06,2585152
1748439000,2025-05-28 09:30,591.56,592.77,589.98,590.22,2447985
1748442600,2025-05-28 10:30,590.24,590.33,589.13,589.4,1440527
1748446200,2025-05-28 11:30,589.39,589.98,588.97,589.88,1167211
1748449800,2025-05-28 12:30,589.86,590.61,589.64,590.26,999023
1748453400,2025-05-28 13:30,590.27,590.44,589.43,590.11,948531
1748457000,2025-05-28 14:30,590.09,590.78,587.92,589.52,2307357
1748460600,2025-05-28 15:30,589.51,589.65,586.985,587.69,2237845
1748525400,2025-05-29 09:30,593.04,593.2,588.5,590.09,2226923
1748529000,2025-05-29 10:30,590.09,591.09,589.29,590.72,1011763
1748532600,2025-05-29 11:30,590.709,590.801,586.07,589,1353051
1748536200,2025-05-29 12:30,588.97,590.46,588.9,589.33,822482
1748539800,2025-05-29 13:30,589.35,589.81,587.61,588.025,965526
1748543400,2025-05-29 14:30,588.01,589.73,588.01,588.89,1316647
1748547000,2025-05-29 15:30,588.89,590.67,588.89,589.99,1593638
1748611800,2025-05-30 09:30,588.93,589.7,586.4,589.6,2388484
1748615400,2025-05-30 10:30,589.58,589.91,588.05,589.14,1144423
1748619000,2025-05-30 11:30,589.11,589.36,584.68,585.09,1915052
1748622600,2025-05-30 12:30,585.07,586.06,583.25,585.89,2060280
1748626200,2025-05-30 13:30,585.89,588.72,585.54,588.29,1770734
1748629800,2025-05-30 14:30,588.28,590.93,587.76,590.62,1153779
1748633400,2025-05-30 15:30,590.64,591.12,589.24,589.46,3908040
1748871000,2025-06-02 09:30,587.75,589.74,585.06,588.59,2825752
1748874600,2025-06-02 10:30,588.58,589.94,588.12,588.54,1196287
1748878200,2025-06-02 11:30,588.55,590.06,588.13,589.41,597411
1748881800,2025-06-02 12:30,589.37,590.6,589.04,589.86,504103
1748885400,2025-06-02 13:30,589.85,591.7,589.51,591.48,738162
1748889000,2025-06-02 14:30,591.51,592.72,591.2,592.4,1236005
1748892600,2025-06-02 15:30,592.39,592.79,591.65,592.63,1822145
1748957400,2025-06-03 09:30,592.34,593.9,591.85,593.9,1761163
1748961000,2025-06-03 10:30,593.89,595.14,593.17,594.97,1359546
1748964600,2025-06-03 11:30,594.96,596.25,594.84,596.07,1311091
1748968200,2025-06-03 12:30,596.08,597.08,596.02,596.77,998648
1748971800,2025-06-03 13:30,596.77,596.96,594.8,596.15,1650553
1748975400,2025-06-03 14:30,596.14,596.52,595.78,596.26,1487388
1748979000,2025-06-03 15:30,596.26,596.5,595.25,596.11,1948631
1749043800,2025-06-04 09:30,596.96,597.95,595.49,597.59,2298164
1749047400,2025-06-04 10:30,597.58,597.87,596.7,596.99,1130428
1749051000,2025-06-04 11:30,596.99,597.4,595.8,595.92,1159499
1749054600,2025-06-04 12:30,595.91,597.42,595.87,597.31,908437
1749058200,2025-06-04 13:30,597.31,597.93,597.05,597.59,986458
1749061800,2025-06-04 14:30,597.59,597.68,596.71,597.02,1123916
1749065400,2025-06-04 15:30,597.03,597.24,595.89,595.9,1673635
1749130200,2025-06-05 09:30,597.63,597.89,593.91,596.18,1778497
1749133800,2025-06-05 10:30,596.16,598.74,594,598.66,1981593
1749137400,2025-06-05 11:30,598.64,599,597.03,597.93,856378
1749141000,2025-06-05 12:30,597.9,598,594.27,596.47,1342658
1749144600,2025-06-05 13:30,596.45,596.97,593.06,595.34,1144110
1749148200,2025-06-05 14:30,595.321,596.11,591.05,592.42,1871542
1749151800,2025-06-05 15:30,592.46,594.73,592.21,593,1999336
1749216600,2025-06-06 09:30,598.66,600.83,598.4,599.18,2885189
1749220200,2025-06-06 10:30,599.15,600.37,597.26,598.52,1734657
1749223800,2025-06-06 11:30,598.48,599.39,597.97,598.59,940884
1749227400,2025-06-06 12:30,598.58,598.88,596.85,598.2,1168532
1749231000,2025-06-06 13:30,598.21,600.13,598.21,599.59,1189840
1749234600,2025-06-06 14:30,599.58,600.64,599.17,599.35,1399831
1749238200,2025-06-06 15:30,599.34,599.85,598.91,599.04,1834842
1749475800,2025-06-09 09:30,599.74,599.99,598.49,599.71,1844758
1749479400,2025-06-09 10:30,599.71,600.41,599.03,599.21,1342897
1749483000,2025-06-09 11:30,599.22,600.01,599.19,599.78,767379
1749486600,2025-06-09 12:30,599.8,601.12,599.78,600.835,958373
1749490200,2025-06-09 13:30,600.84,601.25,600.56,601.05,784918
1749493800,2025-06-09 14:30,601.03,601.22,600.33,600.54,1194914
1749497400,2025-06-09 15:30,600.53,600.74,599.43,599.59,1818879
1749562200,2025-06-10 09:30,600.22,601.269,600.16,601.19,1172297
1749565800,2025-06-10 10:30,601.2,601.8,600.88,601.17,1182787
1749569400,2025-06-10 11:30,601.16,601.98,599.1,601.87,1324678
1749573000,2025-06-10 12:30,601.88,602.66,601.72,601.929,1007985
1749576600,2025-06-10 13:30,601.92,602.01,600.125,600.925,1231894
1749580200,2025-06-10 14:30,600.92,603.47,600.85,602.64,1695602
1749583800,2025-06-10 15:30,602.635,603.22,601.61,603.03,1648494
1749648600,2025-06-11 09:30,604.19,604.885,602.24,604.74,1917479
1749652200,2025-06-11 10:30,604.74,605.06,603.47,604.23,1151225
1749655800,2025-06-11 11:30,604.24,604.44,601.96,603.22,1393012
1749659400,2025-06-11 12:30,603.21,604.43,602.74,604.34,906648
1749663000,2025-06-11 13:30,604.35,604.44,599.27,600.729,2152028
1749666600,2025-06-11 14:30,600.67,602.16,599.86,600.48,2020070
1749670200,2025-06-11 15:30,600.5,601.59,599.73,601.42,1569476
1749735000,2025-06-12 09:30,600.02,602.639,599.53,602.49,1899094
1749738600,2025-06-12 10:30,602.49,603.62,601.55,602.44,2167280
1749742200,2025-06-12 11:30,602.46,603.32,601.74,603.01,1316223
1749745800,2025-06-12 12:30,602.99,603.4,602.02,602.97,1169110
1749749400,2025-06-12 13:30,602.965,603.57,602.435,602.81,1033227
1749753000,2025-06-12 14:30,602.84,603.56,602.47,603.29,1470919
1749756600,2025-06-12 15:30,603.28,603.72,602.39,603.69,1616648
1749821400,2025-06-13 09:30,598.53,600.36,596.62,596.77,2386375
1749825000,2025-06-13 10:30,596.78,600.67,596.65,600.59,1456900
1749828600,2025-06-13 11:30,600.58,601.85,600.3,600.92,1088366
1749832200,2025-06-13 12:30,600.89,601.48,599.17,599.52,821606
1749835800,2025-06-13 13:30,599.51,600.28,597,597.11,1588915
1749839400,2025-06-13 14:30,597.11,597.68,595.6,596.26,2133121
1749843000,2025-06-13 15:30,596.29,597.25,595.49,596.93,1867389
1750080600,2025-06-16 09:30,600.4,604.19,600.23,604.07,2846637
1750084200,2025-06-16 10:30,604.07,604.45,603.27,603.38,1632117
1750087800,2025-06-16 11:30,603.37,603.84,602.8,603.02,1006549
1750091400,2025-06-16 12:30,603.015,603.56,602.33,603.38,876910
1750095000,2025-06-16 13:30,603.39,603.71,602.14,602.56,965539
1750098600,2025-06-16 14:30,602.57,602.77,601.64,602.03,1392791
1750102200,2025-06-16 15:30,602.09,602.82,601.79,602.715,1624520
1750167000,2025-06-17 09:30,600.21,601.64,599.18,601.17,2165072
1750170600,2025-06-17 10:30,601.145,601.74,600.37,600.48,1088319
1750174200,2025-06-17 11:30,600.47,601.58,600.21,601.16,818257
1750177800,2025-06-17 12:30,601.14,601.58,598.99,599,1522828
1750181400,2025-06-17 13:30,598.98,599.89,596.96,597.39,2133189
1750185000,2025-06-17 14:30,597.4,598.37,596.76,598.23,1909170
1750188600,2025-06-17 15:30,598.24,598.62,597.29,597.55,2077530
1750253400,2025-06-18 09:30,598.45,601.04,597.39,600.77,1379075
1750257000,2025-06-18 10:30,600.8,601.22,599.9,600.1,636392
1750260600,2025-06-18 11:30,600.14,600.52,599.41,599.49,623786
1750264200,2025-06-18 12:30,599.47,600.1,598.84,598.87,587335
1750267800,2025-06-18 13:30,598.81,601,598.04,599.33,1166904
1750271400,2025-06-18 14:30,599.37,600.82,596.47,596.92,2520716
1750275000,2025-06-18 15:30,596.89,598.8,596.63,597.46,1472197
1750426200,2025-06-20 09:30,598.38,599.46,595.31,596.14,2086721
1750429800,2025-06-20 10:30,596.15,596.6,593.5,595.11,1497179
1750433400,2025-06-20 11:30,595.08,596.379,594.22,594.92,1086406
1750437000,2025-06-20 12:30,594.92,595.97,593.54,593.54,957244
1750440600,2025-06-20 13:30,593.55,595.355,592.86,594.88,1207759
1750444200,2025-06-20 14:30,594.88,595.22,593.25,593.47,1266818
1750447800,2025-06-20 15:30,593.47,594.97,593.25,594.27,2052961
1750685400,2025-06-23 09:30,595.05,598.29,593.6,597.54,2297669
1750689000,2025-06-23 10:30,597.55,597.76,596.35,596.4,1323764
1750692600,2025-06-23 11:30,596.39,596.73,594.16,594.301,1283916
1750696200,2025-06-23 12:30,594.29,597.97,591.9,597.72,2931115
1750699800,2025-06-23 13:30,597.73,599.32,597.73,598.39,1270994
1750703400,2025-06-23 14:30,598.37,599.44,597.99,599.25,1129921
1750707000,2025-06-23 15:30,599.23,600.54,598.93,600.07,1588235
1750771800,2025-06-24 09:30,604.33,605.45,603.41,604.58,2220790
1750775400,2025-06-24 10:30,604.6,605.82,604.53,605.75,1274406
1750779000,2025-06-24 11:30,605.77,606.59,605.66,606.49,921614
1750782600,2025-06-24 12:30,606.5,607.18,606.31,606.33,1043058
1750786200,2025-06-24 13:30,606.34,607.46,606.33,607,837981
1750789800,2025-06-24 14:30,607.02,607.69,606.87,607.51,1031367
1750793400,2025-06-24 15:30,607.51,607.84,606.75,606.76,1675159
1750858200,2025-06-25 09:30,607.91,608.48,607.31,607.68,2798550
1750861800,2025-06-25 10:30,607.71,608.4,606.86,607.16,1618726
1750865400,2025-06-25 11:30,607.17,607.27,606.48,606.965,923502
1750869000,2025-06-25 12:30,606.975,607.14,606.27,607.015,863195
1750872600,2025-06-25 13:30,607.03,607.08,605.54,606.37,1118498
1750876200,2025-06-25 14:30,606.375,607.37,606.06,607,1049024
1750879800,2025-06-25 15:30,606.99,607.2,606.37,607.08,1832506
1750944600,2025-06-26 09:30,608.99,609.98,608.37,609.95,1655886
1750948200,2025-06-26 10:30,609.93,610.86,609.93,610.09,1175906
1750951800,2025-06-26 11:30,610.08,611.12,609.83,610.89,905247
1750955400,2025-06-26 12:30,610.9,611.26,610.64,611.19,577420
1750959000,2025-06-26 13:30,611.2,612.11,611.16,611.72,1061384
1750962600,2025-06-26 14:30,611.73,611.92,611.1,611.62,1289887
1750966200,2025-06-26 15:30,611.63,612.305,611.23,611.89,2250179
1751031000,2025-06-27 09:30,612.9,615.5,612.7,614.905,2219241
1751034600,2025-06-27 10:30,614.91,615.54,614.6,615.34,1136455
1751038200,2025-06-27 11:30,615.33,616.35,615.3,616.31,1081627
1751041800,2025-06-27 12:30,616.315,616.39,615.26,615.4,883088
1751045400,2025-06-27 13:30,615.4,615.58,612.33,612.33,1893834
1751049000,2025-06-27 14:30,612.34,612.71,610.83,612.385,2653390
1751052600,2025-06-27 15:30,612.38,615.13,612.38,614.85,2986135
1751290200,2025-06-30 09:30,617.39,617.46,615.93,616.7,2267887
1751293800,2025-06-30 10:30,616.7,616.78,615.69,616.2,1360373
1751297400,2025-06-30 11:30,616.21,616.93,616.1,616.26,882618
1751301000,2025-06-30 12:30,616.24,617.13,616.2,616.51,842434
1751304600,2025-06-30 13:30,616.5,616.6,615.05,616.05,1386788
1751308200,2025-06-30 14:30,616.03,618.25,615.32,617.9,2393135
1751311800,2025-06-30 15:30,617.89,619.22,617.4,617.9,3720759
1751376600,2025-07-01 09:30,616.42,618.06,616.255,617.12,1828167
1751380200,2025-07-01 10:30,617.1,617.61,615.52,617.28,1877486
1751383800,2025-07-01 11:30,617.27,618.1,616.08,617.33,1255535
1751387400,2025-07-01 12:30,617.32,618.26,617,618.08,1008050
1751391000,2025-07-01 13:30,618.08,618.83,617.76,618.01,1183138
1751394600,2025-07-01 14:30,618,618.51,616.7,618.37,1573038
1751398200,2025-07-01 15:30,618.365,618.72,617.43,617.545,1656862
1751463000,2025-07-02 09:30,617.24,618.72,616.62,618.6,2122411
1751466600,2025-07-02 10:30,618.6,619.16,618.2,618.79,1643226
1751470200,2025-07-02 11:30,618.795,619.45,618.74,619.17,1180832
1751473800,2025-07-02 12:30,619.16,619.68,619,619.46,1068081
1751477400,2025-07-02 13:30,619.47,619.72,619.23,619.6,1118796
1751481000,2025-07-02 14:30,619.59,620.17,619.575,619.76,1399807
1751484600,2025-07-02 15:30,619.75,620.48,619.61,620.38,1737850
1751549400,2025-07-03 09:30,622.45,625.11,622.43,624.99,2326743
1751553000,2025-07-03 10:30,625,625.78,624.79,625.42,1562959
1751556600,2025-07-03 11:30,625.42,626.07,625.37,625.74,1589359
1751560200,2025-07-03 12:30,625.73,626.27,624.88,625.36,1617377
1751895000,2025-07-07 09:30,623.35,624.03,622.53,623.05,1122351
1751898600,2025-07-07 10:30,623.04,623.1,621.565,622.07,1274458
1751902200,2025-07-07 11:30,622.06,622.29,619.25,620.565,1993290
1751905800,2025-07-07 12:30,620.55,621.23,619.48,620.19,1272439
1751909400,2025-07-07 13:30,620.16,621.4,617.89,617.99,1659071
1751913000,2025-07-07 14:30,617.99,620.39,617.88,619.47,1544648
1751916600,2025-07-07 15:30,619.47,621,619.39,620.78,2132989
1751981400,2025-07-08 09:30,621.35,621.66,619.65,620.01,1436897
1751985000,2025-07-08 10:30,620.02,621.49,619.52,619.979,1366747
1751988600,2025-07-08 11:30,619.98,622.11,619.97,621.87,1040016
1751992200,2025-07-08 12:30,621.89,622.05,619.84,620.83,1093879
1751995800,2025-07-08 13:30,620.83,621.301,620.2,620.67,713330
1751999400,2025-07-08 14:30,620.67,620.92,620.09,620.51,930866
1752003000,2025-07-08 15:30,620.5,620.8,620,620.3,1842918
1752067800,2025-07-09 09:30,622.77,624.72,622.65,623.38,2298772
1752071400,2025-07-09 10:30,623.38,623.38,620.92,622.1,2601537
1752075000,2025-07-09 11:30,622.1,622.54,621.31,621.8,1363908
1752078600,2025-07-09 12:30,621.8,622.68,621.62,622.33,1013062
1752082200,2025-07-09 13:30,622.32,623.31,622.05,622.85,1396681
1752085800,2025-07-09 14:30,622.87,623.77,622.82,623.6,1544776
1752089400,2025-07-09 15:30,623.58,624.21,623.41,624.01,1885363
1752154200,2025-07-10 09:30,624.2,624.41,623.01,623.735,2229290
1752157800,2025-07-10 10:30,623.77,625.58,623.75,625.51,1545692
1752161400,2025-07-10 11:30,625.51,625.79,625.03,625.57,1023759
1752165000,2025-07-10 12:30,625.57,626.23,625.24,626.1,975572
1752168600,2025-07-10 13:30,626.09,626.88,626.09,626.59,1206038
1752172200,2025-07-10 14:30,626.59,626.67,626.095,626.2,1136275
1752175800,2025-07-10 15:30,626.2,626.67,625.21,625.88,1871458
1752240600,2025-07-11 09:30,622.74,624.26,621.53,624.005,2203829
1752244200,2025-07-11 10:30,624.01,624.38,622.72,623.4,1543235
1752247800,2025-07-11 11:30,623.4,624.63,623.15,623.94,1460228
1752251400,2025-07-11 12:30,623.95,624.58,623.56,624.45,1129658
1752255000,2025-07-11 13:30,624.45,624.69,623.77,624.27,1306513
1752258600,2025-07-11 14:30,624.27,624.855,623.13,624.45,2160269
1752262200,2025-07-11 15:30,624.45,624.58,623.47,623.61,2076804
1752499800,2025-07-14 09:30,623.17,623.71,621.79,622.69,2163677
1752503400,2025-07-14 10:30,622.68,624.14,622.37,624.13,1795657
1752507000,2025-07-14 11:30,624.14,624.39,623.77,623.88,1111863
1752510600,2025-07-14 12:30,623.88,624.96,623.62,624.71,1130233
1752514200,2025-07-14 13:30,624.71,625,624.42,624.96,886179
1752517800,2025-07-14 14:30,624.96,625.159,624.54,624.729,1143571
1752521400,2025-07-14 15:30,624.73,624.99,624.3,624.7,1586284
1752586200,2025-07-15 09:30,627.5,627.87,625.27,625.48,2363334
1752589800,2025-07-15 10:30,625.49,625.59,623.8,625.12,2584344
1752593400,2025-07-15 11:30,625.12,625.39,624.01,624.271,1508928
1752597000,2025-07-15 12:30,624.27,624.58,622.95,623.86,1849472
1752600600,2025-07-15 13:30,623.85,624.87,623.85,624.6,1341515
1752604200,2025-07-15 14:30,624.6,624.83,623.02,623.3,2275672
1752607800,2025-07-15 15:30,623.31,623.78,622.07,622.11,2303289
1752672600,2025-07-16 09:30,623.76,624.12,621.68,622.5,2113384
1752676200,2025-07-16 10:30,622.49,623.37,619.46,621.33,5300205
1752679800,2025-07-16 11:30,621.35,622.53,618.05,621.67,5352624
1752683400,2025-07-16 12:30,621.71,623.78,621.14,623.09,1461944
1752687000,2025-07-16 13:30,623.1,623.46,622.72,623.35,990479
1752690600,2025-07-16 14:30,623.35,624.52,623.35,624.155,1282784
1752694200,2025-07-16 15:30,624.14,624.73,623.88,624.19,1486949
1752759000,2025-07-17 09:30,624.4,626.23,624.18,625.46,2065970
1752762600,2025-07-17 10:30,625.46,626.72,625.01,626.67,1608890
1752766200,2025-07-17 11:30,626.67,627.5,626.56,626.83,1323545
1752769800,2025-07-17 12:30,626.84,627.1,626.52,627.02,1116591
1752773400,2025-07-17 13:30,627.03,627.88,626.98,627.83,1120283
1752777000,2025-07-17 14:30,627.84,628.41,627.65,627.98,1450403
1752780600,2025-07-17 15:30,627.97,628.32,627.655,627.99,3113925
1752845400,2025-07-18 09:30,629.29,629.38,627.24,627.37,2290454
1752849000,2025-07-18 10:30,627.39,627.91,626.91,627.57,1146795
1752852600,2025-07-18 11:30,627.62,628.17,626.54,626.969,1111559
1752856200,2025-07-18 12:30,626.98,627.39,626.46,626.94,1128380
1752859800,2025-07-18 13:30,626.94,627.52,626.67,627.12,701938
1752863400,2025-07-18 14:30,627.09,627.6,627.03,627.39,831437
1752867000,2025-07-18 15:30,627.39,627.76,627.01,627.59,1402207
1753104600,2025-07-21 09:30,628.77,631.33,628.68,631.25,2149042
1753108200,2025-07-21 10:30,631.25,631.38,630.64,631.26,1352300
1753111800,2025-07-21 11:30,631.27,631.54,630.53,630.77,1225626
1753115400,2025-07-21 12:30,630.76,631.49,630.73,631.39,859432
1753119000,2025-07-21 13:30,631.39,631.52,631.04,631.19,819721
1753122600,2025-07-21 14:30,631.2,631.2,629.11,629.44,2187286
1753126200,2025-07-21 15:30,629.45,629.68,628.345,628.73,2214891
1753191000,2025-07-22 09:30,629.1,629.18,626.19,627.09,2775748
1753194600,2025-07-22 10:30,627.08,628.12,626.98,627.63,1235451
1753198200,2025-07-22 11:30,627.64,628.13,627.04,627.25,1195184
1753201800,2025-07-22 12:30,627.25,629.22,627.07,629.04,1154535
1753205400,2025-07-22 13:30,629.05,629.18,627.53,628.425,1294295
1753209000,2025-07-22 14:30,628.42,629.52,628.37,629.2,1401100
1753212600,2025-07-22 15:30,629.2,629.73,628.75,628.85,1695378
1753277400,2025-07-23 09:30,631.55,631.63,629.73,630.72,1992771
1753281000,2025-07-23 10:30,630.72,630.93,630.09,630.82,1092652
1753284600,2025-07-23 11:30,630.82,632.79,630.479,631.69,1790818
1753288200,2025-07-23 12:30,631.68,632.2,631.35,632.11,910962
1753291800,2025-07-23 13:30,632.11,633.651,631.79,633.24,1546424
1753295400,2025-07-23 14:30,633.24,633.48,632.96,633.36,1302104
1753299000,2025-07-23 15:30,633.36,634.16,632.94,634.15,1725433
1753363800,2025-07-24 09:30,634.6,635.38,633.99,634.82,2551783
1753367400,2025-07-24 10:30,634.82,635.89,634.73,635.52,1671946
1753371000,2025-07-24 11:30,635.53,635.73,634.28,634.57,1399561
1753374600,2025-07-24 12:30,634.56,635.98,634.45,635.38,1307735
1753378200,2025-07-24 13:30,635.38,636.15,635.125,635.78,1659610
1753381800,2025-07-24 14:30,635.78,635.93,634.7,635.475,1795196
1753385400,2025-07-24 15:30,635.47,635.57,634.25,634.44,2326430
1753450200,2025-07-25 09:30,635.06,635.61,634.84,635.48,1588576
1753453800,2025-07-25 10:30,635.48,636.125,635.29,636.03,1141986
1753457400,2025-07-25 11:30,636.02,636.93,635.61,636.76,1031740
1753461000,2025-07-25 12:30,636.76,637.13,636.6,637.04,861499
1753464600,2025-07-25 13:30,637.05,637.53,636.98,637.33,1051761
1753468200,2025-07-25 14:30,637.33,637.57,637.18,637.33,972919
1753471800,2025-07-25 15:30,637.34,637.49,636.62,637.01,2186663
1753709400,2025-07-28 09:30,637.5,638.04,637.08,637.74,1988480
1753713000,2025-07-28 10:30,637.73,637.9,636.34,637.07,1429881
1753716600,2025-07-28 11:30,637.07,637.65,636.98,637.39,709279
1753720200,2025-07-28 12:30,637.4,637.41,636.16,636.32,913064
1753723800,2025-07-28 13:30,636.31,636.76,635.54,636.04,1178735
1753727400,2025-07-28 14:30,636.04,636.29,635.69,636.04,1113789
1753731000,2025-07-28 15:30,636.05,637.01,635.83,636.89,1302276
1753795800,2025-07-29 09:30,638.35,638.67,637.24,637.76,1766568
1753799400,2025-07-29 10:30,637.75,637.83,635.18,635.3,1820458
1753803000,2025-07-29 11:30,635.29,636.21,634.69,635.66,1559853
1753806600,2025-07-29 12:30,635.64,636.56,635.1,636.18,1076130
1753810200,2025-07-29 13:30,636.18,636.38,634.95,635.32,1136717
1753813800,2025-07-29 14:30,635.3,635.86,635.03,635.06,1214959
1753817400,2025-07-29 15:30,635.07,635.4,634.34,635.23,1929109
1753882200,2025-07-30 09:30,635.92,636.67,635.3,636.32,1124182
1753885800,2025-07-30 10:30,636.33,636.82,635,635.31,1111101
1753889400,2025-07-30 11:30,635.32,636.71,635.09,636.57,921111
1753893000,2025-07-30 12:30,636.58,636.66,636.145,636.21,607575
1753896600,2025-07-30 13:30,636.22,637.1,636,636.77,849495
1753900200,2025-07-30 14:30,636.77,637.7,631.54,632.07,2625230
1753903800,2025-07-30 15:30,632.11,634.635,631.61,634.48,2034558
1753968600,2025-07-31 09:30,639.47,639.85,637.7,638.82,2548943
1753972200,2025-07-31 10:30,638.81,639.145,635.065,636.18,2103923
1753975800,2025-07-31 11:30,636.19,638.23,636.11,638.08,1055651
1753979400,2025-07-31 12:30,638.07,638.32,634.42,634.84,1526176
1753983000,2025-07-31 13:30,634.86,635.65,631.44,634.21,2877723
1753986600,2025-07-31 14:30,634.2,635.13,632.62,632.79,1906425
1753990200,2025-07-31 15:30,632.8,633.68,630.76,631.92,3459441
1754055000,2025-08-01 09:30,626.31,626.35,619.65,623.36,4005436
1754058600,2025-08-01 10:30,623.37,624.07,621.39,621.52,2709337
1754062200,2025-08-01 11:30,621.5,624.96,621.38,624.21,2277132
1754065800,2025-08-01 12:30,624.21,624.46,620.34,620.57,2733347
1754069400,2025-08-01 13:30,620.57,621.81,619.3,621.62,2306324
1754073000,2025-08-01 14:30,621.62,623.1,620.95,621.79,3406017
1754076600,2025-08-01 15:30,621.77,623.3,620.84,621.72,3017353
1754314200,2025-08-04 09:30,625.67,629.53,625.58,629.4,2978677
1754317800,2025-08-04 10:30,629.41,629.69,628.47,628.99,1802105
1754321400,2025-08-04 11:30,628.99,630.17,628.59,629.72,1484295
1754325000,2025-08-04 12:30,629.72,630.52,629.68,630.29,1125353
1754328600,2025-08-04 13:30,630.3,630.49,629.39,629.98,1339851
1754332200,2025-08-04 14:30,629.99,630.74,629.74,630.26,1613747
1754335800,2025-08-04 15:30,630.27,631.21,629.93,631.07,2082957
1754400600,2025-08-05 09:30,631.78,632.6,629.19,629.86,2286234
1754404200,2025-08-05 10:30,629.86,629.86,627.04,627.98,2948320
1754407800,2025-08-05 11:30,627.98,629.18,627.16,629.03,1389859
1754411400,2025-08-05 12:30,629.03,629.81,627.8,629.7,1038580
1754415000,2025-08-05 13:30,629.71,630.32,628.6,628.7,1379915
1754418600,2025-08-05 14:30,628.71,629.11,627.87,628.96,1406090
1754422200,2025-08-05 15:30,628.98,629.04,627.81,628.01,1529710
1754487000,2025-08-06 09:30,629.05,630.6,628.14,628.8,1596099
1754490600,2025-08-06 10:30,628.77,632.04,628.39,631.93,1398371
1754494200,2025-08-06 11:30,631.91,632.92,631.16,632.37,1402350
1754497800,2025-08-06 12:30,632.38,632.98,631.85,632.29,940903
1754501400,2025-08-06 13:30,632.31,633.11,632,632.92,974644
1754505000,2025-08-06 14:30,632.92,633.19,632.49,633.02,956633
1754508600,2025-08-06 15:30,633.01,633.44,632.39,632.67,2049029
1754573400,2025-08-07 09:30,636.24,636.98,633.12,633.78,2861619
1754577000,2025-08-07 10:30,633.82,634.23,631.75,631.99,1693346
1754580600,2025-08-07 11:30,631.99,632.61,631.13,632.24,1100250
1754584200,2025-08-07 12:30,632.25,632.6,630,630.03,1339497
1754587800,2025-08-07 13:30,630.005,631.09,629.13,629.9,1230788
1754591400,2025-08-07 14:30,629.89,630.87,629.46,630.285,921256
1754595000,2025-08-07 15:30,630.29,632.36,630.26,632.29,1246732
1754659800,2025-08-08 09:30,634.06,636.78,633.74,636.429,2095040
1754663400,2025-08-08 10:30,636.43,637.05,635.57,636.01,1400440
1754667000,2025-08-08 11:30,636,637.36,634.86,636.87,1547433
1754670600,2025-08-08 12:30,636.88,637.12,636.13,636.39,940570
1754674200,2025-08-08 13:30,636.39,637.645,636.38,637.21,861222
1754677800,2025-08-08 14:30,637.22,637.62,637.04,637.26,1475276
1754681400,2025-08-08 15:30,637.25,637.27,636.05,637.13,1929968
1754919000,2025-08-11 09:30,637.46,637.97,636.9,637.25,1804587
1754922600,2025-08-11 10:30,637.24,637.43,636.53,637.09,1318255
1754926200,2025-08-11 11:30,637.1,638.95,636.79,638.53,1277192
1754929800,2025-08-11 12:30,638.54,638.61,636.91,637.19,1027622
1754933400,2025-08-11 13:30,637.17,637.43,636.28,636.48,1472746
1754937000,2025-08-11 14:30,636.5,636.87,635.56,636.27,1114240
1754940600,2025-08-11 15:30,636.25,636.38,634.65,635.82,2882078
1755005400,2025-08-12 09:30,638.29,639.87,636.79,639.29,2338559
1755009000,2025-08-12 10:30,639.31,641.03,638.865,640.48,1780440
1755012600,2025-08-12 11:30,640.47,641.5,640.31,641.38,1312904
1755016200,2025-08-12 12:30,641.38,641.99,641.37,641.54,942038
1755019800,2025-08-12 13:30,641.54,642.62,641.43,642.22,930660
1755023400,2025-08-12 14:30,642.24,642.43,641.98,642.33,1073302
1755027000,2025-08-12 15:30,642.32,642.85,641.99,642.65,1897504
1755091800,2025-08-13 09:30,644.91,646.19,643.99,644.23,2557870
1755095400,2025-08-13 10:30,644.25,644.41,643.07,643.67,1817793
1755099000,2025-08-13 11:30,643.68,644.25,643.23,643.27,984379
1755102600,2025-08-13 12:30,643.26,643.7,642.68,643.64,868349
1755106200,2025-08-13 13:30,643.645,644.2,642.77,643.89,808534
1755109800,2025-08-13 14:30,643.91,644.74,643.24,644.295,1152783
1755113400,2025-08-13 15:30,644.295,645.09,643.91,644.88,1606295
1755178200,2025-08-14 09:30,642.79,644.615,642.34,644.22,1872953
1755181800,2025-08-14 10:30,644.25,645.54,642.97,643.339,1322032
1755185400,2025-08-14 11:30,643.339,644.22,642.66,643.1,772033
1755189000,2025-08-14 12:30,643.09,645.05,643,645.01,605499
1755192600,2025-08-14 13:30,645.01,645.06,643.92,644.08,779925
1755196200,2025-08-14 14:30,644.08,645.49,643.95,645.04,1071482
1755199800,2025-08-14 15:30,645.01,645.62,644.85,644.94,1236768
1755264600,2025-08-15 09:30,645.99,646.09,643.22,644.21,2179982
1755268200,2025-08-15 10:30,644.2,644.33,643.26,643.47,1279163
1755271800,2025-08-15 11:30,643.47,644.14,642.52,643.29,1133692
1755275400,2025-08-15 12:30,643.31,644.3,643.3,644.16,1010018
1755279000,2025-08-15 13:30,644.16,644.88,643.98,644.54,1291410
1755282600,2025-08-15 14:30,644.52,644.64,643.325,643.8,1288726
1755286200,2025-08-15 15:30,643.8,644.11,643.13,643.45,1644755
1755523800,2025-08-18 09:30,642.86,643.93,642.53,642.999,1686921
1755527400,2025-08-18 10:30,643,643.44,642.29,642.73,1048825
1755531000,2025-08-18 11:30,642.73,643.28,642.5,643.12,756417
1755534600,2025-08-18 12:30,643.13,643.36,642.17,643.16,552144
1755538200,2025-08-18 13:30,643.16,643.81,642.44,642.77,809946
1755541800,2025-08-18 14:30,642.74,643.57,642.74,643.26,957348
1755545400,2025-08-18 15:30,643.25,643.95,643.14,643.27,1194951
1755610200,2025-08-19 09:30,643.12,644.105,641.98,643.03,2430406
1755613800,2025-08-19 10:30,643.04,643.54,640.47,641.62,2380376
1755617400,2025-08-19 11:30,641.61,641.9,640.17,640.35,1300089
1755621000,2025-08-19 12:30,640.36,640.62,638.81,639.72,1503775
1755624600,2025-08-19 13:30,639.71,640.11,638.82,639.09,1067807
1755628200,2025-08-19 14:30,639.09,639.28,638.48,639.21,1521335
1755631800,2025-08-19 15:30,639.21,639.91,638.72,639.745,2000600
1755696600,2025-08-20 09:30,639.4,639.66,633.66,633.93,5397768
1755700200,2025-08-20 10:30,633.95,636.43,632.94,636.36,2652245
1755703800,2025-08-20 11:30,636.34,637.47,634.72,637.43,1784553
1755707400,2025-08-20 12:30,637.42,637.45,635.92,636.55,1037694
1755711000,2025-08-20 13:30,636.55,637.96,635.22,635.86,1360028
1755714600,2025-08-20 14:30,635.83,638.86,635.75,638.33,1982753
1755718200,2025-08-20 15:30,638.31,639.06,637.805,638.04,2056984
1755783000,2025-08-21 09:30,636.28,637.97,634.32,637.89,1512434
1755786600,2025-08-21 10:30,637.89,637.9,635.3,636.7,693073
1755790200,2025-08-21 11:30,636.7,637.59,634.96,635.23,632244
1755793800,2025-08-21 12:30,635.28,635.99,633.81,634.44,630602
1755797400,2025-08-21 13:30,634.41,636.2,634.34,635.5,648270
1755801000,2025-08-21 14:30,635.53,636.51,635.1,635.94,812242
1755804600,2025-08-21 15:30,635.96,635.98,635.08,635.58,1059393
1755869400,2025-08-22 09:30,637.755,645.53,637.25,644.1,3049727
1755873000,2025-08-22 10:30,644.14,646.27,644.14,646,1624761
1755876600,2025-08-22 11:30,646,646.5,644.7,644.78,1620674
1755880200,2025-08-22 12:30,644.78,646.25,644.3,646.15,1045287
1755883800,2025-08-22 13:30,646.15,646.4,645.29,645.38,1058184
1755887400,2025-08-22 14:30,645.43,645.86,645.06,645.085,1471290
1755891000,2025-08-22 15:30,645.07,645.45,644.3,645.29,2716371
1756128600,2025-08-25 09:30,644.03,644.68,643.41,644.15,2226641
1756132200,2025-08-25 10:30,644.14,645.05,643.74,644.91,1052264
1756135800,2025-08-25 11:30,644.91,645.15,644.51,644.945,723780
1756139400,2025-08-25 12:30,644.94,645.29,644.42,644.675,726532
1756143000,2025-08-25 13:30,644.66,644.82,643.94,644.17,869505
1756146600,2025-08-25 14:30,644.16,644.28,643.62,643.69,972752
1756150200,2025-08-25 15:30,643.69,643.84,642.36,642.49,1478739
1756215000,2025-08-26 09:30,642.2,643.27,641.56,643.08,1455247
1756218600,2025-08-26 10:30,643.05,643.18,642.29,642.45,891738
1756222200,2025-08-26 11:30,642.45,643.55,642.29,643.34,624456
1756225800,2025-08-26 12:30,643.33,643.59,642.9,643.5,507404
1756229400,2025-08-26 13:30,643.5,643.58,642.44,643.52,663215
1756233000,2025-08-26 14:30,643.52,644.72,643.51,644.56,1153084
1756236600,2025-08-26 15:30,644.55,645.51,643.92,645.14,1947866
1756301400,2025-08-27 09:30,644.57,646.34,644.44,646.11,1493128
1756305000,2025-08-27 10:30,646.11,646.54,645.75,646.31,862657
1756308600,2025-08-27 11:30,646.31,646.69,645.48,645.96,694761
1756312200,2025-08-27 12:30,645.96,646.55,645.37,646.44,807034
1756315800,2025-08-27 13:30,646.45,647.35,646.44,647.27,757785
1756319400,2025-08-27 14:30,647.25,647.31,645.83,646.66,949367
1756323000,2025-08-27 15:30,646.66,647.36,646.6,646.6,942213
1756387800,2025-08-28 09:30,647.24,648.09,645.35,645.95,1877693
1756391400,2025-08-28 10:30,645.98,647.66,645.94,646.25,1207109
1756395000,2025-08-28 11:30,646.29,648.4,646.24,648.15,877870
1756398600,2025-08-28 12:30,648.14,648.37,647.45,648.12,666166
1756402200,2025-08-28 13:30,648.13,648.68,648.08,648.65,1050182
1756405800,2025-08-28 14:30,648.65,649.25,648.63,648.95,1216360
1756409400,2025-08-28 15:30,648.94,649.48,648.73,648.86,1644971
1756474200,2025-08-29 09:30,647.47,647.83,643.64,644.66,3287966
1756477800,2025-08-29 10:30,644.66,645.11,643.14,644.42,1378891
1756481400,2025-08-29 11:30,644.41,644.76,643.71,644.19,914002
1756485000,2025-08-29 12:30,644.18,645.04,643.46,643.99,972289
1756488600,2025-08-29 13:30,644,645,643.84,644.26,945932
1756492200,2025-08-29 14:30,644.27,644.99,644.18,644.58,1081017
1756495800,2025-08-29 15:30,644.58,645.14,643.76,645.01,2964099
1756819800,2025-09-02 09:30,637.53,640.14,636.05,639.47,2713246
1756823400,2025-09-02 10:30,639.47,639.62,636.16,636.56,1106935
1756827000,2025-09-02 11:30,636.545,636.56,634.92,635.62,1003790
1756830600,2025-09-02 12:30,635.61,637.85,635.61,637.63,897201
1756834200,2025-09-02 13:30,637.63,639.03,637.63,637.72,888415
1756837800,2025-09-02 14:30,637.72,639.31,637.32,639.14,1008007
1756841400,2025-09-02 15:30,639.13,640.49,639.03,640.33,2422561
1756906200,2025-09-03 09:30,642.67,643.23,641.59,642.36,2565461
1756909800,2025-09-03 10:30,642.34,644.21,642.29,642.43,1820709
1756913400,2025-09-03 11:30,642.43,643.13,641.99,642.42,1305574
1756917000,2025-09-03 12:30,642.44,642.85,641.43,642.28,1123991
1756920600,2025-09-03 13:30,642.26,642.43,640.55,641.13,1317422
1756924200,2025-09-03 14:30,641.11,641.27,640.46,641.03,1199049
1756927800,2025-09-03 15:30,641.04,643.73,641.01,643.62,2688314
1756992600,2025-09-04 09:30,644.42,645.3,643.5,644.89,2517251
1756996200,2025-09-04 10:30,644.88,646.44,644.84,646.21,1878954
1756999800,2025-09-04 11:30,646.22,646.58,645.82,645.955,990117
1757003400,2025-09-04 12:30,645.94,646.97,645.81,646.86,794610
1757007000,2025-09-04 13:30,646.85,647.62,646.59,647.23,1037472
1757010600,2025-09-04 14:30,647.23,648.24,647.09,647.92,1345266
1757014200,2025-09-04 15:30,647.89,649.15,647.81,649,2113444
1757079000,2025-09-05 09:30,651.48,652.21,646.06,646.56,3199185
1757082600,2025-09-05 10:30,646.56,646.66,643.33,646.19,2063975
1757086200,2025-09-05 11:30,646.2,646.9,645.29,645.73,1302667
1757089800,2025-09-05 12:30,645.76,646.55,645.23,645.845,904148
1757093400,2025-09-05 13:30,645.88,646.07,644.61,645.709,956439
1757097000,2025-09-05 14:30,645.71,647.4,645.7,647.11,1332414
1757100600,2025-09-05 15:30,647.12,647.27,646.15,647.22,1596587
1757338200,2025-09-08 09:30,648.63,649.06,647.75,648.77,1843003
1757341800,2025-09-08 10:30,648.76,649.82,648.66,649.79,1115773
1757345400,2025-09-08 11:30,649.79,649.84,648.38,648.64,997054
1757349000,2025-09-08 12:30,648.62,648.8,647.78,648.495,602063
1757352600,2025-09-08 13:30,648.5,648.68,647.23,648.39,748152
1757356200,2025-09-08 14:30,648.39,648.58,647.34,647.57,973102
1757359800,2025-09-08 15:30,647.59,648.88,647.46,648.78,2330188
1757424600,2025-09-09 09:30,648.97,649.72,648.43,648.75,1373080
1757428200,2025-09-09 10:30,648.75,648.83,647.22,648.78,1332464
1757431800,2025-09-09 11:30,648.76,649.06,648.04,648.85,1115313
1757435400,2025-09-09 12:30,648.85,649.8,648.77,649.569,1129864
1757439000,2025-09-09 13:30,649.56,649.99,649.48,649.835,1004332
1757442600,2025-09-09 14:30,649.84,650.13,649.55,650.06,1136717
1757446200,2025-09-09 15:30,650.07,650.86,649.7,650.32,1318450
1757511000,2025-09-10 09:30,653.63,654.55,652.7,653.94,2503442
1757514600,2025-09-10 10:30,653.91,654.03,652.46,652.82,2049680
1757518200,2025-09-10 11:30,652.83,653.63,652.35,652.64,1144221
1757521800,2025-09-10 12:30,652.64,653.45,652.11,652.29,876519
1757525400,2025-09-10 13:30,652.28,652.72,651.4,651.69,1266053
1757529000,2025-09-10 14:30,651.69,652.14,650.63,650.85,1747638
1757532600,2025-09-10 15:30,650.86,652.7,650.7,652.24,1989338
1757597400,2025-09-11 09:30,654.16,656.25,653.59,655.94,2942733
1757601000,2025-09-11 10:30,655.95,657.58,655.86,657.42,1779429
1757604600,2025-09-11 11:30,657.44,657.8,656.65,657.35,1248417
1757608200,2025-09-11 12:30,657.36,657.56,656.86,657.12,931118
1757611800,2025-09-11 13:30,657.13,657.65,657.01,657.33,1278014
1757615400,2025-09-11 14:30,657.32,657.82,657.16,657.75,1261540
1757619000,2025-09-11 15:30,657.75,658.33,657.46,657.59,2127579
1757683800,2025-09-12 09:30,657.6,658.19,657.14,657.97,2591998
1757687400,2025-09-12 10:30,657.97,658.48,657.62,657.64,1301759
1757691000,2025-09-12 11:30,657.64,658.06,657.21,658.05,913334
1757694600,2025-09-12 12:30,658.05,658.28,657.64,658.1,921625
1757698200,2025-09-12 13:30,658.1,658.56,657.9,658.505,1061525
1757701800,2025-09-12 14:30,658.51,659.11,658.07,658.17,1930164
1757705400,2025-09-12 15:30,658.16,658.33,656.9,657.41,2937332
1757943000,2025-09-15 09:30,659.64,660.74,659.475,660.68,2752773
1757946600,2025-09-15 10:30,660.66,661.05,660.22,660.35,1616760
1757950200,2025-09-15 11:30,660.35,660.9,660.24,660.6,985361
1757953800,2025-09-15 12:30,660.6,660.87,659.53,659.75,1138826
1757957400,2025-09-15 13:30,659.75,660.66,659.7,659.9,1134326
1757961000,2025-09-15 14:30,659.9,660.16,659.34,660.07,1325875
1757964600,2025-09-15 15:30,660.07,660.91,659.76,660.83,2232311
1758029400,2025-09-16 09:30,661.47,661.78,659.63,659.95,3222862
1758033000,2025-09-16 10:30,659.94,660.3,659.39,659.63,1542443
1758036600,2025-09-16 11:30,659.61,659.96,659.2,659.91,1027040
1758040200,2025-09-16 12:30,659.9,660.44,659.48,660.26,871965
1758043800,2025-09-16 13:30,660.27,660.4,659.93,660.19,706536
1758047400,2025-09-16 14:30,660.2,660.745,660.03,660.14,1141189
1758051000,2025-09-16 15:30,660.15,660.65,659.69,659.94,2140225
1758115800,2025-09-17 09:30,660.01,660.65,659.1,659.16,2394360
1758119400,2025-09-17 10:30,659.18,659.68,658.86,658.941,986588
1758123000,2025-09-17 11:30,658.95,659.35,658.73,658.93,633514
1758126600,2025-09-17 12:30,658.93,658.99,658.13,658.65,699617
1758130200,2025-09-17 13:30,658.67,661.72,657.13,660.35,2742663
1758133800,2025-09-17 14:30,660.35,660.67,654.3,660.189,3818562
1758137400,2025-09-17 15:30,660.205,660.55,658.51,659.23,1590774
1758202200,2025-09-18 09:30,661.88,664.49,660.27,664.4,4651866
1758205800,2025-09-18 10:30,664.39,664.89,662.6,663.31,2110903
1758209400,2025-09-18 11:30,663.32,663.94,662.18,663.47,1118724
1758213000,2025-09-18 12:30,663.46,664.23,663.27,663.32,832736
1758216600,2025-09-18 13:30,663.32,663.45,662.52,662.78,940073
1758220200,2025-09-18 14:30,662.78,663.51,662.35,662.71,1414400
1758223800,2025-09-18 15:30,662.7,663.06,661.96,662.28,2647101
1758288600,2025-09-19 09:30,662.33,662.7,661.31,661.9,2816589
1758292200,2025-09-19 10:30,661.9,662.22,660.63,660.759,1571819
1758295800,2025-09-19 11:30,660.75,662.68,660.37,662.489,1208651
1758299400,2025-09-19 12:30,662.48,662.76,662.135,662.48,848921
1758303000,2025-09-19 13:30,662.48,662.891,662.33,662.53,1257140
1758306600,2025-09-19 14:30,662.52,664.04,662.43,663.8,1816123
1758310200,2025-09-19 15:30,663.79,664.55,663.39,663.63,2477979
1758547800,2025-09-22 09:30,662.19,664.14,662.17,664.07,3051387
1758551400,2025-09-22 10:30,664.07,665.32,663.89,664.94,1557581
1758555000,2025-09-22 11:30,664.94,665.94,664.48,665.85,1733815
1758558600,2025-09-22 12:30,665.85,666.54,665.79,666.51,1210454
1758562200,2025-09-22 13:30,666.5,666.78,666.03,666.57,1302671
1758565800,2025-09-22 14:30,666.57,667.23,666.47,667.15,1053971
1758569400,2025-09-22 15:30,667.15,667.29,666.71,666.76,1701725
1758634200,2025-09-23 09:30,666.72,667.34,666.36,666.63,3018527
1758637800,2025-09-23 10:30,666.63,666.76,666.02,666.14,1617857
1758641400,2025-09-23 11:30,666.15,666.25,664.97,665.24,1516170
1758645000,2025-09-23 12:30,665.24,665.84,663.69,663.71,1685340
1758648600,2025-09-23 13:30,663.7,663.85,662.04,662.68,2489817
1758652200,2025-09-23 14:30,662.66,663.31,661.98,662.37,1542980
1758655800,2025-09-23 15:30,662.38,663.54,662.29,663.24,2626196
1758720600,2025-09-24 09:30,664.51,664.61,662.41,663.21,3104997
1758724200,2025-09-24 10:30,663.2,663.66,662.4,662.65,1477563
1758727800,2025-09-24 11:30,662.65,662.68,659.67,660.91,2366759
1758731400,2025-09-24 12:30,660.91,661.67,660.4,661.38,1093094
1758735000,2025-09-24 13:30,661.37,661.79,659.96,660.38,1474791
1758738600,2025-09-24 14:30,660.379,661.15,660.26,660.8,1159120
1758742200,2025-09-24 15:30,660.81,661.37,660.49,661.05,1754997
1758807000,2025-09-25 09:30,657.94,659.15,655.08,658.49,4742683
1758810600,2025-09-25 10:30,658.48,659.1,657.19,657.47,1906388
1758814200,2025-09-25 11:30,657.46,659.4,657.46,658.01,1411720
1758817800,2025-09-25 12:30,658.01,658.98,656.58,657.3,1076391
1758821400,2025-09-25 13:30,657.26,657.47,654.41,656.99,1873633
1758825000,2025-09-25 14:30,656.96,658.16,656.67,657.45,1735350
1758828600,2025-09-25 15:30,657.46,658.25,657.04,657.935,1490404
1758893400,2025-09-26 09:30,659.51,662.38,657.88,658.75,4052258
1758897000,2025-09-26 10:30,658.78,659.96,658.05,659.91,1623618
1758900600,2025-09-26 11:30,659.91,660.76,658.49,660.44,1171635
1758904200,2025-09-26 12:30,660.45,661.74,660.07,661.62,1108922
1758907800,2025-09-26 13:30,661.63,662.02,660.77,661.73,1108285
1758911400,2025-09-26 14:30,661.74,662.14,661.3,661.61,1005757
1758915000,2025-09-26 15:30,661.6,661.95,661.15,661.75,1442515
1759152600,2025-09-29 09:30,664.36,665.28,663.72,664.76,3100485
1759156200,2025-09-29 10:30,664.76,665.17,663.21,663.55,1971991
1759159800,2025-09-29 11:30,663.54,663.8,662.84,663.47,1703096
1759163400,2025-09-29 12:30,663.48,663.71,662.4,662.56,1143747
1759167000,2025-09-29 13:30,662.57,663.6,662.19,663.469,1400698
1759170600,2025-09-29 14:30,663.47,663.58,661.87,662.64,2187719
1759174200,2025-09-29 15:30,662.64,663.76,662.61,663.6,2226265
1759239000,2025-09-30 09:30,662.91,663.56,661.97,662.86,2294165
1759242600,2025-09-30 10:30,662.85,663.62,661.61,662.24,1549197
1759246200,2025-09-30 11:30,662.23,664.05,661.89,663.405,1081974
1759249800,2025-09-30 12:30,663.4,663.67,661.77,662.13,982118
1759253400,2025-09-30 13:30,662.1,664.03,661.82,663.88,1361164
1759257000,2025-09-30 14:30,663.87,665.51,663.61,665.37,1781520
1759260600,2025-09-30 15:30,665.39,666.65,664.86,666.09,3818572
1759325400,2025-10-01 09:30,663.17,665.71,663.06,665.53,4334126
1759329000,2025-10-01 10:30,665.54,666.44,665.26,666.31,2117014
1759332600,2025-10-01 11:30,666.31,667.18,666.31,666.9,1955650
1759336200,2025-10-01 12:30,666.9,668.09,666.43,667.98,1780458
1759339800,2025-10-01 13:30,667.98,668.94,667.6,668.77,1582327
1759343400,2025-10-01 14:30,668.77,669.37,668.73,669.13,1375271
1759347000,2025-10-01 15:30,669.12,669.26,668.49,668.53,2000466
1759411800,2025-10-02 09:30,670.45,670.57,668.28,668.71,2978466
1759415400,2025-10-02 10:30,668.72,669.02,667.02,667.67,1798363
1759419000,2025-10-02 11:30,667.67,668.42,666.78,668.14,1249426
1759422600,2025-10-02 12:30,668.13,668.71,667.55,668.51,943048
1759426200,2025-10-02 13:30,668.51,669.67,668.34,669.58,1201268
1759429800,2025-10-02 14:30,669.58,669.73,669.22,669.49,851675
1759433400,2025-10-02 15:30,669.47,669.49,668.82,669.14,2060277
1759498200,2025-10-03 09:30,669.99,671.57,669.93,671.385,2501768
1759501800,2025-10-03 10:30,671.39,672.28,671.32,671.78,1558073
1759505400,2025-10-03 11:30,671.77,672.68,671.35,672.46,1262508
1759509000,2025-10-03 12:30,672.45,672.55,670.32,670.345,1776556
1759512600,2025-10-03 13:30,670.33,670.96,668.16,670.53,2760677
1759516200,2025-10-03 14:30,670.53,670.68,669.29,669.62,1632680
1759519800,2025-10-03 15:30,669.61,670.23,668.78,669.2,1772233
1759757400,2025-10-06 09:30,671.63,671.63,669.45,670.51,3478800
1759761000,2025-10-06 10:30,670.51,671.37,670.14,671.145,1492534
1759764600,2025-10-06 11:30,671.15,671.92,671.05,671.82,1474641
1759768200,2025-10-06 12:30,671.83,672.32,671.33,672.07,1109276
1759771800,2025-10-06 13:30,672.07,672.47,671.79,672.23,1105350
1759775400,2025-10-06 14:30,672.24,672.51,671.65,671.75,928512
1759779000,2025-10-06 15:30,671.75,672.09,671.54,671.59,1561910
1759843800,2025-10-07 09:30,672.53,673,671.26,671.27,2523172
1759847400,2025-10-07 10:30,671.28,671.69,668.81,669.28,3606470
1759851000,2025-10-07 11:30,669.27,669.41,667.67,668.4,3490964
1759854600,2025-10-07 12:30,668.39,669.54,668.13,668.98,1420675
1759858200,2025-10-07 13:30,668.91,669.191,667.81,668.62,890611
1759861800,2025-10-07 14:30,668.63,669.13,668.53,668.57,839868
1759865400,2025-10-07 15:30,668.57,669.4,668.55,669.13,1468082
1759930200,2025-10-08 09:30,670.24,671.96,669.42,671.89,3032736
1759933800,2025-10-08 10:30,671.885,672.73,671.34,672.55,1687740
1759937400,2025-10-08 11:30,672.55,673.09,672.36,672.64,1176959
1759941000,2025-10-08 12:30,672.64,673.03,672.22,672.9,822030
1759944600,2025-10-08 13:30,672.9,673.14,672.48,672.8,1086912
1759948200,2025-10-08 14:30,672.8,673.01,672.14,672.89,1315585
1759951800,2025-10-08 15:30,672.89,673.2,672.66,673.04,1700936
1760016600,2025-10-09 09:30,673.53,673.93,671.12,671.22,2958830
1760020200,2025-10-09 10:30,671.23,671.86,669.96,670.76,1986709
1760023800,2025-10-09 11:30,670.75,671.58,669.99,670.96,1267288
1760027400,2025-10-09 12:30,670.95,671.12,669.34,669.46,1434845
1760031000,2025-10-09 13:30,669.46,670.38,669.23,669.82,1222450
1760034600,2025-10-09 14:30,669.81,670.67,669.52,670.51,1083447
1760038200,2025-10-09 15:30,670.49,671.25,670.44,671.18,1622696
1760103000,2025-10-10 09:30,672.15,673.96,671.8,672.56,2864116
1760106600,2025-10-10 10:30,672.6,673.07,661.93,662.44,4614857
1760110200,2025-10-10 11:30,662.42,664.07,659.47,661.57,2545718
1760113800,2025-10-10 12:30,661.57,662.75,657.75,659.78,1571056
1760117400,2025-10-10 13:30,659.79,660.92,658.51,659.06,1151771
1760121000,2025-10-10 14:30,659.1,659.5,655.53,656,1308043
1760124600,2025-10-10 15:30,656.02,656.81,652.85,653.12,2720563
1760362200,2025-10-13 09:30,660.65,663.23,659.8,660.87,5564071
1760365800,2025-10-13 10:30,660.88,662.85,659.77,662.73,2896705
1760369400,2025-10-13 11:30,662.71,665.13,662.23,663.48,2428719
1760373000,2025-10-13 12:30,663.49,664.61,662.92,663.13,1458007
1760376600,2025-10-13 13:30,663.14,664.05,662.37,663.92,1098359
1760380200,2025-10-13 14:30,663.94,664.28,661.68,662.81,1834044
1760383800,2025-10-13 15:30,662.8,663.65,662.63,663.05,1673016
1760448600,2025-10-14 09:30,657.17,659.91,653.17,659.78,4834059
1760452200,2025-10-14 10:30,659.78,661.11,659.04,659.68,2217824
1760455800,2025-10-14 11:30,659.71,663.96,659.64,663.64,2425193
1760459400,2025-10-14 12:30,663.64,665.63,663.57,665.34,1635300
1760463000,2025-10-14 13:30,665.34,665.84,664.41,665.11,1204782
1760466600,2025-10-14 14:30,665.1,665.36,664.45,664.79,1049431
1760470200,2025-10-14 15:30,664.79,664.8,660.28,662.21,3493338
1760535000,2025-10-15 09:30,666.82,670.23,666.05,669.61,3678995
1760538600,2025-10-15 10:30,669.64,669.9,667.66,667.69,1430224
1760542200,2025-10-15 11:30,667.72,667.83,663.92,665.59,2423615
1760545800,2025-10-15 12:30,665.59,665.77,658.94,660.86,2980878
1760549400,2025-10-15 13:30,660.89,664.9,660.7,664.3,1762260
1760553000,2025-10-15 14:30,664.32,665.83,664.19,665.36,1310906
1760556600,2025-10-15 15:30,665.37,665.46,663.25,665.09,2997678
1760621400,2025-10-16 09:30,666.84,668.07,665.425,666.94,3464737
1760625000,2025-10-16 10:30,666.93,668.71,665.47,665.82,2214687
1760628600,2025-10-16 11:30,665.81,666.77,662.29,662.47,3398047
1760632200,2025-10-16 12:30,662.5,664.26,659.33,663.49,5739816
1760635800,2025-10-16 13:30,663.49,663.99,657.45,658.38,4007914
1760639400,2025-10-16 14:30,658.4,660.92,657.11,658.91,3755780
1760643000,2025-10-16 15:30,658.92,661.25,658.15,660.68,2569175
1760707800,2025-10-17 09:30,659.51,663.72,658.23,662.31,4586423
1760711400,2025-10-17 10:30,662.31,662.4,658.5,659.42,2835555
1760715000,2025-10-17 11:30,659.42,663.36,658.14,663.12,2147505
1760718600,2025-10-17 12:30,663.13,663.64,660.54,661.19,1498547
1760722200,2025-10-17 13:30,661.16,665.04,660.71,664.65,1785440
1760725800,2025-10-17 14:30,664.65,665.75,664.03,665.13,1529052
1760729400,2025-10-17 15:30,665.13,665.13,664.03,664.3,1796729
1760967000,2025-10-20 09:30,667.3,670.4,667.27,670.235,1747256
1760970600,2025-10-20 10:30,670.26,671.45,669.8,670.91,1213969
1760974200,2025-10-20 11:30,670.92,671.31,670.16,670.82,817480
1760977800,2025-10-20 12:30,670.82,672.02,670.3,671.61,881457
1760981400,2025-10-20 13:30,671.61,672.21,671.55,671.84,834746
1760985000,2025-10-20 14:30,671.85,672.02,671.18,671.71,1151328
1760988600,2025-10-20 15:30,671.71,672.1,671.195,671.27,1615174
1761053400,2025-10-21 09:30,671.46,671.89,669.99,670.61,1959268
1761057000,2025-10-21 10:30,670.6,672.73,670.26,671.9,1700366
1761060600,2025-10-21 11:30,671.9,672.69,671.4,672.64,1272616
1761064200,2025-10-21 12:30,672.63,672.99,670.77,671.58,1646654
1761067800,2025-10-21 13:30,671.63,672.52,671.25,672.29,893962
1761071400,2025-10-21 14:30,672.28,672.43,671.69,671.9,1038197
1761075000,2025-10-21 15:30,671.9,672.4,671.16,671.24,1317027
1761139800,2025-10-22 09:30,671.99,672,669.325,669.44,1358931
1761143400,2025-10-22 10:30,669.45,670.41,667.6,667.82,1625047
1761147000,2025-10-22 11:30,667.93,669.76,667.15,667.62,914097
1761150600,2025-10-22 12:30,667.59,668.22,664.01,665.42,1863003
1761154200,2025-10-22 13:30,665.39,666.2,663.3,665.66,1500610
1761157800,2025-10-22 14:30,665.65,667.62,665.07,667.43,1485863
1761161400,2025-10-22 15:30,667.45,668.35,667.31,667.83,1437231
1761226200,2025-10-23 09:30,668.12,670.75,667.8,669.41,1690200
1761229800,2025-10-23 10:30,669.41,670.4,669,670.05,836607
1761233400,2025-10-23 11:30,670.09,671.08,668.74,670.54,640616
1761237000,2025-10-23 12:30,670.52,671.65,670.425,671.01,961449
1761240600,2025-10-23 13:30,671,672.53,671,672.485,906588
1761244200,2025-10-23 14:30,672.49,672.72,672.27,672.45,865923
1761247800,2025-10-23 15:30,672.45,672.45,671.3,671.61,1714624
1761312600,2025-10-24 09:30,676.48,677.95,675.65,676.78,1887939
1761316200,2025-10-24 10:30,676.78,678.38,675.9,678.15,953497
1761319800,2025-10-24 11:30,678.2,678.45,677.48,677.9,796568
1761323400,2025-10-24 12:30,677.89,678.24,677.21,678.07,536828
1761327000,2025-10-24 13:30,678.05,678.43,677.87,678.17,555450
1761330600,2025-10-24 14:30,678.16,678.47,677.75,678.24,849615
1761334200,2025-10-24 15:30,678.245,678.27,676.765,677.09,2138726
1761571800,2025-10-27 09:30,682.73,683.61,682.11,683.03,2078671
1761575400,2025-10-27 10:30,683.01,683.37,682.55,683.36,1044717
1761579000,2025-10-27 11:30,683.36,683.78,683.19,683.505,1205579
1761582600,2025-10-27 12:30,683.53,683.88,683.17,683.43,814117
1761586200,2025-10-27 13:30,683.435,683.99,683.31,683.85,852056
1761589800,2025-10-27 14:30,683.86,684.29,683.86,684.23,1039377
1761593400,2025-10-27 15:30,684.23,685.54,684.18,685.2,2062883
1761658200,2025-10-28 09:30,687.08,687.22,685.12,686.14,1567920
1761661800,2025-10-28 10:30,686.12,686.37,685.37,685.53,688065
1761665400,2025-10-28 11:30,685.52,686.23,684.83,686.19,862990
1761669000,2025-10-28 12:30,686.18,688.32,686.06,687.01,1045713
1761672600,2025-10-28 13:30,687.02,688.41,686.875,688.06,995192
1761676200,2025-10-28 14:30,688.06,688.9,687.78,688.69,1078426
1761679800,2025-10-28 15:30,688.69,688.71,686.91,686.97,1480475
1761744600,2025-10-29 09:30,688.72,689.7,688.15,688.98,2731284
1761748200,2025-10-29 10:30,688.99,689.12,687.81,688.31,2183793
1761751800,2025-10-29 11:30,688.32,688.54,687.57,688.48,1319787
1761755400,2025-10-29 12:30,688.48,688.81,687.74,687.92,634291
1761759000,2025-10-29 13:30,687.92,688.91,687.34,688,1013019
1761762600,2025-10-29 14:30,688,688.72,682.86,685.42,2375145
1761766200,2025-10-29 15:30,685.39,687.36,684.05,687.3,1533445
1761831000,2025-10-30 09:30,683.91,685.94,681.39,683.47,2308609
1761834600,2025-10-30 10:30,683.46,685.72,683.41,684.785,1207836
1761838200,2025-10-30 11:30,684.78,685.15,683.01,684.94,1271514
1761841800,2025-10-30 12:30,684.94,684.95,683.06,684.4,1126034
1761845400,2025-10-30 13:30,684.4,684.64,682.55,682.93,1283434
1761849000,2025-10-30 14:30,682.93,683.5,680.34,681.29,1699870
1761852600,2025-10-30 15:30,681.29,681.98,679.86,679.9,1724791
1761917400,2025-10-31 09:30,685.03,685.08,682.22,683.25,1698288
1761921000,2025-10-31 10:30,683.24,684.75,683.09,683.73,1137078
1761924600,2025-10-31 11:30,683.76,684.19,680.51,681.76,1639602
1761928200,2025-10-31 12:30,681.76,682.45,679.25,679.79,1100930
1761931800,2025-10-31 13:30,679.8,682.43,679.42,682.32,962915
1761935400,2025-10-31 14:30,682.32,684.28,681.73,684.11,1314744
1761939000,2025-10-31 15:30,684.09,684.78,681.93,681.99,3093855
1762180200,2025-11-03 09:30,685.67,685.8,680.24,680.44,1975657
1762183800,2025-11-03 10:30,680.41,682.89,679.94,682.04,999660
1762187400,2025-11-03 11:30,682.07,683.9,681.95,682.755,722938
1762191000,2025-11-03 12:30,682.76,684.2,682.73,683.63,549670
1762194600,2025-11-03 13:30,683.63,684.23,683.08,683.26,716334
1762198200,2025-11-03 14:30,683.24,683.66,682.58,683.135,956673
1762201800,2025-11-03 15:30,683.14,683.38,682.45,683.38,1566476
1762266600,2025-11-04 09:30,676.11,679.64,674.68,679.32,2249298
1762270200,2025-11-04 10:30,679.32,679.96,677.56,678.2,1002355
1762273800,2025-11-04 11:30,678.23,678.63,675.685,676.93,916326
1762277400,2025-11-04 12:30,676.91,677.25,674.98,675.27,870594
1762281000,2025-11-04 13:30,675.255,676.68,674.71,676.31,1233348
1762284600,2025-11-04 14:30,676.29,676.37,674.58,675.97,1207710
1762288200,2025-11-04 15:30,675.97,676.53,674.615,675.31,1894097
1762353000,2025-11-05 09:30,674.98,678.09,674.17,677.45,2029510
1762356600,2025-11-05 10:30,677.42,678.395,676.775,678.28,1065701
1762360200,2025-11-05 11:30,678.27,680.1,678.08,680.04,969052
1762363800,2025-11-05 12:30,680.05,680.85,679.94,680.41,981198
1762367400,2025-11-05 13:30,680.4,680.86,679.74,680.21,976478
1762371000,2025-11-05 14:30,680.21,680.52,679.67,679.76,925237
1762374600,2025-11-05 15:30,679.77,679.86,677.4,677.52,2423457
1762439400,2025-11-06 09:30,676.47,677.38,672.52,674.51,2203180
1762443000,2025-11-06 10:30,674.62,674.66,670.22,671.42,1735970
1762446600,2025-11-06 11:30,671.39,671.395,668.72,669.57,1396208
1762450200,2025-11-06 12:30,669.57,671.58,669.13,670.95,1454006
1762453800,2025-11-06 13:30,670.94,673.525,670.93,673.4,1219475
1762457400,2025-11-06 14:30,673.38,673.7,672.03,672.32,1443957
1762461000,2025-11-06 15:30,672.32,672.72,669.53,670.24,2506123
1762525800,2025-11-07 09:30,667.91,667.93,663.98,665.91,2889103
1762529400,2025-11-07 10:30,665.86,666.3,662.25,662.84,2179599
1762533000,2025-11-07 11:30,662.8,664.27,661.215,663.57,1633623
1762536600,2025-11-07 12:30,663.53,665.58,662.02,665.32,1174173
1762540200,2025-11-07 13:30,665.3,666.68,664.23,666.47,1123790
1762543800,2025-11-07 14:30,666.49,670.04,665.62,668.68,2396780
1762547400,2025-11-07 15:30,668.68,671.08,668.67,670.89,1513104
1762785000,2025-11-10 09:30,677.235,679.22,677.02,678.86,2309778
1762788600,2025-11-10 10:30,678.87,678.99,675.26,675.56,1555489
1762792200,2025-11-10 11:30,675.61,677.85,675.03,677.47,839862
1762795800,2025-11-10 12:30,677.47,680.05,677.47,679.48,1023157
1762799400,2025-11-10 13:30,679.48,680.96,679.48,680.78,938145
1762803000,2025-11-10 14:30,680.78,682.08,680.56,681.31,1528630
1762806600,2025-11-10 15:30,681.305,682.18,681.03,681.31,1877543
1762871400,2025-11-11 09:30,679.94,680.84,678.82,679.45,1202667
1762875000,2025-11-11 10:30,679.45,680.74,678.73,679.31,851347
1762878600,2025-11-11 11:30,679.33,681.39,678.76,681.03,1001723
1762882200,2025-11-11 12:30,681.05,683.23,680.95,682.9,1100362
1762885800,2025-11-11 13:30,682.91,683.31,682.16,683.13,972138
1762889400,2025-11-11 14:30,683.14,683.55,682.71,682.9,1105364
1762893000,2025-11-11 15:30,682.9,683.56,682.29,682.87,1919743
1762957800,2025-11-12 09:30,684.78,684.96,682.81,683.19,1482398
1762961400,2025-11-12 10:30,683.22,683.25,681.15,682.41,1043500
1762965000,2025-11-12 11:30,682.4,683.01,680.95,682.46,994874
1762968600,2025-11-12 12:30,682.44,683.93,682.39,683.5,780379
1762972200,2025-11-12 13:30,683.5,684.14,682.48,682.71,679208
1762975800,2025-11-12 14:30,682.73,683.41,682.1,683.345,933206
1762979400,2025-11-12 15:30,683.34,684.075,682.67,683.29,2259645
1763044200,2025-11-13 09:30,680.5,680.855,677.54,678.94,1820828
1763047800,2025-11-13 10:30,678.94,679.02,674.96,675.73,2284285
1763051400,2025-11-13 11:30,675.72,676.62,674.21,675.95,1418539
1763055000,2025-11-13 12:30,675.89,676.5,672.595,672.83,1243496
1763058600,2025-11-13 13:30,672.795,673.55,671.52,673.55,1513296
1763062200,2025-11-13 14:30,673.51,673.62,670.52,671.63,1887868
1763065800,2025-11-13 15:30,671.62,673.01,670.76,672.07,2149547
1763130600,2025-11-14 09:30,665.38,669.96,663.27,669.84,2820287
1763134200,2025-11-14 10:30,669.78,674.87,669.16,674.4,1975767
1763137800,2025-11-14 11:30,674.42,675.64,673.16,675.041,1151830
1763141400,2025-11-14 12:30,675.05,675.65,672.14,673.12,1958061
1763145000,2025-11-14 13:30,673.11,674.44,671.5,674.01,1750510
1763148600,2025-11-14 14:30,674.03,675.12,672.22,672.64,1235080
1763152200,2025-11-14 15:30,672.625,673.11,671.17,671.95,1760203
1763389800,2025-11-17 09:30,669.7,673.71,668.93,672.05,1661477
1763393400,2025-11-17 10:30,672.039,672.36,667.78,670.47,1250797
1763397000,2025-11-17 11:30,670.48,673,670.38,672.32,896261
1763400600,2025-11-17 12:30,672.32,672.59,668.22,668.71,1107778
1763404200,2025-11-17 13:30,668.69,669.9,664.97,665.82,1550101
1763407800,2025-11-17 14:30,665.81,666.14,662.18,663.76,2211869
1763411400,2025-11-17 15:30,663.77,665.78,663.1,665.68,2635403
1763476200,2025-11-18 09:30,662.095,664.26,656.81,659.1,3927371
1763479800,2025-11-18 10:30,659.08,661.87,655.86,661.57,2800971
1763483400,2025-11-18 11:30,661.56,662.36,658.55,658.62,1807456
1763487000,2025-11-18 12:30,658.61,664.43,657.93,663.3,1986592
1763490600,2025-11-18 13:30,663.37,665.12,662.57,662.94,1616577
1763494200,2025-11-18 14:30,662.97,664.96,661.5,662.425,1977487
1763497800,2025-11-18 15:30,662.39,662.78,660.01,660.14,2606050
1763562600,2025-11-19 09:30,660.78,667.34,660.11,666.25,3043900
1763566200,2025-11-19 10:30,666.325,666.55,661.28,661.98,2056473
1763569800,2025-11-19 11:30,662.02,662.97,660.23,661.19,1356431
1763573400,2025-11-19 12:30,661.16,662.615,658.75,661.02,2118124
1763577000,2025-11-19 13:30,661.01,663.33,659.48,659.81,2063915
1763580600,2025-11-19 14:30,659.78,664.4,659.33,663.5,1912217
1763584200,2025-11-19 15:30,663.5,664.75,661.8,662.67,1779363
1763649000,2025-11-20 09:30,672.92,675.41,672.47,674.83,3234611
1763652600,2025-11-20 10:30,674.83,675.56,667.42,667.88,2654617
1763656200,2025-11-20 11:30,667.91,668.17,656.6,658.58,6053617
1763659800,2025-11-20 12:30,658.57,661.96,655.45,659.55,4292800
1763663400,2025-11-20 13:30,659.49,660,653.85,657.01,2429174
1763667000,2025-11-20 14:30,656.95,658.25,655.21,656.19,2463824
1763670600,2025-11-20 15:30,656.2,656.56,651.89,652.51,3028783
1763735400,2025-11-21 09:30,655.05,656.47,652.34,653.06,2402941
1763739000,2025-11-21 10:30,653.06,655.949,650.85,655.92,1486826
1763742600,2025-11-21 11:30,655.92,661.19,655.26,660.385,1634965
1763746200,2025-11-21 12:30,660.47,661.51,656.89,658.36,977807
1763749800,2025-11-21 13:30,658.29,664.53,658,664.22,1443744
1763753400,2025-11-21 14:30,664.21,664.52,659.63,659.63,1158092
1763757000,2025-11-21 15:30,659.58,661.23,658.23,659.05,1949186
1763994600,2025-11-24 09:30,662.66,665.77,661.59,665.485,1775619
1763998200,2025-11-24 10:30,665.49,668.38,664.96,667.96,1050694
1764001800,2025-11-24 11:30,667.96,668.48,666.9,668.19,680958
1764005400,2025-11-24 12:30,668.16,669.75,667.94,669.18,782762
1764009000,2025-11-24 13:30,669.18,669.8,668.69,668.9,664193
1764012600,2025-11-24 14:30,668.91,669.49,667.861,668.95,1051717
1764016200,2025-11-24 15:30,668.93,670.06,668.61,668.81,2107492
1764081000,2025-11-25 09:30,668.62,669.97,664.48,668.61,2144968
1764084600,2025-11-25 10:30,668.51,671.06,668.44,670.42,1119844
1764088200,2025-11-25 11:30,670.41,673.87,670.22,673.32,1199691
1764091800,2025-11-25 12:30,673.37,674.37,673.15,674.01,1077413
1764095400,2025-11-25 13:30,674.03,674.4,672.7,673.33,857074
1764099000,2025-11-25 14:30,673.32,674.78,672.44,674.5,1565022
1764102600,2025-11-25 15:30,674.51,676.21,674.455,675,1740546
1764167400,2025-11-26 09:30,677.63,679.48,676.74,678.12,1589134
1764171000,2025-11-26 10:30,678.15,680.86,678.05,680.53,1056464
1764174600,2025-11-26 11:30,680.54,681.69,680.3,680.95,1023012
1764178200,2025-11-26 12:30,680.94,681.7,679.77,681.115,1162935
1764181800,2025-11-26 13:30,681.13,681.29,679.59,681.22,1285402
1764185400,2025-11-26 14:30,681.25,682.13,680.49,681.22,1699126
1764189000,2025-11-26 15:30,681.2,681.4,679.63,679.63,1878071
1764340200,2025-11-28 09:30,680.86,682.32,680.5,681.7,1023302
1764343800,2025-11-28 10:30,681.69,682.93,681.62,682.15,1003920
1764347400,2025-11-28 11:30,682.16,682.995,681.8,682.32,1317574
1764351000,2025-11-28 12:30,682.32,683.66,681.87,683.34,1558567
1764599400,2025-12-01 09:30,678.81,681.86,678.74,679.83,1535670
1764603000,2025-12-01 10:30,679.84,681.839,678.85,681.08,830556
1764606600,2025-12-01 11:30,681.08,682.51,681.07,682,607698
1764610200,2025-12-01 12:30,681.99,682.8,681.74,682.45,489808
1764613800,2025-12-01 13:30,682.49,682.99,680.48,680.59,793800
1764617400,2025-12-01 14:30,680.56,681.09,679.82,680.73,814570
1764621000,2025-12-01 15:30,680.72,681.06,679.38,680.27,2167033
1764685800,2025-12-02 09:30,681.92,683.27,681.41,681.579,1077192
1764689400,2025-12-02 10:30,681.53,683.82,679.67,680,1538236
1764693000,2025-12-02 11:30,679.97,682.64,679.33,682.45,841370
1764696600,2025-12-02 12:30,682.46,682.84,679.93,681.04,688924
1764700200,2025-12-02 13:30,681.02,681.93,680.24,681.41,773234
1764703800,2025-12-02 14:30,681.29,682.71,681.29,682.505,957737
1764707400,2025-12-02 15:30,682.5,682.87,681.37,681.46,1284616
1764772200,2025-12-03 09:30,680.57,682.34,679.68,681.66,1358506
1764775800,2025-12-03 10:30,681.66,682.99,681.34,682.35,961544
1764779400,2025-12-03 11:30,682.385,683.7,681.62,683.56,844164
1764783000,2025-12-03 12:30,683.58,684.18,683.25,683.92,625184
1764786600,2025-12-03 13:30,683.96,684.51,683.799,684.33,672516
1764790200,2025-12-03 14:30,684.33,684.9,684.17,684.53,947498
1764793800,2025-12-03 15:30,684.51,684.62,683.55,683.8,1727253
1764858600,2025-12-04 09:30,685.3,685.35,682.17,683.59,1399004
1764862200,2025-12-04 10:30,683.57,684.55,682.21,683.34,1004875
1764865800,2025-12-04 11:30,683.3,684.58,682.875,684.02,858057
1764869400,2025-12-04 12:30,684.02,684.76,683.47,684.68,574650
1764873000,2025-12-04 13:30,684.67,684.74,681.35,682.19,1077229
1764876600,2025-12-04 14:30,682.17,683.95,682,682.76,1325424
1764880200,2025-12-04 15:30,682.76,684.57,682.7,684.4,1109022
1764945000,2025-12-05 09:30,685.47,688.3,685.33,687.881,1908452
1764948600,2025-12-05 10:30,687.87,688.39,685.69,685.96,1342578
1764952200,2025-12-05 11:30,685.9,686.64,685.02,685.39,926840
1764955800,2025-12-05 12:30,685.4,686.705,684.57,686.57,992624
1764959400,2025-12-05 13:30,686.58,686.97,685.64,685.93,770857
1764963000,2025-12-05 14:30,685.94,686.38,685.57,686,838970
1764966600,2025-12-05 15:30,686,686.025,684.6,685.65,1551297
1765204200,2025-12-08 09:30,686.59,686.64,683.88,684.54,1254442
1765207800,2025-12-08 10:30,684.51,685.03,682.92,684.1,888974
1765211400,2025-12-08 11:30,684.06,684.11,682.19,682.68,537388
1765215000,2025-12-08 12:30,682.685,684.4,682.61,682.83,798154
1765218600,2025-12-08 13:30,682.81,683.14,681.57,682.24,862397
1765222200,2025-12-08 14:30,682.22,682.82,682.16,682.63,848235
1765225800,2025-12-08 15:30,682.64,683.76,682.06,683.64,1336312
1765290600,2025-12-09 09:30,683.16,684.93,682.82,684.189,1209583
1765294200,2025-12-09 10:30,684.18,685.33,683.58,684.78,736292
1765297800,2025-12-09 11:30,684.81,685.38,684.27,684.641,677463
1765301400,2025-12-09 12:30,684.65,684.855,683.61,684.23,821549
1765305000,2025-12-09 13:30,684.23,684.341,683.35,683.73,765816
1765308600,2025-12-09 14:30,683.73,683.85,683.2,683.33,966703
1765312200,2025-12-09 15:30,683.32,683.61,682.61,683.04,1767338
1765377000,2025-12-10 09:30,682.56,683.45,681.31,682.99,1573806
1765380600,2025-12-10 10:30,682.98,683.87,681.45,683.72,1403447
1765384200,2025-12-10 11:30,683.71,683.84,682.95,683.14,743486
1765387800,2025-12-10 12:30,683.099,684.21,682.7,682.89,715657
1765391400,2025-12-10 13:30,682.88,685.74,682.45,684.18,1666330
1765395000,2025-12-10 14:30,684.21,688.83,683.36,688.1,2770816
1765398600,2025-12-10 15:30,688.1,690.05,687.22,687.56,1990282
1765463400,2025-12-11 09:30,685.14,686.79,682.17,686.24,2102602
1765467000,2025-12-11 10:30,686.27,686.44,684.08,684.6,1357276
1765470600,2025-12-11 11:30,684.61,687.91,684.55,687.341,1496300
1765474200,2025-12-11 12:30,687.35,688.18,686.98,687.61,1043359
1765477800,2025-12-11 13:30,687.58,688.79,687.31,688.68,1252879
1765481400,2025-12-11 14:30,688.68,689.25,688.41,688.43,1476818
1765485000,2025-12-11 15:30,688.43,689.18,687.99,689.15,2135167
1765549800,2025-12-12 09:30,688.17,688.88,683.635,683.74,1815115
1765553400,2025-12-12 10:30,683.75,685.61,679.7,681.27,2482633
1765557000,2025-12-12 11:30,681.27,683.02,679.18,681.46,1317616
1765560600,2025-12-12 12:30,681.46,684.335,680.95,683.88,932549
1765564200,2025-12-12 13:30,683.79,683.9,681.21,681.47,988349
1765567800,2025-12-12 14:30,681.46,682.51,681.1,681.36,1281665
1765571400,2025-12-12 15:30,681.36,681.87,680.07,681.74,2321052
1765809000,2025-12-15 09:30,685.72,685.76,679.25,679.79,2028934
1765812600,2025-12-15 10:30,679.82,683.06,679.6,682.77,1482836
1765816200,2025-12-15 11:30,682.79,682.92,680.15,680.65,1227552
1765819800,2025-12-15 12:30,680.64,681.44,679.42,680,904319
1765823400,2025-12-15 13:30,679.97,681.54,679.63,680.83,895350
1765827000,2025-12-15 14:30,680.82,681.77,680.44,681.07,1280329
1765830600,2025-12-15 15:30,681.09,681.6,680.55,680.69,1846328
1765895400,2025-12-16 09:30,679.22,681.08,676.44,677.72,1787082
1765899000,2025-12-16 10:30,677.66,679.41,676.81,677.16,1207729
1765902600,2025-12-16 11:30,677.14,678.94,676.61,677.38,856614
1765906200,2025-12-16 12:30,677.36,678.28,674.98,675.59,1121922
1765909800,2025-12-16 13:30,675.6,678.61,675.58,677.05,1308076
1765913400,2025-12-16 14:30,677.04,679.26,676.93,679.2,1261239
1765917000,2025-12-16 15:30,679.19,680.56,678.82,678.86,2544906
1765981800,2025-12-17 09:30,679.88,680.42,677.595,678.93,2031345
1765985400,2025-12-17 10:30,678.9,679.16,673.43,674.66,2195666
1765989000,2025-12-17 11:30,674.61,675.05,673.08,674.15,1211911
1765992600,2025-12-17 12:30,674.15,675.07,672.99,673.37,990992
1765996200,2025-12-17 13:30,673.37,673.62,672.06,672.49,1620001
1765999800,2025-12-17 14:30,672.46,673.32,672.23,672.53,1637044
1766003400,2025-12-17 15:30,672.54,672.99,671.2,671.3,2422911
1766068200,2025-12-18 09:30,677.6,679.115,675.7,679.01,2275253
1766071800,2025-12-18 10:30,679.01,680.74,678.67,679.78,1499739
1766075400,2025-12-18 11:30,679.75,680.71,674.9,675.8,2386676
1766079000,2025-12-18 12:30,675.77,679.09,675.49,678.83,1827324
1766082600,2025-12-18 13:30,678.87,679.69,676.59,677.15,1740791
1766086200,2025-12-18 14:30,677.16,677.85,675.32,677.63,1907406
1766089800,2025-12-18 15:30,677.62,678.55,676.41,676.47,2265016
1766154600,2025-12-19 09:30,676.59,680.51,676.47,679.19,2405188
1766158200,2025-12-19 10:30,679.19,680.27,678.56,680.17,1719943
1766161800,2025-12-19 11:30,680.18,680.83,679.34,680.68,1031712
1766165400,2025-12-19 12:30,680.69,681.09,680.31,680.76,806698
1766169000,2025-12-19 13:30,680.77,680.86,680.17,680.64,715370
1766172600,2025-12-19 14:30,680.64,681,680.34,680.48,1217367
1766176200,2025-12-19 15:30,680.48,680.72,679.62,680.58,2634918
1766413800,2025-12-22 09:30,683.94,684.52,682.88,683.77,1557704
1766417400,2025-12-22 10:30,683.77,684.97,682.69,684.67,1116674
1766421000,2025-12-22 11:30,684.67,685.08,684.36,684.64,933507
1766424600,2025-12-22 12:30,684.65,685.36,684.35,684.72,1122235
1766428200,2025-12-22 13:30,684.71,684.91,684.21,684.72,813166
1766431800,2025-12-22 14:30,684.73,685.035,684.67,684.93,1168866
1766435400,2025-12-22 15:30,684.925,685.14,684.61,684.8,1246682
1766500200,2025-12-23 09:30,683.92,686.25,683.87,685.24,1462792
1766503800,2025-12-23 10:30,685.24,686.74,685.24,686.48,1031706
1766507400,2025-12-23 11:30,686.5,687.22,686.36,687.07,881100
1766511000,2025-12-23 12:30,687.06,687.72,686.79,687.55,979450
1766514600,2025-12-23 13:30,687.56,687.915,687.5,687.87,1042795
1766518200,2025-12-23 14:30,687.86,688.03,687.72,687.84,1053613
1766521800,2025-12-23 15:30,687.84,688.2,687.64,687.925,1335619
1766586600,2025-12-24 09:30,687.93,689.22,687.8,689.16,1272166
1766590200,2025-12-24 10:30,689.16,689.98,689.02,689.96,1080163
1766593800,2025-12-24 11:30,689.97,690.64,689.89,690.54,1247832
1766597400,2025-12-24 12:30,690.535,690.825,690.18,690.28,1268107
1766759400,2025-12-26 09:30,690.63,691.65,689.65,690.73,1545249
1766763000,2025-12-26 10:30,690.73,691,689.78,690.26,765098
1766766600,2025-12-26 11:30,690.28,690.33,689.4,690.14,614613
1766770200,2025-12-26 12:30,690.13,690.2,689.27,689.7,680948
1766773800,2025-12-26 13:30,689.69,690.45,689.65,690.04,601607
1766777400,2025-12-26 14:30,690.04,690.34,690.04,690.2,617465
1766781000,2025-12-26 15:30,690.2,690.5,690.01,690.23,1006074
1767018600,2025-12-29 09:30,687.54,689.2,686.825,687.95,1373490
1767022200,2025-12-29 10:30,687.92,688.4,686.9,687.19,868411
1767025800,2025-12-29 11:30,687.16,687.49,686.07,686.27,688506
1767029400,2025-12-29 12:30,686.27,687.541,686.18,687.34,672054
1767033000,2025-12-29 13:30,687.33,687.89,686.87,687.46,806413
1767036600,2025-12-29 14:30,687.45,688.61,687.44,688.18,1287889
1767040200,2025-12-29 15:30,688.2,688.4,687.41,687.83,1633312
1767105000,2025-12-30 09:30,687.45,688.52,686.75,686.94,907455
1767108600,2025-12-30 10:30,686.93,688.55,686.58,688.24,823071
1767112200,2025-12-30 11:30,688.24,688.27,686.87,687.38,635355
1767115800,2025-12-30 12:30,687.38,687.79,687.2,687.76,398097
1767119400,2025-12-30 13:30,687.76,687.93,687.42,687.81,435844
1767123000,2025-12-30 14:30,687.81,687.94,687.05,687.52,649528
1767126600,2025-12-30 15:30,687.51,687.82,686.705,686.92,1060148
1767191400,2025-12-31 09:30,687.15,687.36,684.92,685.55,1463574
1767195000,2025-12-31 10:30,685.54,685.64,684.19,685.11,1040134
1767198600,2025-12-31 11:30,685.12,685.43,684.61,684.995,681809
1767202200,2025-12-31 12:30,684.99,685.38,684.65,685.35,533402
1767205800,2025-12-31 13:30,685.36,686.24,685.01,685.04,907011
1767209400,2025-12-31 14:30,685.04,685.14,682.55,682.69,1652421
1767213000,2025-12-31 15:30,682.715,683.71,681.71,681.87,2012403
1767364200,2026-01-02 09:30,685.71,686.87,681.59,682.45,2660135
1767367800,2026-01-02 10:30,682.43,684.58,680.42,681.82,1562210
1767371400,2026-01-02 11:30,681.81,682.65,680.28,682.45,817912
1767375000,2026-01-02 12:30,682.46,682.8,680.64,680.98,703617
1767378600,2026-01-02 13:30,680.98,683.11,679.81,682.91,1206157
1767382200,2026-01-02 14:30,682.94,683.95,682.86,683.25,1511586
1767385800,2026-01-02 15:30,683.22,683.42,682.07,683.17,1680617
1767623400,2026-01-05 09:30,686.54,688.61,686.38,688.52,1963417
1767627000,2026-01-05 10:30,688.52,688.87,687.96,688.64,1222558
1767630600,2026-01-05 11:30,688.63,689.42,688.21,688.35,1372069
1767634200,2026-01-05 12:30,688.36,688.79,687.65,688.38,1041240
1767637800,2026-01-05 13:30,688.37,688.77,688.13,688.19,715163
1767641400,2026-01-05 14:30,688.19,688.29,687.29,687.96,1110094
1767645000,2026-01-05 15:30,687.96,688.11,687.17,687.72,1708067
1767709800,2026-01-06 09:30,687.91,690.86,687.79,690.66,2518433
1767713400,2026-01-06 10:30,690.65,690.65,688.3,689.04,1819791
1767717000,2026-01-06 11:30,689.05,690.62,688.62,690.39,1121319
1767720600,2026-01-06 12:30,690.39,691.2,690.37,690.865,996612
1767724200,2026-01-06 13:30,690.87,692.16,690.65,691.95,1058648
1767727800,2026-01-06 14:30,691.95,692.24,691.83,691.965,1048131
1767731400,2026-01-06 15:30,691.96,692.31,691.81,691.815,1656650
1767796200,2026-01-07 09:30,692.19,693.09,691.11,691.68,1986342
1767799800,2026-01-07 10:30,691.68,692.82,690.97,692.25,1459907
1767803400,2026-01-07 11:30,692.25,693.96,692.17,693.66,1206911
1767807000,2026-01-07 12:30,693.66,693.79,692.04,692.13,1300008
1767810600,2026-01-07 13:30,692.13,693.14,691.45,691.68,1410101
1767814200,2026-01-07 14:30,691.69,692.16,690.12,690.36,1611005
1767817800,2026-01-07 15:30,690.36,690.37,689.33,689.56,2008781
1767882600,2026-01-08 09:30,688.82,690.02,687.49,689.63,2509740
1767886200,2026-01-08 10:30,689.64,689.97,688.51,689.11,1594058
1767889800,2026-01-08 11:30,689.07,690.08,688.44,689.35,943232
1767893400,2026-01-08 12:30,689.34,690.61,688.79,689.49,1035586
1767897000,2026-01-08 13:30,689.5,689.8,688.28,688.9,863684
1767900600,2026-01-08 14:30,688.93,689.65,688.58,689.57,968696
1767904200,2026-01-08 15:30,689.57,690.05,689.26,689.44,1407949
1767969000,2026-01-09 09:30,690.65,693.33,689.18,693.11,2830300
1767972600,2026-01-09 10:30,693.13,693.65,691.29,692.85,2092702
1767976200,2026-01-09 11:30,692.85,694.38,692.55,694.22,1095543
1767979800,2026-01-09 12:30,694.23,694.5,693.36,693.87,848979
1767983400,2026-01-09 13:30,693.86,694.88,693.86,694.8,914647
1767987000,2026-01-09 14:30,694.81,695.3,694.71,695.03,1189373
1767990600,2026-01-09 15:30,695.02,695.12,693.91,694.02,1660958
1768228200,2026-01-12 09:30,690.67,693.9,690.63,693.57,2556241
1768231800,2026-01-12 10:30,693.56,694.68,692.96,694.23,1541536
1768235400,2026-01-12 11:30,694.23,694.85,694.08,694.54,889221
1768239000,2026-01-12 12:30,694.53,695.2,694.1,695.13,819139
1768242600,2026-01-12 13:30,695.12,695.46,694.94,695.32,903974
1768246200,2026-01-12 14:30,695.32,696.09,695.18,695.32,1259142
1768249800,2026-01-12 15:30,695.32,695.73,695.14,695.15,1243123
1768314600,2026-01-13 09:30,695.51,696.09,692.1,692.73,2203825
1768318200,2026-01-13 10:30,692.71,694.28,692.42,693.5,1322009
1768321800,2026-01-13 11:30,693.48,695.2,693.25,694.57,1245518
1768325400,2026-01-13 12:30,694.55,694.71,692.43,692.92,1228380
1768329000,2026-01-13 13:30,692.91,693.65,692.24,693.01,1068977
1768332600,2026-01-13 14:30,693,693.2,691.95,692,1450993
1768336200,2026-01-13 15:30,692,693.96,691.35,693.75,1721853
1768401000,2026-01-14 09:30,691,691.72,687.67,688.76,2845870
1768404600,2026-01-14 10:30,688.75,689.33,686.51,689.17,1595282
1768408200,2026-01-14 11:30,689.16,689.46,686.04,687.1,1371102
1768411800,2026-01-14 12:30,687.09,687.64,686.19,687.59,869822
1768415400,2026-01-14 13:30,687.6,688.31,686.28,688.12,1021750
1768419000,2026-01-14 14:30,688.14,689.68,687.33,689.15,1380061
1768422600,2026-01-14 15:30,689.16,690.63,688.62,690.45,2065499
1768487400,2026-01-15 09:30,694.57,694.71,693.18,693.94,2337477
1768491000,2026-01-15 10:30,693.94,695.16,692.99,694.82,1841991
1768494600,2026-01-15 11:30,694.77,695.45,694.39,694.45,1041083
1768498200,2026-01-15 12:30,694.45,695.01,693.88,694.89,1002026
1768501800,2026-01-15 13:30,694.88,695.24,693.52,693.62,948775
1768505400,2026-01-15 14:30,693.61,693.73,691.3,691.82,1923568
1768509000,2026-01-15 15:30,691.83,692.25,691.25,692.16,1672262
1768573800,2026-01-16 09:30,693.65,694.25,691.5,691.65,2345557
1768577400,2026-01-16 10:30,691.65,692.82,690.1,692.71,2016370
1768581000,2026-01-16 11:30,692.71,693.47,692.13,692.52,953555
1768584600,2026-01-16 12:30,692.52,693.2,691.82,693,693491
1768588200,2026-01-16 13:30,692.98,693.71,691.97,692.04,1039285
1768591800,2026-01-16 14:30,692.05,693,692.01,692.16,1073557
1768595400,2026-01-16 15:30,692.13,692.48,691.47,691.585,1841001
1768919400,2026-01-20 09:30,681.49,684.01,680.91,683.88,3446895
1768923000,2026-01-20 10:30,683.85,684.77,682.57,683.84,1783459
1768926600,2026-01-20 11:30,683.83,684.34,682.12,682.4,1237997
1768930200,2026-01-20 12:30,682.39,682.39,680.229,680.29,1277927
1768933800,2026-01-20 13:30,680.28,680.42,677.68,678.05,1592430
1768937400,2026-01-20 14:30,678.03,678.48,676.94,677.38,1897477
1768941000,2026-01-20 15:30,677.44,677.74,676.57,677.6,2198949
1769005800,2026-01-21 09:30,679.65,683.415,678.97,683.01,3176827
1769009400,2026-01-21 10:30,683.02,685.13,682.94,684.23,1613946
1769013000,2026-01-21 11:30,684.25,684.29,678.14,679.85,2599739
1769016600,2026-01-21 12:30,679.85,680.965,678.63,680.57,1551176
1769020200,2026-01-21 13:30,680.57,685,679.72,684.41,1720797
1769023800,2026-01-21 14:30,684.41,688.73,684.33,685.36,3862990
1769027400,2026-01-21 15:30,685.35,686.16,684.63,685.31,2042774
1769092200,2026-01-22 09:30,689.85,690.67,686.92,688.45,2429376
1769095800,2026-01-22 10:30,688.46,690.05,688.05,689.8,986315
1769099400,2026-01-22 11:30,689.8,690.55,689.41,690.23,826029
1769103000,2026-01-22 12:30,690.24,691.12,690.24,690.45,661393
1769106600,2026-01-22 13:30,690.44,690.95,689.84,690.65,798377
1769110200,2026-01-22 14:30,690.66,690.73,688.15,688.16,1613552
1769113800,2026-01-22 15:30,688.16,689.04,687.6,688.96,1322845
1769178600,2026-01-23 09:30,688.15,689.86,687.16,689.32,1660475
1769182200,2026-01-23 10:30,689.32,690.95,689.21,690.07,1097972
1769185800,2026-01-23 11:30,690.05,690.62,689.355,690.19,976033
1769189400,2026-01-23 12:30,690.2,690.28,687.73,688.93,1262076
1769193000,2026-01-23 13:30,688.94,690.19,688.37,689.54,839312
1769196600,2026-01-23 14:30,689.55,689.86,688.51,688.84,1037451
1769200200,2026-01-23 15:30,688.84,689.61,688.55,689.2,1227329
1769437800,2026-01-26 09:30,690.49,693.4,689.93,692.55,2102481
1769441400,2026-01-26 10:30,692.54,693.33,692.23,693.11,1153464
1769445000,2026-01-26 11:30,693.12,693.71,692.78,693.51,805814
1769448600,2026-01-26 12:30,693.49,693.87,692.91,693.79,727575
1769452200,2026-01-26 13:30,693.78,694.13,693.33,693.82,783314
1769455800,2026-01-26 14:30,693.83,694,693.41,693.57,1077340
1769459400,2026-01-26 15:30,693.58,693.87,692.62,692.71,1685532
1769524200,2026-01-27 09:30,694.18,695.47,693.58,694.77,1692036
1769527800,2026-01-27 10:30,694.77,696.48,694.71,696.19,1050439
1769531400,2026-01-27 11:30,696.19,696.53,695.39,695.98,982768
1769535000,2026-01-27 12:30,695.98,696.085,694.92,695.79,681963
1769538600,2026-01-27 13:30,695.8,696.21,695.71,696.17,633321
1769542200,2026-01-27 14:30,696.17,696.4,695.949,695.99,892185
1769545800,2026-01-27 15:30,695.99,696.18,695.4,695.55,1495849
1769610600,2026-01-28 09:30,697.05,697.84,696.03,696.51,1689531
1769614200,2026-01-28 10:30,696.52,696.79,695.45,696.12,904426
1769617800,2026-01-28 11:30,696.12,696.12,694.5,694.86,901498
1769621400,2026-01-28 12:30,694.84,695.43,694.52,695.15,591966
1769625000,2026-01-28 13:30,695.15,695.64,694.05,694.17,685731
1769628600,2026-01-28 14:30,694.18,696.29,693.94,695.45,1334473
1769632200,2026-01-28 15:30,695.44,696.14,694.76,695.43,1401828
1769697000,2026-01-29 09:30,696.34,697.05,688.86,688.98,3162366
1769700600,2026-01-29 10:30,688.99,689.3,684.82,687.91,3027604
1769704200,2026-01-29 11:30,687.91,691.36,687.84,691.03,1443711
1769707800,2026-01-29 12:30,691.02,691.675,688.71,690.97,1240280
1769711400,2026-01-29 13:30,690.98,692.2,690.19,692.07,1151468
1769715000,2026-01-29 14:30,692.07,692.21,691.05,691.57,1095963
1769718600,2026-01-29 15:30,691.58,694.78,691.39,693.96,2059467
1769783400,2026-01-30 09:30,691.8,694.05,691.23,691.38,1677845
1769787000,2026-01-30 10:30,691.33,694.2,690.26,691.06,1034801
1769790600,2026-01-30 11:30,691.06,692.43,688.73,691.04,1286597
1769794200,2026-01-30 12:30,691.04,691.53,687.11,689.46,975555
1769797800,2026-01-30 13:30,689.47,692.69,687.85,691.33,1059739
1769801400,2026-01-30 14:30,691.28,692.27,689.31,690.04,981115
1769805000,2026-01-30 15:30,690.065,692.82,689.98,691.84,2372444
1770042600,2026-02-02 09:30,689.58,695.67,689.43,694.69,2682522
1770046200,2026-02-02 10:30,694.69,695.75,693.925,695.55,1209347
1770049800,2026-02-02 11:30,695.55,696.52,694.49,696.23,942511
1770053400,2026-02-02 12:30,696.23,696.93,695.69,696.07,767077
1770057000,2026-02-02 13:30,696.07,696.88,696.03,696.789,739734
1770060600,2026-02-02 14:30,696.78,696.785,695.02,695.82,1986811
1770064200,2026-02-02 15:30,695.81,695.96,695.09,695.44,1840241
1770129000,2026-02-03 09:30,696.21,696.96,690.8,692.19,3020010
1770132600,2026-02-03 10:30,692.17,693.42,690.67,690.8,1623872
1770136200,2026-02-03 11:30,690.81,691.449,688.61,688.83,1605694
1770139800,2026-02-03 12:30,688.81,688.94,686.24,686.37,1741014
1770143400,2026-02-03 13:30,686.35,687.22,684.035,686.22,2164154
1770147000,2026-02-03 14:30,686.22,687.8,685.14,687.53,1818177
1770150600,2026-02-03 15:30,687.53,689.75,687.5,689.44,1802473
1770215400,2026-02-04 09:30,690.35,691.45,686.52,689.87,2182942
1770219000,2026-02-04 10:30,689.91,690.26,686.39,688.33,1716643
1770222600,2026-02-04 11:30,688.33,688.45,683.22,683.68,1613366
1770226200,2026-02-04 12:30,683.7,685.01,681.75,684.8,1684196
1770229800,2026-02-04 13:30,684.82,685.5,683.11,685.34,1163654
1770233400,2026-02-04 14:30,685.32,688.49,685.3,687.54,1594184
1770237000,2026-02-04 15:30,687.545,688.44,685.64,686.12,1454578
1770301800,2026-02-05 09:30,680.94,683.67,676.18,676.64,2808791
1770305400,2026-02-05 10:30,676.64,679.79,675.79,679.66,1769017
1770309000,2026-02-05 11:30,679.66,681.95,678.95,681.47,1306148
1770312600,2026-02-05 12:30,681.55,682.6,678.85,679.16,826026
1770316200,2026-02-05 13:30,679.12,681.46,677.7,680.25,877404
1770319800,2026-02-05 14:30,680.24,680.89,677.65,677.78,1041366
1770323400,2026-02-05 15:30,677.78,678.34,676.19,677.45,1379573
1770388200,2026-02-06 09:30,681.48,686.51,680.85,685.63,3175496
1770391800,2026-02-06 10:30,685.65,687.73,684.33,687.1,1922335
1770395400,2026-02-06 11:30,687.1,688.51,686.94,688.48,1173967
1770399000,2026-02-06 12:30,688.5,689.54,687.86,688.95,1100253
1770402600,2026-02-06 13:30,688.95,689.66,688.74,689.48,854507
1770406200,2026-02-06 14:30,689.48,690.14,688.91,689.78,1214896
1770409800,2026-02-06 15:30,689.77,692.3,689.6,690.62,2044460
1770647400,2026-02-09 09:30,689.45,692.93,688.34,691.94,1975529
1770651000,2026-02-09 10:30,691.96,694.77,691.94,694.7,1364086
1770654600,2026-02-09 11:30,694.68,695.66,694.27,695.14,962274
1770658200,2026-02-09 12:30,695.15,695.51,693.55,694.23,822940
1770661800,2026-02-09 13:30,694.24,695.86,694.02,695.74,1003768
1770665400,2026-02-09 14:30,695.74,695.84,694.33,694.56,942304
1770669000,2026-02-09 15:30,694.57,695.02,693.88,693.945,1591920
1770733800,2026-02-10 09:30,694.95,696.44,693.46,695.91,1888213
1770737400,2026-02-10 10:30,695.9,696.54,694.1,694.78,981867
1770741000,2026-02-10 11:30,694.77,695.67,694.2,695.25,653793
1770744600,2026-02-10 12:30,695.27,695.81,693.38,693.45,660143
1770748200,2026-02-10 13:30,693.42,693.9,692.86,693.88,950735
1770751800,2026-02-10 14:30,693.89,694.13,693.11,693.29,728333
1770755400,2026-02-10 15:30,693.29,693.55,691.66,692.1,2040145
1770820200,2026-02-11 09:30,696.44,697.14,689.19,689.71,2753880
1770823800,2026-02-11 10:30,689.72,693.45,689.56,691.84,1588640
1770827400,2026-02-11 11:30,691.82,693.85,691.39,693.58,972783
1770831000,2026-02-11 12:30,693.59,693.99,691.41,692.79,905296
1770834600,2026-02-11 13:30,692.79,693.96,692.03,693.74,983590
1770838200,2026-02-11 14:30,693.75,693.87,692.23,692.26,962483
1770841800,2026-02-11 15:30,692.25,692.98,691.77,691.87,1478759
1770906600,2026-02-12 09:30,694.24,695.35,692.16,693.07,1987436
1770910200,2026-02-12 10:30,693.08,693.48,683.58,683.6,3319094
1770913800,2026-02-12 11:30,683.6,685.83,683.37,684.12,2134562
1770917400,2026-02-12 12:30,684.09,685.58,682.22,683.17,1486178
1770921000,2026-02-12 13:30,683.17,685.41,682.8,684.15,1644461
1770924600,2026-02-12 14:30,684.14,685.97,683.11,683.21,1619806
1770928200,2026-02-12 15:30,683.225,683.4,680.37,681.26,2545063
1770993000,2026-02-13 09:30,681.68,683.37,677.51,682.96,2723616
1770996600,2026-02-13 10:30,682.95,684.57,680.79,683.84,1307330
1771000200,2026-02-13 11:30,683.8,686.05,682.86,685.32,930261
1771003800,2026-02-13 12:30,685.4,686.28,684.09,685.38,894843
1771007400,2026-02-13 13:30,685.39,686.07,684.1,684.33,769418
1771011000,2026-02-13 14:30,684.34,684.93,680.36,680.63,1226096
1771014600,2026-02-13 15:30,680.57,681.84,679.815,681.65,1661866
1771338600,2026-02-17 09:30,680.17,682.78,676.27,677.34,2582522
1771342200,2026-02-17 10:30,677.31,683.23,675.77,681.6,2112500
1771345800,2026-02-17 11:30,681.57,683.03,680.45,682.19,1089244
1771349400,2026-02-17 12:30,682.21,682.55,679.15,682.39,999882
1771353000,2026-02-17 13:30,682.4,684.72,682.03,683.96,1072155
1771356600,2026-02-17 14:30,683.98,684.93,682.68,682.89,1120282
1771360200,2026-02-17 15:30,682.88,683.28,681.94,682.74,1583555
1771425000,2026-02-18 09:30,684.01,688.46,682.84,687.86,2170857
1771428600,2026-02-18 10:30,687.84,688.96,687.29,688.22,833320
1771432200,2026-02-18 11:30,688.22,688.89,687.39,688.2,811745
1771435800,2026-02-18 12:30,688.19,689.14,687.48,687.79,630393
1771439400,2026-02-18 13:30,687.81,688.02,686.07,686.41,1037335
1771443000,2026-02-18 14:30,686.4,686.63,683.92,684.21,1380367
1771446600,2026-02-18 15:30,684.21,687.18,684.12,686.19,2090636
1771511400,2026-02-19 09:30,683.84,686.18,682.47,683.9,1885514
1771515000,2026-02-19 10:30,683.85,685.86,683.73,684.139,653900
1771518600,2026-02-19 11:30,684.18,685.28,682.7,683.93,860000
1771522200,2026-02-19 12:30,683.9,684.25,681.55,682.4,795826
1771525800,2026-02-19 13:30,682.36,684.06,682.01,683.27,717046
1771529400,2026-02-19 14:30,683.23,683.56,681.89,682.9,878470
1771533000,2026-02-19 15:30,682.87,684.59,682.81,684.51,1018530
1771597800,2026-02-20 09:30,682.3,689.39,681.74,686.8,2375547
1771601400,2026-02-20 10:30,686.82,689.22,685.52,686.17,1329133
1771605000,2026-02-20 11:30,686.13,689.15,684.09,685.23,1516225
1771608600,2026-02-20 12:30,685.235,687.8,684.98,686.56,1359899
1771612200,2026-02-20 13:30,686.55,690,685.79,688.58,1629951
1771615800,2026-02-20 14:30,688.58,689.32,687.81,688.35,884100
1771619400,2026-02-20 15:30,688.36,689.49,688.27,689.4,1195372
1771857000,2026-02-23 09:30,687.79,690,684.28,684.53,2413270
1771860600,2026-02-23 10:30,684.515,685.02,680.39,682.87,2143223
1771864200,2026-02-23 11:30,682.86,683.08,681.59,681.7,928479
1771867800,2026-02-23 12:30,681.7,683.95,680.59,683.78,1023165
1771871400,2026-02-23 13:30,683.82,683.91,681.17,681.28,888179
1771875000,2026-02-23 14:30,681.26,681.64,680.55,681.35,1118689
1771878600,2026-02-23 15:30,681.34,682.47,680.91,682.4,2174046
1771943400,2026-02-24 09:30,681.89,686.38,680,686.33,2209401
1771947000,2026-02-24 10:30,686.31,686.87,685.18,686.09,983837
1771950600,2026-02-24 11:30,686.09,687.8,685.15,687.53,943980
1771954200,2026-02-24 12:30,687.54,688.1,686.94,687.02,637586
1771957800,2026-02-24 13:30,687.05,687.87,686.65,686.89,849412
1771961400,2026-02-24 14:30,686.89,687.68,686.46,686.54,907158
1771965000,2026-02-24 15:30,686.535,688.34,686.52,687.37,1587056
1772029800,2026-02-25 09:30,690.19,692,690.1,691.14,1300575
1772033400,2026-02-25 10:30,691.14,691.579,690.19,691.48,693044
1772037000,2026-02-25 11:30,691.46,692.39,691.4,691.98,768291
1772040600,2026-02-25 12:30,691.97,692.69,691.84,692.31,548170
1772044200,2026-02-25 13:30,692.31,693.07,692.21,692.87,755699
1772047800,2026-02-25 14:30,692.86,693.33,692.81,692.92,821948
1772051400,2026-02-25 15:30,692.92,693.68,692.74,693.06,1330300
1772116200,2026-02-26 09:30,693.29,693.29,684.75,685.69,2591252
1772119800,2026-02-26 10:30,685.68,689.1,684.35,688.76,1380845
1772123400,2026-02-26 11:30,688.74,688.92,686.04,686.28,769918
1772127000,2026-02-26 12:30,686.25,687.1,684.73,685.67,733173
1772130600,2026-02-26 13:30,685.61,689.31,685.43,688.61,1049307
1772134200,2026-02-26 14:30,688.62,689.81,688.47,688.67,852241
1772137800,2026-02-26 15:30,688.665,689.51,688.62,689.32,1111940
1772202600,2026-02-27 09:30,683.06,685.5,681.66,684.53,1777041
1772206200,2026-02-27 10:30,684.51,686.05,683.76,685.36,771720
1772209800,2026-02-27 11:30,685.37,686.28,683.29,684.13,726619
1772213400,2026-02-27 12:30,684.12,685.12,683.07,683.8,812223
1772217000,2026-02-27 13:30,683.79,684.98,683.3,683.6,531586
1772220600,2026-02-27 14:30,683.61,686.09,682.99,685.6,1079510
1772224200,2026-02-27 15:30,685.58,686.85,684.49,686.17,1967093
1772461800,2026-03-02 09:30,678.64,685.36,678.02,683.43,2356057
1772465400,2026-03-02 10:30,683.41,685.67,682.42,683.22,1331779
1772469000,2026-03-02 11:30,683.22,687.2,682.92,686.5,1161958
1772472600,2026-03-02 12:30,686.47,687.42,686.08,686.72,612907
1772476200,2026-03-02 13:30,686.75,688.28,685.2,688.2,932210
1772479800,2026-03-02 14:30,688.21,688.62,684.89,685.33,1407946
1772483400,2026-03-02 15:30,685.36,687.31,685.22,686.33,1724290
1772548200,2026-03-03 09:30,675.04,677.09,669.66,669.84,3524040
1772551800,2026-03-03 10:30,669.85,676.58,669.79,676.03,2090893
1772555400,2026-03-03 11:30,675.99,678.48,674.67,678.33,1209545
1772559000,2026-03-03 12:30,678.31,680.43,676.08,679.82,923547
1772562600,2026-03-03 13:30,679.82,681.9,679.67,680.5,1010165
1772566200,2026-03-03 14:30,680.51,682.61,679.29,681.05,1191751
1772569800,2026-03-03 15:30,681.05,681.51,679.2,680.29,1119073
1772634600,2026-03-04 09:30,681.64,686.26,679.6,686.14,1943938
1772638200,2026-03-04 10:30,686.15,686.64,683.88,685.2,1901913
1772641800,2026-03-04 11:30,685.18,686.39,684.86,685.34,1160263
1772645400,2026-03-04 12:30,685.35,686.49,684.59,686.11,945538
1772649000,2026-03-04 13:30,686.13,686.96,686.13,686.59,815229
1772652600,2026-03-04 14:30,686.63,687.09,685.48,686.24,1055771
1772656200,2026-03-04 15:30,686.24,686.62,685.17,685.17,1597201
1772721000,2026-03-05 09:30,682.06,685.52,680.34,680.76,2269902
1772724600,2026-03-05 10:30,680.84,682.57,679.01,679.53,1990130
1772728200,2026-03-05 11:30,679.53,682.41,678.5,678.54,1537968
1772731800,2026-03-05 12:30,678.52,678.81,675.9,676.3,1754035
1772735400,2026-03-05 13:30,676.26,677.95,675.82,676.68,1211886
1772739000,2026-03-05 14:30,676.65,680.47,675.6,679.46,1856182
1772742600,2026-03-05 15:30,679.46,681.73,679.18,681.45,2591095
1772807400,2026-03-06 09:30,673.41,674.36,669.77,674.17,2528674
1772811000,2026-03-06 10:30,674.15,676.01,672.46,674.4,1262134
1772814600,2026-03-06 11:30,674.43,676,673.35,673.81,808452
1772818200,2026-03-06 12:30,673.83,676.11,672.05,674.64,1036261
1772821800,2026-03-06 13:30,674.62,675.42,673.69,674.93,752733
1772825400,2026-03-06 14:30,674.91,675.97,671.98,672.23,1257089
1772829000,2026-03-06 15:30,672.23,673.36,671.13,672.47,2172310
1773063000,2026-03-09 09:30,666.4,667.58,662.39,664.06,2795173
1773066600,2026-03-09 10:30,664.03,669.92,664,669.75,1835455
1773070200,2026-03-09 11:30,669.77,671.6,668.38,670.87,1380585
1773073800,2026-03-09 12:30,670.88,672.25,668.72,668.85,1546384
1773077400,2026-03-09 13:30,668.84,670.83,668.09,670.06,1333008
1773081000,2026-03-09 14:30,670.04,677.515,669.9,677.39,2087494
1773084600,2026-03-09 15:30,677.37,679.91,675.89,678.31,1674703
1773149400,2026-03-10 09:30,677.695,678.78,674.77,677.62,1613896
1773153000,2026-03-10 10:30,677.65,681.69,677.64,681.11,1211452
1773156600,2026-03-10 11:30,681.11,681.94,679.68,680.57,847424
1773160200,2026-03-10 12:30,680.63,683.36,680.61,683.27,1099425
1773163800,2026-03-10 13:30,683.25,683.26,677.38,679.31,1801812
1773167400,2026-03-10 14:30,679.39,680.39,677.41,677.41,995521
1773171000,2026-03-10 15:30,677.43,678.33,676.23,677.05,1242837
1773235800,2026-03-11 09:30,677.59,680.08,675.195,676.15,1390455
1773239400,2026-03-11 10:30,676.13,678.64,674.6,674.66,913731
1773243000,2026-03-11 11:30,674.71,675.29,673.51,674.71,762642
1773246600,2026-03-11 12:30,674.7,676.77,674.65,676.46,685741
1773250200,2026-03-11 13:30,676.46,676.62,673.34,675.25,930171
1773253800,2026-03-11 14:30,675.27,675.78,674.33,674.99,952074
1773257400,2026-03-11 15:30,674.98,676.6,674.76,676.34,763798
1773322200,2026-03-12 09:30,671.15,671.65,668.05,668.05,2547582
1773325800,2026-03-12 10:30,668.06,670.55,666.92,668.205,1778446
1773329400,2026-03-12 11:30,668.18,671.3,667.24,668.84,2078048
1773333000,2026-03-12 12:30,668.79,670.3,667.99,668.56,1221311
1773336600,2026-03-12 13:30,668.56,669.75,667.28,668.21,1176275
1773340200,2026-03-12 14:30,668.2,668.48,666.88,667.98,1684813
1773343800,2026-03-12 15:30,667.99,668.65,665.905,666.03,2000405
1773408600,2026-03-13 09:30,669.28,672.33,667.72,668.84,1935371
1773412200,2026-03-13 10:30,668.87,670.23,664.44,664.58,2011378
1773415800,2026-03-13 11:30,664.57,665.31,663.1,664.33,1711110
1773419400,2026-03-13 12:30,664.32,665.23,663.13,664.39,1289410
1773423000,2026-03-13 13:30,664.37,664.52,662.08,663.35,1374313
1773426600,2026-03-13 14:30,663.31,664.81,662.16,662.37,1193912
1773430200,2026-03-13 15:30,662.36,663,661.37,662.3,1666326
1773667800,2026-03-16 09:30,668.41,671.4,667.69,670.27,1814520
1773671400,2026-03-16 10:30,670.28,670.345,667.59,670.06,1188370
1773675000,2026-03-16 11:30,670.04,670.64,667.16,667.44,1001299
1773678600,2026-03-16 12:30,667.45,669.75,667.14,669.2,813563
1773682200,2026-03-16 13:30,669.21,670.08,667.98,669.8,705881
1773685800,2026-03-16 14:30,669.8,672.05,668.7,669.26,1354520
1773689400,2026-03-16 15:30,669.27,669.43,668.42,668.95,1447610
1773754200,2026-03-17 09:30,672.35,674.42,671.58,672.56,1781459
1773757800,2026-03-17 10:30,672.65,673.47,671.6,671.63,1311994
1773761400,2026-03-17 11:30,671.635,672.2,669.71,671.21,1191067
1773765000,2026-03-17 12:30,671.22,671.93,670.73,671.53,559571
1773768600,2026-03-17 13:30,671.52,672.3,670.86,670.91,675411
1773772200,2026-03-17 14:30,670.9,671.6,670.59,671.04,859406
1773775800,2026-03-17 15:30,671.05,671.27,670.47,670.75,1321873
1773840600,2026-03-18 09:30,668.33,669.65,665.72,665.96,1669703
1773844200,2026-03-18 10:30,665.97,668,665.66,666.93,1009527
1773847800,2026-03-18 11:30,666.91,667.62,666.5,667.07,627411
1773851400,2026-03-18 12:30,667.06,667.29,665.43,665.83,713414
1773855000,2026-03-18 13:30,665.85,667.44,665.3,666.12,784639
1773858600,2026-03-18 14:30,666.11,666.29,662.68,662.92,1572067
1773862200,2026-03-18 15:30,662.89,663.21,661.23,661.56,2088676
1773927000,2026-03-19 09:30,656.97,659.47,655.165,656.34,2724312
1773930600,2026-03-19 10:30,656.34,659.7,656.26,657.72,1540044
1773934200,2026-03-19 11:30,657.73,659.04,656.17,657.93,1554361
1773937800,2026-03-19 12:30,657.95,658.7,655.61,657.1,1260799
1773941400,2026-03-19 13:30,657.1,658.63,656.16,657.17,1004604
1773945000,2026-03-19 14:30,657.17,662.97,656.32,660.27,2454890
1773948600,2026-03-19 15:30,660.22,660.74,658.98,659.82,1396846
1774013400,2026-03-20 09:30,656.56,656.68,651.48,651.86,2797010
1774017000,2026-03-20 10:30,651.87,654.14,651.2,651.9,1532870
1774020600,2026-03-20 11:30,651.91,653.98,651.73,653.08,932322
1774024200,2026-03-20 12:30,653.1,653.38,651.75,652.15,879228
1774027800,2026-03-20 13:30,652.18,652.37,648.66,649.43,1837649
1774031400,2026-03-20 14:30,649.41,649.64,646.79,647.12,1831841
1774035000,2026-03-20 15:30,647.13,648.53,644.73,648.47,3209752
1774272600,2026-03-23 09:30,658,662.27,656.07,660.99,3802529
1774276200,2026-03-23 10:30,660.98,662.61,659.95,660.89,1720252
1774279800,2026-03-23 11:30,660.91,661.33,653.94,654.1,2569572
1774283400,2026-03-23 12:30,654.12,656.72,654,655.3,1255326
1774287000,2026-03-23 13:30,655.29,658.3,655.27,657.35,1623448
1774290600,2026-03-23 14:30,657.48,659.65,657.04,657.35,1442486
1774294200,2026-03-23 15:30,657.33,658.345,655.39,655.4,1868045
1774359000,2026-03-24 09:30,651.4,653.58,649.89,652.49,2491977
1774362600,2026-03-24 10:30,652.47,656.81,651.22,656.04,2210503
1774366200,2026-03-24 11:30,656.03,657.02,654.31,655.95,1054384
1774369800,2026-03-24 12:30,655.97,656.12,652.55,653.42,1252428
1774373400,2026-03-24 13:30,653.4,654.97,652.38,654.58,1154806
1774377000,2026-03-24 14:30,654.58,656.59,654.28,654.44,1310192
1774380600,2026-03-24 15:30,654.45,654.78,652.56,653.19,1222779
1774445400,2026-03-25 09:30,658.69,660.89,655.67,658.12,2527630
1774449000,2026-03-25 10:30,658.17,659.23,654.24,657.86,1734048
1774452600,2026-03-25 11:30,657.84,658.22,656.01,657.5,1157474
1774456200,2026-03-25 12:30,657.46,658.32,656.92,658.03,927935
1774459800,2026-03-25 13:30,658.07,659.37,657.33,657.51,1084773
1774463400,2026-03-25 14:30,657.52,657.82,655.58,656.5,1268016
1774467000,2026-03-25 15:30,656.5,657.06,655.76,656.72,1045555
1774531800,2026-03-26 09:30,652.06,654.83,650.73,653.61,2816095
1774535400,2026-03-26 10:30,653.62,654.85,650.82,651.7,1986668
1774539000,2026-03-26 11:30,651.7,652.35,649.29,649.47,1339394
1774542600,2026-03-26 12:30,649.48,650.09,647.98,648.62,988412
1774546200,2026-03-26 13:30,648.61,649.06,646.44,646.6,1341358
1774549800,2026-03-26 14:30,646.6,647.65,645.85,646.2,1286793
1774553400,2026-03-26 15:30,646.23,646.26,644.82,645.1,1960072
1774618200,2026-03-27 09:30,642.49,642.65,638.6,639.1,2277214
1774621800,2026-03-27 10:30,639.1,641.48,638.3,640.96,1284524
1774625400,2026-03-27 11:30,640.98,642.13,638.59,638.91,1144632
1774629000,2026-03-27 12:30,638.9,639.97,636.59,636.63,1586718
1774632600,2026-03-27 13:30,636.61,637.24,635.13,635.77,1349019
1774636200,2026-03-27 14:30,635.76,636.73,634.52,634.85,1612089
1774639800,2026-03-27 15:30,634.89,635.35,633.11,634.07,2260377
1774877400,2026-03-30 09:30,640.11,640.35,634.68,635.86,2433608
1774881000,2026-03-30 10:30,635.85,638.81,634.73,636.46,1756995
1774884600,2026-03-30 11:30,636.44,638.47,635.17,635.26,1116683
1774888200,2026-03-30 12:30,635.25,636,633.24,633.39,911944
1774891800,2026-03-30 13:30,633.4,634.63,632.265,632.3,1309316
1774895400,2026-03-30 14:30,632.3,633.17,629.28,629.58,1711014
1774899000,2026-03-30 15:30,629.59,632.64,629.35,632.04,1695538
1774963800,2026-03-31 09:30,639,642.95,638.31,642.48,2297303
1774967400,2026-03-31 10:30,642.49,642.64,637.98,640.69,1729052
1774971000,2026-03-31 11:30,640.65,642.62,639.52,642.11,961050
1774974600,2026-03-31 12:30,642.13,649.44,641.655,646.99,2544835
1774978200,2026-03-31 13:30,646.99,648.41,646.15,647.74,1279959
1774981800,2026-03-31 14:30,647.68,649.89,647.2,649.42,1471594
1774985400,2026-03-31 15:30,649.42,651.54,649.32,650.45,2426307
1775050200,2026-04-01 09:30,653.88,656.05,653,655.03,2075584
1775053800,2026-04-01 10:30,655.08,657.06,653.7,656.34,1534548
1775057400,2026-04-01 11:30,656.33,658.08,655.93,657.18,1401033
1775061000,2026-04-01 12:30,657.185,658.52,656.84,658.3,1048833
1775064600,2026-04-01 13:30,658.31,658.44,653.84,654.23,1823754
1775068200,2026-04-01 14:30,654.23,656.34,653.66,656.11,1524165
1775071800,2026-04-01 15:30,656.09,656.74,654.72,655.21,1703138
1775136600,2026-04-02 09:30,646.42,651.06,645.11,650.36,1655996
1775140200,2026-04-02 10:30,650.33,658.2,650.12,655.26,1717853
1775143800,2026-04-02 11:30,655.32,655.88,652.18,652.72,625896
1775147400,2026-04-02 12:30,652.7,655.04,652.52,654.66,400608
1775151000,2026-04-02 13:30,654.63,654.74,652.56,653.5,377595
1775154600,2026-04-02 14:30,653.5,655.26,653.41,654.38,463434
1775158200,2026-04-02 15:30,654.34,656.1,654.08,655.89,804791
1775482200,2026-04-06 09:30,655.86,659.72,655.52,658.39,1053465
1775485800,2026-04-06 10:30,658.43,659.05,656.63,656.93,515928
1775489400,2026-04-06 11:30,656.99,658.04,656.33,657.81,246340
1775493000,2026-04-06 12:30,657.78,658.53,655.53,657.39,548932
1775496600,2026-04-06 13:30,657.41,658.65,656.22,658.24,433357
1775500200,2026-04-06 14:30,658.23,658.52,657.73,657.9,383894
1775503800,2026-04-06 15:30,657.85,658.92,657.81,658.87,578288
1775568600,2026-04-07 09:30,656.64,657.58,651.93,654.41,1094389
1775572200,2026-04-07 10:30,654.45,655.34,651.06,653.25,977328
1775575800,2026-04-07 11:30,653.26,657,652.58,655.92,797836
1775579400,2026-04-07 12:30,655.86,656.89,655.34,655.82,373466
1775583000,2026-04-07 13:30,655.84,658.4,655.55,656.1,416474
1775586600,2026-04-07 14:30,656.15,658.18,653.42,656.75,1045067
1775590200,2026-04-07 15:30,656.65,659.6,655.89,659.3,1528835
1775655000,2026-04-08 09:30,676.39,677.08,673.96,674.13,2755024
1775658600,2026-04-08 10:30,674.13,674.36,671.5,673.03,1356960
1775662200,2026-04-08 11:30,673.03,675.675,673.02,675.03,900188
1775665800,2026-04-08 12:30,675.03,676.43,674.78,675.02,758655
1775669400,2026-04-08 13:30,675.01,676.605,674.37,674.89,1303444
1775673000,2026-04-08 14:30,674.89,675.315,672.79,673.54,1372390
1775676600,2026-04-08 15:30,673.54,676.07,673.49,675.93,2062535
1775741400,2026-04-09 09:30,674.84,675.78,673.94,674.26,1012173
1775745000,2026-04-09 10:30,674.26,676.54,673.77,675.93,1142807
1775748600,2026-04-09 11:30,675.9,680.745,675.73,679.91,1318788
1775752200,2026-04-09 12:30,679.89,681.02,678.97,680.3,617377
1775755800,2026-04-09 13:30,680.29,681.16,678.58,678.86,617816
1775759400,2026-04-09 14:30,678.9,680.22,678.46,679.91,546261
1775763000,2026-04-09 15:30,679.91,680.66,679.83,679.87,987572
1775827800,2026-04-10 09:30,681.32,681.93,680.03,681.52,863822
1775831400,2026-04-10 10:30,681.58,682.03,680.43,681.24,612339
1775835000,2026-04-10 11:30,681.23,681.45,679.11,679.52,636300
1775838600,2026-04-10 12:30,679.5,679.71,678.5,678.66,423480
1775842200,2026-04-10 13:30,678.64,679.69,678.45,679.4,302161
1775845800,2026-04-10 14:30,679.42,679.99,678.88,679.65,445788
1775849400,2026-04-10 15:30,679.65,679.65,678.66,679.34,857962
1776087000,2026-04-13 09:30,677.41,680.02,676.57,679.56,1036875
1776090600,2026-04-13 10:30,679.57,680.66,679.31,679.5,512120
1776094200,2026-04-13 11:30,679.53,681.63,679.02,681.39,418516
1776097800,2026-04-13 12:30,681.38,682.85,680.71,682.49,671509
1776101400,2026-04-13 13:30,682.48,682.695,681.87,682.37,423942
1776105000,2026-04-13 14:30,682.36,683.84,682.28,683.81,704041
1776108600,2026-04-13 15:30,683.8,686.28,683.66,686.03,1382513
1776173400,2026-04-14 09:30,687.69,691.05,687.69,690.98,1566600
1776177000,2026-04-14 10:30,690.99,692.47,690.62,692.24,752781
1776180600,2026-04-14 11:30,692.25,693.72,692.24,693.59,1147598
1776184200,2026-04-14 12:30,693.59,694.05,692.84,693.74,1302629
1776187800,2026-04-14 13:30,693.73,694.09,692.13,692.6,776100
1776191400,2026-04-14 14:30,692.59,694.27,692.33,694.24,753892
1776195000,2026-04-14 15:30,694.23,694.58,693.41,694.39,1036478
1776259800,2026-04-15 09:30,695.26,696.94,694.2,696.91,1377710
1776263400,2026-04-15 10:30,696.92,697.56,695.94,697.36,911101
1776267000,2026-04-15 11:30,697.37,697.8,696.81,697.36,685973
1776270600,2026-04-15 12:30,697.4,697.61,695.71,697.42,678532
1776274200,2026-04-15 13:30,697.42,698.64,697.19,698.47,821777
1776277800,2026-04-15 14:30,698.5,700.04,698.49,700,1080337
1776281400,2026-04-15 15:30,699.98,700.28,699.27,699.85,1040036
1776346200,2026-04-16 09:30,701.09,701.3,698.53,699.14,1004981
1776349800,2026-04-16 10:30,699.15,702.03,698.87,700.8,790192
1776353400,2026-04-16 11:30,700.8,702.77,700.66,702.02,790247
1776357000,2026-04-16 12:30,702.04,702.07,699.84,700.7,546606
1776360600,2026-04-16 13:30,700.71,701.52,699.47,699.79,501379
1776364200,2026-04-16 14:30,699.8,701.2,699.77,700.92,481013
1776367800,2026-04-16 15:30,700.97,701.93,700.84,701.6,895743
1776432600,2026-04-17 09:30,706.2,709.46,705.76,709.23,1650195
1776436200,2026-04-17 10:30,709.24,711.33,709.23,710.63,1141643
1776439800,2026-04-17 11:30,710.64,711.64,710.42,711.52,690733
1776443400,2026-04-17 12:30,711.53,712.38,709.03,709.9,956961
1776447000,2026-04-17 13:30,709.85,710.7,709.14,709.81,616918
1776450600,2026-04-17 14:30,709.85,710.38,708.99,709.27,644158
1776454200,2026-04-17 15:30,709.29,710.4,709.29,710.04,1023425
1776691800,2026-04-20 09:30,708.79,709.91,708.24,708.98,640478
1776695400,2026-04-20 10:30,708.89,709,706.14,708.38,814643
1776699000,2026-04-20 11:30,708.38,708.52,707.02,707.67,257236
1776702600,2026-04-20 12:30,707.67,708.39,707.26,707.96,217567
1776706200,2026-04-20 13:30,707.98,708.6,707.49,708.29,272185
1776709800,2026-04-20 14:30,708.34,708.6,707.86,708.02,447891
1776713400,2026-04-20 15:30,708.02,708.8,707.6,708.69,845718
1776778200,2026-04-21 09:30,710.28,711.27,708.76,710.55,683418
1776781800,2026-04-21 10:30,710.56,710.78,706.15,706.7,909723
1776785400,2026-04-21 11:30,706.67,707.88,706.04,706.39,474233
1776789000,2026-04-21 12:30,706.35,707.13,703.83,704.68,841230
1776792600,2026-04-21 13:30,704.68,707.4,704.65,705.12,624936
1776796200,2026-04-21 14:30,705.13,707.78,705.03,707.73,819907
1776799800,2026-04-21 15:30,707.73,707.88,702.645,704.08,1403868
1776864600,2026-04-22 09:30,709.19,710.7,708.23,710.52,743054
1776868200,2026-04-22 10:30,710.55,710.65,709.3,710.2,471291
1776871800,2026-04-22 11:30,710.19,710.44,709.08,709.15,361522
1776875400,2026-04-22 12:30,709.15,710.42,708.81,710.05,406697
1776879000,2026-04-22 13:30,710.05,710.42,709.2,709.45,497725
1776882600,2026-04-22 14:30,709.46,710.58,709.19,710.45,613554
1776886200,2026-04-22 15:30,710.45,711.45,710.14,711.19,812500
1776951000,2026-04-23 09:30,709.5,711.3,709.13,710.52,934857
1776954600,2026-04-23 10:30,710.53,712.27,710.42,711.96,541933
1776958200,2026-04-23 11:30,711.99,712.35,710.32,710.74,503849
1776961800,2026-04-23 12:30,710.66,711.25,705.9,706.06,1100627
1776965400,2026-04-23 13:30,706.06,708.58,702.29,708.52,1894159
1776969000,2026-04-23 14:30,708.51,709.48,706.71,708.4,578798
1776972600,2026-04-23 15:30,708.35,708.91,706.47,708.41,747674
1777037400,2026-04-24 09:30,710.74,711.16,709.01,709.79,930202
1777041000,2026-04-24 10:30,709.89,712.14,709.45,711.85,479414
1777044600,2026-04-24 11:30,711.83,714.13,711.55,713.29,767699
1777048200,2026-04-24 12:30,713.31,713.89,712.73,713.03,338294
1777051800,2026-04-24 13:30,713.01,714.45,712.74,713.02,415643
1777055400,2026-04-24 14:30,713.03,714.46,713,713.74,446369
1777059000,2026-04-24 15:30,713.73,714.37,713.44,713.95,991050
1777296600,2026-04-27 09:30,713.2,714.4,712.61,713.445,1057552
1777300200,2026-04-27 10:30,713.47,714.42,712.3,712.99,506725
1777303800,2026-04-27 11:30,712.99,714.12,712.77,713.855,299080
1777307400,2026-04-27 12:30,713.88,714.75,713.86,714.61,331896
1777311000,2026-04-27 13:30,714.6,715.24,714.59,715.1,324735
1777314600,2026-04-27 14:30,715.09,715.22,714.71,715.15,280536
1777318200,2026-04-27 15:30,715.11,715.66,714.88,715.15,731443
1777383000,2026-04-28 09:30,711.78,712.89,710.78,711.25,917312
1777386600,2026-04-28 10:30,711.26,711.58,709.25,709.9,723806
1777390200,2026-04-28 11:30,709.83,710.59,709.4,710.34,306597
1777393800,2026-04-28 12:30,710.3,710.44,709.36,710.11,226441
1777397400,2026-04-28 13:30,710.12,711.64,710.12,711.37,417521
1777401000,2026-04-28 14:30,711.36,712.18,710.83,711.59,452409
1777404600,2026-04-28 15:30,711.6,711.99,711.2,711.68,898391
1777469400,2026-04-29 09:30,711,711.65,709.67,711.48,854140
1777473000,2026-04-29 10:30,711.49,712.19,710.11,710.87,517685
1777476600,2026-04-29 11:30,710.92,711.08,709.22,709.75,450938
1777480200,2026-04-29 12:30,709.72,710.19,708.91,709.9,341082
1777483800,2026-04-29 13:30,709.92,710.74,708.47,709.23,527020
1777487400,2026-04-29 14:30,709.23,711.49,708.38,710.87,639528
1777491000,2026-04-29 15:30,710.86,711.62,710.09,711.58,804852
1777555800,2026-04-30 09:30,714.62,714.71,710.45,712.01,1500720
1777559400,2026-04-30 10:30,711.97,714.59,711.19,714.44,741648
1777563000,2026-04-30 11:30,714.43,715.38,713.47,715.18,463974
1777566600,2026-04-30 12:30,715.18,715.86,713.92,715.82,350652
1777570200,2026-04-30 13:30,715.82,718.11,715.82,717.88,497678
1777573800,2026-04-30 14:30,717.91,719.39,717.87,719.12,692767
1777577400,2026-04-30 15:30,719.12,719.78,718.37,718.39,1999647
1777642200,2026-05-01 09:30,721.25,724.87,720.73,724.23,1107984
1777645800,2026-05-01 10:30,724.23,724.23,722.04,723.29,545350
1777649400,2026-05-01 11:30,723.3,724.39,721.88,722.12,625042
1777653000,2026-05-01 12:30,722.11,722.97,721.5,722.96,296887
1777656600,2026-05-01 13:30,722.96,723.22,721.5,722.24,320234
1777660200,2026-05-01 14:30,722.2,722.59,720.78,722.42,477236
1777663800,2026-05-01 15:30,722.43,722.5,720.47,720.56,629379
1777901400,2026-05-04 09:30,720.07,721.71,719.25,721.22,979222
1777905000,2026-05-04 10:30,721.23,722.12,717.44,718.44,1137309
1777908600,2026-05-04 11:30,718.45,718.74,715,717.02,1030542
1777912200,2026-05-04 12:30,716.99,718.64,716.31,718.55,482933
1777915800,2026-05-04 13:30,718.56,718.99,717.17,717.77,429977
1777919400,2026-05-04 14:30,717.76,718.25,716.84,717.74,709681
1777923000,2026-05-04 15:30,717.74,718.26,717.36,718.09,890735
1777987800,2026-05-05 09:30,721.78,723.66,721.495,723.32,1035917
1777991400,2026-05-05 10:30,723.31,723.65,722.35,723.48,465180
1777995000,2026-05-05 11:30,723.49,723.87,722.91,723.58,284674
1777998600,2026-05-05 12:30,723.56,723.86,723.12,723.85,298319
1778002200,2026-05-05 13:30,723.86,724.69,723.72,724.48,410900
1778005800,2026-05-05 14:30,724.48,725.04,724.09,724.72,441879
1778009400,2026-05-05 15:30,724.72,724.87,723.28,723.74,927995
1778074200,2026-05-06 09:30,728.16,730.68,727.82,730.04,1095097
1778077800,2026-05-06 10:30,730.04,732.49,730.02,732.05,795254
1778081400,2026-05-06 11:30,732.05,732.14,730.94,731.77,503119
1778085000,2026-05-06 12:30,731.82,732.04,730.54,731.68,412782
1778088600,2026-05-06 13:30,731.67,733.18,731.55,733.04,513597
1778092200,2026-05-06 14:30,733.04,733.99,732.72,733.87,894684
1778095800,2026-05-06 15:30,733.84,734.6,733.55,733.77,1386700
1778160600,2026-05-07 09:30,735.05,735.11,733.55,734.53,1050820
1778164200,2026-05-07 10:30,734.66,736.12,734.3,734.88,676856
1778167800,2026-05-07 11:30,734.97,735.61,731.73,733.38,657078
1778171400,2026-05-07 12:30,733.36,733.82,729.76,730.57,676718
1778175000,2026-05-07 13:30,730.63,732.19,730.15,731.29,657081
1778178600,2026-05-07 14:30,731.28,731.93,729.75,730.49,606441
1778182200,2026-05-07 15:30,730.52,731.9,730.4,731.57,1073932
1778247000,2026-05-08 09:30,734.98,737.55,734.58,736.82,1085731
1778250600,2026-05-08 10:30,736.82,737.45,736.05,736.91,435290
1778254200,2026-05-08 11:30,736.91,737.75,736.33,737.545,391181
1778257800,2026-05-08 12:30,737.57,737.84,736.81,737.7,384724
1778261400,2026-05-08 13:30,737.69,738.1,737.08,737.73,373657
1778265000,2026-05-08 14:30,737.729,737.95,736.1,736.64,601898
1778268600,2026-05-08 15:30,736.64,737.59,736.53,737.54,1103968
1778506200,2026-05-11 09:30,736.45,739.59,736.45,738.44,1225485
1778509800,2026-05-11 10:30,738.44,740.1,737.59,740.08,1003646
1778513400,2026-05-11 11:30,740.09,740.43,739.67,740.33,683678
1778517000,2026-05-11 12:30,740.32,740.43,738.84,739.81,796157
1778520600,2026-05-11 13:30,739.79,740.79,739.78,740.34,811631
1778524200,2026-05-11 14:30,740.33,740.35,738.16,738.5,1102408
1778527800,2026-05-11 15:30,738.49,739.21,738.13,739.2,934491
1778592600,2026-05-12 09:30,736.91,737.22,734.57,734.92,1152126
1778596200,2026-05-12 10:30,734.92,735.17,731.84,732.32,1125677
1778599800,2026-05-12 11:30,732.32,733.73,732.11,732.75,627424
1778603400,2026-05-12 12:30,732.73,735.01,731.83,734.35,767279
1778607000,2026-05-12 13:30,734.32,736.47,734.13,736.19,729068
1778610600,2026-05-12 14:30,736.19,737.42,735.77,737.08,529105
1778614200,2026-05-12 15:30,737.08,738.84,737.07,738.14,1016824
1778679000,2026-05-13 09:30,738.46,738.74,735.48,738.3,959431
1778682600,2026-05-13 10:30,738.3,739.38,737.77,739.28,577434
1778686200,2026-05-13 11:30,739.27,741.98,738.94,741.73,657814
1778689800,2026-05-13 12:30,741.72,742.9,741.37,742.63,608770
1778693400,2026-05-13 13:30,742.61,743.91,742.1,743.54,501406
1778697000,2026-05-13 14:30,743.53,743.7,742.55,743.48,583042
1778700600,2026-05-13 15:30,743.48,743.61,742.22,742.31,975473
1778765400,2026-05-14 09:30,743.68,746.37,743.56,745.92,964293
1778769000,2026-05-14 10:30,745.95,748.8,745.76,748.51,585072
1778772600,2026-05-14 11:30,748.52,749.52,747.86,748,481023
1778776200,2026-05-14 12:30,748.01,748.34,746.31,746.9,334107
1778779800,2026-05-14 13:30,746.94,748.29,746.66,747.56,499600
1778783400,2026-05-14 14:30,747.56,748.69,747.38,748.08,556897
1778787000,2026-05-14 15:30,748.08,748.68,747.78,748.07,959314
1778851800,2026-05-15 09:30,741.835,742.67,737.96,741.1,1391047
1778855400,2026-05-15 10:30,741.15,742.29,740.14,741.23,588155
1778859000,2026-05-15 11:30,741.26,741.95,739.12,741.28,484872
1778862600,2026-05-15 12:30,741.35,742.94,740.28,742.52,317445
1778866200,2026-05-15 13:30,742.51,743.45,741.51,741.73,580737
1778869800,2026-05-15 14:30,741.74,741.88,740.05,740.16,471362
1778873400,2026-05-15 15:30,740.14,740.82,738.54,739.08,1357945
1779111000,2026-05-18 09:30,739.83,741.4,737.56,739.5,942596
1779114600,2026-05-18 10:30,739.52,739.82,735.53,735.62,857911
1779118200,2026-05-18 11:30,735.58,737.91,734.48,734.83,522441
1779121800,2026-05-18 12:30,734.83,737.41,734.23,737.36,544770
1779125400,2026-05-18 13:30,737.375,737.42,733.71,734.72,476238
1779129000,2026-05-18 14:30,734.735,738,733.39,735.51,1012002
1779132600,2026-05-18 15:30,735.53,738.75,735.28,738.52,720160
1779197400,2026-05-19 09:30,734.76,736.3,731.74,732.41,1262597
1779201000,2026-05-19 10:30,732.41,733.95,731.54,732.27,760880
1779204600,2026-05-19 11:30,732.2,734.74,732.04,734.49,513222
1779208200,2026-05-19 12:30,734.48,737.63,734.35,736.99,822193
1779211800,2026-05-19 13:30,736.98,737.54,735.82,735.87,804569
1779215400,2026-05-19 14:30,735.85,736.39,733.9,734.75,838370
1779219000,2026-05-19 15:30,734.79,735.01,732.575,733.77,1485525
1779283800,2026-05-20 09:30,735.689,738.55,733.89,737.86,1197252
1779287400,2026-05-20 10:30,737.93,741.87,737.44,739.3,1040186
1779291000,2026-05-20 11:30,739.295,740.93,738.56,738.93,440564
1779294600,2026-05-20 12:30,738.92,740.34,738.54,740.14,370160
1779298200,2026-05-20 13:30,740.21,740.71,739.3,740.061,335008
1779301800,2026-05-20 14:30,740.11,740.96,739.68,740.82,367212
1779305400,2026-05-20 15:30,740.84,741.61,740.56,741.29,793448
1779370200,2026-05-21 09:30,738.68,740.61,737.43,738.49,1135016
1779373800,2026-05-21 10:30,738.48,739.37,737.15,738.8,489904
1779377400,2026-05-21 11:30,738.86,739.95,737.82,738.78,316919
1779381000,2026-05-21 12:30,738.82,743.05,738.09,742.15,744265
1779384600,2026-05-21 13:30,742.15,744.87,741.97,743.34,650800
1779388200,2026-05-21 14:30,743.38,743.71,740.08,742.68,588167
1779391800,2026-05-21 15:30,742.65,743.15,741.93,742.71,632989
1779456600,2026-05-22 09:30,746.2,748.15,744.49,745.69,775839
1779460200,2026-05-22 10:30,745.69,747.88,745.46,747.88,337131
1779463800,2026-05-22 11:30,747.89,748.05,746.85,747.38,266023
1779467400,2026-05-22 12:30,747.4,748.77,746.63,748.75,405661
1779471000,2026-05-22 13:30,748.74,748.92,746.82,747.34,457299
1779474600,2026-05-22 14:30,747.31,747.47,745.5,745.58,503747
1779478200,2026-05-22 15:30,745.58,746.21,744.955,745.6,896039
1779802200,2026-05-26 09:30,750.05,751.86,749.13,751.55,848191
1779805800,2026-05-26 10:30,751.54,752.12,749.73,749.829,498208
1779809400,2026-05-26 11:30,749.85,750,748.37,749.73,505720
1779813000,2026-05-26 12:30,749.74,750.02,748.52,748.65,397725
1779816600,2026-05-26 13:30,748.65,750,748.495,749.65,392369
1779820200,2026-05-26 14:30,749.64,750,748.85,749.51,500179
1779823800,2026-05-26 15:30,749.5,750.87,749.5,750.45,792017
1779888600,2026-05-27 09:30,750.909,751.37,749.23,750.07,1316818
1779892200,2026-05-27 10:30,750,751.02,748.91,749.54,545400
1779895800,2026-05-27 11:30,749.54,750.2,748.37,749.7,560045
1779899400,2026-05-27 12:30,749.65,750.62,748.22,749.15,403571
1779903000,2026-05-27 13:30,749.169,750.81,749.169,750.71,404307
1779906600,2026-05-27 14:30,750.72,751.13,750.31,750.57,456121
1779910200,2026-05-27 15:30,750.56,750.89,750.1,750.51,870864
1779975000,2026-05-28 09:30,750.22,754,749.23,752.73,1273662
1779978600,2026-05-28 10:30,752.77,754.14,751.73,753.94,621895
1779982200,2026-05-28 11:30,753.95,754.85,753.69,754.37,479447
1779985800,2026-05-28 12:30,754.4,754.869,754.06,754.25,404189
1779989400,2026-05-28 13:30,754.28,754.92,754.1,754.77,568591
1779993000,2026-05-28 14:30,754.76,754.77,754.11,754.76,574404
1779996600,2026-05-28 15:30,754.76,755.15,754.45,754.64,887178
1780061400,2026-05-29 09:30,755.9,758.08,755.5,756.62,1327688
1780065000,2026-05-29 10:30,756.61,757.42,754.705,756.79,770170
1780068600,2026-05-29 11:30,756.76,757.46,756.29,756.75,394773
1780072200,2026-05-29 12:30,756.76,757.83,756.22,756.6,360689
1780075800,2026-05-29 13:30,756.6,756.67,755.13,756.3,357421
1780079400,2026-05-29 14:30,756.33,756.87,755.36,756.86,522928
1780083000,2026-05-29 15:30,756.86,757.63,756.18,756.38,1343007
1780320600,2026-06-01 09:30,755.32,756.77,754.7,755.86,1213032
1780324200,2026-06-01 10:30,755.83,756.4,755.28,756.16,429356
1780327800,2026-06-01 11:30,756.17,757.42,755.88,756.76,607957
1780331400,2026-06-01 12:30,756.78,758.51,756.78,758.34,612630
1780335000,2026-06-01 13:30,758.53,760.31,757.73,759.82,937256
1780338600,2026-06-01 14:30,759.82,759.87,759.27,759.68,403358
1780342200,2026-06-01 15:30,759.65,759.67,758.11,758.43,723785
1780407000,2026-06-02 09:30,757.01,758.47,756.75,757.73,795252
1780410600,2026-06-02 10:30,757.73,760.4,757.73,759.89,700806
1780414200,2026-06-02 11:30,759.89,760.03,759.25,759.35,270742
1780417800,2026-06-02 12:30,759.35,759.969,758.93,759.02,347077
1780421400,2026-06-02 13:30,759.02,759.35,758.79,758.95,363171
1780425000,2026-06-02 14:30,758.95,759.575,758.63,759.33,629831
1780428600,2026-06-02 15:30,759.34,759.69,759.13,759.46,690522
1780493400,2026-06-03 09:30,758.14,758.8,754.75,756.81,1118736
1780497000,2026-06-03 10:30,756.8,757,755.33,756.13,429735
1780500600,2026-06-03 11:30,756.09,756.28,753.89,754.31,446006
1780504200,2026-06-03 12:30,754.28,755.18,753.57,754.65,464504
1780507800,2026-06-03 13:30,754.64,756.04,754.209,755.98,479872
1780511400,2026-06-03 14:30,756,756.04,754.6,754.84,469131
1780515000,2026-06-03 15:30,754.83,755.49,753.91,754.36,2044806
1780579800,2026-06-04 09:30,752.1,754.29,751.47,754.02,990382
1780583400,2026-06-04 10:30,754.01,755.97,753.39,755.86,526114
1780587000,2026-06-04 11:30,755.87,756.67,754.81,756.5,516559
1780590600,2026-06-04 12:30,756.51,757.17,756.06,757.12,345335
1780594200,2026-06-04 13:30,757.1,757.93,757.02,757.85,480022
1780597800,2026-06-04 14:30,757.8,758.32,757.5,758.29,555970
1780601400,2026-06-04 15:30,758.28,758.31,756.92,757.07,1198648
1780666200,2026-06-05 09:30,752.31,752.81,748.23,749.22,1384694
1780669800,2026-06-05 10:30,749.21,750.73,747.55,748.15,647380
1780673400,2026-06-05 11:30,748.13,748.4,744.63,744.75,948090
1780677000,2026-06-05 12:30,744.75,744.8,742.46,744.03,1168322
1780680600,2026-06-05 13:30,744.02,745.29,740.5,740.89,1147188
1780684200,2026-06-05 14:30,740.85,741.14,735.53,738.47,1548286
1780687800,2026-06-05 15:30,738.41,739.8,736.99,737.4,1774189
1780925400,2026-06-08 09:30,743.31,744.53,740.62,742.48,1490627
1780929000,2026-06-08 10:30,742.5,745.33,741.97,743.21,924958
1780932600,2026-06-08 11:30,743.25,744.36,741.86,742.15,602683
1780936200,2026-06-08 12:30,742.19,742.96,740.08,742.03,698591
1780939800,2026-06-08 13:30,742.02,742.379,740.4,741.97,596813
1780943400,2026-06-08 14:30,741.97,742.45,738.2,739.18,645253
1780947000,2026-06-08 15:30,739.22,740.17,738.79,739.22,884872
1781011800,2026-06-09 09:30,743.64,746.9,739.42,741.21,1455069
1781015400,2026-06-09 10:30,741.11,741.69,730.79,730.99,1309833
1781019000,2026-06-09 11:30,731.01,732.74,725.3,727.37,2108811
1781022600,2026-06-09 12:30,727.33,731.28,722.6,730.76,2141942
1781026200,2026-06-09 13:30,730.74,735.15,730.21,735.1,1140698
1781029800,2026-06-09 14:30,735.12,737.67,733.21,734.6,958889
1781033400,2026-06-09 15:30,734.56,737.43,732.54,737.07,1129078
1781098200,2026-06-10 09:30,733.39,738.38,731.5,737.26,986867
1781101800,2026-06-10 10:30,737.2,737.95,729.54,731.43,942419
1781105400,2026-06-10 11:30,731.49,732.77,728.49,730.67,860516
1781109000,2026-06-10 12:30,730.69,732.32,728.67,729.55,546447
1781112600,2026-06-10 13:30,729.59,731.75,727.86,729.54,636906
1781116200,2026-06-10 14:30,729.55,729.57,725.48,725.99,822542
1781119800,2026-06-10 15:30,725.95,727.88,725.33,725.41,1254499
1781184600,2026-06-11 09:30,728.76,731.57,726.38,728.85,1534051
1781188200,2026-06-11 10:30,728.91,730.07,724.4,727.21,1105752
1781191800,2026-06-11 11:30,727.18,730.31,726.74,727.85,857600
1781195400,2026-06-11 12:30,727.88,732.68,725.27,732.52,1267481
1781199000,2026-06-11 13:30,729.92,736.62,729.92,734.39,2515422
1781202600,2026-06-11 14:30,734.55,738.23,734.05,737.9,1374460
1781206200,2026-06-11 15:30,737.94,740,737.33,737.76,1977945
1781271000,2026-06-12 09:30,740.75,741.15,735.03,739.59,1348623
1781274600,2026-06-12 10:30,739.57,744.44,737.18,744.15,926647
1781278200,2026-06-12 11:30,744.16,744.19,738.18,740.64,1150772
1781281800,2026-06-12 12:30,740.65,743,740.27,742.16,500881
1781285400,2026-06-12 13:30,742.19,742.26,740.44,741.26,558426
1781289000,2026-06-12 14:30,741.26,742.34,740.95,741.47,669633
1781292600,2026-06-12 15:30,741.41,742,740.07,741.75,848958
1781530200,2026-06-15 09:30,751.84,754.09,751.76,753.65,1337161
1781533800,2026-06-15 10:30,753.65,755.23,752.96,755.13,622591
1781537400,2026-06-15 11:30,755.14,756.68,754.5,756.49,602736
1781541000,2026-06-15 12:30,756.48,756.63,755.09,756.12,456293
1781544600,2026-06-15 13:30,756.12,756.3,754.65,754.72,437199
1781548200,2026-06-15 14:30,754.73,755.47,754.36,754.37,591807
1781551800,2026-06-15 15:30,754.37,754.93,753.4,754.67,1390381
1781616600,2026-06-16 09:30,754.58,755.43,753.05,753.05,884583
1781620200,2026-06-16 10:30,753.05,753.96,752.27,752.65,706621
1781623800,2026-06-16 11:30,752.68,753.96,751.71,753.36,704142
1781627400,2026-06-16 12:30,753.35,753.42,751.89,752.19,405052
1781631000,2026-06-16 13:30,752.18,752.675,751.45,752.14,384394
1781634600,2026-06-16 14:30,752.14,752.25,750.08,751.22,833656
1781638200,2026-06-16 15:30,751.21,751.32,749.88,750.39,1864080
1781703000,2026-06-17 09:30,751.24,752.14,749.63,751.69,838380
1781706600,2026-06-17 10:30,751.69,751.72,747.87,750.01,846290
1781710200,2026-06-17 11:30,750.01,751.03,749.79,750.76,362541
1781713800,2026-06-17 12:30,750.77,750.87,748.42,749.65,447562
1781717400,2026-06-17 13:30,749.65,750.87,743.48,746.26,1555652
1781721000,2026-06-17 14:30,746.21,750.3,741.78,742.06,2829581
1781724600,2026-06-17 15:30,742.06,742.36,739.22,740.95,2746338
1781789400,2026-06-18 09:30,747.85,748.2,743.86,745.36,1137569
1781793000,2026-06-18 10:30,745.33,747.3,744.43,745.38,558499
1781796600,2026-06-18 11:30,745.37,746.87,744.34,746.65,479802
1781800200,2026-06-18 12:30,746.65,748.12,746.21,747.56,489356
1781803800,2026-06-18 13:30,747.56,747.96,746.42,746.51,405324
1781807400,2026-06-18 14:30,746.51,746.97,745.2,746.01,551277
1781811000,2026-06-18 15:30,746.01,748.23,745.61,746.59,1323070
1782135000,2026-06-22 09:30,747.69,750.18,746.45,746.51,1239797
1782138600,2026-06-22 10:30,746.51,746.59,743.16,744.41,799646
1782142200,2026-06-22 11:30,744.38,746.27,743.6,744.78,644358
1782145800,2026-06-22 12:30,744.74,745.32,743.96,744.7,373218
1782149400,2026-06-22 13:30,744.73,745.74,743.99,745.13,373430
1782153000,2026-06-22 14:30,745.13,745.54,743.28,743.41,653616
1782156600,2026-06-22 15:30,743.42,744.87,743.13,743.99,1224923
1782221400,2026-06-23 09:30,733.76,739.63,732.305,738.9,1749736
1782225000,2026-06-23 10:30,738.91,739.1,734.26,734.59,820873
1782228600,2026-06-23 11:30,734.59,737.66,734.23,737.38,634194
1782232200,2026-06-23 12:30,737.39,738.1,736.51,737.53,492550
1782235800,2026-06-23 13:30,737.55,738.02,735.22,735.4,504711
1782239400,2026-06-23 14:30,735.38,735.6,733.33,735,1117334
1782243000,2026-06-23 15:30,735,735.56,733.5,733.69,2032013
1782307800,2026-06-24 09:30,735.14,737.69,734.11,736.49,1178367
1782311400,2026-06-24 10:30,736.48,739.94,736.14,739.64,669725
1782315000,2026-06-24 11:30,739.63,739.93,737.81,738.08,400899
1782318600,2026-06-24 12:30,738.09,738.1,732.06,732.16,715833
1782322200,2026-06-24 13:30,732.16,734.66,731.31,734.35,897794
1782325800,2026-06-24 14:30,734.36,734.56,730.84,731.97,966739
1782329400,2026-06-24 15:30,732.02,733.34,730.93,733.16,1053094
1782394200,2026-06-25 09:30,738.97,739.36,729.63,735.47,1727107
1782397800,2026-06-25 10:30,735.44,737.81,731.85,734.29,1044173
1782401400,2026-06-25 11:30,734.32,736.25,733.67,734.21,443810
1782405000,2026-06-25 12:30,734.21,734.24,731.53,733.26,433420
1782408600,2026-06-25 13:30,733.27,736.05,731.4,735.79,579435
1782412200,2026-06-25 14:30,735.83,735.83,731.84,732.46,613817
1782415800,2026-06-25 15:30,732.37,733.34,731.33,733.34,901243
1782480600,2026-06-26 09:30,728.945,734.23,726.86,733.49,1486826
1782484200,2026-06-26 10:30,733.48,734.65,731.6,734.65,632470
1782487800,2026-06-26 11:30,734.69,736.52,732.77,733.42,675465
1782491400,2026-06-26 12:30,733.46,735.86,733.46,734.74,396702
1782495000,2026-06-26 13:30,734.725,735.38,732.74,732.85,465824
1782498600,2026-06-26 14:30,732.84,733.66,731.28,732.18,934573
1782502200,2026-06-26 15:30,732.2,733.87,716.58,731.23,1606415
1782739800,2026-06-29 09:30,736.525,739.9,732.09,736.02,1469566
1782743400,2026-06-29 10:30,736.08,738.32,735.89,737.76,720393
1782747000,2026-06-29 11:30,737.75,739.14,737.23,738.32,496469
1782750600,2026-06-29 12:30,738.34,740.37,737.98,740.135,509684
1782754200,2026-06-29 13:30,740.14,740.84,739.98,740.21,420523
1782757800,2026-06-29 14:30,740.21,741.18,740.16,740.88,781469
1782761400,2026-06-29 15:30,740.88,741.56,740.24,740.89,1265206
1782826200,2026-06-30 09:30,741.26,744.575,740.9,744.48,1084677
1782829800,2026-06-30 10:30,744.46,745.36,742.94,745.27,447812
1782833400,2026-06-30 11:30,745.27,746.61,744.8,746.29,458394
1782837000,2026-06-30 12:30,746.28,747.14,746.12,746.49,353070
1782840600,2026-06-30 13:30,746.52,747.08,746.15,746.77,336093
1782844200,2026-06-30 14:30,746.79,748.01,746.56,747.42,733885
1782847800,2026-06-30 15:30,747.44,747.86,746.37,746.52,1747749
1782912600,2026-07-01 09:30,744.93,747.01,742.38,746.821,1225905
1782916200,2026-07-01 10:30,746.83,749.32,745.7,749.29,742822
1782919800,2026-07-01 11:30,749.28,749.42,748.35,748.97,368939
1782923400,2026-07-01 12:30,748.98,749.21,747.04,747.94,428594
1782927000,2026-07-01 13:30,747.94,748.18,746.7,747.13,297827
1782930600,2026-07-01 14:30,747.13,747.69,746.45,746.94,503981
1782934200,2026-07-01 15:30,746.95,747.29,745.15,745.79,1063860
1782999000,2026-07-02 09:30,747.37,751.24,747.1,747.94,1088485
1783002600,2026-07-02 10:30,747.99,749.379,744.2,744.91,802668
1783006200,2026-07-02 11:30,744.88,746.71,743.38,743.54,409327
1783009800,2026-07-02 12:30,743.56,743.56,740.37,741.53,647024
1783013400,2026-07-02 13:30,741.51,742.849,740.03,742.719,482769
1783017000,2026-07-02 14:30,742.72,743.51,741.27,742.31,470582
1783020600,2026-07-02 15:30,742.35,745.58,742.22,745.2,1516281
1783344600,2026-07-06 09:30,748.74,749.98,747.41,749.93,1164803
1783348200,2026-07-06 10:30,749.959,750.81,749.1,750.76,740886
1783351800,2026-07-06 11:30,750.78,751.12,750.35,750.65,617369
1783355400,2026-07-06 12:30,750.65,751.53,750.38,750.69,492011
1783359000,2026-07-06 13:30,750.7,751.62,749.64,751.32,550603
1783362600,2026-07-06 14:30,751.32,752.4,751.01,752.28,769586
1783366200,2026-07-06 15:30,752.26,752.29,750.87,751.3,1476110
1783431000,2026-07-07 09:30,750.23,750.95,746.08,746.72,1318145
1783434600,2026-07-07 10:30,746.68,747.005,745.21,746.35,800179
1783438200,2026-07-07 11:30,746.35,748.99,745.47,748.77,666541
1783441800,2026-07-07 12:30,748.74,749.335,748.25,748.84,463361
1783445400,2026-07-07 13:30,748.85,749.3,748.65,748.98,363276
1783449000,2026-07-07 14:30,749,749.06,746,746.7,1054044
1783452600,2026-07-07 15:30,746.67,747.97,746.38,747.7,941017
1783517400,2026-07-08 09:30,743.16,744.925,742.67,743.11,1288216
1783521000,2026-07-08 10:30,743.09,743.68,739.56,739.95,896301
1783524600,2026-07-08 11:30,739.96,743.47,739.51,743.1,663698
1783528200,2026-07-08 12:30,743.09,745.77,742.46,745.72,602690
1783531800,2026-07-08 13:30,745.72,746.08,743.95,744.67,453295
1783535400,2026-07-08 14:30,744.66,745.72,744.26,745.19,337154
1783539000,2026-07-08 15:30,745.2,746.15,744.41,745.35,974653
1783603800,2026-07-09 09:30,747.33,749.24,745.59,747.85,965908
1783607400,2026-07-09 10:30,747.86,749.98,747.13,749.77,498042
1783611000,2026-07-09 11:30,749.78,750.81,749.49,750.63,376418
1783614600,2026-07-09 12:30,750.65,751.79,750.24,751.75,404341
1783618200,2026-07-09 13:30,751.76,751.97,751.16,751.45,532160
1783621800,2026-07-09 14:30,751.45,751.58,750.66,751.1,615603
1783625400,2026-07-09 15:30,751.06,751.67,750.83,751.67,874562
1783690200,2026-07-10 09:30,752.04,753.35,751.8,752.62,698872
1783693800,2026-07-10 10:30,752.61,753.42,748.08,753.25,974771
1783697400,2026-07-10 11:30,753.28,753.69,751.38,753.21,481146
1783701000,2026-07-10 12:30,753.21,754.14,753.04,754.01,394858
1783704600,2026-07-10 13:30,754.02,754.73,753.88,754.42,470080
1783708200,2026-07-10 14:30,754.43,755.18,754.31,754.96,751833
1783711800,2026-07-10 15:30,754.96,755.42,754.57,754.88,914758
1783949400,2026-07-13 09:30,752.51,753.91,750.25,753.07,1106840
1783953000,2026-07-13 10:30,753.11,753.29,751,752.38,388591
1783956600,2026-07-13 11:30,752.39,752.53,749.94,750.29,411577
1783960200,2026-07-13 12:30,750.27,750.66,748.94,749.8,588162
1783963800,2026-07-13 13:30,749.81,750.25,749.05,749.23,505157
1783967400,2026-07-13 14:30,749.21,750.05,748.17,748.38,749432
1783971000,2026-07-13 15:30,748.39,749.61,748,749.09,1114861
1784035800,2026-07-14 09:30,750.86,751.77,748.69,750.7,834936
1784039400,2026-07-14 10:30,750.72,753.34,750.5,752.6,710541
1784043000,2026-07-14 11:30,752.64,752.9,750.01,750.8,493932
1784046600,2026-07-14 12:30,750.78,752.61,750.63,752.3,314565
1784050200,2026-07-14 13:30,752.32,752.76,751.79,752.5,246803
1784053800,2026-07-14 14:30,752.51,752.59,751.66,752.13,476677
1784057400,2026-07-14 15:30,752.16,752.52,751.715,751.86,852002
1784122200,2026-07-15 09:30,754.26,755.58,753.185,754.62,1059832
1784125800,2026-07-15 10:30,754.64,754.87,752.21,753.61,637633
1784129400,2026-07-15 11:30,753.6,753.83,750.44,750.83,529610
1784133000,2026-07-15 12:30,750.81,752.86,750.21,752.82,606655
1784136600,2026-07-15 13:30,752.811,754.84,752.811,754.64,787651
1784140200,2026-07-15 14:30,754.64,754.91,753.05,753.62,525729
1784143800,2026-07-15 15:30,753.63,754.78,753.1,754.73,885745
1784208600,2026-07-16 09:30,752.79,754.38,750.67,754.36,971714
1784212200,2026-07-16 10:30,754.32,754.57,752.98,753.8,487579
1784215800,2026-07-16 11:30,753.85,754.4,751.46,751.93,418756
1784219400,2026-07-16 12:30,751.94,752.97,751.59,752.72,309464
1784223000,2026-07-16 13:30,752.68,752.81,750.45,750.91,479354
1784226600,2026-07-16 14:30,750.92,750.93,748.86,749.1,738646
1784230200,2026-07-16 15:30,749.1,751.04,747.88,750.76,1430428
1784295000,2026-07-17 09:30,742.08,747.27,740.81,746.33,1599275
1784298600,2026-07-17 10:30,746.37,746.79,743.94,745.4,700611
1784302200,2026-07-17 11:30,745.45,747.12,744.46,745.94,576899
1784305800,2026-07-17 12:30,745.9,747.26,745.54,746.85,521150
1784309400,2026-07-17 13:30,746.87,746.99,743.24,743.71,587861
1784313000,2026-07-17 14:30,743.65,744.64,742.14,743.149,600557
1784316600,2026-07-17 15:30,743.17,744.39,742.6,743.21,962305
1784554200,2026-07-20 09:30,747.06,748.73,744.269,745.68,983717
1784557800,2026-07-20 10:30,745.67,745.98,743.69,745.87,569736
1784561400,2026-07-20 11:30,745.89,747,745.11,746.5,480728
1784565000,2026-07-20 12:30,746.49,746.77,743.57,744.12,669303
1784568600,2026-07-20 13:30,744.14,745.38,743.58,744.48,543085
1784572200,2026-07-20 14:30,744.49,744.49,741.52,742.73,912430
1784575800,2026-07-20 15:30,742.75,743.35,741.62,742.13,1004895
1784640600,2026-07-21 09:30,746.3,746.97,744.18,746.87,790682
1784644200,2026-07-21 10:30,746.85,748.01,745.78,748.01,432649
1784647800,2026-07-21 11:30,747.98,748.749,747.42,748.66,400880
1784651400,2026-07-21 12:30,748.65,749.04,748.25,748.36,284053
1784655000,2026-07-21 13:30,748.36,748.92,748.07,748.21,386545
1784658600,2026-07-21 14:30,748.23,748.62,747.95,748.26,376412
1784662200,2026-07-21 15:30,748.27,748.68,748.09,748.33,660550
1784727000,2026-07-22 09:30,746.66,749.38,746.39,747.27,665780
1784730600,2026-07-22 10:30,747.28,749.67,746.69,749.42,530957
1784734200,2026-07-22 11:30,749.43,750.02,748.76,749.87,285422
1784737800,2026-07-22 12:30,749.85,750,748.95,749.05,385054
1784741400,2026-07-22 13:30,749.05,749.41,748.01,748.49,436146
1784745000,2026-07-22 14:30,748.49,748.59,747.65,748,403496
1784748600,2026-07-22 15:30,748,748.3,747.31,747.31,785382
1784813400,2026-07-23 09:30,739.37,742.56,738.48,739.87,1295316
1784817000,2026-07-23 10:30,739.74,740.62,735.81,735.92,991948
1784820600,2026-07-23 11:30,735.91,739.65,735.21,739.43,824924
1784824200,2026-07-23 12:30,739.45,739.72,737.76,738.76,527229
1784827800,2026-07-23 13:30,738.74,738.79,736.81,737.42,336090
1784831400,2026-07-23 14:30,737.41,737.9,736.47,737.49,503167
1784835000,2026-07-23 15:30,737.5,738.63,735.73,738.15,1346920
1784899800,2026-07-24 09:30,738.49,739.95,737.33,739.23,899532
1784903400,2026-07-24 10:30,739.18,743.13,737.43,742.59,731592
1784907000,2026-07-24 11:30,742.61,743.72,742,743.19,360552
1784910600,2026-07-24 12:30,743.17,743.19,740.25,741.71,419802
1784914200,2026-07-24 13:30,741.81,742.16,739,739.05,385664
1784917800,2026-07-24 14:30,739.02,739.16,737.3,737.65,829075
1784921400,2026-07-24 15:30,737.74,739.1,737.64,738.85,950463
1785159000,2026-07-27 09:30,744.89,745.53,738.2,738.28,1082441
1785162600,2026-07-27 10:30,738.33,740.34,736.55,738.3,805436
1785166200,2026-07-27 11:30,738.269,739.67,736.33,738.69,476723
1785169800,2026-07-27 12:30,738.72,739.34,735.85,736.2,337992
1785173400,2026-07-27 13:30,736.22,737.97,736.2,737.63,308479
1785177000,2026-07-27 14:30,737.635,739.76,736.61,739.65,524460
1785180600,2026-07-27 15:30,739.64,739.83,738.5,739.05,735715
1785245400,2026-07-28 09:30,739.2,739.47,736,737.71,1275706
1785249000,2026-07-28 10:30,737.72,741.91,737.15,741.2,704511
1785252600,2026-07-28 11:30,741.19,742.45,741,741.21,365791
1785256200,2026-07-28 12:30,741.23,742.79,740.92,741.3,363828
1785259800,2026-07-28 13:30,741.31,741.92,740.42,740.59,350404
1785263400,2026-07-28 14:30,740.59,741.96,740.51,741.66,428428
1785267000,2026-07-28 15:30,741.71,741.72,740.43,740.77,936771
1785331800,2026-07-29 09:30,739.97,740.36,734.26,734.95,934571
1785335400,2026-07-29 10:30,734.915,735.84,733.78,734.44,816583
1785339000,2026-07-29 11:30,734.42,734.99,731.73,733.85,634461
1785342600,2026-07-29 12:30,733.81,737.27,732.88,735.76,527152
1785346200,2026-07-29 13:30,735.75,739.55,735.28,737.34,810807
1785349800,2026-07-29 14:30,737.36,742.67,734.28,735.14,1371209
1785353400,2026-07-29 15:30,735.24,735.74,729.1,729.52,2653028
1785418200,2026-07-30 09:30,736.02,739.3,734.64,738.62,1631607
1785421800,2026-07-30 10:30,738.66,739.12,734.6,734.82,900720
1785425400,2026-07-30 11:30,734.81,739.22,734.68,738.76,506527
1785429000,2026-07-30 12:30,738.76,740.231,737.77,739.76,442832
1785432600,2026-07-30 13:30,739.79,740.43,739.25,740.38,370280
1785436200,2026-07-30 14:30,740.4,742.45,740,741.78,628331
1785439800,2026-07-30 15:30,741.77,742.1,741.01,741.72,1296776
1785504600,2026-07-31 09:30,744.68,746.31,737.66,740.49,1612258
1785508200,2026-07-31 10:30,740.49,743.09,740.09,740.29,647573
1785511800,2026-07-31 11:30,740.29,744.42,739.84,744.4,487769
1785515400,2026-07-31 12:30,744.43,746.41,743.99,746.28,372227
1785519000,2026-07-31 13:30,746.3,746.5,745.18,746.02,435067
1785522600,2026-07-31 14:30,746.12,747.915,745.68,747.48,800403
1785526200,2026-07-31 15:30,747.49,748.9,746.36,746.77,1207312
1785763800,2026-08-03 09:30,749.39,754.78,749.13,754.5,1409477
1785767400,2026-08-03 10:30,754.52,755.7,754.31,755.13,964252
1785771000,2026-08-03 11:30,755.12,756.59,755.1,756.56,598047
1785774600,2026-08-03 12:30,756.56,757.16,755.98,757.08,484110
1785778200,2026-08-03 13:30,757.08,758.33,757.01,757.57,707387
1785781800,2026-08-03 14:30,757.58,758.58,757.35,758.34,642302
1785785400,2026-08-03 15:30,758.36,758.51,757.44,757.67,1119210
1785850200,2026-08-04 09:30,760.58,765.37,760.52,764.5,1390547
1785853800,2026-08-04 10:30,764.49,767.86,764.1,767.35,999976
1785857400,2026-08-04 11:30,767.34,769.34,767.18,769.22,821927
1785861000,2026-08-04 12:30,769.23,771.61,769.02,771.28,874448
1785864600,2026-08-04 13:30,771.29,773.09,770.97,772.36,803316
1785868200,2026-08-04 14:30,772.39,773.12,771.41,772.32,869933
1785871800,2026-08-04 15:30,772.31,773.41,770.97,771.24,1387443
1785936600,2026-08-05 09:30,775.84,776.81,774.38,774.79,868406
1785940200,2026-08-05 10:30,774.78,775.02,771,771.73,763895
1785943800,2026-08-05 11:30,771.7,772.52,769.91,772.1,707606
1785947400,2026-08-05 12:30,772.12,772.22,771.01,771.34,440589
1785951000,2026-08-05 13:30,771.33,772.25,771.08,771.94,315679
1785954600,2026-08-05 14:30,771.93,771.99,771.21,771.79,502179
1785958200,2026-08-05 15:30,771.79,771.89,769.51,769.77,644682
1786023000,2026-08-06 09:30,770.16,771.81,769.07,770.44,548826
1786026600,2026-08-06 10:30,770.45,771.21,768.63,769.24,466823
1786030200,2026-08-06 11:30,769.24,769.77,767.46,768.25,690995
1786033800,2026-08-06 12:30,768.26,769.18,767.81,767.81,429956
1786037400,2026-08-06 13:30,767.82,769.72,767.72,769.43,515158
1786041000,2026-08-06 14:30,769.43,769.79,768.515,768.67,556653
1786044600,2026-08-06 15:30,768.66,769,767.71,768.53,759890
1786109400,2026-08-07 09:30,771.01,773.29,769.62,773.17,874158
1786113000,2026-08-07 10:30,773.16,773.89,771.71,773.64,522281
1786116600,2026-08-07 11:30,773.68,773.91,771.34,771.71,473732
1786120200,2026-08-07 12:30,771.74,772.86,771.05,772.11,370235
1786123800,2026-08-07 13:30,772.11,772.46,771.45,771.48,390800
1786127400,2026-08-07 14:30,771.48,773.43,770.89,773.08,551238
1786131000,2026-08-07 15:30,773.09,773.79,772.52,773.14,952350
1786368600,2026-08-10 09:30,772.62,774.45,772.5,774.35,790840
1786372200,2026-08-10 10:30,774.355,775.03,773.31,773.73,512908
1786375800,2026-08-10 11:30,773.73,774.43,773.17,773.385,350873
1786379400,2026-08-10 12:30,773.37,773.48,771.62,773.11,525410
1786383000,2026-08-10 13:30,773.11,773.27,772.5,772.53,343940
1786386600,2026-08-10 14:30,772.52,773.44,772.33,772.93,512403
1786390200,2026-08-10 15:30,772.94,773.29,772.315,773.05,724718
1786455000,2026-08-11 09:30,774.52,774.54,772.59,773.9,598289
1786458600,2026-08-11 10:30,773.88,774.03,772.21,772.41,401932
1786462200,2026-08-11 11:30,772.42,772.56,771.39,771.819,466757
1786465800,2026-08-11 12:30,771.82,772.01,770.26,770.85,386244
1786469400,2026-08-11 13:30,770.85,771.35,769.2,769.51,438989
1786473000,2026-08-11 14:30,769.53,770.69,769.53,770.62,396472
1786476600,2026-08-11 15:30,770.63,771.1,769.8,770.45,520061
1786541400,2026-08-12 09:30,774.71,774.9,771.88,772.78,864000
1786545000,2026-08-12 10:30,772.77,773.19,771.25,772.36,455274
1786548600,2026-08-12 11:30,772.38,772.68,771.57,772.46,304668
1786552200,2026-08-12 12:30,772.46,773.29,772.18,772.82,369326
1786555800,2026-08-12 13:30,772.83,773.3,772.65,773.08,296265
1786559400,2026-08-12 14:30,773.11,773.63,772.81,772.97,353713
1786563000,2026-08-12 15:30,772.97,773.02,772,772.52,486865
1786627800,2026-08-13 09:30,774.89,779.24,774.12,779.21,841791
1786631400,2026-08-13 10:30,779.19,779.37,775.94,776.16,649100
1786635000,2026-08-13 11:30,776.17,776.51,775.39,776.51,423342
1786638600,2026-08-13 12:30,776.53,777.47,776.21,777.1,290469
1786642200,2026-08-13 13:30,777.11,777.24,776.62,776.98,281323
1786645800,2026-08-13 14:30,776.99,778.42,776.99,778.03,509430
1786649400,2026-08-13 15:30,778.02,778.24,777.35,777.78,877689
1786714200,2026-08-14 09:30,778.53,778.8,777.13,777.41,593951
1786717800,2026-08-14 10:30,777.41,777.48,775.865,776.29,463975
1786721400,2026-08-14 11:30,776.3,776.82,775.81,776.69,403310
1786725000,2026-08-14 12:30,776.69,776.73,775.63,775.77,304128
1786728600,2026-08-14 13:30,775.78,776.335,775.43,775.92,290926
1786732200,2026-08-14 14:30,775.93,776.49,775.82,776.15,373879
1786735800,2026-08-14 15:30,776.155,776.42,775.92,776.35,493143
1786973400,2026-08-17 09:30,776.18,776.77,775,775.47,540185
1786977000,2026-08-17 10:30,775.45,775.86,774.89,775.715,448435
1786980600,2026-08-17 11:30,775.715,775.81,774.71,775.29,407011
1786984200,2026-08-17 12:30,775.3,775.4,773.47,773.58,516586
1786987800,2026-08-17 13:30,773.57,773.85,773.1,773.58,621092
1786991400,2026-08-17 14:30,773.61,773.83,773.13,773.13,605417
1786995000,2026-08-17 15:30,773.13,773.35,772.51,772.66,1338811
1787059800,2026-08-18 09:30,768.68,769.5,767.64,768.66,1212091
1787063400,2026-08-18 10:30,768.64,769.25,767.33,767.859,628951
1787067000,2026-08-18 11:30,767.84,768.87,767.6,768.21,354493
1787070600,2026-08-18 12:30,768.205,768.87,768.08,768.31,323181
1787074200,2026-08-18 13:30,768.29,768.565,767.45,768.36,354461
1787077800,2026-08-18 14:30,768.37,768.43,767.56,768.02,449824
1787081400,2026-08-18 15:30,768.02,768.21,766.92,767.38,1221448
1787146200,2026-08-19 09:30,770.35,770.63,768.1,770.02,865111
1787149800,2026-08-19 10:30,770.02,772.47,769.825,771.09,525814
1787153400,2026-08-19 11:30,771.11,771.98,770.07,770.675,438727
1787157000,2026-08-19 12:30,770.65,770.76,769.02,769.57,393167
1787160600,2026-08-19 13:30,769.6,770.55,768.96,769.57,355929
1787164200,2026-08-19 14:30,769.565,770.09,769.43,769.63,461446
1787167800,2026-08-19 15:30,769.67,770.38,768.2,769.08,1095211
1787232600,2026-08-20 09:30,765.94,767.74,765.35,766.24,969177
1787236200,2026-08-20 10:30,766.205,768.15,765.96,766.73,706955
1787239800,2026-08-20 11:30,766.74,766.87,765.22,765.75,493493
1787243400,2026-08-20 12:30,765.74,766.63,764.71,764.78,533254
1787247000,2026-08-20 13:30,764.79,765.02,763.15,763.56,599946
1787250600,2026-08-20 14:30,763.565,763.84,763.18,763.49,708020
1787254200,2026-08-20 15:30,763.49,763.65,762.04,762.63,1534727
1787319000,2026-08-21 09:30,766.05,766.1,764.18,764.65,807586
1787322600,2026-08-21 10:30,764.649,766.41,764.22,765.94,502289
1787326200,2026-08-21 11:30,765.95,767.84,765.82,766.5,502539
1787329800,2026-08-21 12:30,766.51,766.56,765.71,765.8,343642
1787333400,2026-08-21 13:30,765.82,765.9,765.26,765.29,298685
1787337000,2026-08-21 14:30,765.27,766.36,765.06,766.04,420771
1787340600,2026-08-21 15:30,766.06,766.8,765.355,765.64,775837
1787578200,2026-08-24 09:30,764.779,764.81,762.08,762.94,857241
1787581800,2026-08-24 10:30,762.92,764.11,762.37,763.76,459881
1787585400,2026-08-24 11:30,763.74,765.23,763.4,764.9,501740
1787589000,2026-08-24 12:30,764.909,764.98,763.34,763.39,432108
1787592600,2026-08-24 13:30,763.39,764.84,763.05,764.82,428905
1787596200,2026-08-24 14:30,764.8,765.12,763.81,763.99,371157
1787599800,2026-08-24 15:30,763.98,764.24,763.36,763.48,668988
1787664600,2026-08-25 09:30,766.17,766.77,764.69,764.7,632814
1787668200,2026-08-25 10:30,764.7,765.39,763.07,765.36,566825
1787671800,2026-08-25 11:30,765.32,765.85,764.6,765.75,444431
1787675400,2026-08-25 12:30,765.75,765.95,764.64,764.82,352109
1787679000,2026-08-25 13:30,764.83,765.16,764.73,764.97,286188
1787682600,2026-08-25 14:30,764.99,765.87,764.88,765.17,485653
1787686200,2026-08-25 15:30,765.17,766.22,765.02,765.86,586694
1787751000,2026-08-26 09:30,764.655,766.96,764.655,765.11,480085
1787754600,2026-08-26 10:30,765.03,766.47,764.93,765.85,399998
1787758200,2026-08-26 11:30,765.84,766.3,764.73,764.8,371812
1787761800,2026-08-26 12:30,764.78,765.72,763.93,765.65,374481
1787765400,2026-08-26 13:30,765.65,765.98,765.36,765.61,277167
1787769000,2026-08-26 14:30,765.57,767.34,765.53,766.89,521219
1787772600,2026-08-26 15:30,766.9,767.21,765.49,765.95,727952
1787837400,2026-08-27 09:30,768.46,769.88,767.16,769.69,1016436
1787841000,2026-08-27 10:30,769.68,771.1,769.08,770.31,375442
1787844600,2026-08-27 11:30,770.29,770.97,769.4,770.89,360634
1787848200,2026-08-27 12:30,770.89,772.35,770.83,771.75,319500
1787851800,2026-08-27 13:30,771.75,772.07,769.26,769.44,425561
1787855400,2026-08-27 14:30,769.49,770.26,769.18,769.95,492551
1787859000,2026-08-27 15:30,769.97,771.36,769.87,771.04,687398
1787923800,2026-08-28 09:30,771.77,773.11,769.78,771.3,668590
1787927400,2026-08-28 10:30,771.3,775.3,770.9,774.95,676205
1787931000,2026-08-28 11:30,774.97,774.99,769.18,769.6,740757
1787934600,2026-08-28 12:30,769.6,770.66,768.31,768.83,493183
1787938200,2026-08-28 13:30,768.82,769.8,768.6,769.05,303071
1787941800,2026-08-28 14:30,769.07,769.59,768.31,769.49,423252
1787945400,2026-08-28 15:30,769.51,769.88,769.02,769.38,821653
1788183000,2026-08-31 09:30,767.29,767.61,764.73,764.94,714180
1788186600,2026-08-31 10:30,764.92,766.44,764.81,765.94,386653
1788190200,2026-08-31 11:30,765.93,766.34,764.98,765.9,341976
1788193800,2026-08-31 12:30,765.92,766.06,765.19,765.42,275161
1788197400,2026-08-31 13:30,765.44,766.84,765.17,766.31,316491
1788201000,2026-08-31 14:30,766.29,766.73,765.05,766.635,445579
1788204600,2026-08-31 15:30,766.62,768,766.18,766.95,1934477
1788269400,2026-09-01 09:30,762.04,764,761.17,763.76,712314
1788273000,2026-09-01 10:30,763.77,764.545,762.69,763.6,494794
1788276600,2026-09-01 11:30,763.59,764.67,762.29,762.55,515943
1788280200,2026-09-01 12:30,762.54,762.63,760.78,761.68,532416
1788283800,2026-09-01 13:30,761.68,762.23,761.07,761.22,423242
1788287400,2026-09-01 14:30,761.19,761.61,759.48,761.375,659974
1788291000,2026-09-01 15:30,761.36,761.76,760.58,761.64,949428
1788355800,2026-09-02 09:30,762.45,765.571,761.7,765.29,744230
1788359400,2026-09-02 10:30,765.26,766.39,764.94,766.28,449139
1788363000,2026-09-02 11:30,766.31,766.42,764.69,764.845,318865
1788366600,2026-09-02 12:30,764.87,765.47,764.46,764.72,245596
1788370200,2026-09-02 13:30,764.74,766.1,764.35,765.32,403234
1788373800,2026-09-02 14:30,765.34,765.52,764.58,765.48,483174
1788377400,2026-09-02 15:30,765.48,765.49,764.755,765.14,598533
1788442200,2026-09-03 09:30,767.87,770.045,767.53,768.7,1042147
1788445800,2026-09-03 10:30,768.67,772.95,767.46,772.93,927515
1788449400,2026-09-03 11:30,772.95,773.32,772.22,772.46,578029
1788453000,2026-09-03 12:30,772.43,773.23,772.12,772.66,309193
1788456600,2026-09-03 13:30,772.67,774.03,772.65,773.74,445554
1788460200,2026-09-03 14:30,773.75,773.9,773.13,773.41,577635
1788463800,2026-09-03 15:30,773.4,773.55,772.69,773.12,1062145
1788528600,2026-09-04 09:30,772,772.87,770.77,771.2,773931
1788532200,2026-09-04 10:30,771.22,771.29,769.05,769.44,471923
1788535800,2026-09-04 11:30,769.45,771.16,769,770.66,317645
1788539400,2026-09-04 12:30,770.65,771.32,769.81,769.86,286533
1788543000,2026-09-04 13:30,769.84,769.99,769.13,769.88,335276
1788546600,2026-09-04 14:30,769.89,770.38,769.59,770.01,394152
1788550200,2026-09-04 15:30,769.97,770.48,769.64,770.24,916014
1788874200,2026-09-08 09:30,769.07,769.69,765.99,766.7,829579
1788877800,2026-09-08 10:30,766.7,768.35,766.445,767.83,498271
1788881400,2026-09-08 11:30,767.8,768.07,766.81,767.1,407912
1788885000,2026-09-08 12:30,767.11,768.12,766.55,767.49,357473
1788888600,2026-09-08 13:30,767.49,767.889,767.315,767.76,295658
1788892200,2026-09-08 14:30,767.78,767.79,765.68,766.985,583485
1788895800,2026-09-08 15:30,766.97,767.15,765.15,765.98,1302611
1788960600,2026-09-09 09:30,764.09,764.38,762.49,763.98,680745
1788964200,2026-09-09 10:30,763.97,764.47,760.94,761.54,600252
1788967800,2026-09-09 11:30,761.57,763.1,761.31,761.63,421469
1788971400,2026-09-09 12:30,761.62,763.29,761.6,762.92,360248
1788975000,2026-09-09 13:30,762.93,763.32,762.295,762.85,325467
1788978600,2026-09-09 14:30,762.83,763.39,762.59,763.11,421984
1788982200,2026-09-09 15:30,763.1,763.21,762.1,762.38,888187
1789047000,2026-09-10 09:30,758.03,760.11,756.63,758.71,1356644
1789050600,2026-09-10 10:30,758.72,759.58,758.43,759.2,645590
1789054200,2026-09-10 11:30,759.265,759.97,757.8,758.05,438475
1789057800,2026-09-10 12:30,758.08,759.85,757.26,758.6,486329
1789061400,2026-09-10 13:30,758.58,758.77,757.46,757.7,346933
1789065000,2026-09-10 14:30,757.655,758.39,757.25,757.635,566945
1789068600,2026-09-10 15:30,757.61,758.28,757.44,757.9,869608
1789133400,2026-09-11 09:30,764.71,766.37,764.23,765.73,1041217
1789137000,2026-09-11 10:30,765.73,766.23,763.6,765.99,609152
1789140600,2026-09-11 11:30,765.98,766.27,764.87,764.91,477970
1789144200,2026-09-11 12:30,764.94,766.32,764.81,765.98,377167
1789147800,2026-09-11 13:30,765.99,766.25,765.14,765.41,453212
1789151400,2026-09-11 14:30,765.4,765.58,764.56,765.03,411845
1789155000,2026-09-11 15:30,765.04,765.13,764.04,764.18,1136079
1789392600,2026-09-14 09:30,759.01,761.1,758.23,758.84,941690
1789396200,2026-09-14 10:30,758.82,759.88,757.94,759.6,698019
1789399800,2026-09-14 11:30,759.57,762.6,759.45,762.02,723725
1789403400,2026-09-14 12:30,762.01,763.52,761.84,762.71,395589
1789407000,2026-09-14 13:30,762.715,762.86,761.91,762,281153
1789410600,2026-09-14 14:30,762.05,762.7,761.62,761.72,504612
1789414200,2026-09-14 15:30,761.73,761.93,760.66,760.76,1001118
1789479000,2026-09-15 09:30,760.11,760.36,757.19,757.49,680378
1789482600,2026-09-15 10:30,757.47,757.63,756.15,757.48,744023
1789486200,2026-09-15 11:30,757.49,757.87,756.63,757.59,478350
1789489800,2026-09-15 12:30,757.56,758.06,756.61,756.88,352130
1789493400,2026-09-15 13:30,756.87,757.94,756.82,757.66,314933
1789497000,2026-09-15 14:30,757.64,757.65,756.74,756.98,383728
1789500600,2026-09-15 15:30,756.97,757.46,756.51,757.42,800441
1789565400,2026-09-16 09:30,759.5,760.43,758.73,759,561806
1789569000,2026-09-16 10:30,758.98,761.03,758.8,760.35,481290
1789572600,2026-09-16 11:30,760.37,761.67,759.89,760.14,342064
1789576200,2026-09-16 12:30,760.135,760.21,759.27,759.93,208213
1789579800,2026-09-16 13:30,759.94,761.22,758.78,759.69,662297
1789583400,2026-09-16 14:30,759.65,760.21,749.6,751.24,1858201
1789587000,2026-09-16 15:30,751.23,754.37,751.12,754.095,1296232
1789651800,2026-09-17 09:30,763.1,763.39,759.97,761.68,1125429
1789655400,2026-09-17 10:30,761.68,762.22,760.36,761.57,540408
1789659000,2026-09-17 11:30,761.6,762.63,761.49,762.52,397522
1789662600,2026-09-17 12:30,762.51,762.8,761.62,762.03,401345
1789666200,2026-09-17 13:30,762.06,762.95,761.91,762.7,452043
1789669800,2026-09-17 14:30,762.73,763.05,762.14,762.61,677105
1789673400,2026-09-17 15:30,762.64,763.57,762.43,762.64,1137669
1789738200,2026-09-18 09:30,761.31,761.76,758.76,759.37,1095663
1789741800,2026-09-18 10:30,759.32,760.06,758.86,759.98,410938
1789745400,2026-09-18 11:30,760,760.08,757.97,758.76,493045
1789749000,2026-09-18 12:30,758.76,759.58,758.57,759.4,317517
1789752600,2026-09-18 13:30,759.4,760.61,759.22,760.48,460275
1789756200,2026-09-18 14:30,760.49,761.83,760.24,760.87,458884
1789759800,2026-09-18 15:30,760.87,761.99,760.68,761.64,1246011
1789997400,2026-09-21 09:30,766.28,769.29,766.04,769.04,1023852
1790001000,2026-09-21 10:30,769.01,770.17,768.73,769.87,891955
1790004600,2026-09-21 11:30,769.86,772.05,769.81,771.84,691716
1790008200,2026-09-21 12:30,771.84,772.98,771.8,772.81,613026
1790011800,2026-09-21 13:30,772.82,773.985,772.24,773.85,602383
1790015400,2026-09-21 14:30,773.9,774.62,773.59,774.1,780781
1790019000,2026-09-21 15:30,774.11,774.9,773.41,773.52,1239526
1790083800,2026-09-22 09:30,773.98,775.14,773.5,773.54,795881
1790087400,2026-09-22 10:30,773.54,774.4,772.97,773.34,459985
1790091000,2026-09-22 11:30,773.33,773.4,772.57,772.91,421908
1790094600,2026-09-22 12:30,772.93,773.71,772.795,773.58,276809
1790098200,2026-09-22 13:30,773.561,774.41,773.1,774.13,429327
1790101800,2026-09-22 14:30,774.14,774.49,773.67,774.39,451126
1790105400,2026-09-22 15:30,774.365,774.94,773.31,773.43,920085
1790170200,2026-09-23 09:30,772.8,773.03,768.38,768.86,935057
1790173800,2026-09-23 10:30,768.85,770.57,768.69,769.02,842648
1790177400,2026-09-23 11:30,769.02,769.27,768.14,768.43,518074
1790181000,2026-09-23 12:30,768.42,768.73,766.5,767.27,564627
1790184600,2026-09-23 13:30,767.24,769.04,767.07,768.28,550337
1790188200,2026-09-23 14:30,768.3,768.36,767.43,767.65,537011
1790191800,2026-09-23 15:30,767.675,768.15,766.57,767.78,1389085
1790256600,2026-09-24 09:30,764.02,766.42,763.62,766.04,736929
1790260200,2026-09-24 10:30,766.08,766.14,763.25,763.62,627169
1790263800,2026-09-24 11:30,763.63,768.4,763.4,767.165,622988
1790267400,2026-09-24 12:30,767.165,768.93,766.4,767.22,742551
1790271000,2026-09-24 13:30,767.22,768.025,765.62,767.58,491920
1790274600,2026-09-24 14:30,767.6,768.37,766.9,767.57,457880
1790278200,2026-09-24 15:30,767.58,768.15,767.26,767.28,987800
1790343000,2026-09-25 09:30,768.78,770.31,766.3,767.4,926197
1790346600,2026-09-25 10:30,767.4,769.81,767.23,768.74,461698
1790350200,2026-09-25 11:30,768.75,771.98,767.45,771.541,827793
1790353800,2026-09-25 12:30,771.55,771.73,770.14,771.27,521266
1790357400,2026-09-25 13:30,771.29,771.5,770.43,770.88,299389
1790361000,2026-09-25 14:30,770.9,771.34,770.18,770.33,443055
1790364600,2026-09-25 15:30,770.34,772.28,770.21,771.3,747924
1790602200,2026-09-28 09:30,768.38,768.61,766.97,767.49,852909
1790605800,2026-09-28 10:30,767.44,767.46,763.73,765.07,809925
1790609400,2026-09-28 11:30,765.08,769.55,764.66,768.71,602569
1790613000,2026-09-28 12:30,768.7,769.29,766.47,767.06,672135
1790616600,2026-09-28 13:30,767.04,767.56,766.69,766.89,337005
1790620200,2026-09-28 14:30,766.89,767.3,765.63,765.99,569622
1790623800,2026-09-28 15:30,766,766.05,764.83,765.5,1123965
1790688600,2026-09-29 09:30,766.83,766.94,764.6,765.31,716882
1790692200,2026-09-29 10:30,765.3,765.75,762.57,762.92,514220
1790695800,2026-09-29 11:30,762.98,764.29,762.65,763.4,465268
1790699400,2026-09-29 12:30,763.39,763.49,762.36,763.08,300027
1790703000,2026-09-29 13:30,763.09,764.39,762.39,763.97,417019
1790706600,2026-09-29 14:30,763.96,765.3,763.57,764.57,547707
1790710200,2026-09-29 15:30,764.59,764.82,763.76,764.29,873686
1790775000,2026-09-30 09:30,766.46,769.16,766.06,767.855,736601
1790778600,2026-09-30 10:30,767.87,769.45,767.25,768.73,485858
1790782200,2026-09-30 11:30,768.77,769.24,767.88,768.05,427344
1790785800,2026-09-30 12:30,768.07,768.51,766.26,766.97,312187
1790789400,2026-09-30 13:30,766.99,767.95,766.31,766.76,404080
1790793000,2026-09-30 14:30,766.76,766.97,766.01,766.34,514374
1790796600,2026-09-30 15:30,766.335,766.45,762.21,762.41,2616511
1790861400,2026-10-01 09:30,764.33,765.33,759.72,760.5,1144504
1790865000,2026-10-01 10:30,760.44,762.18,758.8,760.38,770968
1790868600,2026-10-01 11:30,760.42,761.75,759.25,761.27,488328
1790872200,2026-10-01 12:30,761.29,763.955,760.3,763.66,656387
1790875800,2026-10-01 13:30,763.69,765.31,762.219,764.12,984785
1790879400,2026-10-01 14:30,764.14,765.15,763.74,764.51,428665
1790883000,2026-10-01 15:30,764.51,765.65,763.47,764.02,758758
1790947800,2026-10-02 09:30,770.58,772.49,769.07,772.05,1387151
1790951400,2026-10-02 10:30,772.09,772.65,767.15,768.78,1108423
1790955000,2026-10-02 11:30,768.8,769.9,768.17,768.96,849072
1790958600,2026-10-02 12:30,768.98,770.06,768.33,768.5,360157
1790962200,2026-10-02 13:30,768.48,769.47,768.42,768.99,311350
1790965800,2026-10-02 14:30,768.97,769.6,768.75,769.34,402033
1790969400,2026-10-02 15:30,769.35,770.07,769.17,769.615,1173738
1791207000,2026-10-05 09:30,769.64,772.96,769.63,772.68,1082166
1791210600,2026-10-05 10:30,772.68,772.95,771.68,772.85,488323
1791214200,2026-10-05 11:30,772.85,773.69,772.83,773.6,549867
1791217800,2026-10-05 12:30,773.62,774.54,773.51,774.36,448568
1791221400,2026-10-05 13:30,774.36,775.34,774.13,775.155,438766
1791225000,2026-10-05 14:30,775.15,776.6,774.99,776.11,741893
1791228600,2026-10-05 15:30,776.1,776.1,773.99,774.945,1324045
1791293400,2026-10-06 09:30,778.15,780.67,777.96,778.86,1018276
1791297000,2026-10-06 10:30,778.86,781.62,778.56,781.34,547897
1791300600,2026-10-06 11:30,781.335,781.49,780.25,780.3,503100
1791304200,2026-10-06 12:30,780.32,780.56,778.9,779.7,399825
1791307800,2026-10-06 13:30,779.7,780.35,779.53,779.8,353221
1791311400,2026-10-06 14:30,779.8,780.29,779.62,779.71,441193
1791315000,2026-10-06 15:30,779.71,779.85,779.02,779.15,722489
