t,et,o,h,l,c,v
1163773800,2006-11-17 09:30,37.03999,37.67,36.67,37.35001,672900
1164033000,2006-11-20 09:30,37.86,38.17,37.2542,37.32001,343900
1164119400,2006-11-21 09:30,37.89,38.74001,37.87,38.69,845400
1164205800,2006-11-22 09:30,39.10001,39.5164,38.59,38.84,463300
1164378600,2006-11-24 09:30,39.92999,40.21001,39.64999,39.89999,589200
1164637800,2006-11-27 09:30,40.28999,40.45,39.86,39.96001,545700
1164724200,2006-11-28 09:30,39.99001,40.39999,39.7,40.39999,817000
1164810600,2006-11-29 09:30,40.19,40.53,40.03419,40.53,597700
1164897000,2006-11-30 09:30,41.17,41.98,41.03,41.98,1056400
1164983400,2006-12-01 09:30,41.85001,41.98959,41.22,41.53999,1057600
1165242600,2006-12-04 09:30,41.74001,42.12,41.21001,42.09,837800
1165329000,2006-12-05 09:30,42.10001,42.32001,41.24001,41.58,960500
1165415400,2006-12-06 09:30,40.96001,41.6344,40.8,40.91,804600
1165501800,2006-12-07 09:30,41.07001,41.49001,40.22,41.25,962500
1165588200,2006-12-08 09:30,41.55,41.62,40.3,40.5,790400
1165847400,2006-12-11 09:30,40.45,41.07001,40.45,40.83,518300
1165933800,2006-12-12 09:30,40.53999,40.7,39.842,40.36,873400
1166020200,2006-12-13 09:30,40.25,40.57001,39.83,40.39999,584700
1166106600,2006-12-14 09:30,40.42999,40.7,40.17,40.55,1725200
1166193000,2006-12-15 09:30,40.58,40.789,39.50999,39.75999,998800
1166452200,2006-12-18 09:30,39.73,39.89,39.19,39.32001,729500
1166538600,2006-12-19 09:30,39.3,40.42,39.3,40.42,851600
1166625000,2006-12-20 09:30,40.42,40.45,39.5,39.67999,1064200
1166711400,2006-12-21 09:30,39.53999,39.57001,38.61,39,1078700
1166797800,2006-12-22 09:30,38.95,38.95,38.30769,38.69,611300
1167143400,2006-12-26 09:30,39.25,39.66,38.87,39.03,439800
1167229800,2006-12-27 09:30,39.47,39.78999,39.27,39.78999,307800
1167316200,2006-12-28 09:30,40.05,40.35001,39.88,40.17,405000
1167402600,2006-12-29 09:30,40,40,39.55,39.91,548200
1167834600,2007-01-03 09:30,40.19,40.23,38.11,38.42999,950300
1167921000,2007-01-04 09:30,38.10001,38.24001,37.53,37.72,680300
1168007400,2007-01-05 09:30,36.89,37.3356,36.64999,37.21001,1869400
1168266600,2007-01-08 09:30,37.3,37.4388,36.77,37.3,946000
1168353000,2007-01-09 09:30,36.75,37.2,36.25,37.05,742800
1168439400,2007-01-10 09:30,36.27,36.8,36.19,36.61,622700
1168525800,2007-01-11 09:30,36.77,37.4646,36.69,36.92999,1044200
1168612200,2007-01-12 09:30,37.05,37.96001,36.95,37.89999,695700
1168957800,2007-01-16 09:30,37.97,38,37.25,37.52,472200
1169044200,2007-01-17 09:30,37.52,38.02,37.36,37.7,703000
1169130600,2007-01-18 09:30,37.96001,38.24001,36.85001,36.97,729900
1169217000,2007-01-19 09:30,37.2,37.7,36.99001,37.53,484200
1169476200,2007-01-22 09:30,37.58,37.89,37.00999,37.27,534600
1169562600,2007-01-23 09:30,38.2,39.10001,38.06,39.10001,1457200
1169649000,2007-01-24 09:30,38.82001,39.56,38.3389,39.56,704800
1169735400,2007-01-25 09:30,39.81,40.10001,38.87,39.11,1179800
1169821800,2007-01-26 09:30,39.10001,39.24001,38.5,39.2,445100
1170081000,2007-01-29 09:30,38.82001,39.28999,38.3701,38.55,1024700
1170167400,2007-01-30 09:30,38.8,39.07001,38.55,38.97,530200
1170253800,2007-01-31 09:30,38.97,39.78,38.961,39.60001,643000
1170340200,2007-02-01 09:30,40.14,40.42,39.83,39.85001,700600
1170426600,2007-02-02 09:30,39.33,39.5,38.95,39.3172,640900
1170685800,2007-02-05 09:30,39.60001,39.6344,39.25,39.48,206400
1170772200,2007-02-06 09:30,39.91,40.02,39.41991,39.73,260900
1170858600,2007-02-07 09:30,39.55,39.89999,39.13,39.31,391900
1170945000,2007-02-08 09:30,39.3,40.25999,39.07001,40.25999,920300
1171031400,2007-02-09 09:30,40.42,40.81,39.92,40.11,917900
1171290600,2007-02-12 09:30,39.94,40.32001,39.41,39.61,434118
1171377000,2007-02-13 09:30,40.23,40.37,40.02,40.23,363288
1171463400,2007-02-14 09:30,40.60001,40.96001,40.3401,40.89,473101
1171549800,2007-02-15 09:30,40.89999,41.2,40.66,41.2,446300
1171636200,2007-02-16 09:30,40.8,41.02699,40.71001,40.94,368100
1171981800,2007-02-20 09:30,40.32001,40.3799,39.85001,40.08,853400
1172068200,2007-02-21 09:30,40.32001,41.81,40.14999,41.57001,1071000
1172154600,2007-02-22 09:30,42,42.23,41.56,41.8,660900
1172241000,2007-02-23 09:30,42.39999,43.32001,41.75999,41.83,1077200
1172500200,2007-02-26 09:30,42.32001,42.49001,41.89999,42.35001,589104
1172586600,2007-02-27 09:30,41.25,41.46001,38.73,39.35001,1639400
1172673000,2007-02-28 09:30,39.39999,40.12,38.83,39.89999,1259900
1172759400,2007-03-01 09:30,38.78,39.799,38.66,39.14999,614392
1172845800,2007-03-02 09:30,38.5,39.03,37.66,37.67999,1297100
1173105000,2007-03-05 09:30,37,37.84,36.25,36.92,877900
1173191400,2007-03-06 09:30,37.59,38.2175,37.59,38.08,965900
1173277800,2007-03-07 09:30,38.10001,38.72,37.99001,38.09,1060000
1173364200,2007-03-08 09:30,38.64999,38.78999,38.08009,38.35001,630400
1173450600,2007-03-09 09:30,38.7,38.7,37.97,38.03,576800
1173706200,2007-03-12 09:30,38.02,38.73,37.92999,38.64999,780000
1173792600,2007-03-13 09:30,38.44,38.75,37.06,37.14999,1068600
1173879000,2007-03-14 09:30,37.00999,37.48,36.46001,37.36,1172600
1173965400,2007-03-15 09:30,37.67999,38.44,37.67999,38.24001,1055100
1174051800,2007-03-16 09:30,38.64999,39.03,38.14999,38.36,1329200
1174311000,2007-03-19 09:30,38.67,39.03,38.60001,38.85001,651533
1174397400,2007-03-20 09:30,39.45,39.47,39.05009,39.22,671456
1174483800,2007-03-21 09:30,39.48,40.11,39.06,40.11,399500
1174570200,2007-03-22 09:30,40.33,40.38,39.84,39.97,584550
1174656600,2007-03-23 09:30,39.91,40,39.48,39.83,430800
1174915800,2007-03-26 09:30,40.28,40.28,39.6201,40.14,514469
1175002200,2007-03-27 09:30,39.88,39.9425,39.39999,39.45,503200
1175088600,2007-03-28 09:30,39.72,39.95,39.46001,39.64,554000
1175175000,2007-03-29 09:30,39.60001,39.82539,39.2,39.45,689100
1175261400,2007-03-30 09:30,39.7,39.8,39.3605,39.57001,399500
1175520600,2007-04-02 09:30,39.38,40.14999,39.19,40.14999,410200
1175607000,2007-04-03 09:30,40.08,40.7352,40,40.48,921600
1175693400,2007-04-04 09:30,40.74001,41.28999,40.74001,41.19,434045
1175779800,2007-04-05 09:30,41.25,41.5,41.08,41.17,457700
1176125400,2007-04-09 09:30,41.25,41.63,40.92999,41.05,341800
1176211800,2007-04-10 09:30,41.60001,41.73,41.28999,41.38,294100
1176298200,2007-04-11 09:30,41.8,41.99001,40.84,41.10001,1485950
1176384600,2007-04-12 09:30,41.16,41.28,40.81,41.28,446716
1176471000,2007-04-13 09:30,41.55,42.60001,41.5101,42.35001,854834
1176730200,2007-04-16 09:30,42.52,42.88,42.44,42.88,694918
1176816600,2007-04-17 09:30,42.60001,42.77,42.25999,42.28999,539060
1176903000,2007-04-18 09:30,42.41,42.49001,42,42.09,472900
1176989400,2007-04-19 09:30,41.42,41.42,40.25,41.07001,1269050
1177075800,2007-04-20 09:30,41.64999,41.86,41.325,41.47,357900
1177335000,2007-04-23 09:30,41.47,41.53999,40.98,41.09,440630
1177421400,2007-04-24 09:30,41.03999,41.09,40.35001,40.55,1293900
1177507800,2007-04-25 09:30,40.98,41.13989,40.58,41.00999,813730
1177594200,2007-04-26 09:30,40.60001,40.60001,39.92,40.06,1033589
1177680600,2007-04-27 09:30,40.16,40.42999,40.03999,40.34,408800
1177939800,2007-04-30 09:30,40.39,40.39,39.5,39.5573,387800
1178026200,2007-05-01 09:30,39.45,39.58,38.95,39.3,689800
1178112600,2007-05-02 09:30,39.16,40.39999,39.11,40.36,829739
1178199000,2007-05-03 09:30,40.39999,40.89,40.0743,40.71001,580789
1178285400,2007-05-04 09:30,41.12,41.39999,40.63,40.71001,394032
1178544600,2007-05-07 09:30,41.22,41.37,40.98,40.98,387264
1178631000,2007-05-08 09:30,40.75999,40.78,40.27,40.75,724100
1178717400,2007-05-09 09:30,40.50999,40.99001,40.3701,40.60001,365668
1178803800,2007-05-10 09:30,40.31,40.31,39.35001,39.48,901422
1178890200,2007-05-11 09:30,39.67,40.0424,39.67,39.75,430800
1179149400,2007-05-14 09:30,40.11,40.12,38.96001,39.16,1028700
1179235800,2007-05-15 09:30,39.2,39.66,38.98,39.07001,422000
1179322200,2007-05-16 09:30,38.96001,39.05,38.14,38.44,1004250
1179408600,2007-05-17 09:30,38.36,38.53999,38.05,38.25999,1301880
1179495000,2007-05-18 09:30,38.66,39.21001,38.53,39.00999,752715
1179754200,2007-05-21 09:30,38.85001,39.75,38.85001,39.47,1060850
1179840600,2007-05-22 09:30,39.5,39.5,38.75,38.86,388926
1179927000,2007-05-23 09:30,39.24001,39.64999,39.11,39.32001,706000
1180013400,2007-05-24 09:30,39.23,39.28999,37.98,38.09,1005200
1180099800,2007-05-25 09:30,38.22,38.47,37.91,38.25999,476443
1180445400,2007-05-29 09:30,38.5,38.63,37.91,37.95,665852
1180531800,2007-05-30 09:30,37.86,38.03,37.5,37.99001,641000
1180618200,2007-05-31 09:30,38.25,39.2,38.17999,39.16,782750
1180704600,2007-06-01 09:30,39.73,40.14,39.713,40.06,1548000
1180963800,2007-06-04 09:30,40,40.14,39.71001,40.05,656820
1181050200,2007-06-05 09:30,39.77,40.03,39.47,39.73,724000
1181136600,2007-06-06 09:30,39.5,39.66,39,39.33,1056985
1181223000,2007-06-07 09:30,39.2,39.33,37.97,38.00999,1552642
1181309400,2007-06-08 09:30,37.91,38.50999,37.39999,38.28999,1027600
1181568600,2007-06-11 09:30,38.33,38.53,37.89999,38.23,709048
1181655000,2007-06-12 09:30,37.77,38.03,37.3,37.42999,971200
1181741400,2007-06-13 09:30,37.56,37.99001,37.41,37.99001,1161400
1181827800,2007-06-14 09:30,38.14999,38.50999,38.03999,38.38,468900
1181914200,2007-06-15 09:30,38.78,39.14,38.53999,39.09,620100
1182173400,2007-06-18 09:30,39.2,39.28,38.89999,38.98,747450
1182259800,2007-06-19 09:30,38.81,39.47,38.74001,39.47,757200
1182346200,2007-06-20 09:30,39.39999,39.39999,38.6201,38.69,600700
1182432600,2007-06-21 09:30,38.8,39.14999,38.14,39.14999,827400
1182519000,2007-06-22 09:30,38.86,39.09,38.39,38.78999,848700
1182778200,2007-06-25 09:30,38.55,39.23,37.83,37.85001,867185
1182864600,2007-06-26 09:30,37.86,37.86,36.72,37.10001,1323320
1182951000,2007-06-27 09:30,37.06,37.39999,36.63,37.39999,1252700
1183037400,2007-06-28 09:30,37.39999,38.089,37.39999,37.63,495100
1183123800,2007-06-29 09:30,37.75999,38.02,37.62,37.89,508500
1183383000,2007-07-02 09:30,38.33,38.84,38.25999,38.84,727380
1183469400,2007-07-03 09:30,38.78999,38.88161,38.56,38.73,299679
1183642200,2007-07-05 09:30,38.91,39.25,38.60001,39.25,816300
1183728600,2007-07-06 09:30,39.3,40.56,39.25,40.53,1608300
1183987800,2007-07-09 09:30,40.92,41.23599,40.72,40.88,1353900
1184074200,2007-07-10 09:30,40.82001,41.09,40.5,40.66,914125
1184160600,2007-07-11 09:30,40.42,40.66,40.16,40.66,720400
1184247000,2007-07-12 09:30,40.82001,41.37,40.58,41.28,1065100
1184333400,2007-07-13 09:30,41.34,41.62,41.21001,41.31,583700
1184592600,2007-07-16 09:30,41.39,41.39,40.59,41.06,700950
1184679000,2007-07-17 09:30,41.03,41.19,40.67,40.82001,1077400
1184765400,2007-07-18 09:30,41,42.48,40.89,42.48,1382400
1184851800,2007-07-19 09:30,42.58,43.189,42.58,43.09,1538841
1184938200,2007-07-20 09:30,43.11,43.25,42.66,43.03999,1191820
1185197400,2007-07-23 09:30,43.11,43.14,42.74001,42.99001,629800
1185283800,2007-07-24 09:30,43.2,43.3,42.14999,42.39999,1210050
1185370200,2007-07-25 09:30,41.89,41.99001,40.75999,41.72,2414867
1185456600,2007-07-26 09:30,40.8,41,39.37399,40.3,3045454
1185543000,2007-07-27 09:30,40.03,40.23,39.02,39.02,1932200
1185802200,2007-07-30 09:30,39.3,40.36,39.11,40.10001,1202620
1185888600,2007-07-31 09:30,40.50999,40.92999,39.92999,39.94,1234197
1185975000,2007-08-01 09:30,39.94,40.03999,38.82001,39.48,1478721
1186061400,2007-08-02 09:30,39.67,39.95,39.36,39.81,1112075
1186147800,2007-08-03 09:30,39.78999,40.12,39.33,39.48,1742060
1186407000,2007-08-06 09:30,39.36,40.14,38.07001,38.74001,2178100
1186493400,2007-08-07 09:30,38.10001,38.99001,37.88,38.58,1235000
1186579800,2007-08-08 09:30,39.37,40.34,39.36,40.13,1908905
1186666200,2007-08-09 09:30,39.14999,39.5,38.5,39.45,2182552
1186752600,2007-08-10 09:30,39,40.10001,38.8,39.85001,1976300
1187011800,2007-08-13 09:30,39.85001,39.89999,38.98,39.13,1228800
1187098200,2007-08-14 09:30,38.95,39.11,37.84,38.05,1714800
1187184600,2007-08-15 09:30,37.33,37.62,36.00999,36.45,2675785
1187271000,2007-08-16 09:30,35.56,35.64,32.75999,34.49001,5587773
1187357400,2007-08-17 09:30,35.50999,36.45,34.81,35.22,2975542
1187616600,2007-08-20 09:30,35.44,36.10001,35.10001,35.8,1783900
1187703000,2007-08-21 09:30,35.55,36,35.48,35.75,1199230
1187789400,2007-08-22 09:30,36.36,37.03999,36.35001,36.88,1651029
1187875800,2007-08-23 09:30,37.34,37.42,36.25,36.35001,1297200
1187962200,2007-08-24 09:30,36.49001,37.3799,36.42,37.13,1093300
1188221400,2007-08-27 09:30,37.07001,37.07001,36.5078,36.63,1452350
1188307800,2007-08-28 09:30,36.16,36.64999,35.60001,35.71001,962600
1188394200,2007-08-29 09:30,36.10001,36.96001,36.0519,36.96001,1215800
1188480600,2007-08-30 09:30,36.35001,37.19,36.35001,36.50999,1032700
1188567000,2007-08-31 09:30,37.59,37.75,37.10001,37.64999,1660500
1188912600,2007-09-04 09:30,37.74001,38.94,37.73,38.66,1883700
1188999000,2007-09-05 09:30,38.25999,38.57001,37.97,38.48,1225801
1189085400,2007-09-06 09:30,38.97,40.98,38.97,40.95,2737621
1189171800,2007-09-07 09:30,41.59,41.75,40.67999,41.17,2828338
1189431000,2007-09-10 09:30,41.60001,41.64999,40.52,40.94,1594318
1189517400,2007-09-11 09:30,41.09,42.14,40.85001,42.05,1722400
1189603800,2007-09-12 09:30,41.85001,42.21001,41.60001,42.19,1177000
1189690200,2007-09-13 09:30,41.73,42.28,41.5,42.21001,1566600
1189776600,2007-09-14 09:30,42.02,42.72,41.61,42.17,2389296
1190035800,2007-09-17 09:30,42.32001,42.7,41.84,42.14999,2258335
1190122200,2007-09-18 09:30,42,43.63,41.39999,43.60001,2453069
1190208600,2007-09-19 09:30,43.94,44.59,43.59,44.03,2778711
1190295000,2007-09-20 09:30,45.05,45.86,44.92,45.82001,3632927
1190381400,2007-09-21 09:30,45.95,45.96001,45,45.48,2422700
1190640600,2007-09-24 09:30,45.21001,45.73,45.01849,45.10001,2098690
1190727000,2007-09-25 09:30,44.58,44.67999,44.14999,44.59,2173250
1190813400,2007-09-26 09:30,44.74001,45.02,43.39999,43.85001,3632800
1190899800,2007-09-27 09:30,44.38,44.63,43.84,44.33,1997550
1190986200,2007-09-28 09:30,45.25,45.81,44.98,45.35001,1852950
1191245400,2007-10-01 09:30,44.87,45.84,44.82001,45.82001,1500475
1191331800,2007-10-02 09:30,44.53999,45.39999,43.31,43.8,2635870
1191418200,2007-10-03 09:30,44.33,44.42,43.42999,43.58,1441903
1191504600,2007-10-04 09:30,43.42999,44.37,42.87,44.37,1849279
1191591000,2007-10-05 09:30,44.23,45.59,44.19,45.59,2217500
1191850200,2007-10-08 09:30,45,45.21001,44.22,44.62,606000
1191936600,2007-10-09 09:30,44.39,45.78999,44.35001,45.78999,1120591
1192023000,2007-10-10 09:30,46.42,46.78,45.8,46.67999,1495000
1192109400,2007-10-11 09:30,47.17999,48.50999,46.13,46.8,5104078
1192195800,2007-10-12 09:30,47.28999,47.8,46.9633,47.78999,1458199
1192455000,2007-10-15 09:30,48.64999,49.74001,47.46001,48.02,2146800
1192541400,2007-10-16 09:30,48.00999,48.10001,47.02,47.28999,1541625
1192627800,2007-10-17 09:30,47.92,48.09,45.98,46.46001,1721512
1192714200,2007-10-18 09:30,46.64,47.49001,46.59,47.39999,1432950
1192800600,2007-10-19 09:30,47.64999,47.64999,46.3,46.8,2277658
1193059800,2007-10-22 09:30,45.50999,45.61,44.62,45.53,2270700
1193146200,2007-10-23 09:30,46.24001,46.73,45.714,46.62,1470200
1193232600,2007-10-24 09:30,46.5,47,45.66,47,1642533
1193319000,2007-10-25 09:30,47.53999,47.53999,46.84,47.45,1494200
1193405400,2007-10-26 09:30,48.23,48.66,47.89999,48.39999,1930300
1193664600,2007-10-29 09:30,49.19,49.84,49.00999,49.84,1587400
1193751000,2007-10-30 09:30,48.84,48.92999,48.48,48.82001,1304845
1193837400,2007-10-31 09:30,49.21001,50.81,48.86,50.60001,4774828
1193923800,2007-11-01 09:30,50.16,50.16,48.59,48.82001,2165255
1194010200,2007-11-02 09:30,49.69,50.74001,48.89999,50.71001,3212102
1194273000,2007-11-05 09:30,51.23,51.23,49.78,50.44,2133067
1194359400,2007-11-06 09:30,51.81,52.5,51.67,52.25,2181691
1194445800,2007-11-07 09:30,53.84,53.84,51.5,51.53,3870460
1194532200,2007-11-08 09:30,51.5,52.64999,49.92999,51.39999,3504033
1194618600,2007-11-09 09:30,51.25,51.25999,50.00999,50.31,1813067
1194877800,2007-11-12 09:30,48.96001,48.96001,46.47,46.69,3909055
1194964200,2007-11-13 09:30,46.94,48.02,46.94,47.58,1919213
1195050600,2007-11-14 09:30,49.49001,49.5,48.35001,48.7,1824218
1195137000,2007-11-15 09:30,47.99001,47.99001,45.97,46.44,2910007
1195223400,2007-11-16 09:30,46.88,47.19,46.14999,46.95,2132659
1195482600,2007-11-19 09:30,46.64999,46.7,45.03999,45.45,2779528
1195569000,2007-11-20 09:30,46.45,47.92999,45.78999,47.92999,2560013
1195655400,2007-11-21 09:30,47.89999,47.89999,45.95,46.82001,2226147
1195828200,2007-11-23 09:30,48,48.85001,47.35001,48.85001,1155901
1196087400,2007-11-26 09:30,49.42999,49.42999,46.85001,47.06,1966473
1196173800,2007-11-27 09:30,46.84,46.84,45.74001,46.61,2329617
1196260200,2007-11-28 09:30,46.11,48,46.06,47.86,3893110
1196346600,2007-11-29 09:30,47.10001,48,46.75999,47.02,1668418
1196433000,2007-11-30 09:30,47.09,47.5,45.7,46.36,2006035
1196692200,2007-12-03 09:30,45.75999,47.10989,45.75,46.82001,775980
1196778600,2007-12-04 09:30,47.2,47.2,45.97,46.2,2908277
1196865000,2007-12-05 09:30,46.47,46.47,45.53011,45.92,1866030
1196951400,2007-12-06 09:30,45.63,46.94,45.38,46.78,2123102
1197037800,2007-12-07 09:30,47,47,45.92999,46.39999,1412378
1197297000,2007-12-10 09:30,46.91,47.77,46.88,47.34,2009401
1197383400,2007-12-11 09:30,47.45,48.14,45.67,45.92999,2206618
1197469800,2007-12-12 09:30,46.75,47.14999,46.07001,46.7,2370731
1197556200,2007-12-13 09:30,46.2,46.25,44.62,45.05,2331073
1197642600,2007-12-14 09:30,44.56,45.03999,44.14999,44.31,2333313
1197901800,2007-12-17 09:30,43.89999,44.31,42.5,42.55,1613411
1197988200,2007-12-18 09:30,43.36,43.75999,42.31,43.42,2247881
1198074600,2007-12-19 09:30,43.37,43.64,42.89,43.05,1084772
1198161000,2007-12-20 09:30,43.10001,43.23,42.39999,42.87,1279606
1198247400,2007-12-21 09:30,43.99001,45.41,43.638,45,3649020
1198506600,2007-12-24 09:30,45.00999,45.00999,44.28,44.33,990549
1198679400,2007-12-26 09:30,44.75,45.81,44.729,45.67999,1680324
1198765800,2007-12-27 09:30,45.97,45.98,45.14999,45.38,1958811
1198852200,2007-12-28 09:30,45.77,46.74001,45.77,46.63,1444852
1199111400,2007-12-31 09:30,46.62,46.74001,45.63,45.83,980639
1199284200,2008-01-02 09:30,46.69,49.27,46.69,49.24001,3386196
1199370600,2008-01-03 09:30,49.35001,51.17999,49.10001,50.74001,3871562
1199457000,2008-01-04 09:30,50.28,50.35001,49.28,49.89999,2678429
1199716200,2008-01-07 09:30,49.81,50.28,48.52,49.06,2859414
1199802600,2008-01-08 09:30,50.74001,51.98,50.6001,50.8,4609027
1199889000,2008-01-09 09:30,50.81,51.19,50.16,51.13,4724070
1199975400,2008-01-10 09:30,50.86,52.46001,50.35001,52.02,3529196
1200061800,2008-01-11 09:30,52,53.2,51.8,52.42,3736487
1200321000,2008-01-14 09:30,54.03,54.23,53.09,53.32001,6213949
1200407400,2008-01-15 09:30,53.07001,53.59,51,51.21001,4602340
1200493800,2008-01-16 09:30,50.28999,50.87,48.25,48.83,5081750
1200580200,2008-01-17 09:30,49.77,50.39999,47.77,47.91,4065142
1200666600,2008-01-18 09:30,48.47,48.95,46.47,48.34,3698011
1201012200,2008-01-22 09:30,45.47,49.5,44.85001,49.5,6124078
1201098600,2008-01-23 09:30,48.56,49.47,46.27,48.19,3998445
1201185000,2008-01-24 09:30,49.92999,50.89,49.85001,50.35001,3637777
1201271400,2008-01-25 09:30,50.92999,51.96001,50.25,50.42,4283652
1201530600,2008-01-28 09:30,50.83,51.38,49.92999,51.21001,4158523
1201617000,2008-01-29 09:30,51.59,51.59,50.57001,50.7,3199808
1201703400,2008-01-30 09:30,50.64,52.17,50.22,51.05,4030196
1201789800,2008-01-31 09:30,50.52,50.87,49.82001,50.35001,2790935
1201876200,2008-02-01 09:30,50.53999,50.92999,48.89,49.14999,3315918
1202135400,2008-02-04 09:30,49,49,47.81,48.14999,4153695
1202221800,2008-02-05 09:30,47.08,47.31,46.39999,46.75,5775492
1202308200,2008-02-06 09:30,47.32001,48.05,46.84,46.89999,4549316
1202394600,2008-02-07 09:30,46.85001,47.39,46.35001,46.86,4785418
1202481000,2008-02-08 09:30,47.06,48.6799,47,48.53999,4607625
1202740200,2008-02-11 09:30,48.62,48.92,47.48,48.64999,4431227
1202826600,2008-02-12 09:30,48.60001,48.95,46.8,46.89,4652012
1202913000,2008-02-13 09:30,47,47.81,46.56,47.75999,4448973
1202999400,2008-02-14 09:30,47.73,48.0899,47.23,47.49001,4326844
1203085800,2008-02-15 09:30,47.48,48.08,46.7601,47.75,4141945
1203431400,2008-02-19 09:30,48.87,49.78,48.67999,49.60001,5005398
1203517800,2008-02-20 09:30,49.13,50.95,49,50.95,6072313
1203604200,2008-02-21 09:30,51.42,52.2,50.64,50.78999,8029102
1203690600,2008-02-22 09:30,51.19,51.19,49.49001,50.88,5110305
1203949800,2008-02-25 09:30,50.82001,51.19,49.75999,50.9366,5111703
1204036200,2008-02-26 09:30,50.71001,52.22,50.58,52.03,6042125
1204122600,2008-02-27 09:30,52.74001,53.77,52.60001,53.16,5625043
1204209000,2008-02-28 09:30,53.17,54.39999,53.17,54.38,5439660
1204295400,2008-02-29 09:30,54,54.12,52.64011,53.12,5460969
1204554600,2008-03-03 09:30,54.05,54.92,53.78999,54.62,6083547
1204641000,2008-03-04 09:30,55.14999,55.2,51.96001,52.75,7694934
1204727400,2008-03-05 09:30,53.45,54.95,53.31,54.69,4221898
1204813800,2008-03-06 09:30,54.7,55.06,53.82001,54.78,3742958
1204900200,2008-03-07 09:30,54.92,54.92,52.82001,53.45,4223887
1205155800,2008-03-10 09:30,52.33,52.72,51.21001,51.42,5252277
1205242200,2008-03-11 09:30,52.44,53.56,51.67999,53.56,3227475
1205328600,2008-03-12 09:30,53.7,54.00999,53.08,53.64999,2445083
1205415000,2008-03-13 09:30,54.28999,56.05,54.27,56.05,3686334
1205501400,2008-03-14 09:30,55.89,56.87,55.19,56.42,4181383
1205760600,2008-03-17 09:30,55.49001,56.74001,54.03999,54.97,4294316
1205847000,2008-03-18 09:30,55.3,55.49001,52.12,52.39,4391746
1205933400,2008-03-19 09:30,51.62,51.67999,48.74001,49.37,6715945
1206019800,2008-03-20 09:30,47.55,48.10001,46.07001,47.78,6026266
1206365400,2008-03-24 09:30,47.8,48.41991,46.73,46.97,4142063
1206451800,2008-03-25 09:30,47.73,49.06,47.72,49.03999,2853054
1206538200,2008-03-26 09:30,49.42999,50.13,49.34,49.89999,4326754
1206624600,2008-03-27 09:30,49.95,49.95,48.86,49.36,2730696
1206711000,2008-03-28 09:30,48.97,49.17,48.00999,49.08,1735532
1206970200,2008-03-31 09:30,49.10001,49.41,47.14,47.7,2757401
1207056600,2008-04-01 09:30,46.64999,46.64999,45.53,46.39,3567065
1207143000,2008-04-02 09:30,46.69,48.39,46.55,48.38,2359362
1207229400,2008-04-03 09:30,48.09,48.89,47.88,48.53999,1702554
1207315800,2008-04-04 09:30,48.5,49.12,48.47,48.91,1878206
1207575000,2008-04-07 09:30,49.27,50.25,48.96001,49.14999,1756443
1207661400,2008-04-08 09:30,48.41,49,48.14,48.42999,1390812
1207747800,2008-04-09 09:30,48.33,49.5,48.27,49.35001,2108838
1207834200,2008-04-10 09:30,49.45,49.75,48.39999,49.03,1645308
1207920600,2008-04-11 09:30,49.09,49.21989,48.08,48.22,1558175
1208179800,2008-04-14 09:30,48.13,48.74001,47.94,48,1131834
1208266200,2008-04-15 09:30,48.67999,49.10001,48.56,49.10001,1178589
1208352600,2008-04-16 09:30,49.92,51.45,49.92,51.42999,2944592
1208439000,2008-04-17 09:30,51.12,51.25999,50.39,50.81,1292797
1208525400,2008-04-18 09:30,49.5,49.7,48.82001,49.3,2945643
1208784600,2008-04-21 09:30,49.60001,49.64301,48.22,48.72,1842829
1208871000,2008-04-22 09:30,48.37,49.23,47.97301,48.13,1737496
1208957400,2008-04-23 09:30,47.35001,47.45,46.08,46.25,2761115
1209043800,2008-04-24 09:30,45.89999,45.89999,44.17,44.31,4098465
1209130200,2008-04-25 09:30,44.83,45.33,44.38,45.33,2262372
1209389400,2008-04-28 09:30,45.28,45.89999,44.31,44.31,1801072
1209475800,2008-04-29 09:30,43.62,43.63,42.17,42.53,4684426
1209562200,2008-04-30 09:30,42.8,43.78,42.44,43.60001,3816358
1209648600,2008-05-01 09:30,42.75,43.05,41.61,42.64999,5422090
1209735000,2008-05-02 09:30,42.71001,43.576,42.66,43.17999,1729992
1209994200,2008-05-05 09:30,43.84,44.27,43.63,44.10001,1812923
1210080600,2008-05-06 09:30,44.28,45.32001,44.28,45.19,1976467
1210167000,2008-05-07 09:30,44.44,44.8943,44.16,44.49001,1127951
1210253400,2008-05-08 09:30,44.88,46.10001,44.88,46.08,2833802
1210339800,2008-05-09 09:30,46.44,46.59,45,45.96001,2583503
1210599000,2008-05-12 09:30,45.99001,46.49001,45.41,45.98,2279643
1210685400,2008-05-13 09:30,45.31,45.75999,44.67,45.3501,1567773
1210771800,2008-05-14 09:30,45.28999,45.73,44.64999,44.67999,1036818
1210858200,2008-05-15 09:30,45.50999,46.36,45.42999,46.21001,2346169
1210944600,2008-05-16 09:30,47,47.53999,46.85001,47.32001,3519911
1211203800,2008-05-19 09:30,47.83,48.16,47.25,47.56,2845578
1211290200,2008-05-20 09:30,47.78999,48.85001,47.78999,48.72,2474602
1211376600,2008-05-21 09:30,48.84,49.82001,48.58,48.7,3508374
1211463000,2008-05-22 09:30,48.61,49.07001,47.62,48.17999,2708479
1211549400,2008-05-23 09:30,48.44,48.83,47.75,47.75,1630672
1211895000,2008-05-27 09:30,46.88,47.14,46.14999,46.44,1977049
1211981400,2008-05-28 09:30,45.8,46.97951,45.59,46.96001,1478236
1212067800,2008-05-29 09:30,45.85001,46.12,45.13,45.25,1856415
1212154200,2008-05-30 09:30,45.59,46.14,45.55,46.02,1099977
1212413400,2008-06-02 09:30,46,46.75,45.9501,46.41,940067
1212499800,2008-06-03 09:30,45.69,46.61,45.41,45.45,1336707
1212586200,2008-06-04 09:30,45.56,45.59,44.60001,44.67999,1527940
1212672600,2008-06-05 09:30,44.41,45.83,44.3,45.78999,1560893
1212759000,2008-06-06 09:30,46.19,47.25,46.19,46.69,1915973
1213018200,2008-06-09 09:30,46.64,47.13,46.27,46.64999,1169307
1213104600,2008-06-10 09:30,45.69,45.87801,44.03999,44.21001,3007466
1213191000,2008-06-11 09:30,44.55,44.78,44.00999,44.11,1350961
1213277400,2008-06-12 09:30,43.42,43.46001,42.7,43.17999,2249111
1213363800,2008-06-13 09:30,42.86,43.25999,42.72,43.14999,1303281
1213623000,2008-06-16 09:30,44.23,44.50999,43.57001,43.64999,1048421
1213709400,2008-06-17 09:30,43.59,44.39,43.59,44.03999,866790
1213795800,2008-06-18 09:30,44.2,44.41,43.8,44.28,1118973
1213882200,2008-06-19 09:30,44.75,45.11,43.83,44.05,1767490
1213968600,2008-06-20 09:30,44.05,44.57001,43.47,43.84,2477766
1214227800,2008-06-23 09:30,43.08,44.28,42.87,44.28,1889329
1214314200,2008-06-24 09:30,44.22,44.64999,43.85001,44.06,1006760
1214400600,2008-06-25 09:30,43.99001,44.14,42.78999,43.88,2043239
1214487000,2008-06-26 09:30,45,46.52,45,46.42,3895118
1214573400,2008-06-27 09:30,47.08,48.7,47.03999,48.28999,3392453
1214832600,2008-06-30 09:30,48.11,49.17,47.09019,48.59,2067848
1214919000,2008-07-01 09:30,49.0699,50.09,48.8,49.53,3006885
1215005400,2008-07-02 09:30,49.5,49.5,47.98,48.14,1783117
1215091800,2008-07-03 09:30,47.84,47.84,46.42999,47.07001,1658707
1215437400,2008-07-07 09:30,46.08,46.595,45.69,46.25,1763430
1215523800,2008-07-08 09:30,45.88,45.88,44.8,45.55,2950174
1215610200,2008-07-09 09:30,45.63,47.05,45.33,45.36,1883847
1215696600,2008-07-10 09:30,46.00999,47.10001,45.86,46.67,1885457
1215783000,2008-07-11 09:30,47.96001,49.0899,47.96001,48.71001,4021122
1216042200,2008-07-14 09:30,49.14999,50.94,48.60001,50.84,2379109
1216128600,2008-07-15 09:30,51.44,51.8399,48.91,49.60001,5033465
1216215000,2008-07-16 09:30,49.92,49.92,47.87,48.57001,2378922
1216301400,2008-07-17 09:30,48.21001,49.60001,47.14999,47.55,2893361
1216387800,2008-07-18 09:30,47.33,48.11,47.0701,47.55,1331427
1216647000,2008-07-21 09:30,48.17,48.69,47.25,48.69,1699363
1216733400,2008-07-22 09:30,48.89999,49,46.6201,47,2509249
1216819800,2008-07-23 09:30,46.72,46.75,44.31,44.57001,4433680
1216906200,2008-07-24 09:30,44.66,44.92,43.31,44.00999,3448389
1216992600,2008-07-25 09:30,44.32001,44.71001,43.34,44.25999,2446821
1217251800,2008-07-28 09:30,44.63,45.47,44,44.61,2224285
1217338200,2008-07-29 09:30,44.55,44.55,43.17,43.67,3156068
1217424600,2008-07-30 09:30,42.5,43.47,41.72,43.19,5464438
1217511000,2008-07-31 09:30,44.36,44.42,43.28999,43.48,2290732
1217597400,2008-08-01 09:30,43.2,44.05991,42,42.39999,3886219
1217856600,2008-08-04 09:30,42.00999,42.61,40.28999,40.85001,6436172
1217943000,2008-08-05 09:30,40.2,40.25999,38.42999,38.59,5148309
1218029400,2008-08-06 09:30,38.94,39.92999,38.94,39.21001,3680974
1218115800,2008-08-07 09:30,39.44,39.78999,38.56,38.92,2572259
1218202200,2008-08-08 09:30,38,38,36.28,36.3,5423883
1218461400,2008-08-11 09:30,36.52,36.75999,33.86,34.42999,9892957
1218547800,2008-08-12 09:30,35.02,35.75,34.38,35.37,6254605
1218634200,2008-08-13 09:30,35.84,37.66,35.8,37.55,6282793
1218720600,2008-08-14 09:30,37.16,37.67,35.83,35.87,3690736
1218807000,2008-08-15 09:30,35,35.22,34.25999,34.46001,6607949
1219066200,2008-08-18 09:30,35.16901,35.81,35,35.11,4620039
1219152600,2008-08-19 09:30,34.89,36.50999,34.7,36.14,4111777
1219239000,2008-08-20 09:30,36.14999,36.78999,35.46001,36.17999,3062063
1219325400,2008-08-21 09:30,37.58,38.5,37.45,38.3,5750027
1219411800,2008-08-22 09:30,37.89,38.03999,36.88989,37.49001,2740504
1219671000,2008-08-25 09:30,37.3199,37.94,36.8,37.05,2120641
1219757400,2008-08-26 09:30,36.7,37.66,36.67999,37.02,2737154
1219843800,2008-08-27 09:30,37.58,38.2,37.3705,37.8,2171311
1219930200,2008-08-28 09:30,38.74001,38.88,37.35001,37.92,2831463
1220016600,2008-08-29 09:30,38.22,38.22,37.35001,37.64,1674723
1220362200,2008-09-02 09:30,35.64999,35.67999,34.91,35.25,3745713
1220448600,2008-09-03 09:30,34.91,35.5,33.28999,33.57001,4805352
1220535000,2008-09-04 09:30,34.09,34.39,32.16,32.17999,6152348
1220621400,2008-09-05 09:30,32.97,33.3,31.64999,32.64999,4945184
1220880600,2008-09-08 09:30,33.60001,33.60001,30.94,30.94,5001363
1220967000,2008-09-09 09:30,30.14999,30.14999,27.89,28.10001,10859777
1221053400,2008-09-10 09:30,28.58,29.10001,27.42999,29.08,8178723
1221139800,2008-09-11 09:30,28.8,29.25,27.35001,28.2,7512305
1221226200,2008-09-12 09:30,29.7,31.69,29,31.25,10049508
1221485400,2008-09-15 09:30,31.38,32,29.74001,30.33,6411340
1221571800,2008-09-16 09:30,29.49001,30.73,28.61,30.55,6141613
1221658200,2008-09-17 09:30,30.89,34.92999,30.11,34.10001,12873605
1221744600,2008-09-18 09:30,35.52,36.14,33.25999,34.2,11777156
1221831000,2008-09-19 09:30,33.81,35.41,32.89999,35.2,6478477
1222090200,2008-09-22 09:30,36.17999,38.73,36.1601,38.09,8148199
1222176600,2008-09-23 09:30,38.24001,38.24001,36.46001,37.17999,5181570
1222263000,2008-09-24 09:30,37.78,38.07001,36.94,37.39,3311573
1222349400,2008-09-25 09:30,37.1505,37.64999,36.03,36.39999,3711191
1222435800,2008-09-26 09:30,36.92,37.82001,35.24001,35.83,4171645
1222695000,2008-09-29 09:30,35.28999,36.17,33.53999,34,5882059
1222781400,2008-09-30 09:30,33.99001,34.58,33.39999,33.78999,3038132
1222867800,2008-10-01 09:30,34.19,35.49001,33.64999,33.77,5120738
1222954200,2008-10-02 09:30,33.07001,33.07001,28.47,28.95,9202523
1223040600,2008-10-03 09:30,28.748,30.94,28.53999,29.05,5121254
1223299800,2008-10-06 09:30,30.22,30.63,25.3,27.89999,9370484
1223386200,2008-10-07 09:30,28.82001,29.2,26.92999,27.38,7164973
1223472600,2008-10-08 09:30,28.66,31.64999,28.23,31.25999,9538379
1223559000,2008-10-09 09:30,31.39999,31.39999,29.41,30.25,7925781
1223645400,2008-10-10 09:30,30.06,30.73,24.67999,26.34,11151746
1223904600,2008-10-13 09:30,27.38,28.47,25.02,26.8,6289148
1223991000,2008-10-14 09:30,27.66,28.81,26.84,27.39,6050652
1224077400,2008-10-15 09:30,27.35001,27.42999,24.36,24.36,6690988
1224163800,2008-10-16 09:30,24.75999,25.08,21.55,22.2,9989664
1224250200,2008-10-17 09:30,21.37,24.21001,20.97,21.69,6352273
1224509400,2008-10-20 09:30,22.32001,24.19,22.06,24.19,3923257
1224595800,2008-10-21 09:30,22.46001,23.2,21.75999,21.89,4836199
1224682200,2008-10-22 09:30,20.89999,21.11,18.11,18.49001,7410684
1224768600,2008-10-23 09:30,18.25999,19.53,16.8,17.41,9354602
1224855000,2008-10-24 09:30,15.84,18.69,15.83,17.8,8515039
1225114200,2008-10-27 09:30,18,18.34,16.332,16.37,7308176
1225200600,2008-10-28 09:30,17.16,19.31,16.42,18.69,5998027
1225287000,2008-10-29 09:30,19.17,21.31,18.91,20.86,8777895
1225373400,2008-10-30 09:30,21.89,22.45,19.95,21.7,6974520
1225459800,2008-10-31 09:30,21.38,21.88,20.78,20.95,4135305
1225722600,2008-11-03 09:30,20.97,22.05,20.97,21.00999,5729957
1225809000,2008-11-04 09:30,22.36,24.42,22.22,23.89999,10659785
1225895400,2008-11-05 09:30,23.60001,24.72,22.98,23.5,6823387
1225981800,2008-11-06 09:30,23.73,24.28999,21.00999,21.92999,9625953
1226068200,2008-11-07 09:30,21.73,22.83,21.21001,21.75,6305758
1226327400,2008-11-10 09:30,23.28999,23.71001,22.37,23.14999,4109238
1226413800,2008-11-11 09:30,22.41,22.41,20.97,21.64,5562785
1226500200,2008-11-12 09:30,20.99001,21.25,19.39999,19.39999,6161082
1226586600,2008-11-13 09:30,19.60001,21.75,17.78999,21.66,9647840
1226673000,2008-11-14 09:30,21.8416,22.63,20.46001,20.55,6590742
1226932200,2008-11-17 09:30,20.35001,20.92999,19.37,19.66,5999137
1227018600,2008-11-18 09:30,19.88,20.45,19.13,19.56,6385363
1227105000,2008-11-19 09:30,19.95,21.07001,18.60001,18.61,9969117
1227191400,2008-11-20 09:30,18.61,19.45,17.59,18.2,7877859
1227277800,2008-11-21 09:30,20.25,23.14,19.67,23.03,8974652
1227537000,2008-11-24 09:30,24.5,25.95,24.24001,24.63,11439852
1227623400,2008-11-25 09:30,25.59,25.69,23.64999,25.69,11004980
1227709800,2008-11-26 09:30,24.92,26.21001,24.41,26.11,9036406
1227882600,2008-11-28 09:30,26.33,26.71001,25.52,26.57001,2685538
1228141800,2008-12-01 09:30,24.78,24.94991,22.5,22.5,8827324
1228228200,2008-12-02 09:30,23.89,24.7195,23.7,24.69,8233363
1228314600,2008-12-03 09:30,23.64999,24.82001,23.39999,24.06,6130395
1228401000,2008-12-04 09:30,23.89999,24.78,22.89999,23.42,8324563
1228487400,2008-12-05 09:30,22.89,23.42,21.2,23.23,7254191
1228746600,2008-12-08 09:30,25,25.89,24.61,25.25999,7784613
1228833000,2008-12-09 09:30,24.98,26.17,24.52,25.41,5868340
1228919400,2008-12-10 09:30,27.09,28.45,26.98441,28.13,10463969
1229005800,2008-12-11 09:30,28.92,29.91,27.37,28.02,11312527
1229092200,2008-12-12 09:30,27.52,29.16,27.14,28.67,7272988
1229351400,2008-12-15 09:30,29.64999,30.85001,29.27,30.34,7199016
1229437800,2008-12-16 09:30,30.49001,32.42,29.87,32.34,11269883
1229524200,2008-12-17 09:30,32.78,33.87,31.74001,32.11,10638801
1229610600,2008-12-18 09:30,31.82001,32.03999,29.07001,29.836,9506758
1229697000,2008-12-19 09:30,29.22,30.62,28.96001,30.58,9192230
1229956200,2008-12-22 09:30,31.28999,31.81,29.28999,29.83,4575242
1230042600,2008-12-23 09:30,29.92,30.9695,29.58,30.74001,3648616
1230129000,2008-12-24 09:30,30.78,31,29.8,30.59,1289415
1230301800,2008-12-26 09:30,30.96001,32.52,30.17999,32.25,2963231
1230561000,2008-12-29 09:30,33.17,33.50999,32.451,33.03,5373289
1230647400,2008-12-30 09:30,33,33.05,32.31,33,4096121
1230733800,2008-12-31 09:30,32.5,33.92,32.21001,33.88,4366352
1230906600,2009-01-02 09:30,33.50999,34.45,33.17999,33.32001,4848613
1231165800,2009-01-05 09:30,31.955,32.58,31.35001,31.74001,7601000
1231252200,2009-01-06 09:30,31.83,33.25999,31.42,32.61,8026535
1231338600,2009-01-07 09:30,32.36,32.36,29.59,30.05,6702641
1231425000,2009-01-08 09:30,30.89,31.78999,30.5363,31.78999,5024621
1231511400,2009-01-09 09:30,31.59,32.11,30.45,31.31,4483965
1231770600,2009-01-12 09:30,30.19,30.2,28.7,28.95,5879172
1231857000,2009-01-13 09:30,28.97,30,28.62,29.52,8157887
1231943400,2009-01-14 09:30,29.08,29.59,27.67,28.2,5980098
1232029800,2009-01-15 09:30,28.34,29.53999,27.14999,29.13,6393707
1232116200,2009-01-16 09:30,30.63,31.00999,29.44,30.92999,9830371
1232461800,2009-01-20 09:30,31,32.50999,30.67999,30.88,7954477
1232548200,2009-01-21 09:30,30.89999,31.75999,29.94,31.64999,6469352
1232634600,2009-01-22 09:30,31.48,32.16991,31,31.46001,4949367
1232721000,2009-01-23 09:30,32.27,34.67,32.23,34.14,12222363
1232980200,2009-01-26 09:30,35.24001,36,33.5,33.97,11125953
1233066600,2009-01-27 09:30,33.99001,34.10001,33.27,33.47,6624949
1233153000,2009-01-28 09:30,33.25,33.61,32.33,32.73,7385066
1233239400,2009-01-29 09:30,32.32001,34.5,32,34.39999,10769691
1233325800,2009-01-30 09:30,35.53999,35.55,33.50999,34.23,11642008
1233585000,2009-02-02 09:30,33.35001,34.00999,32.5,32.89999,10274609
1233671400,2009-02-03 09:30,33.39999,33.74001,32.56,33.36,9822164
1233757800,2009-02-04 09:30,33.7,34.32001,33.425,34.06,7307465
1233844200,2009-02-05 09:30,34.89999,34.92,34.03999,34.7,11352848
1233930600,2009-02-06 09:30,34.42,35.55,34.14,35.42,9257809
1234189800,2009-02-09 09:30,34.88,35.14999,34.02,34.37,6718219
1234276200,2009-02-10 09:30,35.19,35.49001,33.34,34,11841719
1234362600,2009-02-11 09:30,34.49001,36.69,34.16,36.33,17256944
1234449000,2009-02-12 09:30,36.24001,36.48,35.55,36.48,14511398
1234535400,2009-02-13 09:30,36,36.2,35.28,35.67999,6690242
1234881000,2009-02-17 09:30,36.96001,37.8,36.56,37,19199904
1234967400,2009-02-18 09:30,37,37.48,35.69,37.37,13205082
1235053800,2009-02-19 09:30,37.08,37.3,35.42,35.64,14363520
1235140200,2009-02-20 09:30,36.73,37.64,36.05,37.03,19554704
1235399400,2009-02-23 09:30,36.75,37.24001,35.64,36.47,23082608
1235485800,2009-02-24 09:30,36.5,36.5,33.25,33.5,18754528
1235572200,2009-02-25 09:30,33.34,34.7395,32.84,32.89999,15975480
1235658600,2009-02-26 09:30,32.63,33.72,32.19,33.5,12763352
1235745000,2009-02-27 09:30,33.92,34.23,32.52,33.36,10806539
1236004200,2009-03-02 09:30,33.56,33.56,30.75,31.09,11878051
1236090600,2009-03-03 09:30,31,32.17999,29.92,31.67999,10156238
1236177000,2009-03-04 09:30,32.24001,32.45,30.87,31.39999,7662367
1236263400,2009-03-05 09:30,31.5,33.06,31.42,33.02,9318898
1236349800,2009-03-06 09:30,33.53,34.03,32.32001,32.88,10024582
1236605400,2009-03-09 09:30,32.64999,32.66,31.1799,31.55,7638109
1236691800,2009-03-10 09:30,31.37,31.39,29.25,29.67,13634016
1236778200,2009-03-11 09:30,30.08,31.61,29.87,31.34,8957395
1236864600,2009-03-12 09:30,31.85001,32.67999,31.39,32.67999,8911445
1236951000,2009-03-13 09:30,33.19,33.31,32.38,33.08,5890031
1237210200,2009-03-16 09:30,32.66,33.09,32.33,32.56,5202555
1237296600,2009-03-17 09:30,32.24001,32.47,31.37,31.85001,5773426
1237383000,2009-03-18 09:30,31.41,35.14999,30.62,35.07001,16938480
1237469400,2009-03-19 09:30,36.28999,37.59,36.28999,37.46001,16884144
1237555800,2009-03-20 09:30,36.8,37.71001,36.45,37.55,12588051
1237815000,2009-03-23 09:30,37.41,38.22,37.2,37.71001,8233281
1237901400,2009-03-24 09:30,36.55,37.64999,35.85001,36.86,9659219
1237987800,2009-03-25 09:30,36.95,38.49001,36.55,38.47,8569215
1238074200,2009-03-26 09:30,38.92999,38.92999,37.88,38.57001,6279902
1238160600,2009-03-27 09:30,37.50999,37.60001,36.59,37,4935297
1238419800,2009-03-30 09:30,35.97,37.46001,35.75999,36.39999,6869664
1238506200,2009-03-31 09:30,36.82001,37.42999,35.97,36.88,4479766
1238592600,2009-04-01 09:30,37.77,38.67999,37.44,38.60001,5279785
1238679000,2009-04-02 09:30,37.53999,37.75999,36.31,37.10001,7861902
1238765400,2009-04-03 09:30,36.8,37.05,34.25,34.87,10506125
1239024600,2009-04-06 09:30,33.39999,33.58,32.62,33.2,8967520
1239111000,2009-04-07 09:30,33.58,34.25999,33.42,33.42999,5305297
1239197400,2009-04-08 09:30,34.17999,34.24001,32.97,33.53,4743039
1239283800,2009-04-09 09:30,33.45,33.77,33,33.03999,4283316
1239629400,2009-04-13 09:30,34.2,34.345,33.69,33.77,6771215
1239715800,2009-04-14 09:30,33.95,34.14999,33.39,33.69,4602809
1239802200,2009-04-15 09:30,33.59,34.19,33.48,33.89,4719297
1239888600,2009-04-16 09:30,33.92999,33.92999,31.97,32.28,8862809
1239975000,2009-04-17 09:30,31.95,32,30.8,30.97,9359840
1240234200,2009-04-20 09:30,31.55,32.7,31.50999,32.19,8511617
1240320600,2009-04-21 09:30,32.85001,32.92999,31,31.39999,7640910
1240407000,2009-04-22 09:30,31.87,32.3,31.37,31.60001,6709406
1240493400,2009-04-23 09:30,31.99001,33.49001,31.59,32.74001,9615816
1240579800,2009-04-24 09:30,33.36,34.86,33.33,34.64999,8218953
1240839000,2009-04-27 09:30,34.32001,34.7795,33.84,34.37,5868738
1240925400,2009-04-28 09:30,33.33,33.74001,32.89,33.11,5193777
1241011800,2009-04-29 09:30,33.99001,34.37,33.64999,33.89,5774785
1241098200,2009-04-30 09:30,33.24001,33.42999,32.72,32.91,5921516
1241184600,2009-05-01 09:30,33,33.46001,32.67999,33.03999,2971102
1241443800,2009-05-04 09:30,33.64999,35.05,33.45,35.02991,5966570
1241530200,2009-05-05 09:30,35.74001,35.85001,34.64,34.78,6773953
1241616600,2009-05-06 09:30,35.64,36.86,35.64,36.858,7868996
1241703000,2009-05-07 09:30,37.47,37.8,36.12,36.55,6784902
1241789400,2009-05-08 09:30,36.56,37.85001,36.46001,37.46001,6460754
1242048600,2009-05-11 09:30,37.07001,37.64,36.55,37.31,4987816
1242135000,2009-05-12 09:30,37.95,39.05,37.78999,38.96001,8300871
1242221400,2009-05-13 09:30,38.60001,39.549,37.62,37.94,10392043
1242307800,2009-05-14 09:30,37.66,38.53999,36.89999,38.05,5763398
1242394200,2009-05-15 09:30,38.13,38.77,37.1199,37.64999,7719000
1242653400,2009-05-18 09:30,37.62,37.85001,36.5405,37.49001,4007962
1242739800,2009-05-19 09:30,37.75,39.36,37.48,38.42999,7210742
1242826200,2009-05-20 09:30,39.33,41,39.3,40.47,16043797
1242912600,2009-05-21 09:30,40.5,41.67999,39.46001,41.24001,9633762
1242999000,2009-05-22 09:30,41.92,42.72,41.75,42.05,9204961
1243344600,2009-05-26 09:30,41,42,40.41,41.84,7286883
1243431000,2009-05-27 09:30,41.91,42.44,41.08,41.22,7128238
1243517400,2009-05-28 09:30,41.94,43.41,41.94,43.00999,8674598
1243603800,2009-05-29 09:30,44.45,45,43.7,44.16,13003906
1243863000,2009-06-01 09:30,44.73,45.10001,43.39,43.41,10206578
1243949400,2009-06-02 09:30,43.77,44.89,43.61,44.55,9136195
1244035800,2009-06-03 09:30,43.74001,43.83,41.3,42.16,10841281
1244122200,2009-06-04 09:30,42.75,43.62,42.34,43.50999,9865469
1244208600,2009-06-05 09:30,42.25,43.25,40.82001,41.33,10247242
1244467800,2009-06-08 09:30,40.5,41.3,39.85001,41.3,9581066
1244554200,2009-06-09 09:30,42.08,42.10001,40.89999,41.09,5323855
1244640600,2009-06-10 09:30,41.94,42,40.31,40.8,5777043
1244727000,2009-06-11 09:30,40.50999,41.71001,40.10001,40.92,5545770
1244813400,2009-06-12 09:30,39.99001,40.17999,39.28,39.53999,8795879
1245072600,2009-06-15 09:30,39.28,39.38,37.67999,37.97,8500922
1245159000,2009-06-16 09:30,38.85001,39.24001,37.86,38.37,7026289
1245245400,2009-06-17 09:30,38.13,38.42999,37.13499,38.23,8443313
1245331800,2009-06-18 09:30,38.34,38.5,37.05,37.2,7654316
1245418200,2009-06-19 09:30,37.71001,38.67999,37.56,38.39,8648039
1245677400,2009-06-22 09:30,37.39999,37.39999,35.64999,35.74001,10769527
1245763800,2009-06-23 09:30,36.17999,37.33,35.46001,37.33,8370102
1245850200,2009-06-24 09:30,38.16,38.71001,37.75,38.49001,7892617
1245936600,2009-06-25 09:30,38.5,40,38.3,39.99001,6126699
1246023000,2009-06-26 09:30,40.25,40.25999,39.13,39.2,5542754
1246282200,2009-06-29 09:30,39.5,39.71001,38.8553,39.14999,4046655
1246368600,2009-06-30 09:30,39.14999,39.35001,37.63,37.815,5490477
1246455000,2009-07-01 09:30,38.7,39.92,38.60001,39.41,5890438
1246541400,2009-07-02 09:30,38.3,38.4695,37.715,38.31,3869574
1246887000,2009-07-06 09:30,36.95,37.21001,36.17999,36.94,6928906
1246973400,2009-07-07 09:30,36.91,37.4001,36.5,36.50999,5483098
1247059800,2009-07-08 09:30,36.3,36.58,34.45,35.19,11077949
1247146200,2009-07-09 09:30,35.64,36.5,35.25999,35.31,4610727
1247232600,2009-07-10 09:30,34.81,35.58009,34.58,35.14,4228145
1247491800,2009-07-13 09:30,35.00999,35.92999,34.05,35.92999,5147715
1247578200,2009-07-14 09:30,36.49001,36.81,36.19,36.75999,5435508
1247664600,2009-07-15 09:30,38.10001,38.61,38.03999,38.28999,6693605
1247751000,2009-07-16 09:30,38,38.60001,37.66,38.33,3940142
1247837400,2009-07-17 09:30,38.39999,38.94,38.11,38.64,3814665
1248096600,2009-07-20 09:30,39.95,40.3,39.515,40.23,6699844
1248183000,2009-07-21 09:30,40.69,40.69,38.849,39.74001,6575953
1248269400,2009-07-22 09:30,39.5,40.35001,39.13,39.77,5225848
1248355800,2009-07-23 09:30,39.55,40.69,39.44,39.96001,5419129
1248442200,2009-07-24 09:30,39.81,40.44,39.74001,39.89999,3455849
1248701400,2009-07-27 09:30,40.31,40.46001,39.67,39.85001,3710033
1248787800,2009-07-28 09:30,38.78,38.98,37.35001,38.35001,7435531
1248874200,2009-07-29 09:30,37.74001,37.86,37.02,37.17999,6152836
1248960600,2009-07-30 09:30,38.09,38.58,37.97,38.16,5210379
1249047000,2009-07-31 09:30,38.28999,40.05,38.09,39.765,5306879
1249306200,2009-08-03 09:30,40.72,41.25,40.47009,40.77,7059934
1249392600,2009-08-04 09:30,40.7,41.8685,40.34,41.08,4943066
1249479000,2009-08-05 09:30,41.14999,41.34,40.08,40.95,4437328
1249565400,2009-08-06 09:30,41.33,41.39999,40.28999,40.85001,5331930
1249651800,2009-08-07 09:30,40.72,41,39.89999,39.98,4096094
1249911000,2009-08-10 09:30,39.32001,39.46001,38.92,39.10001,3380382
1249997400,2009-08-11 09:30,38.95,39.05,38.37,38.42999,5056898
1250083800,2009-08-12 09:30,38.32001,39.21001,38.22,38.78999,3486141
1250170200,2009-08-13 09:30,39.89999,40.14999,39.28,39.88,6099297
1250256600,2009-08-14 09:30,40.16,40.2,38.8,39.21001,4969863
1250515800,2009-08-17 09:30,37.56,37.81,36.99001,37.3,7319430
1250602200,2009-08-18 09:30,37.53,38.14,37.5,37.87,4269543
1250688600,2009-08-19 09:30,37.46001,38.58,37.11,38.23599,5893836
1250775000,2009-08-20 09:30,37.99001,38.86,37.94,38.61,2748202
1250861400,2009-08-21 09:30,39.38,39.91,39.1022,39.3,5601242
1251120600,2009-08-24 09:30,39.39999,40,38.78999,38.892,5324559
1251207000,2009-08-25 09:30,39.69,39.94,39.03999,39.24001,4863031
1251293400,2009-08-26 09:30,39.17999,39.17999,38.42999,38.82001,4201996
1251379800,2009-08-27 09:30,38.86,39.74001,38.06,39.57001,4844016
1251466200,2009-08-28 09:30,40.21001,40.63,39.77,40.17999,5625102
1251725400,2009-08-31 09:30,39.39,39.57001,39.08,39.50999,4246719
1251811800,2009-09-01 09:30,39.10001,39.77,38.34,38.78999,6372848
1251898200,2009-09-02 09:30,39.39999,42.64,39.17999,42.48,17976000
1251984600,2009-09-03 09:30,43.14999,45.17999,42.7,44.64999,23527328
1252071000,2009-09-04 09:30,44.42,45.39,43.89999,45.02,13294668
1252416600,2009-09-08 09:30,46.98,47.45,45.03,45.11,21970528
1252503000,2009-09-09 09:30,45.22,45.57001,43.47,44.12,15789160
1252589400,2009-09-10 09:30,43.78999,45.8,43.60001,45.53999,16582223
1252675800,2009-09-11 09:30,46.67,47.285,45.67,46.09,16193609
1252935000,2009-09-14 09:30,45.24001,46,45.03999,45.39,12143543
1253021400,2009-09-15 09:30,45.34,47,45.34,46.85001,13140191
1253107800,2009-09-16 09:30,48.05,48.36,47.64,48,16299313
1253194200,2009-09-17 09:30,47.8,48.39999,46.07001,47.78,18540144
1253280600,2009-09-18 09:30,47.25,47.3,45.37,45.92,13010102
1253539800,2009-09-21 09:30,44.5,45.36,43.5,45.14999,16953952
1253626200,2009-09-22 09:30,46.73,46.84,45.87,46.25999,9363586
1253712600,2009-09-23 09:30,46.11,46.36,44.73,44.84,12292664
1253799000,2009-09-24 09:30,45.34,45.47,43.25,43.74001,11410953
1253885400,2009-09-25 09:30,43.27,43.74001,42.67,43.07001,10548582
1254144600,2009-09-28 09:30,43.28999,44.38,43,43.03999,5794309
1254231000,2009-09-29 09:30,43.25,44.7399,43.10001,44.46001,7641246
1254317400,2009-09-30 09:30,45.39999,45.66,43.83,45.28999,10606809
1254403800,2009-10-01 09:30,45.28999,45.37,42.81,43.06,11248102
1254490200,2009-10-02 09:30,42.64,44.22,42.28,42.75999,13271754
1254749400,2009-10-05 09:30,43.10001,44.83,43.10001,44.56,7809133
1254835800,2009-10-06 09:30,46.58,48.07001,46.35001,47.60001,17735152
1254922200,2009-10-07 09:30,47.64999,48.06,46.85001,47.89999,11832004
1255008600,2009-10-08 09:30,48.53999,49.52,47.69,48.69,17087424
1255095000,2009-10-09 09:30,48.28999,48.75999,47.63,48.28999,9856629
1255354200,2009-10-12 09:30,48.94,49.39999,47.88,48.28,7125582
1255440600,2009-10-13 09:30,48.81,49.74001,48.00999,49.19,11944527
1255527000,2009-10-14 09:30,49.60001,49.73,48.98,49.13,8698520
1255613400,2009-10-15 09:30,48.145,48.86,47.98,48.16,9919078
1255699800,2009-10-16 09:30,47.98,48.86,47.60001,48.38,12171172
1255959000,2009-10-19 09:30,48.52,48.84,47.55,48.53,8294969
1256045400,2009-10-20 09:30,48.72,48.73,46.81,47.5,8938219
1256131800,2009-10-21 09:30,47.03,49,47.00999,47.39,12518270
1256218200,2009-10-22 09:30,47.06,47.52,46.34,46.99001,10834008
1256304600,2009-10-23 09:30,47.81,47.92,46.36,46.69,9370086
1256563800,2009-10-26 09:30,46.78999,47.39999,44.38,44.69,14363309
1256650200,2009-10-27 09:30,44.41,44.74001,43.42999,44.47,12610434
1256736600,2009-10-28 09:30,43.89999,44.41,41.61,41.87,18057424
1256823000,2009-10-29 09:30,42.55,44.35001,42.39999,43.8,13255410
1256909400,2009-10-30 09:30,43.5,43.53,40.92,42.37,17396512
1257172200,2009-11-02 09:30,43.13,44.25,41.81,42.88,16962320
1257258600,2009-11-03 09:30,42.39999,46.19,42.2,46.17999,22136992
1257345000,2009-11-04 09:30,46.64,47.33,45.72,46.53,21209968
1257431400,2009-11-05 09:30,46.64999,47,46.03999,46.72,11448777
1257517800,2009-11-06 09:30,47,48.39,46.75999,47.62,14088477
1257777000,2009-11-09 09:30,49.14999,50.2,49.05,49.28,15188668
1257863400,2009-11-10 09:30,49.07001,49.91,48.39999,49.662,13194125
1257949800,2009-11-11 09:30,50.87,50.89,49.64999,49.89999,12326465
1258036200,2009-11-12 09:30,49.45,49.89999,48.21001,48.44,14505813
1258122600,2009-11-13 09:30,48.44,50.03,48.32001,49.78,13424414
1258381800,2009-11-16 09:30,50.67,51.89,50.55,51.34,15491859
1258468200,2009-11-17 09:30,50.47,51.59,50.17999,51.53,10596168
1258554600,2009-11-18 09:30,52,52.42999,50.56,50.99001,11691793
1258641000,2009-11-19 09:30,50.28999,51.35001,49.27,51.10001,12795688
1258727400,2009-11-20 09:30,50.27,50.91,49.78999,50.82001,12132148
1258986600,2009-11-23 09:30,52.34,53.11,51.39,51.67999,13661934
1259073000,2009-11-24 09:30,51.88,51.96001,50.54401,51.45,14644934
1259159400,2009-11-25 09:30,52.17,52.96001,51.85001,52.83,10391145
1259332200,2009-11-27 09:30,50.28999,51.73,49.41,50.82001,10088246
1259591400,2009-11-30 09:30,50.64,51.59,50.38,51.1069,14054914
1259677800,2009-12-01 09:30,52.60001,54.22,52.5,53.67999,14086789
1259764200,2009-12-02 09:30,54.47,55.39999,54.21001,54.78,17780032
1259850600,2009-12-03 09:30,54.22,54.60001,53.07001,53.53,15825070
1259937000,2009-12-04 09:30,52.5,52.57001,49.48,50.69,31698512
1260196200,2009-12-07 09:30,49.39,50.75,48.8,49.75999,21141536
1260282600,2009-12-08 09:30,49.02,49.08,47.42,47.75,21027856
1260369000,2009-12-09 09:30,48.03999,49.28,47.63,48.78999,18644368
1260455400,2009-12-10 09:30,49.25999,49.42,48.28,48.74001,10751582
1260541800,2009-12-11 09:30,48.84,49.09,47.50999,47.82001,12583336
1260801000,2009-12-14 09:30,48.45,48.53999,47.56,48.465,8237480
1260887400,2009-12-15 09:30,48.23,48.64,47.33,47.48,10859855
1260973800,2009-12-16 09:30,48.10001,48.74001,47.72,48.21001,12144762
1261060200,2009-12-17 09:30,47.03999,47.28999,45.17,45.2,19784816
1261146600,2009-12-18 09:30,45.55,46.3,44.98,46.28999,15886902
1261405800,2009-12-21 09:30,46.435,46.60001,44.8,45.41,12101387
1261492200,2009-12-22 09:30,45.5,45.96001,44.8,45.50999,13942188
1261578600,2009-12-23 09:30,45.8,47.38,45.75,46.92999,12614250
1261665000,2009-12-24 09:30,47.55,47.57001,46.96001,46.96001,4523234
1262010600,2009-12-28 09:30,47.39999,47.59,46.49001,46.87,7294703
1262097000,2009-12-29 09:30,46.92999,47.28999,46.3,46.42999,7193723
1262183400,2009-12-30 09:30,46.00999,46.2,45.59,45.87,6924035
1262269800,2009-12-31 09:30,46.46001,46.7,46.03999,46.21001,7475211
1262615400,2010-01-04 09:30,47.78,48.25,47.56,47.71001,12510508
1262701800,2010-01-05 09:30,47.97,48.67999,47.44,48.17,13791504
1262788200,2010-01-06 09:30,48.92,50.07001,48.71001,49.34,19328016
1262874600,2010-01-07 09:30,49.34,49.37,48.55,49.10001,13313516
1262961000,2010-01-08 09:30,49.50999,49.84,48.63,49.84,10721848
1263220200,2010-01-11 09:30,51,51.16,49.91,50.17,12920184
1263306600,2010-01-12 09:30,49.48,49.87,47.94,48.35001,14796066
1263393000,2010-01-13 09:30,48.60001,48.96001,47.5,48.86,9379297
1263479400,2010-01-14 09:30,48.78,48.92999,48.02,48.60001,8446645
1263565800,2010-01-15 09:30,48.02,48.08,47.05,47.42,14185168
1263911400,2010-01-19 09:30,47.34,47.81,47.28,47.69,8578777
1263997800,2010-01-20 09:30,46.66,46.85001,44.85001,45.73,21227968
1264084200,2010-01-21 09:30,45.31,45.66,43.72,43.75,24762800
1264170600,2010-01-22 09:30,43.3,44.78,42.95,43.78999,26244976
1264429800,2010-01-25 09:30,44.45,44.53999,43.13,43.19,17792432
1264516200,2010-01-26 09:30,42.69,43.8577,42.3,43.13,17136496
1264602600,2010-01-27 09:30,42.94,43.24001,41.82001,42.77,18118416
1264689000,2010-01-28 09:30,43.13,43.23,41.161,42.17,28267136
1264775400,2010-01-29 09:30,42,42.5,40.53,40.72,22950032
1265034600,2010-02-01 09:30,41.25,42.95,41.2,42.94,18770336
1265121000,2010-02-02 09:30,43.52,43.7,42.675,43,19435232
1265207400,2010-02-03 09:30,43.02,43.61,42.50999,42.57001,13519836
1265293800,2010-02-04 09:30,41.64999,41.75,40.05,40.24001,25285696
1265380200,2010-02-05 09:30,40.17999,42.41,39.48,42.41,33038592
1265639400,2010-02-08 09:30,42.25999,42.50999,40.77,40.78,18176224
1265725800,2010-02-09 09:30,41.75999,43.11099,41.59,42.57001,24229968
1265812200,2010-02-10 09:30,42.58,42.7681,41.41,42.35001,15922922
1265898600,2010-02-11 09:30,42.59,44.23,42.32001,43.99001,18119920
1265985000,2010-02-12 09:30,43.14999,43.94,42.64999,43.94,16589840
1266330600,2010-02-16 09:30,45.17,45.23,44.57001,44.91,15967184
1266417000,2010-02-17 09:30,44.89999,45.34,44.33,44.71001,14763578
1266503400,2010-02-18 09:30,44.61,45.56,44.61,45.06,15194465
1266589800,2010-02-19 09:30,44.42999,45.75,44.21001,44.57001,15116008
1266849000,2010-02-22 09:30,44.98,45.00999,43.88,44.09,12302223
1266935400,2010-02-23 09:30,43.92999,44.1026,42.19,42.5,15431918
1267021800,2010-02-24 09:30,42.23,43.05,42.03,42.25,12518012
1267108200,2010-02-25 09:30,41.86,43.69,41.35001,43.45,21470784
1267194600,2010-02-26 09:30,43.81,44.03999,43.09,43.89,10707051
1267453800,2010-03-01 09:30,44.2,44.78,43.49001,44.64,11665738
1267540200,2010-03-02 09:30,45.17,46.39,44.96001,45.50999,21127744
1267626600,2010-03-03 09:30,46.25999,46.92,45.96001,46.364,18237808
1267713000,2010-03-04 09:30,46.14999,46.47,45.24001,45.58,15233891
1267799400,2010-03-05 09:30,45.95,46.73,45.94,46.42999,13823539
1268058600,2010-03-08 09:30,46.77,46.98,45.81,45.95,9921531
1268145000,2010-03-09 09:30,45.35001,46.10001,45.25,45.58,10596059
1268231400,2010-03-10 09:30,45.80009,46.14,44.60001,44.96001,16058711
1268317800,2010-03-11 09:30,44.78999,45.37,44.25,45.32001,10312754
1268404200,2010-03-12 09:30,45.58,45.83,44.7475,44.99001,9797461
1268659800,2010-03-15 09:30,45.12,45.2,44.32001,44.94,8385375
1268746200,2010-03-16 09:30,45.78,46.27,45.565,46.12,14905914
1268832600,2010-03-17 09:30,46.2,46.77,46.13,46.27,15114602
1268919000,2010-03-18 09:30,46.37,46.84,45.52,45.97,12704672
1269005400,2010-03-19 09:30,46.08,46.0818,44.87,45.31,17280480
1269264600,2010-03-22 09:30,44.66,45.295,44.21001,45.14,12051898
1269351000,2010-03-23 09:30,45.02,45.73,44.44,45.28,11289340
1269437400,2010-03-24 09:30,44.39,44.5,43.37,43.5,18193072
1269523800,2010-03-25 09:30,43.98,44.05,42.72,42.91,14571355
1269610200,2010-03-26 09:30,43.16,43.94,42.75,43.71201,12771633
1269869400,2010-03-29 09:30,44.19,44.49001,43.85001,44.33,9462570
1269955800,2010-03-30 09:30,44.44,44.52,43.59,43.86,10074145
1270042200,2010-03-31 09:30,44.48,44.7,44.16,44.41,8496230
1270128600,2010-04-01 09:30,45.46001,46.44,45.36,46.39999,12674660
1270474200,2010-04-05 09:30,46.86,47.21001,46.39999,46.89999,8188898
1270560600,2010-04-06 09:30,46.64,47.28999,46.58,46.81,9464992
1270647000,2010-04-07 09:30,47.32001,48.5,47.14999,48.17999,14321652
1270733400,2010-04-08 09:30,48,48.36,47.61,48.19,8628949
1270819800,2010-04-09 09:30,48.66,49.11,48.21001,48.67999,9316723
1271079000,2010-04-12 09:30,48.5,49.11,48.00999,48.14,8422734
1271165400,2010-04-13 09:30,48.02,48.06,46.86,47.75,10895512
1271251800,2010-04-14 09:30,48.23,48.44501,47.61,48.09,7796426
1271338200,2010-04-15 09:30,47.96001,48.28999,47.55,47.57001,5926277
1271424600,2010-04-16 09:30,47.02,47.45,45.73,46.64999,20726640
1271683800,2010-04-19 09:30,46.12,46.60001,45.7,46.59,10562191
1271770200,2010-04-20 09:30,47,47.31,46.44,46.46001,6337383
1271856600,2010-04-21 09:30,46.7,47.21001,46.36,46.98,8104844
1271943000,2010-04-22 09:30,46.42,47.36,46.05,47.36,7763008
1272029400,2010-04-23 09:30,47.21001,48.3,46.67999,48.21001,9274715
1272288600,2010-04-26 09:30,48.25,48.56,47.91,48.13,5567203
1272375000,2010-04-27 09:30,47.69,48.69,47.32001,48.28,17823312
1272461400,2010-04-28 09:30,48.47,50.33,48.33749,49.7,17931056
1272547800,2010-04-29 09:30,49.82001,50.67,49.64,50.31,9865258
1272634200,2010-04-30 09:30,50.87,51.53999,50.5,50.50999,12779371
1272893400,2010-05-03 09:30,50.92,51.05,49.3708,49.88,10052867
1272979800,2010-05-04 09:30,50.22,50.31,48.46001,49.66,22279136
1273066200,2010-05-05 09:30,48.06,49.87,47.89,49.24001,17610912
1273152600,2010-05-06 09:30,49.17,50.5,48.07001,49.9399,23955344
1273239000,2010-05-07 09:30,49.67,50.45,48.41,49.13,16601918
1273498200,2010-05-10 09:30,49.50999,50.34,49.03,50.14,15392633
1273584600,2010-05-11 09:30,51.39,54.1967,51.32001,53.60001,21799600
1273671000,2010-05-12 09:30,54.03999,54.63,53.25999,53.42999,22286064
1273757400,2010-05-13 09:30,53.47,53.87,52.42999,52.66,12821156
1273843800,2010-05-14 09:30,53.48,53.71001,51.37,53.14999,17432240
1274103000,2010-05-17 09:30,52.97,53.07001,51.21001,51.87,14205023
1274189400,2010-05-18 09:30,51.27,52.25999,50.95,51.49001,14861102
1274275800,2010-05-19 09:30,50.5,50.71001,48.10001,49.45,21953520
1274362200,2010-05-20 09:30,48.11,48.7825,46.75999,47.0475,25906736
1274448600,2010-05-21 09:30,46.17,47.72,45.88,47.21001,17751808
1274707800,2010-05-24 09:30,48.07001,48.53999,47.50999,47.64,11311430
1274794200,2010-05-25 09:30,47.22,49.03,46.89,48.94,16756340
1274880600,2010-05-26 09:30,50.05,50.38,48.84,48.99001,11067129
1274967000,2010-05-27 09:30,49.42,50.41,49.32001,50.17799,9490531
1275053400,2010-05-28 09:30,49.86,50.185,49.3,49.86,7536734
1275399000,2010-06-01 09:30,50.3,51.16,49.72,49.81,9029844
1275485400,2010-06-02 09:30,49.82001,50.7,49.50999,50.67,6356672
1275571800,2010-06-03 09:30,50.61,51,49.14999,49.83,7318605
1275658200,2010-06-04 09:30,49.14,49.89999,48.6299,48.815,9554738
1275917400,2010-06-07 09:30,48.7,50.8,48.39999,50.19,10434719
1276003800,2010-06-08 09:30,50.71001,51.63,50.31,50.72,12295219
1276090200,2010-06-09 09:30,50.5,51.03999,49.83,50.2,7967648
1276176600,2010-06-10 09:30,50.12,50.899,50.00999,50.66,6450320
1276263000,2010-06-11 09:30,50.78999,50.97,50.41,50.78999,4276254
1276522200,2010-06-14 09:30,50.92999,51.03999,49.8,49.89999,6662898
1276608600,2010-06-15 09:30,50.17,51.19,50.14999,51.17,6474047
1276695000,2010-06-16 09:30,50.98,51.97501,50.81,51.66,7095172
1276781400,2010-06-17 09:30,52.62,53.25,52.48,52.96001,9942957
1276867800,2010-06-18 09:30,53.86,54.23,53.57001,54.06,10202895
1277127000,2010-06-21 09:30,54.27,54.395,52.16499,52.52,10916379
1277213400,2010-06-22 09:30,52.59,53.17,52.13,52.14,6097090
1277299800,2010-06-23 09:30,51.89999,52.66,51.42,52.45,6464859
1277386200,2010-06-24 09:30,52.14,53.07001,51.94,52.17999,8073129
1277472600,2010-06-25 09:30,53.03999,54.31,52.8,53.88,8480172
1277731800,2010-06-28 09:30,53.95,54.83,52.965,53.39999,12315605
1277818200,2010-06-29 09:30,52.60001,52.8625,51.64999,51.98,10292438
1277904600,2010-06-30 09:30,51.77,52.8,51.71001,51.96001,6028801
1277991000,2010-07-01 09:30,51.53,51.81,48.78999,49.62,15000840
1278077400,2010-07-02 09:30,50,50.48,49.265,49.58,7382973
1278423000,2010-07-06 09:30,49.83,49.97,48.48,48.91,8131023
1278509400,2010-07-07 09:30,48.89999,50.11,48.5,49.99249,7721176
1278595800,2010-07-08 09:30,50.23,50.39999,48.6201,49.37801,7610711
1278682200,2010-07-09 09:30,49.92,51,49.92,50.48,6955984
1278941400,2010-07-12 09:30,50.39,50.95,49.83,50.14999,4625484
1279027800,2010-07-13 09:30,51.37,51.48,50.25,50.39,8299602
1279114200,2010-07-14 09:30,50.37,51.0425,49.88,50.25999,7023707
1279200600,2010-07-15 09:30,50.66,50.73,49.5101,50.17,5826129
1279287000,2010-07-16 09:30,49.25,49.28999,48.42,48.53999,9591727
1279546200,2010-07-19 09:30,48.11,48.2,46.99001,47.53,8841934
1279632600,2010-07-20 09:30,47.38,48.66,47.23,48.55,6986926
1279719000,2010-07-21 09:30,49.00999,49.16,47.8868,48.17999,6899227
1279805400,2010-07-22 09:30,48.57001,49.59,48.52,49.16,7211684
1279891800,2010-07-23 09:30,49.36,49.64,48.87,49.21001,8234016
1280151000,2010-07-26 09:30,49.5,49.5601,48.60001,48.89,7217051
1280237400,2010-07-27 09:30,48.5,48.53999,46.82001,47.09,17307664
1280323800,2010-07-28 09:30,46.91,47.59,46.8,47.39,8291547
1280410200,2010-07-29 09:30,47.74001,48.03,47.12,47.67999,7331789
1280496600,2010-07-30 09:30,47.58,48.425,47.45,48.22,9818320
1280755800,2010-08-02 09:30,48.92999,49.0499,47.67999,48.05,6518742
1280842200,2010-08-03 09:30,48.28,48.8,48.13,48.32001,6398824
1280928600,2010-08-04 09:30,49.32001,49.75999,49.11,49.62,11805465
1281015000,2010-08-05 09:30,49.60001,49.7,49.17,49.69,4171930
1281101400,2010-08-06 09:30,50.12,50.7,49.95,50.17,6680691
1281360600,2010-08-09 09:30,50.17,50.22,49.48,50.19,5638887
1281447000,2010-08-10 09:30,49.46001,50.49001,49.14,50.37,8312715
1281533400,2010-08-11 09:30,50.16,50.33,48.99001,49.08,8254684
1281619800,2010-08-12 09:30,49.75999,50.36,49.7,50.31,7021105
1281706200,2010-08-13 09:30,50.27,50.38,49.64999,49.74001,3979716
1281965400,2010-08-16 09:30,50.36,50.78999,50.17,50.71001,5566770
1282051800,2010-08-17 09:30,50.94,51.37,50.53,51.28999,5998141
1282138200,2010-08-18 09:30,50.84,52.22,50.5,52.13,8134145
1282224600,2010-08-19 09:30,52.22,52.55,51.21001,51.728,6209250
1282311000,2010-08-20 09:30,51.19,51.46001,50.50999,51.28,6285906
1282570200,2010-08-23 09:30,51.37,51.48,50.66,50.89999,4604090
1282656600,2010-08-24 09:30,49.78999,51.14999,49.57001,50.3,7948582
1282743000,2010-08-25 09:30,50.75,52,50.41,52,9651441
1282829400,2010-08-26 09:30,51.99001,52.83,51.98,52.73199,8292047
1282915800,2010-08-27 09:30,52.81,53.46001,51.98,53.34,9828074
1283175000,2010-08-30 09:30,53.2,53.69,52.94,53.12,5655383
1283261400,2010-08-31 09:30,53.42,54.49001,53.31,53.61,12208438
1283347800,2010-09-01 09:30,54.14999,54.33,52.75999,52.85001,7926402
1283434200,2010-09-02 09:30,53.46001,53.78,52.81,53.57001,6962906
1283520600,2010-09-03 09:30,53.11,53.7,52.75999,53.69,6072309
1283866200,2010-09-07 09:30,54.25999,54.53,53.92,53.95,7738551
1283952600,2010-09-08 09:30,54.28999,54.69,53.66,53.67,6306637
1284039000,2010-09-09 09:30,53.94,54,52.5,52.64999,7009625
1284125400,2010-09-10 09:30,52.47,53.478,52.42999,53.03999,5493277
1284384600,2010-09-13 09:30,53.2,53.44,52.72,53,5218531
1284471000,2010-09-14 09:30,53.97,55.59,53.92,54.88,14874449
1284557400,2010-09-15 09:30,54.73,55.12,54.25999,54.60001,8740109
1284643800,2010-09-16 09:30,55.17,55.67,54.86,55.36,9409625
1284730200,2010-09-17 09:30,55.73,55.77,54.67999,54.78,8984574
1284989400,2010-09-20 09:30,55.17999,55.89999,54.96001,55.34,9127207
1285075800,2010-09-21 09:30,55.09,55.77,53.85001,55.67,16434859
1285162200,2010-09-22 09:30,56.28999,56.67,55.81,56.37,10977141
1285248600,2010-09-23 09:30,56.09,56.5,55.48,55.75999,8142648
1285335000,2010-09-24 09:30,56.62,56.62,55.49001,55.67,9569480
1285594200,2010-09-27 09:30,55.85001,55.98,55.14999,55.34,5841871
1285680600,2010-09-28 09:30,55,56.75,54.28,56.66,15152730
1285767000,2010-09-29 09:30,56.78,56.86,56.10001,56.50999,10176859
1285853400,2010-09-30 09:30,56.75999,56.81,54.99001,55.92999,12779633
1285939800,2010-10-01 09:30,56.45,57.25,55.92999,56.60001,9595637
1286199000,2010-10-04 09:30,56.37,56.37,55.2,55.55,7090082
1286285400,2010-10-05 09:30,56.81,57.83,56.715,57.25999,12009051
1286371800,2010-10-06 09:30,57.49001,58.41,57.21201,58.12,11076730
1286458200,2010-10-07 09:30,58.58,58.58,55.97,56.58,18951424
1286544600,2010-10-08 09:30,56.64,57.46001,56.61,57.3,8792797
1286803800,2010-10-11 09:30,57.03,57.73,56.60001,57.41,7206184
1286890200,2010-10-12 09:30,56.96001,57.27831,56.11,57.17,9428578
1286976600,2010-10-13 09:30,57.7999,58.82001,57.75,58.59,10932484
1287063000,2010-10-14 09:30,58.42999,58.88,57.89,58.19,8450996
1287149400,2010-10-15 09:30,57.87,58.08,56.92,57.41,11031992
1287408600,2010-10-18 09:30,57,57.50999,56.50999,57.14,7252203
1287495000,2010-10-19 09:30,55.36,55.39999,54.00999,54.53,16652234
1287581400,2010-10-20 09:30,54.64,55.89999,54.61,55.46001,11603695
1287667800,2010-10-21 09:30,55.5,55.89999,53.78,54.28,13813992
1287754200,2010-10-22 09:30,54.35001,54.89,53.84,54.89,7662121
1288013400,2010-10-25 09:30,55.98,56.19,55.39999,55.74001,9001129
1288099800,2010-10-26 09:30,55.0117,56.07001,54.88,55.78999,6280492
1288186200,2010-10-27 09:30,55.00999,55.09,53.67,54.67799,8958191
1288272600,2010-10-28 09:30,55.49001,56.5,55.00999,56.36,8830316
1288359000,2010-10-29 09:30,56.72,57.49001,56.52,57.29601,8513672
1288618200,2010-11-01 09:30,57.58,57.87,56.731,57.23,6737992
1288704600,2010-11-02 09:30,57.75999,57.89,57.14999,57.67,7039883
1288791000,2010-11-03 09:30,57.59,57.84,56.17,57.23,15070445
1288877400,2010-11-04 09:30,59.34,60.03,59.08,59.99001,13993156
1288963800,2010-11-05 09:30,59.67,60.85001,59.56,60.09,10178090
1289226600,2010-11-08 09:30,59.97,61.85001,59.89,61.77,10847785
1289313000,2010-11-09 09:30,62.83,63.75999,59.19,59.67,25302528
1289399400,2010-11-10 09:30,60.5009,61.42,59.3,61.33,17318832
1289485800,2010-11-11 09:30,61.59109,61.91,60.48,61.78,10129707
1289572200,2010-11-12 09:30,60.50999,61.42,59.36,60.07001,13212629
1289831400,2010-11-15 09:30,60.23,60.39,59.2,59.47,7808418
1289917800,2010-11-16 09:30,58.50999,58.73,57.05,57.66,16215500
1290004200,2010-11-17 09:30,57.55,58.86,57.52,58.03999,9266461
1290090600,2010-11-18 09:30,59.27,59.59,58.81,59.03,10380215
1290177000,2010-11-19 09:30,58.67999,59.41,58.35001,59.28,7656176
1290436200,2010-11-22 09:30,59.13,60.23,58.73,60.03,8651051
1290522600,2010-11-23 09:30,59.91,60.19,59.17999,59.62,10628492
1290609000,2010-11-24 09:30,59.84,60.14,59.25999,59.67,4915141
1290781800,2010-11-26 09:30,58.36,58.85001,58.25999,58.61,3884740
1291041000,2010-11-29 09:30,58.42,58.96001,57.61,58.87,6868105
1291127400,2010-11-30 09:30,58.89999,60.12,58.78999,59.5,10819789
1291213800,2010-12-01 09:30,60.02,60.39999,59.42999,60.28,8486855
1291300200,2010-12-02 09:30,60.7,61.72,60.7,61.17999,9973184
1291386600,2010-12-03 09:30,61.8,63.14,61.74001,62.71001,10234773
1291645800,2010-12-06 09:30,63.07001,63.88,62.89,63.8,8216129
1291732200,2010-12-07 09:30,64.58,64.62,62.28,62.38,14763805
1291818600,2010-12-08 09:30,61.85001,62.3,60.77,61.2,11461547
1291905000,2010-12-09 09:30,61.8,61.85001,61.02499,61.42999,9157094
1291991400,2010-12-10 09:30,61.10001,61.82899,60.60001,61.66,7446867
1292250600,2010-12-13 09:30,62.58,62.99001,62.02,62.22,7755301
1292337000,2010-12-14 09:30,62.33,62.82001,61.87,62.13,6846238
1292423400,2010-12-15 09:30,61.59,62.155,60.84,60.99001,9767355
1292509800,2010-12-16 09:30,60.85001,60.87,59.5,60.17,10749488
1292596200,2010-12-17 09:30,60.31,60.46001,59.39999,60.44,11318434
1292855400,2010-12-20 09:30,60.63,60.87,59.83,60.57001,5934383
1292941800,2010-12-21 09:30,60.64999,60.82001,60.07001,60.55,5675332
1293028200,2010-12-22 09:30,60.53999,60.59,59.81,59.84,4420074
1293114600,2010-12-23 09:30,59.37,60.39,59,59.89,7247324
1293460200,2010-12-27 09:30,59.92999,59.92999,58.92999,59.53999,3481486
1293546600,2010-12-28 09:30,60.62,61.23,60.13,61.09,5316188
1293633000,2010-12-29 09:30,61.38,61.60001,60.95,61.31,4003960
1293719400,2010-12-30 09:30,61.27,61.56,60.61,60.88,3477869
1293805800,2010-12-31 09:30,61.12,61.74001,60.96001,61.47,4461570
1294065000,2011-01-03 09:30,61.81,62.02,60.3999,60.77,9098770
1294151400,2011-01-04 09:30,60.0401,60.21001,58,59.02,13875371
1294237800,2011-01-05 09:30,58.34,58.62,57.49001,58.22,11491813
1294324200,2011-01-06 09:30,58.28,58.36,56.565,56.74001,13884313
1294410600,2011-01-07 09:30,56.47,57.71001,56.39999,56.74001,11029281
1294669800,2011-01-10 09:30,56.88,57.06,56.28,56.89,7591020
1294756200,2011-01-11 09:30,57.7,58.10001,57.3,58.0425,8289305
1294842600,2011-01-12 09:30,58.23,58.24001,57.3069,57.89999,7430203
1294929000,2011-01-13 09:30,58.14999,58.14999,55.69,56.05,12742199
1295015400,2011-01-14 09:30,55.55,56.05,54.61,54.88,17678320
1295361000,2011-01-18 09:30,55.64999,56.08,55.44,55.81,6702207
1295447400,2011-01-19 09:30,56.35001,56.41,54.94,55.47,8649770
1295533800,2011-01-20 09:30,54.19,54.67999,53.38,54.64,17411840
1295620200,2011-01-21 09:30,54.41,54.96001,53.905,53.94,16706949
1295879400,2011-01-24 09:30,53.89,54.5,53.12,53.42999,11997176
1295965800,2011-01-25 09:30,52.77,53.32001,52.46001,53.12,17838624
1296052200,2011-01-26 09:30,53.02,55.2,52.95,55.10001,16732820
1296138600,2011-01-27 09:30,55.03999,55.03999,53.33,53.73,14559289
1296225000,2011-01-28 09:30,53.47,55.31,53.27,54.2,13556645
1296484200,2011-01-31 09:30,54.14,54.52,53.44,53.92,8548367
1296570600,2011-02-01 09:30,54.57001,55.515,54.00999,55.44,11420746
1296657000,2011-02-02 09:30,55.57001,55.64,54.56,55.03,6583371
1296743400,2011-02-03 09:30,55.27,56.7,54.53999,56.52,11668441
1296829800,2011-02-04 09:30,56.92999,57.03,55.97,56.11,8587090
1297089000,2011-02-07 09:30,56.66,56.82001,55.92999,56.12,6296551
1297175400,2011-02-08 09:30,56.99001,57.46001,56.75999,57.35001,8318539
1297261800,2011-02-09 09:30,57.37,57.67,56.10001,56.464,7190203
1297348200,2011-02-10 09:30,55.85001,56.25999,55.22,55.92999,7489004
1297434600,2011-02-11 09:30,56.02,56.7,55.50999,55.73,8778422
1297693800,2011-02-14 09:30,55.99001,56.6499,55.95,56.46001,4779938
1297780200,2011-02-15 09:30,57.10001,57.7146,57.02,57.50999,8399977
1297866600,2011-02-16 09:30,57.7,57.94,56.96001,57.74001,6611715
1297953000,2011-02-17 09:30,58.13,58.45,57.78,58.45,6283004
1298039400,2011-02-18 09:30,58.74001,59.66,58.66,58.98,7849941
1298385000,2011-02-22 09:30,60.2,60.33,58.42999,58.42999,10996262
1298471400,2011-02-23 09:30,58.91071,60.06,58.69,59.61,9591445
1298557800,2011-02-24 09:30,59.95,60,57.63,57.74001,10744563
1298644200,2011-02-25 09:30,58.25,58.95,58.17999,58.95,6030184
1298903400,2011-02-28 09:30,59.24001,59.89999,58.92,59.83,5107582
1298989800,2011-03-01 09:30,60.38,61.14999,60.25,60.802,10065742
1299076200,2011-03-02 09:30,61.10001,61.25,60.36,60.78999,7047078
1299162600,2011-03-03 09:30,60.11011,60.2,59.19,59.87,8692438
1299249000,2011-03-04 09:30,60.08,60.84,60.06,60.401,5799496
1299508200,2011-03-07 09:30,61.24001,61.3,59.78999,59.95,8315641
1299594600,2011-03-08 09:30,59.75999,59.83,58.60001,59.41,6311484
1299681000,2011-03-09 09:30,59.69,59.88,58.53999,58.94,5931402
1299767400,2011-03-10 09:30,57.60001,57.83,56.55,56.83,13823660
1299853800,2011-03-11 09:30,56.35001,58.24001,56.12,57.82001,8319406
1300109400,2011-03-14 09:30,57.81,58.08009,57.05,57.81,6209613
1300195800,2011-03-15 09:30,55.05,56.64999,54.75,56.48,13480980
1300282200,2011-03-16 09:30,56.53,56.95,54.67999,55.24001,12472496
1300368600,2011-03-17 09:30,55.67999,55.97,55.06,55.72,7537715
1300455000,2011-03-18 09:30,56.49001,57.07001,56.075,56.66,11001102
1300714200,2011-03-21 09:30,57.72,58.05,57.21001,58.02,6313211
1300800600,2011-03-22 09:30,57.72,58.57001,57.44,58.17,5635992
1300887000,2011-03-23 09:30,58.39999,60.42999,58.32001,60.28,8173590
1300973400,2011-03-24 09:30,60.69,61.37,59.8,59.99001,12405102
1301059800,2011-03-25 09:30,60.10001,60.61,59.22,59.52,7526844
1301319000,2011-03-28 09:30,58.89,59.5,58.44,58.48,6116086
1301405400,2011-03-29 09:30,58.42,59.38,58.03999,58.53999,7366082
1301491800,2011-03-30 09:30,59.27,59.75,58.64999,59.64,8175914
1301578200,2011-03-31 09:30,60.25,60.59,59.86,60.10001,6821488
1301664600,2011-04-01 09:30,59.88,60.24001,59.425,59.77,6740348
1301923800,2011-04-04 09:30,60.07001,60.69,59.73,59.75,4072408
1302010200,2011-04-05 09:30,59.83,62.74001,59.6801,62.71001,11406262
1302096600,2011-04-06 09:30,63.2299,63.67999,62.36,62.772,9955816
1302183000,2011-04-07 09:30,62.66,63.46001,62.28,62.50999,7360355
1302269400,2011-04-08 09:30,63.58,64.14,63.33501,63.95,7971063
1302528600,2011-04-11 09:30,63.84,63.85001,61.53999,62.10001,10111141
1302615000,2011-04-12 09:30,61.72,62.19,60.53081,61.11,10920805
1302701400,2011-04-13 09:30,61.67999,61.82001,60.50999,60.86,7913457
1302787800,2011-04-14 09:30,60.97,62,60.8,61.64,10620645
1302874200,2011-04-15 09:30,61.67999,61.89999,61.03999,61.44,9801031
1303133400,2011-04-18 09:30,61.35001,61.45,59.53,60.83,13991805
1303219800,2011-04-19 09:30,60.85001,61.71001,60.56,61.63989,7255277
1303306200,2011-04-20 09:30,62.37,63.11,62.07001,62.10001,10690836
1303392600,2011-04-21 09:30,62.64999,62.97,62.16,62.63,7240797
1303738200,2011-04-25 09:30,62.87,62.89999,60.89999,61.24001,9336004
1303824600,2011-04-26 09:30,60.80009,60.87,59.8,60.22,8153996
1303911000,2011-04-27 09:30,60.62,61.78011,59.50999,61.61099,12467234
1303997400,2011-04-28 09:30,61.78,62.59,61.11,61.28,9884676
1304083800,2011-04-29 09:30,61.59,62.5,61.16499,62.2,10129352
1304343000,2011-05-02 09:30,61.45,62.16,59.59,60.12,12056875
1304429400,2011-05-03 09:30,59.83,60.05,57.57001,58.22,19237152
1304515800,2011-05-04 09:30,58.33,58.88,57.03,58.34,15993355
1304602200,2011-05-05 09:30,57.35001,58.0499,55.24001,56.11,23612688
1304688600,2011-05-06 09:30,56.86,57.67,55.95,56.09,12709387
1304947800,2011-05-09 09:30,56.82001,57.31,56.28999,57.21001,8613203
1305034200,2011-05-10 09:30,57.36,57.47,56.73,56.75999,10316559
1305120600,2011-05-11 09:30,56.64999,56.94,54.49001,54.91,15721570
1305207000,2011-05-12 09:30,54.31,55.41,53.61,54.64999,14719594
1305293400,2011-05-13 09:30,54.67999,55.33,53.37,54.21001,13902176
1305552600,2011-05-16 09:30,54.14999,55.46001,53.83,54.47,14151254
1305639000,2011-05-17 09:30,54.21001,55.14,53.61,55.00999,14210117
1305725400,2011-05-18 09:30,55.34,55.92999,55.03011,55.39,11681344
1305811800,2011-05-19 09:30,55.33,55.85001,55,55.60001,7869914
1305898200,2011-05-20 09:30,55.60001,56.50999,54.53999,55.75999,19314624
1306157400,2011-05-23 09:30,55.3699,56.28999,54.92,55.34,11372316
1306243800,2011-05-24 09:30,55.87,56.89,55.83,56.61,11179809
1306330200,2011-05-25 09:30,56.7,57.5,56.37,57.08,8181063
1306416600,2011-05-26 09:30,57.05,57.23,56.31,57.10001,7969070
1306503000,2011-05-27 09:30,57.49001,58.09,57.45,57.918,7031375
1306848600,2011-05-31 09:30,58.46001,58.5,57.42,58.14999,8880496
1306935000,2011-06-01 09:30,58.00999,58.39799,57,57.07001,9628090
1307021400,2011-06-02 09:30,57.14999,57.67999,55.82001,56.61,9937227
1307107800,2011-06-03 09:30,56.31,56.96001,56,56.49001,9447535
1307367000,2011-06-06 09:30,56.25999,56.8,54.62,54.82001,10447766
1307453400,2011-06-07 09:30,55.28,55.5,54.42,54.67,9870184
1307539800,2011-06-08 09:30,54.08,54.39999,52.8,53.42999,13322164
1307626200,2011-06-09 09:30,53.60001,54.75999,53.25,54.37,9642207
1307712600,2011-06-10 09:30,53.75,53.92,52.89999,53.39999,10940535
1307971800,2011-06-13 09:30,53.14999,53.66,52.16,52.52,9561445
1308058200,2011-06-14 09:30,52.72,53.74001,52.72,53.39,7111746
1308144600,2011-06-15 09:30,53.00999,54.05,52.52,53.06,11589785
1308231000,2011-06-16 09:30,52.89999,53.05,51.10001,51.78,14787797
1308317400,2011-06-17 09:30,51.8,52.7001,51.58,51.97,12023242
1308576600,2011-06-20 09:30,51.96001,52.69,51.95,52.25,8244160
1308663000,2011-06-21 09:30,52.63,54.14,52.56,54.00999,11128980
1308749400,2011-06-22 09:30,54.08,55.4001,54.03,54.66,13617602
1308835800,2011-06-23 09:30,53.25999,54.00999,52.53,54.00999,17478416
1308922200,2011-06-24 09:30,53.89999,53.89999,52.42999,52.58,9528406
1309181400,2011-06-27 09:30,52.23,52.86,51.8,52.52,8744934
1309267800,2011-06-28 09:30,52.83,53.45,52.31,53.16,8987008
1309354200,2011-06-29 09:30,53.82001,55,53.49001,54.37,11306453
1309440600,2011-06-30 09:30,54.66,54.84,54.05,54.59,9547270
1309527000,2011-07-01 09:30,54.21001,54.235,53.02,53.74001,10228246
1309872600,2011-07-05 09:30,54.92999,55.74001,54.55,55.42,11813172
1309959000,2011-07-06 09:30,55.84,56.47,55.66,56.13,9346395
1310045400,2011-07-07 09:30,56.55,56.95,56.25,56.25,10928734
1310131800,2011-07-08 09:30,56.64,56.98,55.98,56.28999,8155793
1310391000,2011-07-11 09:30,56.47,56.81,55.31,55.62,13056875
1310477400,2011-07-12 09:30,55.58,57.75,55.52,57.37,16397172
1310563800,2011-07-13 09:30,58.28999,59.97,58.16,59.27,20720944
1310650200,2011-07-14 09:30,60,60.12,58.72,58.78,16635613
1310736600,2011-07-15 09:30,59.10001,59.73,58.9299,59.72,8716855
1310995800,2011-07-18 09:30,60.39,60.99001,60.24001,60.58,13537148
1311082200,2011-07-19 09:30,60.87,60.94,59.34,59.67999,12717078
1311168600,2011-07-20 09:30,59.31,60.53999,59.03999,60.35001,8719246
1311255000,2011-07-21 09:30,60.59,60.78,59.74001,60.05,10930125
1311341400,2011-07-22 09:30,60.45,61,60.14999,60.75999,6875039
1311600600,2011-07-25 09:30,61.42999,61.71001,60.13,60.28,9479277
1311687000,2011-07-26 09:30,60.24001,60.57001,59.84,60.28999,6589313
1311773400,2011-07-27 09:30,60.60001,60.94,58.35001,58.48199,14019793
1311859800,2011-07-28 09:30,58.13,58.3,57.145,58.13,12543480
1311946200,2011-07-29 09:30,57.92999,57.92999,56.75999,56.89,13973289
1312205400,2011-08-01 09:30,56.99001,58.23,56.75,57.36,10819574
1312291800,2011-08-02 09:30,58.08,59.02499,57.63,58.45,13023883
1312378200,2011-08-03 09:30,59.14999,59.77,58.91,59.2,12672340
1312464600,2011-08-04 09:30,59.71001,59.73,54.92,55.89999,24423712
1312551000,2011-08-05 09:30,56.2,57.16,53.77499,55.42,17767648
1312810200,2011-08-08 09:30,56.19,57.98,55.27,55.44,26914016
1312896600,2011-08-09 09:30,56.38,57.72,54.89999,57.698,23872400
1312983000,2011-08-10 09:30,57.7301,60.52499,56.72,59.3,23959632
1313069400,2011-08-11 09:30,58.96001,60.34,57.78999,59.85001,20157104
1313155800,2011-08-12 09:30,59.21001,59.49001,58.23,59.22,13455602
1313415000,2011-08-15 09:30,59.07001,61,58.60001,60.89999,11936176
1313501400,2011-08-16 09:30,60.87,61.22,60,60.28,11113344
1313587800,2011-08-17 09:30,60.34,61.56,60.28,60.74001,8829262
1313674200,2011-08-18 09:30,61.03999,61.13,59.28999,59.75999,11368809
1313760600,2011-08-19 09:30,60.64,61.75999,60.46001,61.25999,15350102
1314019800,2011-08-22 09:30,62.13,64.05,61.85001,63.7,21895008
1314106200,2011-08-23 09:30,62.53,63.06,60.64,61.49001,22697312
1314192600,2011-08-24 09:30,60.92999,61.22,58.78999,59.96001,18464880
1314279000,2011-08-25 09:30,59.02,61.45,58.57001,61.07001,15037652
1314365400,2011-08-26 09:30,61.17,62.57001,59.58,62.48,12206883
1314624600,2011-08-29 09:30,62.73,62.84,61.14,61.95,12110977
1314711000,2011-08-30 09:30,62.7,63.28999,62.08,63,11243746
1314797400,2011-08-31 09:30,63.02,63.45,61.91,62.8,11582316
1314883800,2011-09-01 09:30,62.89,63.89999,62.32001,63.38,12893465
1314970200,2011-09-02 09:30,64.33,65.34,64.24001,64.91,18735296
1315315800,2011-09-06 09:30,65.27,66.67999,64.38,65.34,23419472
1315402200,2011-09-07 09:30,63.75,65.46001,63.10001,65.42999,15157594
1315488600,2011-09-08 09:30,66.64,66.94,66,66.63,16666902
1315575000,2011-09-09 09:30,65.99001,66.98,65.31,65.8,14667297
1315834200,2011-09-12 09:30,64.75,65.60001,62.34,63.89999,18847968
1315920600,2011-09-13 09:30,63.99001,64.75,62.88,64.39,10440875
1316007000,2011-09-14 09:30,64.27,64.31,63,63.17,11960934
1316093400,2011-09-15 09:30,62.64999,62.89999,61.35001,62.8,14253406
1316179800,2011-09-16 09:30,63.00999,64.215,62.86,64.11,12489121
1316439000,2011-09-19 09:30,64.07001,64.75999,63.22,63.48,12328805
1316525400,2011-09-20 09:30,63.55,66.39,63.21001,65.63,15775914
1316611800,2011-09-21 09:30,65.45,66.89999,64.28,64.28,16293695
1316698200,2011-09-22 09:30,61.07001,61.23,58.64999,59.3,27374368
1316784600,2011-09-23 09:30,57.52,57.84,54.94,56.41,30085280
1317043800,2011-09-26 09:30,55.75999,57.55,54.98,57.34,23423888
1317130200,2011-09-27 09:30,59.46001,59.7,56.75999,57.07001,26570672
1317216600,2011-09-28 09:30,57.27,57.91,54.492,54.53999,16830336
1317303000,2011-09-29 09:30,55.53999,55.88,54.09,55.03,17721664
1317389400,2011-09-30 09:30,54.41,56.58,54.25,55.19,15198910
1317648600,2011-10-03 09:30,56.23,56.72,54.41,54.45,16265008
1317735000,2011-10-04 09:30,53.75,53.75,50.42,52.5,29657824
1317821400,2011-10-05 09:30,52.61,55.02,52.17999,54.888,20116816
1317907800,2011-10-06 09:30,54.99001,56.28,54.13,56.27,17541824
1317994200,2011-10-07 09:30,56.64999,56.85001,54.23,54.88,14417820
1318253400,2011-10-10 09:30,56.28999,56.84,55.67999,56.84,11985180
1318339800,2011-10-11 09:30,56.3,57.10001,55.73,56.91,11874371
1318426200,2011-10-12 09:30,57.53999,57.85001,56.85001,57.39,11025945
1318512600,2011-10-13 09:30,56.86,57,55.64999,56.28,11561988
1318599000,2011-10-14 09:30,56.88,58,56.73,57.964,8425305
1318858200,2011-10-17 09:30,57.86,57.98,56.42,56.59,8868754
1318944600,2011-10-18 09:30,55.78,57.16,54.28,56.97,14671594
1319031000,2011-10-19 09:30,56.50999,56.53,53.42999,53.55,17340384
1319117400,2011-10-20 09:30,53.00999,53.7699,52.03,53.13,16164254
1319203800,2011-10-21 09:30,54.17999,54.56,53.44,53.98,9628242
1319463000,2011-10-24 09:30,54.39999,56.22,54.39,56.03,12322672
1319549400,2011-10-25 09:30,56.17999,58.22,54.94,57.45,20171456
1319635800,2011-10-26 09:30,58.14011,58.64,56.69,57.97,14252395
1319722200,2011-10-27 09:30,58.81,59.64,58.14,59.11,16110289
1319808600,2011-10-28 09:30,58.78999,60.81,58.55,60.48,11921336
1320067800,2011-10-31 09:30,59.75,59.77,58.72,58.83,10747926
1320154200,2011-11-01 09:30,56.63,59.37,56.03,58.50999,14576805
1320240600,2011-11-02 09:30,59.5,60.75,58.95,59.96001,11391359
1320327000,2011-11-03 09:30,61.11,61.83,59.99001,61.83,11765789
1320413400,2011-11-04 09:30,61.11,61.465,59.92999,61.3,7508313
1320676200,2011-11-07 09:30,61.86,63.32001,61.85001,63.3,11834207
1320762600,2011-11-08 09:30,63.05,63.69501,62.5,62.5,11887801
1320849000,2011-11-09 09:30,61.78,63.05,60.67,60.69,15055484
1320935400,2011-11-10 09:30,61,61.21001,59.27139,60.17,14524387
1321021800,2011-11-11 09:30,60.74001,62.57001,60.74001,62.31,7928184
1321281000,2011-11-14 09:30,62.05,62.39,60.83,61.17,7790078
1321367400,2011-11-15 09:30,61.10001,61.64,60.42,61.33,7029031
1321453800,2011-11-16 09:30,60.55,61.55,60.21001,60.31,7930813
1321540200,2011-11-17 09:30,59.63,59.85001,57.63,57.87,18680320
1321626600,2011-11-18 09:30,58.11,58.55,56.77,57.06,12505809
1321885800,2011-11-21 09:30,56.1299,56.205,54.92,56.2,14784242
1321972200,2011-11-22 09:30,56.7,57.62,56.235,57.03999,12751695
1322058600,2011-11-23 09:30,56.28999,56.49001,55.11,55.49001,15222996
1322231400,2011-11-25 09:30,54.96989,55.84,54.77,54.78999,5170684
1322490600,2011-11-28 09:30,56.47,56.92999,55.8,56.2,9868289
1322577000,2011-11-29 09:30,56.22,57.11,56.03,56.46001,7563496
1322663400,2011-11-30 09:30,58.7,60.5,58.56,60.41,17915744
1322749800,2011-12-01 09:30,60.32001,61.005,59.60001,60.3,11337785
1322836200,2011-12-02 09:30,60.72,60.87,58.07001,58.25,15116164
1323095400,2011-12-05 09:30,58.22,59.48,57.50999,57.86,10465262
1323181800,2011-12-06 09:30,57.49001,59.47,57.10001,59.02,13810316
1323268200,2011-12-07 09:30,59.07001,59.28999,58.27,58.96001,11635141
1323354600,2011-12-08 09:30,58.12,58.25,56.97,57.25999,15135938
1323441000,2011-12-09 09:30,57.42999,58.06,57.08,57.83,8459520
1323700200,2011-12-12 09:30,56.31,56.33,55.2,55.8,13467777
1323786600,2011-12-13 09:30,55.96001,56.67,53.715,54.03999,17874272
1323873000,2011-12-14 09:30,52.92,53.22,51.53,52.38,30185520
1323959400,2011-12-15 09:30,53.00999,53.14,51.57001,51.67999,20606608
1324045800,2011-12-16 09:30,52.5,53.17999,52.03999,52.67999,16286406
1324305000,2011-12-19 09:30,52.49001,52.55,51.03,51.17,15121070
1324391400,2011-12-20 09:30,52.38,53.25,52.37,52.995,11646828
1324477800,2011-12-21 09:30,53.14999,53.42999,52.42,52.96001,8724293
1324564200,2011-12-22 09:30,52.56,52.62,51.77,52.39999,13183676
1324650600,2011-12-23 09:30,52.59,52.78999,52.35001,52.78999,4730293
1324996200,2011-12-27 09:30,52.37,52.52,51.67999,51.87,4786680
1325082600,2011-12-28 09:30,51.7699,51.87,50.00999,50.06,14171727
1325169000,2011-12-29 09:30,49.52,51.2,49.22,51.2,12199605
1325255400,2011-12-30 09:30,51.62,52.08,51.0901,51.42999,10002711
1325601000,2012-01-03 09:30,52.78999,54.02,52.75999,53.8,13015949
1325687400,2012-01-04 09:30,53.61011,54.53999,53.34,53.74001,8187645
1325773800,2012-01-05 09:30,53.25999,54.27,52.75999,53.89999,7419699
1325860200,2012-01-06 09:30,54.13,54.28999,53.22,53.35001,7758438
1326119400,2012-01-09 09:30,53.55,53.95,53.17999,53.64999,5514059
1326205800,2012-01-10 09:30,54.80009,55.07001,54.39,54.47,6614926
1326292200,2012-01-11 09:30,54.46001,54.50999,53.67,54.31,6841215
1326378600,2012-01-12 09:30,54.84,55.45,54.315,54.72,8361613
1326465000,2012-01-13 09:30,54.03999,54.17,53.23,54.05,7325004
1326810600,2012-01-17 09:30,54.53999,54.53999,52.86,53.17999,8414367
1326897000,2012-01-18 09:30,53.07001,53.58,52.95,53.24001,7010148
1326983400,2012-01-19 09:30,53.17,53.42,51.58,52.14999,12919988
1327069800,2012-01-20 09:30,52.07001,52.78,51.746,52.17999,8847504
1327329000,2012-01-23 09:30,52.42,53.27,52.42,53.00999,12819242
1327415400,2012-01-24 09:30,52.50999,52.58,51.71001,51.82001,12768504
1327501800,2012-01-25 09:30,51.58,55.41,51.27,55.23,26997968
1327588200,2012-01-26 09:30,56.06,56.78,55.50999,55.75999,20178160
1327674600,2012-01-27 09:30,55.8,57.37,55.72,57.14,14823977
1327933800,2012-01-30 09:30,56.39999,56.91,55.8,56.46001,8662539
1328020200,2012-01-31 09:30,57.52,57.71001,55.75,56.46001,14444223
1328106600,2012-02-01 09:30,57.03999,57.14999,56.37,56.56,8179008
1328193000,2012-02-02 09:30,57.09,57.94,56.687,57.47,10697574
1328279400,2012-02-03 09:30,56.77,56.94,55.95,56.44,16558512
1328538600,2012-02-06 09:30,56.02,56.8,55.86,56.17999,9669270
1328625000,2012-02-07 09:30,56.09,56.64999,55.28999,55.88,13118898
1328711400,2012-02-08 09:30,56.14,56.53,55.37,55.53999,8798754
1328797800,2012-02-09 09:30,56.2,56.42999,55.25,55.25,8597637
1328884200,2012-02-10 09:30,54.53999,54.84,54.08,54.49001,9901461
1329143400,2012-02-13 09:30,54.75999,54.92,54.13,54.3,6051941
1329229800,2012-02-14 09:30,54.3,54.55,53.19,53.77,10699156
1329316200,2012-02-15 09:30,54.42999,54.46001,53.52,53.56,10014918
1329402600,2012-02-16 09:30,52.94,55.14999,52.69,54.95,15893508
1329489000,2012-02-17 09:30,55.3,55.35001,54.03999,54.14999,9653141
1329834600,2012-02-21 09:30,55.00999,55.85001,54.7,55.82001,11722621
1329921000,2012-02-22 09:30,55.58,57,55.31,56.83,13147016
1330007400,2012-02-23 09:30,57.03999,57.71001,56.77,57.25999,14467281
1330093800,2012-02-24 09:30,57.14999,57.28999,56.17999,56.46001,9122742
1330353000,2012-02-27 09:30,56.27,56.64,55.73,56.06,8396434
1330439400,2012-02-28 09:30,56.55,57.44,56.2,57.33,15024539
1330525800,2012-02-29 09:30,57.50999,57.91,54.87,55.39999,34056576
1330612200,2012-03-01 09:30,55.53999,56.38499,55.21001,55.89,15038016
1330698600,2012-03-02 09:30,55.39,55.53,54.50999,54.78999,12763648
1330957800,2012-03-05 09:30,54.34,54.44,53.22,53.62,13540664
1331044200,2012-03-06 09:30,52.55,52.58,51.64,52.47,20944288
1331130600,2012-03-07 09:30,52.58,52.92,51.92999,52.67,11753098
1331217000,2012-03-08 09:30,53.23,53.71001,52.47,53.32001,9951211
1331303400,2012-03-09 09:30,52.95,53.94,52.64,53.24001,8384902
1331559000,2012-03-12 09:30,52.95,53.24001,52.22,52.37,8762895
1331645400,2012-03-13 09:30,52.21001,52.86,51.78999,52.11,13605559
1331731800,2012-03-14 09:30,51.35001,51.35001,49.67999,50.12,24310672
1331818200,2012-03-15 09:30,50.23,50.94,49.92,50.14,11196770
1331904600,2012-03-16 09:30,49.95,50.31,49.8,49.92999,11396676
1332163800,2012-03-19 09:30,50.07001,50.52,49.59,49.60001,11435313
1332250200,2012-03-20 09:30,48.99001,49.99001,48.42,49.86,15287367
1332336600,2012-03-21 09:30,50.27,50.5,49.72,49.75999,14025484
1332423000,2012-03-22 09:30,48.75999,49.13,48.45,48.75,11460563
1332509400,2012-03-23 09:30,49.08,50.06,48.83,49.75999,14594844
1332768600,2012-03-26 09:30,50.81,50.95,50.2,50.63,12641152
1332855000,2012-03-27 09:30,50.84,50.86,49.8,49.91,10168773
1332941400,2012-03-28 09:30,49.64999,49.75,48.6299,48.9299,14560102
1333027800,2012-03-29 09:30,48.75999,49.09,48.05,49.06,12259512
1333114200,2012-03-30 09:30,49.61501,49.63,48.81,49.53999,9890426
1333373400,2012-04-02 09:30,49.53999,50.75999,49.42,50.39,13115523
1333459800,2012-04-03 09:30,50.47,50.47,48.35001,48.752,17391104
1333546200,2012-04-04 09:30,47.73,47.77,46.00999,46.705,27240736
1333632600,2012-04-05 09:30,46.95,47.08,46,46.2,11559465
1333978200,2012-04-09 09:30,46.59,47.13,46.39,46.48,9302785
1334064600,2012-04-10 09:30,46.44,47.1891,45.98,47.03909,18463744
1334151000,2012-04-11 09:30,47.16,47.23,46.36,46.495,10174668
1334237400,2012-04-12 09:30,46.46001,48.33,46.45,48.155,14842859
1334323800,2012-04-13 09:30,47.92,48.06,47.25,47.5,12925926
1334583000,2012-04-16 09:30,47.34,47.74001,46.39,46.64,12575918
1334669400,2012-04-17 09:30,46.82001,47.71001,46.48,47.13,10551809
1334755800,2012-04-18 09:30,46.64999,47.25999,46.39999,46.63,10433480
1334842200,2012-04-19 09:30,46.95,47.27,46.4386,46.61,10360961
1334928600,2012-04-20 09:30,46.73,47.06,46.10001,46.12,10536211
1335187800,2012-04-23 09:30,45.41,45.45,44.17999,45.03999,19331504
1335274200,2012-04-24 09:30,45.35001,45.47,44.78999,45.14,10376105
1335360600,2012-04-25 09:30,45.47,46.39,45.10001,46.28999,21184656
1335447000,2012-04-26 09:30,46.32001,46.45,45.87,46.25,12884535
1335533400,2012-04-27 09:30,46.86,47.11,46.50999,46.8,9444141
1335792600,2012-04-30 09:30,46.37,46.57001,45.71001,46.39,9198023
1335879000,2012-05-01 09:30,46.41,46.89999,46.12,46.44,8893016
1335965400,2012-05-02 09:30,46.07001,46.10001,45.3,45.66,10173023
1336051800,2012-05-03 09:30,45.03999,45.14999,43.39999,43.88,19129920
1336138200,2012-05-04 09:30,43.82001,44.74001,43.78999,44.05,14631941
1336397400,2012-05-07 09:30,44.09,44.39,43.09,43.67,13774922
1336483800,2012-05-08 09:30,42.74001,42.85001,41.73,42.17,23657056
1336570200,2012-05-09 09:30,41.39,43.63,41.10201,43.02,28895280
1336656600,2012-05-10 09:30,43.55,43.89,42.67999,43.09,18882624
1336743000,2012-05-11 09:30,42.58,43.3,42.33,42.42,12633625
1337002200,2012-05-14 09:30,41.57021,42.25999,40.95,40.97,21794672
1337088600,2012-05-15 09:30,40.97,41.34,39.25,39.34,24529184
1337175000,2012-05-16 09:30,39.45,40.66,39.08,39.56,28722224
1337261400,2012-05-17 09:30,40.17999,41.97009,40.12,41.34,30746736
1337347800,2012-05-18 09:30,42.19,42.80499,41.435,41.62,21911632
1337607000,2012-05-21 09:30,41.64,43.12,41.63,43.00999,13538645
1337693400,2012-05-22 09:30,42.96001,43.75999,42.2,42.53999,20776720
1337779800,2012-05-23 09:30,42.12,44.44,41.3,44.44,31396336
1337866200,2012-05-24 09:30,44.75,45.28,43.7,44.63,21742496
1337952600,2012-05-25 09:30,44.74001,45.14999,44.39,44.91,12573824
1338298200,2012-05-29 09:30,45.42,45.48,43.67999,44.09,16706102
1338384600,2012-05-30 09:30,43.42999,44.83,42.72,44.24001,20223632
1338471000,2012-05-31 09:30,44.32001,44.85001,43.14,43.78,15765176
1338557400,2012-06-01 09:30,44.83,46.87,44.78,46.58,35432864
1338816600,2012-06-04 09:30,46.92,47.35001,45.86099,47.33,20464368
1338903000,2012-06-05 09:30,47.10001,47.60001,46.85001,47.53,14154816
1338989400,2012-06-06 09:30,48.38,48.72,46.91,47.62,24414528
1339075800,2012-06-07 09:30,47.7,47.75,45.42999,45.99001,28589376
1339162200,2012-06-08 09:30,45.36,46.64,45.07001,46.33,14445391
1339421400,2012-06-11 09:30,46.66,46.71001,45.53,45.66,13785633
1339507800,2012-06-12 09:30,46.12,46.94,46.00999,46.75999,13725547
1339594200,2012-06-13 09:30,47.13,47.48,46.62,46.78999,13250613
1339680600,2012-06-14 09:30,47.14,47.17,46.2,46.92999,15094863
1339767000,2012-06-15 09:30,47.09,47.12,46.56,46.92,12877168
1340026200,2012-06-18 09:30,46.33,47.92,46.14999,47.73,13102324
1340112600,2012-06-19 09:30,47.78,47.89,47.22,47.67999,10396754
1340199000,2012-06-20 09:30,47.10001,48.35001,46.5,47.27,21410544
1340285400,2012-06-21 09:30,46.27,46.38,44.8,44.82001,17768800
1340371800,2012-06-22 09:30,44.74001,45.35001,44.03,44.58,13972113
1340631000,2012-06-25 09:30,44.12,45.45,43.87,45.16,11189625
1340717400,2012-06-26 09:30,44.75999,45.23,43.89999,44.45,10341730
1340803800,2012-06-27 09:30,44.7,44.8,43.67999,44.28,9855984
1340890200,2012-06-28 09:30,43.72,44,42.60001,43.31,15493691
1340976600,2012-06-29 09:30,44.99001,45.08,44.14,44.77,12482332
1341235800,2012-07-02 09:30,44.45,45.03999,44.38,44.75999,6302316
1341322200,2012-07-03 09:30,45.48,46.57001,45.46001,46.45,11298867
1341495000,2012-07-05 09:30,46,46.42,45.67999,45.77,8587703
1341581400,2012-07-06 09:30,45.00999,45.41,44.25,44.42999,12261102
1341840600,2012-07-09 09:30,44.31,44.50999,43.8,44.25,8547672
1341927000,2012-07-10 09:30,44.67,44.84,42.64999,42.87,14906723
1342013400,2012-07-11 09:30,42.545,42.55,41.49001,41.97099,16634977
1342099800,2012-07-12 09:30,41.2,42.06,40.455,41.71001,24070400
1342186200,2012-07-13 09:30,42.06,42.50999,41.75,42.31,13691637
1342445400,2012-07-16 09:30,42.37,42.42999,41.89999,42.16,7990242
1342531800,2012-07-17 09:30,42.11,42.19,41,41.7,12187754
1342618200,2012-07-18 09:30,41.28999,41.58,41,41.12,8493613
1342704600,2012-07-19 09:30,41.55,41.88,41.36,41.59,7727711
1342791000,2012-07-20 09:30,41.35001,41.87,41.31,41.72501,8174219
1343050200,2012-07-23 09:30,40.99001,41.06,40.50999,40.7,10125016
1343136600,2012-07-24 09:30,41.05,41.17,40.39999,40.72,8488430
1343223000,2012-07-25 09:30,41.55,42.63,41.14999,41.96001,14461316
1343309400,2012-07-26 09:30,42.08,42.96001,41.81,42.83,13398027
1343395800,2012-07-27 09:30,43.02499,43.28999,42.39999,43.13,12202813
1343655000,2012-07-30 09:30,43.00999,43.77,42.91,43.72,7071719
1343741400,2012-07-31 09:30,43.74001,43.98,42.78,42.83,9415758
1343827800,2012-08-01 09:30,42.59,43.05,41.09,42.25,30718128
1343914200,2012-08-02 09:30,41.99001,42.89,41.64999,42.03999,11903477
1344000600,2012-08-03 09:30,42.55,43.00999,42.33,42.86,14580586
1344259800,2012-08-06 09:30,42.92999,44.16,42.84,43.73,12916113
1344346200,2012-08-07 09:30,44.03999,44.25,43.77,44.23,8880500
1344432600,2012-08-08 09:30,44.07001,44.89,43.92,43.99001,10652141
1344519000,2012-08-09 09:30,44,44.73,43.73,44.56,8452051
1344605400,2012-08-10 09:30,44.48,44.89999,44.35001,44.85001,5845211
1344864600,2012-08-13 09:30,45,45.34,44.07001,44.24001,8022141
1344951000,2012-08-14 09:30,44.07001,44.5401,43.86,43.92999,6270477
1345037400,2012-08-15 09:30,44.00999,44.19,43.7,44.14999,4684797
1345123800,2012-08-16 09:30,44.39,45.67,44.25999,45.64999,14382996
1345210200,2012-08-17 09:30,45.75,45.89999,45.06,45.34,7456105
1345469400,2012-08-20 09:30,45.32001,45.77,44.8501,45.62,6398078
1345555800,2012-08-21 09:30,46.36,47.23,46.08,46.38,16397492
1345642200,2012-08-22 09:30,46.45,47.5,45.95,47.5,15924219
1345728600,2012-08-23 09:30,47.96001,48.14999,47.35001,47.42,14893055
1345815000,2012-08-24 09:30,47.34,47.77901,47.06,47.57001,7617770
1346074200,2012-08-27 09:30,47.59,47.67,46.795,46.89999,8283887
1346160600,2012-08-28 09:30,47.07001,47.39,46.8,46.85001,7093262
1346247000,2012-08-29 09:30,46.96001,47.00999,46.25999,46.39,8076758
1346333400,2012-08-30 09:30,46.42,46.58501,45.85001,46.02,8065645
1346419800,2012-08-31 09:30,46.42999,48.06,45.96001,47.94,26222608
1346765400,2012-09-04 09:30,48.07001,48.14,47.3201,47.77,10670590
1346851800,2012-09-05 09:30,47.73,47.9789,47.28999,47.92999,6742617
1346938200,2012-09-06 09:30,48.46001,49.16,48.2,49.13,15135520
1347024600,2012-09-07 09:30,50.25999,50.73,50.08,50.46001,18403488
1347283800,2012-09-10 09:30,50.3,50.42,49.39999,49.48,11893543
1347370200,2012-09-11 09:30,49.92999,50.35001,49.58,49.81,9796840
1347456600,2012-09-12 09:30,50.19,50.24001,48.71001,50.00999,18236928
1347543000,2012-09-13 09:30,49.89,52.5278,49.24001,52.52,32409520
1347629400,2012-09-14 09:30,53.03,54.08,53,53.86,27036000
1347888600,2012-09-17 09:30,54.02,54.19501,53.13,53.89,12994895
1347975000,2012-09-18 09:30,53.78999,54.32001,53.37,54.32001,16323469
1348061400,2012-09-19 09:30,54.50999,54.95,53.89999,54.78999,15389879
1348147800,2012-09-20 09:30,54.13,54.41,53.67,54.36,11582852
1348234200,2012-09-21 09:30,55.11,55.25,54.31,54.81,13873227
1348493400,2012-09-24 09:30,54.06,54.23,52.92999,52.955,16074547
1348579800,2012-09-25 09:30,53.71001,53.96001,52.16,52.17,17410176
1348666200,2012-09-26 09:30,51.55,52.78,50.89999,52.39999,18637232
1348752600,2012-09-27 09:30,53.09,53.99001,52.60159,53.89,17146880
1348839000,2012-09-28 09:30,53.69,54.12,53.21001,53.69,10910449
1349098200,2012-10-01 09:30,54.21001,54.61,53.701,53.925,10913109
1349184600,2012-10-02 09:30,54.03999,54.2,53.25,53.59,10224684
1349271000,2012-10-03 09:30,53.67999,53.67999,52.62,52.72,11937855
1349357400,2012-10-04 09:30,53.49001,54.25,53.28999,54.25,14103309
1349443800,2012-10-05 09:30,53.99001,54.64,53.42,53.64999,12998840
1349703000,2012-10-08 09:30,53.17,53.535,52.89,53.23,7564598
1349789400,2012-10-09 09:30,53.42999,53.66,52.05,52.08,13258359
1349875800,2012-10-10 09:30,51.97,53,51.78,52.48,11009133
1349962200,2012-10-11 09:30,52.82001,53.13,52.46001,52.49001,7465656
1350048600,2012-10-12 09:30,52.59,52.72,51.535,51.66,10959160
1350307800,2012-10-15 09:30,51.27,51.67999,50.81,51.64,10383234
1350394200,2012-10-16 09:30,51.96001,52.67,51.96001,52.67,11359117
1350480600,2012-10-17 09:30,52.75999,53.39999,52.22,53.11031,10937059
1350567000,2012-10-18 09:30,52.56,52.73,51.52,51.52,14784254
1350653400,2012-10-19 09:30,51.35001,52,50.75999,51.73,19927680
1350912600,2012-10-22 09:30,51.62,52.48,51.56,52.42999,10201719
1350999000,2012-10-23 09:30,51.23,51.48,50.92,50.96001,14898313
1351085400,2012-10-24 09:30,51.35001,51.5,49.98,50.063,15898813
1351171800,2012-10-25 09:30,51.28999,51.73,51.02,51.59,17177584
1351258200,2012-10-26 09:30,51.71001,51.88,51,51.24001,8553520
1351690200,2012-10-31 09:30,51.875,52.97,51.86,52.89999,17968672
1351776600,2012-11-01 09:30,52.46001,52.53999,52,52.00999,10231867
1351863000,2012-11-02 09:30,51.32001,51.39999,49.74001,49.75999,20450880
1352125800,2012-11-05 09:30,50.03999,50.25,49.39,49.39,10855875
1352212200,2012-11-06 09:30,50.02,50.49001,49.39,50.34,18621680
1352298600,2012-11-07 09:30,50.71001,51.11501,49.63901,51.07001,15287250
1352385000,2012-11-08 09:30,50.765,51.82001,50.2001,51.41,15625539
1352471400,2012-11-09 09:30,51.47,51.62,50.66,50.67,10771602
1352730600,2012-11-12 09:30,50.7,50.94,49.98,50.03999,7671000
1352817000,2012-11-13 09:30,49.46001,50.13,49.25,49.48,10448043
1352903400,2012-11-14 09:30,49.42,49.45,47.16,47.22501,25574928
1352989800,2012-11-15 09:30,47.14999,47.19,45.5,45.97,29679824
1353076200,2012-11-16 09:30,45.89999,46.77,45.35001,46.47,22350880
1353335400,2012-11-19 09:30,47.56,47.85001,47.21001,47.765,15537945
1353421800,2012-11-20 09:30,47.53999,47.7301,47.08369,47.36,10114160
1353508200,2012-11-21 09:30,47.34,48.14,47,48.08,8859418
1353681000,2012-11-23 09:30,48.35001,49,47.8799,48.74001,12737691
1353940200,2012-11-26 09:30,48.5,48.75,47.855,48.75,12536914
1354026600,2012-11-27 09:30,48.27,48.48,47.46001,47.46001,18502944
1354113000,2012-11-28 09:30,46.58,47.92,46.25,47.89999,14301109
1354199400,2012-11-29 09:30,48.13,48.47,47.55991,48.03999,9943012
1354285800,2012-11-30 09:30,47.75999,48.28,47.06,47.55,11111254
1354545000,2012-12-03 09:30,47.52,47.66,46.42999,46.48,14758996
1354631400,2012-12-04 09:30,45.88,46.98,45.73,46.645,11930715
1354717800,2012-12-05 09:30,46.67999,46.7,45.22,45.34979,16369520
1354804200,2012-12-06 09:30,45.33,46.14,45.25,45.55,13228484
1354890600,2012-12-07 09:30,45.96001,46.2001,45.66,45.9301,10047719
1355149800,2012-12-10 09:30,46.3,46.67,46.10001,46.52,9836637
1355236200,2012-12-11 09:30,46.38,46.72,46.23,46.28,7458926
1355322600,2012-12-12 09:30,46.72,47.96001,46.61,47.63,23021088
1355409000,2012-12-13 09:30,46.56,46.89,45.97,46.34,15957211
1355495400,2012-12-14 09:30,46.14999,46.75101,45.96001,46.48,12425707
1355754600,2012-12-17 09:30,46.32001,46.7,46.0601,46.50999,9087371
1355841000,2012-12-18 09:30,46.52,46.61,45.38989,45.75,14999219
1355927400,2012-12-19 09:30,45.53,45.8,45.28,45.36,10956363
1356013800,2012-12-20 09:30,44.85001,45.2,44.16,45.07001,14520488
1356100200,2012-12-21 09:30,44.67,45.55009,44.66,45.17999,11377664
1356359400,2012-12-24 09:30,44.86,44.89999,44.17999,44.85001,5889434
1356532200,2012-12-26 09:30,45.03,45.24001,44.67999,45.14999,7027988
1356618600,2012-12-27 09:30,44.75999,45.905,44.6873,45.44,17914656
1356705000,2012-12-28 09:30,45.28999,45.685,44.88,44.92999,10708813
1356964200,2012-12-31 09:30,45,46.589,44.95,46.39,16216645
1357137000,2013-01-02 09:30,47.23,47.53,46.91,47.10001,13212434
1357223400,2013-01-03 09:30,46.74001,47.065,45.07001,45.1403,22838560
1357309800,2013-01-04 09:30,44.78999,45.33,44.5,45.33,16826512
1357569000,2013-01-07 09:30,44.85001,45.05,44.44,44.48,15484602
1357655400,2013-01-08 09:30,44.52,44.7,43.99001,44.64999,11816988
1357741800,2013-01-09 09:30,44.62,44.72,44.13,44.36,7691023
1357828200,2013-01-10 09:30,44.86,45.59,44.85001,45.41,16542973
1357914600,2013-01-11 09:30,45.34,45.49001,44.89,45.39999,12013809
1358173800,2013-01-14 09:30,45.67999,45.75999,45.19,45.23,8074797
1358260200,2013-01-15 09:30,45.52,45.96001,45.03999,45.59,9774262
1358346600,2013-01-16 09:30,45.28999,45.42,45.10001,45.21001,8441488
1358433000,2013-01-17 09:30,44.95,45.45,44.53999,45,12326996
1358519400,2013-01-18 09:30,45.25,45.25,44.89999,45.11,8142648
1358865000,2013-01-22 09:30,45.03,45.92,44.88,45.82001,12118738
1358951400,2013-01-23 09:30,45.62,45.72,44.53999,44.56,16698668
1359037800,2013-01-24 09:30,44.22,44.42,43.10001,43.23,25262240
1359124200,2013-01-25 09:30,42.95,43.06,41.89999,41.92,35696896
1359383400,2013-01-28 09:30,41.96001,42.08,41.39,41.48,18549520
1359469800,2013-01-29 09:30,42.12,42.42,41.84,42.25,16486535
1359556200,2013-01-30 09:30,42.92999,43.14,41.89999,41.96001,19525952
1359642600,2013-01-31 09:30,41.87,41.92999,41.39999,41.62,12444418
1359729000,2013-02-01 09:30,42.27,42.39,41.55,42.22,17064208
1359988200,2013-02-04 09:30,42.03,42.88499,41.995,42.34,9922469
1360074600,2013-02-05 09:30,42.59,42.67,42.06,42.25999,7646281
1360161000,2013-02-06 09:30,42.22,42.62,42.17,42.53999,8173422
1360247400,2013-02-07 09:30,42.11,42.94,42,42.60001,9789195
1360333800,2013-02-08 09:30,42.57001,42.7701,42.31,42.32001,5593672
1360593000,2013-02-11 09:30,41.94,41.97,41.36,41.47,11963219
1360679400,2013-02-12 09:30,41.42,41.99001,41.14,41.92,11066586
1360765800,2013-02-13 09:30,41.8,42.08,41.16,41.2,14594223
1360852200,2013-02-14 09:30,41.39,42.005,41.35001,41.36,9958617
1360938600,2013-02-15 09:30,40.83,40.83,39.83,39.89,22896848
1361284200,2013-02-19 09:30,39.77,39.77,39.16,39.37,15354039
1361370600,2013-02-20 09:30,38.71001,38.88,37.39,37.45,37098704
1361457000,2013-02-21 09:30,37.61,38.71001,37.49001,38.12,23222448
1361543400,2013-02-22 09:30,38.22,38.46001,37.72,37.92999,11323445
1361802600,2013-02-25 09:30,38.48,39,38.28999,38.57001,17103904
1361889000,2013-02-26 09:30,38.755,39.28999,38.14,39.05,19392480
1361975400,2013-02-27 09:30,38.67,38.72,38.14,38.25999,14561922
1362061800,2013-02-28 09:30,38.09,38.10001,37.22,37.39999,15834426
1362148200,2013-03-01 09:30,37.53999,37.78,37.02,37.11,13136973
1362407400,2013-03-04 09:30,37.03999,37.12,35.89,35.91,24528272
1362493800,2013-03-05 09:30,36.39,36.655,35.89999,35.92999,17759632
1362580200,2013-03-06 09:30,35.89,37.45,35.57001,37.44,33787792
1362666600,2013-03-07 09:30,37.53,38.06,36.87,36.91,22040800
1362753000,2013-03-08 09:30,36.57001,37.58,36.315,37.11,23003392
1363008600,2013-03-11 09:30,37.22,37.33,36.77991,36.96001,11375586
1363095000,2013-03-12 09:30,37.57001,38.2,37.44,37.88,21817584
1363181400,2013-03-13 09:30,37.94,38.03,36.73,36.87,18938224
1363267800,2013-03-14 09:30,36.69,37.46001,36.57001,37.25,12374945
1363354200,2013-03-15 09:30,37.25999,37.56731,37.10001,37.338,12571043
1363613400,2013-03-18 09:30,37.83,38.09,37.36,37.48,9938273
1363699800,2013-03-19 09:30,37.45,37.85001,37.24001,37.58,12018828
1363786200,2013-03-20 09:30,37.55,37.71001,37.31,37.45,8448160
1363872600,2013-03-21 09:30,37.73,38.58,37.64999,38.42999,17379840
1363959000,2013-03-22 09:30,38.13,38.55,37.9879,38.16,10310449
1364218200,2013-03-25 09:30,37.95,38.13499,37.39,37.67,14495492
1364304600,2013-03-26 09:30,37.50999,37.67,37.03,37.38,19263968
1364391000,2013-03-27 09:30,37.2,38.08,37.12,38,16702078
1364477400,2013-03-28 09:30,37.77,37.92999,37.55,37.85001,7673422
1364823000,2013-04-01 09:30,37.84,37.88,37.2,37.45,12218645
1364909400,2013-04-02 09:30,36.96989,36.99001,35.8,35.88,22195696
1364995800,2013-04-03 09:30,35.75999,36.17999,34.02,34.25,42317504
1365082200,2013-04-04 09:30,34.09,35.41499,33.71001,35.22,29846864
1365168600,2013-04-05 09:30,35.64999,35.99271,34.83,35.06,21249680
1365427800,2013-04-08 09:30,35.09,35.3,34.50999,34.64999,18697744
1365514200,2013-04-09 09:30,34.8399,36.28999,34.67,36.03,20474272
1365600600,2013-04-10 09:30,35.55,35.77499,34.62,34.64999,26202176
1365687000,2013-04-11 09:30,34.62,34.98,34.17999,34.17999,15931188
1365773400,2013-04-12 09:30,33.39,33.45,32.11,32.22,40557616
1366032600,2013-04-15 09:30,30.24001,30.25,28.99001,29.02,74239184
1366119000,2013-04-16 09:30,30.17999,30.28,28.63,28.82001,38723136
1366205400,2013-04-17 09:30,28.84,29.2,27.27,27.38,47828896
1366291800,2013-04-18 09:30,27.64999,28.56,27.47,28.22,31983712
1366378200,2013-04-19 09:30,28.69,28.96001,27.87,28.59,22405072
1366637400,2013-04-22 09:30,29.2,29.35001,28.5,28.97,18281984
1366723800,2013-04-23 09:30,28.58,28.67999,28,28.32001,16852656
1366810200,2013-04-24 09:30,28.89999,30.42999,28.87,30.23,34059424
1366896600,2013-04-25 09:30,30.82001,31.27,30.36,30.58,30996528
1366983000,2013-04-26 09:30,30.59,30.77,29.21001,29.46001,27489680
1367242200,2013-04-29 09:30,29.98,30.24001,29.69,29.91,14766293
1367328600,2013-04-30 09:30,29.67999,30.36,28.99001,30.36,19694480
1367415000,2013-05-01 09:30,29.46001,30.09,29.12,29.64999,27636272
1367501400,2013-05-02 09:30,29.88,29.96001,29.37,29.63,12825754
1367587800,2013-05-03 09:30,29.61,30.28,29.46001,29.69,14874371
1367847000,2013-05-06 09:30,29.75,29.82001,29.55,29.73,7885398
1367933400,2013-05-07 09:30,29.11,29.24001,28.62,28.85001,21191520
1368019800,2013-05-08 09:30,29.25,30.5,29.17999,30.44,33366384
1368106200,2013-05-09 09:30,29.8,30.96001,29.74001,29.85001,22266960
1368192600,2013-05-10 09:30,29.14,29.83,28.82001,29.81,20015200
1368451800,2013-05-13 09:30,29.35001,29.5,29.03,29.03,11825938
1368538200,2013-05-14 09:30,28.87,29.46001,28.62,28.71001,14384465
1368624600,2013-05-15 09:30,28.22,28.44,27.35001,27.39999,31355776
1368711000,2013-05-16 09:30,27.02,27.91,26.67999,27.48,21864704
1368797400,2013-05-17 09:30,27.14,27.19,26.36,26.38,23635456
1369056600,2013-05-20 09:30,26.32001,28.17999,26.24001,28.02,39217728
1369143000,2013-05-21 09:30,27.24001,27.77,26.855,27.32001,24521360
1369229400,2013-05-22 09:30,27.77,28.66,27.27,27.67,38657168
1369315800,2013-05-23 09:30,28.24001,28.28,27.69,27.87,15398957
1369402200,2013-05-24 09:30,27.75,28.19,27.31,27.5,19892640
1369747800,2013-05-28 09:30,27.435,28.03,27.02,27.22,21388432
1369834200,2013-05-29 09:30,27.45,28.5,27.36,28.5,28926656
1369920600,2013-05-30 09:30,29.14999,30.10001,29.05,30.06,39678336
1370007000,2013-05-31 09:30,29.61,29.85001,29.13,29.49989,20244240
1370266200,2013-06-03 09:30,29.8,30.58,29.66,30.36,22269440
1370352600,2013-06-04 09:30,29.87,29.97,29.3999,29.84,18458736
1370439000,2013-06-05 09:30,29.88,30.36,29.52901,29.92999,16816336
1370525400,2013-06-06 09:30,29.92999,30.4899,29.7,30.3,17934960
1370611800,2013-06-07 09:30,29.50999,29.64,28.75,28.99001,21214160
1370871000,2013-06-10 09:30,29.02,29.41,28.67999,29.09,14145578
1370957400,2013-06-11 09:30,28.41,28.71001,28.06,28.13,21147712
1371043800,2013-06-12 09:30,28.17,28.85001,28.065,28.35001,17783440
1371130200,2013-06-13 09:30,28.14,28.66,27.95,28.63,17264720
1371216600,2013-06-14 09:30,28.78999,28.82001,28.07001,28.12,12275105
1371475800,2013-06-17 09:30,28.12,28.395,27.9501,28.19,8644863
1371562200,2013-06-18 09:30,27.98,28.13,27.28,27.38,19374992
1371648600,2013-06-19 09:30,27.49001,27.7,26.42,26.50999,21733616
1371735000,2013-06-20 09:30,25.14,25.44,24.16,24.55,67786192
1371821400,2013-06-21 09:30,24.87,25.00999,23.95,24.89999,32964944
1372080600,2013-06-24 09:30,24.32001,24.41,23.52,23.75,36556608
1372167000,2013-06-25 09:30,23.82001,24.05,23.38,23.66,23530576
1372253400,2013-06-26 09:30,22.77,22.89,22.21001,22.22,46923200
1372339800,2013-06-27 09:30,22.53999,23.03999,22.39999,22.78999,49241424
1372426200,2013-06-28 09:30,22.5,24.66,22.46001,24.49001,75345680
1372685400,2013-07-01 09:30,24.89999,25.2,24.31,24.89,32207456
1372771800,2013-07-02 09:30,24.74001,24.78,23.46001,23.75,34489760
1372858200,2013-07-03 09:30,24.02,24.33,23.75999,24.17999,21909168
1373031000,2013-07-05 09:30,23.37,23.42999,22.78999,23.42,43650160
1373290200,2013-07-08 09:30,23.64,23.71001,22.89999,22.89999,21776832
1373376600,2013-07-09 09:30,23.3,23.655,23.03,23.22,20639488
1373463000,2013-07-10 09:30,23.33,23.6301,22.91991,23.19,22679648
1373549400,2013-07-11 09:30,24.52,24.98,24.22,24.97,38646672
1373635800,2013-07-12 09:30,24.545,24.72,24.0634,24.37,23271552
1373895000,2013-07-15 09:30,24.37,24.58,24.14999,24.28999,12951941
1373981400,2013-07-16 09:30,24.50999,25.67,24.50999,25.64999,35463664
1374067800,2013-07-17 09:30,25.75999,25.99001,24.86,24.88,37268416
1374154200,2013-07-18 09:30,25.14,25.27,24.7,24.78011,16329395
1374240600,2013-07-19 09:30,25.13,25.89,24.98,25.86,27364832
1374499800,2013-07-22 09:30,26.95,27.75999,26.78999,27.44,43719296
1374586200,2013-07-23 09:30,27.39,28.35001,27.08,28.35001,39798768
1374672600,2013-07-24 09:30,28.10001,28.2,26.39,26.95,43653872
1374759000,2013-07-25 09:30,26.75,27.7,26.72,27.21001,28254640
1374845400,2013-07-26 09:30,26.89999,27.60001,26.61,27.578,25053984
1375104600,2013-07-29 09:30,27.64999,27.72,27.22,27.23,19005344
1375191000,2013-07-30 09:30,27.22,27.375,26.8499,27.06,17315952
1375277400,2013-07-31 09:30,27.08,27.67999,26.39011,26.99001,27347584
1375363800,2013-08-01 09:30,27.10001,27.14999,26.10001,26.17,28547920
1375450200,2013-08-02 09:30,26.14999,26.53,25.52,25.59,32483200
1375709400,2013-08-05 09:30,25.62,26.03999,25.34,25.42999,18592736
1375795800,2013-08-06 09:30,24.995,25.02,24.03,24.03,38671184
1375882200,2013-08-07 09:30,23.94,24.49001,23.89,23.94,19506528
1375968600,2013-08-08 09:30,24.38,26.09,24.27,26,65971936
1376055000,2013-08-09 09:30,25.89,26.98,25.56,26.47,45324720
1376314200,2013-08-12 09:30,27.58,28.2,27.57001,28.00999,49441856
1376400600,2013-08-13 09:30,27.8,28.036,27.045,27.19,36958976
1376487000,2013-08-14 09:30,27.46001,28.75999,27.42999,28.7,53862416
1376573400,2013-08-15 09:30,28.16,30.42999,28.11,30.42999,66608256
1376659800,2013-08-16 09:30,30.74001,30.94,29.48,29.78999,48526272
1376919000,2013-08-19 09:30,29.85001,30.00999,29.12,29.23,31219376
1377005400,2013-08-20 09:30,29.31,30.52,29.24001,30.33,44816400
1377091800,2013-08-21 09:30,29.91,30.03,28.91,28.92999,53748480
1377178200,2013-08-22 09:30,29.39999,29.89,29.07001,29.37,35531136
1377264600,2013-08-23 09:30,29.33,30.41,29.3,30.14,42793152
1377523800,2013-08-26 09:30,30.39,30.88,30.03,30.41,34120352
1377610200,2013-08-27 09:30,31.28,31.35001,29.06,29.10001,63019456
1377696600,2013-08-28 09:30,29.41,29.9599,28.13,28.3,62618048
1377783000,2013-08-29 09:30,28.03,28.92,27.53999,28.53999,61238592
1377869400,2013-08-30 09:30,28.03,28.66,27.85001,28.13,40929344
1378215000,2013-09-03 09:30,28.64999,28.91,28.28,28.39999,35976560
1378301400,2013-09-04 09:30,28.05,28.58,27.88,28.58,34233904
1378387800,2013-09-05 09:30,28.3,28.405,27.431,27.53,48364608
1378474200,2013-09-06 09:30,27.95,28.28999,27.8,28.00999,31430288
1378733400,2013-09-09 09:30,28.00999,28.17999,27.56,27.64999,29919104
1378819800,2013-09-10 09:30,27.09,27.13,26.45,26.57001,46632608
1378906200,2013-09-11 09:30,26.67999,26.83,26.2,26.78999,34981984
1378992600,2013-09-12 09:30,25.89999,26.002,25.24001,25.28999,64028864
1379079000,2013-09-13 09:30,25.1601,25.73,25.08,25.63,50205792
1379338200,2013-09-16 09:30,25.78,26.03,25.37,25.39,37090336
1379424600,2013-09-17 09:30,25.64999,25.92999,25.42999,25.92999,39039280
1379511000,2013-09-18 09:30,25.64999,28.64,25.47,28.25101,114939568
1379597400,2013-09-19 09:30,28.45,28.50999,26.98,27.36,72377504
1379683800,2013-09-20 09:30,26.91,26.92,25.55,25.75999,95898192
1379943000,2013-09-23 09:30,25.53999,26.065,24.75,25.17,55285696
1380029400,2013-09-24 09:30,24.84,25.34,24.57001,25.08,41791216
1380115800,2013-09-25 09:30,25.23,26,25.17,25.52,52931728
1380202200,2013-09-26 09:30,25.53,25.78,24.8,25.11,39160944
1380288600,2013-09-27 09:30,25.46001,25.67,24.92999,25.17,25542640
1380547800,2013-09-30 09:30,24.89999,25.37,24.81,25.02,28640240
1380634200,2013-10-01 09:30,24.42,24.64999,24.3,24.41,48633824
1380720600,2013-10-02 09:30,24.64999,25.07001,24.47,24.49001,34823040
1380807000,2013-10-03 09:30,24.56,24.8,24.25,24.25999,27697648
1380893400,2013-10-04 09:30,24.33,24.45,24.03,24.19,24234576
1381152600,2013-10-07 09:30,24.39999,24.63,24.33,24.59,33632224
1381239000,2013-10-08 09:30,24.57001,24.64,23.60001,23.82001,48557008
1381325400,2013-10-09 09:30,23.62,24.155,23.13,23.92,33991248
1381411800,2013-10-10 09:30,23.84,24.10001,23.46001,23.55499,36571072
1381498200,2013-10-11 09:30,23.22,23.37,22.92999,23.05,46747328
1381757400,2013-10-14 09:30,23.23,23.34,22.92,23.11,22566272
1381843800,2013-10-15 09:30,22.98,23.78,22.875,23.75999,49638368
1381930200,2013-10-16 09:30,23.64,23.67999,23.22,23.28,39112608
1382016600,2013-10-17 09:30,24.13,24.97,24.09,24.5,61897584
1382103000,2013-10-18 09:30,24.52,24.77,24.295,24.38,23736624
1382362200,2013-10-21 09:30,24.47,24.97,24.42999,24.92999,27070400
1382448600,2013-10-22 09:30,25.5,26.12,25.42999,26.02,53476256
1382535000,2013-10-23 09:30,25.81,26,25.08,25.17999,45435280
1382621400,2013-10-24 09:30,25.85001,26.27,25.78999,26.13,56122960
1382707800,2013-10-25 09:30,25.98,26.45,25.74001,26.32001,24942288
1382967000,2013-10-28 09:30,26.39,26.91,26.069,26.54,27557154
1383053400,2013-10-29 09:30,26.39,26.4801,25.7,25.78,38950523
1383139800,2013-10-30 09:30,26.25,26.43,25.18,26.225,42162760
1383226200,2013-10-31 09:30,25.45,25.68,25.09,25.1,56234033
1383312600,2013-11-01 09:30,24.66,24.72,24.02,24.08,59342288
1383575400,2013-11-04 09:30,24.38,24.86,24.3,24.81,36347094
1383661800,2013-11-05 09:30,24.63,24.7,24.2,24.49,24843141
1383748200,2013-11-06 09:30,24.74,24.9,24.64,24.785,22748581
1383834600,2013-11-07 09:30,24.42,24.9,24.1,24.14,37682423
1383921000,2013-11-08 09:30,23.87,24.3,23.5,24.28,40162619
1384180200,2013-11-11 09:30,24.05,24.34,23.73,24.3,27790543
1384266600,2013-11-12 09:30,24.05,24.32,23.66,23.78,37522818
1384353000,2013-11-13 09:30,23.96,24.08,23.75,23.91,21370367
1384439400,2013-11-14 09:30,24.25,24.59,24.12,24.55,48882082
1384525800,2013-11-15 09:30,24.63,24.7,24.0469,24.13,37580005
1384785000,2013-11-18 09:30,24.08,24.12,23.58,23.665,37617344
1384871400,2013-11-19 09:30,23.74,23.8801,23.535,23.69,19716320
1384957800,2013-11-20 09:30,23.3901,23.63,22.66,22.85,62055679
1385044200,2013-11-21 09:30,22.63,22.67,22.23,22.53,44478964
1385130600,2013-11-22 09:30,22.63,22.85,22.25,22.25,29647700
1385389800,2013-11-25 09:30,21.85,22.41,21.52,22.2,49429791
1385476200,2013-11-26 09:30,21.98,22.11,21.61,21.66,35439100
1385562600,2013-11-27 09:30,21.88,21.98,21.58,21.81,26314795
1385735400,2013-11-29 09:30,22.11,22.4,22.03,22.28,27521399
1385994600,2013-12-02 09:30,21.79,21.8799,20.9,20.9,73218371
1386081000,2013-12-03 09:30,20.77,21.03,20.57,20.57,39831741
1386167400,2013-12-04 09:30,20.825,21.41,20.61,21.22,60404072
1386253800,2013-12-05 09:30,20.62,21.04,20.56,20.67,47038634
1386340200,2013-12-06 09:30,21.01,21.135,20.64,20.66,24145441
1386599400,2013-12-09 09:30,20.8,21.21,20.73,21.21,46482362
1386685800,2013-12-10 09:30,21.88,22.19,21.83,22.03,53807713
1386772200,2013-12-11 09:30,22.01,22.01,21.18,21.19,41639866
1386858600,2013-12-12 09:30,20.67,21.05,20.51,21.01,29255025
1386945000,2013-12-13 09:30,21.24,21.44,21.02,21.11,27347088
1387204200,2013-12-16 09:30,21.25,21.57,21.08,21.38,31003534
1387290600,2013-12-17 09:30,21.16,21.35,21,21.19,25799661
1387377000,2013-12-18 09:30,21.31,21.67,20.82,20.86,51982920
1387463400,2013-12-19 09:30,20.45,20.63,20.37,20.5,34867059
1387549800,2013-12-20 09:30,20.65,20.79,20.51,20.53,26985103
1387809000,2013-12-23 09:30,20.33,20.44,20.24,20.39,18645910
1387895400,2013-12-24 09:30,20.42,21.04,20.42,21.03,34891938
1388068200,2013-12-26 09:30,21.27,21.4,20.9,21.05,18400927
1388154600,2013-12-27 09:30,21.2,21.25,20.9901,21.25,20871617
1388413800,2013-12-30 09:30,21.04,21.17,20.63,20.64,41975228
1388500200,2013-12-31 09:30,20.53,21.2533,20.52,21.13,45944634
1388673000,2014-01-02 09:30,21.59,22.09,21.57,22.03,50944455
1388759400,2014-01-03 09:30,22.14,22.22,21.81,21.83,24084230
1389018600,2014-01-06 09:30,21.99,22.24,21.88,21.93,27907131
1389105000,2014-01-07 09:30,21.7,21.99,21.54,21.97,20751148
1389191400,2014-01-08 09:30,21.66,21.8,21.4942,21.61,32735128
1389277800,2014-01-09 09:30,21.57,21.59,21.26,21.27,26824674
1389364200,2014-01-10 09:30,21.67,22.06,21.58,22.01,48862934
1389623400,2014-01-13 09:30,22.06,22.67,21.88,22.65,41019332
1389709800,2014-01-14 09:30,22.47,22.79,22.05,22.1,44791630
1389796200,2014-01-15 09:30,21.95,22.42,21.87,22.39,25071690
1389882600,2014-01-16 09:30,22.58,22.6999,22.41,22.62,17870471
1389969000,2014-01-17 09:30,22.9,23.38,22.85,23.33,39783341
1390314600,2014-01-21 09:30,23.05,23.81,22.93,23.7,36618453
1390401000,2014-01-22 09:30,23.55,23.55,22.98,23.09,36789402
1390487400,2014-01-23 09:30,23.54,24,23.53,23.72,45881305
1390573800,2014-01-24 09:30,24.01,24.19,23.12,23.67,36429537
1390833000,2014-01-27 09:30,23.52,23.59,22.87,22.89,39396959
1390919400,2014-01-28 09:30,23.02,23.51,22.81,23.4,35805425
1391005800,2014-01-29 09:30,23.76,24.05,23.35,24.01,45323771
1391092200,2014-01-30 09:30,23.31,23.62,23.2535,23.49,39120583
1391178600,2014-01-31 09:30,23.74,23.76,23.17,23.48,28868395
1391437800,2014-02-03 09:30,23.69,24,23.3,23.3,29247338
1391524200,2014-02-04 09:30,23.21,23.6,23.16,23.59,25412740
1391610600,2014-02-05 09:30,23.79,23.82,23.185,23.21,26270747
1391697000,2014-02-06 09:30,23.38,23.47,23.07,23.19,17133093
1391783400,2014-02-07 09:30,23.23,23.94,23.22,23.91,41643562
1392042600,2014-02-10 09:30,24.23,24.775,24.23,24.7,46123933
1392129000,2014-02-11 09:30,24.99,25.76,24.93,25.65,60177806
1392215400,2014-02-12 09:30,25.63,25.65,24.7201,24.77,58461777
1392301800,2014-02-13 09:30,24.83,25.89,24.73,25.87,59219497
1392388200,2014-02-14 09:30,26.42,26.68,26.05,26.35,52610153
1392733800,2014-02-18 09:30,26.57,26.6,26.09,26.46,30549287
1392820200,2014-02-19 09:30,26.28,26.56,25.56,25.63,49727780
1392906600,2014-02-20 09:30,25.79,26.76,25.72,26.67,48877165
1392993000,2014-02-21 09:30,26.71,26.85,26.25,26.53,38903265
1393252200,2014-02-24 09:30,26.9,26.955,26.69,26.7,26238557
1393338600,2014-02-25 09:30,26.67,26.8,26.3,26.33,33272354
1393425000,2014-02-26 09:30,26.1,26.3,25.78,26.05,37417111
1393511400,2014-02-27 09:30,26.14,26.47,25.91,25.97,24160661
1393597800,2014-02-28 09:30,26.08,26.17,25.75,25.88,26888028
1393857000,2014-03-03 09:30,26.67,26.74,26.22,26.3,38994518
1393943400,2014-03-04 09:30,25.96,26.28,25.83,26.1,21129102
1394029800,2014-03-05 09:30,26.15,26.52,26.01,26.5,24849658
1394116200,2014-03-06 09:30,26.7,26.87,26.551,26.79,30045974
1394202600,2014-03-07 09:30,26.36,26.38,26.05,26.18,41179253
1394458200,2014-03-10 09:30,26.18,26.27,25.86,25.97,22471890
1394544600,2014-03-11 09:30,26.26,26.33,25.94,26.13,40191990
1394631000,2014-03-12 09:30,26.55,26.94,26.44,26.92,48327726
1394717400,2014-03-13 09:30,26.85,27.64,26.76,27.63,51290756
1394803800,2014-03-14 09:30,27.97,28.03,27.42,27.73,33473432
1395063000,2014-03-17 09:30,27.55,27.62,26.8,26.8,57393243
1395149400,2014-03-18 09:30,26.415,26.87,26.26,26.43,35900759
1395235800,2014-03-19 09:30,26.22,26.325,25.42,25.44,59004816
1395322200,2014-03-20 09:30,25.22,25.79,25.16,25.47,30817616
1395408600,2014-03-21 09:30,25.85,25.94,25.281,25.52,23184723
1395667800,2014-03-24 09:30,25.11,25.22,24.29,24.325,60563282
1395754200,2014-03-25 09:30,24.55,24.75,24.36,24.48,40286029
1395840600,2014-03-26 09:30,24.5,24.62,23.48,23.49,60261903
1395927000,2014-03-27 09:30,23.46,23.89,23.27,23.82,38461423
1396013400,2014-03-28 09:30,23.695,24.35,23.51,24.1,46141636
1396272600,2014-03-31 09:30,23.96,24.17,23.44,23.605,45688630
1396359000,2014-04-01 09:30,23.72,23.875,23.5,23.69,19095409
1396445400,2014-04-02 09:30,24.1,24.49,24.08,24.32,50757565
1396531800,2014-04-03 09:30,24.1,24.13,23.8,24.07,29477662
1396618200,2014-04-04 09:30,24.63,24.66,24.14,24.26,30183452
1396877400,2014-04-07 09:30,24.18,24.635,24.06,24.26,26017518
1396963800,2014-04-08 09:30,24.68,24.93,24.4899,24.88,35477473
1397050200,2014-04-09 09:30,24.6,25.34,24.5,25.07,28068576
1397136600,2014-04-10 09:30,25.24,25.3,24.53,24.57,33824386
1397223000,2014-04-11 09:30,24.64,24.8,24.13,24.22,25661269
1397482200,2014-04-14 09:30,24.57,24.83,24.38,24.52,26719413
1397568600,2014-04-15 09:30,23.83,24.07,23.53,24.02,40829328
1397655000,2014-04-16 09:30,24.035,24.08,23.665,23.8,24012276
1397741400,2014-04-17 09:30,23.8,23.96,23.54,23.57,19332050
1398087000,2014-04-21 09:30,23.58,23.74,23.04,23.51,33215105
1398173400,2014-04-22 09:30,23.54,23.82,23.33,23.79,21896023
1398259800,2014-04-23 09:30,23.83,24.47,23.77,24.27,44932039
1398346200,2014-04-24 09:30,23.95,24.36,23.84,23.935,29252536
1398432600,2014-04-25 09:30,24.13,24.48,24.03,24.46,32621378
1398691800,2014-04-28 09:30,24.31,24.34,23.88,23.99,28567223
1398778200,2014-04-29 09:30,23.93,24.45,23.92,24.31,25452453
1398864600,2014-04-30 09:30,24.05,24.34,23.925,24.11,19155494
1398951000,2014-05-01 09:30,23.85,24.01,23.73,23.79,21062239
1399037400,2014-05-02 09:30,23.92,24.39,23.81,24.32,30663795
1399296600,2014-05-05 09:30,24.6,24.67,24.29,24.41,13963695
1399383000,2014-05-06 09:30,24.43,24.44,24.25,24.28,8793484
1399469400,2014-05-07 09:30,24.2,24.21,23.62,23.81,34353071
1399555800,2014-05-08 09:30,23.82,23.99,23.72,23.77,13306682
1399642200,2014-05-09 09:30,23.85,23.95,23.52,23.73,10691724
1399901400,2014-05-12 09:30,24.01,24.118,23.85,23.93,16210257
1399987800,2014-05-13 09:30,23.93,24.1,23.74,23.75,12505762
1400074200,2014-05-14 09:30,24.04,24.13,23.96,24.01,16748973
1400160600,2014-05-15 09:30,23.81,23.935,23.51,23.62,26431808
1400247000,2014-05-16 09:30,23.48,23.58,23.33,23.42,14767075
1400506200,2014-05-19 09:30,23.62,23.65,23.27,23.41,11017613
1400592600,2014-05-20 09:30,23.28,23.52,23.26,23.39,9777008
1400679000,2014-05-21 09:30,23.28,23.49,23.22,23.45,11672662
1400765400,2014-05-22 09:30,23.63,23.64,23.39,23.39,10738082
1400851800,2014-05-23 09:30,23.42,23.5,23.3,23.31,8165850
1401197400,2014-05-27 09:30,23,23.02,22.41,22.41,42767095
1401283800,2014-05-28 09:30,22.33,22.42,21.93,22.04,38713448
1401370200,2014-05-29 09:30,21.96,22.46,21.93,22.24,20727917
1401456600,2014-05-30 09:30,22.14,22.5,21.94,22.5,28685313
1401715800,2014-06-02 09:30,22.31,22.54,22.15,22.29,21540343
1401802200,2014-06-03 09:30,22.29,22.42,22,22.37,17800370
1401888600,2014-06-04 09:30,22.4,22.43,22.23,22.28,16686838
1401975000,2014-06-05 09:30,22.5,22.79,22.42,22.65,23394118
1402061400,2014-06-06 09:30,22.64,22.68,22.34,22.64,16148327
1402320600,2014-06-09 09:30,22.64,22.78,22.53,22.55,9407043
1402407000,2014-06-10 09:30,22.67,23.04,22.65,23.03,23569036
1402493400,2014-06-11 09:30,23.12,23.41,23.06,23.41,26206478
1402579800,2014-06-12 09:30,23.49,24.04,23.46,24.03,36108324
1402666200,2014-06-13 09:30,23.98,24.12,23.69,24.11,27977829
1402925400,2014-06-16 09:30,24.2,24.27,23.92,23.98,26461096
1403011800,2014-06-17 09:30,23.76,24.155,23.68,24.12,18762866
1403098200,2014-06-18 09:30,24.1,24.78,24.03,24.76,37017821
1403184600,2014-06-19 09:30,25.17,26.1,25.14,26.09,79263364
1403271000,2014-06-20 09:30,25.9,26.06,25.63,25.82,39255704
1403530200,2014-06-23 09:30,25.88,26.31,25.72,26.27,29849336
1403616600,2014-06-24 09:30,26.39,26.5301,25.47,25.47,47792950
1403703000,2014-06-25 09:30,25.47,25.97,25.45,25.76,26661975
1403789400,2014-06-26 09:30,25.58,25.99,25.43,25.95,24494263
1403875800,2014-06-27 09:30,25.94,26.15,25.71,25.98,18778206
1404135000,2014-06-30 09:30,25.78,26.53,25.65,26.45,35173705
1404221400,2014-07-01 09:30,26.5,26.65,26.15,26.24,37686488
1404307800,2014-07-02 09:30,26.21,26.69,26.21,26.48,47776937
1404394200,2014-07-03 09:30,26.2,26.5,25.94,26.5,24026723
1404739800,2014-07-07 09:30,26.2,26.27,26,26.04,27758439
1404826200,2014-07-08 09:30,26.32,26.47,25.89,26.46,39251828
1404912600,2014-07-09 09:30,26.62,27.235,26.59,27.15,45722247
1404999000,2014-07-10 09:30,27.61,27.78,26.59,26.61,56464825
1405085400,2014-07-11 09:30,26.74,27.375,26.7,27.32,44287976
1405344600,2014-07-14 09:30,26.52,26.9277,26.425,26.598,50884081
1405431000,2014-07-15 09:30,26.69,26.89,25.75,25.78,57300406
1405517400,2014-07-16 09:30,25.99,26.47,25.96,26.28,35829113
1405603800,2014-07-17 09:30,26.4,27.06,26.34,26.99,49433947
1405690200,2014-07-18 09:30,26.68,26.97,26.46,26.9399,29641450
1405949400,2014-07-21 09:30,27.05,27.06,26.505,26.9,20052951
1406035800,2014-07-22 09:30,26.8,26.9,26.52,26.59,24406272
1406122200,2014-07-23 09:30,26.58,26.86,26.47,26.49,20047215
1406208600,2014-07-24 09:30,26.31,26.33,25.945,26.08,32711281
1406295000,2014-07-25 09:30,26.1,26.83,26.04,26.82,37295260
1406554200,2014-07-28 09:30,26.64,27,26.57,26.99,16178218
1406640600,2014-07-29 09:30,27.03,27.12,26.655,26.76,22239122
1406727000,2014-07-30 09:30,26.65,26.655,26.2,26.47,32753879
1406813400,2014-07-31 09:30,26.22,26.305,25.84,25.91,33849335
1406899800,2014-08-01 09:30,26.22,27.52,25.93,26.2,30962952
1407159000,2014-08-04 09:30,26.14,26.26,25.73,25.95,24725962
1407245400,2014-08-05 09:30,25.85,26.2153,25.59,26.1,25597190
1407331800,2014-08-06 09:30,26.53,26.79,26.4801,26.689,38162199
1407418200,2014-08-07 09:30,26.57,26.89,26.38,26.76,17953763
1407504600,2014-08-08 09:30,26.81,27.08,26.63,26.78,13863457
1407763800,2014-08-11 09:30,26.65,26.97,26.64,26.97,13519522
1407850200,2014-08-12 09:30,27.115,27.57,27.07,27.43,31402709
1407936600,2014-08-13 09:30,27.46,27.63,27.27,27.395,16989380
1408023000,2014-08-14 09:30,27.4,27.58,26.97,27.13,27201705
1408109400,2014-08-15 09:30,26.65,27.035,26.58,26.82,29043535
1408368600,2014-08-18 09:30,26.69,27,26.59,26.99,16707047
1408455000,2014-08-19 09:30,26.95,27.0368,26.64,26.69,20323330
1408541400,2014-08-20 09:30,26.74,26.98,26.55,26.66,15985219
1408627800,2014-08-21 09:30,26.3,26.35,25.93,26.07,47056297
1408714200,2014-08-22 09:30,26.13,26.23,25.871,26.1,15593628
1408973400,2014-08-25 09:30,26.02,26.02,25.61,25.62,25534663
1409059800,2014-08-26 09:30,26,26.24,25.89,26.19,31613527
1409146200,2014-08-27 09:30,26.2,26.33,26.07,26.11,12578164
1409232600,2014-08-28 09:30,26.41,26.49,26.27,26.46,18631478
1409319000,2014-08-29 09:30,26.37,26.74,26.29,26.69,16430554
1409664600,2014-09-02 09:30,26.16,26.2,25.77,25.81,45629241
1409751000,2014-09-03 09:30,25.91,26,25.76,25.7824,18812586
1409837400,2014-09-04 09:30,25.9,25.97,24.8,24.88,48013757
1409923800,2014-09-05 09:30,25.01,25.1,24.66,25.07,29706742
1410183000,2014-09-08 09:30,24.9,24.92,24.15,24.19,44416567
1410269400,2014-09-09 09:30,24.21,24.64,24.03,24.56,29675790
1410355800,2014-09-10 09:30,24.29,24.46,23.96,24.1,33863746
1410442200,2014-09-11 09:30,23.92,24.33,23.77,24.27,29476194
1410528600,2014-09-12 09:30,24.03,24.2,23.79,23.88,32421604
1410787800,2014-09-15 09:30,24.01,24.04,23.75,23.91,20102465
1410874200,2014-09-16 09:30,23.91,24.245,23.665,24,27000461
1410960600,2014-09-17 09:30,24.02,24.08,23.385,23.43,41435424
1411047000,2014-09-18 09:30,23.35,23.46,23.08,23.13,35030860
1411133400,2014-09-19 09:30,23.1,23.13,22.49,22.66,51690900
1411392600,2014-09-22 09:30,22.53,22.54,22.02,22.18,41175539
1411479000,2014-09-23 09:30,22.5,22.66,22.24,22.54,34631480
1411565400,2014-09-24 09:30,22.37,22.59,22.18,22.21,29477369
1411651800,2014-09-25 09:30,21.99,22.37,21.85,22.35,35894795
1411738200,2014-09-26 09:30,22.2,22.23,21.92,21.98,30222945
1411997400,2014-09-29 09:30,22.12,22.17,21.74,21.75,22893395
1412083800,2014-09-30 09:30,21.69,21.87,21.285,21.357,44049307
1412170200,2014-10-01 09:30,21.48,21.84,21.39,21.4,32614981
1412256600,2014-10-02 09:30,21.56,21.7,21.225,21.62,30790548
1412343000,2014-10-03 09:30,21.25,21.25,20.63,20.63,72263735
1412602200,2014-10-06 09:30,20.9,21.23,20.74,21.16,43922144
1412688600,2014-10-07 09:30,21.22,21.28,20.41,20.42,59344336
1412775000,2014-10-08 09:30,20.67,22.16,20.1124,21.94,114256577
1412861400,2014-10-09 09:30,21.9,21.92,20.72,21.22,77686786
1412947800,2014-10-10 09:30,21.13,21.61,20.67,20.77,52079023
1413207000,2014-10-13 09:30,21.13,21.76,21.01,21.12,45807124
1413293400,2014-10-14 09:30,21.28,21.75,21.23,21.37,36069085
1413379800,2014-10-15 09:30,21.51,21.93,21.2,21.45,36039064
1413466200,2014-10-16 09:30,21.31,21.77,21.23,21.36,28757740
1413552600,2014-10-17 09:30,21.41,21.44,20.685,20.69,54512992
1413811800,2014-10-20 09:30,20.95,21.23,20.8,21.2,32998652
1413898200,2014-10-21 09:30,21.43,21.58,21.021,21.1,21702102
1413984600,2014-10-22 09:30,20.97,21.06,20.42,20.4399,40030814
1414071000,2014-10-23 09:30,20.25,20.72,20.05,20.56,36274283
1414157400,2014-10-24 09:30,20.53,20.64,20.27,20.47,16306208
1414416600,2014-10-27 09:30,20.35,20.4,20.09,20.11,28523236
1414503000,2014-10-28 09:30,20.29,20.54,20.1,20.53,32699959
1414589400,2014-10-29 09:30,20.29,20.53,19.5701,19.64,68045173
1414675800,2014-10-30 09:30,19.43,19.45,18.16,18.2,113088504
1414762200,2014-10-31 09:30,17.33,17.79,16.89,17.21,103841372
1415025000,2014-11-03 09:30,17.44,18,17.25,17.91,74226560
1415111400,2014-11-04 09:30,17.79,17.82,17.13,17.21,67537596
1415197800,2014-11-05 09:30,16.68,17.335,16.45,16.59,86227285
1415284200,2014-11-06 09:30,16.9,17.69,16.85,17.21,102999996
1415370600,2014-11-07 09:30,17.56,18.69,17.54,18.64,136476895
1415629800,2014-11-10 09:30,18.32,18.32,17.31,17.45,111605613
1415716200,2014-11-11 09:30,17.77,18.55,17.73,18.22,86722201
1415802600,2014-11-12 09:30,18.43,18.7,17.79,18.24,46634221
1415889000,2014-11-13 09:30,18.46,18.53,17.81,17.94,56202126
1415975400,2014-11-14 09:30,17.64,19.18,17.54,19.02,110737702
1416234600,2014-11-17 09:30,18.85,19.51,18.66,19.39,58658928
1416321000,2014-11-18 09:30,19.72,20.38,19.57,20.3,79925354
1416407400,2014-11-19 09:30,20.23,20.26,19.12,19.1899,120991203
1416493800,2014-11-20 09:30,19.66,19.93,19.36,19.71,58492686
1416580200,2014-11-21 09:30,20.23,20.29,19.57,19.875,45995742
1416839400,2014-11-24 09:30,19.77,19.955,19.43,19.59,40827488
1416925800,2014-11-25 09:30,19.65,20.42,19.62,20.39,72984350
1417012200,2014-11-26 09:30,20.33,20.35,20.04,20.1,36643025
1417185000,2014-11-28 09:30,19.27,19.28,18.09,18.36,113272061
1417444200,2014-12-01 09:30,18.95,19.86,18.8407,19.715,87972568
1417530600,2014-12-02 09:30,19.08,19.66,18.91,19.2,58668464
1417617000,2014-12-03 09:30,19.5,19.97,17.72,19.25,52488074
1417703400,2014-12-04 09:30,19.65,19.87,19.18,19.2,49542438
1417789800,2014-12-05 09:30,18.845,19.11,18.65,18.75,46715243
1418049000,2014-12-08 09:30,19.02,19.245,18.27,18.89,52915752
1418135400,2014-12-09 09:30,19.52,20.17,19.43,19.77,78927844
1418221800,2014-12-10 09:30,19.76,20.21,19.21,19.21,61160953
1418308200,2014-12-11 09:30,18.98,19.64,18.86,18.995,41317352
1418394600,2014-12-12 09:30,18.95,19.15,18.57,18.65,43489867
1418653800,2014-12-15 09:30,18.36,18.72,17.32,17.34,90290362
1418740200,2014-12-16 09:30,17.91,18,17.08,17.1,64026180
1418826600,2014-12-17 09:30,17.28,18.1,17.16,17.98,90028099
1418913000,2014-12-18 09:30,18.41,18.85,18.07,18.76,62391152
1418999400,2014-12-19 09:30,18.72,19.0301,18.53,18.53,46674476
1419258600,2014-12-22 09:30,18.4,18.5,17.365,17.46,73948671
1419345000,2014-12-23 09:30,17.495,18.07,17.21,17.3,41643482
1419431400,2014-12-24 09:30,17.35,17.96,17.16,17.77,40803268
1419604200,2014-12-26 09:30,18.35,18.48,18.04,18.24,39305822
1419863400,2014-12-29 09:30,18.17,18.19,17.75,17.82,39723377
1419949800,2014-12-30 09:30,18.17,18.71,18.15,18.45,61264124
1420036200,2014-12-31 09:30,18.27,18.595,18.05,18.38,29107579
1420209000,2015-01-02 09:30,18.07,18.95,17.95,18.94,47287443
1420468200,2015-01-05 09:30,19.06,19.47,18.76,19.44,46021080
1420554600,2015-01-06 09:30,19.63,20.685,19.54,20.47,76091158
1420641000,2015-01-07 09:30,20.01,20.67,19.82,20.09,45809694
1420727400,2015-01-08 09:30,20.23,20.57,19.605,19.79,46813913
1420813800,2015-01-09 09:30,20.13,20.73,20.13,20.71,56338994
1421073000,2015-01-12 09:30,20.89,21.76,20.78,21.49,62924448
1421159400,2015-01-13 09:30,21.87,21.89,20.31,20.55,75387048
1421245800,2015-01-14 09:30,21.09,21.12,19.88,20.31,64255854
1421332200,2015-01-15 09:30,21.19,21.65,21.06,21.48,84358312
1421418600,2015-01-16 09:30,21.71,22.325,21.68,22.16,68948493
1421764200,2015-01-20 09:30,22.67,23.09,22.6,22.94,73781207
1421850600,2015-01-21 09:30,23.195,23.22,22.1,22.54,60199011
1421937000,2015-01-22 09:30,22.82,22.95,22.32,22.42,37732385
1422023400,2015-01-23 09:30,22.22,22.31,21.615,21.74,51411334
1422282600,2015-01-26 09:30,21.37,22.16,21.13,22.15,38330281
1422369000,2015-01-27 09:30,22.36,22.93,22.31,22.88,52575341
1422455400,2015-01-28 09:30,22.51,22.7248,21.73,21.97,69658560
1422541800,2015-01-29 09:30,21.42,21.74,21.08,21.59,48279258
1422628200,2015-01-30 09:30,21.67,22.33,21.3,22.29,51653135
1422887400,2015-02-02 09:30,21.83,22.68,21.8,22.45,41388278
1422973800,2015-02-03 09:30,22.16,22.43,21.71,21.87,52864467
1423060200,2015-02-04 09:30,22.15,22.5,21.88,22.27,37901054
1423146600,2015-02-05 09:30,22.13,22.59,22,22.58,26391976
1423233000,2015-02-06 09:30,21.75,21.97,21.31,21.33,83701945
1423492200,2015-02-09 09:30,21.53,21.855,21.52,21.69,31117433
1423578600,2015-02-10 09:30,21.44,21.49,21.13,21.28,35880702
1423665000,2015-02-11 09:30,21.35,21.4,20.8201,20.86,37436176
1423751400,2015-02-12 09:30,21.11,21.27,20.89,21.15,36040993
1423837800,2015-02-13 09:30,21.3,21.56,21.2,21.26,20499431
1424183400,2015-02-17 09:30,20.74,20.91,20.5,20.57,47904208
1424269800,2015-02-18 09:30,20.6,21.155,20.37,21.04,62464787
1424356200,2015-02-19 09:30,21.06,21.12,20.42,20.54,44351798
1424442600,2015-02-20 09:30,20.65,20.93,20.42,20.45,28204698
1424701800,2015-02-23 09:30,20.33,20.74,20.21,20.54,29428742
1424788200,2015-02-24 09:30,20.33,20.64,20.21,20.42,27003539
1424874600,2015-02-25 09:30,20.62,20.945,20.55,20.79,42515881
1424961000,2015-02-26 09:30,21.12,21.15,20.89,20.96,23794668
1425047400,2015-02-27 09:30,21.17,21.48,21.11,21.28,33900134
1425306600,2015-03-02 09:30,21.31,21.35,20.635,20.76,51326357
1425393000,2015-03-03 09:30,20.84,21.05,20.285,20.38,36239445
1425479400,2015-03-04 09:30,20.43,20.45,19.99,20.04,34871067
1425565800,2015-03-05 09:30,20.2,20.38,19.94,20.08,19225561
1425652200,2015-03-06 09:30,19.48,19.48,18.51,18.58,106781637
1425907800,2015-03-09 09:30,18.75,18.81,17.91,17.91,66267697
1425994200,2015-03-10 09:30,17.95,18.25,17.48,17.67,57613889
1426080600,2015-03-11 09:30,17.7,18.26,17.29,18.2,72568585
1426167000,2015-03-12 09:30,18.33,18.42,17.87,18.07,50202057
1426253400,2015-03-13 09:30,18.16,18.17,17.555,18.07,38433465
1426512600,2015-03-16 09:30,18.12,18.28,17.75,18.11,28041206
1426599000,2015-03-17 09:30,17.85,18.2982,17.75,17.93,41381960
1426685400,2015-03-18 09:30,17.88,18.88,17.71,18.84,83455799
1426771800,2015-03-19 09:30,18.7,18.89,18.45,18.71,30136851
1426858200,2015-03-20 09:30,18.95,19.48,18.89,19.33,55471948
1427117400,2015-03-23 09:30,19.46,19.77,19.34,19.75,37938882
1427203800,2015-03-24 09:30,19.81,19.83,19.53,19.64,27594468
1427290200,2015-03-25 09:30,19.85,19.91,19.35,19.36,32797213
1427376600,2015-03-26 09:30,19.68,19.875,18.87,19.07,53919801
1427463000,2015-03-27 09:30,18.93,19.15,18.63,18.84,35143435
1427722200,2015-03-30 09:30,18.53,18.72,18.38,18.47,37549388
1427808600,2015-03-31 09:30,18.54,18.64,18.16,18.24,34256437
1427895000,2015-04-01 09:30,18.54,19.25,18.46,19.21,82601097
1427981400,2015-04-02 09:30,19.07,19.35,18.76,18.99,47542822
1428327000,2015-04-06 09:30,19.63,19.8,19.47,19.7,50548452
1428413400,2015-04-07 09:30,19.55,19.63,19.18,19.19,51149595
1428499800,2015-04-08 09:30,19.3,19.43,18.9,19.09,30498167
1428586200,2015-04-09 09:30,18.87,19.06,18.77,18.91,19143035
1428672600,2015-04-10 09:30,19.28,19.49,19.2719,19.45,41731993
1428931800,2015-04-13 09:30,19.48,19.49,19.195,19.26,24567180
1429018200,2015-04-14 09:30,19.28,19.6,19.24,19.41,24945627
1429104600,2015-04-15 09:30,19.57,20.02,19.42,19.98,45624188
1429191000,2015-04-16 09:30,20.04,20.23,19.64,19.74,36434952
1429277400,2015-04-17 09:30,19.84,20.06,19.655,19.72,25575897
1429536600,2015-04-20 09:30,19.56,19.85,19.45,19.83,22548090
1429623000,2015-04-21 09:30,19.85,20.07,19.68,19.97,18308096
1429709400,2015-04-22 09:30,19.8,19.885,19.31,19.3101,52298227
1429795800,2015-04-23 09:30,19.34,19.89,19.34,19.78,43056504
1429882200,2015-04-24 09:30,19.62,19.83,19.36,19.36,41542949
1430141400,2015-04-27 09:30,19.61,20.175,19.54,19.76,56812983
1430227800,2015-04-28 09:30,19.88,20.56,19.88,20.53,61169747
1430314200,2015-04-29 09:30,20.53,20.9,20.39,20.72,48166641
1430400600,2015-04-30 09:30,20.18,20.255,19.86,20.11,58552534
1430487000,2015-05-01 09:30,19.91,20.27,19.89,20.27,30991676
1430746200,2015-05-04 09:30,20.59,20.655,20.28,20.41,20459680
1430832600,2015-05-05 09:30,20.62,20.71,20.1,20.22,30224286
1430919000,2015-05-06 09:30,20.32,20.35,19.66,19.71,46000459
1431005400,2015-05-07 09:30,19.53,19.84,19.28,19.83,48920310
1431091800,2015-05-08 09:30,19.94,20.065,19.64,19.97,24672137
1431351000,2015-05-11 09:30,19.94,20.16,19.785,20.02,15760410
1431437400,2015-05-12 09:30,20.08,20.34,20.07,20.29,32359158
1431523800,2015-05-13 09:30,20.59,20.89,20.56,20.78,48741463
1431610200,2015-05-14 09:30,20.99,21.25,20.71,20.82,49156297
1431696600,2015-05-15 09:30,20.64,20.9756,20.5223,20.72,25460824
1431955800,2015-05-18 09:30,20.86,20.93,20.65,20.75,18193810
1432042200,2015-05-19 09:30,20.46,20.46,19.99,20,45125381
1432128600,2015-05-20 09:30,20.06,20.31,20.025,20.08,24315624
1432215000,2015-05-21 09:30,20,20.12,19.89,19.94,17569068
1432301400,2015-05-22 09:30,19.95,20.06,19.82,19.83,22209704
1432647000,2015-05-26 09:30,19.47,19.48,19.185,19.245,48088378
1432733400,2015-05-27 09:30,19.32,19.45,19.17,19.44,25462963
1432819800,2015-05-28 09:30,19.34,19.64,19.1501,19.6,28073776
1432906200,2015-05-29 09:30,19.65,19.79,19.48,19.58,16940577
1433165400,2015-06-01 09:30,19.83,19.91,19.45,19.49,25069195
1433251800,2015-06-02 09:30,19.64,19.87,19.57,19.78,32909984
1433338200,2015-06-03 09:30,19.62,19.73,19.315,19.41,37003629
1433424600,2015-06-04 09:30,19.16,19.2,19.04,19.07,26423432
1433511000,2015-06-05 09:30,18.82,19,18.67,18.83,29508613
1433770200,2015-06-08 09:30,18.87,19.03,18.71,19.02,41183459
1433856600,2015-06-09 09:30,19.08,19.225,18.76,18.78,24942359
1433943000,2015-06-10 09:30,19.04,19.14,18.88,18.96,30386266
1434029400,2015-06-11 09:30,18.8,18.86,18.63,18.74,23837088
1434115800,2015-06-12 09:30,18.68,18.7694,18.5,18.55,22851006
1434375000,2015-06-15 09:30,18.51,18.83,18.42,18.59,28170391
1434461400,2015-06-16 09:30,18.43,18.49,18.3,18.33,30638866
1434547800,2015-06-17 09:30,18.26,18.88,18.23,18.86,54948331
1434634200,2015-06-18 09:30,19.14,19.18,18.99,19.1,38765054
1434720600,2015-06-19 09:30,19.03,19.07,18.52,18.64,45124557
1434979800,2015-06-22 09:30,18.41,18.52,18.32,18.33,27510823
1435066200,2015-06-23 09:30,18.25,18.52,18.25,18.38,21862375
1435152600,2015-06-24 09:30,18.3,18.48,18.25,18.36,14923642
1435239000,2015-06-25 09:30,18.32,18.45,18.17,18.17,31516860
1435325400,2015-06-26 09:30,18.15,18.26,18.0645,18.09,19863799
1435584600,2015-06-29 09:30,18.17,18.23,17.9,17.9,28759779
1435671000,2015-06-30 09:30,17.83,18.045,17.67,17.76,32479314
1435757400,2015-07-01 09:30,17.68,17.71,17.26,17.28,35526374
1435843800,2015-07-02 09:30,17.39,17.67,17.3745,17.63,35636567
1436189400,2015-07-06 09:30,17.5,18.03,17.39,17.85,34573827
1436275800,2015-07-07 09:30,17.44,17.46,16.95,16.98,66785234
1436362200,2015-07-08 09:30,17.16,17.28,16.84,16.86,23785002
1436448600,2015-07-09 09:30,17.13,17.19,16.77,16.93,14404752
1436535000,2015-07-10 09:30,16.98,17,16.63,16.75,31843256
1436794200,2015-07-13 09:30,16.53,16.81,16.4,16.8,17813177
1436880600,2015-07-14 09:30,16.78,16.94,16.6801,16.69,16502444
1436967000,2015-07-15 09:30,16.53,16.58,16.27,16.31,47108973
1437053400,2015-07-16 09:30,16.28,16.28,16.1,16.15,20774625
1437139800,2015-07-17 09:30,16.05,16.05,15.37,15.42,67369905
1437399000,2015-07-20 09:30,14.7,14.77,13.75,13.76,169146045
1437485400,2015-07-21 09:30,14.06,14.53,14.02,14.12,90063079
1437571800,2015-07-22 09:30,13.82,14.28,13.665,14.08,39924814
1437658200,2015-07-23 09:30,14.24,14.3,13.51,13.62,69592011
1437744600,2015-07-24 09:30,13.41,14.13,13.17,14.08,141204170
1438003800,2015-07-27 09:30,13.9,14.3767,13.44,13.57,76274733
1438090200,2015-07-28 09:30,13.73,13.84,13.54,13.69,39222987
1438176600,2015-07-29 09:30,13.69,14.07,13.54,13.97,56984089
1438263000,2015-07-30 09:30,13.66,13.825,13.4,13.46,73229886
1438349400,2015-07-31 09:30,13.84,13.97,13.58,13.75,41361098
1438608600,2015-08-03 09:30,13.64,13.68,13.18,13.27,61550240
1438695000,2015-08-04 09:30,13.47,13.54,13.18,13.29,69613752
1438781400,2015-08-05 09:30,13.42,13.54,13.01,13.09,41758714
1438867800,2015-08-06 09:30,13.21,13.69,13.11,13.37,69121167
1438954200,2015-08-07 09:30,13.42,13.85,13.325,13.4,50618230
1439213400,2015-08-10 09:30,13.57,14.29,13.36,14.29,91376792
1439299800,2015-08-11 09:30,14.44,14.53,13.94,14.52,55172850
1439386200,2015-08-12 09:30,14.81,15.53,14.78,15.52,123217213
1439472600,2015-08-13 09:30,15.05,15.21,14.54,14.64,101956102
1439559000,2015-08-14 09:30,14.92,14.99,14.36,14.49,33094266
1439818200,2015-08-17 09:30,14.8,15.11,14.75,15.04,66965978
1439904600,2015-08-18 09:30,14.74,14.92,14.51,14.77,52910997
1439991000,2015-08-19 09:30,14.9,15.28,14.88,15.2,65822392
1440077400,2015-08-20 09:30,15.69,16.05,15.57,15.82,86899959
1440163800,2015-08-21 09:30,16.14,16.16,15.24,15.39,84174945
1440423000,2015-08-24 09:30,15.16,15.605,14.07,14.13,131865306
1440509400,2015-08-25 09:30,14.52,14.53,13.58,13.67,72336049
1440595800,2015-08-26 09:30,13.48,13.49,12.96,13.04,97910140
1440682200,2015-08-27 09:30,13.1,13.905,13.01,13.79,111023277
1440768600,2015-08-28 09:30,13.76,14.405,13.75,14.25,94381323
1441027800,2015-08-31 09:30,13.94,14.11,13.59,14.11,57079829
1441114200,2015-09-01 09:30,14.21,14.37,13.67,13.67,56978824
1441200600,2015-09-02 09:30,13.76,13.9,13.33,13.63,38700493
1441287000,2015-09-03 09:30,13.39,14.03,13.36,13.38,49765417
1441373400,2015-09-04 09:30,13.28,13.43,13.06,13.39,45569737
1441719000,2015-09-08 09:30,13.53,13.74,13.335,13.55,36832868
1441805400,2015-09-09 09:30,13.36,13.52,13.1,13.13,54365173
1441891800,2015-09-10 09:30,13.35,13.42,13.08,13.12,33086571
1441978200,2015-09-11 09:30,13,13.28,12.62,13.21,63781533
1442237400,2015-09-14 09:30,13.06,13.34,12.91,13.07,37077439
1442323800,2015-09-15 09:30,13.05,13.315,12.99,13.11,26398040
1442410200,2015-09-16 09:30,13.38,13.93,13.37,13.89,81356402
1442496600,2015-09-17 09:30,13.72,14.44,13.66,14.27,79245426
1442583000,2015-09-18 09:30,14.6,14.71,14.18,14.48,53111926
1442842200,2015-09-21 09:30,14.27,14.36,13.99,14,58501983
1442928600,2015-09-22 09:30,13.67,13.71,13.31,13.36,73786478
1443015000,2015-09-23 09:30,13.64,13.69,13.23,13.26,37996449
1443101400,2015-09-24 09:30,13.62,14.275,13.56,14.22,102655924
1443187800,2015-09-25 09:30,13.96,14.11,13.88,13.98,34885654
1443447000,2015-09-28 09:30,13.62,13.715,13.29,13.32,67205917
1443533400,2015-09-29 09:30,13.47,13.68,13.295,13.41,34734804
1443619800,2015-09-30 09:30,13.22,13.74,13.19,13.74,41340742
1443706200,2015-10-01 09:30,13.79,13.99,13.35,13.41,54110108
1443792600,2015-10-02 09:30,13.95,14.5,13.88,14.49,98242132
1444051800,2015-10-05 09:30,14.6,15.18,14.58,15.12,102197876
1444138200,2015-10-06 09:30,15.52,15.77,15.23,15.68,92653207
1444224600,2015-10-07 09:30,15.7,15.83,15.37,15.61,53676971
1444311000,2015-10-08 09:30,15.36,16.15,15.32,15.41,62811017
1444397400,2015-10-09 09:30,15.97,16.27,15.85,16.26,86931787
1444656600,2015-10-12 09:30,16.61,16.61,15.62,15.78,73832637
1444743000,2015-10-13 09:30,15.79,16.14,15.68,15.87,48817621
1444829400,2015-10-14 09:30,16.24,16.99,16.165,16.9,126780679
1444915800,2015-10-15 09:30,16.605,17.04,16.48,16.89,46677602
1445002200,2015-10-16 09:30,16.84,16.99,16.37,16.39,65976635
1445261400,2015-10-19 09:30,16.32,16.43,15.61,15.7,111747804
1445347800,2015-10-20 09:30,15.9,16.52,15.89,16.33,88202890
1445434200,2015-10-21 09:30,16.1,16.1723,15.73,15.85,63704079
1445520600,2015-10-22 09:30,15.81,16.27,15.78,16.12,48065226
1445607000,2015-10-23 09:30,16.34,16.655,15.93,16.52,65417223
1445866200,2015-10-26 09:30,16.48,16.48,16,16.01,58216341
1445952600,2015-10-27 09:30,15.92,16.21,15.79,16.04,25161301
1446039000,2015-10-28 09:30,16.41,16.805,15.6,15.89,76262411
1446125400,2015-10-29 09:30,15.635,15.78,15.035,15.12,87347236
1446211800,2015-10-30 09:30,15.07,15.39,14.95,14.96,42003165
1446474600,2015-11-02 09:30,14.8,15.18,14.63,15.02,40933424
1446561000,2015-11-03 09:30,14.76,15.11,14.71,14.94,27659066
1446647400,2015-11-04 09:30,15.05,15.22,14.6,14.62,47752798
1446733800,2015-11-05 09:30,14.63,14.63,14.01,14.08,89901041
1446820200,2015-11-06 09:30,13.64,13.72,13.41,13.46,73796298
1447079400,2015-11-09 09:30,13.46,13.84,13.31,13.83,76441882
1447165800,2015-11-10 09:30,13.57,13.715,13.4235,13.47,54219017
1447252200,2015-11-11 09:30,13.54,13.66,13.44,13.65,29725669
1447338600,2015-11-12 09:30,13.33,13.79,13.29,13.47,41792947
1447425000,2015-11-13 09:30,13.44,13.6795,13.395,13.619,31486348
1447684200,2015-11-16 09:30,13.74,13.8598,13.63,13.74,24226222
1447770600,2015-11-17 09:30,13.62,13.66,13.05,13.08,70962553
1447857000,2015-11-18 09:30,13.15,13.58,12.92,13.49,69238235
1447943400,2015-11-19 09:30,13.69,14.06,13.665,13.97,57812970
1448029800,2015-11-20 09:30,14.03,14.07,13.34,13.4,67609961
1448289000,2015-11-23 09:30,13.35,13.48,13.25,13.33,26679887
1448375400,2015-11-24 09:30,13.6,13.875,13.49,13.84,59251939
1448461800,2015-11-25 09:30,13.65,13.95,13.56,13.71,35075085
1448634600,2015-11-27 09:30,13.41,13.59,13.365,13.45,38458224
1448893800,2015-11-30 09:30,13.55,13.795,13.52,13.76,43282792
1448980200,2015-12-01 09:30,13.85,14.2,13.69,14.16,55243231
1449066600,2015-12-02 09:30,13.82,14.0188,13.62,13.79,59197511
1449153000,2015-12-03 09:30,14.03,14.2099,13.86,14.083,51983749
1449239400,2015-12-04 09:30,14.23,14.86,14.23,14.83,76943239
1449498600,2015-12-07 09:30,14.62,14.66,14.055,14.2,69177163
1449585000,2015-12-08 09:30,14.23,14.31,13.94,14.08,58937739
1449671400,2015-12-09 09:30,14.42,14.53,14.09,14.27,50909904
1449757800,2015-12-10 09:30,14.15,14.46,14.13,14.21,32698220
1449844200,2015-12-11 09:30,14.05,14.53,14.03,14.38,47148460
1450103400,2015-12-14 09:30,14.28,14.32,13.56,13.56,88301096
1450189800,2015-12-15 09:30,13.72,13.819,13.51,13.63,37161529
1450276200,2015-12-16 09:30,13.93,14.24,13.67,14.17,82756558
1450362600,2015-12-17 09:30,13.68,13.68,13.3,13.34,92531928
1450449000,2015-12-18 09:30,13.55,13.825,13.48,13.635,62472418
1450708200,2015-12-21 09:30,13.81,13.9,13.65,13.76,70487016
1450794600,2015-12-22 09:30,13.73,13.92,13.63,13.68,33462860
1450881000,2015-12-23 09:30,13.77,13.98,13.74,13.965,42889055
1450967400,2015-12-24 09:30,14.08,14.29,14.0599,14.27,24429085
1451313000,2015-12-28 09:30,14.03,14.04,13.67,13.79,49718130
1451399400,2015-12-29 09:30,13.97,14.05,13.79,13.95,28853291
1451485800,2015-12-30 09:30,13.65,13.74,13.57,13.66,40319342
1451572200,2015-12-31 09:30,13.66,13.7488,13.6,13.72,27523264
1451917800,2016-01-04 09:30,14.12,14.24,13.865,14.09,53710103
1452004200,2016-01-05 09:30,14.13,14.15,13.91,14.02,29913361
1452090600,2016-01-06 09:30,14.22,14.35,14.15,14.25,39864724
1452177000,2016-01-07 09:30,14.5,15.01,14.3816,14.88,78644599
1452263400,2016-01-08 09:30,14.5,14.64,14.26,14.52,66017860
1452522600,2016-01-11 09:30,14.57,14.61,13.82,13.92,69796877
1452609000,2016-01-12 09:30,13.8,13.8,13.37,13.61,66902549
1452695400,2016-01-13 09:30,13.54,13.8,13.36,13.61,39568143
1452781800,2016-01-14 09:30,13.46,13.59,13,13.13,56311143
1452868200,2016-01-15 09:30,13.6,13.6088,13.065,13.085,35653183
1453213800,2016-01-19 09:30,13.21,13.24,12.4,12.47,76883367
1453300200,2016-01-20 09:30,12.78,12.92,12.52,12.85,64908606
1453386600,2016-01-21 09:30,12.7,12.98,12.45,12.91,32173585
1453473000,2016-01-22 09:30,12.73,13.17,12.69,13.03,32747308
1453732200,2016-01-25 09:30,13.26,13.4,13.16,13.38,51095365
1453818600,2016-01-26 09:30,13.53,14,13.52,13.97,76144484
1453905000,2016-01-27 09:30,13.87,14.21,13.71,14.2,60024695
1453991400,2016-01-28 09:30,13.87,14.185,13.73,13.86,51302769
1454077800,2016-01-29 09:30,13.83,14.24,13.74,14.21,46570702
1454337000,2016-02-01 09:30,14.33,14.65,14.3,14.65,48295585
1454423400,2016-02-02 09:30,14.48,14.57,14.11,14.3,59458751
1454509800,2016-02-03 09:30,14.44,15.35,14.42,15.35,120309254
1454596200,2016-02-04 09:30,15.8,16.365,15.77,16.15,122759253
1454682600,2016-02-05 09:30,15.75,17.12,15.57,17.05,129420572
1454941800,2016-02-08 09:30,17.5,17.9,17.44,17.47,117795090
1455028200,2016-02-09 09:30,17.72,17.815,16.75,16.75,122342702
1455114600,2016-02-10 09:30,16.72,17.16,16.15,17.14,80445139
1455201000,2016-02-11 09:30,18.35,18.65,17.77,18.37,168723889
1455287400,2016-02-12 09:30,17.85,18.85,17.78,18.84,93974030
1455633000,2016-02-16 09:30,17.94,18.31,17.2,17.21,155672243
1455719400,2016-02-17 09:30,17.54,17.91,17.335,17.82,78925532
1455805800,2016-02-18 09:30,17.52,18.91,17.44,18.9,106526884
1455892200,2016-02-19 09:30,18.61,18.89,18.28,18.38,79098722
1456151400,2016-02-22 09:30,17.82,18.69,17.75,18.53,50464734
1456237800,2016-02-23 09:30,18.89,19.06,18.65,18.92,73296840
1456324200,2016-02-24 09:30,19.44,19.85,18.8,19.11,91260397
1456410600,2016-02-25 09:30,19.01,19.46,18.94,19.39,59332503
1456497000,2016-02-26 09:30,18.95,19.335,18.64,18.69,117343278
1456756200,2016-02-29 09:30,18.96,19.4,18.92,19.38,80199446
1456842600,2016-03-01 09:30,19.44,19.5,18.52,18.57,119848346
1456929000,2016-03-02 09:30,18.72,19.1775,18.59,19.0508,79717557
1457015400,2016-03-03 09:30,19.16,20.0175,19.1005,19.82,100314531
1457101800,2016-03-04 09:30,19.84,20.875,19.56,19.71,138290747
1457361000,2016-03-07 09:30,20,20.73,19.92,20.4,109608538
1457447400,2016-03-08 09:30,20.62,20.73,19.39,19.42,137523020
1457533800,2016-03-09 09:30,19.01,19.725,18.81,19.51,79357761
1457620200,2016-03-10 09:30,19.84,20.44,19.75,20.38,100554562
1457706600,2016-03-11 09:30,20.24,20.575,19.84,19.98,87906084
1457962200,2016-03-14 09:30,20.15,20.23,19.11,19.12,122947826
1458048600,2016-03-15 09:30,19.11,19.55,18.86,19.53,73297418
1458135000,2016-03-16 09:30,19.22,20.96,18.98,20.86,167168103
1458221400,2016-03-17 09:30,21.05,21.42,20.37,20.43,131512407
1458307800,2016-03-18 09:30,20.36,20.93,20.35,20.61,66406771
1458567000,2016-03-21 09:30,20.5,20.78,20.31,20.57,40155085
1458653400,2016-03-22 09:30,20.9,21,20.35,20.58,42354426
1458739800,2016-03-23 09:30,19.78,19.88,19.02,19.03,156720749
1458826200,2016-03-24 09:30,19.25,19.6,19.071,19.46,64733003
1459171800,2016-03-28 09:30,19.62,19.66,19.09,19.42,35286724
1459258200,2016-03-29 09:30,19.63,20.6,19.4,20.54,123660866
1459344600,2016-03-30 09:30,20.23,20.5,19.851,20.23,62118354
1459431000,2016-03-31 09:30,20.48,20.565,19.96,19.97,46237376
1459517400,2016-04-01 09:30,19.46,20.12,19.32,20.12,58369174
1459776600,2016-04-04 09:30,20.05,20.05,19.5135,19.53,65764779
1459863000,2016-04-05 09:30,20.06,20.19,19.555,20.13,74601422
1459949400,2016-04-06 09:30,19.88,20.23,19.8,20.15,35891037
1460035800,2016-04-07 09:30,20.59,20.855,20.52,20.78,81856155
1460122200,2016-04-08 09:30,20.71,21.55,20.7,21.44,69638855
1460381400,2016-04-11 09:30,21.92,22.79,21.86,22.7,121978452
1460467800,2016-04-12 09:30,22.78,23.055,22.36,22.88,62246394
1460554200,2016-04-13 09:30,22.48,22.78,22.17,22.25,77053444
1460640600,2016-04-14 09:30,22.15,22.34,21.295,21.6,100769976
1460727000,2016-04-15 09:30,21.75,22.31,21.45,22.2,69043497
1460986200,2016-04-18 09:30,22.47,22.48,21.91,22.18,39776623
1461072600,2016-04-19 09:30,23.08,23.47,22.92,23.26,101450616
1461159000,2016-04-20 09:30,23.24,23.82,22.71,22.84,107920450
1461245400,2016-04-21 09:30,23.45,23.53,22.87,23.25,81445025
1461331800,2016-04-22 09:30,22.95,23.41,22.435,22.59,101689236
1461591000,2016-04-25 09:30,22.73,22.885,22.37,22.46,39890878
1461677400,2016-04-26 09:30,22.71,23.01,22.39,22.99,63797916
1461763800,2016-04-27 09:30,23.15,23.31,22.59,23.24,56420340
1461850200,2016-04-28 09:30,23.48,24.4,23.42,24.2775,104264257
1461936600,2016-04-29 09:30,24.75,25.83,24.72,25.83,116215950
1462195800,2016-05-02 09:30,26.1,26.17,25.1,25.39,84514188
1462282200,2016-05-03 09:30,25.49,25.53,24.47,24.66,94115524
1462368600,2016-05-04 09:30,24.2,24.65,23.29,23.41,122063041
1462455000,2016-05-05 09:30,23.82,24.32,23.72,24.18,88670133
1462541400,2016-05-06 09:30,24.69,25.44,24.555,25.13,100086904
1462800600,2016-05-09 09:30,24.04,24.18,23.5,23.52,128209010
1462887000,2016-05-10 09:30,23.65,24.505,23.34,24.4,87010993
1462973400,2016-05-11 09:30,24.92,25.34,24.195,25.05,84347426
1463059800,2016-05-12 09:30,25.1,25.4,24.42,24.55,76147241
1463146200,2016-05-13 09:30,24.58,25,24.44,24.79,47602888
1463405400,2016-05-16 09:30,25.33,25.61,25.03,25.24,64173679
1463491800,2016-05-17 09:30,25.18,25.85,24.92,25.58,60077774
1463578200,2016-05-18 09:30,25.06,25.42,23.55,23.56,190329779
1463664600,2016-05-19 09:30,23,24.09,22.78,23.96,88377960
1463751000,2016-05-20 09:30,24.24,24.27,23.375,24.05,70444849
1464010200,2016-05-23 09:30,23.47,24.24,23.36,23.78,51488888
1464096600,2016-05-24 09:30,23.245,23.47,22.44,22.47,124509694
1464183000,2016-05-25 09:30,22.36,23.185,21.94,23.03,90321703
1464269400,2016-05-26 09:30,23.35,23.56,22.75,22.95,52006903
1464355800,2016-05-27 09:30,22.74,22.96,22.17,22.28,100822961
1464701400,2016-05-31 09:30,22.31,23.05,22.13,22.58,78294955
1464787800,2016-06-01 09:30,22.7,23.09,22.34,22.72,51078869
1464874200,2016-06-02 09:30,22.67,22.97,22.48,22.77,35409236
1464960600,2016-06-03 09:30,24.08,25.36,24.08,25.33,190026809
1465219800,2016-06-06 09:30,25.28,25.54,24.8443,25.45,76841900
1465306200,2016-06-07 09:30,25.11,25.4399,25.01,25.11,52296412
1465392600,2016-06-08 09:30,26.19,26.5,25.84,25.93,98078712
1465479000,2016-06-09 09:30,25.92,26.41,25.765,26.33,62777332
1465565400,2016-06-10 09:30,26.53,26.9008,25.755,25.96,68347905
1465824600,2016-06-13 09:30,26.59,26.65,25.6,25.91,51094432
1465911000,2016-06-14 09:30,26.06,26.06,25.13,25.34,71065698
1465997400,2016-06-15 09:30,25.34,26.54,25.22,26.32,104434590
1466083800,2016-06-16 09:30,27.03,27.03,25.41,25.485,124160707
1466170200,2016-06-17 09:30,25.95,26.03,25.25,25.79,72290185
1466429400,2016-06-20 09:30,25.01,25.81,24.91,25.64,58425435
1466515800,2016-06-21 09:30,25.11,25.36,24.91,24.93,78428035
1466602200,2016-06-22 09:30,25.025,25.5,24.8,25.5,75614745
1466688600,2016-06-23 09:30,25.27,25.67,25.1317,25.22,61697453
1466775000,2016-06-24 09:30,27.67,27.71,26.37,26.71,142864557
1467034200,2016-06-27 09:30,26.97,27.41,26.43,27.06,79222201
1467120600,2016-06-28 09:30,26.58,27,26.48,26.6,80951502
1467207000,2016-06-29 09:30,27.01,27.607,26.95,27.15,68734123
1467293400,2016-06-30 09:30,27.45,27.75,27.16,27.71,53540047
1467379800,2016-07-01 09:30,28.5,29.2,28.44,29.05,86021775
1467725400,2016-07-05 09:30,29.48,29.76,28.85,29.64,70577688
1467811800,2016-07-06 09:30,30.08,30.68,29.96,30.57,106290259
1467898200,2016-07-07 09:30,30.13,30.15,29.4,29.61,88889596
1467984600,2016-07-08 09:30,29.66,30.68,29.4305,30.54,94809994
1468243800,2016-07-11 09:30,30.23,30.73,30.14,30.6,46583952
1468330200,2016-07-12 09:30,30.29,30.47,29.39,29.4,94497422
1468416600,2016-07-13 09:30,30.09,30.6285,29.83,30.37,66785930
1468503000,2016-07-14 09:30,29.52,30.245,29.35,30.21,55919243
1468589400,2016-07-15 09:30,29.71,30.15,29.67,29.87,50421755
1468848600,2016-07-18 09:30,29.95,30.05,29.581,29.98,50567059
1468935000,2016-07-19 09:30,29.85,29.99,29.635,29.67,44503780
1469021400,2016-07-20 09:30,28.96,28.97,27.8,27.99,130406111
1469107800,2016-07-21 09:30,28.31,29.02,28.11,28.87,85509299
1469194200,2016-07-22 09:30,28.5,28.95,28.47,28.78,30446467
1469453400,2016-07-25 09:30,28.34,28.35,27.445,27.73,89557142
1469539800,2016-07-26 09:30,28.21,28.73,27.99,28.5,74116407
1469626200,2016-07-27 09:30,28.97,29.97,28.24,29.8,113312057
1469712600,2016-07-28 09:30,29.93,30.09,29.24,29.75,57024498
1469799000,2016-07-29 09:30,30.27,30.77,30.02,30.59,74383707
1470058200,2016-08-01 09:30,30.47,31.05,30.26,30.93,84315508
1470144600,2016-08-02 09:30,31.34,31.64,31.18,31.32,68903623
1470231000,2016-08-03 09:30,31.12,31.13,30.7,30.94,50504164
1470317400,2016-08-04 09:30,31.13,31.445,31.1,31.23,44509124
1470403800,2016-08-05 09:30,30.35,30.47,30.06,30.23,85813909
1470663000,2016-08-08 09:30,30.2,30.81,30.15,30.5,43730906
1470749400,2016-08-09 09:30,30.74,30.95,30.59,30.76,42545443
1470835800,2016-08-10 09:30,31.54,31.69,30.97,31.3,56247150
1470922200,2016-08-11 09:30,31.32,31.785,30.98,31.04,48765217
1471008600,2016-08-12 09:30,31.76,31.79,30.92,31.05,44118762
1471267800,2016-08-15 09:30,31.1,31.3,30.74,30.86,39820796
1471354200,2016-08-16 09:30,30.92,31.085,30.64,30.81,35355609
1471440600,2016-08-17 09:30,30.5,30.62,29.66,30.37,78518185
1471527000,2016-08-18 09:30,30.63,30.78,30.32,30.75,60204226
1471613400,2016-08-19 09:30,30.14,30.325,29.86,29.96,61761924
1471872600,2016-08-22 09:30,29.5,29.59,29.3,29.46,47948120
1471959000,2016-08-23 09:30,29.72,29.77,28.98,29.02,57386674
1472045400,2016-08-24 09:30,28.62,28.65,26.84,26.97,168133477
1472131800,2016-08-25 09:30,26.96,27.86,26.64,27.31,68662934
1472218200,2016-08-26 09:30,27.89,28.43,26.82,27.18,109036624
1472477400,2016-08-29 09:30,26.9,27.52,26.72,27.24,57214336
1472563800,2016-08-30 09:30,26.98,27.09,25.66,25.9,104101167
1472650200,2016-08-31 09:30,25.6,25.85,25.33,25.49,76912308
1472736600,2016-09-01 09:30,25.35,26.47,25.17,26.42,131755802
1472823000,2016-09-02 09:30,27.25,27.46,26.79,27.35,105245017
1473168600,2016-09-06 09:30,27.92,28.7,27.67,28.68,109292609
1473255000,2016-09-07 09:30,28.6,28.65,27.775,28.52,76616751
1473341400,2016-09-08 09:30,28.35,28.6101,27.7,27.9,86866496
1473427800,2016-09-09 09:30,27.51,27.52,26.245,26.41,147300733
1473687000,2016-09-12 09:30,25.95,27.28,25.86,27.04,103987023
1473773400,2016-09-13 09:30,26.74,26.8,25.685,26.06,100593411
1473859800,2016-09-14 09:30,26.31,26.665,25.86,26.01,58638063
1473946200,2016-09-15 09:30,25.97,26.64,25.6,26.18,67775212
1474032600,2016-09-16 09:30,25.84,26.31,25.56,25.96,78274870
1474291800,2016-09-19 09:30,26.37,26.41,26.01,26.09,75485909
1474378200,2016-09-20 09:30,26.11,26.29,25.86,26.06,36482285
1474464600,2016-09-21 09:30,26.62,28.01,26.54,27.9,154524795
1474551000,2016-09-22 09:30,28.25,28.56,27.45,27.74,75802451
1474637400,2016-09-23 09:30,27.69,27.77,26.75,27.02,71253206
1474896600,2016-09-26 09:30,27.21,28.08,26.735,26.78,34991127
1474983000,2016-09-27 09:30,26.49,26.585,26.01,26.28,63202248
1475069400,2016-09-28 09:30,26.27,27.11,25.86,26.91,76698164
1475155800,2016-09-29 09:30,26.57,26.92,26.32,26.69,43496550
1475242200,2016-09-30 09:30,27.21,27.245,26.33,26.43,45277390
1475501400,2016-10-03 09:30,26.35,26.57,25.65,25.96,60525645
1475587800,2016-10-04 09:30,25.1,25.1,23.38,23.4,232153602
1475674200,2016-10-05 09:30,23.84,23.98,22.93,23.58,107388136
1475760600,2016-10-06 09:30,22.83,23.21,22.58,22.84,99699507
1475847000,2016-10-07 09:30,23.57,23.74,22.59,23,82953617
1476106200,2016-10-10 09:30,23.17,23.39,22.965,23.16,39561267
1476192600,2016-10-11 09:30,22.89,23.08,22.5,22.58,76084955
1476279000,2016-10-12 09:30,22.71,23.36,22.62,23.07,77536233
1476365400,2016-10-13 09:30,23.21,24.085,23.03,23.49,78278080
1476451800,2016-10-14 09:30,23.14,23.635,22.91,22.99,68079828
1476711000,2016-10-17 09:30,23.15,23.47,23,23.34,43448256
1476797400,2016-10-18 09:30,23.82,24.265,23.55,24.2,80749716
1476883800,2016-10-19 09:30,24.65,24.99,24.36,24.87,88193127
1476970200,2016-10-20 09:30,24.86,24.94,24.375,24.81,39322123
1477056600,2016-10-21 09:30,24.71,24.78,24.4,24.62,34304831
1477315800,2016-10-24 09:30,24.86,24.87,23.79,24.09,69003641
1477402200,2016-10-25 09:30,24.29,24.93,24.18,24.65,68885160
1477488600,2016-10-26 09:30,24.62,24.75,23.86,24.13,80726794
1477575000,2016-10-27 09:30,24.32,24.36,23.48,23.73,64873452
1477661400,2016-10-28 09:30,23.67,24.29,23.43,23.81,61709846
1477920600,2016-10-31 09:30,23.96,24.55,23.74,24.52,73846498
1478007000,2016-11-01 09:30,25.08,25.58,24.91,25.13,82620895
1478093400,2016-11-02 09:30,25.69,25.93,24.55,24.76,114456948
1478179800,2016-11-03 09:30,24.78,25.47,24.73,25.3,67325554
1478266200,2016-11-04 09:30,25.29,25.33,24.65,25.07,64627946
1478529000,2016-11-07 09:30,24.22,24.35,23.75,24.08,91724886
1478615400,2016-11-08 09:30,24.19,24.68,23.64,23.96,63550875
1478701800,2016-11-09 09:30,25.63,25.7,24,24.59,120870834
1478788200,2016-11-10 09:30,24.34,24.34,22.6,22.75,180716526
1478874600,2016-11-11 09:30,22.67,22.75,20.83,20.92,179547684
1479133800,2016-11-14 09:30,20.51,21.76,20.13,21.12,135306098
1479220200,2016-11-15 09:30,21.23,22.15,20.99,22.02,107240502
1479306600,2016-11-16 09:30,21.9,22,21.385,21.84,55839808
1479393000,2016-11-17 09:30,21.81,22.245,20.9031,21.3,97704090
1479479400,2016-11-18 09:30,21.05,21.28,20.77,21.05,75593038
1479738600,2016-11-21 09:30,21.44,21.75,21.28,21.48,63978386
1479825000,2016-11-22 09:30,21.55,21.62,20.96,21.56,44434973
1479911400,2016-11-23 09:30,20.72,20.72,20.14,20.5,134621971
1480084200,2016-11-25 09:30,20.7,20.86,20.44,20.61,34434225
1480343400,2016-11-28 09:30,20.9,21.44,20.67,21.4,100582680
1480429800,2016-11-29 09:30,20.88,21.38,20.77,21.23,50015476
1480516200,2016-11-30 09:30,20.98,21.05,20.52,20.83,70615438
1480602600,2016-12-01 09:30,20.59,21.14,20.27,20.66,58942445
1480689000,2016-12-02 09:30,20.91,21.495,20.9,21.37,88022261
1480948200,2016-12-05 09:30,20.99,21.58,20.63,21.33,64778054
1481034600,2016-12-06 09:30,21.32,21.67,21.0625,21.2,43701303
1481121000,2016-12-07 09:30,21.58,21.735,21.28,21.44,63628610
1481207400,2016-12-08 09:30,21.35,21.52,21.18,21.46,35073568
1481293800,2016-12-09 09:30,21.23,21.3,20.52,20.67,99890487
1481553000,2016-12-12 09:30,20.9,21.1,20.62,20.75,54072779
1481639400,2016-12-13 09:30,20.73,21.1,20.59,21.04,58388484
1481725800,2016-12-14 09:30,21.34,21.49,19.87,19.89,154550063
1481812200,2016-12-15 09:30,19.31,19.35,18.68,18.99,175932653
1481898600,2016-12-16 09:30,19.26,19.48,18.79,19.08,99834331
1482157800,2016-12-19 09:30,19.17,19.28,18.92,19.08,46656788
1482244200,2016-12-20 09:30,18.71,19.175,18.58,19.13,56487545
1482330600,2016-12-21 09:30,19.21,19.29,18.97,19.09,75381500
1482417000,2016-12-22 09:30,19.05,19.42,19,19.07,59725480
1482503400,2016-12-23 09:30,19.15,19.43,19.1025,19.34,58208895
1482849000,2016-12-27 09:30,19.67,19.88,19.52,19.87,60061540
1482935400,2016-12-28 09:30,19.75,20.315,19.64,20.24,61690268
1483021800,2016-12-29 09:30,20.47,21.84,20.45,21.75,140319107
1483108200,2016-12-30 09:30,21.79,22.235,20.79,20.92,142043287
1483453800,2017-01-03 09:30,21.07,21.77,20.98,21.76,83239565
1483540200,2017-01-04 09:30,22,22.01,21.56,21.92,59106159
1483626600,2017-01-05 09:30,22.36,23.35,22.35,23.2,135141955
1483713000,2017-01-06 09:30,22.68,23.09,22.02,22.39,123849487
1483972200,2017-01-09 09:30,22.92,22.94,22.32,22.46,61158130
1484058600,2017-01-10 09:30,22.68,22.96,22.275,22.62,69928585
1484145000,2017-01-11 09:30,22.39,22.85,21.9,22.57,75435254
1484231400,2017-01-12 09:30,23.05,23.25,22.38,22.62,67123819
1484317800,2017-01-13 09:30,22.39,22.84,22.15,22.74,48983523
1484663400,2017-01-17 09:30,23.48,23.56,23.165,23.36,94245661
1484749800,2017-01-18 09:30,23.35,23.55,22.71,23.01,75029502
1484836200,2017-01-19 09:30,22.75,23.07,22.55,22.88,60294585
1484922600,2017-01-20 09:30,22.905,23.46,22.72,23.12,56212363
1485181800,2017-01-23 09:30,23.36,23.82,23.25,23.81,87895725
1485268200,2017-01-24 09:30,23.75,24.25,23.59,23.83,78455508
1485354600,2017-01-25 09:30,23.36,23.4962,23.115,23.47,64683077
1485441000,2017-01-26 09:30,22.93,23.13,22.78,22.87,68360954
1485527400,2017-01-27 09:30,22.88,23.27,22.88,23.22,49016456
1485786600,2017-01-30 09:30,23.33,23.6,23.095,23.15,35261207
1485873000,2017-01-31 09:30,23.73,23.93,23.67,23.93,92955621
1485959400,2017-02-01 09:30,23.56,24.99,23.45,23.85,56371625
1486045800,2017-02-02 09:30,24.41,24.545,24.21,24.38,56822463
1486132200,2017-02-03 09:30,24.38,24.65,24.27,24.5,33050498
1486391400,2017-02-06 09:30,24.9,25.42,24.62,25.4,74543952
1486477800,2017-02-07 09:30,25.13,25.57,25.03,25.29,58295180
1486564200,2017-02-08 09:30,25.56,25.71,25.27,25.57,41295577
1486650600,2017-02-09 09:30,25.57,25.62,24.84,24.91,80783299
1486737000,2017-02-10 09:30,24.67,25.36,24.6,25.29,65396107
1486996200,2017-02-13 09:30,25,25.1464,24.86,24.95,49701595
1487082600,2017-02-14 09:30,25.27,25.325,24.61,24.92,56856876
1487169000,2017-02-15 09:30,24.6,24.97,24.5,24.93,28928943
1487255400,2017-02-16 09:30,25.06,25.335,24.98,25.2,46822697
1487341800,2017-02-17 09:30,25.29,25.32,24.73,24.79,50189459
1487687400,2017-02-21 09:30,24.48,24.76,24.12,24.62,50226280
1487773800,2017-02-22 09:30,24.48,24.599,23.8201,24.33,78978500
1487860200,2017-02-23 09:30,24.73,24.86,24.35,24.37,45345036
1487946600,2017-02-24 09:30,24.71,24.72,24.05,24.13,49738718
1488205800,2017-02-27 09:30,24.1,24.58,22.73,22.84,112479370
1488292200,2017-02-28 09:30,23.24,23.42,22.64,22.85,83215196
1488378600,2017-03-01 09:30,22.45,23.17,22.27,22.98,64108583
1488465000,2017-03-02 09:30,22.49,22.685,21.83,21.93,102332071
1488551400,2017-03-03 09:30,21.73,22.47,21.57,22.2,82068784
1488810600,2017-03-06 09:30,22.1,22.12,21.35,21.64,75805847
1488897000,2017-03-07 09:30,21.38,21.8,21.22,21.51,49198815
1488983400,2017-03-08 09:30,21.23,21.64,21.17,21.35,47354846
1489069800,2017-03-09 09:30,21.39,21.55,21.14,21.14,36909016
1489156200,2017-03-10 09:30,21.32,21.89,21.1943,21.73,82724788
1489411800,2017-03-13 09:30,21.89,22.1,21.73,22,52664601
1489498200,2017-03-14 09:30,21.91,22.19,21.26,21.34,80950527
1489584600,2017-03-15 09:30,21.57,23.04,21.37,22.98,150366050
1489671000,2017-03-16 09:30,23.35,23.45,22.69,22.77,61512923
1489757400,2017-03-17 09:30,22.86,23.08,22.51,22.67,49383545
1490016600,2017-03-20 09:30,22.74,22.995,22.575,22.9374,45769737
1490103000,2017-03-21 09:30,23.05,23.505,23.03,23.26,75857066
1490189400,2017-03-22 09:30,23.41,23.56,23.13,23.25,61585373
1490275800,2017-03-23 09:30,23.36,23.45,22.63,23.03,67748131
1490362200,2017-03-24 09:30,22.95,23.18,22.83,22.92,35724906
1490621400,2017-03-27 09:30,23.44,23.54,23.15,23.43,61768137
1490707800,2017-03-28 09:30,23.35,23.48,22.58,22.81,74233040
1490794200,2017-03-29 09:30,22.74,23.0552,22.66,22.91,33484220
1490880600,2017-03-30 09:30,22.73,22.89,22.53,22.55,44880440
1490967000,2017-03-31 09:30,22.65,23.115,22.5499,22.81,56753518
1491226200,2017-04-03 09:30,22.84,23.22,22.7879,23.2,47771641
1491312600,2017-04-04 09:30,23.34,23.465,23.19,23.45,36716200
1491399000,2017-04-05 09:30,23.17,23.66,23.02,23.48,65945617
1491485400,2017-04-06 09:30,23.4,23.55,23.25,23.51,35595909
1491571800,2017-04-07 09:30,23.91,24.0199,23.22,23.5,53894812
1491831000,2017-04-10 09:30,23.38,23.71,23.2008,23.65,44121659
1491917400,2017-04-11 09:30,23.99,24.46,23.87,24.36,88138944
1492003800,2017-04-12 09:30,24.36,24.59,24.08,24.57,64127971
1492090200,2017-04-13 09:30,24.62,24.88,24.38,24.54,59164786
1492435800,2017-04-17 09:30,24.56,24.7562,24.31,24.47,44182455
1492522200,2017-04-18 09:30,24.38,24.44,23.99,24.27,53985959
1492608600,2017-04-19 09:30,24.03,24.07,23.28,23.39,111847211
1492695000,2017-04-20 09:30,23.48,23.8,23.36,23.58,48955767
1492781400,2017-04-21 09:30,23.67,23.82,23.48,23.61,52601712
1493040600,2017-04-24 09:30,23.14,23.44,23.08,23.2,69344285
1493127000,2017-04-25 09:30,22.91,22.92,21.95,22.22,126743652
1493213400,2017-04-26 09:30,22.19,22.42,21.68,22.26,75540501
1493299800,2017-04-27 09:30,22.27,22.27,21.71,21.81,71963986
1493386200,2017-04-28 09:30,21.98,22.43,21.87,22.23,67758572
1493645400,2017-05-01 09:30,22.03,22.23,21.51,21.69,67101642
1493731800,2017-05-02 09:30,21.62,21.96,21.55,21.74,43845792
1493818200,2017-05-03 09:30,21.71,22.28,21.51,21.51,67303116
1493904600,2017-05-04 09:30,21.18,21.306,20.89,21.1,70495192
1493991000,2017-05-05 09:30,21.17,21.75,21.12,21.55,58316119
1494250200,2017-05-08 09:30,21.58,21.59,21.29,21.54,26305195
1494336600,2017-05-09 09:30,21.34,21.57,21.221,21.52,42362785
1494423000,2017-05-10 09:30,21.83,22.04,21.75,21.93,48357253
1494509400,2017-05-11 09:30,22.04,22.5,22.01,22.37,66080479
1494595800,2017-05-12 09:30,22.71,22.88,22.62,22.72,44397525
1494855000,2017-05-15 09:30,23.13,23.13,22.48,22.8,43566894
1494941400,2017-05-16 09:30,22.87,23.045,22.835,22.96,32088988
1495027800,2017-05-17 09:30,23.46,23.67,23.13,23.37,67494613
1495114200,2017-05-18 09:30,23.11,23.17,22.55,22.65,76638183
1495200600,2017-05-19 09:30,22.97,23.01,22.81,22.86,38485957
1495459800,2017-05-22 09:30,23.07,23.39,23.04,23.16,40356397
1495546200,2017-05-23 09:30,23.26,23.39,22.58,22.64,58240540
1495632600,2017-05-24 09:30,22.57,22.98,22.2,22.97,56735747
1495719000,2017-05-25 09:30,22.72,22.83,22.49,22.71,42202869
1495805400,2017-05-26 09:30,23.01,23.05,22.83,22.94,33134961
1496151000,2017-05-30 09:30,22.65,22.84,22.59,22.59,35882470
1496237400,2017-05-31 09:30,22.68,22.91,22.45,22.69,41639328
1496323800,2017-06-01 09:30,22.5,22.78,22.44,22.6,27032595
1496410200,2017-06-02 09:30,22.94,23.01,22.665,22.76,43410917
1496669400,2017-06-05 09:30,22.83,22.89,22.49,22.74,26543052
1496755800,2017-06-06 09:30,23.1,23.86,23.08,23.8,97130459
1496842200,2017-06-07 09:30,23.57,23.82,23.32,23.65,56209754
1496928600,2017-06-08 09:30,23.4,23.41,22.96,23.22,70016927
1497015000,2017-06-09 09:30,22.84,23.1115,22.81,22.83,50189930
1497274200,2017-06-12 09:30,22.75,22.9711,22.68,22.74,44601467
1497360600,2017-06-13 09:30,22.61,23.14,22.6,22.97,40029352
1497447000,2017-06-14 09:30,23.38,23.42,22.095,22.22,107805432
1497533400,2017-06-15 09:30,22,22.34,21.96,22.1,74322255
1497619800,2017-06-16 09:30,22.06,22.17,21.94,22.06,50004963
1497879000,2017-06-19 09:30,21.93,22.205,21.85,21.93,46840265
1497965400,2017-06-20 09:30,21.96,21.97,21.75,21.8,31301076
1498051800,2017-06-21 09:30,21.82,22.13,21.76,22.11,37797060
1498138200,2017-06-22 09:30,22.36,22.55,22.26,22.36,47219867
1498224600,2017-06-23 09:30,22.68,22.81,22.55,22.74,47655183
1498483800,2017-06-26 09:30,22.44,22.77,22.41,22.56,39689117
1498570200,2017-06-27 09:30,22.76,22.8,22.24,22.26,66702556
1498656600,2017-06-28 09:30,22.37,22.47,22.1546,22.43,30354557
1498743000,2017-06-29 09:30,22.16,22.2,21.88,21.95,54569927
1498829400,2017-06-30 09:30,21.88,22.13,21.88,22.08,46691923
1499088600,2017-07-03 09:30,21.67,21.7,21.46,21.48,43834460
1499261400,2017-07-05 09:30,21.45,21.82,21.4,21.76,58726024
1499347800,2017-07-06 09:30,21.68,21.7,21.44,21.49,39144212
1499434200,2017-07-07 09:30,21.35,21.42,21,21.21,57304644
1499693400,2017-07-10 09:30,21.03,21.65,20.99,21.51,52988248
1499779800,2017-07-11 09:30,21.52,21.74,21.26,21.64,35247111
1499866200,2017-07-12 09:30,21.94,22.06,21.7,21.74,39815225
1499952600,2017-07-13 09:30,21.765,21.88,21.48,21.5,42072239
1500039000,2017-07-14 09:30,21.96,22.015,21.8,21.8,47456054
1500298200,2017-07-17 09:30,22.04,22.17,21.98,21.98,28408434
1500384600,2017-07-18 09:30,22.23,22.27,22.115,22.14,30865797
1500471000,2017-07-19 09:30,22.15,22.28,22.01,22.18,27487197
1500557400,2017-07-20 09:30,22.15,22.42,22.11,22.32,25254861
1500643800,2017-07-21 09:30,22.5,22.53,22.28,22.41,21746327
1500903000,2017-07-24 09:30,22.47,22.475,21.97,22.05,45649395
1500989400,2017-07-25 09:30,22.1,22.39,22.1,22.27,34211808
1501075800,2017-07-26 09:30,22.15,23.06,22.13,22.84,63816878
1501162200,2017-07-27 09:30,22.98,22.99,22.46,22.57,50762156
1501248600,2017-07-28 09:30,22.68,22.94,22.61,22.91,40162911
1501507800,2017-07-31 09:30,22.88,23.03,22.74,22.86,30392329
1501594200,2017-08-01 09:30,22.77,23.09,22.6538,22.83,32116811
1501680600,2017-08-02 09:30,22.8,22.98,22.725,22.77,27185523
1501767000,2017-08-03 09:30,22.74,22.95,22.68,22.7,24214925
1501853400,2017-08-04 09:30,22.5,22.58,22.19,22.32,50891118
1502112600,2017-08-07 09:30,22.23,22.42,22.18,22.2,32327960
1502199000,2017-08-08 09:30,22.41,22.43,22.025,22.25,34662226
1502285400,2017-08-09 09:30,22.59,22.71,22.445,22.6,46821211
1502371800,2017-08-10 09:30,22.99,23.08,22.875,23.08,65055693
1502458200,2017-08-11 09:30,23.1,23.2,22.95,23.15,34549414
1502717400,2017-08-14 09:30,22.9,22.955,22.72,22.83,39972947
1502803800,2017-08-15 09:30,22.45,22.65,22.42,22.56,34484007
1502890200,2017-08-16 09:30,22.51,23.16,22.5,23.08,50670040
1502976600,2017-08-17 09:30,23.16,23.26,22.95,23.03,38285917
1503063000,2017-08-18 09:30,23.34,23.48,22.87,22.93,55746979
1503322200,2017-08-21 09:30,23.02,23.31,23.015,23.31,45541960
1503408600,2017-08-22 09:30,23.2,23.31,23.08,23.09,38877783
1503495000,2017-08-23 09:30,23.21,23.31,23.08,23.26,28781935
1503581400,2017-08-24 09:30,23.23,23.45,23.175,23.35,37205621
1503667800,2017-08-25 09:30,23.44,23.59,23.21,23.41,27137555
1503927000,2017-08-28 09:30,23.59,24.27,23.56,24.26,83129457
1504013400,2017-08-29 09:30,24.6,24.74,24.13,24.42,53706081
1504099800,2017-08-30 09:30,24.31,24.4,24.13,24.16,41441403
1504186200,2017-08-31 09:30,24.23,24.76,24.21,24.72,51429787
1504272600,2017-09-01 09:30,24.84,24.87,24.49,24.78,31745174
1504618200,2017-09-05 09:30,25,25.33,24.99,25.31,67571985
1504704600,2017-09-06 09:30,25.19,25.29,24.78,24.92,58803574
1504791000,2017-09-07 09:30,25.2,25.58,25.15,25.49,64252078
1504877400,2017-09-08 09:30,25.42,25.48,25.08,25.24,49542182
1505136600,2017-09-11 09:30,24.77,25.05,24.48,24.56,67349810
1505223000,2017-09-12 09:30,24.44,24.75,24.36,24.67,33657952
1505309400,2017-09-13 09:30,24.65,24.65,24.14,24.22,45006619
1505395800,2017-09-14 09:30,24.15,24.44,24.05,24.37,43024001
1505482200,2017-09-15 09:30,24.3,24.36,24.05,24.13,30564712
1505741400,2017-09-18 09:30,23.86,23.93,23.59,23.73,48361290
1505827800,2017-09-19 09:30,23.76,23.91,23.6904,23.85,22338144
1505914200,2017-09-20 09:30,23.93,24.2,23.18,23.5,67407498
1506000600,2017-09-21 09:30,23.1,23.5289,23.0399,23.21,39370239
1506087000,2017-09-22 09:30,23.43,23.52,23.3,23.47,34951836
1506346200,2017-09-25 09:30,23.33,23.87,23.28,23.83,55652348
1506432600,2017-09-26 09:30,23.48,23.65,23.26,23.35,53216462
1506519000,2017-09-27 09:30,23.09,23.19,22.98,22.99,49006923
1506605400,2017-09-28 09:30,23.08,23.26,22.985,23.16,33380043
1506691800,2017-09-29 09:30,23.17,23.19,22.95,22.96,24126569
1506951000,2017-10-02 09:30,22.91,23.16,22.81,23.05,47007996
1507037400,2017-10-03 09:30,23.09,23.325,23.04,23.28,38766727
1507123800,2017-10-04 09:30,23.41,23.465,23.24,23.42,32421016
1507210200,2017-10-05 09:30,23.4,23.45,23.17,23.22,31366769
1507296600,2017-10-06 09:30,23.18,23.61,23,23.59,50090750
1507555800,2017-10-09 09:30,23.66,23.82,23.58,23.74,26247696
1507642200,2017-10-10 09:30,23.85,23.89,23.53,23.57,44450805
1507728600,2017-10-11 09:30,23.69,23.83,23.3,23.8,39690433
1507815000,2017-10-12 09:30,23.76,23.84,23.585,23.72,34478437
1507901400,2017-10-13 09:30,23.94,23.99,23.7,23.84,23916846
1508160600,2017-10-16 09:30,23.86,23.8844,23.301,23.46,47319998
1508247000,2017-10-17 09:30,23.3,23.51,23.22,23.42,32778602
1508333400,2017-10-18 09:30,23.35,23.49,23.265,23.33,20223423
1508419800,2017-10-19 09:30,23.46,23.58,23.36,23.44,25090203
1508506200,2017-10-20 09:30,23.28,23.365,23.11,23.23,33496464
1508765400,2017-10-23 09:30,23.05,23.29,22.97,23.14,36056813
1508851800,2017-10-24 09:30,23.04,23.14,22.9,22.95,30322105
1508938200,2017-10-25 09:30,22.92,22.955,22.655,22.83,48156231
1509024600,2017-10-26 09:30,22.84,22.87,22.3,22.43,51852324
1509111000,2017-10-27 09:30,22.38,22.64,22.31,22.57,49494792
1509370200,2017-10-30 09:30,22.54,22.9052,22.475,22.76,35144526
1509456600,2017-10-31 09:30,22.71,22.71,22.411,22.48,28545657
1509543000,2017-11-01 09:30,22.66,22.83,22.42,22.48,32439447
1509629400,2017-11-02 09:30,22.53,22.78,22.47,22.58,26190515
1509715800,2017-11-03 09:30,22.62,22.73,22.22,22.43,34775560
1509978600,2017-11-06 09:30,22.48,23,22.46,22.91,51233197
1510065000,2017-11-07 09:30,22.82,22.86,22.6047,22.73,26060437
1510151400,2017-11-08 09:30,22.95,23.025,22.82,22.89,28553403
1510237800,2017-11-09 09:30,22.91,22.96,22.7833,22.81,27157795
1510324200,2017-11-10 09:30,22.81,22.87,22.48,22.52,35502872
1510583400,2017-11-13 09:30,22.58,22.65,22.49,22.56,16756064
1510669800,2017-11-14 09:30,22.42,22.71,22.345,22.59,22696786
1510756200,2017-11-15 09:30,22.72,22.72,22.5,22.65,23133906
1510842600,2017-11-16 09:30,22.59,22.7,22.5545,22.6,17070333
1510929000,2017-11-17 09:30,22.73,22.915,22.57,22.79,38347475
1511188200,2017-11-20 09:30,22.63,22.685,22.46,22.54,35821964
1511274600,2017-11-21 09:30,22.58,22.775,22.565,22.72,28387066
1511361000,2017-11-22 09:30,22.83,23,22.8,22.92,31873452
1511533800,2017-11-24 09:30,22.97,23.09,22.81,22.83,16243185
1511793000,2017-11-27 09:30,23.1,23.14,22.88,23.05,24489822
1511879400,2017-11-28 09:30,23.08,23.1701,22.92,22.93,25800135
1511965800,2017-11-29 09:30,22.77,22.77,22.471,22.5,54138809
1512052200,2017-11-30 09:30,22.38,22.53,22.27,22.47,39156183
1512138600,2017-12-01 09:30,22.36,22.855,22.35,22.49,45368832
1512397800,2017-12-04 09:30,22.33,22.385,22.17,22.2,32949040
1512484200,2017-12-05 09:30,22.01,22.125,21.79,21.97,35893559
1512570600,2017-12-06 09:30,21.81,21.9,21.61,21.69,43407343
1512657000,2017-12-07 09:30,21.44,21.7,21.4,21.58,31467243
1512743400,2017-12-08 09:30,21.6,21.81,21.565,21.68,29074374
1513002600,2017-12-11 09:30,21.57,21.815,21.43,21.51,33505220
1513089000,2017-12-12 09:30,21.41,21.46,21.27,21.42,34569639
1513175400,2017-12-13 09:30,21.42,22.315,21.42,22.16,82201586
1513261800,2017-12-14 09:30,22.08,22.17,21.8,22.07,36365625
1513348200,2017-12-15 09:30,22.16,22.21,21.975,21.99,33143985
1513607400,2017-12-18 09:30,22.08,22.23,21.99,22.16,30791833
1513693800,2017-12-19 09:30,22.16,22.26,22.035,22.13,25162567
1513780200,2017-12-20 09:30,22.25,22.59,22.21,22.5,37314023
1513866600,2017-12-21 09:30,22.43,22.75,22.43,22.63,27396785
1513953000,2017-12-22 09:30,22.75,22.92,22.68,22.89,26914893
1514298600,2017-12-26 09:30,22.97,23.25,22.89,23.2,34177887
1514385000,2017-12-27 09:30,23.27,23.28,23.06,23.16,29887519
1514471400,2017-12-28 09:30,23.28,23.35,23.02,23.2,18870231
1514557800,2017-12-29 09:30,23.32,23.37,23.1,23.24,22380442
1514903400,2018-01-02 09:30,23.46,23.84,23.42,23.82,43172042
1514989800,2018-01-03 09:30,23.78,23.805,23.24,23.57,45780941
1515076200,2018-01-04 09:30,23.55,23.74,23.39,23.72,31300269
1515162600,2018-01-05 09:30,23.58,23.72,23.49,23.67,21765751
1515421800,2018-01-08 09:30,23.58,23.61,23.275,23.42,33365965
1515508200,2018-01-09 09:30,23.19,23.27,22.97,23.11,40393656
1515594600,2018-01-10 09:30,23.34,23.43,23.155,23.25,28985545
1515681000,2018-01-11 09:30,23.27,23.42,23.27,23.38,23581387
1515767400,2018-01-12 09:30,23.6,24.02,23.5,24.01,55599163
1516113000,2018-01-16 09:30,24.04,24.43,24.01,24.37,39719508
1516199400,2018-01-17 09:30,24.21,24.4862,23.92,23.94,41932129
1516285800,2018-01-18 09:30,23.97,24.075,23.56,23.61,39197956
1516372200,2018-01-19 09:30,23.78,23.84,23.64,23.65,22753177
1516631400,2018-01-22 09:30,23.75,23.825,23.54,23.71,19300918
1516717800,2018-01-23 09:30,23.6,24.17,23.39,24.1,38807089
1516804200,2018-01-24 09:30,24.51,24.84,24.49,24.6,53467096
1516890600,2018-01-25 09:30,24.74,24.86,23.98,24.13,61745583
1516977000,2018-01-26 09:30,24.3,24.42,24.2,24.35,31439482
1517236200,2018-01-29 09:30,24.13,24.15,23.57,23.68,59675964
1517322600,2018-01-30 09:30,23.8,23.86,23.33,23.45,37702188
1517409000,2018-01-31 09:30,23.67,23.835,23.22,23.75,47006942
1517495400,2018-02-01 09:30,23.57,23.805,23.45,23.7,33277712
1517581800,2018-02-02 09:30,23.38,23.39,22.79,22.91,75765547
1517841000,2018-02-05 09:30,23,23.02,22.48,22.71,53158411
1517927400,2018-02-06 09:30,22.49,22.52,21.98,22.11,68463879
1518013800,2018-02-07 09:30,21.99,22.275,21.73,21.8,51539145
1518100200,2018-02-08 09:30,21.8,22.02,21.65,21.68,51192396
1518186600,2018-02-09 09:30,21.65,21.68,20.835,21.68,101763831
1518445800,2018-02-12 09:30,21.57,22.15,21.43,21.97,70844429
1518532200,2018-02-13 09:30,21.99,22.09,21.83,22,21692860
1518618600,2018-02-14 09:30,22.01,23.15,21.935,23.01,95516933
1518705000,2018-02-15 09:30,23.07,23.1,22.6312,22.99,36155724
1518791400,2018-02-16 09:30,22.81,22.9,22.215,22.51,49081699
1519137000,2018-02-20 09:30,22.22,22.31,21.835,21.87,47894491
1519223400,2018-02-21 09:30,22.06,22.46,21.78,21.79,40097786
1519309800,2018-02-22 09:30,21.94,22.04,21.715,21.73,27068115
1519396200,2018-02-23 09:30,21.75,21.99,21.67,21.97,24782013
1519655400,2018-02-26 09:30,22.08,22.25,22.01,22.18,30234282
1519741800,2018-02-27 09:30,21.97,21.97,21.345,21.49,69407293
1519828200,2018-02-28 09:30,21.54,21.62,21.35,21.35,33039008
1519914600,2018-03-01 09:30,21.12,21.64,20.94,21.57,59170816
1520001000,2018-03-02 09:30,21.77,21.89,21.47,21.49,25906371
1520260200,2018-03-05 09:30,21.44,21.65,21.31,21.65,38419827
1520346600,2018-03-06 09:30,21.94,22.25,21.9,22.01,53458654
1520433000,2018-03-07 09:30,21.98,22.06,21.505,21.57,42129852
1520519400,2018-03-08 09:30,21.65,21.7,21.44,21.65,18596893
1520605800,2018-03-09 09:30,21.52,21.77,21.42,21.57,23402871
1520861400,2018-03-12 09:30,21.46,21.785,21.35,21.76,32577297
1520947800,2018-03-13 09:30,21.78,21.8858,21.5633,21.67,17335377
1521034200,2018-03-14 09:30,21.68,21.816,21.64,21.73,16708688
1521120600,2018-03-15 09:30,21.57,21.654,21.411,21.45,30524758
1521207000,2018-03-16 09:30,21.44,21.525,21.25,21.43,20880736
1521466200,2018-03-19 09:30,21.41,21.56,21.22,21.51,30109477
1521552600,2018-03-20 09:30,21.32,21.41,21.16,21.27,40842099
1521639000,2018-03-21 09:30,21.47,22.02,21.38,21.86,77132059
1521725400,2018-03-22 09:30,21.74,21.84,21.49,21.5,34294499
1521811800,2018-03-23 09:30,22.06,22.3588,21.95,22.12,74162845
1522071000,2018-03-26 09:30,22.31,22.51,22.26,22.44,44428837
1522157400,2018-03-27 09:30,22.1,22.27,21.95,21.99,50314163
1522243800,2018-03-28 09:30,21.87,21.9,21.56,21.66,57399707
1522330200,2018-03-29 09:30,21.64,21.99,21.625,21.98,37327067
1522675800,2018-04-02 09:30,22.19,22.44,22.105,22.23,38852529
1522762200,2018-04-03 09:30,22.03,22.1,21.8283,21.91,32183141
1522848600,2018-04-04 09:30,22.17,22.18,21.82,21.87,21892985
1522935000,2018-04-05 09:30,21.71,21.99,21.68,21.97,21917191
1523021400,2018-04-06 09:30,22.14,22.19,22.02,22.07,28824132
1523280600,2018-04-09 09:30,22.09,22.1925,21.84,21.98,26503636
1523367000,2018-04-10 09:30,22.17,22.405,22.14,22.26,37061390
1523453400,2018-04-11 09:30,22.47,23.05,22.46,22.75,73378060
1523539800,2018-04-12 09:30,22.55,22.6769,22.44,22.47,38282446
1523626200,2018-04-13 09:30,22.68,23.05,22.66,22.89,45733650
1523885400,2018-04-16 09:30,22.98,22.98,22.69,22.8,33914359
1523971800,2018-04-17 09:30,22.73,23.01,22.67,22.93,26116166
1524058200,2018-04-18 09:30,23.13,23.305,22.96,22.98,55934645
1524144600,2018-04-19 09:30,23.1,23.18,22.815,23.06,33413154
1524231000,2018-04-20 09:30,22.82,22.85,22.59,22.71,49114216
1524490200,2018-04-23 09:30,22.5,22.555,22.37,22.41,38080828
1524576600,2018-04-24 09:30,22.54,22.748,22.49,22.7,35369699
1524663000,2018-04-25 09:30,22.43,22.66,22.3174,22.5,27986471
1524749400,2018-04-26 09:30,22.59,22.69,22.435,22.59,27482303
1524835800,2018-04-27 09:30,22.67,22.76,22.59,22.73,24141963
1525095000,2018-04-30 09:30,22.43,22.48,22.25,22.28,48350375
1525181400,2018-05-01 09:30,22.14,22.37,22.0448,22.31,31639726
1525267800,2018-05-02 09:30,22.39,22.77,22.3,22.38,47085345
1525354200,2018-05-03 09:30,22.65,22.775,22.53,22.65,31886809
1525440600,2018-05-04 09:30,22.58,22.7,22.49,22.65,25226438
1525699800,2018-05-07 09:30,22.6,22.795,22.58,22.65,18934444
1525786200,2018-05-08 09:30,22.53,22.72,22.31,22.68,34792333
1525872600,2018-05-09 09:30,22.65,22.77,22.59,22.63,24236927
1525959000,2018-05-10 09:30,22.82,22.99,22.78,22.95,40726925
1526045400,2018-05-11 09:30,23,23.06,22.83,22.88,25367508
1526304600,2018-05-14 09:30,22.96,23,22.67,22.78,27921051
1526391000,2018-05-15 09:30,22.32,22.38,22.1282,22.26,60869753
1526477400,2018-05-16 09:30,22.22,22.37,22.21,22.29,29674746
1526563800,2018-05-17 09:30,22.26,22.26,22.13,22.19,21513134
1526650200,2018-05-18 09:30,22.1,22.255,22.03,22.19,21201857
1526909400,2018-05-21 09:30,22.19,22.34,22.06,22.33,24219382
1526995800,2018-05-22 09:30,22.33,22.45,22.11,22.13,29793678
1527082200,2018-05-23 09:30,22.02,22.43,22.01,22.34,35634494
1527168600,2018-05-24 09:30,22.42,22.65,22.36,22.65,43392206
1527255000,2018-05-25 09:30,22.51,22.56,22.25,22.31,45369531
1527600600,2018-05-29 09:30,22.12,22.375,22.075,22.15,38924898
1527687000,2018-05-30 09:30,22.27,22.49,22.23,22.44,26859576
1527773400,2018-05-31 09:30,22.37,22.45,22.27,22.34,21951729
1527859800,2018-06-01 09:30,22.32,22.43,22.14,22.31,34934719
1528119000,2018-06-04 09:30,22.44,22.46,22.24,22.28,14069751
1528205400,2018-06-05 09:30,22.32,22.51,22.26,22.44,23725559
1528291800,2018-06-06 09:30,22.5,22.6,22.36,22.58,28884424
1528378200,2018-06-07 09:30,22.56,22.57,22.35,22.45,24370351
1528464600,2018-06-08 09:30,22.39,22.43,22.27,22.36,14786266
1528723800,2018-06-11 09:30,22.35,22.56,22.29,22.55,22189248
1528810200,2018-06-12 09:30,22.44,22.57,22.37,22.49,18186536
1528896600,2018-06-13 09:30,22.51,22.595,22.22,22.48,26970383
1528983000,2018-06-14 09:30,22.55,22.67,22.54,22.66,27702272
1529069400,2018-06-15 09:30,22.35,22.39,22.1239,22.23,67655109
1529328600,2018-06-18 09:30,22.18,22.34,22.18,22.27,25229110
1529415000,2018-06-19 09:30,22.06,22.23,22.02,22.05,29906011
1529501400,2018-06-20 09:30,22.12,22.1539,21.875,21.92,27917341
1529587800,2018-06-21 09:30,21.93,22,21.855,21.91,20138256
1529674200,2018-06-22 09:30,21.99,22.23,21.96,22.18,31952949
1529933400,2018-06-25 09:30,22.08,22.17,21.95,22.01,27603626
1530019800,2018-06-26 09:30,21.88,22.02,21.79,21.95,20696257
1530106200,2018-06-27 09:30,21.85,22.0292,21.79,21.81,29246455
1530192600,2018-06-28 09:30,21.88,21.96,21.77,21.93,27797947
1530279000,2018-06-29 09:30,21.94,22.4,21.93,22.31,53961430
1530538200,2018-07-02 09:30,22.12,22.22,21.98,22.08,32224372
1530624600,2018-07-03 09:30,22.29,22.63,22.28,22.47,36319257
1530797400,2018-07-05 09:30,22.6,22.7425,22.57,22.68,39397277
1530883800,2018-07-06 09:30,22.71,22.8,22.58,22.61,34351004
1531143000,2018-07-09 09:30,22.86,22.93,22.53,22.55,24832426
1531229400,2018-07-10 09:30,22.49,22.64,22.37,22.6,21568091
1531315800,2018-07-11 09:30,22.39,22.46,21.94,22,63565282
1531402200,2018-07-12 09:30,22.13,22.29,22.105,22.14,30125726
1531488600,2018-07-13 09:30,22,22.105,21.94,21.96,22025876
1531747800,2018-07-16 09:30,21.95,22,21.8,21.87,19669561
1531834200,2018-07-17 09:30,21.73,21.94,21.67,21.88,41938341
1531920600,2018-07-18 09:30,21.71,21.88,21.63,21.86,35836266
1532007000,2018-07-19 09:30,21.5,21.92,21.48,21.58,46406314
1532093400,2018-07-20 09:30,21.78,21.87,21.63,21.78,39166173
1532352600,2018-07-23 09:30,21.62,21.6438,21.32,21.33,51711399
1532439000,2018-07-24 09:30,21.45,21.63,21.45,21.62,45248652
1532525400,2018-07-25 09:30,21.71,21.8,21.5,21.8,43789857
1532611800,2018-07-26 09:30,21.57,21.67,21.36,21.39,60861679
1532698200,2018-07-27 09:30,21.37,21.49,21.24,21.32,23550564
1532957400,2018-07-30 09:30,21.3,21.38,21.1825,21.27,19823184
1533043800,2018-07-31 09:30,21.21,21.46,21.1909,21.28,22085586
1533130200,2018-08-01 09:30,21.25,21.29,21.08,21.11,36248827
1533216600,2018-08-02 09:30,21.11,21.11,20.89,20.94,33472965
1533303000,2018-08-03 09:30,21.06,21.32,20.99,21.16,41235181
1533562200,2018-08-06 09:30,21.02,21.05,20.88,20.9,25437481
1533648600,2018-08-07 09:30,21.07,21.09,20.64,20.66,32676597
1533735000,2018-08-08 09:30,20.68,20.8,20.595,20.76,26941518
1533821400,2018-08-09 09:30,20.82,21.015,20.7,20.71,26458004
1533907800,2018-08-10 09:30,20.67,20.78,20.51,20.56,34589224
1534167000,2018-08-13 09:30,20.39,20.41,19.88,19.98,71203517
1534253400,2018-08-14 09:30,20.02,20.06,19.74,19.77,31663147
1534339800,2018-08-15 09:30,19.44,19.45,18.47,18.6,127545489
1534426200,2018-08-16 09:30,18.8,18.95,18.15,18.16,78684164
1534512600,2018-08-17 09:30,18.39,18.8,18.3132,18.72,108432904
1534771800,2018-08-20 09:30,18.81,18.96,18.58,18.79,50865732
1534858200,2018-08-21 09:30,18.81,18.9784,18.68,18.92,32200090
1534944600,2018-08-22 09:30,19.05,19.08,18.915,19.06,29172608
1535031000,2018-08-23 09:30,18.87,18.87,18.35,18.46,60360228
1535117400,2018-08-24 09:30,18.71,19.22,18.62,18.95,72678340
1535376600,2018-08-27 09:30,19.06,19.305,19.03,19.28,48725631
1535463000,2018-08-28 09:30,19.4,19.485,18.8,18.92,52003750
1535549400,2018-08-29 09:30,19,19.1196,18.89,18.99,32824216
1535635800,2018-08-30 09:30,18.86,18.86,18.58,18.69,41048455
1535722200,2018-08-31 09:30,18.71,18.84,18.5,18.55,32493182
1536067800,2018-09-04 09:30,18.28,18.35,17.97,18.02,68162529
1536154200,2018-09-05 09:30,18.15,18.17,17.79,17.87,37114879
1536240600,2018-09-06 09:30,17.95,18.16,17.77,17.84,44015176
1536327000,2018-09-07 09:30,17.75,18.01,17.58,17.88,42474359
1536586200,2018-09-10 09:30,17.89,17.94,17.57,17.61,36646400
1536672600,2018-09-11 09:30,17.44,17.62,17.28,17.57,34496336
1536759000,2018-09-12 09:30,17.55,18.29,17.425,18.11,80327167
1536845400,2018-09-13 09:30,18.39,18.415,17.94,18.09,42941550
1536931800,2018-09-14 09:30,18.08,18.2,17.92,17.98,28846514
1537191000,2018-09-17 09:30,18.14,18.42,18,18.32,45917335
1537277400,2018-09-18 09:30,18.3,18.46,18.21,18.43,40661366
1537363800,2018-09-19 09:30,18.54,18.96,18.51,18.75,50131526
1537450200,2018-09-20 09:30,18.94,19.105,18.67,18.93,45547714
1537536600,2018-09-21 09:30,18.57,18.93,18.5,18.78,43991960
1537795800,2018-09-24 09:30,18.9,19.11,18.745,18.8,45806457
1537882200,2018-09-25 09:30,18.99,19.1,18.76,18.85,34694517
1537968600,2018-09-26 09:30,18.72,18.83,18.39,18.42,78326346
1538055000,2018-09-27 09:30,18.22,18.48,18.14,18.34,42157422
1538141400,2018-09-28 09:30,18.5,18.69,18.47,18.52,36328016
1538400600,2018-10-01 09:30,18.44,18.62,18.43,18.55,30221541
1538487000,2018-10-02 09:30,18.83,19.075,18.735,19.05,70369552
1538573400,2018-10-03 09:30,19.1,19.23,18.75,18.79,47836945
1538659800,2018-10-04 09:30,18.91,18.99,18.5901,18.75,42990716
1538746200,2018-10-05 09:30,18.82,18.9,18.58,18.65,32050256
1539005400,2018-10-08 09:30,18.36,18.73,18.2,18.71,50616635
1539091800,2018-10-09 09:30,18.58,18.63,18.29,18.39,39183779
1539178200,2018-10-10 09:30,18.33,18.71,18.145,18.63,57558256
1539264600,2018-10-11 09:30,19.03,19.985,18.84,19.87,134776294
1539351000,2018-10-12 09:30,19.75,19.885,19.27,19.75,63982504
1539610200,2018-10-15 09:30,20.02,20.39,19.93,20.06,64151527
1539696600,2018-10-16 09:30,20.23,20.33,19.76,19.99,40971272
1539783000,2018-10-17 09:30,19.9911,20.23,19.77,19.91,43598013
1539869400,2018-10-18 09:30,19.85,20.35,19.775,20,40595016
1539955800,2018-10-19 09:30,20.19,20.275,19.97,20.01,32958323
1540215000,2018-10-22 09:30,19.9,19.98,19.68,19.86,30036771
1540301400,2018-10-23 09:30,20.36,20.51,19.93,20.1,51504453
1540387800,2018-10-24 09:30,20.1,20.24,19.795,19.87,38505953
1540474200,2018-10-25 09:30,19.9,19.93,18.88,19,85572251
1540560600,2018-10-26 09:30,19.13,19.58,19.01,19.06,74515943
1540819800,2018-10-29 09:30,19.03,19.43,18.8238,19.01,39090253
1540906200,2018-10-30 09:30,18.97,19.25,18.82,19.15,33839088
1540992600,2018-10-31 09:30,18.84,18.94,18.64,18.93,55036993
1541079000,2018-11-01 09:30,19.24,19.6699,19.2,19.57,63588464
1541165400,2018-11-02 09:30,19.49,19.655,19.36,19.63,38780226
1541428200,2018-11-05 09:30,19.43,19.8,19.34,19.56,29600120
1541514600,2018-11-06 09:30,19.59,19.66,19.31,19.4,26050269
1541601000,2018-11-07 09:30,19.52,19.56,19.27,19.31,22572964
1541687400,2018-11-08 09:30,19.17,19.47,19.15,19.38,36788388
1541773800,2018-11-09 09:30,18.93,19.12,18.78,19.04,48178187
1542033000,2018-11-12 09:30,18.79,18.89,18.59,18.61,38310459
1542119400,2018-11-13 09:30,18.7,18.73,18.2634,18.42,37410730
1542205800,2018-11-14 09:30,18.37,19.075,18.34,18.83,66754948
1542292200,2018-11-15 09:30,18.89,19.13,18.81,19.09,39657760
1542378600,2018-11-16 09:30,19.37,19.5,19.29,19.38,46150454
1542637800,2018-11-19 09:30,19.35,19.66,19.33,19.39,39968717
1542724200,2018-11-20 09:30,19.51,19.51,18.97,19.3,33847429
1542810600,2018-11-21 09:30,19.47,19.92,19.45,19.81,51285773
1542983400,2018-11-23 09:30,19.63,19.74,19.27,19.36,30344437
1543242600,2018-11-26 09:30,19.4,19.67,19.22,19.26,23593593
1543329000,2018-11-27 09:30,19.29,19.29,18.72,18.87,51165103
1543415400,2018-11-28 09:30,18.77,19.48,18.73,19.34,49633129
1543501800,2018-11-29 09:30,19.44,19.52,19.16,19.17,28893448
1543588200,2018-11-30 09:30,19.08,19.18,18.8,19.09,31884151
1543847400,2018-12-03 09:30,19.39,19.49,19.16,19.44,47910024
1543933800,2018-12-04 09:30,19.67,19.77,19.525,19.6,45434257
1544106600,2018-12-06 09:30,19.66,19.9,19.5,19.71,50911067
1544193000,2018-12-07 09:30,19.88,20.335,19.79,20.2,67727391
1544452200,2018-12-10 09:30,20.1,20.55,19.99,20.13,47462674
1544538600,2018-12-11 09:30,20.21,20.38,19.96,20.01,50551232
1544625000,2018-12-12 09:30,20.07,20.49,20.07,20.44,71833453
1544711400,2018-12-13 09:30,20.33,20.48,20.29,20.48,42891292
1544797800,2018-12-14 09:30,20.26,20.365,20.075,20.12,48779841
1545057000,2018-12-17 09:30,20.29,20.65,20.28,20.61,67083045
1545143400,2018-12-18 09:30,20.54,21.17,20.53,21.09,79518674
1545229800,2018-12-19 09:30,21.09,21.47,19.9,19.95,120753241
1545316200,2018-12-20 09:30,20.53,20.84,20.34,20.67,94498152
1545402600,2018-12-21 09:30,20.68,20.77,20.27,20.44,63182482
1545661800,2018-12-24 09:30,20.7,21.11,20.65,21.09,60507002
1545834600,2018-12-26 09:30,21.35,21.4,20.53,20.62,76365216
1545921000,2018-12-27 09:30,20.84,21,20.7,20.97,52393006
1546007400,2018-12-28 09:30,20.89,21.02,20.57,20.6,49834971
1546266600,2018-12-31 09:30,20.7,21.13,20.56,21.09,53866572
1546439400,2019-01-02 09:30,21.11,21.23,20.84,21.05,39963518
1546525800,2019-01-03 09:30,21.3,21.54,21.13,21.48,52555173
1546612200,2019-01-04 09:30,21.13,21.4,21.005,21.3,60257182
1546871400,2019-01-07 09:30,21.48,21.53,20.98,21.04,41284864
1546957800,2019-01-08 09:30,20.85,21.07,20.6867,21.05,36313102
1547044200,2019-01-09 09:30,21.03,21.41,21.01,21.32,55350120
1547130600,2019-01-10 09:30,21.24,21.35,20.95,21,38185638
1547217000,2019-01-11 09:30,21.06,21.25,21.01,21.08,32955556
1547476200,2019-01-14 09:30,21.12,21.27,20.8544,20.93,34552162
1547562600,2019-01-15 09:30,21,21.055,20.42,20.61,45097682
1547649000,2019-01-16 09:30,20.57,20.78,20.5,20.6,22030037
1547735400,2019-01-17 09:30,20.57,20.765,20.51,20.66,25288313
1547821800,2019-01-18 09:30,20.45,20.64,20.24,20.31,50575988
1548167400,2019-01-22 09:30,20.36,20.51,20.22,20.45,34617622
1548253800,2019-01-23 09:30,20.32,20.61,20.225,20.49,22692365
1548340200,2019-01-24 09:30,20.37,20.59,20.35,20.5,37866193
1548426600,2019-01-25 09:30,20.81,21.23,20.8,21.18,52892974
1548685800,2019-01-28 09:30,21.18,21.48,21.175,21.45,38990475
1548772200,2019-01-29 09:30,21.64,21.98,21.49,21.97,61112163
1548858600,2019-01-30 09:30,21.86,22.55,21.75,22.18,66605723
1548945000,2019-01-31 09:30,22.42,22.69,22.29,22.69,60796577
1549031400,2019-02-01 09:30,22.53,22.655,22.2,22.57,42718246
1549290600,2019-02-04 09:30,22.19,22.51,22.16,22.49,53968091
1549377000,2019-02-05 09:30,22.49,22.61,22.22,22.61,33532922
1549463400,2019-02-06 09:30,22.36,22.6,22.21,22.22,49850233
1549549800,2019-02-07 09:30,22.21,22.35,21.96,22.03,36029517
1549636200,2019-02-08 09:30,22.07,22.45,22.07,22.34,48965367
1549895400,2019-02-11 09:30,22.11,22.3213,22.06,22.08,38453359
1549981800,2019-02-12 09:30,22.23,22.27,21.95,22.05,23475654
1550068200,2019-02-13 09:30,22,22.28,21.91,21.92,49415214
1550154600,2019-02-14 09:30,21.96,22.18,21.84,22.14,33745177
1550241000,2019-02-15 09:30,22.27,22.44,22.02,22.43,37505469
1550586600,2019-02-19 09:30,22.71,23.26,22.62,23.14,90301510
1550673000,2019-02-20 09:30,23.31,23.7,23.14,23.36,62442201
1550759400,2019-02-21 09:30,23.11,23.21,22.94,22.98,54488177
1550845800,2019-02-22 09:30,23.12,23.3601,22.9833,23.06,41676623
1551105000,2019-02-25 09:30,23.03,23.09,22.76,22.77,47067737
1551191400,2019-02-26 09:30,22.77,22.82,22.36,22.73,36298950
1551277800,2019-02-27 09:30,22.6,22.675,22.2,22.35,49023487
1551364200,2019-02-28 09:30,22.36,22.36,22.16,22.24,32776826
1551450600,2019-03-01 09:30,22.06,22.32,21.69,21.7,78919183
1551709800,2019-03-04 09:30,21.56,21.86,21.4,21.85,55000855
1551796200,2019-03-05 09:30,21.77,21.97,21.68,21.97,30417055
1551882600,2019-03-06 09:30,21.91,21.94,21.47,21.52,55293993
1551969000,2019-03-07 09:30,21.52,21.89,21.5,21.79,41501311
1552055400,2019-03-08 09:30,22.21,22.4,21.935,22.37,59866353
1552311000,2019-03-11 09:30,22.4,22.51,21.99,22.29,38359652
1552397400,2019-03-12 09:30,22.41,22.73,22.3364,22.68,48840708
1552483800,2019-03-13 09:30,22.81,22.97,22.62,22.86,31968126
1552570200,2019-03-14 09:30,22.4,22.4955,22.18,22.25,42989350
1552656600,2019-03-15 09:30,22.4,22.58,22.16,22.3,42292626
1552915800,2019-03-18 09:30,22.4,22.44,22.02,22.05,31836935
1553002200,2019-03-19 09:30,22.32,22.38,22.1225,22.13,34131834
1553088600,2019-03-20 09:30,22.2,22.73,21.83,22.63,58485683
1553175000,2019-03-21 09:30,22.7,22.78,22.34,22.75,41302526
1553261400,2019-03-22 09:30,22.61,22.865,22.53,22.78,41711439
1553520600,2019-03-25 09:30,22.87,23.34,22.85,23.26,58308762
1553607000,2019-03-26 09:30,23.03,23.38,22.98,23.35,41372376
1553693400,2019-03-27 09:30,23.23,23.35,22.985,23.01,34488246
1553779800,2019-03-28 09:30,22.65,22.73,22.32,22.41,66841246
1553866200,2019-03-29 09:30,22.61,22.6488,22.39,22.42,35233003
1554125400,2019-04-01 09:30,22.43,22.51,21.83,21.96,49601845
1554211800,2019-04-02 09:30,21.98,22.1586,21.94,22.1,28698721
1554298200,2019-04-03 09:30,22.1,22.265,22.07,22.07,24479468
1554384600,2019-04-04 09:30,21.88,22.54,21.79,22.5,42380379
1554471000,2019-04-05 09:30,22.42,22.47,22.26,22.43,20384569
1554730200,2019-04-08 09:30,22.75,22.8,22.55,22.69,30695493
1554816600,2019-04-09 09:30,22.81,22.84,22.6501,22.82,23756993
1554903000,2019-04-10 09:30,22.8,22.93,22.59,22.62,26181778
1554989400,2019-04-11 09:30,22.34,22.54,22.11,22.25,57531003
1555075800,2019-04-12 09:30,22.25,22.36,22.14,22.21,22940773
1555335000,2019-04-15 09:30,21.98,22.285,21.89,22.22,26720270
1555421400,2019-04-16 09:30,21.94,22.01,21.79,21.81,46161535
1555507800,2019-04-17 09:30,21.87,21.92,21.49,21.66,44246325
1555594200,2019-04-18 09:30,21.61,21.74,21.19,21.34,43979719
1555939800,2019-04-22 09:30,21.4,21.42,20.925,20.98,44655155
1556026200,2019-04-23 09:30,20.8,20.97,20.71,20.82,27916255
1556112600,2019-04-24 09:30,20.81,21.19,20.67,21.02,48993071
1556199000,2019-04-25 09:30,21.06,21.21,20.76,20.87,29326196
1556285400,2019-04-26 09:30,21.07,21.43,21.05,21.3,38923388
1556544600,2019-04-29 09:30,21.22,21.23,20.74,20.84,39572580
1556631000,2019-04-30 09:30,20.83,21.03,20.8,20.89,19674191
1556717400,2019-05-01 09:30,20.83,21.1,20.35,20.52,72152524
1556803800,2019-05-02 09:30,20.32,20.46,20.14,20.17,42758516
1556890200,2019-05-03 09:30,20.4,20.59,20.27,20.29,26799882
1557149400,2019-05-06 09:30,20.29,20.465,20.22,20.3,26382860
1557235800,2019-05-07 09:30,20.41,20.83,20.27,20.71,48972380
1557322200,2019-05-08 09:30,20.9,20.99,20.35,20.48,30100610
1557408600,2019-05-09 09:30,20.52,20.775,20.3916,20.43,28038378
1557495000,2019-05-10 09:30,20.55,20.58,20.265,20.28,23309442
1557754200,2019-05-13 09:30,20.63,20.99,20.43,20.93,65640183
1557840600,2019-05-14 09:30,20.88,20.9,20.59,20.84,29056079
1557927000,2019-05-15 09:30,20.95,21.02,20.775,20.79,23251245
1558013400,2019-05-16 09:30,20.68,20.735,20.405,20.56,32047647
1558099800,2019-05-17 09:30,20.47,20.76,20.39,20.75,26518989
1558359000,2019-05-20 09:30,20.7,20.85,20.64,20.68,17627995
1558445400,2019-05-21 09:30,20.57,20.73,20.46,20.71,13437539
1558531800,2019-05-22 09:30,20.68,20.71,20.26,20.36,31806219
1558618200,2019-05-23 09:30,20.56,20.88,20.41,20.44,36332165
1558704600,2019-05-24 09:30,20.5,20.62,20.4,20.57,15584040
1559050200,2019-05-28 09:30,20.38,20.5,20.28,20.42,32450074
1559136600,2019-05-29 09:30,20.52,20.55,20.35,20.42,23992273
1559223000,2019-05-30 09:30,20.45,20.81,20.365,20.77,25439360
1559309400,2019-05-31 09:30,21.24,21.74,21.19,21.59,83347589
1559568600,2019-06-03 09:30,22.03,22.5,21.91,22.49,75414150
1559655000,2019-06-04 09:30,22.17,22.62,22.17,22.59,40898730
1559741400,2019-06-05 09:30,22.84,23.02,22.34,22.63,55594777
1559827800,2019-06-06 09:30,22.66,22.92,22.6,22.87,48981051
1559914200,2019-06-07 09:30,23.05,23.12,22.73,22.89,41368340
1560173400,2019-06-10 09:30,22.42,22.52,22.2435,22.46,45057272
1560259800,2019-06-11 09:30,22.35,22.69,22.31,22.59,23522505
1560346200,2019-06-12 09:30,22.77,23.082,22.75,22.96,35955837
1560432600,2019-06-13 09:30,23.02,23.2417,22.94,23.24,30634297
1560519000,2019-06-14 09:30,23.45,23.67,23.1,23.33,42220917
1560778200,2019-06-17 09:30,23.38,23.47,23.135,23.46,50692793
1560864600,2019-06-18 09:30,23.75,23.8818,23.345,23.67,44411196
1560951000,2019-06-19 09:30,23.52,24.03,23.45,24,46273757
1561037400,2019-06-20 09:30,24.66,25.17,24.54,25.05,131980990
1561123800,2019-06-21 09:30,25,25.24,24.675,25.21,50309842
1561383000,2019-06-24 09:30,25.31,26.17,25.26,26.17,101843310
1561469400,2019-06-25 09:30,26.23,26.25,25.11,25.63,103671804
1561555800,2019-06-26 09:30,25.07,25.735,25.05,25.52,57094957
1561642200,2019-06-27 09:30,25.31,25.39,25.135,25.33,53004832
1561728600,2019-06-28 09:30,25.43,25.595,25.185,25.56,39459714
1561987800,2019-07-01 09:30,24.8,24.99,24.53,24.58,90390151
1562074200,2019-07-02 09:30,24.89,25.65,24.81,25.55,75815745
1562160600,2019-07-03 09:30,25.67,25.7,25.36,25.65,24756090
1562333400,2019-07-05 09:30,24.98,25.5,24.68,25.39,51920839
1562592600,2019-07-08 09:30,25.45,25.61,25.21,25.42,40606069
1562679000,2019-07-09 09:30,25.33,25.66,25.21,25.65,37529653
1562765400,2019-07-10 09:30,26.02,26.23,25.77,26.2,56468965
1562851800,2019-07-11 09:30,26.13,26.28,25.715,25.94,54018847
1562938200,2019-07-12 09:30,26,26.245,25.865,26.21,31796830
1563197400,2019-07-15 09:30,26.17,26.305,25.99,26.18,29939258
1563283800,2019-07-16 09:30,26.14,26.33,25.97,26.05,32218187
1563370200,2019-07-17 09:30,26.18,27.1,26.18,27.09,84770489
1563456600,2019-07-18 09:30,26.91,28.31,26.77,28.25,100061375
1563543000,2019-07-19 09:30,27.91,28.27,27.6,27.98,67827778
1563802200,2019-07-22 09:30,28.08,28.29,27.965,28.19,38310623
1563888600,2019-07-23 09:30,28.2,28.41,27.6483,27.87,53091659
1563975000,2019-07-24 09:30,28.07,28.2,27.84,28.15,35305335
1564061400,2019-07-25 09:30,27.98,27.98,27.325,27.43,66348827
1564147800,2019-07-26 09:30,27.55,27.64,27.23,27.28,34186874
1564407000,2019-07-29 09:30,27.4,27.77,27.22,27.77,51527576
1564493400,2019-07-30 09:30,27.89,28,27.7,27.83,29517381
1564579800,2019-07-31 09:30,27.68,27.88,26.42,26.5,125274602
1564666200,2019-08-01 09:30,26.1,27.955,26.04,27.85,125771713
1564752600,2019-08-02 09:30,27.73,28.11,27.56,27.77,46016195
1565011800,2019-08-05 09:30,28.53,29.01,28.34,28.6,91723910
1565098200,2019-08-06 09:30,28.59,28.79,28.31,28.67,45760926
1565184600,2019-08-07 09:30,29.59,30,29.2,29.26,91307741
1565271000,2019-08-08 09:30,29.11,29.86,28.87,29.77,62143868
1565357400,2019-08-09 09:30,29.55,29.86,29.32,29.36,42424272
1565616600,2019-08-12 09:30,29.59,29.75,28.99,29,62211761
1565703000,2019-08-13 09:30,29.41,29.4499,27.81,28.45,98012937
1565789400,2019-08-14 09:30,28.92,29.09,28.37,28.41,60301215
1565875800,2019-08-15 09:30,28.31,28.87,28.16,28.73,49655926
1565962200,2019-08-16 09:30,28.41,28.61,28.1275,28.28,58922008
1566221400,2019-08-19 09:30,27.75,28.38,27.61,27.93,62768306
1566307800,2019-08-20 09:30,28.16,28.97,28.1218,28.85,73113593
1566394200,2019-08-21 09:30,28.6,28.86,28.55,28.7,30275838
1566480600,2019-08-22 09:30,28.57,28.79,28.37,28.49,39511370
1566567000,2019-08-23 09:30,28.64,29.7,28.59,29.64,92884072
1566826200,2019-08-26 09:30,29.68,29.98,29.4,29.64,47355272
1566912600,2019-08-27 09:30,29.71,30.615,29.64,30.56,81814889
1566999000,2019-08-28 09:30,30.65,30.81,30.03,30.41,54023986
1567085400,2019-08-29 09:30,30.45,30.49,29.39,29.66,75152466
1567171800,2019-08-30 09:30,29.53,30.135,29.4475,29.86,48737096
1567517400,2019-09-03 09:30,30.28,30.76,30.12,30.37,69361286
1567603800,2019-09-04 09:30,30.33,30.96,30.29,30.95,48380826
1567690200,2019-09-05 09:30,30.23,30.26,29.17,29.31,132667433
1567776600,2019-09-06 09:30,29.53,29.76,28.44,28.48,88853931
1568035800,2019-09-09 09:30,28.63,28.735,27.63,27.73,90351909
1568122200,2019-09-10 09:30,27.7,28.06,27.45,27.51,66585031
1568208600,2019-09-11 09:30,27.63,28.21,27.54,27.72,78529266
1568295000,2019-09-12 09:30,28.53,28.7,27.23,27.27,82801752
1568381400,2019-09-13 09:30,27.41,27.59,26.6,26.64,80728924
1568640600,2019-09-16 09:30,27.25,27.505,26.89,27.29,68934764
1568727000,2019-09-17 09:30,27.48,28.27,27.38,28.12,78514240
1568813400,2019-09-18 09:30,28.11,28.14,26.975,27.62,97011969
1568899800,2019-09-19 09:30,27.83,28.18,27.72,28.1,48645781
1568986200,2019-09-20 09:30,28.19,28.69,27.86,28.69,79042273
1569245400,2019-09-23 09:30,28.81,29.16,28.71,29.16,58218313
1569331800,2019-09-24 09:30,28.84,29.58,28.69,29.49,60454660
1569418200,2019-09-25 09:30,29.31,29.39,28.21,28.43,115027188
1569504600,2019-09-26 09:30,28.55,28.78,28.09,28.11,51626787
1569591000,2019-09-27 09:30,27.5,27.84,27.305,27.45,85792721
1569850200,2019-09-30 09:30,26.99,27.35,26.54,26.71,83628535
1569936600,2019-10-01 09:30,26.62,27.465,26.51,26.92,77649999
1570023000,2019-10-02 09:30,27.47,27.5,27.02,27.41,84237397
1570109400,2019-10-03 09:30,27.41,28.05,27.24,27.25,69106060
1570195800,2019-10-04 09:30,27.15,27.91,27.14,27.87,59019217
1570455000,2019-10-07 09:30,27.6,27.9868,27.46,27.58,42927114
1570541400,2019-10-08 09:30,28.08,28.38,27.79,28.36,75845655
1570627800,2019-10-09 09:30,28.35,28.36,27.88,28.05,45243363
1570714200,2019-10-10 09:30,28.01,28.1618,27.52,28.05,41011379
1570800600,2019-10-11 09:30,27.67,27.7,26.91,26.97,96012516
1571059800,2019-10-14 09:30,27.04,27.29,26.94,27.07,35317985
1571146200,2019-10-15 09:30,26.88,26.88,26.18,26.19,82900886
1571232600,2019-10-16 09:30,26.45,26.74,26.19,26.71,63833545
1571319000,2019-10-17 09:30,26.5,27.35,26.47,27.08,50874584
1571405400,2019-10-18 09:30,26.95,27.24,26.79,27.12,31903617
1571664600,2019-10-21 09:30,27.25,27.295,26.5,26.58,50174363
1571751000,2019-10-22 09:30,26.67,26.8,26.23,26.54,31746443
1571837400,2019-10-23 09:30,26.64,27.02,26.64,26.81,51001572
1571923800,2019-10-24 09:30,26.97,27.55,26.94,27.52,55738253
1572010200,2019-10-25 09:30,28.01,28.175,27.37,27.74,59960297
1572269400,2019-10-28 09:30,27.43,27.44,27,27.06,60885627
1572355800,2019-10-29 09:30,26.89,27.43,26.771,27.21,32762442
1572442200,2019-10-30 09:30,27.3,27.49,26.73,27.45,54901652
1572528600,2019-10-31 09:30,27.7,28.18,27.6,28.15,79602442
1572615000,2019-11-01 09:30,27.93,28.16,27.65,28.01,55358996
1572877800,2019-11-04 09:30,27.92,27.9599,27.485,27.52,56660008
1572964200,2019-11-05 09:30,26.97,27.14,26.76,26.97,62148835
1573050600,2019-11-06 09:30,27.13,27.4,26.91,27.3,48932862
1573137000,2019-11-07 09:30,27.02,27.085,26.3,26.49,90744168
1573223400,2019-11-08 09:30,26.23,26.58,26.14,26.23,42342087
1573482600,2019-11-11 09:30,26.27,26.455,26.145,26.24,33321383
1573569000,2019-11-12 09:30,26.28,26.64,25.975,26.59,56886611
1573655400,2019-11-13 09:30,26.72,27.01,26.69,26.75,39509943
1573741800,2019-11-14 09:30,26.87,27.07,26.735,27,34646022
1573828200,2019-11-15 09:30,26.78,27.09,26.72,26.74,37431371
1574087400,2019-11-18 09:30,26.79,27.21,26.74,27.2,49626917
1574173800,2019-11-19 09:30,27.04,27.5,27.03,27.23,33297394
1574260200,2019-11-20 09:30,27.2,27.46,26.935,27.34,35288284
1574346600,2019-11-21 09:30,27.19,27.36,26.81,26.82,67801124
1574433000,2019-11-22 09:30,26.92,26.98,26.59,26.76,24320201
1574692200,2019-11-25 09:30,26.48,26.68,26.18,26.2,58426059
1574778600,2019-11-26 09:30,26.25,26.83,26.14,26.78,64854120
1574865000,2019-11-27 09:30,26.58,26.79,26.42,26.66,37119884
1575037800,2019-11-29 09:30,26.69,27.16,26.69,27.08,44363109
1575297000,2019-12-02 09:30,26.89,27.21,26.83,27.17,43830334
1575383400,2019-12-03 09:30,27.54,27.9365,27.54,27.77,81368535
1575469800,2019-12-04 09:30,27.64,27.72,27.31,27.48,56197292
1575556200,2019-12-05 09:30,27.35,27.86,27.33,27.62,47772031
1575642600,2019-12-06 09:30,27.12,27.39,26.955,26.97,75301987
1575901800,2019-12-09 09:30,27.13,27.18,26.85,26.92,32182597
1575988200,2019-12-10 09:30,27.15,27.1601,26.88,27.13,36772130
1576074600,2019-12-11 09:30,27.24,27.85,27.16,27.71,76159500
1576161000,2019-12-12 09:30,28,28.11,27.39,27.66,65662808
1576247400,2019-12-13 09:30,27.47,27.84,27.32,27.72,29999666
1576506600,2019-12-16 09:30,27.74,27.74,27.32,27.39,42358044
1576593000,2019-12-17 09:30,27.36,27.445,27.15,27.16,31061559
1576679400,2019-12-18 09:30,27.14,27.48,27.09,27.45,45240216
1576765800,2019-12-19 09:30,27.5,27.59,27.27,27.48,24666917
1576852200,2019-12-20 09:30,27.51,27.54,27.12,27.13,41969143
1577111400,2019-12-23 09:30,27.13,27.83,27.05,27.77,72126561
1577197800,2019-12-24 09:30,27.91,28.66,27.89,28.66,70679135
1577370600,2019-12-26 09:30,28.9,29.25,28.75,29.08,57573578
1577457000,2019-12-27 09:30,29.01,29.15,28.71,28.87,37733525
1577716200,2019-12-30 09:30,28.92,29.49,28.9,29.49,56347773
1577802600,2019-12-31 09:30,29.7,29.76,29.26,29.28,32777591
1577975400,2020-01-02 09:30,29.62,29.72,29.11,29.35,40718484
1578061800,2020-01-03 09:30,29.85,29.87,29.01,29.17,47416779
1578321000,2020-01-06 09:30,29.75,29.785,29.01,29.22,45500443
1578407400,2020-01-07 09:30,29.21,29.52,29.02,29.5,39563370
1578493800,2020-01-08 09:30,29.37,29.43,28.12,28.35,94347662
1578580200,2020-01-09 09:30,28.11,28.419,28,28.04,60567958
1578666600,2020-01-10 09:30,28.15,28.56,28.12,28.45,38638023
1578925800,2020-01-13 09:30,28.32,28.32,27.75,27.77,48731540
1579012200,2020-01-14 09:30,27.71,28.31,27.68,28.26,57003142
1579098600,2020-01-15 09:30,28.39,28.865,28.17,28.79,50472855
1579185000,2020-01-16 09:30,28.6,28.71,28.36,28.67,37967107
1579271400,2020-01-17 09:30,28.75,28.775,28.3,28.42,43853776
1579617000,2020-01-21 09:30,28.26,28.969,28.2,28.95,48096869
1579703400,2020-01-22 09:30,28.9,28.99,28.6504,28.84,21333709
1579789800,2020-01-23 09:30,28.66,29.1,28.59,28.66,41346553
1579876200,2020-01-24 09:30,28.61,29.3,28.61,29.22,44496967
1580135400,2020-01-27 09:30,29.64,29.66,28.91,29.08,38199334
1580221800,2020-01-28 09:30,28.8,28.97,28.28,28.31,55735244
1580308200,2020-01-29 09:30,28.3,28.9,28.23,28.86,37968789
1580394600,2020-01-30 09:30,28.9,29.08,28.5995,28.73,39866791
1580481000,2020-01-31 09:30,28.8,29.235,28.76,28.99,41986211
1580740200,2020-02-03 09:30,28.81,28.895,28.4,28.56,42345245
1580826600,2020-02-04 09:30,28.2,28.28,27.77,28.05,62983538
1580913000,2020-02-05 09:30,28.02,28.345,27.91,28.05,41433708
1580999400,2020-02-06 09:30,28.27,28.51,28.11,28.4,37356813
1581085800,2020-02-07 09:30,28.57,28.67,27.92,27.93,40445600
1581345000,2020-02-10 09:30,28.19,28.51,28.02,28.39,34717158
1581431400,2020-02-11 09:30,28.32,28.53,28.07,28.43,24591706
1581517800,2020-02-12 09:30,28.34,28.41,28.08,28.12,33312728
1581604200,2020-02-13 09:30,28.37,28.59,28.2099,28.32,29937427
1581690600,2020-02-14 09:30,28.34,28.47,28.19,28.31,22888642
1582036200,2020-02-18 09:30,28.59,29.25,28.38,29.23,64687825
1582122600,2020-02-19 09:30,29.37,29.79,29.2,29.75,45467451
1582209000,2020-02-20 09:30,29.66,30.1,29.5,29.75,52313889
1582295400,2020-02-21 09:30,30.27,30.71,30.18,30.65,76598516
1582554600,2020-02-24 09:30,31.76,31.84,30.66,31.05,87112400
1582641000,2020-02-25 09:30,30.48,31.16,29.91,29.97,91165463
1582727400,2020-02-26 09:30,29.9,30.28,29.67,29.87,49351885
1582813800,2020-02-27 09:30,30.32,30.4,28.14,28.15,125123876
1582900200,2020-02-28 09:30,26.8,27.04,25.43,26.22,166818945
1583159400,2020-03-02 09:30,27.09,27.47,26.7,27.29,83762424
1583245800,2020-03-03 09:30,27.82,29.61,27.46,28.68,130291525
1583332200,2020-03-04 09:30,29.03,29.18,28.28,29.13,55030317
1583418600,2020-03-05 09:30,29.47,29.84,28.96,29.82,68343832
1583505000,2020-03-06 09:30,29.91,29.965,28.45,29.41,81228020
1583760600,2020-03-09 09:30,28.38,28.715,27.26,27.31,87651722
1583847000,2020-03-10 09:30,27.74,28.03,26.5,27.49,82748715
1583933400,2020-03-11 09:30,27.045,27.25,25.04,25.17,119551243
1584019800,2020-03-12 09:30,22.99,24.89,22,22.31,106328126
1584106200,2020-03-13 09:30,23.29,23.4,16.5,19,195650933
1584365400,2020-03-16 09:30,16.75,22.95,16.18,22.49,199906343
1584451800,2020-03-17 09:30,22.11,25.5,22.02,25.5,119759922
1584538200,2020-03-18 09:30,24.12,25.04,19.68,19.68,198033917
1584624600,2020-03-19 09:30,20.65,24.98,19.29,21.27,103178985
1584711000,2020-03-20 09:30,22.85,22.85,20.34,20.55,68320738
1584970200,2020-03-23 09:30,21.63,23.29,21.12,21.93,93812059
1585056600,2020-03-24 09:30,24.93,26.07,23.79,25.15,127861336
1585143000,2020-03-25 09:30,25.39,27,24.55,26.31,102594396
1585229400,2020-03-26 09:30,26.69,27.21,25.22,25.85,47458035
1585315800,2020-03-27 09:30,25.15,25.67,23.725,24.37,94470997
1585575000,2020-03-30 09:30,24.39,25.3299,23.14,23.93,63038631
1585661400,2020-03-31 09:30,23.6,24.4299,23.03,23.04,45113655
1585747800,2020-04-01 09:30,23,24.26,23,24.03,33900173
1585834200,2020-04-02 09:30,24.59,25.72,24.37,25.04,39859263
1585920600,2020-04-03 09:30,25.16,25.8755,24.74,24.95,33775679
1586179800,2020-04-06 09:30,26.01,26.695,25.54,26.34,62383716
1586266200,2020-04-07 09:30,26.61,26.76,25.78,26.09,31203244
1586352600,2020-04-08 09:30,26.17,26.53,25.83,26.2,17480165
1586439000,2020-04-09 09:30,27.2,28.97,27.09,28.95,68549366
1586784600,2020-04-13 09:30,28.65,31.07,27.91,30.78,59888601
1586871000,2020-04-14 09:30,31.12,32.27,30.025,30.75,59359915
1586957400,2020-04-15 09:30,29.66,30.85,29.37,30.15,31917278
1587043800,2020-04-16 09:30,30.42,31.13,30.04,30.92,37982779
1587130200,2020-04-17 09:30,29.76,30.42,29.67,29.94,29249521
1587389400,2020-04-20 09:30,29.98,31.13,29.9798,30.74,25488827
1587475800,2020-04-21 09:30,29.68,30.87,29.55,30.56,22464480
1587562200,2020-04-22 09:30,31.54,32.64,31.5,32.51,40955129
1587648600,2020-04-23 09:30,33.21,34.74,33.0103,33.42,56325881
1587735000,2020-04-24 09:30,34.02,34.305,32.96,33.93,40580447
1587994200,2020-04-27 09:30,33.95,34.21,32.93,33.79,30455558
1588080600,2020-04-28 09:30,33.5,33.98,32.98,33.81,31629718
1588167000,2020-04-29 09:30,33.45,34.07,32.82,34.03,36913965
1588253400,2020-04-30 09:30,33.18,33.835,32.15,32.26,52248771
1588339800,2020-05-01 09:30,31.48,33.39,31.31,33.29,34002985
1588599000,2020-05-04 09:30,33.76,34.2525,33.52,33.99,34391431
1588685400,2020-05-05 09:30,33.91,34.91,33.37,34.79,30289712
1588771800,2020-05-06 09:30,34.15,34.51,33.62,33.7,29078379
1588858200,2020-05-07 09:30,34.09,35.495,33.875,35.03,35053602
1588944600,2020-05-08 09:30,34.99,35.56,34.58,34.86,28619337
1589203800,2020-05-11 09:30,34.92,35.045,33.55,33.89,28732669
1589290200,2020-05-12 09:30,34.34,34.95,33.69,33.84,20999568
1589376600,2020-05-13 09:30,34.34,34.69,33.42,34.08,33290193
1589463000,2020-05-14 09:30,34.06,35.45,34,35.16,33736237
1589549400,2020-05-15 09:30,35.96,36.68,35.61,36.57,38465785
1589808600,2020-05-18 09:30,37.15,37.2,35.72,35.93,33168678
1589895000,2020-05-19 09:30,36.51,37.4901,36.38,37.21,36737242
1589981400,2020-05-20 09:30,37.36,37.49,36.45,36.61,30058078
1590067800,2020-05-21 09:30,36.08,36.22,34.76,35.66,33179364
1590154200,2020-05-22 09:30,35.98,36.44,35.47,35.55,17987005
1590499800,2020-05-26 09:30,35.38,35.38,33.95,34.08,36174157
1590586200,2020-05-27 09:30,33.09,33.76,32.54,33.71,43849143
1590672600,2020-05-28 09:30,34.39,34.68,33.56,34,29944905
1590759000,2020-05-29 09:30,34.67,34.87,34.11,34.32,33434075
1591018200,2020-06-01 09:30,34.6,35.43,34.48,35.38,24201706
1591104600,2020-06-02 09:30,35.56,35.58,33.935,34.09,39294216
1591191000,2020-06-03 09:30,33.31,33.59,32.4328,32.83,40447639
1591277400,2020-06-04 09:30,33.48,33.58,32.84,33.11,25889272
1591363800,2020-06-05 09:30,32.04,32.46,31.22,32.46,50291089
1591623000,2020-06-08 09:30,32.57,32.81,32.09,32.78,21180443
1591709400,2020-06-09 09:30,33.05,33.465,32.6589,33.06,21745369
1591795800,2020-06-10 09:30,33.49,34.53,32.44,34.53,46916445
1591882200,2020-06-11 09:30,34.42,34.92,32.39,32.83,50214115
1591968600,2020-06-12 09:30,33.46,33.775,32.5,32.64,29829026
1592227800,2020-06-15 09:30,31.8,33.66,31.32,33.51,32187059
1592314200,2020-06-16 09:30,33.46,33.68,32.45,32.64,39596111
1592400600,2020-06-17 09:30,32.78,33.1874,32.5,32.85,23882500
1592487000,2020-06-18 09:30,32.67,33.03,32.3,32.43,20130754
1592573400,2020-06-19 09:30,32.88,33.84,32.69,33.55,37405046
1592832600,2020-06-22 09:30,34.4,35.3401,34.27,34.87,46110348
1592919000,2020-06-23 09:30,35.38,35.84,35.115,35.37,28979238
1593005400,2020-06-24 09:30,35.14,35.68,34.3,34.74,37585817
1593091800,2020-06-25 09:30,34.75,34.96,34.18,34.96,17938785
1593178200,2020-06-26 09:30,34.59,35.33,34.08,35.19,29048378
1593437400,2020-06-29 09:30,35.37,35.56,34.965,35.56,24259523
1593523800,2020-06-30 09:30,35.44,36.72,35.22,36.68,35818585
1593610200,2020-07-01 09:30,36.57,36.64,35.52,36.56,30673795
1593696600,2020-07-02 09:30,36.34,37.08,36.11,36.17,28388822
1594042200,2020-07-06 09:30,36.9,37.125,36.305,36.84,23654623
1594128600,2020-07-07 09:30,36.69,37.975,36.66,37.73,30149951
1594215000,2020-07-08 09:30,38.41,39.14,38.185,38.96,34212491
1594301400,2020-07-09 09:30,39.27,39.44,37.82,38.79,37060292
1594387800,2020-07-10 09:30,39.09,39.18,38.03,38.4,21900739
1594647000,2020-07-13 09:30,39.06,39.18,37.08,37.13,34817428
1594733400,2020-07-14 09:30,37,38.6,36.87,38.59,30430722
1594819800,2020-07-15 09:30,38.37,38.76,37.7,38.67,21290966
1594906200,2020-07-16 09:30,38.35,38.71,37.71,38.08,21296572
1594992600,2020-07-17 09:30,38.56,39.34,38.3366,39.31,27743567
1595251800,2020-07-20 09:30,39.78,40.49,39.63,40.38,28356291
1595338200,2020-07-21 09:30,41.27,41.62,40.53,40.91,34701464
1595424600,2020-07-22 09:30,41.47,41.939,41.095,41.75,39311493
1595511000,2020-07-23 09:30,41.7,42.24,40.21,40.96,43686708
1595597400,2020-07-24 09:30,41.455,41.91,41.12,41.83,34918693
1595856600,2020-07-27 09:30,43.43,44.46,43.31,43.84,57601159
1595943000,2020-07-28 09:30,43.2,44.05,42.73,43.56,37241879
1596029400,2020-07-29 09:30,43.73,43.74,42.22,43.13,39586646
1596115800,2020-07-30 09:30,41.9,42.68,40.96,41.63,38073484
1596202200,2020-07-31 09:30,42.36,43.03,41.93,42.94,29563446
1596461400,2020-08-03 09:30,42.6,42.9,41.7702,42.54,26243137
1596547800,2020-08-04 09:30,42.5,44.48,42.12,44.48,42405281
1596634200,2020-08-05 09:30,45.4,45.78,44.02,44.53,37859060
1596720600,2020-08-06 09:30,45.18,45.36,43.58,44.23,29579910
1596807000,2020-08-07 09:30,43.24,43.54,42.25,42.74,33217639
1597066200,2020-08-10 09:30,43.23,44.18,42.285,42.39,28792727
1597152600,2020-08-11 09:30,40.24,40.75,38.885,39.05,71304382
1597239000,2020-08-12 09:30,40.3335,40.505,39.21,39.23,38312189
1597325400,2020-08-13 09:30,40.03,41.03,39.69,40.63,36092736
1597411800,2020-08-14 09:30,40.46,40.72,39.72,40.35,21075453
1597671000,2020-08-17 09:30,42.12,43,41.85,42.96,35735953
1597757400,2020-08-18 09:30,44.07,44.09,42.01,42.66,28185875
1597843800,2020-08-19 09:30,42.26,42.61,40.77,41.01,36903312
1597930200,2020-08-20 09:30,41.05,42.1,40.79,41.97,29589687
1598016600,2020-08-21 09:30,41.12,41.3,40.44,40.89,23938217
1598275800,2020-08-24 09:30,41.57,41.609,40.59,40.65,17717371
1598362200,2020-08-25 09:30,40.61,40.61,39.59,40.58,20241546
1598448600,2020-08-26 09:30,40.07,41.63,40.07,41.6,27676900
1598535000,2020-08-27 09:30,42.34,42.34,40.035,40.66,31690874
1598621400,2020-08-28 09:30,41.63,42.227,41.25,41.96,26915547
1598880600,2020-08-31 09:30,42.2,42.81,41.92,42.27,21174580
1598967000,2020-09-01 09:30,43.13,43.13,41.17,41.67,24256352
1599053400,2020-09-02 09:30,41.23,41.8,40.41,41.76,21587374
1599139800,2020-09-03 09:30,41.41,41.76,40.225,41.29,23533925
1599226200,2020-09-04 09:30,40.96,41.14,39.47,40.86,31759952
1599571800,2020-09-08 09:30,39.69,41.37,39.29,40.58,23893974
1599658200,2020-09-09 09:30,40.9799,42.45,40.9799,42.34,30373322
1599744600,2020-09-10 09:30,42.76,42.89,41.435,41.58,24778414
1599831000,2020-09-11 09:30,41.87,42.33,40.91,41.16,19360884
1600090200,2020-09-14 09:30,41.85,42.84,41.78,42.79,24207148
1600176600,2020-09-15 09:30,43.28,43.6,42.521,42.79,21083553
1600263000,2020-09-16 09:30,43.48,43.48,42.6,42.85,21649519
1600349400,2020-09-17 09:30,41.81,42.32,41.37,42.1,21293220
1600435800,2020-09-18 09:30,42.23,42.54,41.34,41.36,24531289
1600695000,2020-09-21 09:30,40.21,40.79,39.37,39.84,30733604
1600781400,2020-09-22 09:30,40.06,40.315,39.42,40.02,21529162
1600867800,2020-09-23 09:30,39.36,39.3801,37.35,37.63,52942893
1600954200,2020-09-24 09:30,37.2,38.91,37.08,38.69,35428374
1601040600,2020-09-25 09:30,38.2,38.66,37.79,38.42,15107535
1601299800,2020-09-28 09:30,38.92,39.16,38.3699,38.87,17378130
1601386200,2020-09-29 09:30,39.07,39.62,38.94,39.37,16833233
1601472600,2020-09-30 09:30,39.1,39.52,38.56,39.16,17572953
1601559000,2020-10-01 09:30,39.55,39.94,39.16,39.57,21847938
1601645400,2020-10-02 09:30,39.11,39.57,38.76,38.97,16693909
1601904600,2020-10-05 09:30,39.17,39.98,39.07,39.57,19579828
1601991000,2020-10-06 09:30,39.87,40.06,38.07,38.11,26691992
1602077400,2020-10-07 09:30,38.5,38.805,38.15,38.35,22049824
1602163800,2020-10-08 09:30,38.73,39.17,38.48,38.97,18446618
1602250200,2020-10-09 09:30,39.91,40.795,39.83,40.78,29936412
1602509400,2020-10-12 09:30,40.68,41.01,40.35,40.67,14011284
1602595800,2020-10-13 09:30,40.1,40.5,39.46,40.25,20018117
1602682200,2020-10-14 09:30,40.76,41.34,40.52,40.96,19355245
1602768600,2020-10-15 09:30,40.19,40.67,39.9863,40.3,18523858
1602855000,2020-10-16 09:30,40.41,40.52,39.83,39.83,13554722
1603114200,2020-10-19 09:30,40.32,40.33,39.14,39.16,15292636
1603200600,2020-10-20 09:30,39.29,39.705,38.97,39.46,15671885
1603287000,2020-10-21 09:30,39.76,40.41,39.68,39.92,18089397
1603373400,2020-10-22 09:30,39.34,39.44,38.59,39.19,19750654
1603459800,2020-10-23 09:30,39.15,39.17,38.465,38.82,14497696
1603719000,2020-10-26 09:30,38.52,39.16,38.17,38.21,17881875
1603805400,2020-10-27 09:30,38.27,38.86,38.0877,38.83,14636849
1603891800,2020-10-28 09:30,37.72,37.88,36.34,36.52,38818917
1603978200,2020-10-29 09:30,36.06,37.285,36.01,36.95,22331970
1604064600,2020-10-30 09:30,37.33,37.57,36.4877,37.49,27663936
1604327400,2020-11-02 09:30,38.09,38.69,37.67,38.63,27180436
1604413800,2020-11-03 09:30,39.1,39.625,38.835,39.37,20418908
1604500200,2020-11-04 09:30,39.42,39.53,38.4,38.47,24981312
1604586600,2020-11-05 09:30,39.88,41.51,39.865,41.22,51803648
1604673000,2020-11-06 09:30,41.64,41.81,40.985,41.42,21921499
1604932200,2020-11-09 09:30,39.41,39.42,38.03,38.88,43551216
1605018600,2020-11-10 09:30,39.03,39.06,37.52,37.56,33309875
1605105000,2020-11-11 09:30,37.07,37.26,36.7277,37.15,22360789
1605191400,2020-11-12 09:30,37.5,38.08,37.39,37.49,21204910
1605277800,2020-11-13 09:30,38.34,38.35,37.825,38.01,19270905
1605537000,2020-11-16 09:30,37.86,38.235,37.45,37.76,17150204
1605623400,2020-11-17 09:30,37.41,37.645,36.94,36.94,20716651
1605709800,2020-11-18 09:30,36.94,36.97,35.815,35.82,26893335
1605796200,2020-11-19 09:30,35.37,35.83,35.2,35.52,25927665
1605882600,2020-11-20 09:30,35.96,36.36,35.66,35.9,25259605
1606141800,2020-11-23 09:30,35.53,35.57,34.34,34.36,33864184
1606228200,2020-11-24 09:30,33.38,33.9,33.25,33.42,41128086
1606314600,2020-11-25 09:30,33.75,34.235,33.665,34.04,31203612
1606487400,2020-11-27 09:30,33.54,34.29,33.5,34.23,11745571
1606746600,2020-11-30 09:30,33.97,34.68,33.66,34.68,24406719
1606833000,2020-12-01 09:30,35.8,36.07,35.08,35.96,31750906
1606919400,2020-12-02 09:30,35.97,36.1,35.52,35.97,23736888
1607005800,2020-12-03 09:30,36.14,36.14,35.235,35.51,21132485
1607092200,2020-12-04 09:30,35.5,35.81,35.06,35.31,15779182
1607351400,2020-12-07 09:30,35.3,36.92,35.24,36.5,26606174
1607437800,2020-12-08 09:30,36.66,36.75,36.23,36.35,15029702
1607524200,2020-12-09 09:30,35.94,36.16,35.01,35.4,26711273
1607610600,2020-12-10 09:30,35.5277,36.025,35.14,35.24,17178644
1607697000,2020-12-11 09:30,35.36,35.57,34.945,35.08,13294131
1607956200,2020-12-14 09:30,34.92,35.35,34.26,34.29,27930959
1608042600,2020-12-15 09:30,35.01,35.57,34.86,35.37,24425981
1608129000,2020-12-16 09:30,35.6,36.04,35.12,36.03,21498615
1608215400,2020-12-17 09:30,36.87,37.64,36.76,37.29,41042596
1608301800,2020-12-18 09:30,37.27,37.27,36.55,36.58,21979781
1608561000,2020-12-21 09:30,36.35,36.81,36.18,36.35,18383671
1608647400,2020-12-22 09:30,36.38,36.39,35.03,35.29,34675278
1608733800,2020-12-23 09:30,35.53,36.04,35.53,35.92,25420059
1608820200,2020-12-24 09:30,35.75,36.2145,35.6223,36.03,14138459
1609165800,2020-12-28 09:30,36.61,36.91,35.68,35.69,17137367
1609252200,2020-12-29 09:30,35.9,36.29,35.59,35.74,19650373
1609338600,2020-12-30 09:30,35.79,36.56,35.77,36.56,18311382
1609425000,2020-12-31 09:30,36.56,36.68,35.8,36.02,18772713
1609770600,2021-01-04 09:30,37.69,38.765,37.315,38.51,54565106
1609857000,2021-01-05 09:30,39,39.01,38.06,38.5,28068442
1609943400,2021-01-06 09:30,38.13,38.52,37.47,38.46,31826283
1610029800,2021-01-07 09:30,38.32,38.66,37.815,38.37,18728570
1610116200,2021-01-08 09:30,37.45,37.52,35.8,36.52,49003476
1610375400,2021-01-11 09:30,35.78,36.28,35.74,35.78,26270086
1610461800,2021-01-12 09:30,35.89,36.05,35.29,36.04,20901168
1610548200,2021-01-13 09:30,36,36.3,35.62,35.64,15130292
1610634600,2021-01-14 09:30,35.64,36.15,35.46,35.61,17274554
1610721000,2021-01-15 09:30,35.34,35.49,34.48,34.51,26520248
1611066600,2021-01-19 09:30,35.13,35.18,34.57,34.87,26382561
1611153000,2021-01-20 09:30,35.49,36.32,35.395,36.04,30193242
1611239400,2021-01-21 09:30,36,36.0399,35.41,35.71,19607840
1611325800,2021-01-22 09:30,34.85,35.54,34.47,35.23,27744173
1611585000,2021-01-25 09:30,35.49,35.74,34.8073,35.19,15905618
1611671400,2021-01-26 09:30,35.11,35.535,35.01,35.09,13110808
1611757800,2021-01-27 09:30,34.65,34.67,33.625,33.74,31884841
1611844200,2021-01-28 09:30,34.62,35.39,34.085,34.58,35106662
1611930600,2021-01-29 09:30,35.48,35.68,34.375,34.51,21743651
1612189800,2021-02-01 09:30,36.03,36.28,35.08,35.68,33084896
1612276200,2021-02-02 09:30,34.88,34.98,34.45,34.62,22560818
1612362600,2021-02-03 09:30,34.7,34.945,34.44,34.61,16858341
1612449000,2021-02-04 09:30,33.685,33.97,33.23,33.84,26075889
1612535400,2021-02-05 09:30,34.11,34.69,33.9,34.61,20322709
1612794600,2021-02-08 09:30,35.27,35.49,34.9,35.22,18754664
1612881000,2021-02-09 09:30,35.43,35.475,34.935,35.18,18531709
1612967400,2021-02-10 09:30,35.5,35.6,35,35.28,11693963
1613053800,2021-02-11 09:30,35.33,35.615,34.66,34.81,19890691
1613140200,2021-02-12 09:30,34.5,35.1221,34.18,34.78,15849345
1613485800,2021-02-16 09:30,34.25,34.8172,34.08,34.09,22539109
1613572200,2021-02-17 09:30,33.55,33.59,32.95,33.22,27688603
1613658600,2021-02-18 09:30,33.17,33.4351,32.54,32.79,20776358
1613745000,2021-02-19 09:30,33.09,33.21,32.57,32.74,17823026
1614004200,2021-02-22 09:30,33.25,34.35,33.07,34.21,27946112
1614090600,2021-02-23 09:30,33.8,33.87,32.81,33.44,25669743
1614177000,2021-02-24 09:30,32.868,33.905,32.65,33.7,18765998
1614263400,2021-02-25 09:30,33.01,33.63,32.2,32.33,36435964
1614349800,2021-02-26 09:30,31.97,32.16,30.895,31.13,39888765
1614609000,2021-03-01 09:30,31.52,31.72,30.72,30.9,25851374
1614695400,2021-03-02 09:30,31.04,32.21,30.97,31.96,27817654
1614781800,2021-03-03 09:30,31.44,31.6,30.64,31.35,34116975
1614868200,2021-03-04 09:30,31.29,32.09,30.8,31.37,37821846
1614954600,2021-03-05 09:30,31.4,31.88,30.9,31.78,27006828
1615213800,2021-03-08 09:30,31.55,31.8,31.19,31.39,16400592
1615300200,2021-03-09 09:30,32.47,32.89,32.095,32.3,26861922
1615386600,2021-03-10 09:30,32.38,32.63,32.08,32.43,14538950
1615473000,2021-03-11 09:30,32.67,33.08,32.52,33.05,21841578
1615559400,2021-03-12 09:30,32.22,33.13,32.08,33.08,19710935
1615815000,2021-03-15 09:30,33.23,33.72,33.14,33.62,21468359
1615901400,2021-03-16 09:30,33.68,33.725,33.325,33.49,16995968
1615987800,2021-03-17 09:30,33.26,34.48,33,34.21,24753124
1616074200,2021-03-18 09:30,33.51,34.129,33.46,33.62,18855434
1616160600,2021-03-19 09:30,33.74,33.92,33.46,33.89,17791428
1616419800,2021-03-22 09:30,33.56,33.96,33.49,33.49,14935314
1616506200,2021-03-23 09:30,33.18,33.26,32.535,32.64,17838720
1616592600,2021-03-24 09:30,32.65,32.7699,32.28,32.3,14319311
1616679000,2021-03-25 09:30,32.3001,32.52,31.91,32.24,16091687
1616765400,2021-03-26 09:30,32.15,32.795,32.15,32.77,15938692
1617024600,2021-03-29 09:30,32.5045,32.93,32.09,32.86,13768313
1617111000,2021-03-30 09:30,31.9913,32.24,31.6479,31.83,25441929
1617197400,2021-03-31 09:30,31.9,32.79,31.865,32.5,29139803
1617283800,2021-04-01 09:30,32.95,33.62,32.84,33.6,27485551
1617629400,2021-04-05 09:30,33.59,34.015,33.37,33.71,18197254
1617715800,2021-04-06 09:30,34.078,34.59,33.98,34.28,21175661
1617802200,2021-04-07 09:30,34.1401,34.315,33.845,33.93,18181850
1617888600,2021-04-08 09:30,34.5401,34.85,34.435,34.73,19841066
1617975000,2021-04-09 09:30,34.11,34.79,33.98,34.73,11232307
1618234200,2021-04-12 09:30,34.41,34.44,33.83,33.96,15536208
1618320600,2021-04-13 09:30,34.39,34.8,34.3,34.56,22275864
1618407000,2021-04-14 09:30,34.54,34.7501,34.205,34.29,14033711
1618493400,2021-04-15 09:30,34.8025,35.96,34.73,35.71,31132507
1618579800,2021-04-16 09:30,36.0899,36.125,35.72,36.03,18939324
1618839000,2021-04-19 09:30,35.84,36.095,35.59,35.79,12133699
1618925400,2021-04-20 09:30,35.7,36.33,35.685,36.2,22559979
1619011800,2021-04-21 09:30,36.22,36.835,36.13,36.83,18613551
1619098200,2021-04-22 09:30,36.63,36.655,35.96,36.18,18554103
1619184600,2021-04-23 09:30,36.5,36.62,35.95,36.06,10521143
1619443800,2021-04-26 09:30,36.12,36.18,35.805,35.98,9254155
1619530200,2021-04-27 09:30,36.03,36.06,35.25,35.3,16330790
1619616600,2021-04-28 09:30,34.88,35.72,34.71,35.45,20209764
1619703000,2021-04-29 09:30,35.03,35.12,34.38,34.77,23574832
1619789400,2021-04-30 09:30,34.5701,34.835,34.31,34.36,20958956
1620048600,2021-05-03 09:30,34.98,35.89,34.91,35.68,31858538
1620135000,2021-05-04 09:30,35.66,36.33,34.98,35.31,19222341
1620221400,2021-05-05 09:30,35.48,35.69,35.25,35.61,14786308
1620307800,2021-05-06 09:30,35.91,37.08,35.88,36.76,33315050
1620394200,2021-05-07 09:30,37.37,37.58,37.01,37.42,28018438
1620653400,2021-05-10 09:30,37.98,38.2199,37.315,37.38,24645358
1620739800,2021-05-11 09:30,36.63,37.67,36.5,37.64,19510803
1620826200,2021-05-12 09:30,37.5475,37.755,36.74,36.86,23166293
1620912600,2021-05-13 09:30,36.72,37.18,36.43,36.93,14643459
1620999000,2021-05-14 09:30,37.32,37.945,37.24,37.84,19785915
1621258200,2021-05-17 09:30,38.27,39.895,38.13,39.68,44330775
1621344600,2021-05-18 09:30,39.78,39.89,39.035,39.63,22379022
1621431000,2021-05-19 09:30,39.29,40.13,38.595,39.04,34676432
1621517400,2021-05-20 09:30,39.0889,39.7975,38.92,39.51,17187755
1621603800,2021-05-21 09:30,39.74,39.76,38.91,39.29,15441344
1621863000,2021-05-24 09:30,39.38,39.655,39.17,39.43,11962114
1621949400,2021-05-25 09:30,39.362,39.6899,38.87,39.52,18295900
1622035800,2021-05-26 09:30,39.68,40,39.21,39.46,17944694
1622122200,2021-05-27 09:30,39.26,39.4,39.02,39.21,15494090
1622208600,2021-05-28 09:30,38.99,39.435,38.77,39.42,12656408
1622554200,2021-06-01 09:30,39.64,39.88,39.165,39.49,14270611
1622640600,2021-06-02 09:30,39.58,39.79,39.335,39.54,11231620
1622727000,2021-06-03 09:30,38.622,38.63,38.015,38.17,32174153
1622813400,2021-06-04 09:30,38.5601,38.9572,38.455,38.68,16937401
1623072600,2021-06-07 09:30,38.55,38.71,38.21,38.65,13293109
1623159000,2021-06-08 09:30,38.43,38.59,38.05,38.1,17455780
1623245400,2021-06-09 09:30,38.152,38.48,37.995,38,14511107
1623331800,2021-06-10 09:30,38.07,38.99,37.97,38.95,22342337
1623418200,2021-06-11 09:30,38.7,38.88,38.18,38.28,18857285
1623677400,2021-06-14 09:30,37.57,38.285,37.4,38.03,15826408
1623763800,2021-06-15 09:30,38.062,38.13,37.4101,37.59,17405698
1623850200,2021-06-16 09:30,37.53,37.92,36.73,36.77,29702867
1623936600,2021-06-17 09:30,35.58,36.04,34.79,34.93,69043895
1624023000,2021-06-18 09:30,34.84,35.1,34.1,34.13,34367726
1624282200,2021-06-21 09:30,34.6613,34.95,34.2373,34.77,25070635
1624368600,2021-06-22 09:30,34.6,34.81,34.41,34.55,17989751
1624455000,2021-06-23 09:30,35.01,35.178,34.33,34.33,22658159
1624541400,2021-06-24 09:30,34.64,34.73,34.29,34.44,16894522
1624627800,2021-06-25 09:30,34.91,34.95,34.22,34.36,14417320
1624887000,2021-06-28 09:30,34.32,34.44,33.72,33.98,19354761
1624973400,2021-06-29 09:30,33.3935,33.97,33.3,33.64,15484480
1625059800,2021-06-30 09:30,33.64,34.21,33.5,33.98,15159261
1625146200,2021-07-01 09:30,34.4667,34.52,33.76,33.96,12172211
1625232600,2021-07-02 09:30,34.39,34.59,34.05,34.42,14496634
1625578200,2021-07-06 09:30,35.02,35.05,34.17,34.52,19947062
1625664600,2021-07-07 09:30,34.74,34.791,34.29,34.56,14493739
1625751000,2021-07-08 09:30,34.62,34.685,33.385,33.68,27118254
1625837400,2021-07-09 09:30,33.8,34.49,33.76,34.37,18204532
1626096600,2021-07-12 09:30,34.2,34.56,33.83,33.89,20292447
1626183000,2021-07-13 09:30,34,34.92,33.92,34.28,21065664
1626269400,2021-07-14 09:30,35.09,35.16,34.575,34.74,15714159
1626355800,2021-07-15 09:30,34.84,35.03,34.63,34.97,14196133
1626442200,2021-07-16 09:30,34.84,34.84,33.83,33.92,28734961
1626701400,2021-07-19 09:30,33.5201,33.71,32.8728,33.19,29921491
1626787800,2021-07-20 09:30,33.39,33.8101,33.05,33.3,17990750
1626874200,2021-07-21 09:30,33.03,33.7275,32.97,33.62,15417857
1626960600,2021-07-22 09:30,33.6901,33.6901,33.05,33.41,15667809
1627047000,2021-07-23 09:30,33.2,33.32,32.92,33.15,12587716
1627306200,2021-07-26 09:30,33.06,33.76,33.01,33.5,13565026
1627392600,2021-07-27 09:30,33.65,33.725,33.29,33.68,14112945
1627479000,2021-07-28 09:30,33.51,34.19,33.38,34.19,16424357
1627565400,2021-07-29 09:30,34.75,35.369,34.7,35.07,29054917
1627651800,2021-07-30 09:30,34.8,35.28,34.695,34.92,12405256
1627911000,2021-08-02 09:30,34.92,34.99,34.67,34.78,11315814
1627997400,2021-08-03 09:30,34.79,35.1257,34.64,35.09,11237311
1628083800,2021-08-04 09:30,35.6,35.82,34.76,34.78,16927174
1628170200,2021-08-05 09:30,34.77,34.84,34.1815,34.26,14194065
1628256600,2021-08-06 09:30,33.38,33.49,32.87,33.24,34008684
1628515800,2021-08-09 09:30,32.8,33.08,32.39,32.43,29020208
1628602200,2021-08-10 09:30,32.32,32.465,31.92,32.02,23545603
1628688600,2021-08-11 09:30,32.43,32.9,32.39,32.66,22827025
1628775000,2021-08-12 09:30,32.47,32.47,31.9,32.16,17927044
1628861400,2021-08-13 09:30,32.58,32.96,32.48,32.82,16207003
1629120600,2021-08-16 09:30,32.86,32.9422,32.45,32.64,12163957
1629207000,2021-08-17 09:30,32.53,32.66,32.01,32.25,20321225
1629293400,2021-08-18 09:30,32.33,32.33,31.25,31.49,32163175
1629379800,2021-08-19 09:30,31.43,31.45,30.89,30.96,24668400
1629466200,2021-08-20 09:30,30.85,31.14,30.685,30.85,18101529
1629725400,2021-08-23 09:30,31.63,32.345,31.345,32.12,34967673
1629811800,2021-08-24 09:30,32.36,32.37,31.99,32.11,12994490
1629898200,2021-08-25 09:30,31.95,31.97,31.41,31.68,20259406
1629984600,2021-08-26 09:30,31.46,31.87,31.37,31.48,18155609
1630071000,2021-08-27 09:30,31.4343,32.73,31.29,32.61,43782935
1630330200,2021-08-30 09:30,32.61,32.7,32.103,32.17,17423173
1630416600,2021-08-31 09:30,32.26,32.63,32.19,32.6,23492720
1630503000,2021-09-01 09:30,32.78,32.8292,32.36,32.38,17135561
1630589400,2021-09-02 09:30,32.41,32.51,32.18,32.5,14718550
1630675800,2021-09-03 09:30,32.99,33.52,32.87,33.28,27206237
1631021400,2021-09-07 09:30,32.89,33.06,32.22,32.35,23530591
1631107800,2021-09-08 09:30,32.32,32.48,31.87,32.19,18090060
1631194200,2021-09-09 09:30,32.44,32.49,31.735,31.96,20938848
1631280600,2021-09-10 09:30,31.95,32.115,31.5,31.5,16890332
1631539800,2021-09-13 09:30,31.68,32.405,31.6,32.11,24637976
1631626200,2021-09-14 09:30,32.28,32.6199,31.99,32.27,17580112
1631712600,2021-09-15 09:30,32.02,32.51,31.97,32.26,13130902
1631799000,2021-09-16 09:30,31.5301,31.56,30.59,30.92,54399901
1631885400,2021-09-17 09:30,30.69,30.73,30.35,30.58,26397372
1632144600,2021-09-20 09:30,30.34,30.575,30.07,30.45,26368723
1632231000,2021-09-21 09:30,30.74,31.05,30.41,30.47,23278498
1632317400,2021-09-22 09:30,30.7,31.24,30.455,30.5,26826389
1632403800,2021-09-23 09:30,30.29,30.33,29.88,29.89,28658375
1632490200,2021-09-24 09:30,29.67,30,29.54,29.68,14285363
1632749400,2021-09-27 09:30,29.83,30.235,29.63,29.68,16001616
1632835800,2021-09-28 09:30,29.24,29.51,28.97,29.37,35629467
1632922200,2021-09-29 09:30,29.29,29.415,28.83,28.91,34065822
1633008600,2021-09-30 09:30,29.28,29.95,29.105,29.47,29802730
1633095000,2021-10-01 09:30,29.68,29.685,29.115,29.33,20670188
1633354200,2021-10-04 09:30,29.23,29.9,29.23,29.67,25250556
1633440600,2021-10-05 09:30,29.54,29.85,29.17,29.78,21309595
1633527000,2021-10-06 09:30,29.56,30.34,29.485,30.34,28606925
1633613400,2021-10-07 09:30,30.09,30.69,30.05,30.4,18266930
1633699800,2021-10-08 09:30,31.13,31.36,30.58,30.67,28715150
1633959000,2021-10-11 09:30,30.7127,31.09,30.51,30.58,17432617
1634045400,2021-10-12 09:30,30.8,31.26,30.55,31.14,25183499
1634131800,2021-10-13 09:30,31.43,32.32,31.39,32.15,36495089
1634218200,2021-10-14 09:30,32.6,32.93,32.41,32.85,25070580
1634304600,2021-10-15 09:30,32.1456,32.73,31.88,32.52,19730734
1634563800,2021-10-18 09:30,32.4,32.535,32.075,32.22,15584458
1634650200,2021-10-19 09:30,32.86,32.8901,32.3,32.5,13999700
1634736600,2021-10-20 09:30,32.85,33.16,32.595,32.86,15369526
1634823000,2021-10-21 09:30,32.73,32.77,32.5,32.73,13482577
1634909400,2021-10-22 09:30,33.2987,33.95,32.82,32.99,29547138
1635168600,2021-10-25 09:30,33.44,33.71,33.26,33.45,16885127
1635255000,2021-10-26 09:30,33.18,33.38,33.02,33.25,14855627
1635341400,2021-10-27 09:30,33.23,33.4,32.95,33.1,14192936
1635427800,2021-10-28 09:30,33.17,33.17,32.5,32.59,16147258
1635514200,2021-10-29 09:30,32.06,32.23,31.7,31.71,19838470
1635773400,2021-11-01 09:30,31.77,32.01,31.415,31.86,13055087
1635859800,2021-11-02 09:30,31.6401,31.66,31.26,31.53,13406513
1635946200,2021-11-03 09:30,31.09,31.99,30.96,31.86,19631375
1636032600,2021-11-04 09:30,32.29,32.685,31.685,31.75,20728556
1636119000,2021-11-05 09:30,32.1069,32.75,31.84,32.75,23291780
1636381800,2021-11-08 09:30,33.09,33.14,32.655,32.9,16768969
1636468200,2021-11-09 09:30,33.03,33.32,32.57,33.32,15970088
1636554600,2021-11-10 09:30,34.14,34.5,33.69,33.91,41093016
1636641000,2021-11-11 09:30,34.72,34.83,34.31,34.7,25332815
1636727400,2021-11-12 09:30,34.45,35.01,34.22,34.77,16472228
1636986600,2021-11-15 09:30,34.79,35.01,34.47,34.9,12669970
1637073000,2021-11-16 09:30,34.88,35.08,34.27,34.29,17878666
1637159400,2021-11-17 09:30,34.69,34.97,34.42,34.56,15595601
1637245800,2021-11-18 09:30,34.51,34.68,34.11,34.24,16495437
1637332200,2021-11-19 09:30,34.1601,34.415,33.66,33.67,22135674
1637591400,2021-11-22 09:30,33.02,33.475,32.55,33,30001642
1637677800,2021-11-23 09:30,32.52,32.81,32.15,32.5,20546608
1637764200,2021-11-24 09:30,32.22,32.62,32.17,32.42,13253045
1637937000,2021-11-26 09:30,32.8,32.8,31.64,32.12,21061792
1638196200,2021-11-29 09:30,32.03,32.16,31.67,32.13,15302736
1638282600,2021-11-30 09:30,32.4,33.03,31.64,31.8,30280638
1638369000,2021-12-01 09:30,32.2,32.4801,30.82,30.83,30337643
1638455400,2021-12-02 09:30,30.8799,30.8799,30.0932,30.46,27617314
1638541800,2021-12-03 09:30,30.49,30.73,30.05,30.69,21055604
1638801000,2021-12-06 09:30,30.56,31.23,30.47,31.12,16423306
1638887400,2021-12-07 09:30,31.15,31.585,31.1,31.34,12973046
1638973800,2021-12-08 09:30,31.25,31.515,31.08,31.49,9604717
1639060200,2021-12-09 09:30,31.18,31.19,30.525,30.68,19843666
1639146600,2021-12-10 09:30,30.94,30.95,30.3,30.49,13045463
1639405800,2021-12-13 09:30,30.53,30.87,30.36,30.51,23841326
1639492200,2021-12-14 09:30,30,30.55,30,30.11,16925642
1639578600,2021-12-15 09:30,30,30,28.9,29.7,34442972
1639665000,2021-12-16 09:30,30.13,31.24,30.12,31.19,38341083
1639751400,2021-12-17 09:30,31.35,31.765,31.07,31.13,25354299
1640010600,2021-12-20 09:30,30.56,30.64,30.15,30.59,18245718
1640097000,2021-12-21 09:30,30.88,30.92,30.385,30.82,15175988
1640183400,2021-12-22 09:30,30.91,31.18,30.48,31.16,19852086
1640269800,2021-12-23 09:30,31.11,31.39,30.83,31.3,15213471
1640615400,2021-12-27 09:30,31.24,31.48,31.0382,31.33,11633515
1640701800,2021-12-28 09:30,31.33,31.655,31.07,31.09,15673399
1640788200,2021-12-29 09:30,30.84,31.54,30.84,31.22,13900947
1640874600,2021-12-30 09:30,31.22,31.83,31.22,31.78,14496688
1640961000,2021-12-31 09:30,32.0101,32.075,31.72,32.03,12553707
1641220200,2022-01-03 09:30,31.42,31.53,31.205,31.25,18828939
1641306600,2022-01-04 09:30,31.44,31.87,31.31,31.38,15468251
1641393000,2022-01-05 09:30,31.71,32.025,30.79,30.85,26211095
1641479400,2022-01-06 09:30,30.17,30.38,29.74,29.76,28579287
1641565800,2022-01-07 09:30,29.958,30.17,29.615,30.01,19982904
1641825000,2022-01-10 09:30,29.87,30.54,29.65,30.51,24142739
1641911400,2022-01-11 09:30,30.62,31.16,30.39,31.14,20294692
1641997800,2022-01-12 09:30,31.27,31.71,31.07,31.71,19838609
1642084200,2022-01-13 09:30,31.56,31.74,31.23,31.24,15356931
1642170600,2022-01-14 09:30,31.3,31.32,30.725,30.97,15586459
1642516200,2022-01-18 09:30,30.89,31.15,30.4801,30.6,16767040
1642602600,2022-01-19 09:30,31.02,32.94,30.94,32.79,52590040
1642689000,2022-01-20 09:30,33.11,33.19,32.33,32.33,26417558
1642775400,2022-01-21 09:30,32.5801,32.605,31.48,31.65,30274230
1643034600,2022-01-24 09:30,31.58,31.59,30.43,31.45,32167327
1643121000,2022-01-25 09:30,31.11,31.82,30.84,31.66,26669508
1643207400,2022-01-26 09:30,31.38,31.89,30.38,30.63,38945937
1643293800,2022-01-27 09:30,29.87,30.61,29.635,29.68,32087688
1643380200,2022-01-28 09:30,29.33,29.38,28.87,29.3,25046371
1643639400,2022-01-31 09:30,29.56,30.24,29.505,30.23,22555424
1643725800,2022-02-01 09:30,30.55,30.72,30.03,30.53,16090372
1643812200,2022-02-02 09:30,30.61,31.0399,30.25,30.63,15417308
1643898600,2022-02-03 09:30,30.45,30.66,29.94,30.25,17862630
1643985000,2022-02-04 09:30,30.06,30.73,29.97,30.4,20375733
1644244200,2022-02-07 09:30,30.64,31.45,30.42,31.3,24160501
1644330600,2022-02-08 09:30,31.25,31.65,31.145,31.65,14835262
1644417000,2022-02-09 09:30,31.76,31.98,31.53,31.59,19078658
1644503400,2022-02-10 09:30,31.42,31.8778,30.55,30.69,29800098
1644589800,2022-02-11 09:30,30.77,32.78,30.73,32.43,42380993
1644849000,2022-02-14 09:30,32.54,33.16,32.52,33.09,29274744
1644935400,2022-02-15 09:30,32.22,32.62,31.81,32.49,25751701
1645021800,2022-02-16 09:30,32.68,33.67,32.67,33.53,28483315
1645108200,2022-02-17 09:30,34.03,35.11,33.7793,34.78,45115430
1645194600,2022-02-18 09:30,34.83,34.85,34.21,34.5,23469278
1645540200,2022-02-22 09:30,34.72,34.96,33.9,34.11,23123927
1645626600,2022-02-23 09:30,34.06,35.02,34.01,34.74,24488404
1645713000,2022-02-24 09:30,36.05,36.0699,33.43,34.07,51288783
1645799400,2022-02-25 09:30,33.68,34.48,33.46,34.39,22922160
1646058600,2022-02-28 09:30,35.08,35.11,34.095,34.38,25871753
1646145000,2022-03-01 09:30,34.75,35.86,34.69,35.86,39068447
1646231400,2022-03-02 09:30,35.3101,35.815,34.95,35.73,26242080
1646317800,2022-03-03 09:30,35.63,36.02,35.34,36.02,23492411
1646404200,2022-03-04 09:30,36.28,37.6,36.185,37.4,40829129
1646663400,2022-03-07 09:30,37.69,38.55,37.2,38.36,46921154
1646749800,2022-03-08 09:30,38.8301,40.26,37.89,38.57,80295605
1646836200,2022-03-09 09:30,36.8371,38.31,36.5,38.13,39938289
1646922600,2022-03-10 09:30,38.41,39.32,38.37,38.91,29088628
1647009000,2022-03-11 09:30,37.8,38.545,37.61,38.29,28285231
1647264600,2022-03-14 09:30,37.38,37.55,36.26,36.73,38456790
1647351000,2022-03-15 09:30,35.75,37.32,35.67,36.9,26134289
1647437400,2022-03-16 09:30,36.698,37.11,36.035,37.01,28941555
1647523800,2022-03-17 09:30,37.41,38.365,37.39,37.7,26488194
1647610200,2022-03-18 09:30,37.24,37.88,36.97,37.22,30921104
1647869400,2022-03-21 09:30,37.45,38.565,37.45,38.15,24683544
1647955800,2022-03-22 09:30,38.21,38.21,37.25,37.76,17183874
1648042200,2022-03-23 09:30,38.03,38.77,37.85,38.72,20446330
1648128600,2022-03-24 09:30,39.0805,39.37,38.45,38.56,21580995
1648215000,2022-03-25 09:30,38.2933,38.75,38.12,38.72,10082228
1648474200,2022-03-28 09:30,38.1301,38.17,37.58,37.7,21267685
1648560600,2022-03-29 09:30,36.895,38.25,36.66,38.22,18139796
1648647000,2022-03-30 09:30,38.26,38.86,38.25,38.65,14993014
1648733400,2022-03-31 09:30,38.7301,39.11,38.325,38.35,17229766
1648819800,2022-04-01 09:30,38.1243,39.53,38.07,39.49,23745718
1649079000,2022-04-04 09:30,39.718,39.8,38.655,39.14,18744448
1649165400,2022-04-05 09:30,39.38,39.875,38.1,38.28,26451033
1649251800,2022-04-06 09:30,38.25,38.65,37.801,38.18,19222701
1649338200,2022-04-07 09:30,38.2977,39.01,38.175,38.73,17500545
1649424600,2022-04-08 09:30,38.93,39.81,38.9,39.67,21664610
1649683800,2022-04-11 09:30,40.21,40.38,39,39.45,20697459
1649770200,2022-04-12 09:30,40,40.53,39.45,39.8,22313722
1649856600,2022-04-13 09:30,40.23,40.88,39.98,40.69,22805812
1649943000,2022-04-14 09:30,40.52,40.95,40.16,40.86,21680840
1650288600,2022-04-18 09:30,41.28,41.605,40.82,40.87,21406426
1650375000,2022-04-19 09:30,40.23,40.59,39.41,39.7,23777070
1650461400,2022-04-20 09:30,39.5885,40.21,39.2477,40.13,23025926
1650547800,2022-04-21 09:30,39.59,39.6,37.72,38.09,42409934
1650634200,2022-04-22 09:30,37.05,37.7564,36.71,36.94,33747174
1650893400,2022-04-25 09:30,35.47,36.17,34.8799,35.67,38894676
1650979800,2022-04-26 09:30,35.8601,36.01,34.882,34.9,24442717
1651066200,2022-04-27 09:30,34.95,35.375,34.66,34.7,15275437
1651152600,2022-04-28 09:30,34.82,35.51,34.57,35.41,24492252
1651239000,2022-04-29 09:30,35.77,36.09,34.98,34.99,20033737
1651498200,2022-05-02 09:30,34.08,34.68,33.722,34.55,29034370
1651584600,2022-05-03 09:30,34.6801,35.47,34.68,35.11,19495857
1651671000,2022-05-04 09:30,35.07,35.93,34.63,35.78,28204465
1651757400,2022-05-05 09:30,36.1,36.175,34.1301,34.63,35966826
1651843800,2022-05-06 09:30,34.48,34.72,33.99,34.24,21303721
1652103000,2022-05-09 09:30,33.36,33.57,32.185,32.23,34739688
1652189400,2022-05-10 09:30,32.67,32.92,31.31,31.69,25276208
1652275800,2022-05-11 09:30,32.21,32.835,31.61,31.65,27714271
1652362200,2022-05-12 09:30,30.98,31.14,29.66,30.18,35862810
1652448600,2022-05-13 09:30,30.12,31.14,30.12,30.88,27278831
1652707800,2022-05-16 09:30,30.7877,31.265,30.74,31.18,15573529
1652794200,2022-05-17 09:30,31.57,31.655,31.0029,31.24,16582400
1652880600,2022-05-18 09:30,31.12,31.28,30.43,30.45,18448297
1652967000,2022-05-19 09:30,31.243,32.36,31.23,32.15,30947612
1653053400,2022-05-20 09:30,32.17,32.24,31.54,32.06,19963509
1653312600,2022-05-23 09:30,32.64,32.83,31.91,32.25,16314355
1653399000,2022-05-24 09:30,32.28,32.95,32.01,32.74,17950415
1653485400,2022-05-25 09:30,32.34,32.67,32.11,32.59,13881152
1653571800,2022-05-26 09:30,32.39,32.8,32.15,32.39,12079091
1653658200,2022-05-27 09:30,32.665,32.74,32.22,32.51,11892156
1654003800,2022-05-31 09:30,32.37,32.92,31.55,31.73,21928985
1654090200,2022-06-01 09:30,32.02,32.3,31.595,31.98,14071074
1654176600,2022-06-02 09:30,32.42,33.52,32.4,33.35,21415349
1654263000,2022-06-03 09:30,32.93,33.28,32.4701,32.56,14528320
1654522200,2022-06-06 09:30,32.84,32.95,31.97,32.22,12275795
1654608600,2022-06-07 09:30,32.16,32.63,32.1,32.53,11530615
1654695000,2022-06-08 09:30,32.38,32.69,32.13,32.31,9693323
1654781400,2022-06-09 09:30,32.1,32.15,31.07,31.09,21702415
1654867800,2022-06-10 09:30,30.6399,32.8,30.36,32.57,35438070
1655127000,2022-06-13 09:30,31.27,31.61,30.465,30.47,32964397
1655213400,2022-06-14 09:30,30.58,30.5801,29.4,29.7,22331611
1655299800,2022-06-15 09:30,30.45,30.62,29.34,30.19,25359392
1655386200,2022-06-16 09:30,29.9,30.99,29.445,30.76,28773164
1655472600,2022-06-17 09:30,30.7,30.79,30.14,30.39,17456437
1655818200,2022-06-21 09:30,30.35,30.95,30.19,30.5,15825161
1655904600,2022-06-22 09:30,30.47,30.98,30.06,30.08,20321623
1655991000,2022-06-23 09:30,29.94,30.31,28.64,28.91,30743878
1656077400,2022-06-24 09:30,29.03,29.78,28.7,29.66,21579705
1656336600,2022-06-27 09:30,29.46,29.58,29.06,29.47,17945744
1656423000,2022-06-28 09:30,29.72,29.78,28.82,28.87,18486746
1656509400,2022-06-29 09:30,29.16,29.27,28.18,28.44,17375386
1656595800,2022-06-30 09:30,28.23,28.4,27.325,27.38,24080082
1656682200,2022-07-01 09:30,26.96,28.37,26.83,28.16,30977663
1657027800,2022-07-05 09:30,27.68,27.93,26.46,26.96,29004414
1657114200,2022-07-06 09:30,27,27.1704,26.04,26.79,24663578
1657200600,2022-07-07 09:30,27.01,27.61,26.8705,27.16,17608511
1657287000,2022-07-08 09:30,27.2699,27.61,26.82,27.06,13882207
1657546200,2022-07-11 09:30,26.69,27.1699,26.5801,26.65,19039334
1657632600,2022-07-12 09:30,26.66,26.92,26.14,26.26,16844931
1657719000,2022-07-13 09:30,26.055,27.38,26.03,26.83,30708264
1657805400,2022-07-14 09:30,25.75,25.89,24.92,25.71,45394374
1657891800,2022-07-15 09:30,25.88,25.88,25.14,25.59,19211527
1658151000,2022-07-18 09:30,26,26.35,25.71,25.71,16172871
1658237400,2022-07-19 09:30,25.92,26.3,25.7,26.02,14987710
1658323800,2022-07-20 09:30,26.11,26.2601,25.23,25.26,20189348
1658410200,2022-07-21 09:30,25.37,25.89,25.21,25.74,19919189
1658496600,2022-07-22 09:30,25.85,26.54,25.3,25.41,27424837
1658755800,2022-07-25 09:30,25.32,25.42,24.375,24.59,29326975
1658842200,2022-07-26 09:30,24.6605,25.17,24.66,25.1,21849384
1658928600,2022-07-27 09:30,25.16,25.67,24.81,25.53,32496733
1659015000,2022-07-28 09:30,26.26,26.36,25.67,26,33677204
1659101400,2022-07-29 09:30,26.18,26.39,25.53,26.27,25835308
1659360600,2022-08-01 09:30,26.39,26.5,25.97,26.21,15231029
1659447000,2022-08-02 09:30,26.35,26.935,25.87,25.88,28314603
1659533400,2022-08-03 09:30,26.07,26.08,25.29,25.54,29568832
1659619800,2022-08-04 09:30,25.8,26.775,25.628,26.43,25570787
1659706200,2022-08-05 09:30,25.81,26.3,25.45,26.28,25529832
1659965400,2022-08-08 09:30,26.77,27.3,26.7223,27,23607934
1660051800,2022-08-09 09:30,27.19,27.21,26.48,26.94,16504672
1660138200,2022-08-10 09:30,27.29,27.5799,26.87,27.13,18701384
1660224600,2022-08-11 09:30,27.28,27.39,26.57,26.62,18682216
1660311000,2022-08-12 09:30,26.85,27.26,26.72,27.22,17809958
1660570200,2022-08-15 09:30,26.58,26.73,26.32,26.63,16144327
1660656600,2022-08-16 09:30,26.5,26.78,26.32,26.73,11741831
1660743000,2022-08-17 09:30,26.49,26.53,25.7,25.78,29383995
1660829400,2022-08-18 09:30,25.85,26.05,25.05,25.81,13036810
1660915800,2022-08-19 09:30,25.69,25.69,25.18,25.25,15279129
1661175000,2022-08-22 09:30,24.96,25.39,24.8701,25.27,12544776
1661261400,2022-08-23 09:30,25.37,26.2201,25.33,25.7,18062346
1661347800,2022-08-24 09:30,25.56,25.98,25.3,25.91,14510712
1661434200,2022-08-25 09:30,26.16,26.215,25.76,26.13,10157451
1661520600,2022-08-26 09:30,26.02,26.19,24.69,24.9,29536512
1661779800,2022-08-29 09:30,24.79,25.145,24.51,24.61,22795297
1661866200,2022-08-30 09:30,24.58,24.61,23.905,24.08,22031909
1661952600,2022-08-31 09:30,24.02,24.24,23.8,23.8,18461845
1662039000,2022-09-01 09:30,23.35,23.485,22.97,23.06,33298952
1662125400,2022-09-02 09:30,23.55,24.21,23.26,23.79,30245274
1662471000,2022-09-06 09:30,23.87,24.25,23.4,23.44,23843955
1662557400,2022-09-07 09:30,23.43,24.51,23.28,24.32,26791740
1662643800,2022-09-08 09:30,24.095,24.52,23.885,24.36,21459404
1662730200,2022-09-09 09:30,24.76,25.15,24.69,25.1,20847159
1662989400,2022-09-12 09:30,25.64,25.71,25.281,25.45,20706432
1663075800,2022-09-13 09:30,24.53,25.13,24.35,24.42,31353122
1663162200,2022-09-14 09:30,24.57,24.89,24.42,24.47,18318385
1663248600,2022-09-15 09:30,24.24,24.49,23.52,23.74,34626110
1663335000,2022-09-16 09:30,23.36,24.295,23.155,24,30933761
1663594200,2022-09-19 09:30,23.62,24.43,23.52,24.42,20269947
1663680600,2022-09-20 09:30,24.05,24.05,23.5,23.75,20117041
1663767000,2022-09-21 09:30,24,24.49,23.385,23.83,32189379
1663853400,2022-09-22 09:30,23.98,24.25,23.56,23.74,22426474
1663939800,2022-09-23 09:30,23,23.04,22.2,22.44,43070411
1664199000,2022-09-26 09:30,22.4,22.55,21.52,21.86,38198672
1664285400,2022-09-27 09:30,22.27,22.59,21.96,22,19460249
1664371800,2022-09-28 09:30,22.5,23.58,22.49,23.58,40035437
1664458200,2022-09-29 09:30,23.36,23.73,23.01,23.69,34381388
1664544600,2022-09-30 09:30,23.62,24.55,23.51,24.12,37430357
1664803800,2022-10-03 09:30,24.5,25.06,24.3,25.04,35531459
1664890200,2022-10-04 09:30,25.49,26.11,25.33,25.75,34280757
1664976600,2022-10-05 09:30,25.19,25.39,24.71,25.37,26009092
1665063000,2022-10-06 09:30,25.21,25.68,25.03,25.65,25143745
1665149400,2022-10-07 09:30,25.15,25.425,24.39,24.39,29761530
1665408600,2022-10-10 09:30,23.98,24.55,23.92,24.02,17472558
1665495000,2022-10-11 09:30,24.07,24.59,23.75,23.81,25189958
1665581400,2022-10-12 09:30,23.85,24.18,23.65,24.02,18407651
1665667800,2022-10-13 09:30,23,23.87,22.49,23.74,28872949
1665754200,2022-10-14 09:30,23.54,23.57,22.7,22.72,22563915
1666013400,2022-10-17 09:30,23.4101,23.77,23.37,23.45,18687115
1666099800,2022-10-18 09:30,23.78,23.845,23.32,23.61,17248820
1666186200,2022-10-19 09:30,23.12,23.26,22.77,22.89,20047391
1666272600,2022-10-20 09:30,23.02,23.79,22.89,23.18,21703030
1666359000,2022-10-21 09:30,23.31,24.35,23.19,24.34,30203339
1666618200,2022-10-24 09:30,24.03,24.09,23.5,23.93,24087518
1666704600,2022-10-25 09:30,24.0475,24.57,24.01,24.41,28223921
1666791000,2022-10-26 09:30,24.7,25.4,24.67,25.13,24001417
1666877400,2022-10-27 09:30,25.26,25.36,24.81,24.82,21524259
1666963800,2022-10-28 09:30,24.5,24.74,24.275,24.72,16034929
1667223000,2022-10-31 09:30,24.37,24.53,24.13,24.16,21769414
1667309400,2022-11-01 09:30,24.84,25.06,24.57,24.7,23337207
1667395800,2022-11-02 09:30,24.87,24.98,23.23,23.25,43806387
1667482200,2022-11-03 09:30,22.979,23.1,22.58,22.68,30349460
1667568600,2022-11-04 09:30,23.76,24.99,23.75,24.95,46797219
1667831400,2022-11-07 09:30,25.1,25.245,24.65,25.15,28855178
1667917800,2022-11-08 09:30,25.17,26.945,25.04,26.66,50666466
1668004200,2022-11-09 09:30,26.53,27.02,26.16,26.24,31653510
1668090600,2022-11-10 09:30,27.78,28.31,27.31,28.21,46849545
1668177000,2022-11-11 09:30,28.289,28.34,27.832,28.3,23159875
1668436200,2022-11-14 09:30,28.13,28.38,27.88,28.12,20061344
1668522600,2022-11-15 09:30,28.438,28.49,27.575,27.85,29900735
1668609000,2022-11-16 09:30,27.64,27.99,27.53,27.53,15708565
1668695400,2022-11-17 09:30,27.058,27.28,26.84,27.12,24647700
1668781800,2022-11-18 09:30,27.04,27.41,26.92,27.37,28557429
1669041000,2022-11-21 09:30,27.17,27.26,26.76,27.18,21118073
1669127400,2022-11-22 09:30,27.41,28.26,27.37,28.26,29686302
1669213800,2022-11-23 09:30,28.25,28.78,27.9982,28.71,34294212
1669386600,2022-11-25 09:30,28.6,28.69,28.3399,28.44,19297892
1669645800,2022-11-28 09:30,28.351,28.37,27.25,27.3,33672440
1669732200,2022-11-29 09:30,27.7199,28.3,27.71,28.15,35118682
1669818600,2022-11-30 09:30,28.525,29.24,28.085,29.05,36827548
1669905000,2022-12-01 09:30,29.73,30.27,29.44,30.04,50107685
1669991400,2022-12-02 09:30,29.37,30.01,29.16,29.92,35815539
1670250600,2022-12-05 09:30,29.63,29.63,28.75,28.84,42576868
1670337000,2022-12-06 09:30,29.201,29.535,28.77,28.85,25644007
1670423400,2022-12-07 09:30,29.07,29.73,29.06,29.41,38808481
1670509800,2022-12-08 09:30,29.64,29.8299,29.255,29.41,18092077
1670596200,2022-12-09 09:30,29.6928,30.1,29.04,29.07,24143047
1670855400,2022-12-12 09:30,28.825,28.99,28.43,28.94,24168673
1670941800,2022-12-13 09:30,30.03,30.455,29.465,29.78,27695829
1671028200,2022-12-14 09:30,29.79,29.96,29.09,29.63,21961349
1671114600,2022-12-15 09:30,28.785,28.985,28.29,28.32,29060379
1671201000,2022-12-16 09:30,28.33,28.785,28.1191,28.6,23730908
1671460200,2022-12-19 09:30,28.22,28.34,27.55,27.66,19577256
1671546600,2022-12-20 09:30,28.2,28.91,28.11,28.74,26871964
1671633000,2022-12-21 09:30,28.98,29.32,28.9,29.08,21455383
1671719400,2022-12-22 09:30,28.63,28.785,28.12,28.76,20148818
1671805800,2022-12-23 09:30,28.85,29.22,28.375,28.87,16347989
1672151400,2022-12-27 09:30,29.08,29.99,28.8614,29.6,19464080
1672237800,2022-12-28 09:30,29.35,29.39,28.5422,28.68,19542321
1672324200,2022-12-29 09:30,29.03,29.23,28.74,28.82,9649175
1672410600,2022-12-30 09:30,28.87,28.92,28.41,28.66,12476151
1672756200,2023-01-03 09:30,29.329,30.0499,29.25,29.66,25649120
1672842600,2023-01-04 09:30,30.2799,31.08,30.15,30.92,34447846
1672929000,2023-01-05 09:30,30.35,30.69,30.0301,30.65,22716795
1673015400,2023-01-06 09:30,31.18,31.675,30.675,31.56,32615382
1673274600,2023-01-09 09:30,31.95,31.97,31.25,31.26,31134647
1673361000,2023-01-10 09:30,31.38,31.865,31.2,31.84,16411325
1673447400,2023-01-11 09:30,32,32.08,31.26,31.57,16050834
1673533800,2023-01-12 09:30,32.11,32.3,31.55,32.18,26636848
1673620200,2023-01-13 09:30,32.18,32.75,32.135,32.65,22740478
1673965800,2023-01-17 09:30,32.28,32.32,31.33,31.52,28431315
1674052200,2023-01-18 09:30,32.058,32.23,31.21,31.21,18027487
1674138600,2023-01-19 09:30,31.46,32.195,31.25,32.02,31665274
1674225000,2023-01-20 09:30,31.76,32.44,31.589,32.42,22162050
1674484200,2023-01-23 09:30,32.03,32.42,31.71,32.4,24634884
1674570600,2023-01-24 09:30,32.25,32.8,31.87,32.73,19363242
1674657000,2023-01-25 09:30,32.321,33.34,32.26,33.27,21882947
1674743400,2023-01-26 09:30,33.17,33.17,32.41,32.76,20056105
1674829800,2023-01-27 09:30,32.599,32.625,32.09,32.31,18369032
1675089000,2023-01-30 09:30,32.21,32.37,31.83,31.83,15401284
1675175400,2023-01-31 09:30,31.73,32.04,31.5301,32.02,13269024
1675261800,2023-02-01 09:30,32,33,31.66,32.74,27611747
1675348200,2023-02-02 09:30,32.91,32.94,31.42,31.72,39837584
1675434600,2023-02-03 09:30,30.84,31.11,30.21,30.32,35462349
1675693800,2023-02-06 09:30,30.2701,30.42,30.02,30.21,19969190
1675780200,2023-02-07 09:30,30.291,31,30.14,30.63,24785698
1675866600,2023-02-08 09:30,30.78,30.78,30.29,30.37,12449612
1675953000,2023-02-09 09:30,30.7,30.905,29.59,29.76,22280997
1676039400,2023-02-10 09:30,29.81,29.95,29.36,29.62,16416421
1676298600,2023-02-13 09:30,29.52,29.8,29.32,29.58,12356765
1676385000,2023-02-14 09:30,29.34,29.8378,29.105,29.64,17614856
1676471400,2023-02-15 09:30,28.96,28.96,28.51,28.79,22887239
1676557800,2023-02-16 09:30,28.479,28.955,28.14,28.67,19613884
1676644200,2023-02-17 09:30,28.29,28.47,27.785,28.41,23330367
1676989800,2023-02-21 09:30,28.27,28.56,27.95,28.11,16102045
1677076200,2023-02-22 09:30,27.89,27.96,27.25,27.45,21109411
1677162600,2023-02-23 09:30,27.49,27.63,27.1301,27.31,15686466
1677249000,2023-02-24 09:30,26.879,27.05,26.6395,26.99,20021012
1677508200,2023-02-27 09:30,27.12,27.32,26.95,27.2,15404901
1677594600,2023-02-28 09:30,27.22,27.69,26.952,27.51,25663966
1677681000,2023-03-01 09:30,27.799,28.34,27.72,28.11,36704754
1677767400,2023-03-02 09:30,28,28.21,27.84,28.17,14682639
1677853800,2023-03-03 09:30,28.51,28.64,28.195,28.63,15765104
1678113000,2023-03-06 09:30,28.353,28.49,27.895,28.08,16153009
1678199400,2023-03-07 09:30,27.72,27.8,26.7299,26.89,34513146
1678285800,2023-03-08 09:30,26.92,27.367,26.68,26.81,23263534
1678372200,2023-03-09 09:30,27.06,27.33,26.585,26.68,20883154
1678458600,2023-03-10 09:30,27.3,27.95,27.145,27.2,35753991
1678714200,2023-03-13 09:30,28.5,29.285,28.34,29.1,56706492
1678800600,2023-03-14 09:30,29.03,29.48,28.75,29.33,23982511
1678887000,2023-03-15 09:30,29.83,29.83,28.94,29.33,34832649
1678973400,2023-03-16 09:30,29.45,29.5,28.5,29.16,31411014
1679059800,2023-03-17 09:30,29.74,31.025,29.36,30.58,63723754
1679319000,2023-03-20 09:30,31.019,31.305,30.755,31.11,28656522
1679405400,2023-03-21 09:30,30.62,30.63,29.6401,30,35598125
1679491800,2023-03-22 09:30,30.12,31.175,30.04,30.56,30862317
1679578200,2023-03-23 09:30,30.889,31.7,30.65,31.31,27957405
1679664600,2023-03-24 09:30,31.39,31.795,31.11,31.55,28482575
1679923800,2023-03-27 09:30,30.86,31.55,30.74,31.52,17072002
1680010200,2023-03-28 09:30,31.7,32.35,31.43,32.31,24621864
1680096600,2023-03-29 09:30,32.02,32.3729,31.88,32.04,17267856
1680183000,2023-03-30 09:30,32.36,32.63,32.11,32.52,18704192
1680269400,2023-03-31 09:30,32.62,32.73,32.09,32.35,18460358
1680528600,2023-04-03 09:30,32.5,33.29,32.24,33.08,32416428
1680615000,2023-04-04 09:30,33.11,34.275,32.92,34.19,38919688
1680701400,2023-04-05 09:30,34.52,34.7,33.84,34.34,27676260
1680787800,2023-04-06 09:30,34.2,34.51,33.77,34.43,16111364
1681133400,2023-04-10 09:30,33.9701,34.04,33.6711,33.99,20707916
1681219800,2023-04-11 09:30,34.24,35.035,34.24,34.58,21024202
1681306200,2023-04-12 09:30,35.13,35.24,34.46,34.92,20592238
1681392600,2023-04-13 09:30,35.475,36.1,35.43,35.87,28524878
1681479000,2023-04-14 09:30,35.37,35.58,34.38,35.09,34145123
1681738200,2023-04-17 09:30,34.67,34.83,34.07,34.3,25510137
1681824600,2023-04-18 09:30,34.41,35.19,34.38,34.55,25445805
1681911000,2023-04-19 09:30,33.93,34.38,33.83,34.08,27055281
1681997400,2023-04-20 09:30,34.31,34.625,33.97,34.06,15975648
1682083800,2023-04-21 09:30,33.74,34.07,33.29,33.61,23143199
1682343000,2023-04-24 09:30,33.55,33.89,33.35,33.71,15115490
1682429400,2023-04-25 09:30,33.6,33.92,33.235,33.77,14439555
1682515800,2023-04-26 09:30,34.17,34.22,33.25,33.33,14899874
1682602200,2023-04-27 09:30,33.24,33.88,33.06,33.85,16943218
1682688600,2023-04-28 09:30,33.79,33.92,33.31,33.58,17740072
1682947800,2023-05-01 09:30,34.15,34.3,33.37,33.41,13286688
1683034200,2023-05-02 09:30,33.42,34.78,33.34,34.74,34821195
1683120600,2023-05-03 09:30,34.64,35.16,34.515,34.86,23335764
1683207000,2023-05-04 09:30,35.125,36.255,35.1,35.69,35165247
1683293400,2023-05-05 09:30,34.62,35.59,34.52,35.4,22260160
1683552600,2023-05-08 09:30,35.489,35.81,35.16,35.36,12247895
1683639000,2023-05-09 09:30,35.279,35.53,35.09,35.25,9795824
1683725400,2023-05-10 09:30,35.301,35.35,34.56,35,21045519
1683811800,2023-05-11 09:30,34.68,34.68,33.52,33.52,31069296
1683898200,2023-05-12 09:30,33.5,33.76,33.3,33.6,17355774
1684157400,2023-05-15 09:30,33.78,34.17,33.71,33.91,13341864
1684243800,2023-05-16 09:30,33.77,33.865,32.81,33.01,25027444
1684330200,2023-05-17 09:30,33,33.02,32.49,32.73,19201305
1684416600,2023-05-18 09:30,32.17,32.22,31.48,31.88,31404626
1684503000,2023-05-19 09:30,32.06,32.58,31.74,32.16,18823071
1684762200,2023-05-22 09:30,32.08,32.23,31.87,31.87,13003780
1684848600,2023-05-23 09:30,31.7,31.94,31.54,31.65,13618987
1684935000,2023-05-24 09:30,31.809,31.82,30.82,30.92,23978684
1685021400,2023-05-25 09:30,30.651,30.66,30.18,30.26,21432451
1685107800,2023-05-26 09:30,30.69,30.8,30.16,30.41,16912837
1685453400,2023-05-30 09:30,30.45,30.575,30.11,30.2,23317554
1685539800,2023-05-31 09:30,30.31,31.245,30.25,30.91,35961017
1685626200,2023-06-01 09:30,31.08,32.29,31.03,32.01,32224627
1685712600,2023-06-02 09:30,32.059,32.25,31.21,31.41,26595648
1685971800,2023-06-05 09:30,31.26,31.77,31.215,31.56,14125268
1686058200,2023-06-06 09:30,31.65,31.695,31.24,31.63,11372893
1686144600,2023-06-07 09:30,31.7,32.2371,30.93,31.05,23061260
1686231000,2023-06-08 09:30,31.55,31.87,31.4,31.54,18428566
1686317400,2023-06-09 09:30,31.47,31.545,31.07,31.08,12669100
1686576600,2023-06-12 09:30,31.03,31.245,30.78,31.24,10289452
1686663000,2023-06-13 09:30,31.43,31.635,30.8,30.89,17547618
1686749400,2023-06-14 09:30,31.26,31.48,30.53,30.87,15747198
1686835800,2023-06-15 09:30,30.77,31.04,30.53,31,18198296
1686922200,2023-06-16 09:30,31.2,31.735,30.9,31.39,19290348
1687267800,2023-06-20 09:30,30.83,30.86,30.13,30.14,28355800
1687354200,2023-06-21 09:30,30,30.26,29.62,30.06,16163945
1687440600,2023-06-22 09:30,29.6,29.92,29.53,29.85,18076066
1687527000,2023-06-23 09:30,30.13,30.34,29.7,29.79,15081240
1687786200,2023-06-26 09:30,29.91,30.3,29.645,30.07,14255711
1687872600,2023-06-27 09:30,30.12,30.18,29.365,29.65,23419512
1687959000,2023-06-28 09:30,29.41,29.58,29.17,29.22,25956646
1688045400,2023-06-29 09:30,28.9,29.62,28.76,29.62,17501668
1688131800,2023-06-30 09:30,29.72,30.13,29.5,30.11,20732294
1688391000,2023-07-03 09:30,30.25,30.77,30.17,30.69,17734843
1688563800,2023-07-05 09:30,30.73,30.77,29.81,29.83,22271356
1688650200,2023-07-06 09:30,29.64,29.66,28.91,29.07,29161513
1688736600,2023-07-07 09:30,29.3,29.82,29.245,29.45,16733404
1688995800,2023-07-10 09:30,29.31,30.15,29.255,30.04,24983307
1689082200,2023-07-11 09:30,30.24,30.47,30.03,30.24,14834043
1689168600,2023-07-12 09:30,30.83,31.95,30.82,31.82,44179126
1689255000,2023-07-13 09:30,32.17,32.26,31.94,32.19,19564781
1689341400,2023-07-14 09:30,32.11,32.395,31.895,31.96,15326177
1689600600,2023-07-17 09:30,31.71,32.11,31.48,31.97,9782993
1689687000,2023-07-18 09:30,32.37,32.925,32.1,32.63,20921464
1689773400,2023-07-19 09:30,32.44,32.565,32.23,32.36,9273267
1689859800,2023-07-20 09:30,32.08,32.21,31.36,31.39,22811468
1689946200,2023-07-21 09:30,31.2,31.565,31.04,31.49,12288058
1690205400,2023-07-24 09:30,31.46,31.6,31.01,31.29,10810283
1690291800,2023-07-25 09:30,31.4,31.89,31.3,31.78,14009447
1690378200,2023-07-26 09:30,31.83,31.83,31.34,31.65,14698475
1690464600,2023-07-27 09:30,31.3699,31.39,30.33,30.35,38582358
1690551000,2023-07-28 09:30,30.72,30.86,30.48,30.72,18510773
1690810200,2023-07-31 09:30,30.97,31.745,30.93,31.41,19192656
1690896600,2023-08-01 09:30,30.72,30.87,30.19,30.23,23907280
1690983000,2023-08-02 09:30,30.12,30.18,29.2,29.28,23963808
1691069400,2023-08-03 09:30,29.36,29.57,29.07,29.28,15669121
1691155800,2023-08-04 09:30,29.57,29.81,29.36,29.56,17468653
1691415000,2023-08-07 09:30,29.52,29.56,29.06,29.33,11421040
1691501400,2023-08-08 09:30,28.95,29.215,28.67,29.08,15440711
1691587800,2023-08-09 09:30,29.16,29.3614,28.925,29.13,9574663
1691674200,2023-08-10 09:30,29.4,29.605,28.985,29.17,16827463
1691760600,2023-08-11 09:30,29.01,29.5,28.95,29.46,10361033
1692019800,2023-08-14 09:30,29.11,29.13,28.5,28.95,12180353
1692106200,2023-08-15 09:30,28.84,28.86,28.13,28.21,20289805
1692192600,2023-08-16 09:30,28.2,28.24,27.82,27.83,13524233
1692279000,2023-08-17 09:30,27.89,27.975,27.45,27.61,16121480
1692365400,2023-08-18 09:30,27.63,27.63,27.3,27.45,18334540
1692624600,2023-08-21 09:30,27.61,27.745,27.275,27.71,18225622
1692711000,2023-08-22 09:30,27.82,27.96,27.5288,27.95,13734404
1692797400,2023-08-23 09:30,28.26,28.9512,28.2,28.74,30561307
1692883800,2023-08-24 09:30,28.65,28.9699,28.28,28.68,17080666
1692970200,2023-08-25 09:30,28.62,28.85,28.015,28.4,15352008
1693229400,2023-08-28 09:30,28.54,29.13,28.42,29,18153913
1693315800,2023-08-29 09:30,28.89,29.53,28.82,29.53,19623178
1693402200,2023-08-30 09:30,29.78,30,29.4101,29.52,14524025
1693488600,2023-08-31 09:30,29.52,29.63,29.04,29.26,16439517
1693575000,2023-09-01 09:30,29.66,29.85,29.06,29.09,20828498
1693920600,2023-09-05 09:30,28.8199,29.03,28.365,28.49,19547850
1694007000,2023-09-06 09:30,28.33,28.74,28.24,28.47,14809732
1694093400,2023-09-07 09:30,28.41,28.46,28.16,28.28,13897235
1694179800,2023-09-08 09:30,28.39,28.81,28.28,28.34,17251287
1694439000,2023-09-11 09:30,28.76,28.955,28.6,28.77,13542829
1694525400,2023-09-12 09:30,28.4,29.04,28.3807,28.79,9549625
1694611800,2023-09-13 09:30,28.8,28.98,28.58,28.72,10508918
1694698200,2023-09-14 09:30,28.75,29.35,28.74,29.11,15558571
1694784600,2023-09-15 09:30,29.42,29.885,29.4,29.72,24778893
1695043800,2023-09-18 09:30,29.64,29.86,29.36,29.75,11023981
1695130200,2023-09-19 09:30,29.84,29.86,29.31,29.4,13154295
1695216600,2023-09-20 09:30,29.46,30.13,29.44,29.71,21914090
1695303000,2023-09-21 09:30,29.09,29.245,28.785,28.91,23905165
1695389400,2023-09-22 09:30,29.15,29.415,28.85,28.87,15054636
1695648600,2023-09-25 09:30,28.771,28.79,28.26,28.51,16134994
1695735000,2023-09-26 09:30,28.26,28.325,27.74,27.74,18917025
1695821400,2023-09-27 09:30,27.56,27.6,26.66,26.91,33534666
1695907800,2023-09-28 09:30,26.87,27.0812,26.62,27.05,28477318
1695994200,2023-09-29 09:30,27.4582,27.59,26.66,26.91,23094770
1696253400,2023-10-02 09:30,26.555,26.56,25.885,25.99,28436816
1696339800,2023-10-03 09:30,25.91,26.28,25.68,26.07,25713126
1696426200,2023-10-04 09:30,26.13,26.17,25.62,25.91,17971600
1696512600,2023-10-05 09:30,25.89,26.33,25.88,26.32,15613202
1696599000,2023-10-06 09:30,26.36,27.1,26.26,26.89,25572490
1696858200,2023-10-09 09:30,27.3619,27.6,27.26,27.54,23042883
1696944600,2023-10-10 09:30,27.67,27.87,27.482,27.81,18948765
1697031000,2023-10-11 09:30,28.22,28.34,27.95,28.32,22283536
1697117400,2023-10-12 09:30,28.32,28.42,27.59,27.74,22359660
1697203800,2023-10-13 09:30,28.69,29.105,28.47,28.95,34511786
1697463000,2023-10-16 09:30,28.86,29.19,28.64,29,16394455
1697549400,2023-10-17 09:30,28.9848,29.57,28.83,29.53,17619993
1697635800,2023-10-18 09:30,29.98,30.07,29.27,29.45,23181121
1697722200,2023-10-19 09:30,29.45,29.585,29,29.51,24517128
1697808600,2023-10-20 09:30,29.6,30.16,29.47,29.48,29715294
1698067800,2023-10-23 09:30,29.26,29.53,28.71,29.24,16690184
1698154200,2023-10-24 09:30,28.91,29.38,28.88,29.26,13488308
1698240600,2023-10-25 09:30,29.11,29.51,28.76,28.78,21062712
1698327000,2023-10-26 09:30,28.71,28.88,28.09,28.52,37274030
1698413400,2023-10-27 09:30,28.64,29.215,28.32,29.2,31547348
1698672600,2023-10-30 09:30,29.25,29.36,28.7,28.77,21899324
1698759000,2023-10-31 09:30,28.62,28.845,27.79,28.01,30992641
1698845400,2023-11-01 09:30,28.1,28.33,27.605,28.11,29754944
1698931800,2023-11-02 09:30,28.41,28.41,27.9,28.26,15682811
1699018200,2023-11-03 09:30,28.54,29.81,28.5,29.47,44113845
1699281000,2023-11-06 09:30,29.3701,29.545,29.11,29.15,26550927
1699367400,2023-11-07 09:30,28.77,28.84,28.11,28.59,42312953
1699453800,2023-11-08 09:30,28.33,28.435,27.53,27.69,25654005
1699540200,2023-11-09 09:30,27.78,28.245,27.41,27.59,19587006
1699626600,2023-11-10 09:30,27.35,27.4,27.015,27.25,19081418
1699885800,2023-11-13 09:30,27.14,27.385,27.02,27.04,13324208
1699972200,2023-11-14 09:30,27.75,28.52,27.68,28.33,31498077
1700058600,2023-11-15 09:30,28.36,28.505,27.9999,28.19,16306737
1700145000,2023-11-16 09:30,28.25,29.07,28.19,28.61,34034659
1700231400,2023-11-17 09:30,28.69,28.86,28.38,28.43,14434920
1700490600,2023-11-20 09:30,28.14,28.54,27.97,28.51,15318318
1700577000,2023-11-21 09:30,28.95,29.6,28.95,29.21,28990817
1700663400,2023-11-22 09:30,29.24,29.395,29.0135,29.25,12388122
1700836200,2023-11-24 09:30,29.255,29.52,29.18,29.32,8156754
1701095400,2023-11-27 09:30,29.71,29.95,29.46,29.79,19761616
1701181800,2023-11-28 09:30,30.15,31.23,30.055,31.22,41105016
1701268200,2023-11-29 09:30,31.22,31.385,30.95,31.2,21026395
1701354600,2023-11-30 09:30,31.065,31.33,30.86,31.32,18194320
1701441000,2023-12-01 09:30,31.24,31.91,31.12,31.81,33532973
1701700200,2023-12-04 09:30,31.12,31.3,30.7425,31.02,45796134
1701786600,2023-12-05 09:30,30.69,30.95,30.17,30.48,28217670
1701873000,2023-12-06 09:30,30.84,30.965,30.41,30.42,16836977
1701959400,2023-12-07 09:30,30.62,30.63,29.985,30.32,18814971
1702045800,2023-12-08 09:30,29.6802,30.1099,29.36,29.68,27561000
1702305000,2023-12-11 09:30,29.34,29.625,29.08,29.55,18238438
1702391400,2023-12-12 09:30,29.65,29.65,28.72,28.86,25652723
1702477800,2023-12-13 09:30,28.87,30.7,28.67,30.7,44140119
1702564200,2023-12-14 09:30,31.18,31.93,31.04,31.31,36945266
1702650600,2023-12-15 09:30,31.11,31.345,30.89,30.95,21266032
1702909800,2023-12-18 09:30,30.72,30.83,30.41,30.73,20872462
1702996200,2023-12-19 09:30,30.9,31.85,30.82,31.55,33525943
1703082600,2023-12-20 09:30,31.63,31.68,30.77,30.78,20212479
1703169000,2023-12-21 09:30,31.3,31.5605,31.175,31.35,19965932
1703255400,2023-12-22 09:30,32,32.35,31.56,31.56,22684408
1703601000,2023-12-26 09:30,31.69,31.9,31.47,31.67,10339454
1703687400,2023-12-27 09:30,31.85,32.286,31.79,31.98,18337517
1703773800,2023-12-28 09:30,31.83,31.97,31.15,31.17,27291681
1703860200,2023-12-29 09:30,31,31.16,30.68,31.01,19129744
1704205800,2024-01-02 09:30,31.04,31.24,30.5,30.56,21612252
1704292200,2024-01-03 09:30,29.91,30.06,29.525,29.76,33470550
1704378600,2024-01-04 09:30,29.85,29.96,29.4386,29.77,17862253
1704465000,2024-01-05 09:30,29.8099,30.36,29.5123,29.77,19585769
1704724200,2024-01-08 09:30,29.291,29.87,29.219,29.7,14185485
1704810600,2024-01-09 09:30,29.7699,29.77,29.07,29.17,20971228
1704897000,2024-01-10 09:30,29.14,29.34,28.91,29.11,19691898
1704983400,2024-01-11 09:30,29.14,29.3,28.52,28.89,22435145
1705069800,2024-01-12 09:30,29.72,30.2205,29.555,29.7,29232839
1705415400,2024-01-16 09:30,29.21,29.22,28.33,28.39,31802272
1705501800,2024-01-17 09:30,27.95,27.97,27.435,27.51,37527452
1705588200,2024-01-18 09:30,27.79,27.79,27.41,27.59,18315060
1705674600,2024-01-19 09:30,27.81,27.81,27.329,27.69,20568553
1705933800,2024-01-22 09:30,27.33,27.7255,27.2313,27.6,11064323
1706020200,2024-01-23 09:30,27.82,28.25,27.71,28.23,17398142
1706106600,2024-01-24 09:30,28.85,29.04,27.685,27.7,27261783
1706193000,2024-01-25 09:30,28.14,28.355,27.99,28.25,17607995
1706279400,2024-01-26 09:30,28.24,28.46,28.025,28.07,14246481
1706538600,2024-01-29 09:30,28.4,28.4,27.865,28.36,16190837
1706625000,2024-01-30 09:30,28.54,28.59,27.975,28.15,15319890
1706711400,2024-01-31 09:30,28.26,28.77,27.87,27.94,28238930
1706797800,2024-02-01 09:30,28.29,29.1399,28.25,29.03,34101996
1706884200,2024-02-02 09:30,28.211,28.24,27.69,28.02,37211287
1707143400,2024-02-05 09:30,27.46,27.665,27.23,27.36,22148909
1707229800,2024-02-06 09:30,27.485,27.77,27.37,27.72,11292708
1707316200,2024-02-07 09:30,27.65,27.75,27.382,27.46,13055861
1707402600,2024-02-08 09:30,27.3,27.45,27.17,27.3,12609476
1707489000,2024-02-09 09:30,27.17,27.19,26.77,26.97,20973733
1707748200,2024-02-12 09:30,26.92,27.41,26.85,27.29,17511302
1707834600,2024-02-13 09:30,26.62,26.63,25.6801,25.89,48888973
1707921000,2024-02-14 09:30,25.97,26.1,25.685,26.01,26125921
1708007400,2024-02-15 09:30,26.35,27.06,26.335,26.77,26932033
1708093800,2024-02-16 09:30,26.6,27.16,26.52,26.86,19619152
1708439400,2024-02-20 09:30,27.18,27.24,26.87,26.99,16047539
1708525800,2024-02-21 09:30,27,27,26.435,26.82,21676282
1708612200,2024-02-22 09:30,26.7,26.74,26.055,26.16,27627548
1708698600,2024-02-23 09:30,26.25,26.76,26.01,26.66,27368364
1708957800,2024-02-26 09:30,26.36,26.36,26.02,26.25,20293198
1709044200,2024-02-27 09:30,26.27,26.36,26.01,26.03,20494059
1709130600,2024-02-28 09:30,25.92,25.94,25.67,25.78,20071358
1709217000,2024-02-29 09:30,26.33,26.69,26.28,26.36,28381710
1709303400,2024-03-01 09:30,26.71,27.45,26.3,27.33,41346787
1709562600,2024-03-04 09:30,27.8,28.58,27.68,28.51,49404913
1709649000,2024-03-05 09:30,28.98,29.15,28.63,28.66,33710238
1709735400,2024-03-06 09:30,29.05,29.54,29.01,29.16,28673013
1709821800,2024-03-07 09:30,29.5,29.72,29.34,29.61,25808818
1709908200,2024-03-08 09:30,29.82,30,29.44,29.64,32729211
1710163800,2024-03-11 09:30,29.6,30.34,29.45,30.13,28313992
1710250200,2024-03-12 09:30,29.55,29.62,29.2,29.58,25334163
1710336600,2024-03-13 09:30,29.78,30.485,29.725,30.29,24676598
1710423000,2024-03-14 09:30,29.96,30.09,29.71,29.89,22337696
1710509400,2024-03-15 09:30,29.79,30.08,29.61,29.89,22359864
1710768600,2024-03-18 09:30,29.85,29.925,29.655,29.74,25774493
1710855000,2024-03-19 09:30,29.51,29.53,29.02,29.06,28698855
1710941400,2024-03-20 09:30,28.961,30.52,28.91,30.26,35671389
1711027800,2024-03-21 09:30,30.538,30.84,29.96,29.96,34092053
1711114200,2024-03-22 09:30,29.77,30.045,29.59,29.6,21654895
1711373400,2024-03-25 09:30,29.825,30.3899,29.82,29.83,17643335
1711459800,2024-03-26 09:30,30.46,30.4708,29.82,29.85,13428595
1711546200,2024-03-27 09:30,30.04,30.97,30.02,30.96,26953080
1711632600,2024-03-28 09:30,31.41,31.7797,31.11,31.62,28716264
1711978200,2024-04-01 09:30,32.31,32.43,31.71,32.03,27020585
1712064600,2024-04-02 09:30,32.235,32.49,31.95,32.44,34459219
1712151000,2024-04-03 09:30,32.39,33.24,32.33,33.14,30509287
1712237400,2024-04-04 09:30,33.14,33.31,32.73,32.78,29952352
1712323800,2024-04-05 09:30,33,33.99,32.79,33.84,41886594
1712583000,2024-04-08 09:30,34.15,34.27,33.3,33.6,24472070
1712669400,2024-04-09 09:30,34.23,34.59,33.92,34.18,29048215
1712755800,2024-04-10 09:30,33.295,34.06,32.98,33.68,33130338
1712842200,2024-04-11 09:30,34.12,34.49,33.54,34.45,22445096
1712928600,2024-04-12 09:30,35.06,35.745,33.44,33.76,71512868
1713187800,2024-04-15 09:30,34.06,34.14,33,33.53,34573811
1713274200,2024-04-16 09:30,33.05,33.26,32.43,33.03,32547277
1713360600,2024-04-17 09:30,33.32,33.9499,33.11,33.55,27931623
1713447000,2024-04-18 09:30,34.03,34.09,33.455,33.75,18486445
1713533400,2024-04-19 09:30,33.7,34.31,33.7,34.07,19785069
1713792600,2024-04-22 09:30,32.6,33.19,32.43,32.53,41107735
1713879000,2024-04-23 09:30,32.31,33.1489,32.2,33.05,24960523
1713965400,2024-04-24 09:30,32.87,33.2061,32.79,33.12,17527569
1714051800,2024-04-25 09:30,33.15,34.5,32.95,34.33,46561644
1714138200,2024-04-26 09:30,34.7,34.95,34.29,34.58,21754268
1714397400,2024-04-29 09:30,34.64,34.96,34.07,34.77,17947768
1714483800,2024-04-30 09:30,33.8299,33.99,33.1,33.13,41599943
1714570200,2024-05-01 09:30,33.4,34.2,33.1,33.32,30054845
1714656600,2024-05-02 09:30,33.15,33.815,32.9301,33.58,22145445
1714743000,2024-05-03 09:30,33.72,33.89,33.145,33.44,23408094
1715002200,2024-05-06 09:30,34.155,34.4698,34.1,34.21,21579811
1715088600,2024-05-07 09:30,34.1,34.265,33.915,34.17,10059747
1715175000,2024-05-08 09:30,33.84,34.47,33.74,34.16,17701563
1715261400,2024-05-09 09:30,34.44,35.43,34.44,35.36,30258978
1715347800,2024-05-10 09:30,35.75,35.88,35.23,35.25,20642310
1715607000,2024-05-13 09:30,35.11,35.4475,34.67,34.95,17445502
1715693400,2024-05-14 09:30,35.18,35.46,35.04,35.4,14664205
1715779800,2024-05-15 09:30,35.8,36.11,35.06,35.91,24490479
1715866200,2024-05-16 09:30,35.67,35.89,35.33,35.66,19420393
1715952600,2024-05-17 09:30,36.21,36.89,36,36.87,38752317
1716211800,2024-05-20 09:30,36.95,37.47,36.5201,37.24,24774504
1716298200,2024-05-21 09:30,37.02,37.22,36.73,36.93,17236070
1716384600,2024-05-22 09:30,36.45,36.56,35.29,35.45,37395589
1716471000,2024-05-23 09:30,35.4,35.65,34.66,34.75,32337668
1716557400,2024-05-24 09:30,35.26,35.5,35.135,35.26,12299745
1716903000,2024-05-28 09:30,36.03,36.23,35.7101,36.1,19222037
1716989400,2024-05-29 09:30,35.67,35.91,35.17,35.19,19201647
1717075800,2024-05-30 09:30,35.31,35.845,35.19,35.56,16137550
1717162200,2024-05-31 09:30,35.8,35.95,35,35.3,15716546
1717421400,2024-06-03 09:30,35.42,35.59,35.13,35.51,18190775
1717507800,2024-06-04 09:30,34.96,34.96,33.9502,34.18,32853965
1717594200,2024-06-05 09:30,34.43,34.87,34.08,34.79,17602578
1717680600,2024-06-06 09:30,34.96,36.03,34.78,36.01,28039603
1717767000,2024-06-07 09:30,34.74,34.81,33.49,33.54,50927688
1718026200,2024-06-10 09:30,33.71,34.09,33.4501,34.03,17131416
1718112600,2024-06-11 09:30,33.8,33.8,33.335,33.75,15357997
1718199000,2024-06-12 09:30,34.5,34.8,33.8562,34,24768986
1718285400,2024-06-13 09:30,33.83,34.06,32.955,33.15,23431282
1718371800,2024-06-14 09:30,33.53,33.54,32.96,33.41,17444694
1718631000,2024-06-17 09:30,33.21,33.35,32.835,33.2,13666823
1718717400,2024-06-18 09:30,33.18,33.84,33.07,33.7,15535106
1718890200,2024-06-20 09:30,34.0672,34.79,33.87,34.55,20772961
1718976600,2024-06-21 09:30,34.41,34.47,33.795,33.99,25321299
1719235800,2024-06-24 09:30,34.28,34.575,34.12,34.25,18740044
1719322200,2024-06-25 09:30,34.07,34.1,33.81,33.84,11287469
1719408600,2024-06-26 09:30,33.35,33.9,33.28,33.82,13325500
1719495000,2024-06-27 09:30,34.2,34.43,34.16,34.23,11931006
1719581400,2024-06-28 09:30,34.5,34.6,33.7301,33.93,15818736
1719840600,2024-07-01 09:30,34.09,34.42,33.81,33.89,9041001
1719927000,2024-07-02 09:30,33.86,34.35,33.65,34.02,12882984
1720013400,2024-07-03 09:30,34.55,35.56,34.52,35.28,21553205
1720186200,2024-07-05 09:30,35.88,36.535,35.86,36.27,22022084
1720445400,2024-07-08 09:30,35.86,36.155,35.51,36.1,16419156
1720531800,2024-07-09 09:30,36.13,36.37,35.83,36.11,8219010
1720618200,2024-07-10 09:30,36.54,37.1666,36.525,37.05,20498401
1720704600,2024-07-11 09:30,37.93,38.15,37.035,38.09,27458969
1720791000,2024-07-12 09:30,37.65,38.31,37.65,38.17,16263320
1721050200,2024-07-15 09:30,38.2,38.58,37.69,37.95,20302984
1721136600,2024-07-16 09:30,38.27,39.3221,38.1,39.28,24694040
1721223000,2024-07-17 09:30,39.16,39.41,38.38,38.44,23583027
1721309400,2024-07-18 09:30,38.69,38.69,37.64,37.87,17062470
1721395800,2024-07-19 09:30,36.86,37.7101,36.79,37.39,22858610
1721655000,2024-07-22 09:30,37.31,37.58,36.97,37.45,15249177
1721741400,2024-07-23 09:30,37.42,37.56,37.155,37.45,8238432
1721827800,2024-07-24 09:30,37.82,38.38,37.2,37.23,20726902
1721914200,2024-07-25 09:30,36.255,36.558,35.9,36.19,31714343
1722000600,2024-07-26 09:30,36.52,36.7601,36.31,36.48,15901436
1722259800,2024-07-29 09:30,36.6,36.6989,36.06,36.64,10107081
1722346200,2024-07-30 09:30,36.87,37.03,36.3823,36.95,12735862
1722432600,2024-07-31 09:30,37.64,38,37.395,37.93,26227537
1722519000,2024-08-01 09:30,37.95,38.211,36.79,37.27,18198580
1722605400,2024-08-02 09:30,37.76,38.06,36.095,36.48,27344525
1722864600,2024-08-05 09:30,34.3,35.59,33.87,35.34,28615555
1722951000,2024-08-06 09:30,35.15,36.04,34.92,35.63,14294654
1723037400,2024-08-07 09:30,36.1,36.25,34.58,34.71,17663254
1723123800,2024-08-08 09:30,35.19,35.755,34.74,35.55,16675726
1723210200,2024-08-09 09:30,35.84,35.89,35.2096,35.84,9773638
1723469400,2024-08-12 09:30,36.15,37.11,36.06,36.9,23084603
1723555800,2024-08-13 09:30,36.8,37.5,36.75,37.38,13088432
1723642200,2024-08-14 09:30,37.1,37.2,36.565,37.11,11565005
1723728600,2024-08-15 09:30,37.15,37.5,36.645,37.29,14414800
1723815000,2024-08-16 09:30,37.88,38.49,37.66,38.49,25966138
1724074200,2024-08-19 09:30,38.22,39.25,38.16,39.22,21162555
1724160600,2024-08-20 09:30,39.655,39.97,39.175,39.5,21548571
1724247000,2024-08-21 09:30,39.4,39.925,39.1,39.77,13915635
1724333400,2024-08-22 09:30,39.22,39.22,38.54,38.78,19744088
1724419800,2024-08-23 09:30,39.25,39.56,38.81,39.34,15858634
1724679000,2024-08-26 09:30,39.58,39.67,39.065,39.23,9216574
1724765400,2024-08-27 09:30,38.92,39.26,38.66,39.22,8482889
1724851800,2024-08-28 09:30,38.73,38.73,38.04,38.36,16988594
1724938200,2024-08-29 09:30,38.54,39.14,38.51,38.88,13328512
1725024600,2024-08-30 09:30,38.79,38.98,38.3399,38.62,13171492
1725370200,2024-09-03 09:30,38.01,38.11,36.9,37.27,25260031
1725456600,2024-09-04 09:30,36.89,37.36,36.715,36.91,15685142
1725543000,2024-09-05 09:30,37.66,37.825,37.28,37.33,16259969
1725629400,2024-09-06 09:30,37.17,37.43,36.215,36.32,19939184
1725888600,2024-09-09 09:30,36.61,36.88,36.51,36.76,15264676
1725975000,2024-09-10 09:30,36.76,37.23,36.45,37.22,13942751
1726061400,2024-09-11 09:30,36.9,37.41,36.49,37.39,10854650
1726147800,2024-09-12 09:30,38.06,39.43,38.02,39.21,35286118
1726234200,2024-09-13 09:30,39.8,40.215,39.77,40.09,27456009
1726493400,2024-09-16 09:30,40,40.23,39.58,39.89,12162497
1726579800,2024-09-17 09:30,39.7,40.075,39.312,39.49,17906933
1726666200,2024-09-18 09:30,39.76,40.985,39.02,39.06,41241358
1726752600,2024-09-19 09:30,40.095,40.25,39.26,39.72,22284544
1726839000,2024-09-20 09:30,40.4,40.68,40.06,40.51,28604413
1727098200,2024-09-23 09:30,40.54,41.19,40.3,40.33,19153319
1727184600,2024-09-24 09:30,40.745,41.59,40.34,41.41,27422363
1727271000,2024-09-25 09:30,41.3,41.6899,41.18,41.31,18581143
1727357400,2024-09-26 09:30,41.62,41.95,41.22,41.64,21027577
1727443800,2024-09-27 09:30,41.39,41.58,40.31,40.36,25323392
1727703000,2024-09-30 09:30,40.1,40.18,39.35,39.82,24531697
1727789400,2024-10-01 09:30,40.31,40.755,39.96,40.45,22975935
1727875800,2024-10-02 09:30,40.5,40.7883,40.045,40.37,13265826
1727962200,2024-10-03 09:30,39.85,39.87,39.345,39.56,17147240
1728048600,2024-10-04 09:30,39.65,40.19,39.35,39.55,15819221
1728307800,2024-10-07 09:30,39.29,39.3,38.825,39.03,15133258
1728394200,2024-10-08 09:30,38.68,39,38.38,38.99,16180362
1728480600,2024-10-09 09:30,38.44,38.79,38.17,38.79,16477867
1728567000,2024-10-10 09:30,38.99,39.89,38.77,39.87,22975027
1728653400,2024-10-11 09:30,40.03,40.46,39.985,40.05,12060072
1728912600,2024-10-14 09:30,39.93,40.305,39.68,40.16,7452965
1728999000,2024-10-15 09:30,40.13,40.68,39.97,40.68,19942200
1729085400,2024-10-16 09:30,41.15,41.72,40.89,41,20379125
1729171800,2024-10-17 09:30,41.36,41.885,41.175,41.49,22965681
1729258200,2024-10-18 09:30,42,43.31,41.82,43.15,31223461
1729517400,2024-10-21 09:30,43.75,44.01,43.08,43.22,21060583
1729603800,2024-10-22 09:30,43.52,44.22,43.52,44.09,21161608
1729690200,2024-10-23 09:30,43.5,43.7978,42.91,43.26,22959848
1729776600,2024-10-24 09:30,43.47,43.51,41.4,42.13,31946068
1729863000,2024-10-25 09:30,41.91,42.16,41.405,41.56,21541231
1730122200,2024-10-28 09:30,41.33,41.63,41.23,41.36,14784884
1730208600,2024-10-29 09:30,41.8,42.125,41.48,42.02,20281251
1730295000,2024-10-30 09:30,41.95,41.955,41.03,41.51,18161367
1730381400,2024-10-31 09:30,40.83,40.89,39.865,40.34,27998396
1730467800,2024-11-01 09:30,40.49,40.815,39.85,39.85,14358062
1730730600,2024-11-04 09:30,40.27,40.37,39.7,39.9,13299705
1730817000,2024-11-05 09:30,40.37,40.53,39.87,40.11,16833343
1730903400,2024-11-06 09:30,38.21,38.985,37.56,38.64,44258440
1730989800,2024-11-07 09:30,39,39.795,38.73,39.57,26922006
1731076200,2024-11-08 09:30,39.23,39.34,38.63,39.02,22864163
1731335400,2024-11-11 09:30,37.42,37.73,36.19,36.73,45733593
1731421800,2024-11-12 09:30,36.27,36.455,35.67,36.11,37430756
1731508200,2024-11-13 09:30,36.41,36.635,35.56,35.56,24799022
1731594600,2024-11-14 09:30,35.31,35.9699,35.19,35.72,34765240
1731681000,2024-11-15 09:30,35.93,36.18,35.4,35.51,20360375
1731940200,2024-11-18 09:30,36.55,37.285,36.475,37.02,33575243
1732026600,2024-11-19 09:30,37.49,37.9299,37.215,37.88,22829198
1732113000,2024-11-20 09:30,37.73,37.85,37.505,37.72,16236517
1732199400,2024-11-21 09:30,38.12,38.2,37.59,38.14,21175779
1732285800,2024-11-22 09:30,38.47,38.57,38.02,38.28,19691265
1732545000,2024-11-25 09:30,36.985,37.24,36.78,37.14,31492541
1732631400,2024-11-26 09:30,37.11,37.41,36.83,37.29,9924443
1732717800,2024-11-27 09:30,37.75,37.97,37.32,37.45,15286812
1732890600,2024-11-29 09:30,37.72,37.85,37.5,37.66,7275271
1733149800,2024-12-02 09:30,37.17,37.37,36.71,36.83,16539139
1733236200,2024-12-03 09:30,37.1,38.12,37.1,37.7,18593784
1733322600,2024-12-04 09:30,37.78,38.01,37.545,37.6,8149120
1733409000,2024-12-05 09:30,37.64,37.995,37.14,37.53,9910038
1733495400,2024-12-06 09:30,37.41,37.41,36.745,36.82,13455656
1733754600,2024-12-09 09:30,38.02,38.87,37.91,37.91,30314285
1733841000,2024-12-10 09:30,38.4,38.515,37.905,37.98,13338453
1733927400,2024-12-11 09:30,38.24,39.17,38.075,39.09,21116922
1734013800,2024-12-12 09:30,38.31,38.425,37.62,37.66,22705184
1734100200,2024-12-13 09:30,37.24,37.38,36.49,36.65,19521412
1734359400,2024-12-16 09:30,36.86,36.9,36.29,36.42,11421185
1734445800,2024-12-17 09:30,35.99,36.31,35.79,36.19,14782864
1734532200,2024-12-18 09:30,35.98,36.085,34.36,34.53,32773237
1734618600,2024-12-19 09:30,34.72,34.945,34.19,34.39,22163920
1734705000,2024-12-20 09:30,34.5,35.12,34.44,34.73,27872031
1734964200,2024-12-23 09:30,34.23,34.4765,33.875,34.41,14593176
1735050600,2024-12-24 09:30,34.52,34.58,34.135,34.41,5322038
1735223400,2024-12-26 09:30,34.53,34.755,34.36,34.47,8727604
1735309800,2024-12-27 09:30,34.08,34.38,33.83,34.26,10587068
1735569000,2024-12-30 09:30,33.9,34.01,33.42,33.77,18267979
1735655400,2024-12-31 09:30,33.645,34.0466,33.6,33.91,8034589
1735828200,2025-01-02 09:30,34.46,35.4,34.44,35.34,24526956
1735914600,2025-01-03 09:30,35.23,35.295,34.97,35,13694407
1736173800,2025-01-06 09:30,35,35.215,34.52,34.58,13039030
1736260200,2025-01-07 09:30,35.25,35.86,34.865,35.05,16976310
1736346600,2025-01-08 09:30,35.42,35.9699,35.255,35.9,25009041
1736519400,2025-01-10 09:30,36.66,36.9,35.74,35.97,19827321
1736778600,2025-01-13 09:30,35.63,35.66,35.1,35.38,15738492
1736865000,2025-01-14 09:30,35.51,36.41,35.51,36.32,16157657
1736951400,2025-01-15 09:30,36.79,36.92,36.185,36.72,17436942
1737037800,2025-01-16 09:30,36.97,37.175,36.58,36.62,13483602
1737124200,2025-01-17 09:30,36.33,37.0152,36.12,36.75,16420446
1737469800,2025-01-21 09:30,37.11,37.9501,37.11,37.61,26496365
1737556200,2025-01-22 09:30,38,38.05,37.31,37.53,12555752
1737642600,2025-01-23 09:30,37.12,37.52,36.84,37.5,12871692
1737729000,2025-01-24 09:30,37.99,38.16,37.84,37.95,13728043
1737988200,2025-01-27 09:30,37.59,37.59,36.845,37.35,15489389
1738074600,2025-01-28 09:30,37.48,37.79,37.2101,37.7,10986665
1738161000,2025-01-29 09:30,37.66,38.2499,37.45,37.9,11319824
1738247400,2025-01-30 09:30,38.66,39.73,38.57,39.42,28590138
1738333800,2025-01-31 09:30,39.52,39.68,38.8,38.96,19911039
1738593000,2025-02-03 09:30,39.218,39.9174,38.98,39.56,20541753
1738679400,2025-02-04 09:30,39.865,40.1777,39.67,40.03,12813101
1738765800,2025-02-05 09:30,40.37,41.53,40.35,41.04,25371540
1738852200,2025-02-06 09:30,41.07,41.16,40.67,41.13,12224947
1738938600,2025-02-07 09:30,41.51,41.75,40.85,40.86,19136240
1739197800,2025-02-10 09:30,41.95,42.21,41.8,41.96,25509353
1739284200,2025-02-11 09:30,41.72,41.9,41.39,41.44,15264160
1739370600,2025-02-12 09:30,41.36,42.48,41.1,42.13,21179296
1739457000,2025-02-13 09:30,42.255,42.59,41.72,42.51,17219579
1739543400,2025-02-14 09:30,42.6,42.66,41,41.08,26322372
1739889000,2025-02-18 09:30,41.64,41.72,41.14,41.54,21365784
1739975400,2025-02-19 09:30,41.35,41.7,41.11,41.54,12767313
1740061800,2025-02-20 09:30,41.71,42.57,41.64,42.24,16326265
1740148200,2025-02-21 09:30,42.02,42.03,40.75,40.8,31767349
1740407400,2025-02-24 09:30,41.17,41.17,40.33,40.97,12704033
1740493800,2025-02-25 09:30,40.66,40.79,39.53,40.38,20002866
1740580200,2025-02-26 09:30,39.805,41.105,39.73,40.86,12880595
1740666600,2025-02-27 09:30,40.2,40.46,39.42,39.46,21976346
1740753000,2025-02-28 09:30,38.86,39.73,38.581,39.72,15602193
1741012200,2025-03-03 09:30,40.39,40.86,39.505,39.71,16743450
1741098600,2025-03-04 09:30,40.45,40.76,39.485,40.28,18770588
1741185000,2025-03-05 09:30,40.195,41.72,40.19,41.7,18539815
1741271400,2025-03-06 09:30,41.37,41.94,41.055,41.36,16372995
1741357800,2025-03-07 09:30,41.42,42.31,40.92,41.64,17132130
1741613400,2025-03-10 09:30,41.38,41.6,40.2,40.51,20333773
1741699800,2025-03-11 09:30,40.895,42.04,40.85,41.84,22449297
1741786200,2025-03-12 09:30,41.46,42.11,41.22,41.9,17152195
1741872600,2025-03-13 09:30,42.18,43.54,42.07,43.21,30784929
1741959000,2025-03-14 09:30,43.78,43.87,43.21,43.64,23488090
1742218200,2025-03-17 09:30,43.86,44.63,43.77,44.57,18558839
1742304600,2025-03-18 09:30,45.44,45.645,44.69,44.85,21782902
1742391000,2025-03-19 09:30,44.87,45.275,44.54,45.23,17130740
1742477400,2025-03-20 09:30,44.645,45.335,44.38,45.16,10082891
1742563800,2025-03-21 09:30,44.54,44.63,43.84,44.5,18163627
1742823000,2025-03-24 09:30,44.555,44.76,44.185,44.25,14465094
1742909400,2025-03-25 09:30,44.87,45.62,44.86,45.02,16156911
1742995800,2025-03-26 09:30,45.22,45.29,44.56,44.67,10133860
1743082200,2025-03-27 09:30,45.22,45.895,44.9201,45.76,16699391
1743168600,2025-03-28 09:30,46.1,46.94,45.44,45.57,21557400
1743427800,2025-03-31 09:30,46,46.095,44.5,45.97,22217524
1743514200,2025-04-01 09:30,45.93,46.26,45.34,45.8,17174789
1743600600,2025-04-02 09:30,45.77,46.01,45.12,45.76,15903792
1743687000,2025-04-03 09:30,43.86,46.71,43.53,45.72,30543023
1743773400,2025-04-04 09:30,44.475,44.57,41.455,41.68,59893455
1744032600,2025-04-07 09:30,40.71,43.695,40.26,41.45,33751694
1744119000,2025-04-08 09:30,43.27,43.53,41.175,41.5,22508364
1744205400,2025-04-09 09:30,43.27,45.325,42.765,44.99,47895578
1744291800,2025-04-10 09:30,45.265,47.655,45.16,47.17,36181588
1744378200,2025-04-11 09:30,48.865,50.1451,48.86,49.7,40991534
1744637400,2025-04-14 09:30,48.95,50.2,48.42,50.02,20729469
1744723800,2025-04-15 09:30,50.465,50.74,49.9,50.53,14841965
1744810200,2025-04-16 09:30,52.307,52.81,51.285,51.91,36630514
1744896600,2025-04-17 09:30,51.51,51.6,50.365,50.92,25661192
1745242200,2025-04-21 09:30,52.66,53.25,50.945,51.66,36299331
1745328600,2025-04-22 09:30,51.9,51.95,50.015,50.23,38019574
1745415000,2025-04-23 09:30,47.93,49.175,47.77,48.73,38934580
1745501400,2025-04-24 09:30,49.61,49.82,48.795,49.76,22803300
1745587800,2025-04-25 09:30,48.215,48.895,48.08,48.81,19299580
1745847000,2025-04-28 09:30,48.54,49.43,48.31,49.43,15128271
1745933400,2025-04-29 09:30,48.78,49.21,48.4,48.48,13110175
1746019800,2025-04-30 09:30,48,49.025,47.99,49.01,15832345
1746106200,2025-05-01 09:30,47.55,47.64,46.89,47.2,27129950
1746192600,2025-05-02 09:30,47.85,48.11,46.73,47.08,14244054
1746451800,2025-05-05 09:30,48.87,48.9,48.05,48.72,20923185
1746538200,2025-05-06 09:30,49.91,50.83,49.365,50.79,31154998
1746624600,2025-05-07 09:30,49.54,50.28,49.29,49.82,22427311
1746711000,2025-05-08 09:30,49.85,50.05,48.72,48.88,20400392
1746797400,2025-05-09 09:30,49.615,50.47,49.105,50.37,20695291
1747056600,2025-05-12 09:30,48.055,48.08,46.345,46.62,42761575
1747143000,2025-05-13 09:30,46.72,46.75,46.16,46.54,22356323
1747229400,2025-05-14 09:30,45.505,45.66,45.1,45.55,26797018
1747315800,2025-05-15 09:30,46.05,46.6,45.605,46.49,23456736
1747402200,2025-05-16 09:30,45.41,46.35,45.245,46.33,17271971
1747661400,2025-05-19 09:30,47.1,47.4,46.65,47.34,19577587
1747747800,2025-05-20 09:30,47.43,48.815,47.26,48.81,26942345
1747834200,2025-05-21 09:30,49.08,49.6993,48.97,49.44,23175371
1747920600,2025-05-22 09:30,49.28,49.57,48.7,49.18,16934828
1748007000,2025-05-23 09:30,50.35,50.79,49.75,50.53,24171633
1748352600,2025-05-27 09:30,49.41,50.31,49.34,49.77,20431139
1748439000,2025-05-28 09:30,49.92,50.36,49.78,50.35,13211031
1748525400,2025-05-29 09:30,50.59,50.84,49.94,50.28,11855618
1748611800,2025-05-30 09:30,49.85,50.72,49.72,50.65,16795486
1748871000,2025-06-02 09:30,51.72,53.83,51.655,53.77,39386811
1748957400,2025-06-03 09:30,52.86,53.09,52.365,53.09,24482537
1749043800,2025-06-04 09:30,53.26,53.496,52.87,53.21,18924402
1749130200,2025-06-05 09:30,53.75,54.62,52.81,53.15,28643820
1749216600,2025-06-06 09:30,53.09,53.09,51.47,51.62,31561993
1749475800,2025-06-09 09:30,51.67,52.32,51.41,52.13,15247334
1749562200,2025-06-10 09:30,52.43,52.595,51.12,51.43,17301653
1749648600,2025-06-11 09:30,51.51,51.94,51.29,51.94,13531005
1749735000,2025-06-12 09:30,52.8,53.7553,52.715,53.53,25699504
1749821400,2025-06-13 09:30,54.34,54.7,53.85,54.46,22541407
1750080600,2025-06-16 09:30,53.695,54.15,53.5,53.55,18475038
1750167000,2025-06-17 09:30,53.79,54.01,53.06,53.51,13406463
1750253400,2025-06-18 09:30,53.35,53.7,52.9003,53,14896992
1750426200,2025-06-20 09:30,52.69,53.425,52.26,52.29,18722334
1750685400,2025-06-23 09:30,52.52,53.74,52.27,53.11,21458316
1750771800,2025-06-24 09:30,51.54,52.13,50.7001,51.86,22159918
1750858200,2025-06-25 09:30,51.59,52.16,51.45,51.92,12728900
1750944600,2025-06-26 09:30,51.76,52.62,51.76,52.62,14874255
1751031000,2025-06-27 09:30,50.92,51.115,50.32,50.73,32657425
1751290200,2025-06-30 09:30,50.93,52.07,50.75,52.06,19782712
1751376600,2025-07-01 09:30,53.01,53.045,51.96,52.04,19063332
1751463000,2025-07-02 09:30,52.33,52.76,51.8393,52.66,13096074
1751549400,2025-07-03 09:30,52.19,52.92,52.15,52.91,11610930
1751895000,2025-07-07 09:30,51.93,53.21,51.32,53.17,22030172
1751981400,2025-07-08 09:30,52.94,52.95,50.345,50.79,37415345
1752067800,2025-07-09 09:30,50.85,51.66,50.56,51.5,19712092
1752154200,2025-07-10 09:30,51.68,51.9,50.975,51.9,13673307
1752240600,2025-07-11 09:30,52.315,52.59,51.91,52.42,19044820
1752499800,2025-07-14 09:30,52.42,53.3,52.375,52.45,13297254
1752586200,2025-07-15 09:30,52.46,52.595,50.775,51.62,20154933
1752672600,2025-07-16 09:30,51.71,52.37,50.965,51.82,16545297
1752759000,2025-07-17 09:30,51.06,51.42,50.445,51.24,17442339
1752845400,2025-07-18 09:30,51.69,51.79,51.12,51.13,12887786
1753104600,2025-07-21 09:30,51.935,53.35,51.93,53.02,22674124
1753191000,2025-07-22 09:30,53.64,54.78,53.22,54.48,23906897
1753277400,2025-07-23 09:30,54.17,54.57,53.62,53.84,22084589
1753363800,2025-07-24 09:30,53.05,53.8,52.53,53.33,12142160
1753450200,2025-07-25 09:30,52.92,53.98,52.8504,53.96,25492222
1753709400,2025-07-28 09:30,53.15,53.34,52.14,52.59,20458117
1753795800,2025-07-29 09:30,52.76,53.355,52.52,53.25,13473479
1753882200,2025-07-30 09:30,52.55,52.95,51.52,51.78,21662119
1753968600,2025-07-31 09:30,52.02,52.32,51.365,51.64,16429374
1754055000,2025-08-01 09:30,52.74,53.0585,51.935,52.45,20409387
1754314200,2025-08-04 09:30,53.17,55.05,53.16,54.94,27343207
1754400600,2025-08-05 09:30,54.61,56.655,54.57,56.46,32074393
1754487000,2025-08-06 09:30,56.49,57.39,56.48,57.39,16683995
1754573400,2025-08-07 09:30,57.91,58.48,57.6122,57.94,22573157
1754659800,2025-08-08 09:30,58.43,58.81,57.84,58.06,18210715
1754919000,2025-08-11 09:30,56.59,57.995,56.34,57.69,17523461
1755005400,2025-08-12 09:30,57.83,58.23,57.37,58.21,11594165
1755091800,2025-08-13 09:30,58.655,58.77,57.8657,58.07,10707245
1755178200,2025-08-14 09:30,57.65,58.53,57.42,57.7,11226934
1755264600,2025-08-15 09:30,57.795,58.56,57.34,58.28,13540572
1755523800,2025-08-18 09:30,58.2,58.42,57.695,58.1,8505904
1755610200,2025-08-19 09:30,57.84,58.035,56.59,56.6,15274267
1755696600,2025-08-20 09:30,57.245,58.33,57.19,58.32,15489908
1755783000,2025-08-21 09:30,58.165,59.69,58.11,59.29,17900243
1755869400,2025-08-22 09:30,58.785,60.68,58.38,60.18,19540540
1756128600,2025-08-25 09:30,60.39,60.79,60.17,60.26,8388430
1756215000,2025-08-26 09:30,60.56,61.6,60.44,61.6,17598207
1756301400,2025-08-27 09:30,61.05,61.48,60.47,61.48,10691641
1756387800,2025-08-28 09:30,61.4,61.615,60.7,61.33,15854823
1756474200,2025-08-29 09:30,61.21,63.23,61.21,63.17,19954360
1756819800,2025-09-02 09:30,64.39,65.065,63.2,64.8,41939575
1756906200,2025-09-03 09:30,65.476,65.825,64.71,65.2,25768664
1756992600,2025-09-04 09:30,64.365,64.94,63.89,64.57,24753708
1757079000,2025-09-05 09:30,66.005,66.87,65.16,66.34,31720222
1757338200,2025-09-08 09:30,67.23,67.4135,66.49,67.24,24932728
1757424600,2025-09-09 09:30,67.65,67.94,66.67,66.85,24429988
1757511000,2025-09-10 09:30,67.47,68.5891,67.46,68.5,18297285
1757597400,2025-09-11 09:30,68.24,69.76,68.085,69.76,18762120
1757683800,2025-09-12 09:30,69.955,70.11,69.24,69.75,13891072
1757943000,2025-09-15 09:30,69.3,70.76,69.151,70.48,16298194
1758029400,2025-09-16 09:30,70.565,70.64,68.63,69.02,22742291
1758115800,2025-09-17 09:30,68.24,69.925,67.77,68.66,28270269
1758202200,2025-09-18 09:30,68.15,68.795,67.255,68.79,21638915
1758288600,2025-09-19 09:30,68.92,72.525,68.89,72.36,36428972
1758547800,2025-09-22 09:30,73.77,74.3699,72.84,74.33,30822555
1758634200,2025-09-23 09:30,74.88,75.28,73.8801,74.23,23168443
1758720600,2025-09-24 09:30,73.96,74.45,72.27,72.32,27972000
1758807000,2025-09-25 09:30,72.31,73.2,72.01,73.13,23268574
1758893400,2025-09-26 09:30,73.68,74.9255,73.24,74.68,21411932
1759152600,2025-09-29 09:30,76.58,76.8742,75.355,75.72,24062680
1759239000,2025-09-30 09:30,74.965,77.175,74.74,76.4,21221733
1759325400,2025-10-01 09:30,77.11,77.96,76.59,77.13,22633033
1759411800,2025-10-02 09:30,78.285,78.32,74.1,77.1,41791190
1759498200,2025-10-03 09:30,77.315,77.76,76.53,77.08,15113274
1759757400,2025-10-06 09:30,78.06,79.49,77.79,78.61,26286337
1759843800,2025-10-07 09:30,78.655,78.69,76.69,76.97,21615649
1759930200,2025-10-08 09:30,78.675,79.15,77.59,79.15,25676093
1760016600,2025-10-09 09:30,79.195,79.33,74.58,75.61,40970473
1760103000,2025-10-10 09:30,75.865,76.62,75.08,75.78,24817195
1760362200,2025-10-13 09:30,78.075,79.455,77.96,79.37,26089486
1760448600,2025-10-14 09:30,78.025,79.4,77.61,78.45,20129241
1760535000,2025-10-15 09:30,79.51,81.74,79.24,81.47,31551730
1760621400,2025-10-16 09:30,82.46,85.085,81.72,84.44,39781815
1760707800,2025-10-17 09:30,82.165,82.415,77.175,78.73,70598808
1760967000,2025-10-20 09:30,80.18,81.015,79.005,80.36,29436020
1761053400,2025-10-21 09:30,74.575,74.99,72.13,72.79,71270245
1761139800,2025-10-22 09:30,70.48,73.3199,70.28,72.95,47998523
1761226200,2025-10-23 09:30,74.52,74.68,73.59,73.79,25688991
1761312600,2025-10-24 09:30,72.5,74.01,72.1501,72.8,24477121
1761571800,2025-10-27 09:30,70.145,71.38,68.13,69.91,50661736
1761658200,2025-10-28 09:30,68.635,71.235,68.42,71.02,28611801
1761744600,2025-10-29 09:30,72.9,73,70.7,71.07,33614540
1761831000,2025-10-30 09:30,70.92,73.06,70.51,72.9,25166211
1761917400,2025-10-31 09:30,72.91,72.92,71.15,72.06,20882345
1762180200,2025-11-03 09:30,71.72,72.435,70.725,71.3,15630001
1762266600,2025-11-04 09:30,69.34,69.625,68.2012,68.28,28765462
1762353000,2025-11-05 09:30,69.91,70.89,69.48,70.67,24340108
1762439400,2025-11-06 09:30,71.27,72.7144,70.7,70.76,22007576
1762525800,2025-11-07 09:30,71.48,72.55,70.48,72.55,20421878
1762785000,2025-11-10 09:30,75.24,76.465,74.62,75.98,30851174
1762871400,2025-11-11 09:30,76.535,76.82,74.95,76.71,17170140
1762957800,2025-11-12 09:30,76.75,79.97,76.295,79.25,33319497
1763044200,2025-11-13 09:30,79.49,79.74,76.42,77.05,30345860
1763130600,2025-11-14 09:30,73.535,76.91,73.25,76.16,28841150
1763389800,2025-11-17 09:30,75.645,76.97,74.195,74.95,25837014
1763476200,2025-11-18 09:30,75.61,76.47,74.3815,75.63,24323833
1763562600,2025-11-19 09:30,76.95,78.18,75.52,76.39,21959431
1763649000,2025-11-20 09:30,76.735,77.74,72.94,72.97,34685038
1763735400,2025-11-21 09:30,73.02,74.655,72.45,73.65,25694889
1763994600,2025-11-24 09:30,74.15,78,74.07,77.96,24487394
1764081000,2025-11-25 09:30,77.31,78.54,76.86,77.8,14938434
1764167400,2025-11-26 09:30,78.65,81.83,78.55,81.55,27375296
1764340200,2025-11-28 09:30,82.26,83.28,81.77,83.23,15906798
1764599400,2025-12-01 09:30,83.95,84.03,82.12,82.82,20533863
1764685800,2025-12-02 09:30,82.47,82.96,79.3,81.61,25468399
1764772200,2025-12-03 09:30,82.13,82.92,80.935,81.06,17556115
1764858600,2025-12-04 09:30,80.335,81.49,80.025,81.39,12264613
1764945000,2025-12-05 09:30,82,83.76,80.72,81.03,17559244
1765204200,2025-12-08 09:30,81.015,81.25,79.07,79.16,18976999
1765290600,2025-12-09 09:30,79.295,82.07,79.29,81.94,19287016
1765377000,2025-12-10 09:30,81.55,83.94,80.525,83.32,22917876
1765463400,2025-12-11 09:30,83.2,87.445,83.12,86.26,29997002
1765549800,2025-12-12 09:30,88.5,88.5,84.24,85.66,26735869
1765809000,2025-12-15 09:30,86.51,86.745,83.72,84.85,21774928
1765895400,2025-12-16 09:30,85.16,86.3,83.75,84.83,14848778
1765981800,2025-12-17 09:30,86.11,86.62,84.62,85.83,17984735
1766068200,2025-12-18 09:30,85.33,87.1999,84.84,85.67,18771482
1766154600,2025-12-19 09:30,85.58,88.69,85.56,87.79,24699842
1766413800,2025-12-22 09:30,89.655,91.05,89.07,90.18,24707377
1766500200,2025-12-23 09:30,90.35,90.48,88.69,90.27,18969209
1766586600,2025-12-24 09:30,89.8,90.27,88.27,89.7,14136211
1766759400,2025-12-26 09:30,90.93,91.67,89.61,91.29,24708928
1767018600,2025-12-29 09:30,86.925,87.47,84.89,85.85,39910121
1767105000,2025-12-30 09:30,88.05,88.4,86.56,86.84,19494795
1767191400,2025-12-31 09:30,86.445,87.73,85.66,85.77,13174532
1767364200,2026-01-02 09:30,87.12,87.21,83.23,85.73,24032271
1767623400,2026-01-05 09:30,87.78,90.655,87.28,88.45,25194966
1767709800,2026-01-06 09:30,89.265,92.21,89.0746,92.14,23581731
1767796200,2026-01-07 09:30,89.455,91.13,88.09,91.06,18414856
1767882600,2026-01-08 09:30,89.11,91.56,88.79,91.54,17535762
1767969000,2026-01-09 09:30,91.81,93.17,91.23,92.56,18108483
1768228200,2026-01-12 09:30,95.19,96.98,95.065,95.72,27296537
1768314600,2026-01-13 09:30,97.03,97.97,96.24,96.47,19578642
1768401000,2026-01-14 09:30,98.405,98.4175,95.37,96.86,22672562
1768487400,2026-01-15 09:30,96.09,97.83,95.32,97.11,13979487
1768573800,2026-01-16 09:30,96.28,97.34,94.44,97.24,19587313
1768919400,2026-01-20 09:30,101.525,103.02,100.895,102.78,33061023
1769005800,2026-01-21 09:30,104.9,105.33,100.555,101.29,34861201
1769092200,2026-01-22 09:30,101.135,105.835,101.05,105.17,30396687
1769178600,2026-01-23 09:30,105.525,107.615,104.85,107.02,19622966
1769437800,2026-01-26 09:30,110.69,112.54,107.45,107.48,38883326
1769524200,2026-01-27 09:30,107.92,109.38,103.88,109.29,30779146
1769610600,2026-01-28 09:30,110.38,112.24,109.01,112.16,31375514
1769697000,2026-01-29 09:30,113.285,113.5,104.6503,107.98,66962370
1769783400,2026-01-30 09:30,98.91,101.88,93.12,94.2,102904806
1770042600,2026-02-02 09:30,93.965,96.87,92,94.19,35455559
1770129000,2026-02-03 09:30,99.785,99.99,95.66,98.22,43633829
1770215400,2026-02-04 09:30,101.005,101.12,94.94,98.7,30256841
1770301800,2026-02-05 09:30,94.54,97.2,92.28,92.44,39586589
1770388200,2026-02-06 09:30,95.13,97.93,94.98,97.39,24807732
1770647400,2026-02-09 09:30,98.545,103.085,98.51,102.89,27057085
1770733800,2026-02-10 09:30,102.27,103.8,101.8459,103.01,15407597
1770820200,2026-02-11 09:30,105.49,106.47,102.49,105.97,22624324
1770906600,2026-02-12 09:30,104.82,105.79,98.13,98.28,43435465
1770993000,2026-02-13 09:30,100.92,104.14,99.53,103.94,31928303
1771338600,2026-02-17 09:30,99.855,101.1905,97.41,100.25,26742995
1771425000,2026-02-18 09:30,101.82,103.69,101.29,102.56,18924086
1771511400,2026-02-19 09:30,102.01,104.3,101.11,104.24,18466546
1771597800,2026-02-20 09:30,104.33,106.39,102.03,106.26,23440969
1771857000,2026-02-23 09:30,107.78,110.54,107.62,110.29,26609294
1771943400,2026-02-24 09:30,107,111.5,106.47,110.7,15635673
1772029800,2026-02-25 09:30,112.18,113.16,110.87,111.16,14632591
1772116200,2026-02-26 09:30,110.4,114.1,109.13,113.89,18622908
1772202600,2026-02-27 09:30,115.19,115.99,114.32,115.84,18646840
1772461800,2026-03-02 09:30,116.455,117.175,111.36,115.34,27137304
1772548200,2026-03-03 09:30,107.49,107.99,102.54,105.24,66618020
1772634600,2026-03-04 09:30,108.155,108.26,104.31,105.88,20502902
1772721000,2026-03-05 09:30,104.2,104.2,99.5307,101.82,34024094
1772807400,2026-03-06 09:30,99.245,102.5,98.28,101.38,25722999
1773063000,2026-03-09 09:30,98.64,102.57,95.96,102.44,24687032
1773149400,2026-03-10 09:30,104.06,105.74,103.1,103.37,21592156
1773235800,2026-03-11 09:30,102.05,102.16,99.14,101.36,19278298
1773322200,2026-03-12 09:30,101.04,101.11,98.4101,99.3,20604322
1773408600,2026-03-13 09:30,98.41,98.41,92.89,93.26,35725176
1773667800,2026-03-16 09:30,93.35,95.855,92.35,94.38,21719631
1773754200,2026-03-17 09:30,94.77,96.1275,93.305,93.96,14897774
1773840600,2026-03-18 09:30,89.99,90.35,87.73,88.11,41331292
1773927000,2026-03-19 09:30,80.86,83.39,79.96,82.9,63111250
1774013400,2026-03-20 09:30,83.32,83.3856,78.74,80.12,40023335
1774272600,2026-03-23 09:30,81.36,84.97,81.12,83.38,62217709
1774359000,2026-03-24 09:30,81.91,84.12,80.78,83.5,23529703
1774445400,2026-03-25 09:30,87.515,88.07,85.5,86.32,33509129
1774531800,2026-03-26 09:30,83.465,86.53,82.27,82.39,41415953
1774618200,2026-03-27 09:30,82.79,86.92,82.39,85.79,35300840
1774877400,2026-03-30 09:30,87.385,88.41,84.73,85.79,24114378
1774963800,2026-03-31 09:30,88.05,91.78,87.88,91.77,36516272
1775050200,2026-04-01 09:30,94.71,97.705,93.48,96.01,42051254
1775136600,2026-04-02 09:30,90.16,95.85,89.99,94.59,22726657
1775482200,2026-04-06 09:30,94.26,95.2813,93.41,93.82,11572830
1775568600,2026-04-07 09:30,93.69,95.23,91.44,94.97,13596746
1775655000,2026-04-08 09:30,100.875,101.37,96.63,98.18,26188610
1775741400,2026-04-09 09:30,98.35,99.93,97,98.35,14310500
1775827800,2026-04-10 09:30,98.975,100.2215,98.79,99.39,17803488
1776087000,2026-04-13 09:30,98.005,99.23,97.35,98.78,12446123
1776173400,2026-04-14 09:30,100.05,101.57,99.42,100.75,15841090
1776259800,2026-04-15 09:30,99.92,100.43,97.68,97.77,16644614
1776346200,2026-04-16 09:30,98.21,99.1,97.3502,97.66,13841982
1776432600,2026-04-17 09:30,99.75,102.39,99.39,100.34,21381404
1776691800,2026-04-20 09:30,99.455,99.55,98.1,99.13,11897956
1776778200,2026-04-21 09:30,97.89,98.48,92.69,92.99,31531455
1776864600,2026-04-22 09:30,95.04,95.76,94.04,94.48,14371294
1776951000,2026-04-23 09:30,93.33,94,90.2,92.19,27735573
1777037400,2026-04-24 09:30,93.15,94.51,92.215,94.34,16967416
1777296600,2026-04-27 09:30,93.42,93.47,92.12,92.59,12010050
1777383000,2026-04-28 09:30,90.14,90.63,88.11,88.54,25303470
1777469400,2026-04-29 09:30,87.105,87.65,85.93,86.22,20765727
1777555800,2026-04-30 09:30,88.9,89.435,87.42,88.29,23142365
1777642200,2026-05-01 09:30,87.705,89.07,86.995,87.11,12337251
1777901400,2026-05-04 09:30,86.14,87.35,85.46,85.65,15612801
1777987800,2026-05-05 09:30,87.28,87.7,85.72,85.81,11557639
1778074200,2026-05-06 09:30,90.51,93.075,90.44,92.44,35115100
1778160600,2026-05-07 09:30,94.8,96.11,91.63,91.72,26825759
1778247000,2026-05-08 09:30,93.13,95.3,92.75,94.59,19426913
1778506200,2026-05-11 09:30,95.34,98.74,95.29,97.6,24402835
1778592600,2026-05-12 09:30,95.595,97.56,92.85,97.14,22283196
1778679000,2026-05-13 09:30,96.09,97.2,94.64,96.23,12254826
1778765400,2026-05-14 09:30,95.9,95.91,93.535,93.95,14371556
1778851800,2026-05-15 09:30,89.5,89.55,86.83,87.35,38654654
1779111000,2026-05-18 09:30,88.65,89.525,86.385,87.14,16998044
1779197400,2026-05-19 09:30,85.55,85.6,83.35,83.78,21922222
1779283800,2026-05-20 09:30,84.58,86.94,83.67,86.36,20430712
1779370200,2026-05-21 09:30,84.46,87.66,84.11,85.99,17092602
1779456600,2026-05-22 09:30,85.61,86.14,83.95,85.02,14642103
1779802200,2026-05-26 09:30,87.035,88.57,86.93,88.5,21638830
1779888600,2026-05-27 09:30,85.84,87.35,85.34,85.44,19401670
1779975000,2026-05-28 09:30,84.53,87.995,83.32,87.18,20959941
1780061400,2026-05-29 09:30,87.38,90.36,86.65,89.49,22277041
1780320600,2026-06-01 09:30,86.45,87.5525,84.38,86.68,26022910
1780407000,2026-06-02 09:30,87.93,88.29,85.99,88.05,19268989
1780493400,2026-06-03 09:30,86.51,86.9308,84.94,85,18139578
1780579800,2026-06-04 09:30,86.36,87.47,85.63,86.4,13420224
1780666200,2026-06-05 09:30,83.8,83.85,78.78,78.84,44791952
1780925400,2026-06-08 09:30,79.36,80.3,78.455,78.67,18567605
1781011800,2026-06-09 09:30,79.5,80.23,75.03,77.59,24897096
1781098200,2026-06-10 09:30,74.79,76.8,73.63,73.81,26414502
1781184600,2026-06-11 09:30,73.99,78.175,73.77,77.72,34820794
1781271000,2026-06-12 09:30,78.54,80.65,77.76,80.03,25560178
1781530200,2026-06-15 09:30,85.415,86.88,84.71,85.27,34324461
1781616600,2026-06-16 09:30,86.15,87.585,85.66,87.24,21635616
1781703000,2026-06-17 09:30,87.2,89.99,84.29,84.36,49821503
1781789400,2026-06-18 09:30,84.91,86.57,81.47,82.51,37180353
1782135000,2026-06-22 09:30,80.42,81.67,80.14,81.44,17354794
1782221400,2026-06-23 09:30,77.78,79.22,77.25,77.66,26808429
1782307800,2026-06-24 09:30,74.185,76.4,73.7,74.59,30515814
1782394200,2026-06-25 09:30,76.49,76.925,74.53,75.67,30972080
1782480600,2026-06-26 09:30,76.66,78.485,76.19,77,22781618
1782739800,2026-06-29 09:30,76.13,76.195,74.59,75.68,18075663
1782826200,2026-06-30 09:30,75.39,75.93,73.89,75.45,16874835
1782912600,2026-07-01 09:30,75.43,78.155,74.98,75.07,22382838
1782999000,2026-07-02 09:30,77.71,79.2,76.775,78.43,29983870
1783344600,2026-07-06 09:30,79.52,80.18,77.5,78.74,13977325
1783431000,2026-07-07 09:30,78.35,78.79,75.13,75.76,20561995
1783517400,2026-07-08 09:30,74.09,74.81,71.89,73.53,25642260
1783603800,2026-07-09 09:30,75.15,76.05,74.32,75.78,16240914
1783690200,2026-07-10 09:30,75.09,76.04,74.51,75.53,8140121
1783949400,2026-07-13 09:30,74.1,74.64,72.835,73.37,20251221
1784035800,2026-07-14 09:30,76.1,76.86,74.48,74.88,18329056
1784122200,2026-07-15 09:30,74.44,75.29,72.64,74,14705354
1784208600,2026-07-16 09:30,72.88,72.9,71.04,71.4,23823130
1784295000,2026-07-17 09:30,70.4,71.93,69.74,71.32,18182121
1784554200,2026-07-20 09:30,71.14,71.61,70.52,70.74,12353795
1784640600,2026-07-21 09:30,72.44,74.225,72.11,74.19,18735246
1784727000,2026-07-22 09:30,75.92,77.99,75.92,76.68,20428053
1784813400,2026-07-23 09:30,74.442,75.36,73.85,75.02,16371395
1784899800,2026-07-24 09:30,75.5,76.48,74.62,75.23,10693556
1785159000,2026-07-27 09:30,76.21,76.56,74.25,75.73,11401249
1785245400,2026-07-28 09:30,74.5,75.145,73.33,74.21,14266212
1785331800,2026-07-29 09:30,73.94,76.03,72.18,73.57,25718807
1785418200,2026-07-30 09:30,75.35,76.81,74.3,76.78,20321286
1785504600,2026-07-31 09:30,74.88,75.32,72.92,74.1,17782727
1785763800,2026-08-03 09:30,74.31,76.12,73.62,76.05,13804006
1785850200,2026-08-04 09:30,77.61,78.86,77.01,77.92,20255625
1785936600,2026-08-05 09:30,82.2,84.31,81.81,83.68,40684591
1786023000,2026-08-06 09:30,82.44,84.48,82.18,83.92,25510574
1786109400,2026-08-07 09:30,89.31,90.8,88.44,89.89,44624086
1786368600,2026-08-10 09:30,88.9,90.75,87.43,90.49,22709785
1786455000,2026-08-11 09:30,90,90.94,89.25,90.12,15322155
1786541400,2026-08-12 09:30,92.59,92.66,90.38,90.96,18593306
1786627800,2026-08-13 09:30,89.21,89.25,87.515,88.27,36716265
1786714200,2026-08-14 09:30,89.635,91.02,89.36,89.97,15204299
1786973400,2026-08-17 09:30,90.94,92.6,90.315,91.89,17103747
1787059800,2026-08-18 09:30,90.535,91.21,88.775,88.95,22465984
1787146200,2026-08-19 09:30,94.025,97.47,93.81,97.33,44388763
1787232600,2026-08-20 09:30,96.32,100.33,96.3,99.85,33388074
1787319000,2026-08-21 09:30,102.65,103.25,101.7699,102.83,33601603
1787578200,2026-08-24 09:30,103.98,104.66,101.53,103.54,22815293
1787664600,2026-08-25 09:30,101.94,105.67,101.8,105.52,26039862
1787751000,2026-08-26 09:30,103.37,104.16,102.31,102.42,23884480
1787837400,2026-08-27 09:30,102.14,104.114,101.69,103.69,16851380
1787923800,2026-08-28 09:30,104.24,104.78,98.69,99.65,41059510
1788183000,2026-08-31 09:30,99.275,99.635,96.99,98.51,17583148
1788269400,2026-09-01 09:30,95.155,98.26,94.49,94.67,31351733
1788355800,2026-09-02 09:30,96.96,98.76,96.3,97.63,22553275
1788442200,2026-09-03 09:30,100.68,101.71,99.06,101.49,29159604
1788528600,2026-09-04 09:30,98.75,100.1,98.01,99.26,21529057
1788874200,2026-09-08 09:30,98.89,100.3,98.37,98.41,12532814
1788960600,2026-09-09 09:30,100.46,101.48,98.69,99.47,15094218
1789047000,2026-09-10 09:30,96.528,97.44,95.62,96.03,21940266
1789133400,2026-09-11 09:30,98.21,99.0758,96.23,97.1,14308367
1789392600,2026-09-14 09:30,93.93,95.08,92.85,94.14,24406665
1789479000,2026-09-15 09:30,94.62,94.75,92.85,94.13,13916600
1789565400,2026-09-16 09:30,95.98,95.98,91.19,92.8,27020109
1789651800,2026-09-17 09:30,95.85,96.68,94.45,95.92,21167849
1789738200,2026-09-18 09:30,96.15,96.25,94.23,95.48,19017603
1789997400,2026-09-21 09:30,95.81,95.91,93.705,94.43,17063790
1790083800,2026-09-22 09:30,94.51,98.365,94.5,97.83,20860202
1790170200,2026-09-23 09:30,95.1849,95.27,93.07,93.56,28405465
1790256600,2026-09-24 09:30,92.52,92.64,90.85,92.35,21881760
1790343000,2026-09-25 09:30,92.442,93.32,91.34,92.87,15989275
1790602200,2026-09-28 09:30,88.16,89.43,87.36,87.89,30488298
1790688600,2026-09-29 09:30,88.75,89.26,87.805,89.07,19629750
1790775000,2026-09-30 09:30,89.72,89.755,87.8,87.8,17088244
1790861400,2026-10-01 09:30,87.69,88.03,86.48,86.74,23506488
1790947800,2026-10-02 09:30,88.152,88.69,86.33,87.78,20078944
1791207000,2026-10-05 09:30,87.84,88.18,85.99,87.42,15134608
1791293400,2026-10-06 09:30,87.72,88.915,86.66,88.22,14642635
