t,et,o,h,l,c,v
1163773800,2006-11-17 09:30,70.62,71.17,70.45,71.17,3346200
1164033000,2006-11-20 09:30,70.53999,70.74001,70.44,70.63,3933700
1164119400,2006-11-21 09:30,70.78999,71.03999,70.67999,70.98,3291700
1164205800,2006-11-22 09:30,71.56,71.7,71.38989,71.67,4944602
1164378600,2006-11-24 09:30,71.42999,71.67,71.28999,71.28999,3341800
1164637800,2006-11-27 09:30,71.45,71.5,70.63,70.7,4631898
1164724200,2006-11-28 09:30,70.8,71.36,70.78,71.33,5369000
1164810600,2006-11-29 09:30,71.95,72.17,71.74001,72.14,4843500
1164897000,2006-11-30 09:30,72.5,72.66,72.19,72.45,7738398
1164983400,2006-12-01 09:30,72.53999,72.57001,71.83,72.36,4977801
1165242600,2006-12-04 09:30,72.3,72.95,72.2,72.83,4143500
1165329000,2006-12-05 09:30,72.94,73.3,72.81,73.24001,13172500
1165415400,2006-12-06 09:30,72.95,73.23,72.8524,73.08,4641000
1165501800,2006-12-07 09:30,73.66,73.72,73.25,73.33,3735000
1165588200,2006-12-08 09:30,73.45,73.62,72.9899,73.14999,5172699
1165847400,2006-12-11 09:30,73.07001,73.63,73.03,73.45,2909400
1165933800,2006-12-12 09:30,73.56,73.8,73.23,73.75,4247898
1166020200,2006-12-13 09:30,73.88,74.03,73.73,74.03,3111900
1166106600,2006-12-14 09:30,74.13,74.37,74.05009,74.33,6839699
1166193000,2006-12-15 09:30,74.53,74.53,73.88,74.03,6932398
1166452200,2006-12-18 09:30,74.3,74.3,73.8,73.92,3569600
1166538600,2006-12-19 09:30,73.77,74.33,73.69009,74.25,6391602
1166625000,2006-12-20 09:30,74.53,74.66,74.05,74.12,4919801
1166711400,2006-12-21 09:30,72.60001,72.85001,72.42,72.55,6433602
1166797800,2006-12-22 09:30,72.81,72.81,72.08,72.38,5377898
1167143400,2006-12-26 09:30,72.45,72.62,72.2,72.36,3353800
1167229800,2006-12-27 09:30,72.86,73.25,72.841,73.25,3522400
1167316200,2006-12-28 09:30,73.41,73.44,73.05,73.3,4539602
1167402600,2006-12-29 09:30,73.17999,73.45,73.10001,73.22,5536000
1167834600,2007-01-03 09:30,73.96001,74.07001,73.28,73.50999,12081398
1167921000,2007-01-04 09:30,73.31,73.47,73.02,73.32001,8674000
1168007400,2007-01-05 09:30,72.78999,72.78999,72.10001,72.2,8961500
1168266600,2007-01-08 09:30,72.47,72.47,72.11,72.3,6584102
1168353000,2007-01-09 09:30,72.64999,72.6676,72.03,72.37,8505699
1168439400,2007-01-10 09:30,71.7,71.92,71.5,71.82001,5273602
1168525800,2007-01-11 09:30,71.82001,72.5201,71.75999,72.28,4562000
1168612200,2007-01-12 09:30,72.61,73.16,72.58,73.10001,6266301
1168957800,2007-01-16 09:30,73.28999,73.38,72.87,73.00999,6903500
1169044200,2007-01-17 09:30,72.92,73.32001,72.82001,73.05,3764900
1169130600,2007-01-18 09:30,73.39999,73.49001,72.8,72.8,7925898
1169217000,2007-01-19 09:30,73.12,73.78,73.09,73.69,7582602
1169476200,2007-01-22 09:30,73.92,74,73.2,73.32001,6171500
1169562600,2007-01-23 09:30,73.64999,74.13,73.60001,73.97,5401500
1169649000,2007-01-24 09:30,74.10001,74.50999,74.06,74.45,7744398
1169735400,2007-01-25 09:30,74.12,74.17,73.10001,73.24001,5003801
1169821800,2007-01-26 09:30,73.39999,73.48,72.97,73.38,6217398
1170081000,2007-01-29 09:30,73.39999,73.66,73.25999,73.46001,5772602
1170167400,2007-01-30 09:30,73.73,73.98,73.61,73.96001,4124801
1170253800,2007-01-31 09:30,73.45,74.33,73.28,74.24001,5358500
1170340200,2007-02-01 09:30,74.74001,74.92999,74.56,74.86,7254102
1170426600,2007-02-02 09:30,74.75,74.81,74.5,74.71001,7174500
1170685800,2007-02-05 09:30,74.28999,74.57001,74.2132,74.47,3339100
1170772200,2007-02-06 09:30,74.99001,75.11,74.67,75.05,4497699
1170858600,2007-02-07 09:30,75.17999,75.45,75.03,75.25999,5121801
1170945000,2007-02-08 09:30,74.59,75,74.46001,74.96001,3842600
1171031400,2007-02-09 09:30,75.07001,75.14999,74.42999,74.64,4636301
1171290600,2007-02-12 09:30,74.53,74.57001,74.22,74.35001,5846992
1171377000,2007-02-13 09:30,74.83,75.34,74.77,75.3,4569105
1171463400,2007-02-14 09:30,75.66,76.39999,75.63,76.32001,5538957
1171549800,2007-02-15 09:30,76.39,76.52,76.17,76.41,4191199
1171636200,2007-02-16 09:30,76.32001,76.94,75.5,76.38,4899398
1171981800,2007-02-20 09:30,76.32001,77,76,76.49001,7949699
1172068200,2007-02-21 09:30,75.84,76.38,75.7,76.10001,6819199
1172154600,2007-02-22 09:30,76.28,76.46001,76.17,76.44,4327602
1172241000,2007-02-23 09:30,76.55,76.78999,76.48,76.67999,3728100
1172500200,2007-02-26 09:30,77.16,77.17999,76.71001,76.72,5972070
1172586600,2007-02-27 09:30,75.66,76,73.00999,73.63,12980102
1172673000,2007-02-28 09:30,74,74.66,73.88,74.17999,8136301
1172759400,2007-03-01 09:30,72.98,73.66,72,73.39,11055855
1172845800,2007-03-02 09:30,72.89999,73.17999,72.34,72.39999,6951000
1173105000,2007-03-05 09:30,71.46001,72.24001,70.89999,70.89999,8279398
1173191400,2007-03-06 09:30,72.44,73.25,72.25,73.10001,8908398
1173277800,2007-03-07 09:30,73.07001,73.59,72.94,73.12,6005699
1173364200,2007-03-08 09:30,73.77,74.2,73.75,73.98,5305699
1173450600,2007-03-09 09:30,74.17999,74.3,73.78,74.10001,8451699
1173706200,2007-03-12 09:30,74.14,74.64,73.98,74.57001,5143102
1173792600,2007-03-13 09:30,73.97,74.17999,72.69,72.8,5769602
1173879000,2007-03-14 09:30,72.33,72.91,71.42999,72.83,9299898
1173965400,2007-03-15 09:30,72.7,73.31,72.66,73.16,4313699
1174051800,2007-03-16 09:30,73.42999,73.84,73.06,73.25,4659398
1174311000,2007-03-19 09:30,74.02,74.38,73.88,74.38,6262199
1174397400,2007-03-20 09:30,74.24001,75.08,74.2,75.00999,4477898
1174483800,2007-03-21 09:30,75.25,76.72,75.00999,76.61,6514699
1174570200,2007-03-22 09:30,76.58,76.67999,76.14999,76.32001,4099398
1174656600,2007-03-23 09:30,76.5,76.7,76.37,76.5,5361602
1174915800,2007-03-26 09:30,76.47,76.64,75.81,76.53,4736398
1175002200,2007-03-27 09:30,76.53,76.53,75.95,76.19,4700699
1175088600,2007-03-28 09:30,75.71001,75.88,75.3,75.52,7258801
1175175000,2007-03-29 09:30,76.27,76.38,75.75,76.17999,6979512
1175261400,2007-03-30 09:30,76.16,76.49001,76.08,76.25999,8504641
1175520600,2007-04-02 09:30,76.3,76.63,76.05,76.5,7702398
1175607000,2007-04-03 09:30,76.82001,77.61,76.77,77.14,5387461
1175693400,2007-04-04 09:30,77.25,77.5,77.06,77.46001,7886375
1175779800,2007-04-05 09:30,77.5,77.88,77.42999,77.74001,3051566
1176125400,2007-04-09 09:30,77.75,77.85001,77.53,77.67999,4103133
1176211800,2007-04-10 09:30,78.05,78.41,77.97,78.25999,5112188
1176298200,2007-04-11 09:30,78.39999,78.45,77.67999,77.88,7729539
1176384600,2007-04-12 09:30,77.67999,78.49001,77.53,78.39999,6007168
1176471000,2007-04-13 09:30,78.53999,78.69,78.24001,78.66,3711635
1176730200,2007-04-16 09:30,79.25,79.67,79.22,79.49001,12053984
1176816600,2007-04-17 09:30,79.49001,79.6199,79.14999,79.5,24911104
1176903000,2007-04-18 09:30,79.3,79.73,79.18739,79.47,5797859
1176989400,2007-04-19 09:30,78.66,79.38,78.62,79.17,6385867
1177075800,2007-04-20 09:30,79.82001,80.08,79.64,80.08,6654090
1177335000,2007-04-23 09:30,79.60001,79.67999,79.24001,79.3,6250047
1177421400,2007-04-24 09:30,79.19,79.35001,78.88,79.25,8063844
1177507800,2007-04-25 09:30,79.64999,80.03,79.31,79.99001,6584109
1177594200,2007-04-26 09:30,79.95,79.95,79.25,79.62,9558684
1177680600,2007-04-27 09:30,79.3,79.59,79.1084,79.45,3837665
1177939800,2007-04-30 09:30,79.42,79.8,78.99001,79.16,6285309
1178026200,2007-05-01 09:30,79.35001,79.39999,78.64,79.08,5349801
1178112600,2007-05-02 09:30,79.3,79.75,79.2,79.67999,6366000
1178199000,2007-05-03 09:30,79.71001,79.78999,79.41,79.78999,5519973
1178285400,2007-05-04 09:30,80.2,80.56,80.19949,80.53999,6404750
1178544600,2007-05-07 09:30,80.67999,80.8,80.60001,80.66,4647449
1178631000,2007-05-08 09:30,80.05,80.06,79.56,80,8882742
1178717400,2007-05-09 09:30,80.08,80.49001,79.94,80.44,7718078
1178803800,2007-05-10 09:30,79.71001,79.99001,78.66,78.85001,7110605
1178890200,2007-05-11 09:30,79.34,80.24001,79.34,80.17999,5240988
1179149400,2007-05-14 09:30,80.69,80.69,79.53,79.88,5662852
1179235800,2007-05-15 09:30,79.72,80.55,79.63,80.02,6407805
1179322200,2007-05-16 09:30,80.12,80.2,79.59,80.14,5397875
1179408600,2007-05-17 09:30,79.67,79.92,79.46001,79.73,3868053
1179495000,2007-05-18 09:30,80.14,80.5,79.98,80.35001,3817784
1179754200,2007-05-21 09:30,80.14999,80.28,79.9485,79.97,7652773
1179840600,2007-05-22 09:30,80.39,80.44,80.03999,80.03999,3605467
1179927000,2007-05-23 09:30,80.84,80.98,80.33,80.45,11083793
1180013400,2007-05-24 09:30,80.48,80.64,79.45,79.67999,6064398
1180099800,2007-05-25 09:30,79.95,80.19,79.78999,80.19,6213004
1180445400,2007-05-29 09:30,80.52,80.67,79.94,80.28999,5330898
1180531800,2007-05-30 09:30,79.60001,80.63,79.56,80.63,5249703
1180618200,2007-05-31 09:30,80.89999,81.14,80.8,81.03,9318391
1180704600,2007-06-01 09:30,81.36,81.60001,81.31,81.56,3408388
1180963800,2007-06-04 09:30,81.53,81.78999,81.53,81.78,4870000
1181050200,2007-06-05 09:30,81.67,81.73,81.00999,81.36,4021939
1181136600,2007-06-06 09:30,81.05,81.10001,80.08,80.19,5453629
1181223000,2007-06-07 09:30,78.83,80.19,78.67999,78.82001,10025898
1181309400,2007-06-08 09:30,79.03999,79.77,78.75,79.67999,5170578
1181568600,2007-06-11 09:30,79.48,80.14,79.34,79.95,3701842
1181655000,2007-06-12 09:30,79.08,79.61,78.48,78.53,6530348
1181741400,2007-06-13 09:30,78.8,79.64,78.71001,79.55,8119500
1181827800,2007-06-14 09:30,79.67999,80.25,79.61,80.14,7109117
1181914200,2007-06-15 09:30,81.03,81.31,80.78999,80.78999,4871484
1182173400,2007-06-18 09:30,81.41,81.48,80.98,81.24001,4333719
1182259800,2007-06-19 09:30,81.12,81.42,80.98,81.32001,3557892
1182346200,2007-06-20 09:30,81.67,81.74001,80.32001,80.36,5157453
1182432600,2007-06-21 09:30,80.5,81.45,80.25999,81.09,4977902
1182519000,2007-06-22 09:30,80.8,80.84,79.8,79.97,7624547
1182778200,2007-06-25 09:30,80.06,80.7,79.683,79.95,6233344
1182864600,2007-06-26 09:30,80.42,80.5,79.55,79.55,8359875
1182951000,2007-06-27 09:30,79.27,80.14999,79.22,80.12,6194859
1183037400,2007-06-28 09:30,80.28,80.71001,80.10001,80.25999,7796754
1183123800,2007-06-29 09:30,80.77,81.16,80.34,80.77,10251500
1183383000,2007-07-02 09:30,81.45,81.98,81.19,81.94,6358242
1183469400,2007-07-03 09:30,82.17999,82.61,82.07001,82.33,2146286
1183642200,2007-07-05 09:30,82.2,82.3,81.64,81.92,6216250
1183728600,2007-07-06 09:30,82.12,82.56,81.9622,82.50999,3310514
1183987800,2007-07-09 09:30,82.78,82.92,82.61,82.71001,6013148
1184074200,2007-07-10 09:30,82.25,82.48,81.61,81.7,5759926
1184160600,2007-07-11 09:30,82,82.52,81.87,82.47,5451602
1184247000,2007-07-12 09:30,82.62,83.8,82.62,83.62,5022773
1184333400,2007-07-13 09:30,83.11,88.71001,83.09,83.56,5230957
1184592600,2007-07-16 09:30,83.56,83.70261,83.28,83.37,3502935
1184679000,2007-07-17 09:30,83.27,83.48,83.09,83.09,4005281
1184765400,2007-07-18 09:30,82.8,83.09,82.22,82.8,10019867
1184851800,2007-07-19 09:30,83.48,83.69,83.19,83.27,5586285
1184938200,2007-07-20 09:30,83.2,83.27,82.17999,82.41,5625602
1185197400,2007-07-23 09:30,82.99001,83.27,82.8,82.91,5016672
1185283800,2007-07-24 09:30,82.67999,82.67999,81.27,81.66,9805551
1185370200,2007-07-25 09:30,81.96001,82.00999,80.84,81.44,8867473
1185456600,2007-07-26 09:30,81.05,81.05,78.03999,78.73,13657766
1185543000,2007-07-27 09:30,78.64999,79,77.53,77.64,9884938
1185802200,2007-07-30 09:30,78.77,79.31,78.37,79.02,9021047
1185888600,2007-07-31 09:30,79.77,80.16,78.8,78.92,11469449
1185975000,2007-08-01 09:30,78.64999,79.64,77.77,79.05,11344258
1186061400,2007-08-02 09:30,79,79.37,78.55,79.28999,9016301
1186147800,2007-08-03 09:30,78.67999,79.00999,77.53,77.86,7883121
1186407000,2007-08-06 09:30,78.28999,78.95,77.8,78.71001,7220867
1186493400,2007-08-07 09:30,78.14999,79.42,78.08,78.98,8305699
1186579800,2007-08-08 09:30,79.75,80.67999,79.67,80.25999,8609484
1186666200,2007-08-09 09:30,78.25999,78.95,77.81,77.97,8844098
1186752600,2007-08-10 09:30,76.3,77.34,76,76.63,11124270
1187011800,2007-08-13 09:30,77.56,77.77,76.78,76.78,5942898
1187098200,2007-08-14 09:30,77.39,77.424,75.77,76.03999,8082906
1187184600,2007-08-15 09:30,75.08,76.52,74.08,74.25999,11236277
1187271000,2007-08-16 09:30,71,74,67.5,73.94,22832480
1187357400,2007-08-17 09:30,74.95,75.38,73.81,74.62,11580617
1187616600,2007-08-20 09:30,75.14999,75.22,74.14999,74.86,7638191
1187703000,2007-08-21 09:30,74.75,75.25,74.60001,74.81,6882488
1187789400,2007-08-22 09:30,76.06,76.67,75.96001,76.58,8277449
1187875800,2007-08-23 09:30,77.42,77.44,76.47,76.92,4939465
1187962200,2007-08-24 09:30,77.10001,78.3,77.02,78.25999,4861898
1188221400,2007-08-27 09:30,77.96001,77.98,77.42999,77.42999,7691438
1188307800,2007-08-28 09:30,77.12,77.16,75.53999,75.87,8262078
1188394200,2007-08-29 09:30,76.69,77.75,76.42999,77.61,5959301
1188480600,2007-08-30 09:30,76.8,77.7,76.39999,77.07001,6076801
1188567000,2007-08-31 09:30,78.71001,78.97,78.17999,78.42,7313398
1188912600,2007-09-04 09:30,78.22,79.48,78.10001,79.14,5454344
1188999000,2007-09-05 09:30,78.14,78.22,77.6499,77.99001,7351391
1189085400,2007-09-06 09:30,78.05,78.69,77.25,78.28,4949988
1189171800,2007-09-07 09:30,77.48,77.72,77.03,77.33,7795961
1189431000,2007-09-10 09:30,77.55,77.59,76.39999,77.00999,4198164
1189517400,2007-09-11 09:30,77.63,78.36,77.53999,78.34,7243199
1189603800,2007-09-12 09:30,77.96001,78.67999,77.88,78.42,5002637
1189690200,2007-09-13 09:30,78.72,79.07001,78.46001,78.75,7211055
1189776600,2007-09-14 09:30,77.89,78.53,77.77,78.28999,5239723
1190035800,2007-09-17 09:30,77.55,77.83,76.92,77.19,5785156
1190122200,2007-09-18 09:30,77.78999,79.81,77.50999,79.7,10021289
1190208600,2007-09-19 09:30,80.5,80.92,80.17999,80.42,6846168
1190295000,2007-09-20 09:30,80.56,80.87,80.00999,80.35001,7612297
1190381400,2007-09-21 09:30,80.86,81.2,80.7,80.7,5809441
1190640600,2007-09-24 09:30,81.25,81.91,80.75,80.88,5901734
1190727000,2007-09-25 09:30,80.39999,81.05,80.39999,80.98,4832859
1190813400,2007-09-26 09:30,81.45,81.62,81.03999,81.38,5547027
1190899800,2007-09-27 09:30,82.42,82.52,80.4617,82.46001,6117031
1190986200,2007-09-28 09:30,82.57001,82.92999,82.17,82.59,12619203
1191245400,2007-10-01 09:30,82.74001,83.95,82.64999,83.64999,8508012
1191331800,2007-10-02 09:30,83.60001,83.67,83.08,83.44,5801355
1191418200,2007-10-03 09:30,83.42,83.45,82.92999,83.06,6839691
1191504600,2007-10-04 09:30,83.34,83.59,83.02,83.35001,3061394
1191591000,2007-10-05 09:30,83.64999,84.44,83.64999,84.2,5486613
1191850200,2007-10-08 09:30,82.62,85.2,82.57001,83.42,3801313
1191936600,2007-10-09 09:30,83.57001,84.39,83.57001,84.35001,4796160
1192023000,2007-10-10 09:30,83.7,84.33,83.21001,84.19,5993340
1192109400,2007-10-11 09:30,85.60001,85.60001,84.25999,84.58,7069492
1192195800,2007-10-12 09:30,84.53,85.09,84.42999,84.95,4354508
1192455000,2007-10-15 09:30,84.87,84.91,83.85001,84.25999,5437555
1192541400,2007-10-16 09:30,83.25,83.37,82.89999,82.96001,7389762
1192627800,2007-10-17 09:30,83.95,84.09,83.17,83.84,6810246
1192714200,2007-10-18 09:30,83.64999,84.14,83.60001,84.03999,3925001
1192800600,2007-10-19 09:30,83.60001,83.60001,82.14,82.19,9232324
1193059800,2007-10-22 09:30,81.32001,82.10001,81.31,82.09,6704000
1193146200,2007-10-23 09:30,83.13,83.41,82.60001,83.25,7096910
1193232600,2007-10-24 09:30,82.88,83.12,81.84,83.07001,9818102
1193319000,2007-10-25 09:30,83.28999,83.45,82.75999,83.45,8531500
1193405400,2007-10-26 09:30,84.42999,85.02,84.25,84.96001,5992898
1193664600,2007-10-29 09:30,85.25999,85.7,85.17,85.58,5745102
1193751000,2007-10-30 09:30,85,85.34,84.85001,84.89999,8347699
1193837400,2007-10-31 09:30,85.36,86.5,85.23,86.10001,8751266
1193923800,2007-11-01 09:30,84.75999,84.89999,84,84.28999,9412699
1194010200,2007-11-02 09:30,84.28,84.75999,83.73,84.75999,9559699
1194273000,2007-11-05 09:30,83.48,83.78,83.03,83.41,6818398
1194359400,2007-11-06 09:30,84.03,84.67999,83.95,84.67,6589934
1194445800,2007-11-07 09:30,84,84.42999,82.94,83.2,7956246
1194532200,2007-11-08 09:30,83.00999,83.78,82.53999,83.35001,9869293
1194618600,2007-11-09 09:30,82.75999,82.75999,81.5,81.73,8292941
1194877800,2007-11-12 09:30,80.8,81.55,80.3,80.39,7366938
1194964200,2007-11-13 09:30,81.5,82.75,81.5,82.55,6677914
1195050600,2007-11-14 09:30,83.74001,83.74001,82.12,82.42,9712266
1195137000,2007-11-15 09:30,81.55,81.88,80.53999,81.06,10754250
1195223400,2007-11-16 09:30,81.57001,81.58,80.64,81.32001,13421406
1195482600,2007-11-19 09:30,81,81,78,79.17,12391574
1195569000,2007-11-20 09:30,80.27,81.21001,80.03,80.94,11649168
1195655400,2007-11-21 09:30,79.38,79.98,78.75999,79.11,11096586
1195828200,2007-11-23 09:30,80.3,81.12,80.3,81.10001,3629552
1196087400,2007-11-26 09:30,81.22,81.49001,79.67,79.83,9880332
1196173800,2007-11-27 09:30,80.98,81.13,80.11,80.91,10679754
1196260200,2007-11-28 09:30,81.39999,83.63,81.05,83.21001,12647887
1196346600,2007-11-29 09:30,82.10001,83,82.10001,82.53,8475914
1196433000,2007-11-30 09:30,83.89,83.91,82.46001,82.98,14157680
1196692200,2007-12-03 09:30,83.11,83.11,82.53,82.67,11526047
1196778600,2007-12-04 09:30,82.05,82.32001,81.89999,82.14999,8960902
1196865000,2007-12-05 09:30,82.75999,83.42,82.75999,83.10001,8764043
1196951400,2007-12-06 09:30,82.85001,83.96001,82.72,83.89,8493973
1197037800,2007-12-07 09:30,83.75999,83.8,83.42999,83.56,9451867
1197297000,2007-12-10 09:30,84.03,84.52,83.91,84.42,14407762
1197383400,2007-12-11 09:30,84.28999,84.53999,82.10001,82.22,15626398
1197469800,2007-12-12 09:30,84.5,84.67,83.09,83.87,12330328
1197556200,2007-12-13 09:30,82.24001,82.45,81.39,82.16,26822192
1197642600,2007-12-14 09:30,80.57001,80.96001,79.94,79.94,18638768
1197901800,2007-12-17 09:30,79.10001,79.28,78.21001,78.24001,21842752
1197988200,2007-12-18 09:30,79.59,79.61,78.12,79.22,18508832
1198074600,2007-12-19 09:30,78.92999,79.145,78.14,78.57001,13308641
1198161000,2007-12-20 09:30,78.96001,79.13,78.49001,79.13,13827570
1198247400,2007-12-21 09:30,79.83,80.25999,79.62,80.25999,26845152
1198506600,2007-12-24 09:30,79.3,79.3,78,78.58,5156500
1198679400,2007-12-26 09:30,78.84,79.13,78.52299,78.8,7051723
1198765800,2007-12-27 09:30,78.88,78.94,78.2599,78.32001,9729305
1198852200,2007-12-28 09:30,79.23,79.27,78.85001,78.99001,6358219
1199111400,2007-12-31 09:30,79.23,79.24001,78.14,78.5,14091441
1199284200,2008-01-02 09:30,79.03,79.22,78.02,78.22,13770453
1199370600,2008-01-03 09:30,78.34,78.64999,78.2,78.35001,13924684
1199457000,2008-01-04 09:30,78.02,78.02,76.5,76.57001,11883836
1199716200,2008-01-07 09:30,77.05,77.11,76.28999,76.64999,18197296
1199802600,2008-01-08 09:30,77.42999,77.78,76.09,76.22,15632516
1199889000,2008-01-09 09:30,76.22,76.86,75.75,76.77,14863891
1199975400,2008-01-10 09:30,75.87,77.02,75.72,76.69,14018172
1200061800,2008-01-11 09:30,75.82001,75.91,74.92,75.16,10759809
1200321000,2008-01-14 09:30,76.60001,76.63,76.02,76.36,10030938
1200407400,2008-01-15 09:30,75.19,75.25999,73.74001,73.8801,12630523
1200493800,2008-01-16 09:30,73.35001,73.95,72.14,72.39,16323277
1200580200,2008-01-17 09:30,73.17,73.39999,71.00999,71.3,22477616
1200666600,2008-01-18 09:30,72.60001,72.96989,71.1501,71.71001,21939504
1201012200,2008-01-22 09:30,66.5,69.94,66.13,69.7101,24636960
1201098600,2008-01-23 09:30,66.25,69.37,65.63,69.3,33609936
1201185000,2008-01-24 09:30,70.45,71.73,69.96001,71.73,14648934
1201271400,2008-01-25 09:30,72.73,72.78,70.21001,70.69,15052816
1201530600,2008-01-28 09:30,70.53999,71.53,69.8,71.48,17770032
1201617000,2008-01-29 09:30,71.81,71.98,71.14999,71.91,12914309
1201703400,2008-01-30 09:30,71.34,73.07001,70.88,71.58009,15417082
1201789800,2008-01-31 09:30,70.25,72.75999,70.21001,72.34,18976256
1201876200,2008-02-01 09:30,72.96001,73.55,72.55,73.55,13916758
1202135400,2008-02-04 09:30,73.41,73.42999,72.72,72.8,11102277
1202221800,2008-02-05 09:30,70.98,71.07001,69.39999,69.4599,15488320
1202308200,2008-02-06 09:30,70.21001,70.53999,69.32001,69.39999,15261027
1202394600,2008-02-07 09:30,68.7,69.53,68.31,69.0499,14439570
1202481000,2008-02-08 09:30,68.35001,69.02,67.89999,68.34,12543789
1202740200,2008-02-11 09:30,68.64999,68.82001,67.82001,68.7,11886809
1202826600,2008-02-12 09:30,69.75999,70.71001,69.62,70.17999,14223922
1202913000,2008-02-13 09:30,70.44,70.86819,69.83,70.66,10031168
1202999400,2008-02-14 09:30,71.28,71.34,70.27,70.34,9046117
1203085800,2008-02-15 09:30,70.3,70.61,69.95,70.60001,9362113
1203431400,2008-02-19 09:30,72.19,72.23,71.08,71.28999,10561922
1203517800,2008-02-20 09:30,69.89,71.22,69.83,70.92,20118288
1203604200,2008-02-21 09:30,71.69,71.84,70.74001,70.78999,11478863
1203690600,2008-02-22 09:30,71.67,71.69,70.36,71.69,12524574
1203949800,2008-02-25 09:30,71.92,72.86,71.53,72.83,12643602
1204036200,2008-02-26 09:30,72.89,74.24001,72.64,73.91,11409227
1204122600,2008-02-27 09:30,73.39999,74.53,73.37,74.14999,12680652
1204209000,2008-02-28 09:30,73.56,73.87,73.21001,73.44,9345535
1204295400,2008-02-29 09:30,72.53999,72.60001,71.46001,71.6001,16244234
1204554600,2008-03-03 09:30,71.52,72.19,71.09,71.81,11907105
1204641000,2008-03-04 09:30,70.53,70.98,69.94,70.72,14390113
1204727400,2008-03-05 09:30,71.32001,72.06,70.96001,71.57001,11441199
1204813800,2008-03-06 09:30,71.60001,71.73,70.53,70.55,11643703
1204900200,2008-03-07 09:30,69.95,70.74001,69.4518,69.72,10738461
1205155800,2008-03-10 09:30,70.2,72.5,68.97,69.37,25495248
1205242200,2008-03-11 09:30,71.08,71.56,70.05,71.56,14641816
1205328600,2008-03-12 09:30,71.81,72,71.25,71.56,15803117
1205415000,2008-03-13 09:30,70.44,71.95,70.14,71.67999,11435238
1205501400,2008-03-14 09:30,71.64,71.78999,69.42999,69.94991,13901277
1205760600,2008-03-17 09:30,68.16,69.47,67.88,68.89,17473632
1205847000,2008-03-18 09:30,70.05,71,69.8,71,18299936
1205933400,2008-03-19 09:30,70.34,70.64999,68.31,68.4299,13885703
1206019800,2008-03-20 09:30,68,69.58,67.78999,69.46001,14106703
1206365400,2008-03-24 09:30,69.77,71.08,69.77,70.7299,13955797
1206451800,2008-03-25 09:30,71.3,71.92,70.88,71.75999,18299648
1206538200,2008-03-26 09:30,71.78999,72.07001,71.39,71.75999,12468406
1206624600,2008-03-27 09:30,72.86,72.86,71.67999,71.7,10316598
1206711000,2008-03-28 09:30,72.12,72.28999,71.56,71.64,11224547
1206970200,2008-03-31 09:30,71.69,72.39,71.62,71.89999,15065453
1207056600,2008-04-01 09:30,72.89999,74.24001,72.74001,74.1701,18535504
1207143000,2008-04-02 09:30,74.14999,74.59,73.78,74.33,10982676
1207229400,2008-04-03 09:30,73.85001,74.81,73.81,74.55,7069586
1207315800,2008-04-04 09:30,74.78,75.14,74.25999,74.8,9901555
1207575000,2008-04-07 09:30,75.5,75.62,75.10001,75.25999,7494609
1207661400,2008-04-08 09:30,74.24001,74.64999,74.14,74.47,7533938
1207747800,2008-04-09 09:30,74.45,74.49001,73.74159,73.86,11749426
1207834200,2008-04-10 09:30,73.67999,74.03999,73.24001,73.63,12777629
1207920600,2008-04-11 09:30,73.2,73.45,72.64,72.64,7246871
1208179800,2008-04-14 09:30,72.87,73.11,72.58,72.8,7161703
1208266200,2008-04-15 09:30,73.25999,73.34,72.74001,73.31,10849402
1208352600,2008-04-16 09:30,74.48,75.62,74.41,75.61549,10529039
1208439000,2008-04-17 09:30,74.39999,74.89,74.3,74.78,17629984
1208525400,2008-04-18 09:30,75.25999,75.666,75.009,75.31,19354896
1208784600,2008-04-21 09:30,75.47,75.92999,75.28999,75.89999,6355059
1208871000,2008-04-22 09:30,75.35001,75.45,74.82001,75.108,7264082
1208957400,2008-04-23 09:30,75.10001,75.64,74.69,75.5,10522965
1209043800,2008-04-24 09:30,74.74001,75.42999,74.24001,75.00999,8145180
1209130200,2008-04-25 09:30,75.78999,75.98,75.34,75.63,17699808
1209389400,2008-04-28 09:30,76.25,76.37,76.00999,76.07401,7686391
1209475800,2008-04-29 09:30,75.57001,75.66,75.28999,75.39999,7570082
1209562200,2008-04-30 09:30,75.63,76.39999,75.62,75.81,9457953
1209648600,2008-05-01 09:30,75.39999,76.34,75.34,76.27,11560285
1209735000,2008-05-02 09:30,76.8,76.89999,76.09,76.48,15374504
1209994200,2008-05-05 09:30,76.7,76.78,76.42,76.61,7669895
1210080600,2008-05-06 09:30,76.35001,77.27,76.27,77.17999,8318215
1210167000,2008-05-07 09:30,76.69,76.87,75.73,75.83,9339152
1210253400,2008-05-08 09:30,76.42999,76.77,76.23,76.49001,6971336
1210339800,2008-05-09 09:30,75.73,76.14999,75.63,75.88,5649289
1210599000,2008-05-12 09:30,76.14999,76.77,76.03,76.64,6293152
1210685400,2008-05-13 09:30,76.41,76.47,76.05,76.38,8349848
1210771800,2008-05-14 09:30,76.57001,76.97,76.38,76.38,7236254
1210858200,2008-05-15 09:30,76.97,77.74001,76.83,77.67999,6406629
1210944600,2008-05-16 09:30,78,78.53,77.802,78.5202,8314141
1211203800,2008-05-19 09:30,78.56,78.77,78.08,78.2,7394090
1211290200,2008-05-20 09:30,77.96001,78.00999,77.37,77.48,11190855
1211376600,2008-05-21 09:30,77.57001,77.69,76.53,76.60001,13505297
1211463000,2008-05-22 09:30,77.46001,77.73,77.25,77.49001,9171742
1211549400,2008-05-23 09:30,77.33,77.34,76.5,76.61,7093941
1211895000,2008-05-27 09:30,76.14,76.47,75.91,76.46001,7625723
1211981400,2008-05-28 09:30,76.37,76.49001,75.85001,76.45,7705883
1212067800,2008-05-29 09:30,75.87,76.5625,75.8,76.28,9804109
1212154200,2008-05-30 09:30,76.60001,76.89999,76.53999,76.71001,8651539
1212413400,2008-06-02 09:30,76.08,76.14999,75.64999,75.91,9327688
1212499800,2008-06-03 09:30,76.08,76.28999,75.31,75.75,9969570
1212586200,2008-06-04 09:30,75.28,75.8,75.13,75.31,8132188
1212672600,2008-06-05 09:30,75.5,76.56,75.3,76.56,8738129
1212759000,2008-06-06 09:30,75.59,75.64,74.35001,74.36,9983832
1213018200,2008-06-09 09:30,75,75.00999,73.89,74.256,8157871
1213104600,2008-06-10 09:30,72.97,73.48,72.82001,73,8925027
1213191000,2008-06-11 09:30,72.89999,72.99001,71.97,72.07001,13177867
1213277400,2008-06-12 09:30,71.85001,72.25,71.53999,71.82001,11209461
1213363800,2008-06-13 09:30,71.7,72.48,71.58,72.48,10236270
1213623000,2008-06-16 09:30,72.39999,72.94,72.28999,72.85001,9815551
1213709400,2008-06-17 09:30,73.66,73.66,72.89999,73.07001,7012922
1213795800,2008-06-18 09:30,72.33,72.62,72.0699,72.47,14861059
1213882200,2008-06-19 09:30,72.09,72.5,71.85001,72.33,25369904
1213968600,2008-06-20 09:30,71.3,71.36,70.60001,70.75,14909617
1214227800,2008-06-23 09:30,70.81,70.9073,70.42999,70.74001,12942727
1214314200,2008-06-24 09:30,70.31,70.86,70,70.42,18684960
1214400600,2008-06-25 09:30,69.64999,70.48,69.64999,69.84599,21445920
1214487000,2008-06-26 09:30,69.2,69.3,68.08,68.08,18484560
1214573400,2008-06-27 09:30,68.71001,68.81,68.06,68.25999,28977152
1214832600,2008-06-30 09:30,68.71001,69.06,68.64999,68.67,16126000
1214919000,2008-07-01 09:30,67.55,67.97,66.89,67.92999,19350864
1215005400,2008-07-02 09:30,68.35001,68.37,66.67,66.85001,16759840
1215091800,2008-07-03 09:30,67.5,67.57001,66.63,67.28,14423766
1215437400,2008-07-07 09:30,67.03999,67.42999,66.27,66.7,13827563
1215523800,2008-07-08 09:30,66.41,67.09,65.9301,67.05,13983281
1215610200,2008-07-09 09:30,67.38,67.5,66.17999,66.17999,12121711
1215696600,2008-07-10 09:30,66.39,66.81,66.06,66.75,14732590
1215783000,2008-07-11 09:30,65.69,66.11,64.98,65.7,15132742
1216042200,2008-07-14 09:30,66.39999,66.39999,65.39,65.56,9231797
1216128600,2008-07-15 09:30,64.64,65.2,64.07001,64.50999,21612752
1216215000,2008-07-16 09:30,64.25,65.8,64.08,65.7,16201965
1216301400,2008-07-17 09:30,66.62,66.87,66.16901,66.7,13884012
1216387800,2008-07-18 09:30,66.77,67.16,66.46001,67.13,14274617
1216647000,2008-07-21 09:30,67.73,67.75,67.19,67.52,9319934
1216733400,2008-07-22 09:30,66.67,67.78,66.61,67.75,10336328
1216819800,2008-07-23 09:30,67.97501,68.39,67.82001,68,10398926
1216906200,2008-07-24 09:30,67.95,67.95,66.67999,66.75999,9628105
1216992600,2008-07-25 09:30,66.87,67.22,66.552,66.89999,7867598
1217251800,2008-07-28 09:30,66.97,66.97,65.72,65.78,11142098
1217338200,2008-07-29 09:30,65.69,66.46001,65.67,66.42999,10323598
1217424600,2008-07-30 09:30,66.75,67.09,66.46001,67.05,14376852
1217511000,2008-07-31 09:30,66.7,67,66.24001,66.39,11372723
1217597400,2008-08-01 09:30,66.14999,66.19,65.28999,65.39999,11859430
1217856600,2008-08-04 09:30,65.35001,65.38,64.73,64.78,8556605
1217943000,2008-08-05 09:30,65.64999,66.42999,65.48,66.42,14263871
1218029400,2008-08-06 09:30,65.96001,66.55,65.74001,66.44,11507676
1218115800,2008-08-07 09:30,65.91,65.92,65,65.11,8099809
1218202200,2008-08-08 09:30,64.24001,65.55,64.07001,65.38,10579156
1218461400,2008-08-11 09:30,65.433,65.73,65.14999,65.32001,10024324
1218547800,2008-08-12 09:30,65.32001,65.34,64.62,64.85001,9630867
1218634200,2008-08-13 09:30,63.99001,64.24001,63.32001,63.83,12559219
1218720600,2008-08-14 09:30,63.36,63.98,63.25,63.58,10306680
1218807000,2008-08-15 09:30,63.19,63.45,62.94,63.16,8640512
1219066200,2008-08-18 09:30,63.78,63.8,62.60001,62.84,11538727
1219152600,2008-08-19 09:30,62.10001,62.22,61.75999,62.13,11853160
1219239000,2008-08-20 09:30,62.3,62.5,61.89999,62.5,15433480
1219325400,2008-08-21 09:30,62.34,62.905,62.24001,62.75,8964191
1219411800,2008-08-22 09:30,62.83,63.19,62.7,63.03999,6582215
1219671000,2008-08-25 09:30,62.92,62.99001,61.91,62.05,10955004
1219757400,2008-08-26 09:30,62.12,62.64999,61.92999,62.36,7745063
1219843800,2008-08-27 09:30,62.69,63.00999,62.5,62.95,9294984
1219930200,2008-08-28 09:30,63.72,63.83,63.50999,63.75999,11283352
1220016600,2008-08-29 09:30,63.89,64.14999,63.50999,63.57001,11079961
1220362200,2008-09-02 09:30,63.42,63.53999,62.541,62.59,14645375
1220448600,2008-09-03 09:30,62.35001,62.61,61.98,62.33,10642781
1220535000,2008-09-04 09:30,61.61,61.67999,59.62,59.66,16723051
1220621400,2008-09-05 09:30,59.35001,59.67999,58.67,59.44,17546304
1220880600,2008-09-08 09:30,61.33,61.39,59.96001,60.77,19143424
1220967000,2008-09-09 09:30,60.33,60.53999,58.77,58.8,12860699
1221053400,2008-09-10 09:30,59.67999,59.83,59.06,59.37,15264582
1221139800,2008-09-11 09:30,58,59.28999,57.73,59.24001,16722340
1221226200,2008-09-12 09:30,59.36,60.5,59.07001,60.39999,16526852
1221485400,2008-09-15 09:30,57.75,58.87,57.25,57.83,31607744
1221571800,2008-09-16 09:30,56.16,57.71001,55.75,57.39999,26092496
1221658200,2008-09-17 09:30,56.32001,56.75,54.85001,55.21001,31228240
1221744600,2008-09-18 09:30,56.63,58.16,55.25999,57.72,30061952
1221831000,2008-09-19 09:30,60.69,63.74001,59.47,61.81,38923200
1222090200,2008-09-22 09:30,61.36,61.61,59.7,59.7,27789760
1222176600,2008-09-23 09:30,59.7,60.16,58.44,58.86,14861914
1222263000,2008-09-24 09:30,59.67999,59.75999,58.75,59.03,12657172
1222349400,2008-09-25 09:30,59.78999,60.53799,59.69,60.39,16568074
1222435800,2008-09-26 09:30,59.10001,59.82001,58.89,59.75,22570464
1222695000,2008-09-29 09:30,56.78,56.85001,52,53.08,35675760
1222781400,2008-09-30 09:30,55.24001,56.3,54.84,56.3,29246864
1222867800,2008-10-01 09:30,55.55,56.42,54.91,55.88,27953056
1222954200,2008-10-02 09:30,54.81,54.95,53.3,53.44,23232656
1223040600,2008-10-03 09:30,53.55,55.47,53.09,53.23,34435856
1223299800,2008-10-06 09:30,51.17999,51.25,48.14999,50.22,53409488
1223386200,2008-10-07 09:30,51.3,51.49001,47.87,47.87,37325936
1223472600,2008-10-08 09:30,47.14999,48.84,46.3,46.8,42426944
1223559000,2008-10-09 09:30,48.14,48.31,43.63,44.002,35533312
1223645400,2008-10-10 09:30,41.31,43.75999,40.02,42.36,59719328
1223904600,2008-10-13 09:30,45.64999,49.52,45.32001,49.09,57780192
1223991000,2008-10-14 09:30,50.41,50.89,47.06,48.08,41811488
1224077400,2008-10-15 09:30,46.85001,47,42.91,42.95,35975328
1224163800,2008-10-16 09:30,44.25999,45.53999,41.98,45.48,44651280
1224250200,2008-10-17 09:30,43.41,46.5,43.21001,44.50999,31032368
1224509400,2008-10-20 09:30,45.66,47.35001,45.36,47.35001,29347456
1224595800,2008-10-21 09:30,45.67,46.34,44.53999,44.67999,34623728
1224682200,2008-10-22 09:30,43.21001,43.34,40.46001,41.42,31546640
1224768600,2008-10-23 09:30,41.62,42.77,40.23,42.33,33626592
1224855000,2008-10-24 09:30,38.48,40.78,38.19,39.59,32920512
1225114200,2008-10-27 09:30,38.10001,39.46001,37.5,37.50999,31682336
1225200600,2008-10-28 09:30,39.78999,43.05,38.33,42.67999,41688336
1225287000,2008-10-29 09:30,42.19,44.2,41.81,42.78,34384640
1225373400,2008-10-30 09:30,44.92,45.05,43.17999,44.28,33312032
1225459800,2008-10-31 09:30,43.28999,45.28,43.02,44.57001,40976720
1225722600,2008-11-03 09:30,44.38,45.03999,44.25999,44.75,20436016
1225809000,2008-11-04 09:30,46.2,47.89999,46.08,47.82001,29640544
1225895400,2008-11-05 09:30,46.94,47.75,45.12,45.22,29660640
1225981800,2008-11-06 09:30,44.77,45.06,41.92,42.3,35121248
1226068200,2008-11-07 09:30,43.84,44.81,43.60001,44.69,28171104
1226327400,2008-11-10 09:30,45.45,45.49001,43.31,44.02,25589968
1226413800,2008-11-11 09:30,43.03,43.32001,41.82001,42.57001,34095088
1226500200,2008-11-12 09:30,41.61,41.81,40.25,40.28,35248800
1226586600,2008-11-13 09:30,40.8,43.71001,39.31,43.71001,51117984
1226673000,2008-11-14 09:30,41.67999,42.74001,40.77,41.2,48148048
1226932200,2008-11-17 09:30,40.75999,41.64999,40.03751,40.45,30056912
1227018600,2008-11-18 09:30,40,41.03,39.5,40.52,44628000
1227105000,2008-11-19 09:30,40.10001,40.5,37.74001,37.81,45216016
1227191400,2008-11-20 09:30,37.67999,38.4796,35.53,35.73,54184192
1227277800,2008-11-21 09:30,37.71001,38.33,35.84,38.27,49796928
1227537000,2008-11-24 09:30,39.09,41.50999,38.75,40.56,41988416
1227623400,2008-11-25 09:30,41.83,41.98,40.14999,41.3,46001952
1227709800,2008-11-26 09:30,40.19,41.89999,40.11,41.75,34099888
1227882600,2008-11-28 09:30,41.28999,41.91,41.09,41.73,17630448
1228141800,2008-12-01 09:30,40.31,40.39999,38.17999,38.32001,50271936
1228228200,2008-12-02 09:30,39.74001,40.59,39.24001,40.39999,44399008
1228314600,2008-12-03 09:30,39.17999,40.94,39.03999,40.94,41980336
1228401000,2008-12-04 09:30,39.63,40.515,38.82001,39.67999,41836400
1228487400,2008-12-05 09:30,38.95,40.35001,38.09,40.17999,41084176
1228746600,2008-12-08 09:30,41.35001,42.39999,41.12,42.09,46281984
1228833000,2008-12-09 09:30,41.81,42.63,41.44,41.7,38618928
1228919400,2008-12-10 09:30,42.46001,43,42.05,42.798,40155952
1229005800,2008-12-11 09:30,42.94,43.64,42.3,42.61,36845424
1229092200,2008-12-12 09:30,41.82001,43.3,41.72,43.03,42760656
1229351400,2008-12-15 09:30,43.22,43.32001,42.47,43.14,44527632
1229437800,2008-12-16 09:30,43.05,45.78999,43.05,45.62,47026896
1229524200,2008-12-17 09:30,44.59,45.78,44.50999,45.39,45791408
1229610600,2008-12-18 09:30,45.28,45.3,43.44,44,42315120
1229697000,2008-12-19 09:30,43.64,44.12,43.02,43.36,38355920
1229956200,2008-12-22 09:30,43.62,43.7,42.45,43.06,36928224
1230042600,2008-12-23 09:30,42.88,42.98,41.97,42.2,32562512
1230129000,2008-12-24 09:30,42.66,42.83,42.31,42.75999,16114590
1230301800,2008-12-26 09:30,42.88,43.24001,42.599,42.96001,13297520
1230561000,2008-12-29 09:30,43.59,43.66,42.69,42.97,29150032
1230647400,2008-12-30 09:30,43.45,44.33,43.31,44.25999,28477504
1230733800,2008-12-31 09:30,44.12,45.14999,43.89,44.86,26881168
1230906600,2009-01-02 09:30,44.59,45.62,44.45,45.44,21936528
1231165800,2009-01-05 09:30,44.69,45.06,44.41,44.71001,27957776
1231252200,2009-01-06 09:30,44.89999,45.5,44.53,45.19,23289424
1231338600,2009-01-07 09:30,44.85001,44.99001,44.13,44.41,23943792
1231425000,2009-01-08 09:30,44.47,45.10001,44.14,45.07001,19883776
1231511400,2009-01-09 09:30,44.55,44.60001,43.47,43.50999,31773472
1231770600,2009-01-12 09:30,43.28,43.32001,42.2599,42.46001,28816352
1231857000,2009-01-13 09:30,41.62,42.03,41.27,41.67999,29424048
1231943400,2009-01-14 09:30,40.57001,40.59,39.71001,39.97,37268352
1232029800,2009-01-15 09:30,40.24001,40.71001,39.21001,40.33,42044432
1232116200,2009-01-16 09:30,41.25,41.31,39.71001,40.57001,39032496
1232461800,2009-01-20 09:30,39.14,39.2,37.57001,37.60001,58657216
1232548200,2009-01-21 09:30,38.39999,39.48,37.89999,39.44,48048192
1232634600,2009-01-22 09:30,38.14,38.81,37.67999,38.52,40891376
1232721000,2009-01-23 09:30,37.11,38.53,37,38.25,37917488
1232980200,2009-01-26 09:30,38.62,39.52,38.47,39,38347776
1233066600,2009-01-27 09:30,39.41,39.92999,39.14999,39.75999,35276160
1233153000,2009-01-28 09:30,40.75,41.24001,40.5,40.92999,37603488
1233239400,2009-01-29 09:30,39.89999,39.94,38.96001,39.07001,26066000
1233325800,2009-01-30 09:30,39.49001,39.58,38.50999,38.7,33246064
1233585000,2009-02-02 09:30,37.97,38.60001,37.88,38.32001,29679344
1233671400,2009-02-03 09:30,38.81,39.77,38.48,39.42,28452528
1233757800,2009-02-04 09:30,39.55,40.2,39.02,39.22,29281552
1233844200,2009-02-05 09:30,38.99001,40.11,38.67999,39.78,31645568
1233930600,2009-02-06 09:30,39.94,40.8912,39.85001,40.7,28635888
1234189800,2009-02-09 09:30,40.67999,40.96001,40.41,40.69,27143424
1234276200,2009-02-10 09:30,40.25,40.50999,38.48,38.67,35169360
1234362600,2009-02-11 09:30,39.28,39.44,38.50999,39.09,24101584
1234449000,2009-02-12 09:30,38.25999,39,37.87,38.97,40755792
1234535400,2009-02-13 09:30,38.78999,39.08,38.48,38.55,21184112
1234881000,2009-02-17 09:30,36.92999,37.05,36.37,36.5,32955504
1234967400,2009-02-18 09:30,36.78,36.78999,36.03,36.47,35001344
1235053800,2009-02-19 09:30,37.28999,37.44,36.25,36.42,25955040
1235140200,2009-02-20 09:30,35.3,36.33,35.25,35.89,52151712
1235399400,2009-02-23 09:30,36.17999,36.2,34.52,34.52,38219760
1235485800,2009-02-24 09:30,34.86,36.10001,34.58,35.96001,36859328
1235572200,2009-02-25 09:30,35.42999,35.61,34.50999,34.97,39171296
1235658600,2009-02-26 09:30,35.58,35.8,34.61,34.67999,27208416
1235745000,2009-02-27 09:30,34.33,35.36,34.33,34.67999,38503936
1236004200,2009-03-02 09:30,33.64,33.8,32.61,32.69,42423936
1236090600,2009-03-03 09:30,33.19501,33.21001,32.19,32.56,38727792
1236177000,2009-03-04 09:30,33.36,34.45,33.22,34.00999,52341408
1236263400,2009-03-05 09:30,33.06,33.46001,32.3,32.64,36086336
1236349800,2009-03-06 09:30,33.08,33.45,31.87,32.58,42253824
1236605400,2009-03-09 09:30,31.60001,32.36,31.56,31.7,36486816
1236691800,2009-03-10 09:30,32.98,34.02,32.92,33.83,50262128
1236778200,2009-03-11 09:30,34.25,34.53,33.63,34.02,34253216
1236864600,2009-03-12 09:30,33.66,34.88,33.34,34.78999,32384944
1236951000,2009-03-13 09:30,34.96001,35.14,34.42,35.02,31335344
1237210200,2009-03-16 09:30,35.61,36.23,35.31,35.39999,29486864
1237296600,2009-03-17 09:30,35.28,36.39999,35.10001,36.33,33233104
1237383000,2009-03-18 09:30,35.91,37.55,35.55,37.37,40963360
1237469400,2009-03-19 09:30,38.25,38.28999,37.28999,37.35001,36731536
1237555800,2009-03-20 09:30,37.39999,37.56,36.66,36.83,35560496
1237815000,2009-03-23 09:30,38.12,39.50999,37.92,39.48,42114832
1237901400,2009-03-24 09:30,38.46001,39.03,38.17999,38.24001,30868832
1237987800,2009-03-25 09:30,38.56,39.46001,38.02,38.83,30873536
1238074200,2009-03-26 09:30,39.13,39.56,38.75999,39.35001,30230400
1238160600,2009-03-27 09:30,38.33,38.48,37.97,38.09,34325904
1238419800,2009-03-30 09:30,36.96001,37,36.31,36.64,25835680
1238506200,2009-03-31 09:30,37.35001,38.09,37.11,37.59,32838272
1238592600,2009-04-01 09:30,37.36,38.74001,37.28,38.57001,25661632
1238679000,2009-04-02 09:30,39.89999,40.96001,39.86,40.31,57242352
1238765400,2009-04-03 09:30,40.14,40.53999,39.8,40.53999,41385200
1239024600,2009-04-06 09:30,39.67999,39.86501,39.2,39.7,27320304
1239111000,2009-04-07 09:30,39.09,39.35001,38.74001,38.87,19333824
1239197400,2009-04-08 09:30,39.2,39.61,38.81,39.25999,22120832
1239283800,2009-04-09 09:30,40.14999,40.36,39.83,40.31,23172416
1239629400,2009-04-13 09:30,40.12,40.99001,40.061,40.71001,21135648
1239715800,2009-04-14 09:30,40.35001,40.89999,40.21001,40.32001,41502448
1239802200,2009-04-15 09:30,40.16,40.95,40.07001,40.85001,25622928
1239888600,2009-04-16 09:30,41.02,41.39999,40.64999,41.11,25014368
1239975000,2009-04-17 09:30,41.19,41.22,40.75999,40.97,61325760
1240234200,2009-04-20 09:30,40.02,40.07001,39.28,39.28999,26049664
1240320600,2009-04-21 09:30,38.94,40.23,38.89999,40.19,25499776
1240407000,2009-04-22 09:30,39.56,40.58,39.42,39.87,25023344
1240493400,2009-04-23 09:30,40.42,40.87,40.07001,40.87,30545360
1240579800,2009-04-24 09:30,41.49001,41.78999,41.23,41.5,25969360
1240839000,2009-04-27 09:30,40.89,41.545,40.71001,41.00999,26745280
1240925400,2009-04-28 09:30,40.22,41.03,40.17,40.62,18633968
1241011800,2009-04-29 09:30,41.31,42.12,41.24001,41.66,20786144
1241098200,2009-04-30 09:30,42.25999,42.61,41.61,41.92,26982192
1241184600,2009-05-01 09:30,42.14999,42.5,41.86,42.41,17786704
1241443800,2009-05-04 09:30,42.89,44.19,42.87,44.17,23451136
1241530200,2009-05-05 09:30,44.03,44.12,43.49001,43.73,22298560
1241616600,2009-05-06 09:30,44.59,44.905,43.97,44.78999,21090448
1241703000,2009-05-07 09:30,45.17,45.22,43.74001,44.03999,23949136
1241789400,2009-05-08 09:30,45.02,46.02,44.75999,45.95,22988400
1242048600,2009-05-11 09:30,44.84,45.11,44.62,44.78,17460864
1242135000,2009-05-12 09:30,45.38,45.485,44.67,45.25999,26284976
1242221400,2009-05-13 09:30,44.22,44.28,43.58501,43.72,23260288
1242307800,2009-05-14 09:30,43.69,44.46001,43.58,44.14999,27380576
1242394200,2009-05-15 09:30,44.25,44.57001,43.57001,43.75,20457904
1242653400,2009-05-18 09:30,44.67999,45.5,44.53,45.42,18602848
1242739800,2009-05-19 09:30,45.62,46.11,45.49001,45.83,19521936
1242826200,2009-05-20 09:30,46.25999,46.85001,46.03,46.13,18872816
1242912600,2009-05-21 09:30,45.55,45.92999,45.3,45.78,20082784
1242999000,2009-05-22 09:30,46.21001,46.34,45.8499,46.03999,14279031
1243344600,2009-05-26 09:30,45.39,47.08,45.36,46.96001,16247301
1243431000,2009-05-27 09:30,46.96001,47.02,45.96001,46.05,16287637
1243517400,2009-05-28 09:30,46.39999,46.71899,45.77,46.52,15523492
1243603800,2009-05-29 09:30,47.17999,47.45,46.81,47.45,24526160
1243863000,2009-06-01 09:30,48.36,49,48.27,48.62,22592752
1243949400,2009-06-02 09:30,48.47,49.12,48.38,49.03999,22182752
1244035800,2009-06-03 09:30,48.06,48.14,47.16,47.58,20937760
1244122200,2009-06-04 09:30,47.72,48,47.44,47.88,17158704
1244208600,2009-06-05 09:30,48,48.03999,47.10001,47.28999,19216448
1244467800,2009-06-08 09:30,46.77,47.49001,46.42999,47.19,13936977
1244554200,2009-06-09 09:30,47.47,47.94,47.21001,47.77,15957395
1244640600,2009-06-10 09:30,48.49001,48.52,47.28,47.86,18467984
1244727000,2009-06-11 09:30,48.25999,49.17999,48.25,48.67999,20225456
1244813400,2009-06-12 09:30,48.16,48.50999,47.91991,48.42999,21097920
1245072600,2009-06-15 09:30,47.39,47.45,46.32001,46.69,31484000
1245159000,2009-06-16 09:30,47.02,47.05,46.10001,46.14999,23388912
1245245400,2009-06-17 09:30,46.17999,46.64999,45.69,46.28,23803984
1245331800,2009-06-18 09:30,46.16,46.74001,45.97,46.2,22429232
1245418200,2009-06-19 09:30,46.92999,47.13,46.67,46.92999,19576224
1245677400,2009-06-22 09:30,46.11,46.14999,45.25999,45.42,21491936
1245763800,2009-06-23 09:30,44.94,45.25,44.53011,45.06,26980496
1245850200,2009-06-24 09:30,45.58,45.99001,44.92999,45.10001,25708576
1245936600,2009-06-25 09:30,44.84,46.06,44.72,46.05,23606784
1246023000,2009-06-26 09:30,45.92,46.179,45.67,45.96001,20799744
1246282200,2009-06-29 09:30,46.16,46.57899,45.92,46.35001,21139376
1246368600,2009-06-30 09:30,46.35001,46.45,45.48109,45.81,31291696
1246455000,2009-07-01 09:30,46.49001,46.98,46.42,46.57001,20169120
1246541400,2009-07-02 09:30,45.63499,45.67999,45.06,45.23,20744560
1246887000,2009-07-06 09:30,44.66,45.28999,44.58,45.28999,17299104
1246973400,2009-07-07 09:30,45.02,45.07001,44.11,44.19,20032640
1247059800,2009-07-08 09:30,44.28999,44.42,43.49001,44.00999,24263456
1247146200,2009-07-09 09:30,44.52,44.7025,44.2,44.55,22637040
1247232600,2009-07-10 09:30,43.88,45.14999,43.29201,44.03,16245539
1247491800,2009-07-13 09:30,44.13,44.92799,43.82001,44.8,19678672
1247578200,2009-07-14 09:30,45.06,45.19,44.63,45.03999,15240973
1247664600,2009-07-15 09:30,46.00999,46.69,45.94,46.58,21318688
1247751000,2009-07-16 09:30,46.58,47.12,46.39999,46.99001,15476578
1247837400,2009-07-17 09:30,46.69,46.96001,46.50999,46.82001,16180891
1248096600,2009-07-20 09:30,47.58,47.83,47.28,47.73,15950621
1248183000,2009-07-21 09:30,48.31,48.32001,47.5,48.03,19663856
1248269400,2009-07-22 09:30,47.64999,48.37199,47.63,48.14999,16927232
1248355800,2009-07-23 09:30,48.07001,49.22,48.03,48.96001,19940064
1248442200,2009-07-24 09:30,48.87,49.28999,48.62,49.25999,15432625
1248701400,2009-07-27 09:30,49.07001,49.37,48.75999,49.31,14808871
1248787800,2009-07-28 09:30,48.94,49.2,48.52,49.10001,18334992
1248874200,2009-07-29 09:30,48.96001,49.11,48.45,48.7,20032096
1248960600,2009-07-30 09:30,49.59,50.10001,49.42999,49.64999,19166848
1249047000,2009-07-31 09:30,49.92,50.53,49.7,50.41,20636080
1249306200,2009-08-03 09:30,51.22,51.71001,51.05499,51.58,22364704
1249392600,2009-08-04 09:30,51.09,51.5799,50.38,51.5,18395216
1249479000,2009-08-05 09:30,51.38,51.39999,50.60001,51.28999,18679024
1249565400,2009-08-06 09:30,51.42,51.5,50.59,50.97,16284863
1249651800,2009-08-07 09:30,51.16,51.3,50.81,50.92,19822336
1249911000,2009-08-10 09:30,50.7,50.86,50.35001,50.61,14593715
1249997400,2009-08-11 09:30,50.39,50.44,50.03,50.32001,13047230
1250083800,2009-08-12 09:30,50.3,51.28999,50.27,50.89,18246336
1250170200,2009-08-13 09:30,51.60001,51.8,51.17,51.67,17806784
1250256600,2009-08-14 09:30,51.78999,51.78999,50.8399,51.23,17854960
1250515800,2009-08-17 09:30,49.7,49.75999,49.411,49.58,23357632
1250602200,2009-08-18 09:30,49.91,50.63,49.69,50.44,17125168
1250688600,2009-08-19 09:30,49.83,51.06,49.8,50.87,18921888
1250775000,2009-08-20 09:30,50.85001,51.5,50.75999,51.23,14815422
1250861400,2009-08-21 09:30,51.99001,52.53,51.95,52.35001,20819264
1251120600,2009-08-24 09:30,52.57001,52.85001,52.21001,52.34,19597152
1251207000,2009-08-25 09:30,52.89,53.24001,52.71001,52.86,20685792
1251293400,2009-08-26 09:30,52.42999,52.67,52.17,52.64,16828352
1251379800,2009-08-27 09:30,52.59,53.25999,52.03,53.03999,18975936
1251466200,2009-08-28 09:30,53.52,53.63,52.8401,53.07001,17008864
1251725400,2009-08-31 09:30,52.44,52.75999,52.28999,52.67999,18793888
1251811800,2009-09-01 09:30,52.14,52.89,51.23,51.37,33136032
1251898200,2009-09-02 09:30,51.09,51.62,51.03999,51.31,20632032
1251984600,2009-09-03 09:30,51.83,51.85001,51.25,51.71001,14848777
1252071000,2009-09-04 09:30,51.78999,52.61,51.53999,52.5,13321004
1252416600,2009-09-08 09:30,53.64999,53.7,53.28,53.53999,17093008
1252503000,2009-09-09 09:30,53.87,54.41,50.07001,54.2,21244080
1252589400,2009-09-10 09:30,54.10001,54.78,53.75,54.67999,17004368
1252675800,2009-09-11 09:30,54.87,55.02,54.41,54.61,16105359
1252935000,2009-09-14 09:30,54,54.75,53.97,54.72,18704336
1253021400,2009-09-15 09:30,54.45,54.89999,54.08,54.73,24528160
1253107800,2009-09-16 09:30,55.36,55.83,55.12,55.81,22163216
1253194200,2009-09-17 09:30,55.39999,55.89,55.21001,55.45,20942896
1253280600,2009-09-18 09:30,55.85001,55.88,55.3501,55.60001,15181629
1253539800,2009-09-21 09:30,54.64999,55.14,54.485,55.00999,17452768
1253626200,2009-09-22 09:30,55.87,55.92,55.53999,55.77,13734992
1253712600,2009-09-23 09:30,55.99001,56.31,55.17999,55.28999,22848256
1253799000,2009-09-24 09:30,55.64999,55.78,54.17101,54.48,27612560
1253885400,2009-09-25 09:30,54.36,54.84,54.12,54.25,22919408
1254144600,2009-09-28 09:30,54.44,55.37,54.37,54.99001,15652977
1254231000,2009-09-29 09:30,54.84,55.05,54.42,54.66,16359730
1254317400,2009-09-30 09:30,55.11,55.19,54.25,54.67999,25293168
1254403800,2009-10-01 09:30,54.34,54.38,53.19,53.25,22406064
1254490200,2009-10-02 09:30,52.45,53.11,52.42,52.66,27674752
1254749400,2009-10-05 09:30,52.69,53.62,52.60001,53.42,15838777
1254835800,2009-10-06 09:30,54.03999,54.72951,54,54.32001,18768112
1254922200,2009-10-07 09:30,54.28999,54.53,54.10001,54.52,20064176
1255008600,2009-10-08 09:30,55.22,55.64999,54.89999,55.31,14930336
1255095000,2009-10-09 09:30,55.11,55.2496,54.875,55.17,9190156
1255354200,2009-10-12 09:30,55.73,55.89999,55.39,55.5,9631793
1255440600,2009-10-13 09:30,55.47,55.53999,55,55.38,11697387
1255527000,2009-10-14 09:30,56.46001,56.76939,56.21001,56.71001,16624582
1255613400,2009-10-15 09:30,56.42999,56.97,56.37,56.97,16062313
1255699800,2009-10-16 09:30,56.02,56.34,55.7475,56.11,19457328
1255959000,2009-10-19 09:30,56.64999,57.19,56.39999,57.00999,16129672
1256045400,2009-10-20 09:30,57.17999,57.19,56.3,56.71001,14700387
1256131800,2009-10-21 09:30,56.59,57.46001,56.46001,56.52,19720096
1256218200,2009-10-22 09:30,56.48,57.23,56.03,57.07001,15890367
1256304600,2009-10-23 09:30,56.92,56.92999,55.89999,56.17,19382928
1256563800,2009-10-26 09:30,56.37,56.78999,55.10001,55.32001,21031296
1256650200,2009-10-27 09:30,55.42999,55.63,54.8,54.88,23312928
1256736600,2009-10-28 09:30,54.35001,54.60989,53.41,53.56,25441840
1256823000,2009-10-29 09:30,54.56,55.33,54.1167,55.14,21274384
1256909400,2009-10-30 09:30,54.78,54.96001,53.21001,53.3,31478672
1257172200,2009-11-02 09:30,53.77,54.56,53.21001,53.82001,25877968
1257258600,2009-11-03 09:30,52.85001,53.72,52.78,53.61,19568496
1257345000,2009-11-04 09:30,54.31,54.67,53.9825,54.14999,24342720
1257431400,2009-11-05 09:30,54.67999,55.14,54.50999,54.85001,13491949
1257517800,2009-11-06 09:30,54.47,55.09,54.35001,55.00999,12750234
1257777000,2009-11-09 09:30,56,56.56,55.91,56.55,17554416
1257863400,2009-11-10 09:30,55.97,56.39,55.88,56.25,19583760
1257949800,2009-11-11 09:30,56.64,56.9097,56.14999,56.418,14746152
1258036200,2009-11-12 09:30,56.2,56.49001,55.49001,55.60001,18176928
1258122600,2009-11-13 09:30,55.92999,56.56,55.61501,56.38,20597136
1258381800,2009-11-16 09:30,56.87,57.61,56.84,57.28,18104912
1258468200,2009-11-17 09:30,56.69,56.95,56.35001,56.89999,15368504
1258554600,2009-11-18 09:30,56.94,56.98,56.39999,56.72,12114352
1258641000,2009-11-19 09:30,55.91,55.91,55.21001,55.64999,21816448
1258727400,2009-11-20 09:30,54.97,55.39,54.92599,55.34,15379219
1258986600,2009-11-23 09:30,56.46001,56.77,56.17,56.33,17112768
1259073000,2009-11-24 09:30,56.2,56.33,55.681,56.10001,23601440
1259159400,2009-11-25 09:30,56.57001,56.89,56.3,56.85001,15282992
1259332200,2009-11-27 09:30,54.52,55.62,54.44,55.21001,14507539
1259591400,2009-11-30 09:30,55.24001,55.75,54.89999,55.39,20856928
1259677800,2009-12-01 09:30,56.47,57.0901,56.37,56.91,17952192
1259764200,2009-12-02 09:30,56.88,57.31,56.758,57,13034547
1259850600,2009-12-03 09:30,57.33,57.625,56.71001,56.87,15714027
1259937000,2009-12-04 09:30,57.36,57.66,56.3,56.67,17862528
1260196200,2009-12-07 09:30,56.31,56.83,56.25999,56.36,13057578
1260282600,2009-12-08 09:30,55.78999,55.8,55.23,55.38,16547672
1260369000,2009-12-09 09:30,55.25,55.5,54.72,55.31,16435258
1260455400,2009-12-10 09:30,55.60001,55.78,54.7666,55.48,12430797
1260541800,2009-12-11 09:30,55.64999,55.74001,55.33,55.46001,22797248
1260801000,2009-12-14 09:30,55.86,56.02,55.64,56,23188480
1260887400,2009-12-15 09:30,55.28999,55.71001,55.24001,55.38,16211398
1260973800,2009-12-16 09:30,55.91,56.31,55.85001,56.03,17313344
1261060200,2009-12-17 09:30,55.02,55.13,54.57001,54.71001,20345552
1261146600,2009-12-18 09:30,54.94,55.06,54.23,54.84,18769632
1261405800,2009-12-21 09:30,54.95,55.28,54.89101,55.00101,15019641
1261492200,2009-12-22 09:30,54.7704,54.98,54.58,54.85001,15589113
1261578600,2009-12-23 09:30,55.14999,55.35001,54.91,55.35001,10683473
1261665000,2009-12-24 09:30,55.56,55.64999,55.45,55.57001,4979285
1262010600,2009-12-28 09:30,55.85001,55.85001,55.63,55.81,11762219
1262097000,2009-12-29 09:30,56.19,56.2,55.69,55.89999,10648262
1262183400,2009-12-30 09:30,55.39,55.67,55.25999,55.67,12566137
1262269800,2009-12-31 09:30,55.92,55.95,55.22,55.28,13893363
1262615400,2010-01-04 09:30,56.42,56.94,56.41,56.73,18556960
1262701800,2010-01-05 09:30,56.87,57.10001,56.50999,56.78,14352715
1262788200,2010-01-06 09:30,56.67999,57.09,56.67,57.02,11888102
1262874600,2010-01-07 09:30,56.64,56.84,56.37,56.8,10906602
1262961000,2010-01-08 09:30,56.89999,57.31,56.74001,57.25,12826465
1263220200,2010-01-11 09:30,57.83,57.86,57.47,57.72,12388070
1263306600,2010-01-12 09:30,57.11,57.38,56.60001,57.03999,19030432
1263393000,2010-01-13 09:30,57.28,57.69749,56.94,57.52,15446664
1263479400,2010-01-14 09:30,57.5,58,57.5,57.96001,13362559
1263565800,2010-01-15 09:30,57.50999,57.61,56.78,57.05,19281664
1263911400,2010-01-19 09:30,56.88,57.67999,56.84,57.61,17507632
1263997800,2010-01-20 09:30,56.37,56.39999,55.61501,56.14,24510048
1264084200,2010-01-21 09:30,56.03999,56.17999,54.58,54.94,22979024
1264170600,2010-01-22 09:30,54.7,55.05,53.78999,53.87,27432448
1264429800,2010-01-25 09:30,54.8598,54.98,54.39,54.53,20242864
1264516200,2010-01-26 09:30,54.05,54.67999,53.91,54.22,22137440
1264602600,2010-01-27 09:30,53.88,54.21001,53.38,54.16,27155936
1264689000,2010-01-28 09:30,54.19,54.2,52.85001,53.25,26142576
1264775400,2010-01-29 09:30,53.32001,53.63251,52.3299,52.48,28921168
1265034600,2010-02-01 09:30,53.2,53.52,52.48,53.44,23128448
1265121000,2010-02-02 09:30,53.82001,54.46001,53.64999,54.33,19720128
1265207400,2010-02-03 09:30,53.98,54.2,53.48,53.75999,20225840
1265293800,2010-02-04 09:30,52.74001,52.798,51.53999,51.57001,32203904
1265380200,2010-02-05 09:30,51.28999,51.48,49.94,51.48,43046096
1265639400,2010-02-08 09:30,50.97,51.4478,50.45,50.46001,19237904
1265725800,2010-02-09 09:30,51.59,52.515,51.09,52.05,30811712
1265812200,2010-02-10 09:30,51.77,51.95,51.21001,51.72,23502480
1265898600,2010-02-11 09:30,51.53999,52.295,51.14999,52.2,19397280
1265985000,2010-02-12 09:30,51.3,51.85001,51.05099,51.75,18994832
1266330600,2010-02-16 09:30,51.99001,53.00999,51.81,52.89999,19593648
1266417000,2010-02-17 09:30,53.14,53.27,52.75,52.97,19681952
1266503400,2010-02-18 09:30,52.81,53.35001,52.81,53.27,13751363
1266589800,2010-02-19 09:30,52.53,53.07001,52.38,52.94,16068906
1266849000,2010-02-22 09:30,53.23,53.31,52.91,53.03999,14422039
1266935400,2010-02-23 09:30,52.8,53.03999,52.11929,52.28999,18039104
1267021800,2010-02-24 09:30,52.37,52.92999,52.23,52.62,15789781
1267108200,2010-02-25 09:30,51.58,52.31,51.47,52.3,18544336
1267194600,2010-02-26 09:30,52.19,52.85001,51.91,52.62,19714128
1267453800,2010-03-01 09:30,52.74001,53.13,52.60001,53.03,14774301
1267540200,2010-03-02 09:30,53.39,53.7899,53.17,53.42999,14135664
1267626600,2010-03-03 09:30,53.91,54.41,53.83,54.07001,15292379
1267713000,2010-03-04 09:30,54.13,54.23,53.62,53.92999,12646074
1267799400,2010-03-05 09:30,54.31,55.06,54.21001,54.98,18656272
1268058600,2010-03-08 09:30,55.06,55.21001,54.81,54.98,11336051
1268145000,2010-03-09 09:30,54.47,55.11,54.45,54.85001,15356406
1268231400,2010-03-10 09:30,54.85001,55.34,54.78101,55.08,13641070
1268317800,2010-03-11 09:30,55.05,55.35001,54.81,55.28999,13020844
1268404200,2010-03-12 09:30,55.73,55.75,55.37,55.66,11743234
1268659800,2010-03-15 09:30,55.2,55.3425,54.85001,55.27,10182262
1268746200,2010-03-16 09:30,55.46001,56.03,55.32001,55.97,15718215
1268832600,2010-03-17 09:30,56.17999,56.50999,56.11,56.27,17400416
1268919000,2010-03-18 09:30,56.08,56.185,55.58,55.9425,15899570
1269005400,2010-03-19 09:30,55.86,55.91,55.11,55.37,17819664
1269264600,2010-03-22 09:30,54.64,55.60001,54.60001,55.53,17473728
1269351000,2010-03-23 09:30,55.56,56.0083,55.35001,55.92,15532973
1269437400,2010-03-24 09:30,55,55.21001,54.7601,55,18234288
1269523800,2010-03-25 09:30,55.45,55.66,54.89999,54.97,18633344
1269610200,2010-03-26 09:30,55.33,55.72,55.16,55.50999,23466112
1269869400,2010-03-29 09:30,55.78,56.03999,55.67999,55.98,13605621
1269955800,2010-03-30 09:30,56.16,56.31,55.72,55.98,16767953
1270042200,2010-03-31 09:30,55.77,56.17999,55.64,55.98,22702560
1270128600,2010-04-01 09:30,56.55,56.99001,56.52,56.97,20493856
1270474200,2010-04-05 09:30,56.94,57.2,56.75,57.03,14433996
1270560600,2010-04-06 09:30,56.44,56.94501,56.3801,56.87,15025770
1270647000,2010-04-07 09:30,56.56,56.675,56.25999,56.47,19575152
1270733400,2010-04-08 09:30,55.86,56.4599,55.74001,56.41,13852965
1270819800,2010-04-09 09:30,56.58,57.22,56.56,57.14999,17131472
1271079000,2010-04-12 09:30,57.34,57.5,57.21001,57.33,11992145
1271165400,2010-04-13 09:30,57.39,57.44,56.85001,57.28,9093996
1271251800,2010-04-14 09:30,57.69,58.08,57.52,58.03999,20763840
1271338200,2010-04-15 09:30,57.69,58.089,57.64,58,13534148
1271424600,2010-04-16 09:30,57.48,57.7085,56.42999,56.72,30345600
1271683800,2010-04-19 09:30,56.08,56.61,55.89,56.57001,19656928
1271770200,2010-04-20 09:30,57,57.08,56.7774,56.92,14039781
1271856600,2010-04-21 09:30,56.69,56.7937,56.255,56.55,15597305
1271943000,2010-04-22 09:30,55.67999,56.14,55.3201,56.03999,22128128
1272029400,2010-04-23 09:30,55.81,56.49001,55.63,56.46001,18250080
1272288600,2010-04-26 09:30,56.62,56.75,56.39999,56.52,19670416
1272375000,2010-04-27 09:30,55.7,56.08,54.12331,54.25,39699072
1272461400,2010-04-28 09:30,54.6902,54.78999,53.67751,54.25999,32895232
1272547800,2010-04-29 09:30,54.85001,55.23,54.71001,55.10001,21405824
1272634200,2010-04-30 09:30,55.12,55.17999,54.27,54.41,24817088
1272893400,2010-05-03 09:30,54.50999,54.99001,54.41,54.8,22046288
1272979800,2010-05-04 09:30,53.39,53.42,52.41,52.63,42932400
1273066200,2010-05-05 09:30,51.45,52.24001,51.34,51.62,40791280
1273152600,2010-05-06 09:30,51.28,51.60001,47.25999,49.32001,64521184
1273239000,2010-05-07 09:30,49.81,50.31,48.3,49.21001,66179376
1273498200,2010-05-10 09:30,52.45,52.85001,51.95,52.39999,63301680
1273584600,2010-05-11 09:30,51.21001,52.358,51.16,51.55,42343520
1273671000,2010-05-12 09:30,51.99001,52.44,51.89999,52.13,27785520
1273757400,2010-05-13 09:30,51.75999,52.12,51.32001,51.45,29677200
1273843800,2010-05-14 09:30,50.82001,50.92,49.55,49.99001,40366304
1274103000,2010-05-17 09:30,50.17,50.39999,48.89999,50.06,33131904
1274189400,2010-05-18 09:30,50.53999,50.63,48.73,48.98,39157632
1274275800,2010-05-19 09:30,48.88,49.34,48.35001,49.17,41441760
1274362200,2010-05-20 09:30,47.71001,48.265,46.97,47.46001,50013680
1274448600,2010-05-21 09:30,47.02,48.675,46.91,48.62,52184672
1274707800,2010-05-24 09:30,47.94,48.32001,47.465,47.50999,26643552
1274794200,2010-05-25 09:30,46.09,47.39,45.85001,47.32001,53441904
1274880600,2010-05-26 09:30,47.37,47.78,46.50999,46.62,42125552
1274967000,2010-05-27 09:30,48.3,49.3,48.00999,49.27,33506800
1275053400,2010-05-28 09:30,49.0275,49.14841,48.11,48.32001,39482032
1275399000,2010-06-01 09:30,47.89,49.02,47.8,47.84,34753504
1275485400,2010-06-02 09:30,48.06,49.14999,47.78999,49.12,25336256
1275571800,2010-06-03 09:30,49.37,49.46001,48.52,48.97,27019520
1275658200,2010-06-04 09:30,47.75999,48.01961,46.64999,46.88,36685104
1275917400,2010-06-07 09:30,47.07001,47.3,46.27499,46.28999,24384032
1276003800,2010-06-08 09:30,46.55,47.09,46.13,47.03,33911600
1276090200,2010-06-09 09:30,47.34,47.83,46.63,46.86,30395440
1276176600,2010-06-10 09:30,48.24001,48.88,48.08,48.84,30506000
1276263000,2010-06-11 09:30,48.28999,48.92999,48.2,48.91,22459008
1276522200,2010-06-14 09:30,49.63,49.92999,49.13,49.22,29477136
1276608600,2010-06-15 09:30,50,50.81,49.82001,50.78,28365008
1276695000,2010-06-16 09:30,50.14999,50.74001,50.03999,50.53999,21785840
1276781400,2010-06-17 09:30,50.78,50.8,50.2,50.7,23402816
1276867800,2010-06-18 09:30,50.63,50.845,50.45,50.61,20182672
1277127000,2010-06-21 09:30,51.39,51.49001,50.39999,50.60001,26081168
1277213400,2010-06-22 09:30,50.72,50.92999,49.87,49.96001,29123808
1277299800,2010-06-23 09:30,49.46001,49.77499,48.83,49.42999,31159008
1277386200,2010-06-24 09:30,49.10001,49.17,48.42999,48.57001,24218656
1277472600,2010-06-25 09:30,48.53999,48.99001,48.17,48.85001,31883824
1277731800,2010-06-28 09:30,48.75,49.11,48.375,48.49001,23915696
1277818200,2010-06-29 09:30,47.60001,47.60001,46.67,46.83,39761328
1277904600,2010-06-30 09:30,46.89999,47.38,46.48,46.50999,40111920
1277991000,2010-07-01 09:30,47.10001,47.25999,46.45,47.19,43453984
1278077400,2010-07-02 09:30,47.47,47.66,46.77,47.09,24580464
1278423000,2010-07-06 09:30,48.42999,48.78999,47.705,48.03,26225728
1278509400,2010-07-07 09:30,48.32001,49.59,48.27,49.52499,31096784
1278595800,2010-07-08 09:30,49.7,50.02,49.33,50.00999,30704320
1278682200,2010-07-09 09:30,49.56,50.08,49.48,50.06,19806976
1278941400,2010-07-12 09:30,49.64999,49.99001,49.50999,49.87,19513056
1279027800,2010-07-13 09:30,50.50999,50.91,50.41,50.78999,21027120
1279114200,2010-07-14 09:30,50.57001,51.0228,50.43359,50.97,17036096
1279200600,2010-07-15 09:30,51.08,51.31,50.42,51.22,21740960
1279287000,2010-07-16 09:30,50.61,50.62,49.50999,49.58,29092400
1279546200,2010-07-19 09:30,49.99001,50.16,49.48,49.89999,15344090
1279632600,2010-07-20 09:30,49.14,50.31,49.12,50.24001,17648560
1279719000,2010-07-21 09:30,50.22,50.25,49.17,49.33,18248432
1279805400,2010-07-22 09:30,50.52,51.17,50.52,50.99001,25412304
1279891800,2010-07-23 09:30,50.91,51.60001,50.74001,51.59,26348736
1280151000,2010-07-26 09:30,51.31,51.97,51.19,51.95,29416016
1280237400,2010-07-27 09:30,52.25,52.3,51.71001,52.10001,31043744
1280323800,2010-07-28 09:30,51.96001,52.12,51.67,51.83,18472704
1280410200,2010-07-29 09:30,52.58,52.81,51.61,52.07001,20313696
1280496600,2010-07-30 09:30,51.46001,52.25,51.39999,51.91,25265664
1280755800,2010-08-02 09:30,53.09,53.75,52.96001,53.66,20256992
1280842200,2010-08-03 09:30,53.42,53.75999,53.16,53.58,18382896
1280928600,2010-08-04 09:30,53.50999,53.77,53.22,53.63,15891305
1281015000,2010-08-05 09:30,53.42999,53.59,53.14999,53.59,13158473
1281101400,2010-08-06 09:30,53.27,53.8,53.09,53.75,18080880
1281360600,2010-08-09 09:30,53.89,53.95,53.67999,53.81,13579578
1281447000,2010-08-10 09:30,52.88,53.63,52.58,53.38,20251728
1281533400,2010-08-11 09:30,51.7,51.71001,50.87,50.95,40518272
1281619800,2010-08-12 09:30,50.50999,51.05,50.5,50.89,22038928
1281706200,2010-08-13 09:30,50.87,51.17,50.69,50.71001,18869184
1281965400,2010-08-16 09:30,50.72,51.31,50.58,51.12,16634789
1282051800,2010-08-17 09:30,51.69,51.98,51.39999,51.69,13630574
1282138200,2010-08-18 09:30,51.83,52.02,51.46001,51.67,14140574
1282224600,2010-08-19 09:30,51.7,51.84,50.60001,50.84,20836336
1282311000,2010-08-20 09:30,50.3,50.42,50,50.31,16366859
1282570200,2010-08-23 09:30,50.56,50.89,50.2,50.21001,13331141
1282656600,2010-08-24 09:30,49.53,49.86,49.16,49.52,21662528
1282743000,2010-08-25 09:30,49.08,49.67,48.82001,49.57001,18816784
1282829400,2010-08-26 09:30,49.85001,50.14,49.39999,49.55,16050691
1282915800,2010-08-27 09:30,50.13,50.58,49.48,50.52,16814176
1283175000,2010-08-30 09:30,50.19,50.39999,49.78,49.78999,17372224
1283261400,2010-08-31 09:30,49.74001,50.27,49.53999,49.94,24164592
1283347800,2010-09-01 09:30,51.16,51.89999,51.06,51.72,25500576
1283434200,2010-09-02 09:30,51.7,52.00999,51.53999,52.00999,14665180
1283520600,2010-09-03 09:30,52.42999,52.64999,52.14999,52.49001,16061621
1283866200,2010-09-07 09:30,52.10001,52.14,51.73,51.75999,17975280
1283952600,2010-09-08 09:30,52.11,52.53999,52.08,52.16,13422543
1284039000,2010-09-09 09:30,53,53,52.39999,52.64999,14184621
1284125400,2010-09-10 09:30,52.67,52.86,52.60001,52.81,10187664
1284384600,2010-09-13 09:30,53.53999,53.81,53.46001,53.77,23197312
1284471000,2010-09-14 09:30,53.58,54.34,53.42,54.13,20933216
1284557400,2010-09-15 09:30,53.78,54.21001,53.53999,54.14999,19914816
1284643800,2010-09-16 09:30,53.75999,54.03,53.61,53.89,18004960
1284730200,2010-09-17 09:30,53.88,53.98,53.33,53.63,18965296
1284989400,2010-09-20 09:30,53.91,54.66,53.77,54.56,17245056
1285075800,2010-09-21 09:30,54.57001,54.98,54.05,54.55,24151360
1285162200,2010-09-22 09:30,54.7205,55.00999,54.32001,54.47,21603104
1285248600,2010-09-23 09:30,53.86,54.41,53.755,53.88,20424272
1285335000,2010-09-24 09:30,54.92999,55.48,54.89,55.38,21041696
1285594200,2010-09-27 09:30,55.36,55.41,55.05,55.10001,13161945
1285680600,2010-09-28 09:30,55.22,55.55,54.64,55.42,30726512
1285767000,2010-09-29 09:30,55.42999,55.62,55.14999,55.33,18717440
1285853400,2010-09-30 09:30,55.61,55.81,54.63,54.92,30372432
1285939800,2010-10-01 09:30,55.48,55.59,55.02,55.468,15814898
1286199000,2010-10-04 09:30,54.99001,55.21001,54.46001,54.67,14760355
1286285400,2010-10-05 09:30,55.64999,56.38,55.5399,56.22,25199776
1286371800,2010-10-06 09:30,56.47,56.71001,56.345,56.69,24251872
1286458200,2010-10-07 09:30,57.11,57.12,56.2,56.5,22281552
1286544600,2010-10-08 09:30,56.62,56.97,56.42999,56.87,16558426
1286803800,2010-10-11 09:30,56.97,57.0341,56.60001,56.8,9960621
1286890200,2010-10-12 09:30,56.36,56.83,55.95,56.67999,13384105
1286976600,2010-10-13 09:30,57.21001,57.62,57.08,57.32001,15517320
1287063000,2010-10-14 09:30,57.73,57.92999,57.38,57.72,16135395
1287149400,2010-10-15 09:30,57.89,57.925,57.12,57.53,20830864
1287408600,2010-10-18 09:30,57.42,57.9101,57.25,57.66,12316605
1287495000,2010-10-19 09:30,56.64999,57.00999,56.10989,56.39,20470944
1287581400,2010-10-20 09:30,56.73,57.67,56.6861,57.45,15578855
1287667800,2010-10-21 09:30,57.5,57.87,56.81,57.14,14837598
1287754200,2010-10-22 09:30,57.41,57.5,57.12,57.28999,12455949
1288013400,2010-10-25 09:30,57.89,58.10001,57.48,57.50999,13978973
1288099800,2010-10-26 09:30,56.89,57.2,56.75,57.14,14724547
1288186200,2010-10-27 09:30,56.63,56.77,56.07001,56.59,15964422
1288272600,2010-10-28 09:30,57.17999,57.2,56.72,57.03,15896797
1288359000,2010-10-29 09:30,56.94,57.14,56.77,57.00999,13268012
1288618200,2010-11-01 09:30,57.10001,57.3,56.4975,56.8,14154941
1288704600,2010-11-02 09:30,57.67999,57.85001,57.53,57.74001,13020578
1288791000,2010-11-03 09:30,57.82001,58.14,57.17,58.14,24589488
1288877400,2010-11-04 09:30,59.19,59.505,59.12,59.46001,19768864
1288963800,2010-11-05 09:30,59.14999,59.42999,58.90109,59.2,14176164
1289226600,2010-11-08 09:30,58.74001,58.96001,58.49001,58.83501,11752496
1289313000,2010-11-09 09:30,59.2,59.35001,58.05,58.252,17333456
1289399400,2010-11-10 09:30,58.45,58.57001,57.64999,58.42,19340688
1289485800,2010-11-11 09:30,57.84,58.00999,57.59,57.92,21357376
1289572200,2010-11-12 09:30,57.75,58.06,57.13,57.44,19040496
1289831400,2010-11-15 09:30,57.83,57.92999,57.39,57.39999,15067461
1289917800,2010-11-16 09:30,56.89999,57,55.8,56.05,40569664
1290004200,2010-11-17 09:30,56.35001,56.67,56.22,56.3575,22314992
1290090600,2010-11-18 09:30,57.55,57.83,57.5,57.77,19343312
1290177000,2010-11-19 09:30,57.31,57.8,57.03,57.77,14201098
1290436200,2010-11-22 09:30,57.10001,57.39999,56.48981,57.14999,28197568
1290522600,2010-11-23 09:30,55.87,56.0699,55.28999,55.42999,22439088
1290609000,2010-11-24 09:30,55.96001,56.33,55.94,56.31,18834752
1290781800,2010-11-26 09:30,55.37,55.67999,55.27,55.42999,8693461
1291041000,2010-11-29 09:30,54.77,55.00999,54.23,54.88,25857056
1291127400,2010-11-30 09:30,53.88,54.535,53.85001,54.25999,26227952
1291213800,2010-12-01 09:30,55.33,55.84,55.22,55.8,21834400
1291300200,2010-12-02 09:30,55.69,56.89999,55.64,56.86,22405728
1291386600,2010-12-03 09:30,56.89999,57.46001,56.8499,57.41,17799104
1291645800,2010-12-06 09:30,56.89999,57.25681,56.81,57.14999,15411957
1291732200,2010-12-07 09:30,57.91,57.98,57.12,57.17999,24788000
1291818600,2010-12-08 09:30,57.24001,57.56,56.905,57.35001,13426559
1291905000,2010-12-09 09:30,57.52,57.58,57.08459,57.5,14969762
1291991400,2010-12-10 09:30,57.46001,57.69,57.22,57.63,13416938
1292250600,2010-12-13 09:30,58.09,58.56,57.985,58.25,15149469
1292337000,2010-12-14 09:30,58.36,58.71001,58.22,58.34,16046594
1292423400,2010-12-15 09:30,57.95,58.19,57.42,57.57001,19337008
1292509800,2010-12-16 09:30,57.60001,57.98,57.41,57.89,15424754
1292596200,2010-12-17 09:30,57.56,57.61,57.25999,57.57001,16829936
1292855400,2010-12-20 09:30,57.85001,57.86,57.45,57.7,12685539
1292941800,2010-12-21 09:30,57.64999,57.72,57.521,57.64,18172496
1293028200,2010-12-22 09:30,57.64999,57.75999,57.55,57.75,9188727
1293114600,2010-12-23 09:30,57.57001,57.75999,57.55,57.72,10403965
1293460200,2010-12-27 09:30,57.38,57.6201,57.28,57.60001,6348520
1293546600,2010-12-28 09:30,57.91,57.92,57.52,57.64999,9601137
1293633000,2010-12-29 09:30,58.00999,58.28999,57.94,58.14999,9244848
1293719400,2010-12-30 09:30,58.03,58.08,57.64999,57.87,10546219
1293805800,2010-12-31 09:30,57.87,58.62,57.85001,58.22,28390768
1294065000,2011-01-03 09:30,58.61,58.87,58.56,58.7,16245367
1294151400,2011-01-04 09:30,58.95,58.98,58.23,58.52,14583102
1294237800,2011-01-05 09:30,57.6599,58.27,57.64999,58.27,13008801
1294324200,2011-01-06 09:30,58.31,58.35001,57.47,57.60001,23622048
1294410600,2011-01-07 09:30,57.69,57.83,57.07001,57.37,16347332
1294669800,2011-01-10 09:30,56.97,57.34,56.715,57.27,12666484
1294756200,2011-01-11 09:30,57.62,57.75999,57.36,57.66,15014051
1294842600,2011-01-12 09:30,58.35001,58.92999,58.25,58.92999,20472320
1294929000,2011-01-13 09:30,59.34,59.50999,59,59.09,16441074
1295015400,2011-01-14 09:30,58.92,59.50999,58.88,59.45,21884176
1295361000,2011-01-18 09:30,59.71001,59.95,59.63,59.84,11977004
1295447400,2011-01-19 09:30,60.03,60.07001,59.25999,59.42999,19678800
1295533800,2011-01-20 09:30,58.89999,59.145,58.44,58.92,17207824
1295620200,2011-01-21 09:30,59.42,59.53999,59.08,59.24001,13671430
1295879400,2011-01-24 09:30,59.14,59.87,59.14,59.87,13493922
1295965800,2011-01-25 09:30,59.39,59.75999,59.2,59.75,13323258
1296052200,2011-01-26 09:30,60.03,60.24001,59.8475,60.13,20444608
1296138600,2011-01-27 09:30,60.19,60.41,59.94,60.27,11888945
1296225000,2011-01-28 09:30,59.91,60.08,58.81,58.92999,18244160
1296484200,2011-01-31 09:30,59.41,59.69,59.27,59.44,20763568
1296570600,2011-02-01 09:30,60.2,60.966,60.12,60.85001,25762496
1296657000,2011-02-02 09:30,60.72,60.97,60.62,60.8,17063120
1296743400,2011-02-03 09:30,60.50999,60.84,60.07001,60.81,11593211
1296829800,2011-02-04 09:30,60.61,60.81,60.23,60.78999,12648383
1297089000,2011-02-07 09:30,60.66,61.06,60.63,60.98,13214949
1297175400,2011-02-08 09:30,61.03999,61.39999,60.83,61.38,14437668
1297261800,2011-02-09 09:30,61.03,61.32001,60.87,61.2,17360672
1297348200,2011-02-10 09:30,60.36,60.82001,60.17999,60.8,13190539
1297434600,2011-02-11 09:30,60.25999,60.92999,60.25,60.83,12115246
1297693800,2011-02-14 09:30,60.7,61.03,60.64,60.95,9851160
1297780200,2011-02-15 09:30,60.89,60.95,60.63,60.77,14695059
1297866600,2011-02-16 09:30,61,61.56,60.94,61.5,14665266
1297953000,2011-02-17 09:30,61.36,61.86,61.33,61.71001,15745848
1298039400,2011-02-18 09:30,61.7,61.98,61.57001,61.9225,10151398
1298385000,2011-02-22 09:30,60.63,61.09,60.09,60.14999,24077568
1298471400,2011-02-23 09:30,60.42,60.63,59.87,60.23,18757424
1298557800,2011-02-24 09:30,60.35001,60.52,59.8,60.28,17690592
1298644200,2011-02-25 09:30,60.69,61.045,60.64999,61,15586039
1298903400,2011-02-28 09:30,61.62,61.8,61.2597,61.55,19750608
1298989800,2011-03-01 09:30,61.75999,61.8,60.64999,60.69,20477696
1299076200,2011-03-02 09:30,60.81,61.3,60.74001,61.00999,17851168
1299162600,2011-03-03 09:30,61.53,61.81,61.27,61.78999,16087922
1299249000,2011-03-04 09:30,61.57001,61.69,60.82001,61.23,18191136
1299508200,2011-03-07 09:30,61.49001,61.63319,60.48,60.64,16477375
1299594600,2011-03-08 09:30,60.53999,61.03081,60.21001,60.83,13437090
1299681000,2011-03-09 09:30,60.84,60.99001,60.58,60.85001,13060480
1299767400,2011-03-10 09:30,59.74001,59.75,59.25,59.34,24976160
1299853800,2011-03-11 09:30,58.84,59.485,58.84,59.34,17729904
1300109400,2011-03-14 09:30,57.87,58.33,57.64,58.28,31240656
1300195800,2011-03-15 09:30,55.2,57.38,55.05,57.06,43599360
1300282200,2011-03-16 09:30,56.67,56.86,54.1033,55.28999,40828512
1300368600,2011-03-17 09:30,57.22,57.45,56.77,57.13,30667872
1300455000,2011-03-18 09:30,57.99001,58.10001,57.64999,57.91901,44541168
1300714200,2011-03-21 09:30,58.97,59.44,58.83,59.345,24135168
1300800600,2011-03-22 09:30,59.31,59.36,58.89,59.17999,16726664
1300887000,2011-03-23 09:30,58.82001,59.4088,58.59,59.25,17402032
1300973400,2011-03-24 09:30,59.50999,60.03999,59.34,60.03999,14475133
1301059800,2011-03-25 09:30,59.58,59.855,59.36,59.38,12696363
1301319000,2011-03-28 09:30,59.55,59.74001,59.31,59.35001,11883258
1301405400,2011-03-29 09:30,59.2,59.67,58.97771,59.66,14378176
1301491800,2011-03-30 09:30,60.09,60.44,59.96359,60.37,13691004
1301578200,2011-03-31 09:30,60,60.28999,59.84,60.08,21689280
1301664600,2011-04-01 09:30,60.19,60.72659,59.92,60.64999,15133625
1301923800,2011-04-04 09:30,60.82001,60.86,60.49001,60.73,19412432
1302010200,2011-04-05 09:30,60.21001,60.77,60.16,60.58,14538145
1302096600,2011-04-06 09:30,60.83,61.16,60.8,61.08,14206672
1302183000,2011-04-07 09:30,60.92999,61.13,60.42999,60.78,16056703
1302269400,2011-04-08 09:30,61.5,61.5916,61.11,61.28,12447844
1302528600,2011-04-11 09:30,61.44,61.61,61.03,61.16,10168117
1302615000,2011-04-12 09:30,60.88,60.95,60.41161,60.59,14528203
1302701400,2011-04-13 09:30,61.25,61.28999,60.61,60.77,14666484
1302787800,2011-04-14 09:30,60.58,61.14,60.41,61.03999,15113035
1302874200,2011-04-15 09:30,60.84,61.05499,60.60001,60.95,14666695
1303133400,2011-04-18 09:30,59.61,59.82001,59.03,59.7,20672800
1303219800,2011-04-19 09:30,60.02,60.23,59.83,60.14,11678547
1303306200,2011-04-20 09:30,61.53999,61.73,61.42999,61.67,16681727
1303392600,2011-04-21 09:30,62.12,62.17,61.86,62.07001,12830164
1303738200,2011-04-25 09:30,62.14,62.19,61.83009,62.07001,11595730
1303824600,2011-04-26 09:30,62.23,62.66,62.11,62.55,11357551
1303911000,2011-04-27 09:30,62.75999,63.39,62.35001,63.33,16033297
1303997400,2011-04-28 09:30,63.28999,63.78999,63.28,63.75999,19810192
1304083800,2011-04-29 09:30,63.78999,64.07001,63.46001,63.46001,17699984
1304343000,2011-05-02 09:30,64.13,64.35001,63.78,63.87,18708128
1304429400,2011-05-03 09:30,63.64999,63.825,63.06,63.35001,14224438
1304515800,2011-05-04 09:30,63.42999,63.44,62.59,62.81,18567616
1304602200,2011-05-05 09:30,62.11,62.28,61.32001,61.57001,25552272
1304688600,2011-05-06 09:30,62.42999,62.64999,61.25999,61.60001,24524864
1304947800,2011-05-09 09:30,61.62,62.09,61.36,62.03999,17228400
1305034200,2011-05-10 09:30,62.25,62.66,62.12,62.63,15709059
1305120600,2011-05-11 09:30,62.3,62.37,61.13,61.37,33181168
1305207000,2011-05-12 09:30,61.17999,61.86,60.8,61.57001,22169392
1305293400,2011-05-13 09:30,61.45,61.49001,60.27991,60.61,20889264
1305552600,2011-05-16 09:30,60.45,61.16,60.31,60.5,19340880
1305639000,2011-05-17 09:30,60.17999,60.66,59.89999,60.63,18297280
1305725400,2011-05-18 09:30,60.56,61.17999,60.42,61,12849270
1305811800,2011-05-19 09:30,61.17999,61.4164,60.81,61.35001,10900688
1305898200,2011-05-20 09:30,60.92999,61,60.25,60.48,18555728
1306157400,2011-05-23 09:30,59.08,59.33,58.82001,59.08,20522352
1306243800,2011-05-24 09:30,59.57001,59.77,59.24001,59.42,17309488
1306330200,2011-05-25 09:30,59.24001,59.96001,59.2,59.8,15850969
1306416600,2011-05-26 09:30,60.06,60.50999,59.71001,60.36,18513376
1306503000,2011-05-27 09:30,60.67999,60.99001,60.59,60.8,17160032
1306848600,2011-05-31 09:30,61.81,62.06,61.44501,62.06,33442208
1306935000,2011-06-01 09:30,61.72,61.78999,60.515,60.59,25264752
1307021400,2011-06-02 09:30,60.88,61.02,60.24001,60.89999,19489520
1307107800,2011-06-03 09:30,60.28,61.27499,60.25999,60.92999,21376224
1307367000,2011-06-06 09:30,60.78,60.83,60.095,60.14,16339770
1307453400,2011-06-07 09:30,60.89999,61.14,60.66,60.69,23881504
1307539800,2011-06-08 09:30,60.24001,60.44,59.82291,59.91,18499264
1307626200,2011-06-09 09:30,60.11,60.67999,59.965,60.53,14990965
1307712600,2011-06-10 09:30,60,60.02,58.95,59.13,23965504
1307971800,2011-06-13 09:30,59.35001,59.58,58.89281,59.22,26144752
1308058200,2011-06-14 09:30,60.07001,60.44,60.02,60.27,16389887
1308144600,2011-06-15 09:30,59.08,59.31,58.155,58.28999,26678320
1308231000,2011-06-16 09:30,58.02,58.41,57.59,58.09,21332320
1308317400,2011-06-17 09:30,58.88,58.96001,58.50999,58.66,22490000
1308576600,2011-06-20 09:30,58.24001,58.75,58.24001,58.59,16303973
1308663000,2011-06-21 09:30,59.16,59.89,59.09,59.86,17407328
1308749400,2011-06-22 09:30,58.42,58.77,58.12,58.14999,20976288
1308835800,2011-06-23 09:30,57.06,57.67999,56.7,57.64999,22617888
1308922200,2011-06-24 09:30,57.67999,57.7,57.00999,57.10001,18681824
1309181400,2011-06-27 09:30,57.06,57.72,56.94,57.57001,16918512
1309267800,2011-06-28 09:30,57.82001,58.315,57.75,58.25999,20936000
1309354200,2011-06-29 09:30,58.89999,59.325,58.56,59.28,28707552
1309440600,2011-06-30 09:30,59.57001,60.33,59.48,60.14,30800688
1309527000,2011-07-01 09:30,60.05,60.86,59.88,60.8,17093168
1309872600,2011-07-05 09:30,60.53999,60.72,60.27499,60.44,17598224
1309959000,2011-07-06 09:30,59.92999,60.14999,59.64,60.06,12980152
1310045400,2011-07-07 09:30,60.41,60.71001,60.32001,60.58,15687113
1310131800,2011-07-08 09:30,59.92,60.14999,59.5,59.83,17211040
1310391000,2011-07-11 09:30,58.50999,58.66,57.91,58.02,25140880
1310477400,2011-07-12 09:30,57.67,58.28999,57.56,57.63,17447376
1310563800,2011-07-13 09:30,58.28,59.08,58.14999,58.49001,22333584
1310650200,2011-07-14 09:30,58.8,58.92,57.85001,57.98,24454000
1310736600,2011-07-15 09:30,58.27,58.49001,57.89,58.17999,20168736
1310995800,2011-07-18 09:30,57.44,57.61,56.85001,57.32001,23639136
1311082200,2011-07-19 09:30,57.81,58.32001,57.81,58.17999,20782368
1311168600,2011-07-20 09:30,58.7,58.95,58.39,58.87,15577348
1311255000,2011-07-21 09:30,59.47,60.215,59.37,60.12,26792048
1311341400,2011-07-22 09:30,60.16,60.25,59.73,60.17999,11854590
1311600600,2011-07-25 09:30,59.8,60.07001,59.67,59.8,15580141
1311687000,2011-07-26 09:30,60.12,60.37,59.85001,60.16,14454137
1311773400,2011-07-27 09:30,59.77,59.78999,58.59,58.7,29604128
1311859800,2011-07-28 09:30,58.61,59.16,58.5,58.56,17540416
1311946200,2011-07-29 09:30,58.46001,59.24001,58.22,58.71001,28563696
1312205400,2011-08-01 09:30,59.37,59.39951,57.4964,57.97,26159008
1312291800,2011-08-02 09:30,57.31,57.81,56.42999,56.44,25546288
1312378200,2011-08-03 09:30,56.8,56.89,55.78999,56.77,36177520
1312464600,2011-08-04 09:30,54.89,55.00999,52.74001,52.81,39911136
1312551000,2011-08-05 09:30,54.00999,54.205,51.78,53.745,61793392
1312810200,2011-08-08 09:30,51.72,52.41,49.6301,49.73,53894752
1312896600,2011-08-09 09:30,51.67999,53.08,50.19,53.08,55660880
1312983000,2011-08-10 09:30,51.63,51.683,49.84,49.91,43347840
1313069400,2011-08-11 09:30,50.16,52.67999,50.08,52.3,35724928
1313155800,2011-08-12 09:30,52.85001,53.31,52.2,52.89999,26243440
1313415000,2011-08-15 09:30,53.53999,54.14,53.53,54.13,20913632
1313501400,2011-08-16 09:30,53.19,53.96001,52.785,53.34,23238272
1313587800,2011-08-17 09:30,53.85001,54.3,53.33,53.64999,20680112
1313674200,2011-08-18 09:30,51.7,51.82001,50.59,51.03999,32666288
1313760600,2011-08-19 09:30,50.44,51.69,50.10001,50.17,29395056
1314019800,2011-08-22 09:30,51.72,51.75999,50.45,50.49001,23408464
1314106200,2011-08-23 09:30,51.09,52.17999,50.75999,52.13,24830128
1314192600,2011-08-24 09:30,51.71001,52.45,51.42,52.14999,18042496
1314279000,2011-08-25 09:30,52.02,52.23,50.73,50.89,18597648
1314365400,2011-08-26 09:30,50.72,51.86,50.16,51.69,26600880
1314624600,2011-08-29 09:30,52.44,52.95,52.42,52.92,18267936
1314711000,2011-08-30 09:30,52.33,52.85001,51.92999,52.61,16811344
1314797400,2011-08-31 09:30,53.45,53.89999,53.215,53.57001,29114048
1314883800,2011-09-01 09:30,53.31,53.8,52.91,52.91,21110768
1314970200,2011-09-02 09:30,51.95,52.27,51.62,51.73,23310400
1315315800,2011-09-06 09:30,49.3,50.06,49.14999,50.02901,27238016
1315402200,2011-09-07 09:30,50.73,51.53,50.57001,51.52,18331312
1315488600,2011-09-08 09:30,50.78999,51.39,50.36501,50.5,17412400
1315575000,2011-09-09 09:30,49.53,49.73,48.53999,48.75,23270736
1315834200,2011-09-12 09:30,47.75999,48.56,47.41,48.53999,31133376
1315920600,2011-09-13 09:30,48.53999,49.23,48.37,49.06,27622352
1316007000,2011-09-14 09:30,49.23,50.17999,48.41,49.8,26016944
1316093400,2011-09-15 09:30,50.57001,50.92,50.21001,50.88,36415488
1316179800,2011-09-16 09:30,50.97,51.13,50.36,50.89999,19035328
1316439000,2011-09-19 09:30,49.21001,49.83,48.89999,49.5,22185088
1316525400,2011-09-20 09:30,49.71001,50.24001,49.31,49.7,27969056
1316611800,2011-09-21 09:30,49.64999,49.84,48.2,48.22,74732064
1316698200,2011-09-22 09:30,46.71001,47,46.08,46.66,49431360
1316784600,2011-09-23 09:30,46.3,47.28,46.23,47.19,39581408
1317043800,2011-09-26 09:30,47.5,48.2,46.8,48.16,24237664
1317130200,2011-09-27 09:30,49.53,50.16,49.06,49.35001,35315984
1317216600,2011-09-28 09:30,49.63,49.89999,48.45,48.50999,32536992
1317303000,2011-09-29 09:30,49.81,49.99001,48.75,49.46001,29540080
1317389400,2011-09-30 09:30,48.25,48.66,47.75,47.78,29785712
1317648600,2011-10-03 09:30,47.31,47.98,46.5,46.52,31113632
1317735000,2011-10-04 09:30,46.02,47.31,45.45,47.3,37662528
1317821400,2011-10-05 09:30,47.24001,48.08,46.88,48.03,33843136
1317907800,2011-10-06 09:30,48,49.35001,47.86,49.32001,30835520
1317994200,2011-10-07 09:30,49.57001,49.83,48.86,48.98,32307296
1318253400,2011-10-10 09:30,50.14999,50.89,50.14999,50.85001,22300720
1318339800,2011-10-11 09:30,50.17,50.82001,50.09,50.75999,22968272
1318426200,2011-10-12 09:30,51.45,52,51.37,51.5,40438496
1318512600,2011-10-13 09:30,51.17999,51.57001,50.74001,51.52,16967152
1318599000,2011-10-14 09:30,52.00999,52.21001,51.63,52.12,16226477
1318858200,2011-10-17 09:30,51.72,51.74001,50.78999,50.92,15645816
1318944600,2011-10-18 09:30,50.82001,52.015,50.23,51.64999,27807504
1319031000,2011-10-19 09:30,51.36,51.53999,50.64,50.72,18229856
1319117400,2011-10-20 09:30,50.87,50.94,50.06,50.85001,23120096
1319203800,2011-10-21 09:30,51.66,52.11,51.58,52.08,21149472
1319463000,2011-10-24 09:30,52.06,52.95,52.05,52.86,16039930
1319549400,2011-10-25 09:30,52.50999,52.58,51.75999,51.95,25669056
1319635800,2011-10-26 09:30,52.8401,52.95,51.61,52.66,19159728
1319722200,2011-10-27 09:30,55.06,55.87,54.58,55.57001,27437888
1319808600,2011-10-28 09:30,54.87,55.25999,54.73,55.25,41372320
1320067800,2011-10-31 09:30,53.64,53.67999,52.37,52.38,29378656
1320154200,2011-11-01 09:30,50.27,51.315,50.14999,50.74001,34733008
1320240600,2011-11-02 09:30,51.16,51.56,50.86,51.17,24423408
1320327000,2011-11-03 09:30,51.99001,52.64999,51.22,52.46001,23891008
1320413400,2011-11-04 09:30,51.85001,52.035,51.21001,51.8,23089504
1320676200,2011-11-07 09:30,51.74001,52.11,51.3501,52.02,21383696
1320762600,2011-11-08 09:30,52.3,52.8,51.82001,52.64999,22483504
1320849000,2011-11-09 09:30,50.69,50.8394,49.83,49.95,28669744
1320935400,2011-11-10 09:30,50.95,50.99001,50.03999,50.53999,25064912
1321021800,2011-11-11 09:30,51.33,51.96001,51.3,51.8,19095808
1321281000,2011-11-14 09:30,51.1902,51.33,50.64,50.88,16886144
1321367400,2011-11-15 09:30,50.72,51.065,50.34,50.739,23477344
1321453800,2011-11-16 09:30,50.2,50.67,49.75,49.77,26147328
1321540200,2011-11-17 09:30,50.00999,50.22,49.03,49.23,28385216
1321626600,2011-11-18 09:30,49.81,49.84,49.3,49.39999,16813536
1321885800,2011-11-21 09:30,48.39,48.45,47.78999,48.14999,25464992
1321972200,2011-11-22 09:30,48.10001,48.31,47.72,48.00999,29937440
1322058600,2011-11-23 09:30,47.41,47.47,46.64,46.69,27206656
1322231400,2011-11-25 09:30,46.60001,47.11,46.45,46.45,10871160
1322490600,2011-11-28 09:30,48.47,48.62,48.12,48.42999,21752944
1322577000,2011-11-29 09:30,48.66,49,48.47,48.75,23035904
1322663400,2011-11-30 09:30,50.69,51.3,50.58,51.24001,43525072
1322749800,2011-12-01 09:30,50.98,51.36,50.62801,50.8,19771008
1322836200,2011-12-02 09:30,51.46001,51.48,50.77,50.78999,17848128
1323095400,2011-12-05 09:30,51.75999,51.81,51.06,51.37,18107168
1323181800,2011-12-06 09:30,51.08,51.468,50.95,51.13,21382192
1323268200,2011-12-07 09:30,50.78999,51.7,50.57001,51.49001,29174048
1323354600,2011-12-08 09:30,50.78,50.86011,49.74001,49.8,26351104
1323441000,2011-12-09 09:30,50.25999,51.07001,50.24001,51.03999,20706048
1323700200,2011-12-12 09:30,49.95,49.96001,49.25999,49.55,23868464
1323786600,2011-12-13 09:30,49.78,50.14,48.64999,48.88,33863968
1323873000,2011-12-14 09:30,48.60001,48.78,48.14,48.3,28164080
1323959400,2011-12-15 09:30,48.88,48.95,48.37,48.53999,25474816
1324045800,2011-12-16 09:30,48.7,48.85001,48.12151,48.33501,28537040
1324305000,2011-12-19 09:30,48.58,48.67,47.83,47.89,21444368
1324391400,2011-12-20 09:30,48.42,49.03999,48.39999,48.985,34745984
1324477800,2011-12-21 09:30,48.67,48.78999,48.291,48.73,27653984
1324564200,2011-12-22 09:30,48.74001,49.19,48.685,49.17,25753632
1324650600,2011-12-23 09:30,49.25,49.50999,49.14,49.50999,14901680
1324996200,2011-12-27 09:30,49.34,49.39999,49.2,49.285,14440152
1325082600,2011-12-28 09:30,49.14999,49.17,48.39,48.405,20384576
1325169000,2011-12-29 09:30,48.55,49.35001,48.5,49.28999,25565728
1325255400,2011-12-30 09:30,49.27,49.60001,49.23,49.53,32979024
1325601000,2012-01-03 09:30,50.53999,51.02,50.50999,50.88499,33352144
1325687400,2012-01-04 09:30,50.57001,50.67,50.2,50.58,14692789
1325773800,2012-01-05 09:30,49.75,49.89999,49.46001,49.83,16354891
1325860200,2012-01-06 09:30,49.64999,49.67999,49.07001,49.14999,28504784
1326119400,2012-01-09 09:30,49.45,49.45,48.99001,49.34,12756016
1326205800,2012-01-10 09:30,50.17999,50.22,49.97,50.09,13409895
1326292200,2012-01-11 09:30,49.69,49.97,49.49001,49.92999,13372297
1326378600,2012-01-12 09:30,50.14,50.25,49.77,50.14,13774320
1326465000,2012-01-13 09:30,49.57001,49.64,49.05,49.60001,17154400
1326810600,2012-01-17 09:30,50.25,50.5,50.13,50.185,19915888
1326897000,2012-01-18 09:30,50.49001,51.07001,50.42999,51.03,15999270
1326983400,2012-01-19 09:30,51.39,52.19,51.17999,51.66,17256832
1327069800,2012-01-20 09:30,51.59,51.92999,51.5408,51.92999,23922720
1327329000,2012-01-23 09:30,52.02,52.35001,51.94,52.13,18528944
1327415400,2012-01-24 09:30,51.58,51.92999,51.405,51.84,18320560
1327501800,2012-01-25 09:30,51.60001,52.50999,51.38,52.38,24497488
1327588200,2012-01-26 09:30,52.88,52.9808,52.285,52.39999,20276800
1327674600,2012-01-27 09:30,52.24001,52.62,52.24001,52.49001,22868656
1327933800,2012-01-30 09:30,51.64999,51.978,51.56,51.87,21140512
1328020200,2012-01-31 09:30,52.42,52.42,51.825,52.14,26358400
1328106600,2012-02-01 09:30,52.84,53.24001,52.785,52.96001,28274512
1328193000,2012-02-02 09:30,53.08,53.28999,52.92,53.07001,19337376
1328279400,2012-02-03 09:30,53.42,53.92999,53.35001,53.905,15186992
1328538600,2012-02-06 09:30,53.37,53.7,53.32001,53.64,15349137
1328625000,2012-02-07 09:30,53.67999,54.00999,53.42,53.97,26462608
1328711400,2012-02-08 09:30,54.10001,54.28999,53.825,54.16,13873121
1328797800,2012-02-09 09:30,54.37,54.42999,54.02,54.3,16265828
1328884200,2012-02-10 09:30,53.3,53.42999,53.11,53.27,19405632
1329143400,2012-02-13 09:30,53.92999,54,53.67,53.88,16406848
1329229800,2012-02-14 09:30,53.63,53.73,53.11,53.48,17037632
1329316200,2012-02-15 09:30,53.92999,53.95,53.46001,53.53999,25177040
1329402600,2012-02-16 09:30,53.39999,54.31,53.35001,54.27499,17583824
1329489000,2012-02-17 09:30,54.59,54.60001,54.22,54.52,14472383
1329834600,2012-02-21 09:30,54.71001,54.91,54.45,54.53,17594768
1329921000,2012-02-22 09:30,54.42999,54.59,54.25,54.36501,15857801
1330007400,2012-02-23 09:30,54.42999,54.86,54.19,54.82001,12721055
1330093800,2012-02-24 09:30,55.05,55.315,55.03999,55.14999,25346672
1330353000,2012-02-27 09:30,54.41,55.00999,54.28999,54.86501,20054192
1330439400,2012-02-28 09:30,55.03,55.39999,54.88,55.38,16619277
1330525800,2012-02-29 09:30,55.49001,55.64,54.63,54.66,33950800
1330612200,2012-03-01 09:30,54.96001,55.35001,54.92,55.28,20340928
1330698600,2012-03-02 09:30,54.89,54.92999,54.60001,54.77,14435504
1330957800,2012-03-05 09:30,54.66,54.67,54.31,54.48,10047871
1331044200,2012-03-06 09:30,53.2,53.25,52.59,52.74001,21589232
1331130600,2012-03-07 09:30,53.12,53.45,52.8,53.39,18012912
1331217000,2012-03-08 09:30,54.24001,54.765,54.09,54.53999,21590416
1331303400,2012-03-09 09:30,54.28,54.53,54.16,54.36,23096832
1331559000,2012-03-12 09:30,54.16,54.28999,53.89,54.22,13724191
1331645400,2012-03-13 09:30,54.42999,55.11,54.36,55.09711,24475824
1331731800,2012-03-14 09:30,54.99001,55.07001,54.451,54.61,18873440
1331818200,2012-03-15 09:30,54.8,55.2,54.64999,55.13,13721020
1331904600,2012-03-16 09:30,55.53999,55.715,55.4574,55.50999,15836922
1332163800,2012-03-19 09:30,55.34,55.91,55.3075,55.8,17181936
1332250200,2012-03-20 09:30,55.02,55.22,54.78999,55.14,14092535
1332336600,2012-03-21 09:30,54.92999,54.96001,54.55,54.77499,16614371
1332423000,2012-03-22 09:30,54.2,54.5,54.13,54.39999,17106672
1332509400,2012-03-23 09:30,54.35001,54.78999,54.06,54.78,14777371
1332768600,2012-03-26 09:30,55.19,55.50999,55.1781,55.48,19961776
1332855000,2012-03-27 09:30,55.56,55.56,55.11,55.13,14826090
1332941400,2012-03-28 09:30,55.14999,55.19,54.47,54.75,20448448
1333027800,2012-03-29 09:30,54.21001,54.46001,53.97,54.39999,25848336
1333114200,2012-03-30 09:30,54.84,54.94,54.5,54.89,22341424
1333373400,2012-04-02 09:30,54.64,55.67999,54.53,55.53,25434768
1333459800,2012-04-03 09:30,55.21001,55.24001,54.25,54.56,20839936
1333546200,2012-04-04 09:30,53.49001,53.599,53.05,53.34,20326656
1333632600,2012-04-05 09:30,52.87,53.33,52.86,53.02,13506941
1333978200,2012-04-09 09:30,52.46001,52.96001,52.44,52.78999,12950488
1334064600,2012-04-10 09:30,52.61,52.75999,51.655,51.66,25615776
1334151000,2012-04-11 09:30,52.64999,52.74001,52.32001,52.38,22972064
1334237400,2012-04-12 09:30,52.63,53.41,52.60001,53.33501,21024352
1334323800,2012-04-13 09:30,52.87,52.87,52.25,52.32001,27103680
1334583000,2012-04-16 09:30,52.73,52.92,52.28999,52.7,20447344
1334669400,2012-04-17 09:30,53.19,53.67,52.99001,53.53999,12959723
1334755800,2012-04-18 09:30,53.17,53.50999,53.08,53.25999,19804592
1334842200,2012-04-19 09:30,53.23,53.53,52.67,52.94,27862896
1334928600,2012-04-20 09:30,53.32001,53.63,53.285,53.45,15499246
1335187800,2012-04-23 09:30,52.41,52.5,52.03999,52.38,23903952
1335274200,2012-04-24 09:30,52.61,53.05,52.58,52.8,14529031
1335360600,2012-04-25 09:30,53.42,53.58,53.17999,53.52,21423824
1335447000,2012-04-26 09:30,53.3,53.92999,53.24001,53.84,13428121
1335533400,2012-04-27 09:30,54,54.16,53.73,54.06,16016281
1335792600,2012-04-30 09:30,53.82001,53.85001,53.53,53.75,16865264
1335879000,2012-05-01 09:30,53.63,54.22,53.58,53.97,15437242
1335965400,2012-05-02 09:30,53.31,53.63499,53.10001,53.55,15890637
1336051800,2012-05-03 09:30,53.44,53.53,52.97771,53.08,14260297
1336138200,2012-05-04 09:30,52.8,52.88,52.22,52.27,20026464
1336397400,2012-05-07 09:30,52.27,52.7,52.23,52.64999,21882672
1336483800,2012-05-08 09:30,52.03,52.08,51.28999,51.84,21063168
1336570200,2012-05-09 09:30,50.84,51.515,50.61,51.24001,31094608
1336656600,2012-05-10 09:30,51.75,51.82001,51.39999,51.48,15308984
1336743000,2012-05-11 09:30,50.88,51.61,50.88,51.16,14493184
1337002200,2012-05-14 09:30,50.36,50.575,50.17999,50.17999,22125328
1337088600,2012-05-15 09:30,49.89999,50.155,49.495,49.55,18011760
1337175000,2012-05-16 09:30,49.56,49.82001,49.02,49.06,23983216
1337261400,2012-05-17 09:30,49,49.06,48.45,48.46001,26475888
1337347800,2012-05-18 09:30,48.67999,48.69,47.67999,48.11,21410176
1337607000,2012-05-21 09:30,48.5,49.2,48.38,49.17,22459984
1337693400,2012-05-22 09:30,49.2,49.58,48.78,48.99001,17114768
1337779800,2012-05-23 09:30,48.42,48.59,47.75,48.59,42276320
1337866200,2012-05-24 09:30,48.53,48.65739,47.985,48.27,27309408
1337952600,2012-05-25 09:30,48.03,48.3501,48.02,48.10001,13397051
1338298200,2012-05-29 09:30,48.69,48.94,48.3148,48.71001,22042192
1338384600,2012-05-30 09:30,47.97,47.98,47.50999,47.56,19349808
1338471000,2012-05-31 09:30,47.77,47.92,47.22,47.75999,41638048
1338557400,2012-06-01 09:30,46.92999,47.142,46.5343,46.55,34296672
1338816600,2012-06-04 09:30,46.99001,47.14,46.60001,46.94,19574480
1338903000,2012-06-05 09:30,46.91,47.32001,46.87,47.27499,20139024
1338989400,2012-06-06 09:30,47.66,48.62,47.61,48.60001,19869248
1339075800,2012-06-07 09:30,49.27,49.28999,48.56,48.67,18578768
1339162200,2012-06-08 09:30,47.94,48.56,47.8,48.50999,14439664
1339421400,2012-06-11 09:30,49.02,49.03999,47.99001,48.03999,19296160
1339507800,2012-06-12 09:30,48.5,48.86,48.09,48.84,16053828
1339594200,2012-06-13 09:30,48.47,48.92,48.32001,48.44501,16202797
1339680600,2012-06-14 09:30,48.42,48.99001,48.3,48.815,14670371
1339767000,2012-06-15 09:30,49.10001,49.56,48.99001,49.5,20066016
1340026200,2012-06-18 09:30,49.235,49.5,49.11,49.36,19122768
1340112600,2012-06-19 09:30,49.87,50.50999,49.81,50.17999,23104448
1340199000,2012-06-20 09:30,50.42,50.83,50.05,50.47,27985136
1340285400,2012-06-21 09:30,49.23,49.33,47.99001,48.02499,25741536
1340371800,2012-06-22 09:30,48.50999,48.57001,48.13,48.44,16488094
1340631000,2012-06-25 09:30,47.63,47.64999,47.25,47.36,32410864
1340717400,2012-06-26 09:30,47.62,47.8,47.2599,47.66499,26606000
1340803800,2012-06-27 09:30,47.84,48.21001,47.72,48.12,19727584
1340890200,2012-06-28 09:30,47.78,48.25999,47.57001,48.22,22778592
1340976600,2012-06-29 09:30,49.73,49.99001,49.63,49.96001,31235184
1341235800,2012-07-02 09:30,50.10001,50.34,49.86,50.28999,30092848
1341322200,2012-07-03 09:30,50.33,50.78999,50.28,50.75,12175027
1341495000,2012-07-05 09:30,49.95,50.07001,49.6655,49.91,14389879
1341581400,2012-07-06 09:30,49.47,49.56,49.14,49.44,15075734
1341840600,2012-07-09 09:30,49.17,49.35001,48.97,49.33,16313660
1341927000,2012-07-10 09:30,49.55,49.638,48.875,49,20026016
1342013400,2012-07-11 09:30,49.23,49.36,48.855,49.14999,19418048
1342099800,2012-07-12 09:30,48.50999,48.81,48.23199,48.66,21406448
1342186200,2012-07-13 09:30,48.69,49.44,48.672,49.35001,12613270
1342445400,2012-07-16 09:30,49.21001,49.49001,48.96001,49.33501,12207453
1342531800,2012-07-17 09:30,49.48,49.61,48.86,49.48,17158512
1342618200,2012-07-18 09:30,49.32001,49.92,49.28999,49.87,13587906
1342704600,2012-07-19 09:30,50.12,50.42,50,50.33,14039547
1342791000,2012-07-20 09:30,49.39999,49.44,49.0323,49.145,24165056
1343050200,2012-07-23 09:30,47.84,48.25,47.66,48.14,16082895
1343136600,2012-07-24 09:30,48.08,48.11501,47.28999,47.61501,18959808
1343223000,2012-07-25 09:30,48.03999,48.11,47.63,47.87,10156660
1343309400,2012-07-26 09:30,49.17999,49.72141,49.06,49.33,18176944
1343395800,2012-07-27 09:30,49.8,50.58,49.69,50.37,24134160
1343655000,2012-07-30 09:30,50.09,50.479,50.08,50.31,24849920
1343741400,2012-07-31 09:30,50.27,50.4024,49.98,50,38450672
1343827800,2012-08-01 09:30,50.35001,50.45,49.99001,50.00999,17751520
1343914200,2012-08-02 09:30,49.47,49.89999,48.94,49.31,23218816
1344000600,2012-08-03 09:30,50.39,51.13,50.35001,50.99001,26429824
1344259800,2012-08-06 09:30,51.21001,51.52,51.13,51.35001,15028621
1344346200,2012-08-07 09:30,51.78,52.05,51.73,51.78,17651152
1344432600,2012-08-08 09:30,51.49001,51.86,51.47,51.75,13491246
1344519000,2012-08-09 09:30,51.63,51.95,51.57001,51.78,12182992
1344605400,2012-08-10 09:30,51.37,51.87,51.25,51.87,15265008
1344864600,2012-08-13 09:30,51.73,51.875,51.45,51.62,15320336
1344951000,2012-08-14 09:30,51.77,51.85001,51.62,51.74001,10610164
1345037400,2012-08-15 09:30,51.57001,51.73,51.52,51.59,14045605
1345123800,2012-08-16 09:30,51.855,52.31,51.7,52.23,13497922
1345210200,2012-08-17 09:30,52.32001,52.3699,52.08,52.3,17243456
1345469400,2012-08-20 09:30,52.16,52.28999,51.94,52.24001,10066594
1345555800,2012-08-21 09:30,52.655,52.92,52.38,52.53999,19489776
1345642200,2012-08-22 09:30,52.09,52.59,52.0401,52.48,12494109
1345728600,2012-08-23 09:30,52.27,52.42999,52.07001,52.17999,16203145
1345815000,2012-08-24 09:30,51.81,52.37,51.71001,52.10001,15841336
1346074200,2012-08-27 09:30,52.24001,52.39,52.065,52.13,12419844
1346160600,2012-08-28 09:30,51.92,52.17,51.83,52.08,14528852
1346247000,2012-08-29 09:30,52.02969,52.11,51.84,51.92,11418270
1346333400,2012-08-30 09:30,51.63,51.66,51.14999,51.14999,24315536
1346419800,2012-08-31 09:30,51.78,51.94,51.33,51.60001,26991984
1346765400,2012-09-04 09:30,51.47,51.53,51.13,51.34,23863152
1346851800,2012-09-05 09:30,51.34,51.425,51.12,51.2,17360528
1346938200,2012-09-06 09:30,51.62,52.61,51.61,52.47501,23697568
1347024600,2012-09-07 09:30,53.05,53.3967,53.00999,53.25999,17210560
1347283800,2012-09-10 09:30,53.05,53.196,52.75999,52.84,12831801
1347370200,2012-09-11 09:30,53.06,53.59,53.06,53.44,15417422
1347456600,2012-09-12 09:30,53.89,53.91499,53.60001,53.78999,14731547
1347543000,2012-09-13 09:30,53.73,54.855,53.57001,54.605,21654608
1347629400,2012-09-14 09:30,55.17999,55.5799,55.07001,55.14999,36185408
1347888600,2012-09-17 09:30,55.09,55.2,54.72,54.86,14851879
1347975000,2012-09-18 09:30,54.56,54.75999,54.45,54.63,16695254
1348061400,2012-09-19 09:30,54.72,54.97,54.55,54.86,17193216
1348147800,2012-09-20 09:30,54.17,54.53999,54.02,54.5101,21727584
1348234200,2012-09-21 09:30,54.86,54.89999,54.52,54.545,21583216
1348493400,2012-09-24 09:30,54.11,54.48,54.06,54.35001,16172449
1348579800,2012-09-25 09:30,54.49001,54.74001,53.97,53.97501,22290144
1348666200,2012-09-26 09:30,53.53999,53.61,53.22,53.42999,22161616
1348752600,2012-09-27 09:30,53.78999,54.25999,53.62,54.07001,20720704
1348839000,2012-09-28 09:30,53.5,53.55,52.91,53,43265024
1349098200,2012-10-01 09:30,53.57001,53.98,53.36,53.42999,18016704
1349184600,2012-10-02 09:30,53.95,53.99001,53.46001,53.64,14274066
1349271000,2012-10-03 09:30,53.60001,53.64,53.3,53.42,17416752
1349357400,2012-10-04 09:30,53.81,54.13,53.7,54.07001,15963570
1349443800,2012-10-05 09:30,54.50999,54.655,54.035,54.14,13420691
1349703000,2012-10-08 09:30,53.81,53.89999,53.71001,53.82001,6655969
1349789400,2012-10-09 09:30,53.48,53.58,53.03999,53.03999,15400500
1349875800,2012-10-10 09:30,53.05,53.1413,52.72,52.89,13899352
1349962200,2012-10-11 09:30,53.42,53.64999,53.14999,53.23,13497652
1350048600,2012-10-12 09:30,53.37,53.57001,53.09,53.17,9295426
1350307800,2012-10-15 09:30,53.53,53.75,53.25999,53.69,21186528
1350394200,2012-10-16 09:30,54.23,54.61501,54.22,54.58,19155504
1350480600,2012-10-17 09:30,54.85001,55.14999,54.72,55.09,15644613
1350567000,2012-10-18 09:30,54.89999,55.23,54.72,54.88,18096144
1350653400,2012-10-19 09:30,54.73,54.74001,54.06,54.14,19565632
1350912600,2012-10-22 09:30,54.50999,54.60001,54.15311,54.52,14263383
1350999000,2012-10-23 09:30,53.42,53.46989,53.03999,53.35001,18033568
1351085400,2012-10-24 09:30,53.67999,53.75999,53.37,53.38,11683383
1351171800,2012-10-25 09:30,54,54.08,53.5,53.7,15728754
1351258200,2012-10-26 09:30,53.55,53.73,53.37,53.62,11745066
1351690200,2012-10-31 09:30,53.92,53.98,53.44,53.575,21750688
1351776600,2012-11-01 09:30,53.85001,54.22,53.78,54.21001,18856672
1351863000,2012-11-02 09:30,54.17,54.17,53.61,53.685,16524340
1352125800,2012-11-05 09:30,53.56,53.66,53.39,53.56039,9713969
1352212200,2012-11-06 09:30,53.77,54.14999,53.75,54.07001,11045277
1352298600,2012-11-07 09:30,53.5,53.52,52.97,53.25999,20992560
1352385000,2012-11-08 09:30,53.06,53.31,52.75999,52.78,19832960
1352471400,2012-11-09 09:30,52.50999,53.03011,52.5,52.8,20872016
1352730600,2012-11-12 09:30,52.81,52.91499,52.63,52.755,11864766
1352817000,2012-11-13 09:30,52.25999,52.89999,52.2101,52.5,14507363
1352903400,2012-11-14 09:30,52.69,52.74001,51.855,51.95,20602832
1352989800,2012-11-15 09:30,52.19,52.36,51.92,52.1199,15479203
1353076200,2012-11-16 09:30,52.13,52.205,51.63,52.09,18052208
1353335400,2012-11-19 09:30,52.78999,53.22,52.78,53.215,15934883
1353421800,2012-11-20 09:30,53,53.31,52.89999,53.3,13642273
1353508200,2012-11-21 09:30,53.35001,53.45,53.27,53.39,10368156
1353681000,2012-11-23 09:30,54.2,54.53999,54.17,54.53999,8397645
1353940200,2012-11-26 09:30,54.24001,54.42,54.11,54.41,13682074
1354026600,2012-11-27 09:30,54.28999,54.44,54.12,54.14,13987152
1354113000,2012-11-28 09:30,53.83,54.59,53.72,54.53,23550704
1354199400,2012-11-29 09:30,54.96001,55.13,54.71001,55,19765456
1354285800,2012-11-30 09:30,55.03,55.25,54.97099,55.07001,23565744
1354545000,2012-12-03 09:30,55.34,55.37,55.06,55.14,22076512
1354631400,2012-12-04 09:30,55.32001,55.39999,55.19,55.27499,18736816
1354717800,2012-12-05 09:30,55.3,55.60001,55.11,55.36,22117936
1354804200,2012-12-06 09:30,55.45,55.50999,55.17999,55.47,12963211
1354890600,2012-12-07 09:30,55.35001,55.50999,53.39999,55.495,11949043
1355149800,2012-12-10 09:30,55.33009,55.58,55.32001,55.549,17617392
1355236200,2012-12-11 09:30,55.72,55.95,55.72,55.87,15684375
1355322600,2012-12-12 09:30,56.03999,56.37,55.96001,56.05,18266416
1355409000,2012-12-13 09:30,55.95,56.10001,55.75,55.88,13693578
1355495400,2012-12-14 09:30,55.94,56.25999,55.89999,56.076,18514544
1355754600,2012-12-17 09:30,56.03999,56.37,56,56.315,22550624
1355841000,2012-12-18 09:30,55.95,56.35001,55.87,56.28,24270816
1355927400,2012-12-19 09:30,56.72,56.765,56.46001,56.48289,19356320
1356013800,2012-12-20 09:30,56.67999,56.88,56.53999,56.86,18545520
1356100200,2012-12-21 09:30,56.08,56.52,56.06,56.50999,22418304
1356359400,2012-12-24 09:30,56.44,56.48,56.25,56.36,7699031
1356532200,2012-12-26 09:30,56.52,56.57001,56.12,56.35001,11717949
1356618600,2012-12-27 09:30,56.66,56.67999,56.16,56.61,14207457
1356705000,2012-12-28 09:30,56.14,56.3,55.97,56.00999,18734448
1356964200,2012-12-31 09:30,56.24001,56.87,56.07001,56.86,22820752
1357137000,2013-01-02 09:30,57.67,57.78,57.39,57.745,26056256
1357223400,2013-01-03 09:30,57.33,57.53999,57.09,57.17999,23239888
1357309800,2013-01-04 09:30,57.07001,57.535,57.00999,57.47,15522277
1357569000,2013-01-07 09:30,57.02,57.28,56.94,57.22009,14102523
1357655400,2013-01-08 09:30,57.02,57.08,56.69,56.89999,15592246
1357741800,2013-01-09 09:30,57.09,57.27,57.03,57.19,12779355
1357828200,2013-01-10 09:30,57.8,58.00999,57.59,57.92,17718528
1357914600,2013-01-11 09:30,58.00999,58.11,57.83501,58.03999,12624676
1358173800,2013-01-14 09:30,58.05,58.14999,57.87,58.11,9980348
1358260200,2013-01-15 09:30,57.75,58.05,57.69,58.02,12534137
1358346600,2013-01-16 09:30,57.6199,57.81,57.52,57.74001,12906918
1358433000,2013-01-17 09:30,58.14,58.32001,58,58.21001,14936148
1358519400,2013-01-18 09:30,58.14,58.2166,57.89,58.14999,18843968
1358865000,2013-01-22 09:30,58.03,58.17999,57.83,58.17999,12090102
1358951400,2013-01-23 09:30,58.03999,58.16,57.88,58.12,10139824
1359037800,2013-01-24 09:30,58.22,58.53999,58.19,58.39999,13640055
1359124200,2013-01-25 09:30,58.95,59.03,58.7,59.03,16643496
1359383400,2013-01-28 09:30,58.81,58.85001,58.54201,58.74001,14802859
1359469800,2013-01-29 09:30,58.87,59.2,58.85001,59.14,13403223
1359556200,2013-01-30 09:30,59.17,59.425,59.13,59.2,18943312
1359642600,2013-01-31 09:30,59.11,59.27499,58.94,58.98,22252144
1359729000,2013-02-01 09:30,59.36,59.59,59.21001,59.45,19989120
1359988200,2013-02-04 09:30,58.78999,58.89,58.25999,58.38,18125168
1360074600,2013-02-05 09:30,58.53999,58.81,58.49001,58.64999,15418805
1360161000,2013-02-06 09:30,58.27991,58.67,58.24001,58.64,26335936
1360247400,2013-02-07 09:30,58.59,58.64,57.86,58.16,21947648
1360333800,2013-02-08 09:30,58.36,58.59,58.36,58.53,18326112
1360593000,2013-02-11 09:30,58.53,58.53999,58.25,58.47,12677180
1360679400,2013-02-12 09:30,58.5,58.882,58.45,58.75999,11534152
1360765800,2013-02-13 09:30,59.03999,59.17,58.84399,58.89999,8955105
1360852200,2013-02-14 09:30,58.38,58.62,58.36,58.58,10409855
1360938600,2013-02-15 09:30,58.66,58.705,58.25999,58.42999,12094992
1361284200,2013-02-19 09:30,58.92999,59.16,58.92,59.12,20173792
1361370600,2013-02-20 09:30,59.25,59.28999,58.53,58.53999,17523424
1361457000,2013-02-21 09:30,57.84,57.87,57.40199,57.66,34195168
1361543400,2013-02-22 09:30,58.12,58.50999,57.94501,58.49001,23363920
1361802600,2013-02-25 09:30,58.83,58.92999,57.02,57.09,40205072
1361889000,2013-02-26 09:30,57.67999,57.83501,57.19,57.55,25416496
1361975400,2013-02-27 09:30,57.47,58.35001,57.39999,58.28,16819504
1362061800,2013-02-28 09:30,58.25999,58.56,58.14999,58.215,17815088
1362148200,2013-03-01 09:30,57.8,58.2,57.58,58.10001,18241728
1362407400,2013-03-04 09:30,57.95,58.36,57.85001,58.35001,14580223
1362493800,2013-03-05 09:30,58.82001,59.03999,58.8,58.92999,16167984
1362580200,2013-03-06 09:30,59.17999,59.22,58.82001,59.08,17189552
1362666600,2013-03-07 09:30,59.22,59.3401,59.17999,59.25,11797879
1362753000,2013-03-08 09:30,59.28999,59.42,59.035,59.375,23305808
1363008600,2013-03-11 09:30,59.28999,59.56,59.22,59.56,10873957
1363095000,2013-03-12 09:30,59.53,59.60001,59.14999,59.25999,16015590
1363181400,2013-03-13 09:30,59.13,59.33,58.87,59.16499,20517840
1363267800,2013-03-14 09:30,59.42999,59.81,59.395,59.75,12158281
1363354200,2013-03-15 09:30,59.92,59.995,59.71001,59.871,18191056
1363613400,2013-03-18 09:30,59.12,59.64999,59.09,59.21001,25132720
1363699800,2013-03-19 09:30,59.355,59.44,58.6301,59.03,25745104
1363786200,2013-03-20 09:30,59.44,59.53999,59.28999,59.39,16134793
1363872600,2013-03-21 09:30,58.89999,59.23,58.82001,58.85001,18106800
1363959000,2013-03-22 09:30,59.1799,59.45,59.075,59.36,18090352
1364218200,2013-03-25 09:30,59.39059,59.47,58.47,58.62,31933008
1364304600,2013-03-26 09:30,58.83,59,58.66,58.985,15040668
1364391000,2013-03-27 09:30,58.31,58.72,58.2,58.7,14990223
1364477400,2013-03-28 09:30,58.82001,59.03999,58.735,58.98,28690032
1364823000,2013-04-01 09:30,58.57001,58.62,58.09,58.17,24852832
1364909400,2013-04-02 09:30,58.84,59.10001,58.73,58.81,19636560
1364995800,2013-04-03 09:30,59.06,59.14,58.47,58.52,16960912
1365082200,2013-04-04 09:30,58.72,59.10001,58.59,59.045,14924898
1365168600,2013-04-05 09:30,58.22,58.78,58.16,58.77,18160320
1365427800,2013-04-08 09:30,58.74001,59,58.64,59,17117616
1365514200,2013-04-09 09:30,58.98,59.41,58.75,59.21001,17406288
1365600600,2013-04-10 09:30,59.75,60.22,59.74001,60.08501,18195408
1365687000,2013-04-11 09:30,60.47,60.84,60.38,60.56,19865232
1365773400,2013-04-12 09:30,60.28,60.42999,60.02499,60.41,16777392
1366032600,2013-04-15 09:30,59.87,59.89999,59.185,59.22,22699856
1366119000,2013-04-16 09:30,59.89999,60.06,59.59641,60.06,14675668
1366205400,2013-04-17 09:30,59.34,59.37,58.515,58.81,30730784
1366291800,2013-04-18 09:30,58.92,58.95,58.44,58.63,19211392
1366378200,2013-04-19 09:30,59.00999,59.12,58.84,59.10001,24725808
1366637400,2013-04-22 09:30,59.10001,59.4352,58.78999,59.35001,16899872
1366723800,2013-04-23 09:30,59.84,60.23,59.82001,60.19,21257632
1366810200,2013-04-24 09:30,60.52,60.88,60.45,60.71001,18269328
1366896600,2013-04-25 09:30,61.00999,61.3,60.96001,61.03,20079136
1366983000,2013-04-26 09:30,60.96001,61.14,60.89,61.08009,13910191
1367242200,2013-04-29 09:30,61.36,61.92999,61.35001,61.86,14720992
1367328600,2013-04-30 09:30,61.84,61.995,61.71001,61.94,22261280
1367415000,2013-05-01 09:30,62,62.02,61.44,61.57001,19104608
1367501400,2013-05-02 09:30,61.42,61.89,61.36,61.75999,18247200
1367587800,2013-05-03 09:30,62.31,62.63,62.28,62.55,19161184
1367847000,2013-05-06 09:30,62.28,62.47,62.22,62.47,7583641
1367933400,2013-05-07 09:30,62.56,62.66,62.36,62.57001,15724430
1368019800,2013-05-08 09:30,62.89999,63.25999,62.89999,63.23,17768320
1368106200,2013-05-09 09:30,62.89999,62.96001,62.37,62.62,16372379
1368192600,2013-05-10 09:30,62.55,62.72,62.34,62.69,15403305
1368451800,2013-05-13 09:30,62.62,62.7,62.46001,62.66,11911348
1368538200,2013-05-14 09:30,62.56,62.88499,62.55,62.78,26158800
1368624600,2013-05-15 09:30,62.69,63.07001,62.67999,63.05,15961570
1368711000,2013-05-16 09:30,62.73,62.948,62.49001,62.62,16669051
1368797400,2013-05-17 09:30,62.64999,63.07001,62.59,63.05,12925641
1369056600,2013-05-20 09:30,63.08,63.44,63.07001,63.39999,16117156
1369143000,2013-05-21 09:30,63.14999,63.66,63.03,63.53,15283633
1369229400,2013-05-22 09:30,63.53999,64.14,62.69521,62.89,21713504
1369315800,2013-05-23 09:30,61.33,62.005,60.99001,61.99001,27055168
1369402200,2013-05-24 09:30,61.17,61.47,60.99001,61.45,19956736
1369747800,2013-05-28 09:30,61.97,62.16,61.47,61.61,20275744
1369834200,2013-05-29 09:30,61.08,61.16,60.73,61.02,18099344
1369920600,2013-05-30 09:30,61.03,61.45,60.99001,61.25999,27382832
1370007000,2013-05-31 09:30,60.50999,60.64999,60.03,60.07001,36549344
1370266200,2013-06-03 09:30,60.08,60.50999,59.765,60.3,30341648
1370352600,2013-06-04 09:30,60.78999,60.89,60.2,60.52,17024400
1370439000,2013-06-05 09:30,59.83,59.85001,59.14999,59.17,28821584
1370525400,2013-06-06 09:30,59.16,59.53,58.87,59.5,24386896
1370611800,2013-06-07 09:30,59.53999,60.31,59.39999,60.3,19245184
1370871000,2013-06-10 09:30,60.47,60.49001,60.13,60.36,14559742
1370957400,2013-06-11 09:30,59.48,59.95,59.35001,59.62,16618984
1371043800,2013-06-12 09:30,60.3,60.36,59.47,59.55,14378074
1371130200,2013-06-13 09:30,59.69,60.57001,59.59,60.46001,20158352
1371216600,2013-06-14 09:30,60.005,60.33,59.61,59.8,17334160
1371475800,2013-06-17 09:30,60.87,61.0499,60.3,60.66,17560400
1371562200,2013-06-18 09:30,60.87,61.19501,60.85001,61.09,13168496
1371648600,2013-06-19 09:30,61.03999,61.17999,59.94,59.95,33232704
1371735000,2013-06-20 09:30,58.71001,58.74001,57.66,57.75101,40517056
1371821400,2013-06-21 09:30,58.42,58.47501,57.4299,57.94,30474208
1372080600,2013-06-24 09:30,56.74001,57.33,56.44,57.03,24352736
1372167000,2013-06-25 09:30,57.53,57.85001,57.10001,57.7601,24494848
1372253400,2013-06-26 09:30,58.03,58.17999,57.77499,57.985,27141952
1372339800,2013-06-27 09:30,57.33,57.71001,57.33,57.41,17753760
1372426200,2013-06-28 09:30,57.31,57.595,57.09,57.3,31174080
1372685400,2013-07-01 09:30,57.81,58.08,57.75,57.84,15315965
1372771800,2013-07-02 09:30,57.78,58.09,57.33,57.55,13492754
1372858200,2013-07-03 09:30,57.11,57.67999,57.02,57.57001,11755473
1373031000,2013-07-05 09:30,57.96001,57.98,57.41,57.84,10197770
1373290200,2013-07-08 09:30,58.05,58.32001,58,58.2,11993172
1373376600,2013-07-09 09:30,58.64,58.64,58.16,58.52,11624184
1373463000,2013-07-10 09:30,58.50999,59.11,58.44501,58.69,16165199
1373549400,2013-07-11 09:30,59.78,60.27,59.53999,60.21001,20284544
1373635800,2013-07-12 09:30,59.77,59.92,59.63,59.81,15189762
1373895000,2013-07-15 09:30,60.03,60.19,59.92999,60.17999,17063120
1373981400,2013-07-16 09:30,60.13,60.23,59.98,60.14,10894551
1374067800,2013-07-17 09:30,60.62,60.62,60.17999,60.32001,13744434
1374154200,2013-07-18 09:30,60.49001,60.78,60.1114,60.72,11036625
1374240600,2013-07-19 09:30,60.50999,60.77,60.39999,60.67,23299280
1374499800,2013-07-22 09:30,60.81,61.07001,60.78,61.00999,16518805
1374586200,2013-07-23 09:30,61.21001,61.25999,60.9451,61.14,11131984
1374672600,2013-07-24 09:30,61.37,61.38,60.81,61.06,12887449
1374759000,2013-07-25 09:30,60.5,61.21001,60.49001,61.17999,14467004
1374845400,2013-07-26 09:30,60.63,60.8,60.3,60.8,15498973
1375104600,2013-07-29 09:30,60.24001,60.345,60.12,60.22,11063566
1375191000,2013-07-30 09:30,60.47,60.50999,60.02499,60.21001,10712660
1375277400,2013-07-31 09:30,60.06,60.75,60.06,60.35001,22989936
1375363800,2013-08-01 09:30,61.12,61.25999,60.96001,61.17,24484480
1375450200,2013-08-02 09:30,61.23,61.67,61.21001,61.67,15474988
1375709400,2013-08-05 09:30,61.39999,61.56,61.23,61.53999,11482988
1375795800,2013-08-06 09:30,61.69,61.745,61.3,61.45,18325328
1375882200,2013-08-07 09:30,61.2,61.30499,61.10001,61.17999,11989738
1375968600,2013-08-08 09:30,61.52,61.825,61.34,61.735,12612668
1376055000,2013-08-09 09:30,61.64999,61.9377,61.61,61.84,14951480
1376314200,2013-08-12 09:30,61.50999,61.73,61.5,61.67,13784961
1376400600,2013-08-13 09:30,61.83,62.14,61.49001,62.07001,13189098
1376487000,2013-08-14 09:30,62.10001,62.19,61.9875,62.10001,14259102
1376573400,2013-08-15 09:30,61.33,61.66499,60.94,61.575,23650224
1376659800,2013-08-16 09:30,61.71001,61.83,61.59,61.69099,15219555
1376919000,2013-08-19 09:30,61.62,61.66,61.21001,61.25,13596688
1377005400,2013-08-20 09:30,61.03,61.3299,60.92,61.17,12885773
1377091800,2013-08-21 09:30,60.77,61,60.23,60.45,12755125
1377178200,2013-08-22 09:30,60.89999,61.13499,60.88,61.03999,8041695
1377264600,2013-08-23 09:30,61.38,61.575,61.21001,61.57001,10141527
1377523800,2013-08-26 09:30,61.28,61.39999,61.11,61.12,8470945
1377610200,2013-08-27 09:30,60.42999,60.63,60.03999,60.08,18839040
1377696600,2013-08-28 09:30,59.75,60.215,59.67999,60.00999,10521684
1377783000,2013-08-29 09:30,59.86,60.16499,59.8,59.91,10555840
1377869400,2013-08-30 09:30,59.62,59.64,59.155,59.17,21045280
1378215000,2013-09-03 09:30,60.50999,60.595,60.03999,60.31,18912688
1378301400,2013-09-04 09:30,60.21001,60.94,60.14999,60.85001,11868762
1378387800,2013-09-05 09:30,60.59,60.86,60.58,60.8,10523387
1378474200,2013-09-06 09:30,61.06,61.31,60.64999,61.13,16398004
1378733400,2013-09-09 09:30,61.49001,62,61.49001,61.97,17397968
1378819800,2013-09-10 09:30,62.48,62.7,62.41,62.67,15972367
1378906200,2013-09-11 09:30,62.42,62.91,62.41,62.89,11864152
1378992600,2013-09-12 09:30,62.57001,62.815,62.52,62.53,16744949
1379079000,2013-09-13 09:30,62.61,62.84,62.42999,62.83,13590941
1379338200,2013-09-16 09:30,63.64999,63.64999,63.27,63.32001,18960000
1379424600,2013-09-17 09:30,63.17,63.36,63.17,63.36,10370434
1379511000,2013-09-18 09:30,63.41,65.11,63.24001,65.05,21359008
1379597400,2013-09-19 09:30,65.07001,65.08,64.64999,64.74001,19195520
1379683800,2013-09-20 09:30,64.63,64.63,64.24001,64.265,18878560
1379943000,2013-09-23 09:30,64.28999,64.36,63.955,64.25,17861056
1380029400,2013-09-24 09:30,64.2,64.41,63.98,64.14999,14979195
1380115800,2013-09-25 09:30,64.11,64.36,64.00999,64.22,14478074
1380202200,2013-09-26 09:30,64.3,64.59,64.245,64.49001,15653781
1380288600,2013-09-27 09:30,64.19,64.42,64.13,64.25999,17705792
1380547800,2013-09-30 09:30,63.61,63.97,63.55,63.80099,22275504
1380634200,2013-10-01 09:30,63.87,64.3,63.75,64.14,15392398
1380720600,2013-10-02 09:30,63.91,64.16,63.59,64.12,12621977
1380807000,2013-10-03 09:30,63.99001,64.03,63.59,63.7,16212746
1380893400,2013-10-04 09:30,63.61,63.92,63.58,63.85001,11698977
1381152600,2013-10-07 09:30,63.06,63.485,63.03999,63.19,17360768
1381239000,2013-10-08 09:30,63.22,63.30499,62.67999,62.7,19635584
1381325400,2013-10-09 09:30,62.92999,63.09,62.535,62.97,19659488
1381411800,2013-10-10 09:30,63.50999,64.2,63.5,64.10001,16423316
1381498200,2013-10-11 09:30,64.11,64.47,64.07001,64.44,13279137
1381757400,2013-10-14 09:30,64.17,64.71001,64.12,64.66,7213824
1381843800,2013-10-15 09:30,64.39999,64.52,64.28,64.35001,15599414
1381930200,2013-10-16 09:30,64.53999,64.85001,64.485,64.83501,17390368
1382016600,2013-10-17 09:30,65.19501,65.72,65.13,65.69,21850528
1382103000,2013-10-18 09:30,65.89,66.11,65.78,66.08,16283008
1382362200,2013-10-21 09:30,65.99001,66.17999,65.92999,66.17999,11068305
1382448600,2013-10-22 09:30,66.52,66.96001,66.52,66.84,13015172
1382535000,2013-10-23 09:30,66.21001,66.25,65.97,66.19,13384711
1382621400,2013-10-24 09:30,66.56,66.69,66.39999,66.64999,11820914
1382707800,2013-10-25 09:30,66.45,66.47,66.28,66.455,16688289
1382967000,2013-10-28 09:30,66.275,66.479,66.19,66.35,9936715
1383053400,2013-10-29 09:30,66.41,66.5099,66.31,66.49,12121482
1383139800,2013-10-30 09:30,66.56,66.59,65.92,66.25,18774027
1383226200,2013-10-31 09:30,66.07,66.25,65.78,65.88,22366903
1383312600,2013-11-01 09:30,65.53,65.59,65.19,65.56,18921571
1383575400,2013-11-04 09:30,65.68,65.88,65.545,65.88,27539523
1383661800,2013-11-05 09:30,65.2,65.415,64.99,65.305,13129627
1383748200,2013-11-06 09:30,65.89,66.05,65.745,65.88,16260643
1383834600,2013-11-07 09:30,65.62,65.67,64.76,64.84,22820234
1383921000,2013-11-08 09:30,64.7,65.24,64.69,65.22,15872982
1384180200,2013-11-11 09:30,65.24,65.3699,65.16,65.36,14211257
1384266600,2013-11-12 09:30,65.18,65.3165,64.97,65.14,13391029
1384353000,2013-11-13 09:30,64.64,65.42,64.62,65.35,12669399
1384439400,2013-11-14 09:30,65.35,65.73,65.29,65.645,14537105
1384525800,2013-11-15 09:30,66.03,66.32,65.9601,66.179,25278861
1384785000,2013-11-18 09:30,66.56,66.6,66.09,66.18,12776200
1384871400,2013-11-19 09:30,66.02,66.2,65.88,66.01,10664256
1384957800,2013-11-20 09:30,66.08,66.22,65.38,65.55,18220641
1385044200,2013-11-21 09:30,65.77,65.97,65.655,65.96,15963423
1385130600,2013-11-22 09:30,65.95,66.23,65.91,66.15,18658054
1385389800,2013-11-25 09:30,66.1,66.11,65.87,65.95,11835024
1385476200,2013-11-26 09:30,65.82,66.01,65.75,65.95,14620004
1385562600,2013-11-27 09:30,66.18,66.29,66.03,66.11,9667234
1385735400,2013-11-29 09:30,66.52,66.58,66.24,66.24,13964205
1385994600,2013-12-02 09:30,66.01,66.11,65.74,65.75,17686344
1386081000,2013-12-03 09:30,65.42,65.54,65.09,65.29,14776295
1386167400,2013-12-04 09:30,64.53,65,64.515,64.94,18603802
1386253800,2013-12-05 09:30,64.73,64.87,64.48,64.57,13115499
1386340200,2013-12-06 09:30,65.13,65.4,65.01,65.37,12965356
1386599400,2013-12-09 09:30,65.25,65.41,65.21,65.3,11279287
1386685800,2013-12-10 09:30,65.15,65.29,65,65.19,13978188
1386772200,2013-12-11 09:30,65.2,65.21,64.55,64.58,14150970
1386858600,2013-12-12 09:30,64.28,64.34,63.95,64.11,14118465
1386945000,2013-12-13 09:30,64.1,64.15,63.85,64.07,12214217
1387204200,2013-12-16 09:30,64.51,64.73,64.47,64.53,13338949
1387290600,2013-12-17 09:30,64.36,64.38,64.08,64.25,15973300
1387377000,2013-12-18 09:30,64.22,64.855,63.5,64.7,28970762
1387463400,2013-12-19 09:30,64.49,64.81,64.4201,64.7,20647098
1387549800,2013-12-20 09:30,64.91,65.18,64.88,65.07,18427481
1387809000,2013-12-23 09:30,65.49,65.76,65.4,65.74,15768960
1387895400,2013-12-24 09:30,65.63,65.87,65.56,65.87,6708476
1388068200,2013-12-26 09:30,66.16,66.28,66.15,66.23,8510526
1388154600,2013-12-27 09:30,66.755,66.77,66.51,66.57,18585383
1388413800,2013-12-30 09:30,66.74,66.9099,66.675,66.85,14432352
1388500200,2013-12-31 09:30,67.04,67.36,67,67.095,21704721
1388673000,2014-01-02 09:30,66.23,66.27,65.74,65.91,26240640
1388759400,2014-01-03 09:30,66.02,66.19,65.87,65.98,19270066
1389018600,2014-01-06 09:30,66.05,66.11,65.84,65.9,14737625
1389105000,2014-01-07 09:30,66.17,66.345,66.13,66.27,12075668
1389191400,2014-01-08 09:30,66.32,66.37,66.1,66.25,17555643
1389277800,2014-01-09 09:30,66.28,66.28,65.8,66.2,13128597
1389364200,2014-01-10 09:30,66.5,66.85,66.43,66.81,19676363
1389623400,2014-01-13 09:30,66.52,66.6799,66.105,66.23,19464678
1389709800,2014-01-14 09:30,66.42,66.81,66.22,66.76,12268873
1389796200,2014-01-15 09:30,66.725,67.08,66.69,67.04,12388880
1389882600,2014-01-16 09:30,66.93,67.01,66.7,67.01,21172021
1389969000,2014-01-17 09:30,66.98,67.03,66.705,66.81,22526869
1390314600,2014-01-21 09:30,67.2,67.22,66.82,67.13,18600226
1390401000,2014-01-22 09:30,67.11,67.17,66.95,67.13,12664128
1390487400,2014-01-23 09:30,66.89,66.91,66.41,66.68,17691678
1390573800,2014-01-24 09:30,65.695,65.7,64.85,64.85,25271854
1390833000,2014-01-27 09:30,64.875,64.93,64.15,64.55,21487417
1390919400,2014-01-28 09:30,64.855,65.18,64.83,65.11,15857610
1391005800,2014-01-29 09:30,64.26,64.72,64.19,64.38,21210386
1391092200,2014-01-30 09:30,64.66,64.81,64.38,64.71,14973442
1391178600,2014-01-31 09:30,63.33,64.02,63.31,63.61,39572612
1391437800,2014-02-03 09:30,63.54,63.62,62.28,62.31,45762023
1391524200,2014-02-04 09:30,62.77,63.07,62.58,63.03,26309260
1391610600,2014-02-05 09:30,63,63.21,62.76,63.16,17503866
1391697000,2014-02-06 09:30,63.72,64.31,63.71,64.28,16589138
1391783400,2014-02-07 09:30,64.62,65.13,64.47,65.12,14577244
1392042600,2014-02-10 09:30,64.93,64.94,64.75,64.9,13885353
1392129000,2014-02-11 09:30,65.27,66.05,65.25,65.93,18207233
1392215400,2014-02-12 09:30,65.95,66.11,65.85,66.04,14801412
1392301800,2014-02-13 09:30,65.46,66.28,65.43,66.24,17330041
1392388200,2014-02-14 09:30,66.17,66.56,66.1,66.49,19285696
1392733800,2014-02-18 09:30,66.94,67.14,66.76,67.06,16668591
1392820200,2014-02-19 09:30,66.92,67.22,66.57,66.61,13139883
1392906600,2014-02-20 09:30,66.54,66.9301,66.4,66.84,14098543
1392993000,2014-02-21 09:30,67.15,67.33,66.96,66.97,12629832
1393252200,2014-02-24 09:30,67.22,67.87,67.19,67.55,22573012
1393338600,2014-02-25 09:30,67.57,67.76,67.27,67.39,16834238
1393425000,2014-02-26 09:30,67.26,67.33,66.94,67.16,14872362
1393511400,2014-02-27 09:30,66.98,67.41,66.85,67.39,11392495
1393597800,2014-02-28 09:30,67.5,67.87,67.3,67.51,41960169
1393857000,2014-03-03 09:30,66.38,66.5396,65.91,66.08,27783356
1393943400,2014-03-04 09:30,67.4,67.49,67.29,67.39,29272021
1394029800,2014-03-05 09:30,67.29,67.46,67.21,67.33,16872821
1394116200,2014-03-06 09:30,68.02,68.19,67.93,68.03,15087006
1394202600,2014-03-07 09:30,67.91,67.955,67.32,67.66,21133806
1394458200,2014-03-10 09:30,67.21,67.29,66.83,67.24,23329148
1394544600,2014-03-11 09:30,67.11,67.34,66.68,66.75,17811948
1394631000,2014-03-12 09:30,66.18,66.6,66.01,66.5,14151043
1394717400,2014-03-13 09:30,66.64,66.69,65.14,65.26,35340237
1394803800,2014-03-14 09:30,64.87,65.43,64.87,65.12,24796008
1395063000,2014-03-17 09:30,65.63,66.02,65.6,65.94,24052739
1395149400,2014-03-18 09:30,65.99,66.48,65.98,66.35,19417012
1395235800,2014-03-19 09:30,66.28,66.31,65.12,65.54,22330199
1395322200,2014-03-20 09:30,64.96,65.415,64.82,65.29,18788120
1395408600,2014-03-21 09:30,65.61,65.81,65.119,65.16,17668307
1395667800,2014-03-24 09:30,65.61,65.65,64.93,65.33,17552850
1395754200,2014-03-25 09:30,65.83,66.19,65.63,66.04,20785516
1395840600,2014-03-26 09:30,66.57,66.595,66.02,66.03,27028933
1395927000,2014-03-27 09:30,66.28,66.49,66.14,66.36,22352048
1396013400,2014-03-28 09:30,66.86,67.06,66.8,66.86,13875892
1396272600,2014-03-31 09:30,67.37,67.47,67.138,67.2,24498289
1396359000,2014-04-01 09:30,67.6,67.67,67.44,67.63,13738077
1396445400,2014-04-02 09:30,67.64,67.9,67.564,67.76,15497549
1396531800,2014-04-03 09:30,67.68,67.77,67.39,67.57,14943480
1396618200,2014-04-04 09:30,67.84,67.945,67.255,67.36,20967419
1396877400,2014-04-07 09:30,67.26,67.36,66.89,67.04,16647854
1396963800,2014-04-08 09:30,66.79,67.14,66.73,67,12246221
1397050200,2014-04-09 09:30,67.55,67.9,67.2699,67.86,18492120
1397136600,2014-04-10 09:30,67.55,67.62,66.6,66.66,23677871
1397223000,2014-04-11 09:30,66.35,66.76,66.25,66.26,18552583
1397482200,2014-04-14 09:30,66.6,66.76,66.315,66.64,13239017
1397568600,2014-04-15 09:30,66.53,66.625,65.6823,66.36,21055078
1397655000,2014-04-16 09:30,66.91,67.21,66.73,67.18,19643874
1397741400,2014-04-17 09:30,67.28,67.64,67.1278,67.53,19204102
1398087000,2014-04-21 09:30,67.525,67.645,67.41,67.62,10723752
1398173400,2014-04-22 09:30,67.83,67.97,67.755,67.9,12342453
1398259800,2014-04-23 09:30,67.84,67.84,67.63,67.74,11595262
1398346200,2014-04-24 09:30,67.72,67.79,67.28,67.73,17646706
1398432600,2014-04-25 09:30,67.61,67.63,67.2,67.4,19435854
1398691800,2014-04-28 09:30,67.62,67.78,67.14,67.61,19985964
1398778200,2014-04-29 09:30,67.96,68.19,67.89,68.05,16162517
1398864600,2014-04-30 09:30,68.05,68.4,67.96,68.32,29172846
1398951000,2014-05-01 09:30,68.39,68.62,68.3,68.51,17645371
1399037400,2014-05-02 09:30,68.26,68.54,68.19,68.4,14332847
1399296600,2014-05-05 09:30,67.9,68.38,67.76,68.35,18715335
1399383000,2014-05-06 09:30,68.36,68.4,68.16,68.23,10209071
1399469400,2014-05-07 09:30,68.21,68.35,67.945,68.31,12801711
1399555800,2014-05-08 09:30,68.41,68.64,68.225,68.32,13187450
1399642200,2014-05-09 09:30,68.27,68.32,67.98,68.22,8089875
1399901400,2014-05-12 09:30,68.48,68.69,68.42,68.67,13959757
1399987800,2014-05-13 09:30,68.765,68.8,68.605,68.77,18673515
1400074200,2014-05-14 09:30,68.75,68.9,68.55,68.64,15816699
1400160600,2014-05-15 09:30,68.49,68.53,68.0842,68.34,20007507
1400247000,2014-05-16 09:30,68.35,68.49,68.229,68.49,12874485
1400506200,2014-05-19 09:30,68.12,68.4,68.1,68.35,9415209
1400592600,2014-05-20 09:30,68.11,68.15,67.72,67.92,13695246
1400679000,2014-05-21 09:30,68.2,68.47,68.17,68.45,10953380
1400765400,2014-05-22 09:30,68.46,68.61,68.41,68.54,8121830
1400851800,2014-05-23 09:30,68.49,68.79,68.49,68.72,7648981
1401197400,2014-05-27 09:30,69.22,69.26,68.98,69.21,9819701
1401283800,2014-05-28 09:30,69.02,69.06,68.85,68.98,8894287
1401370200,2014-05-29 09:30,69.28,69.4,69.14,69.4,16668404
1401456600,2014-05-30 09:30,69.32,69.45,69.26,69.41,15728223
1401715800,2014-06-02 09:30,69.64,69.64,69.4,69.55,8915101
1401802200,2014-06-03 09:30,69.32,69.41375,69.29,69.38,9629126
1401888600,2014-06-04 09:30,69.23,69.43,69.1601,69.36,10850800
1401975000,2014-06-05 09:30,69.56,69.9,69.31,69.84,11099366
1402061400,2014-06-06 09:30,70.02,70.22,69.91,70.22,11780065
1402320600,2014-06-09 09:30,69.95,70.19,69.915,70.15,12685179
1402407000,2014-06-10 09:30,69.85,70,69.74,70,11347636
1402493400,2014-06-11 09:30,69.69,69.78,69.57,69.65,8827225
1402579800,2014-06-12 09:30,69.87,69.94,69.55,69.67,10679542
1402666200,2014-06-13 09:30,69.72,69.855,69.55,69.72,22214681
1402925400,2014-06-16 09:30,69.6,69.81,69.56,69.74,9584626
1403011800,2014-06-17 09:30,69.41,69.7,69.39,69.69,9222709
1403098200,2014-06-18 09:30,69.77,70.31,69.54,70.29,14870349
1403184600,2014-06-19 09:30,70.73,70.785,70.54,70.67,12490391
1403271000,2014-06-20 09:30,70.57,70.61,70.415,70.55,16113052
1403530200,2014-06-23 09:30,70.23,70.39,70.04,70.36,9836014
1403616600,2014-06-24 09:30,70.21,70.28,69.84,69.92,17810051
1403703000,2014-06-25 09:30,67.89,68.28,67.88,68.22,17373141
1403789400,2014-06-26 09:30,68.12,68.28,67.67,68.27,14342032
1403875800,2014-06-27 09:30,68.04,68.34,67.97,68.31,9721265
1404135000,2014-06-30 09:30,68.16,68.439,68.15,68.37,16580650
1404221400,2014-07-01 09:30,68.72,69.075,68.68,68.97,12975341
1404307800,2014-07-02 09:30,68.95,69.09,68.87,69.08,11254386
1404394200,2014-07-03 09:30,69.06,69.29,69.03,69.22,7757304
1404739800,2014-07-07 09:30,68.69,68.788,68.58,68.68,8533465
1404826200,2014-07-08 09:30,68.28,68.29,67.782,67.96,11505244
1404912600,2014-07-09 09:30,67.89,68.27,67.85,68.18,15042732
1404999000,2014-07-10 09:30,66.96,67.45,66.92,67.43,12905695
1405085400,2014-07-11 09:30,67.34,67.52,67.1701,67.47,11225758
1405344600,2014-07-14 09:30,68.11,68.12,67.94,67.97,9020811
1405431000,2014-07-15 09:30,68.03,68.09,67.515,67.8,12444457
1405517400,2014-07-16 09:30,68.28,68.32,68.115,68.22,9427564
1405603800,2014-07-17 09:30,67.82,68.1,67.31,67.3499,15085083
1405690200,2014-07-18 09:30,67.52,67.99,67.48,67.88,11615257
1405949400,2014-07-21 09:30,67.46,67.67,67.3199,67.63,12114811
1406035800,2014-07-22 09:30,67.99,68.06,67.89,67.93,12232769
1406122200,2014-07-23 09:30,68.2,68.2,68,68.07,8668235
1406208600,2014-07-24 09:30,68.26,68.32,68.14,68.23,6826195
1406295000,2014-07-25 09:30,68.11,68.15,67.69,67.95,8885701
1406554200,2014-07-28 09:30,67.96,68.06,67.58,67.96,8065897
1406640600,2014-07-29 09:30,68.15,68.19,67.775,67.82,9154805
1406727000,2014-07-30 09:30,67.82,67.955,67.46,67.72,11169277
1406813400,2014-07-31 09:30,67.03,67.12,66.52,66.59,26161541
1406899800,2014-08-01 09:30,66.32,66.57,66,66.13,25398283
1407159000,2014-08-04 09:30,66.41,66.56,66.03,66.44,15220840
1407245400,2014-08-05 09:30,66.07,66.12,65.46,65.59,20914078
1407331800,2014-08-06 09:30,65.09,65.61,65.08,65.43,16592701
1407418200,2014-08-07 09:30,65.57,65.64,64.731,64.9,17346928
1407504600,2014-08-08 09:30,64.84,65.32,64.71,65.28,15434193
1407763800,2014-08-11 09:30,65.57,65.695,65.47,65.53,10497557
1407850200,2014-08-12 09:30,65.43,65.58,65.32,65.48,12398400
1407936600,2014-08-13 09:30,65.87,65.99,65.72,65.85,12378658
1408023000,2014-08-14 09:30,66.1,66.21,66,66.2,11941585
1408109400,2014-08-15 09:30,66.51,66.62,65.6,66.13,23432917
1408368600,2014-08-18 09:30,66.43,66.59,66.385,66.56,11630658
1408455000,2014-08-19 09:30,66.59,66.72,66.56,66.72,8514394
1408541400,2014-08-20 09:30,66.33,66.6,66.32,66.51,11419424
1408627800,2014-08-21 09:30,66.69,66.885,66.645,66.79,8523587
1408714200,2014-08-22 09:30,66.6,66.65,66.235,66.47,9000910
1408973400,2014-08-25 09:30,66.78,67.08,66.74,66.9,13867608
1409059800,2014-08-26 09:30,66.98,67.19,66.89,66.91,22103599
1409146200,2014-08-27 09:30,67.19,67.2,66.97,67.04,10792855
1409232600,2014-08-28 09:30,66.63,66.79,66.57,66.74,10674338
1409319000,2014-08-29 09:30,66.72,66.765,66.46,66.71,19832711
1409664600,2014-09-02 09:30,66.91,66.91,66.61,66.84,14537069
1409751000,2014-09-03 09:30,67.45,67.47,67.19,67.31,15491747
1409837400,2014-09-04 09:30,67.22,67.41,66.83,66.99,11043004
1409923800,2014-09-05 09:30,66.8,67.02,66.64,67,9374310
1410183000,2014-09-08 09:30,66.5,66.605,66.16,66.29,13282614
1410269400,2014-09-09 09:30,66.21,66.21,65.88,66.1,15015047
1410355800,2014-09-10 09:30,66.1,66.48,66.03,66.48,14634796
1410442200,2014-09-11 09:30,66.01,66.14,65.84,66.11,12136680
1410528600,2014-09-12 09:30,66.05,66.1,65.84,66.02,12022918
1410787800,2014-09-15 09:30,65.93,65.97,65.76,65.88,8709543
1410874200,2014-09-16 09:30,65.525,66.25,65.51,66.16,14405100
1410960600,2014-09-17 09:30,65.97,66.1,65.53,65.69,19753935
1411047000,2014-09-18 09:30,66.06,66.26,66.05,66.2,14467478
1411133400,2014-09-19 09:30,66.29,66.31,65.92,65.97,11800470
1411392600,2014-09-22 09:30,65.89,65.9,65.53,65.68,29390761
1411479000,2014-09-23 09:30,65.24,65.44,65.05,65.13,18721745
1411565400,2014-09-24 09:30,65.14,65.51,64.95,65.46,12589888
1411651800,2014-09-25 09:30,65.12,65.12,64.43,64.5,15639282
1411738200,2014-09-26 09:30,64.71,64.97,64.55,64.77,14040200
1411997400,2014-09-29 09:30,64.08,64.35,63.99,64.17,17351811
1412083800,2014-09-30 09:30,63.99,64.33,63.845,64.12,17807627
1412170200,2014-10-01 09:30,63.75,63.83,63.23,63.36,21791140
1412256600,2014-10-02 09:30,63.01,63.08,62.1,62.68,21687559
1412343000,2014-10-03 09:30,62.59,62.76,62.43,62.68,11116929
1412602200,2014-10-06 09:30,63.02,63.165,62.67,63.08,16614012
1412688600,2014-10-07 09:30,62.66,62.69,62,62.01,15615937
1412775000,2014-10-08 09:30,62.08,63.09,61.845,62.99,18310323
1412861400,2014-10-09 09:30,62.38,62.51,61.23,61.3,23813383
1412947800,2014-10-10 09:30,61.01,61.18,60.36,60.38,26414412
1413207000,2014-10-13 09:30,61.05,61.2,60.28,60.3,16363605
1413293400,2014-10-14 09:30,60.74,60.95,60.34,60.45,22292231
1413379800,2014-10-15 09:30,60.05,60.16,58.965,60.09,37303897
1413466200,2014-10-16 09:30,58.68,60.09,58.61,59.53,49006506
1413552600,2014-10-17 09:30,60.46,60.8,60.275,60.64,22794146
1413811800,2014-10-20 09:30,60.57,61.12,60.55,61.02,22996182
1413898200,2014-10-21 09:30,61.34,61.8,61.29,61.75,16849706
1413984600,2014-10-22 09:30,61.71,61.88,61.25,61.3,13982329
1414071000,2014-10-23 09:30,61.82,62.21,61.745,61.89,17097031
1414157400,2014-10-24 09:30,62.06,62.25,61.87,62.23,12251109
1414416600,2014-10-27 09:30,61.68,62.16,61.59,61.88,17838409
1414503000,2014-10-28 09:30,62.53,62.83,62.45,62.82,14653099
1414589400,2014-10-29 09:30,63,63.12,62.14,62.34,21781794
1414675800,2014-10-30 09:30,62.14,62.977,62.08,62.79,14595816
1414762200,2014-10-31 09:30,63.71,63.98,63.53,63.95,22786774
1415025000,2014-11-03 09:30,63.52,63.61,63.2,63.4,14384764
1415111400,2014-11-04 09:30,62.94,63.07,62.6601,63.04,12741811
1415197800,2014-11-05 09:30,63.18,63.25,62.88,63.16,13033533
1415284200,2014-11-06 09:30,63.02,63.18,62.66,62.82,13624530
1415370600,2014-11-07 09:30,62.61,62.87,62.38,62.85,10950876
1415629800,2014-11-10 09:30,63.09,63.2,62.9,63.13,10235203
1415716200,2014-11-11 09:30,63.29,63.58,63.16,63.51,12372765
1415802600,2014-11-12 09:30,62.81,63.08,62.8,62.97,9970675
1415889000,2014-11-13 09:30,63.04,63.4,63,63.27,18654704
1415975400,2014-11-14 09:30,62.88,63.39,62.87,63.36,13368571
1416234600,2014-11-17 09:30,62.84,63.17,62.81,63.11,11203652
1416321000,2014-11-18 09:30,63.58,63.91,63.535,63.8,19695448
1416407400,2014-11-19 09:30,63.63,63.83,63.335,63.61,13908813
1416493800,2014-11-20 09:30,62.97,63.4,62.95,63.23,16494377
1416580200,2014-11-21 09:30,64.02,64.06,63.57,63.78,22414353
1416839400,2014-11-24 09:30,64.06,64.16,63.93,64.15,16662552
1416925800,2014-11-25 09:30,64.155,64.33,64.02,64.26,18289630
1417012200,2014-11-26 09:30,64.34,64.54,64.235,64.51,9788043
1417185000,2014-11-28 09:30,64.1,64.16,63.94,63.99,8429254
1417444200,2014-12-01 09:30,64.03,64.08,63.73,63.93,14827782
1417530600,2014-12-02 09:30,64.06,64.1299,63.92,64.11,19349296
1417617000,2014-12-03 09:30,63.95,64.09,63.855,64.03,10722399
1417703400,2014-12-04 09:30,63.86,64.09,63.61,63.82,18286409
1417789800,2014-12-05 09:30,63.98,64.16,63.81,63.96,13946986
1418049000,2014-12-08 09:30,63.59,63.71,63.35,63.4,14590162
1418135400,2014-12-09 09:30,62.81,63.11,62.62,63.06,18136312
1418221800,2014-12-10 09:30,62.9,62.9,62.16,62.26,27669672
1418308200,2014-12-11 09:30,62.36,62.68,62.11,62.18,19542611
1418394600,2014-12-12 09:30,62.01,62.12,60.94,60.98,31169607
1418653800,2014-12-15 09:30,61.16,61.26,59.78,59.97,38599941
1418740200,2014-12-16 09:30,60.02,61.16,59.92,60.4,38250498
1418826600,2014-12-17 09:30,60.02,60.96,59.99,60.53,28795347
1418913000,2014-12-18 09:30,61.22,61.7,61.12,61.61,33053675
1418999400,2014-12-19 09:30,61.47,61.8799,61.33,61.7,29690683
1419258600,2014-12-22 09:30,61.97,62.04,61.75,62,24782453
1419345000,2014-12-23 09:30,61.87,61.95,61.71,61.8,21929237
1419431400,2014-12-24 09:30,61.88,62.2167,61.78,62.08,12379363
1419604200,2014-12-26 09:30,62.27,62.35,62.19,62.24,17681142
1419863400,2014-12-29 09:30,61.71,62.01,61.7,61.79,22005587
1419949800,2014-12-30 09:30,61.44,61.5,61.2,61.22,20271587
1420036200,2014-12-31 09:30,61.45,61.46,60.805,60.84,22494954
1420209000,2015-01-02 09:30,61.05,61.13,60.46,60.58,24674810
1420468200,2015-01-05 09:30,59.73,59.775,58.995,59.15,28468244
1420554600,2015-01-06 09:30,59.1,59.305,58.2863,58.48,21711619
1420641000,2015-01-07 09:30,58.95,59.23,58.57,59.13,19048936
1420727400,2015-01-08 09:30,59.49,60.139,59.46,59.93,16680027
1420813800,2015-01-09 09:30,60,60,59.34,59.64,17938204
1421073000,2015-01-12 09:30,59.71,59.76,59.205,59.5,18561207
1421159400,2015-01-13 09:30,60.24,60.39,59.38,59.8,15396200
1421245800,2015-01-14 09:30,59.51,59.75,59.22,59.63,16051851
1421332200,2015-01-15 09:30,60.345,60.41,59.86,60.01,21885109
1421418600,2015-01-16 09:30,60.08,60.84,59.985,60.79,29675542
1421764200,2015-01-20 09:30,61.27,61.31,60.76,61,19318048
1421850600,2015-01-21 09:30,60.98,61.5,60.89,61.48,26882545
1421937000,2015-01-22 09:30,61.3,61.87,61.17,61.71,15610403
1422023400,2015-01-23 09:30,61.6,61.77,61.34,61.36,19495685
1422282600,2015-01-26 09:30,61.86,62.34,61.7,62.2,18463332
1422369000,2015-01-27 09:30,62.07,62.42,61.93,62.29,20064297
1422455400,2015-01-28 09:30,62.31,62.3799,61.325,61.36,20033124
1422541800,2015-01-29 09:30,61.89,62.25,61.67,62.2,31207948
1422628200,2015-01-30 09:30,61.59,61.8128,61.2,61.22,39271009
1422887400,2015-02-02 09:30,61.63,62.1,61.46,61.96,24878661
1422973800,2015-02-03 09:30,62.34,63.06,62.32,62.95,27679397
1423060200,2015-02-04 09:30,62.62,62.945,62.38,62.43,17454177
1423146600,2015-02-05 09:30,62.84,63.3,62.755,63.29,23933454
1423233000,2015-02-06 09:30,62.69,62.9,62.3199,62.5,18530149
1423492200,2015-02-09 09:30,61.99,62.38,61.99,62.2,15940496
1423578600,2015-02-10 09:30,62.59,62.82,62.31,62.77,14302536
1423665000,2015-02-11 09:30,62.36,62.56,62.12,62.43,16405389
1423751400,2015-02-12 09:30,62.86,63.41,62.86,63.4,16664683
1423837800,2015-02-13 09:30,63.66,63.84,63.65,63.82,17919070
1424183400,2015-02-17 09:30,63.7,64.1,63.5401,63.97,13660319
1424269800,2015-02-18 09:30,64.16,64.54,64.04,64.35,16777781
1424356200,2015-02-19 09:30,64.35,64.67,64.31,64.43,17091007
1424442600,2015-02-20 09:30,64.24,65.27,64.13,65.03,34658650
1424701800,2015-02-23 09:30,64.68,64.91,64.63,64.8,13630915
1424788200,2015-02-24 09:30,64.78,65.29,64.66,65.2,16373392
1424874600,2015-02-25 09:30,65.1,65.33,65.02,65.25,10224770
1424961000,2015-02-26 09:30,65.1,65.24,64.9301,65.07,12790980
1425047400,2015-02-27 09:30,65.13,65.35,65.025,65.1,22960895
1425306600,2015-03-02 09:30,65.08,65.22,64.97,65.2,21297828
1425393000,2015-03-03 09:30,64.96,65.05,64.63,64.8,12564366
1425479400,2015-03-04 09:30,64.44,64.59,64.08,64.54,15625081
1425565800,2015-03-05 09:30,64.74,64.89,64.565,64.69,15540909
1425652200,2015-03-06 09:30,64.18,64.32,63.75,63.81,24040475
1425907800,2015-03-09 09:30,63.78,63.99,63.705,63.91,11908966
1425994200,2015-03-10 09:30,62.86,62.975,62.486,62.52,20979980
1426080600,2015-03-11 09:30,62.63,62.8151,62.39,62.68,20000363
1426167000,2015-03-12 09:30,63.4,63.48,63.1301,63.46,16362205
1426253400,2015-03-13 09:30,62.95,63.14,62.69,63.09,16277248
1426512600,2015-03-16 09:30,63.53,63.9,63.5,63.8,15828656
1426599000,2015-03-17 09:30,63.48,63.73,63.3,63.64,16273260
1426685400,2015-03-18 09:30,63.63,65.1,63.61,65,28290710
1426771800,2015-03-19 09:30,64.24,64.41,64.07,64.24,20155132
1426858200,2015-03-20 09:30,65.32,65.9,65.11,65.66,28789264
1427117400,2015-03-23 09:30,65.88,66.13,65.72,65.99,13958724
1427203800,2015-03-24 09:30,66.11,66.205,65.85,65.85,18037342
1427290200,2015-03-25 09:30,66.09,66.19,65.5,65.54,17853728
1427376600,2015-03-26 09:30,64.98,65.12,64.54,64.97,24344490
1427463000,2015-03-27 09:30,64.98,65.205,64.82,65.14,16596705
1427722200,2015-03-30 09:30,65.13,65.33,65.1,65.18,27480187
1427808600,2015-03-31 09:30,64.14,64.54,64.0701,64.17,27717182
1427895000,2015-04-01 09:30,64.66,64.66,64.17,64.63,30907001
1427981400,2015-04-02 09:30,65.01,65.24,64.93,65.19,15597235
1428327000,2015-04-06 09:30,65.59,66.15,65.41,65.85,16304564
1428413400,2015-04-07 09:30,65.95,66.24,65.73,65.76,13742896
1428499800,2015-04-08 09:30,66.4,66.43,65.75,66.04,16148264
1428586200,2015-04-09 09:30,66.1,66.14,65.81,66.13,17741096
1428672600,2015-04-10 09:30,65.99,66.27,65.925,66.26,12665763
1428931800,2015-04-13 09:30,65.96,66.1199,65.72,65.84,15048706
1429018200,2015-04-14 09:30,66.24,66.37,66.13,66.33,13929846
1429104600,2015-04-15 09:30,66.51,66.74,66.225,66.63,13210578
1429191000,2015-04-16 09:30,66.7,67,66.4101,66.81,17461205
1429277400,2015-04-17 09:30,65.94,66.0399,65.685,65.97,18805187
1429536600,2015-04-20 09:30,66.01,66.23,65.96,66.04,12557398
1429623000,2015-04-21 09:30,66.62,66.79,66.4874,66.63,10696752
1429709400,2015-04-22 09:30,66.65,66.78,66.32,66.76,8776102
1429795800,2015-04-23 09:30,66.39,67.11,66.35,67.01,12240668
1429882200,2015-04-24 09:30,67.27,67.5101,66.99,67.4,11090308
1430141400,2015-04-27 09:30,67.77,68.06,67.66,67.73,18320601
1430227800,2015-04-28 09:30,67.56,67.825,67.35,67.81,13769240
1430314200,2015-04-29 09:30,67.3,67.515,66.96,67.22,19465541
1430400600,2015-04-30 09:30,66.75,66.9201,66.43,66.51,27726483
1430487000,2015-05-01 09:30,66.865,67.4,66.65,67.25,28710222
1430746200,2015-05-04 09:30,67.21,67.3,67.05,67.18,18863115
1430832600,2015-05-05 09:30,66.9,66.91,66.085,66.18,21317434
1430919000,2015-05-06 09:30,66.6,66.7,66.07,66.35,16573462
1431005400,2015-05-07 09:30,66.06,66.22,65.85,66.13,17710575
1431091800,2015-05-08 09:30,67.28,67.76,67.26,67.66,30634352
1431351000,2015-05-11 09:30,67.16,67.38,67.04,67.07,14535357
1431437400,2015-05-12 09:30,66.95,67.2,66.83,67.03,12054237
1431523800,2015-05-13 09:30,67.72,67.8999,67.43,67.53,14542797
1431610200,2015-05-14 09:30,68.13,68.36,68,68.34,18271740
1431696600,2015-05-15 09:30,68.11,68.48,67.98,68.42,14671763
1431955800,2015-05-18 09:30,68.1,68.25,67.99,68.19,11873630
1432042200,2015-05-19 09:30,67.92,68.09,67.84,67.93,11406636
1432128600,2015-05-20 09:30,67.9,68.28,67.8,68.06,13862686
1432215000,2015-05-21 09:30,68.16,68.515,68.11,68.42,11439465
1432301400,2015-05-22 09:30,68.07,68.13,67.92,67.98,12172854
1432647000,2015-05-26 09:30,67.36,67.39,66.63,66.76,20327361
1432733400,2015-05-27 09:30,66.84,67.48,66.81,67.41,17786132
1432819800,2015-05-28 09:30,67.06,67.365,66.755,67.29,12744714
1432906200,2015-05-29 09:30,66.95,67.085,66.32,66.64,23778844
1433165400,2015-06-01 09:30,66.8,66.845,66.19,66.46,19068919
1433251800,2015-06-02 09:30,66.64,67.0872,66.515,66.77,14239073
1433338200,2015-06-03 09:30,67.03,67.48,67.03,67.14,21307754
1433424600,2015-06-04 09:30,66.7,67.195,66.21,66.42,17187413
1433511000,2015-06-05 09:30,65.47,65.88,65.2432,65.63,14624092
1433770200,2015-06-08 09:30,65.53,65.595,65.29,65.54,14676977
1433856600,2015-06-09 09:30,65.2,65.365,64.87,65.18,13114561
1433943000,2015-06-10 09:30,66.15,66.73,66.07,66.55,17291633
1434029400,2015-06-11 09:30,66.81,66.95,66.43,66.73,20555098
1434115800,2015-06-12 09:30,66.04,66.455,65.82,66.2,15305805
1434375000,2015-06-15 09:30,65.39,65.85,65.34,65.8,15121129
1434461400,2015-06-16 09:30,65.47,65.84,65.36,65.78,11991184
1434547800,2015-06-17 09:30,65.54,65.786,64.99,65.63,17100713
1434634200,2015-06-18 09:30,65.83,66.78,65.775,66.22,24587297
1434720600,2015-06-19 09:30,66.16,66.26,66.02,66.06,15281921
1434979800,2015-06-22 09:30,67.33,67.72,67.195,67.31,28716940
1435066200,2015-06-23 09:30,67.42,67.6,67.4,67.49,13661348
1435152600,2015-06-24 09:30,67.13,67.3,66.87,66.9,21326501
1435239000,2015-06-25 09:30,66.07,66.07,65.725,65.77,16402849
1435325400,2015-06-26 09:30,65.87,66.025,65.58,65.74,19240832
1435584600,2015-06-29 09:30,64.43,64.67,63.565,63.72,33747138
1435671000,2015-06-30 09:30,64.37,64.375,63.26,63.49,32195358
1435757400,2015-07-01 09:30,64.23,64.32,63.65,63.9,31824847
1435843800,2015-07-02 09:30,64.08,64.105,63.82,63.98,20988505
1436189400,2015-07-06 09:30,62.64,63.2399,62.49,62.69,21103822
1436275800,2015-07-07 09:30,62.25,62.82,61.43,62.71,36633365
1436362200,2015-07-08 09:30,61.72,61.755,61.12,61.25,32728237
1436448600,2015-07-09 09:30,62.65,62.72,62.13,62.26,19963367
1436535000,2015-07-10 09:30,64.18,64.39,63.86,64.3,28190421
1436794200,2015-07-13 09:30,64.51,64.67,64.44,64.54,14287574
1436880600,2015-07-14 09:30,64.79,65.16,64.7,65.08,19816184
1436967000,2015-07-15 09:30,64.92,65.07,64.67,64.84,14709628
1437053400,2015-07-16 09:30,65.45,65.56,65.34,65.4,20763405
1437139800,2015-07-17 09:30,65.37,65.37,65.21,65.31,14773593
1437399000,2015-07-20 09:30,65.49,65.61,65.31,65.46,8767834
1437485400,2015-07-21 09:30,65.24,65.37,65.14,65.27,14081762
1437571800,2015-07-22 09:30,64.59,64.81,64.59,64.77,10181742
1437658200,2015-07-23 09:30,64.88,64.9,64.49,64.6,10900912
1437744600,2015-07-24 09:30,64.45,64.47,63.82,63.89,13709434
1438003800,2015-07-27 09:30,63.74,63.75,63.32,63.42,19026064
1438090200,2015-07-28 09:30,63.87,64.245,63.57,64.22,14788087
1438176600,2015-07-29 09:30,64.17,64.66,64.13,64.45,15938934
1438263000,2015-07-30 09:30,64.21,64.41,63.92,64.4,17496685
1438349400,2015-07-31 09:30,64.98,65.02,64.59,64.78,20646870
1438608600,2015-08-03 09:30,64.85,64.8799,64.41,64.61,25131584
1438695000,2015-08-04 09:30,64.75,64.855,64.51,64.66,13358994
1438781400,2015-08-05 09:30,65.02,65.195,64.92,65,13602735
1438867800,2015-08-06 09:30,64.88,64.955,64.541,64.73,12451303
1438954200,2015-08-07 09:30,64.39,64.65,64.31,64.61,14351218
1439213400,2015-08-10 09:30,64.78,65.43,64.77,65.4,13702884
1439299800,2015-08-11 09:30,64.5,64.58,64.1341,64.4,15705818
1439386200,2015-08-12 09:30,63.52,63.94,63.1509,63.94,27756584
1439472600,2015-08-13 09:30,63.83,64.02,63.65,63.9,12709558
1439559000,2015-08-14 09:30,63.68,64.03,63.62,64,16930139
1439818200,2015-08-17 09:30,63.46,63.89,63.35,63.88,8885624
1439904600,2015-08-18 09:30,63.47,63.6,63.28,63.4,10943768
1439991000,2015-08-19 09:30,62.9,63.13,62.48,62.84,16573305
1440077400,2015-08-20 09:30,62.12,62.22,61.3,61.32,32339129
1440163800,2015-08-21 09:30,61.14,61.3,59.76,59.92,47017694
1440423000,2015-08-24 09:30,57.35,59.1201,56.51,57.85,62952916
1440509400,2015-08-25 09:30,60.38,60.39,58.3,58.4,50627017
1440595800,2015-08-26 09:30,59.68,59.81,58.38,59.78,49202879
1440682200,2015-08-27 09:30,60.07,60.7,59.97,60.51,39984008
1440768600,2015-08-28 09:30,60.11,60.54,60.07,60.42,24230786
1441027800,2015-08-31 09:30,60.035,60.265,59.76,59.97,35806830
1441114200,2015-09-01 09:30,58.25,58.57,57.7725,57.96,42250428
1441200600,2015-09-02 09:30,58.93,58.94,58.2,58.82,23372738
1441287000,2015-09-03 09:30,59.02,59.41,58.82,58.96,23500606
1441373400,2015-09-04 09:30,57.705,57.94,57.34,57.61,25772905
1441719000,2015-09-08 09:30,59.05,59.33,58.86,59.3,21504493
1441805400,2015-09-09 09:30,60.23,60.25,59,59.06,29179744
1441891800,2015-09-10 09:30,59.11,59.689,59,59.45,20800900
1441978200,2015-09-11 09:30,59.02,59.44,58.91,59.44,12954105
1442237400,2015-09-14 09:30,58.93,59.03,58.72,58.99,12187395
1442323800,2015-09-15 09:30,58.88,59.44,58.79,59.39,18168780
1442410200,2015-09-16 09:30,59.9,60.315,59.805,60.3,28218545
1442496600,2015-09-17 09:30,59.94,61.02,59.915,60.33,24074720
1442583000,2015-09-18 09:30,59.19,59.48,58.79,58.82,36952890
1442842200,2015-09-21 09:30,59,59.1083,58.54,58.79,17896331
1442928600,2015-09-22 09:30,57.41,57.57,56.9799,57.39,29234821
1443015000,2015-09-23 09:30,57.47,57.52,56.9,57.12,17145219
1443101400,2015-09-24 09:30,56.64,57.09,56.3,56.96,22895084
1443187800,2015-09-25 09:30,57.82,57.94,57.22,57.46,21771442
1443447000,2015-09-28 09:30,57.02,57.06,56.24,56.33,18785030
1443533400,2015-09-29 09:30,56.13,56.36,55.88,56.25,20216446
1443619800,2015-09-30 09:30,57.15,57.37,56.74,57.32,37769758
1443706200,2015-10-01 09:30,57.67,57.78,56.99,57.5,20445171
1443792600,2015-10-02 09:30,57.25,58.49,57.12,58.48,20793763
1444051800,2015-10-05 09:30,59.22,59.67,59.22,59.64,27746542
1444138200,2015-10-06 09:30,59.64,59.95,59.57,59.71,18133106
1444224600,2015-10-07 09:30,60.37,60.62,59.96,60.46,20499090
1444311000,2015-10-08 09:30,60.06,60.94,60.06,60.94,16875505
1444397400,2015-10-09 09:30,61.05,61.19,60.85,61.05,16867884
1444656600,2015-10-12 09:30,60.93,61.02,60.8,60.93,9238039
1444743000,2015-10-13 09:30,60.12,60.63,60.1,60.16,19519241
1444829400,2015-10-14 09:30,60.32,60.51,60.095,60.28,20762189
1444915800,2015-10-15 09:30,60.76,61.34,60.7,61.31,21855577
1445002200,2015-10-16 09:30,61.22,61.32,61.014,61.26,23372429
1445261400,2015-10-19 09:30,61,61.06,60.81,61.05,11784654
1445347800,2015-10-20 09:30,60.78,60.96,60.7208,60.8,12930049
1445434200,2015-10-21 09:30,61.17,61.2,60.73,60.77,12731710
1445520600,2015-10-22 09:30,61.11,61.7,61.09,61.45,28347492
1445607000,2015-10-23 09:30,61.99,62.19,61.8,62.06,16648539
1445866200,2015-10-26 09:30,61.97,61.99,61.78,61.83,14032871
1445952600,2015-10-27 09:30,61.37,61.48,61.195,61.29,14566400
1446039000,2015-10-28 09:30,61.54,62.03,61.12,61.69,17326298
1446125400,2015-10-29 09:30,60.96,61.29,60.96,61.24,12842994
1446211800,2015-10-30 09:30,61.26,61.52,61.08,61.11,19115269
1446474600,2015-11-02 09:30,61.44,61.69,61.365,61.69,14749693
1446561000,2015-11-03 09:30,61.285,61.82,61.2051,61.67,14282927
1446647400,2015-11-04 09:30,61.72,61.7485,61.153,61.33,21019325
1446733800,2015-11-05 09:30,61.45,61.53,61.07,61.22,21648095
1446820200,2015-11-06 09:30,60.84,61,60.54,60.94,17523178
1447079400,2015-11-09 09:30,60.56,60.63,60.07,60.31,23887596
1447165800,2015-11-10 09:30,60.03,60.29,59.93,60.27,14471949
1447252200,2015-11-11 09:30,60.8,60.84,60.48,60.58,14220000
1447338600,2015-11-12 09:30,60.06,60.285,59.79,59.79,31911338
1447425000,2015-11-13 09:30,59.495,59.585,59.191,59.29,26248421
1447684200,2015-11-16 09:30,59.34,60.05,59.315,60.0408,16939229
1447770600,2015-11-17 09:30,60.3,60.52,60.085,60.2,22458621
1447857000,2015-11-18 09:30,60.39,60.83,60.27,60.75,15481028
1447943400,2015-11-19 09:30,61.11,61.2983,61.02,61.06,19981104
1448029800,2015-11-20 09:30,61.24,61.35,60.88,60.92,18499753
1448289000,2015-11-23 09:30,60.76,60.895,60.415,60.54,19432785
1448375400,2015-11-24 09:30,60.1,60.635,60.06,60.55,21726972
1448461800,2015-11-25 09:30,60.64,60.815,60.48,60.69,13351699
1448634600,2015-11-27 09:30,60.76,60.8,60.65,60.7,6400380
1448893800,2015-11-30 09:30,60.79,60.82,60.59,60.65,23366697
1448980200,2015-12-01 09:30,61.14,61.33,60.98,61.29,34990656
1449066600,2015-12-02 09:30,61.01,61.17,60.56,60.64,21426039
1449153000,2015-12-03 09:30,60.95,60.98,60.1,60.35,26897122
1449239400,2015-12-04 09:30,60.14,60.91,60.11,60.84,23382087
1449498600,2015-12-07 09:30,60.56,60.59,60.225,60.45,29861732
1449585000,2015-12-08 09:30,59.42,59.675,59.235,59.56,26323002
1449671400,2015-12-09 09:30,59.57,60.02,58.99,59.29,26646706
1449757800,2015-12-10 09:30,59.56,59.63,59.22,59.3,20267831
1449844200,2015-12-11 09:30,58.5,58.59,58.09,58.17,29945022
1450103400,2015-12-14 09:30,58.42,58.495,57.65,58.26,32246598
1450189800,2015-12-15 09:30,58.62,58.82,58.4165,58.55,37876675
1450276200,2015-12-16 09:30,59.22,59.84,58.95,59.73,45167423
1450362600,2015-12-17 09:30,59.66,59.67,58.96,58.97,40456769
1450449000,2015-12-18 09:30,58.69,58.77,58.34,58.35,41659060
1450708200,2015-12-21 09:30,58.5,58.56,57.84,58.11,28869644
1450794600,2015-12-22 09:30,58.29,58.63,58.09,58.55,29319452
1450881000,2015-12-23 09:30,59.1,59.56,59.07,59.53,29782243
1450967400,2015-12-24 09:30,59.28,59.59,59.28,59.43,10950492
1451313000,2015-12-28 09:30,59.3,59.33,59.1,59.29,28946857
1451399400,2015-12-29 09:30,59.73,60.03,59.71,59.88,30796136
1451485800,2015-12-30 09:30,59.65,59.74,59.4815,59.52,18855450
1451572200,2015-12-31 09:30,59.13,59.2,58.72,58.72,31818882
1451917800,2016-01-04 09:30,57.82,57.85,57.15,57.82,34260214
1452004200,2016-01-05 09:30,57.705,57.8,57.325,57.73,23891480
1452090600,2016-01-06 09:30,56.53,56.92,56.45,56.78,22412555
1452177000,2016-01-07 09:30,55.72,56.2,55.53,55.6,37579395
1452263400,2016-01-08 09:30,55.93,55.99,54.84,54.93,31301068
1452522600,2016-01-11 09:30,55.56,55.575,54.67,55.16,33017912
1452609000,2016-01-12 09:30,55.63,55.705,54.95,55.42,29930184
1452695400,2016-01-13 09:30,55.8,55.9,54.41,54.56,33481792
1452781800,2016-01-14 09:30,54.77,55.5,54.355,55.26,35140200
1452868200,2016-01-15 09:30,53.46,53.85,53.02,53.26,60554269
1453213800,2016-01-19 09:30,54.19,54.22,53.37,53.75,35709807
1453300200,2016-01-20 09:30,52.66,52.855,51.5201,52.53,47944165
1453386600,2016-01-21 09:30,52.32,53.23,51.93,52.92,48974732
1453473000,2016-01-22 09:30,54.2,54.54,54.08,54.48,44855903
1453732200,2016-01-25 09:30,54.055,54.2799,53.71,53.75,36799444
1453818600,2016-01-26 09:30,54.05,54.735,53.98,54.71,26789290
1453905000,2016-01-27 09:30,54.6,55.1573,54.15,54.36,32829241
1453991400,2016-01-28 09:30,54.86,54.93,54.05,54.52,31267009
1454077800,2016-01-29 09:30,54.75,55.52,54.7,55.48,37109712
1454337000,2016-02-01 09:30,55.02,55.5761,54.83,55.42,31082704
1454423400,2016-02-02 09:30,54.625,54.625,53.94,54.13,29809102
1454509800,2016-02-03 09:30,54.42,54.59,53.42,54.58,36337276
1454596200,2016-02-04 09:30,54.23,54.84,54.13,54.65,28236177
1454682600,2016-02-05 09:30,54.41,54.48,53.58,53.81,31548107
1454941800,2016-02-08 09:30,52.94,52.96,52.315,52.81,37822449
1455028200,2016-02-09 09:30,51.67,52.43,51.63,52.2,34142677
1455114600,2016-02-10 09:30,52.38,52.78,52.045,52.14,32088411
1455201000,2016-02-11 09:30,51.43,51.65,50.94,51.38,41750155
1455287400,2016-02-12 09:30,51.53,52.29,51.31,52.28,38730523
1455633000,2016-02-16 09:30,53.2,53.37,52.77,53.3408,31605779
1455719400,2016-02-17 09:30,53.79,54.33,53.76,54.26,25594699
1455805800,2016-02-18 09:30,54.49,54.49,53.94,53.98,32694096
1455892200,2016-02-19 09:30,53.57,53.97,53.4049,53.92,26685423
1456151400,2016-02-22 09:30,54.32,54.5773,54.3,54.53,19217041
1456237800,2016-02-23 09:30,54.18,54.215,53.55,53.64,19708996
1456324200,2016-02-24 09:30,52.75,53.53,52.49,53.45,26718830
1456410600,2016-02-25 09:30,53.75,54.1,53.5,54.09,25166987
1456497000,2016-02-26 09:30,54.37,54.4,53.85,53.95,19604546
1456756200,2016-02-29 09:30,53.84,54.125,53.6,53.63,30315191
1456842600,2016-03-01 09:30,54.41,55.07,54.275,55.03,24585784
1456929000,2016-03-02 09:30,55,55.45,54.88,55.41,22549437
1457015400,2016-03-03 09:30,55.56,55.98,55.51,55.95,21109637
1457101800,2016-03-04 09:30,56.34,56.655,56.21,56.36,22752214
1457361000,2016-03-07 09:30,55.78,56.48,55.74,56.29,24047460
1457447400,2016-03-08 09:30,56.05,56.05,55.67,55.74,16893207
1457533800,2016-03-09 09:30,55.99,56.11,55.805,55.95,15467368
1457620200,2016-03-10 09:30,56.4,56.76,55.415,55.86,28146972
1457706600,2016-03-11 09:30,56.87,57.35,56.82,57.32,24374583
1457962200,2016-03-14 09:30,57.24,57.35,57.07,57.2,15953328
1458048600,2016-03-15 09:30,56.61,56.67,56.45,56.66,19646333
1458135000,2016-03-16 09:30,56.23,57.2123,56.23,57.16,25412987
1458221400,2016-03-17 09:30,57.19,57.71,57,57.6,17906638
1458307800,2016-03-18 09:30,57.51,57.69,57.42,57.5,30733434
1458567000,2016-03-21 09:30,57.36,57.5399,57.23,57.41,17625795
1458653400,2016-03-22 09:30,56.95,57.4,56.9,57.31,15926673
1458739800,2016-03-23 09:30,57.16,57.18,56.65,56.73,18291432
1458826200,2016-03-24 09:30,56.02,56.35,55.95,56.35,18326468
1459171800,2016-03-28 09:30,56.74,56.78,56.55,56.69,18491121
1459258200,2016-03-29 09:30,56.42,57.33,56.28,57.3,22376833
1459344600,2016-03-30 09:30,57.79,58.06,57.6433,57.73,18999487
1459431000,2016-03-31 09:30,57.46,57.59,57.13,57.16,37335146
1459517400,2016-04-01 09:30,55.99,56.6199,55.93,56.55,30396066
1459776600,2016-04-04 09:30,56.7,56.77,56.36,56.43,16977201
1459863000,2016-04-05 09:30,55.42,55.5,55.235,55.32,20199587
1459949400,2016-04-06 09:30,55.51,56.26,55.42,56.22,20465543
1460035800,2016-04-07 09:30,55.76,55.92,55.27,55.4,19855636
1460122200,2016-04-08 09:30,56.51,56.66,56.315,56.46,18462754
1460381400,2016-04-11 09:30,56.83,57.07,56.48,56.49,15640363
1460467800,2016-04-12 09:30,56.94,57.44,56.6137,57.33,25164672
1460554200,2016-04-13 09:30,58.14,58.36,58.01,58.24,25583900
1460640600,2016-04-14 09:30,58.54,58.65,58.33,58.43,26844437
1460727000,2016-04-15 09:30,58.39,58.5,58.29,58.3,17557982
1460986200,2016-04-18 09:30,58.22,58.86,58.17,58.8,20200357
1461072600,2016-04-19 09:30,59.69,59.94,59.595,59.82,24251435
1461159000,2016-04-20 09:30,59.79,60.1599,59.695,59.87,14402610
1461245400,2016-04-21 09:30,59.78,59.83,59.405,59.51,19135137
1461331800,2016-04-22 09:30,59.45,59.64,59.29,59.54,17262687
1461591000,2016-04-25 09:30,59.24,59.29,59.02,59.24,13518374
1461677400,2016-04-26 09:30,59.47,59.56,59.26,59.45,15657829
1461763800,2016-04-27 09:30,59.27,59.61,59.18,59.49,13054719
1461850200,2016-04-28 09:30,58.78,59.26,58.55,58.68,25204477
1461936600,2016-04-29 09:30,58.72,58.81,58.22,58.43,27642884
1462195800,2016-05-02 09:30,58.9,59.07,58.72,58.98,25207329
1462282200,2016-05-03 09:30,58.4,58.41,57.925,58.01,25287124
1462368600,2016-05-04 09:30,57.52,57.61,57.17,57.34,20213136
1462455000,2016-05-05 09:30,57.3,57.45,57.04,57.22,21552567
1462541400,2016-05-06 09:30,56.97,57.41,56.92,57.38,21498242
1462800600,2016-05-09 09:30,57.52,57.63,57.23,57.26,17842742
1462887000,2016-05-10 09:30,57.69,58.08,57.64,58.08,21333551
1462973400,2016-05-11 09:30,57.7,57.93,57.58,57.58,20180465
1463059800,2016-05-12 09:30,58.07,58.09,57.31,57.56,17641978
1463146200,2016-05-13 09:30,57.11,57.36,56.8118,56.97,19052383
1463405400,2016-05-16 09:30,57.16,57.68,57.13,57.65,24500534
1463491800,2016-05-17 09:30,57.55,57.735,57.17,57.23,25116868
1463578200,2016-05-18 09:30,57.29,57.845,57.04,57.25,35323716
1463664600,2016-05-19 09:30,56.91,57.01,56.6679,56.84,26976039
1463751000,2016-05-20 09:30,57.32,57.46,57.19,57.31,23377800
1464010200,2016-05-23 09:30,57.1,57.28,57.01,57.12,18828731
1464096600,2016-05-24 09:30,57.51,58.06,57.5,57.95,28901598
1464183000,2016-05-25 09:30,58.38,58.68,58.35,58.56,35592090
1464269400,2016-05-26 09:30,58.78,58.8495,58.58,58.72,21115408
1464355800,2016-05-27 09:30,58.62,58.75,58.52,58.66,16066593
1464701400,2016-05-31 09:30,58.9,58.99,58.24,58.38,25438505
1464787800,2016-06-01 09:30,58.1,58.38,58.03,58.33,19567292
1464874200,2016-06-02 09:30,58,58.35,57.93,58.33,32992057
1464960600,2016-06-03 09:30,58.54,58.73,58.23,58.71,27770231
1465219800,2016-06-06 09:30,58.9,59.18,58.85,59.04,22191860
1465306200,2016-06-07 09:30,59.49,59.63,59.42,59.47,15311690
1465392600,2016-06-08 09:30,59.65,59.74,59.54,59.59,14673441
1465479000,2016-06-09 09:30,58.86,59.01,58.68,58.86,18489138
1465565400,2016-06-10 09:30,57.62,57.71,56.99,57.15,29812946
1465824600,2016-06-13 09:30,56.41,56.86,56.16,56.32,25422702
1465911000,2016-06-14 09:30,55.73,55.855,55.12,55.42,69489982
1465997400,2016-06-15 09:30,55.9,56.1,55.67,55.79,34010361
1466083800,2016-06-16 09:30,55,55.95,54.59,55.905,27677651
1466170200,2016-06-17 09:30,56.1,56.595,55.83,56.46,51689602
1466429400,2016-06-20 09:30,58.2,58.265,57.84,57.86,38890448
1466515800,2016-06-21 09:30,58.34,58.775,58.09,58.33,37705479
1466602200,2016-06-22 09:30,57.39,57.67,57.12,57.12,45176465
1466688600,2016-06-23 09:30,58.34,58.8,57.93,58.7,33064507
1466775000,2016-06-24 09:30,53.89,55.09,53.63,53.66,85314593
1467034200,2016-06-27 09:30,52.91,52.94,51.93,52.63,60560715
1467120600,2016-06-28 09:30,53.86,54.04,53.37,54.01,45213462
1467207000,2016-06-29 09:30,54.81,55.185,54.72,55,33914859
1467293400,2016-06-30 09:30,55.11,55.82,54.96,55.82,48143618
1467379800,2016-07-01 09:30,55.84,56,55.74,55.82,22693352
1467725400,2016-07-05 09:30,55.14,55.2,54.58,54.74,33647354
1467811800,2016-07-06 09:30,54.11,54.67,53.77,54.64,28451429
1467898200,2016-07-07 09:30,54.74,54.94,54.25,54.42,24824949
1467984600,2016-07-08 09:30,55.04,55.34,54.91,55.25,26189512
1468243800,2016-07-11 09:30,55.99,56.29,55.945,56.06,25474916
1468330200,2016-07-12 09:30,56.86,57.09,56.75,56.82,29839041
1468416600,2016-07-13 09:30,56.96,57.1,56.71,56.76,27351568
1468503000,2016-07-14 09:30,57.29,57.43,57.17,57.25,28145527
1468589400,2016-07-15 09:30,57.1,57.13,56.84,56.96,29705397
1468848600,2016-07-18 09:30,56.96,57.27,56.85,57.1,17614332
1468935000,2016-07-19 09:30,56.65,56.74,56.5,56.65,19896943
1469021400,2016-07-20 09:30,57.01,57.23,56.895,57.16,20885209
1469107800,2016-07-21 09:30,56.98,57.185,56.83,56.93,19634985
1469194200,2016-07-22 09:30,57.05,57.08,56.88,57.04,16069313
1469453400,2016-07-25 09:30,57.08,57.1,56.81,56.97,13277389
1469539800,2016-07-26 09:30,57.19,57.38,56.97,57.21,15025684
1469626200,2016-07-27 09:30,57.48,57.575,57,57.42,17126918
1469712600,2016-07-28 09:30,57.38,57.46,57.08,57.36,14445267
1469799000,2016-07-29 09:30,57.84,58.15,57.705,58.035,21590417
1470058200,2016-08-01 09:30,57.86,57.98,57.59,57.66,21623719
1470144600,2016-08-02 09:30,57.53,57.565,57.15,57.37,20476106
1470231000,2016-08-03 09:30,56.89,57.19,56.85,57.17,19684420
1470317400,2016-08-04 09:30,57.35,57.53,57.24,57.5,16761761
1470403800,2016-08-05 09:30,57.5,57.78,57.49,57.76,15143512
1470663000,2016-08-08 09:30,57.86,57.92,57.79,57.88,10326797
1470749400,2016-08-09 09:30,58.14,58.52,58.11,58.34,27514404
1470835800,2016-08-10 09:30,58.72,58.76,58.515,58.54,17539520
1470922200,2016-08-11 09:30,58.82,59.11,58.77,58.96,19675825
1471008600,2016-08-12 09:30,58.99,59.06,58.74,58.81,11331570
1471267800,2016-08-15 09:30,59,59.18,58.99,59.035,9048734
1471354200,2016-08-16 09:30,58.93,59.11,58.85,58.95,14286200
1471440600,2016-08-17 09:30,58.79,59.085,58.535,58.93,12103619
1471527000,2016-08-18 09:30,58.89,59.23,58.8,59.23,17723918
1471613400,2016-08-19 09:30,58.62,58.82,58.45,58.79,12142828
1471872600,2016-08-22 09:30,58.61,58.89,58.5,58.85,10095633
1471959000,2016-08-23 09:30,59.24,59.35,59.08,59.1,12534122
1472045400,2016-08-24 09:30,59.13,59.2,58.885,58.96,12206567
1472131800,2016-08-25 09:30,58.76,58.885,58.665,58.72,10953520
1472218200,2016-08-26 09:30,58.81,59.33,58.11,58.37,19518096
1472477400,2016-08-29 09:30,58.24,58.58,58.22,58.55,10482083
1472563800,2016-08-30 09:30,58.6,58.69,58.36,58.47,10046301
1472650200,2016-08-31 09:30,58.4,58.53,58.14,58.35,20437242
1472736600,2016-09-01 09:30,58.62,58.78,58.41,58.75,18389771
1472823000,2016-09-02 09:30,59.3,59.5,59.11,59.43,19151555
1473168600,2016-09-06 09:30,59.56,59.86,59.535,59.83,14730557
1473255000,2016-09-07 09:30,59.99,60.1,59.75,59.86,17917534
1473341400,2016-09-08 09:30,59.81,59.975,59.62,59.69,15572694
1473427800,2016-09-09 09:30,59.25,59.25,58.51,58.53,23547041
1473687000,2016-09-12 09:30,58.1,59.04,58.045,59.01,26966758
1473773400,2016-09-13 09:30,58.25,58.36,57.57,57.82,24865867
1473859800,2016-09-14 09:30,57.74,58.0576,57.63,57.74,16841515
1473946200,2016-09-15 09:30,57.79,58.345,57.63,58.24,25111301
1474032600,2016-09-16 09:30,57.61,57.64,57.33,57.49,47897877
1474291800,2016-09-19 09:30,58.06,58.14,57.74,57.79,24184443
1474378200,2016-09-20 09:30,58.34,58.39,58.065,58.14,23968187
1474464600,2016-09-21 09:30,58.7,59.22,58.49,59.16,28804005
1474551000,2016-09-22 09:30,60.03,60.16,59.69,59.76,27047567
1474637400,2016-09-23 09:30,59.28,59.4499,59.24,59.26,19379989
1474896600,2016-09-26 09:30,58.75,58.83,58.6225,58.71,23824929
1474983000,2016-09-27 09:30,58.47,58.9999,58.405,58.99,19862148
1475069400,2016-09-28 09:30,59.16,59.43,58.795,59.41,21673420
1475155800,2016-09-29 09:30,59.26,59.39,58.4739,58.67,16703807
1475242200,2016-09-30 09:30,58.81,59.29,58.73,59.13,29074597
1475501400,2016-10-03 09:30,58.97,59.085,58.84,58.97,17903551
1475587800,2016-10-04 09:30,59.24,59.35,58.7301,58.96,28707492
1475674200,2016-10-05 09:30,59.18,59.29,59.04,59.2,14774310
1475760600,2016-10-06 09:30,58.9,58.945,58.725,58.88,11592223
1475847000,2016-10-07 09:30,58.63,58.675,58.115,58.58,16684917
1476106200,2016-10-10 09:30,58.68,58.9,58.65,58.75,7860730
1476192600,2016-10-11 09:30,58.48,58.505,57.75,57.92,18434586
1476279000,2016-10-12 09:30,57.84,57.935,57.63,57.79,13537312
1476365400,2016-10-13 09:30,57.15,57.7,56.9863,57.57,13090873
1476451800,2016-10-14 09:30,57.96,58.07,57.65,57.67,19288382
1476711000,2016-10-17 09:30,57.54,57.66,57.405,57.5,12640990
1476797400,2016-10-18 09:30,58.19,58.235,57.98,58.07,13027968
1476883800,2016-10-19 09:30,58.16,58.3658,58.115,58.23,12500141
1476970200,2016-10-20 09:30,58.15,58.43,58.09,58.32,9959038
1477056600,2016-10-21 09:30,57.92,58.21,57.86,58.19,12584854
1477315800,2016-10-24 09:30,58.36,58.3699,58.045,58.18,12722999
1477402200,2016-10-25 09:30,58.05,58.19,57.9101,58.14,12430402
1477488600,2016-10-26 09:30,57.84,58.07,57.765,57.88,12169527
1477575000,2016-10-27 09:30,58.01,58.04,57.75,57.81,9309344
1477661400,2016-10-28 09:30,57.71,57.915,57.645,57.79,15377759
1477920600,2016-10-31 09:30,57.75,57.9,57.5801,57.82,19266193
1478007000,2016-11-01 09:30,57.96,57.98,57.38,57.57,19495189
1478093400,2016-11-02 09:30,57.53,57.61,57.1,57.18,17538942
1478179800,2016-11-03 09:30,57.38,57.42,57.035,57.12,12959140
1478266200,2016-11-04 09:30,56.74,56.9074,56.545,56.57,17423767
1478529000,2016-11-07 09:30,57.28,57.38,57.15,57.35,21383605
1478615400,2016-11-08 09:30,57.18,57.675,57.13,57.51,17403906
1478701800,2016-11-09 09:30,57.07,57.79,57.01,57.56,27175074
1478788200,2016-11-10 09:30,57.53,57.67,56.93,57.4,37382769
1478874600,2016-11-11 09:30,57.145,57.2,56.74,57.05,18430069
1479133800,2016-11-14 09:30,56.63,56.75,56.48,56.74,20650883
1479220200,2016-11-15 09:30,56.59,57.02,56.5331,56.99,15311744
1479306600,2016-11-16 09:30,56.43,56.615,56.3438,56.39,22261240
1479393000,2016-11-17 09:30,56.67,56.89,56.615,56.82,18459346
1479479400,2016-11-18 09:30,56.31,56.38,56.1037,56.2,17047302
1479738600,2016-11-21 09:30,56.42,56.71,56.41,56.68,18504525
1479825000,2016-11-22 09:30,56.81,56.85,56.58,56.82,17866530
1479911400,2016-11-23 09:30,56.25,56.62,56.19,56.62,13840294
1480084200,2016-11-25 09:30,56.82,56.83,56.71,56.79,7842848
1480343400,2016-11-28 09:30,56.63,56.69,56.46,56.49,13607989
1480429800,2016-11-29 09:30,56.53,56.98,56.4735,56.85,14719758
1480516200,2016-11-30 09:30,56.98,56.99,56.7,56.79,23874742
1480602600,2016-12-01 09:30,56.73,56.76,56.49,56.57,22693496
1480689000,2016-12-02 09:30,56.47,56.84,56.4,56.71,16077721
1480948200,2016-12-05 09:30,57,57.38,56.99,57.27,19686243
1481034600,2016-12-06 09:30,57.33,57.74,57.3,57.66,19217453
1481121000,2016-12-07 09:30,57.88,58.62,57.86,58.52,25749322
1481207400,2016-12-08 09:30,58.41,58.57,58.27,58.47,23426982
1481293800,2016-12-09 09:30,58.47,58.72,58.43,58.72,20886461
1481553000,2016-12-12 09:30,58.5,58.69,58.39,58.46,16612743
1481639400,2016-12-13 09:30,58.98,59.25,58.95,59.09,22116770
1481725800,2016-12-14 09:30,58.96,59.09,58.13,58.22,26473655
1481812200,2016-12-15 09:30,58,58.19,57.9601,58.09,25317931
1481898600,2016-12-16 09:30,58.05,58.29,58.02,58.13,24359092
1482157800,2016-12-19 09:30,58.16,58.31,58.04,58.04,17705190
1482244200,2016-12-20 09:30,58.11,58.29,58.07,58.24,17813524
1482330600,2016-12-21 09:30,57.65,57.7,57.58,57.66,17793946
1482417000,2016-12-22 09:30,57.62,57.69,57.51,57.53,16310189
1482503400,2016-12-23 09:30,57.58,57.68,57.54,57.68,14821551
1482849000,2016-12-27 09:30,57.63,57.715,57.6,57.61,13327687
1482935400,2016-12-28 09:30,57.56,57.58,57.31,57.39,19569395
1483021800,2016-12-29 09:30,57.5,57.66,57.48,57.53,16406129
1483108200,2016-12-30 09:30,57.97,57.98,57.6,57.73,25265987
1483453800,2017-01-03 09:30,57.95,58.11,57.85,58.09,27938327
1483540200,2017-01-04 09:30,58.4,58.78,58.3528,58.75,25670022
1483626600,2017-01-05 09:30,58.9,59.31,58.9,59.25,22063115
1483713000,2017-01-06 09:30,58.97,59.11,58.91,59.05,22073717
1483972200,2017-01-09 09:30,58.83,58.99,58.75,58.96,13962351
1484058600,2017-01-10 09:30,58.92,59.13,58.92,58.97,16296577
1484145000,2017-01-11 09:30,58.85,59.3,58.78,59.28,31352400
1484231400,2017-01-12 09:30,59.36,59.375,59.11,59.37,25127259
1484317800,2017-01-13 09:30,59.42,59.6,59.33,59.59,20901856
1484663400,2017-01-17 09:30,59.41,59.44,59.27,59.37,22524825
1484749800,2017-01-18 09:30,59.19,59.32,59.02,59.2,14581351
1484836200,2017-01-19 09:30,59.1,59.1763,58.87,59.05,17619274
1484922600,2017-01-20 09:30,59.26,59.41,59.18,59.39,24974054
1485181800,2017-01-23 09:30,59.31,59.54,59.18,59.54,43093617
1485268200,2017-01-24 09:30,59.44,59.7165,59.42,59.69,18175974
1485354600,2017-01-25 09:30,60.01,60.33,59.99,60.31,27237612
1485441000,2017-01-26 09:30,60.19,60.25,59.99,60.07,20838845
1485527400,2017-01-27 09:30,60.02,60.05,59.86,59.97,13061016
1485786600,2017-01-30 09:30,59.45,59.58,59.26,59.54,19146191
1485873000,2017-01-31 09:30,59.65,59.74,59.39,59.63,29996755
1485959400,2017-02-01 09:30,60,60.03,59.71,59.87,26726436
1486045800,2017-02-02 09:30,59.925,59.99,59.73,59.9,14796655
1486132200,2017-02-03 09:30,60.01,60.18,59.93,60.14,13963766
1486391400,2017-02-06 09:30,59.52,59.71,59.48,59.71,16220209
1486477800,2017-02-07 09:30,59.58,59.6763,59.53,59.65,12123012
1486564200,2017-02-08 09:30,59.59,59.81,59.52,59.75,16749223
1486650600,2017-02-09 09:30,59.83,60.015,59.75,60,14299559
1486737000,2017-02-10 09:30,59.93,60.18,59.91,60.14,13212119
1486996200,2017-02-13 09:30,60.39,60.47,60.28,60.38,12694444
1487082600,2017-02-14 09:30,60.17,60.29,59.9201,60.29,14256634
1487169000,2017-02-15 09:30,60.03,60.52,60.01,60.52,15460127
1487255400,2017-02-16 09:30,60.54,60.66,60.46,60.66,14416534
1487341800,2017-02-17 09:30,60.32,60.52,60.27,60.5,14938004
1487687400,2017-02-21 09:30,60.44,60.7,60.42,60.7,11550324
1487773800,2017-02-22 09:30,60.39,60.74,60.39,60.7,17129440
1487860200,2017-02-23 09:30,60.88,60.93,60.665,60.83,12410639
1487946600,2017-02-24 09:30,60.17,60.43,60.14,60.39,16198702
1488205800,2017-02-27 09:30,60.19,60.44,60.18,60.43,14039003
1488292200,2017-02-28 09:30,60.32,60.52,60.23,60.34,20439108
1488378600,2017-03-01 09:30,60.75,61.1163,60.73,60.97,20198030
1488465000,2017-03-02 09:30,60.71,60.7774,60.56,60.57,16452808
1488551400,2017-03-03 09:30,60.7,61,60.61,60.93,19149128
1488810600,2017-03-06 09:30,60.73,60.75,60.5737,60.74,10965776
1488897000,2017-03-07 09:30,60.47,60.63,60.38,60.53,16308775
1488983400,2017-03-08 09:30,60.49,60.55,60.25,60.31,11568222
1489069800,2017-03-09 09:30,60.47,60.57,60.38,60.54,13369268
1489156200,2017-03-10 09:30,60.96,61.12,60.85,61.05,18987899
1489411800,2017-03-13 09:30,61.2,61.3775,61.19,61.37,19718711
1489498200,2017-03-14 09:30,60.92,60.97,60.79,60.9,15953540
1489584600,2017-03-15 09:30,61.03,61.775,61.02,61.77,22841075
1489671000,2017-03-16 09:30,62.1,62.13,61.93,62.07,24380124
1489757400,2017-03-17 09:30,62.18,62.3499,62.06,62.23,20697447
1490016600,2017-03-20 09:30,62.25,62.3399,62.02,62.1037,13484415
1490103000,2017-03-21 09:30,62.58,62.63,61.78,61.82,23331513
1490189400,2017-03-22 09:30,61.62,61.89,61.57,61.83,14492777
1490275800,2017-03-23 09:30,61.73,62.1,61.73,61.97,25394787
1490362200,2017-03-24 09:30,62.11,62.27,62.0401,62.14,25264511
1490621400,2017-03-27 09:30,62.09,62.38,62.02,62.3,30294538
1490707800,2017-03-28 09:30,62.39,62.65,62.355,62.6,23196000
1490794200,2017-03-29 09:30,62.29,62.63,62.28,62.6,17972764
1490880600,2017-03-30 09:30,62.43,62.55,62.32,62.38,16049834
1490967000,2017-03-31 09:30,62.11,62.36,62.05,62.29,30871662
1491226200,2017-04-03 09:30,62.19,62.24,61.755,62.2,32855183
1491312600,2017-04-04 09:30,61.93,62.18,61.85,62.18,16793755
1491399000,2017-04-05 09:30,62.13,62.29,61.825,61.85,22710372
1491485400,2017-04-06 09:30,61.88,61.98,61.75,61.86,17814640
1491571800,2017-04-07 09:30,61.75,61.93,61.735,61.82,15848922
1491831000,2017-04-10 09:30,61.73,61.85,61.675,61.75,11321509
1491917400,2017-04-11 09:30,62,62.07,61.6201,62.04,18663098
1492003800,2017-04-12 09:30,61.95,62.03,61.72,61.99,25046026
1492090200,2017-04-13 09:30,61.7,61.78,61.53,61.59,16760126
1492435800,2017-04-17 09:30,61.85,62.02,61.84,61.97,15573493
1492522200,2017-04-18 09:30,61.55,61.69,61.35,61.69,21171092
1492608600,2017-04-19 09:30,61.76,61.795,61.37,61.44,13263137
1492695000,2017-04-20 09:30,61.96,62.1,61.915,61.93,20485317
1492781400,2017-04-21 09:30,61.93,62.02,61.84,61.97,18989833
1493040600,2017-04-24 09:30,63.41,63.61,63.38,63.54,32694852
1493127000,2017-04-25 09:30,63.85,64.08,63.7805,63.99,24974286
1493213400,2017-04-26 09:30,63.81,64.03,63.81,63.81,20489577
1493299800,2017-04-27 09:30,63.92,63.92,63.75,63.87,13855740
1493386200,2017-04-28 09:30,63.89,63.91,63.77,63.8,25361248
1493645400,2017-05-01 09:30,63.99,64.2,63.91,64.06,22211439
1493731800,2017-05-02 09:30,64.25,64.42,64.19,64.39,23499960
1493818200,2017-05-03 09:30,64.22,64.33,64.1,64.26,12811038
1493904600,2017-05-04 09:30,64.48,64.89,64.425,64.87,16359729
1493991000,2017-05-05 09:30,64.94,65.59,64.915,65.59,18990865
1494250200,2017-05-08 09:30,65.105,65.11,64.96,65.1,19823837
1494336600,2017-05-09 09:30,64.98,65.04,64.81,64.94,28186609
1494423000,2017-05-10 09:30,64.98,65.04,64.888,65.04,18524300
1494509400,2017-05-11 09:30,64.77,64.9,64.61,64.88,18381620
1494595800,2017-05-12 09:30,64.94,65.24,64.94,65.24,27683031
1494855000,2017-05-15 09:30,65.38,65.57,65.36,65.57,20493923
1494941400,2017-05-16 09:30,65.95,66,65.8615,65.99,21931150
1495027800,2017-05-17 09:30,65.67,65.75,65.22,65.24,30198705
1495114200,2017-05-18 09:30,65.08,65.4,65.02,65.35,19242621
1495200600,2017-05-19 09:30,65.81,66.12,65.78,66.11,34855460
1495459800,2017-05-22 09:30,66.18,66.31,66.11,66.19,14692607
1495546200,2017-05-23 09:30,66.34,66.38,66.11,66.2,12489175
1495632600,2017-05-24 09:30,66.015,66.25,65.98,66.24,15090562
1495719000,2017-05-25 09:30,66.24,66.34,66.15,66.24,13265325
1495805400,2017-05-26 09:30,65.87,66.055,65.85,66.05,25971514
1496151000,2017-05-30 09:30,65.87,66.03,65.85,65.98,14415333
1496237400,2017-05-31 09:30,66.32,66.38,66.025,66.06,31167901
1496323800,2017-06-01 09:30,66.31,66.505,66.245,66.49,25610013
1496410200,2017-06-02 09:30,66.96,67.24,66.86,67.22,22765290
1496669400,2017-06-05 09:30,66.86,66.9,66.77,66.85,14304505
1496755800,2017-06-06 09:30,66.58,66.71,66.56,66.66,11387187
1496842200,2017-06-07 09:30,66.77,66.88,66.45,66.68,15346442
1496928600,2017-06-08 09:30,66.42,66.57,66.34,66.56,15425213
1497015000,2017-06-09 09:30,66.22,66.46,66.06,66.31,20807919
1497274200,2017-06-12 09:30,66.12,66.19,65.91,66.06,17937219
1497360600,2017-06-13 09:30,66.47,66.61,66.38,66.57,19123669
1497447000,2017-06-14 09:30,66.95,66.96,66.3,66.52,18739460
1497533400,2017-06-15 09:30,65.51,65.87,65.49,65.83,22870874
1497619800,2017-06-16 09:30,66.15,66.41,66.07,66.39,24571484
1497879000,2017-06-19 09:30,66.64,66.79,66.6,66.66,26706140
1497965400,2017-06-20 09:30,65.42,65.43,64.92,65.07,23798528
1498051800,2017-06-21 09:30,64.92,65.05,64.83,64.99,10988982
1498138200,2017-06-22 09:30,64.97,65.096,64.89,64.98,13521741
1498224600,2017-06-23 09:30,64.99,65.245,64.9,65.14,15138723
1498483800,2017-06-26 09:30,65.56,65.62,65.22,65.25,21872781
1498570200,2017-06-27 09:30,65.28,65.44,65.17,65.24,17465990
1498656600,2017-06-28 09:30,65.49,65.87,65.46,65.81,26317334
1498743000,2017-06-29 09:30,65.61,65.62,64.88,65.16,35923299
1498829400,2017-06-30 09:30,65.33,65.35,64.825,65.2,28866120
1499088600,2017-07-03 09:30,65.12,65.28,65.1,65.12,9564258
1499261400,2017-07-05 09:30,64.93,65.16,64.815,65.12,26253260
1499347800,2017-07-06 09:30,64.7,64.97,64.63,64.83,23380561
1499434200,2017-07-07 09:30,64.65,64.92,64.56,64.84,18885683
1499693400,2017-07-10 09:30,64.8,65.02,64.76,65,10674838
1499779800,2017-07-11 09:30,64.83,65.16,64.74,65.15,13584042
1499866200,2017-07-12 09:30,65.55,65.745,65.53,65.67,15995594
1499952600,2017-07-13 09:30,65.75,65.91,65.655,65.86,22520673
1500039000,2017-07-14 09:30,66.05,66.335,66,66.32,14145120
1500298200,2017-07-17 09:30,66.19,66.28,66.12,66.19,10326109
1500384600,2017-07-18 09:30,66.13,66.25,66.08,66.25,11718193
1500471000,2017-07-19 09:30,66.36,66.54,66.35,66.54,12542325
1500557400,2017-07-20 09:30,66.71,66.85,66.603,66.81,13792660
1500643800,2017-07-21 09:30,66.46,66.55,66.24,66.55,18406666
1500903000,2017-07-24 09:30,66.25,66.39,66.08,66.37,17486072
1500989400,2017-07-25 09:30,66.71,66.74,66.44,66.46,12297572
1501075800,2017-07-26 09:30,66.65,66.98,66.54,66.87,19186673
1501162200,2017-07-27 09:30,67,67.04,66.5,66.72,13754370
1501248600,2017-07-28 09:30,66.55,66.8,66.48,66.79,15080777
1501507800,2017-07-31 09:30,66.88,67.01,66.73,66.93,20998839
1501594200,2017-08-01 09:30,67.44,67.54,67.3,67.3,16198137
1501680600,2017-08-02 09:30,67.34,67.42,67.16,67.33,8948292
1501767000,2017-08-03 09:30,67.31,67.49,67.255,67.37,11245858
1501853400,2017-08-04 09:30,67.44,67.51,67.2,67.46,14178018
1502112600,2017-08-07 09:30,67.32,67.5,67.32,67.49,11865550
1502199000,2017-08-08 09:30,67.37,67.46,67.0939,67.13,13510148
1502285400,2017-08-09 09:30,66.73,67.05,66.69,67.02,15080071
1502371800,2017-08-10 09:30,66.62,66.62,66.01,66.07,28825121
1502458200,2017-08-11 09:30,66.03,66.13,65.86,65.95,27456383
1502717400,2017-08-14 09:30,66.43,66.598,66.4,66.43,13311526
1502803800,2017-08-15 09:30,66.35,66.42,66.14,66.38,13212246
1502890200,2017-08-16 09:30,66.6,66.84,66.58,66.76,14030746
1502976600,2017-08-17 09:30,66.52,66.63,66.01,66.01,18647651
1503063000,2017-08-18 09:30,66.12,66.33,65.99,66.19,16347571
1503322200,2017-08-21 09:30,66.16,66.2699,66,66.17,11760780
1503408600,2017-08-22 09:30,66.31,66.52,66.29,66.49,11528833
1503495000,2017-08-23 09:30,66.3,66.51,66.29,66.5,13007120
1503581400,2017-08-24 09:30,66.52,66.59,66.34,66.35,13150630
1503667800,2017-08-25 09:30,66.59,66.91,66.57,66.75,14942022
1503927000,2017-08-28 09:30,66.82,66.85,66.705,66.75,13422075
1504013400,2017-08-29 09:30,66.38,66.65,66.36,66.48,11536905
1504099800,2017-08-30 09:30,66.37,66.45,66.2847,66.39,10510516
1504186200,2017-08-31 09:30,66.65,66.95,66.62,66.9,20277854
1504272600,2017-09-01 09:30,67.15,67.17,66.95,66.99,15541793
1504618200,2017-09-05 09:30,66.82,66.93,66.325,66.54,18682342
1504704600,2017-09-06 09:30,66.9,67.0975,66.82,66.95,21335549
1504791000,2017-09-07 09:30,67.5,67.53,67.33,67.5,14599315
1504877400,2017-09-08 09:30,67.66,67.6867,67.51,67.51,16168817
1505136600,2017-09-11 09:30,67.96,68.16,67.95,68.04,19127344
1505223000,2017-09-12 09:30,68.16,68.29,68.16,68.25,11803025
1505309400,2017-09-13 09:30,68.11,68.15,67.8165,67.88,14672788
1505395800,2017-09-14 09:30,67.76,68.01,67.74,68,14862297
1505482200,2017-09-15 09:30,68.06,68.1,67.94,68.06,16315460
1505741400,2017-09-18 09:30,68.23,68.34,68.025,68.15,13594857
1505827800,2017-09-19 09:30,68.43,68.49,68.295,68.47,8877234
1505914200,2017-09-20 09:30,68.49,68.71,68.004,68.32,15310031
1506000600,2017-09-21 09:30,68.16,68.28,68.09,68.18,10250095
1506087000,2017-09-22 09:30,68.38,68.5,68.3234,68.39,8442844
1506346200,2017-09-25 09:30,68.11,68.27,67.87,68,13473887
1506432600,2017-09-26 09:30,67.89,67.94,67.64,67.85,20026560
1506519000,2017-09-27 09:30,67.76,67.995,67.72,67.9,17751778
1506605400,2017-09-28 09:30,67.9,68.18,67.9,68.08,11703999
1506691800,2017-09-29 09:30,68.21,68.55,68.11,68.48,24981424
1506951000,2017-10-02 09:30,68.27,68.49,68.24,68.42,16475611
1507037400,2017-10-03 09:30,68.46,68.66,68.43,68.65,12073347
1507123800,2017-10-04 09:30,68.47,68.59,68.4613,68.52,12518569
1507210200,2017-10-05 09:30,68.39,68.51,68.35,68.48,11871206
1507296600,2017-10-06 09:30,68.17,68.44,68.14,68.43,16923310
1507555800,2017-10-09 09:30,68.52,68.54,68.39,68.45,5154149
1507642200,2017-10-10 09:30,68.85,69.11,68.79,69.1,16626738
1507728600,2017-10-11 09:30,69.07,69.29,69.06,69.27,16732420
1507815000,2017-10-12 09:30,69.15,69.33,69.09,69.21,10774094
1507901400,2017-10-13 09:30,69.6,69.66,69.51,69.57,12928940
1508160600,2017-10-16 09:30,69.57,69.62,69.465,69.52,8800647
1508247000,2017-10-17 09:30,69.35,69.39,69.21,69.34,8287031
1508333400,2017-10-18 09:30,69.45,69.57,69.365,69.54,11793348
1508419800,2017-10-19 09:30,69.23,69.43,69.19,69.43,10368293
1508506200,2017-10-20 09:30,69.38,69.38,69.23,69.34,12636297
1508765400,2017-10-23 09:30,69.37,69.3971,69.14,69.19,8422226
1508851800,2017-10-24 09:30,69.28,69.435,69.2,69.3,10586482
1508938200,2017-10-25 09:30,69.27,69.31,68.77,69.03,11495505
1509024600,2017-10-26 09:30,69.21,69.26,69.01,69.02,12355519
1509111000,2017-10-27 09:30,68.98,69.2,68.885,69.18,18853789
1509370200,2017-10-30 09:30,69.22,69.36,69.2,69.34,14308493
1509456600,2017-10-31 09:30,69.48,69.67,69.4,69.63,24432400
1509543000,2017-11-01 09:30,69.93,69.995,69.67,69.7,23674532
1509629400,2017-11-02 09:30,69.65,69.91,69.625,69.91,20430941
1509715800,2017-11-03 09:30,69.8,69.8,69.56,69.8,14078690
1509978600,2017-11-06 09:30,69.61,69.915,69.6,69.9,11959012
1510065000,2017-11-07 09:30,69.77,69.855,69.46,69.64,13024198
1510151400,2017-11-08 09:30,69.75,69.98,69.71,69.87,15924200
1510237800,2017-11-09 09:30,69.29,69.5,69.04,69.47,22576983
1510324200,2017-11-10 09:30,69.24,69.36,69.13,69.28,11070803
1510583400,2017-11-13 09:30,68.59,69.02,68.58,68.99,13605167
1510669800,2017-11-14 09:30,68.86,68.99,68.7,68.94,13850146
1510756200,2017-11-15 09:30,68.37,68.68,68.28,68.61,18547272
1510842600,2017-11-16 09:30,69.05,69.2385,68.97,69.16,17372496
1510929000,2017-11-17 09:30,68.97,69.03,68.84,68.91,24773388
1511188200,2017-11-20 09:30,69.13,69.27,69.06,69.06,20689551
1511274600,2017-11-21 09:30,69.53,69.67,69.49,69.58,17104787
1511361000,2017-11-22 09:30,69.87,69.92,69.55,69.77,17943170
1511533800,2017-11-24 09:30,70.35,70.39,70.25,70.34,11732686
1511793000,2017-11-27 09:30,70.2,70.26,69.92,69.92,17066473
1511879400,2017-11-28 09:30,70.14,70.34,70.01,70.32,19389402
1511965800,2017-11-29 09:30,70.37,70.43,69.94,70.04,19328349
1512052200,2017-11-30 09:30,70.33,70.41,70.05,70.11,24443366
1512138600,2017-12-01 09:30,69.84,70.01,69.48,69.83,33370410
1512397800,2017-12-04 09:30,69.99,69.99,69.57,69.58,19355522
1512484200,2017-12-05 09:30,69.61,69.74,69.42,69.43,15853661
1512570600,2017-12-06 09:30,69.21,69.43,69.18,69.29,12481602
1512657000,2017-12-07 09:30,69.32,69.64,69.27,69.47,16966051
1512743400,2017-12-08 09:30,69.79,69.88,69.63,69.84,19106829
1513002600,2017-12-11 09:30,69.91,70.04,69.88,70.02,20038629
1513089000,2017-12-12 09:30,69.95,70.17,69.91,70.11,16514652
1513175400,2017-12-13 09:30,70.22,70.51,70.165,70.38,25920514
1513261800,2017-12-14 09:30,70.33,70.36,69.95,69.99,27424619
1513348200,2017-12-15 09:30,69.92,70.07,69.76,69.97,32906891
1513607400,2017-12-18 09:30,70.72,70.96,70.7,70.8,38998500
1513693800,2017-12-19 09:30,69.95,69.98,69.69,69.8,37373677
1513780200,2017-12-20 09:30,69.87,69.905,69.625,69.68,18671981
1513866600,2017-12-21 09:30,69.77,70.11,69.75,69.93,22930017
1513953000,2017-12-22 09:30,69.9,70.12,69.86,70.11,18766958
1514298600,2017-12-26 09:30,69.98,70.17,69.92,70.09,15994967
1514385000,2017-12-27 09:30,70.19,70.33,70.1,70.22,19835388
1514471400,2017-12-28 09:30,70.4,70.46,70.22,70.26,20811237
1514557800,2017-12-29 09:30,70.57,70.58,70.26,70.31,16214680
1514903400,2018-01-02 09:30,70.53,70.85,70.42,70.83,26529992
1514989800,2018-01-03 09:30,70.89,71.255,70.85,71.17,33982436
1515076200,2018-01-04 09:30,71.86,72.06,71.81,71.95,23974373
1515162600,2018-01-05 09:30,72.15,72.4,72.07,72.35,17483753
1515421800,2018-01-08 09:30,72.26,72.35,72.18,72.33,21733708
1515508200,2018-01-09 09:30,72.34,72.44,72.12,72.41,19138901
1515594600,2018-01-10 09:30,72.42,72.45,72.215,72.27,18118856
1515681000,2018-01-11 09:30,72.47,72.78,72.41,72.77,17314444
1515767400,2018-01-12 09:30,73.03,73.51,72.964,73.5,22694326
1516113000,2018-01-16 09:30,73.71,73.84,73.341,73.43,24402682
1516199400,2018-01-17 09:30,73.63,74.08,73.465,73.81,21424439
1516285800,2018-01-18 09:30,73.61,73.8,73.4901,73.72,19094624
1516372200,2018-01-19 09:30,74.09,74.14,73.86,74.13,19622645
1516631400,2018-01-22 09:30,74.19,74.54,74.15,74.51,14992542
1516717800,2018-01-23 09:30,74.6,74.8,74.51,74.75,15575396
1516804200,2018-01-24 09:30,75.16,75.23,74.63,74.88,24383778
1516890600,2018-01-25 09:30,75.18,75.21,74.445,74.59,23272536
1516977000,2018-01-26 09:30,74.98,75.27,74.93,75.25,19192557
1517236200,2018-01-29 09:30,74.65,74.72,74.415,74.56,26906718
1517322600,2018-01-30 09:30,74.32,74.37,73.85,73.94,113986310
1517409000,2018-01-31 09:30,74.19,74.2286,73.7102,73.84,38900614
1517495400,2018-02-01 09:30,73.72,74.185,73.68,74.05,30876230
1517581800,2018-02-02 09:30,73.33,73.33,72.47,72.55,36590576
1517841000,2018-02-05 09:30,71.64,71.97,69.31,69.51,78968009
1517927400,2018-02-06 09:30,69.42,71.065,69.26,70.88,84302342
1518013800,2018-02-07 09:30,70.25,70.86,69.985,70.13,44411259
1518100200,2018-02-08 09:30,70.17,70.2,68.28,68.3,59223566
1518186600,2018-02-09 09:30,68.75,68.96,66.89,68.59,67466845
1518445800,2018-02-12 09:30,69.1,69.78,68.88,69.64,37553567
1518532200,2018-02-13 09:30,69.09,69.495,69.07,69.43,20574279
1518618600,2018-02-14 09:30,69.01,70.7,68.98,70.66,31475383
1518705000,2018-02-15 09:30,71.06,71.21,70.505,71.1,31600579
1518791400,2018-02-16 09:30,71.21,71.72,71.18,71.42,23606384
1519137000,2018-02-20 09:30,70.88,71.2,70.58,70.75,25286922
1519223400,2018-02-21 09:30,70.95,71.4,70.38,70.41,30247654
1519309800,2018-02-22 09:30,70.71,71.1,70.54,70.78,20536966
1519396200,2018-02-23 09:30,71.04,71.43,70.9,71.34,30298489
1519655400,2018-02-26 09:30,71.64,72.03,71.385,72.01,21007211
1519741800,2018-02-27 09:30,71.56,71.64,70.9,70.94,22449349
1519828200,2018-02-28 09:30,71.04,71.08,70.17,70.27,31642523
1519914600,2018-03-01 09:30,69.7,70.04,68.75,69.09,51282069
1520001000,2018-03-02 09:30,68.85,69.44,68.565,69.42,35511970
1520260200,2018-03-05 09:30,68.91,69.84,68.89,69.79,18968483
1520346600,2018-03-06 09:30,70.35,70.39,70.01,70.2,20996892
1520433000,2018-03-07 09:30,69.86,70.22,69.66,70.18,14492527
1520519400,2018-03-08 09:30,70.38,70.485,70.095,70.33,14883283
1520605800,2018-03-09 09:30,70.43,70.79,70.315,70.78,17319768
1520861400,2018-03-12 09:30,70.86,71.01,70.705,70.86,12801274
1520947800,2018-03-13 09:30,71.1,71.15,70.26,70.39,19138072
1521034200,2018-03-14 09:30,70.93,70.98,70.31,70.56,13670766
1521120600,2018-03-15 09:30,70.56,70.85,70.4,70.52,21712280
1521207000,2018-03-16 09:30,70.39,70.66,70.365,70.47,16119949
1521466200,2018-03-19 09:30,70.21,70.22,69.525,69.9,24159672
1521552600,2018-03-20 09:30,69.82,70.04,69.725,69.89,20578759
1521639000,2018-03-21 09:30,69.78,70.28,69.71,70,17479256
1521725400,2018-03-22 09:30,69.29,69.44,68.68,68.7,42084346
1521811800,2018-03-23 09:30,68.82,68.95,67.91,67.94,44983166
1522071000,2018-03-26 09:30,68.98,69.21,68.29,69.16,31279031
1522157400,2018-03-27 09:30,69.5,69.565,68.39,68.65,36493865
1522243800,2018-03-28 09:30,69.08,69.56,68.78,69.05,35737550
1522330200,2018-03-29 09:30,69.55,69.98,69.37,69.68,36715604
1522675800,2018-04-02 09:30,69.41,69.575,68.25,68.72,52287596
1522762200,2018-04-03 09:30,69.09,69.26,68.735,69.16,30413618
1522848600,2018-04-04 09:30,68.35,69.43,68.32,69.4,26041496
1522935000,2018-04-05 09:30,69.73,70.05,69.69,69.86,22625800
1523021400,2018-04-06 09:30,69.81,70.055,69.17,69.4,24999581
1523280600,2018-04-09 09:30,70.07,70.445,69.8559,69.97,18498732
1523367000,2018-04-10 09:30,70.67,70.885,70.52,70.72,20848831
1523453400,2018-04-11 09:30,70.57,70.86,70.4,70.45,21099104
1523539800,2018-04-12 09:30,70.54,70.82,70.5,70.72,18012495
1523626200,2018-04-13 09:30,70.96,70.97,70.55,70.79,14614420
1523885400,2018-04-16 09:30,70.97,71,70.74,70.9,15678331
1523971800,2018-04-17 09:30,71.03,71.359,70.96,71.22,17556241
1524058200,2018-04-18 09:30,71.52,71.69,71.45,71.59,17035128
1524144600,2018-04-19 09:30,71.51,71.61,71.11,71.32,20004013
1524231000,2018-04-20 09:30,71.09,71.1465,70.91,71.05,27586544
1524490200,2018-04-23 09:30,70.99,71.07,70.765,70.96,17695968
1524576600,2018-04-24 09:30,71.09,71.18,70.46,70.67,22013447
1524663000,2018-04-25 09:30,70.41,70.64,70.19,70.55,18281545
1524749400,2018-04-26 09:30,70.9,71.01,70.72,70.9,23697683
1524835800,2018-04-27 09:30,70.88,71.05,70.69,70.97,15395441
1525095000,2018-04-30 09:30,70.89,71.14,70.69,70.74,21883668
1525181400,2018-05-01 09:30,70.66,70.72,70.17,70.49,17308048
1525267800,2018-05-02 09:30,70.85,70.94,70.405,70.46,16409407
1525354200,2018-05-03 09:30,70.58,70.77,70.045,70.68,19854628
1525440600,2018-05-04 09:30,70.17,71,70.13,70.93,17022636
1525699800,2018-05-07 09:30,70.88,71.12,70.81,70.94,8172574
1525786200,2018-05-08 09:30,70.69,70.95,70.56,70.95,12400326
1525872600,2018-05-09 09:30,70.85,71.2,70.79,71.12,15413975
1525959000,2018-05-10 09:30,71.34,71.58,71.21,71.58,18107471
1526045400,2018-05-11 09:30,71.8,71.91,71.68,71.77,19083745
1526304600,2018-05-14 09:30,72.03,72.0969,71.815,71.9,17790296
1526391000,2018-05-15 09:30,71.28,71.52,71.1,71.38,18330067
1526477400,2018-05-16 09:30,71.31,71.53,71.23,71.48,13326303
1526563800,2018-05-17 09:30,71.51,71.71,71.39,71.59,16197532
1526650200,2018-05-18 09:30,71.38,71.45,71.23,71.33,21815647
1526909400,2018-05-21 09:30,71.69,71.78,71.6,71.78,13441669
1526995800,2018-05-22 09:30,71.88,71.935,71.61,71.69,12897918
1527082200,2018-05-23 09:30,70.78,70.92,70.56,70.9,23332561
1527168600,2018-05-24 09:30,70.78,70.81,70.21,70.68,21542435
1527255000,2018-05-25 09:30,70.17,70.32,70.03,70.22,17225694
1527600600,2018-05-29 09:30,69.14,69.375,68.53,68.79,57008867
1527687000,2018-05-30 09:30,69.38,69.89,69.185,69.84,25531868
1527773400,2018-05-31 09:30,69.63,69.7,69.115,69.4,47992829
1527859800,2018-06-01 09:30,69.92,70.02,69.64,70,39232571
1528119000,2018-06-04 09:30,70.46,70.54,70.18,70.21,18561876
1528205400,2018-06-05 09:30,70.22,70.25,69.92,70.1,16641015
1528291800,2018-06-06 09:30,70.35,70.73,70.18,70.73,25445408
1528378200,2018-06-07 09:30,70.79,70.815,70.2,70.33,25976995
1528464600,2018-06-08 09:30,70.27,70.5,70.09,70.41,23206326
1528723800,2018-06-11 09:30,70.67,71.025,70.61,70.86,26145054
1528810200,2018-06-12 09:30,70.72,70.76,70.35,70.41,22706283
1528896600,2018-06-13 09:30,70.64,70.7095,70.225,70.51,20468298
1528983000,2018-06-14 09:30,70.51,70.72,70.32,70.36,24099035
1529069400,2018-06-15 09:30,70.03,70.04,69.73,70,31492010
1529328600,2018-06-18 09:30,69.23,69.52,69.14,69.5,30778479
1529415000,2018-06-19 09:30,67.16,67.57,67.06,67.52,30397648
1529501400,2018-06-20 09:30,67.78,67.83,67.4,67.57,38687268
1529587800,2018-06-21 09:30,67.39,67.39,67.02,67.09,23793401
1529674200,2018-06-22 09:30,67.95,68.13,67.66,67.8,27041408
1529933400,2018-06-25 09:30,67.32,67.39,66.68,66.86,39388306
1530019800,2018-06-26 09:30,67.08,67.115,66.71,66.98,23117581
1530106200,2018-06-27 09:30,67.04,67.3,66.32,66.35,29616821
1530192600,2018-06-28 09:30,66.33,66.675,66.195,66.6,21384787
1530279000,2018-06-29 09:30,67.12,67.37,66.91,66.97,32031529
1530538200,2018-07-02 09:30,66.02,66.43,66,66.36,39167936
1530624600,2018-07-03 09:30,66.89,66.99,66.525,66.56,14919876
1530797400,2018-07-05 09:30,67.17,67.27,66.975,67.22,18593192
1530883800,2018-07-06 09:30,67.31,67.715,67.24,67.58,16641649
1531143000,2018-07-09 09:30,68.12,68.25,67.95,68.23,20682104
1531229400,2018-07-10 09:30,68.11,68.27,68.07,68.2,18991600
1531315800,2018-07-11 09:30,67.43,67.61,66.865,67.06,30172389
1531402200,2018-07-12 09:30,67.42,67.645,67.3,67.58,18810643
1531488600,2018-07-13 09:30,67.61,67.815,67.475,67.79,17206905
1531747800,2018-07-16 09:30,67.77,67.859,67.65,67.76,15422209
1531834200,2018-07-17 09:30,67.58,67.96,67.5438,67.88,16964992
1531920600,2018-07-18 09:30,67.83,68.04,67.72,67.89,13712354
1532007000,2018-07-19 09:30,67.54,67.88,67.47,67.75,26316460
1532093400,2018-07-20 09:30,67.77,68.18,67.755,68.07,28610209
1532352600,2018-07-23 09:30,68.07,68.14,67.935,68.07,10192957
1532439000,2018-07-24 09:30,68.64,68.795,68.36,68.47,17645517
1532525400,2018-07-25 09:30,68.46,69.09,68.235,68.98,29699151
1532611800,2018-07-26 09:30,68.72,68.85,68.6,68.67,23009389
1532698200,2018-07-27 09:30,68.97,69.11,68.73,68.8,28911759
1532957400,2018-07-30 09:30,69.04,69.09,68.7743,68.79,17630558
1533043800,2018-07-31 09:30,69.04,69.1,68.75,68.88,25087543
1533130200,2018-08-01 09:30,68.77,68.8,68.445,68.53,25402711
1533216600,2018-08-02 09:30,67.79,68.08,67.72,68.08,24343205
1533303000,2018-08-03 09:30,67.82,68.15,67.78,68.12,14176581
1533562200,2018-08-06 09:30,67.7,67.93,67.58,67.83,12077901
1533648600,2018-08-07 09:30,68.51,68.535,68.3,68.36,17495457
1533735000,2018-08-08 09:30,68.28,68.43,68.125,68.3,13482778
1533821400,2018-08-09 09:30,68.32,68.39,68.06,68.1,11964746
1533907800,2018-08-10 09:30,66.86,66.99,66.605,66.74,28624589
1534167000,2018-08-13 09:30,66.65,66.78,66.35,66.5,24817696
1534253400,2018-08-14 09:30,66.59,66.65,66.37,66.49,22602522
1534339800,2018-08-15 09:30,65.61,65.69,65.15,65.53,41602707
1534426200,2018-08-16 09:30,65.96,66.235,65.93,65.99,23297125
1534512600,2018-08-17 09:30,65.97,66.55,65.91,66.38,25722878
1534771800,2018-08-20 09:30,66.64,66.82,66.62,66.74,16229334
1534858200,2018-08-21 09:30,67.17,67.365,66.9902,67.15,15670169
1534944600,2018-08-22 09:30,67.45,67.525,67.33,67.41,13217466
1535031000,2018-08-23 09:30,67.07,67.215,66.87,66.93,22030665
1535117400,2018-08-24 09:30,67.23,67.46,67.135,67.32,21816628
1535376600,2018-08-27 09:30,67.91,68.27,67.87,68.22,24820266
1535463000,2018-08-28 09:30,68.39,68.45,68.1201,68.16,19866760
1535549400,2018-08-29 09:30,68.16,68.54,68.085,68.53,18107748
1535635800,2018-08-30 09:30,67.95,68.05,67.71,67.88,20743026
1535722200,2018-08-31 09:30,67.46,67.69,67.075,67.34,30945890
1536067800,2018-09-04 09:30,66.5,66.78,66.415,66.77,25303400
1536154200,2018-09-05 09:30,66.34,66.42,65.96,66.16,26850830
1536240600,2018-09-06 09:30,66.06,66.22,65.645,65.96,25557937
1536327000,2018-09-07 09:30,65.33,65.625,65.24,65.43,22989423
1536586200,2018-09-10 09:30,65.95,65.99,65.75,65.83,15648713
1536672600,2018-09-11 09:30,65.5,65.91,65.4,65.89,17652675
1536759000,2018-09-12 09:30,65.96,66.33,65.91,66.17,19372502
1536845400,2018-09-13 09:30,66.81,66.872,66.49,66.66,26015623
1536931800,2018-09-14 09:30,66.86,66.94,66.6,66.76,21047488
1537191000,2018-09-17 09:30,67.09,67.21,66.81,66.82,13679147
1537277400,2018-09-18 09:30,67.31,67.62,67.3,67.52,20734370
1537363800,2018-09-19 09:30,67.59,67.86,67.59,67.76,15330297
1537450200,2018-09-20 09:30,68.47,68.679,68.29,68.6,24625290
1537536600,2018-09-21 09:30,68.58,68.7353,68.52,68.63,19048404
1537795800,2018-09-24 09:30,68.64,68.66,68.32,68.32,20382669
1537882200,2018-09-25 09:30,68.85,68.89,68.635,68.66,19623042
1537968600,2018-09-26 09:30,68.63,69.13,68.62,68.69,26899905
1538055000,2018-09-27 09:30,68.56,68.86,68.48,68.55,21555264
1538141400,2018-09-28 09:30,67.93,68.2699,67.845,67.99,37330486
1538400600,2018-10-01 09:30,68.21,68.32,68.045,68.07,27922252
1538487000,2018-10-02 09:30,67.55,67.78,67.475,67.72,18689193
1538573400,2018-10-03 09:30,67.84,67.88,67.535,67.6,19372348
1538659800,2018-10-04 09:30,67.17,67.2,66.5,66.81,38671495
1538746200,2018-10-05 09:30,66.65,66.71,66.155,66.41,28116875
1539005400,2018-10-08 09:30,65.69,66.1099,65.535,66.09,24471316
1539091800,2018-10-09 09:30,65.4,66.01,65.3162,65.92,23011181
1539178200,2018-10-10 09:30,65.68,65.68,64.38,64.52,64586203
1539264600,2018-10-11 09:30,64.33,64.54,63.19,63.62,119275106
1539351000,2018-10-12 09:30,64.1118,64.14,63.18,63.85,66539647
1539610200,2018-10-15 09:30,63.69,64.035,63.51,63.7,32702347
1539696600,2018-10-16 09:30,64.53,64.92,64.43,64.79,35959121
1539783000,2018-10-17 09:30,64.59,64.67,64.12,64.42,26566552
1539869400,2018-10-18 09:30,64.17,64.25,63.18,63.38,48286540
1539955800,2018-10-19 09:30,63.72,64.1,63.695,63.74,31924056
1540215000,2018-10-22 09:30,63.8,63.85,63.27,63.46,28641257
1540301400,2018-10-23 09:30,62.42,63.13,62.05,62.86,54694270
1540387800,2018-10-24 09:30,62.5,62.54,61.04,61.08,62942290
1540474200,2018-10-25 09:30,61.58,62.17,61.34,61.85,47758062
1540560600,2018-10-26 09:30,61.09,61.83,60.58,61.43,72008760
1540819800,2018-10-29 09:30,62.1,62.2318,60.77,61.26,60675289
1540906200,2018-10-30 09:30,61.39,62.01,61.3021,62,50851514
1540992600,2018-10-31 09:30,62.51,62.8,62.4001,62.46,49348912
1541079000,2018-11-01 09:30,63,63.27,62.76,63.26,42760170
1541165400,2018-11-02 09:30,63.83,63.92,62.975,63.35,39087946
1541428200,2018-11-05 09:30,63.39,63.51,63.16,63.35,23002653
1541514600,2018-11-06 09:30,63.37,63.66,63.31,63.61,18973714
1541601000,2018-11-07 09:30,64.19,64.5,63.975,64.46,34148393
1541687400,2018-11-08 09:30,64.22,64.35,63.685,63.83,31430633
1541773800,2018-11-09 09:30,63.41,63.52,63.1133,63.41,27581730
1542033000,2018-11-12 09:30,62.97,62.99,62.29,62.37,31068905
1542119400,2018-11-13 09:30,62.53,63.08,62.37,62.64,37193886
1542205800,2018-11-14 09:30,63.08,63.125,62.34,62.69,51506093
1542292200,2018-11-15 09:30,62.28,63.02,61.965,62.89,54666347
1542378600,2018-11-16 09:30,62.48,63.03,62.38,62.96,30723564
1542637800,2018-11-19 09:30,62.92,62.9468,62.25,62.41,30409724
1542724200,2018-11-20 09:30,61.57,61.825,61.18,61.33,41188665
1542810600,2018-11-21 09:30,62.09,62.44,61.99,62.19,32720617
1542983400,2018-11-23 09:30,61.66,61.98,61.66,61.78,13336461
1543242600,2018-11-26 09:30,62.56,62.77,62.5,62.71,31057399
1543329000,2018-11-27 09:30,62.34,62.51,62.16,62.47,38137808
1543415400,2018-11-28 09:30,62.56,63.41,62.28,63.36,40600818
1543501800,2018-11-29 09:30,62.99,63.25,62.825,63.04,31259708
1543588200,2018-11-30 09:30,62.68,62.84,62.49,62.77,32068551
1543847400,2018-12-03 09:30,63.75,63.75,63.36,63.6,43675398
1543933800,2018-12-04 09:30,63.28,63.34,61.89,61.95,50079577
1544106600,2018-12-06 09:30,60.9,61.42,60.23,61.37,78905499
1544193000,2018-12-07 09:30,61.46,61.7,60.61,60.75,54090296
1544452200,2018-12-10 09:30,60.49,60.595,59.66,60.28,61630488
1544538600,2018-12-11 09:30,60.9,60.92,60.105,60.47,71163778
1544625000,2018-12-12 09:30,61.42,61.78,61.355,61.36,45925656
1544711400,2018-12-13 09:30,61.48,61.63,61.19,61.25,44498228
1544797800,2018-12-14 09:30,60.59,60.85,60.41,60.46,50416218
1545057000,2018-12-17 09:30,60.45,60.52,59.73,59.98,58508483
1545143400,2018-12-18 09:30,59.62,59.82,59.2,59.39,48896513
1545229800,2018-12-19 09:30,59.64,60.1,58.58,58.82,68491739
1545316200,2018-12-20 09:30,58.9,59.07,58.35,58.58,97602572
1545402600,2018-12-21 09:30,58.17,58.51,57.475,57.56,93622530
1545661800,2018-12-24 09:30,57.56,57.785,56.84,56.89,47120316
1545834600,2018-12-26 09:30,57.25,58.3,56.77,58.21,68027561
1545921000,2018-12-27 09:30,57.55,58.38,57.11,58.38,76591159
1546007400,2018-12-28 09:30,58.96,58.99,58.52,58.69,68541829
1546266600,2018-12-31 09:30,59.02,59.06,58.58,58.78,62878761
1546439400,2019-01-02 09:30,58,58.67,57.98,58.66,38777677
1546525800,2019-01-03 09:30,58.52,58.545,58.025,58.13,35012599
1546612200,2019-01-04 09:30,59.08,60.12,58.99,59.91,47001748
1546871400,2019-01-07 09:30,59.99,60.415,59.82,60.14,30360506
1546957800,2019-01-08 09:30,60.73,60.755,60.35,60.53,26445035
1547044200,2019-01-09 09:30,61.08,61.34,60.91,61.21,34615284
1547130600,2019-01-10 09:30,60.97,61.46,60.9248,61.45,33699316
1547217000,2019-01-11 09:30,60.98,61.16,60.85,61.03,40655580
1547476200,2019-01-14 09:30,60.58,60.945,60.55,60.75,28319835
1547562600,2019-01-15 09:30,60.91,61.16,60.705,61.07,35202725
1547649000,2019-01-16 09:30,61.13,61.31,61.1,61.24,38473907
1547735400,2019-01-17 09:30,60.88,61.57,60.86,61.46,28895994
1547821800,2019-01-18 09:30,62.07,62.15,61.84,62.08,39380831
1548167400,2019-01-22 09:30,61.43,61.51,61,61.12,36637851
1548253800,2019-01-23 09:30,61.64,61.69,61.145,61.4,21725568
1548340200,2019-01-24 09:30,61.43,61.645,61.26,61.47,21843779
1548426600,2019-01-25 09:30,62.06,62.275,62.015,62.17,31128767
1548685800,2019-01-28 09:30,61.67,61.89,61.58,61.83,28738175
1548772200,2019-01-29 09:30,62.21,62.34,61.97,61.97,23933745
1548858600,2019-01-30 09:30,62.27,62.9,62.11,62.65,30448274
1548945000,2019-01-31 09:30,62.56,62.83,62.41,62.68,33012492
1549031400,2019-02-01 09:30,62.69,62.83,62.4965,62.66,22056046
1549290600,2019-02-04 09:30,62.57,62.915,62.445,62.89,20260649
1549377000,2019-02-05 09:30,63.29,63.434,63.2,63.38,29367109
1549463400,2019-02-06 09:30,63.22,63.3,62.96,63.06,19675589
1549549800,2019-02-07 09:30,62.57,62.67,62.09,62.22,33930698
1549636200,2019-02-08 09:30,61.82,62.03,61.61,62.02,21440370
1549895400,2019-02-11 09:30,61.96,62.09,61.82,61.96,22453011
1549981800,2019-02-12 09:30,62.54,62.71,62.5,62.68,28176323
1550068200,2019-02-13 09:30,62.9,63.05,62.69,62.69,22923491
1550154600,2019-02-14 09:30,62.7,62.92,62.53,62.71,23166902
1550241000,2019-02-15 09:30,63.34,63.62,62.71,63.62,29544714
1550586600,2019-02-19 09:30,63.41,63.97,63.41,63.86,19126768
1550673000,2019-02-20 09:30,63.9404,64.3,63.93,64.04,27833065
1550759400,2019-02-21 09:30,63.99,64.035,63.7507,63.91,19709616
1550845800,2019-02-22 09:30,64.1,64.2699,64.02,64.12,19653784
1551105000,2019-02-25 09:30,64.52,64.58,64.28,64.31,21208940
1551191400,2019-02-26 09:30,64.42,64.77,64.39,64.62,23246232
1551277800,2019-02-27 09:30,64.5,64.585,64.295,64.36,19933419
1551364200,2019-02-28 09:30,64.31,64.455,64.2,64.27,27730704
1551450600,2019-03-01 09:30,64.64,64.75,64.39,64.62,26191800
1551709800,2019-03-04 09:30,64.68,64.71,64.12,64.38,22255534
1551796200,2019-03-05 09:30,64.36,64.605,64.2748,64.44,22135090
1551882600,2019-03-06 09:30,64.55,64.565,64.25,64.28,14060078
1551969000,2019-03-07 09:30,64,64.07,63.45,63.46,29446064
1552055400,2019-03-08 09:30,63.07,63.47,63.06,63.47,21517347
1552311000,2019-03-11 09:30,63.51,64.04,63.51,64.02,16204895
1552397400,2019-03-12 09:30,63.99,64.11,63.9,63.98,31595429
1552483800,2019-03-13 09:30,64.22,64.59,64.215,64.53,17856267
1552570200,2019-03-14 09:30,64.49,64.65,64.3901,64.52,20861435
1552656600,2019-03-15 09:30,64.97,65.24,64.925,65.22,44272173
1552915800,2019-03-18 09:30,65.33,65.48,65.22,65.45,27734311
1553002200,2019-03-19 09:30,65.84,65.88,65.44,65.58,32094829
1553088600,2019-03-20 09:30,65.33,65.915,65.11,65.61,33136010
1553175000,2019-03-21 09:30,65.17,65.63,65.16,65.57,34686489
1553261400,2019-03-22 09:30,64.85,64.955,64.28,64.31,36194249
1553520600,2019-03-25 09:30,64.26,64.45,64.1,64.4,26707870
1553607000,2019-03-26 09:30,64.87,64.94,64.605,64.72,36734393
1553693400,2019-03-27 09:30,64.89,64.97,64.31,64.75,21772334
1553779800,2019-03-28 09:30,64.63,64.71,64.36,64.59,16531162
1553866200,2019-03-29 09:30,64.87,64.9,64.57,64.86,23423907
1554125400,2019-04-01 09:30,65.48,65.71,65.39,65.69,33228135
1554211800,2019-04-02 09:30,65.6,65.74,65.4315,65.71,18209116
1554298200,2019-04-03 09:30,66.17,66.38,66.09,66.22,25471618
1554384600,2019-04-04 09:30,65.99,66.125,65.96,66.08,23580492
1554471000,2019-04-05 09:30,66.03,66.25,66.03,66.25,27828798
1554730200,2019-04-08 09:30,66.24,66.29,66.08,66.29,21464148
1554816600,2019-04-09 09:30,66.05,66.06,65.84,65.87,17075010
1554903000,2019-04-10 09:30,65.96,66.14,65.88,66.12,25289270
1554989400,2019-04-11 09:30,66.05,66.13,65.85,65.98,16309607
1555075800,2019-04-12 09:30,66.42,66.47,66.2937,66.44,31507747
1555335000,2019-04-15 09:30,66.49,66.51,66.335,66.47,11608032
1555421400,2019-04-16 09:30,66.73,66.74,66.47,66.52,19958106
1555507800,2019-04-17 09:30,66.85,66.87,66.6,66.71,23540002
1555594200,2019-04-18 09:30,66.71,66.75,66.51,66.67,21794073
1555939800,2019-04-22 09:30,66.46,66.665,66.42,66.56,21336707
1556026200,2019-04-23 09:30,66.44,66.72,66.4,66.69,17741390
1556112600,2019-04-24 09:30,66.34,66.4,66.105,66.23,26417550
1556199000,2019-04-25 09:30,66.02,66.2,65.96,66.18,16020335
1556285400,2019-04-26 09:30,66.3,66.46,66.2,66.45,17705731
1556544600,2019-04-29 09:30,66.48,66.74,66.425,66.72,16632679
1556631000,2019-04-30 09:30,66.7,66.87,66.48,66.76,36645902
1556717400,2019-05-01 09:30,66.86,66.98,66.33,66.38,25870831
1556803800,2019-05-02 09:30,66.44,66.47,66.105,66.28,21120660
1556890200,2019-05-03 09:30,66.59,66.99,66.551,66.99,22117390
1557149400,2019-05-06 09:30,65.52,66.32,65.5,66.23,24641053
1557235800,2019-05-07 09:30,65.63,65.69,64.865,65.07,30661421
1557322200,2019-05-08 09:30,65.09,65.39,64.965,65.15,31028319
1557408600,2019-05-09 09:30,64.44,64.9187,64.23,64.85,28991462
1557495000,2019-05-10 09:30,64.84,65.35,64.47,65.33,34968019
1557754200,2019-05-13 09:30,64.13,64.22,63.71,63.81,42253209
1557840600,2019-05-14 09:30,64.27,64.62,64.205,64.45,32213993
1557927000,2019-05-15 09:30,63.98,64.79,63.95,64.68,39054925
1558013400,2019-05-16 09:30,64.92,65.41,64.91,65.2,27414280
1558099800,2019-05-17 09:30,64.8,65.105,64.72,64.77,35566283
1558359000,2019-05-20 09:30,64.51,64.73,64.35,64.51,27914479
1558445400,2019-05-21 09:30,64.86,65.03,64.7,64.94,20838866
1558531800,2019-05-22 09:30,64.62,64.835,64.61,64.68,22818175
1558618200,2019-05-23 09:30,64,64.16,63.82,64.09,29106782
1558704600,2019-05-24 09:30,64.77,64.79,64.54,64.78,23319953
1559050200,2019-05-28 09:30,64.73,64.8381,64.13,64.15,32636966
1559136600,2019-05-29 09:30,63.68,63.75,63.435,63.74,32910376
1559223000,2019-05-30 09:30,63.815,63.99,63.74,63.98,28874312
1559309400,2019-05-31 09:30,63.13,63.47,63.07,63.4,34278602
1559568600,2019-06-03 09:30,63.59,63.87,63.41,63.77,36735868
1559655000,2019-06-04 09:30,64.21,64.56,64.04,64.5,34241648
1559741400,2019-06-05 09:30,64.79,64.8,64.38,64.48,19015348
1559827800,2019-06-06 09:30,64.73,64.875,64.5648,64.74,28586899
1559914200,2019-06-07 09:30,65.36,65.7272,65.33,65.56,31020134
1560173400,2019-06-10 09:30,65.73,65.92,65.67,65.74,21435790
1560259800,2019-06-11 09:30,66.34,66.36,65.98,66.07,22255012
1560346200,2019-06-12 09:30,65.81,65.9,65.545,65.58,17110535
1560432600,2019-06-13 09:30,65.74,65.77,65.47,65.64,24194522
1560519000,2019-06-14 09:30,65.25,65.25,65.09,65.16,37202080
1560778200,2019-06-17 09:30,63.8,63.96,63.76,63.83,22615780
1560864600,2019-06-18 09:30,64.35,64.71,64.33,64.68,34024302
1560951000,2019-06-19 09:30,64.83,65.2,64.775,65.08,25092696
1561037400,2019-06-20 09:30,65.83,65.855,65.44,65.65,32817375
1561123800,2019-06-21 09:30,65.37,65.56,65.32,65.37,25032701
1561383000,2019-06-24 09:30,65.56,65.64,65.49,65.51,23238812
1561469400,2019-06-25 09:30,65.58,65.6,65.12,65.12,24373010
1561555800,2019-06-26 09:30,65.37,65.41,65.2,65.2,13170695
1561642200,2019-06-27 09:30,65.37,65.475,65.33,65.36,14439838
1561728600,2019-06-28 09:30,65.64,65.8,65.595,65.73,27667856
1561987800,2019-07-01 09:30,66.39,66.39,65.88,66.04,25621548
1562074200,2019-07-02 09:30,66.17,66.285,66.13,66.23,26045880
1562160600,2019-07-03 09:30,66.59,66.72,66.55,66.68,14359264
1562333400,2019-07-05 09:30,66.1,66.21,65.76,66.17,21696234
1562592600,2019-07-08 09:30,65.8,65.915,65.75,65.79,15839482
1562679000,2019-07-09 09:30,65.33,65.54,65.3,65.51,11661803
1562765400,2019-07-10 09:30,65.82,65.93,65.62,65.74,15051476
1562851800,2019-07-11 09:30,65.87,65.9,65.55,65.72,14023839
1562938200,2019-07-12 09:30,65.69,65.8,65.59,65.8,14459455
1563197400,2019-07-15 09:30,65.87,65.92,65.76,65.86,12363180
1563283800,2019-07-16 09:30,65.67,65.795,65.53,65.59,23641386
1563370200,2019-07-17 09:30,65.76,65.76,65.475,65.5,13318810
1563456600,2019-07-18 09:30,65.25,65.7,65.18,65.7,18640890
1563543000,2019-07-19 09:30,65.67,65.75,65.48,65.51,16908585
1563802200,2019-07-22 09:30,65.6,65.66,65.47,65.58,15203911
1563888600,2019-07-23 09:30,65.98,66.05,65.84,65.99,22078431
1563975000,2019-07-24 09:30,65.81,66.04,65.8,66.04,11192503
1564061400,2019-07-25 09:30,65.84,65.86,65.3,65.37,24288147
1564147800,2019-07-26 09:30,65.55,65.6,65.475,65.5,16616458
1564407000,2019-07-29 09:30,65.72,65.73,65.53,65.64,11655466
1564493400,2019-07-30 09:30,64.9,64.94,64.73,64.88,24945268
1564579800,2019-07-31 09:30,64.85,65.04,64,64.45,32619048
1564666200,2019-08-01 09:30,64.53,65.065,64.01,64.27,38568616
1564752600,2019-08-02 09:30,64.02,64.02,63.445,63.7,37777989
1565011800,2019-08-05 09:30,62.78,62.78,61.83,62.11,54766743
1565098200,2019-08-06 09:30,62.6,62.685,62.075,62.53,33907436
1565184600,2019-08-07 09:30,62.27,62.89,62.09,62.77,41814744
1565271000,2019-08-08 09:30,63.02,63.54,62.94,63.38,29156379
1565357400,2019-08-09 09:30,63.19,63.24,62.79,62.94,23227434
1565616600,2019-08-12 09:30,62.69,62.87,62.33,62.44,21905972
1565703000,2019-08-13 09:30,62.32,63.2,62.255,63.03,31648885
1565789400,2019-08-14 09:30,61.855,61.94,61.3,61.3,39692920
1565875800,2019-08-15 09:30,61.58,61.7,61.26,61.51,40936059
1565962200,2019-08-16 09:30,61.86,62.31,61.86,62.25,24168383
1566221400,2019-08-19 09:30,62.82,62.85,62.62,62.63,22998617
1566307800,2019-08-20 09:30,62.61,62.63,62.34,62.42,21710227
1566394200,2019-08-21 09:30,63.1,63.1,62.86,62.86,25971803
1566480600,2019-08-22 09:30,62.89,62.97,62.51,62.74,20505139
1566567000,2019-08-23 09:30,62.59,63.01,61.95,61.96,34410504
1566826200,2019-08-26 09:30,62.59,62.61,62.26,62.47,27780049
1566912600,2019-08-27 09:30,62.77,62.82,62.42,62.42,24511516
1566999000,2019-08-28 09:30,62.27,62.63,62.09,62.42,25028437
1567085400,2019-08-29 09:30,63.02,63.09,62.8,62.96,19046711
1567171800,2019-08-30 09:30,63.4,63.42,62.93,63.21,33527319
1567517400,2019-09-03 09:30,62.85,63.0971,62.775,63.09,33998210
1567603800,2019-09-04 09:30,63.74,63.98,63.66,63.98,25619299
1567690200,2019-09-05 09:30,64.43,64.57,64.31,64.32,22265884
1567776600,2019-09-06 09:30,64.51,64.6865,64.455,64.53,21338265
1568035800,2019-09-09 09:30,64.73,64.74,64.57,64.72,15965667
1568122200,2019-09-10 09:30,64.6,64.885,64.47,64.83,19028825
1568208600,2019-09-11 09:30,65.02,65.21,64.96,65.19,18413242
1568295000,2019-09-12 09:30,65.24,65.655,65.15,65.57,30292241
1568381400,2019-09-13 09:30,65.89,66.075,65.8038,65.94,22132249
1568640600,2019-09-16 09:30,65.53,65.565,65.31,65.35,31083575
1568727000,2019-09-17 09:30,65.25,65.62,65.19,65.57,23845175
1568813400,2019-09-18 09:30,65.41,65.575,65.108,65.49,17827646
1568899800,2019-09-19 09:30,65.83,65.945,65.685,65.71,19014048
1568986200,2019-09-20 09:30,65.79,65.895,65.48,65.56,35976871
1569245400,2019-09-23 09:30,65.2,65.44,65.13,65.39,15496953
1569331800,2019-09-24 09:30,65.55,65.61,65.1,65.14,32233051
1569418200,2019-09-25 09:30,64.79,65.05,64.56,64.95,21345948
1569504600,2019-09-26 09:30,65.3,65.35,65.085,65.19,25197227
1569591000,2019-09-27 09:30,65.19,65.295,64.835,64.97,20607411
1569850200,2019-09-30 09:30,64.97,65.235,64.95,65.21,25428037
1569936600,2019-10-01 09:30,65.02,65.07,64.46,64.57,42555667
1570023000,2019-10-02 09:30,63.73,63.78,63.1,63.25,44563482
1570109400,2019-10-03 09:30,63.26,63.69,62.98,63.67,39613325
1570195800,2019-10-04 09:30,63.72,64.2,63.675,64.17,19269604
1570455000,2019-10-07 09:30,64.12,64.4054,64.08,64.09,19227966
1570541400,2019-10-08 09:30,63.76,63.81,63.44,63.49,28197535
1570627800,2019-10-09 09:30,63.92,64.08,63.77,63.95,22989535
1570714200,2019-10-10 09:30,63.92,64.43,63.88,64.4,27148076
1570800600,2019-10-11 09:30,65.37,65.82,65.37,65.55,37734035
1571059800,2019-10-14 09:30,65.24,65.4067,65.2,65.28,12661983
1571146200,2019-10-15 09:30,65.56,66.25,65.51,66.04,24972130
1571232600,2019-10-16 09:30,66.02,66.29,65.97,66.14,28612748
1571319000,2019-10-17 09:30,66.48,66.525,66.13,66.3,26986854
1571405400,2019-10-18 09:30,66.21,66.3844,66.01,66.27,21446128
1571664600,2019-10-21 09:30,66.71,66.75,66.5926,66.63,29776585
1571751000,2019-10-22 09:30,66.68,66.91,66.46,66.47,21757598
1571837400,2019-10-23 09:30,66.6,66.83,66.52,66.83,14206222
1571923800,2019-10-24 09:30,67.07,67.08,66.82,66.95,23619883
1572010200,2019-10-25 09:30,66.76,67.07,66.75,67.02,17184196
1572269400,2019-10-28 09:30,67.12,67.34,67.11,67.32,16490582
1572355800,2019-10-29 09:30,67.06,67.33,67.03,67.3,15251904
1572442200,2019-10-30 09:30,67.24,67.58,66.92,67.58,22592938
1572528600,2019-10-31 09:30,67.37,67.42,67.11,67.42,22047932
1572615000,2019-11-01 09:30,67.85,68.02,67.805,68.02,32338628
1572877800,2019-11-04 09:30,68.48,68.5258,68.23,68.37,20429921
1572964200,2019-11-05 09:30,68.29,68.35,68.115,68.24,15727265
1573050600,2019-11-06 09:30,68.31,68.38,68.1105,68.21,16600204
1573137000,2019-11-07 09:30,68.59,68.64,68.39,68.42,21271515
1573223400,2019-11-08 09:30,68.18,68.38,68.03,68.38,10298803
1573482600,2019-11-11 09:30,68.02,68.31,68.015,68.29,8543981
1573569000,2019-11-12 09:30,68.28,68.455,68.18,68.32,18570140
1573655400,2019-11-13 09:30,67.84,68.1168,67.82,68.08,21450061
1573741800,2019-11-14 09:30,67.73,67.93,67.66,67.89,17870854
1573828200,2019-11-15 09:30,68.05,68.32,68.045,68.32,23494589
1574087400,2019-11-18 09:30,68.24,68.46,68.13,68.4,20587473
1574173800,2019-11-19 09:30,68.6,68.625,68.22,68.31,18664801
1574260200,2019-11-20 09:30,67.94,68.1,67.675,67.88,20655197
1574346600,2019-11-21 09:30,67.87,67.9,67.62,67.79,14293408
1574433000,2019-11-22 09:30,68.06,68.11,67.82,67.98,14969272
1574692200,2019-11-25 09:30,68.28,68.52,68.28,68.52,19329050
1574778600,2019-11-26 09:30,68.41,68.54,68.36,68.48,24275969
1574865000,2019-11-27 09:30,68.57,68.69,68.535,68.66,16942146
1575037800,2019-11-29 09:30,68.22,68.34,68.14,68.18,11587154
1575297000,2019-12-02 09:30,68.1,68.14,67.53,67.83,38855444
1575383400,2019-12-03 09:30,67.23,67.62,67.02,67.58,28464655
1575469800,2019-12-04 09:30,68,68.21,67.94,68.2,21762240
1575556200,2019-12-05 09:30,68.24,68.24,67.96,68.07,21039738
1575642600,2019-12-06 09:30,68.62,68.71,68.545,68.69,23179576
1575901800,2019-12-09 09:30,68.57,68.68,68.33,68.33,22138523
1575988200,2019-12-10 09:30,68.26,68.5,68.14,68.36,23419017
1576074600,2019-12-11 09:30,68.39,68.79,68.37,68.72,16548095
1576161000,2019-12-12 09:30,68.64,69.25,68.6,69.18,30690885
1576247400,2019-12-13 09:30,69.56,69.98,69.4,69.66,47204040
1576506600,2019-12-16 09:30,69.6,69.71,69.51,69.62,34004718
1576593000,2019-12-17 09:30,69.3,69.4,69.22,69.22,28111107
1576679400,2019-12-18 09:30,69.14,69.205,69.01,69.13,18590907
1576765800,2019-12-19 09:30,68.99,69.15,68.93,69.13,25939214
1576852200,2019-12-20 09:30,69.29,69.32,69.16,69.18,38587670
1577111400,2019-12-23 09:30,69.24,69.33,69.18,69.29,21313752
1577197800,2019-12-24 09:30,69.28,69.28,69.16,69.22,5946978
1577370600,2019-12-26 09:30,69.35,69.54,69.27,69.52,8372029
1577457000,2019-12-27 09:30,69.84,69.85,69.59,69.64,16281620
1577716200,2019-12-30 09:30,69.76,69.77,69.1,69.12,24174082
1577802600,2019-12-31 09:30,69.19,69.48,68.97,69.44,20142197
1577975400,2020-01-02 09:30,69.96,70.16,69.84,70.14,24749340
1578061800,2020-01-03 09:30,69.19,69.7,69.19,69.27,29921485
1578321000,2020-01-06 09:30,69.16,69.57,69.15,69.54,22637729
1578407400,2020-01-07 09:30,69.52,69.54,69.3,69.35,15113973
1578493800,2020-01-08 09:30,69.27,69.74,69.26,69.55,14249539
1578580200,2020-01-09 09:30,69.68,69.75,69.54,69.71,13749106
1578666600,2020-01-10 09:30,69.66,69.78,69.37,69.45,33832297
1578925800,2020-01-13 09:30,69.51,69.85,69.37,69.81,16443013
1579012200,2020-01-14 09:30,69.68,70,69.67,69.88,28826589
1579098600,2020-01-15 09:30,69.82,69.99,69.785,69.88,12217902
1579185000,2020-01-16 09:30,69.99,70.2,69.91,70.17,12883355
1579271400,2020-01-17 09:30,70.36,70.42,70.21,70.38,18473662
1579617000,2020-01-21 09:30,70.06,70.135,69.81,69.82,20026637
1579703400,2020-01-22 09:30,70.14,70.16,69.91,69.96,14047049
1579789800,2020-01-23 09:30,69.7,69.865,69.36,69.79,18720159
1579876200,2020-01-24 09:30,70.08,70.08,69.37,69.49,24107499
1580135400,2020-01-27 09:30,68.15,68.42,68.045,68.05,32766676
1580221800,2020-01-28 09:30,68.36,68.74,68.26,68.69,18001717
1580308200,2020-01-29 09:30,68.82,68.93,68.602,68.7,14916566
1580394600,2020-01-30 09:30,68.15,68.67,67.98,68.64,26285273
1580481000,2020-01-31 09:30,68,68.025,67.26,67.48,40101751
1580740200,2020-02-03 09:30,67.67,67.99,67.6,67.64,35287955
1580826600,2020-02-04 09:30,68.66,68.87,68.59,68.77,32540443
1580913000,2020-02-05 09:30,69.43,69.48,69.2,69.43,28162052
1580999400,2020-02-06 09:30,69.64,69.68,69.495,69.62,23422500
1581085800,2020-02-07 09:30,69.21,69.25,68.94,68.96,22188193
1581345000,2020-02-10 09:30,68.85,69.13,68.85,69.1,13957642
1581431400,2020-02-11 09:30,69.58,69.71,69.43,69.57,16040607
1581517800,2020-02-12 09:30,69.8,69.86,69.675,69.81,13218278
1581604200,2020-02-13 09:30,69.18,69.51,69.095,69.32,20113118
1581690600,2020-02-14 09:30,69.31,69.33,69.0249,69.2,15005054
1582036200,2020-02-18 09:30,68.7,68.9,68.6239,68.76,29201879
1582122600,2020-02-19 09:30,69,69.11,68.945,68.99,16232741
1582209000,2020-02-20 09:30,68.72,68.8739,68.195,68.58,24607671
1582295400,2020-02-21 09:30,68.36,68.4185,68.06,68.26,24362203
1582554600,2020-02-24 09:30,65.505,66.03,65.5,65.53,51653507
1582641000,2020-02-25 09:30,65.83,65.885,64.35,64.45,55520201
1582727400,2020-02-26 09:30,65,65.4282,64.48,64.53,64966061
1582813800,2020-02-27 09:30,63.51,64.2,62.59,62.62,80201527
1582900200,2020-02-28 09:30,61.26,62.35,60.67,62.24,122982134
1583159400,2020-03-02 09:30,62.23,63.165,61.705,63.04,78735871
1583245800,2020-03-03 09:30,63.57,64.27,62.05,62.53,77691699
1583332200,2020-03-04 09:30,63.63,64.465,63.1,64.4,41681742
1583418600,2020-03-05 09:30,62.96,63.37,62.41,62.69,46293961
1583505000,2020-03-06 09:30,61.56,62.1,61.155,61.75,64277168
1583760600,2020-03-09 09:30,57.63,58.805,56.76,56.96,68430953
1583847000,2020-03-10 09:30,59.2,59.37,57.19,59.06,110061559
1583933400,2020-03-11 09:30,57.54,57.69,55.685,56.05,77459354
1584019800,2020-03-12 09:30,51.8,51.96,49.205,49.89,91385077
1584106200,2020-03-13 09:30,53.12,53.3,49.77,52.91,73588661
1584365400,2020-03-16 09:30,46.59,49.07,45.77,47.45,54122738
1584451800,2020-03-17 09:30,48.12,49.9,47.36,49.76,55045371
1584538200,2020-03-18 09:30,46.68,48.1199,45.725,46.91,74919721
1584624600,2020-03-19 09:30,46.86,48.7,46.461,47.64,65863066
1584711000,2020-03-20 09:30,48.87,49.39,47,47.05,62802952
1584970200,2020-03-23 09:30,47.34,47.63,46.185,46.5,61707994
1585056600,2020-03-24 09:30,50.03,50.81,49.425,50.44,51118527
1585143000,2020-03-25 09:30,51,52.91,50.28,52.08,60405623
1585229400,2020-03-26 09:30,52.38,54.495,52.38,54.41,60512012
1585315800,2020-03-27 09:30,52.44,53.735,52.04,52.86,53372467
1585575000,2020-03-30 09:30,53.05,53.97,52.7,53.93,45987853
1585661400,2020-03-31 09:30,53.09,53.9401,52.795,53.46,64906553
1585747800,2020-04-01 09:30,51.73,52.265,51.05,51.09,40960304
1585834200,2020-04-02 09:30,51.17,52.295,51.01,52.09,38008679
1585920600,2020-04-03 09:30,51.26,51.47,50.585,50.9,33029767
1586179800,2020-04-06 09:30,52.75,53.8,52.59,53.6,42257575
1586266200,2020-04-07 09:30,55.42,55.49,53.8,53.9,36677992
1586352600,2020-04-08 09:30,54.05,54.58,53.595,54.34,35282887
1586439000,2020-04-09 09:30,55.18,55.77,55,55.57,42219304
1586784600,2020-04-13 09:30,55.4,55.49,54.62,55.04,33424732
1586871000,2020-04-14 09:30,55.92,56.43,55.81,56.02,36915627
1586957400,2020-04-15 09:30,54.45,54.6967,54.12,54.27,30158742
1587043800,2020-04-16 09:30,54.48,54.555,53.7768,54.3,37284254
1587130200,2020-04-17 09:30,55.6,55.81,55.115,55.74,36205112
1587389400,2020-04-20 09:30,55.06,55.765,54.9,54.91,25077408
1587475800,2020-04-21 09:30,54.1,54.515,53.67,53.84,35535308
1587562200,2020-04-22 09:30,54.76,54.87,54.51,54.75,28732720
1587648600,2020-04-23 09:30,54.86,55.65,54.45,54.58,34733569
1587735000,2020-04-24 09:30,54.99,55.26,54.57,55.21,30445130
1587994200,2020-04-27 09:30,55.58,56.07,55.49,55.94,30786875
1588080600,2020-04-28 09:30,57.08,57.095,56.32,56.36,35115375
1588167000,2020-04-29 09:30,57.54,57.97,57.41,57.77,34917827
1588253400,2020-04-30 09:30,56.99,57.09,56.26,56.57,52183151
1588339800,2020-05-01 09:30,55.73,55.81,55.11,55.34,32088400
1588599000,2020-05-04 09:30,54.92,55.325,54.7,55.32,23432002
1588685400,2020-05-05 09:30,55.73,55.935,55.33,55.42,23459038
1588771800,2020-05-06 09:30,55.85,55.89,55.06,55.06,22595964
1588858200,2020-05-07 09:30,55.87,56.16,55.62,55.89,30628732
1588944600,2020-05-08 09:30,56.58,56.85,56.49,56.84,20445849
1589203800,2020-05-11 09:30,56.5,56.95,56.41,56.79,30772319
1589290200,2020-05-12 09:30,56.96,57.02,56.07,56.07,59246699
1589376600,2020-05-13 09:30,56.41,56.42,55.365,55.64,31920261
1589463000,2020-05-14 09:30,54.35,55.185,54.01,55.11,41217452
1589549400,2020-05-15 09:30,55.04,55.38,54.795,55.16,34085992
1589808600,2020-05-18 09:30,56.56,57.52,56.525,57.39,39999479
1589895000,2020-05-19 09:30,56.97,57.225,56.59,56.6,31462547
1589981400,2020-05-20 09:30,57.68,58.055,57.55,57.78,32827614
1590067800,2020-05-21 09:30,57.59,57.745,56.94,57.11,27554376
1590154200,2020-05-22 09:30,56.83,56.99,56.58,56.95,27513051
1590499800,2020-05-26 09:30,58.69,58.91,58.54,58.58,46679704
1590586200,2020-05-27 09:30,59.31,59.34,58.67,59.29,33723366
1590672600,2020-05-28 09:30,60.06,60.52,59.82,59.85,40631262
1590759000,2020-05-29 09:30,59.76,59.795,59.005,59.64,47666519
1591018200,2020-06-01 09:30,60.13,60.99,60.08,60.97,30195251
1591104600,2020-06-02 09:30,61.34,61.66,61.25,61.54,31662989
1591191000,2020-06-03 09:30,62.32,63.19,62.3,63.01,29773131
1591277400,2020-06-04 09:30,62.61,63.12,62.57,62.74,26190309
1591363800,2020-06-05 09:30,63.98,64.32,63.7,63.82,31208089
1591623000,2020-06-08 09:30,64.17,64.66,63.79,64.65,29643976
1591709400,2020-06-09 09:30,63.54,64.03,63.445,63.81,30176548
1591795800,2020-06-10 09:30,64.04,64.225,63.43,63.67,27492200
1591882200,2020-06-11 09:30,61.98,62.18,60.13,60.26,54699705
1591968600,2020-06-12 09:30,61.86,62.005,60.44,61.3,57668894
1592227800,2020-06-15 09:30,59.32,60.84,59.13,60.69,30698711
1592314200,2020-06-16 09:30,61.9,62.02,60.76,61.44,37029429
1592400600,2020-06-17 09:30,61.92,62.015,61.49,61.67,26238324
1592487000,2020-06-18 09:30,61.17,61.55,61.05,61.34,20035837
1592573400,2020-06-19 09:30,62.04,62.06,60.945,61.04,32270802
1592832600,2020-06-22 09:30,61.45,61.85,61.21,61.77,20742984
1592919000,2020-06-23 09:30,62.49,62.61,62.04,62.11,20897849
1593005400,2020-06-24 09:30,61.39,61.525,60.34,60.52,34030902
1593091800,2020-06-25 09:30,60.58,61.44,60.3,61.38,26357131
1593178200,2020-06-26 09:30,61.23,61.29,60.4,60.49,32279266
1593437400,2020-06-29 09:30,60.79,61.095,60.44,60.98,23749698
1593523800,2020-06-30 09:30,60.55,61.1,60.45,60.87,32612947
1593610200,2020-07-01 09:30,60.8,61.29,60.75,61.1,25243124
1593696600,2020-07-02 09:30,61.95,62.2599,61.68,61.77,20854116
1594042200,2020-07-06 09:30,62.7,62.89,62.45,62.78,21537069
1594128600,2020-07-07 09:30,62.21,62.48,61.84,61.86,17394207
1594215000,2020-07-08 09:30,61.87,62.41,61.76,62.38,17363418
1594301400,2020-07-09 09:30,62.29,62.3,61.2513,61.67,26098367
1594387800,2020-07-10 09:30,61.92,62.36,61.73,62.33,22008832
1594647000,2020-07-13 09:30,62.675,63.03,61.835,61.93,20515540
1594733400,2020-07-14 09:30,62.05,62.91,61.975,62.84,35121295
1594819800,2020-07-15 09:30,63.79,63.985,63.375,63.55,28888565
1594906200,2020-07-16 09:30,63.15,63.405,63.03,63.14,24677179
1594992600,2020-07-17 09:30,63.29,63.515,63.125,63.51,19641822
1595251800,2020-07-20 09:30,63.51,63.84,63.325,63.82,17995092
1595338200,2020-07-21 09:30,64.15,64.32,63.91,63.95,21187103
1595424600,2020-07-22 09:30,63.95,64.21,63.84,64.12,18023433
1595511000,2020-07-23 09:30,63.97,64.215,63.45,63.61,16080725
1595597400,2020-07-24 09:30,63.22,63.46,63.08,63.26,16017873
1595856600,2020-07-27 09:30,63.87,64.2,63.81,64.09,16368245
1595943000,2020-07-28 09:30,63.75,64.05,63.645,63.68,20470293
1596029400,2020-07-29 09:30,63.97,64.46,63.84,64.35,20055938
1596115800,2020-07-30 09:30,62.83,63.52,62.31,63.4,24664065
1596202200,2020-07-31 09:30,63.01,63.02,61.66,62.05,36002267
1596461400,2020-08-03 09:30,62.69,63.27,62.54,63.26,23609711
1596547800,2020-08-04 09:30,62.97,63.61,62.94,63.61,16236798
1596634200,2020-08-05 09:30,64.09,64.26,63.73,63.82,17909769
1596720600,2020-08-06 09:30,63.57,63.99,63.4,63.89,17210476
1596807000,2020-08-07 09:30,63.27,63.64,63.2,63.63,14988944
1597066200,2020-08-10 09:30,63.68,63.85,63.47,63.84,10049034
1597152600,2020-08-11 09:30,64.93,64.9745,64.02,64.07,31465511
1597239000,2020-08-12 09:30,65.35,65.76,65.255,65.49,28638495
1597325400,2020-08-13 09:30,65.41,65.58,65.01,65.2,17783143
1597411800,2020-08-14 09:30,64.74,64.935,64.62,64.8,10874170
1597671000,2020-08-17 09:30,65.11,65.32,65.1,65.29,11429929
1597757400,2020-08-18 09:30,65.53,65.62,65.06,65.25,23832720
1597843800,2020-08-19 09:30,65.54,65.62,64.92,64.96,15591900
1597930200,2020-08-20 09:30,64.35,64.8601,64.29,64.75,19825871
1598016600,2020-08-21 09:30,64.01,64.43,63.98,64.42,15926466
1598275800,2020-08-24 09:30,65.39,65.4,65.001,65.27,14627711
1598362200,2020-08-25 09:30,65.63,65.64,64.96,65.31,18507532
1598448600,2020-08-26 09:30,65.34,65.77,65.26,65.69,19549764
1598535000,2020-08-27 09:30,65.73,65.76,64.78,65.02,24413907
1598621400,2020-08-28 09:30,65.41,65.51,65.06,65.48,15197286
1598880600,2020-08-31 09:30,65.31,65.52,64.95,64.98,24929910
1598967000,2020-09-01 09:30,65.02,65.18,64.76,65.05,23945546
1599053400,2020-09-02 09:30,65.52,65.97,65.27,65.92,20748359
1599139800,2020-09-03 09:30,65.71,65.765,64.16,64.43,43834315
1599226200,2020-09-04 09:30,64.69,64.85,63.35,64.52,33992752
1599571800,2020-09-08 09:30,63.73,64.27,63.495,63.73,26869621
1599658200,2020-09-09 09:30,64.75,65.16,64.63,64.92,23374015
1599744600,2020-09-10 09:30,65.27,65.37,64.16,64.16,30361042
1599831000,2020-09-11 09:30,64.95,65.135,64.53,64.8,29958948
1600090200,2020-09-14 09:30,65.35,65.4482,65.1,65.15,14663452
1600176600,2020-09-15 09:30,65.81,65.84,65.43,65.57,17678724
1600263000,2020-09-16 09:30,65.76,66.02,65.45,65.57,18052552
1600349400,2020-09-17 09:30,65.18,65.68,65.12,65.66,18149744
1600435800,2020-09-18 09:30,65.47,65.5,64.91,65.13,27897505
1600695000,2020-09-21 09:30,63.51,63.56,62.8,63.48,39928757
1600781400,2020-09-22 09:30,63.48,63.55,62.885,63.46,15810817
1600867800,2020-09-23 09:30,63.84,63.88,62.86,62.93,18325764
1600954200,2020-09-24 09:30,62.77,63.2786,62.45,62.87,25234863
1601040600,2020-09-25 09:30,62.33,63.1,62.14,63.08,24180728
1601299800,2020-09-28 09:30,63.89,64.05,63.775,64.03,18102732
1601386200,2020-09-29 09:30,64.03,64.23,63.72,63.96,16168285
1601472600,2020-09-30 09:30,63.72,64.13,63.425,63.65,37083004
1601559000,2020-10-01 09:30,64,64.07,63.64,64.02,33266740
1601645400,2020-10-02 09:30,63.24,64.045,63.2,63.89,25285542
1601904600,2020-10-05 09:30,64.41,64.88,64.39,64.86,14564076
1601991000,2020-10-06 09:30,64.91,64.95,64.04,64.17,22901394
1602077400,2020-10-07 09:30,64.62,64.805,64.49,64.72,17055532
1602163800,2020-10-08 09:30,65.01,65.19,64.94,65.17,13385039
1602250200,2020-10-09 09:30,65.51,65.725,65.42,65.68,22181578
1602509400,2020-10-12 09:30,65.83,66.11,65.765,66.06,9676136
1602595800,2020-10-13 09:30,65.52,65.52,65.19,65.32,16260531
1602682200,2020-10-14 09:30,65.53,65.64,65.15,65.21,13143984
1602768600,2020-10-15 09:30,63.94,64.5,63.915,64.44,20631772
1602855000,2020-10-16 09:30,64.65,65.02,64.595,64.74,15792590
1603114200,2020-10-19 09:30,65.09,65.17,64.42,64.5,14736365
1603200600,2020-10-20 09:30,64.97,65.18,64.805,64.82,23267761
1603287000,2020-10-21 09:30,64.715,65.04,64.49,64.51,21699072
1603373400,2020-10-22 09:30,64.44,64.665,64.1028,64.56,20533741
1603459800,2020-10-23 09:30,64.95,64.98,64.58,64.98,19334179
1603719000,2020-10-26 09:30,64.16,64.24,63.4232,63.81,17745738
1603805400,2020-10-27 09:30,63.7,63.725,63.22,63.31,19616919
1603891800,2020-10-28 09:30,61.91,62.04,61.365,61.42,36129892
1603978200,2020-10-29 09:30,61.46,61.91,61.14,61.71,30898366
1604064600,2020-10-30 09:30,61.44,61.53,60.97,61.39,35889935
1604327400,2020-11-02 09:30,62.08,62.235,61.765,62.19,24387195
1604413800,2020-11-03 09:30,63.41,64.05,63.33,63.82,26474529
1604500200,2020-11-04 09:30,64.1,65.07,63.84,64.52,26488776
1604586600,2020-11-05 09:30,66.01,66.185,65.67,66.07,28527052
1604673000,2020-11-06 09:30,66.315,66.49,66.095,66.21,21980113
1604932200,2020-11-09 09:30,69.36,69.38,68.12,68.14,43606535
1605018600,2020-11-10 09:30,68.73,69.12,68.55,68.75,37172597
1605105000,2020-11-11 09:30,69.24,69.375,69.045,69.33,16611402
1605191400,2020-11-12 09:30,68.75,68.97,68.16,68.32,24076685
1605277800,2020-11-13 09:30,68.75,69.41,68.72,69.37,21598138
1605537000,2020-11-16 09:30,70.07,70.14,69.71,70.09,20294630
1605623400,2020-11-17 09:30,69.84,70.2199,69.66,70.02,18574518
1605709800,2020-11-18 09:30,70.13,70.35,69.65,69.65,15018046
1605796200,2020-11-19 09:30,69.64,70.19,69.515,70.14,24048013
1605882600,2020-11-20 09:30,70.12,70.44,70.05,70.35,18571956
1606141800,2020-11-23 09:30,70.6,70.685,70.01,70.26,14340286
1606228200,2020-11-24 09:30,70.91,71.38,70.83,71.31,23399355
1606314600,2020-11-25 09:30,70.89,71.4,70.755,71.22,19214874
1606487400,2020-11-27 09:30,71.38,71.77,71.37,71.71,11839131
1606746600,2020-11-30 09:30,71.46,71.53,70.09,70.15,46146551
1606833000,2020-12-01 09:30,71.34,71.86,71.3,71.8,29860465
1606919400,2020-12-02 09:30,71.45,71.88,71.4,71.81,20864720
1607005800,2020-12-03 09:30,72.06,72.265,71.805,71.93,16572665
1607092200,2020-12-04 09:30,72.34,72.555,72.31,72.54,18956071
1607351400,2020-12-07 09:30,72.02,72.22,71.78,71.95,19537682
1607437800,2020-12-08 09:30,71.78,72.24,71.78,72.2,12428127
1607524200,2020-12-09 09:30,72.64,72.64,71.84,72.3,18354988
1607610600,2020-12-10 09:30,71.91,72.555,71.91,72.4,20871314
1607697000,2020-12-11 09:30,71.96,72.19,71.75,72.18,21811995
1607956200,2020-12-14 09:30,71.96,72.065,71.48,71.53,26176419
1608042600,2020-12-15 09:30,71.82,72.31,71.705,72.26,24075665
1608129000,2020-12-16 09:30,72.37,72.62,72.15,72.54,15616664
1608215400,2020-12-17 09:30,73.17,73.275,72.98,73.05,18633257
1608301800,2020-12-18 09:30,73,73.02,72.555,72.67,27367942
1608561000,2020-12-21 09:30,70.89,71.91,70.67,71.74,31487981
1608647400,2020-12-22 09:30,71.59,71.665,71.34,71.56,20357177
1608733800,2020-12-23 09:30,72.17,72.44,72.11,72.33,13577269
1608820200,2020-12-24 09:30,72.3,72.435,72.19,72.36,7252936
1609165800,2020-12-28 09:30,73.12,73.15,72.85,72.95,11142205
1609252200,2020-12-29 09:30,73.8,73.855,73.32,73.42,17541468
1609338600,2020-12-30 09:30,73.81,74,73.47,73.52,15147063
1609425000,2020-12-31 09:30,73.44,73.45,72.79,72.96,34218476
1609770600,2021-01-04 09:30,74.39,74.42,73.05,73.34,26703647
1609857000,2021-01-05 09:30,73.58,74.28,73.52,74.1,19748485
1609943400,2021-01-06 09:30,74.3,75.32,74.22,74.95,25426945
1610029800,2021-01-07 09:30,74.85,75.14,74.78,75.03,18783725
1610116200,2021-01-08 09:30,75.58,75.73,74.95,75.73,25272172
1610375400,2021-01-11 09:30,74.35,74.96,74.33,74.74,23190793
1610461800,2021-01-12 09:30,74.68,75.13,74.47,75.08,20913983
1610548200,2021-01-13 09:30,74.96,75.16,74.82,74.98,15580814
1610634600,2021-01-14 09:30,75.21,75.75,75.2,75.58,22607523
1610721000,2021-01-15 09:30,74.61,74.7599,73.965,74.4,27355929
1611066600,2021-01-19 09:30,74.97,75.02,74.63,74.94,20161868
1611153000,2021-01-20 09:30,75.05,75.46,74.905,75.45,14419070
1611239400,2021-01-21 09:30,75.5,75.565,75.0407,75.51,20547435
1611325800,2021-01-22 09:30,74.86,75.28,74.83,75.15,18854749
1611585000,2021-01-25 09:30,74.58,75.07,74.14,75.06,21748108
1611671400,2021-01-26 09:30,75.17,75.265,74.9,75.17,14175190
1611757800,2021-01-27 09:30,73.79,74.23,73.18,73.45,31244661
1611844200,2021-01-28 09:30,73.64,74.34,73.57,73.92,26658603
1611930600,2021-01-29 09:30,73.04,73.255,72,72.39,42149525
1612189800,2021-02-01 09:30,73.28,73.325,72.925,73.25,23243925
1612276200,2021-02-02 09:30,73.65,74.05,73.4705,73.99,20388457
1612362600,2021-02-03 09:30,74.02,74.21,73.81,74.17,11344608
1612449000,2021-02-04 09:30,73.89,74.25,73.8193,74.25,10500251
1612535400,2021-02-05 09:30,74.61,74.75,74.315,74.71,10955566
1612794600,2021-02-08 09:30,75.25,75.433,75.03,75.23,16405643
1612881000,2021-02-09 09:30,75.34,75.695,75.26,75.64,16337595
1612967400,2021-02-10 09:30,75.87,75.93,75.065,75.38,15402789
1613053800,2021-02-11 09:30,75.79,75.9,75.495,75.89,12314125
1613140200,2021-02-12 09:30,75.68,76.35,75.67,76.31,11946762
1613485800,2021-02-16 09:30,76.99,77.17,76.72,76.86,20225649
1613572200,2021-02-17 09:30,76.3,76.53,76.01,76.41,19222075
1613658600,2021-02-18 09:30,75.85,76.085,75.49,76.03,19191749
1613745000,2021-02-19 09:30,76.34,76.59,76.14,76.25,14962574
1614004200,2021-02-22 09:30,76.02,76.5201,75.97,76.06,19515828
1614090600,2021-02-23 09:30,75.97,76.3699,75.3,76.13,25014456
1614177000,2021-02-24 09:30,75.66,76.45,75.47,76.37,21877579
1614263400,2021-02-25 09:30,76.5,76.68,74.94,75.07,36921812
1614349800,2021-02-26 09:30,74.86,74.86,73.96,74.01,48798058
1614609000,2021-03-01 09:30,74.9,75.461,74.86,75.4,24269364
1614695400,2021-03-02 09:30,75.34,75.58,75.11,75.32,22204887
1614781800,2021-03-03 09:30,75.09,75.41,74.75,74.86,20856074
1614868200,2021-03-04 09:30,74.93,75.24,73.725,74.15,34648554
1614954600,2021-03-05 09:30,74.61,74.75,73.56,74.63,29694166
1615213800,2021-03-08 09:30,74.32,74.9,74.14,74.37,25081049
1615300200,2021-03-09 09:30,75.18,75.52,75.06,75.37,19060262
1615386600,2021-03-10 09:30,75.7,75.79,75.335,75.69,19467435
1615473000,2021-03-11 09:30,75.93,76.22,75.75,76.09,15485310
1615559400,2021-03-12 09:30,75.68,76.31,75.65,76.28,16342490
1615815000,2021-03-15 09:30,76.17,76.38,75.72,76.34,17320131
1615901400,2021-03-16 09:30,76.52,76.585,76.34,76.47,16662642
1615987800,2021-03-17 09:30,76.21,77.01,76.115,76.92,16305003
1616074200,2021-03-18 09:30,76.54,77.055,76.21,76.22,23177378
1616160600,2021-03-19 09:30,76.21,76.51,75.765,76.43,31465034
1616419800,2021-03-22 09:30,76.3,76.69,76.24,76.5,27978207
1616506200,2021-03-23 09:30,75.98,76.09,75.34,75.44,22514227
1616592600,2021-03-24 09:30,75.23,75.59,75.05,75.06,20717029
1616679000,2021-03-25 09:30,75,75.66,74.835,75.62,25182994
1616765400,2021-03-26 09:30,75.88,76.62,75.87,76.6,27381788
1617024600,2021-03-29 09:30,76.14,76.43,75.92,76.3,18381641
1617111000,2021-03-30 09:30,75.885,76.265,75.81,76.2,15377434
1617197400,2021-03-31 09:30,75.88,76.23,75.82,75.87,32191645
1617283800,2021-04-01 09:30,76.26,76.93,76.21,76.86,26312628
1617629400,2021-04-05 09:30,77.49,78.05,77.36,77.98,20340483
1617715800,2021-04-06 09:30,77.05,77.27,76.96,77.15,18995856
1617802200,2021-04-07 09:30,77.17,77.42,77.11,77.31,14349383
1617888600,2021-04-08 09:30,77.66,77.87,77.515,77.75,15502521
1617975000,2021-04-09 09:30,77.69,78.05,77.69,77.99,16330472
1618234200,2021-04-12 09:30,77.67,77.74,77.44,77.56,13729452
1618320600,2021-04-13 09:30,77.67,78.03,77.62,78.01,12712490
1618407000,2021-04-14 09:30,78.05,78.35,78,78.07,13079217
1618493400,2021-04-15 09:30,78.56,78.75,78.485,78.72,20480136
1618579800,2021-04-16 09:30,79.02,79.31,78.895,79.29,17058698
1618839000,2021-04-19 09:30,79.37,79.42,78.935,79.15,15206779
1618925400,2021-04-20 09:30,78.24,78.33,77.55,77.73,29570130
1619011800,2021-04-21 09:30,77.58,78.56,77.56,78.53,15615644
1619098200,2021-04-22 09:30,78.71,78.7758,78.14,78.27,22677843
1619184600,2021-04-23 09:30,78.55,79.23,78.53,79.07,18608915
1619443800,2021-04-26 09:30,79.1,79.23,78.995,79.13,14052118
1619530200,2021-04-27 09:30,78.74,78.93,78.635,78.87,13612223
1619616600,2021-04-28 09:30,78.81,79.26,78.74,79.07,14288614
1619703000,2021-04-29 09:30,79.34,79.38,78.6101,79.1,16410849
1619789400,2021-04-30 09:30,78.62,78.75,77.83,78.11,28951410
1620048600,2021-05-03 09:30,78.75,79.06,78.57,78.97,21382184
1620135000,2021-05-04 09:30,78.11,78.305,77.41,77.8,29144870
1620221400,2021-05-05 09:30,78.65,79.025,78.65,78.86,12137304
1620307800,2021-05-06 09:30,78.96,79.54,78.7099,79.51,21533140
1620394200,2021-05-07 09:30,79.65,80.45,79.57,80.41,23316018
1620653400,2021-05-10 09:30,80.67,80.67,79.92,79.98,16927516
1620739800,2021-05-11 09:30,78.5299,79.11,78.415,78.93,34624606
1620826200,2021-05-12 09:30,78.39,78.74,77.51,77.67,32608193
1620912600,2021-05-13 09:30,77.69,78.42,77.66,78.25,36208765
1620999000,2021-05-14 09:30,79.01,79.64,78.96,79.56,18601673
1621258200,2021-05-17 09:30,79.1,79.42,79.03,79.41,16699468
1621344600,2021-05-18 09:30,80.04,80.065,79.58,79.58,16526922
1621431000,2021-05-19 09:30,78.59,79.19,78.215,78.88,30391735
1621517400,2021-05-20 09:30,79.39,80.045,79.365,79.92,21650323
1621603800,2021-05-21 09:30,80.18,80.21,79.76,80.03,26751581
1621863000,2021-05-24 09:30,80.25,80.62,80.195,80.52,12267905
1621949400,2021-05-25 09:30,80.77,80.84,80.41,80.54,14338912
1622035800,2021-05-26 09:30,80.45,80.63,80.35,80.49,12731980
1622122200,2021-05-27 09:30,80.62,80.785,80.4,80.64,16211246
1622208600,2021-05-28 09:30,80.8449,81.145,80.79,80.83,21449526
1622554200,2021-06-01 09:30,81.5,81.52,81.02,81.12,27524173
1622640600,2021-06-02 09:30,81.27,81.51,81.16,81.39,13561215
1622727000,2021-06-03 09:30,80.96,81.09,80.7473,80.99,16987610
1622813400,2021-06-04 09:30,81.53,81.74,81.4,81.68,13335268
1623072600,2021-06-07 09:30,81.87,81.99,81.765,81.95,16739045
1623159000,2021-06-08 09:30,82.03,82.11,81.77,81.91,13218657
1623245400,2021-06-09 09:30,81.88,81.94,81.61,81.69,20203677
1623331800,2021-06-10 09:30,80.67,80.95,80.585,80.81,16555151
1623418200,2021-06-11 09:30,80.91,81.06,80.69,81,12864847
1623677400,2021-06-14 09:30,80.93,81.16,80.88,81.14,17044422
1623763800,2021-06-15 09:30,81.21,81.27,81.068,81.24,17729156
1623850200,2021-06-16 09:30,81.31,81.399,80.47,80.74,21706657
1623936600,2021-06-17 09:30,80.22,80.39,79.799,80.18,27756298
1624023000,2021-06-18 09:30,78.73,78.93,78.43,78.52,36755070
1624282200,2021-06-21 09:30,78.87,79.595,78.75,79.55,20227954
1624368600,2021-06-22 09:30,79.32,79.75,79.145,79.56,14010211
1624455000,2021-06-23 09:30,79.47,79.53,78.93,79.05,17074600
1624541400,2021-06-24 09:30,79.64,79.85,79.59,79.81,19833278
1624627800,2021-06-25 09:30,79.99,80.05,79.83,79.98,12418788
1624887000,2021-06-28 09:30,79.7,79.76,79.36,79.47,26952934
1624973400,2021-06-29 09:30,79.63,79.68,79.39,79.49,9357471
1625059800,2021-06-30 09:30,78.76,79.06,78.55,78.88,33578498
1625146200,2021-07-01 09:30,78.89,79.12,78.7,79.07,28075377
1625232600,2021-07-02 09:30,79.08,79.36,78.88,79.34,13712695
1625578200,2021-07-06 09:30,79.38,79.4,78.54,78.82,21289842
1625664600,2021-07-07 09:30,79.16,79.35,78.825,79.25,21686378
1625751000,2021-07-08 09:30,77.98,78.37,77.75,78.23,24175766
1625837400,2021-07-09 09:30,79.05,79.61,78.97,79.56,35200097
1626096600,2021-07-12 09:30,79.58,79.94,79.51,79.9,11995809
1626183000,2021-07-13 09:30,79.61,79.785,79.36,79.48,15689509
1626269400,2021-07-14 09:30,79.82,79.835,79.56,79.66,14023618
1626355800,2021-07-15 09:30,78.9,79.095,78.6,78.9,21637942
1626442200,2021-07-16 09:30,78.85,78.895,78.18,78.32,23034068
1626701400,2021-07-19 09:30,77.09,77.23,76.4826,76.9,44844761
1626787800,2021-07-20 09:30,76.72,77.61,76.62,77.46,30309905
1626874200,2021-07-21 09:30,78.01,78.69,77.965,78.64,22928639
1626960600,2021-07-22 09:30,78.93,78.97,78.48,78.67,15873999
1627047000,2021-07-23 09:30,79.19,79.37,79.03,79.22,16550608
1627306200,2021-07-26 09:30,79.07,79.36,79.065,79.33,14870857
1627392600,2021-07-27 09:30,78.97,79.065,78.6345,79.01,20952481
1627479000,2021-07-28 09:30,79.0201,79.5,78.89,79.35,19700643
1627565400,2021-07-29 09:30,80.01,80.12,79.88,79.9,23670010
1627651800,2021-07-30 09:30,79.59,79.84,79.33,79.49,23997146
1627911000,2021-08-02 09:30,80.14,80.28,79.74,79.89,25363951
1627997400,2021-08-03 09:30,80.23,80.48,79.9,80.46,19028085
1628083800,2021-08-04 09:30,80.51,80.645,80.195,80.22,12851997
1628170200,2021-08-05 09:30,80.63,80.705,80.52,80.61,11868871
1628256600,2021-08-06 09:30,80.43,80.52,80.18,80.31,10892493
1628515800,2021-08-09 09:30,80.33,80.38,80.18,80.27,7896971
1628602200,2021-08-10 09:30,80.27,80.45,80.22,80.45,10438207
1628688600,2021-08-11 09:30,80.93,81.045,80.76,81,14996095
1628775000,2021-08-12 09:30,80.83,80.96,80.67,80.93,12443220
1628861400,2021-08-13 09:30,81.19,81.45,81.12,81.42,14590414
1629120600,2021-08-16 09:30,80.79,81.01,80.53,81,19192313
1629207000,2021-08-17 09:30,80.24,80.42,79.885,80.24,23555082
1629293400,2021-08-18 09:30,80.22,80.53,79.92,79.93,16384696
1629379800,2021-08-19 09:30,78.89,79.35,78.85,79.14,30515332
1629466200,2021-08-20 09:30,78.91,79.47,78.82,79.45,15774382
1629725400,2021-08-23 09:30,79.88,80.2757,79.85,80.19,22524751
1629811800,2021-08-24 09:30,80.16,80.49,80.085,80.36,13722869
1629898200,2021-08-25 09:30,80.28,80.47,80.15,80.39,12891622
1629984600,2021-08-26 09:30,80.13,80.235,79.845,79.97,16927885
1630071000,2021-08-27 09:30,79.99,80.77,79.96,80.7,24935784
1630330200,2021-08-30 09:30,80.67,80.795,80.56,80.68,8142005
1630416600,2021-08-31 09:30,80.82,80.835,80.485,80.64,18738357
1630503000,2021-09-01 09:30,81.26,81.59,81.21,81.37,30472118
1630589400,2021-09-02 09:30,81.71,81.88,81.615,81.7,13827383
1630675800,2021-09-03 09:30,81.8,82.18,81.69,82.07,16304812
1631021400,2021-09-07 09:30,82.2,82.2858,82.08,82.13,13967804
1631107800,2021-09-08 09:30,81.78,81.92,81.345,81.48,22764253
1631194200,2021-09-09 09:30,81.45,81.76,81.265,81.34,18963289
1631280600,2021-09-10 09:30,81.92,81.98,81.135,81.16,26709850
1631539800,2021-09-13 09:30,81.95,81.96,81.52,81.8,22335031
1631626200,2021-09-14 09:30,82.04,82.05,81.38,81.46,19177735
1631712600,2021-09-15 09:30,81.38,81.71,81.215,81.7,26233845
1631799000,2021-09-16 09:30,81.35,81.59,81.13,81.57,25765461
1631885400,2021-09-17 09:30,81.07,81.21,80.2307,80.5,37070619
1632144600,2021-09-20 09:30,78.74,79.2,78.33,79.01,45028031
1632231000,2021-09-21 09:30,80.08,80.205,79.68,79.79,37472273
1632317400,2021-09-22 09:30,80.18,80.8,80.12,80.19,28718448
1632403800,2021-09-23 09:30,80.82,81.22,80.77,81.06,31257838
1632490200,2021-09-24 09:30,80.22,80.495,80.17,80.3,20066290
1632749400,2021-09-27 09:30,80.07,80.335,79.97,80.25,15526483
1632835800,2021-09-28 09:30,79.04,79.08,78.235,78.5,48064905
1632922200,2021-09-29 09:30,78.71,78.76,78.235,78.32,31733170
1633008600,2021-09-30 09:30,78.4,78.52,77.815,78.01,39507830
1633095000,2021-10-01 09:30,78.05,78.38,77.495,78.2,44524874
1633354200,2021-10-04 09:30,77.96,78.055,77.1,77.38,32751440
1633440600,2021-10-05 09:30,77.55,78.19,77.46,77.91,25903323
1633527000,2021-10-06 09:30,76.65,77.43,76.43,77.39,36917249
1633613400,2021-10-07 09:30,77.81,78.31,77.8,77.99,19908771
1633699800,2021-10-08 09:30,78.19,78.25,77.84,77.98,23628681
1633959000,2021-10-11 09:30,78.16,78.4099,77.72,77.73,23542606
1634045400,2021-10-12 09:30,77.87,78.04,77.63,77.77,18697377
1634131800,2021-10-13 09:30,78.18,78.64,77.995,78.54,23073573
1634218200,2021-10-14 09:30,79.29,79.395,79.115,79.32,19304352
1634304600,2021-10-15 09:30,79.76,79.995,79.67,79.98,24447249
1634563800,2021-10-18 09:30,79.375,79.68,79.235,79.64,19044674
1634650200,2021-10-19 09:30,79.95,80.25,79.9,80.12,14648971
1634736600,2021-10-20 09:30,80.2,80.5,80.12,80.4,11235452
1634823000,2021-10-21 09:30,79.88,80.15,79.84,80.02,16279129
1634909400,2021-10-22 09:30,80.37,80.66,80.15,80.5,22173472
1635168600,2021-10-25 09:30,80.29,80.475,80.06,80.34,13658063
1635255000,2021-10-26 09:30,80.83,80.83,80.385,80.5,10552886
1635341400,2021-10-27 09:30,80.51,80.63,80.16,80.18,18448990
1635427800,2021-10-28 09:30,80.57,81.02,80.545,80.96,15260158
1635514200,2021-10-29 09:30,80.27,80.55,80.19,80.49,25406922
1635773400,2021-11-01 09:30,80.95,81.3,80.79,81.27,20337367
1635859800,2021-11-02 09:30,81.03,81.21,80.98,81.1,10184524
1635946200,2021-11-03 09:30,81.07,81.79,80.935,81.76,14911042
1636032600,2021-11-04 09:30,81.53,81.71,81.35,81.71,14083257
1636119000,2021-11-05 09:30,81.7,81.83,81.48,81.83,15593634
1636381800,2021-11-08 09:30,81.87,82,81.73,81.82,9065882
1636468200,2021-11-09 09:30,81.87,81.92,81.39,81.64,16011232
1636554600,2021-11-10 09:30,81.3,81.445,80.54,80.65,21546839
1636641000,2021-11-11 09:30,81.06,81.155,80.89,80.94,9264672
1636727400,2021-11-12 09:30,81.21,81.435,81.1,81.38,14818193
1636986600,2021-11-15 09:30,81.58,81.595,81.18,81.23,14064487
1637073000,2021-11-16 09:30,81.22,81.31,81.02,81.05,12167887
1637159400,2021-11-17 09:30,80.88,81.03,80.795,80.95,10415457
1637245800,2021-11-18 09:30,80.94,81.08,80.65,81.03,13236766
1637332200,2021-11-19 09:30,80.59,80.67,80.29,80.34,20761894
1637591400,2021-11-22 09:30,80.23,80.47,79.85,79.87,17802350
1637677800,2021-11-23 09:30,79.7,79.985,79.37,79.79,26736819
1637764200,2021-11-24 09:30,78.66,79.27,78.62,79.26,20238670
1637937000,2021-11-26 09:30,77.73,77.82,76.86,77.13,37775956
1638196200,2021-11-29 09:30,77.74,77.81,77.165,77.52,31913736
1638282600,2021-11-30 09:30,77.35,77.59,76.17,76.84,52770833
1638369000,2021-12-01 09:30,77.89,78.25,76.39,76.4,43889848
1638455400,2021-12-02 09:30,76.88,77.59,76.8,77.35,42264474
1638541800,2021-12-03 09:30,77.6,77.7,76.57,77.03,46147538
1638801000,2021-12-06 09:30,77.55,77.92,77.28,77.77,30884294
1638887400,2021-12-07 09:30,78.77,79.43,78.77,79.41,28244903
1638973800,2021-12-08 09:30,79.47,79.68,79.28,79.56,21619354
1639060200,2021-12-09 09:30,79.04,79.13,78.84,78.9,32026524
1639146600,2021-12-10 09:30,79.04,79.14,78.775,79.07,23412152
1639405800,2021-12-13 09:30,77.39,77.485,76.9,76.99,27594691
1639492200,2021-12-14 09:30,76.67,76.96,76.24,76.58,30040449
1639578600,2021-12-15 09:30,76.79,77.64,76.43,77.62,31109438
1639665000,2021-12-16 09:30,78,78.08,77.44,77.63,44621075
1639751400,2021-12-17 09:30,77.06,77.25,76.6,76.65,44576390
1640010600,2021-12-20 09:30,76.2,76.53,75.995,76.48,26303350
1640097000,2021-12-21 09:30,76.85,77.37,76.785,77.33,22744094
1640183400,2021-12-22 09:30,77.22,78.1,77.181,78.05,21609744
1640269800,2021-12-23 09:30,78.13,78.69,78.12,78.51,28320114
1640615400,2021-12-27 09:30,78.55,79.12,78.54,79.12,15220194
1640701800,2021-12-28 09:30,79.2,79.39,79.115,79.15,15631429
1640788200,2021-12-29 09:30,79.05,79.22,78.925,79.12,15046938
1640874600,2021-12-30 09:30,79.0299,79.13,78.69,78.75,20617454
1640961000,2021-12-31 09:30,78.74,79.08,78.63,78.68,23252255
1641220200,2022-01-03 09:30,79.14,79.225,78.78,79.19,24096854
1641306600,2022-01-04 09:30,79.68,79.875,79.43,79.64,24314271
1641393000,2022-01-05 09:30,79.94,80.04,78.94,78.94,24704131
1641479400,2022-01-06 09:30,78.68,78.92,78.325,78.54,32472902
1641565800,2022-01-07 09:30,78.5,78.89,78.2047,78.77,22833936
1641825000,2022-01-10 09:30,77.89,78.09,77.36,78.04,45587561
1641911400,2022-01-11 09:30,78.09,78.92,77.87,78.89,30847018
1641997800,2022-01-12 09:30,79.38,79.72,79.3,79.66,30780776
1642084200,2022-01-13 09:30,79.89,79.94,78.9847,79.08,24991175
1642170600,2022-01-14 09:30,78.78,79.16,78.505,79,26136544
1642516200,2022-01-18 09:30,78.07,78.26,77.66,77.84,37504630
1642602600,2022-01-19 09:30,78.23,78.38,77.71,77.77,34437771
1642689000,2022-01-20 09:30,78.05,78.45,77.29,77.39,38225469
1642775400,2022-01-21 09:30,77.15,77.24,76.21,76.34,60761311
1643034600,2022-01-24 09:30,74.91,75.61,73.55,75.58,85538387
1643121000,2022-01-25 09:30,74.68,75.63,74.1,75.12,54516769
1643207400,2022-01-26 09:30,76.04,76.17,74.455,74.83,55217182
1643293800,2022-01-27 09:30,74.97,75.31,74.19,74.48,46256107
1643380200,2022-01-28 09:30,73.98,74.74,73.53,74.73,44588290
1643639400,2022-01-31 09:30,74.7108,75.86,74.69,75.82,38299151
1643725800,2022-02-01 09:30,76.29,76.55,75.75,76.54,53240708
1643812200,2022-02-02 09:30,77.16,77.21,76.73,77.11,35225882
1643898600,2022-02-03 09:30,76.39,76.65,75.87,75.89,46207232
1643985000,2022-02-04 09:30,75.75,76.42,75.52,76.07,32188288
1644244200,2022-02-07 09:30,76.13,76.59,76.06,76.2,17045478
1644330600,2022-02-08 09:30,76.19,76.7,75.995,76.59,27066924
1644417000,2022-02-09 09:30,77.66,77.85,77.52,77.83,26858917
1644503400,2022-02-10 09:30,76.72,77.9,76.68,76.84,27349532
1644589800,2022-02-11 09:30,76.81,77.11,75.46,75.68,51519530
1644849000,2022-02-14 09:30,75.37,75.45,74.67,75.19,45356014
1644935400,2022-02-15 09:30,76.08,76.61,75.995,76.57,30223665
1645021800,2022-02-16 09:30,76.27,77.02,76.23,76.86,22557599
1645108200,2022-02-17 09:30,76.29,76.33,75.59,75.62,34691317
1645194600,2022-02-18 09:30,75.66,75.86,75.08,75.3,34752009
1645540200,2022-02-22 09:30,74.62,75.05,73.93,74.42,32967631
1645626600,2022-02-23 09:30,75.17,75.18,73.66,73.81,39771874
1645713000,2022-02-24 09:30,71.11,72.865,70.98,72.82,72044577
1645799400,2022-02-25 09:30,73.46,74.675,73.395,74.64,47641877
1646058600,2022-02-28 09:30,73.11,74.16,72.88,73.22,50821586
1646145000,2022-03-01 09:30,72.91,73.12,71.23,71.62,49003888
1646231400,2022-03-02 09:30,72.13,72.725,71.87,72.52,43906031
1646317800,2022-03-03 09:30,72.22,72.27,70.88,71.09,44389734
1646404200,2022-03-04 09:30,69.11,69.28,68.43,69.03,54470600
1646663400,2022-03-07 09:30,68.59,68.7,66.54,66.84,55499402
1646749800,2022-03-08 09:30,67.49,68.74,66.55,67.42,56682507
1646836200,2022-03-09 09:30,69.54,70.71,69.15,70.24,55555981
1646922600,2022-03-10 09:30,69.25,69.86,68.99,69.4,33804185
1647009000,2022-03-11 09:30,69.96,70.06,68.545,68.65,32380747
1647264600,2022-03-14 09:30,69.69,70.17,69.14,69.28,32048232
1647351000,2022-03-15 09:30,69.65,70.1,69.31,69.94,36961361
1647437400,2022-03-16 09:30,71.4,72.5,70.78,72.45,44821461
1647523800,2022-03-17 09:30,72.14,73.21,72.08,73.06,35025612
1647610200,2022-03-18 09:30,72.45,73.83,72.32,73.77,36684059
1647869400,2022-03-21 09:30,73.56,73.72,72.93,73.31,29985658
1647955800,2022-03-22 09:30,73.76,74.14,73.7,74,21840849
1648042200,2022-03-23 09:30,73.18,73.515,73.03,73.04,22375826
1648128600,2022-03-24 09:30,73.28,73.72,73.16,73.72,22098164
1648215000,2022-03-25 09:30,73.66,73.86,73.25,73.76,18372062
1648474200,2022-03-28 09:30,73.29,73.57,72.955,73.52,24829929
1648560600,2022-03-29 09:30,75.18,75.38,74.49,75.15,25591205
1648647000,2022-03-30 09:30,74.88,75.135,74.555,74.84,22486979
1648733400,2022-03-31 09:30,74.3,74.58,73.5201,73.6,31677184
1648819800,2022-04-01 09:30,74.06,74.31,73.74,74.29,23182802
1649079000,2022-04-04 09:30,74.13,74.62,74.05,74.59,20875700
1649165400,2022-04-05 09:30,74.11,74.38,73.39,73.58,27759378
1649251800,2022-04-06 09:30,72.6571,73.09,72.285,72.7,30692706
1649338200,2022-04-07 09:30,72.77,73.1,72.24,72.86,27838476
1649424600,2022-04-08 09:30,72.59,73.19,72.49,72.89,21937226
1649683800,2022-04-11 09:30,72.58,72.745,72.07,72.12,22149911
1649770200,2022-04-12 09:30,72.23,72.41,71.4,71.58,28916226
1649856600,2022-04-13 09:30,71.57,72.39,71.57,72.35,20164929
1649943000,2022-04-14 09:30,72.49,72.62,71.98,72.02,19861894
1650288600,2022-04-18 09:30,71.7,72.13,71.4701,71.6,18508878
1650375000,2022-04-19 09:30,71.18,72.03,71.18,71.94,24863535
1650461400,2022-04-20 09:30,72.5,72.655,72.2,72.42,30249824
1650547800,2022-04-21 09:30,73.09,73.225,71.505,71.64,32960937
1650634200,2022-04-22 09:30,71.53,71.54,70.4,70.47,34878392
1650893400,2022-04-25 09:30,69.71,70.1901,69.16,70.13,37193632
1650979800,2022-04-26 09:30,69.565,69.61,68.13,68.17,41284189
1651066200,2022-04-27 09:30,68.43,68.95,68.0653,68.48,43593094
1651152600,2022-04-28 09:30,68.91,69.62,68.3,69.45,32153958
1651239000,2022-04-29 09:30,69.7,70.12,68.57,68.64,54305391
1651498200,2022-05-02 09:30,68.39,68.74,67.66,68.47,45813937
1651584600,2022-05-03 09:30,68.9331,69.235,68.7,68.98,39643572
1651671000,2022-05-04 09:30,69,70.31,68.2,70.19,47419134
1651757400,2022-05-05 09:30,69.18,69.215,67.42,67.93,38826969
1651843800,2022-05-06 09:30,67.44,67.695,66.85,67.27,48268884
1652103000,2022-05-09 09:30,66.04,66.15,65.105,65.24,50145018
1652189400,2022-05-10 09:30,66.4,66.44,65.24,65.73,57682403
1652275800,2022-05-11 09:30,65.91,66.77,65.26,65.34,49751147
1652362200,2022-05-12 09:30,64.93,65.8,64.63,65.18,39410879
1652448600,2022-05-13 09:30,66.14,67.02,66.12,66.99,34682159
1652707800,2022-05-16 09:30,66.69,67.35,66.47,67.05,21254366
1652794200,2022-05-17 09:30,68.16,68.35,67.78,68.3,31487038
1652880600,2022-05-18 09:30,67.71,67.81,66.57,66.67,23552973
1652967000,2022-05-19 09:30,66.59,67.7,66.57,67.31,35999626
1653053400,2022-05-20 09:30,68.08,68.15,66.91,67.77,36357240
1653312600,2022-05-23 09:30,68.49,69.07,68.37,68.92,23838588
1653399000,2022-05-24 09:30,68.7,69.035,68.34,68.81,19504585
1653485400,2022-05-25 09:30,68.34,69.1403,68.34,68.83,18826417
1653571800,2022-05-26 09:30,68.93,69.76,68.92,69.59,20930489
1653658200,2022-05-27 09:30,70.04,70.45,70,70.43,13697559
1654003800,2022-05-31 09:30,70.19,70.475,69.84,70.01,25025180
1654090200,2022-06-01 09:30,70.42,70.46,69.06,69.27,28336393
1654176600,2022-06-02 09:30,69.83,70.73,69.58,70.71,21641992
1654263000,2022-06-03 09:30,69.81,70,69.5,69.7,21327192
1654522200,2022-06-06 09:30,70.51,70.61,69.83,69.98,15192262
1654608600,2022-06-07 09:30,69.28,70.22,69.27,70.19,19039817
1654695000,2022-06-08 09:30,69.42,69.72,69.125,69.21,21219368
1654781400,2022-06-09 09:30,67.35,67.51,66.26,66.29,25675720
1654867800,2022-06-10 09:30,65.06,65.13,64.49,64.69,34102077
1655127000,2022-06-13 09:30,63.03,63.365,62.44,62.55,54218140
1655213400,2022-06-14 09:30,62.53,62.73,61.42,61.96,38601732
1655299800,2022-06-15 09:30,62.64,63.47,61.86,63.12,37790744
1655386200,2022-06-16 09:30,61.59,62.18,61.34,61.73,38025307
1655472600,2022-06-17 09:30,61.68,62,61.12,61.48,43097597
1655818200,2022-06-21 09:30,62.57,62.77,62.38,62.41,31891355
1655904600,2022-06-22 09:30,61.71,62.565,61.62,61.99,30368159
1655991000,2022-06-23 09:30,61.85,62,61.27,61.92,26482427
1656077400,2022-06-24 09:30,62.79,63.79,62.74,63.77,31235027
1656336600,2022-06-27 09:30,63.66,63.9354,63.425,63.5,20987643
1656423000,2022-06-28 09:30,64.02,64.22,63.05,63.07,19187397
1656509400,2022-06-29 09:30,63.1,63.29,62.79,62.83,18226773
1656595800,2022-06-30 09:30,61.71,62.59,61.47,62.49,37316190
1656682200,2022-07-01 09:30,61.71,62.65,61.495,62.64,26046602
1657027800,2022-07-05 09:30,60.66,61.32,60.41,61.3,30911297
1657114200,2022-07-06 09:30,61.2,61.49,60.86,61.35,18030019
1657200600,2022-07-07 09:30,61.86,62.29,61.85,62.28,17215174
1657287000,2022-07-08 09:30,62.12,62.559,61.85,62.35,13135240
1657546200,2022-07-11 09:30,61.57,61.75,61.29,61.34,15757918
1657632600,2022-07-12 09:30,61.24,61.83,61.19,61.33,16350477
1657719000,2022-07-13 09:30,60.58,61.55,60.51,61.3,17907459
1657805400,2022-07-14 09:30,59.99,60.49,59.54,60.44,25329073
1657891800,2022-07-15 09:30,60.88,61.435,60.61,61.4,28570069
1658151000,2022-07-18 09:30,62.26,62.42,61.55,61.65,23785643
1658237400,2022-07-19 09:30,62.82,63.35,62.76,63.33,25474473
1658323800,2022-07-20 09:30,63.13,63.32,62.59,62.91,18738180
1658410200,2022-07-21 09:30,62.77,63.63,62.69,63.56,19165528
1658496600,2022-07-22 09:30,63.83,64.19,63.15,63.4,18771515
1658755800,2022-07-25 09:30,63.88,63.97,63.55,63.89,17451391
1658842200,2022-07-26 09:30,63.42,63.475,63,63,11609987
1658928600,2022-07-27 09:30,63.64,64.56,63.43,64.49,20945518
1659015000,2022-07-28 09:30,64.39,64.94,64.01,64.82,19385402
1659101400,2022-07-29 09:30,64.94,65.76,64.76,65.72,23958029
1659360600,2022-08-01 09:30,65.7,66.08,65.485,65.81,19450476
1659447000,2022-08-02 09:30,65.28,65.46,64.74,64.76,17857697
1659533400,2022-08-03 09:30,65.05,65.26,64.65,65.14,16011138
1659619800,2022-08-04 09:30,65.26,65.59,65.18,65.47,15153566
1659706200,2022-08-05 09:30,64.66,65.12,64.57,65.01,15130397
1659965400,2022-08-08 09:30,65.53,65.755,65.04,65.16,12069065
1660051800,2022-08-09 09:30,65.13,65.24,64.7047,64.81,10867780
1660138200,2022-08-10 09:30,66.17,66.49,65.94,66.27,16870770
1660224600,2022-08-11 09:30,66.53,66.74,66.14,66.25,11539596
1660311000,2022-08-12 09:30,66.29,66.77,66.1349,66.76,13680277
1660570200,2022-08-15 09:30,66.19,66.41,66.0648,66.36,15733140
1660656600,2022-08-16 09:30,65.95,66.455,65.95,66.34,13497322
1660743000,2022-08-17 09:30,65.7,66.165,65.47,65.81,14822132
1660829400,2022-08-18 09:30,65.73,65.76,65.365,65.59,14303921
1660915800,2022-08-19 09:30,64.97,65.04,64.5412,64.69,20257627
1661175000,2022-08-22 09:30,63.99,64.01,63.43,63.59,20062226
1661261400,2022-08-23 09:30,63.43,64.09,63.35,63.62,19101375
1661347800,2022-08-24 09:30,63.35,63.91,63.275,63.7,12086577
1661434200,2022-08-25 09:30,63.86,64.42,63.7201,64.4,13980541
1661520600,2022-08-26 09:30,64.43,64.5,62.665,62.71,19338319
1661779800,2022-08-29 09:30,62.43,62.825,62.365,62.57,16199714
1661866200,2022-08-30 09:30,62.99,63.06,61.99,62.12,24907522
1661952600,2022-08-31 09:30,62.12,62.345,61.68,61.7,32178233
1662039000,2022-09-01 09:30,60.8,60.93,60.23,60.87,33526327
1662125400,2022-09-02 09:30,61.39,61.835,60.28,60.47,28234022
1662471000,2022-09-06 09:30,60.76,60.89,60.11,60.32,21862327
1662557400,2022-09-07 09:30,59.84,60.86,59.825,60.85,21289001
1662643800,2022-09-08 09:30,60.17,60.97,60.06,60.89,17589866
1662730200,2022-09-09 09:30,62.06,62.495,62.02,62.44,22655073
1662989400,2022-09-12 09:30,63.22,63.585,63.15,63.31,22338590
1663075800,2022-09-13 09:30,62.13,62.475,61.06,61.11,26513873
1663162200,2022-09-14 09:30,61.3,61.57,60.95,61.31,19052798
1663248600,2022-09-15 09:30,60.86,61.395,60.67,60.77,23181906
1663335000,2022-09-16 09:30,60.24,60.62,60.06,60.4,31914288
1663594200,2022-09-19 09:30,59.71,60.65,59.7,60.61,19597473
1663680600,2022-09-20 09:30,59.77,59.9,59.23,59.58,23429613
1663767000,2022-09-21 09:30,59.53,60.04,58.75,58.8,22678821
1663853400,2022-09-22 09:30,59.03,59.145,58.35,58.63,25400977
1663939800,2022-09-23 09:30,57.29,57.35,56.3101,56.76,33958951
1664199000,2022-09-26 09:30,56.18,56.69,55.62,55.92,41892394
1664285400,2022-09-27 09:30,56.19,56.49,55.22,55.54,38742843
1664371800,2022-09-28 09:30,55.52,57.0274,55.35,56.88,35115964
1664458200,2022-09-29 09:30,56.01,56.245,55.435,56.21,30971597
1664544600,2022-09-30 09:30,55.96,56.7,55.89,56.01,38527583
1664803800,2022-10-03 09:30,56.59,57.355,56.36,57.12,37451634
1664890200,2022-10-04 09:30,58.63,59.5,58.61,59.41,32480225
1664976600,2022-10-05 09:30,58.42,59.11,58.09,58.78,28550730
1665063000,2022-10-06 09:30,58.09,58.38,57.685,57.75,28668813
1665149400,2022-10-07 09:30,57.48,57.55,56.6404,56.83,22199955
1665408600,2022-10-10 09:30,56.7983,56.86,56.18,56.51,26510161
1665495000,2022-10-11 09:30,56.14,56.79,55.71,55.89,26577350
1665581400,2022-10-12 09:30,55.74,56.04,55.55,55.71,24455759
1665667800,2022-10-13 09:30,54.74,57.12,54.61,56.86,48010142
1665754200,2022-10-14 09:30,57.22,57.4,55.95,56.01,28145949
1666013400,2022-10-17 09:30,57.23,57.65,57.22,57.39,32731043
1666099800,2022-10-18 09:30,58.24,58.3,57.38,57.8,26876657
1666186200,2022-10-19 09:30,57.26,57.495,56.71,57.09,22958222
1666272600,2022-10-20 09:30,57.14,57.8,56.83,56.96,25989443
1666359000,2022-10-21 09:30,56.44,58.01,56.215,57.99,37761773
1666618200,2022-10-24 09:30,57.78,58.25,57.485,58,20327588
1666704600,2022-10-25 09:30,58.42,59.33,58.41,59.28,21583264
1666791000,2022-10-26 09:30,59.26,60.25,59.24,59.84,27095551
1666877400,2022-10-27 09:30,59.63,60.08,59.25,59.28,20348052
1666963800,2022-10-28 09:30,59.19,59.87,59.075,59.87,19235535
1667223000,2022-10-31 09:30,59.2,59.44,59.11,59.31,27032689
1667309400,2022-11-01 09:30,60.5,60.52,59.5134,59.78,42686994
1667395800,2022-11-02 09:30,59.87,60.65,58.91,58.91,30497687
1667482200,2022-11-03 09:30,58.11,58.685,58.06,58.41,23604246
1667568600,2022-11-04 09:30,60.17,60.8246,59.79,60.75,33756398
1667831400,2022-11-07 09:30,60.97,61.21,60.705,60.94,19904603
1667917800,2022-11-08 09:30,61.36,62.007,61.215,61.63,19882894
1668004200,2022-11-09 09:30,61.2,61.635,60.76,60.77,22418563
1668090600,2022-11-10 09:30,63.265,64.18,62.92,64.18,29640887
1668177000,2022-11-11 09:30,64.76,65.555,64.51,65.46,24071296
1668436200,2022-11-14 09:30,64.93,65.345,64.77,64.77,21551501
1668522600,2022-11-15 09:30,65.82,65.93,64.6,65.2,34956569
1668609000,2022-11-16 09:30,65.3,65.405,64.86,65.05,22730386
1668695400,2022-11-17 09:30,64.22,65.055,64.2,65.02,21271083
1668781800,2022-11-18 09:30,65.32,65.33,64.93,65.15,18431080
1669041000,2022-11-21 09:30,64.6,64.78,64.37,64.66,21877403
1669127400,2022-11-22 09:30,65.07,65.585,64.965,65.56,14698698
1669213800,2022-11-23 09:30,65.68,66.38,65.68,66.28,13400776
1669386600,2022-11-25 09:30,66.36,66.76,66.36,66.62,10934393
1669645800,2022-11-28 09:30,66.29,66.565,65.715,65.76,18618497
1669732200,2022-11-29 09:30,65.92,66.32,65.785,65.95,17666906
1669818600,2022-11-30 09:30,66.47,67.35,65.83,67.12,41966508
1669905000,2022-12-01 09:30,67.87,68.06,67.42,67.77,24209706
1669991400,2022-12-02 09:30,67.14,67.93,67.14,67.72,36230692
1670250600,2022-12-05 09:30,67.49,67.68,66.64,66.83,26305110
1670337000,2022-12-06 09:30,66.97,67.11,66.25,66.53,25662982
1670423400,2022-12-07 09:30,66.56,66.805,66.275,66.53,23274269
1670509800,2022-12-08 09:30,66.52,66.935,66.315,66.87,20080386
1670596200,2022-12-09 09:30,67.03,67.4163,66.87,66.91,25773100
1670855400,2022-12-12 09:30,66.9,67.11,66.68,67.11,17621657
1670941800,2022-12-13 09:30,68.6501,68.775,67.535,67.79,29377299
1671028200,2022-12-14 09:30,67.89,68.335,67.285,67.73,23707696
1671114600,2022-12-15 09:30,66.89,67.01,65.77,66,25617475
1671201000,2022-12-16 09:30,65.46,65.76,65.125,65.42,23998704
1671460200,2022-12-19 09:30,65.63,65.72,65.09,65.26,21180654
1671546600,2022-12-20 09:30,65.4,65.85,65.31,65.52,21440584
1671633000,2022-12-21 09:30,65.92,66.3857,65.835,66.2,17112211
1671719400,2022-12-22 09:30,65.95,65.96,65.11,65.66,21251228
1671805800,2022-12-23 09:30,65.55,65.99,65.41,65.89,12536577
1672151400,2022-12-27 09:30,65.94,66.2354,65.82,65.99,16247371
1672237800,2022-12-28 09:30,66.13,66.33,65.29,65.29,14526928
1672324200,2022-12-29 09:30,66.04,66.4963,66,66.32,17455379
1672410600,2022-12-30 09:30,65.95,66.18,65.5712,65.64,25629030
1672756200,2023-01-03 09:30,66.46,66.83,65.9,66.22,25179301
1672842600,2023-01-04 09:30,67.18,67.32,66.71,67.1,26751404
1672929000,2023-01-05 09:30,66.47,66.69,66.295,66.43,17376914
1673015400,2023-01-06 09:30,66.83,68.17,66.44,68.13,17951400
1673274600,2023-01-09 09:30,68.65,69.06,68.38,68.42,23392808
1673361000,2023-01-10 09:30,68.33,68.63,68.17,68.62,18811517
1673447400,2023-01-11 09:30,68.95,69.15,68.735,69.14,17732709
1673533800,2023-01-12 09:30,69.71,70.28,69,70.16,19767050
1673620200,2023-01-13 09:30,69.81,70.55,69.81,70.53,18092114
1673965800,2023-01-17 09:30,70.78,71.06,70.555,70.75,25184142
1674052200,2023-01-18 09:30,71.55,71.68,70.5,70.5,35935296
1674138600,2023-01-19 09:30,70.28,70.54,70.015,70.39,23519016
1674225000,2023-01-20 09:30,70.36,71.03,70.175,71.01,28289501
1674484200,2023-01-23 09:30,70.7,71.31,70.6699,71.3,24245314
1674570600,2023-01-24 09:30,70.91,71.36,70.665,71.21,12996525
1674657000,2023-01-25 09:30,70.98,71.7399,70.93,71.68,14230103
1674743400,2023-01-26 09:30,71.74,71.82,71.16,71.74,13272287
1674829800,2023-01-27 09:30,71.3,71.755,71.21,71.6,13986785
1675089000,2023-01-30 09:30,71.34,71.6674,71.135,71.14,14111474
1675175400,2023-01-31 09:30,70.94,71.59,70.795,71.55,23544353
1675261800,2023-02-01 09:30,71.49,72.445,70.94,72.19,27861386
1675348200,2023-02-02 09:30,72.38,72.43,71.64,72.09,15587989
1675434600,2023-02-03 09:30,71.39,72,71.26,71.42,18589851
1675693800,2023-02-06 09:30,70.72,70.88,70.325,70.69,18409612
1675780200,2023-02-07 09:30,70.36,71.38,70.22,71.29,19440317
1675866600,2023-02-08 09:30,71.18,71.29,70.725,70.85,18281380
1675953000,2023-02-09 09:30,71.87,71.925,70.85,70.98,10875303
1676039400,2023-02-10 09:30,70.72,70.77,70.355,70.67,16681189
1676298600,2023-02-13 09:30,70.77,71.38,70.695,71.38,11806254
1676385000,2023-02-14 09:30,71.05,71.83,70.865,71.51,14082875
1676471400,2023-02-15 09:30,70.63,71.195,70.57,71.19,14031168
1676557800,2023-02-16 09:30,70.57,71.27,70.49,70.84,13151026
1676644200,2023-02-17 09:30,70.51,71.095,70.385,71.02,13768199
1676989800,2023-02-21 09:30,70.52,70.77,70.19,70.24,14419688
1677076200,2023-02-22 09:30,70.12,70.24,69.7,69.85,12991737
1677162600,2023-02-23 09:30,70.15,70.285,69.5708,70.21,25783668
1677249000,2023-02-24 09:30,69.02,69.265,68.76,69.04,25120202
1677508200,2023-02-27 09:30,69.84,70.04,69.64,69.86,19736304
1677594600,2023-02-28 09:30,69.66,69.82,69.32,69.35,28408000
1677681000,2023-03-01 09:30,69.9,70.06,69.455,69.72,20960961
1677767400,2023-03-02 09:30,69.23,69.92,69.205,69.86,20540108
1677853800,2023-03-03 09:30,70.25,70.92,70.055,70.88,23663388
1678113000,2023-03-06 09:30,70.72,71,70.62,70.7,22289609
1678199400,2023-03-07 09:30,70.6,70.655,69.44,69.52,26319934
1678285800,2023-03-08 09:30,69.74,70.105,69.57,69.9,21016161
1678372200,2023-03-09 09:30,70.03,70.265,69.265,69.39,25914051
1678458600,2023-03-10 09:30,69.41,69.57,68.58,68.65,31703782
1678714200,2023-03-13 09:30,67.93,68.74,67.805,68.18,27005136
1678800600,2023-03-14 09:30,68.89,69.1,68.56,69.09,18053969
1678887000,2023-03-15 09:30,66.53,67.045,66.07,66.95,37928503
1678973400,2023-03-16 09:30,66.61,67.99,66.55,67.99,33366453
1679059800,2023-03-17 09:30,67.38,67.525,66.914,67.18,23847561
1679319000,2023-03-20 09:30,67.93,68.455,67.805,68.23,24003175
1679405400,2023-03-21 09:30,69.23,69.33,68.86,69.26,16640044
1679491800,2023-03-22 09:30,69.37,70.22,68.98,69.02,16279732
1679578200,2023-03-23 09:30,69.63,70.04,68.715,69.03,23067183
1679664600,2023-03-24 09:30,68.54,68.86,68.14,68.82,27879009
1679923800,2023-03-27 09:30,69.24,69.526,69.085,69.47,23269327
1680010200,2023-03-28 09:30,69.43,69.655,69.325,69.5,20324534
1680096600,2023-03-29 09:30,70.18,70.4,70.05,70.34,29119326
1680183000,2023-03-30 09:30,71.15,71.26,70.985,71.16,21616028
1680269400,2023-03-31 09:30,71.35,71.68,71.35,71.52,28532663
1680528600,2023-04-03 09:30,71.69,72.11,71.5893,72.09,20737147
1680615000,2023-04-04 09:30,72.1,72.32,71.885,72.1,15364637
1680701400,2023-04-05 09:30,71.72,71.915,71.36,71.6,16313998
1680787800,2023-04-06 09:30,71.61,72.125,71.52,71.94,13659913
1681133400,2023-04-10 09:30,71.49,71.9,71.375,71.89,12853992
1681219800,2023-04-11 09:30,72.05,72.25,71.99,72.13,11264095
1681306200,2023-04-12 09:30,72.78,72.94,72.37,72.59,13241524
1681392600,2023-04-13 09:30,73.19,73.58,73.115,73.52,12232991
1681479000,2023-04-14 09:30,73.49,73.69,72.94,73.22,14209875
1681738200,2023-04-17 09:30,73.02,73.12,72.74,73.09,17323772
1681824600,2023-04-18 09:30,73.46,73.55,73.29,73.49,13753409
1681911000,2023-04-19 09:30,73.12,73.34,73.1,73.26,8840764
1681997400,2023-04-20 09:30,73.09,73.435,73.07,73.26,12478579
1682083800,2023-04-21 09:30,73.35,73.675,73.03,73.63,14052976
1682343000,2023-04-24 09:30,73.63,73.845,73.61,73.82,12864933
1682429400,2023-04-25 09:30,73.48,73.515,72.78,72.79,12582207
1682515800,2023-04-26 09:30,73.24,73.25,72.65,72.74,16928568
1682602200,2023-04-27 09:30,73.12,73.66,72.965,73.65,14505686
1682688600,2023-04-28 09:30,73.03,73.63,73.01,73.62,16936838
1682947800,2023-05-01 09:30,73.69,73.89,73.49,73.51,24499508
1683034200,2023-05-02 09:30,72.83,72.84,72.33,72.77,12907178
1683120600,2023-05-03 09:30,73.04,73.55,72.95,72.96,13977397
1683207000,2023-05-04 09:30,72.75,73.07,72.56,72.81,17411173
1683293400,2023-05-05 09:30,73.17,73.99,73.12,73.88,11096946
1683552600,2023-05-08 09:30,74.03,74.05,73.77,73.9,7533221
1683639000,2023-05-09 09:30,73.29,73.7,73.2501,73.6,14835420
1683725400,2023-05-10 09:30,73.68,73.69,72.99,73.45,14009767
1683811800,2023-05-11 09:30,73.03,73.27,72.72,73.27,14756695
1683898200,2023-05-12 09:30,73.36,73.41,72.87,73.14,15823229
1684157400,2023-05-15 09:30,73.36,73.705,73.28,73.7,10580633
1684243800,2023-05-16 09:30,73.32,73.44,72.97,73,13335673
1684330200,2023-05-17 09:30,73.09,73.39,72.815,73.34,21491299
1684416600,2023-05-18 09:30,73.17,73.26,72.83,73.23,10657026
1684503000,2023-05-19 09:30,73.55,73.84,73.47,73.66,15971239
1684762200,2023-05-22 09:30,73.56,73.816,73.55,73.68,12122740
1684848600,2023-05-23 09:30,73.04,73.15,72.57,72.6,19215053
1684935000,2023-05-24 09:30,71.89,71.91,71.5,71.54,21758064
1685021400,2023-05-25 09:30,71.51,71.565,71.15,71.44,17393777
1685107800,2023-05-26 09:30,71.75,72.2,71.735,72.14,11189804
1685453400,2023-05-30 09:30,71.92,71.94,71.21,71.41,13979807
1685539800,2023-05-31 09:30,70.69,70.8,70.13,70.67,32754669
1685626200,2023-06-01 09:30,71.05,71.78,71,71.72,29681639
1685712600,2023-06-02 09:30,72.65,72.76,72.475,72.65,18693531
1685971800,2023-06-05 09:30,72.54,72.61,72.18,72.23,18706151
1686058200,2023-06-06 09:30,72.38,72.8699,72.35,72.83,17811934
1686144600,2023-06-07 09:30,71.25,71.5,70.825,70.89,29259164
1686231000,2023-06-08 09:30,71.23,71.65,71.105,71.64,15781013
1686317400,2023-06-09 09:30,71.57,71.68,71.4,71.52,15419177
1686576600,2023-06-12 09:30,71.76,71.86,71.59,71.83,15814705
1686663000,2023-06-13 09:30,72.49,72.69,72.38,72.51,17620630
1686749400,2023-06-14 09:30,72.97,73.175,72.38,72.78,17305785
1686835800,2023-06-15 09:30,72.77,73.59,72.715,73.55,14597217
1686922200,2023-06-16 09:30,73.88,73.91,73.36,73.39,20036205
1687267800,2023-06-20 09:30,72.59,72.72,72.27,72.42,16873013
1687354200,2023-06-21 09:30,72.3,72.775,72.19,72.53,11322663
1687440600,2023-06-22 09:30,72.01,72.2,71.945,72.08,11313341
1687527000,2023-06-23 09:30,70.83,71.145,70.81,70.96,15929741
1687786200,2023-06-26 09:30,71.05,71.195,70.945,71.05,12950900
1687872600,2023-06-27 09:30,71.26,71.72,71.05,71.67,11034089
1687959000,2023-06-28 09:30,71.65,71.865,71.515,71.72,9256540
1688045400,2023-06-29 09:30,71.39,71.62,71.35,71.62,6735999
1688131800,2023-06-30 09:30,72.29,72.55,72.21,72.5,28381135
1688391000,2023-07-03 09:30,72.47,72.58,72.31,72.42,13375507
1688563800,2023-07-05 09:30,71.9,71.925,71.54,71.61,15971482
1688650200,2023-07-06 09:30,70.54,70.56,69.94,70.37,17415292
1688736600,2023-07-07 09:30,70.44,71.2199,70.405,70.9,16721283
1688995800,2023-07-10 09:30,70.78,71.125,70.75,71.1,9486037
1689082200,2023-07-11 09:30,71.41,71.755,71.22,71.74,12816605
1689168600,2023-07-12 09:30,72.69,73.19,72.57,73.11,16111053
1689255000,2023-07-13 09:30,74.07,74.38,74.04,74.28,12707578
1689341400,2023-07-14 09:30,74.23,74.29,73.83,73.86,12549124
1689600600,2023-07-17 09:30,73.53,73.86,73.41,73.77,15876564
1689687000,2023-07-18 09:30,73.9,74.34,73.83,74.25,11519448
1689773400,2023-07-19 09:30,74.3,74.45,74.02,74.21,11138742
1689859800,2023-07-20 09:30,74.05,74.245,73.7116,73.83,14843852
1689946200,2023-07-21 09:30,74,74.06,73.77,73.98,10318401
1690205400,2023-07-24 09:30,73.66,73.9575,73.62,73.8,9421202
1690291800,2023-07-25 09:30,73.68,74.06,73.66,73.88,9150961
1690378200,2023-07-26 09:30,73.54,74.315,73.5,74.08,12325284
1690464600,2023-07-27 09:30,74.69,74.69,73.85,73.91,12775706
1690551000,2023-07-28 09:30,74.46,74.735,74.3,74.44,15891118
1690810200,2023-07-31 09:30,74.51,74.71,74.36,74.46,13799849
1690896600,2023-08-01 09:30,73.73,73.94,73.375,73.53,16707851
1690983000,2023-08-02 09:30,72.62,72.73,72.08,72.16,16814832
1691069400,2023-08-03 09:30,71.59,72.16,71.525,71.96,12745683
1691155800,2023-08-04 09:30,72.33,72.9075,72.1,72.16,14079592
1691415000,2023-08-07 09:30,72.63,72.79,72.3,72.77,12940636
1691501400,2023-08-08 09:30,71.97,72.385,71.79,72.33,14144438
1691587800,2023-08-09 09:30,72.43,72.62,72.1929,72.31,12188679
1691674200,2023-08-10 09:30,73.09,73.51,72.55,72.62,16788858
1691760600,2023-08-11 09:30,72.11,72.37,71.965,72.13,14863672
1692019800,2023-08-14 09:30,71.4,71.8803,71.21,71.81,9959351
1692106200,2023-08-15 09:30,71.39,71.405,70.79,70.92,13863644
1692192600,2023-08-16 09:30,70.69,70.965,70.32,70.34,10940139
1692279000,2023-08-17 09:30,70.56,70.635,69.745,69.84,14730509
1692365400,2023-08-18 09:30,69.32,69.96,69.31,69.84,13617538
1692624600,2023-08-21 09:30,70.02,70.175,69.71,70.1,15838416
1692711000,2023-08-22 09:30,70.43,70.45,69.91,69.97,10568020
1692797400,2023-08-23 09:30,70.25,70.835,70.24,70.73,12669971
1692883800,2023-08-24 09:30,70.38,70.595,69.73,69.76,14879030
1692970200,2023-08-25 09:30,70.1999,70.47,69.595,70.23,11617664
1693229400,2023-08-28 09:30,70.71,71.02,70.69,70.97,12320383
1693315800,2023-08-29 09:30,70.83,71.895,70.76,71.85,12224400
1693402200,2023-08-30 09:30,71.91,72.15,71.705,71.81,12235771
1693488600,2023-08-31 09:30,71.84,71.9,71.31,71.53,13375220
1693575000,2023-09-01 09:30,72.15,72.18,71.3,71.49,17069805
1693920600,2023-09-05 09:30,71.31,71.33,70.865,70.87,12085027
1694007000,2023-09-06 09:30,70.85,71,70.465,70.72,11294629
1694093400,2023-09-07 09:30,70.5,70.64,70.275,70.49,13542992
1694179800,2023-09-08 09:30,70.39,70.62,70.3,70.39,11813894
1694439000,2023-09-11 09:30,70.98,71.18,70.785,71.12,11650948
1694525400,2023-09-12 09:30,70.76,71.085,70.72,70.83,7947084
1694611800,2023-09-13 09:30,70.68,70.88,70.465,70.61,10047887
1694698200,2023-09-14 09:30,71.15,71.61,71.13,71.54,13519785
1694784600,2023-09-15 09:30,71.69,71.93,71.35,71.38,13678464
1695043800,2023-09-18 09:30,71.08,71.21,70.83,71.13,9121327
1695130200,2023-09-19 09:30,71.25,71.38,71.005,71.19,10339947
1695216600,2023-09-20 09:30,71.53,71.88,70.98,71.02,14523369
1695303000,2023-09-21 09:30,70.35,70.49,69.84,69.84,17619909
1695389400,2023-09-22 09:30,70.22,70.46,69.84,69.9,14715755
1695648600,2023-09-25 09:30,69.32,69.63,69.155,69.59,16853115
1695735000,2023-09-26 09:30,69.0429,69.245,68.63,68.69,17756850
1695821400,2023-09-27 09:30,68.95,69,68.085,68.56,16390389
1695907800,2023-09-28 09:30,68.62,69.325,68.53,69.12,19507379
1695994200,2023-09-29 09:30,69.75,69.76,68.75,68.92,20292936
1696253400,2023-10-02 09:30,68.47,68.53,67.68,67.91,23671359
1696339800,2023-10-03 09:30,67.3,67.49,66.83,67.06,19913413
1696426200,2023-10-04 09:30,67.23,67.27,66.62,67.18,19586201
1696512600,2023-10-05 09:30,67.57,67.87,67.34,67.77,18327243
1696599000,2023-10-06 09:30,67.64,68.68,67.23,68.52,17758931
1696858200,2023-10-09 09:30,67.88,68.495,67.81,68.42,11015700
1696944600,2023-10-10 09:30,69.19,69.6433,69.1,69.36,23682816
1697031000,2023-10-11 09:30,69.76,69.855,69.2617,69.65,15393629
1697117400,2023-10-12 09:30,69.74,69.755,68.81,69.07,16764594
1697203800,2023-10-13 09:30,68.87,69.03,68.26,68.43,19900296
1697463000,2023-10-16 09:30,68.55,69,68.46,68.93,20119560
1697549400,2023-10-17 09:30,68.36,69.285,68.35,68.97,12155129
1697635800,2023-10-18 09:30,68.36,68.425,67.685,67.77,16945882
1697722200,2023-10-19 09:30,67.55,67.91,67.05,67.17,27204107
1697808600,2023-10-20 09:30,66.93,67.09,66.54,66.57,28251819
1698067800,2023-10-23 09:30,66.32,67.04,66.07,66.62,18574702
1698154200,2023-10-24 09:30,66.74,67.06,66.645,67,22138664
1698240600,2023-10-25 09:30,66.82,67.08,66.44,66.52,17400881
1698327000,2023-10-26 09:30,66.35,66.49,65.83,66.04,22915009
1698413400,2023-10-27 09:30,66.5,66.53,65.68,65.84,24116447
1698672600,2023-10-30 09:30,66.56,66.71,66.265,66.68,23954539
1698759000,2023-10-31 09:30,66.76,66.97,66.525,66.92,18291337
1698845400,2023-11-01 09:30,67.08,67.57,66.885,67.55,21115188
1698931800,2023-11-02 09:30,68.68,68.94,68.48,68.93,19669393
1699018200,2023-11-03 09:30,69.51,70,69.405,69.66,20752899
1699281000,2023-11-06 09:30,69.56,69.63,69.17,69.31,15938139
1699367400,2023-11-07 09:30,68.77,69.02,68.635,68.89,15747050
1699453800,2023-11-08 09:30,68.86,69.095,68.595,68.8,10916452
1699540200,2023-11-09 09:30,69.41,69.58,68.755,68.79,14557580
1699626600,2023-11-10 09:30,68.74,69.15,68.26,69.1,12518822
1699885800,2023-11-13 09:30,68.82,69.3847,68.7147,69.28,11354702
1699972200,2023-11-14 09:30,70.46,71.14,70.45,71.05,21166993
1700058600,2023-11-15 09:30,71.08,71.2884,70.9,70.94,12980077
1700145000,2023-11-16 09:30,70.82,71.1101,70.64,70.89,13769696
1700231400,2023-11-17 09:30,71.55,71.865,71.41,71.85,14315647
1700490600,2023-11-20 09:30,71.74,72.199,71.735,72.12,10334937
1700577000,2023-11-21 09:30,72.08,72.145,71.75,71.84,12300155
1700663400,2023-11-22 09:30,71.95,72.035,71.625,72.01,12162877
1700836200,2023-11-24 09:30,72.24,72.58,72.23,72.56,8083468
1701095400,2023-11-27 09:30,72.34,72.4256,72.16,72.31,10365181
1701181800,2023-11-28 09:30,72.11,72.55,72.02,72.33,11130140
1701268200,2023-11-29 09:30,72.54,72.755,72.295,72.48,10462203
1701354600,2023-11-30 09:30,72.49,72.61,72.17,72.42,19444244
1701441000,2023-12-01 09:30,72.375,73.24,72.3497,73.18,21091944
1701700200,2023-12-04 09:30,72.46,72.77,72.335,72.61,14778700
1701786600,2023-12-05 09:30,72.38,72.82,72.23,72.35,17529497
1701873000,2023-12-06 09:30,73.07,73.22,72.55,72.57,16547360
1701959400,2023-12-07 09:30,72.72,73.13,72.43,72.92,14513204
1702045800,2023-12-08 09:30,72.74,73.245,72.72,73.14,13323616
1702305000,2023-12-11 09:30,73.03,73.36,73.015,73.32,12372000
1702391400,2023-12-12 09:30,73.2,73.45,72.96,73.45,13209962
1702477800,2023-12-13 09:30,73.51,74.59,73.16,74.52,16760655
1702564200,2023-12-14 09:30,74.89,75.335,74.72,75.07,21959570
1702650600,2023-12-15 09:30,74.71,74.85,74.29,74.34,22420682
1702909800,2023-12-18 09:30,74.65,74.71,74.3,74.52,14409987
1702996200,2023-12-19 09:30,74.93,75.2,74.93,75.15,15551789
1703082600,2023-12-20 09:30,74.24,74.42,73.42,73.47,23019212
1703169000,2023-12-21 09:30,74.26,74.66,74.1007,74.66,15837425
1703255400,2023-12-22 09:30,74.82,74.97,74.53,74.73,12184500
1703601000,2023-12-26 09:30,74.81,75.1854,74.81,75.07,8915396
1703687400,2023-12-27 09:30,75.12,75.53,75.11,75.47,13103797
1703773800,2023-12-28 09:30,75.45,75.66,75.255,75.27,16832008
1703860200,2023-12-29 09:30,75.38,75.59,75.15,75.35,21346352
1704205800,2024-01-02 09:30,74.54,74.87,74.405,74.51,18177553
1704292200,2024-01-03 09:30,73.78,74.16,73.5756,73.95,18637682
1704378600,2024-01-04 09:30,73.94,74.4903,73.94,74.12,11977052
1704465000,2024-01-05 09:30,74.03,74.82,73.955,74.17,20636708
1704724200,2024-01-08 09:30,74.33,74.98,74.265,74.96,16250145
1704810600,2024-01-09 09:30,74.29,74.47,74.18,74.29,10218297
1704897000,2024-01-10 09:30,74.61,74.88,74.53,74.77,12191313
1704983400,2024-01-11 09:30,74.97,75.065,74.1,74.76,16434278
1705069800,2024-01-12 09:30,75.26,75.495,74.93,75.07,11329292
1705415400,2024-01-16 09:30,74.16,74.255,73.655,73.81,19802714
1705501800,2024-01-17 09:30,72.83,73.14,72.585,73.11,16381456
1705588200,2024-01-18 09:30,73.42,73.78,73.26,73.76,16391373
1705674600,2024-01-19 09:30,73.56,73.94,73.295,73.93,15792194
1705933800,2024-01-22 09:30,74.11,74.38,74.035,74.16,15424825
1706020200,2024-01-23 09:30,73.78,74,73.62,73.95,13575390
1706106600,2024-01-24 09:30,74.93,75,74.5,74.51,16314563
1706193000,2024-01-25 09:30,74.69,74.73,74.33,74.72,15268804
1706279400,2024-01-26 09:30,75.11,75.235,74.985,75.05,16478622
1706538600,2024-01-29 09:30,75.02,75.57,74.925,75.49,13341490
1706625000,2024-01-30 09:30,75.38,75.48,75.1,75.39,11708418
1706711400,2024-01-31 09:30,75.73,75.97,74.9,75.01,23907273
1706797800,2024-02-01 09:30,75.19,75.77,75.03,75.75,17189446
1706884200,2024-02-02 09:30,75.13,75.2,74.81,75.15,15579850
1707143400,2024-02-05 09:30,74.7,74.915,74.335,74.75,15617888
1707229800,2024-02-06 09:30,74.72,75.23,74.68,75.21,13886585
1707316200,2024-02-07 09:30,75.17,75.285,75,75.17,10485099
1707402600,2024-02-08 09:30,75.05,75.1,74.82,75.04,9578469
1707489000,2024-02-09 09:30,75.05,75.35,74.875,75.3,11001146
1707748200,2024-02-12 09:30,75.27,75.66,75.245,75.43,6911456
1707834600,2024-02-13 09:30,74.62,74.715,74.015,74.27,14942545
1707921000,2024-02-14 09:30,74.76,75.12,74.699,75.1,13248016
1708007400,2024-02-15 09:30,75.46,75.97,75.45,75.95,14128634
1708093800,2024-02-16 09:30,75.98,76.385,75.8,76.07,13381557
1708439400,2024-02-20 09:30,76.55,76.63,76.18,76.38,15285824
1708525800,2024-02-21 09:30,76.22,76.47,76.0851,76.44,11433755
1708612200,2024-02-22 09:30,77.07,77.32,76.93,77.3,15475952
1708698600,2024-02-23 09:30,77.38,77.525,77.27,77.4,11399963
1708957800,2024-02-26 09:30,77.46,77.46,77.1499,77.29,15015194
1709044200,2024-02-27 09:30,77.34,77.555,77.285,77.5,11110977
1709130600,2024-02-28 09:30,76.98,77.145,76.92,77.05,12196754
1709217000,2024-02-29 09:30,77.42,77.55,76.855,77.25,17221873
1709303400,2024-03-01 09:30,77.57,78.025,77.25,78,18930508
1709562600,2024-03-04 09:30,77.76,77.96,77.675,77.8,13960993
1709649000,2024-03-05 09:30,77.85,78.13,77.445,77.66,12874367
1709735400,2024-03-06 09:30,78.51,78.809,78.365,78.58,24098119
1709821800,2024-03-07 09:30,79.17,79.61,79.095,79.51,18279137
1709908200,2024-03-08 09:30,79.78,79.8599,79.13,79.25,14926860
1710163800,2024-03-11 09:30,78.72,78.825,78.41,78.8,10496033
1710250200,2024-03-12 09:30,78.91,79.44,78.61,79.43,15295998
1710336600,2024-03-13 09:30,79.35,79.6175,79.315,79.44,14150358
1710423000,2024-03-14 09:30,79.42,79.475,78.57,78.86,25572046
1710509400,2024-03-15 09:30,79.04,79.115,78.63,78.89,17529114
1710768600,2024-03-18 09:30,79.09,79.1177,78.805,78.87,13472212
1710855000,2024-03-19 09:30,78.82,79.22,78.705,79.01,13222145
1710941400,2024-03-20 09:30,78.96,79.9,78.895,79.85,18834852
1711027800,2024-03-21 09:30,79.9,80.03,79.785,79.81,13020951
1711114200,2024-03-22 09:30,79.78,79.83,79.55,79.64,12832839
1711373400,2024-03-25 09:30,79.39,79.76,79.39,79.47,9418239
1711459800,2024-03-26 09:30,79.85,79.875,79.56,79.56,12343148
1711546200,2024-03-27 09:30,79.74,80.06,79.64,80.04,12337185
1711632600,2024-03-28 09:30,79.73,79.97,79.72,79.86,17180354
1711978200,2024-04-01 09:30,79.72,79.87,79.325,79.52,15419517
1712064600,2024-04-02 09:30,78.89,78.96,78.69,78.96,17414958
1712151000,2024-04-03 09:30,78.82,79.52,78.81,79.4,15898397
1712237400,2024-04-04 09:30,79.92,79.95,78.645,78.72,19950362
1712323800,2024-04-05 09:30,78.61,79.13,78.46,78.97,21091872
1712583000,2024-04-08 09:30,79.42,79.53,79.22,79.36,12350990
1712669400,2024-04-09 09:30,79.73,79.8,79,79.35,12469130
1712755800,2024-04-10 09:30,78.21,78.64,78,78.3,21567342
1712842200,2024-04-11 09:30,78.57,78.61,77.65,78.51,11966995
1712928600,2024-04-12 09:30,77.86,78.0875,77.14,77.24,17934613
1713187800,2024-04-15 09:30,78.14,78.24,76.885,77.01,21610118
1713274200,2024-04-16 09:30,76.39,76.62,75.995,76.25,24161808
1713360600,2024-04-17 09:30,76.68,76.72,75.96,76.3,15748040
1713447000,2024-04-18 09:30,76.27,76.61,75.9746,76.09,12884165
1713533400,2024-04-19 09:30,76.18,76.4075,75.885,76.12,16924965
1713792600,2024-04-22 09:30,76.54,77.27,76.465,77.01,17314232
1713879000,2024-04-23 09:30,77.27,77.95,77.21,77.85,13466024
1713965400,2024-04-24 09:30,77.97,77.97,77.385,77.7,8530070
1714051800,2024-04-25 09:30,76.61,77.45,76.42,77.34,11479649
1714138200,2024-04-26 09:30,77.68,78.06,77.65,77.96,12676407
1714397400,2024-04-29 09:30,78.16,78.4,78.04,78.26,10560035
1714483800,2024-04-30 09:30,78,78.215,77.21,77.27,18994253
1714570200,2024-05-01 09:30,77.25,78.015,76.905,77.1,17900348
1714656600,2024-05-02 09:30,77.93,78.28,77.495,78.14,14993396
1714743000,2024-05-03 09:30,78.98,79.22,78.445,78.92,15055613
1715002200,2024-05-06 09:30,79.31,79.52,79.245,79.46,9411398
1715088600,2024-05-07 09:30,79.72,79.85,79.545,79.67,9065799
1715175000,2024-05-08 09:30,79.32,79.6,79.3,79.58,6667504
1715261400,2024-05-09 09:30,79.57,80.2,79.565,80.19,13255992
1715347800,2024-05-10 09:30,80.46,80.52,80.235,80.34,8021993
1715607000,2024-05-13 09:30,80.41,80.55,80.23,80.34,6990493
1715693400,2024-05-14 09:30,80.65,80.95,80.57,80.94,15228304
1715779800,2024-05-15 09:30,81.32,81.8,81.16,81.8,10823682
1715866200,2024-05-16 09:30,81.64,81.71,81.33,81.36,13042069
1715952600,2024-05-17 09:30,81.38,81.68,81.26,81.64,10219550
1716211800,2024-05-20 09:30,81.72,81.93,81.66,81.7,5836787
1716298200,2024-05-21 09:30,81.4,81.625,81.36,81.57,6221985
1716384600,2024-05-22 09:30,81.02,81.1,80.58,80.8,10721213
1716471000,2024-05-23 09:30,81.5,81.505,80.24,80.39,8805831
1716557400,2024-05-24 09:30,80.8,81.165,80.755,81.05,9289525
1716903000,2024-05-28 09:30,81.35,81.37,80.78,81.02,13036642
1716989400,2024-05-29 09:30,79.98,80.115,79.71,79.74,13662062
1717075800,2024-05-30 09:30,80.24,80.6073,80.21,80.41,7456128
1717162200,2024-05-31 09:30,80.96,81.22,80.56,81.18,19932479
1717421400,2024-06-03 09:30,81.44,81.65,81.08,81.41,17127673
1717507800,2024-06-04 09:30,81.23,81.44,80.965,81.31,12565483
1717594200,2024-06-05 09:30,81.71,81.91,81.27,81.88,8661543
1717680600,2024-06-06 09:30,81.91,82.16,81.865,82.16,13195574
1717767000,2024-06-07 09:30,81.44,81.705,81.185,81.27,21589678
1718026200,2024-06-10 09:30,80.72,81.295,80.6,81.21,8996296
1718112600,2024-06-11 09:30,78.89,79.07,78.47,78.91,17004618
1718199000,2024-06-12 09:30,80.18,80.385,79.7,79.84,15188856
1718285400,2024-06-13 09:30,79.18,79.18,78.375,78.7,12784234
1718371800,2024-06-14 09:30,77.655,77.91,77.3601,77.83,17500049
1718631000,2024-06-17 09:30,77.63,78.16,77.37,78.14,13582617
1718717400,2024-06-18 09:30,78.14,78.48,78.12,78.45,16057055
1718890200,2024-06-20 09:30,78.29,78.62,78.21,78.5,10942853
1718976600,2024-06-21 09:30,77.89,78.05,77.665,77.95,14477748
1719235800,2024-06-24 09:30,78.59,78.96,78.52,78.57,12193736
1719322200,2024-06-25 09:30,78.56,78.875,78.47,78.76,8753370
1719408600,2024-06-26 09:30,78.06,78.34,77.945,78.18,10509731
1719495000,2024-06-27 09:30,78.32,78.515,78.08,78.24,14156048
1719581400,2024-06-28 09:30,78.23,78.5651,78,78.33,17425009
1719840600,2024-07-01 09:30,78.76,79.03,78.27,78.47,19845722
1719927000,2024-07-02 09:30,78.22,78.69,78.145,78.66,10331748
1720013400,2024-07-03 09:30,79.25,79.6189,79.25,79.56,8107900
1720186200,2024-07-05 09:30,80.219,80.23,79.52,80.09,8408776
1720445400,2024-07-08 09:30,80.14,80.22,79.645,79.69,6031687
1720531800,2024-07-09 09:30,79.52,79.58,79.165,79.37,8069772
1720618200,2024-07-10 09:30,80.01,80.535,79.97,80.49,8189449
1720704600,2024-07-11 09:30,81.04,81.1799,80.67,80.72,8930036
1720791000,2024-07-12 09:30,81.36,81.87,81.315,81.58,9289703
1721050200,2024-07-15 09:30,81.39,81.4,80.79,80.86,7418664
1721136600,2024-07-16 09:30,80.65,81.275,80.55,81.25,10902885
1721223000,2024-07-17 09:30,80.85,81.14,80.73,80.82,11634175
1721309400,2024-07-18 09:30,80.96,81.04,79.84,80.02,16481517
1721395800,2024-07-19 09:30,79.78,79.82,79.45,79.53,15570283
1721655000,2024-07-22 09:30,80.24,80.395,80.025,80.37,13762751
1721741400,2024-07-23 09:30,79.95,80.0836,79.855,79.92,12043012
1721827800,2024-07-24 09:30,79.67,79.78,78.87,78.91,10698026
1721914200,2024-07-25 09:30,78.24,79.105,77.98,78.41,17719813
1722000600,2024-07-26 09:30,79.02,79.55,78.945,79.41,10574880
1722259800,2024-07-29 09:30,79.23,79.26,78.815,79.06,9305599
1722346200,2024-07-30 09:30,79.37,79.45,78.9201,79.24,8551634
1722432600,2024-07-31 09:30,80.4,80.705,80.12,80.36,20969457
1722519000,2024-08-01 09:30,79.34,79.54,77.85,78.23,18129775
1722605400,2024-08-02 09:30,77.17,77.355,76.375,77,25136218
1722864600,2024-08-05 09:30,74.23,75.835,73.91,75.32,28088798
1722951000,2024-08-06 09:30,74.71,75.9,74.605,75.45,22307546
1723037400,2024-08-07 09:30,76.845,77.09,75.77,75.81,24592622
1723123800,2024-08-08 09:30,76.55,77.155,76.205,77.08,14824675
1723210200,2024-08-09 09:30,76.87,77.39,76.715,77.38,11022675
1723469400,2024-08-12 09:30,77.33,77.53,77.06,77.31,7988718
1723555800,2024-08-13 09:30,77.89,78.6958,77.85,78.64,11927454
1723642200,2024-08-14 09:30,78.79,78.995,78.635,78.93,7127626
1723728600,2024-08-15 09:30,79.64,80.05,79.56,79.89,10364201
1723815000,2024-08-16 09:30,79.98,80.4,79.96,80.33,10287847
1724074200,2024-08-19 09:30,80.81,81.4,80.8,81.31,6740976
1724160600,2024-08-20 09:30,81.17,81.36,80.91,81.06,5177868
1724247000,2024-08-21 09:30,81.58,81.965,81.4,81.81,10653466
1724333400,2024-08-22 09:30,82.11,82.14,81.28,81.33,7290684
1724419800,2024-08-23 09:30,81.99,82.87,81.89,82.82,10779000
1724679000,2024-08-26 09:30,82.56,82.72,82.36,82.45,6719906
1724765400,2024-08-27 09:30,82.65,82.97,82.54,82.83,9597134
1724851800,2024-08-28 09:30,82.74,82.905,82.2,82.54,7883869
1724938200,2024-08-29 09:30,82.93,83.2842,82.71,82.85,9112065
1725024600,2024-08-30 09:30,83.115,83.25,82.59,82.98,15627554
1725370200,2024-09-03 09:30,82.56,82.655,81.465,81.67,9886682
1725456600,2024-09-04 09:30,81.07,81.69,80.98,81.31,10324403
1725543000,2024-09-05 09:30,81.41,81.555,80.975,81.33,12147438
1725629400,2024-09-06 09:30,81.12,81.335,79.67,79.8,12344375
1725888600,2024-09-09 09:30,80.41,80.9,80.395,80.6,10634962
1725975000,2024-09-10 09:30,80.31,80.315,79.575,80.2,9742931
1726061400,2024-09-11 09:30,80.27,80.71,79.375,80.68,12999128
1726147800,2024-09-12 09:30,80.61,81.37,80.39,81.34,11686010
1726234200,2024-09-13 09:30,81.45,81.835,81.3915,81.53,7340468
1726493400,2024-09-16 09:30,81.88,82.2299,81.695,82.19,9869506
1726579800,2024-09-17 09:30,82.09,82.14,81.455,81.73,7307315
1726666200,2024-09-18 09:30,81.81,82.46,81.29,81.47,8454227
1726752600,2024-09-19 09:30,82.96,83.235,82.47,83.08,9974104
1726839000,2024-09-20 09:30,82.59,82.61,81.97,82.26,7892376
1727098200,2024-09-23 09:30,82.39,82.66,82.345,82.57,6997708
1727184600,2024-09-24 09:30,82.82,83.1199,82.61,83.06,6855760
1727271000,2024-09-25 09:30,83.21,83.23,82.585,82.61,11869015
1727357400,2024-09-26 09:30,84.19,84.525,83.85,84.43,12874975
1727443800,2024-09-27 09:30,84.27,84.5563,83.795,83.92,10690655
1727703000,2024-09-30 09:30,83.96,83.97,83.18,83.63,13425369
1727789400,2024-10-01 09:30,83.66,83.69,82.57,83.01,18430914
1727875800,2024-10-02 09:30,82.86,83.025,82.45,82.84,8335155
1727962200,2024-10-03 09:30,82.12,82.28,81.77,82.07,9890515
1728048600,2024-10-04 09:30,82.13,82.565,82.045,82.55,8536274
1728307800,2024-10-07 09:30,82.3,82.41,81.7879,82.09,7365112
1728394200,2024-10-08 09:30,81.9,81.97,81.685,81.96,6339144
1728480600,2024-10-09 09:30,81.52,82.05,81.46,81.98,5370828
1728567000,2024-10-10 09:30,81.77,81.91,81.43,81.88,5794427
1728653400,2024-10-11 09:30,81.84,82.38,81.83,82.3,6915027
1728912600,2024-10-14 09:30,82.11,82.575,82.01,82.54,6646193
1728999000,2024-10-15 09:30,82.24,82.26,81.095,81.17,17667286
1729085400,2024-10-16 09:30,81.38,81.4569,81.225,81.38,5931766
1729171800,2024-10-17 09:30,81.68,81.71,81.31,81.39,8904646
1729258200,2024-10-18 09:30,81.81,81.965,81.62,81.94,5863087
1729517400,2024-10-21 09:30,81.49,81.55,80.83,80.97,8009105
1729603800,2024-10-22 09:30,80.44,80.625,80.37,80.51,5844195
1729690200,2024-10-23 09:30,79.79,79.965,79.345,79.7,7555992
1729776600,2024-10-24 09:30,80.33,80.35,79.8,80.15,6522380
1729863000,2024-10-25 09:30,80.34,80.46,79.745,79.88,9288134
1730122200,2024-10-28 09:30,80.24,80.625,80.18,80.52,6985008
1730208600,2024-10-29 09:30,80.25,80.42,80.045,80.23,8778380
1730295000,2024-10-30 09:30,79.57,80.06,79.505,79.71,8828077
1730381400,2024-10-31 09:30,79.32,79.32,78.47,79.22,19247645
1730467800,2024-11-01 09:30,79.65,79.8557,79.305,79.38,9951294
1730730600,2024-11-04 09:30,79.82,80.03,79.39,79.44,10280054
1730817000,2024-11-05 09:30,79.65,80.295,79.59,80.23,9596383
1730903400,2024-11-06 09:30,79.05,79.155,78.42,79.07,11746261
1730989800,2024-11-07 09:30,79.98,80.34,79.84,80.27,11634128
1731076200,2024-11-08 09:30,79.38,79.38,78.78,79.16,11540291
1731335400,2024-11-11 09:30,79.41,79.45,79.1,79.18,5839576
1731421800,2024-11-12 09:30,78.42,78.42,77.32,77.71,16613900
1731508200,2024-11-13 09:30,77.4,77.46,76.8,77.25,14828857
1731594600,2024-11-14 09:30,77.81,77.975,77.33,77.41,19039012
1731681000,2024-11-15 09:30,77.31,77.33,76.96,77.13,15433599
1731940200,2024-11-18 09:30,77.07,77.695,77.02,77.55,7774078
1732026600,2024-11-19 09:30,76.9,77.595,76.79,77.45,13402289
1732113000,2024-11-20 09:30,77.13,77.24,76.7017,77.24,12441967
1732199400,2024-11-21 09:30,77.12,77.3801,76.8518,77.26,9161202
1732285800,2024-11-22 09:30,77.17,77.7,77.16,77.56,16809833
1732545000,2024-11-25 09:30,78.16,78.27,77.72,77.96,24934101
1732631400,2024-11-26 09:30,77.83,77.845,77.27,77.51,9360799
1732717800,2024-11-27 09:30,77.84,78.075,77.695,77.93,7477916
1732890600,2024-11-29 09:30,78.24,79.01,78.21,78.97,11643860
1733149800,2024-12-02 09:30,79.08,79.33,78.57,79.19,15721136
1733236200,2024-12-03 09:30,79.71,79.87,79.4,79.64,13289942
1733322600,2024-12-04 09:30,79.74,79.875,79.58,79.7,10434376
1733409000,2024-12-05 09:30,80.1,80.22,79.945,80.09,11910866
1733495400,2024-12-06 09:30,80.39,80.39,79.9,80.08,7072545
1733754600,2024-12-09 09:30,80.53,80.625,80,80.03,7801060
1733841000,2024-12-10 09:30,79.83,79.85,79.29,79.31,10662787
1733927400,2024-12-11 09:30,79.73,79.87,79.49,79.81,11859039
1734013800,2024-12-12 09:30,79.39,79.71,79.05,79.11,8623811
1734100200,2024-12-13 09:30,79.21,79.21,78.68,78.89,10116569
1734359400,2024-12-16 09:30,78.58,78.895,78.5001,78.63,25547908
1734445800,2024-12-17 09:30,77.43,77.71,77.37,77.45,13934864
1734532200,2024-12-18 09:30,77.375,77.535,75.405,75.55,16470395
1734618600,2024-12-19 09:30,75.8,75.87,75.255,75.31,17486579
1734705000,2024-12-20 09:30,74.38,75.7299,74.37,75.1,20878324
1734964200,2024-12-23 09:30,75.24,75.64,74.94,75.59,10491242
1735050600,2024-12-24 09:30,75.62,75.92,75.43,75.86,5585232
1735223400,2024-12-26 09:30,75.99,76.345,75.9301,76.22,10787372
1735309800,2024-12-27 09:30,76.08,76.275,75.83,76.11,15819744
1735569000,2024-12-30 09:30,75.64,75.8799,75.275,75.61,16427609
1735655400,2024-12-31 09:30,75.86,75.98,75.44,75.61,21393484
1735828200,2025-01-02 09:30,75.7,75.87,75.14,75.35,12756558
1735914600,2025-01-03 09:30,75.53,75.74,75.235,75.68,12548776
1736173800,2025-01-06 09:30,76.33,76.89,76.25,76.4,16201781
1736260200,2025-01-07 09:30,77.06,77.06,76.23,76.34,9393247
1736346600,2025-01-08 09:30,75.9,76.33,75.675,76.22,7894852
1736519400,2025-01-10 09:30,75.65,75.67,74.9038,75.06,12022276
1736778600,2025-01-13 09:30,74.25,74.89,74.24,74.85,12019745
1736865000,2025-01-14 09:30,75.02,75.256,74.76,75.12,9963181
1736951400,2025-01-15 09:30,76.2,76.26,75.755,76.08,12144784
1737037800,2025-01-16 09:30,76.25,76.69,76.09,76.47,17925790
1737124200,2025-01-17 09:30,76.86,77.195,76.68,76.78,10667115
1737469800,2025-01-21 09:30,77.8,78.35,77.6838,78.33,13169107
1737556200,2025-01-22 09:30,78.49,78.5,78.12,78.15,8666664
1737642600,2025-01-23 09:30,78.34,78.79,78.19,78.79,10977637
1737729000,2025-01-24 09:30,79.15,79.46,79.075,79.23,7578399
1737988200,2025-01-27 09:30,78.84,79.27,78.82,79.23,13559152
1738074600,2025-01-28 09:30,79.11,79.18,78.655,79.13,9458406
1738161000,2025-01-29 09:30,79.14,79.355,78.85,79.12,7875350
1738247400,2025-01-30 09:30,79.88,80.32,79.64,79.99,13792063
1738333800,2025-01-31 09:30,79.86,80.17,79.17,79.24,14935711
1738593000,2025-02-03 09:30,77.91,78.8,77.6476,78.31,14997646
1738679400,2025-02-04 09:30,78.785,79.3,78.71,79.22,10608266
1738765800,2025-02-05 09:30,79.71,80.085,79.55,79.99,7857042
1738852200,2025-02-06 09:30,80.25,80.54,80.1901,80.37,7806531
1738938600,2025-02-07 09:30,80.42,80.48,79.48,79.61,13110844
1739197800,2025-02-10 09:30,79.98,80.175,79.92,80.15,7287254
1739284200,2025-02-11 09:30,80.06,80.615,80.025,80.53,7583803
1739370600,2025-02-12 09:30,80.01,80.99,79.89,80.83,17271426
1739457000,2025-02-13 09:30,81.2,81.85,81.12,81.81,17212339
1739543400,2025-02-14 09:30,82.27,82.35,81.905,81.93,8051820
1739889000,2025-02-18 09:30,82.47,82.63,82.32,82.52,9485857
1739975400,2025-02-19 09:30,81.65,81.8,81.375,81.67,11042162
1740061800,2025-02-20 09:30,81.91,82.1,81.585,82.05,9177372
1740148200,2025-02-21 09:30,82.12,82.135,81.3801,81.54,11630000
1740407400,2025-02-24 09:30,81.87,81.99,81.3399,81.49,11135811
1740493800,2025-02-25 09:30,82.51,82.51,81.875,82.23,10091354
1740580200,2025-02-26 09:30,82.47,82.985,82.17,82.34,11254629
1740666600,2025-02-27 09:30,82.11,82.11,81.36,81.41,19003207
1740753000,2025-02-28 09:30,81.33,81.65,80.81,81.58,20717807
1741012200,2025-03-03 09:30,83.17,83.385,82.025,82.48,16234749
1741098600,2025-03-04 09:30,81.89,83.33,81.21,82.46,18408473
1741185000,2025-03-05 09:30,83.58,84.57,83.58,84.43,17092514
1741271400,2025-03-06 09:30,83.81,84.4899,83.5,83.56,18421015
1741357800,2025-03-07 09:30,83.71,84.54,83.5365,84.43,13184265
1741613400,2025-03-10 09:30,83.04,83.335,81.875,82.44,19368425
1741699800,2025-03-11 09:30,82.53,82.65,81.605,82.16,18088834
1741786200,2025-03-12 09:30,82.71,82.93,82.175,82.75,15886266
1741872600,2025-03-13 09:30,82.27,82.495,81.9399,82.2,18561447
1741959000,2025-03-14 09:30,83,83.73,82.85,83.71,13971270
1742218200,2025-03-17 09:30,83.93,84.78,83.87,84.65,12966764
1742304600,2025-03-18 09:30,84.58,84.7701,84.1499,84.64,10513395
1742391000,2025-03-19 09:30,84.34,85.185,84.2773,84.89,16362393
1742477400,2025-03-20 09:30,83.67,84.25,83.645,84.18,11820548
1742563800,2025-03-21 09:30,83.55,83.82,83.37,83.66,18771241
1742823000,2025-03-24 09:30,83.585,83.83,83.345,83.65,12201774
1742909400,2025-03-25 09:30,84.22,84.32,83.91,84.11,10478188
1742995800,2025-03-26 09:30,83.55,83.775,82.875,83.02,17011162
1743082200,2025-03-27 09:30,82.89,83.39,82.845,83.2,10331864
1743168600,2025-03-28 09:30,82.79,82.885,82.29,82.46,14242399
1743427800,2025-03-31 09:30,81.27,81.875,80.915,81.73,25560626
1743514200,2025-04-01 09:30,81.78,82.11,81.345,81.85,15153975
1743600600,2025-04-02 09:30,81.25,82.13,81.19,82.04,14451646
1743687000,2025-04-03 09:30,81.24,81.445,80.215,80.32,18718353
1743773400,2025-04-04 09:30,77.25,77.515,74.97,75.02,40904309
1744032600,2025-04-07 09:30,72.69,76.25,72.145,73.21,63057498
1744119000,2025-04-08 09:30,75.83,75.92,72.22,72.96,36425015
1744205400,2025-04-09 09:30,73.16,78.86,72.76,78.59,60645131
1744291800,2025-04-10 09:30,77.2,77.485,75.285,77.04,36697619
1744378200,2025-04-11 09:30,77.34,79.145,77.225,78.97,28909928
1744637400,2025-04-14 09:30,79.45,80.24,79.17,79.82,15749900
1744723800,2025-04-15 09:30,80.45,80.905,80.36,80.54,13679843
1744810200,2025-04-16 09:30,80.55,81.06,79.94,80.23,16542601
1744896600,2025-04-17 09:30,80.96,81.59,80.805,81.1,14072528
1745242200,2025-04-21 09:30,81.47,81.56,80.09,80.66,15883913
1745328600,2025-04-22 09:30,81.77,82.7,81.75,82.33,14923224
1745415000,2025-04-23 09:30,83.12,83.63,82.43,82.66,15223543
1745501400,2025-04-24 09:30,83.03,83.79,82.885,83.76,11194210
1745587800,2025-04-25 09:30,83.6,84.15,83.48,84.12,10485378
1745847000,2025-04-28 09:30,84.23,84.765,84.1547,84.68,10085403
1745933400,2025-04-29 09:30,84.59,85.03,84.5627,84.85,8303750
1746019800,2025-04-30 09:30,84.28,85.01,83.8601,84.75,24147911
1746106200,2025-05-01 09:30,84.98,84.99,84.365,84.48,10070866
1746192600,2025-05-02 09:30,85.96,86.295,85.81,86.1,14798549
1746451800,2025-05-05 09:30,86.37,86.475,86.23,86.25,8119851
1746538200,2025-05-06 09:30,86.21,86.44,86.05,86.14,8661737
1746624600,2025-05-07 09:30,85.93,86.185,85.59,85.85,8536595
1746711000,2025-05-08 09:30,86.085,86.09,85.5,85.55,12228336
1746797400,2025-05-09 09:30,86.21,86.21,85.74,85.97,9148988
1747056600,2025-05-12 09:30,86.09,86.42,85.65,86.41,12602562
1747143000,2025-05-13 09:30,86.295,86.73,86.2,86.52,13242907
1747229400,2025-05-14 09:30,86.805,86.83,86.035,86.1,10173345
1747315800,2025-05-15 09:30,86.72,87.1,86.495,87.04,11283163
1747402200,2025-05-16 09:30,86.94,87.275,86.77,87.24,8372141
1747661400,2025-05-19 09:30,87.24,88.08,87.22,88.07,9062923
1747747800,2025-05-20 09:30,88.26,88.53,88.21,88.49,23335474
1747834200,2025-05-21 09:30,88.6,88.89,87.925,87.97,15278897
1747920600,2025-05-22 09:30,87.625,88.15,87.485,87.92,12787316
1748007000,2025-05-23 09:30,87.2,88.2,87.15,88.04,16959592
1748352600,2025-05-27 09:30,89.3,89.46,89.12,89.32,12435731
1748439000,2025-05-28 09:30,88.45,88.545,88.12,88.29,16812428
1748525400,2025-05-29 09:30,88.74,88.75,88.2499,88.68,11454353
1748611800,2025-05-30 09:30,88.75,88.9,88.17,88.81,18590171
1748871000,2025-06-02 09:30,88.97,89.79,88.67,89.76,25710474
1748957400,2025-06-03 09:30,88.86,89.17,88.625,89.08,11787449
1749043800,2025-06-04 09:30,89.29,89.75,89.23,89.48,11593334
1749130200,2025-06-05 09:30,89.76,89.86,89.23,89.42,14543140
1749216600,2025-06-06 09:30,89.62,89.845,89.5,89.74,10301082
1749475800,2025-06-09 09:30,89.62,90,89.555,89.73,9641764
1749562200,2025-06-10 09:30,90.05,90.09,89.65,89.85,10254102
1749648600,2025-06-11 09:30,90.01,90.16,89.64,89.7,12329627
1749735000,2025-06-12 09:30,90.2,90.505,90.145,90.39,13288064
1749821400,2025-06-13 09:30,89.22,89.72,89.0165,89.23,22177127
1750080600,2025-06-16 09:30,88.41,88.86,88.04,88.04,17843407
1750167000,2025-06-17 09:30,87.665,87.745,86.86,86.96,16726290
1750253400,2025-06-18 09:30,87.21,87.585,86.9,87.11,18504431
1750426200,2025-06-20 09:30,87.04,87.05,86.31,86.33,16900634
1750685400,2025-06-23 09:30,85.74,87.0057,85.68,86.98,23100647
1750771800,2025-06-24 09:30,87.66,88.17,87.56,88.04,14900765
1750858200,2025-06-25 09:30,87.57,87.68,87.36,87.56,14422092
1750944600,2025-06-26 09:30,88.24,88.6099,88.13,88.54,15791542
1751031000,2025-06-27 09:30,89.18,89.62,88.955,89.34,15987686
1751290200,2025-06-30 09:30,89.12,89.49,88.95,89.39,28062282
1751376600,2025-07-01 09:30,89.11,89.39,89.0342,89.24,11406067
1751463000,2025-07-02 09:30,88.97,89.56,88.84,89.5,13133597
1751549400,2025-07-03 09:30,89.435,89.675,89.39,89.52,5311077
1751895000,2025-07-07 09:30,88.94,89.1,88.3,88.55,12925001
1751981400,2025-07-08 09:30,88.7,89.29,88.6,89.2,9061444
1752067800,2025-07-09 09:30,89.59,89.9,89.375,89.87,8699939
1752154200,2025-07-10 09:30,89.63,89.88,89.425,89.81,8554427
1752240600,2025-07-11 09:30,89.1,89.125,88.81,88.95,8467972
1752499800,2025-07-14 09:30,88.65,89.015,88.57,88.95,7969857
1752586200,2025-07-15 09:30,88.96,88.97,87.96,88.02,10572042
1752672600,2025-07-16 09:30,87.98,88.44,87.72,88.38,16776533
1752759000,2025-07-17 09:30,88.15,88.62,88.085,88.61,9542032
1752845400,2025-07-18 09:30,89.02,89.025,88.275,88.36,11044833
1753104600,2025-07-21 09:30,88.78,89.28,88.61,88.83,9323984
1753191000,2025-07-22 09:30,88.93,89.39,88.7135,89.32,12134311
1753277400,2025-07-23 09:30,90.54,91.57,90.485,91.54,18088192
1753363800,2025-07-24 09:30,91.07,91.27,90.86,90.86,12025603
1753450200,2025-07-25 09:30,90.19,90.76,90.085,90.75,9583464
1753709400,2025-07-28 09:30,89.81,89.86,89.095,89.29,13653965
1753795800,2025-07-29 09:30,89.3,89.3,88.93,89.11,11888621
1753882200,2025-07-30 09:30,88.825,89.075,88.14,88.47,14623006
1753968600,2025-07-31 09:30,88.1,88.135,87.35,87.52,29271575
1754055000,2025-08-01 09:30,87.28,87.425,86.735,87.29,18658183
1754314200,2025-08-04 09:30,88.23,88.47,88.11,88.45,14718054
1754400600,2025-08-05 09:30,88.6,88.64,88.17,88.44,11634139
1754487000,2025-08-06 09:30,88.84,89.17,88.765,89.02,11499873
1754573400,2025-08-07 09:30,90.02,90.09,89.44,89.82,11525591
1754659800,2025-08-08 09:30,90.15,90.525,90.08,90.37,10367276
1754919000,2025-08-11 09:30,90.12,90.2,89.875,89.99,8516640
1755005400,2025-08-12 09:30,90.39,91.15,90.275,91.09,12302860
1755091800,2025-08-13 09:30,91.39,91.66,91.365,91.64,9490537
1755178200,2025-08-14 09:30,91.225,91.68,91.195,91.65,11790572
1755264600,2025-08-15 09:30,92.22,92.275,92.04,92.19,11864283
1755523800,2025-08-18 09:30,91.945,92.135,91.795,92.09,11577829
1755610200,2025-08-19 09:30,92.33,92.49,92.015,92.1,10721578
1755696600,2025-08-20 09:30,92.27,92.46,92.105,92.43,15871192
1755783000,2025-08-21 09:30,91.92,92.065,91.685,91.85,11258869
1755869400,2025-08-22 09:30,92.21,93.38,92.18,93.23,15827472
1756128600,2025-08-25 09:30,92.79,92.945,91.9801,92,11700869
1756215000,2025-08-26 09:30,91.74,91.95,91.67,91.9,11788856
1756301400,2025-08-27 09:30,91.22,91.715,91.035,91.68,13054224
1756387800,2025-08-28 09:30,92,92.14,91.83,92.02,11136419
1756474200,2025-08-29 09:30,91.53,91.65,91.325,91.48,18544492
1756819800,2025-09-02 09:30,90.1,90.735,90.04,90.58,15496271
1756906200,2025-09-03 09:30,90.45,90.8,90.37,90.72,14418844
1756992600,2025-09-04 09:30,91,91.4,90.935,91.38,10348031
1757079000,2025-09-05 09:30,92.115,92.385,91.495,91.79,15510643
1757338200,2025-09-08 09:30,92.46,92.74,92.24,92.71,12010731
1757424600,2025-09-09 09:30,92.325,92.495,92.15,92.4,10893174
1757511000,2025-09-10 09:30,92.65,92.765,92.265,92.38,11838438
1757597400,2025-09-11 09:30,92.78,93.39,92.75,93.36,11013030
1757683800,2025-09-12 09:30,92.99,93.125,92.765,92.99,10010534
1757943000,2025-09-15 09:30,93.45,93.6799,93.32,93.61,18108014
1758029400,2025-09-16 09:30,93.52,93.54,93.08,93.35,25226898
1758115800,2025-09-17 09:30,93.24,93.77,92.61,93,17013573
1758202200,2025-09-18 09:30,93.1,93.48,92.82,93.36,15791635
1758288600,2025-09-19 09:30,93.04,93.145,92.76,93,21889338
1758547800,2025-09-22 09:30,92.96,93.34,92.73,93.3,13692268
1758634200,2025-09-23 09:30,93.51,93.67,93.015,93.12,14688387
1758720600,2025-09-24 09:30,92.69,92.92,92.46,92.58,14910666
1758807000,2025-09-25 09:30,91.945,92.02,91.525,91.92,22434553
1758893400,2025-09-26 09:30,92.31,92.64,92.225,92.63,18137958
1759152600,2025-09-29 09:30,92.92,93.06,92.765,92.99,13807071
1759239000,2025-09-30 09:30,92.885,93.46,92.86,93.37,24294994
1759325400,2025-10-01 09:30,93.88,94.27,93.8601,94.14,17167910
1759411800,2025-10-02 09:30,94.535,94.6,93.87,94.29,15300541
1759498200,2025-10-03 09:30,94.97,95.265,94.845,95.08,13985532
1759757400,2025-10-06 09:30,95.25,95.525,95.145,95.3,12812709
1759843800,2025-10-07 09:30,94.96,95.0107,94.4325,94.47,9074987
1759930200,2025-10-08 09:30,94.79,94.9251,94.5501,94.75,11159395
1760016600,2025-10-09 09:30,94.79,94.79,93.7399,93.97,10567894
1760103000,2025-10-10 09:30,93.69,93.7662,92.115,92.24,26137180
1760362200,2025-10-13 09:30,92.65,93.08,92.53,92.98,11132883
1760448600,2025-10-14 09:30,92.45,93.6758,92.335,93.4,15119002
1760535000,2025-10-15 09:30,93.86,94.1307,93.315,93.85,15005514
1760621400,2025-10-16 09:30,94.42,94.74,94,94.34,24970280
1760707800,2025-10-17 09:30,94.04,94.5665,93.92,94.51,16789486
1760967000,2025-10-20 09:30,94.945,95.375,94.93,95.29,12951059
1761053400,2025-10-21 09:30,94.86,95,94.55,94.59,16644262
1761139800,2025-10-22 09:30,94.6,94.76,94.05,94.45,15028680
1761226200,2025-10-23 09:30,94.62,94.9986,94.62,94.89,10584494
1761312600,2025-10-24 09:30,95.08,95.205,94.935,95.04,8967861
1761571800,2025-10-27 09:30,95.56,95.73,95.48,95.7,10612646
1761658200,2025-10-28 09:30,95.63,95.95,95.465,95.66,9187623
1761744600,2025-10-29 09:30,95.66,95.75,94.645,95.12,17914374
1761831000,2025-10-30 09:30,94.57,95.08,94.5,94.7,13967840
1761917400,2025-10-31 09:30,94.59,94.61,94.13,94.49,19459165
1762180200,2025-11-03 09:30,94.56,94.64,94.26,94.53,10681370
1762266600,2025-11-04 09:30,93.525,94.03,93.445,93.56,10349018
1762353000,2025-11-05 09:30,93.68,94.32,93.67,94.16,12451335
1762439400,2025-11-06 09:30,94.27,94.36,93.705,93.95,16175998
1762525800,2025-11-07 09:30,93.57,94.32,93.34,94.3,13976941
1762785000,2025-11-10 09:30,94.86,95.35,94.59,95.29,15682792
1762871400,2025-11-11 09:30,95.67,96.1401,95.67,95.99,12959431
1762957800,2025-11-12 09:30,96.31,96.69,96.31,96.56,9532343
1763044200,2025-11-13 09:30,96.35,96.46,95.425,95.53,15864780
1763130600,2025-11-14 09:30,94.88,95.5269,94.78,95.26,17396354
1763389800,2025-11-17 09:30,94.6,94.88,93.68,94.02,18850876
1763476200,2025-11-18 09:30,92.81,93.1456,92.3,92.8,22482259
1763562600,2025-11-19 09:30,92.71,93.065,92.1441,92.52,15425364
1763649000,2025-11-20 09:30,93.13,93.25,91.21,91.24,26720920
1763735400,2025-11-21 09:30,92.1,92.895,91.76,92.65,27211439
1763994600,2025-11-24 09:30,92.45,92.875,92.34,92.73,18550865
1764081000,2025-11-25 09:30,93.13,93.88,92.885,93.84,19903831
1764167400,2025-11-26 09:30,94.26,95.01,94.23,94.87,13481192
1764340200,2025-11-28 09:30,94.84,95.22,94.735,95.19,8136033
1764599400,2025-12-01 09:30,94.92,95.15,94.69,94.72,21791503
1764685800,2025-12-02 09:30,95.08,95.13,94.745,95.04,14267613
1764772200,2025-12-03 09:30,95.12,95.59,95.1,95.55,14439837
1764858600,2025-12-04 09:30,96.08,96.175,95.645,95.81,13862949
1764945000,2025-12-05 09:30,96.1,96.225,95.635,95.81,15829874
1765204200,2025-12-08 09:30,95.82,95.82,95.355,95.51,13589164
1765290600,2025-12-09 09:30,95.6,95.83,95.36,95.38,15966762
1765377000,2025-12-10 09:30,95.56,96.5999,95.495,96.44,21171779
1765463400,2025-12-11 09:30,96.715,97.1499,96.63,97.01,19221697
1765549800,2025-12-12 09:30,97.06,97.18,96.145,96.5,20514863
1765809000,2025-12-15 09:30,97.31,97.415,96.87,97.09,22751908
1765895400,2025-12-16 09:30,95.14,95.225,94.595,94.92,29380526
1765981800,2025-12-17 09:30,94.73,94.95,94.13,94.15,34926072
1766068200,2025-12-18 09:30,94.95,95.305,94.58,94.82,29971362
1766154600,2025-12-19 09:30,95.26,95.73,95.21,95.46,31094759
1766413800,2025-12-22 09:30,95.47,95.7554,95.4,95.7,15861192
1766500200,2025-12-23 09:30,96.28,96.44,96.165,96.29,16485891
1766586600,2025-12-24 09:30,96.33,96.4614,96.185,96.41,5609693
1766759400,2025-12-26 09:30,96.53,96.6,96.335,96.57,9304222
1767018600,2025-12-29 09:30,96.26,96.465,96.055,96.28,16705457
1767105000,2025-12-30 09:30,96.63,96.795,96.415,96.44,15876987
1767191400,2025-12-31 09:30,96.33,96.39,95.9239,96.03,27618024
1767364200,2026-01-02 09:30,97.03,97.105,96.51,97.04,42922553
1767623400,2026-01-05 09:30,97.255,98.15,97.23,98.15,25186954
1767709800,2026-01-06 09:30,98.31,98.48,98.13,98.3,14557983
1767796200,2026-01-07 09:30,98.14,98.205,97.84,97.93,15468958
1767882600,2026-01-08 09:30,97.56,97.95,97.525,97.94,14090757
1767969000,2026-01-09 09:30,98.42,98.885,98.33,98.81,16001759
1768228200,2026-01-12 09:30,99.15,99.44,99.115,99.41,15313534
1768314600,2026-01-13 09:30,99.23,99.25,98.645,98.84,17697978
1768401000,2026-01-14 09:30,99.19,99.365,98.98,99.3,19947519
1768487400,2026-01-15 09:30,99.62,99.62,99.22,99.26,24662623
1768573800,2026-01-16 09:30,99.42,99.54,99.055,99.53,18699264
1768919400,2026-01-20 09:30,98,98.685,97.86,98.02,26893281
1769005800,2026-01-21 09:30,98.27,99.28,97.89,99.03,26150514
1769092200,2026-01-22 09:30,99.39,99.67,99.175,99.42,16592844
1769178600,2026-01-23 09:30,99.17,100,99,99.97,16753537
1769437800,2026-01-26 09:30,100.54,100.825,100.46,100.47,14959320
1769524200,2026-01-27 09:30,101.47,102.32,101.43,102.09,19754257
1769610600,2026-01-28 09:30,101.185,101.355,100.56,101.01,21938778
1769697000,2026-01-29 09:30,102.015,102.1,100.555,101.69,29236249
1769783400,2026-01-30 09:30,101.35,101.54,100.37,100.74,27813416
1770042600,2026-02-02 09:30,100.88,101.545,100.82,101.4,21725501
1770129000,2026-02-03 09:30,101.14,101.655,100.64,101.45,23625727
1770215400,2026-02-04 09:30,102.47,102.665,101.37,101.78,25576679
1770301800,2026-02-05 09:30,100.62,101.145,100.27,100.33,22760150
1770388200,2026-02-06 09:30,101.69,102.65,101.635,102.61,17343717
1770647400,2026-02-09 09:30,103.23,104.17,103.115,103.99,20137686
1770733800,2026-02-10 09:30,104.575,104.67,104.24,104.24,16861808
1770820200,2026-02-11 09:30,104.84,105.17,104.16,104.94,20493537
1770906600,2026-02-12 09:30,105.09,105.235,103.81,104.15,29385324
1770993000,2026-02-13 09:30,103.88,104.43,103.445,104.24,22651314
1771338600,2026-02-17 09:30,103.36,104.34,103.02,104.22,19647198
1771425000,2026-02-18 09:30,104.37,104.91,104.12,104.34,16099437
1771511400,2026-02-19 09:30,103.54,104.09,103.37,104.05,15994117
1771597800,2026-02-20 09:30,103.86,105.05,103.86,104.9,25737456
1771857000,2026-02-23 09:30,104.81,105.105,104.19,104.47,14151839
1771943400,2026-02-24 09:30,104.17,104.915,104.08,104.66,17358044
1772029800,2026-02-25 09:30,105.255,105.7953,105.145,105.66,14783781
1772116200,2026-02-26 09:30,105.635,105.72,104.87,105.57,28482697
1772202600,2026-02-27 09:30,105.52,105.94,105.26,105.38,25575483
1772461800,2026-03-02 09:30,102.76,103.725,102.72,103.3,38047008
1772548200,2026-03-03 09:30,98.65,100.56,97.75,100.09,52567274
1772634600,2026-03-04 09:30,100.785,101.49,100.4,101.38,30766526
1772721000,2026-03-05 09:30,99.78,100.27,98.22,99.16,34508251
1772807400,2026-03-06 09:30,97.27,98.69,97.06,98.28,27734382
1773063000,2026-03-09 09:30,96.775,99.405,95.98,98.99,37484689
1773149400,2026-03-10 09:30,99.735,100.88,99.07,99.22,44802860
1773235800,2026-03-11 09:30,98.64,99.375,98.285,99.01,21349912
1773322200,2026-03-12 09:30,98.04,98.13,97.005,97.46,34724593
1773408600,2026-03-13 09:30,97.665,98.105,96.14,96.3,27628296
1773667800,2026-03-16 09:30,97.64,98.32,97.45,98.1,17384126
1773754200,2026-03-17 09:30,98.74,98.965,98.24,98.37,16411463
1773840600,2026-03-18 09:30,97.81,98.01,96.605,96.69,26644886
1773927000,2026-03-19 09:30,94.94,97.11,94.8,96.52,34858276
1774013400,2026-03-20 09:30,96.13,96.13,93.08,93.59,45493716
1774272600,2026-03-23 09:30,95.525,97.02,94.945,95.84,40781199
1774359000,2026-03-24 09:30,94.485,95.81,94.35,95.27,22695848
1774445400,2026-03-25 09:30,96.92,97.15,96.15,96.66,20476287
1774531800,2026-03-26 09:30,95.47,96.23,94.615,94.66,19676756
1774618200,2026-03-27 09:30,94.29,94.84,93.515,93.8,22341137
1774877400,2026-03-30 09:30,94.72,94.975,93.67,94.07,16136380
1774963800,2026-03-31 09:30,95.57,97.155,95.0601,97.13,39447980
1775050200,2026-04-01 09:30,98.52,99.32,98.215,98.61,27123209
1775136600,2026-04-02 09:30,96.54,98.42,96.36,98,17276285
1775482200,2026-04-06 09:30,98.13,98.73,98.03,98.49,11810903
1775568600,2026-04-07 09:30,97.67,98.5,96.79,98.35,19809723
1775655000,2026-04-08 09:30,102.49,102.635,101.515,102.19,22300868
1775741400,2026-04-09 09:30,101.09,102.47,100.91,101.95,14958351
1775827800,2026-04-10 09:30,102.63,102.69,101.805,102.18,8670349
1776087000,2026-04-13 09:30,101.265,102.85,101.175,102.81,19346912
1776173400,2026-04-14 09:30,103.34,103.82,103.21,103.64,16581253
1776259800,2026-04-15 09:30,103.39,103.445,102.935,103.31,8786288
1776346200,2026-04-16 09:30,103.56,103.58,102.645,103.01,13227621
1776432600,2026-04-17 09:30,104.46,105.13,104.21,104.32,17321901
1776691800,2026-04-20 09:30,103.72,103.93,103.13,103.91,12896409
1776778200,2026-04-21 09:30,103.125,103.27,101.51,101.63,18105407
1776864600,2026-04-22 09:30,102.33,102.38,101.65,101.97,9990803
1776951000,2026-04-23 09:30,101.75,102.12,100.15,101.24,15774205
1777037400,2026-04-24 09:30,101.41,101.96,101.15,101.77,14219368
1777296600,2026-04-27 09:30,101.825,102.055,101.34,101.38,10091680
1777383000,2026-04-28 09:30,100.93,101.13,100.56,100.96,11008861
1777469400,2026-04-29 09:30,100.4,100.48,99.505,99.93,10987198
1777555800,2026-04-30 09:30,101.32,102.575,101.09,102.32,16585804
1777642200,2026-05-01 09:30,102.29,102.87,102.065,102.1,14447180
1777901400,2026-05-04 09:30,101.44,101.715,100.26,100.7,21026266
1777987800,2026-05-05 09:30,101.67,102.16,101.19,102.04,12347315
1778074200,2026-05-06 09:30,104.5,104.92,104.31,104.81,14755515
1778160600,2026-05-07 09:30,104.82,104.86,102.82,102.89,19257474
1778247000,2026-05-08 09:30,103.765,104.04,103.39,103.96,12280190
1778506200,2026-05-11 09:30,103.81,104,103.57,103.74,10717945
1778592600,2026-05-12 09:30,103,103.28,102.35,103.14,15771337
1778679000,2026-05-13 09:30,103.01,103.88,102.9306,103.83,9578943
1778765400,2026-05-14 09:30,103.79,103.9263,103.41,103.46,8943807
1778851800,2026-05-15 09:30,102.01,102.14,101.55,101.72,17916753
1779111000,2026-05-18 09:30,102.48,102.82,101.775,102.66,15943992
1779197400,2026-05-19 09:30,102.075,102.47,101.69,101.92,13211795
1779283800,2026-05-20 09:30,102.155,103.91,101.97,103.62,16511774
1779370200,2026-05-21 09:30,102.815,104.56,102.6,104.19,14357631
1779456600,2026-05-22 09:30,104.22,104.48,103.7899,103.98,12012636
1779802200,2026-05-26 09:30,105.345,105.46,104.755,105.13,12884884
1779888600,2026-05-27 09:30,105.06,105.085,104.515,104.77,12599620
1779975000,2026-05-28 09:30,104.115,105.01,103.97,104.69,13605998
1780061400,2026-05-29 09:30,105.13,105.52,104.73,104.8,16934044
1780320600,2026-06-01 09:30,103.99,104.92,103.6,104.44,17412617
1780407000,2026-06-02 09:30,104.59,105.155,104.53,105.02,8400727
1780493400,2026-06-03 09:30,104.575,104.635,104.07,104.12,11807067
1780579800,2026-06-04 09:30,104.54,105.015,104.43,104.95,10158677
1780666200,2026-06-05 09:30,104.14,104.185,101.91,102.26,16937636
1780925400,2026-06-08 09:30,103.27,103.495,102.715,102.88,13550419
1781011800,2026-06-09 09:30,103.89,104.235,101.34,102.9,21878015
1781098200,2026-06-10 09:30,102.23,102.9,101.49,101.57,22737741
1781184600,2026-06-11 09:30,102.48,104.85,102.22,104.73,20415020
1781271000,2026-06-12 09:30,104.65,105.36,104.19,105.02,14219960
1781530200,2026-06-15 09:30,104.69,104.74,103.985,104.08,14053627
1781616600,2026-06-16 09:30,104.72,104.8,104.225,104.31,12047013
1781703000,2026-06-17 09:30,105.04,105.42,103.585,103.78,20717592
1781789400,2026-06-18 09:30,104.58,104.66,104.18,104.41,15466272
1782135000,2026-06-22 09:30,104.59,104.835,104.425,104.58,9596198
1782221400,2026-06-23 09:30,102.38,103.015,102.315,102.46,17425692
1782307800,2026-06-24 09:30,102.24,102.65,101.92,102.26,12504170
1782394200,2026-06-25 09:30,103.48,103.725,102.73,103.15,13139590
1782480600,2026-06-26 09:30,102.46,103.07,102.3,102.54,21219217
1782739800,2026-06-29 09:30,102.87,103.47,102.22,103.45,10788621
1782826200,2026-06-30 09:30,103.32,103.89,103.19,103.88,16945923
1782912600,2026-07-01 09:30,103.07,103.43,102.87,103.02,13487082
1782999000,2026-07-02 09:30,104.59,105.27,103.75,104.37,12685960
1783344600,2026-07-06 09:30,104.995,105.52,104.88,105.46,9803217
1783431000,2026-07-07 09:30,105.015,105.16,103.85,104.16,10715192
1783517400,2026-07-08 09:30,102.81,103.405,102.255,103.36,8642828
1783603800,2026-07-09 09:30,103.61,104.185,103.55,103.92,7586409
1783690200,2026-07-10 09:30,104.18,104.595,103.61,104.33,8286795
1783949400,2026-07-13 09:30,103.85,103.98,103.085,103.24,10953703
1784035800,2026-07-14 09:30,104.38,105.09,103.91,103.96,9932196
1784122200,2026-07-15 09:30,104.28,104.81,103.8,104.65,7415824
1784208600,2026-07-16 09:30,103.67,104.22,103.47,103.81,9966804
1784295000,2026-07-17 09:30,102.51,103.51,102.51,103.33,10969900
1784554200,2026-07-20 09:30,103.34,103.49,102.465,102.57,14834448
1784640600,2026-07-21 09:30,103.51,104.19,103.09,104.06,9826921
1784727000,2026-07-22 09:30,104.44,104.64,104.215,104.25,14694586
1784813400,2026-07-23 09:30,102.755,103.29,102.54,102.9,12596067
1784899800,2026-07-24 09:30,103.5,104.025,103.255,103.41,9032149
1785159000,2026-07-27 09:30,104.355,104.455,103.445,103.91,9299983
1785245400,2026-07-28 09:30,103.19,104.18,103.12,103.89,9580483
1785331800,2026-07-29 09:30,103.715,104.85,102.98,103.37,11646402
1785418200,2026-07-30 09:30,105.005,106.32,104.81,106.24,13263685
1785504600,2026-07-31 09:30,105.75,105.8297,104.6,105.58,14260693
1785763800,2026-08-03 09:30,105.72,106.08,105.535,106.02,9956842
1785850200,2026-08-04 09:30,106.72,107.47,106.61,107.32,10410034
1785936600,2026-08-05 09:30,107.99,108,107.4,107.43,9007597
1786023000,2026-08-06 09:30,107.66,107.905,107.255,107.36,8510713
1786109400,2026-08-07 09:30,108.75,108.76,108.185,108.55,9430888
1786368600,2026-08-10 09:30,108.21,108.305,107.965,108.01,7015481
1786455000,2026-08-11 09:30,108.44,108.625,107.88,108.09,6368380
1786541400,2026-08-12 09:30,108.75,108.815,108.32,108.5,9901365
1786627800,2026-08-13 09:30,108.67,108.89,108.51,108.69,7237890
1786714200,2026-08-14 09:30,108.76,108.89,108.4625,108.64,5660191
1786973400,2026-08-17 09:30,108.66,108.865,108.345,108.45,9375599
1787059800,2026-08-18 09:30,107.75,108.025,107.18,107.27,14561278
1787146200,2026-08-19 09:30,107.87,108.07,107.405,107.66,10829625
1787232600,2026-08-20 09:30,107.29,107.86,107.16,107.35,10578409
1787319000,2026-08-21 09:30,108.13,108.37,108.045,108.24,9935618
1787578200,2026-08-24 09:30,107.99,108.185,107.775,108.03,6095423
1787664600,2026-08-25 09:30,108.51,108.83,108.24,108.81,6438753
1787751000,2026-08-26 09:30,108.68,108.82,108.145,108.27,5219092
1787837400,2026-08-27 09:30,108.04,108.14,107.605,108.02,5371934
1787923800,2026-08-28 09:30,108.52,108.74,107.525,107.72,13245043
1788183000,2026-08-31 09:30,108.04,108.07,107.265,107.45,9539194
1788269400,2026-09-01 09:30,107.04,107.27,106.285,106.49,10129599
1788355800,2026-09-02 09:30,106.73,107.1,106.64,107.06,6463702
1788442200,2026-09-03 09:30,108.02,108.4099,107.6,108.21,12746226
1788528600,2026-09-04 09:30,107.85,108.575,107.85,108.35,5730777
1788874200,2026-09-08 09:30,108.34,108.405,107.705,107.76,8318987
1788960600,2026-09-09 09:30,107.27,107.315,106.495,106.56,15827653
1789047000,2026-09-10 09:30,106,106.335,105.49,105.66,12804365
1789133400,2026-09-11 09:30,106.98,107.03,106.57,106.7,10285845
1789392600,2026-09-14 09:30,105.8,106.44,105.44,105.85,11477451
1789479000,2026-09-15 09:30,105.48,105.51,105.045,105.4,11921749
1789565400,2026-09-16 09:30,105.88,106.17,104.36,105.02,11545676
1789651800,2026-09-17 09:30,106.28,106.39,105.915,106.04,8514850
1789738200,2026-09-18 09:30,104.985,105.13,104.605,104.97,17992802
1789997400,2026-09-21 09:30,106.09,106.35,105.66,106.13,10884498
1790083800,2026-09-22 09:30,106.405,106.7799,105.875,106.5,11185044
1790170200,2026-09-23 09:30,105.485,105.555,104.46,104.8,12210321
1790256600,2026-09-24 09:30,104.41,104.91,103.905,104.5,17124623
1790343000,2026-09-25 09:30,105.18,105.625,104.755,105.56,14070520
1790602200,2026-09-28 09:30,104.985,105.62,104.495,105.04,20730721
1790688600,2026-09-29 09:30,104.58,104.67,103.855,104.54,14651770
1790775000,2026-09-30 09:30,104.9,104.95,103.78,103.89,37067499
1790861400,2026-10-01 09:30,103.38,103.54,102.34,102.82,21313636
1790947800,2026-10-02 09:30,103.71,104.155,103.305,103.96,11425144
1791207000,2026-10-05 09:30,103.515,104.2,103.24,104.03,13819669
1791293400,2026-10-06 09:30,104.49,104.7,104.21,104.22,10490538
