t,et,o,h,l,c,v
1701099000,2023-11-27 10:30,353.4,353.54,352.99,353.37,30675
1701102600,2023-11-27 11:30,353.31,353.45,352.78,352.9,14847
1701106200,2023-11-27 12:30,352.89,353.31,352.84,353.23,25901
1701109800,2023-11-27 13:30,353.22,353.5,353.19,353.38,22268
1701113400,2023-11-27 14:30,353.41,353.41,352.88,353.345,17063
1701117000,2023-11-27 15:30,353.42,353.74,353.19,353.32,40662
1701181800,2023-11-28 09:30,353.57,353.69,353.09,353.58,104290
1701185400,2023-11-28 10:30,353.53,354.77,353.52,354.62,58022
1701189000,2023-11-28 11:30,354.62,355.14,354.54,354.56,45599
1701192600,2023-11-28 12:30,354.56,354.56,353.35,353.98,86819
1701196200,2023-11-28 13:30,353.98,354.17,353.79,353.95,25682
1701199800,2023-11-28 14:30,353.88,354.42,353.75,354.13,43079
1701203400,2023-11-28 15:30,354.12,354.42,353.9,354.11,63113
1701268200,2023-11-29 09:30,354.95,355.5,354.64,354.83,127194
1701271800,2023-11-29 10:30,354.81,355.35,354.43,354.59,36603
1701275400,2023-11-29 11:30,354.64,355.52,354.51,355.52,40017
1701279000,2023-11-29 12:30,355.5,355.96,355.5,355.94,27865
1701282600,2023-11-29 13:30,355.92,356.13,355.6,355.76,23971
1701286200,2023-11-29 14:30,355.71,355.71,354.53,354.6,18633
1701289800,2023-11-29 15:30,354.61,354.69,354.38,354.68,41291
1701354600,2023-11-30 09:30,356.68,357.69,356.46,357.37,212301
1701358200,2023-11-30 10:30,357.44,358.2,357.33,358.04,73322
1701361800,2023-11-30 11:30,357.92,358.03,356.96,357.06,44756
1701365400,2023-11-30 12:30,357.05,357.65,357,357.31,25907
1701369000,2023-11-30 13:30,357.3,358.27,357.04,358.19,32401
1701372600,2023-11-30 14:30,358.21,358.75,358,358.22,47205
1701376200,2023-11-30 15:30,358.16,360.18,358.13,359.84,134172
1701441000,2023-12-01 09:30,360.02,361.35,359.865,360.56,189012
1701444600,2023-12-01 10:30,360.55,361.33,359.94,361.23,159118
1701448200,2023-12-01 11:30,361.24,362.62,360.93,362.58,155210
1701451800,2023-12-01 12:30,362.54,363.25,362.45,362.57,80840
1701455400,2023-12-01 13:30,362.54,362.77,362.37,362.62,83158
1701459000,2023-12-01 14:30,362.66,363.02,362.46,362.8,47923
1701462600,2023-12-01 15:30,362.84,363.23,362.68,363.01,107948
1701700200,2023-12-04 09:30,361.15,362.95,361.03,361.81,223493
1701703800,2023-12-04 10:30,361.79,361.88,361.22,361.57,90901
1701707400,2023-12-04 11:30,361.56,362.1,361.29,362,50192
1701711000,2023-12-04 12:30,361.98,362.46,361.91,362.25,23555
1701714600,2023-12-04 13:30,362.23,362.53,362.15,362.26,23346
1701718200,2023-12-04 14:30,362.31,362.64,362.17,362.37,45485
1701721800,2023-12-04 15:30,362.41,362.94,362.21,362.62,84790
1701786600,2023-12-05 09:30,361.86,361.97,360.72,361.58,183481
1701790200,2023-12-05 10:30,361.59,362.14,360.97,361.57,104310
1701793800,2023-12-05 11:30,361.6,361.75,360.95,361.6,36785
1701797400,2023-12-05 12:30,361.59,362.03,361.13,361.86,37936
1701801000,2023-12-05 13:30,361.95,362.1,361.64,361.77,61847
1701804600,2023-12-05 14:30,361.79,362.2,361.55,362.15,90370
1701808200,2023-12-05 15:30,362.14,362.26,361.68,361.93,156626
1701873000,2023-12-06 09:30,362.82,363.55,362.5,362.74,198502
1701876600,2023-12-06 10:30,362.74,362.86,362.07,362.32,84278
1701880200,2023-12-06 11:30,362.26,362.26,361.79,362.05,111765
1701883800,2023-12-06 12:30,362.05,362.37,361.82,362.36,78055
1701887400,2023-12-06 13:30,362.38,362.54,361.92,361.97,48946
1701891000,2023-12-06 14:30,361.97,362.21,361.21,361.32,53930
1701894600,2023-12-06 15:30,361.28,361.44,360.83,361.2,78088
1701959400,2023-12-07 09:30,361.93,362.29,361.01,361.64,189664
1701963000,2023-12-07 10:30,361.62,361.89,361,361.15,31721
1701966600,2023-12-07 11:30,361.1,361.79,361.09,361.68,44940
1701970200,2023-12-07 12:30,361.73,362.24,361.67,362.06,16722
1701973800,2023-12-07 13:30,362.125,362.36,362.04,362.22,21654
1701977400,2023-12-07 14:30,362.25,362.27,361.78,361.97,22515
1701981000,2023-12-07 15:30,361.94,362.05,361.66,361.83,97212
1702045800,2023-12-08 09:30,361.76,363.32,361.37,362.82,174844
1702049400,2023-12-08 10:30,362.88,363.19,361.86,362.12,82294
1702053000,2023-12-08 11:30,362.16,362.33,361.58,362.28,50054
1702056600,2023-12-08 12:30,362.34,362.93,362.18,362.83,17675
1702060200,2023-12-08 13:30,362.87,363.03,362.52,363.03,40288
1702063800,2023-12-08 14:30,362.99,363.49,362.89,363.44,48041
1702067400,2023-12-08 15:30,363.44,363.68,363.06,363.13,73816
1702305000,2023-12-11 09:30,363.46,364.05,363,363.66,158982
1702308600,2023-12-11 10:30,363.69,364.41,363.63,364.27,83234
1702312200,2023-12-11 11:30,364.28,364.28,363.73,363.8,53910
1702315800,2023-12-11 12:30,363.82,364.62,363.79,364.45,31795
1702319400,2023-12-11 13:30,364.5,364.62,364.09,364.21,19998
1702323000,2023-12-11 14:30,364.32,364.48,364.08,364.37,58375
1702326600,2023-12-11 15:30,364.35,364.86,364.21,364.74,30198
1702391400,2023-12-12 09:30,365.41,365.65,364.43,365.55,88606
1702395000,2023-12-12 10:30,365.51,366.01,365.45,365.7,46942
1702398600,2023-12-12 11:30,365.74,366.32,365.73,366.26,21966
1702402200,2023-12-12 12:30,366.27,366.42,365.7,365.83,30726
1702405800,2023-12-12 13:30,365.84,366.09,365.75,365.94,22487
1702409400,2023-12-12 14:30,365.99,366.65,365.99,366.59,24719
1702413000,2023-12-12 15:30,366.63,366.64,366.23,366.49,51903
1702477800,2023-12-13 09:30,366.6,366.68,366,366.43,46769
1702481400,2023-12-13 10:30,366.48,366.9,366.34,366.71,33544
1702485000,2023-12-13 11:30,366.68,366.76,366.42,366.44,14366
1702488600,2023-12-13 12:30,366.44,366.74,366.39,366.52,26757
1702492200,2023-12-13 13:30,366.49,369,366.47,368.84,110351
1702495800,2023-12-13 14:30,368.87,371.27,368.72,370.32,182547
1702499400,2023-12-13 15:30,370.35,371.65,370.02,371.62,142846
1702564200,2023-12-14 09:30,372.71,373,371.69,372.38,235524
1702567800,2023-12-14 10:30,372.39,372.98,372.01,372.39,45167
1702571400,2023-12-14 11:30,372.43,373.54,372.25,373.43,27535
1702575000,2023-12-14 12:30,373.5,373.63,372.26,372.27,35129
1702578600,2023-12-14 13:30,372.29,372.5,371.28,372.47,49894
1702582200,2023-12-14 14:30,372.5,373.03,372.32,372.865,67243
1702585800,2023-12-14 15:30,372.89,373.4,372.63,373.35,225298
1702650600,2023-12-15 09:30,371.73,372.61,371.35,371.77,266423
1702654200,2023-12-15 10:30,371.75,372.63,371.69,372.6,77276
1702657800,2023-12-15 11:30,372.6,372.9,372.49,372.83,56280
1702661400,2023-12-15 12:30,372.87,372.87,372.36,372.65,55048
1702665000,2023-12-15 13:30,372.64,372.77,371.45,371.45,113327
1702668600,2023-12-15 14:30,371.45,372.26,371.45,372.21,55592
1702672200,2023-12-15 15:30,372.23,373.39,371.99,372.6,125004
1702909800,2023-12-18 09:30,373.29,373.77,372.9,373.09,189282
1702913400,2023-12-18 10:30,373.12,373.87,372.87,373.79,53813
1702917000,2023-12-18 11:30,373.79,373.86,373.455,373.54,38919
1702920600,2023-12-18 12:30,373.56,373.58,373.02,373.24,43648
1702924200,2023-12-18 13:30,373.23,373.34,372.9,372.99,47572
1702927800,2023-12-18 14:30,372.96,373.4,372.77,373.36,61629
1702931400,2023-12-18 15:30,373.26,373.29,372.92,372.97,86830
1702996200,2023-12-19 09:30,373.24,374.73,373.14,374.61,132471
1702999800,2023-12-19 10:30,374.63,375.27,374.56,375.18,52973
1703003400,2023-12-19 11:30,375.18,375.26,374.58,374.64,52651
1703007000,2023-12-19 12:30,374.63,375.05,374.62,374.86,89661
1703010600,2023-12-19 13:30,374.91,375.19,374.74,375.01,48911
1703014200,2023-12-19 14:30,375.05,375.1,374.73,374.93,66594
1703017800,2023-12-19 15:30,374.94,375.55,374.86,375.47,99267
1703082600,2023-12-20 09:30,374.6,375.29,374.58,375.05,87322
1703086200,2023-12-20 10:30,375.09,375.8,375.09,375.8,55699
1703089800,2023-12-20 11:30,375.79,376.23,375.54,376.19,45975
1703093400,2023-12-20 12:30,376.22,376.34,375.86,375.93,46599
1703097000,2023-12-20 13:30,375.965,376.08,375.52,375.59,88817
1703100600,2023-12-20 14:30,375.59,375.62,371.9,372.01,175646
1703104200,2023-12-20 15:30,371.94,372.37,370.61,370.8,151115
1703169000,2023-12-21 09:30,372.89,373.99,372.5,372.94,191140
1703172600,2023-12-21 10:30,373.01,373.29,372.61,373.16,58431
1703176200,2023-12-21 11:30,373.18,373.2,371.53,371.65,89858
1703179800,2023-12-21 12:30,371.66,372.18,371.18,372.18,62054
1703183400,2023-12-21 13:30,372.18,372.56,371.91,372.39,51471
1703187000,2023-12-21 14:30,372.32,373.38,371.99,373.37,51865
1703190600,2023-12-21 15:30,373.4,374.13,373.18,373.93,94640
1703255400,2023-12-22 09:30,373.64,375.3,373.52,375.04,171960
1703259000,2023-12-22 10:30,375.11,375.24,373.9,374.37,81926
1703262600,2023-12-22 11:30,374.47,374.63,374.16,374.39,33342
1703266200,2023-12-22 12:30,374.38,374.71,374.19,374.6,32476
1703269800,2023-12-22 13:30,374.57,374.58,372.76,372.79,59364
1703273400,2023-12-22 14:30,372.81,374.18,372.58,374.12,91093
1703277000,2023-12-22 15:30,374.16,374.16,373.35,373.91,119498
1703601000,2023-12-26 09:30,373.68,374.87,373.58,374.67,92504
1703604600,2023-12-26 10:30,374.68,374.99,374.57,374.65,40157
1703608200,2023-12-26 11:30,374.64,375.12,374.64,374.97,23990
1703611800,2023-12-26 12:30,374.96,375.29,374.81,375.21,28551
1703615400,2023-12-26 13:30,375.21,375.48,375.1,375.47,44645
1703619000,2023-12-26 14:30,375.49,376.09,375.43,375.72,41513
1703622600,2023-12-26 15:30,375.74,375.9,375.17,375.37,55608
1703687400,2023-12-27 09:30,375.1,376.2,374.76,376.11,109302
1703691000,2023-12-27 10:30,376.12,376.24,375.64,375.81,38296
1703694600,2023-12-27 11:30,375.8,376.29,375.761,376.1,35633
1703698200,2023-12-27 12:30,376.07,376.79,375.78,376.33,116615
1703701800,2023-12-27 13:30,376.39,376.43,375.31,375.95,91793
1703705400,2023-12-27 14:30,376.02,376.1,375.58,375.97,54234
1703709000,2023-12-27 15:30,375.93,376.67,375.56,376.58,85359
1703773800,2023-12-28 09:30,376.48,377.22,376.48,377.14,75405
1703777400,2023-12-28 10:30,377.17,377.325,376.73,376.89,48802
1703781000,2023-12-28 11:30,376.85,377.22,376.82,376.91,47707
1703784600,2023-12-28 12:30,376.86,377.45,376.75,377.18,47492
1703788200,2023-12-28 13:30,377.21,377.575,377.15,377.45,30985
1703791800,2023-12-28 14:30,377.52,377.61,377.16,377.43,64795
1703795400,2023-12-28 15:30,377.47,377.69,376.81,377.13,95809
1703860200,2023-12-29 09:30,376.96,377.46,376.91,377.13,93478
1703863800,2023-12-29 10:30,377.17,377.22,375.8,375.84,106456
1703867400,2023-12-29 11:30,375.82,376.06,375.26,375.49,97673
1703871000,2023-12-29 12:30,375.46,376.53,375.44,376.1,77732
1703874600,2023-12-29 13:30,376.14,376.73,376.14,376.49,49538
1703878200,2023-12-29 14:30,376.53,376.97,376.45,376.91,59511
1703881800,2023-12-29 15:30,376.87,377.15,376.2,376.92,116342
1704205800,2024-01-02 09:30,374.85,376.82,374.81,376.44,289619
1704209400,2024-01-02 10:30,376.43,377.09,376.16,376.75,134241
1704213000,2024-01-02 11:30,376.71,377.65,376.55,377.41,65622
1704216600,2024-01-02 12:30,377.47,377.81,377.13,377.23,91351
1704220200,2024-01-02 13:30,377.22,377.4,376.45,376.66,83911
1704223800,2024-01-02 14:30,376.63,376.76,375.74,376.05,58105
1704227400,2024-01-02 15:30,376.06,377.16,375.98,377.11,105857
1704292200,2024-01-03 09:30,375.68,376.12,374.54,374.88,547396
1704295800,2024-01-03 10:30,374.89,374.99,373.96,374.67,221460
1704299400,2024-01-03 11:30,374.7,374.85,374.29,374.73,54090
1704303000,2024-01-03 12:30,374.81,375.78,374.73,375.66,66344
1704306600,2024-01-03 13:30,375.66,376.04,374.56,375.89,106308
1704310200,2024-01-03 14:30,375.99,376.05,374.44,374.63,70839
1704313800,2024-01-03 15:30,374.68,375.06,373.9,374.19,134470
1704378600,2024-01-04 09:30,374.8,376.44,374.61,376.04,241456
1704382200,2024-01-04 10:30,376.04,377.22,375.88,376.98,90859
1704385800,2024-01-04 11:30,377.01,377.14,375.75,375.75,89032
1704389400,2024-01-04 12:30,375.64,375.77,375.13,375.65,53076
1704393000,2024-01-04 13:30,375.75,375.78,375.34,375.4,32638
1704396600,2024-01-04 14:30,375.37,375.73,374.94,375.08,68983
1704400200,2024-01-04 15:30,375.05,375.39,374.4,374.59,173931
1704465000,2024-01-05 09:30,374.43,376.25,373.98,375.31,459909
1704468600,2024-01-05 10:30,375.34,375.91,374.95,375.02,122290
1704472200,2024-01-05 11:30,375.1,375.13,373.44,373.53,106596
1704475800,2024-01-05 12:30,373.49,374.36,373.21,374.34,97374
1704479400,2024-01-05 13:30,374.33,375.25,374.33,374.77,112693
1704483000,2024-01-05 14:30,374.77,375,373.8,374.21,74107
1704486600,2024-01-05 15:30,374.14,375.02,373.73,374.68,96300
1704724200,2024-01-08 09:30,373.4,373.7,372.47,373.61,255449
1704727800,2024-01-08 10:30,373.65,374.32,373.45,373.9,137979
1704731400,2024-01-08 11:30,373.92,374.38,373.72,373.87,96117
1704735000,2024-01-08 12:30,373.87,374.87,373.85,374.34,57734
1704738600,2024-01-08 13:30,374.37,375.9,374.35,375.83,88009
1704742200,2024-01-08 14:30,375.88,376.47,375.83,376.09,102195
1704745800,2024-01-08 15:30,376.08,376.98,376.06,376.82,120164
1704810600,2024-01-09 09:30,374.76,374.88,373.74,374.31,251350
1704814200,2024-01-09 10:30,374.29,374.7,373.995,374.7,75632
1704817800,2024-01-09 11:30,374.7,375.43,374.57,375.38,51293
1704821400,2024-01-09 12:30,375.39,375.55,374.72,374.81,69511
1704825000,2024-01-09 13:30,374.75,375.6,374.35,374.79,39359
1704828600,2024-01-09 14:30,374.86,375.36,374.7,375.02,31022
1704832200,2024-01-09 15:30,375.05,375.465,374.84,375.24,74815
1704897000,2024-01-10 09:30,375.5,376.59,375.3,375.86,183565
1704900600,2024-01-10 10:30,375.83,376.15,375.49,375.77,52551
1704904200,2024-01-10 11:30,375.78,375.9,375.49,375.83,36534
1704907800,2024-01-10 12:30,375.86,376.22,375.54,375.84,60819
1704911400,2024-01-10 13:30,375.75,376.97,375.7,376.93,83649
1704915000,2024-01-10 14:30,376.96,377.46,376.485,376.7,97783
1704918600,2024-01-10 15:30,376.64,377.16,376.07,376.92,101842
1704983400,2024-01-11 09:30,377.77,378.11,374.44,375.5,288726
1704987000,2024-01-11 10:30,375.47,375.82,374.28,374.73,173040
1704990600,2024-01-11 11:30,374.78,375.05,374.24,374.68,134334
1704994200,2024-01-11 12:30,374.73,376.2,374.72,375.96,114336
1704997800,2024-01-11 13:30,375.96,376.83,375.82,376.74,76929
1705001400,2024-01-11 14:30,376.76,377.44,376.53,376.86,82121
1705005000,2024-01-11 15:30,376.84,377.39,376.71,377.18,59314
1705069800,2024-01-12 09:30,377.53,378.25,375.39,375.67,305349
1705073400,2024-01-12 10:30,375.64,375.9,374.74,375.47,90325
1705077000,2024-01-12 11:30,375.57,375.7,374.82,375.22,84398
1705080600,2024-01-12 12:30,375.16,375.9,375.03,375.79,26063
1705084200,2024-01-12 13:30,375.82,376.38,375.73,376.06,64358
1705087800,2024-01-12 14:30,376.08,376.08,375.35,375.61,41819
1705091400,2024-01-12 15:30,375.55,376.11,375.49,375.95,102755
1705415400,2024-01-16 09:30,374.96,375.53,373.25,374.88,303926
1705419000,2024-01-16 10:30,374.93,375.1,373.58,374.14,191609
1705422600,2024-01-16 11:30,374.17,374.59,373.33,373.39,68974
1705426200,2024-01-16 12:30,373.38,373.65,372.95,373.63,114538
1705429800,2024-01-16 13:30,373.67,373.77,372.04,372.36,70491
1705433400,2024-01-16 14:30,372.37,373.01,372.2,372.83,48856
1705437000,2024-01-16 15:30,372.84,373.72,372.7,373.59,105561
1705501800,2024-01-17 09:30,371.74,373.33,371.64,373.04,252766
1705505400,2024-01-17 10:30,372.88,373.71,372.78,373.44,88400
1705509000,2024-01-17 11:30,373.45,373.74,372.63,372.7,66164
1705512600,2024-01-17 12:30,372.66,372.82,371.96,372.11,103925
1705516200,2024-01-17 13:30,372.05,372.2,371.335,372.05,134128
1705519800,2024-01-17 14:30,372.06,372.34,371.6,371.73,68232
1705523400,2024-01-17 15:30,371.74,373.005,371.71,372.78,92341
1705588200,2024-01-18 09:30,372.25,372.58,371.37,372.36,242745
1705591800,2024-01-18 10:30,372.33,372.98,371.96,372.56,85761
1705595400,2024-01-18 11:30,372.54,373.02,371.68,372.03,114223
1705599000,2024-01-18 12:30,372,372.33,371.65,372.12,77174
1705602600,2024-01-18 13:30,372.05,374.18,372.05,374.17,84308
1705606200,2024-01-18 14:30,374.17,374.89,373.7,374.87,91378
1705609800,2024-01-18 15:30,374.92,375.32,374.54,374.8,108549
1705674600,2024-01-19 09:30,375.78,375.99,374.46,375.56,317834
1705678200,2024-01-19 10:30,375.55,376.63,375.02,376.29,145985
1705681800,2024-01-19 11:30,376.23,376.54,375.7,376.43,87976
1705685400,2024-01-19 12:30,376.46,377.82,376.34,377.82,160925
1705689000,2024-01-19 13:30,377.87,379.37,377.8,378.78,122813
1705692600,2024-01-19 14:30,378.8,379.01,378.375,378.64,156159
1705696200,2024-01-19 15:30,378.63,378.68,378.235,378.58,115473
1705933800,2024-01-22 09:30,379.7,381.06,379.28,380.85,454499
1705937400,2024-01-22 10:30,380.94,380.94,379.79,380.14,133764
1705941000,2024-01-22 11:30,380.155,380.155,379.63,379.89,62115
1705944600,2024-01-22 12:30,379.89,379.94,379.08,379.17,60647
1705948200,2024-01-22 13:30,379.16,379.89,379.14,379.69,62435
1705951800,2024-01-22 14:30,379.68,380.12,379.5,380.04,63834
1705955400,2024-01-22 15:30,380.05,380.16,379.78,380.08,154377
1706020200,2024-01-23 09:30,379.35,379.81,378.9,379.34,153228
1706023800,2024-01-23 10:30,379.2,379.2,378.09,378.16,135656
1706027400,2024-01-23 11:30,378.13,378.41,377.98,378.28,62090
1706031000,2024-01-23 12:30,378.28,378.67,378.15,378.55,31656
1706034600,2024-01-23 13:30,378.55,378.95,378.43,378.69,48111
1706038200,2024-01-23 14:30,378.65,379.32,378.6,379.07,62237
1706041800,2024-01-23 15:30,379.08,379.23,378.78,379.05,149252
1706106600,2024-01-24 09:30,380.26,380.62,379.23,379.54,210229
1706110200,2024-01-24 10:30,379.45,380.54,379.3,380.36,108453
1706113800,2024-01-24 11:30,380.41,380.57,379.97,380.21,64794
1706117400,2024-01-24 12:30,380.23,380.47,379.44,379.65,119566
1706121000,2024-01-24 13:30,379.66,379.66,378.51,378.79,135861
1706124600,2024-01-24 14:30,378.79,379.27,378.37,378.48,128893
1706128200,2024-01-24 15:30,378.48,378.94,377.94,378.08,97273
1706193000,2024-01-25 09:30,379.04,380.33,378.6,379.84,206844
1706196600,2024-01-25 10:30,379.89,379.89,378.29,379.13,129707
1706200200,2024-01-25 11:30,379.13,379.23,378.18,378.38,122527
1706203800,2024-01-25 12:30,378.36,378.78,377.92,378.35,77360
1706207400,2024-01-25 13:30,378.36,378.95,378.09,378.87,89010
1706211000,2024-01-25 14:30,378.86,379.25,378.55,379.18,58036
1706214600,2024-01-25 15:30,379.15,380.57,379.1,380.52,112808
1706279400,2024-01-26 09:30,380,381.31,379.95,381.23,193378
1706283000,2024-01-26 10:30,381.22,382.13,381.22,381.67,101344
1706286600,2024-01-26 11:30,381.63,381.77,381.2,381.51,48468
1706290200,2024-01-26 12:30,381.49,381.49,380.31,380.93,100571
1706293800,2024-01-26 13:30,380.96,380.96,380.18,380.72,60717
1706297400,2024-01-26 14:30,380.69,381.31,380.57,380.87,52286
1706301000,2024-01-26 15:30,380.93,381.21,380.68,381.03,55694
1706538600,2024-01-29 09:30,381.005,381.67,380.87,381.02,88710
1706542200,2024-01-29 10:30,381.04,381.27,380.62,380.99,84689
1706545800,2024-01-29 11:30,380.98,381.24,380.78,381.11,31046
1706549400,2024-01-29 12:30,381.09,381.27,380.54,381.11,33812
1706553000,2024-01-29 13:30,381.15,381.47,380.95,381.46,33316
1706556600,2024-01-29 14:30,381.48,383.37,381.4,382.92,142752
1706560200,2024-01-29 15:30,382.97,383.41,382.63,383.31,100025
1706625000,2024-01-30 09:30,382.845,383.34,382.5,382.73,114918
1706628600,2024-01-30 10:30,382.81,383.5,382.58,383.49,46584
1706632200,2024-01-30 11:30,383.51,384,383.43,383.68,42438
1706635800,2024-01-30 12:30,383.66,384.33,383.42,384.26,29713
1706639400,2024-01-30 13:30,384.28,384.5,384.03,384.48,36042
1706643000,2024-01-30 14:30,384.49,384.94,384.43,384.81,43512
1706646600,2024-01-30 15:30,384.81,384.845,384.41,384.55,90897
1706711400,2024-01-31 09:30,385.21,385.82,384.48,384.85,201241
1706715000,2024-01-31 10:30,384.95,385.23,384.64,384.89,75894
1706718600,2024-01-31 11:30,384.95,385.11,384.12,385.11,57405
1706722200,2024-01-31 12:30,385.08,385.14,384.42,384.51,58897
1706725800,2024-01-31 13:30,384.59,384.9,383.62,383.94,134168
1706729400,2024-01-31 14:30,383.94,385.51,382.06,382.3,374177
1706733000,2024-01-31 15:30,382.26,382.38,381.34,381.34,266732
1706797800,2024-02-01 09:30,381.4,382.915,381.27,382.89,319770
1706801400,2024-02-01 10:30,382.77,382.86,380.97,381.85,121046
1706805000,2024-02-01 11:30,381.86,383.84,381.84,383.39,85139
1706808600,2024-02-01 12:30,383.32,384.84,383.31,383.8,80513
1706812200,2024-02-01 13:30,383.85,384.46,383.39,383.95,55649
1706815800,2024-02-01 14:30,383.94,384.91,383.7,384.79,89445
1706819400,2024-02-01 15:30,384.89,385.15,384.46,385.13,116930
1706884200,2024-02-02 09:30,383.99,384.455,383.24,384.02,180153
1706887800,2024-02-02 10:30,384.19,385.25,383.84,385.12,92811
1706891400,2024-02-02 11:30,385.13,386.02,385.13,385.79,53538
1706895000,2024-02-02 12:30,385.81,386.5,384.48,385.94,102046
1706898600,2024-02-02 13:30,385.98,387.28,385.8,386.89,53047
1706902200,2024-02-02 14:30,386.99,387.78,386.91,387.75,53395
1706905800,2024-02-02 15:30,387.73,387.75,386.42,386.47,99705
1707143400,2024-02-05 09:30,385.99,385.99,382.47,382.96,381747
1707147000,2024-02-05 10:30,382.98,383.08,382.13,382.71,127799
1707150600,2024-02-05 11:30,382.73,383.47,382.61,383.47,64240
1707154200,2024-02-05 12:30,383.475,384.11,383.47,383.55,63099
1707157800,2024-02-05 13:30,383.55,384.41,383.51,384.33,38812
1707161400,2024-02-05 14:30,384.39,384.7,383.705,384.59,55167
1707165000,2024-02-05 15:30,384.63,384.83,383.56,383.63,101716
1707229800,2024-02-06 09:30,383.9,385.34,383.5,384.44,169168
1707233400,2024-02-06 10:30,384.35,384.82,384.1,384.58,43925
1707237000,2024-02-06 11:30,384.58,384.9,384.16,384.89,63135
1707240600,2024-02-06 12:30,384.92,384.93,384.08,384.36,54460
1707244200,2024-02-06 13:30,384.48,384.97,383.99,384.22,51516
1707247800,2024-02-06 14:30,384.15,384.6,383.92,384.34,70394
1707251400,2024-02-06 15:30,384.34,385.21,384.09,385.12,111770
1707316200,2024-02-07 09:30,386.19,387.13,385.66,387.1,148755
1707319800,2024-02-07 10:30,387.12,387.21,386.52,386.71,92391
1707323400,2024-02-07 11:30,386.8,386.91,386.49,386.74,72345
1707327000,2024-02-07 12:30,386.69,387.27,386.35,387.26,62710
1707330600,2024-02-07 13:30,387.29,387.45,386.715,386.98,62565
1707334200,2024-02-07 14:30,387,387.22,386.66,386.77,69063
1707337800,2024-02-07 15:30,386.77,386.97,386.5,386.74,58605
1707402600,2024-02-08 09:30,387.47,387.65,386.47,386.7,140698
1707406200,2024-02-08 10:30,386.71,386.74,385.53,385.58,102517
1707409800,2024-02-08 11:30,385.57,386.12,385.52,386.12,57790
1707413400,2024-02-08 12:30,386.09,386.72,386.05,386.48,46166
1707417000,2024-02-08 13:30,386.52,386.95,386.39,386.77,38281
1707420600,2024-02-08 14:30,386.71,387.27,386.52,387.14,58187
1707424200,2024-02-08 15:30,387.17,387.54,386.9,387.41,66153
1707489000,2024-02-09 09:30,387.19,387.5,386.48,386.76,241987
1707492600,2024-02-09 10:30,386.73,386.94,386.29,386.42,66344
1707496200,2024-02-09 11:30,386.44,386.46,385.76,386.44,75836
1707499800,2024-02-09 12:30,386.45,386.83,386.2,386.79,60372
1707503400,2024-02-09 13:30,386.83,386.95,386.52,386.88,46090
1707507000,2024-02-09 14:30,386.91,387.29,386.67,386.81,75281
1707510600,2024-02-09 15:30,386.78,386.81,386.31,386.74,64015
1707748200,2024-02-12 09:30,386.49,387.19,386.44,386.96,129529
1707751800,2024-02-12 10:30,386.98,388.44,386.93,388.42,71537
1707755400,2024-02-12 11:30,388.43,389.02,388.42,388.7,74049
1707759000,2024-02-12 12:30,388.7,389.41,388.47,388.97,65296
1707762600,2024-02-12 13:30,388.9,389.13,387.64,388.06,77747
1707766200,2024-02-12 14:30,388.06,388.2,387.64,387.83,72001
1707769800,2024-02-12 15:30,387.88,388.28,387.81,388.17,70879
1707834600,2024-02-13 09:30,385.08,385.17,382.55,383.39,328114
1707838200,2024-02-13 10:30,383.36,384.059,382.99,383.9,123602
1707841800,2024-02-13 11:30,383.95,384.14,383.01,383.1,112397
1707845400,2024-02-13 12:30,383.09,383.57,382.51,382.64,100473
1707849000,2024-02-13 13:30,382.62,382.62,380.85,381.02,102136
1707852600,2024-02-13 14:30,381,381.57,380.46,380.93,104577
1707856200,2024-02-13 15:30,380.94,382.89,380.84,382.83,204866
1707921000,2024-02-14 09:30,384.02,384.32,383.08,384,157587
1707924600,2024-02-14 10:30,384.04,384.29,382.59,383.38,100770
1707928200,2024-02-14 11:30,383.39,383.43,382.07,382.98,118386
1707931800,2024-02-14 12:30,383.02,383.41,382.63,382.9,82614
1707935400,2024-02-14 13:30,382.91,383.74,382.38,383.31,77035
1707939000,2024-02-14 14:30,383.33,384.24,383.14,384.08,80625
1707942600,2024-02-14 15:30,384.14,384.55,383.69,384.32,142712
1708007400,2024-02-15 09:30,385.19,387.18,384.89,386.55,204886
1708011000,2024-02-15 10:30,386.54,386.55,385.95,386.17,80914
1708014600,2024-02-15 11:30,386.13,386.95,386.09,386.83,54946
1708018200,2024-02-15 12:30,386.87,387.37,386.341,387.37,94964
1708021800,2024-02-15 13:30,387.44,387.78,386.95,387.63,112495
1708025400,2024-02-15 14:30,387.63,388.27,387.53,388.06,70164
1708029000,2024-02-15 15:30,388.03,388.33,387.76,388.27,140138
1708093800,2024-02-16 09:30,387.16,387.31,385.7,386.85,167781
1708097400,2024-02-16 10:30,386.75,387.4,386.64,387.27,75313
1708101000,2024-02-16 11:30,387.3,387.78,387.09,387.71,63842
1708104600,2024-02-16 12:30,387.75,387.8,386.69,387.48,59277
1708108200,2024-02-16 13:30,387.5,388.25,387.5,388.06,53271
1708111800,2024-02-16 14:30,388.02,388.04,386.23,386.84,127920
1708115400,2024-02-16 15:30,386.87,386.93,385.78,386.21,137335
1708439400,2024-02-20 09:30,385.5,386.42,385.15,386.29,251568
1708443000,2024-02-20 10:30,386.24,386.57,385.73,386.09,45180
1708446600,2024-02-20 11:30,386.11,386.11,384.72,384.82,57912
1708450200,2024-02-20 12:30,384.82,385.59,384.54,385.17,44963
1708453800,2024-02-20 13:30,385.15,385.76,384.91,385.55,31118
1708457400,2024-02-20 14:30,385.58,386.03,385.36,385.88,25104
1708461000,2024-02-20 15:30,385.91,385.92,384.8,385.74,148630
1708525800,2024-02-21 09:30,384.96,385.44,383.85,384.85,154177
1708529400,2024-02-21 10:30,384.86,385.3,384.47,385.07,32896
1708533000,2024-02-21 11:30,385.08,385.08,384.61,384.69,26308
1708536600,2024-02-21 12:30,384.71,385.21,384.24,385.09,53930
1708540200,2024-02-21 13:30,385.11,385.57,384.15,384.45,55131
1708543800,2024-02-21 14:30,384.46,384.46,383.37,383.98,90473
1708547400,2024-02-21 15:30,383.95,386.17,383.92,386.06,94742
1708612200,2024-02-22 09:30,388.38,389.98,387.91,388.93,332674
1708615800,2024-02-22 10:30,388.89,389.08,388.12,388.79,70436
1708619400,2024-02-22 11:30,388.81,389.251,388.42,389.17,60957
1708623000,2024-02-22 12:30,389.23,389.98,389.075,389.95,86539
1708626600,2024-02-22 13:30,390,391.41,389.94,391.38,85454
1708630200,2024-02-22 14:30,391.4,391.4,390.06,390.63,82872
1708633800,2024-02-22 15:30,390.49,391.15,390.26,390.56,125065
1708698600,2024-02-23 09:30,391.77,392.83,391.43,392.58,192075
1708702200,2024-02-23 10:30,392.6,392.81,391.7,392.02,106160
1708705800,2024-02-23 11:30,392.03,392.29,391.66,391.72,64942
1708709400,2024-02-23 12:30,391.71,391.92,391.44,391.87,37804
1708713000,2024-02-23 13:30,391.88,391.94,390.95,390.96,31713
1708716600,2024-02-23 14:30,390.98,391.67,390.92,391.5,37612
1708720200,2024-02-23 15:30,391.53,391.93,391.25,391.27,77991
1708957800,2024-02-26 09:30,391.38,392.41,391.23,391.89,95108
1708961400,2024-02-26 10:30,391.91,392.1,391.16,391.37,31359
1708965000,2024-02-26 11:30,391.37,391.56,391.16,391.51,21440
1708968600,2024-02-26 12:30,391.49,391.56,390.66,390.78,19668
1708972200,2024-02-26 13:30,390.72,391.27,390.25,391.15,55811
1708975800,2024-02-26 14:30,391.14,391.37,390.85,391.16,37625
1708979400,2024-02-26 15:30,391.17,391.24,390.57,390.61,27951
1709044200,2024-02-27 09:30,390.36,390.43,389.17,389.57,132694
1709047800,2024-02-27 10:30,389.54,389.54,388.98,389,29395
1709051400,2024-02-27 11:30,389.03,389.2,388.8,388.97,31000
1709055000,2024-02-27 12:30,388.95,389.21,388.75,388.97,25556
1709058600,2024-02-27 13:30,388.97,389.48,388.91,389.34,19229
1709062200,2024-02-27 14:30,389.36,389.77,389.11,389.73,41885
1709065800,2024-02-27 15:30,389.71,389.93,389.39,389.67,165952
1709130600,2024-02-28 09:30,387.94,388.59,387.61,388.56,178057
1709134200,2024-02-28 10:30,388.54,389.54,388.53,389.2,80681
1709137800,2024-02-28 11:30,389.21,389.31,388.89,389.18,34170
1709141400,2024-02-28 12:30,389.13,389.39,388.76,389.39,32752
1709145000,2024-02-28 13:30,389.44,389.57,388.53,388.72,46971
1709148600,2024-02-28 14:30,388.63,389.46,388.4,389.44,68744
1709152200,2024-02-28 15:30,389.45,389.73,389.14,389.67,161760
1709217000,2024-02-29 09:30,390.69,391.08,388.9,389.72,191870
1709220600,2024-02-29 10:30,389.72,390.34,389.25,389.88,40570
1709224200,2024-02-29 11:30,389.76,389.76,388.46,388.98,80404
1709227800,2024-02-29 12:30,388.97,389.67,388.97,389.59,45051
1709231400,2024-02-29 13:30,389.61,390,389.41,389.51,50468
1709235000,2024-02-29 14:30,389.56,389.94,389.24,389.94,36276
1709238600,2024-02-29 15:30,389.96,390.86,389.86,389.86,156947
1709303400,2024-03-01 09:30,389.85,390.52,388.88,390.51,231364
1709307000,2024-03-01 10:30,390.56,391.18,390.12,390.45,120841
1709310600,2024-03-01 11:30,390.43,391.25,389.89,391.04,50713
1709314200,2024-03-01 12:30,391.08,391.22,390.74,391.05,25283
1709317800,2024-03-01 13:30,391.05,391.61,390.85,391.39,44338
1709321400,2024-03-01 14:30,391.41,391.47,390.71,391.22,41516
1709325000,2024-03-01 15:30,391.2,391.46,391.08,391.26,77261
1709562600,2024-03-04 09:30,389.35,390.73,389.35,390.67,133950
1709566200,2024-03-04 10:30,390.64,390.69,389.93,390.17,31575
1709569800,2024-03-04 11:30,390.15,390.94,390.11,390.93,11433
1709573400,2024-03-04 12:30,390.89,391.07,390.17,390.31,32091
1709577000,2024-03-04 13:30,390.24,390.56,390.17,390.47,43349
1709580600,2024-03-04 14:30,390.48,391.24,390.42,390.63,93600
1709584200,2024-03-04 15:30,390.65,390.79,390.08,390.28,114034
1709649000,2024-03-05 09:30,388.99,389.29,387.92,388.64,307392
1709652600,2024-03-05 10:30,388.65,388.65,387.48,387.81,84999
1709656200,2024-03-05 11:30,387.81,388.02,386.94,387.9,47913
1709659800,2024-03-05 12:30,387.91,387.935,387,387.31,31911
1709663400,2024-03-05 13:30,387.24,387.47,386.27,386.62,30110
1709667000,2024-03-05 14:30,386.63,386.63,384.92,385.03,56461
1709670600,2024-03-05 15:30,385.02,386.42,384.96,386.23,117098
1709735400,2024-03-06 09:30,388.49,389.08,387.34,387.59,176408
1709739000,2024-03-06 10:30,387.49,388.93,387.44,388.93,63855
1709742600,2024-03-06 11:30,388.98,389.12,388.31,388.55,38675
1709746200,2024-03-06 12:30,388.66,388.8,387.95,388.51,26268
1709749800,2024-03-06 13:30,388.47,388.47,386.19,387.16,96848
1709753400,2024-03-06 14:30,387.17,387.17,386.25,386.7,62322
1709757000,2024-03-06 15:30,386.71,387.46,386.51,387.22,93607
1709821800,2024-03-07 09:30,389.07,389.48,388.5,388.85,151732
1709825400,2024-03-07 10:30,388.9,389.72,388.35,388.53,102563
1709829000,2024-03-07 11:30,388.42,388.92,388.17,388.35,34033
1709832600,2024-03-07 12:30,388.28,388.88,387.89,388.88,44634
1709836200,2024-03-07 13:30,388.9,389.44,388.49,388.56,55004
1709839800,2024-03-07 14:30,388.53,388.64,387.84,388.21,47391
1709843400,2024-03-07 15:30,388.17,388.95,388.15,388.45,88629
1709908200,2024-03-08 09:30,388.24,390.42,388.21,389.3,135011
1709911800,2024-03-08 10:30,389.23,389.91,388.83,389.41,103669
1709915400,2024-03-08 11:30,389.45,389.77,389.01,389.55,133184
1709919000,2024-03-08 12:30,389.62,389.64,388.19,388.53,114332
1709922600,2024-03-08 13:30,388.49,389.48,387.72,389.38,126931
1709926200,2024-03-08 14:30,389.41,389.99,387.95,388.08,104285
1709929800,2024-03-08 15:30,388.02,388.625,387.92,387.96,109152
1710163800,2024-03-11 09:30,386.92,387.75,385.54,385.72,162588
1710167400,2024-03-11 10:30,385.71,386.93,385.49,386.49,71611
1710171000,2024-03-11 11:30,386.44,387.615,386.29,387.38,58768
1710174600,2024-03-11 12:30,387.42,388.17,387.37,388.12,37329
1710178200,2024-03-11 13:30,388.13,388.43,387.73,388.07,31296
1710181800,2024-03-11 14:30,388.07,388.5,387.89,388.31,27107
1710185400,2024-03-11 15:30,388.18,388.64,388.03,388.43,75731
1710250200,2024-03-12 09:30,389.24,390.42,387.841,390.35,112393
1710253800,2024-03-12 10:30,390.32,391.36,390.31,390.53,126260
1710257400,2024-03-12 11:30,390.54,390.98,389.94,389.99,34068
1710261000,2024-03-12 12:30,390.02,390.21,388.83,389.85,70653
1710264600,2024-03-12 13:30,389.87,391,389.87,391,26967
1710268200,2024-03-12 14:30,391.01,391.44,390.55,391.38,66534
1710271800,2024-03-12 15:30,391.38,391.38,390.69,390.74,74147
1710336600,2024-03-13 09:30,391.69,392.32,390.98,392.27,89592
1710340200,2024-03-13 10:30,392.29,392.6,391.84,392.19,38095
1710343800,2024-03-13 11:30,392.17,392.62,392.11,392.43,24218
1710347400,2024-03-13 12:30,392.4,392.79,391.97,392.52,39271
1710351000,2024-03-13 13:30,392.52,392.52,391.82,391.83,24529
1710354600,2024-03-13 14:30,391.85,391.98,390.07,390.52,56906
1710358200,2024-03-13 15:30,390.52,391.44,390.5,391.23,90423
1710423000,2024-03-14 09:30,392.17,392.41,389.38,390.5,203821
1710426600,2024-03-14 10:30,390.61,391.09,390.09,390.23,50870
1710430200,2024-03-14 11:30,390.24,390.68,389.89,390.52,61325
1710433800,2024-03-14 12:30,390.5,390.62,389.16,389.17,73411
1710437400,2024-03-14 13:30,389.14,390.32,388.77,389.88,64422
1710441000,2024-03-14 14:30,389.84,390.02,388.15,388.43,73089
1710444600,2024-03-14 15:30,388.43,390.08,387.84,390.08,170640
1710509400,2024-03-15 09:30,387.74,389.26,387.22,387.93,266614
1710513000,2024-03-15 10:30,387.93,388.64,387.72,388.1,49727
1710516600,2024-03-15 11:30,388.17,388.19,386.9,386.96,54543
1710520200,2024-03-15 12:30,386.97,387.18,386.06,386.73,45561
1710523800,2024-03-15 13:30,386.69,387.17,386.56,386.81,25698
1710527400,2024-03-15 14:30,386.83,387.59,386.73,387.23,53404
1710531000,2024-03-15 15:30,387.22,387.25,386.56,387,78029
1710768600,2024-03-18 09:30,388.34,388.75,387.55,388.5,153271
1710772200,2024-03-18 10:30,388.49,388.85,388,388.84,39073
1710775800,2024-03-18 11:30,388.84,388.84,388.29,388.54,27649
1710779400,2024-03-18 12:30,388.58,388.58,388.17,388.54,35831
1710783000,2024-03-18 13:30,388.65,388.71,387.79,388.67,21849
1710786600,2024-03-18 14:30,388.67,388.76,388.09,388.39,13309
1710790200,2024-03-18 15:30,388.41,388.62,387.48,387.72,48624
1710855000,2024-03-19 09:30,388.16,388.81,387.45,388.53,140870
1710858600,2024-03-19 10:30,388.52,389.68,388.51,389.6,62420
1710862200,2024-03-19 11:30,389.63,390.3,389.62,390.2,49086
1710865800,2024-03-19 12:30,390.2,390.94,390.2,390.38,76878
1710869400,2024-03-19 13:30,390.41,390.52,389.81,390.1,24190
1710873000,2024-03-19 14:30,390.1,390.42,390.01,390.26,87450
1710876600,2024-03-19 15:30,390.18,391.09,390.11,390.99,90565
1710941400,2024-03-20 09:30,390.17,391.26,389.89,391.25,90499
1710945000,2024-03-20 10:30,391.29,391.63,390.84,391.41,22458
1710948600,2024-03-20 11:30,391.41,391.41,390.98,391.01,14553
1710952200,2024-03-20 12:30,391.01,391.66,390.87,390.98,26186
1710955800,2024-03-20 13:30,390.88,392.92,390.7,392.5,155194
1710959400,2024-03-20 14:30,392.63,395.21,391.31,395.06,233366
1710963000,2024-03-20 15:30,395,395.12,394.24,394.99,217321
1711027800,2024-03-21 09:30,396.3,398.5,395.81,398.47,212157
1711031400,2024-03-21 10:30,398.53,398.82,397.94,398.08,58454
1711035000,2024-03-21 11:30,398.09,398.57,397.95,398.3,52427
1711038600,2024-03-21 12:30,398.3,398.61,397.93,398.18,71418
1711042200,2024-03-21 13:30,398.13,398.35,397.98,398.2,49850
1711045800,2024-03-21 14:30,398.2,398.24,397.76,398.16,39471
1711049400,2024-03-21 15:30,398.18,398.48,397.56,397.67,83714
1711114200,2024-03-22 09:30,397.75,398.07,396.33,396.57,117717
1711117800,2024-03-22 10:30,396.57,396.61,395.8,396.11,58274
1711121400,2024-03-22 11:30,396.11,396.14,395.49,395.6,32774
1711125000,2024-03-22 12:30,395.55,395.94,395.26,395.8,60033
1711128600,2024-03-22 13:30,395.8,396.08,395.62,396.03,49564
1711132200,2024-03-22 14:30,396.04,396.04,394.82,395.08,96861
1711135800,2024-03-22 15:30,395.08,395.3,394.49,394.49,105786
1711373400,2024-03-25 09:30,393.92,394.13,393.37,393.62,168711
1711377000,2024-03-25 10:30,393.62,393.65,393.18,393.4,55755
1711380600,2024-03-25 11:30,393.4,393.6,393.32,393.4,43476
1711384200,2024-03-25 12:30,393.41,393.44,393,393.18,59892
1711387800,2024-03-25 13:30,393.18,393.37,392.95,393.35,25269
1711391400,2024-03-25 14:30,393.365,393.5,392.82,392.94,32525
1711395000,2024-03-25 15:30,392.94,393.22,392.83,392.97,86710
1711459800,2024-03-26 09:30,393.67,393.74,392.95,393.68,148524
1711463400,2024-03-26 10:30,393.65,394.17,393.5,393.92,70445
1711467000,2024-03-26 11:30,393.94,394.25,393.63,394.05,51530
1711470600,2024-03-26 12:30,394.04,394.13,393.64,393.84,71421
1711474200,2024-03-26 13:30,393.83,393.99,393.55,393.83,25950
1711477800,2024-03-26 14:30,393.8,394.01,393.41,393.51,39351
1711481400,2024-03-26 15:30,393.52,393.55,392.63,392.91,151849
1711546200,2024-03-27 09:30,394.99,396,394.84,394.98,166584
1711549800,2024-03-27 10:30,395,395.36,394.78,394.98,30623
1711553400,2024-03-27 11:30,395,395.21,394.47,394.85,43673
1711557000,2024-03-27 12:30,394.93,395.71,394.92,395.55,44668
1711560600,2024-03-27 13:30,395.49,395.8,395.21,395.79,13576
1711564200,2024-03-27 14:30,395.8,396.23,395.4,396.09,37334
1711567800,2024-03-27 15:30,396.11,397.58,396.04,397.56,202160
1711632600,2024-03-28 09:30,398.07,398.42,397.23,397.23,111132
1711636200,2024-03-28 10:30,397.25,397.54,397.06,397.53,54893
1711639800,2024-03-28 11:30,397.52,397.81,397.5,397.7,69059
1711643400,2024-03-28 12:30,397.72,397.75,397.4,397.54,43442
1711647000,2024-03-28 13:30,397.54,397.92,397.36,397.83,43314
1711650600,2024-03-28 14:30,397.83,398.5,397.39,398.45,69327
1711654200,2024-03-28 15:30,398.48,398.56,397.61,397.73,136558
1711978200,2024-04-01 09:30,397.86,398.05,395.55,395.7,203432
1711981800,2024-04-01 10:30,395.66,395.77,395.22,395.5,55590
1711985400,2024-04-01 11:30,395.45,395.51,394.78,395.37,43005
1711989000,2024-04-01 12:30,395.37,395.46,394.73,395.04,24798
1711992600,2024-04-01 13:30,395.07,395.42,394.89,395.2,17826
1711996200,2024-04-01 14:30,395.17,395.43,395.04,395.14,31297
1711999800,2024-04-01 15:30,395.13,395.74,394.96,395.25,74827
1712064600,2024-04-02 09:30,391.94,392.14,390.28,391.33,316087
1712068200,2024-04-02 10:30,391.31,391.76,391,391.26,73328
1712071800,2024-04-02 11:30,391.3,391.37,390.41,390.83,65432
1712075400,2024-04-02 12:30,390.91,391.1,390.39,390.58,72210
1712079000,2024-04-02 13:30,390.59,390.98,390.32,390.91,64350
1712082600,2024-04-02 14:30,390.89,391.76,390.87,391.58,63916
1712086200,2024-04-02 15:30,391.6,391.96,391.53,391.61,82913
1712151000,2024-04-03 09:30,391.63,392.92,391.09,392.25,142810
1712154600,2024-04-03 10:30,392.29,392.73,392.1,392.4,80193
1712158200,2024-04-03 11:30,392.43,392.54,391.71,392.36,55425
1712161800,2024-04-03 12:30,392.36,392.58,391.51,392.12,85197
1712165400,2024-04-03 13:30,392.16,392.28,391.63,391.64,37156
1712169000,2024-04-03 14:30,391.63,391.76,389.99,390.53,99292
1712172600,2024-04-03 15:30,390.56,391.58,390.48,391.29,152717
1712237400,2024-04-04 09:30,394.03,394.24,392.45,392.92,146866
1712241000,2024-04-04 10:30,392.89,393.13,392.45,392.8,24785
1712244600,2024-04-04 11:30,392.91,393.64,392.84,393.19,42878
1712248200,2024-04-04 12:30,393.19,393.24,392.97,392.97,17552
1712251800,2024-04-04 13:30,392.91,392.91,388.98,389.05,111022
1712255400,2024-04-04 14:30,388.92,388.96,386.22,386.27,217323
1712259000,2024-04-04 15:30,386.23,386.68,385.58,386.09,185929
1712323800,2024-04-05 09:30,386.36,387.5,386.08,386.86,149416
1712327400,2024-04-05 10:30,386.96,388.8,386.83,388.8,78773
1712331000,2024-04-05 11:30,388.68,390.13,388.36,389.95,90547
1712334600,2024-04-05 12:30,389.89,390.45,389.22,389.65,80774
1712338200,2024-04-05 13:30,389.72,389.91,388.31,388.92,85359
1712341800,2024-04-05 14:30,388.98,389.46,388.49,389.13,68934
1712345400,2024-04-05 15:30,389.14,389.67,388.9,388.92,83893
1712583000,2024-04-08 09:30,389.05,390.11,388.78,389.67,140909
1712586600,2024-04-08 10:30,389.66,389.96,389.37,389.55,31875
1712590200,2024-04-08 11:30,389.49,389.49,388.57,389.06,60952
1712593800,2024-04-08 12:30,389.015,389.48,388.97,389.4,45553
1712597400,2024-04-08 13:30,389.45,389.67,389.14,389.4,36197
1712601000,2024-04-08 14:30,389.335,389.52,389.02,389.52,43700
1712604600,2024-04-08 15:30,389.48,389.75,388.79,389.1,35979
1712669400,2024-04-09 09:30,389.66,389.98,388.02,388.14,117985
1712673000,2024-04-09 10:30,388.14,388.16,385.73,386.77,211382
1712676600,2024-04-09 11:30,386.8,388.04,386.7,387.75,129295
1712680200,2024-04-09 12:30,387.75,388.06,387.15,387.53,68377
1712683800,2024-04-09 13:30,387.56,387.96,387.09,387.27,30596
1712687400,2024-04-09 14:30,387.18,388.62,386.73,388.59,75078
1712691000,2024-04-09 15:30,388.61,388.98,387.73,388.9,130037
1712755800,2024-04-10 09:30,384.9,385.24,383.48,384.94,267545
1712759400,2024-04-10 10:30,384.9,385.96,384.14,384.54,79473
1712763000,2024-04-10 11:30,384.58,384.58,383.62,383.96,36808
1712766600,2024-04-10 12:30,383.92,384.99,383.04,384.04,134405
1712770200,2024-04-10 13:30,383.99,384.75,383.15,383.6,168559
1712773800,2024-04-10 14:30,383.63,384.98,383.11,384.52,123698
1712777400,2024-04-10 15:30,384.45,385.12,383.96,384.54,130537
1712842200,2024-04-11 09:30,385.46,385.66,382,382.14,128112
1712845800,2024-04-11 10:30,382.08,382.92,382.07,382.42,79836
1712849400,2024-04-11 11:30,382.4,383.94,382.3,383.26,37658
1712853000,2024-04-11 12:30,383.21,385.17,383.21,384.79,85106
1712856600,2024-04-11 13:30,384.79,386.08,384.47,385.69,101189
1712860200,2024-04-11 14:30,385.745,386,385.29,385.51,58464
1712863800,2024-04-11 15:30,385.35,385.68,384.5,384.54,72569
1712928600,2024-04-12 09:30,382.34,382.81,381.33,381.39,184836
1712932200,2024-04-12 10:30,381.33,381.6,380.46,381.37,134723
1712935800,2024-04-12 11:30,381.41,381.92,380.54,380.61,51346
1712939400,2024-04-12 12:30,380.67,380.73,378.98,379.1,70415
1712943000,2024-04-12 13:30,379.09,380.24,378.8,379.7,73783
1712946600,2024-04-12 14:30,379.73,379.76,378.77,378.95,91193
1712950200,2024-04-12 15:30,378.97,379.95,378.83,379.91,111999
1713187800,2024-04-15 09:30,383.33,383.82,381.04,381.28,216955
1713191400,2024-04-15 10:30,381.29,381.56,380.4,380.85,103789
1713195000,2024-04-15 11:30,380.86,381.59,380.32,380.5,73588
1713198600,2024-04-15 12:30,380.48,380.5,378.23,378.24,111850
1713202200,2024-04-15 13:30,378.23,378.45,377.19,377.5,186144
1713205800,2024-04-15 14:30,377.4,378.26,376.6,377.21,141633
1713209400,2024-04-15 15:30,377.21,378,377.2,377.32,135920
1713274200,2024-04-16 09:30,379.74,379.76,377.99,378.08,230545
1713277800,2024-04-16 10:30,378.03,378.53,377.52,378.4,96443
1713281400,2024-04-16 11:30,378.3,379.44,378.08,378.88,47751
1713285000,2024-04-16 12:30,378.88,379.21,378.07,378.45,43392
1713288600,2024-04-16 13:30,378.52,379.93,377.05,377.53,197712
1713292200,2024-04-16 14:30,377.7,379.46,377.5,379.31,55220
1713295800,2024-04-16 15:30,379.32,379.32,377.89,377.99,117241
1713360600,2024-04-17 09:30,379.21,380.19,378.22,378.68,95512
1713364200,2024-04-17 10:30,378.65,378.71,376.95,376.95,136898
1713367800,2024-04-17 11:30,376.99,377.26,376.36,376.84,164508
1713371400,2024-04-17 12:30,376.8,377.98,376.14,377.97,125110
1713375000,2024-04-17 13:30,377.97,378.62,377.56,378.07,87789
1713378600,2024-04-17 14:30,378.11,379.6,377.09,377.47,140841
1713382200,2024-04-17 15:30,377.47,378.12,377.23,377.47,100377
1713447000,2024-04-18 09:30,379.06,380.2,378.34,380.05,205243
1713450600,2024-04-18 10:30,380.05,380.9,379.95,380.32,122829
1713454200,2024-04-18 11:30,380.38,380.41,379.26,379.29,86769
1713457800,2024-04-18 12:30,379.41,379.41,376.92,377.77,133505
1713461400,2024-04-18 13:30,377.7,378.18,376.84,377.54,107088
1713465000,2024-04-18 14:30,377.49,378.21,376.99,377.94,110641
1713468600,2024-04-18 15:30,378.03,378.76,377.64,377.87,118365
1713533400,2024-04-19 09:30,378.55,379.91,377.92,379.59,199562
1713537000,2024-04-19 10:30,379.52,379.95,378.96,379.46,118859
1713540600,2024-04-19 11:30,379.34,379.74,378.36,378.495,158492
1713544200,2024-04-19 12:30,378.44,380.44,378.26,379.64,88855
1713547800,2024-04-19 13:30,379.76,381.02,379.11,379.21,98731
1713551400,2024-04-19 14:30,379.41,379.7,378.54,379.42,143532
1713555000,2024-04-19 15:30,379.44,380.07,378.99,379.78,149832
1713792600,2024-04-22 09:30,381.7,381.91,380,380.88,185869
1713796200,2024-04-22 10:30,380.78,381.01,379.81,380.21,91091
1713799800,2024-04-22 11:30,380.19,381.8,380.07,381.48,66907
1713803400,2024-04-22 12:30,381.48,382.96,381.22,382.96,47284
1713807000,2024-04-22 13:30,382.97,384.44,382.84,384.23,86325
1713810600,2024-04-22 14:30,384.32,384.44,382.87,383.14,48182
1713814200,2024-04-22 15:30,383.05,383.11,381.99,382.43,82867
1713879000,2024-04-23 09:30,383.7,384.3,382.93,383.79,183421
1713882600,2024-04-23 10:30,383.79,385.08,383.79,384.56,76260
1713886200,2024-04-23 11:30,384.54,384.92,384.05,384.84,31100
1713889800,2024-04-23 12:30,384.82,385.14,384.59,385.12,35085
1713893400,2024-04-23 13:30,385.13,385.57,384.85,385.15,41091
1713897000,2024-04-23 14:30,385.1,385.24,384.62,384.82,48753
1713900600,2024-04-23 15:30,384.81,385.16,384.61,385.05,78407
1713965400,2024-04-24 09:30,384.87,385.19,384.13,384.74,151176
1713969000,2024-04-24 10:30,384.77,384.77,383.19,383.62,85436
1713972600,2024-04-24 11:30,383.66,383.96,383.03,383.86,57322
1713976200,2024-04-24 12:30,383.8,384.34,383.15,384.32,56591
1713979800,2024-04-24 13:30,384.42,385.46,384.24,384.38,67109
1713983400,2024-04-24 14:30,384.43,385.05,383.83,384.8,146609
1713987000,2024-04-24 15:30,384.82,385.06,384.49,384.49,83365
1714051800,2024-04-25 09:30,379.79,380.1,377.49,378.17,287504
1714055400,2024-04-25 10:30,378.2,378.81,377.49,378.69,87338
1714059000,2024-04-25 11:30,378.71,379.83,378.28,379.76,62585
1714062600,2024-04-25 12:30,379.77,380.32,379.57,380.15,50567
1714066200,2024-04-25 13:30,380.1,381.55,379.91,379.95,52082
1714069800,2024-04-25 14:30,379.9,381.54,379.68,381.45,80790
1714073400,2024-04-25 15:30,381.4,381.43,380.43,380.93,85496
1714138200,2024-04-26 09:30,380.75,383,380.5,382.56,164510
1714141800,2024-04-26 10:30,382.58,382.82,381.4,381.65,67906
1714145400,2024-04-26 11:30,381.68,382.58,381.58,382.51,66266
1714149000,2024-04-26 12:30,382.5,383.21,382.4,382.93,56073
1714152600,2024-04-26 13:30,382.98,383.34,382.71,382.8,43930
1714156200,2024-04-26 14:30,382.82,383.06,382.61,383.04,34997
1714159800,2024-04-26 15:30,383.01,383.01,382.25,382.28,66212
1714397400,2024-04-29 09:30,383.05,383.98,382.94,383.58,185127
1714401000,2024-04-29 10:30,383.5,383.62,382.73,383.14,41388
1714404600,2024-04-29 11:30,383.11,383.36,382.82,383.34,46819
1714408200,2024-04-29 12:30,383.34,383.69,383.3,383.58,61160
1714411800,2024-04-29 13:30,383.64,384.03,383.51,383.55,60187
1714415400,2024-04-29 14:30,383.55,383.76,382.08,383.04,118554
1714419000,2024-04-29 15:30,383.08,383.86,383.01,383.78,75054
1714483800,2024-04-30 09:30,382.46,382.53,381.34,381.88,155287
1714487400,2024-04-30 10:30,381.8,382.73,380.63,380.8,85902
1714491000,2024-04-30 11:30,380.82,380.94,380.3,380.59,73789
1714494600,2024-04-30 12:30,380.62,380.62,379.47,379.88,137342
1714498200,2024-04-30 13:30,379.91,380.72,379.6,379.7,94788
1714501800,2024-04-30 14:30,379.69,380.03,379,379.29,137234
1714505400,2024-04-30 15:30,379.31,379.66,378.08,378.1,115881
1714570200,2024-05-01 09:30,378.27,379.31,378,378.69,157921
1714573800,2024-05-01 10:30,378.72,379.32,378.36,379.07,92955
1714577400,2024-05-01 11:30,379.1,379.59,378.9,379.38,53139
1714581000,2024-05-01 12:30,379.27,379.4,378.84,379.32,43851
1714584600,2024-05-01 13:30,379.37,380.64,379.14,380.63,120950
1714588200,2024-05-01 14:30,380.58,383.48,379.37,382.56,407812
1714591800,2024-05-01 15:30,382.54,382.54,378.77,378.81,241997
1714656600,2024-05-02 09:30,381.14,381.62,378.89,380.47,220007
1714660200,2024-05-02 10:30,380.51,381.29,379.67,380.67,79019
1714663800,2024-05-02 11:30,380.73,381,380.1,380.38,35446
1714667400,2024-05-02 12:30,380.37,381.6,379.88,381.6,74969
1714671000,2024-05-02 13:30,381.6,382.07,381.23,381.89,67935
1714674600,2024-05-02 14:30,381.85,382.91,381.84,382.31,72362
1714678200,2024-05-02 15:30,382.23,382.35,381.42,382.35,128281
1714743000,2024-05-03 09:30,387.21,387.99,385.32,385.84,485001
1714746600,2024-05-03 10:30,385.89,386.12,385.06,385.81,98475
1714750200,2024-05-03 11:30,385.89,386.79,385.89,386.55,77475
1714753800,2024-05-03 12:30,386.62,386.94,386.33,386.7,39670
1714757400,2024-05-03 13:30,386.73,387.25,386.43,387.05,56489
1714761000,2024-05-03 14:30,387.05,387.28,386.52,386.81,58397
1714764600,2024-05-03 15:30,386.8,387.03,386.46,386.69,138686
1715002200,2024-05-06 09:30,388.32,388.74,387.71,387.98,131397
1715005800,2024-05-06 10:30,387.98,388.02,387,387.16,39052
1715009400,2024-05-06 11:30,387.16,387.33,386.83,387.18,20748
1715013000,2024-05-06 12:30,387.21,387.77,387.13,387.73,32183
1715016600,2024-05-06 13:30,387.71,388.62,387.71,388.5,40475
1715020200,2024-05-06 14:30,388.525,388.54,387.43,387.61,69381
1715023800,2024-05-06 15:30,387.59,388.49,387.55,388.45,87652
1715088600,2024-05-07 09:30,389.17,389.77,388.62,389.59,157098
1715092200,2024-05-07 10:30,389.57,389.68,389.16,389.3,48900
1715095800,2024-05-07 11:30,389.24,389.325,388.95,389.05,19958
1715099400,2024-05-07 12:30,389.07,389.37,388.64,389.34,44581
1715103000,2024-05-07 13:30,389.33,389.43,388.46,388.6,34708
1715106600,2024-05-07 14:30,388.64,388.84,388.34,388.83,29683
1715110200,2024-05-07 15:30,388.84,389.28,388.69,388.71,65449
1715175000,2024-05-08 09:30,388.33,389.12,388.21,389.02,83678
1715178600,2024-05-08 10:30,389.02,389.78,388.87,389.64,25489
1715182200,2024-05-08 11:30,389.6,389.8,389.46,389.56,12682
1715185800,2024-05-08 12:30,389.58,389.7,389.18,389.49,17278
1715189400,2024-05-08 13:30,389.44,390.38,389.43,390.32,62142
1715193000,2024-05-08 14:30,390.38,390.57,389.895,390.47,78064
1715196600,2024-05-08 15:30,390.44,390.91,390.4,390.44,74309
1715261400,2024-05-09 09:30,390.07,392.31,390.05,392.13,172954
1715265000,2024-05-09 10:30,392.21,392.83,392.2,392.56,84578
1715268600,2024-05-09 11:30,392.59,392.62,392.12,392.23,27626
1715272200,2024-05-09 12:30,392.225,393.12,392.19,393.12,84926
1715275800,2024-05-09 13:30,393.16,393.38,393.04,393.38,55649
1715279400,2024-05-09 14:30,393.37,393.98,393.34,393.85,71787
1715283000,2024-05-09 15:30,393.86,394.26,393.79,394.04,138812
1715347800,2024-05-10 09:30,395.26,395.89,394.98,395.16,202731
1715351400,2024-05-10 10:30,395.27,395.47,394.5,394.64,82194
1715355000,2024-05-10 11:30,394.63,395,394.1,394.84,53773
1715358600,2024-05-10 12:30,394.88,395.19,394.66,394.75,27618
1715362200,2024-05-10 13:30,394.78,395.03,394.63,394.88,25221
1715365800,2024-05-10 14:30,394.83,395.37,394.54,395.34,35487
1715369400,2024-05-10 15:30,395.35,395.54,395.11,395.11,57851
1715607000,2024-05-13 09:30,396.38,396.6,395.88,396,180853
1715610600,2024-05-13 10:30,395.95,395.96,395.24,395.25,68978
1715614200,2024-05-13 11:30,395.21,395.32,394.94,395.11,46453
1715617800,2024-05-13 12:30,395.11,395.11,394.08,394.58,36922
1715621400,2024-05-13 13:30,394.58,394.67,394.22,394.61,23956
1715625000,2024-05-13 14:30,394.58,394.79,394.35,394.52,40826
1715628600,2024-05-13 15:30,394.52,394.82,394.26,394.48,69810
1715693400,2024-05-14 09:30,394.59,395.58,394.34,395.09,174771
1715697000,2024-05-14 10:30,395.16,395.17,394.14,394.47,52757
1715700600,2024-05-14 11:30,394.46,394.49,394.22,394.42,23365
1715704200,2024-05-14 12:30,394.39,394.44,393.81,393.99,28881
1715707800,2024-05-14 13:30,394,395.02,393.94,394.98,32521
1715711400,2024-05-14 14:30,395.01,396.25,394.96,395.94,86659
1715715000,2024-05-14 15:30,395.9,396.07,395.58,395.58,90784
1715779800,2024-05-15 09:30,397.21,398.07,396.94,397.19,107370
1715783400,2024-05-15 10:30,397.21,398.51,397.21,398.51,76544
1715787000,2024-05-15 11:30,398.5,398.55,397.72,398.09,47389
1715790600,2024-05-15 12:30,398.08,398.78,398,398.71,42111
1715794200,2024-05-15 13:30,398.64,398.79,398.2,398.54,39153
1715797800,2024-05-15 14:30,398.49,398.79,398.27,398.64,61746
1715801400,2024-05-15 15:30,398.64,399.5,398.53,399.32,116724
1715866200,2024-05-16 09:30,399.75,400.44,399.26,400.39,108134
1715869800,2024-05-16 10:30,400.37,400.99,400.15,400.72,63176
1715873400,2024-05-16 11:30,400.74,400.95,400.23,400.29,91290
1715877000,2024-05-16 12:30,400.19,400.51,399.58,399.88,47333
1715880600,2024-05-16 13:30,399.95,400.06,399.17,399.64,38622
1715884200,2024-05-16 14:30,399.62,400.26,399.62,400.08,36687
1715887800,2024-05-16 15:30,400.15,400.23,399.13,399.19,85702
1715952600,2024-05-17 09:30,399.08,399.27,398.43,398.97,97055
1715956200,2024-05-17 10:30,398.97,399.13,398.64,398.7,39717
1715959800,2024-05-17 11:30,398.74,399.02,398.5,398.86,40311
1715963400,2024-05-17 12:30,398.86,399.35,398.74,399.28,55291
1715967000,2024-05-17 13:30,399.29,399.44,398.46,398.91,38794
1715970600,2024-05-17 14:30,398.92,399.7,398.79,399.68,57000
1715974200,2024-05-17 15:30,399.7,400,399.5,399.98,76748
1716211800,2024-05-20 09:30,399.78,400.48,399.01,400.44,148707
1716215400,2024-05-20 10:30,400.5,400.64,400.3,400.62,18356
1716219000,2024-05-20 11:30,400.62,400.72,399.82,399.95,23085
1716222600,2024-05-20 12:30,399.92,399.93,399.09,399.18,29824
1716226200,2024-05-20 13:30,399.08,399.09,397.91,398.49,30844
1716229800,2024-05-20 14:30,398.51,398.69,398.1,398.18,34516
1716233400,2024-05-20 15:30,398.29,398.29,397.85,398.11,58593
1716298200,2024-05-21 09:30,398.32,398.7,397.8,398.55,75494
1716301800,2024-05-21 10:30,398.53,398.87,398.24,398.67,50485
1716305400,2024-05-21 11:30,398.63,398.68,398.02,398.2,21703
1716309000,2024-05-21 12:30,398.22,398.36,397.8,398.12,15768
1716312600,2024-05-21 13:30,398.17,398.5,398.04,398.39,17386
1716316200,2024-05-21 14:30,398.42,398.66,398.17,398.57,38563
1716319800,2024-05-21 15:30,398.55,399.06,398.51,398.81,51390
1716384600,2024-05-22 09:30,397.95,398.869,397.94,398.79,47601
1716388200,2024-05-22 10:30,398.7,398.84,398.18,398.25,14210
1716391800,2024-05-22 11:30,398.21,398.31,397.6,398.31,18290
1716395400,2024-05-22 12:30,398.32,398.53,398.09,398.1,11683
1716399000,2024-05-22 13:30,398.08,398.1,395.73,395.73,52891
1716402600,2024-05-22 14:30,395.7,396.48,395.51,396.2,52814
1716406200,2024-05-22 15:30,396.28,396.95,395.67,396.62,59192
1716471000,2024-05-23 09:30,397.03,397.08,393.9,394.06,93640
1716474600,2024-05-23 10:30,394.07,394.56,393.6,393.65,55074
1716478200,2024-05-23 11:30,393.73,394.45,393.7,394.15,29255
1716481800,2024-05-23 12:30,394.19,394.27,392.45,392.86,52951
1716485400,2024-05-23 13:30,392.75,392.75,390.3,390.65,62363
1716489000,2024-05-23 14:30,390.55,391.05,390.33,390.56,39337
1716492600,2024-05-23 15:30,390.54,390.84,390.25,390.72,116824
1716557400,2024-05-24 09:30,391.22,391.91,390.84,391.16,73757
1716561000,2024-05-24 10:30,391.21,392.26,390.41,391.79,71922
1716564600,2024-05-24 11:30,391.84,392.02,391.33,391.74,27848
1716568200,2024-05-24 12:30,391.77,391.77,391.15,391.45,14000
1716571800,2024-05-24 13:30,391.44,391.5,390.93,390.93,22643
1716575400,2024-05-24 14:30,390.95,391.2,390.16,390.46,22996
1716579000,2024-05-24 15:30,390.46,390.91,390.37,390.66,48966
1716903000,2024-05-28 09:30,389.81,390.22,389.05,389.28,86717
1716906600,2024-05-28 10:30,389.2,389.59,388.91,389.36,29419
1716910200,2024-05-28 11:30,389.33,389.44,388.9,389.02,22236
1716913800,2024-05-28 12:30,389.03,389.25,388.13,388.27,37416
1716917400,2024-05-28 13:30,388.26,388.5,387.47,387.53,38464
1716921000,2024-05-28 14:30,387.51,387.97,387.02,387.62,24161
1716924600,2024-05-28 15:30,387.62,388.62,387.62,388.6,48801
1716989400,2024-05-29 09:30,385.36,385.72,384.26,385.37,119074
1716993000,2024-05-29 10:30,385.45,385.6,384.72,385,44400
1716996600,2024-05-29 11:30,384.97,385.33,384.56,385.24,35701
1717000200,2024-05-29 12:30,385.25,385.28,384.61,385.14,26292
1717003800,2024-05-29 13:30,385.07,385.14,384.63,384.68,31143
1717007400,2024-05-29 14:30,384.68,385.24,384.4,385.07,35367
1717011000,2024-05-29 15:30,385.05,385.31,384.32,384.62,46550
1717075800,2024-05-30 09:30,381.4,382.2,380.41,381.01,208186
1717079400,2024-05-30 10:30,381,381.6,380.7,381.48,53533
1717083000,2024-05-30 11:30,381.45,381.73,381.17,381.37,41505
1717086600,2024-05-30 12:30,381.36,382.39,381.36,382.1,56293
1717090200,2024-05-30 13:30,382.14,382.29,381.38,381.79,28608
1717093800,2024-05-30 14:30,381.8,381.97,381.28,381.68,57120
1717097400,2024-05-30 15:30,381.81,381.87,380.48,381.41,135995
1717162200,2024-05-31 09:30,381.98,383.14,381.27,381.81,138626
1717165800,2024-05-31 10:30,381.875,382.23,381.54,382.03,60995
1717169400,2024-05-31 11:30,382.1,382.32,381.58,382.19,49276
1717173000,2024-05-31 12:30,382.19,383.4,382.13,383.28,48276
1717176600,2024-05-31 13:30,383.38,384.26,383.27,383.96,36570
1717180200,2024-05-31 14:30,384.07,384.49,383.81,384.19,71838
1717183800,2024-05-31 15:30,384.17,387.59,384.08,387.54,237364
1717421400,2024-06-03 09:30,387.85,387.86,386.17,386.78,145804
1717425000,2024-06-03 10:30,386.66,386.72,384.95,385.13,80776
1717428600,2024-06-03 11:30,385.1,385.15,383.4,383.47,41166
1717432200,2024-06-03 12:30,383.39,384.05,382.93,384,57451
1717435800,2024-06-03 13:30,384,384.96,384,384.63,17231
1717439400,2024-06-03 14:30,384.64,385.51,384.64,385.33,30435
1717443000,2024-06-03 15:30,385.33,386.28,385.03,386.28,89844
1717507800,2024-06-04 09:30,385,387.15,384.55,387.15,111534
1717511400,2024-06-04 10:30,387.03,387.28,385.6,386.04,54541
1717515000,2024-06-04 11:30,385.89,386.02,385.27,386,17640
1717518600,2024-06-04 12:30,385.88,386.92,385.77,386.92,18578
1717522200,2024-06-04 13:30,386.94,388.31,386.55,388.25,21889
1717525800,2024-06-04 14:30,388.31,388.37,386.44,387.01,47530
1717529400,2024-06-04 15:30,387.02,387.71,386.75,387.49,73098
1717594200,2024-06-05 09:30,388.61,388.61,385.97,386.44,137792
1717597800,2024-06-05 10:30,386.6,387.88,386.57,387.81,38766
1717601400,2024-06-05 11:30,387.83,388.4,387.49,387.79,52192
1717605000,2024-06-05 12:30,387.8,388.28,387.38,387.92,51875
1717608600,2024-06-05 13:30,387.97,388.57,387.68,388.55,19003
1717612200,2024-06-05 14:30,388.57,388.95,388.24,388.25,28929
1717615800,2024-06-05 15:30,388.2,388.71,387.94,388.52,47622
1717680600,2024-06-06 09:30,388.82,390.56,387.89,389.77,99214
1717684200,2024-06-06 10:30,389.75,389.75,388.58,389.21,58427
1717687800,2024-06-06 11:30,389.24,389.35,388.6,388.75,29036
1717691400,2024-06-06 12:30,388.72,389.13,388.58,389.04,18303
1717695000,2024-06-06 13:30,389.01,389.2,387.89,388.4,42928
1717698600,2024-06-06 14:30,388.35,389.56,388.26,389.49,55368
1717702200,2024-06-06 15:30,389.405,389.49,389.03,389.34,52423
1717767000,2024-06-07 09:30,388.83,390.38,387.92,390.35,78038
1717770600,2024-06-07 10:30,390.3,391.61,389.47,390.13,62501
1717774200,2024-06-07 11:30,390.16,390.39,389.76,390.06,9618
1717777800,2024-06-07 12:30,390.09,390.62,389.5,390.33,26777
1717781400,2024-06-07 13:30,390.22,390.32,388.69,389.6,37397
1717785000,2024-06-07 14:30,389.43,389.94,388.87,389.24,22670
1717788600,2024-06-07 15:30,389.17,389.3,388.33,388.52,37572
1718026200,2024-06-10 09:30,387.95,389.1,387.23,388.21,82260
1718029800,2024-06-10 10:30,388.16,388.31,387.46,387.89,25198
1718033400,2024-06-10 11:30,387.975,388.51,387.91,388.21,15310
1718037000,2024-06-10 12:30,388.22,388.34,387.84,388.3,13110
1718040600,2024-06-10 13:30,388.27,389.21,388.22,388.83,23944
1718044200,2024-06-10 14:30,388.8,389.33,388.8,389.05,23383
1718047800,2024-06-10 15:30,388.98,389.34,388.62,389.34,49969
1718112600,2024-06-11 09:30,387.67,387.8,384.9,386.56,330919
1718116200,2024-06-11 10:30,386.5,387.5,386.33,386.89,24067
1718119800,2024-06-11 11:30,386.98,387.27,386.16,386.19,20713
1718123400,2024-06-11 12:30,386.21,386.89,386.1,386.5,21316
1718127000,2024-06-11 13:30,386.59,387.86,386.57,387.84,26632
1718130600,2024-06-11 14:30,387.89,388.2,387.55,387.55,20425
1718134200,2024-06-11 15:30,387.56,388.08,387.27,388.06,44453
1718199000,2024-06-12 09:30,391.72,391.91,389.84,390.06,140547
1718202600,2024-06-12 10:30,390.04,390.67,389.04,389.27,51401
1718206200,2024-06-12 11:30,389.16,389.34,388.63,388.63,26940
1718209800,2024-06-12 12:30,388.66,388.86,388.2,388.5,36428
1718213400,2024-06-12 13:30,388.46,388.62,387.22,388.22,114543
1718217000,2024-06-12 14:30,388.31,389.18,387.02,387.14,161263
1718220600,2024-06-12 15:30,387.16,388.18,386.73,387.57,155520
1718285400,2024-06-13 09:30,386.82,386.96,384.9,385.15,135885
1718289000,2024-06-13 10:30,385.19,385.51,384.6,385.51,33147
1718292600,2024-06-13 11:30,385.53,385.68,384.65,384.72,32357
1718296200,2024-06-13 12:30,384.7,386.5,384.7,386.33,47451
1718299800,2024-06-13 13:30,386.36,386.87,386.11,386.85,24603
1718303400,2024-06-13 14:30,386.84,387.67,386.68,386.96,47658
1718307000,2024-06-13 15:30,386.95,387.41,386.7,386.89,58338
1718371800,2024-06-14 09:30,384.62,385.87,383.63,384.13,128440
1718375400,2024-06-14 10:30,384.14,385.78,383.79,385.73,47338
1718379000,2024-06-14 11:30,385.75,386.16,385.38,385.7,40409
1718382600,2024-06-14 12:30,385.74,386.53,385.61,386.15,22572
1718386200,2024-06-14 13:30,386.13,386.13,385.23,385.8,26785
1718389800,2024-06-14 14:30,385.81,386.39,385.63,386.22,41688
1718393400,2024-06-14 15:30,386.21,386.49,385.88,386.48,71983
1718631000,2024-06-17 09:30,385.26,386.3,385,386.02,66916
1718634600,2024-06-17 10:30,386.05,387.33,385.73,387.12,37987
1718638200,2024-06-17 11:30,387.11,387.76,386.56,387.75,58947
1718641800,2024-06-17 12:30,387.83,387.91,387.37,387.71,33411
1718645400,2024-06-17 13:30,387.73,389.1,387.73,388.97,58486
1718649000,2024-06-17 14:30,388.98,389.03,388.38,388.9,44077
1718652600,2024-06-17 15:30,388.87,389.2,388.39,388.64,48558
1718717400,2024-06-18 09:30,388.9,390.18,388.43,388.56,107465
1718721000,2024-06-18 10:30,388.47,388.82,388.02,388.34,36583
1718724600,2024-06-18 11:30,388.39,389.14,388.36,388.54,44747
1718728200,2024-06-18 12:30,388.52,388.79,388.23,388.54,39693
1718731800,2024-06-18 13:30,388.54,389.1,388.36,388.72,23358
1718735400,2024-06-18 14:30,388.72,388.83,388.23,388.64,27107
1718739000,2024-06-18 15:30,388.68,389.23,388.67,389.19,45584
1718890200,2024-06-20 09:30,388.74,390.92,388.38,390.46,163799
1718893800,2024-06-20 10:30,390.4,390.5,389.61,389.8,43093
1718897400,2024-06-20 11:30,389.69,390.61,389.63,390.27,26639
1718901000,2024-06-20 12:30,390.12,391.13,389.8,390.87,59874
1718904600,2024-06-20 13:30,390.9,392.95,390.67,392.92,105908
1718908200,2024-06-20 14:30,392.95,393.11,391.83,392.37,97855
1718911800,2024-06-20 15:30,392.26,392.31,391.5,392.11,124159
1718976600,2024-06-21 09:30,391.66,392.46,390.49,392.42,153735
1718980200,2024-06-21 10:30,392.38,392.38,390.95,390.95,31354
1718983800,2024-06-21 11:30,390.92,391.24,390.69,391.16,44667
1718987400,2024-06-21 12:30,391.14,391.59,391.03,391.2,33507
1718991000,2024-06-21 13:30,391.13,391.79,390.98,391.73,49090
1718994600,2024-06-21 14:30,391.66,391.68,391.17,391.33,33073
1718998200,2024-06-21 15:30,391.35,391.85,391.28,391.45,107511
1719235800,2024-06-24 09:30,392.47,394.92,391.93,394.6,120460
1719239400,2024-06-24 10:30,394.63,395.59,394.56,395.33,119562
1719243000,2024-06-24 11:30,395.27,395.38,394.69,394.75,59577
1719246600,2024-06-24 12:30,394.79,394.92,393.88,394.1,33817
1719250200,2024-06-24 13:30,393.98,394.13,393.49,394.1,62932
1719253800,2024-06-24 14:30,394.06,394.425,393.99,394.16,77222
1719257400,2024-06-24 15:30,394.25,394.67,393.94,393.99,68577
1719322200,2024-06-25 09:30,393.55,394.1,392.22,392.73,142849
1719325800,2024-06-25 10:30,392.8,392.94,391.1,391.35,62050
1719329400,2024-06-25 11:30,391.35,391.42,390.53,390.53,46236
1719333000,2024-06-25 12:30,390.52,391.02,389.83,391.02,57495
1719336600,2024-06-25 13:30,390.99,391.47,390.7,391.43,35243
1719340200,2024-06-25 14:30,391.44,391.53,390.9,391.32,67282
1719343800,2024-06-25 15:30,391.29,391.31,390.73,391.08,60024
1719408600,2024-06-26 09:30,390.01,390.16,389.02,389.63,60622
1719412200,2024-06-26 10:30,389.56,390.73,389.53,390.55,26899
1719415800,2024-06-26 11:30,390.47,391.51,390.46,391.43,33801
1719419400,2024-06-26 12:30,391.33,391.6,391.03,391.34,19566
1719423000,2024-06-26 13:30,391.37,391.6,391.21,391.52,19063
1719426600,2024-06-26 14:30,391.52,391.72,391.16,391.18,25353
1719430200,2024-06-26 15:30,391.18,391.73,391.02,391.21,51367
1719495000,2024-06-27 09:30,390.6,391.84,390.38,391.7,53742
1719498600,2024-06-27 10:30,391.79,392.39,391.49,391.76,29488
1719502200,2024-06-27 11:30,391.7,392.36,391.67,392.15,10246
1719505800,2024-06-27 12:30,392.16,392.42,391.74,392.42,15733
1719509400,2024-06-27 13:30,392.33,392.33,390.33,390.33,45980
1719513000,2024-06-27 14:30,390.32,391.19,390.16,391.16,27540
1719516600,2024-06-27 15:30,391.2,391.64,391.16,391.58,48687
1719581400,2024-06-28 09:30,391.39,394.22,390.95,393.46,309629
1719585000,2024-06-28 10:30,393.51,394.32,392.23,392.49,71679
1719588600,2024-06-28 11:30,392.4,392.98,391.28,391.86,89617
1719592200,2024-06-28 12:30,391.83,392.02,391.29,391.4,45165
1719595800,2024-06-28 13:30,391.41,391.41,390.36,390.45,88862
1719599400,2024-06-28 14:30,390.41,390.5,389.8,390.18,59479
1719603000,2024-06-28 15:30,390.22,391.2,389.25,391.19,159362
1719840600,2024-07-01 09:30,392.08,394.27,391.42,391.79,268098
1719844200,2024-07-01 10:30,391.86,391.91,390.25,391.31,64374
1719847800,2024-07-01 11:30,391.35,391.82,391,391.8,55454
1719851400,2024-07-01 12:30,391.81,392.03,391.5,391.83,32066
1719855000,2024-07-01 13:30,391.76,391.85,391.39,391.43,20036
1719858600,2024-07-01 14:30,391.38,391.38,390.54,390.73,43016
1719862200,2024-07-01 15:30,390.81,391.79,390.81,391.49,39614
1719927000,2024-07-02 09:30,390.83,392.05,390.72,391.35,125696
1719930600,2024-07-02 10:30,391.45,391.63,390.9,391.59,30984
1719934200,2024-07-02 11:30,391.62,391.8,390.79,391.13,19425
1719937800,2024-07-02 12:30,391.03,391.5,390.73,391.43,22839
1719941400,2024-07-02 13:30,391.46,392.68,391.39,392.58,35292
1719945000,2024-07-02 14:30,392.56,392.82,392.4,392.72,9247
1719948600,2024-07-02 15:30,392.7,393.29,392.7,393.25,84119
1720013400,2024-07-03 09:30,393.73,394.05,392.83,393.25,213189
1720017000,2024-07-03 10:30,393.25,393.37,392.28,392.41,49360
1720020600,2024-07-03 11:30,392.4,393.02,392.15,392.49,61470
1720024200,2024-07-03 12:30,392.47,393.23,392.4,392.83,105110
1720186200,2024-07-05 09:30,393.19,393.39,391.65,391.97,141115
1720189800,2024-07-05 10:30,391.9,393.25,391.87,392.88,53581
1720193400,2024-07-05 11:30,392.92,393.49,392.58,392.58,13936
1720197000,2024-07-05 12:30,392.59,392.72,392.19,392.61,19956
1720200600,2024-07-05 13:30,392.62,393.44,392.61,393.24,32934
1720204200,2024-07-05 14:30,393.24,393.84,393.13,393.37,58350
1720207800,2024-07-05 15:30,393.38,393.97,393.38,393.7,56278
1720445400,2024-07-08 09:30,394.41,396.7,394.39,395.38,346211
1720449000,2024-07-08 10:30,395.34,395.6,394.17,394.27,38251
1720452600,2024-07-08 11:30,394.18,394.18,392.93,393.28,64865
1720456200,2024-07-08 12:30,393.25,393.6,392.8,392.95,20397
1720459800,2024-07-08 13:30,392.94,393.5,392.93,393.31,31751
1720463400,2024-07-08 14:30,393.38,393.45,392.85,393.37,40998
1720467000,2024-07-08 15:30,393.36,393.52,393.12,393.45,79193
1720531800,2024-07-09 09:30,393.22,393.34,391.47,391.95,197259
1720535400,2024-07-09 10:30,391.92,392.75,391.88,392.59,58275
1720539000,2024-07-09 11:30,392.54,393.75,392.46,393.73,23136
1720542600,2024-07-09 12:30,393.71,395.04,393.68,394.2,85028
1720546200,2024-07-09 13:30,394.15,394.29,393.11,393.13,33482
1720549800,2024-07-09 14:30,393.15,393.37,392.54,393.11,70484
1720553400,2024-07-09 15:30,393.1,393.27,392.83,392.97,88251
1720618200,2024-07-10 09:30,392.93,393.63,392.66,392.76,142272
1720621800,2024-07-10 10:30,392.67,393.8,392.63,393.75,65925
1720625400,2024-07-10 11:30,393.82,395.01,393.75,394.82,47615
1720629000,2024-07-10 12:30,394.8,395.35,394.55,395.02,91154
1720632600,2024-07-10 13:30,395.03,395.26,394.8,394.93,69874
1720636200,2024-07-10 14:30,394.97,395.68,394.96,395.55,68994
1720639800,2024-07-10 15:30,395.56,397.47,395.54,397.19,308896
1720704600,2024-07-11 09:30,397.5,398.9,396.31,397.66,335275
1720708200,2024-07-11 10:30,397.55,398.71,397.35,398.31,83696
1720711800,2024-07-11 11:30,398.33,398.54,397.44,397.82,114688
1720715400,2024-07-11 12:30,397.79,398.05,397.06,397.82,52382
1720719000,2024-07-11 13:30,397.8,398.19,397.39,397.57,24787
1720722600,2024-07-11 14:30,397.56,398.02,397.42,397.46,26707
1720726200,2024-07-11 15:30,397.55,397.95,397.32,397.57,59186
1720791000,2024-07-12 09:30,398.86,399.72,398.12,399.64,239661
1720794600,2024-07-12 10:30,399.6,401.07,399.23,401.02,128844
1720798200,2024-07-12 11:30,401,401.09,400.4,400.66,90053
1720801800,2024-07-12 12:30,400.6,401.83,400.52,401.8,71398
1720805400,2024-07-12 13:30,401.78,402.68,401.7,402.03,148268
1720809000,2024-07-12 14:30,402.04,402.14,401.69,401.95,34907
1720812600,2024-07-12 15:30,401.95,401.95,399.83,400.27,126520
1721050200,2024-07-15 09:30,402.47,403.08,401.43,401.71,279600
1721053800,2024-07-15 10:30,401.64,403.27,401.64,402.71,173696
1721057400,2024-07-15 11:30,402.77,403.6,402.58,402.87,214864
1721061000,2024-07-15 12:30,402.85,402.85,401.82,402.05,90893
1721064600,2024-07-15 13:30,402.02,402.41,401.4,402.36,48447
1721068200,2024-07-15 14:30,402.43,403.39,402.36,403.06,21885
1721071800,2024-07-15 15:30,403.06,403.15,401.48,402.37,66005
1721136600,2024-07-16 09:30,403.84,407.76,403.83,407.58,540187
1721140200,2024-07-16 10:30,407.56,408.6,407.29,408.18,157785
1721143800,2024-07-16 11:30,408.08,408.18,407.09,408.03,130312
1721147400,2024-07-16 12:30,408.01,408.62,407.8,407.8,66499
1721151000,2024-07-16 13:30,407.78,408.96,407.65,408.73,92163
1721154600,2024-07-16 14:30,408.66,409.66,408.66,409.56,202344
1721158200,2024-07-16 15:30,409.55,409.99,409.2,409.63,129606
1721223000,2024-07-17 09:30,408.56,411.41,408.56,411.18,303883
1721226600,2024-07-17 10:30,411.15,411.22,410.31,411.03,65530
1721230200,2024-07-17 11:30,410.99,412,410.81,411.63,38819
1721233800,2024-07-17 12:30,411.63,412.22,411.1,411.57,96148
1721237400,2024-07-17 13:30,411.56,412.12,411.25,412.09,44838
1721241000,2024-07-17 14:30,412.06,412.33,411.62,412.17,53317
1721244600,2024-07-17 15:30,412.18,412.28,411.5,411.92,98703
1721309400,2024-07-18 09:30,410.72,413.87,410.46,413.82,239074
1721313000,2024-07-18 10:30,413.66,413.75,410.65,410.65,137919
1721316600,2024-07-18 11:30,410.76,410.95,408.48,408.58,84946
1721320200,2024-07-18 12:30,408.57,409.45,408.49,409.38,46227
1721323800,2024-07-18 13:30,409.38,409.54,407.31,407.31,90612
1721327400,2024-07-18 14:30,407.27,407.62,406.05,406.45,86196
1721331000,2024-07-18 15:30,406.46,407.75,406.34,406.73,147633
1721395800,2024-07-19 09:30,405.37,406.06,403.58,403.61,286304
1721399400,2024-07-19 10:30,403.57,404.19,402.32,402.32,108797
1721403000,2024-07-19 11:30,402.35,404.09,402.07,403.14,60894
1721406600,2024-07-19 12:30,403.17,403.24,401.99,402.24,89954
1721410200,2024-07-19 13:30,402.17,403.14,401.98,402.65,38018
1721413800,2024-07-19 14:30,402.64,403.81,402.3,403.35,39210
1721417400,2024-07-19 15:30,403.39,403.46,402.24,402.91,96098
1721655000,2024-07-22 09:30,404.04,404.62,402.24,403.63,164020
1721658600,2024-07-22 10:30,403.66,404.73,403.1,403.1,57324
1721662200,2024-07-22 11:30,402.96,403.23,402.48,402.81,36013
1721665800,2024-07-22 12:30,402.75,404.25,402.56,403.86,22020
1721669400,2024-07-22 13:30,403.88,404.24,403.51,403.76,23077
1721673000,2024-07-22 14:30,403.82,404.44,403.81,404.27,22889
1721676600,2024-07-22 15:30,404.27,404.54,403.9,404.11,80485
1721741400,2024-07-23 09:30,404.29,405.03,403.23,404.58,128232
1721745000,2024-07-23 10:30,404.55,405.01,403.4,404.68,42656
1721748600,2024-07-23 11:30,404.72,405.3,403.8,404.17,23361
1721752200,2024-07-23 12:30,404.05,404.41,403.57,404.15,19654
1721755800,2024-07-23 13:30,404.08,404.95,403.76,404.62,32115
1721759400,2024-07-23 14:30,404.69,404.89,404.43,404.7,23474
1721763000,2024-07-23 15:30,404.62,404.65,403.24,403.52,56276
1721827800,2024-07-24 09:30,401.73,402.63,399.49,400.16,168823
1721831400,2024-07-24 10:30,400.15,400.96,399.49,399.87,121849
1721835000,2024-07-24 11:30,399.87,400.9,399.86,400.58,129812
1721838600,2024-07-24 12:30,400.59,400.82,399.97,400.25,128926
1721842200,2024-07-24 13:30,400.2,400.73,399.78,399.93,53779
1721845800,2024-07-24 14:30,399.95,400.11,399.08,399.19,97172
1721849400,2024-07-24 15:30,399.18,399.56,398.09,398.6,181615
1721914200,2024-07-25 09:30,398.63,400.8,398.37,400.71,243981
1721917800,2024-07-25 10:30,400.66,401.99,399.61,401.16,111278
1721921400,2024-07-25 11:30,401.11,403.86,400.77,403.65,112370
1721925000,2024-07-25 12:30,403.58,404.4,402.65,402.71,71141
1721928600,2024-07-25 13:30,402.77,402.81,401.76,401.87,68582
1721932200,2024-07-25 14:30,401.88,402.3,400.34,402.07,100679
1721935800,2024-07-25 15:30,402.1,402.19,399.37,399.53,89185
1722000600,2024-07-26 09:30,401.78,406.06,401.71,405.68,208584
1722004200,2024-07-26 10:30,405.67,405.92,404,405.57,76910
1722007800,2024-07-26 11:30,405.6,407.34,405.38,406.74,40576
1722011400,2024-07-26 12:30,406.78,407.59,406.08,407.55,32075
1722015000,2024-07-26 13:30,407.5,407.56,405.6,406.13,46696
1722018600,2024-07-26 14:30,406.08,406.65,405.35,406.34,47156
1722022200,2024-07-26 15:30,406.34,406.34,405.18,405.99,114195
1722259800,2024-07-29 09:30,406.86,407,404.43,404.83,242181
1722263400,2024-07-29 10:30,404.75,405.22,403.89,405.04,54328
1722267000,2024-07-29 11:30,404.85,406.45,404.23,405.99,28658
1722270600,2024-07-29 12:30,406,406.51,405.74,405.74,25294
1722274200,2024-07-29 13:30,405.76,405.99,405.47,405.73,24868
1722277800,2024-07-29 14:30,405.78,406.06,405.45,405.86,34836
1722281400,2024-07-29 15:30,405.93,406.38,405.27,405.5,50625
1722346200,2024-07-30 09:30,405.87,407.8,405.86,406.88,218941
1722349800,2024-07-30 10:30,406.83,407.53,405.53,405.98,86932
1722353400,2024-07-30 11:30,406.24,406.29,405.4,406.22,33028
1722357000,2024-07-30 12:30,406.3,406.72,405.28,405.88,57907
1722360600,2024-07-30 13:30,405.96,407.69,405.89,407.03,45120
1722364200,2024-07-30 14:30,407.04,407.09,406.37,406.93,32771
1722367800,2024-07-30 15:30,406.92,408.75,406.73,407.39,97002
1722432600,2024-07-31 09:30,407.47,408.78,406.49,408.65,320894
1722436200,2024-07-31 10:30,408.7,409.81,408.22,409.6,121646
1722439800,2024-07-31 11:30,409.55,410.04,409.39,409.86,76613
1722443400,2024-07-31 12:30,409.9,410.52,409.81,409.95,107063
1722447000,2024-07-31 13:30,409.95,410.75,409.05,410.37,91150
1722450600,2024-07-31 14:30,410.39,412.01,408.34,408.56,296186
1722454200,2024-07-31 15:30,408.54,410.14,408.13,408.49,217725
1722519000,2024-08-01 09:30,409.74,410.91,405.95,405.95,334740
1722522600,2024-08-01 10:30,405.92,406.16,403.2,403.27,239606
1722526200,2024-08-01 11:30,403.27,404.33,402.83,403.83,127302
1722529800,2024-08-01 12:30,403.74,403.74,402.18,402.49,78009
1722533400,2024-08-01 13:30,402.47,402.66,401.16,401.38,87852
1722537000,2024-08-01 14:30,401.39,402.22,400.96,402.09,100917
1722540600,2024-08-01 15:30,402.23,403.53,402,403.27,270184
1722605400,2024-08-02 09:30,399.93,400.4,396.01,396.24,350443
1722609000,2024-08-02 10:30,396.15,396.47,393.56,393.85,219620
1722612600,2024-08-02 11:30,393.96,396.2,393.91,396.17,148271
1722616200,2024-08-02 12:30,396.05,396.51,394.83,395.02,76762
1722619800,2024-08-02 13:30,395,395.83,394.19,395.8,68260
1722623400,2024-08-02 14:30,395.76,396.72,395.4,396.57,74224
1722627000,2024-08-02 15:30,396.6,397.35,395.57,397.18,178928
1722864600,2024-08-05 09:30,386.5,389.88,384.93,385.96,811533
1722868200,2024-08-05 10:30,386.05,388.7,385.93,388.39,369545
1722871800,2024-08-05 11:30,388.18,390.28,388.12,390.23,277959
1722875400,2024-08-05 12:30,390.07,390.07,387.52,388.35,224126
1722879000,2024-08-05 13:30,388.33,388.82,387.37,388.48,95265
1722882600,2024-08-05 14:30,388.42,388.56,386.2,386.63,158222
1722886200,2024-08-05 15:30,386.65,387.18,385.63,387.18,198091
1722951000,2024-08-06 09:30,387.56,391.47,386.25,390.4,466879
1722954600,2024-08-06 10:30,390.52,392.53,389.3,389.35,87895
1722958200,2024-08-06 11:30,389.45,392.29,389.33,391.83,62344
1722961800,2024-08-06 12:30,392,392.93,391.43,392.86,75927
1722965400,2024-08-06 13:30,392.95,393.83,392.25,393.83,70500
1722969000,2024-08-06 14:30,393.83,394.52,391.45,392.59,109501
1722972600,2024-08-06 15:30,392.69,392.84,389.76,389.84,232395
1723037400,2024-08-07 09:30,392.59,394.79,391.59,393.13,383493
1723041000,2024-08-07 10:30,393.13,394.59,392.91,393.7,87416
1723044600,2024-08-07 11:30,393.7,394.14,391.73,392.43,140387
1723048200,2024-08-07 12:30,392.36,392.58,389.18,390.1,125963
1723051800,2024-08-07 13:30,390.02,391.12,387.62,388.3,118661
1723055400,2024-08-07 14:30,388.12,389.17,387.28,388.9,93945
1723059000,2024-08-07 15:30,388.84,389.38,387.46,387.8,204055
1723123800,2024-08-08 09:30,389.58,393.44,389.26,393.35,157249
1723127400,2024-08-08 10:30,393.32,393.67,392.45,393.31,73295
1723131000,2024-08-08 11:30,393.24,393.64,392.54,393.16,38012
1723134600,2024-08-08 12:30,393.1,394.09,392.18,394.06,55470
1723138200,2024-08-08 13:30,394.13,395.14,393.9,394.4,75051
1723141800,2024-08-08 14:30,394.44,394.73,393.76,394.04,42029
1723145400,2024-08-08 15:30,393.98,394.87,393.25,394.6,131799
1723210200,2024-08-09 09:30,394.25,394.7,392.41,394.2,282716
1723213800,2024-08-09 10:30,394.2,395.41,393.44,394.39,217805
1723217400,2024-08-09 11:30,394.5,394.9,393.81,394.01,45395
1723221000,2024-08-09 12:30,394.05,396.26,394.05,396.24,61448
1723224600,2024-08-09 13:30,396.29,396.5,394.3,394.43,114205
1723228200,2024-08-09 14:30,394.42,395.17,394.09,395.02,32899
1723231800,2024-08-09 15:30,394.94,395.44,394.72,395.13,122488
1723469400,2024-08-12 09:30,395.92,396.04,392.61,394.21,186077
1723473000,2024-08-12 10:30,394.27,395.45,393.08,393.52,62043
1723476600,2024-08-12 11:30,393.32,395.04,393.31,394.34,32212
1723480200,2024-08-12 12:30,394.36,394.44,393.15,393.8,27705
1723483800,2024-08-12 13:30,393.83,394.11,392.79,393.32,30763
1723487400,2024-08-12 14:30,393.17,393.71,393.17,393.43,29407
1723491000,2024-08-12 15:30,393.45,393.82,392.94,393.82,94599
1723555800,2024-08-13 09:30,395.07,396.62,394.08,395.01,328481
1723559400,2024-08-13 10:30,394.89,395.92,394.15,395.72,43337
1723563000,2024-08-13 11:30,395.78,397.23,395.66,396.67,51922
1723566600,2024-08-13 12:30,396.67,397.51,396.35,396.94,76514
1723570200,2024-08-13 13:30,396.9,397.25,396.23,397.2,82915
1723573800,2024-08-13 14:30,397.14,397.78,397.14,397.64,106232
1723577400,2024-08-13 15:30,397.62,398.13,397.36,397.81,82830
1723642200,2024-08-14 09:30,397.74,398.91,397.68,398.6,468078
1723645800,2024-08-14 10:30,398.5,399.34,397.51,399.33,202234
1723649400,2024-08-14 11:30,399.32,400.76,399.17,399.25,232140
1723653000,2024-08-14 12:30,399.25,400.2,399.18,400.17,63715
1723656600,2024-08-14 13:30,400.21,400.57,399.78,399.95,69038
1723660200,2024-08-14 14:30,399.93,400.88,399.93,400.07,91238
1723663800,2024-08-14 15:30,400.09,400.76,399.81,400.08,162412
1723728600,2024-08-15 09:30,404.78,405.63,403.16,403.84,281586
1723732200,2024-08-15 10:30,403.88,405.18,403.52,404.75,84721
1723735800,2024-08-15 11:30,404.72,405.56,404.63,405.51,89772
1723739400,2024-08-15 12:30,405.55,405.64,404.79,405.26,88639
1723743000,2024-08-15 13:30,405.26,405.54,405.19,405.48,52125
1723746600,2024-08-15 14:30,405.54,405.98,405.39,405.95,75814
1723750200,2024-08-15 15:30,405.92,406.14,405.14,405.91,161589
1723815000,2024-08-16 09:30,405.03,406.4,405.03,405.06,344055
1723818600,2024-08-16 10:30,405,405.84,404.59,405.81,66252
1723822200,2024-08-16 11:30,405.79,406.59,405.55,406.23,37812
1723825800,2024-08-16 12:30,406.3,407.24,406.25,406.86,62138
1723829400,2024-08-16 13:30,406.83,407.03,406.57,406.86,30173
1723833000,2024-08-16 14:30,406.86,407.37,406.73,406.84,25369
1723836600,2024-08-16 15:30,406.81,407.06,406.56,406.76,74553
1724074200,2024-08-19 09:30,407.36,408.45,407.26,408.24,178560
1724077800,2024-08-19 10:30,408.21,409.11,408.17,408.73,53039
1724081400,2024-08-19 11:30,408.74,408.9,408.08,408.72,26079
1724085000,2024-08-19 12:30,408.66,409.32,408.59,408.59,25755
1724088600,2024-08-19 13:30,408.58,408.67,408.21,408.29,17438
1724092200,2024-08-19 14:30,408.28,408.84,408.25,408.49,21839
1724095800,2024-08-19 15:30,408.47,409.13,408.28,409.09,92431
1724160600,2024-08-20 09:30,408.62,409.17,408.16,408.87,154992
1724164200,2024-08-20 10:30,408.81,409.08,407.82,407.87,51137
1724167800,2024-08-20 11:30,407.84,408.88,407.78,408.78,43190
1724171400,2024-08-20 12:30,408.65,408.92,408.05,408.44,21074
1724175000,2024-08-20 13:30,408.48,409.35,408.12,409.16,36004
1724178600,2024-08-20 14:30,409.13,409.18,408.39,408.42,41782
1724182200,2024-08-20 15:30,408.36,408.65,408.17,408.55,98253
1724247000,2024-08-21 09:30,409.32,409.74,407.87,408.83,68201
1724250600,2024-08-21 10:30,408.91,409.98,407.6,408.66,86869
1724254200,2024-08-21 11:30,408.62,408.91,407.71,408.45,21369
1724257800,2024-08-21 12:30,408.45,409.05,408.39,408.97,12686
1724261400,2024-08-21 13:30,409.03,409.12,408.49,409.12,43348
1724265000,2024-08-21 14:30,409.21,409.46,408.32,408.85,26962
1724268600,2024-08-21 15:30,408.76,409.32,408.53,409.04,64185
1724333400,2024-08-22 09:30,409.7,410.5,408.01,408.17,134912
1724337000,2024-08-22 10:30,408.23,408.77,407.3,407.46,44127
1724340600,2024-08-22 11:30,407.5,408.67,407.14,408.6,45347
1724344200,2024-08-22 12:30,408.59,408.93,406.77,407,57692
1724347800,2024-08-22 13:30,406.96,407.34,406.04,407.22,75138
1724351400,2024-08-22 14:30,407.1,407.5,406.76,406.98,50995
1724355000,2024-08-22 15:30,407,407.58,406.65,407.55,102630
1724419800,2024-08-23 09:30,409.3,411.78,408.65,411.5,256293
1724423400,2024-08-23 10:30,411.46,412.32,409.46,411.82,173676
1724427000,2024-08-23 11:30,411.83,412.17,408.92,409.26,72601
1724430600,2024-08-23 12:30,409.23,410.64,408.56,410.62,70890
1724434200,2024-08-23 13:30,410.6,411.13,410.47,410.98,32397
1724437800,2024-08-23 14:30,410.92,411.91,410.76,411.91,65588
1724441400,2024-08-23 15:30,411.86,412.32,411.1,411.85,220915
1724679000,2024-08-26 09:30,412.64,414.36,412.64,414.28,261181
1724682600,2024-08-26 10:30,414.26,414.5,412.22,412.37,153368
1724686200,2024-08-26 11:30,412.29,412.79,412.04,412.79,36575
1724689800,2024-08-26 12:30,412.83,413.4,412.61,412.89,36113
1724693400,2024-08-26 13:30,412.89,412.94,411.67,412.37,69724
1724697000,2024-08-26 14:30,412.36,412.71,412.23,412.38,24685
1724700600,2024-08-26 15:30,412.37,412.8,412.25,412.79,83504
1724765400,2024-08-27 09:30,412.3,413,411.73,412.6,130420
1724769000,2024-08-27 10:30,412.59,412.93,412.11,412.2,32265
1724772600,2024-08-27 11:30,412.18,412.27,411.6,412.03,31284
1724776200,2024-08-27 12:30,411.97,412.57,411.4,412.52,44717
1724779800,2024-08-27 13:30,412.61,412.9,412.51,412.8,28851
1724783400,2024-08-27 14:30,412.8,412.92,412.55,412.77,22926
1724787000,2024-08-27 15:30,412.8,413.06,412.59,412.92,28336
1724851800,2024-08-28 09:30,412.66,413.93,412.07,412.889,115558
1724855400,2024-08-28 10:30,412.8,413.54,412.25,412.45,70848
1724859000,2024-08-28 11:30,412.33,412.33,410.4,410.67,91986
1724862600,2024-08-28 12:30,410.68,411.7,410.55,410.86,23514
1724866200,2024-08-28 13:30,410.87,411.16,408.72,408.97,58684
1724869800,2024-08-28 14:30,408.97,411.27,408.92,410.98,100675
1724873400,2024-08-28 15:30,410.95,411.74,410.66,411.36,132435
1724938200,2024-08-29 09:30,414.38,414.59,411.31,414,315722
1724941800,2024-08-29 10:30,414.21,414.59,413.38,414.36,105734
1724945400,2024-08-29 11:30,414.36,416.11,414.23,415.79,287019
1724949000,2024-08-29 12:30,415.82,416.29,415.38,415.66,108303
1724952600,2024-08-29 13:30,415.68,416.22,415.24,415.34,49027
1724956200,2024-08-29 14:30,415.19,415.25,413.18,414.82,138910
1724959800,2024-08-29 15:30,414.94,415,413.56,413.89,135510
1725024600,2024-08-30 09:30,414.51,415.67,413.9,414.83,121337
1725028200,2024-08-30 10:30,414.77,415.15,413.49,413.58,53028
1725031800,2024-08-30 11:30,413.6,413.69,412.6,412.63,47916
1725035400,2024-08-30 12:30,412.68,413.79,412.15,413.02,36445
1725039000,2024-08-30 13:30,413.04,413.94,413,413.65,16095
1725042600,2024-08-30 14:30,413.67,414.76,413.64,414.64,44100
1725046200,2024-08-30 15:30,414.69,416.54,414.42,416.13,189132
1725370200,2024-09-03 09:30,414.2,415.18,411.37,411.87,295999
1725373800,2024-09-03 10:30,411.72,412.58,411.38,412.19,90148
1725377400,2024-09-03 11:30,412.25,412.41,411.68,412.03,51027
1725381000,2024-09-03 12:30,411.96,412.25,411.35,412.06,42166
1725384600,2024-09-03 13:30,412.06,412.07,410.65,410.79,112666
1725388200,2024-09-03 14:30,410.78,411.11,410.14,410.47,73278
1725391800,2024-09-03 15:30,410.51,410.73,408.62,410.25,234821
1725456600,2024-09-04 09:30,409.97,411.66,409.65,411.5,274335
1725460200,2024-09-04 10:30,411.51,412.54,410.9,410.9,57666
1725463800,2024-09-04 11:30,410.95,411.18,410.08,410.51,39622
1725467400,2024-09-04 12:30,410.5,411.1,409.54,409.61,29088
1725471000,2024-09-04 13:30,409.6,410.15,409.25,410.06,40148
1725474600,2024-09-04 14:30,409.99,410.34,409.26,410.12,37039
1725478200,2024-09-04 15:30,410.17,410.91,409.56,410.48,79108
1725543000,2024-09-05 09:30,411.33,411.68,409.08,410.2,182055
1725546600,2024-09-05 10:30,410.22,410.64,407.15,407.215,83709
1725550200,2024-09-05 11:30,407.19,407.5,406,406.98,78669
1725553800,2024-09-05 12:30,406.95,407.8,406.7,407.14,35863
1725557400,2024-09-05 13:30,407.1,409.25,407.09,408.74,45346
1725561000,2024-09-05 14:30,408.79,409.55,407.66,408.18,44942
1725564600,2024-09-05 15:30,408.25,408.91,407.64,408.47,93527
1725629400,2024-09-06 09:30,408.96,411,406.85,406.97,182965
1725633000,2024-09-06 10:30,407.03,408.27,404.57,404.92,243993
1725636600,2024-09-06 11:30,404.95,405.76,403.95,404.02,95197
1725640200,2024-09-06 12:30,404.06,405.41,404.01,404.81,54120
1725643800,2024-09-06 13:30,404.78,405.02,403.99,404.3,50571
1725647400,2024-09-06 14:30,404.33,405.3,403.79,404.94,70449
1725651000,2024-09-06 15:30,404.91,405.07,403.99,404.47,122248
1725888600,2024-09-09 09:30,407.36,408.89,406.15,408.25,200524
1725892200,2024-09-09 10:30,408.35,408.51,407.44,408.46,81514
1725895800,2024-09-09 11:30,408.56,410.64,408.52,410.53,143278
1725899400,2024-09-09 12:30,410.53,410.89,410.04,410.19,63454
1725903000,2024-09-09 13:30,410.07,410.2,408.49,408.8,44518
1725906600,2024-09-09 14:30,408.68,409,408.15,408.86,45184
1725910200,2024-09-09 15:30,408.89,409.42,408.57,409.07,83346
1725975000,2024-09-10 09:30,410.07,410.115,406.36,407.12,216528
1725978600,2024-09-10 10:30,407.12,408.13,406.6,407.74,51796
1725982200,2024-09-10 11:30,407.74,407.86,405,405.59,84242
1725985800,2024-09-10 12:30,405.43,407.42,405.43,407,44237
1725989400,2024-09-10 13:30,406.98,407.8,406.98,407.78,31797
1725993000,2024-09-10 14:30,407.75,408.29,407.72,408.18,26130
1725996600,2024-09-10 15:30,408.09,408.44,407.65,408.24,59989
1726061400,2024-09-11 09:30,407.15,407.15,401,401.17,252213
1726065000,2024-09-11 10:30,401.12,402.92,400.8,402.62,99566
1726068600,2024-09-11 11:30,402.62,404.8,402.57,404.72,81828
1726072200,2024-09-11 12:30,404.85,406.83,404.59,406.38,53083
1726075800,2024-09-11 13:30,406.41,407.69,406.36,407.19,59657
1726079400,2024-09-11 14:30,407.23,409,407.23,408.94,67169
1726083000,2024-09-11 15:30,408.94,409.93,408.13,409.24,99487
1726147800,2024-09-12 09:30,409.69,410.85,407.48,409.06,193882
1726151400,2024-09-12 10:30,409.05,409.73,408.07,408.79,62305
1726155000,2024-09-12 11:30,408.75,409.55,408.7,408.98,20133
1726158600,2024-09-12 12:30,408.97,411.23,408.96,411.09,90335
1726162200,2024-09-12 13:30,411.17,411.77,410.95,411.3,79704
1726165800,2024-09-12 14:30,411.38,411.75,409.74,411.39,116574
1726169400,2024-09-12 15:30,411.34,412,411.23,411.99,156955
1726234200,2024-09-13 09:30,412.59,415.18,412.38,414.51,417387
1726237800,2024-09-13 10:30,414.49,415.58,414.11,415.07,109408
1726241400,2024-09-13 11:30,415.13,416.31,414.75,414.76,157758
1726245000,2024-09-13 12:30,414.78,415.67,414.48,415.65,118781
1726248600,2024-09-13 13:30,415.68,416,414.31,414.46,190377
1726252200,2024-09-13 14:30,414.44,414.96,414.31,414.88,87642
1726255800,2024-09-13 15:30,414.85,415.28,414.5,414.92,138226
1726493400,2024-09-16 09:30,416.45,418.54,416.4,416.74,336146
1726497000,2024-09-16 10:30,416.7,416.94,415.72,415.73,42294
1726500600,2024-09-16 11:30,415.71,416.52,415.7,416.51,29133
1726504200,2024-09-16 12:30,416.51,416.59,416.11,416.34,31874
1726507800,2024-09-16 13:30,416.37,417.04,416.24,417.04,39170
1726511400,2024-09-16 14:30,417.05,417.55,416.86,417.04,50362
1726515000,2024-09-16 15:30,417.08,417.72,417.08,417.4,102706
1726579800,2024-09-17 09:30,418.29,419.461,417.56,419.13,116803
1726583400,2024-09-17 10:30,419.23,419.28,418.04,418.88,55386
1726587000,2024-09-17 11:30,418.84,419.06,417.34,417.86,73107
1726590600,2024-09-17 12:30,417.86,417.86,415.81,417.08,65494
1726594200,2024-09-17 13:30,416.99,417.67,416,417.12,24184
1726597800,2024-09-17 14:30,417.09,417.28,416.15,416.77,33542
1726601400,2024-09-17 15:30,416.81,417.34,416.37,417.31,71218
1726666200,2024-09-18 09:30,417.51,417.64,416.01,416.63,86851
1726669800,2024-09-18 10:30,416.6,416.93,415.95,416.89,14523
1726673400,2024-09-18 11:30,416.83,417.1,416.1,417.04,36738
1726677000,2024-09-18 12:30,416.97,417.65,416.97,417.63,14065
1726680600,2024-09-18 13:30,417.61,421,416.36,418.99,176798
1726684200,2024-09-18 14:30,419.04,419.81,416.37,418.08,182220
1726687800,2024-09-18 15:30,418.09,418.4,415.56,416.26,121506
1726752600,2024-09-19 09:30,422,422.13,419.7,420.99,285277
1726756200,2024-09-19 10:30,420.95,421.67,419.4,420.51,71410
1726759800,2024-09-19 11:30,420.41,421.58,420,421.52,27616
1726763400,2024-09-19 12:30,421.6,421.94,421.04,421.8,46252
1726767000,2024-09-19 13:30,421.87,422.73,421.2,421.97,86283
1726770600,2024-09-19 14:30,422.01,422.23,421.36,421.45,114156
1726774200,2024-09-19 15:30,421.31,421.79,420.95,421.4,109034
1726839000,2024-09-20 09:30,419.38,419.93,418.5,419.38,114963
1726842600,2024-09-20 10:30,419.33,419.83,418.74,419.19,43911
1726846200,2024-09-20 11:30,419.12,420.44,418.83,420.43,30726
1726849800,2024-09-20 12:30,420.4,421.08,420.29,420.76,52638
1726853400,2024-09-20 13:30,420.83,421.29,419.47,419.47,81784
1726857000,2024-09-20 14:30,419.39,420.68,419.12,420.33,73258
1726860600,2024-09-20 15:30,420.37,421.2,420.18,420.48,122024
1727098200,2024-09-23 09:30,421.12,421.68,419.94,421.03,186340
1727101800,2024-09-23 10:30,421.07,421.29,420.4,421.05,30789
1727105400,2024-09-23 11:30,421.12,421.17,420.21,420.66,28570
1727109000,2024-09-23 12:30,420.54,420.89,420.19,420.89,25503
1727112600,2024-09-23 13:30,420.9,421.29,420.79,421.24,52814
1727116200,2024-09-23 14:30,421.23,421.34,420.86,421.09,20450
1727119800,2024-09-23 15:30,420.99,421.33,420.82,421.11,59485
1727184600,2024-09-24 09:30,421.67,422.1,420.67,421.23,231544
1727188200,2024-09-24 10:30,421.34,422.7,420.8,422.03,111398
1727191800,2024-09-24 11:30,422.04,422.07,421,421.04,72888
1727195400,2024-09-24 12:30,420.91,421.68,420.91,421.2,28378
1727199000,2024-09-24 13:30,421.23,421.36,420.88,420.93,11037
1727202600,2024-09-24 14:30,420.75,421.63,420.4,421.59,19754
1727206200,2024-09-24 15:30,421.57,422.2,421.24,422.16,46660
1727271000,2024-09-25 09:30,422.51,422.94,420.05,420.34,189553
1727274600,2024-09-25 10:30,420.25,420.72,419.89,420.07,67031
1727278200,2024-09-25 11:30,420.03,420.12,419.38,419.72,30588
1727281800,2024-09-25 12:30,419.64,419.77,418.85,418.91,32447
1727285400,2024-09-25 13:30,418.86,419.72,418.38,419.55,37249
1727289000,2024-09-25 14:30,419.59,419.65,419.2,419.41,19841
1727292600,2024-09-25 15:30,419.38,419.38,418.75,419.11,47520
1727357400,2024-09-26 09:30,421.26,421.84,420.21,420.57,123808
1727361000,2024-09-26 10:30,420.7,421.5,420.57,420.84,75916
1727364600,2024-09-26 11:30,420.9,421.84,420.8,421.48,44455
1727368200,2024-09-26 12:30,421.54,421.63,420.57,421.36,92563
1727371800,2024-09-26 13:30,421.37,422.11,421.37,421.85,51434
1727375400,2024-09-26 14:30,421.79,421.83,421.15,421.25,21245
1727379000,2024-09-26 15:30,421.28,421.98,420.93,421.57,61279
1727443800,2024-09-27 09:30,422.59,425.29,422.24,425.07,149419
1727447400,2024-09-27 10:30,425.06,426.2,424.69,426.08,141875
1727451000,2024-09-27 11:30,426.08,426.14,424.02,424.16,115026
1727454600,2024-09-27 12:30,424.15,424.22,423.25,423.51,35799
1727458200,2024-09-27 13:30,423.55,423.93,423.03,423.149,67974
1727461800,2024-09-27 14:30,423.07,423.85,422.43,423.46,87736
1727465400,2024-09-27 15:30,423.37,423.6,422.83,422.94,69370
1727703000,2024-09-30 09:30,422.35,422.58,420.59,421.97,214107
1727706600,2024-09-30 10:30,422.08,422.95,421.69,421.76,36430
1727710200,2024-09-30 11:30,421.67,422.21,421.37,421.97,20283
1727713800,2024-09-30 12:30,421.9,422.01,421.6,421.63,8831
1727717400,2024-09-30 13:30,421.58,421.93,419.05,420.11,122747
1727721000,2024-09-30 14:30,420.08,421.54,419.71,421.43,68349
1727724600,2024-09-30 15:30,421.34,423.29,421.33,423.07,216295
1727789400,2024-10-01 09:30,422.42,422.67,419.29,419.94,330222
1727793000,2024-10-01 10:30,419.94,421.26,419.45,421.13,96039
1727796600,2024-10-01 11:30,421.11,422.2,420.96,421.73,69107
1727800200,2024-10-01 12:30,421.67,421.69,419.8,419.99,109164
1727803800,2024-10-01 13:30,419.98,423.02,419.9,422.95,164062
1727807400,2024-10-01 14:30,422.9,423.13,422.01,422.6,141303
1727811000,2024-10-01 15:30,422.45,422.45,421.24,421.53,103066
1727875800,2024-10-02 09:30,421.84,421.85,419.59,421.2,202897
1727879400,2024-10-02 10:30,421.27,422.42,421.03,422.27,73685
1727883000,2024-10-02 11:30,422.37,422.47,421.35,421.79,31224
1727886600,2024-10-02 12:30,421.58,421.65,420.94,421.27,90603
1727890200,2024-10-02 13:30,421.22,422.18,420.92,421.36,47065
1727893800,2024-10-02 14:30,421.37,422.25,421.3,421.92,43552
1727897400,2024-10-02 15:30,421.91,422.2,421.68,421.82,63502
1727962200,2024-10-03 09:30,420.34,421.17,418.28,419.68,326933
1727965800,2024-10-03 10:30,419.5,420.24,418.8,419.51,37325
1727969400,2024-10-03 11:30,419.79,421.01,419.75,420.7,29134
1727973000,2024-10-03 12:30,420.71,420.71,418.44,418.78,75000
1727976600,2024-10-03 13:30,418.82,419.69,418.67,419.48,28427
1727980200,2024-10-03 14:30,419.31,419.67,418.94,419.38,37553
1727983800,2024-10-03 15:30,419.33,420.24,419.11,419.92,112182
1728048600,2024-10-04 09:30,422.37,423.28,420.12,420.57,228149
1728052200,2024-10-04 10:30,420.48,421.35,419.67,420.03,114407
1728055800,2024-10-04 11:30,420.09,421.79,419.87,421.1,34468
1728059400,2024-10-04 12:30,421.1,422.48,420.92,422.18,30792
1728063000,2024-10-04 13:30,422.09,422.33,421.04,421.79,44334
1728066600,2024-10-04 14:30,421.79,422.85,421.7,422.79,38687
1728070200,2024-10-04 15:30,422.79,423.62,422.68,423.36,68963
1728307800,2024-10-07 09:30,422.11,422.92,421.21,422.25,247652
1728311400,2024-10-07 10:30,422.19,422.5,421.47,422.14,51775
1728315000,2024-10-07 11:30,422.16,422.2,420.61,421,32817
1728318600,2024-10-07 12:30,420.98,421.43,420.76,420.98,32646
1728322200,2024-10-07 13:30,420.78,421.02,419.81,419.96,51236
1728325800,2024-10-07 14:30,419.88,419.89,418.27,419.58,117095
1728329400,2024-10-07 15:30,419.58,420.12,419,419.56,83126
1728394200,2024-10-08 09:30,420.51,420.88,418.69,419.24,141263
1728397800,2024-10-08 10:30,419.22,420.23,418.93,420.1,80958
1728401400,2024-10-08 11:30,420.1,420.45,419.83,420.38,38532
1728405000,2024-10-08 12:30,420.29,420.53,419.3,419.73,45607
1728408600,2024-10-08 13:30,419.66,420.42,419.6,420.42,13500
1728412200,2024-10-08 14:30,420.44,420.95,420.34,420.81,42260
1728415800,2024-10-08 15:30,420.78,421.28,420.72,420.82,92954
1728480600,2024-10-09 09:30,420.89,422.94,420,421.66,217615
1728484200,2024-10-09 10:30,421.57,423.72,421.46,423.47,156103
1728487800,2024-10-09 11:30,423.61,424.92,423.52,424.22,257775
1728491400,2024-10-09 12:30,424.19,425.03,423.91,424.8,60483
1728495000,2024-10-09 13:30,424.68,424.85,423.64,424.32,73278
1728498600,2024-10-09 14:30,424.22,425.13,424.16,425.08,56145
1728502200,2024-10-09 15:30,425.1,425.66,424.8,425.05,102885
1728567000,2024-10-10 09:30,425,425.06,423.6,423.96,240637
1728570600,2024-10-10 10:30,424.05,424.68,423.35,424.23,83607
1728574200,2024-10-10 11:30,424.22,425.06,423.92,425.06,33758
1728577800,2024-10-10 12:30,425.09,425.09,423.32,423.98,93771
1728581400,2024-10-10 13:30,424.06,424.25,423.16,423.6,30661
1728585000,2024-10-10 14:30,423.53,423.8,423.06,423.64,35430
1728588600,2024-10-10 15:30,423.64,424.75,423.64,424.62,56854
1728653400,2024-10-11 09:30,425.29,427.89,425.01,427.77,334247
1728657000,2024-10-11 10:30,427.73,428.19,427.41,427.9,125046
1728660600,2024-10-11 11:30,427.9,428.4,427.05,427.28,66996
1728664200,2024-10-11 12:30,427.24,427.78,427.09,427.55,48548
1728667800,2024-10-11 13:30,427.59,428.69,427.43,428.33,70409
1728671400,2024-10-11 14:30,428.34,428.93,427.82,428.83,83607
1728675000,2024-10-11 15:30,428.81,429.07,428.58,428.72,122254
1728912600,2024-10-14 09:30,428.3,429.08,427.19,428.81,190023
1728916200,2024-10-14 10:30,428.83,429.95,428.83,429.81,34448
1728919800,2024-10-14 11:30,429.76,430.66,429.7,430.53,27458
1728923400,2024-10-14 12:30,430.54,430.75,430.32,430.43,49547
1728927000,2024-10-14 13:30,430.41,430.82,429.98,430.68,44531
1728930600,2024-10-14 14:30,430.66,431.14,430.66,430.86,37191
1728934200,2024-10-14 15:30,430.84,431.42,430.73,430.93,69550
1728999000,2024-10-15 09:30,429.34,430.12,427.64,428.92,317268
1729002600,2024-10-15 10:30,428.8,430.08,428.38,429.93,96397
1729006200,2024-10-15 11:30,429.9,430,428.86,429.99,30123
1729009800,2024-10-15 12:30,429.97,430.08,428.84,428.985,59110
1729013400,2024-10-15 13:30,428.92,429.56,427.99,428.13,35997
1729017000,2024-10-15 14:30,428.17,428.28,427.3,427.62,62435
1729020600,2024-10-15 15:30,427.67,427.79,427.03,427.53,132018
1729085400,2024-10-16 09:30,427.2,429.59,426.92,429.19,201067
1729089000,2024-10-16 10:30,429.17,429.81,428.87,429.35,58996
1729092600,2024-10-16 11:30,429.35,430.11,429.16,429.94,41199
1729096200,2024-10-16 12:30,429.97,430.21,429.61,429.8,88927
1729099800,2024-10-16 13:30,429.78,431.07,429.67,430.85,81412
1729103400,2024-10-16 14:30,430.84,431.01,430.51,430.63,52425
1729107000,2024-10-16 15:30,430.61,431.04,430.56,430.73,49112
1729171800,2024-10-17 09:30,432.54,432.81,431.38,431.82,180498
1729175400,2024-10-17 10:30,431.86,432.4,431.2,432.35,78875
1729179000,2024-10-17 11:30,432.42,432.6,431.8,432.231,94873
1729182600,2024-10-17 12:30,432.09,432.9,431.97,432.56,109951
1729186200,2024-10-17 13:30,432.62,432.88,431.7,432.07,84151
1729189800,2024-10-17 14:30,432.05,432.68,432.02,432.42,78661
1729193400,2024-10-17 15:30,432.39,432.71,432.31,432.39,82550
1729258200,2024-10-18 09:30,432.22,432.43,430.34,430.91,152789
1729261800,2024-10-18 10:30,430.98,431.7,430.86,431.7,59992
1729265400,2024-10-18 11:30,431.67,432.5,431.59,432.36,45911
1729269000,2024-10-18 12:30,432.34,433.11,432.27,432.42,35530
1729272600,2024-10-18 13:30,432.47,433.2,431.95,433.04,22762
1729276200,2024-10-18 14:30,433.06,433.1,432.33,432.43,35766
1729279800,2024-10-18 15:30,432.4,432.78,432.28,432.67,54937
1729517400,2024-10-21 09:30,432.43,433.04,431.15,431.21,85135
1729521000,2024-10-21 10:30,431.21,431.42,428.85,428.91,125020
1729524600,2024-10-21 11:30,428.93,430.02,428.77,429.51,70465
1729528200,2024-10-21 12:30,429.49,430.06,429.33,429.7,47694
1729531800,2024-10-21 13:30,429.71,429.76,429.01,429.25,46078
1729535400,2024-10-21 14:30,429.25,429.57,428.88,429.24,32063
1729539000,2024-10-21 15:30,429.22,429.44,428.86,429.43,84581
1729603800,2024-10-22 09:30,427.64,428.57,427.3,427.44,134558
1729607400,2024-10-22 10:30,427.47,428.93,427.16,428.52,57965
1729611000,2024-10-22 11:30,428.51,428.93,428.37,428.93,33466
1729614600,2024-10-22 12:30,428.93,429.5,428.92,429.23,32845
1729618200,2024-10-22 13:30,429.29,430.42,429.18,429.91,61144
1729621800,2024-10-22 14:30,429.92,429.92,429.33,429.74,28010
1729625400,2024-10-22 15:30,429.74,430.12,429.25,429.26,53941
1729690200,2024-10-23 09:30,427.03,427.74,426.25,427.22,167028
1729693800,2024-10-23 10:30,427.16,427.46,425.26,425.31,90226
1729697400,2024-10-23 11:30,425.39,426.41,425.21,425.24,89486
1729701000,2024-10-23 12:30,425.29,425.91,424.46,424.75,93239
1729704600,2024-10-23 13:30,424.67,424.67,422.93,423.63,123631
1729708200,2024-10-23 14:30,423.59,425.29,423.59,424.97,71743
1729711800,2024-10-23 15:30,424.92,425.33,424.68,425.09,107766
1729776600,2024-10-24 09:30,424.31,424.61,423.45,424.21,84705
1729780200,2024-10-24 10:30,424.33,424.53,423.42,423.46,45242
1729783800,2024-10-24 11:30,423.43,423.43,421.91,422.84,40391
1729787400,2024-10-24 12:30,422.87,423.8,422.86,423.8,30981
1729791000,2024-10-24 13:30,423.75,424.18,423.02,423.52,34909
1729794600,2024-10-24 14:30,423.42,424.01,423.14,423.87,34927
1729798200,2024-10-24 15:30,423.87,424.11,423.69,423.79,56825
1729863000,2024-10-25 09:30,425.45,426,424.86,425.57,87963
1729866600,2024-10-25 10:30,425.52,425.57,423.2,423.37,99189
1729870200,2024-10-25 11:30,423.49,423.6,422.67,423.53,50435
1729873800,2024-10-25 12:30,423.53,423.64,421.49,421.85,45253
1729877400,2024-10-25 13:30,421.8,421.8,420.47,421.6,73607
1729881000,2024-10-25 14:30,421.57,422.09,421.15,421.42,39713
1729884600,2024-10-25 15:30,421.46,421.49,420.86,421.14,79059
1730122200,2024-10-28 09:30,423.57,424.7,423.29,424.61,153540
1730125800,2024-10-28 10:30,424.54,424.82,424.1,424.2,140182
1730129400,2024-10-28 11:30,424.17,424.23,423.34,424.17,90853
1730133000,2024-10-28 12:30,424.17,424.33,423.68,424.16,19293
1730136600,2024-10-28 13:30,424.16,424.51,424.09,424.2,24016
1730140200,2024-10-28 14:30,424.26,424.66,423.88,424.41,44500
1730143800,2024-10-28 15:30,424.42,424.64,423.81,424.03,59224
1730208600,2024-10-29 09:30,422.23,424.96,421.72,423.89,194686
1730212200,2024-10-29 10:30,424.01,424.37,422.98,423.16,116118
1730215800,2024-10-29 11:30,423.2,423.69,422.92,423.1,59866
1730219400,2024-10-29 12:30,423.1,423.81,422.62,423.14,40084
1730223000,2024-10-29 13:30,423.19,423.36,422.7,423.25,27448
1730226600,2024-10-29 14:30,423.32,423.56,422.96,423.21,30046
1730230200,2024-10-29 15:30,423.15,423.19,422.34,422.53,71886
1730295000,2024-10-30 09:30,422.03,424.37,421.46,423.84,146075
1730298600,2024-10-30 10:30,423.92,424.22,423.39,423.74,75648
1730302200,2024-10-30 11:30,423.72,424.64,423.72,423.96,59385
1730305800,2024-10-30 12:30,423.94,423.96,423.04,423.23,52594
1730309400,2024-10-30 13:30,423.17,423.34,422.43,422.73,69124
1730313000,2024-10-30 14:30,422.7,422.92,421.95,422.25,68882
1730316600,2024-10-30 15:30,422.23,422.34,421.44,421.765,81934
1730381400,2024-10-31 09:30,419.23,419.92,418.36,418.5,245955
1730385000,2024-10-31 10:30,418.51,418.9,417.03,417.74,130273
1730388600,2024-10-31 11:30,417.74,418.84,417.69,418.69,52558
1730392200,2024-10-31 12:30,418.64,419.79,418.54,419.56,37033
1730395800,2024-10-31 13:30,419.49,419.5,418.45,419.17,40566
1730399400,2024-10-31 14:30,419.15,419.6,418.58,419.25,39541
1730403000,2024-10-31 15:30,419.34,419.65,417.51,417.61,148809
1730467800,2024-11-01 09:30,419.67,422.9,419.32,422.9,277925
1730471400,2024-11-01 10:30,422.91,423.25,421.21,423.24,117247
1730475000,2024-11-01 11:30,423.21,423.26,421.78,421.85,90567
1730478600,2024-11-01 12:30,421.91,422.48,420.93,422.09,29227
1730482200,2024-11-01 13:30,422.06,422.06,420.23,421,114197
1730485800,2024-11-01 14:30,420.9,421.65,420.56,420.56,33137
1730489400,2024-11-01 15:30,420.56,420.88,420.01,420.42,92925
1730730600,2024-11-04 09:30,419.84,420.29,418.57,419.44,268217
1730734200,2024-11-04 10:30,419.47,419.63,418.53,418.57,55694
1730737800,2024-11-04 11:30,418.51,418.51,416.45,418.28,140782
1730741400,2024-11-04 12:30,418.31,418.9,417.72,418.34,49386
1730745000,2024-11-04 13:30,418.37,418.66,418.1,418.1,19058
1730748600,2024-11-04 14:30,418,418.6,417.95,418.2,33792
1730752200,2024-11-04 15:30,418.14,418.24,417.63,418.01,56630
1730817000,2024-11-05 09:30,418.27,421.25,417.74,420.74,173351
1730820600,2024-11-05 10:30,420.8,421.79,420.56,420.9,53989
1730824200,2024-11-05 11:30,420.95,421.87,420.87,421.65,22736
1730827800,2024-11-05 12:30,421.71,422.61,421.49,421.56,301447
1730831400,2024-11-05 13:30,421.52,422.06,421,421.58,48253
1730835000,2024-11-05 14:30,421.52,421.81,421.1,421.54,31443
1730838600,2024-11-05 15:30,421.5,422.36,421.31,422.3,76857
1730903400,2024-11-06 09:30,434.64,436.29,433.75,436.1,710940
1730907000,2024-11-06 10:30,436.07,436.1,434.61,435.33,124206
1730910600,2024-11-06 11:30,435.43,436.14,435.19,435.66,169723
1730914200,2024-11-06 12:30,435.63,436.8,435.59,436.79,97411
1730917800,2024-11-06 13:30,436.8,437.13,436.41,436.62,101680
1730921400,2024-11-06 14:30,436.69,437.67,436.38,437.26,94530
1730925000,2024-11-06 15:30,437.37,437.78,436.925,437.24,124198
1730989800,2024-11-07 09:30,437.53,438.07,436.5,437.58,281821
1730993400,2024-11-07 10:30,437.66,437.84,436.81,437.04,115758
1730997000,2024-11-07 11:30,437.13,437.82,437.04,437.72,29415
1731000600,2024-11-07 12:30,437.72,437.93,437.12,437.51,33659
1731004200,2024-11-07 13:30,437.47,437.78,436.89,437.1,46219
1731007800,2024-11-07 14:30,437.22,438.22,436.43,437.85,222032
1731011400,2024-11-07 15:30,437.81,438.08,437.2,437.38,140262
1731076200,2024-11-08 09:30,438.31,439.79,437.4,439.69,241396
1731079800,2024-11-08 10:30,439.59,440.5,439.47,440.43,122397
1731083400,2024-11-08 11:30,440.47,440.51,439.47,439.72,145656
1731087000,2024-11-08 12:30,439.73,440.2,439.68,439.8,30007
1731090600,2024-11-08 13:30,439.85,441,439.79,440.77,129950
1731094200,2024-11-08 14:30,440.75,441.69,440.33,440.42,229448
1731097800,2024-11-08 15:30,440.42,440.43,439.77,440.12,85307
1731335400,2024-11-11 09:30,441.88,444.89,441.84,443.79,569678
1731339000,2024-11-11 10:30,443.79,444.26,443.12,443.29,54182
1731342600,2024-11-11 11:30,443.33,443.72,443.11,443.4,54207
1731346200,2024-11-11 12:30,443.36,443.62,442.43,442.85,69549
1731349800,2024-11-11 13:30,442.905,443.35,442.615,443.25,42371
1731353400,2024-11-11 14:30,443.26,443.36,442.68,442.79,54903
1731357000,2024-11-11 15:30,442.78,443.16,442.515,443.01,163962
1731421800,2024-11-12 09:30,443.58,444.2,441.89,441.92,355568
1731425400,2024-11-12 10:30,441.88,442.25,441.09,441.23,48783
1731429000,2024-11-12 11:30,441.09,441.23,440.25,440.53,45800
1731432600,2024-11-12 12:30,440.5,440.69,439.28,440.06,62868
1731436200,2024-11-12 13:30,440.04,441.62,440.03,440.86,119004
1731439800,2024-11-12 14:30,440.82,441.08,439.94,440.15,98122
1731443400,2024-11-12 15:30,440.08,440.14,439.05,439.36,138432
1731508200,2024-11-13 09:30,439.91,440.35,438.44,439.75,173848
1731511800,2024-11-13 10:30,439.71,441.05,439.54,441.02,46536
1731515400,2024-11-13 11:30,440.99,441.515,440.75,440.99,54092
1731519000,2024-11-13 12:30,440.95,441.55,440.66,440.9,37536
1731522600,2024-11-13 13:30,440.86,441.02,440,440.03,58017
1731526200,2024-11-13 14:30,440.06,440.37,439.39,440.18,48338
1731529800,2024-11-13 15:30,440.16,440.54,439.53,439.81,75133
1731594600,2024-11-14 09:30,440.59,440.94,438.75,439.54,222048
1731598200,2024-11-14 10:30,439.66,439.99,439.14,439.79,31422
1731601800,2024-11-14 11:30,439.71,439.84,438.21,438.37,26592
1731605400,2024-11-14 12:30,438.35,438.87,437.7,438.38,37187
1731609000,2024-11-14 13:30,438.14,438.55,437.57,438.55,36899
1731612600,2024-11-14 14:30,438.6,438.99,437.17,437.98,47300
1731616200,2024-11-14 15:30,437.98,438.09,437.19,437.69,76289
1731681000,2024-11-15 09:30,435.84,436.4,434.37,434.72,109638
1731684600,2024-11-15 10:30,434.7,435.49,434.23,435.27,84602
1731688200,2024-11-15 11:30,435.16,435.25,433.95,434,94042
1731691800,2024-11-15 12:30,433.91,434.66,433.52,434.5,56982
1731695400,2024-11-15 13:30,434.41,434.49,433.62,433.92,61170
1731699000,2024-11-15 14:30,433.94,435.2,433.84,434.4,57212
1731702600,2024-11-15 15:30,434.44,434.8,433.9,434.51,122597
1731940200,2024-11-18 09:30,434.17,434.53,433.24,433.74,123290
1731943800,2024-11-18 10:30,433.68,435.1,433.68,434.77,41369
1731947400,2024-11-18 11:30,434.8,435.32,434.35,434.63,53801
1731951000,2024-11-18 12:30,434.58,434.96,434.2,434.29,21865
1731954600,2024-11-18 13:30,434.26,434.4,433.46,433.68,32739
1731958200,2024-11-18 14:30,433.64,434.29,433.41,434.21,41958
1731961800,2024-11-18 15:30,434.19,434.27,433.75,434.26,43186
1732026600,2024-11-19 09:30,430.73,431.19,429.6,431.19,152183
1732030200,2024-11-19 10:30,431.16,433.01,431.12,433,64524
1732033800,2024-11-19 11:30,432.92,433.07,432.27,432.93,75836
1732037400,2024-11-19 12:30,432.89,433.41,432.66,433.13,95658
1732041000,2024-11-19 13:30,433.07,434.12,432.93,433.22,107681
1732044600,2024-11-19 14:30,433.03,433.19,432.34,432.73,54240
1732048200,2024-11-19 15:30,432.77,433.01,432.5,432.84,49364
1732113000,2024-11-20 09:30,433.6,433.81,431,431.68,226613
1732116600,2024-11-20 10:30,431.68,432.74,431.47,431.5,87116
1732120200,2024-11-20 11:30,431.54,433.12,431.18,431.85,96402
1732123800,2024-11-20 12:30,431.86,432.9,431.72,432.42,35791
1732127400,2024-11-20 13:30,432.34,432.38,431.44,431.91,45474
1732131000,2024-11-20 14:30,431.88,433.31,431.87,433.2,130443
1732134600,2024-11-20 15:30,433.25,434.92,433.25,434.32,191623
1732199400,2024-11-21 09:30,435.86,436.26,433.59,434.56,422406
1732203000,2024-11-21 10:30,434.53,438.45,434.46,438.4,333238
1732206600,2024-11-21 11:30,438.42,439.15,437.34,438.91,330043
1732210200,2024-11-21 12:30,438.94,440.3,438.77,440.26,281568
1732213800,2024-11-21 13:30,440.27,440.52,439.27,439.98,178282
1732217400,2024-11-21 14:30,439.93,440.06,439.52,439.84,44457
1732221000,2024-11-21 15:30,439.86,439.87,438.93,438.96,145134
1732285800,2024-11-22 09:30,439.59,442.39,439.34,440.62,538725
1732289400,2024-11-22 10:30,440.64,441.95,440.64,441.41,193927
1732293000,2024-11-22 11:30,441.44,442.75,441.15,442.59,52052
1732296600,2024-11-22 12:30,442.55,442.79,441.67,442.42,127679
1732300200,2024-11-22 13:30,442.42,442.85,441.8,442.5,88917
1732303800,2024-11-22 14:30,442.49,443.01,441.88,442.37,71720
1732307400,2024-11-22 15:30,442.38,443.57,442.32,443.13,72704
1732545000,2024-11-25 09:30,446.61,448.42,446.5,448.27,207396
1732548600,2024-11-25 10:30,448.28,448.32,446.66,447.01,89905
1732552200,2024-11-25 11:30,446.83,447.02,445.59,445.66,67468
1732555800,2024-11-25 12:30,445.73,446.97,445.5,446.8,27889
1732559400,2024-11-25 13:30,446.76,447.59,446.76,447.2,29082
1732563000,2024-11-25 14:30,447.18,447.5,446.87,447.37,35144
1732566600,2024-11-25 15:30,447.33,447.69,447.11,447.56,99114
1732631400,2024-11-26 09:30,446.56,446.88,444.68,445.05,194715
1732635000,2024-11-26 10:30,445,446.09,444.65,446.06,47446
1732638600,2024-11-26 11:30,446.1,446.72,445.91,446.43,59202
1732642200,2024-11-26 12:30,446.71,447.63,446.66,447.56,18061
1732645800,2024-11-26 13:30,447.51,448.05,447.24,447.92,57927
1732649400,2024-11-26 14:30,447.81,449.01,447.67,448.63,244357
1732653000,2024-11-26 15:30,448.61,449.33,448.59,448.82,125594
1732717800,2024-11-27 09:30,449.18,450.64,449.17,449.98,208973
1732721400,2024-11-27 10:30,449.92,450.06,448.84,448.84,137618
1732725000,2024-11-27 11:30,448.84,449.46,448.29,448.62,58463
1732728600,2024-11-27 12:30,448.65,448.65,447.65,447.71,41452
1732732200,2024-11-27 13:30,447.7,448.29,447.6,447.895,30262
1732735800,2024-11-27 14:30,447.95,448.17,447.59,447.78,45373
1732739400,2024-11-27 15:30,447.8,448.1,447.37,447.74,118421
1732890600,2024-11-29 09:30,448.3,449.53,448.25,449.35,224184
1732894200,2024-11-29 10:30,449.43,450.44,449.16,450.3,218250
1732897800,2024-11-29 11:30,450.3,451.28,450.17,451.04,115226
1732901400,2024-11-29 12:30,451.03,451.22,449.9,450.05,63626
1733149800,2024-12-02 09:30,450.6,451.02,447.95,448.07,242173
1733153400,2024-12-02 10:30,448.19,449.06,448.04,448.95,60905
1733157000,2024-12-02 11:30,449.03,449.11,448.31,448.31,46021
1733160600,2024-12-02 12:30,448.32,449.02,448.28,448.89,14098
1733164200,2024-12-02 13:30,448.94,449.15,448.72,449.06,14606
1733167800,2024-12-02 14:30,449.03,449.36,448.99,449.11,18727
1733171400,2024-12-02 15:30,449.05,449.06,448.48,448.7,88934
1733236200,2024-12-03 09:30,449.15,449.57,447.35,447.35,87583
1733239800,2024-12-03 10:30,447.35,447.71,446.95,447.24,57121
1733243400,2024-12-03 11:30,447.2,447.93,446.64,447.93,21587
1733247000,2024-12-03 12:30,447.92,448.62,447.79,448.22,19969
1733250600,2024-12-03 13:30,448.21,448.3,447.51,448.08,22236
1733254200,2024-12-03 14:30,448.1,448.48,447.97,448.06,25988
1733257800,2024-12-03 15:30,448.02,448.33,447.75,447.83,89003
1733322600,2024-12-04 09:30,449.86,450.99,449,449.31,261526
1733326200,2024-12-04 10:30,449.26,450.55,449.1,450.38,108725
1733329800,2024-12-04 11:30,450.35,450.59,449.75,449.81,37486
1733333400,2024-12-04 12:30,449.79,449.96,449.47,449.55,32258
1733337000,2024-12-04 13:30,449.54,450.4,448.77,450.32,71198
1733340600,2024-12-04 14:30,450.29,451.22,450.17,450.89,100653
1733344200,2024-12-04 15:30,450.86,451.54,450.71,450.88,92838
1733409000,2024-12-05 09:30,450.48,451.47,449.99,450.065,84136
1733412600,2024-12-05 10:30,450.05,450.27,449.51,450.27,36002
1733416200,2024-12-05 11:30,450.27,450.27,449.32,449.46,31189
1733419800,2024-12-05 12:30,449.41,450.05,448.95,449.37,60273
1733423400,2024-12-05 13:30,449.35,449.81,449.12,449.23,46862
1733427000,2024-12-05 14:30,449.14,449.43,448.57,448.84,39230
1733430600,2024-12-05 15:30,448.84,449.07,448.33,448.67,89611
1733495400,2024-12-06 09:30,449.49,449.96,448.6,449.2,109372
1733499000,2024-12-06 10:30,449.1,449.21,447.61,448.06,68019
1733502600,2024-12-06 11:30,448.01,448.32,447.2,447.49,36787
1733506200,2024-12-06 12:30,447.36,448.1,447.09,447.71,34799
1733509800,2024-12-06 13:30,447.64,447.73,446.8,446.95,22316
1733513400,2024-12-06 14:30,446.9,447.25,446.78,447.17,57282
1733517000,2024-12-06 15:30,447.18,447.31,446.99,447.16,65244
1733754600,2024-12-09 09:30,447.65,448.28,447.03,447.24,114812
1733758200,2024-12-09 10:30,447.2,447.41,446.15,446.79,77848
1733761800,2024-12-09 11:30,446.78,447.51,446.41,446.66,44012
1733765400,2024-12-09 12:30,446.66,446.79,446.02,446.17,22485
1733769000,2024-12-09 13:30,446.16,446.93,446.03,446.42,34792
1733772600,2024-12-09 14:30,446.46,446.59,445.4,445.58,33055
1733776200,2024-12-09 15:30,445.61,445.79,444.8,445.07,64736
1733841000,2024-12-10 09:30,444.52,444.63,442.92,444.48,163542
1733844600,2024-12-10 10:30,444.44,445.71,444.44,445.61,45338
1733848200,2024-12-10 11:30,445.57,445.78,444.7,444.8,105994
1733851800,2024-12-10 12:30,444.8,445.46,444.63,445.07,22389
1733855400,2024-12-10 13:30,445,445.23,444.44,444.82,19096
1733859000,2024-12-10 14:30,444.9,445.33,444.13,444.19,77183
1733862600,2024-12-10 15:30,444.19,444.19,443.14,443.62,94209
1733927400,2024-12-11 09:30,444.11,444.74,442.57,443.64,191825
1733931000,2024-12-11 10:30,443.55,443.69,442.85,443.45,57300
1733934600,2024-12-11 11:30,443.54,444.21,443.45,443.49,27719
1733938200,2024-12-11 12:30,443.481,444.35,443.35,444.15,21222
1733941800,2024-12-11 13:30,444.13,444.21,443.17,443.36,33381
1733945400,2024-12-11 14:30,443.43,443.73,442.9,443.14,26843
1733949000,2024-12-11 15:30,443.14,443.27,442.38,442.51,57903
1734013800,2024-12-12 09:30,442.49,443.13,441.44,442.18,125605
1734017400,2024-12-12 10:30,442.13,442.75,441.57,442.64,154385
1734021000,2024-12-12 11:30,442.58,442.58,441.39,441.89,186325
1734024600,2024-12-12 12:30,441.88,441.93,441.12,441.37,50654
1734028200,2024-12-12 13:30,441.39,441.43,440.09,440.26,60159
1734031800,2024-12-12 14:30,440.24,440.65,440.07,440.54,39711
1734035400,2024-12-12 15:30,440.61,440.82,440.09,440.24,97141
1734100200,2024-12-13 09:30,440.86,441.54,439.41,440.25,153492
1734103800,2024-12-13 10:30,440.25,440.52,439.37,440.24,93588
1734107400,2024-12-13 11:30,440.19,440.68,438.97,439.38,58392
1734111000,2024-12-13 12:30,439.31,439.84,438.92,439.69,36565
1734114600,2024-12-13 13:30,439.67,440.04,439.35,439.38,39017
1734118200,2024-12-13 14:30,439.42,439.73,439.15,439.34,47643
1734121800,2024-12-13 15:30,439.25,439.78,439.21,439.34,63204
1734359400,2024-12-16 09:30,439.69,440.64,439.04,439.77,111383
1734363000,2024-12-16 10:30,439.77,440.34,439.1,439.23,41924
1734366600,2024-12-16 11:30,439.21,439.58,438.87,439.03,39281
1734370200,2024-12-16 12:30,439.02,439.31,438.75,439.25,51136
1734373800,2024-12-16 13:30,439.24,439.38,438.98,439.17,34628
1734377400,2024-12-16 14:30,439.17,439.44,438.93,439.3,25783
1734381000,2024-12-16 15:30,439.24,439.26,437.96,438.37,45762
1734445800,2024-12-17 09:30,436.15,436.82,435.27,435.79,208822
1734449400,2024-12-17 10:30,435.75,436.38,435.33,435.65,64168
1734453000,2024-12-17 11:30,435.63,436.44,435.59,435.67,32378
1734456600,2024-12-17 12:30,435.7,435.99,434.98,435.06,50305
1734460200,2024-12-17 13:30,435.04,435.6,434.8,434.8,38253
1734463800,2024-12-17 14:30,434.78,434.95,434.43,434.74,38204
1734467400,2024-12-17 15:30,434.8,435.98,434.64,435.55,75297
1734532200,2024-12-18 09:30,435.98,437.29,435.6,437.16,244840
1734535800,2024-12-18 10:30,437.15,438.03,436.72,437.12,97189
1734539400,2024-12-18 11:30,437.05,438,436.89,437.59,42453
1734543000,2024-12-18 12:30,437.52,437.85,436.65,436.67,40805
1734546600,2024-12-18 13:30,436.64,437.42,432.88,432.88,149873
1734550200,2024-12-18 14:30,432.94,433.82,429.08,429.18,274847
1734553800,2024-12-18 15:30,429.22,429.47,423.98,424.17,325158
1734618600,2024-12-19 09:30,427.51,428.97,425.56,425.87,411277
1734622200,2024-12-19 10:30,425.88,427.26,425.31,427.18,138351
1734625800,2024-12-19 11:30,427.01,427.48,425.63,425.71,69944
1734629400,2024-12-19 12:30,425.76,427.02,425.2,427.01,47789
1734633000,2024-12-19 13:30,426.94,427.94,426.39,426.62,84027
1734636600,2024-12-19 14:30,426.62,426.68,425.46,426.1,61918
1734640200,2024-12-19 15:30,426.21,426.85,424.45,424.58,105068
1734705000,2024-12-20 09:30,422.06,425.81,421.72,425.81,239831
1734708600,2024-12-20 10:30,425.95,429.45,425.95,429.45,199302
1734712200,2024-12-20 11:30,429.44,432.12,429.32,431.93,90574
1734715800,2024-12-20 12:30,431.91,431.93,429.5,429.54,89547
1734719400,2024-12-20 13:30,429.56,430.3,429.17,430.23,50369
1734723000,2024-12-20 14:30,430.26,430.7,428.85,429.2,61669
1734726600,2024-12-20 15:30,429.22,429.83,427.83,428.53,162279
1734964200,2024-12-23 09:30,427.33,427.78,424.99,426.19,217054
1734967800,2024-12-23 10:30,426.22,426.56,425.17,426.26,61328
1734971400,2024-12-23 11:30,426.23,427.83,426.03,427.42,73330
1734975000,2024-12-23 12:30,427.39,428.1,426.97,428.06,30886
1734978600,2024-12-23 13:30,428.09,428.37,427.8,427.85,15320
1734982200,2024-12-23 14:30,427.94,428.26,427.5,428.175,37597
1734985800,2024-12-23 15:30,428.17,429.44,428.14,428.85,52109
1735050600,2024-12-24 09:30,428.89,430.49,428.28,430.21,115950
1735054200,2024-12-24 10:30,430.2,431.18,430.2,430.78,22521
1735057800,2024-12-24 11:30,430.8,432.14,430.8,432.02,33152
1735061400,2024-12-24 12:30,432,432.62,431.42,432.47,40953
1735223400,2024-12-26 09:30,430.97,432.35,430.93,432.09,102860
1735227000,2024-12-26 10:30,432.1,432.92,431.65,432.73,46705
1735230600,2024-12-26 11:30,432.72,433.65,432.72,433.13,25057
1735234200,2024-12-26 12:30,433.08,433.48,432.39,433.29,36866
1735237800,2024-12-26 13:30,433.31,433.38,432.51,432.76,28219
1735241400,2024-12-26 14:30,432.78,433.3,432.66,433.12,33238
1735245000,2024-12-26 15:30,433.08,433.59,432.86,433.12,37306
1735309800,2024-12-27 09:30,430.58,432.3,429.15,429.15,139278
1735313400,2024-12-27 10:30,429.17,430.15,428.66,429.94,40314
1735317000,2024-12-27 11:30,429.8,430.15,427.48,428,31543
1735320600,2024-12-27 12:30,428.04,428.79,427.43,428.53,37692
1735324200,2024-12-27 13:30,428.46,430.1,428.41,429.71,21955
1735327800,2024-12-27 14:30,429.63,430.68,428.97,429.26,100032
1735331400,2024-12-27 15:30,429.15,430.4,428.54,430.03,73811
1735569000,2024-12-30 09:30,425.47,425.58,422.52,422.79,138999
1735572600,2024-12-30 10:30,423,425.6,422.85,425.23,51627
1735576200,2024-12-30 11:30,425.28,427.01,425.28,426.71,51684
1735579800,2024-12-30 12:30,426.66,427.62,426.25,427,41257
1735583400,2024-12-30 13:30,426.9,427.69,426.32,426.96,39744
1735587000,2024-12-30 14:30,426.87,427.66,426.59,426.59,54144
1735590600,2024-12-30 15:30,426.62,427.31,425.65,425.77,81052
1735655400,2024-12-31 09:30,426.91,427.75,426.25,426.9,128426
1735659000,2024-12-31 10:30,426.91,427.11,425.21,425.32,83606
1735662600,2024-12-31 11:30,425.3,425.69,424.42,424.47,143460
1735666200,2024-12-31 12:30,424.5,425.78,424.05,424.27,60761
1735669800,2024-12-31 13:30,424.19,425.5,424.18,424.63,26147
1735673400,2024-12-31 14:30,424.4,425.75,424.08,425.74,38734
1735677000,2024-12-31 15:30,425.76,425.87,424.77,425.5,85627
1735828200,2025-01-02 09:30,428.34,428.92,426.04,426.34,168604
1735831800,2025-01-02 10:30,426.32,426.94,424.45,425.86,66467
1735835400,2025-01-02 11:30,425.7,426.58,423.94,424.03,57867
1735839000,2025-01-02 12:30,423.88,423.94,421.95,422.73,69951
1735842600,2025-01-02 13:30,422.5,423.38,421.6,423.36,53660
1735846200,2025-01-02 14:30,423.22,424.34,422.4,424.17,62030
1735849800,2025-01-02 15:30,424.17,424.62,423.49,423.79,70174
1735914600,2025-01-03 09:30,425.85,426.91,424.34,425.73,86441
1735918200,2025-01-03 10:30,425.62,426.71,425.37,426.02,63650
1735921800,2025-01-03 11:30,426.03,426.77,426,426.27,41992
1735925400,2025-01-03 12:30,426.32,427.14,426.2,427.13,28423
1735929000,2025-01-03 13:30,427.16,427.38,426.82,427.31,27236
1735932600,2025-01-03 14:30,427.29,427.77,426.75,427.3,34230
1735936200,2025-01-03 15:30,427.3,427.39,426.76,427.19,53006
1736173800,2025-01-06 09:30,428.79,430.53,427.97,429.9,147384
1736177400,2025-01-06 10:30,429.94,430.55,429.08,430.53,58289
1736181000,2025-01-06 11:30,430.51,431.14,430.04,430.2,146654
1736184600,2025-01-06 12:30,430.08,430.27,428.58,428.82,71821
1736188200,2025-01-06 13:30,428.86,428.87,427.1,427.63,46082
1736191800,2025-01-06 14:30,427.6,427.85,426.34,426.89,76194
1736195400,2025-01-06 15:30,426.95,427.19,426.1,427.12,68533
1736260200,2025-01-07 09:30,428.9,429.37,426.17,427.96,138358
1736263800,2025-01-07 10:30,427.93,428.16,425.92,427.38,85354
1736267400,2025-01-07 11:30,427.35,427.72,426.17,426.43,56568
1736271000,2025-01-07 12:30,426.44,427.15,425.57,427.05,38585
1736274600,2025-01-07 13:30,427.05,427.06,426.28,426.64,25350
1736278200,2025-01-07 14:30,426.63,426.63,424.34,424.47,46608
1736281800,2025-01-07 15:30,424.45,425.46,423.86,425.31,100425
1736346600,2025-01-08 09:30,425.37,425.41,423.31,423.31,93102
1736350200,2025-01-08 10:30,423.38,425.44,423.38,425.19,33839
1736353800,2025-01-08 11:30,425.19,426.05,423.6,423.69,32109
1736357400,2025-01-08 12:30,423.7,425.7,423.52,425.65,38280
1736361000,2025-01-08 13:30,425.43,426.57,424.12,426.45,50591
1736364600,2025-01-08 14:30,426.29,426.29,425.24,426.01,52789
1736368200,2025-01-08 15:30,425.97,426.55,425.48,426.13,98902
1736519400,2025-01-10 09:30,424.31,424.33,419.95,420.93,322800
1736523000,2025-01-10 10:30,420.81,421.5,419.58,419.7,77369
1736526600,2025-01-10 11:30,419.7,420.14,418.82,419.57,75186
1736530200,2025-01-10 12:30,419.53,421.83,419.395,421.37,74225
1736533800,2025-01-10 13:30,421.43,421.86,420.06,420.87,38347
1736537400,2025-01-10 14:30,420.57,420.58,419.09,419.32,42532
1736541000,2025-01-10 15:30,419.22,419.82,418.86,419.29,68770
1736778600,2025-01-13 09:30,418.76,421.59,418.51,420.41,188819
1736782200,2025-01-13 10:30,420.47,421.85,420.44,420.8,64745
1736785800,2025-01-13 11:30,420.63,421.17,419.48,420.96,41873
1736789400,2025-01-13 12:30,420.89,421.94,420.65,421.88,39613
1736793000,2025-01-13 13:30,421.95,422.51,421.55,422.38,78395
1736796600,2025-01-13 14:30,422.37,422.88,421.77,422.45,64949
1736800200,2025-01-13 15:30,422.34,423.24,422.17,423.02,90107
1736865000,2025-01-14 09:30,424.97,425.03,423.49,424.67,218697
1736868600,2025-01-14 10:30,424.67,425.26,423.13,423.17,84313
1736872200,2025-01-14 11:30,423.22,423.45,421.56,422.47,71149
1736875800,2025-01-14 12:30,422.45,424.02,421.7,423.87,54218
1736879400,2025-01-14 13:30,423.86,425.44,423.789,424.93,47374
1736883000,2025-01-14 14:30,425,425.52,422.88,424.03,36975
1736886600,2025-01-14 15:30,424,425.35,423.63,425.26,63313
1736951400,2025-01-15 09:30,431.57,432.76,430.78,432.1,285498
1736955000,2025-01-15 10:30,432.1,432.26,430.99,431.35,99912
1736958600,2025-01-15 11:30,431.36,431.59,430.5,431.47,67210
1736962200,2025-01-15 12:30,431.41,432.06,431.25,432.04,41260
1736965800,2025-01-15 13:30,432.03,432.57,431.92,432.46,39287
1736969400,2025-01-15 14:30,432.5,433.23,432.5,432.91,51404
1736973000,2025-01-15 15:30,432.9,432.97,432.13,432.17,234863
1737037800,2025-01-16 09:30,432.09,432.9,430.93,431.27,142022
1737041400,2025-01-16 10:30,431.21,432.25,430.94,432.11,69328
1737045000,2025-01-16 11:30,432.15,432.73,431.61,432.58,62374
1737048600,2025-01-16 12:30,432.54,432.56,431.68,431.76,31426
1737052200,2025-01-16 13:30,431.7,431.79,430.78,431.69,138726
1737055800,2025-01-16 14:30,431.71,432.07,431.44,431.58,28168
1737059400,2025-01-16 15:30,431.62,432.38,431.4,431.59,84384
1737124200,2025-01-17 09:30,434.53,435.14,434.01,435.01,252935
1737127800,2025-01-17 10:30,435.04,436.04,434.87,435.75,69937
1737131400,2025-01-17 11:30,435.8,436.19,435.49,436.14,25003
1737135000,2025-01-17 12:30,436.14,436.4,435.69,435.84,20718
1737138600,2025-01-17 13:30,435.78,435.78,434.96,435.32,85966
1737142200,2025-01-17 14:30,435.24,435.46,434.65,435.21,51118
1737145800,2025-01-17 15:30,435.18,435.48,434.67,434.7,93956
1737469800,2025-01-21 09:30,436.35,438.27,436.35,437.71,150759
1737473400,2025-01-21 10:30,437.71,439.13,437.4,439.04,47624
1737477000,2025-01-21 11:30,439.07,439.36,438.69,439.19,38523
1737480600,2025-01-21 12:30,439.17,439.65,439.05,439.47,46402
1737484200,2025-01-21 13:30,439.49,439.66,439.06,439.47,30207
1737487800,2025-01-21 14:30,439.5,439.83,439.03,439.82,29043
1737491400,2025-01-21 15:30,439.82,440.43,439.5,440.25,71255
1737556200,2025-01-22 09:30,441.55,441.88,440.59,441.5,121989
1737559800,2025-01-22 10:30,441.5,441.5,440.36,441.12,105038
1737563400,2025-01-22 11:30,441.11,441.58,440.96,441.23,47742
1737567000,2025-01-22 12:30,441.26,441.76,441.08,441.58,28429
1737570600,2025-01-22 13:30,441.6,441.83,441.06,441.29,38336
1737574200,2025-01-22 14:30,441.29,442,441.18,441.57,55669
1737577800,2025-01-22 15:30,441.59,441.8,441.1,441.36,107171
1737642600,2025-01-23 09:30,441.59,442.78,441.55,442.15,103228
1737646200,2025-01-23 10:30,442.14,444,442.14,443.86,89107
1737649800,2025-01-23 11:30,443.87,444.27,443.71,444.19,55100
1737653400,2025-01-23 12:30,444.18,445.24,444.1,445.02,34916
1737657000,2025-01-23 13:30,445.03,445.06,444.55,444.83,22984
1737660600,2025-01-23 14:30,444.81,445.05,444.74,444.82,32249
1737664200,2025-01-23 15:30,444.76,445.45,444.42,445.42,97425
1737729000,2025-01-24 09:30,444.78,445.29,443.95,444.69,115639
1737732600,2025-01-24 10:30,444.65,445.17,444.32,445.03,51803
1737736200,2025-01-24 11:30,445.19,445.47,444.69,445.04,33133
1737739800,2025-01-24 12:30,445.03,445.25,444.4,444.63,34957
1737743400,2025-01-24 13:30,444.66,444.85,443.8,443.94,42637
1737747000,2025-01-24 14:30,444,444.26,443.57,443.64,29814
1737750600,2025-01-24 15:30,443.65,444.24,443.34,444.11,95586
1737988200,2025-01-27 09:30,440.64,444.17,440.58,444,473478
1737991800,2025-01-27 10:30,443.87,444.31,443.34,443.52,165344
1737995400,2025-01-27 11:30,443.57,445.66,443.45,445.5,61579
1737999000,2025-01-27 12:30,445.39,445.75,444.56,444.91,75771
1738002600,2025-01-27 13:30,444.92,447.25,444.84,447.12,40762
1738006200,2025-01-27 14:30,447.1,447.15,445.5,446.13,80418
1738009800,2025-01-27 15:30,446.28,447.31,445.91,447.12,87977
1738074600,2025-01-28 09:30,447.21,448.82,446.18,448.62,81052
1738078200,2025-01-28 10:30,448.59,449.72,447.53,447.67,82041
1738081800,2025-01-28 11:30,447.78,448.62,447.16,448.24,45181
1738085400,2025-01-28 12:30,448.25,449.05,448.03,448.75,14776
1738089000,2025-01-28 13:30,448.81,449.03,447.74,448.2,19417
1738092600,2025-01-28 14:30,448.24,448.79,448.2,448.45,71684
1738096200,2025-01-28 15:30,448.38,448.95,448.35,448.46,39174
1738161000,2025-01-29 09:30,448.2,449.44,448.18,449.06,71018
1738164600,2025-01-29 10:30,449.08,449.62,448.4,448.55,31281
1738168200,2025-01-29 11:30,448.53,448.89,448.12,448.5,46422
1738171800,2025-01-29 12:30,448.55,448.62,446.73,447.97,50979
1738175400,2025-01-29 13:30,448.1,448.16,445.8,446.09,68507
1738179000,2025-01-29 14:30,445.81,448.45,445.77,448.34,160977
1738182600,2025-01-29 15:30,448.27,448.3,446.96,447.16,73016
1738247400,2025-01-30 09:30,446.51,448.76,446.49,447.49,198919
1738251000,2025-01-30 10:30,447.48,448.73,447.16,447.94,44510
1738254600,2025-01-30 11:30,447.84,448.97,447.65,447.83,16142
1738258200,2025-01-30 12:30,447.92,449.27,447.86,449.22,23940
1738261800,2025-01-30 13:30,449.3,449.99,449.3,449.5,23758
1738265400,2025-01-30 14:30,449.55,450.11,449.26,449.74,39247
1738269000,2025-01-30 15:30,449.68,449.76,446.36,448.78,151341
1738333800,2025-01-31 09:30,450.03,450.36,448.72,449.35,148411
1738337400,2025-01-31 10:30,449.32,449.56,448.57,448.76,58239
1738341000,2025-01-31 11:30,448.74,449.44,448.25,449.35,63470
1738344600,2025-01-31 12:30,449.38,449.55,447.19,447.34,47776
1738348200,2025-01-31 13:30,447.1,447.35,445.26,446.56,116475
1738351800,2025-01-31 14:30,446.66,446.96,445.1,445.35,73327
1738355400,2025-01-31 15:30,445.34,446.28,445.065,445.34,198112
1738593000,2025-02-03 09:30,439.71,443.355,438.75,443.33,292887
1738596600,2025-02-03 10:30,443.32,445.22,442.74,444.38,229535
1738600200,2025-02-03 11:30,444.5,445.18,443.7,444.35,51038
1738603800,2025-02-03 12:30,444.26,444.79,443.21,444.53,113030
1738607400,2025-02-03 13:30,444.62,445.66,444.2,445.35,64862
1738611000,2025-02-03 14:30,445.42,445.89,444.58,444.58,32012
1738614600,2025-02-03 15:30,444.55,445.4,444.1,444.24,78829
1738679400,2025-02-04 09:30,444.23,444.66,443.29,444.2,152784
1738683000,2025-02-04 10:30,444.17,445.36,444,445.32,33213
1738686600,2025-02-04 11:30,445.32,445.41,444.23,444.23,31772
1738690200,2025-02-04 12:30,444.3,445.22,443.99,444.94,30575
1738693800,2025-02-04 13:30,445.01,445.92,444.59,445.63,21046
1738697400,2025-02-04 14:30,445.64,446.02,445.08,445.22,52218
1738701000,2025-02-04 15:30,445.14,445.77,445.14,445.49,68804
1738765800,2025-02-05 09:30,445.72,446.15,443.42,445.59,101154
1738769400,2025-02-05 10:30,445.57,446.19,445.04,446.17,74397
1738773000,2025-02-05 11:30,446.13,447.09,446.03,446.66,70891
1738776600,2025-02-05 12:30,446.63,447.23,446.63,447.08,27616
1738780200,2025-02-05 13:30,447.09,448.32,447.07,448.22,46913
1738783800,2025-02-05 14:30,448.2,448.8,447.84,448.49,37373
1738787400,2025-02-05 15:30,448.52,448.78,448.34,448.66,45014
1738852200,2025-02-06 09:30,449.31,449.73,447.88,447.93,66261
1738855800,2025-02-06 10:30,447.94,448.16,447.29,447.78,44524
1738859400,2025-02-06 11:30,447.63,447.8,446.8,447.4,26238
1738863000,2025-02-06 12:30,447.33,447.82,446.98,447.14,38418
1738866600,2025-02-06 13:30,447.18,447.25,446.36,446.5,25763
1738870200,2025-02-06 14:30,446.47,447.02,445.38,446.81,43731
1738873800,2025-02-06 15:30,446.93,447.53,446.58,447.39,91907
1738938600,2025-02-07 09:30,447.79,448.45,445.92,446.47,138214
1738942200,2025-02-07 10:30,446.3,446.95,443.97,444.46,129801
1738945800,2025-02-07 11:30,444.56,445.22,443.68,444.39,107326
1738949400,2025-02-07 12:30,444.24,445.06,444.11,444.54,27307
1738953000,2025-02-07 13:30,444.5,444.84,443,443.24,36906
1738956600,2025-02-07 14:30,443.12,443.65,442.76,442.93,78225
1738960200,2025-02-07 15:30,442.9,443.49,442.89,443.11,71339
1739197800,2025-02-10 09:30,445.82,446.24,443.65,444.55,85536
1739201400,2025-02-10 10:30,444.54,444.87,443.4,443.71,62919
1739205000,2025-02-10 11:30,443.83,444.12,443.09,443.69,33826
1739208600,2025-02-10 12:30,443.58,444.67,443.57,444.32,29595
1739212200,2025-02-10 13:30,444.31,445.06,444.15,444.76,40095
1739215800,2025-02-10 14:30,444.9,444.99,444.4,444.44,43119
1739219400,2025-02-10 15:30,444.46,445,444.34,444.76,57144
1739284200,2025-02-11 09:30,443.34,444.21,443.25,444.17,66527
1739287800,2025-02-11 10:30,444.21,445.45,444.04,445.14,26634
1739291400,2025-02-11 11:30,445.04,445.63,444.79,445.21,69678
1739295000,2025-02-11 12:30,445.25,445.38,444.6,444.97,16138
1739298600,2025-02-11 13:30,444.975,445.69,444.97,445.38,28601
1739302200,2025-02-11 14:30,445.43,446.49,445.43,446.21,21802
1739305800,2025-02-11 15:30,446.21,446.54,445.76,446.12,54075
1739370600,2025-02-12 09:30,442.34,442.85,441.08,442.5,140328
1739374200,2025-02-12 10:30,442.54,443.86,441.47,441.76,66316
1739377800,2025-02-12 11:30,441.73,444.57,441.71,444.4,112458
1739381400,2025-02-12 12:30,444.4,444.8,443.83,444.01,52626
1739385000,2025-02-12 13:30,444,444.31,443.48,443.85,32567
1739388600,2025-02-12 14:30,443.75,444.36,443.32,443.32,37801
1739392200,2025-02-12 15:30,443.34,443.86,443.12,443.69,71544
1739457000,2025-02-13 09:30,445.12,445.22,443.7,444.75,68390
1739460600,2025-02-13 10:30,444.71,445.45,444.45,444.9,43956
1739464200,2025-02-13 11:30,444.9,445.31,444.49,445.29,49296
1739467800,2025-02-13 12:30,445.29,445.33,444.17,445.13,67966
1739471400,2025-02-13 13:30,445.1,447.355,444.56,447.26,178104
1739475000,2025-02-13 14:30,447.25,447.85,447.065,447.77,62499
1739478600,2025-02-13 15:30,447.75,447.75,447.02,447.24,202112
1739543400,2025-02-14 09:30,447.1,448.03,446.65,446.68,92166
1739547000,2025-02-14 10:30,446.68,447.47,446.2,446.5,75091
1739550600,2025-02-14 11:30,446.48,446.91,446.2,446.25,30741
1739554200,2025-02-14 12:30,446.27,446.56,446,446.42,27471
1739557800,2025-02-14 13:30,446.48,446.91,446.3,446.33,22808
1739561400,2025-02-14 14:30,446.34,446.48,445.59,445.62,20431
1739565000,2025-02-14 15:30,445.62,445.99,445.36,445.78,100198
1739889000,2025-02-18 09:30,445.28,445.61,444.23,445.09,117697
1739892600,2025-02-18 10:30,445.11,445.98,444.74,445.05,45572
1739896200,2025-02-18 11:30,444.98,445.43,444.93,445.27,15658
1739899800,2025-02-18 12:30,445.28,445.55,444.77,445.18,17638
1739903400,2025-02-18 13:30,445.17,445.18,443.63,444.03,43956
1739907000,2025-02-18 14:30,444.04,444.95,443.96,444.92,25899
1739910600,2025-02-18 15:30,444.91,446,444.87,445.93,88342
1739975400,2025-02-19 09:30,444.73,444.91,444,444.56,81443
1739979000,2025-02-19 10:30,444.47,444.98,443.89,444.73,54027
1739982600,2025-02-19 11:30,444.72,445.17,444.29,444.29,30927
1739986200,2025-02-19 12:30,444.34,444.59,443.55,444.52,37911
1739989800,2025-02-19 13:30,444.67,446.28,444.54,446.06,53574
1739993400,2025-02-19 14:30,446.09,446.28,445.64,446,31462
1739997000,2025-02-19 15:30,446.05,446.79,446.03,446.65,90275
1740061800,2025-02-20 09:30,445.28,445.56,442.23,442.34,161200
1740065400,2025-02-20 10:30,442.41,442.76,440.78,441.03,78294
1740069000,2025-02-20 11:30,440.98,441.21,440.06,441.05,67151
1740072600,2025-02-20 12:30,441.05,441.34,439.97,440.16,77004
1740076200,2025-02-20 13:30,440.13,441.47,440.08,441.15,45474
1740079800,2025-02-20 14:30,441.17,441.98,440.84,441.9,38754
1740083400,2025-02-20 15:30,441.89,442.43,441.58,442.34,137820
1740148200,2025-02-21 09:30,439.1,439.39,437.36,437.83,146172
1740151800,2025-02-21 10:30,437.76,438.33,437.45,437.87,51827
1740155400,2025-02-21 11:30,437.825,438.3,436.99,437.08,37326
1740159000,2025-02-21 12:30,437.15,437.15,434.72,434.72,83278
1740162600,2025-02-21 13:30,434.71,435.31,433.39,433.58,84288
1740166200,2025-02-21 14:30,433.6,434.49,433.47,434.41,50642
1740169800,2025-02-21 15:30,434.47,434.58,433.8,434.15,109871
1740407400,2025-02-24 09:30,435.85,436.4,433.36,434.58,295193
1740411000,2025-02-24 10:30,434.65,435.915,433.75,435.65,258161
1740414600,2025-02-24 11:30,435.72,436.42,435.25,436.06,107228
1740418200,2025-02-24 12:30,435.95,436.77,435.91,436.48,70090
1740421800,2025-02-24 13:30,436.39,436.9,435.97,436.14,81497
1740425400,2025-02-24 14:30,436.09,436.53,435.43,435.43,143370
1740429000,2025-02-24 15:30,435.46,435.85,434.19,434.56,129983
1740493800,2025-02-25 09:30,435.54,437.25,432.9,432.99,159873
1740497400,2025-02-25 10:30,433.08,435.3,432.71,434.11,149093
1740501000,2025-02-25 11:30,433.99,434.99,432.94,434.71,131817
1740504600,2025-02-25 12:30,434.65,436.9,434.64,435.04,114298
1740508200,2025-02-25 13:30,434.93,436.51,434.65,434.71,42357
1740511800,2025-02-25 14:30,434.94,437.5,434.9,436.95,91282
1740515400,2025-02-25 15:30,436.97,436.99,435.44,436.14,94981
1740580200,2025-02-26 09:30,436.44,438.4,435.46,438,132543
1740583800,2025-02-26 10:30,437.98,438.51,437.48,437.48,50333
1740587400,2025-02-26 11:30,437.45,437.8,436.43,436.96,51872
1740591000,2025-02-26 12:30,437.08,437.2,433.59,433.7,73752
1740594600,2025-02-26 13:30,433.7,434.47,432.99,434.12,69710
1740598200,2025-02-26 14:30,434.02,434.85,433.57,434,46690
1740601800,2025-02-26 15:30,433.92,435.16,433.77,434.34,139191
1740666600,2025-02-27 09:30,434.44,438.66,434.39,438.03,198211
1740670200,2025-02-27 10:30,437.93,438.73,437.09,437.49,199771
1740673800,2025-02-27 11:30,437.45,438.06,435.38,436.92,61670
1740677400,2025-02-27 12:30,437.18,437.5,436,437.06,78216
1740681000,2025-02-27 13:30,436.89,437.38,435,435,32155
1740684600,2025-02-27 14:30,434.95,434.95,432.41,432.44,100742
1740688200,2025-02-27 15:30,432.59,433.36,432.1,432.36,147790
1740753000,2025-02-28 09:30,432.96,435.27,432.55,435,186533
1740756600,2025-02-28 10:30,434.99,435.5,433.63,433.65,93733
1740760200,2025-02-28 11:30,433.62,435.16,433.58,434.17,90556
1740763800,2025-02-28 12:30,434.24,434.24,431.03,432.27,108595
1740767400,2025-02-28 13:30,432.17,433.65,431.86,433.19,80157
1740771000,2025-02-28 14:30,433.27,435.73,433.2,435.71,101572
1740774600,2025-02-28 15:30,435.6,438.83,434.75,438.36,139830
1741012200,2025-03-03 09:30,439.54,440.7,437.8,439.14,160469
1741015800,2025-03-03 10:30,439.13,439.87,437.54,437.54,89013
1741019400,2025-03-03 11:30,437.57,438.45,436.5,438.21,49061
1741023000,2025-03-03 12:30,438.23,438.43,434.53,434.77,79388
1741026600,2025-03-03 13:30,434.64,435.78,434.17,434.83,123825
1741030200,2025-03-03 14:30,434.75,435.97,430.1,430.32,162585
1741033800,2025-03-03 15:30,430.32,432.2,429.46,432.16,204152
1741098600,2025-03-04 09:30,429.64,429.79,424.58,425.97,206111
1741102200,2025-03-04 10:30,425.93,426.53,423.84,424.37,131133
1741105800,2025-03-04 11:30,424.43,426.69,424.23,426.339,74644
1741109400,2025-03-04 12:30,426.28,427.79,425.17,426.49,48218
1741113000,2025-03-04 13:30,426.4,429.76,426.1,428.69,65834
1741116600,2025-03-04 14:30,428.72,431.11,428.34,430.09,58931
1741120200,2025-03-04 15:30,430.08,430.16,424.45,425.59,172146
1741185000,2025-03-05 09:30,425.21,428.14,425.05,426.07,237008
1741188600,2025-03-05 10:30,426.01,427.59,424.62,425.24,113195
1741192200,2025-03-05 11:30,425.075,427.65,424.48,427.59,109942
1741195800,2025-03-05 12:30,427.77,429.09,426.99,427.68,66731
1741199400,2025-03-05 13:30,427.53,431.31,426.98,430.44,90759
1741203000,2025-03-05 14:30,430.58,431.6,429.96,431.17,62855
1741206600,2025-03-05 15:30,431.05,431.09,428.94,430.31,105731
1741271400,2025-03-06 09:30,426.17,428.06,424.26,428.06,176090
1741275000,2025-03-06 10:30,427.99,429.94,427.79,429.11,113566
1741278600,2025-03-06 11:30,429.08,430.1,425,425.23,98536
1741282200,2025-03-06 12:30,425.37,426.45,424.24,425.41,46002
1741285800,2025-03-06 13:30,425.39,425.8,424.09,424.22,42031
1741289400,2025-03-06 14:30,424.43,427.16,424.18,426.05,104220
1741293000,2025-03-06 15:30,426.06,426.83,425.06,426,73387
1741357800,2025-03-07 09:30,424.1,427.65,424.08,426.17,193664
1741361400,2025-03-07 10:30,426.13,426.68,422.73,422.97,128960
1741365000,2025-03-07 11:30,422.98,423.83,421.98,423.47,150569
1741368600,2025-03-07 12:30,423.44,427.61,423.12,426.33,191696
1741372200,2025-03-07 13:30,426.25,429.29,426.17,428.69,106154
1741375800,2025-03-07 14:30,428.75,428.99,427.49,428.36,92495
1741379400,2025-03-07 15:30,428.32,429.24,426.52,428.23,93324
1741613400,2025-03-10 09:30,423.36,426,423.21,425.05,207599
1741617000,2025-03-10 10:30,424.99,425.43,423.77,424.751,84280
1741620600,2025-03-10 11:30,424.87,425.5,422.5,423.37,63661
1741624200,2025-03-10 12:30,423.43,424.15,421.56,421.67,57826
1741627800,2025-03-10 13:30,421.55,421.63,419.33,419.55,66912
1741631400,2025-03-10 14:30,419.58,420.18,416.64,419.18,129357
1741635000,2025-03-10 15:30,419.19,420.98,418.93,419.65,176227
1741699800,2025-03-11 09:30,418.49,419.02,414.67,414.88,288580
1741703400,2025-03-11 10:30,415.05,416.08,413.33,414.92,136002
1741707000,2025-03-11 11:30,415.01,416.86,413.62,414.47,58421
1741710600,2025-03-11 12:30,414.6,414.77,412.285,412.49,70551
1741714200,2025-03-11 13:30,412.31,416.4,412.29,415.77,129243
1741717800,2025-03-11 14:30,415.84,418.5,415.16,416.61,142552
1741721400,2025-03-11 15:30,416.65,417.25,414.6,414.69,83602
1741786200,2025-03-12 09:30,416.96,417.55,412.87,413.54,190638
1741789800,2025-03-12 10:30,413.51,413.53,410.58,412.52,95212
1741793400,2025-03-12 11:30,412.53,414.77,412.23,414.43,65601
1741797000,2025-03-12 12:30,414.57,415.61,413.62,415.61,52514
1741800600,2025-03-12 13:30,415.64,415.91,413.8,415,32285
1741804200,2025-03-12 14:30,415.01,416.17,414.14,414.73,31850
1741807800,2025-03-12 15:30,414.8,415.18,413.9,413.9,80763
1741872600,2025-03-13 09:30,413.35,414.19,411.79,413.23,121631
1741876200,2025-03-13 10:30,413.21,413.83,410.77,410.95,61580
1741879800,2025-03-13 11:30,410.92,411.22,409.23,409.38,90142
1741883400,2025-03-13 12:30,409.23,410.63,408.25,408.52,71570
1741887000,2025-03-13 13:30,408.5,409.53,407.27,409.25,45928
1741890600,2025-03-13 14:30,409.22,410.55,408.39,408.84,32195
1741894200,2025-03-13 15:30,408.84,409.19,408.22,408.82,69148
1741959000,2025-03-14 09:30,410.83,413.21,409.89,411.48,187262
1741962600,2025-03-14 10:30,411.66,414.7,411.65,414.28,67100
1741966200,2025-03-14 11:30,414.4,415.14,413.51,413.67,47193
1741969800,2025-03-14 12:30,413.69,415.56,413.64,414.79,49438
1741973400,2025-03-14 13:30,414.74,415.08,413.95,414.07,25065
1741977000,2025-03-14 14:30,414.2,415.4,414.2,414.92,39414
1741980600,2025-03-14 15:30,414.92,415.91,414.55,415.34,63409
1742218200,2025-03-17 09:30,414.96,418.27,414.86,417.27,92280
1742221800,2025-03-17 10:30,417.1,418.1,416.85,417.65,48117
1742225400,2025-03-17 11:30,417.66,418.28,416.72,417.52,40128
1742229000,2025-03-17 12:30,417.47,418.73,417.23,418.73,19971
1742232600,2025-03-17 13:30,418.73,420.36,418.65,420.18,61074
1742236200,2025-03-17 14:30,420.12,420.79,420,420.55,35634
1742239800,2025-03-17 15:30,420.51,420.63,419.04,419.2,49669
1742304600,2025-03-18 09:30,418.42,418.65,416.51,417.38,78599
1742308200,2025-03-18 10:30,417.35,417.66,415.6,415.76,31701
1742311800,2025-03-18 11:30,415.69,416.37,415.22,416.37,25977
1742315400,2025-03-18 12:30,416.38,416.43,414.8,415.9,42190
1742319000,2025-03-18 13:30,415.82,416.91,415.78,416.29,12902
1742322600,2025-03-18 14:30,416.31,417.17,416.19,416.82,62768
1742326200,2025-03-18 15:30,416.94,417,416.08,416.49,32243
1742391000,2025-03-19 09:30,417.61,419.08,417,418.83,65298
1742394600,2025-03-19 10:30,418.92,419.17,418.4,418.85,9979
1742398200,2025-03-19 11:30,418.89,420.14,418.73,419.4,9514
1742401800,2025-03-19 12:30,419.42,419.42,417.78,417.97,7838
1742405400,2025-03-19 13:30,417.75,419.09,416.96,418.34,49712
1742409000,2025-03-19 14:30,418.74,422.48,418.74,420.56,56309
1742412600,2025-03-19 15:30,420.53,421.69,420.11,420.43,77706
1742477400,2025-03-20 09:30,417.91,422.66,417.66,422.4,53422
1742481000,2025-03-20 10:30,422.35,423.15,422,422.11,21114
1742484600,2025-03-20 11:30,422.14,422.72,420.78,420.93,69997
1742488200,2025-03-20 12:30,421.1,421.36,419.56,419.69,35195
1742491800,2025-03-20 13:30,419.63,420.67,419.41,419.41,21139
1742495400,2025-03-20 14:30,419.26,420.77,419.08,419.72,42630
1742499000,2025-03-20 15:30,419.65,420.75,419.65,420.19,54167
1742563800,2025-03-21 09:30,416.05,416.19,414.19,415.6,116374
1742567400,2025-03-21 10:30,415.5,417.57,415.24,416.8,28650
1742571000,2025-03-21 11:30,416.71,418.79,415.95,418.71,47538
1742574600,2025-03-21 12:30,418.61,419.5,418.27,418.65,12025
1742578200,2025-03-21 13:30,418.56,419.92,418.23,418.49,14723
1742581800,2025-03-21 14:30,418.53,419.15,418.17,418.3,12652
1742585400,2025-03-21 15:30,418.31,420.01,418.18,419.62,60803
1742823000,2025-03-24 09:30,423.36,425.23,422.79,425,149738
1742826600,2025-03-24 10:30,424.92,425.45,424.65,425.35,116291
1742830200,2025-03-24 11:30,425.25,425.73,424.78,424.92,28533
1742833800,2025-03-24 12:30,424.72,425.08,423.9,424.4,23827
1742837400,2025-03-24 13:30,424.41,424.66,423.69,423.8,20202
1742841000,2025-03-24 14:30,423.73,425.58,423.69,425.4,68447
1742844600,2025-03-24 15:30,425.43,426.25,425.39,425.48,86868
1742909400,2025-03-25 09:30,426.32,426.84,424.89,426.03,160708
1742913000,2025-03-25 10:30,426.09,426.7,426.02,426.46,33619
1742916600,2025-03-25 11:30,426.43,426.44,425.21,425.31,17674
1742920200,2025-03-25 12:30,425.34,425.91,425.07,425.23,33263
1742923800,2025-03-25 13:30,425.36,425.61,424.62,425,35096
1742927400,2025-03-25 14:30,425.21,425.27,424.62,424.85,45921
1742931000,2025-03-25 15:30,424.95,426,424.36,425.78,95258
1742995800,2025-03-26 09:30,426.39,428.13,426.31,427.11,111579
1742999400,2025-03-26 10:30,427.28,427.86,425.91,425.98,35627
1743003000,2025-03-26 11:30,426.23,426.54,424.87,425.61,54395
1743006600,2025-03-26 12:30,425.67,425.83,423.99,424.07,51921
1743010200,2025-03-26 13:30,423.98,424.69,423.53,424.55,55302
1743013800,2025-03-26 14:30,424.47,424.66,423.15,423.56,42860
1743017400,2025-03-26 15:30,423.59,424.81,423.48,424.29,112181
1743082200,2025-03-27 09:30,423.68,424.7,421.42,424.68,138400
1743085800,2025-03-27 10:30,424.65,425.03,423.99,423.99,43263
1743089400,2025-03-27 11:30,423.9,424.13,422.89,423.79,8897
1743093000,2025-03-27 12:30,423.64,424.01,422,422.5,20155
1743096600,2025-03-27 13:30,422.61,423.66,422,423.07,30064
1743100200,2025-03-27 14:30,423.09,424.49,422.66,424.37,17485
1743103800,2025-03-27 15:30,424.29,424.29,422.69,422.89,92316
1743168600,2025-03-28 09:30,421.98,422.38,418.2,418.33,141672
1743172200,2025-03-28 10:30,418.46,418.65,416.88,417.72,136151
1743175800,2025-03-28 11:30,417.7,418.35,416.4,416.42,32810
1743179400,2025-03-28 12:30,416.48,416.93,415.22,415.32,62015
1743183000,2025-03-28 13:30,415.3,416.209,415.2,415.71,35203
1743186600,2025-03-28 14:30,415.61,416.24,415.27,415.6,35825
1743190200,2025-03-28 15:30,415.56,416.21,415.24,415.63,110134
1743427800,2025-03-31 09:30,412.2,414.87,411.42,414.04,123019
1743431400,2025-03-31 10:30,414.02,416.77,414.02,416.17,41444
1743435000,2025-03-31 11:30,416.17,417.12,415.62,417.08,22780
1743438600,2025-03-31 12:30,417.14,417.49,415.88,416.17,60737
1743442200,2025-03-31 13:30,416.41,418.85,415.94,418.57,51683
1743445800,2025-03-31 14:30,418.56,420.39,418.17,419.36,101615
1743449400,2025-03-31 15:30,419.2,421.34,419.15,419.91,141031
1743514200,2025-04-01 09:30,418.47,418.47,415,415.97,140943
1743517800,2025-04-01 10:30,415.86,421.03,415.8,420.43,120877
1743521400,2025-04-01 11:30,420.28,421.26,419.93,420.03,52891
1743525000,2025-04-01 12:30,419.83,420.32,418.75,418.8,28808
1743528600,2025-04-01 13:30,418.72,419.31,417.09,417.21,33876
1743532200,2025-04-01 14:30,417.24,418.72,416.71,418.4,67999
1743535800,2025-04-01 15:30,418.34,420.03,418.23,419.63,82131
1743600600,2025-04-02 09:30,416.38,419.91,416.19,419.91,70529
1743604200,2025-04-02 10:30,419.94,421.6,419.64,421.4,53033
1743607800,2025-04-02 11:30,421.39,421.61,419.75,421.33,31581
1743611400,2025-04-02 12:30,421.35,423.6,420.84,422.86,47906
1743615000,2025-04-02 13:30,422.79,422.83,419.49,419.49,56833
1743618600,2025-04-02 14:30,419.43,421.37,419.43,421.2,34250
1743622200,2025-04-02 15:30,420.95,422.79,420.88,421.99,63129
1743687000,2025-04-03 09:30,410.7,411.61,406.14,407.2,412322
1743690600,2025-04-03 10:30,407.2,408.39,406.13,407.78,165218
1743694200,2025-04-03 11:30,407.73,411,407.57,411,106424
1743697800,2025-04-03 12:30,411.035,411.24,408.5,408.61,55007
1743701400,2025-04-03 13:30,408.6,409.86,407.45,407.84,48408
1743705000,2025-04-03 14:30,407.86,408.62,405.94,406.495,155983
1743708600,2025-04-03 15:30,406.29,406.68,405,405.36,216160
1743773400,2025-04-04 09:30,394.93,396.66,391.82,391.85,408234
1743777000,2025-04-04 10:30,391.8,396.33,388.25,391.59,409086
1743780600,2025-04-04 11:30,391.55,392.79,389,389.34,164427
1743784200,2025-04-04 12:30,389.51,390.73,386.06,387.91,146477
1743787800,2025-04-04 13:30,387.55,390.96,385.87,385.95,115403
1743791400,2025-04-04 14:30,385.98,387.93,383.6,386.88,161534
1743795000,2025-04-04 15:30,386.77,388.98,382.67,383.19,252332
1744032600,2025-04-07 09:30,371.38,392.21,366.33,375.67,1050601
1744036200,2025-04-07 10:30,375.76,383.01,371.73,372.27,495045
1744039800,2025-04-07 11:30,372.23,379.51,372.23,376.56,157876
1744043400,2025-04-07 12:30,376.39,380.41,373.01,380.34,230689
1744047000,2025-04-07 13:30,380.46,383.57,378.12,379.98,232150
1744050600,2025-04-07 14:30,380.15,381.9,376.81,377,197796
1744054200,2025-04-07 15:30,377.25,380.96,377.11,379.62,106757
1744119000,2025-04-08 09:30,393.5,394.36,389.9,393.5,401160
1744122600,2025-04-08 10:30,393.59,394.13,386.8,387.14,164408
1744126200,2025-04-08 11:30,387.04,390.18,386.25,387.64,122482
1744129800,2025-04-08 12:30,387.77,388.06,379.98,380.12,159966
1744133400,2025-04-08 13:30,380.05,384.36,379.5,379.68,107885
1744137000,2025-04-08 14:30,379.67,383.47,375.21,377.11,139902
1744140600,2025-04-08 15:30,377.1,377.11,371.06,376.5,210639
1744205400,2025-04-09 09:30,372.04,380.24,372.04,377.13,308887
1744209000,2025-04-09 10:30,377.25,378.88,373.13,377.24,174259
1744212600,2025-04-09 11:30,377.44,378.79,374.72,377.82,108746
1744216200,2025-04-09 12:30,377.9,401.64,376.42,395.06,518197
1744219800,2025-04-09 13:30,395.57,404.39,394.63,403.65,594940
1744223400,2025-04-09 14:30,403.36,405.08,397.731,404.18,242012
1744227000,2025-04-09 15:30,404.1,407.76,403,405.65,300288
1744291800,2025-04-10 09:30,399.6,400.14,395.6,396.37,230769
1744295400,2025-04-10 10:30,396.49,398.84,393.99,393.99,98080
1744299000,2025-04-10 11:30,394.08,394.31,384.32,385.75,187072
1744302600,2025-04-10 12:30,385.62,394.28,385.56,390.96,328945
1744306200,2025-04-10 13:30,390.719,397.72,390.34,397.6,260677
1744309800,2025-04-10 14:30,397.63,398.42,393.85,393.87,206088
1744313400,2025-04-10 15:30,393.7,396.7,391.05,395.95,222367
1744378200,2025-04-11 09:30,394.41,398.31,392.74,393.04,320904
1744381800,2025-04-11 10:30,393.07,397.38,392.6,393.98,152597
1744385400,2025-04-11 11:30,393.85,398.1,393.62,397.46,77818
1744389000,2025-04-11 12:30,397.66,401.24,397.49,399.1,69151
1744392600,2025-04-11 13:30,399.31,404.1,398.66,401.79,94645
1744396200,2025-04-11 14:30,401.66,403.26,400.77,402.68,37297
1744399800,2025-04-11 15:30,402.65,403.21,401.84,401.94,78796
1744637400,2025-04-14 09:30,407.57,407.76,404.66,406.28,246532
1744641000,2025-04-14 10:30,406.4,407.87,404.43,404.44,64800
1744644600,2025-04-14 11:30,404.505,405.5,401.68,402.97,73793
1744648200,2025-04-14 12:30,403.01,405.32,402.72,404.18,93059
1744651800,2025-04-14 13:30,404.34,406.35,403.85,406.25,17850
1744655400,2025-04-14 14:30,406.13,407.64,406.13,406.85,23234
1744659000,2025-04-14 15:30,406.98,407.42,405.04,405.53,51315
1744723800,2025-04-15 09:30,405.8,408,404.77,405.71,142993
1744727400,2025-04-15 10:30,405.83,407,405.03,405.96,75628
1744731000,2025-04-15 11:30,406.16,406.84,405.44,406.48,54123
1744734600,2025-04-15 12:30,406.41,406.66,404.38,404.47,13664
1744738200,2025-04-15 13:30,404.59,405.39,403.72,404.06,37134
1744741800,2025-04-15 14:30,404.1,405.11,403.91,404.36,59226
1744745400,2025-04-15 15:30,404.38,404.61,403.53,403.73,69935
1744810200,2025-04-16 09:30,402.26,402.92,400.28,401.71,131319
1744813800,2025-04-16 10:30,401.75,404.27,401.45,404.04,72903
1744817400,2025-04-16 11:30,404.12,404.12,401.38,401.67,36518
1744821000,2025-04-16 12:30,401.81,402.01,400.79,401.52,36932
1744824600,2025-04-16 13:30,401.43,401.43,396.48,398.01,143119
1744828200,2025-04-16 14:30,397.96,397.96,394.04,394.2,75273
1744831800,2025-04-16 15:30,394.52,397.15,394.33,396.75,163026
1744896600,2025-04-17 09:30,391.47,392.85,390.3,390.46,205955
1744900200,2025-04-17 10:30,390.44,392.54,389.49,391.39,123013
1744903800,2025-04-17 11:30,391.43,393.4,391.18,393.19,130122
1744907400,2025-04-17 12:30,393.15,394.17,392.1,392.24,54354
1744911000,2025-04-17 13:30,392.4,394.39,392.16,393.61,26601
1744914600,2025-04-17 14:30,393.62,394.15,391.405,391.94,76305
1744918200,2025-04-17 15:30,391.97,392.77,390.92,391.29,65174
1745242200,2025-04-21 09:30,388.47,388.69,383.8,384.16,127787
1745245800,2025-04-21 10:30,384.05,384.72,381.44,381.6,76860
1745249400,2025-04-21 11:30,381.6,381.73,380.25,380.78,50769
1745253000,2025-04-21 12:30,380.84,381.84,379.42,379.75,43890
1745256600,2025-04-21 13:30,379.95,380.08,378.34,379.42,38476
1745260200,2025-04-21 14:30,379.57,380.14,378.67,379.64,37967
1745263800,2025-04-21 15:30,379.77,382.21,379.69,381.54,102025
1745328600,2025-04-22 09:30,386.13,388.75,385.22,388.62,109103
1745332200,2025-04-22 10:30,388.51,390.26,388.11,389.71,46353
1745335800,2025-04-22 11:30,389.52,392.73,389.24,392.38,131692
1745339400,2025-04-22 12:30,392.31,392.62,388.06,388.35,137339
1745343000,2025-04-22 13:30,388.24,390.67,387.85,390.57,50938
1745346600,2025-04-22 14:30,390.66,391.94,390.24,390.59,49009
1745350200,2025-04-22 15:30,390.44,392.35,390.3,391.81,88612
1745415000,2025-04-23 09:30,399.03,403.7,398.97,402.5,353964
1745418600,2025-04-23 10:30,402.4,403.3,398.23,398.79,142343
1745422200,2025-04-23 11:30,398.84,399.32,395.42,396.86,106421
1745425800,2025-04-23 12:30,396.94,398.84,396.35,398,61961
1745429400,2025-04-23 13:30,398.01,398.37,396.25,396.3,41174
1745433000,2025-04-23 14:30,396.49,397.15,394.98,395.42,41039
1745436600,2025-04-23 15:30,395.38,396.93,394.91,395.85,117583
1745501400,2025-04-24 09:30,395.38,398.22,393.8,398.22,111646
1745505000,2025-04-24 10:30,398.17,399.18,397.76,398.23,60766
1745508600,2025-04-24 11:30,398.12,400.14,397.89,399.77,92342
1745512200,2025-04-24 12:30,399.68,400.75,399.43,399.97,35595
1745515800,2025-04-24 13:30,400.03,400.66,399.62,400.04,31833
1745519400,2025-04-24 14:30,400.06,401.05,399.52,400.08,39741
1745523000,2025-04-24 15:30,400.07,401.68,399.88,400.87,110573
1745587800,2025-04-25 09:30,399.98,400.89,397.19,397.83,108525
1745591400,2025-04-25 10:30,397.74,399.45,397.15,398.59,24727
1745595000,2025-04-25 11:30,398.62,400.23,398.12,400.049,20860
1745598600,2025-04-25 12:30,400.06,401.29,399.54,401.29,29787
1745602200,2025-04-25 13:30,401.22,401.36,398.69,400.66,58512
1745605800,2025-04-25 14:30,400.59,401.36,400.39,400.68,21272
1745609400,2025-04-25 15:30,400.62,401.31,400.19,401.03,44691
1745847000,2025-04-28 09:30,401.88,404.2,401.78,402.83,89615
1745850600,2025-04-28 10:30,402.81,403.1,400.73,400.78,36388
1745854200,2025-04-28 11:30,400.76,401.2,399.5,399.61,27361
1745857800,2025-04-28 12:30,399.71,400.36,398.88,398.89,20489
1745861400,2025-04-28 13:30,398.87,401.07,398.72,400.815,32020
1745865000,2025-04-28 14:30,400.94,402.33,400.59,402.09,13968
1745868600,2025-04-28 15:30,402.07,403.18,401.59,402.23,37369
1745933400,2025-04-29 09:30,402.46,404.61,402.23,402.39,111170
1745937000,2025-04-29 10:30,402.37,405.22,402.36,404.75,47053
1745940600,2025-04-29 11:30,404.74,405.29,403.76,405.11,21221
1745944200,2025-04-29 12:30,404.99,405.21,403.28,404.69,23434
1745947800,2025-04-29 13:30,404.69,406.3,404.675,405.8,46019
1745951400,2025-04-29 14:30,405.75,406.14,405.32,405.9,35799
1745955000,2025-04-29 15:30,405.94,406.22,405.04,405.09,51300
1746019800,2025-04-30 09:30,402.34,402.34,397.43,400.57,126095
1746023400,2025-04-30 10:30,400.57,403,400.11,402.59,50034
1746027000,2025-04-30 11:30,402.54,403.67,402.21,402.42,35271
1746030600,2025-04-30 12:30,402.1,403.58,401.81,403.48,34790
1746034200,2025-04-30 13:30,403.61,405.41,403.33,403.73,76716
1746037800,2025-04-30 14:30,403.73,404.16,402.75,403.06,59487
1746041400,2025-04-30 15:30,403.05,407.73,402.78,406.2,114685
1746106200,2025-05-01 09:30,408.55,410.02,407.57,409.92,76312
1746109800,2025-05-01 10:30,409.87,410.93,409,410.62,55758
1746113400,2025-05-01 11:30,410.67,410.69,407.84,408.29,19471
1746117000,2025-05-01 12:30,408.51,409.47,407.75,409.07,14592
1746120600,2025-05-01 13:30,409.1,409.57,408.23,409.25,14693
1746124200,2025-05-01 14:30,409.29,409.72,408.66,409.45,27014
1746127800,2025-05-01 15:30,409.5,409.8,407.02,407.42,73996
1746192600,2025-05-02 09:30,411.87,412.64,410.33,412.541,127556
1746196200,2025-05-02 10:30,412.44,412.44,410.79,410.9,27204
1746199800,2025-05-02 11:30,410.93,413.85,410.82,413.48,72381
1746203400,2025-05-02 12:30,413.5,413.87,412.69,413.03,40894
1746207000,2025-05-02 13:30,413,413.56,412.79,413.31,29107
1746210600,2025-05-02 14:30,413.29,413.71,412.39,413.54,55057
1746214200,2025-05-02 15:30,413.48,413.73,412.63,412.97,104700
1746451800,2025-05-05 09:30,410.82,412.64,410.46,412.32,125644
1746455400,2025-05-05 10:30,412.6,413.9,412.24,413.36,70549
1746459000,2025-05-05 11:30,413.39,414.4,412.85,414.2,45866
1746462600,2025-05-05 12:30,414.03,414.19,413.4,413.43,23554
1746466200,2025-05-05 13:30,413.4,414.44,413.37,414.19,42986
1746469800,2025-05-05 14:30,414.17,414.37,412.85,412.95,78406
1746473400,2025-05-05 15:30,412.94,413.41,412.04,412.32,85267
1746538200,2025-05-06 09:30,408.425,410.67,407.55,410.45,116432
1746541800,2025-05-06 10:30,410.46,410.89,410.18,410.56,33204
1746545400,2025-05-06 11:30,410.75,411.72,409.69,410.13,56224
1746549000,2025-05-06 12:30,409.96,410.29,408.75,409.15,14782
1746552600,2025-05-06 13:30,409.26,409.26,407.89,409.19,26697
1746556200,2025-05-06 14:30,409.24,409.51,408.76,409.22,12142
1746559800,2025-05-06 15:30,409.25,409.57,408.14,408.22,61095
1746624600,2025-05-07 09:30,409.86,410.8,409.54,410.66,69816
1746628200,2025-05-07 10:30,410.62,410.77,409.38,410.35,29578
1746631800,2025-05-07 11:30,410.27,411.29,410.06,410.6,48172
1746635400,2025-05-07 12:30,410.49,412.33,410.49,412,29887
1746639000,2025-05-07 13:30,411.98,411.98,408.15,409.48,79988
1746642600,2025-05-07 14:30,409.51,411.93,409.32,409.569,53954
1746646200,2025-05-07 15:30,409.51,412.68,409.35,410.98,118123
1746711000,2025-05-08 09:30,413.18,413.8,411.7,413.34,64940
1746714600,2025-05-08 10:30,413.36,415.55,411.58,414.93,92722
1746718200,2025-05-08 11:30,414.96,417.27,414.5,416.68,63071
1746721800,2025-05-08 12:30,416.78,417.76,416.7,416.86,29360
1746725400,2025-05-08 13:30,416.91,416.99,415.48,416.03,28517
1746729000,2025-05-08 14:30,416.19,416.87,415.69,416.63,37364
1746732600,2025-05-08 15:30,416.62,416.65,413.61,413.87,44646
1746797400,2025-05-09 09:30,414.44,415.17,412.9,413.26,53915
1746801000,2025-05-09 10:30,413.21,413.33,412.28,412.94,48441
1746804600,2025-05-09 11:30,412.74,413.54,412.24,412.24,31596
1746808200,2025-05-09 12:30,412.16,412.59,411.54,412.42,42107
1746811800,2025-05-09 13:30,412.54,413.23,412.05,412.54,19798
1746815400,2025-05-09 14:30,412.56,413.6,412.56,413.01,31817
1746819000,2025-05-09 15:30,412.9,413.02,412.32,412.43,43182
1747056600,2025-05-12 09:30,422.94,423.61,421.74,421.94,107146
1747060200,2025-05-12 10:30,421.89,423.25,421.19,422.03,32386
1747063800,2025-05-12 11:30,422.06,422.37,421.08,421.77,25164
1747067400,2025-05-12 12:30,421.86,423.83,421.79,423.18,41069
1747071000,2025-05-12 13:30,423.26,423.88,422.98,423.81,48314
1747074600,2025-05-12 14:30,423.77,424.165,423.4,423.52,22690
1747078200,2025-05-12 15:30,423.51,424.3,422.96,424.21,130800
1747143000,2025-05-13 09:30,422.67,423.95,422.1,422.97,214195
1747146600,2025-05-13 10:30,423.02,423.19,422.3,422.81,63008
1747150200,2025-05-13 11:30,422.74,423.47,422.1,422.31,74859
1747153800,2025-05-13 12:30,422.32,422.97,422,422.94,45869
1747157400,2025-05-13 13:30,422.95,423.43,422.315,422.315,50578
1747161000,2025-05-13 14:30,422.35,422.8,421.96,422.55,37312
1747164600,2025-05-13 15:30,422.59,423.13,421.42,421.42,110735
1747229400,2025-05-14 09:30,422.08,422.65,421.3,422.25,162909
1747233000,2025-05-14 10:30,422.34,422.58,420.25,421.63,142578
1747236600,2025-05-14 11:30,421.59,421.98,421.04,421.04,47745
1747240200,2025-05-14 12:30,421.06,421.4,419.63,420.07,87881
1747243800,2025-05-14 13:30,420.04,420.89,420.04,420.3,81310
1747247400,2025-05-14 14:30,420.39,421.23,420.32,420.6,88499
1747251000,2025-05-14 15:30,420.6,421.42,420.33,420.58,137323
1747315800,2025-05-15 09:30,418.54,419.96,418.5,419.37,264041
1747319400,2025-05-15 10:30,419.44,422.04,419.05,421.53,183470
1747323000,2025-05-15 11:30,421.49,422.64,421.4,421.86,98386
1747326600,2025-05-15 12:30,421.83,422.96,421.68,422.65,63140
1747330200,2025-05-15 13:30,422.65,422.65,421.92,422.52,68683
1747333800,2025-05-15 14:30,422.52,423.48,422.52,423.03,88085
1747337400,2025-05-15 15:30,423.07,423.68,422.92,423.52,143992
1747402200,2025-05-16 09:30,423.74,424.09,422.5,423.72,192537
1747405800,2025-05-16 10:30,423.75,423.87,422.76,423.6,73391
1747409400,2025-05-16 11:30,423.61,424.55,423.3,424.52,52637
1747413000,2025-05-16 12:30,424.5,425.95,424.5,425.56,52812
1747416600,2025-05-16 13:30,425.59,426.12,425.36,426.04,38429
1747420200,2025-05-16 14:30,426.08,426.79,426,426.38,61700
1747423800,2025-05-16 15:30,426.39,426.67,425.99,426.57,82262
1747661400,2025-05-19 09:30,423.7,427.03,423.69,426.26,230154
1747665000,2025-05-19 10:30,426.28,426.75,425.48,425.77,116208
1747668600,2025-05-19 11:30,425.77,427.59,425.72,427.53,86840
1747672200,2025-05-19 12:30,427.5,428.65,427.361,428.32,64416
1747675800,2025-05-19 13:30,428.39,428.56,427.06,427.45,42698
1747679400,2025-05-19 14:30,427.48,427.95,427.04,427.37,27774
1747683000,2025-05-19 15:30,427.35,428.24,427.32,428.04,97960
1747747800,2025-05-20 09:30,427.4,428.2,426.67,427.11,151634
1747751400,2025-05-20 10:30,427.15,427.8,426.58,427.5,39614
1747755000,2025-05-20 11:30,427.51,427.62,426.38,426.68,75827
1747758600,2025-05-20 12:30,426.67,427.33,426.56,427.17,34112
1747762200,2025-05-20 13:30,427.14,427.3,425.43,425.54,32909
1747765800,2025-05-20 14:30,425.51,426.27,425.03,426.03,25504
1747769400,2025-05-20 15:30,426.07,427.11,426.06,427.04,73561
1747834200,2025-05-21 09:30,423.09,424.58,423.05,423.39,188969
1747837800,2025-05-21 10:30,423.36,424.17,422.5,423.71,97661
1747841400,2025-05-21 11:30,423.79,424.01,423.43,423.55,29804
1747845000,2025-05-21 12:30,423.56,424.27,419,419.005,121535
1747848600,2025-05-21 13:30,418.97,421.01,418.51,419.97,178079
1747852200,2025-05-21 14:30,419.95,420.53,418.06,418.32,79509
1747855800,2025-05-21 15:30,418.47,419.68,418.39,418.71,98220
1747920600,2025-05-22 09:30,417.87,419.54,417.78,417.94,198800
1747924200,2025-05-22 10:30,417.98,418.94,417.36,418.31,77722
1747927800,2025-05-22 11:30,418.29,420.41,418.29,419.46,66242
1747931400,2025-05-22 12:30,419.45,420.14,418.47,419.92,62337
1747935000,2025-05-22 13:30,419.82,420.84,419.75,420.71,42453
1747938600,2025-05-22 14:30,420.56,421.15,419.98,421.06,36521
1747942200,2025-05-22 15:30,421.08,421.08,418.52,418.8,85611
1748007000,2025-05-23 09:30,413.93,416.38,413.79,415.74,230293
1748010600,2025-05-23 10:30,415.82,416.49,415.09,416.08,57474
1748014200,2025-05-23 11:30,416.1,417,415.4,416.21,88207
1748017800,2025-05-23 12:30,416.18,418,415.72,417.65,73344
1748021400,2025-05-23 13:30,417.66,418.16,416.96,417.5,54453
1748025000,2025-05-23 14:30,417.61,418.06,416.55,416.82,47345
1748028600,2025-05-23 15:30,416.78,417.49,415.86,416.34,111013
1748352600,2025-05-27 09:30,420.71,421.35,419.19,421.08,151803
1748356200,2025-05-27 10:30,421.16,422.18,420.98,422.05,90741
1748359800,2025-05-27 11:30,422.03,422.95,421.85,422.64,131745
1748363400,2025-05-27 12:30,422.66,423.46,422.64,422.93,110214
1748367000,2025-05-27 13:30,422.91,423.84,422.78,423.48,90608
1748370600,2025-05-27 14:30,423.45,423.79,423.24,423.34,53961
1748374200,2025-05-27 15:30,423.27,423.87,423.2,423.84,109649
1748439000,2025-05-28 09:30,423.72,424.82,423.18,423.47,84298
1748442600,2025-05-28 10:30,423.43,423.43,422.28,422.29,61151
1748446200,2025-05-28 11:30,422.25,422.8,421.98,422.64,39116
1748449800,2025-05-28 12:30,422.72,423.16,422.5,422.89,25345
1748453400,2025-05-28 13:30,422.81,422.81,422.28,422.65,23277
1748457000,2025-05-28 14:30,422.76,422.89,421.07,422.08,83690
1748460600,2025-05-28 15:30,422.17,422.21,420.77,421.35,91325
1748525400,2025-05-29 09:30,422.48,422.71,420.91,421.93,151376
1748529000,2025-05-29 10:30,421.89,422.34,421,421.92,89793
1748532600,2025-05-29 11:30,421.92,421.94,418.55,420.71,122165
1748536200,2025-05-29 12:30,420.67,421.89,420.65,421.48,78041
1748539800,2025-05-29 13:30,421.43,421.87,420.6,421.16,56318
1748543400,2025-05-29 14:30,421.16,422.31,421.16,421.81,77312
1748547000,2025-05-29 15:30,422.005,423.02,421.91,422.51,70089
1748611800,2025-05-30 09:30,422.16,423.32,421.08,423.11,170507
1748615400,2025-05-30 10:30,423.09,423.31,421.98,422.7,77056
1748619000,2025-05-30 11:30,422.69,422.85,420.4,420.5,91586
1748622600,2025-05-30 12:30,420.56,421.35,419.51,421.28,123722
1748626200,2025-05-30 13:30,421.38,423,421.09,422.76,82359
1748629800,2025-05-30 14:30,422.74,424.26,422.39,424.09,80609
1748633400,2025-05-30 15:30,424.1,424.27,422.68,422.68,190013
1748871000,2025-06-02 09:30,421.33,422.11,419.08,421.36,224448
1748874600,2025-06-02 10:30,421.22,421.91,420.93,421.04,120813
1748878200,2025-06-02 11:30,420.99,421.88,420.63,421.095,47996
1748881800,2025-06-02 12:30,421.12,422.025,421.11,421.25,46037
1748885400,2025-06-02 13:30,421.31,423.03,421.24,422.84,77858
1748889000,2025-06-02 14:30,422.84,423.65,422.66,423.44,46426
1748892600,2025-06-02 15:30,423.41,423.85,423.11,423.71,80399
1748957400,2025-06-03 09:30,423.07,424.32,422.45,423.89,173680
1748961000,2025-06-03 10:30,423.91,424.885,423.55,424.8,86241
1748964600,2025-06-03 11:30,424.82,425.77,424.78,425.56,70251
1748968200,2025-06-03 12:30,425.56,426.19,425.35,425.98,45547
1748971800,2025-06-03 13:30,425.97,426.31,425.3,426.11,70927
1748975400,2025-06-03 14:30,426.13,426.37,425.62,425.87,47387
1748979000,2025-06-03 15:30,425.87,426.25,425.45,425.94,128816
1749043800,2025-06-04 09:30,426.38,427.16,425.61,426.56,129867
1749047400,2025-06-04 10:30,426.57,426.85,426.05,426.37,56463
1749051000,2025-06-04 11:30,426.23,426.405,425.49,425.52,37717
1749054600,2025-06-04 12:30,425.54,426.46,425.54,426.29,29441
1749058200,2025-06-04 13:30,426.33,426.7,426.23,426.3,32506
1749061800,2025-06-04 14:30,426.35,426.35,425.52,425.79,53672
1749065400,2025-06-04 15:30,425.81,425.96,424.91,424.91,164521
1749130200,2025-06-05 09:30,425.945,425.95,423.16,424.67,209017
1749133800,2025-06-05 10:30,424.7,426.38,423.48,426.38,202265
1749137400,2025-06-05 11:30,426.43,426.82,425.86,426.37,66588
1749141000,2025-06-05 12:30,426.41,426.43,424.34,425.86,69406
1749144600,2025-06-05 13:30,425.9,426.39,423.85,425.17,63186
1749148200,2025-06-05 14:30,425.21,425.82,422.86,423.47,125071
1749151800,2025-06-05 15:30,423.47,424.95,423.44,424,120498
1749216600,2025-06-06 09:30,427.77,430.06,427.52,429.06,220495
1749220200,2025-06-06 10:30,428.97,429.15,426.76,427.58,131745
1749223800,2025-06-06 11:30,427.59,428.12,427.19,427.87,47295
1749227400,2025-06-06 12:30,427.81,428.09,426.56,427.36,56125
1749231000,2025-06-06 13:30,427.32,428.52,427.31,428.16,24085
1749234600,2025-06-06 14:30,428.19,428.82,428.19,428.54,53976
1749238200,2025-06-06 15:30,428.45,428.86,428.25,428.3,116495
1749475800,2025-06-09 09:30,428.53,428.71,426.96,427.31,200275
1749479400,2025-06-09 10:30,427.33,427.72,426.45,427.33,107888
1749483000,2025-06-09 11:30,427.37,428.41,427.31,428.35,98231
1749486600,2025-06-09 12:30,428.37,429.49,428.29,429.36,58322
1749490200,2025-06-09 13:30,429.41,429.74,429.2,429.51,47327
1749493800,2025-06-09 14:30,429.48,429.61,429,429.12,49708
1749497400,2025-06-09 15:30,429.13,429.29,428.24,428.33,100832
1749562200,2025-06-10 09:30,428.265,428.87,428.06,428.57,111583
1749565800,2025-06-10 10:30,428.69,429.16,428.42,428.94,72500
1749569400,2025-06-10 11:30,428.94,429.195,427.87,429.13,90158
1749573000,2025-06-10 12:30,429.1,430.12,429.1,429.6,38913
1749576600,2025-06-10 13:30,429.52,429.6,428.21,428.37,77380
1749580200,2025-06-10 14:30,428.38,429.95,428.32,429.3,82105
1749583800,2025-06-10 15:30,429.27,429.7,428.76,429.58,87894
1749648600,2025-06-11 09:30,429.86,431.02,428.89,430.94,140087
1749652200,2025-06-11 10:30,430.95,431.42,430.61,431.03,74473
1749655800,2025-06-11 11:30,431.1,431.39,430.07,430.81,57918
1749659400,2025-06-11 12:30,430.82,432,430.41,431.9,71194
1749663000,2025-06-11 13:30,431.93,432.03,428.19,429.04,135253
1749666600,2025-06-11 14:30,429.06,430.23,428.59,428.96,120244
1749670200,2025-06-11 15:30,428.97,429.71,428.5,429.67,93679
1749735000,2025-06-12 09:30,428.19,429.54,426.96,429.36,200773
1749738600,2025-06-12 10:30,429.39,429.87,428.6,429.29,149480
1749742200,2025-06-12 11:30,429.24,429.94,428.73,429.6,75136
1749745800,2025-06-12 12:30,429.55,430.27,429,429.84,92242
1749749400,2025-06-12 13:30,429.95,430.38,429.8,430.03,34804
1749753000,2025-06-12 14:30,429.99,430.47,429.78,430.24,46563
1749756600,2025-06-12 15:30,430.22,430.55,429.78,430.53,81349
1749821400,2025-06-13 09:30,426.11,426.64,423.47,423.47,292731
1749825000,2025-06-13 10:30,423.5,426.04,423.35,425.96,200956
1749828600,2025-06-13 11:30,426.01,426.92,425.8,425.91,144472
1749832200,2025-06-13 12:30,425.9,426.33,424.47,424.5,114363
1749835800,2025-06-13 13:30,424.45,424.9,422.44,422.48,168991
1749839400,2025-06-13 14:30,422.46,422.86,421.6,422.15,139209
1749843000,2025-06-13 15:30,422.16,422.89,421.69,422.85,177319
1750080600,2025-06-16 09:30,425.08,428.19,424.89,427.71,244805
1750084200,2025-06-16 10:30,427.81,428.2,426.89,426.95,172318
1750087800,2025-06-16 11:30,426.88,427.28,426.49,426.71,60446
1750091400,2025-06-16 12:30,426.7,427.12,426.32,427.04,46657
1750095000,2025-06-16 13:30,427.08,427.26,426.18,426.29,23481
1750098600,2025-06-16 14:30,426.34,426.34,425.51,425.66,46770
1750102200,2025-06-16 15:30,425.7,426.3,425.59,426.28,39357
1750167000,2025-06-17 09:30,424.48,425.97,424.22,425.71,90052
1750170600,2025-06-17 10:30,425.88,426.42,425.21,425.36,94235
1750174200,2025-06-17 11:30,425.31,426.02,425.02,425.69,67161
1750177800,2025-06-17 12:30,425.64,426.02,424.05,424.08,56306
1750181400,2025-06-17 13:30,424.01,424.6,422.56,422.8,69160
1750185000,2025-06-17 14:30,422.8,423.43,422.33,423.34,40032
1750188600,2025-06-17 15:30,423.34,423.62,422.85,423.11,67799
1750253400,2025-06-18 09:30,423.67,425.93,422.91,425.68,162172
1750257000,2025-06-18 10:30,425.69,426.2,424.86,425.22,92111
1750260600,2025-06-18 11:30,425.21,425.35,424.11,424.2,64110
1750264200,2025-06-18 12:30,424.28,424.82,424.08,424.24,34347
1750267800,2025-06-18 13:30,424.21,425.51,423.66,424.43,74564
1750271400,2025-06-18 14:30,424.44,425.35,422.35,422.35,104618
1750275000,2025-06-18 15:30,422.33,423.55,422.2,422.81,57988
1750426200,2025-06-20 09:30,423.38,424.15,422.19,422.68,271331
1750429800,2025-06-20 10:30,422.7,423.05,421.5,422.48,126553
1750433400,2025-06-20 11:30,422.51,423.32,421.8,422.29,107389
1750437000,2025-06-20 12:30,422.46,422.92,421.28,421.39,77937
1750440600,2025-06-20 13:30,421.27,422.18,420.72,421.85,94406
1750444200,2025-06-20 14:30,421.96,422.1,420.97,421.2,54047
1750447800,2025-06-20 15:30,421.22,422.41,421.22,421.79,86416
1750685400,2025-06-23 09:30,422,424.11,421.09,423.48,185032
1750689000,2025-06-23 10:30,423.57,423.65,422.3,422.51,68098
1750692600,2025-06-23 11:30,422.5,422.69,421.17,421.26,95260
1750696200,2025-06-23 12:30,421.24,424.05,419.6,423.85,232099
1750699800,2025-06-23 13:30,423.91,425.1,423.91,424.75,138616
1750703400,2025-06-23 14:30,424.78,425.22,423.9,425.11,293352
1750707000,2025-06-23 15:30,425.12,425.96,424.86,425.66,88584
1750771800,2025-06-24 09:30,428.53,429.68,427.68,428.79,229968
1750775400,2025-06-24 10:30,428.84,429.86,428.77,429.74,114405
1750779000,2025-06-24 11:30,429.78,430.68,429.69,430.51,215119
1750782600,2025-06-24 12:30,430.53,431.03,430.28,430.31,164132
1750786200,2025-06-24 13:30,430.3,431,430.2,430.74,98078
1750789800,2025-06-24 14:30,430.7,431.26,430.65,431.22,128200
1750793400,2025-06-24 15:30,431.21,431.74,430.79,430.79,176905
1750858200,2025-06-25 09:30,430.75,430.91,429.92,430.09,210934
1750861800,2025-06-25 10:30,430.09,430.55,429.77,429.85,44088
1750865400,2025-06-25 11:30,429.9,430.32,429.52,430.02,27570
1750869000,2025-06-25 12:30,430.03,430.07,429,429.51,42469
1750872600,2025-06-25 13:30,429.47,429.52,428.51,428.87,61570
1750876200,2025-06-25 14:30,428.84,429.83,428.73,429.67,113593
1750879800,2025-06-25 15:30,429.65,429.96,429.29,429.89,167658
1750944600,2025-06-26 09:30,430.82,432.32,430.8,431.91,219720
1750948200,2025-06-26 10:30,431.91,433,431.91,432.54,77352
1750951800,2025-06-26 11:30,432.46,433.3,432.26,433.07,53657
1750955400,2025-06-26 12:30,433.07,433.41,432.94,433.19,24066
1750959000,2025-06-26 13:30,433.25,433.88,433.19,433.54,48283
1750962600,2025-06-26 14:30,433.61,433.74,433.13,433.5,37666
1750966200,2025-06-26 15:30,433.47,434.19,433.31,433.94,110964
1751031000,2025-06-27 09:30,435.15,437.19,435.08,436.88,214793
1751034600,2025-06-27 10:30,436.88,437.8,436.75,437.65,124653
1751038200,2025-06-27 11:30,437.7,439.44,437.68,439.37,97923
1751041800,2025-06-27 12:30,439.4,439.55,438.47,438.54,50291
1751045400,2025-06-27 13:30,438.57,438.67,436.07,436.07,107510
1751049000,2025-06-27 14:30,436.11,436.5,435.52,436.34,106953
1751052600,2025-06-27 15:30,436.42,438.21,436.4,437.89,140081
1751290200,2025-06-30 09:30,440.46,440.46,439.13,439.67,224597
1751293800,2025-06-30 10:30,439.7,439.94,438.82,439.9,45376
1751297400,2025-06-30 11:30,439.93,440.45,439.38,439.51,38579
1751301000,2025-06-30 12:30,439.5,440.09,439.45,439.86,28808
1751304600,2025-06-30 13:30,439.84,439.86,438.71,439.34,65266
1751308200,2025-06-30 14:30,439.34,440.54,438.99,440.4,43162
1751311800,2025-06-30 15:30,440.34,441.25,439.98,440.58,114039
1751376600,2025-07-01 09:30,440.23,443.15,440,443,209140
1751380200,2025-07-01 10:30,443.03,445.28,443.03,445.12,124393
1751383800,2025-07-01 11:30,445.15,445.96,444.57,445.34,120295
1751387400,2025-07-01 12:30,445.21,445.49,443.99,445.12,92652
1751391000,2025-07-01 13:30,445.17,445.59,444.85,445.11,65034
1751394600,2025-07-01 14:30,445.08,445.75,444.76,445.56,106266
1751398200,2025-07-01 15:30,445.58,445.82,444.77,444.905,169404
1751463000,2025-07-02 09:30,444.67,444.97,443.38,444.21,277593
1751466600,2025-07-02 10:30,444.22,445.12,443.79,444.93,102558
1751470200,2025-07-02 11:30,444.95,445.39,444.14,444.47,103607
1751473800,2025-07-02 12:30,444.49,444.73,444.2,444.51,53896
1751477400,2025-07-02 13:30,444.5,444.64,444.13,444.55,47138
1751481000,2025-07-02 14:30,444.64,444.82,444.45,444.52,61792
1751484600,2025-07-02 15:30,444.55,444.8,444.52,444.69,78403
1751549400,2025-07-03 09:30,445.69,448.08,445.57,447.92,277576
1751553000,2025-07-03 10:30,447.92,448.79,447.78,448,95193
1751556600,2025-07-03 11:30,447.99,448.51,447.98,448.25,50185
1751560200,2025-07-03 12:30,448.31,448.86,447.98,448.09,86385
1751895000,2025-07-07 09:30,447.38,447.88,446.16,446.385,78992
1751898600,2025-07-07 10:30,446.36,446.51,445.01,445.16,72204
1751902200,2025-07-07 11:30,445.1,445.31,442.89,443.81,118422
1751905800,2025-07-07 12:30,443.75,444.1,442.73,443.32,80203
1751909400,2025-07-07 13:30,443.4,444.21,441.59,441.76,96056
1751913000,2025-07-07 14:30,441.76,443.52,441.75,442.86,148376
1751916600,2025-07-07 15:30,442.88,444.12,442.86,444.1,219058
1751981400,2025-07-08 09:30,443.7,444.38,442.47,442.68,257819
1751985000,2025-07-08 10:30,442.82,443.77,442.21,442.64,184391
1751988600,2025-07-08 11:30,442.64,443.84,442.5,443.79,99350
1751992200,2025-07-08 12:30,443.79,443.89,442.05,442.64,129007
1751995800,2025-07-08 13:30,442.67,443.07,442.26,442.66,59041
1751999400,2025-07-08 14:30,442.68,442.88,442.41,442.76,52502
1752003000,2025-07-08 15:30,442.75,442.89,442.14,442.35,107266
1752067800,2025-07-09 09:30,444.41,445.6,443.74,443.81,227770
1752071400,2025-07-09 10:30,443.8,443.8,442.28,442.86,92135
1752075000,2025-07-09 11:30,442.9,443.54,442.56,442.79,41341
1752078600,2025-07-09 12:30,442.79,443.86,442.63,443.42,62896
1752082200,2025-07-09 13:30,443.41,444.35,443,443.78,89226
1752085800,2025-07-09 14:30,443.79,444.45,443.71,444.31,38598
1752089400,2025-07-09 15:30,444.28,444.78,444.17,444.5,61583
1752154200,2025-07-10 09:30,444.37,446.02,443.68,445.62,162036
1752157800,2025-07-10 10:30,445.67,447.44,445.61,447.22,82777
1752161400,2025-07-10 11:30,447.21,447.43,446.68,447.03,71905
1752165000,2025-07-10 12:30,446.91,447.5,446.81,447.25,29866
1752168600,2025-07-10 13:30,447.26,447.79,447.25,447.63,28286
1752172200,2025-07-10 14:30,447.61,447.61,446.91,447.009,33815
1752175800,2025-07-10 15:30,447.04,447.36,446.25,446.48,53689
1752240600,2025-07-11 09:30,443.67,444.45,442.76,444.2,164372
1752244200,2025-07-11 10:30,444.2,444.44,443.17,443.34,55506
1752247800,2025-07-11 11:30,443.38,443.96,442.76,443.31,62593
1752251400,2025-07-11 12:30,443.29,443.79,442.97,443.75,36714
1752255000,2025-07-11 13:30,443.81,444.04,443.33,443.46,71549
1752258600,2025-07-11 14:30,443.45,444.17,443.15,444.08,100428
1752262200,2025-07-11 15:30,444.07,444.14,443.29,443.6,117016
1752499800,2025-07-14 09:30,443.11,444.43,442.49,443.2,199447
1752503400,2025-07-14 10:30,443.16,444,442.94,444,91019
1752507000,2025-07-14 11:30,444.08,444.31,443.47,443.65,51215
1752510600,2025-07-14 12:30,443.68,444.4,443.33,444.31,22633
1752514200,2025-07-14 13:30,444.39,444.52,444.1,444.41,15630
1752517800,2025-07-14 14:30,444.43,444.67,444.13,444.27,28513
1752521400,2025-07-14 15:30,444.29,444.76,444.22,444.58,58216
1752586200,2025-07-15 09:30,444.58,445.15,442.48,442.51,250618
1752589800,2025-07-15 10:30,442.49,442.6,441.36,442.29,121789
1752593400,2025-07-15 11:30,442.27,442.49,441.35,441.5,68376
1752597000,2025-07-15 12:30,441.52,441.8,440.76,441.36,63656
1752600600,2025-07-15 13:30,441.35,441.7,441.09,441.43,56846
1752604200,2025-07-15 14:30,441.5,441.68,440.6,440.95,64671
1752607800,2025-07-15 15:30,440.96,441.27,440.14,440.2,131940
1752672600,2025-07-16 09:30,441.86,442.38,440.36,440.6,390037
1752676200,2025-07-16 10:30,440.595,441.59,438.39,439.78,221130
1752679800,2025-07-16 11:30,439.83,441.15,437.62,440.35,204590
1752683400,2025-07-16 12:30,440.4,441.9,439.87,441.36,102581
1752687000,2025-07-16 13:30,441.28,441.77,441.22,441.59,24964
1752690600,2025-07-16 14:30,441.6,442.58,441.58,442.24,28785
1752694200,2025-07-16 15:30,442.22,442.6,442.05,442.43,65672
1752759000,2025-07-17 09:30,442.01,444.85,442,443.19,284807
1752762600,2025-07-17 10:30,443.21,443.88,442.51,443.81,121457
1752766200,2025-07-17 11:30,443.84,444.72,443.77,443.86,54447
1752769800,2025-07-17 12:30,443.93,444.1,443.55,444.06,52448
1752773400,2025-07-17 13:30,444.08,445.34,444.05,445.28,49128
1752777000,2025-07-17 14:30,445.27,445.62,445.03,445.06,50495
1752780600,2025-07-17 15:30,445.05,445.4,444.81,445.09,108332
1752845400,2025-07-18 09:30,445.73,445.77,442.94,443.07,268412
1752849000,2025-07-18 10:30,443.07,443.58,442.65,443.13,135816
1752852600,2025-07-18 11:30,443.17,443.42,442.12,442.37,98873
1752856200,2025-07-18 12:30,442.36,442.87,442.12,442.42,63848
1752859800,2025-07-18 13:30,442.54,442.92,442.26,442.46,40770
1752863400,2025-07-18 14:30,442.47,443.15,442.43,443.08,37169
1752867000,2025-07-18 15:30,443.09,443.48,442.79,443.25,99904
1753104600,2025-07-21 09:30,444.2,445.21,443.56,445.02,235897
1753108200,2025-07-21 10:30,445.04,445.64,444.63,445.55,70573
1753111800,2025-07-21 11:30,445.57,445.99,445.47,445.53,73316
1753115400,2025-07-21 12:30,445.57,446.01,445.46,445.91,39973
1753119000,2025-07-21 13:30,445.94,445.96,445.46,445.46,24597
1753122600,2025-07-21 14:30,445.5,445.5,443.88,444.04,69161
1753126200,2025-07-21 15:30,444.11,444.2,443.14,443.44,70734
1753191000,2025-07-22 09:30,442.87,444.64,442.86,443.81,314993
1753194600,2025-07-22 10:30,443.71,444.07,443.18,443.51,76222
1753198200,2025-07-22 11:30,443.56,443.85,443,443.49,92834
1753201800,2025-07-22 12:30,443.46,444.76,443.44,444.65,70938
1753205400,2025-07-22 13:30,444.66,444.73,443.84,444.15,81687
1753209000,2025-07-22 14:30,444.13,445.09,444.11,444.87,57546
1753212600,2025-07-22 15:30,444.88,445.45,444.76,444.94,78110
1753277400,2025-07-23 09:30,447.25,447.87,446.33,447.22,288668
1753281000,2025-07-23 10:30,447.29,447.35,446.77,447.34,85773
1753284600,2025-07-23 11:30,447.38,449.3,446.88,448.86,308958
1753288200,2025-07-23 12:30,448.85,449.11,448.37,449.06,107646
1753291800,2025-07-23 13:30,449.06,449.85,449.06,449.51,167487
1753295400,2025-07-23 14:30,449.53,449.86,449.44,449.65,94608
1753299000,2025-07-23 15:30,449.65,450.23,449.52,450.22,117220
1753363800,2025-07-24 09:30,447.01,448.58,446.77,448.23,289953
1753367400,2025-07-24 10:30,448.2,449.12,448.14,448.53,149694
1753371000,2025-07-24 11:30,448.58,448.7,447.49,447.68,100768
1753374600,2025-07-24 12:30,447.67,448.47,447.61,448.09,84394
1753378200,2025-07-24 13:30,448.13,448.74,447.91,448.25,62476
1753381800,2025-07-24 14:30,448.29,448.36,447.37,447.68,36442
1753385400,2025-07-24 15:30,447.66,447.71,446.93,447.07,59579
1753450200,2025-07-25 09:30,447.53,448.03,446.42,447.37,252499
1753453800,2025-07-25 10:30,447.41,448.33,447.34,447.68,113936
1753457400,2025-07-25 11:30,447.64,448.16,447.32,448.05,82170
1753461000,2025-07-25 12:30,448.05,448.57,447.85,448.54,61405
1753464600,2025-07-25 13:30,448.59,449.2,448.59,448.98,59829
1753468200,2025-07-25 14:30,448.99,449.25,448.95,449.18,42150
1753471800,2025-07-25 15:30,449.17,449.41,448.81,449.05,122821
1753709400,2025-07-28 09:30,448.66,449.4,447.86,449.27,216087
1753713000,2025-07-28 10:30,449.34,449.44,448.42,448.9,103315
1753716600,2025-07-28 11:30,448.835,449.48,448.835,449.21,48760
1753720200,2025-07-28 12:30,449.2,449.25,447.99,448.05,34635
1753723800,2025-07-28 13:30,448.11,448.34,447.37,447.72,55953
1753727400,2025-07-28 14:30,447.75,448.05,447.54,447.73,27179
1753731000,2025-07-28 15:30,447.78,448.43,447.7,448.325,60304
1753795800,2025-07-29 09:30,448.65,448.85,447.62,448.16,155446
1753799400,2025-07-29 10:30,448.15,448.21,446.29,446.32,122095
1753803000,2025-07-29 11:30,446.28,446.77,445.99,446.64,118118
1753806600,2025-07-29 12:30,446.63,447.46,446.31,447.03,44257
1753810200,2025-07-29 13:30,447.05,447.17,445.82,446.15,73094
1753813800,2025-07-29 14:30,446.15,446.37,445.93,446.11,37307
1753817400,2025-07-29 15:30,446.14,446.55,445.65,446.44,93722
1753882200,2025-07-30 09:30,446.71,447.35,445.64,447.07,198384
1753885800,2025-07-30 10:30,447.08,447.31,445.5,445.72,62270
1753889400,2025-07-30 11:30,445.7,446.88,445.57,446.87,49155
1753893000,2025-07-30 12:30,446.88,446.88,446.35,446.42,39150
1753896600,2025-07-30 13:30,446.49,447.01,446.22,446.79,64971
1753900200,2025-07-30 14:30,446.86,447.38,442.61,443.09,173139
1753903800,2025-07-30 15:30,443.18,444.99,442.84,444.73,106718
1753968600,2025-07-31 09:30,445.27,446.19,444.34,445.23,278406
1753972200,2025-07-31 10:30,445.2,445.69,442.94,443.61,141527
1753975800,2025-07-31 11:30,443.59,444.94,443.57,444.88,80126
1753979400,2025-07-31 12:30,444.86,445.2,442.76,443.11,93494
1753983000,2025-07-31 13:30,443.1,443.94,441.56,443.25,103132
1753986600,2025-07-31 14:30,443.26,443.92,442.13,442.18,79863
1753990200,2025-07-31 15:30,442.29,442.63,440.49,441.26,130766
1754055000,2025-08-01 09:30,437.75,437.76,433.35,435.9,465629
1754058600,2025-08-01 10:30,435.89,436.4,434.79,434.88,182713
1754062200,2025-08-01 11:30,434.88,437.26,434.75,436.76,106790
1754065800,2025-08-01 12:30,436.79,436.92,434.56,434.71,80553
1754069400,2025-08-01 13:30,434.63,435.72,434.11,435.52,131974
1754073000,2025-08-01 14:30,435.57,436.58,435.32,435.87,119549
1754076600,2025-08-01 15:30,435.85,436.71,435.26,435.78,190265
1754314200,2025-08-04 09:30,437.88,440.3,437.59,440.23,294575
1754317800,2025-08-04 10:30,440.23,441.1,439.77,440.44,110294
1754321400,2025-08-04 11:30,440.43,440.92,440.04,440.39,61497
1754325000,2025-08-04 12:30,440.375,441.65,440.375,441.31,61271
1754328600,2025-08-04 13:30,441.38,441.47,440.49,440.83,55008
1754332200,2025-08-04 14:30,440.86,441.78,440.8,441.42,57237
1754335800,2025-08-04 15:30,441.44,441.89,441.21,441.8,153596
1754400600,2025-08-05 09:30,441.8,443,440.15,440.61,218071
1754404200,2025-08-05 10:30,440.6,440.64,439.22,440.44,145547
1754407800,2025-08-05 11:30,440.42,441.41,440.13,441.37,82629
1754411400,2025-08-05 12:30,441.42,442.35,440.86,442.26,62706
1754415000,2025-08-05 13:30,442.26,442.46,440.94,441.07,57650
1754418600,2025-08-05 14:30,441.03,441.77,440.8,441.58,73570
1754422200,2025-08-05 15:30,441.58,441.68,440.97,441.17,93687
1754487000,2025-08-06 09:30,442.1,442.16,440.12,440.45,259973
1754490600,2025-08-06 10:30,440.44,442.5,440.26,442.37,91099
1754494200,2025-08-06 11:30,442.42,442.67,441.46,442.27,53435
1754497800,2025-08-06 12:30,442.28,442.7,441.83,442.21,52458
1754501400,2025-08-06 13:30,442.2,442.94,442.12,442.57,37143
1754505000,2025-08-06 14:30,442.55,442.66,442,442.29,23947
1754508600,2025-08-06 15:30,442.32,442.62,441.84,441.97,41803
1754573400,2025-08-07 09:30,444.25,445,440.48,440.71,258333
1754577000,2025-08-07 10:30,440.69,440.81,438.82,438.99,127078
1754580600,2025-08-07 11:30,438.93,439.5,438.48,439.43,90143
1754584200,2025-08-07 12:30,439.42,439.76,438.04,438.07,107944
1754587800,2025-08-07 13:30,438.09,439.12,437.97,438.66,76997
1754591400,2025-08-07 14:30,438.63,439.16,438.36,438.83,112167
1754595000,2025-08-07 15:30,438.88,439.8,438.82,439.8,134780
1754659800,2025-08-08 09:30,440.8,442.88,440.49,442.12,224666
1754663400,2025-08-08 10:30,442.09,442.54,440.8,440.92,70365
1754667000,2025-08-08 11:30,440.9,442.39,440.31,441.89,75846
1754670600,2025-08-08 12:30,441.91,442.16,441.41,441.86,82003
1754674200,2025-08-08 13:30,441.9,442.5,441.9,442.12,71189
1754677800,2025-08-08 14:30,442.16,442.46,441.93,442.225,50695
1754681400,2025-08-08 15:30,442.22,442.22,441.19,441.92,72319
1754919000,2025-08-11 09:30,442.33,442.87,440.75,441.04,215164
1754922600,2025-08-11 10:30,440.975,441.18,440.09,440.34,117054
1754926200,2025-08-11 11:30,440.33,441.97,440.11,441.63,66607
1754929800,2025-08-11 12:30,441.56,441.6,439.75,440.17,71169
1754933400,2025-08-11 13:30,440.27,440.41,439.79,439.95,51548
1754937000,2025-08-11 14:30,439.99,440.26,439.33,440.14,61437
1754940600,2025-08-11 15:30,440.19,440.22,439.23,440.02,141673
1755005400,2025-08-12 09:30,441.71,444.54,441.17,444.15,618113
1755009000,2025-08-12 10:30,444.2,444.97,443.43,444.19,121132
1755012600,2025-08-12 11:30,444.26,444.69,444.11,444.54,81539
1755016200,2025-08-12 12:30,444.54,444.76,444.24,444.41,61731
1755019800,2025-08-12 13:30,444.44,445.15,444.31,444.69,71069
1755023400,2025-08-12 14:30,444.7,444.7,444.27,444.34,74048
1755027000,2025-08-12 15:30,444.35,444.89,444.27,444.68,136781
1755091800,2025-08-13 09:30,446.44,449.04,446.05,447.9,643023
1755095400,2025-08-13 10:30,447.88,448.3,447.01,447.99,146494
1755099000,2025-08-13 11:30,448.02,448.52,447.56,447.92,112779
1755102600,2025-08-13 12:30,447.95,448.23,447.4,447.91,134377
1755106200,2025-08-13 13:30,447.9,448.8,447.3,448.65,75103
1755109800,2025-08-13 14:30,448.65,449.28,448.65,449.1,108419
1755113400,2025-08-13 15:30,449.11,449.65,449.02,449.43,90566
1755178200,2025-08-14 09:30,447.74,448.7,447.22,448.08,243495
1755181800,2025-08-14 10:30,448.04,448.96,447.57,447.64,102825
1755185400,2025-08-14 11:30,447.63,448.08,446.98,447.31,114396
1755189000,2025-08-14 12:30,447.34,448.28,447.07,448.27,62612
1755192600,2025-08-14 13:30,448.27,448.55,447.97,448.33,58984
1755196200,2025-08-14 14:30,448.31,449.631,448.27,449.27,56198
1755199800,2025-08-14 15:30,449.24,449.56,449.09,449.13,56761
1755264600,2025-08-15 09:30,451.93,452.04,448.97,449.59,298511
1755268200,2025-08-15 10:30,449.56,450.05,449.06,449.54,113398
1755271800,2025-08-15 11:30,449.56,450.49,449.49,450.16,86550
1755275400,2025-08-15 12:30,450.18,450.45,449.93,450.36,86702
1755279000,2025-08-15 13:30,450.39,450.9,450.07,450.5,83499
1755282600,2025-08-15 14:30,450.49,450.57,449.56,449.85,59288
1755286200,2025-08-15 15:30,449.82,450.04,449.36,449.56,110789
1755523800,2025-08-18 09:30,449.35,449.98,448.64,448.93,219140
1755527400,2025-08-18 10:30,448.91,449.94,448.74,449.26,88863
1755531000,2025-08-18 11:30,449.24,449.58,449.02,449.48,63408
1755534600,2025-08-18 12:30,449.49,449.59,448.92,449.35,70721
1755538200,2025-08-18 13:30,449.38,449.85,448.63,448.83,77307
1755541800,2025-08-18 14:30,448.85,449.23,448.74,449.01,74472
1755545400,2025-08-18 15:30,449.01,449.46,448.96,449.11,112370
1755610200,2025-08-19 09:30,449.85,451.91,449.54,451.79,229823
1755613800,2025-08-19 10:30,451.77,452.15,449.79,450.13,205819
1755617400,2025-08-19 11:30,450.08,450.3,448.96,449.03,124737
1755621000,2025-08-19 12:30,449.03,449.43,448.545,449.26,103748
1755624600,2025-08-19 13:30,449.25,449.42,448.35,448.43,56951
1755628200,2025-08-19 14:30,448.43,448.91,448.21,448.86,85318
1755631800,2025-08-19 15:30,448.84,449.41,448.5,449.29,119249
1755696600,2025-08-20 09:30,449.79,450.521,447.88,447.95,362752
1755700200,2025-08-20 10:30,447.93,449.78,447.66,449.67,157437
1755703800,2025-08-20 11:30,449.68,449.73,448.32,449.35,87138
1755707400,2025-08-20 12:30,449.38,449.39,448.57,448.85,83974
1755711000,2025-08-20 13:30,448.84,449.62,448.09,448.52,86140
1755714600,2025-08-20 14:30,448.49,450.22,448.43,449.82,92473
1755718200,2025-08-20 15:30,449.8,450.25,449.19,449.35,116920
1755783000,2025-08-21 09:30,447.68,448.95,445.85,448.63,203125
1755786600,2025-08-21 10:30,448.66,448.69,447.37,448.5,99583
1755790200,2025-08-21 11:30,448.46,449.07,447.18,447.54,109408
1755793800,2025-08-21 12:30,447.6,448,446.68,447.09,86279
1755797400,2025-08-21 13:30,447.08,448.36,447.03,447.8,62418
1755801000,2025-08-21 14:30,447.81,448.49,447.54,448.07,60995
1755804600,2025-08-21 15:30,448.06,448.17,447.63,448,62040
1755869400,2025-08-22 09:30,450.41,455.85,450.29,455.31,531401
1755873000,2025-08-22 10:30,455.49,457.34,455.47,457.34,275323
1755876600,2025-08-22 11:30,457.35,457.88,456.95,456.95,158856
1755880200,2025-08-22 12:30,457.005,457.45,456.79,457.19,65073
1755883800,2025-08-22 13:30,457.24,457.48,456.46,456.46,49988
1755887400,2025-08-22 14:30,456.54,456.91,456.35,456.49,74226
1755891000,2025-08-22 15:30,456.52,456.88,456.21,456.65,150453
1756128600,2025-08-25 09:30,455.64,456.195,454.5,454.91,202702
1756132200,2025-08-25 10:30,454.9,454.9,454.28,454.74,60564
1756135800,2025-08-25 11:30,454.765,454.78,454.02,454.29,48188
1756139400,2025-08-25 12:30,454.26,454.59,454.06,454.17,52890
1756143000,2025-08-25 13:30,454.19,454.3,453.67,453.83,46008
1756146600,2025-08-25 14:30,453.84,453.9,453.22,453.49,43622
1756150200,2025-08-25 15:30,453.49,453.69,453.03,453.07,81687
1756215000,2025-08-26 09:30,452.79,453.56,452.54,453.15,138673
1756218600,2025-08-26 10:30,453.12,453.24,452.589,452.68,48798
1756222200,2025-08-26 11:30,452.66,453.4,452.6,453.25,30521
1756225800,2025-08-26 12:30,453.25,453.6,453.07,453.58,30348
1756229400,2025-08-26 13:30,453.57,453.59,452.97,453.53,30111
1756233000,2025-08-26 14:30,453.53,454.37,453.5,454.32,64255
1756236600,2025-08-26 15:30,454.26,454.75,453.64,454.49,191767
1756301400,2025-08-27 09:30,454.31,456.01,454.21,455.43,149701
1756305000,2025-08-27 10:30,455.39,455.96,455.19,455.89,61416
1756308600,2025-08-27 11:30,455.82,455.9,455.22,455.54,31575
1756312200,2025-08-27 12:30,455.51,455.9,455.29,455.82,28344
1756315800,2025-08-27 13:30,455.85,456.48,455.83,456.36,26182
1756319400,2025-08-27 14:30,456.4,456.52,455.89,456.17,29427
1756323000,2025-08-27 15:30,456.19,456.64,456.02,456.06,93725
1756387800,2025-08-28 09:30,456.5,456.53,455.01,455.35,197518
1756391400,2025-08-28 10:30,455.35,455.57,454.8,454.98,95079
1756395000,2025-08-28 11:30,455.01,456.5,455.01,456.5,52452
1756398600,2025-08-28 12:30,456.55,456.58,455.9,456.12,46632
1756402200,2025-08-28 13:30,456.11,456.41,455.98,456.21,51287
1756405800,2025-08-28 14:30,456.2,456.87,456.17,456.74,56584
1756409400,2025-08-28 15:30,456.72,457.19,456.45,456.8,106631
1756474200,2025-08-29 09:30,456.11,456.8,454.49,455.06,209960
1756477800,2025-08-29 10:30,455.09,455.77,454.35,455.08,64705
1756481400,2025-08-29 11:30,455.14,455.6,454.74,455.27,49481
1756485000,2025-08-29 12:30,455.32,455.89,455.28,455.58,32165
1756488600,2025-08-29 13:30,455.62,456.21,455.49,455.79,28357
1756492200,2025-08-29 14:30,455.77,456.15,455.64,455.95,32014
1756495800,2025-08-29 15:30,455.94,456.33,455.51,456.1,160811
1756819800,2025-09-02 09:30,451.99,453.54,450.13,453.09,380653
1756823400,2025-09-02 10:30,453.03,453.49,451.31,451.58,142625
1756827000,2025-09-02 11:30,451.56,451.56,450.5,450.9,122172
1756830600,2025-09-02 12:30,450.9,452.31,450.8,452.13,76317
1756834200,2025-09-02 13:30,452.22,453.08,452.05,452.06,91359
1756837800,2025-09-02 14:30,452.09,452.96,451.71,452.83,67277
1756841400,2025-09-02 15:30,452.85,453.7,452.75,453.65,112290
1756906200,2025-09-03 09:30,452.88,453.73,451.45,452.08,237882
1756909800,2025-09-03 10:30,452.14,453.28,452,452.14,84934
1756913400,2025-09-03 11:30,452.13,452.41,451.54,451.85,61383
1756917000,2025-09-03 12:30,451.85,451.97,451.25,451.72,36930
1756920600,2025-09-03 13:30,451.77,451.81,450.53,451.6,85943
1756924200,2025-09-03 14:30,451.53,451.64,451.09,451.32,52205
1756927800,2025-09-03 15:30,451.34,453.38,451.34,453.3,124342
1756992600,2025-09-04 09:30,453.55,454.39,452.57,454.19,197257
1756996200,2025-09-04 10:30,454.22,455.59,454.12,455.48,112876
1756999800,2025-09-04 11:30,455.49,455.89,455.37,455.55,65104
1757003400,2025-09-04 12:30,455.58,456.23,455.31,456.15,38204
1757007000,2025-09-04 13:30,456.2,457.02,455.92,456.615,41918
1757010600,2025-09-04 14:30,456.62,457.21,456.49,456.86,51069
1757014200,2025-09-04 15:30,456.82,457.25,456.75,457.01,103017
1757079000,2025-09-05 09:30,457.12,458.64,454.48,454.72,346857
1757082600,2025-09-05 10:30,454.67,454.91,452.97,454.9,195452
1757086200,2025-09-05 11:30,454.95,455.13,454.15,454.34,77753
1757089800,2025-09-05 12:30,454.34,454.97,454,454.29,68656
1757093400,2025-09-05 13:30,454.27,454.49,453.65,454.44,63622
1757097000,2025-09-05 14:30,454.42,455.52,454.41,455.24,78122
1757100600,2025-09-05 15:30,455.25,455.26,454.47,455.04,125385
1757338200,2025-09-08 09:30,455.41,455.44,453.63,454.73,333053
1757341800,2025-09-08 10:30,454.73,456,454.66,455.8,62563
1757345400,2025-09-08 11:30,455.75,455.84,454.74,454.9,48828
1757349000,2025-09-08 12:30,454.9,455.15,454.43,455.02,43946
1757352600,2025-09-08 13:30,455.06,455.21,454.02,455.205,45615
1757356200,2025-09-08 14:30,455.21,455.62,454.89,455.09,49527
1757359800,2025-09-08 15:30,455.1,456.3,455.02,456.19,110949
1757424600,2025-09-09 09:30,455.96,456.73,455.53,455.77,301822
1757428200,2025-09-09 10:30,455.79,457.47,455.22,457.4,452367
1757431800,2025-09-09 11:30,457.39,457.8,456.25,456.86,105658
1757435400,2025-09-09 12:30,456.82,457.59,456.8,457.49,120658
1757439000,2025-09-09 13:30,457.49,458.4,457.45,458.39,71811
1757442600,2025-09-09 14:30,458.41,458.52,457.49,457.85,67250
1757446200,2025-09-09 15:30,457.86,458.54,457.75,458.01,121024
1757511000,2025-09-10 09:30,457.7,457.89,456.78,457.01,232827
1757514600,2025-09-10 10:30,456.92,456.98,454.76,455.47,151549
1757518200,2025-09-10 11:30,455.53,456.47,455.1,455.5,69267
1757521800,2025-09-10 12:30,455.501,456.38,455.04,455.57,85968
1757525400,2025-09-10 13:30,455.56,455.88,455.2,455.88,78901
1757529000,2025-09-10 14:30,455.88,456.21,455.15,455.17,95330
1757532600,2025-09-10 15:30,455.11,456.29,454.75,455.92,110063
1757597400,2025-09-11 09:30,456.85,461,456.63,460.92,374293
1757601000,2025-09-11 10:30,460.94,461.77,460.79,461.59,188425
1757604600,2025-09-11 11:30,461.65,461.94,460.98,461.71,112087
1757608200,2025-09-11 12:30,461.73,462.08,461.35,461.62,83011
1757611800,2025-09-11 13:30,461.64,462.29,461.59,461.89,53673
1757615400,2025-09-11 14:30,461.905,462.05,461.63,461.8,87904
1757619000,2025-09-11 15:30,461.82,462.33,461.82,461.905,96393
1757683800,2025-09-12 09:30,461.27,461.72,460.49,460.6,231151
1757687400,2025-09-12 10:30,460.66,460.69,460.01,460.02,75810
1757691000,2025-09-12 11:30,460.08,460.26,459.85,460.19,33007
1757694600,2025-09-12 12:30,460.22,460.43,459.88,460.37,29355
1757698200,2025-09-12 13:30,460.32,460.32,459.96,460.27,26053
1757701800,2025-09-12 14:30,460.31,460.64,459.82,459.91,53586
1757705400,2025-09-12 15:30,459.95,460.05,459.07,459.29,85491
1757943000,2025-09-15 09:30,460.01,460.56,459.2,460.45,134133
1757946600,2025-09-15 10:30,460.47,460.9,459.35,459.35,135574
1757950200,2025-09-15 11:30,459.38,459.86,458.84,459.72,87730
1757953800,2025-09-15 12:30,459.72,459.98,459.05,459.22,67220
1757957400,2025-09-15 13:30,459.19,460.01,459.19,459.51,72420
1757961000,2025-09-15 14:30,459.49,459.93,459.13,459.84,76426
1757964600,2025-09-15 15:30,459.8,460.16,459.53,460.08,119857
1758029400,2025-09-16 09:30,460.11,460.8,457.8,458.32,256064
1758033000,2025-09-16 10:30,458.3,458.79,457.87,458.19,101739
1758036600,2025-09-16 11:30,458.15,459.06,457.92,458.89,82303
1758040200,2025-09-16 12:30,458.87,459.12,458.6,458.77,72260
1758043800,2025-09-16 13:30,458.81,459.13,458.6,458.81,57333
1758047400,2025-09-16 14:30,458.8,459.33,458.64,458.7,57402
1758051000,2025-09-16 15:30,458.74,459.23,458.34,458.8,102656
1758115800,2025-09-17 09:30,459.79,461.92,459.76,461.35,190036
1758119400,2025-09-17 10:30,461.29,462.08,461.03,461.66,84708
1758123000,2025-09-17 11:30,461.64,462.22,461.14,461.2,66425
1758126600,2025-09-17 12:30,461.14,461.34,460.61,461.02,60219
1758130200,2025-09-17 13:30,461.05,463.84,460.72,463.25,178631
1758133800,2025-09-17 14:30,463.25,463.31,457.96,461.39,346714
1758137400,2025-09-17 15:30,461.39,461.765,460.73,461.41,202982
1758202200,2025-09-18 09:30,461.22,464.05,460.67,463.97,412544
1758205800,2025-09-18 10:30,463.99,464.37,462.01,462.61,206562
1758209400,2025-09-18 11:30,462.69,463.25,461.79,463.21,134700
1758213000,2025-09-18 12:30,463.14,463.97,463,463.13,114941
1758216600,2025-09-18 13:30,463.09,463.33,462.52,462.63,113248
1758220200,2025-09-18 14:30,462.63,463.22,462.08,462.56,82119
1758223800,2025-09-18 15:30,462.56,463.01,462.16,462.61,190447
1758288600,2025-09-19 09:30,462.72,462.76,461,461.87,276098
1758292200,2025-09-19 10:30,461.87,462.28,461.08,461.17,180782
1758295800,2025-09-19 11:30,461.16,462.74,460.87,462.59,119022
1758299400,2025-09-19 12:30,462.61,462.71,462.21,462.71,64604
1758303000,2025-09-19 13:30,462.7,463.02,462.43,462.64,120173
1758306600,2025-09-19 14:30,462.62,463.5,462.41,463.39,88747
1758310200,2025-09-19 15:30,463.38,463.78,462.83,462.91,220165
1758547800,2025-09-22 09:30,461.16,462.27,460.15,462.11,261772
1758551400,2025-09-22 10:30,462.06,463.66,462.02,463.08,110051
1758555000,2025-09-22 11:30,463.1,463.44,462.95,463.3,108579
1758558600,2025-09-22 12:30,463.33,463.85,463.17,463.84,71969
1758562200,2025-09-22 13:30,463.84,464.11,463.3,463.66,64402
1758565800,2025-09-22 14:30,463.64,464.05,463.47,463.91,80329
1758569400,2025-09-22 15:30,463.91,464.29,463.68,463.68,84504
1758634200,2025-09-23 09:30,464.2,467,464.19,465.82,324331
1758637800,2025-09-23 10:30,465.79,466.2,465.07,465.14,88482
1758641400,2025-09-23 11:30,465.08,465.14,463.69,464,83078
1758645000,2025-09-23 12:30,463.93,464.47,462.97,462.97,105674
1758648600,2025-09-23 13:30,462.96,463.08,462.05,462.42,169988
1758652200,2025-09-23 14:30,462.38,462.86,462.18,462.58,78607
1758655800,2025-09-23 15:30,462.59,463.33,462.48,462.94,89228
1758720600,2025-09-24 09:30,463.47,464.42,462.97,463.4,306050
1758724200,2025-09-24 10:30,463.28,463.56,462.23,462.39,79821
1758727800,2025-09-24 11:30,462.38,462.45,460.97,461.59,108480
1758731400,2025-09-24 12:30,461.59,462.11,461.35,461.77,64074
1758735000,2025-09-24 13:30,461.77,462.08,460.84,461.23,64875
1758738600,2025-09-24 14:30,461.21,461.5,460.9,461.21,58411
1758742200,2025-09-24 15:30,461.22,461.36,460.94,460.97,78116
1758807000,2025-09-25 09:30,459.89,460.87,458.73,460.4,386085
1758810600,2025-09-25 10:30,460.39,461.08,459.35,459.57,99743
1758814200,2025-09-25 11:30,459.64,460.72,459.64,459.81,102870
1758817800,2025-09-25 12:30,459.97,460.55,458.91,459.37,97249
1758821400,2025-09-25 13:30,459.34,459.42,457.7,459.05,93830
1758825000,2025-09-25 14:30,459.09,459.63,458.78,459.065,71057
1758828600,2025-09-25 15:30,459.1,459.7,458.92,459.33,111717
1758893400,2025-09-26 09:30,461.27,463.42,460.6,461.02,247497
1758897000,2025-09-26 10:30,460.95,461.67,460.33,461.65,154200
1758900600,2025-09-26 11:30,461.7,462.32,460.82,462.15,94229
1758904200,2025-09-26 12:30,462.12,463.08,461.9,462.99,72088
1758907800,2025-09-26 13:30,462.95,463.11,462.34,462.95,48421
1758911400,2025-09-26 14:30,462.94,463.21,462.36,462.46,64223
1758915000,2025-09-26 15:30,462.33,462.56,462.08,462.29,78430
1759152600,2025-09-29 09:30,463.76,463.79,461.56,461.99,253431
1759156200,2025-09-29 10:30,461.88,462.69,461.4,461.72,82404
1759159800,2025-09-29 11:30,461.73,462.16,461.31,461.89,51494
1759163400,2025-09-29 12:30,462.05,462.09,461.55,461.61,41230
1759167000,2025-09-29 13:30,461.63,462.7,461.4,462.65,71957
1759170600,2025-09-29 14:30,462.64,462.94,461.77,462.56,95423
1759174200,2025-09-29 15:30,462.58,463.25,462.54,463.04,111015
1759239000,2025-09-30 09:30,462.59,463.63,462.34,462.66,194868
1759242600,2025-09-30 10:30,462.65,462.66,460.84,461.38,182060
1759246200,2025-09-30 11:30,461.32,463.28,461,462.68,104802
1759249800,2025-09-30 12:30,462.78,462.87,461.22,461.5,61803
1759253400,2025-09-30 13:30,461.42,462.5,461.25,462.45,56173
1759257000,2025-09-30 14:30,462.47,463.46,462.27,463.35,55228
1759260600,2025-09-30 15:30,463.37,464.06,462.98,463.72,103749
1759325400,2025-10-01 09:30,462.57,464.26,462.57,463.76,423122
1759329000,2025-10-01 10:30,463.78,464.68,463.3,464.58,137890
1759332600,2025-10-01 11:30,464.56,465.13,463.84,463.84,80094
1759336200,2025-10-01 12:30,463.83,464.14,463.24,464.05,55596
1759339800,2025-10-01 13:30,464.09,464.55,463.86,464.52,61399
1759343400,2025-10-01 14:30,464.5,465.01,464.46,464.7,40276
1759347000,2025-10-01 15:30,464.7,464.91,464.23,464.27,115906
1759411800,2025-10-02 09:30,464.31,465.64,463.22,463.7,406309
1759415400,2025-10-02 10:30,463.72,463.92,462.62,463.16,208483
1759419000,2025-10-02 11:30,463.17,463.88,462.81,463.86,136713
1759422600,2025-10-02 12:30,463.85,464.37,463.44,464.04,121263
1759426200,2025-10-02 13:30,464.05,465.64,463.96,465.62,109960
1759429800,2025-10-02 14:30,465.6,465.775,465.28,465.36,94703
1759433400,2025-10-02 15:30,465.32,465.34,464.9,465.13,156906
1759498200,2025-10-03 09:30,465.82,469.03,465.68,469,387585
1759501800,2025-10-03 10:30,469,469.89,468.15,468.27,328856
1759505400,2025-10-03 11:30,468.28,470.32,468.26,470.03,237404
1759509000,2025-10-03 12:30,470.02,470.38,469.21,469.21,233484
1759512600,2025-10-03 13:30,469.19,469.59,467.45,468.65,164027
1759516200,2025-10-03 14:30,468.7,468.85,467.8,467.93,101878
1759519800,2025-10-03 15:30,467.9,468.27,467.32,467.48,155594
1759757400,2025-10-06 09:30,468.3,468.47,464.23,465.62,601383
1759761000,2025-10-06 10:30,465.59,467.05,465.58,466.9,148765
1759764600,2025-10-06 11:30,466.91,466.93,465.98,466.47,100402
1759768200,2025-10-06 12:30,466.47,466.95,466.05,466.81,57387
1759771800,2025-10-06 13:30,466.85,467.43,466.79,466.96,91381
1759775400,2025-10-06 14:30,466.97,467.15,466.57,466.66,73872
1759779000,2025-10-06 15:30,466.66,467.22,466.65,466.8,122642
1759843800,2025-10-07 09:30,467.56,468.59,466.02,466.02,431623
1759847400,2025-10-07 10:30,466.05,466.47,465.6,465.89,264628
1759851000,2025-10-07 11:30,465.91,466.07,464.4,464.87,186575
1759854600,2025-10-07 12:30,464.97,465.89,464.93,465.43,101869
1759858200,2025-10-07 13:30,465.42,465.79,464.75,465.21,70100
1759861800,2025-10-07 14:30,465.28,465.6,465.26,465.4,66101
1759865400,2025-10-07 15:30,465.4,466.05,465.35,465.97,112237
1759930200,2025-10-08 09:30,467.34,467.37,464.93,466.82,373070
1759933800,2025-10-08 10:30,466.82,467.44,466.66,467.34,78553
1759937400,2025-10-08 11:30,467.31,468.13,467.15,467.54,58636
1759941000,2025-10-08 12:30,467.57,467.78,467.08,467.29,27820
1759944600,2025-10-08 13:30,467.31,467.4,466.47,466.65,39641
1759948200,2025-10-08 14:30,466.67,466.73,465.9,466.21,62609
1759951800,2025-10-08 15:30,466.19,466.3,465.91,466.07,117323
1760016600,2025-10-09 09:30,466.17,466.78,464.05,464.21,405056
1760020200,2025-10-09 10:30,464.19,464.73,463.58,464.04,99927
1760023800,2025-10-09 11:30,464.08,464.71,463.58,464.12,80681
1760027400,2025-10-09 12:30,464.18,464.36,462.92,463.1,97203
1760031000,2025-10-09 13:30,463.13,463.81,462.69,463.09,72612
1760034600,2025-10-09 14:30,463.14,463.18,462.62,462.98,62218
1760038200,2025-10-09 15:30,462.97,463.73,462.87,463.55,111580
1760103000,2025-10-10 09:30,465.12,466.5,464.62,465.15,377394
1760106600,2025-10-10 10:30,465.2,465.481,459.03,459.44,454775
1760110200,2025-10-10 11:30,459.42,460.44,457.6,458.65,390434
1760113800,2025-10-10 12:30,458.58,459.55,457.1,458.15,127902
1760117400,2025-10-10 13:30,458.12,458.85,457.5,457.93,94862
1760121000,2025-10-10 14:30,457.93,458.13,455.85,456.14,115697
1760124600,2025-10-10 15:30,456.25,456.94,454.72,454.99,184330
1760362200,2025-10-13 09:30,458.24,460.29,458.08,458.84,372668
1760365800,2025-10-13 10:30,458.68,460.76,458.36,460.76,116726
1760369400,2025-10-13 11:30,460.79,461.22,460.38,460.72,127807
1760373000,2025-10-13 12:30,460.76,461.56,460.4,460.42,92192
1760376600,2025-10-13 13:30,460.41,461.26,459.91,461.15,55896
1760380200,2025-10-13 14:30,461.16,461.37,459.67,460.55,79334
1760383800,2025-10-13 15:30,460.53,461.17,460.53,460.72,96749
1760448600,2025-10-14 09:30,457.03,459.35,454.54,459.22,506707
1760452200,2025-10-14 10:30,459.17,460.75,459,460.04,192339
1760455800,2025-10-14 11:30,460.08,463.27,460.08,462.94,205951
1760459400,2025-10-14 12:30,462.99,464.68,462.8,464.58,114079
1760463000,2025-10-14 13:30,464.52,465.23,463.95,464.79,149159
1760466600,2025-10-14 14:30,464.67,465.03,464.25,464.31,83483
1760470200,2025-10-14 15:30,464.28,464.28,461.77,462.77,200044
1760535000,2025-10-15 09:30,464.67,466.92,464.19,466.28,451777
1760538600,2025-10-15 10:30,466.27,466.57,465.12,465.22,128139
1760542200,2025-10-15 11:30,465.2,465.3,463.01,463.85,95680
1760545800,2025-10-15 12:30,463.745,463.85,460.26,461.42,128644
1760549400,2025-10-15 13:30,461.29,463.5,461.29,462.85,97115
1760553000,2025-10-15 14:30,462.79,463.38,462.51,462.87,82422
1760556600,2025-10-15 15:30,462.88,462.92,461.78,462.675,104896
1760621400,2025-10-16 09:30,463.41,464.2,462.38,463.32,423700
1760625000,2025-10-16 10:30,463.28,464.22,462.5,462.6,155723
1760628600,2025-10-16 11:30,462.61,463.53,461,461.08,137951
1760632200,2025-10-16 12:30,460.99,462.11,458.95,461.7,151014
1760635800,2025-10-16 13:30,461.66,461.96,457.97,458.51,151605
1760639400,2025-10-16 14:30,458.66,460.33,457.84,458.61,142581
1760643000,2025-10-16 15:30,458.56,459.92,458.09,459.6,96609
1760707800,2025-10-17 09:30,459.31,462.08,459.16,460.74,408688
1760711400,2025-10-17 10:30,460.79,460.8,458.96,459.63,221548
1760715000,2025-10-17 11:30,459.66,462.05,458.99,461.54,79538
1760718600,2025-10-17 12:30,461.63,461.81,459.98,460.38,61013
1760722200,2025-10-17 13:30,460.32,462.63,460.07,462.34,80913
1760725800,2025-10-17 14:30,462.37,463.11,462.1,462.63,84712
1760729400,2025-10-17 15:30,462.62,462.62,461.66,461.75,115176
1760967000,2025-10-20 09:30,463.45,465.1,463.42,465.05,270722
1760970600,2025-10-20 10:30,465.06,466.27,464.86,465.62,128915
1760974200,2025-10-20 11:30,465.59,466.06,465.14,465.93,72498
1760977800,2025-10-20 12:30,465.99,466.86,465.75,466.62,32109
1760981400,2025-10-20 13:30,466.65,467.47,466.61,467.21,30674
1760985000,2025-10-20 14:30,467.24,467.47,466.8,467.25,53545
1760988600,2025-10-20 15:30,467.23,467.53,466.92,467.03,96402
1761053400,2025-10-21 09:30,467.07,469.26,466.91,468.55,280910
1761057000,2025-10-21 10:30,468.55,471.25,468.41,470.47,145521
1761060600,2025-10-21 11:30,470.66,470.73,469.77,470.31,85401
1761064200,2025-10-21 12:30,470.36,470.67,469.41,469.76,102340
1761067800,2025-10-21 13:30,469.82,470.43,469.58,470.07,61735
1761071400,2025-10-21 14:30,470.09,470.13,469.549,469.73,54599
1761075000,2025-10-21 15:30,469.7,470.01,469.13,469.18,74643
1761139800,2025-10-22 09:30,469.22,469.24,467.82,467.88,210638
1761143400,2025-10-22 10:30,467.81,468.49,467.2,467.67,125592
1761147000,2025-10-22 11:30,467.695,468.36,466.94,467.2,92627
1761150600,2025-10-22 12:30,467.33,467.71,465,465.77,206651
1761154200,2025-10-22 13:30,465.7,466.13,464.48,465.53,99589
1761157800,2025-10-22 14:30,465.57,466.18,465.05,465.98,76789
1761161400,2025-10-22 15:30,465.95,466.26,465.58,465.85,112997
1761226200,2025-10-23 09:30,465.55,467.12,464.89,465.64,284988
1761229800,2025-10-23 10:30,465.61,466.59,465.27,466.48,79404
1761233400,2025-10-23 11:30,466.481,466.76,465.48,466.49,72802
1761237000,2025-10-23 12:30,466.47,467.23,466.37,466.89,88190
1761240600,2025-10-23 13:30,466.93,467.84,466.93,467.62,62234
1761244200,2025-10-23 14:30,467.63,467.97,467.555,467.58,62791
1761247800,2025-10-23 15:30,467.5,467.63,467.02,467.27,98872
1761312600,2025-10-24 09:30,470.08,471.73,469.28,471.06,284868
1761316200,2025-10-24 10:30,471.08,472.55,470.62,472.48,126107
1761319800,2025-10-24 11:30,472.48,473.24,472.41,472.69,98999
1761323400,2025-10-24 12:30,472.66,472.78,471.86,472.761,113802
1761327000,2025-10-24 13:30,472.74,473.14,472.58,472.72,97522
1761330600,2025-10-24 14:30,472.73,473.07,472.5,472.67,51441
1761334200,2025-10-24 15:30,472.67,472.81,471.94,472.18,164658
1761571800,2025-10-27 09:30,474.76,475.26,473.72,474.47,286485
1761575400,2025-10-27 10:30,474.47,474.73,473.889,474.44,93262
1761579000,2025-10-27 11:30,474.45,474.76,474.24,474.32,56037
1761582600,2025-10-27 12:30,474.39,474.71,473.77,474.05,67669
1761586200,2025-10-27 13:30,474.1,474.4,473.975,474.21,44201
1761589800,2025-10-27 14:30,474.28,474.73,474.28,474.73,56083
1761593400,2025-10-27 15:30,474.73,475.62,474.73,475.34,133961
1761658200,2025-10-28 09:30,478.8,479.13,476.85,477.94,600269
1761661800,2025-10-28 10:30,478.01,478.57,477.26,477.31,148991
1761665400,2025-10-28 11:30,477.31,477.65,476.815,477.6,89960
1761669000,2025-10-28 12:30,477.66,479.36,477.63,478.74,145187
1761672600,2025-10-28 13:30,478.75,479.4,478.49,478.94,96088
1761676200,2025-10-28 14:30,478.92,478.92,477.97,478.32,77835
1761679800,2025-10-28 15:30,478.33,478.33,476.91,477.13,145990
1761744600,2025-10-29 09:30,478.69,480.37,477.8,479.77,497843
1761748200,2025-10-29 10:30,479.77,479.87,478.92,479.24,166917
1761751800,2025-10-29 11:30,479.25,480.12,479.14,479.77,139652
1761755400,2025-10-29 12:30,479.805,479.97,478.53,478.72,79346
1761759000,2025-10-29 13:30,478.65,478.75,477.81,478.205,83552
1761762600,2025-10-29 14:30,478.22,478.58,474.6,475.54,563010
1761766200,2025-10-29 15:30,475.48,476.49,474.5,476.49,193240
1761831000,2025-10-30 09:30,474.12,479.04,473.92,478.44,537573
1761834600,2025-10-30 10:30,478.55,480.12,478.55,479.27,228838
1761838200,2025-10-30 11:30,479.24,479.37,477.88,478.73,155240
1761841800,2025-10-30 12:30,478.71,478.71,477.18,477.97,93966
1761845400,2025-10-30 13:30,477.94,477.98,476.79,477.01,76371
1761849000,2025-10-30 14:30,477.02,477.3,475.3,475.82,113185
1761852600,2025-10-30 15:30,475.83,476.19,474.89,475.02,187653
1761917400,2025-10-31 09:30,475.86,476.31,474.78,475.505,333059
1761921000,2025-10-31 10:30,475.45,476.67,475.35,475.75,98715
1761924600,2025-10-31 11:30,475.77,476.06,474.41,475.17,154949
1761928200,2025-10-31 12:30,475.17,475.63,473.43,473.75,110658
1761931800,2025-10-31 13:30,473.73,475.69,473.44,475.54,87193
1761935400,2025-10-31 14:30,475.54,476.7,475.39,476.62,93700
1761939000,2025-10-31 15:30,476.7,477.15,475.65,475.68,184359
1762180200,2025-11-03 09:30,476.155,476.3,471.63,471.71,284205
1762183800,2025-11-03 10:30,471.69,473.91,471.33,473.5,111345
1762187400,2025-11-03 11:30,473.58,474.31,473.19,473.5,56941
1762191000,2025-11-03 12:30,473.45,474.01,473.255,473.39,36149
1762194600,2025-11-03 13:30,473.38,474.06,473.38,473.94,39702
1762198200,2025-11-03 14:30,473.92,474.08,473.2,473.5,41368
1762201800,2025-11-03 15:30,473.52,473.52,472.86,473.48,89231
1762266600,2025-11-04 09:30,470.43,472.6,468.8,472.41,404500
1762270200,2025-11-04 10:30,472.35,472.71,471.3,471.78,115881
1762273800,2025-11-04 11:30,471.74,472.12,470.59,471.14,60639
1762277400,2025-11-04 12:30,471.125,471.47,470.23,470.37,78931
1762281000,2025-11-04 13:30,470.38,470.92,469.98,470.68,90454
1762284600,2025-11-04 14:30,470.62,470.99,469.79,470.99,74975
1762288200,2025-11-04 15:30,470.99,471.39,470.49,470.9,113860
1762353000,2025-11-05 09:30,470.8,472.68,470.4,471.72,433703
1762356600,2025-11-05 10:30,471.71,472.03,470.45,471.27,122374
1762360200,2025-11-05 11:30,471.235,473.98,471.23,473.98,100066
1762363800,2025-11-05 12:30,473.94,474.57,473.57,473.82,80937
1762367400,2025-11-05 13:30,473.71,474.11,473.35,473.76,68748
1762371000,2025-11-05 14:30,473.69,474.03,473.6,473.68,49140
1762374600,2025-11-05 15:30,473.69,474.36,473,473.1,179583
1762439400,2025-11-06 09:30,472.09,473.42,469.37,471.05,300035
1762443000,2025-11-06 10:30,471.08,471.3,468.3,468.99,131636
1762446600,2025-11-06 11:30,468.93,469.1,467.85,468.355,115778
1762450200,2025-11-06 12:30,468.3,469.43,467.9,468.96,82458
1762453800,2025-11-06 13:30,469,470.7,469,470.59,73151
1762457400,2025-11-06 14:30,470.65,470.88,470.05,470.37,63012
1762461000,2025-11-06 15:30,470.39,470.55,468.89,469.29,178355
1762525800,2025-11-07 09:30,468.28,468.79,466.5,467.98,425593
1762529400,2025-11-07 10:30,468.07,468.5,465.9,465.93,170204
1762533000,2025-11-07 11:30,465.91,466.57,464.86,466.14,169502
1762536600,2025-11-07 12:30,466.09,467.345,465.43,467.12,102458
1762540200,2025-11-07 13:30,467.12,467.83,466.5,467.78,131866
1762543800,2025-11-07 14:30,467.8,469.68,467.8,468.85,213919
1762547400,2025-11-07 15:30,468.8,469.95,468.76,469.85,209491
1762785000,2025-11-10 09:30,471.86,473.31,471.08,471.6,334050
1762788600,2025-11-10 10:30,471.54,471.54,469.45,469.65,122057
1762792200,2025-11-10 11:30,469.8,471.34,469.52,471.14,93721
1762795800,2025-11-10 12:30,471.17,472.68,471.16,472.47,58080
1762799400,2025-11-10 13:30,472.53,473.58,472.53,473.5,70613
1762803000,2025-11-10 14:30,473.52,474.19,473.22,473.59,68621
1762806600,2025-11-10 15:30,473.53,474.09,473.43,473.79,150770
1762871400,2025-11-11 09:30,474.23,475.46,474,475.41,230301
1762875000,2025-11-11 10:30,475.4,476.3,475.1,475.615,99014
1762878600,2025-11-11 11:30,475.58,477.69,475.37,477.63,50984
1762882200,2025-11-11 12:30,477.625,479.28,477.52,479.12,85439
1762885800,2025-11-11 13:30,479.18,479.31,478.39,479.24,60634
1762889400,2025-11-11 14:30,479.245,479.79,479.12,479.28,60162
1762893000,2025-11-11 15:30,479.26,479.85,478.99,479.45,109804
1762957800,2025-11-12 09:30,480.54,484.39,480.54,483.465,304080
1762961400,2025-11-12 10:30,483.43,483.57,482.3,482.71,121181
1762965000,2025-11-12 11:30,482.66,483.49,482.3,483.17,88067
1762968600,2025-11-12 12:30,483.09,483.85,483.03,483.19,74527
1762972200,2025-11-12 13:30,483.21,483.65,482.62,482.72,36385
1762975800,2025-11-12 14:30,482.71,483.31,482.47,483.27,41357
1762979400,2025-11-12 15:30,483.18,483.62,482.52,482.8,126726
1763044200,2025-11-13 09:30,481.4,482.41,481.08,481.401,365021
1763047800,2025-11-13 10:30,481.4,481.49,478.47,478.91,165661
1763051400,2025-11-13 11:30,478.82,479.41,477.7,478.66,127821
1763055000,2025-11-13 12:30,478.61,479.05,476.93,477.06,125784
1763058600,2025-11-13 13:30,476.89,477.05,475.79,476.61,184359
1763062200,2025-11-13 14:30,476.72,476.76,474.24,474.64,155729
1763065800,2025-11-13 15:30,474.69,475.7,474.31,474.77,214624
1763130600,2025-11-14 09:30,471.38,471.44,468.9,471.13,760433
1763134200,2025-11-14 10:30,471.1,473.35,470.57,473.08,250792
1763137800,2025-11-14 11:30,473.12,473.94,472.38,473.53,124063
1763141400,2025-11-14 12:30,473.5,474.05,472.13,472.73,102039
1763145000,2025-11-14 13:30,472.71,473.34,471.81,473.025,115295
1763148600,2025-11-14 14:30,473.07,473.58,471.7,472.05,113106
1763152200,2025-11-14 15:30,471.86,472.26,471.33,471.86,170906
1763389800,2025-11-17 09:30,470.87,472.33,470.31,471.85,403364
1763393400,2025-11-17 10:30,471.83,471.905,468.87,470.65,142314
1763397000,2025-11-17 11:30,470.63,471.82,470.61,471.82,119030
1763400600,2025-11-17 12:30,471.91,471.97,469.38,469.51,115069
1763404200,2025-11-17 13:30,469.49,469.88,466.88,467.37,150909
1763407800,2025-11-17 14:30,467.33,467.515,464.54,465.65,236795
1763411400,2025-11-17 15:30,465.76,466.4,465.06,466.24,227242
1763476200,2025-11-18 09:30,462.19,463.63,459.9,460.87,670154
1763479800,2025-11-18 10:30,460.92,462.44,459.52,462.33,350984
1763483400,2025-11-18 11:30,462.33,462.7,459.97,459.97,204045
1763487000,2025-11-18 12:30,459.95,463.71,459.56,463.04,227366
1763490600,2025-11-18 13:30,463.12,464.09,462.65,462.815,185761
1763494200,2025-11-18 14:30,462.805,464.04,461.91,462.265,222765
1763497800,2025-11-18 15:30,462.32,462.57,461.22,461.36,264959
1763562600,2025-11-19 09:30,461.51,463.39,460.71,462.115,331995
1763566200,2025-11-19 10:30,462.3,462.35,459.74,460.115,110723
1763569800,2025-11-19 11:30,460.13,461.25,459.61,460.655,81186
1763573400,2025-11-19 12:30,460.65,461.79,459.5,460.9,108698
1763577000,2025-11-19 13:30,460.84,462.1,459.67,459.8,91203
1763580600,2025-11-19 14:30,459.88,462.42,459.42,461.88,97133
1763584200,2025-11-19 15:30,461.87,462.59,460.96,461.75,124731
1763649000,2025-11-20 09:30,466.68,468.84,466.47,468.77,491310
1763652600,2025-11-20 10:30,468.89,469,464.34,464.8,256873
1763656200,2025-11-20 11:30,464.8,464.95,458.82,459.62,594470
1763659800,2025-11-20 12:30,459.61,461.945,457.8,460.69,413304
1763663400,2025-11-20 13:30,460.68,460.98,457.89,460.11,242671
1763667000,2025-11-20 14:30,460.05,460.86,459.19,459.89,201655
1763670600,2025-11-20 15:30,459.9,460.06,457.69,458,207802
1763735400,2025-11-21 09:30,459.54,460.87,457.85,459.71,641047
1763739000,2025-11-21 10:30,459.68,460.87,458.45,460.87,350756
1763742600,2025-11-21 11:30,460.9,464.92,460.71,464.5,229183
1763746200,2025-11-21 12:30,464.6,464.89,461.97,462.8,129407
1763749800,2025-11-21 13:30,462.81,465.82,462.68,465.36,186984
1763753400,2025-11-21 14:30,465.32,465.56,462.51,462.52,152505
1763757000,2025-11-21 15:30,462.45,463.49,462.13,462.6,193018
1763994600,2025-11-24 09:30,463.76,464.3,461.03,463.915,456152
1763998200,2025-11-24 10:30,463.9,465.86,463.61,465.28,121191
1764001800,2025-11-24 11:30,465.28,465.36,464.07,464.65,94596
1764005400,2025-11-24 12:30,464.6,465.75,464.21,465.46,65729
1764009000,2025-11-24 13:30,465.42,465.73,464.84,464.95,51549
1764012600,2025-11-24 14:30,465.02,465.02,464.26,464.64,59971
1764016200,2025-11-24 15:30,464.62,465.17,464.11,464.41,190437
1764081000,2025-11-25 09:30,465.58,467.93,463.47,466.47,492110
1764084600,2025-11-25 10:30,466.45,468.66,466.32,467.85,209756
1764088200,2025-11-25 11:30,467.89,470.16,467.77,469.9,110583
1764091800,2025-11-25 12:30,469.97,470.36,469.81,470.15,93145
1764095400,2025-11-25 13:30,470.15,470.33,469.85,470.22,60264
1764099000,2025-11-25 14:30,470.2,471.31,469.949,470.9,87550
1764102600,2025-11-25 15:30,470.9,471.89,470.84,471.155,127739
1764167400,2025-11-26 09:30,472.2,474.13,471.92,473.38,233665
1764171000,2025-11-26 10:30,473.33,474.98,473.33,474.8,81192
1764174600,2025-11-26 11:30,474.77,475.69,474.56,475.22,58570
1764178200,2025-11-26 12:30,475.21,475.78,474.59,475.35,86364
1764181800,2025-11-26 13:30,475.24,475.53,474.48,475.43,56303
1764185400,2025-11-26 14:30,475.41,475.49,474.82,475.14,84573
1764189000,2025-11-26 15:30,475.12,475.23,474.25,474.3,143947
1764340200,2025-11-28 09:30,474.91,477.11,474.91,476.89,42071
1764343800,2025-11-28 10:30,476.89,477.445,476.76,477.13,57304
1764347400,2025-11-28 11:30,477.06,477.61,476.62,476.68,56790
1764351000,2025-11-28 12:30,476.64,477.46,476.6,477.15,68393
1764599400,2025-12-01 09:30,474.35,476.92,474.05,474.1,194843
1764603000,2025-12-01 10:30,474.07,475.41,473.54,474.91,78583
1764606600,2025-12-01 11:30,475.05,475.65,474.69,475.08,52105
1764610200,2025-12-01 12:30,475.15,475.76,474.8,475.57,49738
1764613800,2025-12-01 13:30,475.69,475.94,473.94,473.99,46078
1764617400,2025-12-01 14:30,473.98,474.35,473.68,474.05,47525
1764621000,2025-12-01 15:30,474.12,474.23,472.95,473.34,128850
1764685800,2025-12-02 09:30,474.21,475.54,473.12,474.04,244566
1764689400,2025-12-02 10:30,474.01,476.45,473.7,474.05,166692
1764693000,2025-12-02 11:30,473.95,476,473.95,475.93,77538
1764696600,2025-12-02 12:30,475.96,476.13,473.85,474.07,60893
1764700200,2025-12-02 13:30,474.11,475.23,473.6,475.18,39553
1764703800,2025-12-02 14:30,475.12,476.09,475.12,475.94,48774
1764707400,2025-12-02 15:30,475.99,476.39,475.16,475.19,106978
1764772200,2025-12-03 09:30,474.83,477,474.67,476.86,299801
1764775800,2025-12-03 10:30,476.77,477.91,476.64,477.37,128634
1764779400,2025-12-03 11:30,477.35,478.58,477,478.39,83922
1764783000,2025-12-03 12:30,478.41,479.14,478.41,479,37535
1764786600,2025-12-03 13:30,479.01,479.83,478.94,479.83,42965
1764790200,2025-12-03 14:30,479.85,480.17,479.57,479.82,41895
1764793800,2025-12-03 15:30,479.78,479.95,479.3,479.42,118905
1764858600,2025-12-04 09:30,479.71,481.24,478.5,479.7,207904
1764862200,2025-12-04 10:30,479.68,480.09,478.95,479.19,75729
1764865800,2025-12-04 11:30,479.13,479.37,478.36,479.06,54787
1764869400,2025-12-04 12:30,479.1,479.87,478.89,479.85,29418
1764873000,2025-12-04 13:30,479.92,479.92,477.5,478.12,47738
1764876600,2025-12-04 14:30,478.05,479.14,478,478.25,52079
1764880200,2025-12-04 15:30,478.18,479.19,478.18,479.11,71320
1764945000,2025-12-05 09:30,479.49,481.89,479.45,481.26,214452
1764948600,2025-12-05 10:30,481.25,481.38,480.1,480.14,130117
1764952200,2025-12-05 11:30,480.13,480.32,479.37,479.8,69645
1764955800,2025-12-05 12:30,479.88,481.04,479.3,480.9,53499
1764959400,2025-12-05 13:30,480.92,481.16,480.35,480.51,25498
1764963000,2025-12-05 14:30,480.55,480.86,480.185,480.36,26637
1764966600,2025-12-05 15:30,480.35,480.37,479.44,480,106359
1765204200,2025-12-08 09:30,480.49,480.51,478.435,479.13,273161
1765207800,2025-12-08 10:30,479.07,479.54,477.77,479.02,105644
1765211400,2025-12-08 11:30,478.94,479,477.63,477.98,77055
1765215000,2025-12-08 12:30,478.01,478.64,477.3,477.34,57156
1765218600,2025-12-08 13:30,477.28,477.7,476.85,477.33,86758
1765222200,2025-12-08 14:30,477.31,477.88,477.27,477.74,68113
1765225800,2025-12-08 15:30,477.745,478.21,477.48,478.17,93507
1765290600,2025-12-09 09:30,478.07,480.27,477.93,479.019,269995
1765294200,2025-12-09 10:30,478.98,480.02,478.86,479.49,88183
1765297800,2025-12-09 11:30,479.54,479.84,478.19,478.419,66862
1765301400,2025-12-09 12:30,478.47,478.68,476.79,477.03,237496
1765305000,2025-12-09 13:30,477.02,477.31,476.3,476.76,74515
1765308600,2025-12-09 14:30,476.73,477.11,476.54,476.74,44658
1765312200,2025-12-09 15:30,476.7,476.82,476.09,476.415,117660
1765377000,2025-12-10 09:30,476.13,478.01,475.36,477.6,225771
1765380600,2025-12-10 10:30,477.61,478.98,476.86,478.84,93364
1765384200,2025-12-10 11:30,478.73,478.93,478.24,478.39,36920
1765387800,2025-12-10 12:30,478.36,478.9,477.93,478.27,51016
1765391400,2025-12-10 13:30,478.28,479.98,477.71,478.92,138640
1765395000,2025-12-10 14:30,478.97,482.66,478.77,482.12,265028
1765398600,2025-12-10 15:30,482.07,482.75,481.24,481.45,127200
1765463400,2025-12-11 09:30,482.23,485.8,481.97,485.52,450611
1765467000,2025-12-11 10:30,485.47,486.73,485.04,485.91,122606
1765470600,2025-12-11 11:30,485.9,488.04,485.9,487.67,109752
1765474200,2025-12-11 12:30,487.7,487.88,486.93,487.39,59488
1765477800,2025-12-11 13:30,487.38,487.76,487.19,487.7,43947
1765481400,2025-12-11 14:30,487.7,488.38,487.68,487.98,64044
1765485000,2025-12-11 15:30,487.99,488.21,487.65,487.9,120805
1765549800,2025-12-12 09:30,488.7,489.66,487.41,487.53,421496
1765553400,2025-12-12 10:30,487.45,488.81,484.74,485.58,230323
1765557000,2025-12-12 11:30,485.51,486.57,484.17,485.55,129461
1765560600,2025-12-12 12:30,485.53,486.9,485.24,486.39,117374
1765564200,2025-12-12 13:30,486.44,486.45,485.22,485.35,77612
1765567800,2025-12-12 14:30,485.56,486.11,485.18,485.3,82422
1765571400,2025-12-12 15:30,485.29,485.72,484.59,485.41,151713
1765809000,2025-12-15 09:30,487.58,487.72,484.11,484.46,289302
1765812600,2025-12-15 10:30,484.46,485.79,484.35,485.62,98194
1765816200,2025-12-15 11:30,485.62,485.62,483.97,484.35,58165
1765819800,2025-12-15 12:30,484.36,485.01,483.74,484.1,37427
1765823400,2025-12-15 13:30,484.1,484.95,483.84,484.72,27886
1765827000,2025-12-15 14:30,484.74,485.45,484.54,485.235,41804
1765830600,2025-12-15 15:30,485.24,485.61,484.88,485.12,116978
1765895400,2025-12-16 09:30,484.455,485.45,482.01,482.75,268239
1765899000,2025-12-16 10:30,482.72,484.15,482.51,482.67,106199
1765902600,2025-12-16 11:30,482.66,483.17,481.94,482.19,79709
1765906200,2025-12-16 12:30,482.19,482.6,480.4,480.83,113601
1765909800,2025-12-16 13:30,480.94,482.64,480.56,481.3,76974
1765913400,2025-12-16 14:30,481.34,482.43,481.25,482.41,99153
1765917000,2025-12-16 15:30,482.45,483.15,481.92,481.96,103193
1765981800,2025-12-17 09:30,482.81,484.75,482.53,483.94,212869
1765985400,2025-12-17 10:30,483.81,483.87,480.62,481.21,195886
1765989000,2025-12-17 11:30,481.225,481.8,480.49,481.04,103529
1765992600,2025-12-17 12:30,481.05,481.68,480.25,480.42,55248
1765996200,2025-12-17 13:30,480.24,480.58,479.79,480.43,56746
1765999800,2025-12-17 14:30,480.42,480.83,480.05,480.23,59355
1766003400,2025-12-17 15:30,480.24,480.49,479.52,479.78,128204
1766068200,2025-12-18 09:30,482.17,483.94,481.271,483.18,213225
1766071800,2025-12-18 10:30,483.23,484.62,482.9,483.91,106302
1766075400,2025-12-18 11:30,483.86,484.42,479.43,480.19,99706
1766079000,2025-12-18 12:30,480.05,482.26,479.76,482.12,83742
1766082600,2025-12-18 13:30,482.21,482.8,480.72,481,43222
1766086200,2025-12-18 14:30,480.96,481.36,479.82,481.27,61703
1766089800,2025-12-18 15:30,481.19,481.83,480.42,480.47,123957
1766154600,2025-12-19 09:30,480.62,482.79,480.45,482.18,211277
1766158200,2025-12-19 10:30,482.01,482.64,481.76,482.48,87154
1766161800,2025-12-19 11:30,482.49,482.66,481.9,482.37,64035
1766165400,2025-12-19 12:30,482.4,482.66,482.035,482.55,30732
1766169000,2025-12-19 13:30,482.62,482.66,481.82,482.23,25700
1766172600,2025-12-19 14:30,482.27,482.43,481.31,481.36,114169
1766176200,2025-12-19 15:30,481.25,481.55,480.77,481.16,139123
1766413800,2025-12-22 09:30,481.86,483.71,481.86,483.15,310212
1766417400,2025-12-22 10:30,483.17,484.15,482.51,483.63,98067
1766421000,2025-12-22 11:30,483.63,484.08,483.43,483.67,52329
1766424600,2025-12-22 12:30,483.72,484.42,483.57,483.78,43431
1766428200,2025-12-22 13:30,483.77,483.88,483.22,483.56,27928
1766431800,2025-12-22 14:30,483.64,483.94,483.53,483.72,39860
1766435400,2025-12-22 15:30,483.73,483.78,483.36,483.42,108407
1766500200,2025-12-23 09:30,482.18,484,482.18,483.6,231322
1766503800,2025-12-23 10:30,483.62,484.57,483.61,483.93,67470
1766507400,2025-12-23 11:30,483.96,484.57,483.96,484.4,63624
1766511000,2025-12-23 12:30,484.34,485.03,484.24,484.98,47452
1766514600,2025-12-23 13:30,485.03,485.12,484.52,484.6,21942
1766518200,2025-12-23 14:30,484.6,484.65,484.22,484.27,30919
1766521800,2025-12-23 15:30,484.26,484.52,484.17,484.17,71031
1766586600,2025-12-24 09:30,484.185,486.09,483.61,486.05,111630
1766590200,2025-12-24 10:30,486.04,486.78,485.88,486.7,55167
1766593800,2025-12-24 11:30,486.71,487.28,486.69,487.21,43273
1766597400,2025-12-24 12:30,487.27,487.55,486.92,486.96,38551
1766759400,2025-12-26 09:30,486.84,487.59,486.4,486.99,134397
1766763000,2025-12-26 10:30,487.05,487.37,486.23,486.65,52628
1766766600,2025-12-26 11:30,486.67,486.74,486.08,486.59,18978
1766770200,2025-12-26 12:30,486.64,486.66,485.75,486,33169
1766773800,2025-12-26 13:30,486,486.5,485.99,486.2,25159
1766777400,2025-12-26 14:30,486.2,486.63,486.2,486.62,20084
1766781000,2025-12-26 15:30,486.62,487.21,486.61,487.01,72912
1767018600,2025-12-29 09:30,485.89,486.89,484.87,484.96,149740
1767022200,2025-12-29 10:30,484.96,485.12,484.37,484.49,55992
1767025800,2025-12-29 11:30,484.49,484.78,483.86,483.93,27911
1767029400,2025-12-29 12:30,483.93,484.76,483.75,484.7,38882
1767033000,2025-12-29 13:30,484.73,485.11,484.21,484.76,43584
1767036600,2025-12-29 14:30,484.78,485.47,484.78,485.22,46563
1767040200,2025-12-29 15:30,485.25,485.33,484.27,484.57,99479
1767105000,2025-12-30 09:30,484.6,484.65,482.83,483.45,197184
1767108600,2025-12-30 10:30,483.39,484.21,483.04,484.03,60090
1767112200,2025-12-30 11:30,484.02,484.1,482.97,483.48,34090
1767115800,2025-12-30 12:30,483.49,483.99,483.49,483.97,25339
1767119400,2025-12-30 13:30,484,484.18,483.8,483.91,57966
1767123000,2025-12-30 14:30,483.98,483.999,483.565,483.91,26389
1767126600,2025-12-30 15:30,483.905,484.18,483.47,483.61,67046
1767191400,2025-12-31 09:30,483.65,483.8,481.97,482.29,106276
1767195000,2025-12-31 10:30,482.22,482.51,481.7,482.23,32518
1767198600,2025-12-31 11:30,482.13,482.49,481.695,481.96,60563
1767202200,2025-12-31 12:30,481.94,482.28,481.79,482.28,18122
1767205800,2025-12-31 13:30,482.26,482.97,482.21,482.24,39040
1767209400,2025-12-31 14:30,482.23,482.26,480.75,480.93,76919
1767213000,2025-12-31 15:30,480.89,481.61,480.36,480.56,89931
1767364200,2026-01-02 09:30,481.9,481.97,478.395,479.59,450833
1767367800,2026-01-02 10:30,479.57,482.5,479.42,481.97,120331
1767371400,2026-01-02 11:30,481.885,482.39,480.55,482.14,78517
1767375000,2026-01-02 12:30,482.46,482.65,480.89,481.28,48656
1767378600,2026-01-02 13:30,481.29,483.3,480.78,483.2,50508
1767382200,2026-01-02 14:30,483.22,483.94,483.22,483.46,76579
1767385800,2026-01-02 15:30,483.41,483.75,482.66,483.62,134290
1767623400,2026-01-05 09:30,484.41,490.48,484.26,490.48,474002
1767627000,2026-01-05 10:30,490.53,490.92,489.9,490.421,126412
1767630600,2026-01-05 11:30,490.48,491.49,490.1,490.96,124563
1767634200,2026-01-05 12:30,491.045,491.71,491.03,491.54,78747
1767637800,2026-01-05 13:30,491.51,492.04,491.48,491.58,84926
1767641400,2026-01-05 14:30,491.56,491.64,490.24,490.465,93690
1767645000,2026-01-05 15:30,490.46,490.6,489.55,489.82,135169
1767709800,2026-01-06 09:30,489.33,491.92,488.97,491.81,379848
1767713400,2026-01-06 10:30,491.815,492.18,490.65,492.15,188648
1767717000,2026-01-06 11:30,492.19,493.58,491.73,493.48,81274
1767720600,2026-01-06 12:30,493.54,494.3,493.5,494.2,57332
1767724200,2026-01-06 13:30,494.19,494.94,494.11,494.45,72380
1767727800,2026-01-06 14:30,494.49,495.06,494.29,494.96,56815
1767731400,2026-01-06 15:30,494.93,495.1,494.54,494.63,111910
1767796200,2026-01-07 09:30,495.65,496.25,492.23,492.31,441567
1767799800,2026-01-07 10:30,492.38,493.15,492.05,493.04,129817
1767803400,2026-01-07 11:30,493.02,494,492.86,493.81,84315
1767807000,2026-01-07 12:30,493.74,493.74,491.85,491.92,82241
1767810600,2026-01-07 13:30,491.9,492.39,491.31,491.46,80812
1767814200,2026-01-07 14:30,491.53,491.97,490.35,490.43,80659
1767817800,2026-01-07 15:30,490.41,490.41,489.5,490.02,131404
1767882600,2026-01-08 09:30,487.81,491.99,487.81,491.47,503142
1767886200,2026-01-08 10:30,491.4,492.65,491.03,492.57,141153
1767889800,2026-01-08 11:30,492.56,493.23,492.32,492.82,106522
1767893400,2026-01-08 12:30,492.88,493.5,492.39,492.74,59308
1767897000,2026-01-08 13:30,492.69,493.03,492.12,492.57,51199
1767900600,2026-01-08 14:30,492.66,492.87,492.15,492.73,67171
1767904200,2026-01-08 15:30,492.78,493.2,492.45,492.49,123888
1767969000,2026-01-09 09:30,492.86,494.7,491.91,494.48,589416
1767972600,2026-01-09 10:30,494.43,495.04,493.11,494.45,176438
1767976200,2026-01-09 11:30,494.44,495.63,494.065,495.52,87467
1767979800,2026-01-09 12:30,495.53,495.69,494.42,494.701,43220
1767983400,2026-01-09 13:30,494.68,495.54,494.68,495.16,73716
1767987000,2026-01-09 14:30,495.18,495.36,494.88,495.36,70742
1767990600,2026-01-09 15:30,495.36,495.49,494.96,495.02,106594
1768228200,2026-01-12 09:30,492.33,493.5,490.04,492.46,509858
1768231800,2026-01-12 10:30,492.47,494.41,492.47,494.15,137740
1768235400,2026-01-12 11:30,494.22,494.94,493.9,494.23,70849
1768239000,2026-01-12 12:30,494.25,495.251,493.95,495.2,58410
1768242600,2026-01-12 13:30,495.21,495.42,494.999,495.12,44911
1768246200,2026-01-12 14:30,495.19,495.86,495.09,495.38,76462
1768249800,2026-01-12 15:30,495.35,496.33,495.35,495.89,91260
1768314600,2026-01-13 09:30,495.55,495.91,492.1,492.53,435036
1768318200,2026-01-13 10:30,492.49,494.07,492.05,492.84,200885
1768321800,2026-01-13 11:30,492.78,493.29,492.53,492.97,53871
1768325400,2026-01-13 12:30,493.05,493.07,491.9,492.37,93876
1768329000,2026-01-13 13:30,492.3,493,491.83,492.35,69248
1768332600,2026-01-13 14:30,492.38,492.53,491.11,491.17,52473
1768336200,2026-01-13 15:30,491.16,492.04,490.65,491.9,128807
1768401000,2026-01-14 09:30,490.67,491.94,489.49,489.96,513636
1768404600,2026-01-14 10:30,489.88,491.08,488.87,491.08,155634
1768408200,2026-01-14 11:30,491.02,491.39,488.55,489.39,137231
1768411800,2026-01-14 12:30,489.25,489.97,488.83,489.95,99124
1768415400,2026-01-14 13:30,489.95,490.52,489.22,490.3,84645
1768419000,2026-01-14 14:30,490.45,491.13,489.77,491.12,105578
1768422600,2026-01-14 15:30,491.09,491.7,490.37,491.56,165658
1768487400,2026-01-15 09:30,492.4,494.88,492.21,494.62,862403
1768491000,2026-01-15 10:30,494.59,495.6,493.77,495.44,352546
1768494600,2026-01-15 11:30,495.47,495.67,494.99,495.015,131972
1768498200,2026-01-15 12:30,495.03,495.64,494.79,495.47,90267
1768501800,2026-01-15 13:30,495.49,495.83,495.16,495.29,88249
1768505400,2026-01-15 14:30,495.25,495.34,493.97,494.12,134394
1768509000,2026-01-15 15:30,494.1,494.6,493.9,494.5,160087
1768573800,2026-01-16 09:30,494.5,495.97,492.88,493.6,508943
1768577400,2026-01-16 10:30,493.6,494.33,492.29,494.13,149262
1768581000,2026-01-16 11:30,494.16,494.61,493.61,493.85,73898
1768584600,2026-01-16 12:30,493.84,494.81,493.78,494.6,71345
1768588200,2026-01-16 13:30,494.6,495.11,493.83,493.91,79457
1768591800,2026-01-16 14:30,493.9,494.56,493.54,493.54,64762
1768595400,2026-01-16 15:30,493.48,493.95,493.11,493.43,97009
1768919400,2026-01-20 09:30,486.19,488.76,485.76,488.5,657898
1768923000,2026-01-20 10:30,488.45,489.05,487.08,487.91,175542
1768926600,2026-01-20 11:30,487.87,488.66,487.42,487.61,113886
1768930200,2026-01-20 12:30,487.47,487.62,486.56,486.76,109343
1768933800,2026-01-20 13:30,486.77,486.84,484.73,485.03,106155
1768937400,2026-01-20 14:30,485.04,485.34,484.25,485.149,140656
1768941000,2026-01-20 15:30,485.19,485.27,484.25,484.94,148207
1769005800,2026-01-21 09:30,485.71,489.27,485.56,488.92,551529
1769009400,2026-01-21 10:30,488.94,490.13,488.94,489.51,144668
1769013000,2026-01-21 11:30,489.45,489.48,485.89,487.34,194434
1769016600,2026-01-21 12:30,487.27,488,486.22,487.73,98751
1769020200,2026-01-21 13:30,487.8,490.89,487.27,490.46,153485
1769023800,2026-01-21 14:30,490.52,492.9,490.36,490.66,291238
1769027400,2026-01-21 15:30,490.59,491.1,490.31,490.78,134609
1769092200,2026-01-22 09:30,493.47,495.74,492.47,493.89,535433
1769095800,2026-01-22 10:30,493.82,495,493.57,494.79,99484
1769099400,2026-01-22 11:30,494.85,495.5,494.54,495.3,116618
1769103000,2026-01-22 12:30,495.35,496,494.85,494.9,82715
1769106600,2026-01-22 13:30,494.9,495.62,494.73,495.29,71656
1769110200,2026-01-22 14:30,495.32,495.38,493.48,493.49,80169
1769113800,2026-01-22 15:30,493.4,493.81,493.1,493.77,87698
1769178600,2026-01-23 09:30,491.82,492.12,490.1,490.94,445070
1769182200,2026-01-23 10:30,491.04,491.98,490.88,491.34,92411
1769185800,2026-01-23 11:30,491.34,491.77,490.82,491.71,99075
1769189400,2026-01-23 12:30,491.73,491.73,489.59,490.16,124765
1769193000,2026-01-23 13:30,490.19,491.36,489.87,490.93,60557
1769196600,2026-01-23 14:30,490.95,491.19,490.37,490.73,85551
1769200200,2026-01-23 15:30,490.69,491.25,490.56,490.98,114224
1769437800,2026-01-26 09:30,491.91,493.62,491.46,492.82,232938
1769441400,2026-01-26 10:30,492.74,493.41,492,492.65,110452
1769445000,2026-01-26 11:30,492.69,493.07,492.21,492.96,36521
1769448600,2026-01-26 12:30,492.97,494.37,492.84,494.35,99760
1769452200,2026-01-26 13:30,494.34,494.541,493.52,494.2,48534
1769455800,2026-01-26 14:30,494.17,494.85,494.06,494.44,76677
1769459400,2026-01-26 15:30,494.42,494.72,494,494.01,81230
1769524200,2026-01-27 09:30,490.69,491.21,488.89,489.04,465750
1769527800,2026-01-27 10:30,489.04,491.08,488.89,490.94,191319
1769531400,2026-01-27 11:30,490.98,491.6,489.12,489.72,130727
1769535000,2026-01-27 12:30,489.71,489.75,488.56,489.25,101758
1769538600,2026-01-27 13:30,489.28,489.9,489.2,489.82,56301
1769542200,2026-01-27 14:30,489.88,490.14,489.6,489.68,59347
1769545800,2026-01-27 15:30,489.66,490.14,489.58,490.09,89470
1769610600,2026-01-28 09:30,490.28,491.37,489.07,490.03,330615
1769614200,2026-01-28 10:30,490.09,490.79,489.87,490.74,104722
1769617800,2026-01-28 11:30,490.76,490.82,489.95,490.34,58702
1769621400,2026-01-28 12:30,490.28,490.47,489.77,490.27,79308
1769625000,2026-01-28 13:30,490.26,490.33,489.14,489.15,80374
1769628600,2026-01-28 14:30,489.14,491.26,488.94,489.76,223151
1769632200,2026-01-28 15:30,489.71,490.42,489.29,490.16,103312
1769697000,2026-01-29 09:30,490.11,492.94,488.21,488.21,981140
1769700600,2026-01-29 10:30,488.17,488.96,485.91,488.32,411627
1769704200,2026-01-29 11:30,488.32,490.63,488.3,490.11,188069
1769707800,2026-01-29 12:30,489.98,490.27,487.71,489.19,185276
1769711400,2026-01-29 13:30,489.12,489.96,488.35,489.87,149005
1769715000,2026-01-29 14:30,489.93,490.13,488.945,489.23,144845
1769718600,2026-01-29 15:30,489.31,490.61,489.22,490.25,164768
1769783400,2026-01-30 09:30,489.1,490.48,488.28,488.51,599720
1769787000,2026-01-30 10:30,488.4,489.62,485.88,486.27,233919
1769790600,2026-01-30 11:30,486.2,487,485.14,486.54,185579
1769794200,2026-01-30 12:30,486.51,486.96,484.58,486.14,165217
1769797800,2026-01-30 13:30,486.14,489.05,485.12,487.98,196948
1769801400,2026-01-30 14:30,487.89,488.93,487.44,488.32,173204
1769805000,2026-01-30 15:30,488.31,489.71,488.24,488.95,167858
1770042600,2026-02-02 09:30,488.87,492.47,487.06,492.13,596153
1770046200,2026-02-02 10:30,492.1,493.77,492.04,493.38,174751
1770049800,2026-02-02 11:30,493.37,493.96,492.8,493.69,101561
1770053400,2026-02-02 12:30,493.69,494.13,493.22,493.38,85048
1770057000,2026-02-02 13:30,493.43,494.32,493.34,494.249,69473
1770060600,2026-02-02 14:30,494.25,494.83,493.71,494.1,88647
1770064200,2026-02-02 15:30,494.08,494.44,493.81,494.07,109039
1770129000,2026-02-03 09:30,493.14,496.5,493.11,494.77,696388
1770132600,2026-02-03 10:30,494.78,495.12,493.6,493.67,224682
1770136200,2026-02-03 11:30,493.63,493.79,491.66,491.78,183883
1770139800,2026-02-03 12:30,491.73,491.75,489.42,489.48,259309
1770143400,2026-02-03 13:30,489.44,490.23,488.28,489.57,276196
1770147000,2026-02-03 14:30,489.64,491.46,489.4,491.44,228630
1770150600,2026-02-03 15:30,491.49,492.76,491.49,492.29,131496
1770215400,2026-02-04 09:30,493.92,496.36,492.56,496.07,797521
1770219000,2026-02-04 10:30,496.11,496.49,494.45,496.28,369641
1770222600,2026-02-04 11:30,496.29,496.39,493.35,493.67,312281
1770226200,2026-02-04 12:30,493.67,494.23,491.11,492.65,275576
1770229800,2026-02-04 13:30,492.68,493.52,491.64,493.37,247405
1770233400,2026-02-04 14:30,493.56,495.99,493.43,495.46,261118
1770237000,2026-02-04 15:30,495.48,496.06,494.55,494.85,192732
1770301800,2026-02-05 09:30,492.46,493.39,488.68,488.9,769257
1770305400,2026-02-05 10:30,488.95,490.45,488.24,490.01,418797
1770309000,2026-02-05 11:30,490.09,492.2,489.75,492.07,226654
1770312600,2026-02-05 12:30,492.19,492.52,489.85,490.04,127046
1770316200,2026-02-05 13:30,490.11,491.39,489.08,490.96,96252
1770319800,2026-02-05 14:30,490.97,490.97,489.15,489.4,96234
1770323400,2026-02-05 15:30,489.37,489.53,488.39,488.87,194275
1770388200,2026-02-06 09:30,492.37,497.75,492.16,497.02,763339
1770391800,2026-02-06 10:30,497.07,498.21,496.41,497.65,332656
1770395400,2026-02-06 11:30,497.68,499.06,497.67,498.7,342321
1770399000,2026-02-06 12:30,498.755,499.78,498.4,499.32,176829
1770402600,2026-02-06 13:30,499.35,500.11,499.34,500.06,111449
1770406200,2026-02-06 14:30,500.08,500.46,499.67,500.21,161308
1770409800,2026-02-06 15:30,500.2,501.68,500.11,500.92,367482
1770647400,2026-02-09 09:30,500.11,501.08,498.34,500.84,743818
1770651000,2026-02-09 10:30,500.83,502.16,500.79,500.97,123136
1770654600,2026-02-09 11:30,500.9,501.49,500.64,501.04,119603
1770658200,2026-02-09 12:30,501.06,501.32,500.27,500.79,82030
1770661800,2026-02-09 13:30,500.91,501.83,500.75,501.65,72835
1770665400,2026-02-09 14:30,501.69,501.99,501.18,501.32,94839
1770669000,2026-02-09 15:30,501.32,501.75,500.97,501.21,136349
1770733800,2026-02-10 09:30,502.34,505.31,502.22,504.24,735856
1770737400,2026-02-10 10:30,504.24,504.63,502.54,503.43,308535
1770741000,2026-02-10 11:30,503.45,504.57,503.32,504.04,182463
1770744600,2026-02-10 12:30,504.09,504.1,502,502.02,110573
1770748200,2026-02-10 13:30,502,502.44,501.26,502.43,212471
1770751800,2026-02-10 14:30,502.45,502.95,502.25,502.53,91414
1770755400,2026-02-10 15:30,502.525,502.67,501.64,501.91,172478
1770820200,2026-02-11 09:30,504.23,505.11,499.62,500.5,615148
1770823800,2026-02-11 10:30,500.15,501.93,499.14,500.95,237329
1770827400,2026-02-11 11:30,500.93,502.61,500.75,502.13,112029
1770831000,2026-02-11 12:30,502.12,502.41,500.37,501.25,106338
1770834600,2026-02-11 13:30,501.27,501.98,500.38,501.67,117195
1770838200,2026-02-11 14:30,501.62,501.87,501.16,501.48,77624
1770841800,2026-02-11 15:30,501.35,501.79,501.04,501.22,111837
1770906600,2026-02-12 09:30,503.13,504.545,502.73,503.04,695906
1770910200,2026-02-12 10:30,503.07,503.26,496.28,496.315,355632
1770913800,2026-02-12 11:30,496.33,497.215,495.19,495.38,451993
1770917400,2026-02-12 12:30,495.41,496.41,494.42,494.95,292508
1770921000,2026-02-12 13:30,494.93,497.26,494.72,496.54,257040
1770924600,2026-02-12 14:30,496.51,498.07,496.49,496.58,192243
1770928200,2026-02-12 15:30,496.59,496.69,494.33,494.63,171115
1770993000,2026-02-13 09:30,495.04,495.69,491.19,495.39,1157308
1770996600,2026-02-13 10:30,495.36,496.62,494.44,496.33,288715
1771000200,2026-02-13 11:30,496.21,497.57,495.73,496.81,179735
1771003800,2026-02-13 12:30,496.79,497.78,496.42,497.04,131524
1771007400,2026-02-13 13:30,497.1,497.38,495.96,496.24,77315
1771011000,2026-02-13 14:30,496.27,496.57,494.22,494.34,118174
1771014600,2026-02-13 15:30,494.34,495.44,493.87,495.28,187828
1771338600,2026-02-17 09:30,495.33,497.56,492.67,493.16,717763
1771342200,2026-02-17 10:30,493.23,496.87,492.13,495.78,277363
1771345800,2026-02-17 11:30,495.77,496.56,494.88,495.89,136678
1771349400,2026-02-17 12:30,495.79,496.04,493.81,495.49,149988
1771353000,2026-02-17 13:30,495.64,497.29,495.37,496.48,116099
1771356600,2026-02-17 14:30,496.44,496.9,495.9,495.97,74826
1771360200,2026-02-17 15:30,495.95,496.19,495.27,495.9,130332
1771425000,2026-02-18 09:30,496.82,499.33,494.65,498.5,580094
1771428600,2026-02-18 10:30,498.57,499.2,498.26,498.5,107221
1771432200,2026-02-18 11:30,498.48,499.19,498.14,498.79,78432
1771435800,2026-02-18 12:30,498.775,499,497.82,498.1,63082
1771439400,2026-02-18 13:30,498.18,498.29,496.6,497.13,86127
1771443000,2026-02-18 14:30,497.2,497.26,495.69,495.83,94925
1771446600,2026-02-18 15:30,495.82,497.6,495.82,496.97,112915
1771511400,2026-02-19 09:30,495.62,496,493.84,495.07,529275
1771515000,2026-02-19 10:30,495.06,496.5,494.385,494.42,138498
1771518600,2026-02-19 11:30,494.55,495.22,493.37,494.51,102458
1771522200,2026-02-19 12:30,494.49,494.66,492.41,492.84,102317
1771525800,2026-02-19 13:30,492.84,494.35,492.64,493.82,63529
1771529400,2026-02-19 14:30,493.76,494.08,492.72,493.74,91445
1771533000,2026-02-19 15:30,493.73,494.42,493.64,494.4,88754
1771597800,2026-02-20 09:30,492.53,497,491.39,495.03,768865
1771601400,2026-02-20 10:30,494.99,495.41,493.62,493.62,197690
1771605000,2026-02-20 11:30,493.6,495.3,492.03,492.48,187659
1771608600,2026-02-20 12:30,492.55,494.4,492.38,493.515,213967
1771612200,2026-02-20 13:30,493.49,496.11,493.08,495.34,208631
1771615800,2026-02-20 14:30,495.37,496,494.81,495.66,69451
1771619400,2026-02-20 15:30,495.64,496.19,495.425,496.16,102530
1771857000,2026-02-23 09:30,494.5,496.94,489.08,489.53,608866
1771860600,2026-02-23 10:30,489.61,489.9,487.66,489.18,313044
1771864200,2026-02-23 11:30,489.16,489.415,488.06,488.09,161359
1771867800,2026-02-23 12:30,488.05,489.87,487.57,489.85,146423
1771871400,2026-02-23 13:30,489.87,490,487.62,487.65,288607
1771875000,2026-02-23 14:30,487.68,488.25,487.41,487.97,205742
1771878600,2026-02-23 15:30,487.91,488.39,487.15,488.02,234103
1771943400,2026-02-24 09:30,488.39,492.53,487.45,492.37,807935
1771947000,2026-02-24 10:30,492.32,492.42,491.37,491.6,153038
1771950600,2026-02-24 11:30,491.56,492.29,490.73,492.09,111491
1771954200,2026-02-24 12:30,492.09,492.6,491.75,492.03,46406
1771957800,2026-02-24 13:30,492.03,492.85,491.66,491.85,79806
1771961400,2026-02-24 14:30,491.86,492.31,491.33,491.41,66837
1771965000,2026-02-24 15:30,491.4,492.36,491.4,491.78,102437
1772029800,2026-02-25 09:30,493.63,494.3,492.12,492.5,464385
1772033400,2026-02-25 10:30,492.38,493.77,491.91,493.54,132821
1772037000,2026-02-25 11:30,493.55,494.35,493.4,493.94,76075
1772040600,2026-02-25 12:30,494.025,494.91,493.88,494.5,46942
1772044200,2026-02-25 13:30,494.55,494.68,494.195,494.27,39856
1772047800,2026-02-25 14:30,494.3,494.94,494.3,494.66,48881
1772051400,2026-02-25 15:30,494.57,495.12,494.54,494.8,132596
1772116200,2026-02-26 09:30,497.02,498.21,492.29,492.75,692991
1772119800,2026-02-26 10:30,492.66,495.65,492.43,494.98,286536
1772123400,2026-02-26 11:30,495.06,495.09,492.75,492.87,146145
1772127000,2026-02-26 12:30,492.91,493.36,492.25,493.13,153541
1772130600,2026-02-26 13:30,493.13,495.31,493,494.715,125428
1772134200,2026-02-26 14:30,494.81,495.53,494.64,494.98,148925
1772137800,2026-02-26 15:30,494.98,495.27,494.74,494.89,139937
1772202600,2026-02-27 09:30,489.63,490.94,486.76,488.33,639368
1772206200,2026-02-27 10:30,488.33,490.29,487.99,489.971,155548
1772209800,2026-02-27 11:30,490.02,490.41,487.36,487.385,132860
1772213400,2026-02-27 12:30,487.32,488.78,487.1,488.43,157398
1772217000,2026-02-27 13:30,488.41,489.17,487.92,487.95,93060
1772220600,2026-02-27 14:30,487.96,489.59,487.61,489.23,122165
1772224200,2026-02-27 15:30,489.21,489.95,488.75,489.72,229055
1772461800,2026-03-02 09:30,484.335,489.48,484.16,488.16,836262
1772465400,2026-03-02 10:30,488.175,489.45,487,487.37,204071
1772469000,2026-03-02 11:30,487.41,490.23,487.07,489.42,157124
1772472600,2026-03-02 12:30,489.39,490.14,489.19,489.8,84109
1772476200,2026-03-02 13:30,489.81,490.61,488.54,490.6,109119
1772479800,2026-03-02 14:30,490.59,490.97,487.94,488.63,189399
1772483400,2026-03-02 15:30,488.67,489.66,488.56,489.23,172385
1772548200,2026-03-03 09:30,480.16,481.77,476.73,476.99,1176440
1772551800,2026-03-03 10:30,476.98,481.45,476.98,481.15,472652
1772555400,2026-03-03 11:30,481.07,483.65,480.25,483.45,244913
1772559000,2026-03-03 12:30,483.41,485.33,482.27,484.91,179952
1772562600,2026-03-03 13:30,484.86,486.45,484.84,485.71,186193
1772566200,2026-03-03 14:30,485.74,487.37,484.935,486.3,223231
1772569800,2026-03-03 15:30,486.22,486.38,484.84,485.52,169999
1772634600,2026-03-04 09:30,486.59,488.88,483.955,488.51,805620
1772638200,2026-03-04 10:30,488.55,488.96,487.03,488.23,244747
1772641800,2026-03-04 11:30,488.27,489.02,487.97,488.22,169333
1772645400,2026-03-04 12:30,488.23,488.91,487.62,488.18,129555
1772649000,2026-03-04 13:30,488.25,488.61,487.97,488.05,159868
1772652600,2026-03-04 14:30,488.11,488.75,487.99,488.45,138114
1772656200,2026-03-04 15:30,488.46,488.74,487.69,487.76,184268
1772721000,2026-03-05 09:30,483.83,485.48,481.25,481.64,476840
1772724600,2026-03-05 10:30,481.69,482.25,479.24,479.46,289004
1772728200,2026-03-05 11:30,479.45,480.94,478.4,478.48,225713
1772731800,2026-03-05 12:30,478.48,479.02,477.11,477.47,271724
1772735400,2026-03-05 13:30,477.61,478.42,476.73,476.9,161171
1772739000,2026-03-05 14:30,476.84,479.59,476.17,478.9,309705
1772742600,2026-03-05 15:30,478.85,480.08,478.7,479.87,207223
1772807400,2026-03-06 09:30,473.72,474.21,470.46,473.93,783750
1772811000,2026-03-06 10:30,473.97,475.67,473.07,474.22,231587
1772814600,2026-03-06 11:30,474.23,475.32,473.41,474,241712
1772818200,2026-03-06 12:30,473.91,475.96,472.7,474.72,195343
1772821800,2026-03-06 13:30,474.755,475.38,473.85,475.26,104424
1772825400,2026-03-06 14:30,475.27,476.23,474.78,474.84,118420
1772829000,2026-03-06 15:30,474.78,475.87,474.31,475.23,218010
1773063000,2026-03-09 09:30,470.94,471.39,466.7,467.85,709997
1773066600,2026-03-09 10:30,467.92,472.21,467.92,472.05,339766
1773070200,2026-03-09 11:30,472.08,472.89,470.75,472.25,321068
1773073800,2026-03-09 12:30,472.34,473.25,470.82,470.87,251701
1773077400,2026-03-09 13:30,470.86,472.44,470.35,471.91,152267
1773081000,2026-03-09 14:30,471.87,477.59,471.63,477.59,355671
1773084600,2026-03-09 15:30,477.525,479.39,476.43,477.91,248251
1773149400,2026-03-10 09:30,477.74,478.35,475.01,477.65,464220
1773153000,2026-03-10 10:30,477.69,480.76,477.69,480.63,228748
1773156600,2026-03-10 11:30,480.62,481.07,479.35,480.11,148136
1773160200,2026-03-10 12:30,480.11,482.87,480.1,482.74,113498
1773163800,2026-03-10 13:30,482.71,482.72,477.91,479.5,288368
1773167400,2026-03-10 14:30,479.56,480.29,478,478,184894
1773171000,2026-03-10 15:30,478.02,478.87,477.19,477.73,160330
1773235800,2026-03-11 09:30,477.4,477.76,473.53,474.08,778532
1773239400,2026-03-11 10:30,474.16,476.89,473.45,473.5,331495
1773243000,2026-03-11 11:30,473.54,473.79,472.45,473.17,238240
1773246600,2026-03-11 12:30,473.21,475.28,473.21,475.05,148853
1773250200,2026-03-11 13:30,475.08,475.13,472.87,474.49,223393
1773253800,2026-03-11 14:30,474.57,474.57,473.4,473.97,110987
1773257400,2026-03-11 15:30,474.02,475.06,473.86,474.81,141564
1773322200,2026-03-12 09:30,470.32,470.76,468.04,468.08,761730
1773325800,2026-03-12 10:30,468.16,470.53,467.84,468.48,381896
1773329400,2026-03-12 11:30,468.39,471.48,467.57,469.46,330668
1773333000,2026-03-12 12:30,469.52,470.71,468.82,469.14,194299
1773336600,2026-03-12 13:30,469.15,470.1,468.24,468.61,97460
1773340200,2026-03-12 14:30,468.6,469.22,468,468.87,90202
1773343800,2026-03-12 15:30,468.87,469.33,467.4,467.45,137239
1773408600,2026-03-13 09:30,469.94,472.09,468.68,469.5,568708
1773412200,2026-03-13 10:30,469.43,470.59,467.5,467.61,217828
1773415800,2026-03-13 11:30,467.65,468.78,467.13,467.81,135581
1773419400,2026-03-13 12:30,467.71,468.25,466.85,467.68,131499
1773423000,2026-03-13 13:30,467.67,467.79,466.4,467.09,65260
1773426600,2026-03-13 14:30,467,468.1,466.44,466.6,116966
1773430200,2026-03-13 15:30,466.66,467,465.78,466.46,184987
1773667800,2026-03-16 09:30,470.125,472.69,469.4,471.66,455147
1773671400,2026-03-16 10:30,471.56,471.6,469.12,471.25,160632
1773675000,2026-03-16 11:30,471.28,471.73,469.05,469.27,94232
1773678600,2026-03-16 12:30,469.33,470.67,468.99,470.3,88258
1773682200,2026-03-16 13:30,470.3,470.9,469.26,470.72,81004
1773685800,2026-03-16 14:30,470.7,471.81,470.2,470.63,113542
1773689400,2026-03-16 15:30,470.61,470.72,469.87,470.31,56458
1773754200,2026-03-17 09:30,473.38,475.12,471.48,472.06,510004
1773757800,2026-03-17 10:30,472.14,473.13,471.84,472.16,134222
1773761400,2026-03-17 11:30,472.21,472.45,470.77,471.53,114906
1773765000,2026-03-17 12:30,471.47,472.13,471.08,471.89,63005
1773768600,2026-03-17 13:30,471.86,472.09,470.88,471,73403
1773772200,2026-03-17 14:30,470.99,471.73,470.91,471.07,74830
1773775800,2026-03-17 15:30,471.02,471.41,470.62,470.925,108780
1773840600,2026-03-18 09:30,468.77,469.74,466.31,466.51,628338
1773844200,2026-03-18 10:30,466.47,467.72,466.13,466.59,195636
1773847800,2026-03-18 11:30,466.58,467.15,466.04,466.89,151305
1773851400,2026-03-18 12:30,466.87,467.23,466.05,466.21,131990
1773855000,2026-03-18 13:30,466.24,467.05,465.745,466.3,165681
1773858600,2026-03-18 14:30,466.18,466.38,463.4,463.56,170945
1773862200,2026-03-18 15:30,463.53,463.76,462.76,463.03,156768
1773927000,2026-03-19 09:30,460.01,461.7,458.28,458.56,581794
1773930600,2026-03-19 10:30,458.55,461.05,458.47,459.73,169455
1773934200,2026-03-19 11:30,459.72,460.56,458.5,459.83,128735
1773937800,2026-03-19 12:30,459.79,460.46,458.17,459.47,101629
1773941400,2026-03-19 13:30,459.55,460.39,458.77,459.2,81452
1773945000,2026-03-19 14:30,459.24,463.37,458.59,461.51,287874
1773948600,2026-03-19 15:30,461.55,462.11,460.9,461.13,137504
1774013400,2026-03-20 09:30,458.73,460.59,456.93,457.1,731911
1774017000,2026-03-20 10:30,457.04,459.17,456.7,457.07,286974
1774020600,2026-03-20 11:30,457.06,458.51,456.99,458.09,175383
1774024200,2026-03-20 12:30,458.07,458.87,457.2,458.15,215504
1774027800,2026-03-20 13:30,458.17,458.27,455.51,455.99,200242
1774031400,2026-03-20 14:30,455.965,456.14,454.62,455.02,159006
1774035000,2026-03-20 15:30,455.05,456.2,453.58,455.92,209497
1774272600,2026-03-23 09:30,463.3,466.1,461.54,465,678160
1774276200,2026-03-23 10:30,464.87,467.04,464.31,465.77,318627
1774279800,2026-03-23 11:30,465.83,466.15,460.92,460.98,234251
1774283400,2026-03-23 12:30,461,462.62,460.93,462.01,147972
1774287000,2026-03-23 13:30,462.07,464.14,461.98,463.4,148548
1774290600,2026-03-23 14:30,463.53,465.02,462.92,463.06,141685
1774294200,2026-03-23 15:30,463.05,463.81,461.86,461.93,123606
1774359000,2026-03-24 09:30,458.46,461.2,457.44,460.47,454024
1774362600,2026-03-24 10:30,460.49,463.9,460.18,463.49,284750
1774366200,2026-03-24 11:30,463.45,463.94,461.99,463.22,154958
1774369800,2026-03-24 12:30,463.28,463.37,460.98,461.6,89356
1774373400,2026-03-24 13:30,461.59,462.605,460.77,462.35,127201
1774377000,2026-03-24 14:30,462.38,463.7,462.16,462.26,120506
1774380600,2026-03-24 15:30,462.24,462.46,460.88,461.18,77302
1774445400,2026-03-25 09:30,465.73,467.23,463.03,464.32,507453
1774449000,2026-03-25 10:30,464.34,465.44,461.8,464.71,242317
1774452600,2026-03-25 11:30,464.68,464.89,463.32,464.27,141684
1774456200,2026-03-25 12:30,464.29,465.03,464.09,464.85,156884
1774459800,2026-03-25 13:30,464.79,465.7,464.27,464.5,102564
1774463400,2026-03-25 14:30,464.6,464.87,463.47,464.21,121093
1774467000,2026-03-25 15:30,464.14,464.52,463.57,464.2,81082
1774531800,2026-03-26 09:30,461.535,465.16,461.39,464.37,441251
1774535400,2026-03-26 10:30,464.38,465.44,462.29,462.69,324444
1774539000,2026-03-26 11:30,462.64,462.69,460.33,460.52,235124
1774542600,2026-03-26 12:30,460.53,461.37,459.64,460.09,162285
1774546200,2026-03-26 13:30,460.09,460.51,459.37,459.91,153971
1774549800,2026-03-26 14:30,459.92,460.56,459.26,459.5,152012
1774553400,2026-03-26 15:30,459.5,459.69,458.93,459.35,113705
1774618200,2026-03-27 09:30,457.36,457.5,454.25,455.02,409233
1774621800,2026-03-27 10:30,455.02,456.96,454.82,456.04,185184
1774625400,2026-03-27 11:30,456.22,457.24,454.2,454.62,105220
1774629000,2026-03-27 12:30,454.63,455.56,453.47,453.49,123469
1774632600,2026-03-27 13:30,453.59,453.73,451.9,452.2,153411
1774636200,2026-03-27 14:30,452.16,453.05,451.57,451.86,99491
1774639800,2026-03-27 15:30,451.9,452.12,450.49,451.34,161947
1774877400,2026-03-30 09:30,455.65,456.06,452.67,453.99,518816
1774881000,2026-03-30 10:30,453.98,455.86,453.08,454.84,210832
1774884600,2026-03-30 11:30,454.84,456.12,454.3,454.39,105113
1774888200,2026-03-30 12:30,454.35,454.81,452.67,452.87,75298
1774891800,2026-03-30 13:30,452.9,453.59,452.24,452.55,132930
1774895400,2026-03-30 14:30,452.56,453.14,450.44,450.66,135136
1774899000,2026-03-30 15:30,450.62,452.57,450.52,452.05,155883
1774963800,2026-03-31 09:30,456.81,458.71,455.18,457.71,580579
1774967400,2026-03-31 10:30,457.79,458.13,454.67,456.75,253600
1774971000,2026-03-31 11:30,456.73,457.86,456.02,457.49,114490
1774974600,2026-03-31 12:30,457.48,463.04,457.17,461.11,534102
1774978200,2026-03-31 13:30,461.13,462.29,460.76,461.86,90835
1774981800,2026-03-31 14:30,461.81,462.76,461.53,462.38,111456
1774985400,2026-03-31 15:30,462.36,463.8,462.31,463.21,151813
1775050200,2026-04-01 09:30,466,467.24,464.52,465.76,519713
1775053800,2026-04-01 10:30,465.8,467.67,464.81,467.19,179033
1775057400,2026-04-01 11:30,467.16,467.86,466.89,466.95,88506
1775061000,2026-04-01 12:30,466.93,467.85,466.69,467.7,103708
1775064600,2026-04-01 13:30,467.75,467.79,465.04,465.22,153939
1775068200,2026-04-01 14:30,465.24,466.41,465.1,466.35,126708
1775071800,2026-04-01 15:30,466.32,466.82,465.3,465.57,146074
1775136600,2026-04-02 09:30,460.16,462.06,458.87,461.95,255912
1775140200,2026-04-02 10:30,461.81,467.52,461.79,465.02,309314
1775143800,2026-04-02 11:30,465.07,465.49,462.87,463.28,46955
1775147400,2026-04-02 12:30,463.2,464.84,463.2,464.36,47814
1775151000,2026-04-02 13:30,464.37,464.37,463.09,463.66,31759
1775154600,2026-04-02 14:30,463.77,464.84,463.59,464.57,27032
1775158200,2026-04-02 15:30,464.54,465.25,464.28,464.96,52715
1775482200,2026-04-06 09:30,464.16,466.94,463.46,466.5,243006
1775485800,2026-04-06 10:30,466.55,467,465.35,465.72,48603
1775489400,2026-04-06 11:30,465.69,466.28,465.19,466.05,10743
1775493000,2026-04-06 12:30,466,466.56,464.63,465.645,19263
1775496600,2026-04-06 13:30,465.57,466.62,465.1,466.43,22579
1775500200,2026-04-06 14:30,466.45,466.56,465.8,465.91,26153
1775503800,2026-04-06 15:30,465.91,466.8,465.86,466.79,45261
1775568600,2026-04-07 09:30,465.83,466.05,462.42,464.65,166447
1775572200,2026-04-07 10:30,464.615,465.43,462.11,463.09,115406
1775575800,2026-04-07 11:30,463.1,465.5,462.35,464.4,86188
1775579400,2026-04-07 12:30,464.38,464.95,463.87,464.16,30013
1775583000,2026-04-07 13:30,464.28,466.06,464.22,464.75,33457
1775586600,2026-04-07 14:30,464.66,465.7,462.55,464.83,83049
1775590200,2026-04-07 15:30,464.73,466.27,464.02,466,104954
1775655000,2026-04-08 09:30,478.885,480.18,477.64,477.71,291335
1775658600,2026-04-08 10:30,477.79,477.83,475.55,476.49,70456
1775662200,2026-04-08 11:30,476.53,478.57,476.53,477.85,74007
1775665800,2026-04-08 12:30,477.87,478.46,477.59,477.69,21250
1775669400,2026-04-08 13:30,477.7,479.23,477.59,478.18,48855
1775673000,2026-04-08 14:30,478.27,478.4,476.81,477.235,40506
1775676600,2026-04-08 15:30,477.3,479.27,477.3,479.19,91133
1775741400,2026-04-09 09:30,477.49,478.77,477.01,477.97,129287
1775745000,2026-04-09 10:30,477.99,478.74,477.35,478.47,112626
1775748600,2026-04-09 11:30,478.4,482.19,478.3,481.75,140562
1775752200,2026-04-09 12:30,481.77,482.94,481.47,482.66,102945
1775755800,2026-04-09 13:30,482.59,483.27,481.75,481.98,63136
1775759400,2026-04-09 14:30,482,482.52,481.62,482.19,24352
1775763000,2026-04-09 15:30,482.24,482.61,481.8,481.82,61745
1775827800,2026-04-10 09:30,482.16,482.38,479.47,481.15,146052
1775831400,2026-04-10 10:30,481.18,481.31,480.22,480.44,37167
1775835000,2026-04-10 11:30,480.6,480.6,479.16,479.22,58495
1775838600,2026-04-10 12:30,479.3,479.37,478.7,478.76,52982
1775842200,2026-04-10 13:30,478.77,479.65,478.73,479.56,28416
1775845800,2026-04-10 14:30,479.61,479.67,479.14,479.21,16687
1775849400,2026-04-10 15:30,479.19,479.33,478.66,479.27,39829
1776087000,2026-04-13 09:30,476.14,477.77,475.19,477.16,278309
1776090600,2026-04-13 10:30,477.15,477.84,476.345,476.47,35947
1776094200,2026-04-13 11:30,476.52,478.5,476.25,478.49,45753
1776097800,2026-04-13 12:30,478.36,479.82,478.17,479.52,99935
1776101400,2026-04-13 13:30,479.53,480.1,479.225,479.87,41421
1776105000,2026-04-13 14:30,479.88,480.72,479.76,480.68,44711
1776108600,2026-04-13 15:30,480.65,482.28,480.65,482.1,65094
1776173400,2026-04-14 09:30,482.41,484.98,481.91,484.1,250829
1776177000,2026-04-14 10:30,484.03,485.57,483.83,485.4,123795
1776180600,2026-04-14 11:30,485.39,485.62,484.98,485.25,49692
1776184200,2026-04-14 12:30,485.21,485.31,484.54,484.98,36218
1776187800,2026-04-14 13:30,485,485.44,484.45,484.66,53521
1776191400,2026-04-14 14:30,484.67,485.71,484.63,485.7,41074
1776195000,2026-04-14 15:30,485.69,485.98,485.24,485.5,67612
1776259800,2026-04-15 09:30,486.51,487.06,483.62,484.54,258408
1776263400,2026-04-15 10:30,484.6,484.6,483.25,483.74,33787
1776267000,2026-04-15 11:30,483.75,483.75,482.86,483.25,30878
1776270600,2026-04-15 12:30,483.28,483.86,482.98,483.75,24688
1776274200,2026-04-15 13:30,483.69,484.59,483.66,484.22,31302
1776277800,2026-04-15 14:30,484.25,485.1,483.98,485.01,44362
1776281400,2026-04-15 15:30,484.98,485.06,484.36,484.65,38335
1776346200,2026-04-16 09:30,485.83,486.78,483.35,483.74,252510
1776349800,2026-04-16 10:30,483.76,485.72,483.44,484.51,258226
1776353400,2026-04-16 11:30,484.44,485.91,484.24,485.86,68511
1776357000,2026-04-16 12:30,485.88,485.88,484.46,484.97,37904
1776360600,2026-04-16 13:30,485.01,485.77,484.91,485.33,61891
1776364200,2026-04-16 14:30,485.34,485.89,485.23,485.71,35117
1776367800,2026-04-16 15:30,485.72,486.1,485.66,485.69,37893
1776432600,2026-04-17 09:30,490.67,495.36,490.36,495.06,650095
1776436200,2026-04-17 10:30,494.98,496.35,494.73,495.18,244320
1776439800,2026-04-17 11:30,495.16,496.89,495.09,496.32,85559
1776443400,2026-04-17 12:30,496.33,497.04,494.5,494.99,93620
1776447000,2026-04-17 13:30,495.03,495.5,494.47,494.7,63452
1776450600,2026-04-17 14:30,494.75,494.95,493.85,493.86,55869
1776454200,2026-04-17 15:30,493.875,494.79,493.875,494.25,86696
1776691800,2026-04-20 09:30,493.45,494.755,493.45,494.08,287671
1776695400,2026-04-20 10:30,494.14,494.16,492.32,494.04,131233
1776699000,2026-04-20 11:30,494.11,494.13,493.15,493.83,50308
1776702600,2026-04-20 12:30,493.76,494.25,493.33,493.95,23952
1776706200,2026-04-20 13:30,493.95,494.24,493.18,493.86,51824
1776709800,2026-04-20 14:30,493.9,494.19,493.52,493.9,21260
1776713400,2026-04-20 15:30,493.9,494.4,493.6,494.38,68673
1776778200,2026-04-21 09:30,497.22,498.38,496.31,496.86,180834
1776781800,2026-04-21 10:30,496.9,497.01,493.1,493.38,70768
1776785400,2026-04-21 11:30,493.44,494.33,492.94,493.64,67227
1776789000,2026-04-21 12:30,493.66,493.98,491.55,492.25,62429
1776792600,2026-04-21 13:30,492.28,494.13,491.86,492.1,120637
1776796200,2026-04-21 14:30,492.11,493.68,491.885,493.68,275222
1776799800,2026-04-21 15:30,493.67,493.67,490.36,491.4,155170
1776864600,2026-04-22 09:30,495.32,496.12,494.22,495.61,171276
1776868200,2026-04-22 10:30,495.61,495.66,494.75,495.32,37744
1776871800,2026-04-22 11:30,495.33,495.39,494.04,494.08,22422
1776875400,2026-04-22 12:30,494,494.83,493.83,494.41,134016
1776879000,2026-04-22 13:30,494.44,494.58,493.23,493.61,105247
1776882600,2026-04-22 14:30,493.62,494.08,493.31,494.05,116629
1776886200,2026-04-22 15:30,494.06,494.9,493.72,494.71,112202
1776951000,2026-04-23 09:30,492.55,494.76,492.09,494.29,339230
1776954600,2026-04-23 10:30,494.43,495.13,493.91,494.59,60416
1776958200,2026-04-23 11:30,494.55,494.63,493.62,493.86,62961
1776961800,2026-04-23 12:30,493.85,494.18,490.78,490.885,81771
1776965400,2026-04-23 13:30,490.88,493,488.63,493,227111
1776969000,2026-04-23 14:30,492.98,493.43,492,492.95,73022
1776972600,2026-04-23 15:30,492.88,493.29,491.79,492.99,48459
1777037400,2026-04-24 09:30,493.07,493.49,490.8,491.26,162120
1777041000,2026-04-24 10:30,491.29,492.04,490.95,491.28,79123
1777044600,2026-04-24 11:30,491.3,492.93,490.99,491.54,84471
1777048200,2026-04-24 12:30,491.78,491.95,491.25,491.59,14202
1777051800,2026-04-24 13:30,491.53,492.41,491.37,491.66,28611
1777055400,2026-04-24 14:30,491.64,492.26,491.58,491.73,16436
1777059000,2026-04-24 15:30,491.69,492.515,491.55,492.17,63602
1777296600,2026-04-27 09:30,491.6,493.55,491.28,491.78,183199
1777300200,2026-04-27 10:30,491.7,492.48,490.32,490.72,68635
1777303800,2026-04-27 11:30,490.78,491.815,490.6,491.51,20822
1777307400,2026-04-27 12:30,491.58,491.83,491.24,491.64,18493
1777311000,2026-04-27 13:30,491.59,491.95,491.27,491.65,14837
1777314600,2026-04-27 14:30,491.58,492.22,491.58,492.22,11533
1777318200,2026-04-27 15:30,492.16,492.23,491.68,491.81,20575
1777383000,2026-04-28 09:30,493.4,493.82,490.85,491.56,305722
1777386600,2026-04-28 10:30,491.44,492.31,490.99,492.17,63276
1777390200,2026-04-28 11:30,492.15,492.83,492.02,492.62,27985
1777393800,2026-04-28 12:30,492.64,492.64,491.48,491.73,20508
1777397400,2026-04-28 13:30,491.71,492.15,491.14,491.2,25067
1777401000,2026-04-28 14:30,491.17,491.52,490.9,491.27,17131
1777404600,2026-04-28 15:30,491.17,491.62,490.78,491.37,58126
1777469400,2026-04-29 09:30,490.92,491.46,488.49,489.45,207474
1777473000,2026-04-29 10:30,489.37,489.57,488.41,488.69,42580
1777476600,2026-04-29 11:30,488.67,488.67,487.37,488.27,79673
1777480200,2026-04-29 12:30,488.22,488.41,487.81,488.19,42872
1777483800,2026-04-29 13:30,488.25,488.49,487,487.64,47021
1777487400,2026-04-29 14:30,487.725,488.86,487.02,488.31,87384
1777491000,2026-04-29 15:30,488.29,488.83,487.84,488.7,81347
1777555800,2026-04-30 09:30,490.98,494.24,490.39,494.24,354545
1777559400,2026-04-30 10:30,494.24,495.03,493.74,495.01,127001
1777563000,2026-04-30 11:30,494.98,496.11,494.79,495.975,125177
1777566600,2026-04-30 12:30,495.94,495.97,495.11,495.45,35027
1777570200,2026-04-30 13:30,495.49,496.54,495.49,496.4,28418
1777573800,2026-04-30 14:30,496.42,497.47,496.42,497.44,47643
1777577400,2026-04-30 15:30,497.44,497.56,496.49,496.53,117704
1777642200,2026-05-01 09:30,498.84,499.92,497.26,498.94,440890
1777645800,2026-05-01 10:30,498.98,499.14,497.17,497.24,119343
1777649400,2026-05-01 11:30,497.19,497.52,495.81,495.91,76749
1777653000,2026-05-01 12:30,495.86,496.48,495.66,496.48,35100
1777656600,2026-05-01 13:30,496.5,497,495.63,496.12,26342
1777660200,2026-05-01 14:30,496.1,496.19,495.44,496.035,33675
1777663800,2026-05-01 15:30,496,496.26,494.91,494.94,76070
1777901400,2026-05-04 09:30,493.56,494.13,492.2,493.99,196413
1777905000,2026-05-04 10:30,493.99,494.34,490.83,491.18,98952
1777908600,2026-05-04 11:30,491.23,491.37,488.99,490.25,141890
1777912200,2026-05-04 12:30,490.04,491.07,489.37,491.04,52477
1777915800,2026-05-04 13:30,491.04,491.07,489.53,489.74,33012
1777919400,2026-05-04 14:30,489.67,489.87,489.16,489.365,50518
1777923000,2026-05-04 15:30,489.39,489.69,489.18,489.6,56918
1777987800,2026-05-05 09:30,491.89,492.5,490.04,492.35,267964
1777991400,2026-05-05 10:30,492.35,493.13,491.72,492.24,68558
1777995000,2026-05-05 11:30,492.32,492.33,491.67,492.21,23346
1777998600,2026-05-05 12:30,492.23,492.46,491.78,492.46,21700
1778002200,2026-05-05 13:30,492.49,493.03,492.39,492.91,25030
1778005800,2026-05-05 14:30,492.93,493.39,492.45,493.21,39419
1778009400,2026-05-05 15:30,493.19,493.59,492.66,492.96,55065
1778074200,2026-05-06 09:30,496.98,499.05,496.89,498.37,312061
1778077800,2026-05-06 10:30,498.4,499.64,498.35,498.83,77942
1778081400,2026-05-06 11:30,498.73,498.88,497.8,498.16,56280
1778085000,2026-05-06 12:30,498.04,498.38,497.68,498.06,34514
1778088600,2026-05-06 13:30,498.15,499.33,497.82,499.05,24320
1778092200,2026-05-06 14:30,499.11,500.06,498.69,499.85,69214
1778095800,2026-05-06 15:30,499.72,500.06,498.94,499.01,102902
1778160600,2026-05-07 09:30,500.51,501.17,497.08,497.11,223895
1778164200,2026-05-07 10:30,497.36,499,497.36,498.16,120271
1778167800,2026-05-07 11:30,498.33,498.71,496.96,497.575,79404
1778171400,2026-05-07 12:30,497.56,497.62,495.23,495.54,88947
1778175000,2026-05-07 13:30,495.55,496.65,494.99,496.23,49453
1778178600,2026-05-07 14:30,496.24,496.37,494.75,495.65,101856
1778182200,2026-05-07 15:30,495.66,496.2,495.42,495.95,82473
1778247000,2026-05-08 09:30,498.48,498.52,496.35,497.27,227830
1778250600,2026-05-08 10:30,497.23,497.57,495.84,496,77600
1778254200,2026-05-08 11:30,496.09,496.88,495.74,496.26,64657
1778257800,2026-05-08 12:30,496.4,496.46,495.65,496.31,58626
1778261400,2026-05-08 13:30,496.27,496.69,495.96,496.23,66377
1778265000,2026-05-08 14:30,496.28,496.41,494.93,495.57,61579
1778268600,2026-05-08 15:30,495.49,496.12,495.48,496.12,146212
1778506200,2026-05-11 09:30,495.84,497.23,494.8,497.15,236475
1778509800,2026-05-11 10:30,497.09,497.09,495.92,496.65,92259
1778513400,2026-05-11 11:30,496.66,496.83,495.91,496.4,86218
1778517000,2026-05-11 12:30,496.39,496.72,495.77,496.71,64527
1778520600,2026-05-11 13:30,496.79,497.84,496.79,497.1,129361
1778524200,2026-05-11 14:30,497.09,497.22,496.04,496.58,65893
1778527800,2026-05-11 15:30,496.575,497.2,496.25,497.2,82618
1778592600,2026-05-12 09:30,496.51,497.12,493.19,494.51,323003
1778596200,2026-05-12 10:30,494.56,494.81,493.71,494.76,177317
1778599800,2026-05-12 11:30,494.83,495.75,494.61,495.51,142126
1778603400,2026-05-12 12:30,495.5,497.44,495.28,497.355,257514
1778607000,2026-05-12 13:30,497.18,497.93,496.93,497.68,87896
1778610600,2026-05-12 14:30,497.72,498.23,497.6,498.02,91242
1778614200,2026-05-12 15:30,498.04,498.39,497.75,497.94,113804
1778679000,2026-05-13 09:30,496.215,496.66,494.64,496.55,246798
1778682600,2026-05-13 10:30,496.52,496.87,494.69,495.29,122781
1778686200,2026-05-13 11:30,495.24,496.5,495.16,496.47,38764
1778689800,2026-05-13 12:30,496.38,496.655,495.81,496.37,37485
1778693400,2026-05-13 13:30,496.35,497.34,496.15,497.1,34097
1778697000,2026-05-13 14:30,497.03,497.52,496.6,497.36,52955
1778700600,2026-05-13 15:30,497.45,497.61,496.88,497.11,73008
1778765400,2026-05-14 09:30,501.38,501.68,498.87,499.66,328771
1778769000,2026-05-14 10:30,499.6,501.27,499.18,501.02,144981
1778772600,2026-05-14 11:30,500.89,502.16,500.63,500.99,193790
1778776200,2026-05-14 12:30,500.98,501.19,499.91,500.21,125416
1778779800,2026-05-14 13:30,500.21,501.2,499.99,500.67,89571
1778783400,2026-05-14 14:30,500.64,501.18,500.57,500.75,57522
1778787000,2026-05-14 15:30,500.74,501.04,500.58,500.84,63896
1778851800,2026-05-15 09:30,497.295,497.74,495.39,496.78,366072
1778855400,2026-05-15 10:30,496.85,497.44,495.89,496.07,103324
1778859000,2026-05-15 11:30,496.27,496.65,495.11,496.24,109320
1778862600,2026-05-15 12:30,496.14,497.1,496.08,496.65,55141
1778866200,2026-05-15 13:30,496.63,496.79,495.82,496.02,51199
1778869800,2026-05-15 14:30,496.05,496.26,495.47,495.98,44663
1778873400,2026-05-15 15:30,495.98,496.24,495.25,495.41,149866
1779111000,2026-05-18 09:30,495.67,497.64,494.56,496.98,322227
1779114600,2026-05-18 10:30,497,497.15,494.36,494.43,175594
1779118200,2026-05-18 11:30,494.39,496.12,494.185,494.93,70474
1779121800,2026-05-18 12:30,494.88,496.32,494.72,496.22,51724
1779125400,2026-05-18 13:30,496.2,496.26,493.81,494.32,72683
1779129000,2026-05-18 14:30,494.419,496.3,493.6,495.57,124723
1779132600,2026-05-18 15:30,495.57,497.09,495.39,496.99,110562
1779197400,2026-05-19 09:30,495.07,496.18,492.63,495.69,248486
1779201000,2026-05-19 10:30,495.751,495.9,494.22,494.57,139810
1779204600,2026-05-19 11:30,494.45,495.6,494.05,495.38,63142
1779208200,2026-05-19 12:30,495.36,496.04,494.89,495.87,33393
1779211800,2026-05-19 13:30,495.87,496.32,495.36,495.37,71731
1779215400,2026-05-19 14:30,495.38,495.63,494.38,494.75,83735
1779219000,2026-05-19 15:30,494.76,494.76,493.46,493.97,56276
1779283800,2026-05-20 09:30,495.87,496.39,492.48,496.18,294518
1779287400,2026-05-20 10:30,496.3,499.49,496.23,497.33,249559
1779291000,2026-05-20 11:30,497.43,499.29,497.43,498.48,98185
1779294600,2026-05-20 12:30,498.53,499.58,498.13,499.43,145595
1779298200,2026-05-20 13:30,499.45,500.02,498.91,499.53,101638
1779301800,2026-05-20 14:30,499.61,500.34,499.27,500.29,46369
1779305400,2026-05-20 15:30,500.35,500.94,500.02,500.25,84481
1779370200,2026-05-21 09:30,498.73,500.76,497.22,500.6,360771
1779373800,2026-05-21 10:30,500.64,501,498.83,499.26,101115
1779377400,2026-05-21 11:30,499.21,500.03,498.68,499.15,60355
1779381000,2026-05-21 12:30,499.1,502.08,498.84,501.93,165550
1779384600,2026-05-21 13:30,501.92,504.03,501.64,503.93,183462
1779388200,2026-05-21 14:30,503.955,504.035,501.64,502.94,189520
1779391800,2026-05-21 15:30,502.92,503.52,502.61,503.2,72787
1779456600,2026-05-22 09:30,506.98,507.34,505.7,506.38,331615
1779460200,2026-05-22 10:30,506.41,507.4,505.92,507.39,31942
1779463800,2026-05-22 11:30,507.37,507.6,506.87,507.42,69283
1779467400,2026-05-22 12:30,507.42,508.63,506.84,508.59,123561
1779471000,2026-05-22 13:30,508.69,508.7,507.3,507.61,86671
1779474600,2026-05-22 14:30,507.6,507.72,506.56,506.61,48697
1779478200,2026-05-22 15:30,506.5,506.86,506.03,506.16,111768
1779802200,2026-05-26 09:30,507.54,508.24,505.95,506.09,228693
1779805800,2026-05-26 10:30,506.15,506.645,504.99,505,96415
1779809400,2026-05-26 11:30,505,505.43,504.8,505.28,58297
1779813000,2026-05-26 12:30,505.28,505.42,504.19,504.24,48140
1779816600,2026-05-26 13:30,504.17,504.74,504.03,504.35,40273
1779820200,2026-05-26 14:30,504.34,504.66,503.97,504.4,19665
1779823800,2026-05-26 15:30,504.5,505.5,504.5,505.24,28655
1779888600,2026-05-27 09:30,505.94,508.42,505.81,508.37,407187
1779892200,2026-05-27 10:30,508.34,508.71,506.89,506.99,95229
1779895800,2026-05-27 11:30,507.03,507.62,506.34,507.15,58898
1779899400,2026-05-27 12:30,507.11,507.33,506.39,506.84,24769
1779903000,2026-05-27 13:30,506.79,507.2,506.46,506.91,13853
1779906600,2026-05-27 14:30,506.96,507.6,506.85,507.26,14761
1779910200,2026-05-27 15:30,507.305,507.33,506.52,506.93,83921
1779975000,2026-05-28 09:30,505.335,508.22,503.64,506.7,281267
1779978600,2026-05-28 10:30,506.77,507.23,505.81,506.92,45854
1779982200,2026-05-28 11:30,506.88,507.65,506.66,506.97,14454
1779985800,2026-05-28 12:30,507,507.52,506.71,506.78,13246
1779989400,2026-05-28 13:30,506.8,506.85,506.3,506.55,20629
1779993000,2026-05-28 14:30,506.53,507.14,506.06,507.01,25283
1779996600,2026-05-28 15:30,507.015,507.23,506.7,507.07,21679
1780061400,2026-05-29 09:30,507.9,509.55,507.2,509.28,327185
1780065000,2026-05-29 10:30,509.28,511.28,508.87,510.7,210131
1780068600,2026-05-29 11:30,510.69,511.11,510.24,510.49,51682
1780072200,2026-05-29 12:30,510.45,511.25,510.03,510.71,44012
1780075800,2026-05-29 13:30,510.73,510.735,509.63,510.149,38824
1780079400,2026-05-29 14:30,510.19,511.08,509.69,511.04,47913
1780083000,2026-05-29 15:30,511.06,511.3,510.37,510.77,163921
1780320600,2026-06-01 09:30,509.85,510.89,508.62,509.53,241884
1780324200,2026-06-01 10:30,509.55,509.73,508.36,509.58,69396
1780327800,2026-06-01 11:30,509.56,510.29,508.83,508.84,75791
1780331400,2026-06-01 12:30,509,510.22,508.98,510.19,51601
1780335000,2026-06-01 13:30,510.18,511.5,509.87,511.09,84134
1780338600,2026-06-01 14:30,511.02,511.62,510.87,511.5,39346
1780342200,2026-06-01 15:30,511.5,511.85,511.33,511.45,51052
1780407000,2026-06-02 09:30,509.08,513.23,508.93,510.45,508092
1780410600,2026-06-02 10:30,510.41,513.53,510.3,513.01,105162
1780414200,2026-06-02 11:30,512.99,513.195,512.26,512.45,70817
1780417800,2026-06-02 12:30,512.43,513.2,512.4,512.75,22948
1780421400,2026-06-02 13:30,512.88,513.85,512.82,513.74,72116
1780425000,2026-06-02 14:30,513.7,514.25,513.68,514.21,24678
1780428600,2026-06-02 15:30,514.22,514.48,513.97,514.06,48420
1780493400,2026-06-03 09:30,511.17,512.78,509.49,510.44,262074
1780497000,2026-06-03 10:30,510.31,510.81,509.55,510.09,45913
1780500600,2026-06-03 11:30,510.16,510.199,509.02,509.645,42684
1780504200,2026-06-03 12:30,509.65,509.92,509.19,509.445,43208
1780507800,2026-06-03 13:30,509.379,509.91,509.15,509.85,36329
1780511400,2026-06-03 14:30,509.88,509.93,508.78,508.79,36283
1780515000,2026-06-03 15:30,508.81,509.15,508,508.235,95953
1780579800,2026-06-04 09:30,513.67,515.93,512.67,515.01,453245
1780583400,2026-06-04 10:30,514.98,516.72,514.47,516.69,81338
1780587000,2026-06-04 11:30,516.85,517.37,516.2,517.32,58018
1780590600,2026-06-04 12:30,517.28,517.31,515.87,516,42436
1780594200,2026-06-04 13:30,515.97,516.6,515.675,516.38,34834
1780597800,2026-06-04 14:30,516.331,517.57,516.331,517.45,49348
1780601400,2026-06-04 15:30,517.41,517.44,516.58,516.67,86491
1780666200,2026-06-05 09:30,517.73,517.76,514.6,514.95,375568
1780669800,2026-06-05 10:30,515.08,515.92,514.57,514.67,81520
1780673400,2026-06-05 11:30,514.78,514.95,512.53,512.56,97149
1780677000,2026-06-05 12:30,512.53,512.93,511.77,512.58,85736
1780680600,2026-06-05 13:30,512.5,513.05,511.41,511.56,106060
1780684200,2026-06-05 14:30,511.55,511.73,508.75,509.77,115812
1780687800,2026-06-05 15:30,509.825,510.76,509.32,509.7,111224
1780925400,2026-06-08 09:30,510.77,513.755,510.29,511.02,328351
1780929000,2026-06-08 10:30,511.1,512.21,510.45,510.61,111101
1780932600,2026-06-08 11:30,510.78,511.11,509.75,510.43,83753
1780936200,2026-06-08 12:30,510.4,510.43,508.64,509.69,54624
1780939800,2026-06-08 13:30,509.63,510.145,508.69,510.09,43414
1780943400,2026-06-08 14:30,510.13,510.27,508.34,508.88,55127
1780947000,2026-06-08 15:30,508.9,509.52,508.55,508.88,100876
1781011800,2026-06-09 09:30,511.48,513.51,509.81,511.54,303866
1781015400,2026-06-09 10:30,511.55,512.14,505.62,505.73,159472
1781019000,2026-06-09 11:30,505.73,506.85,504.52,505.87,169574
1781022600,2026-06-09 12:30,505.73,506.9,503.08,506.74,225394
1781026200,2026-06-09 13:30,506.84,509.05,506.43,508.935,88235
1781029800,2026-06-09 14:30,508.99,510.04,508.27,508.61,120219
1781033400,2026-06-09 15:30,508.65,509.915,507.69,509.46,102595
1781098200,2026-06-10 09:30,507.47,508.7,505.89,507.4,290391
1781101800,2026-06-10 10:30,507.4,507.49,503.8,504.48,106548
1781105400,2026-06-10 11:30,504.46,504.88,502.5,503.77,158632
1781109000,2026-06-10 12:30,503.72,504.55,502.68,503.11,55453
1781112600,2026-06-10 13:30,503.07,504.3,501.85,502.99,80104
1781116200,2026-06-10 14:30,502.9,502.9,500.95,501.08,94503
1781119800,2026-06-10 15:30,501.05,501.78,500.1,500.26,105929
1781184600,2026-06-11 09:30,503.19,505.04,501.975,503.18,294243
1781188200,2026-06-11 10:30,503.36,504.06,501.59,503.42,133420
1781191800,2026-06-11 11:30,503.39,504.72,502.67,503.55,82733
1781195400,2026-06-11 12:30,503.33,506.93,502.23,506.17,119607
1781199000,2026-06-11 13:30,507.35,509.23,505.48,507.84,268909
1781202600,2026-06-11 14:30,507.93,509.65,507.82,509.5,69283
1781206200,2026-06-11 15:30,509.63,510.75,509.15,509.52,137876
1781271000,2026-06-12 09:30,512.925,513.46,509.44,511.65,280075
1781274600,2026-06-12 10:30,511.58,515.3,511.1,514.92,256600
1781278200,2026-06-12 11:30,514.87,514.92,511.47,512.55,168289
1781281800,2026-06-12 12:30,512.61,514.08,512.22,513.63,43456
1781285400,2026-06-12 13:30,513.63,513.67,512.75,513.39,21028
1781289000,2026-06-12 14:30,513.5,514.07,513.16,513.32,39059
1781292600,2026-06-12 15:30,513.45,513.45,512.55,513.06,44279
1781530200,2026-06-15 09:30,519.23,520.09,518.33,519.37,197130
1781533800,2026-06-15 10:30,519.36,520.25,518.89,519.9,64537
1781537400,2026-06-15 11:30,519.71,520.82,519.71,520.78,68723
1781541000,2026-06-15 12:30,520.75,520.83,519.87,520.6,32311
1781544600,2026-06-15 13:30,520.61,520.68,519.25,519.25,19112
1781548200,2026-06-15 14:30,519.25,519.68,519,519.04,24544
1781551800,2026-06-15 15:30,519,519.28,517.88,518.49,83935
1781616600,2026-06-16 09:30,520.32,522.34,520.13,521.26,214024
1781620200,2026-06-16 10:30,521.21,522.08,520.87,521.9,66349
1781623800,2026-06-16 11:30,521.86,523.24,521.78,522.92,86558
1781627400,2026-06-16 12:30,522.95,523.29,522.71,522.87,29289
1781631000,2026-06-16 13:30,522.71,522.9,522.1,522.32,16476
1781634600,2026-06-16 14:30,522.135,522.29,521.31,521.78,37707
1781638200,2026-06-16 15:30,521.79,522,521.19,521.49,65759
1781703000,2026-06-17 09:30,521.26,524.16,521.12,523.73,217178
1781706600,2026-06-17 10:30,523.67,523.67,521.6,523.16,78191
1781710200,2026-06-17 11:30,523.14,524.06,523.14,523.47,37196
1781713800,2026-06-17 12:30,523.391,523.57,522.35,522.61,42447
1781717400,2026-06-17 13:30,522.48,523.28,519.28,520.48,144944
1781721000,2026-06-17 14:30,520.46,522.29,517,517.16,181303
1781724600,2026-06-17 15:30,517.01,517.12,515.3,516.28,114476
1781789400,2026-06-18 09:30,518.43,519.52,515.88,517.06,221305
1781793000,2026-06-18 10:30,517.01,518.05,516.36,516.36,46115
1781796600,2026-06-18 11:30,516.41,516.84,515.94,516.62,42543
1781800200,2026-06-18 12:30,516.639,517.74,516.09,516.99,40357
1781803800,2026-06-18 13:30,517.05,517.17,516.1,516.21,42778
1781807400,2026-06-18 14:30,516.27,516.56,515.46,515.96,53240
1781811000,2026-06-18 15:30,515.97,516.59,515.54,515.57,140632
1782135000,2026-06-22 09:30,516.84,518.8,516.63,517.43,293555
1782138600,2026-06-22 10:30,517.25,517.73,516.54,517.06,52651
1782142200,2026-06-22 11:30,517.03,517.88,516.9,517.51,45204
1782145800,2026-06-22 12:30,517.39,517.85,517.02,517.17,38733
1782149400,2026-06-22 13:30,517.09,517.62,516.7,517.34,18043
1782153000,2026-06-22 14:30,517.45,517.59,516,516.15,55836
1782156600,2026-06-22 15:30,516.17,517.28,516.13,517.09,71435
1782221400,2026-06-23 09:30,514.69,518.01,512.98,517.77,264515
1782225000,2026-06-23 10:30,517.66,517.82,516.22,516.47,85790
1782228600,2026-06-23 11:30,516.51,518.27,516.4,518.24,70565
1782232200,2026-06-23 12:30,518.17,518.69,517.94,518.24,40417
1782235800,2026-06-23 13:30,518.2,518.5,517.2,517.37,49596
1782239400,2026-06-23 14:30,517.23,517.44,516.42,517,73067
1782243000,2026-06-23 15:30,516.96,517.5,516.35,516.54,103911
1782307800,2026-06-24 09:30,516.17,518.98,516.01,518.66,233412
1782311400,2026-06-24 10:30,518.69,522.39,518.37,522.39,79003
1782315000,2026-06-24 11:30,522.29,522.43,521.14,521.47,42083
1782318600,2026-06-24 12:30,521.44,521.73,517.77,517.88,51847
1782322200,2026-06-24 13:30,517.89,519.42,517.41,519.369,62197
1782325800,2026-06-24 14:30,519.39,519.86,518.28,518.65,41659
1782329400,2026-06-24 15:30,518.55,518.67,517.59,518.64,95369
1782394200,2026-06-25 09:30,521.19,526.16,520.08,525.89,199688
1782397800,2026-06-25 10:30,525.865,526.56,521.85,523.23,188556
1782401400,2026-06-25 11:30,523.16,523.48,521.53,521.69,97646
1782405000,2026-06-25 12:30,521.63,521.63,519.9,520.12,30714
1782408600,2026-06-25 13:30,520.16,521.36,518.77,521.27,48060
1782412200,2026-06-25 14:30,521.08,521.08,519.03,519.41,44488
1782415800,2026-06-25 15:30,519.35,519.39,518.57,519.38,80702
1782480600,2026-06-26 09:30,517,520.19,516.07,519.83,235168
1782484200,2026-06-26 10:30,519.93,520.42,518.58,520.42,68113
1782487800,2026-06-26 11:30,520.47,521.28,518.4,518.87,67578
1782491400,2026-06-26 12:30,519.05,520.55,519.04,519.8,35797
1782495000,2026-06-26 13:30,519.73,520.05,518.73,518.89,33479
1782498600,2026-06-26 14:30,518.89,519.16,518.14,518.39,62963
1782502200,2026-06-26 15:30,518.45,519.16,517.43,518.32,166942
1782739800,2026-06-29 09:30,520.63,522.82,519.4,521.67,348819
1782743400,2026-06-29 10:30,521.67,522.99,520.51,521.04,165997
1782747000,2026-06-29 11:30,521.02,521.57,520.72,521.04,62527
1782750600,2026-06-29 12:30,521.07,521.82,520.75,521.23,42519
1782754200,2026-06-29 13:30,521.18,522.68,521.12,522.21,86230
1782757800,2026-06-29 14:30,522.25,522.51,521.86,521.92,71982
1782761400,2026-06-29 15:30,521.94,522.07,521.47,521.66,122124
1782826200,2026-06-30 09:30,522.07,522.33,519.62,521.92,126563
1782829800,2026-06-30 10:30,522.09,522.85,521.54,522.45,39211
1782833400,2026-06-30 11:30,522.62,523.02,521.81,522.555,15393
1782837000,2026-06-30 12:30,522.57,523.11,522.56,522.97,18823
1782840600,2026-06-30 13:30,522.96,523.16,522.45,522.6,14736
1782844200,2026-06-30 14:30,522.53,523.02,522.21,522.69,21170
1782847800,2026-06-30 15:30,522.63,522.85,521.99,522.255,36687
1782912600,2026-07-01 09:30,521.43,523.755,519.63,523.2,119883
1782916200,2026-07-01 10:30,523.29,524.7,522.971,524.68,66249
1782919800,2026-07-01 11:30,524.71,526.7,524.35,526.14,61877
1782923400,2026-07-01 12:30,526.14,526.4,523.91,524.26,46742
1782927000,2026-07-01 13:30,524.22,524.33,522.64,522.84,32374
1782930600,2026-07-01 14:30,522.8,523.19,522.68,522.69,36240
1782934200,2026-07-01 15:30,522.69,522.98,522.32,522.34,45252
1782999000,2026-07-02 09:30,525.49,527.32,524.29,525.72,181853
1783002600,2026-07-02 10:30,525.7,527.17,525.25,526.02,76757
1783006200,2026-07-02 11:30,525.74,526.48,525.535,525.82,65044
1783009800,2026-07-02 12:30,525.82,526.2,524.31,524.575,46406
1783013400,2026-07-02 13:30,524.56,525.39,523.74,525.33,27698
1783017000,2026-07-02 14:30,525.43,526.38,525.26,525.61,31189
1783020600,2026-07-02 15:30,525.65,528.26,525.54,527.68,101776
1783344600,2026-07-06 09:30,528.785,529.93,525.85,527.45,257484
1783348200,2026-07-06 10:30,527.48,528.42,526.9,527.94,76855
1783351800,2026-07-06 11:30,527.86,528.25,527.68,528.16,24004
1783355400,2026-07-06 12:30,528.16,528.98,527.99,528.81,22131
1783359000,2026-07-06 13:30,528.83,529.24,528.11,529.23,28912
1783362600,2026-07-06 14:30,529.21,529.63,528.89,529.23,23611
1783366200,2026-07-06 15:30,529.319,530.01,529.1,529.96,52347
1783431000,2026-07-07 09:30,532.46,532.54,528.83,529.45,275729
1783434600,2026-07-07 10:30,529.56,529.58,527.11,527.93,130839
1783438200,2026-07-07 11:30,527.97,528.56,527.49,528.24,45200
1783441800,2026-07-07 12:30,528.24,528.78,527.94,528.72,46078
1783445400,2026-07-07 13:30,528.755,528.84,528.21,528.84,33037
1783449000,2026-07-07 14:30,528.84,528.95,527.69,527.88,34220
1783452600,2026-07-07 15:30,527.89,529.02,527.67,528.57,55590
1783517400,2026-07-08 09:30,523.33,524.46,521.89,522.28,221582
1783521000,2026-07-08 10:30,522.19,522.44,520.2,520.37,85275
1783524600,2026-07-08 11:30,520.38,521.76,520.08,521.675,55990
1783528200,2026-07-08 12:30,521.69,523.17,521.24,523.13,46126
1783531800,2026-07-08 13:30,523.09,523.36,522.29,522.84,12883
1783535400,2026-07-08 14:30,522.85,523.28,522.68,522.8,13842
1783539000,2026-07-08 15:30,522.94,523.11,522.23,522.72,72705
1783603800,2026-07-09 09:30,523.64,524.04,522.14,523.89,136099
1783607400,2026-07-09 10:30,523.79,524.45,523.33,524.28,31691
1783611000,2026-07-09 11:30,524.14,525.14,524.05,525.14,26656
1783614600,2026-07-09 12:30,525.06,525.11,524.28,524.765,39494
1783618200,2026-07-09 13:30,524.795,525.04,524.18,524.31,17275
1783621800,2026-07-09 14:30,524.3,524.3,523.65,523.78,31152
1783625400,2026-07-09 15:30,523.66,524.22,523.53,524.17,58398
1783690200,2026-07-10 09:30,525.79,525.82,523.78,525.14,216385
1783693800,2026-07-10 10:30,524.98,525.87,521.74,525.68,163277
1783697400,2026-07-10 11:30,525.65,525.65,524.89,525.08,26570
1783701000,2026-07-10 12:30,525.125,525.93,524.83,525.58,14728
1783704600,2026-07-10 13:30,525.64,526.17,525.59,526.01,40213
1783708200,2026-07-10 14:30,526.03,526.47,525.93,526.34,41189
1783711800,2026-07-10 15:30,526.31,526.42,525.58,525.85,70071
1783949400,2026-07-13 09:30,525.84,527.85,524.69,526.09,183307
1783953000,2026-07-13 10:30,526.09,526.09,524.55,524.92,47895
1783956600,2026-07-13 11:30,524.94,524.94,523.21,523.38,23561
1783960200,2026-07-13 12:30,523.29,524.65,522.9,524.21,28020
1783963800,2026-07-13 13:30,524.3,524.71,523.79,524.09,17029
1783967400,2026-07-13 14:30,524.06,524.59,523.75,523.87,35154
1783971000,2026-07-13 15:30,523.84,524.64,523.58,524.41,83649
1784035800,2026-07-14 09:30,523.43,525.89,522.56,525.41,236841
1784039400,2026-07-14 10:30,525.57,526.72,523.83,524.44,165702
1784043000,2026-07-14 11:30,524.535,524.73,522.7,523.1,95485
1784046600,2026-07-14 12:30,523.08,524.17,523,524.04,60907
1784050200,2026-07-14 13:30,524.1,524.36,523.49,524.21,47568
1784053800,2026-07-14 14:30,524.26,524.92,523.92,524.87,35190
1784057400,2026-07-14 15:30,524.82,525.08,524.63,524.67,47680
1784122200,2026-07-15 09:30,525.895,527.73,524.53,526.92,207868
1784125800,2026-07-15 10:30,526.95,527.38,525.77,526.2,68946
1784129400,2026-07-15 11:30,526.2,526.45,523.71,524.14,53384
1784133000,2026-07-15 12:30,524.18,525.2,523.8,525.2,58143
1784136600,2026-07-15 13:30,525.2,526.32,525.14,525.95,53026
1784140200,2026-07-15 14:30,525.91,526.18,525.19,525.69,34136
1784143800,2026-07-15 15:30,525.68,526.02,525.28,525.98,46468
1784208600,2026-07-16 09:30,526.81,527.75,525.49,526.78,141014
1784212200,2026-07-16 10:30,526.74,527.9,526.3,527.34,57358
1784215800,2026-07-16 11:30,527.19,527.68,525.22,525.46,47142
1784219400,2026-07-16 12:30,525.59,526.63,525.32,525.71,26461
1784223000,2026-07-16 13:30,525.79,525.95,524.09,524.38,57422
1784226600,2026-07-16 14:30,524.24,524.38,523.6,523.87,21859
1784230200,2026-07-16 15:30,523.84,524.92,523.08,524.92,47173
1784295000,2026-07-17 09:30,519.64,525.36,518.9,524.51,405307
1784298600,2026-07-17 10:30,524.49,524.78,523.14,524.49,75785
1784302200,2026-07-17 11:30,524.44,524.66,523.03,523.33,80266
1784305800,2026-07-17 12:30,523.3,523.43,522.3,522.82,40271
1784309400,2026-07-17 13:30,522.8,523.03,521.11,521.18,40309
1784313000,2026-07-17 14:30,521.24,521.65,520.4,520.73,36924
1784316600,2026-07-17 15:30,520.72,521.54,520.44,520.82,48798
1784554200,2026-07-20 09:30,522.05,523.4,519.25,519.56,155362
1784557800,2026-07-20 10:30,519.46,519.97,518.58,519.9,48963
1784561400,2026-07-20 11:30,519.96,520.11,519.33,519.8,15722
1784565000,2026-07-20 12:30,519.93,519.98,518.38,518.46,30547
1784568600,2026-07-20 13:30,518.58,519.51,518.36,519.02,17968
1784572200,2026-07-20 14:30,518.93,518.93,517.17,517.94,28840
1784575800,2026-07-20 15:30,518.06,518.31,517.58,517.91,51944
1784640600,2026-07-21 09:30,519.69,521.11,518.13,521.11,183986
1784644200,2026-07-21 10:30,521.09,521.47,519.97,521.31,47715
1784647800,2026-07-21 11:30,521.21,522.61,520.9,522.58,50057
1784651400,2026-07-21 12:30,522.585,523,522.04,522.09,21615
1784655000,2026-07-21 13:30,522.05,522.18,521.25,521.59,57617
1784658600,2026-07-21 14:30,521.57,521.69,521.27,521.68,35096
1784662200,2026-07-21 15:30,521.63,521.66,521.24,521.5,55366
1784727000,2026-07-22 09:30,521.63,524.36,521.02,522.4,206382
1784730600,2026-07-22 10:30,522.37,523.15,521.94,522.9,50175
1784734200,2026-07-22 11:30,522.88,523.63,522.69,523.56,21876
1784737800,2026-07-22 12:30,523.52,523.72,522.215,522.23,15154
1784741400,2026-07-22 13:30,522.2,522.62,522,522.38,63552
1784745000,2026-07-22 14:30,522.28,522.31,521.51,521.57,24287
1784748600,2026-07-22 15:30,521.58,522.02,521.37,521.46,71195
1784813400,2026-07-23 09:30,515.07,518.195,514.82,516.42,258312
1784817000,2026-07-23 10:30,516.31,517.08,515.12,515.23,77234
1784820600,2026-07-23 11:30,515.2,517.5,514.75,517.19,60735
1784824200,2026-07-23 12:30,517.2,517.35,516.1,516.64,25007
1784827800,2026-07-23 13:30,516.55,516.55,515.2,515.8,25258
1784831400,2026-07-23 14:30,515.82,516.59,515.47,516.26,42720
1784835000,2026-07-23 15:30,516.19,516.55,515.23,516.21,63409
1784899800,2026-07-24 09:30,517.25,518.36,516.54,517.36,202523
1784903400,2026-07-24 10:30,517.41,520.32,516.28,520.19,100901
1784907000,2026-07-24 11:30,520.12,520.54,519.78,520.39,38405
1784910600,2026-07-24 12:30,520.4,520.4,518.58,519.56,48059
1784914200,2026-07-24 13:30,519.51,519.64,518.38,518.38,18268
1784917800,2026-07-24 14:30,518.36,518.51,517.62,518.07,42320
1784921400,2026-07-24 15:30,518.16,518.88,518.16,518.79,66239
1785159000,2026-07-27 09:30,524.7,525.33,521.74,521.78,192304
1785162600,2026-07-27 10:30,521.75,522.08,520.48,520.9,84595
1785166200,2026-07-27 11:30,520.89,521.34,519.4,520.8,54937
1785169800,2026-07-27 12:30,520.91,521.42,519.32,519.49,38359
1785173400,2026-07-27 13:30,519.48,520.56,519.44,520.36,32188
1785177000,2026-07-27 14:30,520.44,521.48,519.93,521.29,55942
1785180600,2026-07-27 15:30,521.27,521.5,520.95,521.34,92427
1785245400,2026-07-28 09:30,526.18,526.19,523.68,525.55,282270
1785249000,2026-07-28 10:30,525.58,527.7,524.71,527.13,143676
1785252600,2026-07-28 11:30,527.09,528.18,526.91,527.82,69188
1785256200,2026-07-28 12:30,527.78,528.42,527.62,527.79,56881
1785259800,2026-07-28 13:30,527.77,528.06,526.81,526.96,21872
1785263400,2026-07-28 14:30,526.9,527.6,526.9,527.2,27069
1785267000,2026-07-28 15:30,527.16,527.43,526.67,526.95,27948
1785331800,2026-07-29 09:30,522.46,523.17,518.73,519.16,317282
1785335400,2026-07-29 10:30,519.2,519.3,518.11,518.57,117986
1785339000,2026-07-29 11:30,518.55,518.85,517.28,518.24,102622
1785342600,2026-07-29 12:30,518.23,520.01,517.77,519.37,80815
1785346200,2026-07-29 13:30,519.24,521.16,518.35,519,121792
1785349800,2026-07-29 14:30,519.07,521.98,517.62,517.81,122466
1785353400,2026-07-29 15:30,517.74,517.93,514.82,515.46,217125
1785418200,2026-07-30 09:30,518.84,519.11,516.64,518.6,182575
1785421800,2026-07-30 10:30,518.52,518.78,515.87,516.515,68886
1785425400,2026-07-30 11:30,516.41,519.75,516.4,519.65,38294
1785429000,2026-07-30 12:30,519.79,521.01,519.44,520.72,24745
1785432600,2026-07-30 13:30,520.81,521.13,520.43,521.02,18624
1785436200,2026-07-30 14:30,521.045,521.97,520.73,521.67,43808
1785439800,2026-07-30 15:30,521.68,521.81,521.125,521.53,80285
1785504600,2026-07-31 09:30,524.125,524.41,519.34,520.98,248785
1785508200,2026-07-31 10:30,521.09,522.95,520.75,521.69,80199
1785511800,2026-07-31 11:30,521.79,523.94,521.56,523.675,88588
1785515400,2026-07-31 12:30,523.74,524.66,523.56,524.641,42998
1785519000,2026-07-31 13:30,524.55,524.77,523.95,524.73,31331
1785522600,2026-07-31 14:30,524.7,525.39,524.25,525.01,32007
1785526200,2026-07-31 15:30,524.89,525.63,524.11,524.26,81416
1785763800,2026-08-03 09:30,529.59,531.63,529.24,530.51,235163
1785767400,2026-08-03 10:30,530.52,530.58,529.34,529.69,113049
1785771000,2026-08-03 11:30,529.72,530.06,529.22,529.69,37881
1785774600,2026-08-03 12:30,529.65,529.69,528.715,529.24,25930
1785778200,2026-08-03 13:30,529.27,530.84,529.27,530.65,27451
1785781800,2026-08-03 14:30,530.67,531.39,530.26,531.26,31091
1785785400,2026-08-03 15:30,531.36,531.65,531.03,531.225,40929
1785850200,2026-08-04 09:30,537.895,539.02,535.97,536.56,343399
1785853800,2026-08-04 10:30,536.5,539.45,536.5,539.12,136355
1785857400,2026-08-04 11:30,539.031,540.64,538.7,540.51,97841
1785861000,2026-08-04 12:30,540.43,541.57,540.37,541.04,90266
1785864600,2026-08-04 13:30,541.01,542.08,540.81,541.27,80394
1785868200,2026-08-04 14:30,541.26,541.77,540.75,541.17,76382
1785871800,2026-08-04 15:30,541.21,541.67,540.22,540.38,179644
1785936600,2026-08-05 09:30,543.225,546.725,543.12,545.925,321934
1785940200,2026-08-05 10:30,545.89,546.68,544.3,544.63,114703
1785943800,2026-08-05 11:30,544.69,545.12,544.09,544.83,73781
1785947400,2026-08-05 12:30,544.83,544.85,544.34,544.56,44650
1785951000,2026-08-05 13:30,544.53,545.25,544.51,544.59,23901
1785954600,2026-08-05 14:30,544.56,544.57,543.99,544.095,89667
1785958200,2026-08-05 15:30,544.07,544.16,542.72,542.81,77226
1786023000,2026-08-06 09:30,543.8,544.61,541.545,541.87,146039
1786026600,2026-08-06 10:30,541.84,542.23,539.61,539.72,68047
1786030200,2026-08-06 11:30,539.77,540,538.715,539.45,57946
1786033800,2026-08-06 12:30,539.68,539.76,538.21,538.21,44331
1786037400,2026-08-06 13:30,538.18,539.15,538.12,538.84,50452
1786041000,2026-08-06 14:30,538.86,539.02,538.27,538.27,21246
1786044600,2026-08-06 15:30,538.3,538.37,537.7,538.25,52197
1786109400,2026-08-07 09:30,538.7,540.2,537.38,540.15,96443
1786113000,2026-08-07 10:30,540.15,540.15,539.12,539.34,48374
1786116600,2026-08-07 11:30,539.38,539.41,538.3,538.5,36337
1786120200,2026-08-07 12:30,538.55,539.35,538.29,539.09,21649
1786123800,2026-08-07 13:30,539.14,539.28,538.55,538.6,11644
1786127400,2026-08-07 14:30,538.58,540.08,538.39,539.91,18530
1786131000,2026-08-07 15:30,539.95,540.09,539.32,539.6,50953
1786368600,2026-08-10 09:30,538.69,539.61,538.03,539.32,153042
1786372200,2026-08-10 10:30,539.24,540.01,538.94,539.71,62424
1786375800,2026-08-10 11:30,539.73,539.8,538.63,538.9,78602
1786379400,2026-08-10 12:30,538.97,538.97,537.9,538.47,76755
1786383000,2026-08-10 13:30,538.46,538.54,538,538.15,46288
1786386600,2026-08-10 14:30,538.08,538.49,537.93,538.15,28751
1786390200,2026-08-10 15:30,538.15,539.14,538.01,539.01,98442
1786455000,2026-08-11 09:30,539.91,541.715,539.48,539.96,189424
1786458600,2026-08-11 10:30,539.76,539.89,538.61,539.06,94931
1786462200,2026-08-11 11:30,539.01,539.1,538.42,538.45,39801
1786465800,2026-08-11 12:30,538.57,538.57,538.03,538.21,10202
1786469400,2026-08-11 13:30,538.18,538.4,537.48,537.55,23001
1786473000,2026-08-11 14:30,537.56,537.91,537.21,537.49,15698
1786476600,2026-08-11 15:30,537.47,537.82,536.91,537.29,59019
1786541400,2026-08-12 09:30,538.96,539.14,536.88,537.82,156002
1786545000,2026-08-12 10:30,537.82,537.91,536.89,537.27,39647
1786548600,2026-08-12 11:30,537.38,537.88,537.03,537.625,17193
1786552200,2026-08-12 12:30,537.54,537.86,537.35,537.54,16280
1786555800,2026-08-12 13:30,537.49,537.8,537.44,537.461,16225
1786559400,2026-08-12 14:30,537.57,538.06,537.53,537.63,23230
1786563000,2026-08-12 15:30,537.65,537.87,536.96,537.09,62227
1786627800,2026-08-13 09:30,538.72,539.96,537.88,539.63,85437
1786631400,2026-08-13 10:30,539.55,539.55,535.69,535.94,31929
1786635000,2026-08-13 11:30,535.965,536.64,535.92,536.62,27278
1786638600,2026-08-13 12:30,536.63,537.13,536.56,536.93,8778
1786642200,2026-08-13 13:30,536.87,537.4,536.63,537.12,6298
1786645800,2026-08-13 14:30,537.09,537.94,537.04,537.71,11469
1786649400,2026-08-13 15:30,537.76,538.03,537.54,537.89,33719
1786714200,2026-08-14 09:30,537.4,538.27,536.35,537.61,107280
1786717800,2026-08-14 10:30,537.63,537.63,536.68,536.78,21841
1786721400,2026-08-14 11:30,536.86,537,536.32,536.68,11327
1786725000,2026-08-14 12:30,536.71,536.95,536.22,536.745,10845
1786728600,2026-08-14 13:30,536.79,537.26,536.375,537.16,16486
1786732200,2026-08-14 14:30,537.21,537.58,537.04,537.09,24653
1786735800,2026-08-14 15:30,537.07,537.19,536.51,536.79,36177
1786973400,2026-08-17 09:30,534.5,535.955,534.5,535.1,72678
1786977000,2026-08-17 10:30,535.16,535.25,534.37,535.055,38413
1786980600,2026-08-17 11:30,535.07,535.62,534.5,535.36,28660
1786984200,2026-08-17 12:30,535.37,535.385,534.11,534.2,26556
1786987800,2026-08-17 13:30,534.27,534.4,533.49,534.36,31224
1786991400,2026-08-17 14:30,534.35,534.63,534.025,534.3,30684
1786995000,2026-08-17 15:30,534.29,534.44,533.945,534.23,60534
1787059800,2026-08-18 09:30,533.41,534.05,532.02,533.41,169709
1787063400,2026-08-18 10:30,533.42,534.2,532.54,532.84,70437
1787067000,2026-08-18 11:30,532.92,533.63,532.69,533.29,42088
1787070600,2026-08-18 12:30,533.25,533.51,533.03,533.15,59988
1787074200,2026-08-18 13:30,533.12,533.48,532.77,533.42,25800
1787077800,2026-08-18 14:30,533.46,533.64,533.11,533.42,25189
1787081400,2026-08-18 15:30,533.42,533.54,532.74,533.01,73189
1787146200,2026-08-19 09:30,535.36,536.14,533.58,535.69,161889
1787149800,2026-08-19 10:30,535.64,536.65,535,535.06,78849
1787153400,2026-08-19 11:30,535.13,535.42,534.38,534.54,39380
1787157000,2026-08-19 12:30,534.31,534.48,533.73,534.255,10950
1787160600,2026-08-19 13:30,534.29,534.59,533.86,534.35,12361
1787164200,2026-08-19 14:30,534.53,534.54,533.88,534.19,18489
1787167800,2026-08-19 15:30,534.25,534.81,533.78,534.35,40440
1787232600,2026-08-20 09:30,530.35,531.59,529.52,530.63,156249
1787236200,2026-08-20 10:30,530.64,531.775,530.48,530.86,29792
1787239800,2026-08-20 11:30,530.98,530.98,529.53,529.71,14970
1787243400,2026-08-20 12:30,529.68,530.41,529.15,529.245,15059
1787247000,2026-08-20 13:30,529.22,529.22,527.99,528.04,27386
1787250600,2026-08-20 14:30,528,528.2,527.575,527.885,23678
1787254200,2026-08-20 15:30,527.89,528.08,527.21,527.53,48863
1787319000,2026-08-21 09:30,530.03,531.33,529.47,530.77,85951
1787322600,2026-08-21 10:30,530.76,531.55,530,531.04,39003
1787326200,2026-08-21 11:30,531.13,531.92,530.61,531.19,31894
1787329800,2026-08-21 12:30,531.22,531.32,530.91,531.03,22222
1787333400,2026-08-21 13:30,531.06,531.8,531,531.77,22503
1787337000,2026-08-21 14:30,531.76,532.81,531.62,532.6,92306
1787340600,2026-08-21 15:30,532.61,532.91,532.15,532.19,78620
1787578200,2026-08-24 09:30,531.84,534.22,531.84,533.57,238676
1787581800,2026-08-24 10:30,533.63,533.96,532.73,533.78,49178
1787585400,2026-08-24 11:30,533.74,534.48,533.51,533.91,59420
1787589000,2026-08-24 12:30,533.89,533.92,532.72,532.73,47637
1787592600,2026-08-24 13:30,532.74,533.79,532.54,533.79,34564
1787596200,2026-08-24 14:30,533.83,534.01,533.54,533.74,32363
1787599800,2026-08-24 15:30,533.79,534.04,533.59,533.63,70002
1787664600,2026-08-25 09:30,536.35,536.52,533.63,534.29,181220
1787668200,2026-08-25 10:30,534.28,534.53,533.21,534.19,32708
1787671800,2026-08-25 11:30,534.21,534.98,533.92,534.43,21703
1787675400,2026-08-25 12:30,534.45,534.84,534.23,534.34,12441
1787679000,2026-08-25 13:30,534.33,534.85,534.3,534.785,6624
1787682600,2026-08-25 14:30,534.79,535.33,534.79,535.17,7498
1787686200,2026-08-25 15:30,535.16,535.55,535.12,535.24,39037
1787751000,2026-08-26 09:30,535.33,535.94,533.99,534,87362
1787754600,2026-08-26 10:30,533.95,534.55,533.865,534.1,20027
1787758200,2026-08-26 11:30,534.02,534.47,533.64,533.8,39241
1787761800,2026-08-26 12:30,533.8,534.32,533.32,534.31,9025
1787765400,2026-08-26 13:30,534.32,534.36,533.91,533.91,10093
1787769000,2026-08-26 14:30,533.89,534.7,533.78,534.67,10351
1787772600,2026-08-26 15:30,534.62,534.86,533.98,534.23,52286
1787837400,2026-08-27 09:30,533.56,535,532.93,534.29,114956
1787841000,2026-08-27 10:30,534.38,536.62,534.17,536.07,29051
1787844600,2026-08-27 11:30,535.97,536.05,535.43,535.91,15642
1787848200,2026-08-27 12:30,535.94,536.36,535.88,536.09,15420
1787851800,2026-08-27 13:30,536.18,536.33,534.71,534.79,29635
1787855400,2026-08-27 14:30,534.81,535.16,534.61,534.68,15392
1787859000,2026-08-27 15:30,534.745,535.42,534.74,535.14,33820
1787923800,2026-08-28 09:30,536.54,537.01,534.52,534.94,145526
1787927400,2026-08-28 10:30,534.86,537.71,534.71,537.525,43123
1787931000,2026-08-28 11:30,537.54,537.54,534.58,534.8,55069
1787934600,2026-08-28 12:30,534.8,535.545,534.41,534.74,31892
1787938200,2026-08-28 13:30,534.69,535.19,534.55,534.68,28880
1787941800,2026-08-28 14:30,534.67,535.39,534.59,535.33,30701
1787945400,2026-08-28 15:30,535.265,535.37,534.9,535.04,40798
1788183000,2026-08-31 09:30,533.52,533.52,530.86,530.88,76498
1788186600,2026-08-31 10:30,530.81,532.16,530.8,531.72,15714
1788190200,2026-08-31 11:30,531.73,532.21,531.44,531.74,10745
1788193800,2026-08-31 12:30,531.68,531.961,531.34,531.54,8514
1788197400,2026-08-31 13:30,531.45,532.26,531.4,531.89,10028
1788201000,2026-08-31 14:30,531.89,532,531.33,531.94,17523
1788204600,2026-08-31 15:30,531.95,532.3,531.34,531.45,84480
1788269400,2026-09-01 09:30,528.61,531.63,527.94,531.21,159650
1788273000,2026-09-01 10:30,531.345,531.59,529.45,529.5,34823
1788276600,2026-09-01 11:30,529.64,529.91,528.08,528.09,22601
1788280200,2026-09-01 12:30,528.16,528.16,526.99,527.52,39097
1788283800,2026-09-01 13:30,527.56,527.96,527.41,527.46,24568
1788287400,2026-09-01 14:30,527.5,527.95,526.83,527.56,45524
1788291000,2026-09-01 15:30,527.5,527.75,527.07,527.71,105420
1788355800,2026-09-02 09:30,529.52,531.595,529.25,531.19,214972
1788359400,2026-09-02 10:30,531.18,532.15,530.5,530.74,72727
1788363000,2026-09-02 11:30,530.8,530.845,529.57,529.59,26398
1788366600,2026-09-02 12:30,529.6,530.245,529.54,529.61,13638
1788370200,2026-09-02 13:30,529.63,530.74,529.425,530.07,25912
1788373800,2026-09-02 14:30,530.08,530.82,529.73,530.81,12702
1788377400,2026-09-02 15:30,530.86,530.92,530.44,530.66,38327
1788442200,2026-09-03 09:30,534.05,535.55,532.98,533.51,172153
1788445800,2026-09-03 10:30,533.6,537.29,533.38,537.29,121835
1788449400,2026-09-03 11:30,537.29,537.59,536.35,536.63,87446
1788453000,2026-09-03 12:30,536.64,537.15,536.38,536.86,40569
1788456600,2026-09-03 13:30,536.93,537.27,536.84,537.03,30078
1788460200,2026-09-03 14:30,537,537.03,536.6,536.75,10090
1788463800,2026-09-03 15:30,536.78,537.1,536.61,536.95,34951
1788528600,2026-09-04 09:30,535.12,536.34,533.99,534.18,111413
1788532200,2026-09-04 10:30,534.22,534.44,532.96,533.31,63435
1788535800,2026-09-04 11:30,533.23,534.76,533.04,534.31,33409
1788539400,2026-09-04 12:30,534.3,534.59,533.985,533.985,21317
1788543000,2026-09-04 13:30,533.91,534.35,533.68,534.23,14756
1788546600,2026-09-04 14:30,534.31,534.44,533.76,534.05,31763
1788550200,2026-09-04 15:30,533.96,534.17,533.66,534.06,62577
1788874200,2026-09-08 09:30,530.22,530.39,527.36,527.39,214693
1788877800,2026-09-08 10:30,527.4,529.12,527.4,528.88,65018
1788881400,2026-09-08 11:30,528.9,529.11,527.92,528.45,20224
1788885000,2026-09-08 12:30,528.41,529.22,528.08,528.77,26486
1788888600,2026-09-08 13:30,528.75,529.22,528.67,528.88,19351
1788892200,2026-09-08 14:30,528.89,528.89,527.48,528.56,46822
1788895800,2026-09-08 15:30,528.62,528.78,527.55,528.08,105859
1788960600,2026-09-09 09:30,525.64,525.73,523.7,524.91,186876
1788964200,2026-09-09 10:30,524.91,525.52,523.25,523.89,85946
1788967800,2026-09-09 11:30,523.96,524.61,523.32,523.91,44209
1788971400,2026-09-09 12:30,523.96,525.36,523.93,525.19,50247
1788975000,2026-09-09 13:30,525.19,525.24,524.46,524.71,54729
1788978600,2026-09-09 14:30,524.72,525.04,524.425,524.72,33503
1788982200,2026-09-09 15:30,524.72,524.83,523.85,524.06,51594
1789047000,2026-09-10 09:30,522.29,523.05,520.3,521.85,333876
1789050600,2026-09-10 10:30,521.89,522.21,521.18,521.551,37639
1789054200,2026-09-10 11:30,521.57,521.98,520.47,520.78,54712
1789057800,2026-09-10 12:30,520.81,521.8,520.4,520.765,44384
1789061400,2026-09-10 13:30,520.7,520.88,519.96,520.15,20415
1789065000,2026-09-10 14:30,520.13,520.675,519.81,520.05,67813
1789068600,2026-09-10 15:30,520.06,520.9,519.98,520.785,94138
1789133400,2026-09-11 09:30,525.37,527.36,525.24,525.73,185654
1789137000,2026-09-11 10:30,525.64,526.28,524.32,526.06,59215
1789140600,2026-09-11 11:30,525.92,526.56,525.77,525.85,33733
1789144200,2026-09-11 12:30,525.87,527,525.83,526.84,34047
1789147800,2026-09-11 13:30,526.85,526.89,526.18,526.31,34736
1789151400,2026-09-11 14:30,526.3,526.3,525.75,526.19,16371
1789155000,2026-09-11 15:30,526.14,526.22,525.65,525.82,65243
1789392600,2026-09-14 09:30,524.55,525.405,523.39,523.74,90360
1789396200,2026-09-14 10:30,523.75,524.37,523.09,523.94,29420
1789399800,2026-09-14 11:30,523.96,525.75,523.82,525.49,41475
1789403400,2026-09-14 12:30,525.47,526.8,524.81,525.35,67141
1789407000,2026-09-14 13:30,525.3,525.49,524.51,524.59,30623
1789410600,2026-09-14 14:30,524.68,525.31,524.61,524.84,28876
1789414200,2026-09-14 15:30,524.805,525.05,524.41,524.44,60860
1789479000,2026-09-15 09:30,523.18,523.62,519.4,519.58,89020
1789482600,2026-09-15 10:30,519.6,520.13,519.22,520.13,63815
1789486200,2026-09-15 11:30,520.21,520.43,519.46,520.29,46415
1789489800,2026-09-15 12:30,520.351,521.03,519.92,520.07,24668
1789493400,2026-09-15 13:30,520.12,520.94,520.08,520.59,28293
1789497000,2026-09-15 14:30,520.47,521.17,519.8,520.99,68758
1789500600,2026-09-15 15:30,520.94,521.35,520.77,521.265,72563
1789565400,2026-09-16 09:30,521.91,522.26,519.3,519.81,172937
1789569000,2026-09-16 10:30,519.82,521.76,519.66,521.06,76784
1789572600,2026-09-16 11:30,521.14,522.17,520.88,521.13,21449
1789576200,2026-09-16 12:30,521.14,521.62,520.71,521.62,12997
1789579800,2026-09-16 13:30,521.71,522.24,519.87,520.51,79884
1789583400,2026-09-16 14:30,520.465,520.87,512.29,513.24,213116
1789587000,2026-09-16 15:30,513.2,515.4,513.16,515.16,134296
1789651800,2026-09-17 09:30,520.49,520.64,516.55,517.98,211853
1789655400,2026-09-17 10:30,517.96,518.18,516.76,517.811,47720
1789659000,2026-09-17 11:30,517.75,518.91,517.75,518.89,19231
1789662600,2026-09-17 12:30,518.9,519,518.01,518.275,28112
1789666200,2026-09-17 13:30,518.32,519.04,518.23,518.68,19173
1789669800,2026-09-17 14:30,518.66,518.92,518.29,518.355,16809
1789673400,2026-09-17 15:30,518.33,518.57,518.15,518.3,84965
1789738200,2026-09-18 09:30,516.57,517.07,514.38,515.2,114708
1789741800,2026-09-18 10:30,515.15,515.28,514.28,515.1,31488
1789745400,2026-09-18 11:30,515.11,515.28,514.18,514.615,25500
1789749000,2026-09-18 12:30,514.53,515.35,514.48,514.88,16552
1789752600,2026-09-18 13:30,514.88,516.09,514.79,516.09,19392
1789756200,2026-09-18 14:30,516.101,516.7,515.83,516.06,23497
1789759800,2026-09-18 15:30,516.06,516.47,515.78,515.82,56907
1789997400,2026-09-21 09:30,520.03,520.03,516.76,518.23,123876
1790001000,2026-09-21 10:30,518.21,518.715,517.89,518.05,30511
1790004600,2026-09-21 11:30,518.055,519.23,517.99,518.92,56961
1790008200,2026-09-21 12:30,518.97,519.89,518.9,519.53,33301
1790011800,2026-09-21 13:30,519.56,520.01,518.94,519.98,37228
1790015400,2026-09-21 14:30,519.98,520.53,519.86,520.03,66981
1790019000,2026-09-21 15:30,520.05,520.45,519.74,519.84,59442
1790083800,2026-09-22 09:30,522.48,522.5,517.14,517.17,106065
1790087400,2026-09-22 10:30,517.15,518.29,516.96,517.2,35299
1790091000,2026-09-22 11:30,517.03,517.475,516.52,517.27,19039
1790094600,2026-09-22 12:30,517.28,518.06,517.06,517.47,17717
1790098200,2026-09-22 13:30,517.47,518.265,517.18,517.97,35328
1790101800,2026-09-22 14:30,517.96,518.59,517.82,518.391,20505
1790105400,2026-09-22 15:30,518.39,519.02,517.84,517.95,73316
1790170200,2026-09-23 09:30,516.02,517.66,515.73,516.83,136725
1790173800,2026-09-23 10:30,517.18,517.29,515.17,515.21,97424
1790177400,2026-09-23 11:30,515.13,515.31,514.41,515.009,58428
1790181000,2026-09-23 12:30,515.03,515.07,514,514.72,72197
1790184600,2026-09-23 13:30,514.66,515.67,514.365,514.84,45975
1790188200,2026-09-23 14:30,514.84,514.87,514.33,514.55,37148
1790191800,2026-09-23 15:30,514.54,514.97,513.95,514.31,141810
1790256600,2026-09-24 09:30,512.85,514.03,511.51,512.52,113557
1790260200,2026-09-24 10:30,512.38,512.88,510.42,510.75,48222
1790263800,2026-09-24 11:30,510.76,514.11,510.5,513.11,47064
1790267400,2026-09-24 12:30,513.07,513.78,512.32,512.44,38869
1790271000,2026-09-24 13:30,512.53,513.51,511.82,513.16,35483
1790274600,2026-09-24 14:30,513.13,513.56,512.36,512.85,26222
1790278200,2026-09-24 15:30,512.75,513.18,512.6,512.73,31872
1790343000,2026-09-25 09:30,513.99,515.41,512.58,514.16,114647
1790346600,2026-09-25 10:30,514.14,514.92,513.67,514.51,32329
1790350200,2026-09-25 11:30,514.55,517.63,513.9,517.35,86624
1790353800,2026-09-25 12:30,517.31,517.53,516.33,516.82,71710
1790357400,2026-09-25 13:30,516.89,517.13,516.31,516.91,35714
1790361000,2026-09-25 14:30,516.99,517.3,516.65,516.71,25788
1790364600,2026-09-25 15:30,516.77,517.92,516.71,517.47,64439
1790602200,2026-09-28 09:30,514.275,515.63,513.44,515.51,90534
1790605800,2026-09-28 10:30,515.47,515.54,513.33,513.58,51543
1790609400,2026-09-28 11:30,513.75,516.65,513.49,516.22,54560
1790613000,2026-09-28 12:30,516.1,517,514.7,515.19,59110
1790616600,2026-09-28 13:30,515.26,515.45,514.75,514.9,15920
1790620200,2026-09-28 14:30,514.85,515.05,514,514.19,37617
1790623800,2026-09-28 15:30,514.27,514.375,513.67,514.09,50690
1790688600,2026-09-29 09:30,513.84,514.25,512.475,512.659,67157
1790692200,2026-09-29 10:30,512.81,512.95,510.5,510.75,33201
1790695800,2026-09-29 11:30,510.9,511.75,510.46,511.09,30024
1790699400,2026-09-29 12:30,511.05,511.23,510.68,511.2,30088
1790703000,2026-09-29 13:30,511.23,512.33,511.15,511.96,33536
1790706600,2026-09-29 14:30,511.94,513.01,511.74,512.88,27103
1790710200,2026-09-29 15:30,512.91,513.03,512.63,512.81,47432
1790775000,2026-09-30 09:30,513.99,514.16,512.36,512.49,102146
1790778600,2026-09-30 10:30,512.58,513.78,512.3,513.09,50381
1790782200,2026-09-30 11:30,513.21,513.21,512.1,512.17,26949
1790785800,2026-09-30 12:30,512.18,512.55,510.88,511.33,14645
1790789400,2026-09-30 13:30,511.42,512.1,510.54,510.85,16923
1790793000,2026-09-30 14:30,510.81,510.91,510.23,510.33,24806
1790796600,2026-09-30 15:30,510.3,510.33,508.35,508.35,116347
1790861400,2026-10-01 09:30,509.36,510.95,505.46,505.86,167830
1790865000,2026-10-01 10:30,505.85,507.07,504.7,505.42,149986
1790868600,2026-10-01 11:30,505.38,507.75,504.96,507.48,77824
1790872200,2026-10-01 12:30,507.47,508.63,506.83,508.43,84292
1790875800,2026-10-01 13:30,508.45,509.47,507.22,508.33,114432
1790879400,2026-10-01 14:30,508.35,509.13,507.99,508.41,34308
1790883000,2026-10-01 15:30,508.49,509.545,508.35,508.63,58341
1790947800,2026-10-02 09:30,512.54,513.06,510.14,511.32,257985
1790951400,2026-10-02 10:30,511.36,512.05,508.69,509.83,97549
1790955000,2026-10-02 11:30,509.81,510.55,509.49,510.1,51237
1790958600,2026-10-02 12:30,510.16,511,509.995,510.15,27762
1790962200,2026-10-02 13:30,510.12,511.02,510.12,510.51,42672
1790965800,2026-10-02 14:30,510.54,511.04,510.46,510.835,61883
1790969400,2026-10-02 15:30,510.86,511.295,510.78,511.09,53983
1791207000,2026-10-05 09:30,510.37,510.67,507.82,510.17,115235
1791210600,2026-10-05 10:30,510.24,510.53,509.43,510.53,25157
1791214200,2026-10-05 11:30,510.49,511.42,510.45,511.42,13352
1791217800,2026-10-05 12:30,511.4,512.185,511.34,511.87,10834
1791221400,2026-10-05 13:30,511.88,512.61,511.64,512.51,23804
1791225000,2026-10-05 14:30,512.515,513.28,512.26,513.01,32901
1791228600,2026-10-05 15:30,512.97,512.97,511.63,512.065,183517
1791293400,2026-10-06 09:30,514.32,515.85,513.5,514.06,100846
1791297000,2026-10-06 10:30,514.03,516,514.03,515.85,30118
1791300600,2026-10-06 11:30,515.71,515.78,515.19,515.22,20064
1791304200,2026-10-06 12:30,515.2,515.24,513.99,514.37,12943
1791307800,2026-10-06 13:30,514.32,514.82,514.21,514.43,52889
1791311400,2026-10-06 14:30,514.44,514.96,514.42,514.54,70199
1791315000,2026-10-06 15:30,514.59,514.88,514.37,514.52,136686
