t,et,o,h,l,c,v
1163773800,2006-11-17 09:30,89.56,90.22,89.50999,89.95,1752000
1164033000,2006-11-20 09:30,90,90.12,89.86,90.09,857200
1164119400,2006-11-21 09:30,90.14,90.39,89.96001,90.31,605100
1164205800,2006-11-22 09:30,90.36,90.50999,90.27,90.46001,770300
1164378600,2006-11-24 09:30,90.75,90.89999,90.62,90.62,533400
1164637800,2006-11-27 09:30,90.23,90.95,90.12,90.95,784500
1164724200,2006-11-28 09:30,91.24001,91.24719,90.75999,91.14999,1466300
1164810600,2006-11-29 09:30,91.3,91.36,90.91,90.92999,1206300
1164897000,2006-11-30 09:30,91.27,91.63,91.14,91.53,1428600
1164983400,2006-12-01 09:30,91.28,91.8,91.14999,91.42,1156300
1165242600,2006-12-04 09:30,91.3,91.62,91.22,91.58,460700
1165329000,2006-12-05 09:30,91.36,91.52,91,91.14999,1833700
1165415400,2006-12-06 09:30,91.03,91.17999,90.89,90.97,936100
1165501800,2006-12-07 09:30,90.99001,91.09,90.7495,90.89999,739200
1165588200,2006-12-08 09:30,90.85001,90.97,90.19,90.24001,2090300
1165847400,2006-12-11 09:30,90.63,90.74001,90.50999,90.63,727700
1165933800,2006-12-12 09:30,90.73,90.97,90.45,90.82001,888500
1166020200,2006-12-13 09:30,90.31,90.35001,89.82001,90.00999,1217900
1166106600,2006-12-14 09:30,89.82001,89.89999,89.60001,89.67999,687500
1166193000,2006-12-15 09:30,90.58,90.66,89.60001,89.73,1162100
1166452200,2006-12-18 09:30,89.72,89.84,89.59,89.75999,441400
1166538600,2006-12-19 09:30,89.50999,89.81,89.50999,89.64,930700
1166625000,2006-12-20 09:30,89.64999,89.6799,89.55,89.63,336800
1166711400,2006-12-21 09:30,89.71001,90.19,89.60001,90.08,770700
1166797800,2006-12-22 09:30,89.83,89.85001,89.21001,89.39,1433200
1167143400,2006-12-26 09:30,89.45,89.69,89.36,89.66,496200
1167229800,2006-12-27 09:30,89.28,89.33009,88.7,88.7,840700
1167316200,2006-12-28 09:30,88.89999,88.96001,88.06,88.5,1080200
1167402600,2006-12-29 09:30,88.35001,88.55,88.21001,88.42999,775500
1167834600,2007-01-03 09:30,89.22,89.46001,88.66,89.07001,1870400
1167921000,2007-01-04 09:30,89.22,89.64999,89.22,89.60001,1696900
1168007400,2007-01-05 09:30,88.8,89.39999,88.75,89.22,1298400
1168266600,2007-01-08 09:30,89.12,89.37,89.05,89.37,414200
1168353000,2007-01-09 09:30,89.48,89.48,89.22,89.37,481500
1168439400,2007-01-10 09:30,89.07001,89.13,88.88,88.97,519600
1168525800,2007-01-11 09:30,88.78999,88.8,88.25999,88.45,1302500
1168612200,2007-01-12 09:30,88.14999,88.84,87.89999,88.03999,878300
1168957800,2007-01-16 09:30,88.23,88.24001,88.03,88.2,702800
1169044200,2007-01-17 09:30,88.21001,88.27,87.82001,87.96001,724100
1169130600,2007-01-18 09:30,87.94,88.28,87.78,88.23,918300
1169217000,2007-01-19 09:30,88.14999,88.14999,87.87,87.99001,882500
1169476200,2007-01-22 09:30,88.14999,88.33,88.12,88.2,432000
1169562600,2007-01-23 09:30,88.02,88.05,87.57001,87.62,1096800
1169649000,2007-01-24 09:30,87.66,87.7,87.5,87.61,463700
1169735400,2007-01-25 09:30,87.45,87.47,86.88,86.98,1397000
1169821800,2007-01-26 09:30,86.78,87.08,86.61,86.91,1737300
1170081000,2007-01-29 09:30,87.06,87.10001,86.60001,86.72,1015300
1170167400,2007-01-30 09:30,86.89,86.91,86.75999,86.82001,1295100
1170253800,2007-01-31 09:30,86.73,87.61,86.7,87.55,2078000
1170340200,2007-02-01 09:30,87.64999,87.75999,87,87.09,986200
1170426600,2007-02-02 09:30,87.08,87.39,87.08,87.2,814700
1170685800,2007-02-05 09:30,87.39999,87.46001,87.16,87.32001,395500
1170772200,2007-02-06 09:30,87.2,87.83,87.16,87.8,770500
1170858600,2007-02-07 09:30,87.89999,88.12,87.84,88.06,836200
1170945000,2007-02-08 09:30,87.99001,88.31,87.91,88.13,980200
1171031400,2007-02-09 09:30,87.89,87.92,87.55,87.63,878300
1171290600,2007-02-12 09:30,87.49001,87.64999,87.33,87.42999,467600
1171377000,2007-02-13 09:30,87.49001,87.49001,87.2,87.24001,1310600
1171463400,2007-02-14 09:30,87.52,88.19,87.52,88.07001,2262500
1171549800,2007-02-15 09:30,88.53,88.58,88.33,88.33,893800
1171636200,2007-02-16 09:30,88.59,88.72,88.48,88.64,1476700
1171981800,2007-02-20 09:30,88.5,88.85001,88.5,88.84,847400
1172068200,2007-02-21 09:30,88.53,88.7,88.48,88.69,379800
1172154600,2007-02-22 09:30,88.41,88.45,88.0899,88.21001,485200
1172241000,2007-02-23 09:30,88.53,88.94,88.49001,88.84,735700
1172500200,2007-02-26 09:30,89.14999,89.44,89.11,89.42999,763333
1172586600,2007-02-27 09:30,89.74001,91.25999,89.60001,90.56,3243200
1172673000,2007-02-28 09:30,90.16,90.47,89.89,90.14999,1701900
1172759400,2007-03-01 09:30,90.28,90.42999,89.64999,89.74001,2423990
1172845800,2007-03-02 09:30,89.96001,90.48,89.67,90.2,1619800
1173105000,2007-03-05 09:30,90.48,90.5,90.06149,90.35001,1504400
1173191400,2007-03-06 09:30,90.06,90.36,89.99001,90.08,837400
1173277800,2007-03-07 09:30,90.08,90.5,89.98,90.42999,915400
1173364200,2007-03-08 09:30,90.28999,90.42,90.11,90.35001,574700
1173450600,2007-03-09 09:30,89.38,89.89999,89.19,89.39999,1534700
1173706200,2007-03-12 09:30,89.73,89.98,89.67999,89.75,594400
1173792600,2007-03-13 09:30,90.23,90.34,89.98,90.28999,553800
1173879000,2007-03-14 09:30,90.14999,90.53999,89.84,89.88,1698100
1173965400,2007-03-15 09:30,89.75999,89.96001,89.67,89.87,394900
1174051800,2007-03-16 09:30,89.67,89.92,89.64999,89.85001,623800
1174311000,2007-03-19 09:30,89.58,89.7,89.52,89.66,693900
1174397400,2007-03-20 09:30,89.91,89.95,89.69,89.71001,768400
1174483800,2007-03-21 09:30,89.38,90.09,88.69,89.75,1513399
1174570200,2007-03-22 09:30,89.48,89.48,88.83,89.03999,1484257
1174656600,2007-03-23 09:30,89.19,89.2,88.78,88.78999,1679700
1174915800,2007-03-26 09:30,88.62,89.27,88.5,88.89999,763594
1175002200,2007-03-27 09:30,88.64,88.81,88.56,88.75,619800
1175088600,2007-03-28 09:30,88.91,89.11,88.41,88.57001,816815
1175175000,2007-03-29 09:30,88.53999,88.67,88.32001,88.45,823000
1175261400,2007-03-30 09:30,88.64999,88.92,88.22,88.28,2015100
1175520600,2007-04-02 09:30,88.11,88.22,88.00999,88.10001,579520
1175607000,2007-04-03 09:30,88.02,88.17,87.98,87.99001,617000
1175693400,2007-04-04 09:30,88.17,88.34,87.89999,88.08,576886
1175779800,2007-04-05 09:30,88.10001,88.12,87.71001,87.75,436400
1176125400,2007-04-09 09:30,87.28,87.31,87.13,87.17,1283900
1176211800,2007-04-10 09:30,87.39,87.55,87.31,87.42999,674400
1176298200,2007-04-11 09:30,87.47,87.58,87.28,87.37,476200
1176384600,2007-04-12 09:30,87.5,87.5699,87.28,87.39,495043
1176471000,2007-04-13 09:30,87.41,87.47,87.00999,87.12,557800
1176730200,2007-04-16 09:30,87.39999,87.6763,87.39999,87.60001,833600
1176816600,2007-04-17 09:30,87.89,88.16,87.84,88.09,1254120
1176903000,2007-04-18 09:30,88.37,88.56,88.36,88.53,451076
1176989400,2007-04-19 09:30,88.66,88.71001,88.2,88.38,1305815
1177075800,2007-04-20 09:30,88.45,88.45,88.06,88.14999,664429
1177335000,2007-04-23 09:30,88.14,88.59,88.03999,88.47,419000
1177421400,2007-04-24 09:30,88.45,88.82001,88.45,88.8,881228
1177507800,2007-04-25 09:30,88.57001,88.78999,88.11,88.49001,569000
1177594200,2007-04-26 09:30,88.42999,88.42999,87.85001,87.85001,2048304
1177680600,2007-04-27 09:30,88.00999,88.05,87.78,87.83,428640
1177939800,2007-04-30 09:30,88.33,88.75,88.25,88.75,485700
1178026200,2007-05-01 09:30,88.58,88.64,88.11,88.49001,487200
1178112600,2007-05-02 09:30,88.44,88.48,88.28999,88.44,443901
1178199000,2007-05-03 09:30,88.37,88.37,88.00999,88.24001,427618
1178285400,2007-05-04 09:30,88.52,88.64,88.5,88.60001,262000
1178544600,2007-05-07 09:30,88.7,88.85001,88.67,88.84,210175
1178631000,2007-05-08 09:30,89.00999,89.00999,88.64,88.64,488322
1178717400,2007-05-09 09:30,88.64999,88.66,88.25999,88.28999,634900
1178803800,2007-05-10 09:30,88.39999,88.5899,88.31,88.5,519452
1178890200,2007-05-11 09:30,88.64,88.7,88.13251,88.19,1238400
1179149400,2007-05-14 09:30,88.23,88.28,87.96001,87.96001,315200
1179235800,2007-05-15 09:30,88.19,88.2101,87.66,87.92999,382400
1179322200,2007-05-16 09:30,87.86,88,87.83,87.87,599440
1179408600,2007-05-17 09:30,87.60001,87.72,87.411,87.50999,397000
1179495000,2007-05-18 09:30,87.35001,87.49989,86.88,86.92999,856434
1179754200,2007-05-21 09:30,86.92999,87.24001,86.83051,87.19,831063
1179840600,2007-05-22 09:30,87.17999,87.2,86.67999,86.74001,920500
1179927000,2007-05-23 09:30,86.84,86.84,86.31,86.49001,914447
1180013400,2007-05-24 09:30,86.46001,86.5899,85.96001,86.57001,1598400
1180099800,2007-05-25 09:30,86.39999,86.61,86.33,86.37,754895
1180445400,2007-05-29 09:30,86.50999,86.5699,85.83,86.36,1055700
1180531800,2007-05-30 09:30,86.78999,86.78999,86.39,86.53999,612000
1180618200,2007-05-31 09:30,86.56,86.58,86.03999,86.38,1725900
1180704600,2007-06-01 09:30,85.89999,86.84,85.53999,85.59,1694300
1180963800,2007-06-04 09:30,85.83,86.02,85.67,85.98,877700
1181050200,2007-06-05 09:30,85.89,85.94,85.38,85.44,1145400
1181136600,2007-06-06 09:30,85.36,85.53999,85.25999,85.39999,1129152
1181223000,2007-06-07 09:30,84.63,84.71001,83.73,83.87,5010375
1181309400,2007-06-08 09:30,83.61,84.12,83.36,83.8,5307598
1181568600,2007-06-11 09:30,83.49001,83.89,83.25999,83.56,2043725
1181655000,2007-06-12 09:30,82.91,83.42,82.2,82.35001,9047945
1181741400,2007-06-13 09:30,82.7,83.75999,82.64999,83.33,8751199
1181827800,2007-06-14 09:30,83.14,83.71001,83.05,83.12,3384620
1181914200,2007-06-15 09:30,83.42,83.73,83.2,83.69,5827199
1182173400,2007-06-18 09:30,83.63,83.64999,82.24001,83.52,17704608
1182259800,2007-06-19 09:30,83.82001,84.45,83.72,84.3,4620066
1182346200,2007-06-20 09:30,84.02,84.08,83.59,83.62,3031700
1182432600,2007-06-21 09:30,83.53999,83.7001,83.21001,83.22,850400
1182519000,2007-06-22 09:30,83.05,83.77,82.95,83.75999,2118900
1182778200,2007-06-25 09:30,84.14999,84.35001,83.96001,84.22,1323500
1182864600,2007-06-26 09:30,84.28999,84.32001,83.97,84.24001,2187780
1182951000,2007-06-27 09:30,84.61,84.74001,84.2,84.32001,6109301
1183037400,2007-06-28 09:30,84.32001,84.58,84.17999,84.3,3612493
1183123800,2007-06-29 09:30,84.85001,85.3,84.64,85.17,1962104
1183383000,2007-07-02 09:30,84.81,85.37,84.81,85.28999,2811660
1183469400,2007-07-03 09:30,85.25,85.34,84.71001,84.77,1387475
1183642200,2007-07-05 09:30,84.31,84.42,83.72,83.82001,4589941
1183728600,2007-07-06 09:30,83.53999,83.55,83.28,83.48,1437714
1183987800,2007-07-09 09:30,83.87,83.92999,83.67999,83.78,795400
1184074200,2007-07-10 09:30,84.48,85.2,84.42999,85.2,2257968
1184160600,2007-07-11 09:30,84.95,85.09,84.32001,84.32001,1191300
1184247000,2007-07-12 09:30,84.55,84.58,83.8714,84.03,1941109
1184333400,2007-07-13 09:30,84.45,84.54849,83.94,84.25999,725900
1184592600,2007-07-16 09:30,84.52,85.11,84.52,85.07001,952000
1184679000,2007-07-17 09:30,84.86,85.09,84.5,84.89,734125
1184765400,2007-07-18 09:30,84.92999,85.53999,84.81,85.21001,1836795
1184851800,2007-07-19 09:30,84.89999,85.25999,84.8,85.19,1020988
1184938200,2007-07-20 09:30,85.38,86.08,85.32001,85.96001,1461250
1185197400,2007-07-23 09:30,85.69,85.97,85.69,85.82001,777900
1185283800,2007-07-24 09:30,86.00999,86.16,85.72,86.14,1351575
1185370200,2007-07-25 09:30,86.07001,86.39,86,86.31,881068
1185456600,2007-07-26 09:30,86.74001,87.46001,86.64999,87.03,2866998
1185543000,2007-07-27 09:30,87.05,87.56,86.85001,87.28,5364734
1185802200,2007-07-30 09:30,87.19,87.36,86.91,87.03,1803900
1185888600,2007-07-31 09:30,87.13,87.75,86.95,87.66,2467536
1185975000,2007-08-01 09:30,87.25999,87.53999,87.09,87.13,2154651
1186061400,2007-08-02 09:30,87.21001,87.45,86.99001,87.35001,2079459
1186147800,2007-08-03 09:30,87.28,87.92999,87.28,87.92999,1577597
1186407000,2007-08-06 09:30,87.7,87.72,87.17,87.28999,1298400
1186493400,2007-08-07 09:30,87.42999,87.71001,86.92,87.22,2573800
1186579800,2007-08-08 09:30,86.89,86.89,85.86,86.16,6471270
1186666200,2007-08-09 09:30,86.75,86.86,85.72,86.28,2637423
1186752600,2007-08-10 09:30,86.49001,86.7,85.98,86.08,1496400
1187011800,2007-08-13 09:30,85.92,86.39999,85.89999,86.33,1312600
1187098200,2007-08-14 09:30,86.02,86.78,86.0123,86.56,1314700
1187184600,2007-08-15 09:30,86.64999,86.75,86.25,86.25,1101700
1187271000,2007-08-16 09:30,86.87,87.60001,86.75999,87.14,2410200
1187357400,2007-08-17 09:30,86.39999,86.91,86.05,86.78999,2114400
1187616600,2007-08-20 09:30,86.96001,87.27,86.83,86.84,1048680
1187703000,2007-08-21 09:30,87.10001,87.4101,87.05,87.25999,1517200
1187789400,2007-08-22 09:30,87.05,87.31,86.81,87.12,1137787
1187875800,2007-08-23 09:30,87.09,87.67999,87.03,87.42,1618800
1187962200,2007-08-24 09:30,87.77,88.08,87.56,87.85001,1614514
1188221400,2007-08-27 09:30,88.28,88.48,88.14999,88.31,1585400
1188307800,2007-08-28 09:30,88.42999,88.74001,88.28,88.46001,1298900
1188394200,2007-08-29 09:30,88.49001,88.77,88.16,88.22,2686700
1188480600,2007-08-30 09:30,88.61,88.96001,88.47,88.81,1806800
1188567000,2007-08-31 09:30,88.59,89.2,88.53999,88.88,2763200
1188912600,2007-09-04 09:30,88.83,89.13,88.2,88.56,930971
1188999000,2007-09-05 09:30,88.75999,89.35001,88.72,89.27,1271500
1189085400,2007-09-06 09:30,89.31,89.49001,88.95,89.03999,1768399
1189171800,2007-09-07 09:30,89.75,90.5,89.69,90.3,2852165
1189431000,2007-09-10 09:30,90.5,91.27,90.5,91,2495150
1189517400,2007-09-11 09:30,90.88,91.27,90.7,90.92999,3925339
1189603800,2007-09-12 09:30,90.89999,90.94,90.42,90.59,4458250
1189690200,2007-09-13 09:30,90.3,90.33,89.58,89.78,2020535
1189776600,2007-09-14 09:30,90.58,90.59,89.62,89.91,1357170
1190035800,2007-09-17 09:30,89.82001,90.39,89.75999,90.34,1285400
1190122200,2007-09-18 09:30,89.8,90.24001,89,89.66,3132800
1190208600,2007-09-19 09:30,88.71001,89.00999,88.37,88.83,3854630
1190295000,2007-09-20 09:30,88.17999,88.28999,87.10001,87.14999,5903199
1190381400,2007-09-21 09:30,87.58,88.131,87.58,87.89,2217600
1190640600,2007-09-24 09:30,88.03,88.28,87.91,88.14,1943590
1190727000,2007-09-25 09:30,88.5,88.62,87.83,87.83,2513420
1190813400,2007-09-26 09:30,87.62,88.13,87.42999,87.91,2646389
1190899800,2007-09-27 09:30,88.24001,88.78,88.14999,88.52,1802900
1190986200,2007-09-28 09:30,89.16,89.33,88.22,88.72,1254645
1191245400,2007-10-01 09:30,88.69,88.98,88.42999,88.88,1399400
1191331800,2007-10-02 09:30,88.75,89.37,88.67999,89.16,887800
1191418200,2007-10-03 09:30,89.33,89.42999,88.73,88.89999,1164600
1191504600,2007-10-04 09:30,89.00999,89.32001,88.91,89.24001,1128700
1191591000,2007-10-05 09:30,88.31,88.44,87.71001,88.28,2184700
1191850200,2007-10-08 09:30,87.77,88.5,87.77,88.21001,280100
1191936600,2007-10-09 09:30,88.16,88.36,87.78,88.10001,901000
1192023000,2007-10-10 09:30,87.98,88.4325,87.78999,88.14999,855500
1192109400,2007-10-11 09:30,87.52,88.09,87.45,88.06,1533402
1192195800,2007-10-12 09:30,87.52,88.1788,87.48,87.63,1133900
1192455000,2007-10-15 09:30,87.48,87.72,87.39999,87.64999,553300
1192541400,2007-10-16 09:30,87.64999,87.98,87.53999,87.67999,855500
1192627800,2007-10-17 09:30,87.77,88.95,87.77,88.64,2377000
1192714200,2007-10-18 09:30,89.11,89.34,89.02,89.13,1374100
1192800600,2007-10-19 09:30,89.63,90.60001,89.61,90.46001,2561800
1193059800,2007-10-22 09:30,90.58,90.64999,90.07001,90.47,1866500
1193146200,2007-10-23 09:30,90.25999,90.52251,90.10001,90.35001,1046516
1193232600,2007-10-24 09:30,90.71001,91.39,90.56,91.02,2829300
1193319000,2007-10-25 09:30,91.06,91.17999,90.7,90.71001,3062200
1193405400,2007-10-26 09:30,90.37,91,90.34,90.5,1366471
1193664600,2007-10-29 09:30,90.5,90.99001,90.48,90.85001,881000
1193751000,2007-10-30 09:30,90.73,91.00999,90.42,90.8,1439600
1193837400,2007-10-31 09:30,90.5,90.7,89.75011,89.98,2498481
1193923800,2007-11-01 09:30,89.96001,91.00999,89.96001,90.75,2549400
1194010200,2007-11-02 09:30,90.45,91.53999,90.21001,91.03999,1927700
1194273000,2007-11-05 09:30,91.16,91.39,90.8,91,997500
1194359400,2007-11-06 09:30,90.60001,91.14999,90.48,90.56,575800
1194445800,2007-11-07 09:30,90.53999,90.75999,90.32001,90.72,1456100
1194532200,2007-11-08 09:30,90.64999,90.94,90.42999,90.56,2179530
1194618600,2007-11-09 09:30,91.03999,91.59,90.92999,91.33,887179
1194877800,2007-11-12 09:30,91.99001,91.99001,91.345,91.66,460535
1194964200,2007-11-13 09:30,91.42,91.49001,91.17,91.32001,1116502
1195050600,2007-11-14 09:30,90.95,91.50999,90.92,91.42,692274
1195137000,2007-11-15 09:30,91.61,92.56,91.4899,92.28,1312847
1195223400,2007-11-16 09:30,92.27,92.7,92.21001,92.41,1333749
1195482600,2007-11-19 09:30,92.53999,93.42,92.41,93.00999,1346726
1195569000,2007-11-20 09:30,93.09,93.28999,92.8,92.91,1367727
1195655400,2007-11-21 09:30,93.39999,93.58,93.24001,93.45,1297750
1195828200,2007-11-23 09:30,93.44,93.8,93.31,93.73,437327
1196087400,2007-11-26 09:30,94.22,96.36,94.12,95.58,4426980
1196173800,2007-11-27 09:30,94.96001,95.25,93.99001,94.67,3100232
1196260200,2007-11-28 09:30,94.56,94.69,93.84,94.03,2088003
1196346600,2007-11-29 09:30,94.82001,95.42,94.66,94.84,1594418
1196433000,2007-11-30 09:30,93.88,94.39101,93.7401,94.38,1952069
1196692200,2007-12-03 09:30,94.75999,95.10001,94.28,94.75,1272636
1196778600,2007-12-04 09:30,94.89999,95.06,94.14999,94.74001,1721173
1196865000,2007-12-05 09:30,94.22,94.47,93.56,93.61,1865912
1196951400,2007-12-06 09:30,93.32001,93.34,92.53999,92.78999,2270166
1197037800,2007-12-07 09:30,92.17999,92.35001,91.38,91.75,2170931
1197297000,2007-12-10 09:30,91.64,91.69,90.75,91.2,2242470
1197383400,2007-12-11 09:30,91.73,93.23,91.58,92.99001,2892713
1197469800,2007-12-12 09:30,91.45,92.64999,91.27,92.03,2225400
1197556200,2007-12-13 09:30,91.61,91.82001,90.89999,91.03,1222100
1197642600,2007-12-14 09:30,90.78999,90.92,90.5,90.61,1354900
1197901800,2007-12-17 09:30,91.07001,91.53999,90.92999,91.42,2046198
1197988200,2007-12-18 09:30,91.59,92.2999,91.55,92.00999,1417079
1198074600,2007-12-19 09:30,92.39999,93.56,91.88,93.23,2252350
1198161000,2007-12-20 09:30,93.25999,93.87,93.02,93.03,1659361
1198247400,2007-12-21 09:30,92.89999,92.92,91.66,91.67,1767549
1198506600,2007-12-24 09:30,91.22,91.47,91.08,91.24001,550257
1198679400,2007-12-26 09:30,91.02,91.63,90.28,90.44,674700
1198765800,2007-12-27 09:30,90.88,91.1599,90.50999,91.06,468600
1198852200,2007-12-28 09:30,91.64999,92.58,91.5,92.48,1967735
1199111400,2007-12-31 09:30,92.78,93.28,92.60001,93.045,1647529
1199284200,2008-01-02 09:30,93.25,94.73,93.2,94.38,2959850
1199370600,2008-01-03 09:30,94,94.38,93.66991,94.25,1256670
1199457000,2008-01-04 09:30,94.5,94.78999,94.2,94.27,2420134
1199716200,2008-01-07 09:30,94.17999,94.78,94.03,94.67999,1315456
1199802600,2008-01-08 09:30,94.44,94.71001,93.92999,94.57001,1604760
1199889000,2008-01-09 09:30,94.78999,95.3,94.62,94.75,2203500
1199975400,2008-01-10 09:30,94.87,94.95,93.31,93.47,2681974
1200061800,2008-01-11 09:30,93.52,94.28,93.39999,94.2,1872860
1200321000,2008-01-14 09:30,94.2,94.55,94,94.55,906058
1200407400,2008-01-15 09:30,95.16,95.63,95.07001,95.61,1435230
1200493800,2008-01-16 09:30,95.67999,95.89,94.7285,94.92,3505070
1200580200,2008-01-17 09:30,94.96001,96.2899,94.92999,96.14999,2940500
1200666600,2008-01-18 09:30,95.55,95.77,95.22,95.49001,2676795
1201012200,2008-01-22 09:30,96.41,96.62,95.3,96.5099,5423461
1201098600,2008-01-23 09:30,97.98,98.16,95.88,96.28999,7636566
1201185000,2008-01-24 09:30,95.55,95.75,94.34,94.36,5676629
1201271400,2008-01-25 09:30,94.19,96,94.13,95.95,4371047
1201530600,2008-01-28 09:30,95.67999,96,95.36,95.59,1633446
1201617000,2008-01-29 09:30,95.28,95.32001,94.58,94.94,3100157
1201703400,2008-01-30 09:30,94.69,94.77,93.59,94.32001,3467905
1201789800,2008-01-31 09:30,95.3,95.4299,94.63,94.99001,11440965
1201876200,2008-02-01 09:30,95,95.39999,94.56,95.23,4163648
1202135400,2008-02-04 09:30,94.39,94.66,94.13,94.25,1729511
1202221800,2008-02-05 09:30,95.41,95.61,94.77,94.97,2594551
1202308200,2008-02-06 09:30,94.63,94.85001,94.36,94.67999,1339750
1202394600,2008-02-07 09:30,94.53,94.53,92.05,92.64,5419621
1202481000,2008-02-08 09:30,93.25,93.73,93.09,93.7,2832724
1202740200,2008-02-11 09:30,94.28,94.7,93.73,94.09,2960110
1202826600,2008-02-12 09:30,93.32001,93.649,92.96001,93.53,2897650
1202913000,2008-02-13 09:30,92.92999,93.42,92.39999,92.5399,3697493
1202999400,2008-02-14 09:30,91.8,92.10001,90.66,91.17999,7504906
1203085800,2008-02-15 09:30,91.61,92.07001,91.46001,91.88,3687713
1203431400,2008-02-19 09:30,91.14,91.7,90.64,90.95,2911656
1203517800,2008-02-20 09:30,90.62,91.58,90.56,91.58,2550096
1203604200,2008-02-21 09:30,92.08,92.85001,92.0515,92.55,4197211
1203690600,2008-02-22 09:30,92.49001,92.85001,91.87,92.02,1959634
1203949800,2008-02-25 09:30,91.95,92.14,90.64999,91.08,3460845
1204036200,2008-02-26 09:30,90.96001,91.34,90.73,91.11,2618900
1204122600,2008-02-27 09:30,91.42999,91.57001,90.61,91.19,2494523
1204209000,2008-02-28 09:30,92.34,92.8399,92.19,92.81,3410871
1204295400,2008-02-29 09:30,93.64999,94.46001,93.52,94.23,3821918
1204554600,2008-03-03 09:30,93.67,94.2,93.25,93.64,2037838
1204641000,2008-03-04 09:30,93.94,94.12,92.53,92.73,3401008
1204727400,2008-03-05 09:30,93.06,93.06,91.5,91.62,3871152
1204813800,2008-03-06 09:30,91.82001,92.44,91.666,92.11,1342582
1204900200,2008-03-07 09:30,93.28999,93.35001,91.74001,92.23,3601277
1205155800,2008-03-10 09:30,92.71001,94.13,92.61,93.59,3578955
1205242200,2008-03-11 09:30,93,93.03,92.21001,92.78999,3309108
1205328600,2008-03-12 09:30,93.13,94.67999,92.97,94.58,4753172
1205415000,2008-03-13 09:30,95.03,95.19,93.25999,93.84,5763422
1205501400,2008-03-14 09:30,94.62,95.81,94.62,95,6174879
1205760600,2008-03-17 09:30,95.59,96.31,95.31,95.73,3329422
1205847000,2008-03-18 09:30,95.3,96.16,94.95,95.36,4022366
1205933400,2008-03-19 09:30,95.12,97.47,95.12,96.94,5208496
1206019800,2008-03-20 09:30,97,97.75,96.87,97.181,3905865
1206365400,2008-03-24 09:30,96.48,96.48,95.2,95.3,5596168
1206451800,2008-03-25 09:30,95.38,95.82001,95.27991,95.7,2038110
1206538200,2008-03-26 09:30,95.78,96.2,95.23,95.3,1651943
1206624600,2008-03-27 09:30,94.64,95.36,94.53999,94.63,2405670
1206711000,2008-03-28 09:30,95.09,95.56,94.75,95.55,1745495
1206970200,2008-03-31 09:30,96.11,96.32001,95.67,95.89,2546257
1207056600,2008-04-01 09:30,94.81,94.85001,93.78,93.9299,3821733
1207143000,2008-04-02 09:30,93.99001,94.86,93.99001,94.13,3794152
1207229400,2008-04-03 09:30,94.5,94.67,94.12,94.34,2839021
1207315800,2008-04-04 09:30,95.17,95.56,94.9902,95.2,1745200
1207575000,2008-04-07 09:30,94.62,94.78,93.89999,94.7,2231757
1207661400,2008-04-08 09:30,95.17999,95.24001,94.25999,94.37,1305186
1207747800,2008-04-09 09:30,94.56,95.64,94.55,95.35001,2883511
1207834200,2008-04-10 09:30,95.31,95.5,94.57001,95.03,1846442
1207920600,2008-04-11 09:30,95.60001,95.92,95.47,95.67,1987631
1208179800,2008-04-14 09:30,95.34,95.7,94.99001,95.11,3197033
1208266200,2008-04-15 09:30,94.42,94.58,93.89999,93.92999,2821558
1208352600,2008-04-16 09:30,93.8,94.06,92.42999,93.00999,4691055
1208439000,2008-04-17 09:30,92.98,93.17999,92.244,92.85001,2019991
1208525400,2008-04-18 09:30,92,92.88,91.82001,92.77,2199677
1208784600,2008-04-21 09:30,92.41,93.28,92.3,93.14,2805712
1208871000,2008-04-22 09:30,92.91,93.67,92.91,93.46001,1799762
1208957400,2008-04-23 09:30,93.09,93.63,92.53,93.14999,1221004
1209043800,2008-04-24 09:30,92.25999,92.46001,91.81,92.36,3213516
1209130200,2008-04-25 09:30,92.14,92.25,91.5,91.82001,1741990
1209389400,2008-04-28 09:30,91.53,92.35001,91.41,92.10001,1883822
1209475800,2008-04-29 09:30,92.38,92.86,92.14999,92.45,1269090
1209562200,2008-04-30 09:30,92.42,93.2,91.85001,93.11501,2827414
1209648600,2008-05-01 09:30,93.44,93.64999,92.38,92.78,3226439
1209735000,2008-05-02 09:30,91.78,92.41,91.53999,91.61,2730742
1209994200,2008-05-05 09:30,91.86,91.87,91.14,91.61,1309260
1210080600,2008-05-06 09:30,92.00999,92.08,90.78999,90.95,4037499
1210167000,2008-05-07 09:30,90.73,91.429,90.62,91.3399,3876149
1210253400,2008-05-08 09:30,91.44,92.2,91.42,92.16,2829498
1210339800,2008-05-09 09:30,92.73,92.87,92.21001,92.5,2064251
1210599000,2008-05-12 09:30,92.75999,93.16,92.35001,92.36,1947352
1210685400,2008-05-13 09:30,91.83,92.05,91.31,91.35001,2123298
1210771800,2008-05-14 09:30,92,92.00999,90.72,91.39,2600823
1210858200,2008-05-15 09:30,91.17,92.33,91.09,92.22,2164249
1210944600,2008-05-16 09:30,91.88,92.89,91.78,91.84,1902574
1211203800,2008-05-19 09:30,92.25999,92.25999,91.3,91.96201,1348125
1211290200,2008-05-20 09:30,92.44,92.5,91.89999,92.44,1465937
1211376600,2008-05-21 09:30,92.05,92.67,91.86,92.46001,1762090
1211463000,2008-05-22 09:30,91.92999,91.92999,90.84,91.37,2855876
1211549400,2008-05-23 09:30,91.83,92.3,91.7,91.77,1802000
1211895000,2008-05-27 09:30,91.38,91.56,90.98,91.14999,1985871
1211981400,2008-05-28 09:30,90.53999,90.66,90.14,90.34,3250685
1212067800,2008-05-29 09:30,90.00999,90.10001,89.14,89.69,3302371
1212154200,2008-05-30 09:30,90.13,90.44,90.06,90.28,2514796
1212413400,2008-06-02 09:30,89.98,90.64,89.62,90.3,3076305
1212499800,2008-06-03 09:30,90.06,91.41,89.81,90.95,2447647
1212586200,2008-06-04 09:30,91.39,91.39,89.89999,90.14,2812991
1212672600,2008-06-05 09:30,89.82001,90.03,89.45,89.60001,2632139
1212759000,2008-06-06 09:30,90.44,91.09,90.21001,90.75999,3864702
1213018200,2008-06-09 09:30,90.48,91.39,90.19,90.75999,1811960
1213104600,2008-06-10 09:30,90.64999,90.71001,89.7,90.17,1935233
1213191000,2008-06-11 09:30,90.05,90.72,89.71001,89.96001,2265399
1213277400,2008-06-12 09:30,89.56,89.64,88.82001,89.06,4413090
1213363800,2008-06-13 09:30,88.97,89.53799,88.679,88.87,1983557
1213623000,2008-06-16 09:30,89.11,89.17999,88.62,88.89,1756717
1213709400,2008-06-17 09:30,89.14999,89.27,88.59,89.07001,1712113
1213795800,2008-06-18 09:30,89.28999,89.966,89.09,89.82001,2589981
1213882200,2008-06-19 09:30,89.52,89.75,89.02499,89.2899,1700494
1213968600,2008-06-20 09:30,89.94,90.07001,89.69,89.81,4580863
1214227800,2008-06-23 09:30,90.08,90.42999,89.83,90,1594100
1214314200,2008-06-24 09:30,90.38,90.81,90.14,90.5948,3118383
1214400600,2008-06-25 09:30,90.64999,90.75999,89.81,90.64,3251541
1214487000,2008-06-26 09:30,91,91.44,90.78999,91.25,4052210
1214573400,2008-06-27 09:30,91.73,92.44,91.45,92.32001,4144762
1214832600,2008-06-30 09:30,92.41,92.8192,92.08,92.34,3742927
1214919000,2008-07-01 09:30,92.69,92.7701,91.67999,91.78999,3805099
1215005400,2008-07-02 09:30,91.96001,92.38,91.87,92.27,2413627
1215091800,2008-07-03 09:30,91.71001,92.3,91.53999,92.07001,1405066
1215437400,2008-07-07 09:30,92.07001,93.14999,91.58,92.49001,3528393
1215523800,2008-07-08 09:30,92.5,93.14,92.42,93.09,2176516
1215610200,2008-07-09 09:30,92.94,93.64,92.92,93.5,1581965
1215696600,2008-07-10 09:30,93.33,93.75999,92.94,93.49001,2723502
1215783000,2008-07-11 09:30,93.52,93.74001,91.86,92.16,5467242
1216042200,2008-07-14 09:30,92.38,93.25999,92.28999,92.97,4135305
1216128600,2008-07-15 09:30,93.07001,93.42999,92.7,92.94,4541398
1216215000,2008-07-16 09:30,92.08,92.24001,91.21001,91.25999,3435843
1216301400,2008-07-17 09:30,91.25999,91.61,90.56,90.78999,5899840
1216387800,2008-07-18 09:30,90.75999,91.2,90.3,90.45,3475162
1216647000,2008-07-21 09:30,90.45,90.89999,90.25,90.8,3657163
1216733400,2008-07-22 09:30,90.64,90.75999,90.03,90.35001,2675178
1216819800,2008-07-23 09:30,90.22,90.37,89.752,90.17,2871887
1216906200,2008-07-24 09:30,90.35001,91.25,90.35001,91.05,2613219
1216992600,2008-07-25 09:30,90.55,90.84,90,90.14,3765217
1217251800,2008-07-28 09:30,90.95,91.47,90.7,91.05,1275867
1217338200,2008-07-29 09:30,90.66,90.991,90.31,90.67999,1349024
1217424600,2008-07-30 09:30,90.09,91.28999,90.03,90.77,1667461
1217511000,2008-07-31 09:30,91.72,92.05,91.27,91.67,3898642
1217597400,2008-08-01 09:30,90.97,91.56,90.83,91.53999,1804729
1217856600,2008-08-04 09:30,91.09,91.64,91.00999,91.33,2029898
1217943000,2008-08-05 09:30,91.35001,91.60001,90.62,90.64999,2191151
1218029400,2008-08-06 09:30,90.41,90.41,89.82001,90.27991,3139404
1218115800,2008-08-07 09:30,90.63,91.89999,90.42999,91.75,2765517
1218202200,2008-08-08 09:30,91.89,92.08,91.53999,92,1035331
1218461400,2008-08-11 09:30,91.78,91.78,90.59801,91.12,3939322
1218547800,2008-08-12 09:30,91.81,92.03,91.7,91.97,1314992
1218634200,2008-08-13 09:30,92.3,92.35001,91.46001,91.64999,1940263
1218720600,2008-08-14 09:30,92.25999,92.60001,92.07001,92.24001,2605243
1218807000,2008-08-15 09:30,92.67,93.2,92.57001,93.03999,1964807
1219066200,2008-08-18 09:30,93.08,93.53799,92.96001,93.41,1263123
1219152600,2008-08-19 09:30,93.44,93.5265,92.89,93.05,1944609
1219239000,2008-08-20 09:30,93.38,93.71001,93.14999,93.31,2499938
1219325400,2008-08-21 09:30,93.63,93.63,92.75,93.14,2266997
1219411800,2008-08-22 09:30,93.11,93.17,92.64,93.08,1989912
1219671000,2008-08-25 09:30,94.12,94.33,93.85001,94.00999,2028240
1219757400,2008-08-26 09:30,93.96001,94.2,93.71001,94.09,1270881
1219843800,2008-08-27 09:30,93.49001,94.28999,93.44,94.25,1555299
1219930200,2008-08-28 09:30,93.91,94.41,93.69,94.25999,1886420
1220016600,2008-08-29 09:30,94.02,94.16,93.50999,93.84,1739019
1220362200,2008-09-02 09:30,92.98,94.41,92.84,94.37,2915981
1220448600,2008-09-03 09:30,94.27,94.89,94.25999,94.77,2104925
1220535000,2008-09-04 09:30,95,95.5574,94.81,95.526,3049715
1220621400,2008-09-05 09:30,96.02,96.31,95.41,95.48,4168039
1220880600,2008-09-08 09:30,94.89999,95.88,94.56,95.88,5426145
1220967000,2008-09-09 09:30,95.83,96.88,95.53999,96.83,3890119
1221053400,2008-09-10 09:30,95.98,96.66,95.82001,96.23,2407852
1221139800,2008-09-11 09:30,96.78999,96.86,96,96.17999,3591911
1221226200,2008-09-12 09:30,96.21001,96.33,94.75,94.94,4138137
1221485400,2008-09-15 09:30,96.28,98.17,96.07001,98.02,5890027
1221571800,2008-09-16 09:30,100.71001,100.86,97.91,98,6684375
1221658200,2008-09-17 09:30,98.92,99.38,97.73,98.49001,4371246
1221744600,2008-09-18 09:30,97.95,98.49001,96.92,97.05,4188273
1221831000,2008-09-19 09:30,93.86,95.02,93.7,93.97,7169172
1222090200,2008-09-22 09:30,92.92999,93.96001,92.60001,93.96001,4726297
1222176600,2008-09-23 09:30,93.61,94.10001,93.13,93.60001,2235943
1222263000,2008-09-24 09:30,93.97,94.75,93.60001,94.00999,1014891
1222349400,2008-09-25 09:30,94.59,94.59,93.14999,93.82001,1881151
1222435800,2008-09-26 09:30,94.07001,94.78999,94.07001,94.5,1992783
1222695000,2008-09-29 09:30,95.17,97.92999,95.16,97.25,4799715
1222781400,2008-09-30 09:30,97.03999,97.2899,94.60001,94.88,1358052
1222867800,2008-10-01 09:30,96.03999,96.89999,94.95,95.78,1767757
1222954200,2008-10-02 09:30,96.57001,96.845,96.06799,96.55,931832
1223040600,2008-10-03 09:30,97.38,97.78999,95.49001,97.39999,1903059
1223299800,2008-10-06 09:30,98.74001,99.86,98.62,99.17,2906197
1223386200,2008-10-07 09:30,98.32001,99.67,97.98,98.87,1971958
1223472600,2008-10-08 09:30,99.67999,99.94,96.67999,97.45,3386598
1223559000,2008-10-09 09:30,97.37,97.698,96.22,96.63,1785344
1223645400,2008-10-10 09:30,96.61,96.91,95.50999,95.95,2199907
1223904600,2008-10-13 09:30,95.11,95.95,94.25999,94.72,1532006
1223991000,2008-10-14 09:30,94.25,95.25999,93.89999,94.11,2099972
1224077400,2008-10-15 09:30,94.12,95.03999,93.42,95.00999,1449460
1224163800,2008-10-16 09:30,94.99001,95.27,94.17999,94.519,1063187
1224250200,2008-10-17 09:30,94.69,94.89999,93.02,93.87,1691858
1224509400,2008-10-20 09:30,93.44,94.94,93.36,94.62,1146711
1224595800,2008-10-21 09:30,95.09,95.99001,94.74001,95.12,1243652
1224682200,2008-10-22 09:30,96.12,97.49001,95.85001,97.05,1071261
1224768600,2008-10-23 09:30,97.95,98.89,96.82001,97.77,1801919
1224855000,2008-10-24 09:30,98.82001,99.05,96.45,96.73,1495705
1225114200,2008-10-27 09:30,97.77,98.21001,96.28999,96.8,1534101
1225200600,2008-10-28 09:30,96.17999,96.89999,95.14999,95.39,1505478
1225287000,2008-10-29 09:30,95.77,96.00999,94.42999,94.91,1748285
1225373400,2008-10-30 09:30,94.5,94.8,93.8,94.05,1325935
1225459800,2008-10-31 09:30,94.64,94.92,92.64999,92.83,2282489
1225722600,2008-11-03 09:30,92.72,93.11,92.35001,92.71001,1111595
1225809000,2008-11-04 09:30,92.96001,94.71001,92.59,94.45,1608756
1225895400,2008-11-05 09:30,94.89,95.67,94.4001,95.57001,1931636
1225981800,2008-11-06 09:30,94.60001,95.05,93.81,94.88,919672
1226068200,2008-11-07 09:30,94.52,94.52,93.55,94.25999,1277053
1226327400,2008-11-10 09:30,93.8,95.10001,93.67999,94.71989,1352097
1226413800,2008-11-11 09:30,95.21001,95.81,94.96001,95.00011,695968
1226500200,2008-11-12 09:30,95.58,96.07001,95.16,95.61,1199402
1226586600,2008-11-13 09:30,94.91,95.25,93.25,93.32001,1631895
1226673000,2008-11-14 09:30,95.11,95.46001,94.78999,95.17,1059631
1226932200,2008-11-17 09:30,95.67999,96.03,95.28999,95.59,490511
1227018600,2008-11-18 09:30,96.38,97,95.96001,96.82001,924768
1227105000,2008-11-19 09:30,97.47,99.37,97.21001,99.3,2090312
1227191400,2008-11-20 09:30,101.82001,104.44,101.10001,104.42999,5459770
1227277800,2008-11-21 09:30,103.25,103.98,101.45,102.92,3249297
1227537000,2008-11-24 09:30,102.14999,102.29221,101,101.31,1587214
1227623400,2008-11-25 09:30,103.95,104.47,102.67999,104.28999,2632783
1227709800,2008-11-26 09:30,104.72,105.62,104.09,104.42999,2577729
1227882600,2008-11-28 09:30,105.25,105.97,104.94,105.72,988446
1228141800,2008-12-01 09:30,107.75,110.41,107.13,109.39999,4031550
1228228200,2008-12-02 09:30,108.56,110.37,108.19,109.82001,3289232
1228314600,2008-12-03 09:30,110.27,110.81,108.56,110.13,2950997
1228401000,2008-12-04 09:30,111.13,112.4912,110.37,112.3,2826095
1228487400,2008-12-05 09:30,111.95,113,110.42,110.48,4557563
1228746600,2008-12-08 09:30,110.48,111.25,109.69,110.24001,2119481
1228833000,2008-12-09 09:30,110.58,112.53,110.25,112.42,2055457
1228919400,2008-12-10 09:30,111.37,112.14999,111.12,112.14999,2414870
1229005800,2008-12-11 09:30,112.17999,112.42999,110.87,112.37,2417249
1229092200,2008-12-12 09:30,112.53999,112.56,110.34,112.37,2547014
1229351400,2008-12-15 09:30,112.35001,113.94,112.05,113.64999,1707653
1229437800,2008-12-16 09:30,114.10001,116.89999,113.97,116.46001,4015018
1229524200,2008-12-17 09:30,120.77,121.13,119.25999,119.62,6432078
1229610600,2008-12-18 09:30,120.74001,123.14999,120.45,122.13,4441969
1229697000,2008-12-19 09:30,121.44,122.99001,121.28,122.25999,2668416
1229956200,2008-12-22 09:30,122.39,122.39,120.73,121.32001,2222727
1230042600,2008-12-23 09:30,120.14,121.5,119.89999,121.16,1747467
1230129000,2008-12-24 09:30,120.73,121.32001,120.62,120.89999,717452
1230301800,2008-12-26 09:30,121.59,121.96989,121.2,121.3,454387
1230561000,2008-12-29 09:30,121.42999,122.00999,120.61,120.75,1415906
1230647400,2008-12-30 09:30,120.49001,121.92,120.07001,121.89999,2590483
1230733800,2008-12-31 09:30,121.41,122,118.85001,119.35001,2737980
1230906600,2009-01-02 09:30,120.05,120.45,116.35001,116.35001,3464102
1231165800,2009-01-05 09:30,115.60001,116.16,112.60001,113.35001,5395492
1231252200,2009-01-06 09:30,111.62,113.25999,111,112.21001,4110016
1231338600,2009-01-07 09:30,111.96001,112.67999,111.39999,112.64999,2548854
1231425000,2009-01-08 09:30,112.64,112.92,111.99001,112.56,2603599
1231511400,2009-01-09 09:30,111.46001,113.35001,111.27,112.73,2727805
1231770600,2009-01-12 09:30,111.57001,114.05,111.57001,113.89999,2462793
1231857000,2009-01-13 09:30,113.5,114.08,112.96001,114.02,1767358
1231943400,2009-01-14 09:30,114.64999,116.03999,114.64999,115.89999,2494759
1232029800,2009-01-15 09:30,116.2,116.92,115.5766,116.09,2827282
1232116200,2009-01-16 09:30,113.42,116.09,113.36011,114.3,2994707
1232461800,2009-01-20 09:30,112.28999,114.63,112.23,114.28,3268419
1232548200,2009-01-21 09:30,111.92999,113.03999,110.39999,110.67,2838093
1232634600,2009-01-22 09:30,110.60001,110.77,107.88,108.53999,4016596
1232721000,2009-01-23 09:30,107.92,108.32001,106.69,107.69,2676196
1232980200,2009-01-26 09:30,107.42999,107.82001,106.3,106.75,2240814
1233066600,2009-01-27 09:30,107.8,109.59,107.63,109.25999,3421407
1233153000,2009-01-28 09:30,109.31,109.81,105.72,106.53,4348082
1233239400,2009-01-29 09:30,105.56,106.31,103.66,104.08,3724397
1233325800,2009-01-30 09:30,104.55,104.87,103.44,103.75,2630588
1233585000,2009-02-02 09:30,104.02,105.67999,103.39,105.39,2700122
1233671400,2009-02-03 09:30,104.3,104.83,102.75,102.88,2846354
1233757800,2009-02-04 09:30,102.75,102.87,101.62,102.52,2305310
1233844200,2009-02-05 09:30,103.24001,103.88,102.20599,102.61,2279433
1233930600,2009-02-06 09:30,102.25,102.86,101.89999,102.28999,1667494
1234189800,2009-02-09 09:30,101.69,102.67,101.06,102.62,2257935
1234276200,2009-02-10 09:30,104.11,104.96001,103.45,104.85001,3783001
1234362600,2009-02-11 09:30,105.71001,106.5,105.53,106.21001,2774154
1234449000,2009-02-12 09:30,105.98,106.17999,104.74001,105.21001,1818492
1234535400,2009-02-13 09:30,103.95,103.95,102.23,102.41,2468301
1234881000,2009-02-17 09:30,104.55,105.66,104.35001,105.60001,2813822
1234967400,2009-02-18 09:30,106.06,106.56,104.3,104.7,2768774
1235053800,2009-02-19 09:30,102.69,104.06,102.23,102.92,3220161
1235140200,2009-02-20 09:30,104.27,105.16,103.3,103.92,4272004
1235399400,2009-02-23 09:30,103.60001,104.88,103.17,104.88,2688638
1235485800,2009-02-24 09:30,105.7,106.67999,104.77,104.77,4197012
1235572200,2009-02-25 09:30,105.24001,105.49001,103.03,103.56,3908158
1235658600,2009-02-26 09:30,102.87,103.25999,101.98,102.47,2611147
1235745000,2009-02-27 09:30,102.57001,103.00999,101.21001,101.88,3267743
1236004200,2009-03-02 09:30,102.22,103.28,102.09,103.28,3301952
1236090600,2009-03-03 09:30,102.23,103.57001,101.81,102.59,3084808
1236177000,2009-03-04 09:30,101.49001,102.25,101.16,102.12,3178305
1236263400,2009-03-05 09:30,104.02,105.44,103.44,104.96001,4562359
1236349800,2009-03-06 09:30,104.25999,105.97,104.09,104.25999,3126181
1236605400,2009-03-09 09:30,104.50999,104.55,103.12,103.64999,2070419
1236691800,2009-03-10 09:30,102.42999,102.75,101.50999,101.66,2602554
1236778200,2009-03-11 09:30,101.28999,102.75999,100.92999,102.75999,3101569
1236864600,2009-03-12 09:30,102.66,103.97,102.31,103.25,3558831
1236951000,2009-03-13 09:30,102.75,103.88,102.33,102.73,2503935
1237210200,2009-03-16 09:30,100.82001,101.45,100.5,101.11,3265568
1237296600,2009-03-17 09:30,101.72,102.33,100.3876,100.56,3076121
1237383000,2009-03-18 09:30,101.12,108.07001,100.89999,104.37,8579973
1237469400,2009-03-19 09:30,105.62,105.66,104.22,104.5,3650881
1237555800,2009-03-20 09:30,104.62,105,103.78011,103.92,3479670
1237815000,2009-03-23 09:30,104.28999,104.42,102.97,103.02,2096968
1237901400,2009-03-24 09:30,102.19,105.16,101.9301,104,5477152
1237987800,2009-03-25 09:30,103.28999,103.72,102.31,102.60001,2549522
1238074200,2009-03-26 09:30,102.44,104.06,102.16,103.78999,2385217
1238160600,2009-03-27 09:30,104.14999,104.92999,103.56,104.56,1853877
1238419800,2009-03-30 09:30,105.44,105.87,103.94,104.96001,2300003
1238506200,2009-03-31 09:30,105.03999,105.8,105,105.71001,1094525
1238592600,2009-04-01 09:30,106.12,106.56,105.5273,106.37,2383328
1238679000,2009-04-02 09:30,105.89,106.07001,104.84,105.07001,1766293
1238765400,2009-04-03 09:30,104.91,105.16,102.66,102.92,3316754
1239024600,2009-04-06 09:30,103.53999,103.59,102.22,102.48,1418006
1239111000,2009-04-07 09:30,102.53999,103.31,102.48,102.74001,1312593
1239197400,2009-04-08 09:30,103.07001,103.86,102.95,103.64999,1007779
1239283800,2009-04-09 09:30,102.47,103.17999,101.98,102.35001,1088784
1239629400,2009-04-13 09:30,102.96001,103.50999,102.92999,103.28999,946563
1239715800,2009-04-14 09:30,103.25,104.21001,102.92999,103.83,1335976
1239802200,2009-04-15 09:30,104.13,104.3,102.88,103.64999,1152418
1239888600,2009-04-16 09:30,102.85001,103.45,102.78,102.83,1055573
1239975000,2009-04-17 09:30,102.47,102.71001,101.37,101.7,2582707
1240234200,2009-04-20 09:30,102.63,103.4025,102.45,103.24001,1714341
1240320600,2009-04-21 09:30,104.03999,104.21001,102.22,102.22,1802538
1240407000,2009-04-22 09:30,102.45,102.56,101.11,101.60001,2278060
1240493400,2009-04-23 09:30,101.35001,101.75,100.94,101.59,1688281
1240579800,2009-04-24 09:30,100.78999,100.98,100.10001,100.57001,2829905
1240839000,2009-04-27 09:30,101.07001,101.19,100.06,101,2294515
1240925400,2009-04-28 09:30,101.5,101.58,99.09,99.35001,2332548
1241011800,2009-04-29 09:30,99.67,100.08,98.14999,98.47,3752505
1241098200,2009-04-30 09:30,97.98,98.36,97.39,98.08,2778208
1241184600,2009-05-01 09:30,97.12,97.28999,96.57001,97.11,2772133
1241443800,2009-05-04 09:30,97.36,97.82001,96.78999,97.42999,2246608
1241530200,2009-05-05 09:30,97.46001,97.83,96.75999,97.31,1368959
1241616600,2009-05-06 09:30,97.12,98,97,97.08,2045866
1241703000,2009-05-07 09:30,95.94,96.7,94.33,94.71001,5756391
1241789400,2009-05-08 09:30,95.02,95.39,94.645,94.94,2193360
1242048600,2009-05-11 09:30,96.05,96.45,95.78999,96.28999,2169932
1242135000,2009-05-12 09:30,96.17999,97.02,95.80231,96.64,2304726
1242221400,2009-05-13 09:30,97.36,97.92999,97.24001,97.69,1917455
1242307800,2009-05-14 09:30,97.60001,98.25,97.3,98.07001,1704583
1242394200,2009-05-15 09:30,98,98.05,97.46001,98.03999,2306504
1242653400,2009-05-18 09:30,98.00999,98.11,96.37,96.52,2234609
1242739800,2009-05-19 09:30,96.19,96.47,95.71001,96.00999,1624222
1242826200,2009-05-20 09:30,95.92999,97.16,95.83,97.02,2825795
1242912600,2009-05-21 09:30,97.55,97.64,94.35001,94.58,4771832
1242999000,2009-05-22 09:30,93.82001,94.49001,93.35001,93.53,4484645
1243344600,2009-05-26 09:30,94.05,94.10001,92.12,92.12,3635200
1243431000,2009-05-27 09:30,92.24001,92.58,90.38,90.492,7490809
1243517400,2009-05-28 09:30,91.77,91.98,90.23,91.8,9826336
1243603800,2009-05-29 09:30,91.7,94.23,91.64,94.17,4746613
1243863000,2009-06-01 09:30,92.34,92.38,90.57001,91.09,6986934
1243949400,2009-06-02 09:30,91.61,91.77,90.78,91.58,5064098
1244035800,2009-06-03 09:30,91.96001,92.61,91.33,92.44,6727242
1244122200,2009-06-04 09:30,91.42999,91.72,90.24001,90.53,5438563
1244208600,2009-06-05 09:30,89.91,90.89999,89.55,89.84,8441004
1244467800,2009-06-08 09:30,90.41,90.73,89.48,89.61,4084816
1244554200,2009-06-09 09:30,90.19,90.31,89.25,89.60001,6046598
1244640600,2009-06-10 09:30,88.87,89.42999,87.56,88.19,12143035
1244727000,2009-06-11 09:30,87.75999,89.52,87.69,89.17,10693781
1244813400,2009-06-12 09:30,89.42,90.64999,89.42,89.97,6607129
1245072600,2009-06-15 09:30,90.53999,91.14999,90.48,90.78,4518629
1245159000,2009-06-16 09:30,90.96001,92.42999,90.8,92.36,5376949
1245245400,2009-06-17 09:30,92.45,93.33,91.84,91.84,7197109
1245331800,2009-06-18 09:30,91.25,91.58,90.11,90.45,6794602
1245418200,2009-06-19 09:30,90.33,91.7,90.21001,91.69,4750879
1245677400,2009-06-22 09:30,92.44,92.91,92.06,92.58,3952348
1245763800,2009-06-23 09:30,92.77,93.81,92.58,93.67,5359875
1245850200,2009-06-24 09:30,93.64999,94.07001,92.66,92.73,6556727
1245936600,2009-06-25 09:30,93.22,94.5,92.67,94.42999,7140031
1246023000,2009-06-26 09:30,94.62,94.89999,94.21001,94.59,4050306
1246282200,2009-06-29 09:30,95.07001,95.37,94.58,94.73,4334832
1246368600,2009-06-30 09:30,94.19,95.11,93.81,94.57001,3743764
1246455000,2009-07-01 09:30,93.42,94.09,93.24001,94.08,3379993
1246541400,2009-07-02 09:30,94.33,94.61,94,94.3,2645005
1246887000,2009-07-06 09:30,94.05,94.28999,93.39,94.12,1886697
1246973400,2009-07-07 09:30,93.62,94.88,93.61,94.75,2592443
1247059800,2009-07-08 09:30,95.12,96.81,94.89011,96.5,7912836
1247146200,2009-07-09 09:30,95.35001,95.73,94.45,95.35001,5250766
1247232600,2009-07-10 09:30,95.62,96.3326,95.42999,96.23,3981804
1247491800,2009-07-13 09:30,96.32001,96.60001,95.56,95.69,2604382
1247578200,2009-07-14 09:30,94.75999,95.13,93.7,94.10001,3629073
1247664600,2009-07-15 09:30,92.66,93,91.67,91.67999,4669207
1247751000,2009-07-16 09:30,92.81,93.17999,92.5,92.67,4225156
1247837400,2009-07-17 09:30,91.89999,92.36,91.24001,91.24001,3845658
1248096600,2009-07-20 09:30,90.85001,92.49001,90.8,91.72,4436504
1248183000,2009-07-21 09:30,91.45,93.7,91.28999,93.55,3895225
1248269400,2009-07-22 09:30,93.39999,93.5257,92.36,92.71001,1986706
1248355800,2009-07-23 09:30,92.75999,92.8,90.57001,91.00999,3819859
1248442200,2009-07-24 09:30,91,91.45,90.77,91.45,1765276
1248701400,2009-07-27 09:30,90.23,90.66,89.94,90.39999,2756169
1248787800,2009-07-28 09:30,90.72,91.82001,90.4299,91.2,3324934
1248874200,2009-07-29 09:30,92.17,92.28999,90.94,91.7,2911690
1248960600,2009-07-30 09:30,91.53999,93.14999,91.23,93,4040621
1249047000,2009-07-31 09:30,93.85001,94.86,93.28,94.81,5697633
1249306200,2009-08-03 09:30,93.81,93.87,92.61,93.06,4030110
1249392600,2009-08-04 09:30,93.63,93.72,91.67,92.32001,3832186
1249479000,2009-08-05 09:30,91.31,92.75,90.87,90.94,4458230
1249565400,2009-08-06 09:30,90.89999,91.89,90.42,91.25,3228611
1249651800,2009-08-07 09:30,90.42,90.92999,90.21899,90.49001,3543111
1249911000,2009-08-10 09:30,90.50999,91.64,90.41,91.62,3150534
1249997400,2009-08-11 09:30,92.39,92.86729,91.99001,92.67999,3677733
1250083800,2009-08-12 09:30,92.95,93.07001,91.09,91.69,4729246
1250170200,2009-08-13 09:30,91.8,93.14999,91.5,92.99001,3922266
1250256600,2009-08-14 09:30,93.3,94.2,93.21001,93.35001,4410328
1250515800,2009-08-17 09:30,93.95,94.75,93.87,94.73,3570338
1250602200,2009-08-18 09:30,94.66,94.76939,94.00999,94.17999,2557827
1250688600,2009-08-19 09:30,95.17,95.37,94.4115,94.96001,3518280
1250775000,2009-08-20 09:30,95.38,95.87,94.7775,95.74001,3282655
1250861400,2009-08-21 09:30,95.64,95.73,93.75,93.77,6260648
1251120600,2009-08-24 09:30,93.49001,95.47,93.46001,95.47,4460289
1251207000,2009-08-25 09:30,95.37,96.09,94.91,96.00999,3359651
1251293400,2009-08-26 09:30,96.17999,96.55,95.91,96.45,3225758
1251379800,2009-08-27 09:30,96.17999,96.62,95.73,96.07001,2513928
1251466200,2009-08-28 09:30,95.44,96.5101,95.31,96.50999,2072461
1251725400,2009-08-31 09:30,96.36,96.86,95.75999,96.60001,2899866
1251811800,2009-09-01 09:30,95.82001,96.58009,95.14,96.06,3304132
1251898200,2009-09-02 09:30,96.48,97.66,96.24001,97.46001,4344949
1251984600,2009-09-03 09:30,96.84,97.12,96.55,96.86,2703715
1252071000,2009-09-04 09:30,96.44,96.5992,95.06,95.21001,3642929
1252416600,2009-09-08 09:30,94.48,95.37,94.36,94.53999,2468889
1252503000,2009-09-09 09:30,93.89,94.42999,93.52,94.42999,3182346
1252589400,2009-09-10 09:30,94.92999,96.71001,94.91,96.17,4417336
1252675800,2009-09-11 09:30,96.82001,97.67999,96.60001,96.7,4826129
1252935000,2009-09-14 09:30,96.02,96.66949,95.64999,95.74001,2119468
1253021400,2009-09-15 09:30,95.19,95.77,95.07001,95.25,2187812
1253107800,2009-09-16 09:30,95.34,95.95,94.60001,95.42,3734217
1253194200,2009-09-17 09:30,95.69,96.73,95.1703,96.62,2831914
1253280600,2009-09-18 09:30,96.2,96.53,95.67,95.75999,2813277
1253539800,2009-09-21 09:30,96.10001,96.49001,95.36,95.98,3050152
1253626200,2009-09-22 09:30,95.64999,96.37,95.5099,96.17999,2067965
1253712600,2009-09-23 09:30,95.94,96.58,95.2,96.47,5711910
1253799000,2009-09-24 09:30,96.5,97.09,96.17,96.75,4658340
1253885400,2009-09-25 09:30,97.36,98.06,96.77,97.98,3855025
1254144600,2009-09-28 09:30,98.32001,98.92999,98.11,98.84,4264840
1254231000,2009-09-29 09:30,98.32001,99.17,98.14999,98.75,3123132
1254317400,2009-09-30 09:30,98.56,99.13,98.36,98.66,2744798
1254403800,2009-10-01 09:30,98.96001,100.06,98.80161,99.7,5755859
1254490200,2009-10-02 09:30,100.28,100.31,98.88,99.00999,4827652
1254749400,2009-10-05 09:30,99.47,99.66,98.77,99.02,2910061
1254835800,2009-10-06 09:30,98.75999,98.8,97.98,98.03999,3936124
1254922200,2009-10-07 09:30,98.67,99.33,98.60001,99.19,3591239
1255008600,2009-10-08 09:30,99.71001,99.75999,97.67999,98.14999,5871551
1255095000,2009-10-09 09:30,97.62,97.71001,95.5,95.89999,8135816
1255354200,2009-10-12 09:30,96.03,96.33,95.60001,96.05,1939612
1255440600,2009-10-13 09:30,96.62,96.85001,96.25999,96.55,2886494
1255527000,2009-10-14 09:30,95.50999,96.10001,94.89999,95.12,5420949
1255613400,2009-10-15 09:30,94.57001,95.42,94.37,94.67999,3737309
1255699800,2009-10-16 09:30,95.19,95.53,94.73,95.45,3716781
1255959000,2009-10-19 09:30,95.59,96.21001,95.38,96.2,3163768
1256045400,2009-10-20 09:30,97.02,97.245,96.54021,96.72,2912315
1256131800,2009-10-21 09:30,96.16,96.21001,95.50999,96.14,3355106
1256218200,2009-10-22 09:30,95.38,95.83,95.3322,95.67,2572169
1256304600,2009-10-23 09:30,94.88,95.42,94.87,94.95,2996179
1256563800,2009-10-26 09:30,94.44,94.50999,93.55,93.72,4128828
1256650200,2009-10-27 09:30,93.97,95.11,93.92,95,4476266
1256736600,2009-10-28 09:30,95.14,95.8,94.96001,95.45,4585348
1256823000,2009-10-29 09:30,94.82001,95.05991,93.95,94.41,4645492
1256909400,2009-10-30 09:30,95.10001,96.00999,94.87,95.78,5117996
1257172200,2009-11-02 09:30,95.50999,95.58,94.8,95.05,3463730
1257258600,2009-11-03 09:30,95.28,95.36,94,94.10001,4471117
1257345000,2009-11-04 09:30,93.61,94.07001,92.8,93.24001,5349707
1257431400,2009-11-05 09:30,92.87,93.24001,92.8,93.24001,2852043
1257517800,2009-11-06 09:30,93.38,93.45,92.46001,93.33,3381038
1257777000,2009-11-09 09:30,93.28,93.7,93.13,93.44,1697715
1257863400,2009-11-10 09:30,94.05,94.10001,92.91,93.27,2549848
1257949800,2009-11-11 09:30,93.63,94.16,93.48,93.66,1771032
1258036200,2009-11-12 09:30,93.24001,93.59,92.45,93.49001,3431281
1258122600,2009-11-13 09:30,93.83,94.06,93.45,93.92,1594173
1258381800,2009-11-16 09:30,94.64999,95.45,94.52,95.02,5175648
1258468200,2009-11-17 09:30,94.99001,95.8,94.81,95.53,3174312
1258554600,2009-11-18 09:30,95.44,95.53,94.74001,94.97,2413548
1258641000,2009-11-19 09:30,95.24001,95.82001,94.91,95.14,2969787
1258727400,2009-11-20 09:30,95,95.37,94.59,95.12,4136250
1258986600,2009-11-23 09:30,94.53999,95.10001,94.34,95,3219280
1259073000,2009-11-24 09:30,95.11,95.7,94.99001,95.60001,2895637
1259159400,2009-11-25 09:30,95.49001,96.2299,94.97,96.03999,2789426
1259332200,2009-11-27 09:30,96.39999,96.56,96.09,96.39999,2249046
1259591400,2009-11-30 09:30,96.2,96.73,96,96.63,3115775
1259677800,2009-12-01 09:30,95.75999,95.92999,95.19,95.25,3979501
1259764200,2009-12-02 09:30,95.28999,95.96001,94.99001,95.33,2193898
1259850600,2009-12-03 09:30,94.42999,94.84,94.24001,94.34,3947274
1259937000,2009-12-04 09:30,93.28999,93.64999,92.91,93.34,6108059
1260196200,2009-12-07 09:30,93.27,93.74001,93.09,93.46001,2774138
1260282600,2009-12-08 09:30,94.05,94.37,93.37,93.60001,2378629
1260369000,2009-12-09 09:30,93.69,94.05,92.67999,93.17,3494456
1260455400,2009-12-10 09:30,92.69,92.8,91.95,92.10001,4446281
1260541800,2009-12-11 09:30,91.84,92.25999,91.31,92.09,3053364
1260801000,2009-12-14 09:30,92.35001,92.5,92.05,92.2,2380313
1260887400,2009-12-15 09:30,91.57001,92,91.49001,91.78999,2993879
1260973800,2009-12-16 09:30,91.92999,92.25011,91.36,91.67999,3301591
1261060200,2009-12-17 09:30,92.5,93.23,92.19009,93.19,4428863
1261146600,2009-12-18 09:30,93.2,93.5,92.64999,92.78999,3789478
1261405800,2009-12-21 09:30,92.06,92.2,91.14,91.14,3523999
1261492200,2009-12-22 09:30,90.8,90.87,90.42101,90.63,3078813
1261578600,2009-12-23 09:30,90.96001,91.39,90.5,90.64999,2335992
1261665000,2009-12-24 09:30,90.33,90.36,89.67,89.71001,1698812
1262010600,2009-12-28 09:30,89.46001,89.63,89.3,89.46001,3170825
1262097000,2009-12-29 09:30,89.25999,89.89,89.2,89.73,2616955
1262183400,2009-12-30 09:30,89.92,90.48,89.86501,90.32001,1919066
1262269800,2009-12-31 09:30,89.75999,90.11,89.05,89.89,3242447
1262615400,2010-01-04 09:30,89.84,90.10001,89.58,89.81,2829018
1262701800,2010-01-05 09:30,90.05,90.631,90,90.39,2841589
1262788200,2010-01-06 09:30,90.17,90.25999,89.12,89.17999,4099754
1262874600,2010-01-07 09:30,89.22,89.6422,89.12,89.33,2794417
1262961000,2010-01-08 09:30,89.50999,89.56,88.75999,89.28999,2910649
1263220200,2010-01-11 09:30,88.99001,89.36,88.77,88.8,2182206
1263306600,2010-01-12 09:30,90.16,90.39,89.8425,90.32001,4321156
1263393000,2010-01-13 09:30,89.92999,90.28,89.22,89.27,4754914
1263479400,2010-01-14 09:30,89.69,90.52,89.53999,90.52,4188789
1263565800,2010-01-15 09:30,91.03,91.33,90.98,91.08,4142730
1263911400,2010-01-19 09:30,90.72,91.12199,90.42,90.82001,2496039
1263997800,2010-01-20 09:30,91.32001,91.7701,91.27,91.74001,2800568
1264084200,2010-01-21 09:30,91.55,92.39,91.46001,92.16,4363027
1264170600,2010-01-22 09:30,92.09,92.31,91.765,92,3667182
1264429800,2010-01-25 09:30,91.53999,91.92,91.49001,91.58,2419434
1264516200,2010-01-26 09:30,92.02,92.11,91.31,91.61,3138034
1264602600,2010-01-27 09:30,91.75,92.09,91.37,91.56,3325650
1264689000,2010-01-28 09:30,91.13,91.7,91.06,91.50999,3058736
1264775400,2010-01-29 09:30,91.41,92.36,91.25,92.31,4930563
1265034600,2010-02-01 09:30,91.71001,91.73,91.05,91.14999,3598531
1265121000,2010-02-02 09:30,91.17999,91.45,91.03999,91.41,3047441
1265207400,2010-02-03 09:30,90.81,90.97,90.27,90.35001,5343605
1265293800,2010-02-04 09:30,90.99001,91.82001,90.89999,91.78,6095145
1265380200,2010-02-05 09:30,91.37,92.42,91.2095,91.98,6876508
1265639400,2010-02-08 09:30,91.87,92.14999,91.64999,92.10001,3385933
1265725800,2010-02-09 09:30,91.74001,92.22,91.14,91.17999,4789949
1265812200,2010-02-10 09:30,91.32001,91.60001,90.2,90.31,5068023
1265898600,2010-02-11 09:30,90.2,90.28,89.3806,89.82001,5087406
1265985000,2010-02-12 09:30,90.31,90.42,89.95,90.19,2833791
1266330600,2010-02-16 09:30,89.73,90.44,89.73,90.36,2440817
1266417000,2010-02-17 09:30,89.92,90.09,89.08,89.33,4368840
1266503400,2010-02-18 09:30,89.46001,89.5,88.50999,88.97,5121836
1266589800,2010-02-19 09:30,89.24001,89.50999,88.89999,89.45,3502421
1266849000,2010-02-22 09:30,89.12,89.32001,88.92,89.08,3382558
1266935400,2010-02-23 09:30,89.34,90.53999,89.3,90.47,5476379
1267021800,2010-02-24 09:30,90.55,90.88,90.17999,90.69,4423883
1267108200,2010-02-25 09:30,91.17999,91.28999,90.89999,91.2,3707697
1267194600,2010-02-26 09:30,91.46001,92.06,91.41,91.67,4349027
1267453800,2010-03-01 09:30,91.33,91.53,90.96001,91.34,2415171
1267540200,2010-03-02 09:30,90.88,91.27499,90.7,91.22,2260576
1267626600,2010-03-03 09:30,91.00999,91.08,90.7,90.99001,2156414
1267713000,2010-03-04 09:30,90.96001,91.67999,90.83,91.47,2374728
1267799400,2010-03-05 09:30,90.83,90.87,90.12,90.27,3823122
1268058600,2010-03-08 09:30,89.89999,89.97,89.69991,89.8,2850302
1268145000,2010-03-09 09:30,89.98,90.00011,89.39999,89.82001,2573667
1268231400,2010-03-10 09:30,89.49001,89.7,89.19,89.59,3216171
1268317800,2010-03-11 09:30,89.39,90.14,89.37,89.92,2621503
1268404200,2010-03-12 09:30,89.77,90.64999,89.7301,90.48,3099362
1268659800,2010-03-15 09:30,90.35001,90.47,90.05,90.36,1936779
1268746200,2010-03-16 09:30,90.56,91.09,90.53999,91.08,3932548
1268832600,2010-03-17 09:30,91.31,91.47,91.07001,91.47,3481160
1268919000,2010-03-18 09:30,91.42,91.48,91.00999,91.17,2750298
1269005400,2010-03-19 09:30,90.92,91.58,90.87,91.25999,2976273
1269264600,2010-03-22 09:30,91.35001,91.49001,91.22,91.36,2452341
1269351000,2010-03-23 09:30,91.07001,91.32001,90.91,90.92999,2909928
1269437400,2010-03-24 09:30,89.84,90.25,89.05949,89.27,8049820
1269523800,2010-03-25 09:30,89.13,89.24001,88.37,88.7,8268492
1269610200,2010-03-26 09:30,88.53999,89.12,88.49001,88.95,4111699
1269869400,2010-03-29 09:30,88.78,88.85001,88.31,88.61,3245248
1269955800,2010-03-30 09:30,88.52,88.95,88.27,88.89,3254599
1270042200,2010-03-31 09:30,89.22,89.52,88.95,89.5,4263867
1270128600,2010-04-01 09:30,88.77,89.03,88.42999,88.95,2912399
1270474200,2010-04-05 09:30,87.98,88.13989,87.41,87.47,5652113
1270560600,2010-04-06 09:30,87.8,87.85001,87.35001,87.61,3584555
1270647000,2010-04-07 09:30,87.45,88.92,87.3,88.73,6389805
1270733400,2010-04-08 09:30,88.89,89.13,88.48,88.77,3797833
1270819800,2010-04-09 09:30,88.61,89.05499,88.41,88.98,2311262
1271079000,2010-04-12 09:30,89.17,89.56,89.09,89.45,2939571
1271165400,2010-04-13 09:30,89.89,89.95,89.52,89.74001,3090843
1271251800,2010-04-14 09:30,89.75999,89.87,89.11,89.11,3570297
1271338200,2010-04-15 09:30,88.85001,89.5,88.67999,89.21001,3697982
1271424600,2010-04-16 09:30,89.39999,89.99001,89.24001,89.86,8305703
1271683800,2010-04-19 09:30,89.87,90.03,89.52,89.64,3211477
1271770200,2010-04-20 09:30,89.85001,89.99001,89.6445,89.96001,2284968
1271856600,2010-04-21 09:30,90.27,90.83,90.25999,90.7,4162430
1271943000,2010-04-22 09:30,90.89999,91.0882,90.33,90.42999,4606512
1272029400,2010-04-23 09:30,90.21001,90.36501,89.87,90.11,4775945
1272288600,2010-04-26 09:30,90.50999,90.64999,89.94,90.21001,4753863
1272375000,2010-04-27 09:30,90.85001,91.92,90.7,91.48,13199242
1272461400,2010-04-28 09:30,91.13,91.35001,90.481,90.7,8379445
1272547800,2010-04-29 09:30,90.86,91.2225,90.52,91.08,4067153
1272634200,2010-04-30 09:30,91.28,92.17,91.11,92.13,6924750
1272893400,2010-05-03 09:30,91.42,92.02,91.28,91.69,4211801
1272979800,2010-05-04 09:30,92.81,93.47,92.56,93.34,11059902
1273066200,2010-05-05 09:30,94.06,94.85001,93.35001,93.89,12219043
1273152600,2010-05-06 09:30,94.16,100,93.78,96.78999,19579056
1273239000,2010-05-07 09:30,95.88,98.09,95.27,95.58,18740528
1273498200,2010-05-10 09:30,93.16,93.94,93.08501,93.60001,10240305
1273584600,2010-05-11 09:30,93.98,94.02,92.99001,93.36,7729047
1273671000,2010-05-12 09:30,93.14,93.25999,92.61,92.64999,5530848
1273757400,2010-05-13 09:30,93.25999,93.55,92.1985,93.25999,6849742
1273843800,2010-05-14 09:30,94.12,95.5,94.09,94.88,9796598
1274103000,2010-05-17 09:30,94.72,95.71001,94.47,94.53,6302355
1274189400,2010-05-18 09:30,94.89999,96.17,94.77,95.98,9904648
1274275800,2010-05-19 09:30,95.94,96.95,95.92999,96.3,14121234
1274362200,2010-05-20 09:30,97.91,98.57001,97.53,98.33,17667744
1274448600,2010-05-21 09:30,99.61,99.75,97.86,98.42999,18671088
1274707800,2010-05-24 09:30,98.74001,98.87,97.89999,98.09,7721043
1274794200,2010-05-25 09:30,99.64999,99.89,98.39999,98.57001,12953070
1274880600,2010-05-26 09:30,98.22,98.4019,97.4001,98.28999,12644855
1274967000,2010-05-27 09:30,96.83,96.99001,95.88,96.06,7653109
1275053400,2010-05-28 09:30,96.49001,96.78,96.015,96.5,5805434
1275399000,2010-06-01 09:30,97.23,97.28999,96.25,96.85001,5536328
1275485400,2010-06-02 09:30,96.99001,97.19,95.82001,95.92999,5656398
1275571800,2010-06-03 09:30,95.21001,95.91,95.10001,95.23,8499473
1275658200,2010-06-04 09:30,96.94,97.95,96.7,97.78999,7479656
1275917400,2010-06-07 09:30,97.52,98.59,97.33,98.53999,5288172
1276003800,2010-06-08 09:30,97.92999,98.50999,97.75999,98.05,5510785
1276090200,2010-06-09 09:30,97.60001,98.12,97.21001,97.94,5598094
1276176600,2010-06-10 09:30,97.2,97.28999,96.09,96.19,6075043
1276263000,2010-06-11 09:30,97.09,97.81,96.61,97.41,6266859
1276522200,2010-06-14 09:30,96.32001,97.03999,96.22,96.91,5310309
1276608600,2010-06-15 09:30,97.11,97.25,96.05,96.50999,4920039
1276695000,2010-06-16 09:30,97.19,97.22,96.39,97.06,4011079
1276781400,2010-06-17 09:30,97.14999,98.23,97.07001,97.85001,5650875
1276867800,2010-06-18 09:30,97.89,98.11,97.57001,97.69,4171633
1277127000,2010-06-21 09:30,96.46001,97.55,96.41,97.41,5740875
1277213400,2010-06-22 09:30,97.67999,98.60001,97.42,98.57001,5661563
1277299800,2010-06-23 09:30,98.61,99.57001,98.57001,99.24001,9137828
1277386200,2010-06-24 09:30,99.35001,99.59,98.35001,98.64999,6184566
1277472600,2010-06-25 09:30,98.32001,99.33,98.16,99.05,5148465
1277731800,2010-06-28 09:30,99.60001,100,99.41721,99.98,5437430
1277818200,2010-06-29 09:30,100.32001,101.125,100.16,101.07001,7340715
1277904600,2010-06-30 09:30,101.41,101.78999,100.8,101.75,7205938
1277991000,2010-07-01 09:30,101.57001,102.66,101.38,101.60001,12893781
1278077400,2010-07-02 09:30,101.11,101.44,100.16,100.78999,6297547
1278423000,2010-07-06 09:30,100.83,101.75,100.74001,101.62,6620320
1278509400,2010-07-07 09:30,101.46001,101.50999,100.34,100.42999,5727793
1278595800,2010-07-08 09:30,99.82001,100.16,99.55009,99.78999,6260594
1278682200,2010-07-09 09:30,99.39999,99.64,99.17999,99.22,4286008
1278941400,2010-07-12 09:30,99.33,99.84,99.03999,99.17999,4062097
1279027800,2010-07-13 09:30,98.85001,98.89,98.17999,98.33,5842457
1279114200,2010-07-14 09:30,98.72,99.49001,98.39,99.32001,5417266
1279200600,2010-07-15 09:30,99.74001,100.59,99.7,100.31,6996383
1279287000,2010-07-16 09:30,100.31,101.13,100.27,100.8,7512359
1279546200,2010-07-19 09:30,100.56,100.75,99.98,100.17999,4305777
1279632600,2010-07-20 09:30,100.67,100.89999,100.17999,100.33,5077055
1279719000,2010-07-21 09:30,100.45,102.28,100.41,102.03,7894191
1279805400,2010-07-22 09:30,101.50999,101.52,100.82001,100.85001,5760086
1279891800,2010-07-23 09:30,100.8,100.97,99.69,99.78,6259016
1280151000,2010-07-26 09:30,99.63,99.81,99,99.61,4856313
1280237400,2010-07-27 09:30,98.78,99.179,98.5699,98.64999,5329301
1280323800,2010-07-28 09:30,98.49001,99.19,98.27,98.97,5507141
1280410200,2010-07-29 09:30,98.10001,99.02,97.92,98.94,6306477
1280496600,2010-07-30 09:30,100.2,100.61,99.85001,100.48,7683172
1280755800,2010-08-02 09:30,99.24001,99.33,98.75,98.75,5769207
1280842200,2010-08-03 09:30,99.2,99.66,98.92999,99.32001,4363422
1280928600,2010-08-04 09:30,99.5,99.50999,98.56,98.56,3820360
1281015000,2010-08-05 09:30,99.34,99.49001,98.84,99.02,3704154
1281101400,2010-08-06 09:30,99.78999,100.21001,99.49001,100.10001,6042387
1281360600,2010-08-09 09:30,99.74001,99.98,99.61,99.73,2578456
1281447000,2010-08-10 09:30,100.06,101.00999,99.47,99.94,11250992
1281533400,2010-08-11 09:30,100.31,101.39011,100.31,101.28,6778332
1281619800,2010-08-12 09:30,101.58,101.94,100.87,101.03,7590008
1281706200,2010-08-13 09:30,101.62,102.45,101.48,102.28999,7844008
1281965400,2010-08-16 09:30,104.21001,104.89,104.07001,104.85001,7980453
1282051800,2010-08-17 09:30,104.85001,104.85989,104,104.25,6756766
1282138200,2010-08-18 09:30,105,105.64999,104.49001,104.53,7721938
1282224600,2010-08-19 09:30,104.78999,106.61,104.64,106.16,13128469
1282311000,2010-08-20 09:30,106.41,106.83,105.84,106.03999,7040203
1282570200,2010-08-23 09:30,105.64999,106.19,105.25,106.06,6360211
1282656600,2010-08-24 09:30,107.03999,108.13,106.67,107.75999,9813383
1282743000,2010-08-25 09:30,108.8,109.34,107.07001,107.41,13305262
1282829400,2010-08-26 09:30,107.56,108.49001,107.28999,108.42,7040672
1282915800,2010-08-27 09:30,107.77,108.33,105.2,105.35001,13514371
1283175000,2010-08-30 09:30,106.21001,107.39999,105.82001,107.366,5535934
1283261400,2010-08-31 09:30,108.22,108.64999,107.62,108.56,8397289
1283347800,2010-09-01 09:30,107.02,107.05,105.09,106,12480910
1283434200,2010-09-02 09:30,105.2,105.3,104.39999,104.88,8168090
1283520600,2010-09-03 09:30,102.72,103.94,102.7,103.58,9210648
1283866200,2010-09-07 09:30,105.09,105.78,104.81,105.7,6018383
1283952600,2010-09-08 09:30,105.09,105.21001,104.36,104.86,6698352
1284039000,2010-09-09 09:30,103.7,103.84,102.64,102.78999,8588824
1284125400,2010-09-10 09:30,102.25,102.7,101.85001,102.32001,6910445
1284384600,2010-09-13 09:30,101.8,103.05,101.77,102.825,7055086
1284471000,2010-09-14 09:30,103.03,103.82001,102.97,103.81,5978668
1284557400,2010-09-15 09:30,102.75,103.25999,102.14,102.27,7925070
1284643800,2010-09-16 09:30,101.53,101.82001,100.85001,101.25999,17124896
1284730200,2010-09-17 09:30,101.83,102.1581,101.32001,101.67,9203852
1284989400,2010-09-20 09:30,102.14999,102.45,101.6899,102.25999,5277734
1285075800,2010-09-21 09:30,102.67,104.02,102.25999,103.67999,12665914
1285162200,2010-09-22 09:30,104.55,105.07001,103.85001,104.61,8229359
1285248600,2010-09-23 09:30,105.41,105.455,104.24001,104.912,7412180
1285335000,2010-09-24 09:30,103.96001,104.11501,103.5,103.5,8942492
1285594200,2010-09-27 09:30,104.52991,105.44501,104.48,105.3,7061566
1285680600,2010-09-28 09:30,105.38,106.32001,105.34,106.02,8262813
1285767000,2010-09-29 09:30,106.17,106.27,105.35049,105.58,5507043
1285853400,2010-09-30 09:30,105.39999,105.58501,104.03,105.50999,10618387
1285939800,2010-10-01 09:30,104.23,105.14,103.98,104.61,9368359
1286199000,2010-10-04 09:30,104.62,104.92999,104.41,104.88,4422641
1286285400,2010-10-05 09:30,104.73,104.81,103.92999,104.25,8491719
1286371800,2010-10-06 09:30,104.89999,106.10001,104.86,105.56,6476070
1286458200,2010-10-07 09:30,105.17,105.38,104.67,104.67999,5780957
1286544600,2010-10-08 09:30,104.87,105.4599,104.22,104.22,6128648
1286803800,2010-10-11 09:30,104.11,104.42999,103.94,104.24001,1474151
1286890200,2010-10-12 09:30,104.41,104.75999,103.17999,103.21001,6122695
1286976600,2010-10-13 09:30,102.35001,103.12,102.03999,103.05,8168336
1287063000,2010-10-14 09:30,103.28999,103.64999,101.47,101.508,10947066
1287149400,2010-10-15 09:30,100.60001,101.05,99.895,100.27,12694727
1287408600,2010-10-18 09:30,101.2,101.45,100.78,101.08,5592387
1287495000,2010-10-19 09:30,100.58,102.0899,100.55,101.69,8017617
1287581400,2010-10-20 09:30,101.37,102.28011,101.21001,101.91,5515781
1287667800,2010-10-21 09:30,101.69,101.91,100.69,100.7,6836184
1287754200,2010-10-22 09:30,100.44,101.47,100.412,101.38,4770789
1288013400,2010-10-25 09:30,102.12,102.28999,101.55,101.67,5632250
1288099800,2010-10-26 09:30,100.86,101.06,100.05,100.10001,8434426
1288186200,2010-10-27 09:30,99.6801,100.17,99.22,99.22,9245391
1288272600,2010-10-28 09:30,99.58,99.83,99.16,99.49001,8052598
1288359000,2010-10-29 09:30,99.82001,100.4601,99.62,100.42,6753773
1288618200,2010-11-01 09:30,100.8,100.81,99.49001,99.67,5921582
1288704600,2010-11-02 09:30,100.46001,101.09,100.42,100.98,6537348
1288791000,2010-11-03 09:30,101.73,102.27,98.42999,98.92,25543440
1288877400,2010-11-04 09:30,99.17,99.8705,99.08,99.69,13247461
1288963800,2010-11-05 09:30,98.35001,98.8,97.98,97.98,12434996
1289226600,2010-11-08 09:30,98.59,98.92,97.8196,98.42,6795527
1289313000,2010-11-09 09:30,98.49001,98.52,96.19,96.25,15064277
1289399400,2010-11-10 09:30,96.35001,96.74001,95,96.38,18540496
1289485800,2010-11-11 09:30,96.45,96.63,96.14,96.33,3370330
1289572200,2010-11-12 09:30,96.21001,96.74001,95.81,95.81,11739586
1289831400,2010-11-15 09:30,95.33,95.72,93.81,93.81,14978633
1289917800,2010-11-16 09:30,94.91,96.25,93.99001,96.138,19913472
1290004200,2010-11-17 09:30,95.8,96.75999,95.34,95.61,9915563
1290090600,2010-11-18 09:30,95.67999,96,94.8,96,12425313
1290177000,2010-11-19 09:30,96.09,96.59,95.78999,96.59,8359477
1290436200,2010-11-22 09:30,97.37,97.62,96.24001,97,10414363
1290522600,2010-11-23 09:30,97.67,97.95,97.24001,97.48,9566844
1290609000,2010-11-24 09:30,96.81,96.99001,95.58,95.74001,11467563
1290781800,2010-11-26 09:30,96.72,97.12,96.55,97.01601,4848875
1291041000,2010-11-29 09:30,97.56,97.94501,97.09,97.89999,8950043
1291127400,2010-11-30 09:30,99.21001,99.27,98.11,98.41,11947582
1291213800,2010-12-01 09:30,96.64999,97.11,95.89,95.894,15445895
1291300200,2010-12-02 09:30,95.96001,96.53999,95.53011,95.64,9319199
1291386600,2010-12-03 09:30,96.28,96.33,94.85001,94.89,10195109
1291645800,2010-12-06 09:30,95.52,96.25,95.31,96.23,7004488
1291732200,2010-12-07 09:30,94.72,94.92,93.16,94.17,18536784
1291818600,2010-12-08 09:30,93.72,93.8,92.11,93.25999,19276640
1291905000,2010-12-09 09:30,93.60001,94.27,92.73,93.72,17477328
1291991400,2010-12-10 09:30,93.28999,93.86,93.14,93.14999,7079465
1292250600,2010-12-13 09:30,93.05,94.03,92.56,93.5,12400422
1292337000,2010-12-14 09:30,92.39999,93.02,91.44,92.13499,23519376
1292423400,2010-12-15 09:30,92.08,92.24001,90.47,90.94,26088720
1292509800,2010-12-16 09:30,91.03,91.58,90.57001,91.57001,17939168
1292596200,2010-12-17 09:30,91.88,93.77,91.86,93.24001,16850640
1292855400,2010-12-20 09:30,93.75,94.23,92.64,93.14,13703969
1292941800,2010-12-21 09:30,93.13,93.78999,92.49001,93.78999,8985008
1293028200,2010-12-22 09:30,93.47,93.55,92.92999,93.12,6440844
1293114600,2010-12-23 09:30,93.17999,93.23,92.53,92.92999,7091738
1293460200,2010-12-27 09:30,92.75999,93.88,92.3,93.75999,5286379
1293546600,2010-12-28 09:30,92.92999,93.07001,91.31,91.61,13976188
1293633000,2010-12-29 09:30,91.75999,93.52,91.47,93.16,13115973
1293719400,2010-12-30 09:30,92.88,93.28,92.41,93.09,7030273
1293805800,2010-12-31 09:30,93.50999,94.7,93.44,94.12,8515949
1294065000,2011-01-03 09:30,93.2,94.31,92.95,93.41,13799680
1294151400,2011-01-04 09:30,93.41,93.765,92.91,93.52,10467656
1294237800,2011-01-05 09:30,92.49001,92.69,91.19,91.46001,17569200
1294324200,2011-01-06 09:30,91.53999,92.12,91.16,91.86,9317430
1294410600,2011-01-07 09:30,91.50999,92.63,91.03,92.35001,12694672
1294669800,2011-01-10 09:30,92.58,92.99001,92.17999,92.85001,8295355
1294756200,2011-01-11 09:30,92.49001,92.60001,91.69,92.33,9495363
1294842600,2011-01-12 09:30,91.74001,92.17,91.45,91.61,9524133
1294929000,2011-01-13 09:30,91.62,92.77,91.45,92.42999,14502336
1295015400,2011-01-14 09:30,92.78,92.89999,91.75999,91.83501,8960672
1295361000,2011-01-18 09:30,91.28999,91.71001,90.73,91.41,10663684
1295447400,2011-01-19 09:30,91.41,92.07001,91.36,92.07001,8888027
1295533800,2011-01-20 09:30,91.5,91.61501,90.39,90.8,14203348
1295620200,2011-01-21 09:30,90.69,91.52,90.50999,91.52,9085820
1295879400,2011-01-24 09:30,91.87,91.89999,91.38,91.56,7700336
1295965800,2011-01-25 09:30,91.94,92.89999,91.32001,92.42999,13442363
1296052200,2011-01-26 09:30,92.22,92.25999,90.89,91.03,13324348
1296138600,2011-01-27 09:30,91.07001,91.64999,90.67,91.44,10869313
1296225000,2011-01-28 09:30,90.81,92.28,90.77,91.92,11993172
1296484200,2011-01-31 09:30,91.66,91.98,91.05,91.22,8649188
1296570600,2011-02-01 09:30,90.55,90.84,90.14,90.45,11508316
1296657000,2011-02-02 09:30,90.89999,91,89.89999,90.47,13624781
1296743400,2011-02-03 09:30,89.96001,90.57001,89.71001,89.72,12793465
1296829800,2011-02-04 09:30,89.5,89.64999,88.77,88.81,17172144
1297089000,2011-02-07 09:30,88.7,89.3,88.57001,89.27,8554879
1297175400,2011-02-08 09:30,89.31,89.53999,88.36,88.45,10461617
1297261800,2011-02-09 09:30,88.69,89.66,88.14,89.22,13081570
1297348200,2011-02-10 09:30,88.89999,89.14,88.17999,88.19,10492805
1297434600,2011-02-11 09:30,89.03,89.53,88.74001,89.46001,11333805
1297693800,2011-02-14 09:30,89.31,89.92999,89.31,89.521,8034043
1297780200,2011-02-15 09:30,89.56,89.97,89.37,89.92,7300324
1297866600,2011-02-16 09:30,89.87,90.32001,89.34,89.63,8446770
1297953000,2011-02-17 09:30,90.02,90.17999,89.66,89.77,6740715
1298039400,2011-02-18 09:30,89.42,89.55,89.08,89.49001,6082605
1298385000,2011-02-22 09:30,89.91,90.94,89.71001,90.83,11912277
1298471400,2011-02-23 09:30,91.10001,91.55,90.74001,91.16,14522988
1298557800,2011-02-24 09:30,91.63,92.03999,91.44,91.74001,12111668
1298644200,2011-02-25 09:30,91.74001,92.28,91.64011,92.28,6841965
1298903400,2011-02-28 09:30,92.3,92.52,92.08,92.39999,9683137
1298989800,2011-03-01 09:30,91.52,92.39999,91.47,92.37,8049414
1299076200,2011-03-02 09:30,91.84,91.99001,90.94,90.95,8529266
1299162600,2011-03-03 09:30,90.53,90.78011,89.98,90.06,10608012
1299249000,2011-03-04 09:30,90.10001,90.85001,90,90.81,9319656
1299508200,2011-03-07 09:30,90.02,90.86,89.85201,90.23,7525398
1299594600,2011-03-08 09:30,90.11,90.34,89.64999,89.67999,8500344
1299681000,2011-03-09 09:30,90.09,90.82001,89.85001,90.55,8906641
1299767400,2011-03-10 09:30,90.87,92.10001,90.64,92.075,13389859
1299853800,2011-03-11 09:30,92.03999,92.08,91.33,91.55,8421152
1300109400,2011-03-14 09:30,91.48,91.92,91.32001,91.50999,6767867
1300195800,2011-03-15 09:30,92.8,93.05,92.36,92.88,14895980
1300282200,2011-03-16 09:30,93.37,94.94,93.08,93.92999,24313024
1300368600,2011-03-17 09:30,93.24001,93.61,92.75999,93.21001,10531039
1300455000,2011-03-18 09:30,92.75,93.48,92.69,93.46001,7262988
1300714200,2011-03-21 09:30,93.13,93.17999,92.57001,92.91,10545516
1300800600,2011-03-22 09:30,92.81,93.28999,92.7399,93.22,6905504
1300887000,2011-03-23 09:30,93.85001,93.88,92.92999,93.10001,8358941
1300973400,2011-03-24 09:30,92.75999,92.88,92.39,92.39999,9478934
1301059800,2011-03-25 09:30,92.86,92.96001,92.02,92.17,6447168
1301319000,2011-03-28 09:30,92.12,92.67,92,92.3,3997481
1301405400,2011-03-29 09:30,91.98,92.5,91.57001,91.59,6489273
1301491800,2011-03-30 09:30,91.72,92.32001,91.56,92.32001,5048449
1301578200,2011-03-31 09:30,92.67,92.72,91.61,92.13,9655063
1301664600,2011-04-01 09:30,91.5,92.27,91.42,92.19,7860305
1301923800,2011-04-04 09:30,92.2,92.58,92.1299,92.28999,4471203
1302010200,2011-04-05 09:30,92.16,92.38,91.67,91.92,9952766
1302096600,2011-04-06 09:30,91.77,91.78999,90.53999,90.53999,9093586
1302183000,2011-04-07 09:30,90.53,90.75999,90.13,90.36,9266180
1302269400,2011-04-08 09:30,89.92999,90.32001,89.85001,89.88,7606270
1302528600,2011-04-11 09:30,89.83,90.22,89.64999,89.96001,5735730
1302615000,2011-04-12 09:30,90.61,91.24001,90.56,90.92999,7686438
1302701400,2011-04-13 09:30,90.53999,91.5,90.44,91.5,7962543
1302787800,2011-04-14 09:30,91.53999,91.77,91.22,91.42999,7610371
1302874200,2011-04-15 09:30,92.25999,92.71001,92.07001,92.67,10223055
1303133400,2011-04-18 09:30,91.99001,93.10001,91.45,92.88,12038395
1303219800,2011-04-19 09:30,92.86,93.28,92.75999,93.28,5295430
1303306200,2011-04-20 09:30,93.07001,93.25999,92.61,92.67999,6759430
1303392600,2011-04-21 09:30,92.89,93.23,92.56,92.60001,3372139
1303738200,2011-04-25 09:30,92.63,92.97501,92.5,92.95,3626878
1303824600,2011-04-26 09:30,93.27,93.87,93.17999,93.85001,7507238
1303911000,2011-04-27 09:30,93.44,93.57001,92.75,92.89,8869598
1303997400,2011-04-28 09:30,93.22,93.60001,92.97,93.60001,8110152
1304083800,2011-04-29 09:30,93.47,93.92,93.35001,93.89,5905379
1304343000,2011-05-02 09:30,93.32001,93.67999,93.17,93.64,5286363
1304429400,2011-05-03 09:30,93.96001,94.17,93.58,94.17,6486855
1304515800,2011-05-04 09:30,94.31,94.72,94.27,94.59,7419160
1304602200,2011-05-05 09:30,94.92,95.63,94.80901,95.49001,9588273
1304688600,2011-05-06 09:30,94.50999,95.49001,94.35001,95.07001,9460652
1304947800,2011-05-09 09:30,94.89999,95.2,94.84,94.97,3735127
1305034200,2011-05-10 09:30,94.7,94.89,94.28999,94.28999,5458555
1305120600,2011-05-11 09:30,94.32001,95.09,94.17999,94.83,6079016
1305207000,2011-05-12 09:30,94.95,95.11,93.91,94.23,8017426
1305293400,2011-05-13 09:30,94.64999,95.49001,94.53,95.08,8382609
1305552600,2011-05-16 09:30,95.03,95.78999,94.75999,95.61,6053863
1305639000,2011-05-17 09:30,96.03,96.60001,95.98,96.59,9828199
1305725400,2011-05-18 09:30,96.27,96.39,95.28,95.31,7707848
1305811800,2011-05-19 09:30,94.46001,95.32001,94.46001,95.27,8067371
1305898200,2011-05-20 09:30,95.02,95.41,94.7205,95.32001,5602559
1306157400,2011-05-23 09:30,95.73,96.19,95.59,95.78,6346039
1306243800,2011-05-24 09:30,95.64,96.14,95.46001,96.14,5549152
1306330200,2011-05-25 09:30,96.14999,96.28,95.53999,95.69,5665371
1306416600,2011-05-26 09:30,95.97,96.55,95.89,96.50999,8311586
1306503000,2011-05-27 09:30,96.13,96.50999,95.88,96.47,5390680
1306848600,2011-05-31 09:30,96.17999,96.75999,96.0899,96.69,7004590
1306935000,2011-06-01 09:30,96.92,97.718,96.89,97.64,12747961
1307021400,2011-06-02 09:30,96.49001,96.91,95.78,95.78,15738781
1307107800,2011-06-03 09:30,96.58,96.60001,95.57001,96.33,10644188
1307367000,2011-06-06 09:30,95.47,95.99001,95.21001,95.60001,8776816
1307453400,2011-06-07 09:30,95.23,96.06,95.12,96.03999,7407539
1307539800,2011-06-08 09:30,96.25999,96.84,96.17,96.78999,8928070
1307626200,2011-06-09 09:30,97.10001,97.33,95.92999,96.39999,9962914
1307712600,2011-06-10 09:30,96.91,97.39,96.8,97.14,7710730
1307971800,2011-06-13 09:30,96.74001,97.28999,96.64,96.64999,5540141
1308058200,2011-06-14 09:30,95.74001,95.89999,95.13,95.19,8672660
1308144600,2011-06-15 09:30,95.38,96.94,95.37,96.92,12979051
1308231000,2011-06-16 09:30,97.10001,97.53,96.8,97.36,10961211
1308317400,2011-06-17 09:30,96.86,97.14999,96.64,96.89999,9622852
1308576600,2011-06-20 09:30,97.33,97.36,96.58501,97.02,6613996
1308663000,2011-06-21 09:30,96.7,97.03,96.27,96.59,7898711
1308749400,2011-06-22 09:30,96.96001,97.06,96.41,96.64999,5505637
1308835800,2011-06-23 09:30,97.24001,97.74001,97.14999,97.39,8587586
1308922200,2011-06-24 09:30,97.36,97.69009,96.98,96.98,7960828
1309181400,2011-06-27 09:30,96.85001,96.87,95.55,95.64999,9331438
1309267800,2011-06-28 09:30,95.48,95.67999,94.72,94.88,12634250
1309354200,2011-06-29 09:30,94.95,95.19859,94.02,94.25,11084828
1309440600,2011-06-30 09:30,94.23,94.31,93.14,94.10001,11555559
1309527000,2011-07-01 09:30,94.13,94.23,93.36501,93.63,6637188
1309872600,2011-07-05 09:30,94.03999,94.17,93.69,93.84,4615754
1309959000,2011-07-06 09:30,94.19,94.45,93.8399,94.32001,5653199
1310045400,2011-07-07 09:30,93.8279,94.145,93.55,94.03999,6824641
1310131800,2011-07-08 09:30,94.84,95.61,94.83,95.37,12129234
1310391000,2011-07-11 09:30,96.03999,96.8,95.75011,96.8,9760754
1310477400,2011-07-12 09:30,97.3,97.31,96.56,97.13,9090770
1310563800,2011-07-13 09:30,96.71001,97.42999,96.11,97.39999,13119566
1310650200,2011-07-14 09:30,96.62,97.89999,96.00999,96.00999,11472105
1310736600,2011-07-15 09:30,95.28999,96.2,95.24049,96.17,7086625
1310995800,2011-07-18 09:30,96.06,96.17,95.2,95.24001,8206445
1311082200,2011-07-19 09:30,95.32001,97.27,95.17,97.22,15249363
1311168600,2011-07-20 09:30,96.72,96.84,95.866,96.07001,9673215
1311255000,2011-07-21 09:30,95.24001,95.86,94.89999,95.33,11095801
1311341400,2011-07-22 09:30,95.69,96.09,95.53,96.05,4974441
1311600600,2011-07-25 09:30,94.97,96.05,94.83,95,10869367
1311687000,2011-07-26 09:30,95.3,95.87,95.24001,95.64999,7682707
1311773400,2011-07-27 09:30,95.34,95.84,95.10001,95.66,11229121
1311859800,2011-07-28 09:30,96.11,96.31,95.71001,96.02,7081715
1311946200,2011-07-29 09:30,96.89,98.53,96.78,97.92,19582352
1312205400,2011-08-01 09:30,97.39,98.94,97.35001,98.58,14348406
1312291800,2011-08-02 09:30,99.22,101.57001,98.89,101.53999,20850512
1312378200,2011-08-03 09:30,101.57001,103.42,101.36,101.74001,21180048
1312464600,2011-08-04 09:30,102.38,105.55,102.27,105.36,34077776
1312551000,2011-08-05 09:30,103.44,105.5,102.28,102.32001,41677904
1312810200,2011-08-08 09:30,103.17999,105.78999,102.95,105.55,38266000
1312896600,2011-08-09 09:30,105.00999,109.37,103,105.87,39882336
1312983000,2011-08-10 09:30,107.63,109.07001,106.94,109.02,46221040
1313069400,2011-08-11 09:30,107.34,107.81,103.2,103.52,37790240
1313155800,2011-08-12 09:30,104.44,105.66,104.07001,105.57001,15590703
1313415000,2011-08-15 09:30,104.94,105.48,104.47,104.5,10051648
1313501400,2011-08-16 09:30,104.66,106.64,104.63251,106.23,15993121
1313587800,2011-08-17 09:30,106.32001,108.10001,105.77,108.09,15906543
1313674200,2011-08-18 09:30,110.09,112.14,109.28,110.31,27274528
1313760600,2011-08-19 09:30,110.64999,111.41,110.23,111.2,15708895
1314019800,2011-08-22 09:30,110.46001,111.25999,110.39,110.92,13160191
1314106200,2011-08-23 09:30,109.75999,111.17,109.35001,109.39,16017895
1314192600,2011-08-24 09:30,109.28999,109.41,106.14999,106.28,14621992
1314279000,2011-08-25 09:30,106.69,107.89999,106.36,107.42999,10566793
1314365400,2011-08-26 09:30,108.69,109.27,107.33,108.49001,11504781
1314624600,2011-08-29 09:30,106.7,107.39999,106.60001,106.99001,6764297
1314711000,2011-08-30 09:30,108.42999,109.14999,108.25,108.71001,9508629
1314797400,2011-08-31 09:30,108.81,108.96001,107.03,107.03,12186520
1314883800,2011-09-01 09:30,107.47,108.98,106.08,108.97,10686617
1314970200,2011-09-02 09:30,111.39,112.58,110.66,112.50999,16557316
1315315800,2011-09-06 09:30,114.42,114.92999,113.39,113.67999,14016832
1315402200,2011-09-07 09:30,112.28,112.37,111.31,111.50999,11524281
1315488600,2011-09-08 09:30,112.3,112.63,111.34,112.50999,11481570
1315575000,2011-09-09 09:30,112.53999,114.17999,112.21001,113.71001,11492629
1315834200,2011-09-12 09:30,113.57001,114.25,113.10001,113.83,7602168
1315920600,2011-09-13 09:30,113.39999,113.59,112.11,112.21001,9282359
1316007000,2011-09-14 09:30,111.97,113.35001,111.82001,113.16,11952410
1316093400,2011-09-15 09:30,111.98,112.49001,111.42999,111.42999,8883988
1316179800,2011-09-16 09:30,111.31,112.5898,111.25,112.24001,10053418
1316439000,2011-09-19 09:30,114.2,115.19,114.12,114.38,13033664
1316525400,2011-09-20 09:30,114.37,114.8701,114.05,114.86,6360590
1316611800,2011-09-21 09:30,114.63,118.78619,114.2,118.66,18687072
1316698200,2011-09-22 09:30,121.41,123.87,121.23,123.12,25043264
1316784600,2011-09-23 09:30,123.12,123.36,120.83,120.83,15173754
1317043800,2011-09-26 09:30,120.12,120.57001,118.58,118.89,15111438
1317130200,2011-09-27 09:30,116.75,117.3,116.25999,117.07001,13589516
1317216600,2011-09-28 09:30,116.89999,117.11,115.75999,117.03,12642848
1317303000,2011-09-29 09:30,117.61,118.82001,117.09,117.84,12341898
1317389400,2011-09-30 09:30,120.02,120.91,118.99001,120.8,13547246
1317648600,2011-10-03 09:30,121.88,123.81,121.1142,123.81,15882645
1317735000,2011-10-04 09:30,124.37,125.03,122.17999,122.24001,17301568
1317821400,2011-10-05 09:30,121.66,121.78,120.66,121.36,14275348
1317907800,2011-10-06 09:30,120.64,121.00999,119.12,119.12,9682402
1317994200,2011-10-07 09:30,117.75,119.05,116.85001,118.24001,11564527
1318253400,2011-10-10 09:30,116.82001,116.91,115.8,116.57001,3567730
1318339800,2011-10-11 09:30,117.28999,117.36,115.89999,116.17999,7520113
1318426200,2011-10-12 09:30,114.7,115.12,113.48,114.49001,14033398
1318512600,2011-10-13 09:30,115.03011,116.55,114.96001,115.63,11264000
1318599000,2011-10-14 09:30,113.88,114.61,113.61,113.95,8410961
1318858200,2011-10-17 09:30,114.3,115.97,114.22,115.92,9668809
1318944600,2011-10-18 09:30,116.14,116.81799,114.3,115.2,12495570
1319031000,2011-10-19 09:30,114.53999,115.74001,114.16,115.16,6629258
1319117400,2011-10-20 09:30,114.46001,115.67,114.07001,114.34,7832020
1319203800,2011-10-21 09:30,113.86,114.2,113.13,113.13,9906281
1319463000,2011-10-24 09:30,113.92999,114.08,113.05,113.32001,6344484
1319549400,2011-10-25 09:30,113.38,116.35001,113.35001,116.2,11791363
1319635800,2011-10-26 09:30,115.39,116.21001,114.07001,114.17,12746922
1319722200,2011-10-27 09:30,112.521,112.85001,109.82001,110.3,19390528
1319808600,2011-10-28 09:30,110.89999,111.96001,110.75999,111.46001,10127840
1320067800,2011-10-31 09:30,113.61,115.88,113.46001,115.88,15242449
1320154200,2011-11-01 09:30,118.71001,119.49001,117.17,119.45,24400672
1320240600,2011-11-02 09:30,116.63,118.36,116.42,117.96001,13181684
1320327000,2011-11-03 09:30,116.34,117.35001,115.99001,116.34,8386680
1320413400,2011-11-04 09:30,115.72,117.05009,115.53,116.48,7583668
1320676200,2011-11-07 09:30,116.64,118.35001,116.32001,117.22,9279668
1320762600,2011-11-08 09:30,116.75,117.53999,115.5,115.72,7539785
1320849000,2011-11-09 09:30,118.25999,119.13,117.07001,118.12,13004492
1320935400,2011-11-10 09:30,116.78,117.61,115.21001,116.36,11644980
1321021800,2011-11-11 09:30,115.83,116.16521,115.5,115.64999,2483889
1321281000,2011-11-14 09:30,116.39,117.595,116.21001,117.50999,9252520
1321367400,2011-11-15 09:30,117.69501,118.46001,116.72,117.35001,7587449
1321453800,2011-11-16 09:30,117.96001,118.42999,117.17999,118.42,7469973
1321540200,2011-11-17 09:30,118.03999,120.161,118.03999,119.37,9907883
1321626600,2011-11-18 09:30,119.1801,119.55,118.32001,119.34,6794441
1321885800,2011-11-21 09:30,120.38,120.73,119.91,120.05,7345738
1321972200,2011-11-22 09:30,120.35001,121.41,119.85001,121.39,7866398
1322058600,2011-11-23 09:30,121.16,123.05,121.03,122.58,10129293
1322231400,2011-11-25 09:30,121.8,121.87,120.74001,120.8,4311859
1322490600,2011-11-28 09:30,118.63,121.14999,118.58,120.74001,7661840
1322577000,2011-11-29 09:30,120.03,120.92,119.08,119.75,8952730
1322663400,2011-11-30 09:30,118.34,118.56,117.25999,117.88,11806773
1322749800,2011-12-01 09:30,116.28999,117.239,115.8,117,9647137
1322836200,2011-12-02 09:30,116.62,118.67999,116.56,118.64,7764844
1323095400,2011-12-05 09:30,117,118.83,116.883,118.39999,7862773
1323181800,2011-12-06 09:30,117.81,118.28999,116.77,117.27,8506262
1323268200,2011-12-07 09:30,117.33,118.24001,116.85001,117.69,6588270
1323354600,2011-12-08 09:30,117.72,119.33,117.41,119.16,8800734
1323441000,2011-12-09 09:30,119.07001,119.13,116.63,116.71001,9855172
1323700200,2011-12-12 09:30,117.91,118.49001,117.61,118.00999,5734508
1323786600,2011-12-13 09:30,117.28,119.63,117.16,119.11,8905184
1323873000,2011-12-14 09:30,119.7901,121.39,119.494,121.36,11247672
1323959400,2011-12-15 09:30,120.66,121.32001,120.37,120.91,5438609
1324045800,2011-12-16 09:30,121.38,122.6201,121.28999,122.32001,9321863
1324305000,2011-12-19 09:30,122.32001,124.02,122.25999,123.87,7845313
1324391400,2011-12-20 09:30,122.66,122.67,120.61,120.78,13946805
1324477800,2011-12-21 09:30,120.63,120.83,119.07001,119.10001,11600086
1324564200,2011-12-22 09:30,120,120.42,119.35001,119.60001,5247375
1324650600,2011-12-23 09:30,118.55991,118.71001,117.74001,118.27,5409902
1324996200,2011-12-27 09:30,117.94,118.45,117.62,118.45,4270461
1325082600,2011-12-28 09:30,118.74001,121.05,118.45,120.64,8302410
1325169000,2011-12-29 09:30,120.48,121.09,120.06,120.86,4304961
1325255400,2011-12-30 09:30,121.11,121.75999,120.88721,121.25,5948797
1325601000,2012-01-03 09:30,119.42,120.2,118.92999,119.42999,9076887
1325687400,2012-01-04 09:30,119.25999,119.28,117.67999,118.00999,8417066
1325773800,2012-01-05 09:30,118.17,119.10001,117.57001,117.8,6465773
1325860200,2012-01-06 09:30,117.75,118.96001,117.71001,118.73,7348438
1326119400,2012-01-09 09:30,118.47,119.53999,118.3,118.52,5582578
1326205800,2012-01-10 09:30,117.73,118.87,117.67999,118.32001,8932484
1326292200,2012-01-11 09:30,119.03999,120.06,118.98,119.86,8634406
1326378600,2012-01-12 09:30,119.95,120.19,119.24001,119.69,7205320
1326465000,2012-01-13 09:30,121.10001,121.64,120.81,120.88,9818910
1326810600,2012-01-17 09:30,120.95,121.63,120.826,121.44,5449836
1326897000,2012-01-18 09:30,121.53,121.612,119.91,119.97,5803977
1326983400,2012-01-19 09:30,119.33,119.55901,117.92,118.32001,8626695
1327069800,2012-01-20 09:30,117.71001,117.96001,116.97,116.98,6548395
1327329000,2012-01-23 09:30,116.13,116.64,115.55,116.24001,7274801
1327415400,2012-01-24 09:30,116.71001,116.71001,115.78,116.45,5776852
1327501800,2012-01-25 09:30,116.06,118.53,115.89,116.17,12867570
1327588200,2012-01-26 09:30,116.64999,117.71001,116.59,117.71001,7638469
1327674600,2012-01-27 09:30,117.83,118.33,117.00999,118.08,5165359
1327933800,2012-01-30 09:30,119.84,120.39,119.34,119.47,8388363
1328020200,2012-01-31 09:30,119.25999,120.91,119.19,120.85001,7998258
1328106600,2012-02-01 09:30,119.75,119.89999,118.811,119.17999,7926219
1328193000,2012-02-02 09:30,118.96001,119.48,118.64,119.13,5596855
1328279400,2012-02-03 09:30,116.46001,116.8,115.97,116.57001,12467695
1328538600,2012-02-06 09:30,116.69,117.8,116.34,117.73,6182945
1328625000,2012-02-07 09:30,116.62,116.88,115.77,116.27,8803035
1328711400,2012-02-08 09:30,116.2,116.78999,115.98,116.36,7614648
1328797800,2012-02-09 09:30,115.86,116.03999,114.62,115.49001,11477840
1328884200,2012-02-10 09:30,116.8,117.33,116.52,116.99001,7193086
1329143400,2012-02-13 09:30,116.60001,117.37,116.435,117.14,6422848
1329229800,2012-02-14 09:30,117.44,118.28,117.23,117.75999,8271309
1329316200,2012-02-15 09:30,117.66,118.27,117.49001,117.55,6846277
1329402600,2012-02-16 09:30,117.27,117.60001,116.13,116.61,9036469
1329489000,2012-02-17 09:30,115.86,116.61,115.75999,116.58,6338145
1329834600,2012-02-21 09:30,115.77,115.92,114.95,115.28999,8341016
1329921000,2012-02-22 09:30,115.89,116.75999,115.81,116.742,7736910
1330007400,2012-02-23 09:30,116.14,117.22,115.92999,116.73599,5164242
1330093800,2012-02-24 09:30,117.23,117.58,116.95,117.5,5676828
1330353000,2012-02-27 09:30,118.5,118.85001,118.12,118.53999,8181453
1330439400,2012-02-28 09:30,118.87,119.14,117.94,118.14999,6615652
1330525800,2012-02-29 09:30,118.37,118.42,116.96001,117.42999,14236457
1330612200,2012-03-01 09:30,116.17,116.67999,115.53999,116.06,12265621
1330698600,2012-03-02 09:30,116.60001,117.48,116.55,117.14999,6669512
1330957800,2012-03-05 09:30,116.96001,117.4399,116.22,116.22,6923590
1331044200,2012-03-06 09:30,117.45,118.11,117.44,117.63,6299633
1331130600,2012-03-07 09:30,117.46001,117.61,116.80991,116.91,5567473
1331217000,2012-03-08 09:30,116.32001,116.57001,115.64,115.74001,7982219
1331303400,2012-03-09 09:30,115.49001,115.99001,114.89999,115.97,6975598
1331559000,2012-03-12 09:30,116.32001,116.52,115.87,115.95,5280559
1331645400,2012-03-13 09:30,115.27,115.41,113.89,113.91,14414918
1331731800,2012-03-14 09:30,112.7,112.75,110.95,111.03999,24515312
1331818200,2012-03-15 09:30,110.89999,111.74001,110.88,111.21001,14155008
1331904600,2012-03-16 09:30,110.5,111.44,110.2,111.42999,13427699
1332163800,2012-03-19 09:30,111.36,111.48,109.69,110.10001,14011855
1332250200,2012-03-20 09:30,110.42999,110.8714,109.85001,110.53999,9444098
1332336600,2012-03-21 09:30,110.86,111.89,110.81,111.78999,10242230
1332423000,2012-03-22 09:30,112.28999,112.37,111.87,112.14999,8009887
1332509400,2012-03-23 09:30,112.69,113.39,112.66,113.21001,8465543
1332768600,2012-03-26 09:30,112.83,113.00999,111.8,112.63,8118602
1332855000,2012-03-27 09:30,112.78,113.7,112.7,113.44,6972602
1332941400,2012-03-28 09:30,112.92,113.94,112.85001,113.28,7885996
1333027800,2012-03-29 09:30,114.02,114.19,113.58,114.13,7692977
1333114200,2012-03-30 09:30,114.21001,114.27,112.19,112.2,9467449
1333373400,2012-04-02 09:30,113,113.3,112.2,112.53,8944055
1333459800,2012-04-03 09:30,113.00999,113.44,110.57001,110.58,14774277
1333546200,2012-04-04 09:30,111.77,112.12,111.41,112.1001,10095598
1333632600,2012-04-05 09:30,113,113.07001,112.33,112.91,6364219
1333978200,2012-04-09 09:30,115.53999,115.77,115.24001,115.55,14379609
1334064600,2012-04-10 09:30,115.95,117.28999,115.78,116.85989,14421422
1334151000,2012-04-11 09:30,115.71001,116.06,115.35001,115.46001,8712930
1334237400,2012-04-12 09:30,115.67,115.75,114.82001,114.98,9008578
1334323800,2012-04-13 09:30,116.14999,116.89999,116.12,116.84,8607984
1334583000,2012-04-16 09:30,116.7,117.60001,116.57001,116.67,7734949
1334669400,2012-04-17 09:30,116.53,116.82809,116.25,116.60001,5398578
1334755800,2012-04-18 09:30,117.05,117.12,116.73,116.94,4074331
1334842200,2012-04-19 09:30,117.25,117.47,117.02,117.05,5374262
1334928600,2012-04-20 09:30,116.56,117.13,116.33,117.07001,5044168
1335187800,2012-04-23 09:30,118.11,118.41,117.795,117.92,5170664
1335274200,2012-04-24 09:30,117.61,117.75999,117.08,117.09,4336566
1335360600,2012-04-25 09:30,116.41,117.32001,115.69,116.49001,8859430
1335447000,2012-04-26 09:30,117.42,117.46001,116.59,117.19,5134789
1335533400,2012-04-27 09:30,117.02,117.36,116.78999,117.28999,3112817
1335792600,2012-04-30 09:30,117.57001,117.75,117.19,117.32001,4198336
1335879000,2012-05-01 09:30,117.42999,117.62,116.0714,116.42999,7215000
1335965400,2012-05-02 09:30,117.22,117.32001,116.8,117.25,3565869
1336051800,2012-05-03 09:30,116.64,117.37,116.56,117.22,3522807
1336138200,2012-05-04 09:30,117.48,118.19,117.39999,118.14,6367227
1336397400,2012-05-07 09:30,118.32001,118.46001,118.02,118.16,3228158
1336483800,2012-05-08 09:30,118.69,119.50999,118.66,118.78999,6051598
1336570200,2012-05-09 09:30,119.45,119.57001,118.44,118.87,5828828
1336656600,2012-05-10 09:30,118.02,118.62,117.44,118.52,6303211
1336743000,2012-05-11 09:30,119.49001,119.60001,118.96001,119.5,5236223
1337002200,2012-05-14 09:30,120.87,121.3,120.5999,121.17,8789539
1337088600,2012-05-15 09:30,121.09,121.73,120.82001,121.66,6766375
1337175000,2012-05-16 09:30,120.98,122.17999,120.72,122.00999,6465152
1337261400,2012-05-17 09:30,122.03,124.28,122.02,124.17,14863875
1337347800,2012-05-18 09:30,123.27,124.44,123.11,124.2001,10137902
1337607000,2012-05-21 09:30,123.89999,124.45,123.62,123.94,9585766
1337693400,2012-05-22 09:30,122.75,122.88,122.06,122.56,12476766
1337779800,2012-05-23 09:30,123.55,124.52,123.36,123.41,11744891
1337866200,2012-05-24 09:30,123.23,123.78999,122.75,122.94,10257191
1337952600,2012-05-25 09:30,123.42999,123.53999,123.14,123.39999,4723539
1338298200,2012-05-29 09:30,123.39,123.81,123,123.02,5874172
1338384600,2012-05-30 09:30,125.32001,126.32001,125.3,126.14,17171360
1338471000,2012-05-31 09:30,127.03,129.08,126.67,127.60001,31176336
1338557400,2012-06-01 09:30,128.87,130.38,128.53,130.36,23526832
1338816600,2012-06-04 09:30,129.31,130.17999,128.94,129.33,11681949
1338903000,2012-06-05 09:30,128.53,128.64,127.59,127.60001,12483508
1338989400,2012-06-06 09:30,127.56,127.60001,125.05,125.05,20808304
1339075800,2012-06-07 09:30,124.64999,125.74001,124.39,125.24001,18901312
1339162200,2012-06-08 09:30,126.75,126.95,124.57001,125.21001,11239641
1339421400,2012-06-11 09:30,124.78999,126.21001,124.77,125.78,10693793
1339507800,2012-06-12 09:30,124.97,125.63,124.5,124.63,10921680
1339594200,2012-06-13 09:30,124.85001,126.28,124.38,125.86,11100168
1339680600,2012-06-14 09:30,125.95,126.28,125.19,125.7,7688148
1339767000,2012-06-15 09:30,126.58,126.85001,126.14,126.39999,6421387
1340026200,2012-06-18 09:30,127.14999,127.34,126.25999,127.08,6698324
1340112600,2012-06-19 09:30,126.27499,126.37,125.3282,125.42,8233199
1340199000,2012-06-20 09:30,124.575,126.50999,124.09,126.03999,13721109
1340285400,2012-06-21 09:30,125.95,127.25,125.89,126.71001,9777395
1340371800,2012-06-22 09:30,125.89999,126.22,125.00999,125.02,7830551
1340631000,2012-06-25 09:30,126.36,127.02,126.27,126.84,6114754
1340717400,2012-06-26 09:30,126.11,126.95,125.94,126.34,5359664
1340803800,2012-06-27 09:30,126.56,126.78799,126.032,126.53999,5860922
1340890200,2012-06-28 09:30,127.3,127.48,126.78999,126.85001,5257891
1340976600,2012-06-29 09:30,125.03,125.63,124.63,125.2,8882176
1341235800,2012-07-02 09:30,125.45,127.21001,125.3701,126.22,7818430
1341322200,2012-07-03 09:30,125.95,126,125.21001,125.25,5773777
1341495000,2012-07-05 09:30,125.35001,126.32001,125.25,125.89,5977152
1341581400,2012-07-06 09:30,126.67,127.205,126.61,127.06,5819078
1341840600,2012-07-09 09:30,127.38,128.25999,127.11,128.17999,5646969
1341927000,2012-07-10 09:30,127.86,128.74001,127.72,128.44,4288086
1342013400,2012-07-11 09:30,128.59,129.47,128.25999,128.60001,5960871
1342099800,2012-07-12 09:30,129.05,129.56,128.89999,129.50999,6421875
1342186200,2012-07-13 09:30,129.23,129.24001,128.60001,129.17,4175473
1342445400,2012-07-16 09:30,130.3,130.61,129.61,129.77,5283449
1342531800,2012-07-17 09:30,129.25999,129.82001,128.64,128.75,5591918
1342618200,2012-07-18 09:30,129.25999,129.33701,128.78999,128.82001,4012171
1342704600,2012-07-19 09:30,128.46001,129.10001,128.11,128.49001,5246270
1342791000,2012-07-20 09:30,129.60001,130.3,129.42,130.06,6366359
1343050200,2012-07-23 09:30,131.31,131.44,130.50999,130.78999,6141344
1343136600,2012-07-24 09:30,130.35001,132.03999,130.28,131.82001,6749387
1343223000,2012-07-25 09:30,131.63,132.215,131.48,132.16,5327969
1343309400,2012-07-26 09:30,131.53,131.78,130.89999,130.95,6606219
1343395800,2012-07-27 09:30,129.89,130.00999,126.96001,128.48,14685590
1343655000,2012-07-30 09:30,128.39,129.48,128.25,129.44,6025441
1343741400,2012-07-31 09:30,129.81,129.88,128.58,129.7,7448594
1343827800,2012-08-01 09:30,128.53,129.74001,128.14999,128.78,7972051
1343914200,2012-08-02 09:30,129.59,130.69,129.13,129.50999,7971930
1344000600,2012-08-03 09:30,127.84,128.03,126.77,127.42,9084770
1344259800,2012-08-06 09:30,127.67,128.14,127.37,127.47,3673529
1344346200,2012-08-07 09:30,125.96001,126.13,125.42999,125.83,6613816
1344432600,2012-08-08 09:30,126.16,126.39,125.03999,125.16,7251609
1344519000,2012-08-09 09:30,124.77,125.3,123.75,125.07001,7557270
1344605400,2012-08-10 09:30,126.2,126.32001,125.60001,125.7,4672305
1344864600,2012-08-13 09:30,126.11,126.38,125.49001,125.49001,3547652
1344951000,2012-08-14 09:30,123.96001,124.41,123.75,123.78999,7994035
1345037400,2012-08-15 09:30,123.02,123.2,121.89999,122.05,11191512
1345123800,2012-08-16 09:30,122.21001,122.5,120.52,121.00999,13239988
1345210200,2012-08-17 09:30,121.39999,122.12,121.32001,121.60001,6341051
1345469400,2012-08-20 09:30,121.55,122.19,121.5,121.85001,4427121
1345555800,2012-08-21 09:30,121.47,122.45,120.66,122.39,9532672
1345642200,2012-08-22 09:30,123.52,124.50999,123.21001,124.41,11384320
1345728600,2012-08-23 09:30,124.74001,125.14,124.64999,124.92999,7139012
1345815000,2012-08-24 09:30,125.47,125.56,124.67,124.81,5001656
1346074200,2012-08-27 09:30,125.34,125.8,125.27,125.53999,3906691
1346160600,2012-08-28 09:30,125.75,126.36,125.59,125.84,3412537
1346247000,2012-08-29 09:30,125.61,125.63,124.95,125.28999,3762842
1346333400,2012-08-30 09:30,126.27,126.44,125.73,125.94,3886374
1346419800,2012-08-31 09:30,125.78,127.72,125.73,127.72,9192609
1346765400,2012-09-04 09:30,126.92,127.63,126.75999,127.32001,6009262
1346851800,2012-09-05 09:30,126.82001,127.19,126.55,126.72,3466654
1346938200,2012-09-06 09:30,125.53,125.53,124.55,124.61,6505164
1347024600,2012-09-07 09:30,126.14,126.17999,123.92,124.03,7335293
1347283800,2012-09-10 09:30,123.69,124.33,123.50999,124.33,4912086
1347370200,2012-09-11 09:30,124.02,124.10001,123.28999,123.55,3523500
1347456600,2012-09-12 09:30,122.22,122.41,121.67999,122.00999,7040902
1347543000,2012-09-13 09:30,122.39,123.09,120.27,121.53,12280180
1347629400,2012-09-14 09:30,119.75999,119.85001,118.05,118.3,16871536
1347888600,2012-09-17 09:30,118.87,119.89999,118.8,119.72,5573250
1347975000,2012-09-18 09:30,120.71001,120.89999,119.96001,120.32001,5366695
1348061400,2012-09-19 09:30,121.34,121.38,120.61,121.11,5903699
1348147800,2012-09-20 09:30,122.14,122.32001,120.98,121.41,4604258
1348234200,2012-09-21 09:30,120.75,121.64,120.67,121.55,4144262
1348493400,2012-09-24 09:30,122.25,122.7,122.17999,122.5,3627471
1348579800,2012-09-25 09:30,122.8,123.74001,122.13,123.71001,5894555
1348666200,2012-09-26 09:30,124.56,125.09,124.45,125.03999,7193305
1348752600,2012-09-27 09:30,124.55,124.8,123.77,124.14999,5147680
1348839000,2012-09-28 09:30,124.75,125.2354,123.80499,124.22,7173352
1349098200,2012-10-01 09:30,123.97,124.47,123.38,124.42,4842566
1349184600,2012-10-02 09:30,123.91,124.51801,123.81,124.25,3540098
1349271000,2012-10-03 09:30,123.86,124.3,123.62,124.28999,3800831
1349357400,2012-10-04 09:30,123.46001,123.8,122.57001,122.74001,6214730
1349443800,2012-10-05 09:30,121.57001,121.67999,120.92,121.14999,8341109
1349703000,2012-10-08 09:30,121.98,122.27,121.686,122.17,1568391
1349789400,2012-10-09 09:30,121.47,122.185,121.38,121.95,4753102
1349875800,2012-10-10 09:30,121.46001,122.96001,121.25999,122.81,5430203
1349962200,2012-10-11 09:30,121.96001,123.66,121.89,123.66,5194434
1350048600,2012-10-12 09:30,124.07001,124.78,123.78,123.97,4934840
1350307800,2012-10-15 09:30,123.78,124.14,123.42999,123.69,3036046
1350394200,2012-10-16 09:30,122.89999,122.94,121.94,121.9803,5398645
1350480600,2012-10-17 09:30,121.17,121.25999,120.57001,120.85001,6932539
1350567000,2012-10-18 09:30,121.12,121.53,119.87,120.11,8558559
1350653400,2012-10-19 09:30,120.34,121.81,120.28,121.74001,7618211
1350912600,2012-10-22 09:30,121.42999,121.84,120.94,120.96001,6910527
1350999000,2012-10-23 09:30,122.10001,122.73,122.0217,122.69,5760797
1351085400,2012-10-24 09:30,121.86,122.2883,121.48,121.48,6824488
1351171800,2012-10-25 09:30,120.56,121.53999,120.33,120.86,5292473
1351258200,2012-10-26 09:30,121.44,122.64999,121.27,122.64,5889484
1351690200,2012-10-31 09:30,122.67999,123.70399,122.63,123.36,5025520
1351776600,2012-11-01 09:30,122.77,122.88,122.08,122.35001,3659628
1351863000,2012-11-02 09:30,121.28,122.31,121.24001,122.25999,3527781
1352125800,2012-11-05 09:30,122.82001,123.25,122.78999,122.95,2935974
1352212200,2012-11-06 09:30,122.55,122.86,121.78,121.78999,4484594
1352298600,2012-11-07 09:30,123.95,124.53101,123.75999,124,10070914
1352385000,2012-11-08 09:30,123.78999,125.86,123.42999,125.84,8580375
1352471400,2012-11-09 09:30,125.63,125.98,125.17999,125.98,5036871
1352730600,2012-11-12 09:30,125.84,126.38,125.78999,126.19,2072128
1352817000,2012-11-13 09:30,126.8,126.82001,125.99001,126.61,2863861
1352903400,2012-11-14 09:30,125.72,126.78999,125.60001,126.73,4694691
1352989800,2012-11-15 09:30,126.10001,127.02,126,126.48441,5550930
1353076200,2012-11-16 09:30,126.36,127.19,126.28,126.37,4592414
1353335400,2012-11-19 09:30,125.46001,125.81,125.3,125.66,3623180
1353421800,2012-11-20 09:30,125.48,125.67,124.38,124.39999,4659215
1353508200,2012-11-21 09:30,124.19,124.42,124.02,124.33,2424159
1353681000,2012-11-23 09:30,124.3,124.45,124.11,124.21001,987173
1353940200,2012-11-26 09:30,125.16,125.52,124.75,124.8,2799647
1354026600,2012-11-27 09:30,124.94,125.39,124.7,125.28999,2544314
1354113000,2012-11-28 09:30,125.97,126.2,125.09,125.11,3570175
1354199400,2012-11-29 09:30,124.86,125.44,124.66,125.13,2760924
1354285800,2012-11-30 09:30,125.48,125.53999,124.71001,124.78999,3702398
1354545000,2012-12-03 09:30,123.72,124.78999,123.62,124.66,5427902
1354631400,2012-12-04 09:30,125.02,125.41,124.84,125.38,2586243
1354717800,2012-12-05 09:30,125.39999,125.81,125.17,125.32001,1978111
1354804200,2012-12-06 09:30,125.86,126.08,125.50999,125.59,2301120
1354890600,2012-12-07 09:30,124.5,124.96001,124.34,124.42999,4020831
1355149800,2012-12-10 09:30,124.96001,125.08009,124.53999,124.98,2134231
1355236200,2012-12-11 09:30,124.25999,124.31,123.83,124.0303,3777883
1355322600,2012-12-12 09:30,123.83,124.34,122.57001,122.59,7119691
1355409000,2012-12-13 09:30,122.28999,123.17999,122.13,122.67999,6381445
1355495400,2012-12-14 09:30,123.19,123.71001,123.08099,123.60001,3833049
1355754600,2012-12-17 09:30,123.5,123.52,121.71001,121.75,6869984
1355841000,2012-12-18 09:30,121.39999,121.78,119.89999,120.50999,12024121
1355927400,2012-12-19 09:30,120.97,121.64999,120.72,120.91,4880496
1356013800,2012-12-20 09:30,121.28999,121.64,120.62,120.92999,4567813
1356100200,2012-12-21 09:30,122.31,122.42999,121.95,122.25,6087602
1356359400,2012-12-24 09:30,122,122.08,121.87,122.03,1071090
1356532200,2012-12-26 09:30,121.95,122.21001,121.81,122.2,2247827
1356618600,2012-12-27 09:30,121.88,123.28999,121.83,122.61,4262617
1356705000,2012-12-28 09:30,123.14,123.34,122.78,123.31,3928559
1356964200,2012-12-31 09:30,122.87,122.97,120.911,121.17999,6422918
1357137000,2013-01-02 09:30,119.75999,119.89999,119.41,119.56,7473684
1357223400,2013-01-03 09:30,119.38,119.49001,117.89999,117.94,10005684
1357309800,2013-01-04 09:30,117.66,118.44,117.36,118.39999,9574605
1357569000,2013-01-07 09:30,118.37,118.73,118,118.44991,4196168
1357655400,2013-01-08 09:30,119.03999,119.28999,118.82001,119.23,4380805
1357741800,2013-01-09 09:30,119.25,119.53999,118.87,119.12,3870220
1357828200,2013-01-10 09:30,118.63,119.3,118.36,118.78999,5603078
1357914600,2013-01-11 09:30,118.52,119.86,118.35001,119.85001,4773148
1358173800,2013-01-14 09:30,120.03999,120.28,119.37,119.52,3067158
1358260200,2013-01-15 09:30,120.61,120.7,119.97,120.07001,5358531
1358346600,2013-01-16 09:30,120.63,120.68401,120.00999,120.32001,4286086
1358433000,2013-01-17 09:30,119.33,119.55,118.75,119.12,7019199
1358519400,2013-01-18 09:30,119.57001,120.21001,119.4601,120.03999,4659906
1358865000,2013-01-22 09:30,119.55,120.3,119.38,120.27,3874061
1358951400,2013-01-23 09:30,120.34,120.58,119.95,120.09,2849315
1359037800,2013-01-24 09:30,119.87,119.97,119.25999,119.67,4178883
1359124200,2013-01-25 09:30,118.42,118.60001,117.77,118.03,8750605
1359383400,2013-01-28 09:30,117.02,117.72,117,117.60001,6060020
1359469800,2013-01-29 09:30,117.62,118.08009,116.87,116.95,5553867
1359556200,2013-01-30 09:30,116.67,116.96001,116.16,116.75,9587367
1359642600,2013-01-31 09:30,117.03,117.34,116.552,117.32001,6789172
1359729000,2013-02-01 09:30,117.73,117.85001,115.50999,115.53999,10931086
1359988200,2013-02-04 09:30,116.59,117.28,116.42,117.02,9292145
1360074600,2013-02-05 09:30,116.27,116.42999,115.86501,115.98,6676434
1360161000,2013-02-06 09:30,116.52,116.97,116.05,116.92999,5891949
1360247400,2013-02-07 09:30,116.77,117.59,116.62,116.67,5951707
1360333800,2013-02-08 09:30,116.8,117.16,116.23,117.12,5603352
1360593000,2013-02-11 09:30,117.05,117.38,116.924,117.03,3679862
1360679400,2013-02-12 09:30,116.69,117.02,116.46001,116.74001,4513645
1360765800,2013-02-13 09:30,115.8,116.27,115.55,115.78999,6586316
1360852200,2013-02-14 09:30,116.28999,117.03999,115.99001,116.84,7095961
1360938600,2013-02-15 09:30,116.66,116.74001,116.07001,116.5,5861727
1361284200,2013-02-19 09:30,116.86,116.89999,115.84,115.92,7383516
1361370600,2013-02-20 09:30,115.69,116.37,115.57001,116.27,9603844
1361457000,2013-02-21 09:30,116.89999,117.31,116.74001,116.95,8297363
1361543400,2013-02-22 09:30,116.98,117.34,116.88,117.03,5316977
1361802600,2013-02-25 09:30,116.35001,119.35001,116.28999,119.33,15950543
1361889000,2013-02-26 09:30,118.73,119.67,118.59,118.64,9822074
1361975400,2013-02-27 09:30,119.49001,119.53999,118,118.28999,7459781
1362061800,2013-02-28 09:30,118.42999,118.66,117.98,118.50999,6023418
1362148200,2013-03-01 09:30,118.84,119.21001,118.53999,118.89999,7786707
1362407400,2013-03-04 09:30,118.78999,118.97,118.25999,118.27,4511508
1362493800,2013-03-05 09:30,118.07001,118.2,117.67999,117.92999,6539512
1362580200,2013-03-06 09:30,117.11,117.5,116.85001,116.86,6516383
1362666600,2013-03-07 09:30,116.41,116.50999,115.91,115.96001,8529824
1362753000,2013-03-08 09:30,114.87,115.36099,114.6201,114.75,15423563
1363008600,2013-03-11 09:30,115.12,115.228,114.74001,114.86,5816047
1363095000,2013-03-12 09:30,115.25,115.78999,115.23,115.69,9264266
1363181400,2013-03-13 09:30,115.24001,115.74001,115.03,115.57001,7371422
1363267800,2013-03-14 09:30,115.09,115.64,114.98,115.22,9353090
1363354200,2013-03-15 09:30,115.33,115.88,115.3,115.75999,9673395
1363613400,2013-03-18 09:30,116.83,116.88,116.14999,116.64,9152176
1363699800,2013-03-19 09:30,116.78,117.89,116.7,117.42999,11987176
1363786200,2013-03-20 09:30,116.71001,116.9901,116.08,116.12,8544031
1363872600,2013-03-21 09:30,116.86,117.25,116.53,117.24001,6119488
1363959000,2013-03-22 09:30,117.3,117.5,116.77,117.33,6323723
1364218200,2013-03-25 09:30,116.77,117.78,116.67,117.22,5839793
1364304600,2013-03-26 09:30,116.87,117.91,116.78,117.36,5093191
1364391000,2013-03-27 09:30,118.3,118.77,118.17999,118.36,7742887
1364477400,2013-03-28 09:30,118.12,118.45,117.67999,117.75999,5826336
1364823000,2013-04-01 09:30,117.52,118.42101,117.49001,118.39,6113746
1364909400,2013-04-02 09:30,118.07001,118.14,117.75,117.91,5437906
1364995800,2013-04-03 09:30,118.31,119.29201,118.25,118.96899,9527383
1365082200,2013-04-04 09:30,119.59,120.41,119.47,120.39,9367035
1365168600,2013-04-05 09:30,122.88,123.42999,122.63,122.82001,18628192
1365427800,2013-04-08 09:30,122.67,122.8701,121.78,121.88,8020246
1365514200,2013-04-09 09:30,122.03,122.24001,121.3799,121.58,7176656
1365600600,2013-04-10 09:30,120.59,120.66,119.89999,119.91,10765547
1365687000,2013-04-11 09:30,120.17,120.49001,119.88499,120.14,7502145
1365773400,2013-04-12 09:30,121.33,121.94,120.89751,121.92999,9254727
1366032600,2013-04-15 09:30,122.13,123.03,121.87,122.99001,12948301
1366119000,2013-04-16 09:30,121.92,122.52,121.88341,121.98,6554363
1366205400,2013-04-17 09:30,122.3,123.52499,122.3,122.78999,9020828
1366291800,2013-04-18 09:30,122.81,123.22,122.60001,123.09,7010055
1366378200,2013-04-19 09:30,122.94,122.98,122.63,122.83,5474711
1366637400,2013-04-22 09:30,122.84,123.28999,122.67,122.92,4519328
1366723800,2013-04-23 09:30,123.25999,123.78999,122.38,122.49001,8043281
1366810200,2013-04-24 09:30,122.47,122.82001,122.3,122.8,3673536
1366896600,2013-04-25 09:30,122.2496,122.37,122.10001,122.27,4297746
1366983000,2013-04-26 09:30,123.2,123.50999,123.00999,123.39,4899035
1367242200,2013-04-29 09:30,123.58,123.7301,122.75999,122.94,4915922
1367328600,2013-04-30 09:30,123.25999,123.69,122.67,123.00999,4477344
1367415000,2013-05-01 09:30,123.46001,124.25999,123.42999,124.0099,10724566
1367501400,2013-05-02 09:30,123.59,123.97,123.50999,123.85001,4171750
1367587800,2013-05-03 09:30,122.16,122.19,120.83,120.92999,11283680
1367847000,2013-05-06 09:30,121.14999,121.255,120.32001,120.63,5121953
1367933400,2013-05-07 09:30,120.19,120.5,120.05,120.16,5050719
1368019800,2013-05-08 09:30,120.27,120.83,120.17,120.35001,5732883
1368106200,2013-05-09 09:30,120.50999,121.32001,119.98,120.03999,7526914
1368192600,2013-05-10 09:30,119.75999,119.785,117.85001,118.75,11690508
1368451800,2013-05-13 09:30,117.8799,118.19,117.63,117.84,8051125
1368538200,2013-05-14 09:30,118.35001,118.44,116.53999,116.56,9236242
1368624600,2013-05-15 09:30,117.53,117.72,116.42101,117.341,14608535
1368711000,2013-05-16 09:30,117.97,118.94,117.935,118.56,8460574
1368797400,2013-05-17 09:30,117.95,118.14999,116.98,117.06,7435805
1369056600,2013-05-20 09:30,117.63,117.67,116.78999,116.922,5839703
1369143000,2013-05-21 09:30,116.92999,117.87,116.42,117.84,7782074
1369229400,2013-05-22 09:30,118.02,118.55,115.8,116.09,18361840
1369315800,2013-05-23 09:30,117.14999,117.24001,115.77,116.64,9207043
1369402200,2013-05-24 09:30,116.98,117.42,116.7149,116.8,5357594
1369747800,2013-05-28 09:30,116.09,116.27,113.82001,113.838,13567727
1369834200,2013-05-29 09:30,114.62,115.185,114.46001,115.118,11298926
1369920600,2013-05-30 09:30,115.25,115.37,114.52991,114.84,10011762
1370007000,2013-05-31 09:30,114.97,115.02,113.17,114.45,18158704
1370266200,2013-06-03 09:30,113.78,115.49001,113.7,114.78,15564441
1370352600,2013-06-04 09:30,113.96001,114.49001,113.66,113.72,7504246
1370439000,2013-06-05 09:30,114.28999,115.32001,114.13,115.28999,8056965
1370525400,2013-06-06 09:30,114.88,116.785,114.41,115.22,8925980
1370611800,2013-06-07 09:30,114.22,114.8299,113.16,113.16,10459371
1370871000,2013-06-10 09:30,112.7,113.12,112.38,112.62,7892555
1370957400,2013-06-11 09:30,112.27,113.96001,112.12,113.96001,12846676
1371043800,2013-06-12 09:30,113,113.83,112.27,112.33,10193695
1371130200,2013-06-13 09:30,113.07001,114.17,112.89,114.09,12509285
1371216600,2013-06-14 09:30,114.10001,114.66,113.82001,113.82001,6679559
1371475800,2013-06-17 09:30,114.02,114.08,113,113.22,5982074
1371562200,2013-06-18 09:30,112.85001,113.685,112.72,113.28,5192645
1371648600,2013-06-19 09:30,113.74001,113.78999,111.62,112.11,17141072
1371735000,2013-06-20 09:30,110.75,111.209,109.28,110.27,27901248
1371821400,2013-06-21 09:30,110.14999,110.41,108.37,108.40199,19783696
1372080600,2013-06-24 09:30,107.83,109.38499,107.75999,108.85001,24588944
1372167000,2013-06-25 09:30,108.89999,109.02,107.86,107.88,11082695
1372253400,2013-06-26 09:30,109,109.05,108.03999,108.58,13582105
1372339800,2013-06-27 09:30,109.53999,109.97,108.95,109.69,12026602
1372426200,2013-06-28 09:30,109.00999,110.48,108.71989,110.44,12017000
1372685400,2013-07-01 09:30,109.73,110.5,109.42999,110.41,5500730
1372771800,2013-07-02 09:30,110.5,110.8,110.24001,110.34,5333891
1372858200,2013-07-03 09:30,110.31,110.64999,110.00999,110.00999,3842216
1373031000,2013-07-05 09:30,107.28,107.5,106.17,106.25999,14513512
1373290200,2013-07-08 09:30,107.07001,107.56,106.95,107.28999,8044168
1373376600,2013-07-09 09:30,107.49001,107.62,107.07001,107.39999,4700762
1373463000,2013-07-10 09:30,107.39,107.39,106.30299,106.55499,10792105
1373549400,2013-07-11 09:30,107.45,107.87,106.94,107.81,10035449
1373635800,2013-07-12 09:30,108.34,108.47,107.34,107.72,4730805
1373895000,2013-07-15 09:30,107.8,108.32001,107.7,108.28999,4574777
1373981400,2013-07-16 09:30,108.42999,108.75999,108.27,108.66,3650166
1374067800,2013-07-17 09:30,109.19,109.36,108.66,108.86,5931914
1374154200,2013-07-18 09:30,108.61,108.67,107.48,107.5,9066875
1374240600,2013-07-19 09:30,108.31,109.21001,108.255,109.2,8523727
1374499800,2013-07-22 09:30,109.36,109.6884,109.1299,109.36,3972518
1374586200,2013-07-23 09:30,108.67,109,108.32001,108.89999,5015438
1374672600,2013-07-24 09:30,107.64999,107.89,106.78999,107.52,8853023
1374759000,2013-07-25 09:30,106.97,107.60001,106.81,107.48,6443387
1374845400,2013-07-26 09:30,108.03999,108.28,107.64,108.14,6795438
1375104600,2013-07-29 09:30,107.64999,107.82001,107.07001,107.35001,6397789
1375191000,2013-07-30 09:30,107.71001,107.75999,107.05,107.31,3635903
1375277400,2013-07-31 09:30,106.06,107.92,105.85001,107.7,10483289
1375363800,2013-08-01 09:30,106.49001,106.49001,105,105.36011,13568578
1375450200,2013-08-02 09:30,106.00999,106.61011,105.98,106.52,9570793
1375709400,2013-08-05 09:30,106.19,106.24741,105.53999,105.7,6611758
1375795800,2013-08-06 09:30,105.53,106.00999,105.34,106.00999,4590637
1375882200,2013-08-07 09:30,106.17,106.94,106.17,106.8,7183383
1375968600,2013-08-08 09:30,106.98,107.60001,106.78999,107.09,5510945
1376055000,2013-08-09 09:30,106.60001,107.265,106.48,107.25999,3623454
1376314200,2013-08-12 09:30,107.61,107.6299,106.47,106.53,7562770
1376400600,2013-08-13 09:30,105.33,105.36,104.8,104.99001,11485789
1376487000,2013-08-14 09:30,104.94,105.36,104.87,105.14999,6433480
1376573400,2013-08-15 09:30,104.10001,104.63,103.69,103.73,11847508
1376659800,2013-08-16 09:30,103.96001,103.97009,102.67,103.37,10176453
1376919000,2013-08-19 09:30,102.92999,103.00999,102.21001,102.47,9022473
1377005400,2013-08-20 09:30,102.89,103.36,102.85001,103.25999,10050090
1377091800,2013-08-21 09:30,102.77,103.2,102.11,102.13,13250258
1377178200,2013-08-22 09:30,102.46001,103.23,102.24001,103.17,8751941
1377264600,2013-08-23 09:30,103.00999,104.39,102.74001,104.28999,17441184
1377523800,2013-08-26 09:30,104.56,104.89,104.33,104.81,5886441
1377610200,2013-08-27 09:30,105.28999,106.25,105.03999,106.13,11573242
1377696600,2013-08-28 09:30,105.41,105.57001,104.94,105.27,7498070
1377783000,2013-08-29 09:30,104.88,106.30901,104.78999,106.11,6672434
1377869400,2013-08-30 09:30,106.02,106.67999,105.74001,105.99001,8988000
1378215000,2013-09-03 09:30,104.59,104.67,103.50999,104.22,12084367
1378301400,2013-09-04 09:30,104.45,104.64999,103.95,103.99001,4579633
1378387800,2013-09-05 09:30,103.47,103.60001,102.53,102.53999,12290992
1378474200,2013-09-06 09:30,103.25,103.82001,102.81,103.05,9478828
1378733400,2013-09-09 09:30,103.8,103.8101,103.08,103.10001,6875105
1378819800,2013-09-10 09:30,102.73,103.34,102.36501,102.38,8071191
1378906200,2013-09-11 09:30,102.92,103.31,102.19,103.28999,8963539
1378992600,2013-09-12 09:30,103.85001,104,103.06,103.14999,6254695
1379079000,2013-09-13 09:30,103.50999,103.83,103.23,103.55,6107613
1379338200,2013-09-16 09:30,104.33,104.41,102.85001,102.86,8737469
1379424600,2013-09-17 09:30,103.37,103.74001,102.97,103.71001,8795570
1379511000,2013-09-18 09:30,103.63,105.55,102.98,104.99001,19749120
1379597400,2013-09-19 09:30,105.05,105.09,104.16,104.37,11627750
1379683800,2013-09-20 09:30,104.69,105.17999,104.45,104.925,8423125
1379943000,2013-09-23 09:30,105.21001,105.73,105.11,105.69,10242012
1380029400,2013-09-24 09:30,105.99001,106.84,105.845,106.83,11447617
1380115800,2013-09-25 09:30,106.53999,107.27901,106.39,107.05,8130879
1380202200,2013-09-26 09:30,106.48,106.62,106.19,106.3,5117070
1380288600,2013-09-27 09:30,106.28999,106.82001,106.24899,106.56,6461746
1380547800,2013-09-30 09:30,106.66,106.89999,106.1799,106.39999,8439805
1380634200,2013-10-01 09:30,105.89999,106.03,105.53,105.8,7593191
1380720600,2013-10-02 09:30,105.92999,106.48,105.75999,105.96001,5967422
1380807000,2013-10-03 09:30,105.75,106.41,105.7,105.78999,6649297
1380893400,2013-10-04 09:30,105.67,105.78,105.35001,105.71001,5547172
1381152600,2013-10-07 09:30,106.2,106.36,105.98,106.14,5761234
1381239000,2013-10-08 09:30,105.9799,106.5099,105.828,106.17,5904711
1381325400,2013-10-09 09:30,105.87,105.94,105.295,105.32001,8439195
1381411800,2013-10-10 09:30,104.8,105.53,104.50999,105.49001,9946473
1381498200,2013-10-11 09:30,106.16,106.23,105.41,105.455,6501164
1381757400,2013-10-14 09:30,105.39,105.64,104.33,104.61,4205715
1381843800,2013-10-15 09:30,105.14999,105.3,104.53,104.53999,8291477
1381930200,2013-10-16 09:30,104.47,105.86,104.27,105.85001,14461016
1382016600,2013-10-17 09:30,106.52,107.12,106.28999,106.81,11306168
1382103000,2013-10-18 09:30,107.11,107.48,106.98,107.03999,9487801
1382362200,2013-10-21 09:30,106.91,106.92,106.459,106.7,6162621
1382448600,2013-10-22 09:30,107.5999,108.12,107.56,107.89,9708543
1382535000,2013-10-23 09:30,108.07001,108.73,108.035,108.31,9165578
1382621400,2013-10-24 09:30,108.61,108.67,107.87,107.89,7631371
1382707800,2013-10-25 09:30,108.13,108.45,108.08,108.28999,4429547
1382967000,2013-10-28 09:30,108.01,108.3801,107.91,107.92,6469344
1383053400,2013-10-29 09:30,107.62,108.07,107.51,108.06,5270646
1383139800,2013-10-30 09:30,107.93,108.21,107.21,107.41,10200010
1383226200,2013-10-31 09:30,107.91,108.01,107.1401,107.64,11452117
1383312600,2013-11-01 09:30,106.97,107,106.14,106.19,11349769
1383575400,2013-11-04 09:30,106.47,106.67,106.22,106.29,4733187
1383661800,2013-11-05 09:30,105.79,105.83,104.99,105.02,8754722
1383748200,2013-11-06 09:30,104.94,105.14,104.69,105.07,5643041
1383834600,2013-11-07 09:30,105.05,106.05,104.9701,105.96,7893771
1383921000,2013-11-08 09:30,103.97,104.11,103.39,103.41,16889902
1384180200,2013-11-11 09:30,103.53,103.58,102.96,103.02,4927178
1384266600,2013-11-12 09:30,103.21,103.59,103.18,103.5,4840369
1384353000,2013-11-13 09:30,103.87,104.04,103.74,103.88,5783944
1384439400,2013-11-14 09:30,104.31,105.12,104.15,104.52,8895490
1384525800,2013-11-15 09:30,104.66,104.74,104.312,104.73,6344845
1384785000,2013-11-18 09:30,104.65,105.41,104.65,105.36,5451405
1384871400,2013-11-19 09:30,104.95,105.14,104.41,104.56,7251137
1384957800,2013-11-20 09:30,104.42,104.84,102.648,102.78,14191987
1385044200,2013-11-21 09:30,102.51,103.19,102.16,102.95,8903032
1385130600,2013-11-22 09:30,103.49,104.1301,103.48,103.91,7950686
1385389800,2013-11-25 09:30,103.84,104.42,103.84,104.21,3756285
1385476200,2013-11-26 09:30,104.49,104.93,104.48,104.6,6659203
1385562600,2013-11-27 09:30,104.68,104.7,103.96,104.42,6063360
1385735400,2013-11-29 09:30,104.08,104.6,103.95,104.45,5084399
1385994600,2013-12-02 09:30,103.8,103.91,103.22,103.33,7527817
1386081000,2013-12-03 09:30,103.7,103.96,103.46,103.71,5076896
1386167400,2013-12-04 09:30,102.75,103.05,102.38,102.72,8502926
1386253800,2013-12-05 09:30,102.48,102.85,102.22,102.43,7446004
1386340200,2013-12-06 09:30,102.56,102.99,102.36,102.92,7351950
1386599400,2013-12-09 09:30,102.9,103.23,102.83,103.16,5679779
1386685800,2013-12-10 09:30,103.84,103.95,103.45,103.9,7040362
1386772200,2013-12-11 09:30,103.55,103.77,103.02,103.1,8190914
1386858600,2013-12-12 09:30,103.03,103.16,102.625,102.71,6208704
1386945000,2013-12-13 09:30,103.14,103.3,102.79,103.21,6471352
1387204200,2013-12-16 09:30,103.58,103.69,102.73,102.83,6376381
1387290600,2013-12-17 09:30,102.61,103.4,102.59,103.29,6015838
1387377000,2013-12-18 09:30,102.83,103.72,102.46,102.77,12974216
1387463400,2013-12-19 09:30,102.86,103.01,102.45,102.67,6708383
1387549800,2013-12-20 09:30,103.72,104.29,103.3,104.25,12425975
1387809000,2013-12-23 09:30,104.05,104.41,103.66,103.66,6378597
1387895400,2013-12-24 09:30,103.23,103.35,102.8,102.83,4897009
1388068200,2013-12-26 09:30,102.35,102.36,102.01,102.1,4645323
1388154600,2013-12-27 09:30,102.07,102.31,101.69,101.81,4755262
1388413800,2013-12-30 09:30,102.15,102.58,102.08,102.51,4491711
1388500200,2013-12-31 09:30,102.29,102.55,101.17,101.86,7219195
1388673000,2014-01-02 09:30,101.72,102.39,101.69,102.17,8580808
1388759400,2014-01-03 09:30,101.81,102.45,101.76,102.17,4083831
1389018600,2014-01-06 09:30,102.38,103,102.37,102.6,7796228
1389105000,2014-01-07 09:30,102.82,102.99,102.56,102.86,4428082
1389191400,2014-01-08 09:30,102.45,102.69,102.1,102.58,8512987
1389277800,2014-01-09 09:30,102.97,103.205,102.51,103.18,6991080
1389364200,2014-01-10 09:30,103.77,104.5425,103.69,104.41,13197803
1389623400,2014-01-13 09:30,104.51,105.14,104.465,104.93,9671509
1389709800,2014-01-14 09:30,104.65,104.83,104.39,104.45,10343500
1389796200,2014-01-15 09:30,104.04,104.51,103.93,104.34,7507464
1389882600,2014-01-16 09:30,104.85,105.07,104.72,105.04,7137813
1389969000,2014-01-17 09:30,104.86,105.52,104.79,105.48,7590772
1390314600,2014-01-21 09:30,105.45,105.7399,105.4,105.56,6435954
1390401000,2014-01-22 09:30,105.37,105.75,105.24,105.3,4646691
1390487400,2014-01-23 09:30,105.88,107.09,105.88,106.79,12960976
1390573800,2014-01-24 09:30,107.19,107.49,106.9897,107.48,11514538
1390833000,2014-01-27 09:30,107.22,107.6,106.7,106.73,9222620
1390919400,2014-01-28 09:30,106.91,106.99,106.55,106.99,5666819
1391005800,2014-01-29 09:30,107.37,108.15,106.99,107.87,11718542
1391092200,2014-01-30 09:30,107.47,107.665,107.11,107.56,5956881
1391178600,2014-01-31 09:30,108.2,108.41,107.85,108.28,14691208
1391437800,2014-02-03 09:30,107.7899,109.34,107.61,109.32,20781789
1391524200,2014-02-04 09:30,108.52,108.67,107.97,108.16,9573468
1391610600,2014-02-05 09:30,107.69,107.78,107.01,107.16,10312498
1391697000,2014-02-06 09:30,106.97,107.02,106.52,106.7,5708710
1391783400,2014-02-07 09:30,106.46,107.22,106.44,106.79,7092838
1392042600,2014-02-10 09:30,106.61,107.12,106.57,107.09,4370474
1392129000,2014-02-11 09:30,106.61,106.69,106.16,106.47,5904855
1392215400,2014-02-12 09:30,106.17,106.2099,105.62,105.92,6723271
1392301800,2014-02-13 09:30,106.59,106.73,106.2954,106.52,6874873
1392388200,2014-02-14 09:30,106.57,106.64,106.27,106.58,4999982
1392733800,2014-02-18 09:30,106.66,107.2,106.62,106.82,4855814
1392820200,2014-02-19 09:30,107.18,107.18,106.3,106.37,5522754
1392906600,2014-02-20 09:30,106.32,106.63,105.69,106.11,5103383
1392993000,2014-02-21 09:30,105.95,106.68,105.95,106.67,5250670
1393252200,2014-02-24 09:30,106.7,106.74,106.165,106.4,3816733
1393338600,2014-02-25 09:30,106.91,107.36,106.89,107.35,6225905
1393425000,2014-02-26 09:30,107.31,107.92,107.24,107.92,7226557
1393511400,2014-02-27 09:30,108.28,108.56,108.1,108.51,5394718
1393597800,2014-02-28 09:30,108.28,108.74,107.78,108.57,8463065
1393857000,2014-03-03 09:30,108.88,109.18,108.64,109.03,11099175
1393943400,2014-03-04 09:30,108.35,108.35,107.36,107.39,8068066
1394029800,2014-03-05 09:30,107.34,107.78,107.2,107.62,4798744
1394116200,2014-03-06 09:30,106.76,106.969,106.52,106.56,7418274
1394202600,2014-03-07 09:30,105.64,106.17,105.6,105.89,8270425
1394458200,2014-03-10 09:30,105.94,106.105,105.775,106.04,3744495
1394544600,2014-03-11 09:30,105.98,106.34,105.7799,106.32,3815873
1394631000,2014-03-12 09:30,106.92,107.26,106.78,107.06,6430504
1394717400,2014-03-13 09:30,106.7,108.53,106.65,108.5,11815519
1394803800,2014-03-14 09:30,108.97,108.98,108.32,108.52,9238004
1395063000,2014-03-17 09:30,108.18,108.3,107.67,107.71,7382327
1395149400,2014-03-18 09:30,107.68,108.1499,107.6,108.1,4819536
1395235800,2014-03-19 09:30,107.92,107.98,106.81,107.26,11557635
1395322200,2014-03-20 09:30,107.09,107.63,106.99,107.07,5224411
1395408600,2014-03-21 09:30,107.41,108.32,107.37,108.23,8986860
1395667800,2014-03-24 09:30,108.05,109.09,107.95,109,7537423
1395754200,2014-03-25 09:30,108.41,108.82,108.17,108.59,5032172
1395840600,2014-03-26 09:30,108.55,109.475,108.48,109.44,7147736
1395927000,2014-03-27 09:30,109.64,110.39,109.42,109.99,9773185
1396013400,2014-03-28 09:30,109.86,109.892,109.02,109.37,6027026
1396272600,2014-03-31 09:30,108.74,111.07,108.34,109.1,7488392
1396359000,2014-04-01 09:30,108.26,108.36,107.84,107.89,9067266
1396445400,2014-04-02 09:30,107.39,107.55,107.17,107.27,6887212
1396531800,2014-04-03 09:30,107.52,107.935,107.44,107.74,4937393
1396618200,2014-04-04 09:30,107.87,108.69,107.8499,108.46,8977484
1396877400,2014-04-07 09:30,108.62,109.29,108.6,109.11,7562895
1396963800,2014-04-08 09:30,109.03,109.47,108.72,109.37,4213806
1397050200,2014-04-09 09:30,108.88,109.35,108.64,108.83,5771491
1397136600,2014-04-10 09:30,108.92,110.22,108.9,109.84,12706388
1397223000,2014-04-11 09:30,110.54,110.79,110.13,110.73,10267141
1397482200,2014-04-14 09:30,110.48,110.7,110.3,110.44,4142596
1397568600,2014-04-15 09:30,110.61,111.51,110.35,111.13,7752014
1397655000,2014-04-16 09:30,110.43,111.27,110.384,111.27,5523220
1397741400,2014-04-17 09:30,111.37,111.45,109.7,110.05,8622740
1398087000,2014-04-21 09:30,110.37,110.62,109.84,109.96,4316275
1398173400,2014-04-22 09:30,109.66,110.49,109.61,110.33,5748723
1398259800,2014-04-23 09:30,110.6,111.05,110.53,110.96,5748971
1398346200,2014-04-24 09:30,110.45,111.21,110.45,111.17,6337810
1398432600,2014-04-25 09:30,111.49,111.99,111.32,111.33,5976534
1398691800,2014-04-28 09:30,111.11,111.28,110.55,110.79,7606297
1398778200,2014-04-29 09:30,110.17,110.73,110.04,110.64,5235169
1398864600,2014-04-30 09:30,110.72,111.26,110.38,111.1,7721499
1398951000,2014-05-01 09:30,110.88,112.08,110.84,112.02,11558661
1399037400,2014-05-02 09:30,111.54,113.1,111.3,112.71,12702096
1399296600,2014-05-05 09:30,112.76,112.81,111.89,112.03,8042997
1399383000,2014-05-06 09:30,112.11,112.7,112.04,112.48,6522638
1399469400,2014-05-07 09:30,112.31,112.57,111.94,112.08,8199164
1399555800,2014-05-08 09:30,112.34,112.76,111.46,111.6,10878828
1399642200,2014-05-09 09:30,111.53,111.81,110.98,111.24,6000569
1399901400,2014-05-12 09:30,111.01,111.13,110.54,110.79,4564276
1399987800,2014-05-13 09:30,111.44,111.75,111.33,111.75,5501018
1400074200,2014-05-14 09:30,112.63,113.23,112.56,112.96,8853212
1400160600,2014-05-15 09:30,113.78,114.41,113.6,113.86,12627912
1400247000,2014-05-16 09:30,113.61,114,113.42,113.54,5019196
1400506200,2014-05-19 09:30,113.93,113.96,112.62,112.7,7403492
1400592600,2014-05-20 09:30,112.6,113.48,112.59,112.95,6549776
1400679000,2014-05-21 09:30,112.22,112.4,111.87,112.26,8225046
1400765400,2014-05-22 09:30,112.26,112.4,111.79,112.1,6495711
1400851800,2014-05-23 09:30,112.52,112.91,112.45,112.7,3835231
1401197400,2014-05-27 09:30,112.85,113.4,112.4,113.36,6659270
1401283800,2014-05-28 09:30,114.1,114.84,114.09,114.76,10360973
1401370200,2014-05-29 09:30,114.87,115.19,114.13,114.15,10692041
1401456600,2014-05-30 09:30,113.96,114.4,113.8095,114.1,6519281
1401715800,2014-06-02 09:30,113.04,113.68,112.55,112.96,11728400
1401802200,2014-06-03 09:30,112.41,112.54,111.51,111.57,12694684
1401888600,2014-06-04 09:30,111.76,111.82,111.27,111.54,7884222
1401975000,2014-06-05 09:30,111.13,111.97,111.015,111.59,6915766
1402061400,2014-06-06 09:30,112.13,112.41,111.49,111.59,7832984
1402320600,2014-06-09 09:30,111.45,111.64,111.2,111.43,5167639
1402407000,2014-06-10 09:30,111.04,111.27,110.83,111.02,5990158
1402493400,2014-06-11 09:30,111.26,111.54,110.85,111.22,5575789
1402579800,2014-06-12 09:30,111.3,112.35,111,112.21,9775925
1402666200,2014-06-13 09:30,111.57,112.62,111.53,112.15,5413846
1402925400,2014-06-16 09:30,112.21,112.63,112.1,112.43,5184901
1403011800,2014-06-17 09:30,112.07,112.09,111.48,111.54,6669215
1403098200,2014-06-18 09:30,111.8,112.76,111.56,112.4,11256460
1403184600,2014-06-19 09:30,112.51,112.56,110.74,110.96,14217289
1403271000,2014-06-20 09:30,110.97,111.8,110.9,111.8,7319071
1403530200,2014-06-23 09:30,112.08,112.18,111.41,111.45,5822220
1403616600,2014-06-24 09:30,112.15,112.65,111.815,112.58,9698714
1403703000,2014-06-25 09:30,113.1,113.36,112.685,112.87,5699273
1403789400,2014-06-26 09:30,113.21,113.8,113.21,113.41,6628920
1403875800,2014-06-27 09:30,113.68,113.82,113.17,113.24,7216735
1404135000,2014-06-30 09:30,113.56,113.8,113.09,113.52,5593063
1404221400,2014-07-01 09:30,112.5,112.74,112.2,112.28,8019205
1404307800,2014-07-02 09:30,111.63,111.67,110.97,111.08,9383047
1404394200,2014-07-03 09:30,110.38,110.86,110.34,110.68,6173946
1404739800,2014-07-07 09:30,111.27,111.81,111.23,111.49,5928870
1404826200,2014-07-08 09:30,112.24,112.86,112.24,112.74,6353288
1404912600,2014-07-09 09:30,112.66,113.14,112.38,112.83,6395169
1404999000,2014-07-10 09:30,113.54,113.66,112.82,112.86,7196938
1405085400,2014-07-11 09:30,113.35,113.68,113.28,113.58,4676510
1405344600,2014-07-14 09:30,113.28,113.41,112.93,113.09,4743333
1405431000,2014-07-15 09:30,112.83,113.47,112.5034,112.86,7720027
1405517400,2014-07-16 09:30,113,113.58,112.94,113.46,4615817
1405603800,2014-07-17 09:30,114.23,115.05,113.94,114.89,10906396
1405690200,2014-07-18 09:30,114.88,114.96,114.11,114.52,6678134
1405949400,2014-07-21 09:30,115.01,115.63,115.01,115.09,5726280
1406035800,2014-07-22 09:30,115.09,115.46,114.6501,115.33,5753405
1406122200,2014-07-23 09:30,115.51,115.63,115.17,115.18,3490746
1406208600,2014-07-24 09:30,114.52,114.58,114.25,114.32,6608996
1406295000,2014-07-25 09:30,115.34,115.68,115.16,115.67,7043382
1406554200,2014-07-28 09:30,115.59,115.9,115.12,115.51,5138315
1406640600,2014-07-29 09:30,115.87,116.07,115.42,115.93,6579517
1406727000,2014-07-30 09:30,115.15,115.38,114.17,114.32,12260525
1406813400,2014-07-31 09:30,113.53,114.58,113.47,113.98,18254147
1406899800,2014-08-01 09:30,113.58,114.87,113.05,114.56,14951150
1407159000,2014-08-04 09:30,114.53,114.81,114.26,114.26,5183753
1407245400,2014-08-05 09:30,114.07,114.8,113.68,114.63,8037302
1407331800,2014-08-06 09:30,115.47,115.47,114.6,114.7,7289215
1407418200,2014-08-07 09:30,114.84,115.77,114.57,115.77,9750472
1407504600,2014-08-08 09:30,115.93,116.42,115.38,115.52,9536664
1407763800,2014-08-11 09:30,115.65,115.82,115.29,115.51,6669325
1407850200,2014-08-12 09:30,115.41,115.44,114.73,114.76,8125463
1407936600,2014-08-13 09:30,114.87,115.52,114.78,115.51,8210642
1408023000,2014-08-14 09:30,115.93,116.5,115.39,116.44,9028616
1408109400,2014-08-15 09:30,116.71,118.36,116.69,117.71,17606660
1408368600,2014-08-18 09:30,117.21,117.3,116.39,116.54,7595663
1408455000,2014-08-19 09:30,117.08,117.15,115.98,116.18,5936871
1408541400,2014-08-20 09:30,116.04,116.11,115.5701,115.99,7277519
1408627800,2014-08-21 09:30,116.07,116.76,116.02,116.64,6791654
1408714200,2014-08-22 09:30,116.74,117.43,116.21,117.29,10149859
1408973400,2014-08-25 09:30,117.45,117.78,117.2099,117.73,5764713
1409059800,2014-08-26 09:30,117.94,117.99,117.21,117.35,5487657
1409146200,2014-08-27 09:30,117.7,118.409,117.4,118.35,7266000
1409232600,2014-08-28 09:30,119.13,119.37,118.67,118.97,9463642
1409319000,2014-08-29 09:30,118.92,119.43,118.75,119.05,8513461
1409664600,2014-09-02 09:30,117.28,117.3799,116.7,116.73,10506576
1409751000,2014-09-03 09:30,116.4,117.38,116.31,117.38,6554847
1409837400,2014-09-04 09:30,116.62,116.88,115.93,115.95,12534367
1409923800,2014-09-05 09:30,116.44,116.6,115.44,115.73,6886317
1410183000,2014-09-08 09:30,116.41,116.63,115.45,115.78,9331233
1410269400,2014-09-09 09:30,115.49,115.89,115.45,115.69,5355366
1410355800,2014-09-10 09:30,114.97,115.12,114.79,114.96,8729422
1410442200,2014-09-11 09:30,115.26,115.54,114.57,114.58,9274904
1410528600,2014-09-12 09:30,113.69,113.92,113.22,113.38,11115097
1410787800,2014-09-15 09:30,113.85,114.07,113.36,113.55,5513040
1410874200,2014-09-16 09:30,113.61,113.86,113.08,113.09,9305931
1410960600,2014-09-17 09:30,113.53,113.83,112.73,112.8,12917553
1411047000,2014-09-18 09:30,113.18,113.48,112.85,113.16,7031549
1411133400,2014-09-19 09:30,113.58,114.68,113.2,114.6,13237138
1411392600,2014-09-22 09:30,114.66,115.04,114.441,114.74,6617434
1411479000,2014-09-23 09:30,114.91,115.47,114.77,115.45,6365250
1411565400,2014-09-24 09:30,115.29,115.55,114.64,114.81,5223623
1411651800,2014-09-25 09:30,115.31,116.18,115.31,116.17,8949883
1411738200,2014-09-26 09:30,116.02,116.285,115.62,116,7800462
1411997400,2014-09-29 09:30,117,117.165,116.66,116.93,6791793
1412083800,2014-09-30 09:30,116.66,117.04,116.13,116.27,7277543
1412170200,2014-10-01 09:30,116.89,118.26,116.83,118.23,17194898
1412256600,2014-10-02 09:30,117.83,118.2,117.14,117.2,8253062
1412343000,2014-10-03 09:30,117,117.77,116.825,117.7,8561520
1412602200,2014-10-06 09:30,117.62,118.19,117.36,117.77,4486451
1412688600,2014-10-07 09:30,118.31,119.43,118.18,119.36,8841306
1412775000,2014-10-08 09:30,119.45,119.52,118.5126,119.39,9391292
1412861400,2014-10-09 09:30,119.27,119.67,118.78,118.87,10293812
1412947800,2014-10-10 09:30,119.52,120.08,119.31,120.05,8778325
1413207000,2014-10-13 09:30,120.16,121.17,120.05,120.78,6452384
1413293400,2014-10-14 09:30,121.31,121.78,120.68,121.57,11285617
1413379800,2014-10-15 09:30,124.58,127.68,121.84,122.53,37408948
1413466200,2014-10-16 09:30,124.12,124.13,121.44,121.75,18098188
1413552600,2014-10-17 09:30,121.19,121.71,120.48,121.07,8524257
1413811800,2014-10-20 09:30,121.78,121.845,120.94,121.51,7742600
1413898200,2014-10-21 09:30,120.84,121.24,120.53,120.54,9758010
1413984600,2014-10-22 09:30,120.47,120.85,120.22,120.67,9262018
1414071000,2014-10-23 09:30,120.04,120.18,119.06,119.6,10936825
1414157400,2014-10-24 09:30,119.93,120.41,119.47,119.72,5704911
1414416600,2014-10-27 09:30,119.89,120.265,119.66,119.94,3392161
1414503000,2014-10-28 09:30,119.48,119.65,119.08,119.19,5141976
1414589400,2014-10-29 09:30,118.96,119.82,118.42,119.46,9106612
1414675800,2014-10-30 09:30,120.32,120.46,119.51,119.56,7024366
1414762200,2014-10-31 09:30,119.34,119.71,118.83,119.25,6664380
1415025000,2014-11-03 09:30,118.9,119.16,118.211,118.96,9726839
1415111400,2014-11-04 09:30,119.42,119.91,119.08,119.33,3664808
1415197800,2014-11-05 09:30,118.91,119.3699,118.82,119.16,4799628
1415284200,2014-11-06 09:30,118.6,118.9299,118.305,118.39,5901871
1415370600,2014-11-07 09:30,118.72,119.75,118.68,119.75,8550548
1415629800,2014-11-10 09:30,119.58,119.58,118.56,118.65,4787298
1415716200,2014-11-11 09:30,118.48,118.81,118.34,118.73,2416470
1415802600,2014-11-12 09:30,119.2,119.53,118.445,118.63,4040793
1415889000,2014-11-13 09:30,118.7,119.18,118.435,118.91,4475902
1415975400,2014-11-14 09:30,118.84,119.59,118.68,119.49,5191200
1416234600,2014-11-17 09:30,119.78,119.79,118.88,119.19,4726190
1416321000,2014-11-18 09:30,119.32,119.58,119.16,119.52,4471230
1416407400,2014-11-19 09:30,118.88,119.58,118.76,118.76,5792474
1416493800,2014-11-20 09:30,119.9,119.95,119.06,119.38,5683570
1416580200,2014-11-21 09:30,119.57,120.16,119.52,120.1,3640144
1416839400,2014-11-24 09:30,119.67,120.27,119.55,120.2,4033915
1416925800,2014-11-25 09:30,120.37,121.27,120.31,121.2,6770006
1417012200,2014-11-26 09:30,121.64,121.8666,121.47,121.53,4339146
1417185000,2014-11-28 09:30,122.13,122.67,122.13,122.49,4562187
1417444200,2014-12-01 09:30,122.68,122.81,121.46,121.5,7728556
1417530600,2014-12-02 09:30,120.84,120.85,120.29,120.32,5757162
1417617000,2014-12-03 09:30,120.3,120.8,120.13,120.79,4868551
1417703400,2014-12-04 09:30,120.75,121.8,120.62,121.8,4250485
1417789800,2014-12-05 09:30,121.57,121.6,120.52,121.09,8030737
1418049000,2014-12-08 09:30,121.42,122.835,121.1382,122.57,6021774
1418135400,2014-12-09 09:30,123.6,123.97,122.96,123.2,6639727
1418221800,2014-12-10 09:30,123.18,124.4,123.08,124.1,6439191
1418308200,2014-12-11 09:30,123.74,124.61,123.29,124.61,7863455
1418394600,2014-12-12 09:30,125.45,126.35,125.02,126.3,9317388
1418653800,2014-12-15 09:30,125.64,126.7,125.43,126.04,9387414
1418740200,2014-12-16 09:30,127.36,127.72,126.36,127.6,7426434
1418826600,2014-12-17 09:30,126.91,127.19,125.7,126.4499,11558786
1418913000,2014-12-18 09:30,124.93,125.1,124.2,124.2,12758214
1418999400,2014-12-19 09:30,124.58,125.95,124.44,125.87,7894461
1419258600,2014-12-22 09:30,125.45,126.19,125.32,126.04,4118783
1419345000,2014-12-23 09:30,125.45,125.6,123.49,123.54,7406146
1419431400,2014-12-24 09:30,123.06,124.06,122.93,123.95,4871374
1419604200,2014-12-26 09:30,124.55,124.59,124.02,124.41,2921323
1419863400,2014-12-29 09:30,124.91,125.66,124.81,125.34,4070721
1419949800,2014-12-30 09:30,125.98,126.2101,125.53,125.68,4372557
1420036200,2014-12-31 09:30,125.7,126.165,125.65,125.92,4993301
1420209000,2015-01-02 09:30,126.29,127.66,126.15,127.32,9431997
1420468200,2015-01-05 09:30,128.01,129.63,127.96,129.32,9789519
1420554600,2015-01-06 09:30,130.7,132.49,130.19,131.65,18331287
1420641000,2015-01-07 09:30,130.7,131.97,130.17,131.39,9762919
1420727400,2015-01-08 09:30,130.36,130.37,129.42,129.65,8055253
1420813800,2015-01-09 09:30,129.2,131.11,129.04,131.07,9398821
1421073000,2015-01-12 09:30,131,132.3099,130.92,131.82,6658148
1421159400,2015-01-13 09:30,131.39,132.61,131.14,131.82,8260840
1421245800,2015-01-14 09:30,133.72,134.12,132.7,132.82,12324546
1421332200,2015-01-15 09:30,132.85,135.03,132.68,134.91,11454237
1421418600,2015-01-16 09:30,134.33,134.68,133.03,133.19,9390473
1421764200,2015-01-20 09:30,134.13,135.11,134.07,134.96,7758724
1421850600,2015-01-21 09:30,135.2,135.585,132.955,133.4,9803896
1421937000,2015-01-22 09:30,134,134.18,132.28,132.92,10200015
1422023400,2015-01-23 09:30,134.3,135.12,134.15,134.77,7334591
1422282600,2015-01-26 09:30,134.84,135.19,134.05,134.36,5966478
1422369000,2015-01-27 09:30,135.73,136.13,134.15,134.57,8079582
1422455400,2015-01-28 09:30,134.75,137.41,134.7,136.77,12230298
1422541800,2015-01-29 09:30,136.12,136.67,135.4601,135.87,8881399
1422628200,2015-01-30 09:30,137.71,138.5,137.18,138.28,14871221
1422887400,2015-02-02 09:30,136.7,137.92,136.66,137.48,13689942
1422973800,2015-02-03 09:30,135.65,135.7851,134.37,134.57,14008703
1423060200,2015-02-04 09:30,133.49,134.99,133.1201,134.8,11360416
1423146600,2015-02-05 09:30,134,134.23,133.11,133.32,8334585
1423233000,2015-02-06 09:30,132.05,132.35,130.59,130.96,13685553
1423492200,2015-02-09 09:30,131.97,131.98,130.75,130.75,8025546
1423578600,2015-02-10 09:30,130.14,130.47,129.44,129.71,8290732
1423665000,2015-02-11 09:30,129.7,130.27,128.964,129.95,6506362
1423751400,2015-02-12 09:30,129.66,130.541,129.45,129.52,12548329
1423837800,2015-02-13 09:30,129.51,129.53,128.09,128.19,8325223
1424183400,2015-02-17 09:30,127.8,127.93,125.92,126.26,14968830
1424269800,2015-02-18 09:30,126.82,127.74,126.47,127.01,14009187
1424356200,2015-02-19 09:30,126.78,127.445,126.17,126.17,8584765
1424442600,2015-02-20 09:30,127.05,128.01,126,126.54,12502546
1424701800,2015-02-23 09:30,127.19,128.17,127.16,127.99,7500542
1424788200,2015-02-24 09:30,127.65,129.79,127.18,129.67,11958343
1424874600,2015-02-25 09:30,129.46,130.385,129.08,130.23,8019820
1424961000,2015-02-26 09:30,129.7,130.2999,128.4,128.45,11020500
1425047400,2015-02-27 09:30,129.02,129.62,128.27,129.53,9225087
1425306600,2015-03-02 09:30,129,129.07,126.77,126.87,11323970
1425393000,2015-03-03 09:30,126.89,127.37,126.38,126.41,8599004
1425479400,2015-03-04 09:30,126.94,127.04,126.16,126.45,6478887
1425565800,2015-03-05 09:30,126.53,126.88,125.9,126.29,6044998
1425652200,2015-03-06 09:30,124.67,124.83,122.97,123.5,20022904
1425907800,2015-03-09 09:30,124.68,124.87,124.13,124.64,8889065
1425994200,2015-03-10 09:30,125.97,126.44,125.76,126.28,9277945
1426080600,2015-03-11 09:30,126.26,127.46,126.12,127.2,6663085
1426167000,2015-03-12 09:30,128.2,128.2,126.72,127.11,10295863
1426253400,2015-03-13 09:30,126.76,127.59,126.49,126.72,7247189
1426512600,2015-03-16 09:30,127.94,128.15,127.27,127.94,6374608
1426599000,2015-03-17 09:30,128.55,129.1099,128.28,129,6313964
1426685400,2015-03-18 09:30,129.91,131.53,128.6101,131.49,13981903
1426771800,2015-03-19 09:30,131.2,131.62,130.27,130.82,9543795
1426858200,2015-03-20 09:30,131.22,131.7,131.14,131.51,5953751
1427117400,2015-03-23 09:30,131.7,131.75,130.99,131.35,5555506
1427203800,2015-03-24 09:30,131.83,132.64,131.48,132.62,6713032
1427290200,2015-03-25 09:30,132.72,132.76,131.46,131.5,5635768
1427376600,2015-03-26 09:30,131.05,131.14,129.181,129.45,9536292
1427463000,2015-03-27 09:30,130.03,131.13,129.98,131.06,7907909
1427722200,2015-03-30 09:30,130.9,131,130.09,130.41,7010587
1427808600,2015-03-31 09:30,130.24,130.96,129.91,130.69,6844288
1427895000,2015-04-01 09:30,131.33,132.48,131.3,132.13,9273941
1427981400,2015-04-02 09:30,131.93,131.97,130.61,130.73,6663396
1428327000,2015-04-06 09:30,131.43,131.48,129.72,130,5923761
1428413400,2015-04-07 09:30,130.23,131.22,129.85,131.09,4764948
1428499800,2015-04-08 09:30,131.02,131.36,130.0225,131.13,5378896
1428586200,2015-04-09 09:30,130.87,130.92,129.1301,129.43,6484206
1428672600,2015-04-10 09:30,130.32,130.45,129.55,129.62,4842983
1428931800,2015-04-13 09:30,129.53,129.98,129.39,129.8,4010619
1429018200,2015-04-14 09:30,131.31,131.86,130.48,130.72,6075465
1429104600,2015-04-15 09:30,131.05,131.27,130.32,130.61,4425222
1429191000,2015-04-16 09:30,130.83,130.86,129.41,129.96,7085505
1429277400,2015-04-17 09:30,129.77,131.7,129.7,131.45,7268774
1429536600,2015-04-20 09:30,130.94,131.01,129.93,130.29,4949441
1429623000,2015-04-21 09:30,130.23,130.45,129.56,129.7,4563763
1429709400,2015-04-22 09:30,129.5,129.55,127.54,127.72,9707563
1429795800,2015-04-23 09:30,127.8,128.85,127.61,128.27,6843409
1429882200,2015-04-24 09:30,128.64,129.43,128.59,129.07,4773030
1430141400,2015-04-27 09:30,129.07,129.5,128.37,129.07,4334926
1430227800,2015-04-28 09:30,128.17,128.74,127.26,127.29,7464325
1430314200,2015-04-29 09:30,125.81,126.44,125.28,125.73,11554821
1430400600,2015-04-30 09:30,125.04,126.17,124.51,125.95,12875959
1430487000,2015-05-01 09:30,124.73,125.04,123.69,124,12378465
1430746200,2015-05-04 09:30,124.3,124.53,122.72,122.83,9144659
1430832600,2015-05-05 09:30,122.86,123.03,121.69,122.66,13935494
1430919000,2015-05-06 09:30,121.99,122.06,120.37,120.56,14355025
1431005400,2015-05-07 09:30,121.43,122.57,121.35,122.18,11933674
1431091800,2015-05-08 09:30,123.38,123.55,122.31,122.51,11716437
1431351000,2015-05-11 09:30,121.62,121.651,119.5,119.53,13738591
1431437400,2015-05-12 09:30,119.14,120.63,118.82,119.84,15861707
1431523800,2015-05-13 09:30,120.65,120.72,118.64,118.88,15759976
1431610200,2015-05-14 09:30,118.92,119.83,118.69,119.2,9128441
1431696600,2015-05-15 09:30,120.38,121.91,120.29,121.59,12630621
1431955800,2015-05-18 09:30,120.32,120.43,119.4732,119.55,10208341
1432042200,2015-05-19 09:30,118.27,119.84,118.13,118.49,8435326
1432128600,2015-05-20 09:30,118.77,119.45,118.18,118.69,7789665
1432215000,2015-05-21 09:30,119.58,120.61,119.45,120.35,11760652
1432301400,2015-05-22 09:30,120.65,120.75,119.8,120.4,5417933
1432647000,2015-05-26 09:30,120.84,122.5501,120.74,122.46,10469658
1432733400,2015-05-27 09:30,122.18,122.86,121.6052,122.74,6490255
1432819800,2015-05-28 09:30,122.5,123.03,122.22,122.44,6237616
1432906200,2015-05-29 09:30,123.23,123.57,122.51,122.71,7911982
1433165400,2015-06-01 09:30,122.11,122.38,120.69,121.13,13108065
1433251800,2015-06-02 09:30,120.17,120.26,119.11,119.44,10076179
1433338200,2015-06-03 09:30,118.39,118.6,117.195,117.52,14810887
1433424600,2015-06-04 09:30,118.26,119.29,118.14,119.05,10859277
1433511000,2015-06-05 09:30,117.84,118.57,117.38,117.6,11200153
1433770200,2015-06-08 09:30,117.96,118.16,117.37,117.47,5333972
1433856600,2015-06-09 09:30,117.06,117.13,116.11,116.54,12393893
1433943000,2015-06-10 09:30,115.92,116.13,115.259,115.52,12183562
1434029400,2015-06-11 09:30,116.56,117.97,116.24,117.95,13849269
1434115800,2015-06-12 09:30,117.59,119.07,117.55,117.95,7863117
1434375000,2015-06-15 09:30,118.89,119.06,117.74,118.14,8194180
1434461400,2015-06-16 09:30,118.61,119.08,117.94,119.07,7046378
1434547800,2015-06-17 09:30,118.5,118.63,117.25,118.15,13626103
1434634200,2015-06-18 09:30,117.37,117.74,116.75,117.57,10123276
1434720600,2015-06-19 09:30,118.51,119.185,118.49,119.08,10439248
1434979800,2015-06-22 09:30,117.84,118.14,116.59,116.65,9768973
1435066200,2015-06-23 09:30,115.73,116.96,115.69,115.95,8945108
1435152600,2015-06-24 09:30,116.51,117.17,116.16,116.95,8600392
1435239000,2015-06-25 09:30,116.59,117.08,116.19,116.54,8287821
1435325400,2015-06-26 09:30,115.67,115.87,114.88,115.23,11672979
1435584600,2015-06-29 09:30,116.96,118.67,116.46,118.28,17132910
1435671000,2015-06-30 09:30,117.4,118.7,117.33,117.46,13469011
1435757400,2015-07-01 09:30,115.82,116.36,115.43,115.62,12451476
1435843800,2015-07-02 09:30,116.32,116.66,115.88,116,6682132
1436189400,2015-07-06 09:30,118.05,118.65,117.06,118.15,10605806
1436275800,2015-07-07 09:30,119.66,120.49,118.95,119.26,16160105
1436362200,2015-07-08 09:30,120.02,120.565,119.5,120.29,9951815
1436448600,2015-07-09 09:30,118.7,119.12,117.8456,117.92,11108879
1436535000,2015-07-10 09:30,116.04,116.72,115.76,116.05,13636624
1436794200,2015-07-13 09:30,115.39,116.46,115.39,115.69,8006723
1436880600,2015-07-14 09:30,116.02,116.27,115.66,116.07,4227782
1436967000,2015-07-15 09:30,116.11,117.55,116.04,117.3,8720406
1437053400,2015-07-16 09:30,116.89,118.16,116.87,118.11,7306517
1437139800,2015-07-17 09:30,118.37,118.89,118.36,118.72,7404940
1437399000,2015-07-20 09:30,118.29,118.645,117.9,118.22,5940984
1437485400,2015-07-21 09:30,117.68,118.93,117.66,118.86,5627455
1437571800,2015-07-22 09:30,119.01,119.9,118.95,119.6,6228919
1437658200,2015-07-23 09:30,119.6,121.1999,119.45,121.09,9087712
1437744600,2015-07-24 09:30,121.5,121.55,120.92,121.39,7307882
1438003800,2015-07-27 09:30,122.19,122.285,121.48,122.04,8171957
1438090200,2015-07-28 09:30,121.16,121.565,120.9,121.15,9128181
1438176600,2015-07-29 09:30,121.02,121.17,120.4159,120.7,6706432
1438263000,2015-07-30 09:30,121.21,121.935,121.15,121.63,6146626
1438349400,2015-07-31 09:30,122.44,122.9,122.06,122.53,9178422
1438608600,2015-08-03 09:30,122.32,123.75,122.32,123.55,11753736
1438695000,2015-08-04 09:30,123.16,123.315,122.46,122.57,6448757
1438781400,2015-08-05 09:30,121.77,121.91,121.19,121.65,7574389
1438867800,2015-08-06 09:30,122,122.87,122,122.73,6118061
1438954200,2015-08-07 09:30,123.3,124.4993,123.24,124.34,8316980
1439213400,2015-08-10 09:30,123.41,123.57,122.52,122.8,7461656
1439299800,2015-08-11 09:30,124.3,125.13,124.16,124.75,11145702
1439386200,2015-08-12 09:30,124.93,125.71,124,124.07,8455249
1439472600,2015-08-13 09:30,123.83,124.42,123.22,123.67,7691434
1439559000,2015-08-14 09:30,123.47,124.37,123.2,123.96,4324742
1439818200,2015-08-17 09:30,124.71,125.1,124.39,124.52,7880324
1439904600,2015-08-18 09:30,123.8,124.29,123.38,123.54,5024294
1439991000,2015-08-19 09:30,123.06,124.93,122.99,124.76,10735974
1440077400,2015-08-20 09:30,125.37,126.1,125.18,126.02,9078313
1440163800,2015-08-21 09:30,126.16,126.74,125.59,126.4,10718318
1440423000,2015-08-24 09:30,128.31,128.92,125.82,126.36,16663414
1440509400,2015-08-25 09:30,124.55,124.79,123.56,124.33,15354785
1440595800,2015-08-26 09:30,123,123.51,121.36,121.93,16429934
1440682200,2015-08-27 09:30,121.82,122.87,121.65,122,9126952
1440768600,2015-08-28 09:30,123.15,123.47,122.23,122.36,9946158
1441027800,2015-08-31 09:30,123.36,123.47,121.34,121.42,8617562
1441114200,2015-09-01 09:30,121.64,122.09,120.98,122.03,15298248
1441200600,2015-09-02 09:30,121.42,121.98,120.86,120.98,9515229
1441287000,2015-09-03 09:30,121.38,121.67,120.71,121.57,7042492
1441373400,2015-09-04 09:30,122.45,122.925,121.82,122.68,7951303
1441719000,2015-09-08 09:30,121.38,121.56,120.76,120.87,7049499
1441805400,2015-09-09 09:30,119.63,121.705,119.56,121.45,7441863
1441891800,2015-09-10 09:30,121.02,121.19,120.45,120.63,6789671
1441978200,2015-09-11 09:30,121.47,122.08,121.33,121.39,5890921
1442237400,2015-09-14 09:30,121.95,122.145,121.28,121.58,4221733
1442323800,2015-09-15 09:30,120.89,121.0499,119.12,119.25,11894974
1442410200,2015-09-16 09:30,118.96,119.44,118.55,118.8,6949781
1442496600,2015-09-17 09:30,118.88,120.37,118.73,120.25,19843582
1442583000,2015-09-18 09:30,121.21,122.2,121.13,122.1,14963338
1442842200,2015-09-21 09:30,121.01,121.11,119.78,120.11,10085551
1442928600,2015-09-22 09:30,121.44,122.39,121.14,121.78,9968204
1443015000,2015-09-23 09:30,121.62,122.07,120.99,121.77,6769859
1443101400,2015-09-24 09:30,123.17,123.68,122.49,122.6,9605760
1443187800,2015-09-25 09:30,121.65,121.93,121.2699,121.54,8383733
1443447000,2015-09-28 09:30,122.2,123.77,122.199,123.62,9833354
1443533400,2015-09-29 09:30,123.54,124.29,123.25,123.97,9006123
1443619800,2015-09-30 09:30,123.41,123.8,123.12,123.54,9832571
1443706200,2015-10-01 09:30,124.08,124.52,123.66,123.81,9069447
1443792600,2015-10-02 09:30,125.59,126.21,124.18,124.56,13000403
1444051800,2015-10-05 09:30,123.72,123.83,122.78,122.87,11362675
1444138200,2015-10-06 09:30,122.55,123.6,122.4101,123.4,5687786
1444224600,2015-10-07 09:30,122.81,123.33,122.51,122.99,6712790
1444311000,2015-10-08 09:30,123.29,123.37,121.66,121.96,12882333
1444397400,2015-10-09 09:30,121.97,122.64,121.9,122.28,9038104
1444656600,2015-10-12 09:30,123.03,123.425,122.911,123.21,4241027
1444743000,2015-10-13 09:30,123.53,123.6,122.8,123.42,6147248
1444829400,2015-10-14 09:30,123.7,124.545,123.3,124.5,9738108
1444915800,2015-10-15 09:30,124.31,124.46,123.78,123.89,6924268
1445002200,2015-10-16 09:30,124.25,124.47,123.8699,123.93,8048318
1445261400,2015-10-19 09:30,123.79,123.97,122.91,123.59,6238361
1445347800,2015-10-20 09:30,122.8,122.97,122.55,122.83,6431302
1445434200,2015-10-21 09:30,123.61,124.22,123.47,124.05,6603844
1445520600,2015-10-22 09:30,124.1,124.78,123.51,124.26,6934112
1445607000,2015-10-23 09:30,123.1,123.455,122.85,123.2,7058213
1445866200,2015-10-26 09:30,123.87,124.2,123.81,124.02,5859785
1445952600,2015-10-27 09:30,124.51,124.9001,124.16,124.33,7156769
1446039000,2015-10-28 09:30,124.27,124.34,123.3,123.83,8468672
1446125400,2015-10-29 09:30,123.18,123.22,121.7,121.86,12107974
1446211800,2015-10-30 09:30,122.24,122.81,122.02,122.78,11861389
1446474600,2015-11-02 09:30,121.78,122.1799,121.68,121.95,8751010
1446561000,2015-11-03 09:30,121.65,121.74,120.79,120.95,8921581
1446647400,2015-11-04 09:30,121.1,121.54,120.7,121.09,5980819
1446733800,2015-11-05 09:30,121.05,121.06,120.3,120.77,7268407
1446820200,2015-11-06 09:30,119.49,119.525,118.735,119,10604737
1447079400,2015-11-09 09:30,118.1,118.9,118,118.33,9159480
1447165800,2015-11-10 09:30,118.5,119.21,118.38,118.68,6712535
1447252200,2015-11-11 09:30,118.35,118.58,118.27,118.43,2857898
1447338600,2015-11-12 09:30,118.75,119.44,118.7,119,6805727
1447425000,2015-11-13 09:30,119.32,119.8978,119.22,119.68,7906585
1447684200,2015-11-16 09:30,119.79,120,119.13,119.57,5485337
1447770600,2015-11-17 09:30,119,120.13,118.66,119.77,5122919
1447857000,2015-11-18 09:30,119.58,120.189,119.36,120.02,5233883
1447943400,2015-11-19 09:30,120.88,121.15,120.675,120.82,6643031
1448029800,2015-11-20 09:30,120.93,121.04,120.28,120.45,5971025
1448289000,2015-11-23 09:30,120.53,121.12,120.32,120.82,5436264
1448375400,2015-11-24 09:30,120.9,121.2,120.58,120.81,3371479
1448461800,2015-11-25 09:30,121.17,121.42,120.945,121.09,3280898
1448634600,2015-11-27 09:30,121.25,121.32,120.96,120.97,2570644
1448893800,2015-11-30 09:30,121.1,121.53,121.06,121.45,5179764
1448980200,2015-12-01 09:30,121.26,122.85,121.26,122.83,12766590
1449066600,2015-12-02 09:30,122.66,123.04,122.19,122.87,7345805
1449153000,2015-12-03 09:30,121.36,121.4,118.99,119.53,16612180
1449239400,2015-12-04 09:30,119.53,120.93,119.47,120.58,11843829
1449498600,2015-12-07 09:30,120.81,122.46,120.8,121.75,9016691
1449585000,2015-12-08 09:30,122.28,122.43,121.45,121.81,7257521
1449671400,2015-12-09 09:30,121.35,122.145,120.51,121.68,8993896
1449757800,2015-12-10 09:30,121.79,122.03,121.49,121.84,5606896
1449844200,2015-12-11 09:30,123.03,124.1,122.87,123.76,12300038
1450103400,2015-12-14 09:30,123.08,123.15,121.75,122.16,10661052
1450189800,2015-12-15 09:30,121.02,121.6,120.83,121.44,8795455
1450276200,2015-12-16 09:30,121.07,122.17,120.5,121.18,10988572
1450362600,2015-12-17 09:30,121.78,122.78,121.64,122.55,9922991
1450449000,2015-12-18 09:30,123.08,123.52,122.82,123.23,10171700
1450708200,2015-12-21 09:30,123.43,123.78,122.92,123.2,7494943
1450794600,2015-12-22 09:30,122.65,122.8,121.991,122.31,5445763
1450881000,2015-12-23 09:30,121.23,121.61,120.87,121.39,7287134
1450967400,2015-12-24 09:30,121.47,121.87,121.4,121.83,3364567
1451313000,2015-12-28 09:30,121.99,122.67,121.85,122.19,7586564
1451399400,2015-12-29 09:30,121.69,121.74,120.01,120.16,7787496
1451485800,2015-12-30 09:30,119.92,120.54,119.67,120.04,5508875
1451572200,2015-12-31 09:30,120.57,120.8607,120.25,120.58,7897690
1451917800,2016-01-04 09:30,121.93,122.45,121.32,121.45,10591941
1452004200,2016-01-05 09:30,120.88,121.5,120.66,120.96,6242567
1452090600,2016-01-06 09:30,122.3,122.62,122.05,122.59,8916942
1452177000,2016-01-07 09:30,122.68,122.93,121.785,122.81,10202158
1452263400,2016-01-08 09:30,122.43,123.465,122.2305,123.36,9577237
1452522600,2016-01-11 09:30,122.04,122.79,121.8601,122.01,10040254
1452609000,2016-01-12 09:30,122.34,124.32,122.15,123.77,12897720
1452695400,2016-01-13 09:30,123.53,125.495,123.27,124.99,15577552
1452781800,2016-01-14 09:30,124.47,124.965,123.34,123.82,12873776
1452868200,2016-01-15 09:30,125.4,125.96,125.08,125.752,13976332
1453213800,2016-01-19 09:30,125.13,126.07,124.95,125.36,8926594
1453300200,2016-01-20 09:30,126.98,127.92,126.42,126.68,17283292
1453386600,2016-01-21 09:30,126.94,127.288,125.67,125.82,11001621
1453473000,2016-01-22 09:30,124.91,125.53,124.52,125.34,10164328
1453732200,2016-01-25 09:30,125.95,126.27,125.65,126.02,5738192
1453818600,2016-01-26 09:30,125.99,126.46,125.75,126.08,5692621
1453905000,2016-01-27 09:30,125.75,126.29,125.19,126.05,7957753
1453991400,2016-01-28 09:30,125.54,126.41,125.46,126.23,10575351
1454077800,2016-01-29 09:30,127.41,127.86,126.915,127.3,13170724
1454337000,2016-02-01 09:30,126.79,127.07,126.29,126.67,9948356
1454423400,2016-02-02 09:30,128.1,129.04,128,129.02,10399965
1454509800,2016-02-03 09:30,128.28,129.94,127.92,127.95,13308995
1454596200,2016-02-04 09:30,128.22,128.59,127.51,128.57,9953521
1454682600,2016-02-05 09:30,127.89,129,127.59,128.72,9200847
1454941800,2016-02-08 09:30,129.72,131.629,129.68,131.49,14452163
1455028200,2016-02-09 09:30,132.04,132.06,130.96,131.63,15232056
1455114600,2016-02-10 09:30,131.7,132.84,131.11,132.79,12797068
1455201000,2016-02-11 09:30,134.44,135.25,133.01,133.72,21620249
1455287400,2016-02-12 09:30,132.64,133.13,130.93,131.5,13888427
1455633000,2016-02-16 09:30,130.72,130.75,129.805,130.11,11766006
1455719400,2016-02-17 09:30,129.64,129.83,128.71,129.31,13157299
1455805800,2016-02-18 09:30,129.41,131,129.36,130.9,10196700
1455892200,2016-02-19 09:30,130.94,131.82,130.73,131.005,8188740
1456151400,2016-02-22 09:30,131.1,131.11,130.7,130.94,5054326
1456237800,2016-02-23 09:30,129.88,131.74,129.78,131.47,8320727
1456324200,2016-02-24 09:30,132.4,133.39,130.95,131.21,9091189
1456410600,2016-02-25 09:30,131.48,132.555,131.32,131.68,6097222
1456497000,2016-02-26 09:30,130.31,130.81,130.04,130.41,9244954
1456756200,2016-02-29 09:30,130.47,131.17,130.42,130.98,8016109
1456842600,2016-03-01 09:30,130.82,130.85,128.32,128.43,13729116
1456929000,2016-03-02 09:30,128.32,128.97,128.21,128.96,7047705
1457015400,2016-03-03 09:30,129.07,129.94,128.77,129.43,6395336
1457101800,2016-03-04 09:30,128.75,129.13,127.76,128.6,8687010
1457361000,2016-03-07 09:30,128.45,128.67,128.05,128.56,5493336
1457447400,2016-03-08 09:30,130.35,130.99,129.95,129.98,7175371
1457533800,2016-03-09 09:30,129.08,129.69,128.81,129.19,7194693
1457620200,2016-03-10 09:30,129.5,129.84,127.92,128.66,10092026
1457706600,2016-03-11 09:30,128.82,128.875,127.21,127.36,8927006
1457962200,2016-03-14 09:30,127.82,128.39,127.66,127.76,5176989
1458048600,2016-03-15 09:30,128.5,128.66,127.61,127.88,6413224
1458135000,2016-03-16 09:30,127.75,128.52,127.37,128.26,9728881
1458221400,2016-03-17 09:30,128.51,129.34,128.49,128.79,7805464
1458307800,2016-03-18 09:30,129.04,129.51,128.7,129.06,8198622
1458567000,2016-03-21 09:30,128.25,128.62,127.745,128.07,5514849
1458653400,2016-03-22 09:30,128.83,129.02,127.921,128.04,4997933
1458739800,2016-03-23 09:30,128.41,129.82,128.285,129.49,10628207
1458826200,2016-03-24 09:30,130.58,130.6425,129,129.54,6343287
1459171800,2016-03-28 09:30,129.38,130.16,129.2801,129.71,5058676
1459258200,2016-03-29 09:30,130.38,131.09,130.02,131.07,9396659
1459344600,2016-03-30 09:30,130.03,130.0701,128.9784,129.69,8478718
1459431000,2016-03-31 09:30,129.98,130.805,129.79,130.61,7832575
1459517400,2016-04-01 09:30,130.98,131.13,129.9,130.68,9341350
1459776600,2016-04-04 09:30,130.79,130.97,130.27,130.76,5145057
1459863000,2016-04-05 09:30,132.01,132.36,131.78,132.19,6482810
1459949400,2016-04-06 09:30,131.53,131.67,130.74,131.23,6393875
1460035800,2016-04-07 09:30,132.19,132.99,132.015,132.85,5963282
1460122200,2016-04-08 09:30,132.17,132.4,131.635,132.01,5585183
1460381400,2016-04-11 09:30,131.32,132.18,131.11,131.84,4805494
1460467800,2016-04-12 09:30,131.08,131.55,130.525,130.93,4276037
1460554200,2016-04-13 09:30,130.69,131.58,130.52,131.39,5207859
1460640600,2016-04-14 09:30,130.91,131.31,130.4901,130.76,6966979
1460727000,2016-04-15 09:30,131.29,132.16,131.25,131.88,5831142
1460986200,2016-04-18 09:30,131.33,131.44,130.66,131.31,4486643
1461072600,2016-04-19 09:30,131.08,131.305,130.29,130.9,5212335
1461159000,2016-04-20 09:30,131.16,131.65,129.27,129.46,10920713
1461245400,2016-04-21 09:30,128.44,129.07,128.29,128.69,11154216
1461331800,2016-04-22 09:30,128.85,128.91,128.24,128.36,5826383
1461591000,2016-04-25 09:30,128.06,128.52,127.83,127.83,5539464
1461677400,2016-04-26 09:30,127.76,127.76,127.12,127.25,7839962
1461763800,2016-04-27 09:30,127.92,128.82,127.62,128.52,8380065
1461850200,2016-04-28 09:30,128.21,129.14,128.04,129.05,7974606
1461936600,2016-04-29 09:30,128.45,129.71,128.195,129.38,7416314
1462195800,2016-05-02 09:30,128.66,128.895,127.8,127.82,11035175
1462282200,2016-05-03 09:30,129.55,130.02,129.35,129.43,10736651
1462368600,2016-05-04 09:30,129.68,130.17,129.19,130.14,7211166
1462455000,2016-05-05 09:30,130.06,131.07,129.7,131.01,7870447
1462541400,2016-05-06 09:30,130.85,130.86,130.295,130.45,7232476
1462800600,2016-05-09 09:30,130.46,130.89,130.32,130.86,4950805
1462887000,2016-05-10 09:30,130.85,131.12,130.65,130.87,4331861
1462973400,2016-05-11 09:30,130.83,132,130.66,131.61,9256048
1463059800,2016-05-12 09:30,130.66,131.17,130.59,131.01,6087364
1463146200,2016-05-13 09:30,131.48,132.32,131.23,132.28,8707286
1463405400,2016-05-16 09:30,131.64,131.66,130.98,131.14,5137039
1463491800,2016-05-17 09:30,131.21,131.83,131.21,131.36,4449130
1463578200,2016-05-18 09:30,130.81,130.85,128.91,129.49,12680973
1463664600,2016-05-19 09:30,129.68,130.33,129.65,130.05,6209379
1463751000,2016-05-20 09:30,129.65,130.4,129.55,130.15,5348879
1464010200,2016-05-23 09:30,130.36,130.73,129.92,130.44,6979730
1464096600,2016-05-24 09:30,129.97,130.19,129.24,129.86,5968275
1464183000,2016-05-25 09:30,129.83,130.245,129.31,129.37,6367396
1464269400,2016-05-26 09:30,129.81,130.45,129.8,130.04,5419303
1464355800,2016-05-27 09:30,130.07,130.26,129.7,129.85,5267595
1464701400,2016-05-31 09:30,129.02,130.44,128.98,130.16,8344257
1464787800,2016-06-01 09:30,130.63,131.27,130.11,130.42,9874878
1464874200,2016-06-02 09:30,130.9,131.69,130.87,131.36,5835531
1464960600,2016-06-03 09:30,132.86,133.23,132.6,133.23,11077213
1465219800,2016-06-06 09:30,132.78,132.89,132.105,132.24,7573732
1465306200,2016-06-07 09:30,132.64,132.98,132.54,132.56,4680203
1465392600,2016-06-08 09:30,132.87,133.43,132.71,133.27,5313151
1465479000,2016-06-09 09:30,134.32,134.54,133.93,134.13,6820290
1465565400,2016-06-10 09:30,134.79,135.33,134.2643,134.78,6984577
1465824600,2016-06-13 09:30,135.09,135.39,134.77,135.38,7688936
1465911000,2016-06-14 09:30,136.19,136.22,135.22,135.28,9012488
1465997400,2016-06-15 09:30,135.52,136.23,135.31,135.8,7953205
1466083800,2016-06-16 09:30,136.74,137.56,136.18,136.46,10372653
1466170200,2016-06-17 09:30,136.2,136.2699,135.26,135.61,8489852
1466429400,2016-06-20 09:30,134.24,134.55,134.01,134.16,7365885
1466515800,2016-06-21 09:30,134.29,134.58,133.46,133.54,6005848
1466602200,2016-06-22 09:30,133.5,133.99,133.2539,133.76,5773676
1466688600,2016-06-23 09:30,132.61,133.32,132.08,132.23,9029115
1466775000,2016-06-24 09:30,136.61,136.61,135.3,135.78,17155023
1467034200,2016-06-27 09:30,138.44,139.59,138.4,139.17,17573865
1467120600,2016-06-28 09:30,139.44,139.895,138.88,139.46,14006412
1467207000,2016-06-29 09:30,139.68,140.13,138.2601,138.39,12999793
1467293400,2016-06-30 09:30,138.81,139.94,138.085,138.9,14698513
1467379800,2016-07-01 09:30,140.81,140.82,139.19,140.57,15430178
1467725400,2016-07-05 09:30,141.85,142.91,141.7,142.33,8840774
1467811800,2016-07-06 09:30,142.79,143,141.96,142.56,14352847
1467898200,2016-07-07 09:30,142.09,143.19,141.78,142.55,9676415
1467984600,2016-07-08 09:30,142.92,143.62,142.36,143.6,10355253
1468243800,2016-07-11 09:30,143.05,143.465,142.24,142.34,8099048
1468330200,2016-07-12 09:30,140.42,140.86,139.64,140,15810639
1468416600,2016-07-13 09:30,141.37,141.77,140.95,141.65,8181672
1468503000,2016-07-14 09:30,139.28,139.84,139.09,139.59,10817019
1468589400,2016-07-15 09:30,138.89,139.11,138.18,138.39,9958624
1468848600,2016-07-18 09:30,139.07,139.26,137.73,138.26,5955878
1468935000,2016-07-19 09:30,138.94,139.31,138.4,139.04,8073906
1469021400,2016-07-20 09:30,138.23,138.51,137.91,138.28,6942471
1469107800,2016-07-21 09:30,137.04,138.62,136.985,138.56,10398437
1469194200,2016-07-22 09:30,137.93,139.24,137.87,138.8,5811415
1469453400,2016-07-25 09:30,138.94,139.26,138.5867,138.7,4243800
1469539800,2016-07-26 09:30,139.52,139.52,138.46,138.92,5243406
1469626200,2016-07-27 09:30,139.55,140.65,139.4,140.65,8508125
1469712600,2016-07-28 09:30,139.8,140.835,139.71,140.39,7336072
1469799000,2016-07-29 09:30,140.45,141.68,140.22,141.56,8766743
1470058200,2016-08-01 09:30,139.78,140.5,139.61,139.77,9809348
1470144600,2016-08-02 09:30,137.83,139.26,137.5,138.33,10051207
1470231000,2016-08-03 09:30,138.6,138.78,137.91,138.41,4930593
1470317400,2016-08-04 09:30,139.46,140.16,139.2711,139.45,5645951
1470403800,2016-08-05 09:30,139.05,139.18,137.825,138,7778635
1470663000,2016-08-08 09:30,137.6,138.54,137.32,138.26,5185234
1470749400,2016-08-09 09:30,138.71,139.72,138.62,139.62,5503166
1470835800,2016-08-10 09:30,139.9,140.51,139.47,140.16,5843487
1470922200,2016-08-11 09:30,140.06,140.08,138.54,138.91,7624622
1471008600,2016-08-12 09:30,140.41,140.86,139.87,140.08,7989640
1471267800,2016-08-15 09:30,139.34,139.63,138.75,138.76,5108563
1471354200,2016-08-16 09:30,138.98,139.15,138.23,138.39,6182739
1471440600,2016-08-17 09:30,138.63,139.44,138.5,139.22,5001992
1471527000,2016-08-18 09:30,139.2,139.765,138.79,139.44,3805233
1471613400,2016-08-19 09:30,138.64,139.05,138.1,138.71,5516269
1471872600,2016-08-22 09:30,139.65,140.14,139.3689,139.88,5549684
1471959000,2016-08-23 09:30,140.27,140.59,139.67,140.03,6841393
1472045400,2016-08-24 09:30,140.1,140.19,139.39,139.7,6027834
1472131800,2016-08-25 09:30,139.26,139.78,138.96,139.17,5855464
1472218200,2016-08-26 09:30,139.73,140.69,138.22,138.36,12962524
1472477400,2016-08-29 09:30,139.38,140.35,139.21,140.21,7310409
1472563800,2016-08-30 09:30,140.17,140.26,139.67,139.67,5161769
1472650200,2016-08-31 09:30,139.66,140.17,139.34,139.87,7349658
1472736600,2016-09-01 09:30,138.62,140.1,138.57,139.77,9149133
1472823000,2016-09-02 09:30,138.96,139.0511,138.17,138.63,8396973
1473168600,2016-09-06 09:30,138.71,140.08,138.51,139.64,8542625
1473255000,2016-09-07 09:30,140.37,140.42,139.54,139.54,5421827
1473341400,2016-09-08 09:30,138.86,139.27,137.26,137.79,14301465
1473427800,2016-09-09 09:30,136.07,136.12,135.41,135.52,13347664
1473687000,2016-09-12 09:30,135.32,135.83,135.16,135.59,9096573
1473773400,2016-09-13 09:30,135.87,136,133.36,134.05,15645423
1473859800,2016-09-14 09:30,134.05,134.91,134.05,134.25,7037670
1473946200,2016-09-15 09:30,133.61,134.05,133.03,133.67,10234190
1474032600,2016-09-16 09:30,134.58,134.81,134.22,134.75,7507901
1474291800,2016-09-19 09:30,134.52,134.87,134.25,134.31,7105887
1474378200,2016-09-20 09:30,135.15,135.58,134.67,134.78,6054765
1474464600,2016-09-21 09:30,134.6,135.89,134.18,135.87,10698125
1474551000,2016-09-22 09:30,136.67,137.29,136.5,136.95,12426243
1474637400,2016-09-23 09:30,137.03,137.34,136.71,136.82,5928833
1474896600,2016-09-26 09:30,137.07,137.8336,137.02,137.69,8661318
1474983000,2016-09-27 09:30,138.59,138.8,137.95,138.7,9450445
1475069400,2016-09-28 09:30,138.5,139.15,138.22,138.4,7958732
1475155800,2016-09-29 09:30,137.56,139.07,137.45,138.75,8319793
1475242200,2016-09-30 09:30,138.55,138.64,136.87,137.51,11747119
1475501400,2016-10-03 09:30,137.68,137.77,136.76,136.81,7588816
1475587800,2016-10-04 09:30,136.62,136.84,135.16,135.21,12048727
1475674200,2016-10-05 09:30,135.02,135.08,134.12,134.58,8917655
1475760600,2016-10-06 09:30,133.97,134.69,133.68,133.83,7839909
1475847000,2016-10-07 09:30,133.93,134.285,133.09,133.92,9953220
1476106200,2016-10-10 09:30,132.85,133.16,132.51,133.13,6089117
1476192600,2016-10-11 09:30,132.86,133.55,132.57,132.83,9670399
1476279000,2016-10-12 09:30,132.67,133.02,132.24,132.96,7582449
1476365400,2016-10-13 09:30,133.64,133.93,133.37,133.46,7080582
1476451800,2016-10-14 09:30,132.27,132.95,131.53,131.59,11415109
1476711000,2016-10-17 09:30,132.1,132.74,132.09,132.43,10595886
1476797400,2016-10-18 09:30,131.86,132.89,131.83,132.86,7151001
1476883800,2016-10-19 09:30,132.37,133.27,132.32,132.97,6941279
1476970200,2016-10-20 09:30,133.64,133.7526,132.9,133.11,6082274
1477056600,2016-10-21 09:30,133.52,133.72,132.87,133.31,9222747
1477315800,2016-10-24 09:30,133.41,133.45,132.29,132.73,6507489
1477402200,2016-10-25 09:30,132.53,133.555,132.49,133.08,5134728
1477488600,2016-10-26 09:30,132.46,132.8,131.99,132.18,5842548
1477575000,2016-10-27 09:30,131.07,131.07,130.0649,130.74,10044665
1477661400,2016-10-28 09:30,130.39,130.93,130.33,130.45,7540950
1477920600,2016-10-31 09:30,130.89,131.29,130.71,131.25,7047470
1478007000,2016-11-01 09:30,130.16,131.6,129.88,131.01,12622367
1478093400,2016-11-02 09:30,131.3,132.11,131.03,131.58,8666228
1478179800,2016-11-03 09:30,130.75,131.05,130.44,130.57,6085408
1478266200,2016-11-04 09:30,131.27,131.79,131.13,131.74,7622582
1478529000,2016-11-07 09:30,130.75,131,130.44,130.62,5386725
1478615400,2016-11-08 09:30,131.02,131.21,129.71,130.09,7576518
1478701800,2016-11-09 09:30,127.22,127.37,124.22,124.57,31233486
1478788200,2016-11-10 09:30,123.97,124.96,122.72,122.73,22961169
1478874600,2016-11-11 09:30,122.96,123.05,121.65,122.04,10040165
1479133800,2016-11-14 09:30,121.28,122.66,120.73,121.31,21174373
1479220200,2016-11-15 09:30,122.22,122.81,121.78,121.91,11963704
1479306600,2016-11-16 09:30,122.3,123.14,122.17,123.01,9149498
1479393000,2016-11-17 09:30,121.95,122.11,120.99,121.2,11221604
1479479400,2016-11-18 09:30,121.63,121.97,120.34,120.85,13577732
1479738600,2016-11-21 09:30,121.21,121.475,120.89,121.15,6488066
1479825000,2016-11-22 09:30,121.66,121.76,120.88,121.11,9989917
1479911400,2016-11-23 09:30,119.99,120.91,119.25,120.64,13563514
1480084200,2016-11-25 09:30,121.19,121.29,120.4,120.82,3126273
1480343400,2016-11-28 09:30,121.41,121.73,121.09,121.71,8554998
1480429800,2016-11-29 09:30,121.44,122.4,121.21,122.22,8363000
1480516200,2016-11-30 09:30,119.97,121.01,119.48,120.24,21163537
1480602600,2016-12-01 09:30,118.51,118.99,117.64,118.73,21715714
1480689000,2016-12-02 09:30,119.17,120.21,119.14,119.6,12487458
1480948200,2016-12-05 09:30,118.93,120.3975,118.45,119.47,12100125
1481034600,2016-12-06 09:30,119.7,119.94,119.12,119.38,11526642
1481121000,2016-12-07 09:30,119.82,120.62,119.82,120.4,10392180
1481207400,2016-12-08 09:30,119.15,119.31,118.78,118.98,12041139
1481293800,2016-12-09 09:30,118.64,118.86,117.28,117.5,14646449
1481553000,2016-12-12 09:30,117.27,117.8,116.88,117.72,9496347
1481639400,2016-12-13 09:30,118.4,118.49,117.44,118.14,12189195
1481725800,2016-12-14 09:30,119.08,119.21,116.8,116.82,16618386
1481812200,2016-12-15 09:30,117.56,118.29,117.03,117.41,12400456
1481898600,2016-12-16 09:30,117.61,117.915,116.8,117.14,14924640
1482157800,2016-12-19 09:30,117.98,118.58,117.74,118.4,10868274
1482244200,2016-12-20 09:30,117.63,117.9,117.38,117.81,7030613
1482330600,2016-12-21 09:30,117.92,118.4,117.7338,118.33,4624709
1482417000,2016-12-22 09:30,117.53,118,117.5,117.81,5177794
1482503400,2016-12-23 09:30,118.24,118.39,117.95,118.05,4461570
1482849000,2016-12-27 09:30,117.42,117.7,117.23,117.67,5276560
1482935400,2016-12-28 09:30,117.86,118.88,117.7,118.53,7578597
1483021800,2016-12-29 09:30,118.8,119.2747,118.66,118.95,8581375
1483108200,2016-12-30 09:30,118.78,119.65,118.72,119.13,10613914
1483453800,2017-01-03 09:30,118.41,119.99,118.18,119.64,13217317
1483540200,2017-01-04 09:30,119.76,120.24,119.45,120.1,6699562
1483626600,2017-01-05 09:30,120.45,122.03,120.17,121.98,13265820
1483713000,2017-01-06 09:30,121.13,121.5414,120.75,120.86,8369334
1483972200,2017-01-09 09:30,121.88,122,121.46,121.83,8839108
1484058600,2017-01-10 09:30,121.55,121.91,121.28,121.75,8417941
1484145000,2017-01-11 09:30,121.94,122.69,121.41,122.16,9402523
1484231400,2017-01-12 09:30,122.8,123.14,121.83,121.89,9977612
1484317800,2017-01-13 09:30,121.33,121.75,120.62,121.31,9820003
1484663400,2017-01-17 09:30,122.81,122.94,121.99,122.58,7853301
1484749800,2017-01-18 09:30,121.77,121.96,120.91,121.01,9064689
1484836200,2017-01-19 09:30,120.49,120.58,119.55,120.18,11795591
1484922600,2017-01-20 09:30,119.84,120.31,119.29,119.94,16953217
1485181800,2017-01-23 09:30,120.34,121.87,120.02,121.14,13118414
1485268200,2017-01-24 09:30,120.77,121.1263,119.8,120.31,8394978
1485354600,2017-01-25 09:30,119.28,119.6,118.56,118.8,11115069
1485441000,2017-01-26 09:30,118.91,119.255,118.325,119.2,7827932
1485527400,2017-01-27 09:30,119.4,119.83,119.25,119.63,7197762
1485786600,2017-01-30 09:30,119.44,119.875,119.2,119.27,6569509
1485873000,2017-01-31 09:30,119.33,120.4,119.25,120.1,13298521
1485959400,2017-02-01 09:30,119.1,119.53,118.58,119.1,10975521
1486045800,2017-02-02 09:30,119.93,120.135,119,119.05,6978567
1486132200,2017-02-03 09:30,119.44,119.87,118.4743,119,10275574
1486391400,2017-02-06 09:30,119.76,120.13,119.12,119.72,8433772
1486477800,2017-02-07 09:30,119.78,121.01,119.47,120.6,8418420
1486564200,2017-02-08 09:30,121.42,122.27,121.41,122.24,15734201
1486650600,2017-02-09 09:30,121.41,121.59,120.66,120.83,16890586
1486737000,2017-02-10 09:30,120.11,120.95,120.11,120.76,7978462
1486996200,2017-02-13 09:30,120.25,120.41,119.88,120.38,11536780
1487082600,2017-02-14 09:30,120.24,120.3,118.83,119.51,13210451
1487169000,2017-02-15 09:30,118.76,119.22,118.65,118.96,8481015
1487255400,2017-02-16 09:30,119.22,120.21,119.12,119.61,10005829
1487341800,2017-02-17 09:30,120.61,120.7,120.13,120.32,7886448
1487687400,2017-02-21 09:30,119.68,120.61,119.6,120.11,8703755
1487773800,2017-02-22 09:30,120.8,120.82,119.59,120.31,8101522
1487860200,2017-02-23 09:30,120.57,120.74,120.33,120.67,5330784
1487946600,2017-02-24 09:30,121.35,122.14,121.26,122.01,11335989
1488205800,2017-02-27 09:30,121.81,121.9,121.225,121.29,11039831
1488292200,2017-02-28 09:30,121.5,122.075,121.32,121.74,8410508
1488378600,2017-03-01 09:30,119.44,119.55,118.95,119.47,10717113
1488465000,2017-03-02 09:30,119.01,119.21,118.615,119.04,8201247
1488551400,2017-03-03 09:30,119.23,119.35,118.5511,119.35,9515219
1488810600,2017-03-06 09:30,119.12,119.12,118.52,118.78,4489229
1488897000,2017-03-07 09:30,118.48,118.68,118.25,118.42,7080088
1488983400,2017-03-08 09:30,117.31,117.95,117.23,117.78,11336336
1489069800,2017-03-09 09:30,117.34,117.48,116.77,116.84,10575439
1489156200,2017-03-10 09:30,117.14,117.32,116.68,117.25,9218505
1489411800,2017-03-13 09:30,116.83,117.09,116.49,116.51,6993071
1489498200,2017-03-14 09:30,116.77,117.35,116.71,117.07,9869230
1489584600,2017-03-15 09:30,117.56,118.83,117.43,118.5,14600488
1489671000,2017-03-16 09:30,117.99,118.15,117.63,117.9,8018165
1489757400,2017-03-17 09:30,118.11,118.75,118.0301,118.64,7266766
1490016600,2017-03-20 09:30,118.55,119.23,118.5,119.15,5497756
1490103000,2017-03-21 09:30,119.05,120.3,119.02,120.14,12540662
1490189400,2017-03-22 09:30,120.72,121.17,120.43,120.62,11661374
1490275800,2017-03-23 09:30,120.83,121.02,120.06,120.45,6746461
1490362200,2017-03-24 09:30,120.53,121.1,120.4,120.88,5819630
1490621400,2017-03-27 09:30,121.83,121.97,121.19,121.43,6878473
1490707800,2017-03-28 09:30,121.79,121.82,120.4947,120.62,6811244
1490794200,2017-03-29 09:30,120.94,121.3792,120.88,121.34,6289498
1490880600,2017-03-30 09:30,121.07,121.09,120.32,120.36,7042448
1490967000,2017-03-31 09:30,120.28,120.81,120.21,120.71,5144760
1491226200,2017-04-03 09:30,120.45,121.87,120.4,121.67,12996495
1491312600,2017-04-04 09:30,121.37,121.59,120.95,121.01,6976660
1491399000,2017-04-05 09:30,120.56,121.52,120.36,121.38,8555235
1491485400,2017-04-06 09:30,121.24,121.41,120.52,121.2,6496995
1491571800,2017-04-07 09:30,121.84,122.25,120.69,120.71,10270017
1491831000,2017-04-10 09:30,121.14,121.62,121.0001,121.27,5314493
1491917400,2017-04-11 09:30,121.8,122.65,121.72,122.42,11297362
1492003800,2017-04-12 09:30,122.51,123.185,122.29,123.09,11532463
1492090200,2017-04-13 09:30,123.45,123.74,122.91,123.47,8396661
1492435800,2017-04-17 09:30,123.46,123.55,122.86,123.09,8015015
1492522200,2017-04-18 09:30,123.86,124.98,123.55,124.7,11529704
1492608600,2017-04-19 09:30,124.1,124.169,123.7,124.02,7343991
1492695000,2017-04-20 09:30,123.73,123.92,123.135,123.54,7932918
1492781400,2017-04-21 09:30,123.82,124.24,123.49,123.54,9798520
1493040600,2017-04-24 09:30,122.55,123.16,122.46,122.93,8066371
1493127000,2017-04-25 09:30,122.21,122.46,121.38,121.45,8099729
1493213400,2017-04-26 09:30,121.52,122.14,121.43,122.12,5766213
1493299800,2017-04-27 09:30,121.75,122.35,121.58,122.08,4978328
1493386200,2017-04-28 09:30,121.6,122.435,121.55,122.35,8166295
1493645400,2017-05-01 09:30,121.69,122.14,120.71,121.08,8795929
1493731800,2017-05-02 09:30,120.97,121.78,120.94,121.7,6727813
1493818200,2017-05-03 09:30,122.22,122.39,121.55,121.78,8932912
1493904600,2017-05-04 09:30,121.01,121.22,120.665,121.18,9707211
1493991000,2017-05-05 09:30,121.38,121.47,120.89,121.29,5605412
1494250200,2017-05-08 09:30,121.11,121.14,120.53,120.63,8057780
1494336600,2017-05-09 09:30,120.38,120.63,120.14,120.62,5536746
1494423000,2017-05-10 09:30,120.91,121.06,120.16,120.48,6517131
1494509400,2017-05-11 09:30,120,120.57,119.91,120.48,7479834
1494595800,2017-05-12 09:30,121.01,121.49,120.98,121.39,7464184
1494855000,2017-05-15 09:30,121.06,121.21,120.75,121.06,5173188
1494941400,2017-05-16 09:30,121.11,121.89,121.105,121.51,6722728
1495027800,2017-05-17 09:30,122.63,123.54,122.385,123.28,11236435
1495114200,2017-05-18 09:30,123.75,123.94,123.19,123.42,8350484
1495200600,2017-05-19 09:30,123.36,123.775,123.01,123.71,11277436
1495459800,2017-05-22 09:30,123.41,123.56,123.26,123.37,4063071
1495546200,2017-05-23 09:30,123.51,123.62,122.48,122.54,7901311
1495632600,2017-05-24 09:30,122.8,123.26,122.54,123.23,7468346
1495719000,2017-05-25 09:30,123.02,123.28,122.76,123.27,6464812
1495805400,2017-05-26 09:30,123.55,123.74,123.25,123.48,2963919
1496151000,2017-05-30 09:30,124.03,124.14,123.74,124.09,4819358
1496237400,2017-05-31 09:30,124.05,124.645,124.03,124.4,8000164
1496323800,2017-06-01 09:30,123.7,124.19,123.66,124.15,9037271
1496410200,2017-06-02 09:30,125.22,125.7675,125.05,125.62,13245037
1496669400,2017-06-05 09:30,124.9,125.16,124.78,124.84,6775466
1496755800,2017-06-06 09:30,125.69,125.87,125.4,125.52,12841474
1496842200,2017-06-07 09:30,125.24,125.52,124.79,124.92,12852353
1496928600,2017-06-08 09:30,124.88,124.88,124.3,124.59,8758621
1497015000,2017-06-09 09:30,124.08,124.64,123.98,124.4,5130548
1497274200,2017-06-12 09:30,124.21,124.99,124.139,124.36,4335780
1497360600,2017-06-13 09:30,124.01,124.52,123.99,124.38,4742571
1497447000,2017-06-14 09:30,125.92,126.71,125.73,126.3,20212287
1497533400,2017-06-15 09:30,126.09,126.33,125.83,126.1,5863708
1497619800,2017-06-16 09:30,126.08,126.44,126.01,126.35,6672543
1497879000,2017-06-19 09:30,126.32,126.475,126.03,126.17,5641338
1497965400,2017-06-20 09:30,126.79,127.4,126.79,127.3,8405680
1498051800,2017-06-21 09:30,127.11,127.645,126.9,127.56,5914825
1498138200,2017-06-22 09:30,127.71,127.87,127.31,127.84,6608055
1498224600,2017-06-23 09:30,127.47,127.9,127.4,127.78,4329910
1498483800,2017-06-26 09:30,128.27,128.57,128.16,128.26,5541628
1498570200,2017-06-27 09:30,127.43,127.49,126.62,126.89,8354227
1498656600,2017-06-28 09:30,126.67,126.71,125.98,126.47,7357931
1498743000,2017-06-29 09:30,125.01,125.72,124.9,125.41,9116011
1498829400,2017-06-30 09:30,125.19,125.39,124.85,125.12,10189811
1499088600,2017-07-03 09:30,125,125.04,124.02,124.46,11021117
1499261400,2017-07-05 09:30,124.2,124.65,124.115,124.49,11394539
1499347800,2017-07-06 09:30,123.52,123.64,122.93,123.46,10853050
1499434200,2017-07-07 09:30,122.84,123.03,122.585,122.72,9401813
1499693400,2017-07-10 09:30,122.87,123.1,122.68,122.9,3859189
1499779800,2017-07-11 09:30,122.86,123.33,122.71,123.11,4425579
1499866200,2017-07-12 09:30,123.89,124.04,123.49,123.96,7839923
1499952600,2017-07-13 09:30,123.6,123.65,122.81,123.18,7449253
1500039000,2017-07-14 09:30,124.1,124.16,123.12,123.33,6566826
1500298200,2017-07-17 09:30,123.33,123.99,123.27,123.67,4737647
1500384600,2017-07-18 09:30,124.43,124.77,124.23,124.75,9163037
1500471000,2017-07-19 09:30,124.78,125.01,124.59,124.8,5140862
1500557400,2017-07-20 09:30,125.49,125.73,124.9743,125.16,12239091
1500643800,2017-07-21 09:30,125.73,126.03,125.57,125.69,6201481
1500903000,2017-07-24 09:30,125.45,125.66,125.16,125.2,5378534
1500989400,2017-07-25 09:30,124.14,124.19,123.47,123.57,9743266
1501075800,2017-07-26 09:30,123.27,124.09,123.08,123.77,8459547
1501162200,2017-07-27 09:30,123.11,123.38,122.82,123.16,6390798
1501248600,2017-07-28 09:30,123.27,123.99,123.26,123.89,5491761
1501507800,2017-07-31 09:30,123.46,124.05,123.4,124.04,5464596
1501594200,2017-08-01 09:30,123.18,124.71,123.16,124.64,9676842
1501680600,2017-08-02 09:30,124.77,125.17,124.68,124.71,5745622
1501767000,2017-08-03 09:30,125.29,126.02,125.26,126,10324510
1501853400,2017-08-04 09:30,125.15,125.18,124.44,124.93,8485492
1502112600,2017-08-07 09:30,124.84,125.1,124.607,125.07,4684576
1502199000,2017-08-08 09:30,124.87,124.98,124.15,124.62,6197386
1502285400,2017-08-09 09:30,125.925,125.95,125.2,125.3,9221830
1502371800,2017-08-10 09:30,125.62,126.44,125.52,126.37,10378215
1502458200,2017-08-11 09:30,125.77,126.46,125.55,126.43,5717807
1502717400,2017-08-14 09:30,125.99,126.275,125.73,125.78,5111040
1502803800,2017-08-15 09:30,124.73,125.535,124.71,125.25,7473231
1502890200,2017-08-16 09:30,124.83,126.02,124.805,125.71,5283779
1502976600,2017-08-17 09:30,125.7,126.675,125.51,126.65,9364681
1503063000,2017-08-18 09:30,126.98,127.15,126.26,126.62,8382502
1503322200,2017-08-21 09:30,126.77,127.02,126.5,126.93,7669826
1503408600,2017-08-22 09:30,126.79,126.805,126.27,126.44,6140708
1503495000,2017-08-23 09:30,127.04,127.31,126.76,127.3,7446363
1503581400,2017-08-24 09:30,126.88,127.31,126.72,126.83,5569401
1503667800,2017-08-25 09:30,127.02,127.45,126.87,127.32,7303300
1503927000,2017-08-28 09:30,126.92,127.39,126.73,127.24,4448548
1504013400,2017-08-29 09:30,128.46,128.5225,127.31,127.65,7659555
1504099800,2017-08-30 09:30,127.46,127.74,127.34,127.61,4735194
1504186200,2017-08-31 09:30,127.64,128.03,127.57,127.99,7978406
1504272600,2017-09-01 09:30,127.31,127.34,126.43,126.75,14128576
1504618200,2017-09-05 09:30,127.69,128.8,127.69,128.76,15220687
1504704600,2017-09-06 09:30,128.72,129,127.74,127.97,9066915
1504791000,2017-09-07 09:30,128.33,129.565,128.33,129.28,13618862
1504877400,2017-09-08 09:30,129.11,129.16,128.57,129,9808531
1505136600,2017-09-11 09:30,127.87,128.05,127.26,127.46,17856690
1505223000,2017-09-12 09:30,127.045,127.089,126.53,126.79,7557437
1505309400,2017-09-13 09:30,126.91,126.92,126.28,126.29,6740040
1505395800,2017-09-14 09:30,126.37,126.83,126.33,126.81,6674530
1505482200,2017-09-15 09:30,127,127.01,126.54,126.86,9769178
1505741400,2017-09-18 09:30,126.5,126.57,125.84,126.13,6862991
1505827800,2017-09-19 09:30,126.28,126.31,125.73,125.82,5554948
1505914200,2017-09-20 09:30,125.97,126.05,125.33,125.91,8036991
1506000600,2017-09-21 09:30,126.16,126.555,125.82,125.84,6147895
1506087000,2017-09-22 09:30,126.5,126.73,126.06,126.2,5660664
1506346200,2017-09-25 09:30,126.32,127.27,126.2,126.99,9679004
1506432600,2017-09-26 09:30,126.77,126.885,126.43,126.76,7251877
1506519000,2017-09-27 09:30,124.87,125.3,124.61,124.85,12145700
1506605400,2017-09-28 09:30,124.21,124.65,123.97,124.48,8883733
1506691800,2017-09-29 09:30,124.76,125.03,124.27,124.76,11285465
1506951000,2017-10-02 09:30,124.81,125,124.24,124.28,7860723
1507037400,2017-10-03 09:30,123.92,124.51,123.915,124.4,6219818
1507123800,2017-10-04 09:30,124.53,124.59,123.88,124.41,7446965
1507210200,2017-10-05 09:30,124.27,124.3,123.69,123.94,8180271
1507296600,2017-10-06 09:30,123.29,124.1,123.03,123.59,10375026
1507555800,2017-10-09 09:30,123.78,124.06,123.64,123.98,3590926
1507642200,2017-10-10 09:30,124.14,124.87,124.02,124.18,6666768
1507728600,2017-10-11 09:30,124.57,124.66,124.26,124.42,4385859
1507815000,2017-10-12 09:30,124.55,124.98,124.24,124.95,7141586
1507901400,2017-10-13 09:30,125.58,125.94,125.165,125.85,7747000
1508160600,2017-10-16 09:30,125.53,125.9,125.38,125.76,5737322
1508247000,2017-10-17 09:30,125.39,126.09,125.39,125.92,4969626
1508333400,2017-10-18 09:30,125.05,125.18,124.68,125.09,5943823
1508419800,2017-10-19 09:30,125.74,126.01,125.27,125.31,8966467
1508506200,2017-10-20 09:30,124,124.28,123.64,123.98,12326907
1508765400,2017-10-23 09:30,124.16,124.49,124.02,124.2,6871125
1508851800,2017-10-24 09:30,123.37,123.69,123.15,123.43,6842843
1508938200,2017-10-25 09:30,122.53,122.98,122.42,122.84,9961406
1509024600,2017-10-26 09:30,123.06,123.06,122.43,122.43,8179440
1509111000,2017-10-27 09:30,122.94,123.325,122.75,123.24,10480857
1509370200,2017-10-30 09:30,123.86,124.46,123.56,124.42,9051612
1509456600,2017-10-31 09:30,124.53,124.6589,124.4,124.46,4424322
1509543000,2017-11-01 09:30,124.35,125.14,124.3,124.75,8940443
1509629400,2017-11-02 09:30,125,125.52,124.92,125.3,7222693
1509715800,2017-11-03 09:30,125.47,125.7,125.14,125.64,10984056
1509978600,2017-11-06 09:30,125.93,126.22,125.7192,126.11,6246719
1510065000,2017-11-07 09:30,126.23,126.78,126.13,126.64,6422666
1510151400,2017-11-08 09:30,126.59,126.8,126.21,126.36,3356399
1510237800,2017-11-09 09:30,125.87,126.24,125.55,126,6280364
1510324200,2017-11-10 09:30,124.71,124.84,123.96,124.1,11980950
1510583400,2017-11-13 09:30,124.8,124.81,124.31,124.36,5880784
1510669800,2017-11-14 09:30,124.77,125.24,124.77,125.2,6195891
1510756200,2017-11-15 09:30,126.06,126.665,125.64,126.56,9568163
1510842600,2017-11-16 09:30,126.01,126.33,125.445,125.46,5894944
1510929000,2017-11-17 09:30,126.07,126.44,125.96,126.39,6938792
1511188200,2017-11-20 09:30,125.91,126.38,125.91,126.34,4232349
1511274600,2017-11-21 09:30,127.09,127.29,126.31,126.74,5818422
1511361000,2017-11-22 09:30,126.62,127.2048,126.51,127.15,4140708
1511533800,2017-11-24 09:30,126.93,127.03,126.69,126.8,3141288
1511793000,2017-11-27 09:30,126.86,127.05,126.42,126.62,6079853
1511879400,2017-11-28 09:30,126.77,127.18,126.47,126.79,5983021
1511965800,2017-11-29 09:30,125.56,125.68,125.1031,125.54,14547146
1512052200,2017-11-30 09:30,125.31,125.52,124.4399,125.12,9630008
1512138600,2017-12-01 09:30,125.87,127.69,125.1,126.55,24583127
1512397800,2017-12-04 09:30,125.92,126.67,125.81,126.61,9609316
1512484200,2017-12-05 09:30,126.47,127.5,126.45,127.24,10958930
1512570600,2017-12-06 09:30,127.87,128.23,127.655,127.68,11834449
1512657000,2017-12-07 09:30,127.93,128.1,126.3,126.68,13056807
1512743400,2017-12-08 09:30,126.59,126.74,126.235,126.69,4786306
1513002600,2017-12-11 09:30,126.86,127.085,126.41,126.43,3863802
1513089000,2017-12-12 09:30,126.17,126.41,125.67,126.38,7502439
1513175400,2017-12-13 09:30,126.81,127.39,126.59,127.33,8532859
1513261800,2017-12-14 09:30,127.05,127.98,126.7866,127.87,6884986
1513348200,2017-12-15 09:30,127.81,128.585,127.56,128.35,7239398
1513607400,2017-12-18 09:30,127.97,128,126.91,127.18,7239706
1513693800,2017-12-19 09:30,126.32,126.38,125.07,125.53,11045782
1513780200,2017-12-20 09:30,124.31,124.71,123.95,124.14,10005783
1513866600,2017-12-21 09:30,124.03,124.86,124,124.6,7026878
1513953000,2017-12-22 09:30,124.7,124.84,124.53,124.77,3974571
1514298600,2017-12-26 09:30,124.98,125.53,124.97,125.14,3168442
1514385000,2017-12-27 09:30,125.71,126.9805,125.7,126.77,9059659
1514471400,2017-12-28 09:30,126.53,126.83,126.37,126.66,5297264
1514557800,2017-12-29 09:30,126.5,127.12,126.475,126.86,7580515
1514903400,2018-01-02 09:30,126.49,126.51,125.07,125.49,16238206
1514989800,2018-01-03 09:30,126,126.2,125.49,126.09,8605121
1515076200,2018-01-04 09:30,125.65,126.16,125.37,126.07,9217876
1515162600,2018-01-05 09:30,125.87,126.18,125.36,125.71,10915437
1515421800,2018-01-08 09:30,125.99,126.03,125.17,125.63,8850576
1515508200,2018-01-09 09:30,124.81,124.83,123.81,123.95,16226402
1515594600,2018-01-10 09:30,122.81,123.93,122.66,123.8,14302604
1515681000,2018-01-11 09:30,123.51,124.59,123.31,124.31,12511001
1515767400,2018-01-12 09:30,124.1,124.79,123.91,124.52,9987129
1516113000,2018-01-16 09:30,125.17,125.28,124.56,125.04,9125890
1516199400,2018-01-17 09:30,125.08,125.64,124.595,124.87,8326973
1516285800,2018-01-18 09:30,123.93,124.27,123.535,123.71,10843892
1516372200,2018-01-19 09:30,123.4,123.56,122.98,123.06,11374309
1516631400,2018-01-22 09:30,123.45,123.71,122.99,123.18,8985125
1516717800,2018-01-23 09:30,123.81,124.2,123.24,123.71,12325687
1516804200,2018-01-24 09:30,122.85,123.13,122.535,123.04,9038909
1516890600,2018-01-25 09:30,123.16,124.15,122.8,124.05,12173297
1516977000,2018-01-26 09:30,123.88,123.91,123.1,123.59,6462945
1517236200,2018-01-29 09:30,122.97,122.97,122.3,122.73,12223038
1517322600,2018-01-30 09:30,122.28,122.37,121.7,122.01,12064454
1517409000,2018-01-31 09:30,122.87,122.93,121.94,122.73,18045079
1517495400,2018-02-01 09:30,122.48,122.53,120.625,120.7,18632780
1517581800,2018-02-02 09:30,120.15,120.26,119.24,119.58,23944423
1517841000,2018-02-05 09:30,119.17,121.82,118.64,120.71,28606241
1517927400,2018-02-06 09:30,120.42,120.87,119.72,119.96,10935439
1518013800,2018-02-07 09:30,120.13,120.33,118.56,118.82,16271063
1518100200,2018-02-08 09:30,118.01,119.18,117.85,118.69,15155094
1518186600,2018-02-09 09:30,118.11,119.09,117.7901,117.94,15661576
1518445800,2018-02-12 09:30,118.56,119.3,118.19,118.46,10944598
1518532200,2018-02-13 09:30,118.61,119.0101,118.39,118.99,8157569
1518618600,2018-02-14 09:30,118.46,118.54,117.47,117.67,12043313
1518705000,2018-02-15 09:30,118.19,118.7964,117.99,118.07,8222416
1518791400,2018-02-16 09:30,119.04,119.21,118.34,118.71,8454089
1519137000,2018-02-20 09:30,118.28,118.51,117.78,118.19,8268822
1519223400,2018-02-21 09:30,118.24,118.29,116.51,116.74,12054315
1519309800,2018-02-22 09:30,117.24,117.66,117,117.09,9317852
1519396200,2018-02-23 09:30,117.88,118.31,117.72,118.13,9072850
1519655400,2018-02-26 09:30,118.68,118.91,118.04,118.17,8771646
1519741800,2018-02-27 09:30,118.52,118.66,117.26,118,12525659
1519828200,2018-02-28 09:30,118.47,118.8301,118.25,118.75,9311606
1519914600,2018-03-01 09:30,118.43,119.62,118.15,119.32,12287700
1520001000,2018-03-02 09:30,118.85,118.93,118.121,118.35,10064302
1520260200,2018-03-05 09:30,118.75,118.8,117.63,118.03,5658174
1520346600,2018-03-06 09:30,118.36,118.68,118.12,118.14,5452045
1520433000,2018-03-07 09:30,118.57,118.68,117.955,118.01,4461757
1520519400,2018-03-08 09:30,118.31,118.99,118.26,118.69,7086716
1520605800,2018-03-09 09:30,117.99,118.269,117.59,117.91,6570366
1520861400,2018-03-12 09:30,118.31,118.66,118.19,118.59,5801739
1520947800,2018-03-13 09:30,118.98,119.3678,118.5,119.19,7455302
1521034200,2018-03-14 09:30,119.4,120.4,119.37,120.24,10175049
1521120600,2018-03-15 09:30,120.17,120.49,119.93,120.24,6757935
1521207000,2018-03-16 09:30,119.8,120.01,119.55,119.81,6084329
1521466200,2018-03-19 09:30,119.21,119.97,119.2,119.43,8491173
1521552600,2018-03-20 09:30,118.91,119.22,118.83,118.95,5445971
1521639000,2018-03-21 09:30,118.66,119.42,118.11,119.08,9742409
1521725400,2018-03-22 09:30,120.31,120.82,119.67,120.26,12136574
1521811800,2018-03-23 09:30,119.68,120.31,119.62,120.17,7250408
1522071000,2018-03-26 09:30,120,120.45,119.67,119.71,8237947
1522157400,2018-03-27 09:30,119.83,121.12,119.81,120.99,9168508
1522243800,2018-03-28 09:30,121.45,121.64,120.945,121.31,7412538
1522330200,2018-03-29 09:30,121.54,122.29,121.51,121.9,9694323
1522675800,2018-04-02 09:30,121.35,122.3573,121.16,121.88,12036489
1522762200,2018-04-03 09:30,121.36,121.475,120.83,120.94,9855032
1522848600,2018-04-04 09:30,121.35,121.46,120.6,120.69,6654312
1522935000,2018-04-05 09:30,120.1,120.27,119.77,119.79,7603733
1523021400,2018-04-06 09:30,120.66,121.15,120.2199,121.1,8831225
1523280600,2018-04-09 09:30,120.64,121.3,120.35,121.3,6307525
1523367000,2018-04-10 09:30,121.2,121.38,120.78,121.08,6048601
1523453400,2018-04-11 09:30,121.85,121.89,121.27,121.51,5901296
1523539800,2018-04-12 09:30,121.04,121.07,120.41,120.62,6622829
1523626200,2018-04-13 09:30,120.52,121.13,120.5,120.9,4963954
1523885400,2018-04-16 09:30,120.23,120.97,120.18,120.94,4491254
1523971800,2018-04-17 09:30,120.92,121.58,120.82,121.27,5590360
1524058200,2018-04-18 09:30,121.29,121.34,120.28,120.3,8138401
1524144600,2018-04-19 09:30,119.42,119.53,118.81,119.32,9875870
1524231000,2018-04-20 09:30,118.89,119.13,118.4314,118.46,7579370
1524490200,2018-04-23 09:30,118.33,118.62,118.08,118.49,7073216
1524576600,2018-04-24 09:30,118.21,118.45,117.7608,117.95,8190786
1524663000,2018-04-25 09:30,117.41,117.65,116.94,117.16,6603780
1524749400,2018-04-26 09:30,117.73,118.13,117.59,117.98,6528572
1524835800,2018-04-27 09:30,118.47,118.95,118.44,118.89,5402102
1525095000,2018-04-30 09:30,119.08,119.56,118.94,119.1,8321071
1525181400,2018-05-01 09:30,118.77,118.84,118.23,118.41,7979321
1525267800,2018-05-02 09:30,118.64,118.8692,118.2599,118.28,4644051
1525354200,2018-05-03 09:30,118.84,119.31,118.68,118.81,6345335
1525440600,2018-05-04 09:30,119.23,119.23,118.49,118.99,4283487
1525699800,2018-05-07 09:30,118.97,119.0152,118.735,118.8,3647906
1525786200,2018-05-08 09:30,118.55,119,118.3,118.69,6091243
1525872600,2018-05-09 09:30,118.12,118.42,117.98,117.98,7832538
1525959000,2018-05-10 09:30,118.55,118.98,118.35,118.93,7101525
1526045400,2018-05-11 09:30,119.32,119.36,118.82,119.23,4273364
1526304600,2018-05-14 09:30,118.8,118.99,118.59,118.6,4996183
1526391000,2018-05-15 09:30,117.56,117.58,116.7,117.25,12901003
1526477400,2018-05-16 09:30,117.42,117.53,116.79,116.8,6518040
1526563800,2018-05-17 09:30,116.63,116.82,116.09,116.21,7330707
1526650200,2018-05-18 09:30,116.51,117.29,116.51,117.21,9606468
1526909400,2018-05-21 09:30,117.13,117.38,116.95,117.27,4448525
1526995800,2018-05-22 09:30,117.29,117.345,116.851,117.09,4700736
1527082200,2018-05-23 09:30,117.75,118.11,117.6552,117.94,9633993
1527168600,2018-05-24 09:30,118.69,119.055,118.6408,118.88,8204131
1527255000,2018-05-25 09:30,119.56,119.84,119.465,119.62,8482823
1527600600,2018-05-29 09:30,120.79,122.52,120.4261,122.24,21668143
1527687000,2018-05-30 09:30,121,121.4799,120.74,121.42,11616340
1527773400,2018-05-31 09:30,121.56,121.98,120.95,121.22,10769941
1527859800,2018-06-01 09:30,120.17,120.705,119.85,120.3,8718753
1528119000,2018-06-04 09:30,120.11,120.14,119.37,119.43,7156542
1528205400,2018-06-05 09:30,119.96,120.16,119.62,119.71,5635865
1528291800,2018-06-06 09:30,119.08,119.1,118.42,118.74,7813347
1528378200,2018-06-07 09:30,118.69,120.49,118.68,119.89,13238306
1528464600,2018-06-08 09:30,119.56,119.85,119.44,119.53,6790574
1528723800,2018-06-11 09:30,119.07,119.391,118.94,119.31,6844224
1528810200,2018-06-12 09:30,118.93,119.46,118.89,119.34,6048154
1528896600,2018-06-13 09:30,119.45,119.64,118.63,119.28,8834656
1528983000,2018-06-14 09:30,119.78,120.3,119.48,120.27,10078771
1529069400,2018-06-15 09:30,120.83,121.09,120.3,120.38,7992758
1529328600,2018-06-18 09:30,120.48,120.56,120.04,120.27,4893710
1529415000,2018-06-19 09:30,120.97,121.23,120.7,120.97,6133301
1529501400,2018-06-20 09:30,120.77,120.788,119.9,119.91,6879114
1529587800,2018-06-21 09:30,120.36,120.75,120.22,120.54,7235850
1529674200,2018-06-22 09:30,120.09,120.62,120.06,120.53,4082473
1529933400,2018-06-25 09:30,120.66,121.11,120.64,120.8,8363674
1530019800,2018-06-26 09:30,120.77,121.0299,120.66,120.97,5450031
1530106200,2018-06-27 09:30,121.75,122.18,121.55,122.11,8173837
1530192600,2018-06-28 09:30,122.13,122.2452,121.83,122.14,7109543
1530279000,2018-06-29 09:30,122.17,122.5,121.65,121.72,11164777
1530538200,2018-07-02 09:30,121.74,121.75,121.2901,121.35,9661972
1530624600,2018-07-03 09:30,121.53,122.03,121.53,122,3808806
1530797400,2018-07-05 09:30,122.06,122.53,122.01,122.35,3860359
1530883800,2018-07-06 09:30,122.75,122.92,122.48,122.75,4679906
1531143000,2018-07-09 09:30,122.07,122.21,121.9,121.96,5952743
1531229400,2018-07-10 09:30,121.87,122.13,121.81,121.95,5759682
1531315800,2018-07-11 09:30,122.45,122.55,122.09,122.42,6869150
1531402200,2018-07-12 09:30,122.17,122.47,122.14,122.41,4824734
1531488600,2018-07-13 09:30,122.61,122.87,122.47,122.72,4078970
1531747800,2018-07-16 09:30,122.21,122.285,121.639,122.21,5517099
1531834200,2018-07-17 09:30,122.29,122.39,121.9,121.98,3764341
1531920600,2018-07-18 09:30,122.02,122.04,121.39,121.49,6329961
1532007000,2018-07-19 09:30,121.8,122.45,121.77,122.26,6166739
1532093400,2018-07-20 09:30,121.58,121.59,120.7,120.76,10469693
1532352600,2018-07-23 09:30,120.38,120.38,119.18,119.27,11571846
1532439000,2018-07-24 09:30,119.28,119.815,119.14,119.68,9053492
1532525400,2018-07-25 09:30,120.02,120.26,119.26,119.49,7357068
1532611800,2018-07-26 09:30,119.71,119.88,119.16,119.26,6821057
1532698200,2018-07-27 09:30,119.85,119.87,119.4,119.46,4542059
1532957400,2018-07-30 09:30,118.99,119.405,118.97,119.05,7111165
1533043800,2018-07-31 09:30,119.79,119.86,119.555,119.7,6797432
1533130200,2018-08-01 09:30,118.285,118.835,118.07,118.46,13312687
1533216600,2018-08-02 09:30,118.62,118.74,118.3,118.63,4451078
1533303000,2018-08-03 09:30,118.83,119.29,118.81,119.22,6162443
1533562200,2018-08-06 09:30,119.54,119.84,119.27,119.29,4200296
1533648600,2018-08-07 09:30,119.03,119.1,118.57,118.67,5346872
1533735000,2018-08-08 09:30,118.66,119.025,118.61,118.79,5641629
1533821400,2018-08-09 09:30,119.23,119.83,119.12,119.79,7144257
1533907800,2018-08-10 09:30,120.37,121.05,120.28,120.66,8457940
1534167000,2018-08-13 09:30,120.25,120.7,120.21,120.41,7923199
1534253400,2018-08-14 09:30,120.54,120.56,120.03,120.14,4251313
1534339800,2018-08-15 09:30,120.66,121.13,120.57,120.84,7649988
1534426200,2018-08-16 09:30,120.81,120.93,120.28,120.83,5400385
1534512600,2018-08-17 09:30,121.09,121.3858,120.75,120.98,3537626
1534771800,2018-08-20 09:30,121.64,121.91,121.535,121.79,5604121
1534858200,2018-08-21 09:30,121.37,121.53,121.065,121.38,4695004
1534944600,2018-08-22 09:30,122,122.0535,121.58,121.86,5309599
1535031000,2018-08-23 09:30,122,122.13,121.78,122.05,5329024
1535117400,2018-08-24 09:30,121.62,122.33,121.49,122.29,6092150
1535376600,2018-08-27 09:30,121.78,121.87,121.52,121.59,6407403
1535463000,2018-08-28 09:30,121,121.09,120.6812,120.86,4929337
1535549400,2018-08-29 09:30,120.94,121.145,120.615,121.02,5613329
1535635800,2018-08-30 09:30,121.31,121.46,121.08,121.28,5302865
1535722200,2018-08-31 09:30,121.89,121.92,120.89,120.995,9677540
1536067800,2018-09-04 09:30,119.96,120.095,119.75,120.03,18343553
1536154200,2018-09-05 09:30,119.76,119.9,119.5464,119.71,9422630
1536240600,2018-09-06 09:30,119.76,120.4,119.6947,120.15,9566047
1536327000,2018-09-07 09:30,119.33,119.4,118.99,119.13,11212607
1536586200,2018-09-10 09:30,119.17,119.6,119.17,119.57,6386352
1536672600,2018-09-11 09:30,119.08,119.17,118.6,118.66,5440021
1536759000,2018-09-12 09:30,119.05,119.17,118.9,118.94,3347210
1536845400,2018-09-13 09:30,119.34,119.57,118.98,119.12,4833033
1536931800,2018-09-14 09:30,118.41,118.91,118.2999,118.55,5579455
1537191000,2018-09-17 09:30,118.18,118.82,118.12,118.55,5432961
1537277400,2018-09-18 09:30,118.06,118.065,117.16,117.31,10182303
1537363800,2018-09-19 09:30,117.105,117.11,116.19,116.61,13379645
1537450200,2018-09-20 09:30,116.58,117.3,116.47,117.15,8657325
1537536600,2018-09-21 09:30,116.87,117.275,116.84,117.1,6173846
1537795800,2018-09-24 09:30,116.74,117.27,116.72,116.8,5505769
1537882200,2018-09-25 09:30,116.48,116.74,116.4,116.68,6650853
1537968600,2018-09-26 09:30,116.93,117.58,116.66,117.5,9512864
1538055000,2018-09-27 09:30,117.24,117.65,117.1,117.58,5758577
1538141400,2018-09-28 09:30,117.85,117.91,117.22,117.27,12807703
1538400600,2018-10-01 09:30,116.66,116.83,116.12,116.15,22442374
1538487000,2018-10-02 09:30,116.67,117.13,116.6,116.86,8266949
1538573400,2018-10-03 09:30,116.27,116.36,114.24,114.83,20829180
1538659800,2018-10-04 09:30,114.13,114.39,113.71,114.02,16207617
1538746200,2018-10-05 09:30,113.39,113.72,112.62,113.04,18096505
1539005400,2018-10-08 09:30,112.99,113.11,112.64,112.66,5855890
1539091800,2018-10-09 09:30,113.14,113.85,113.07,113.8,11530860
1539178200,2018-10-10 09:30,113.14,113.575,112.785,113.49,15290066
1539264600,2018-10-11 09:30,114,115.15,113.79,114.87,16087021
1539351000,2018-10-12 09:30,114.39,115.01,114.28,114.47,6794138
1539610200,2018-10-15 09:30,114.66,114.8168,114.29,114.42,7146281
1539696600,2018-10-16 09:30,114.39,114.72,114.16,114.68,4762322
1539783000,2018-10-17 09:30,114.66,114.785,113.98,114,5880696
1539869400,2018-10-18 09:30,113.62,114.39,113.55,113.96,5728828
1539955800,2018-10-19 09:30,113.85,113.95,113.4103,113.71,10892437
1540215000,2018-10-22 09:30,113.95,114.08,113.53,113.56,3244179
1540301400,2018-10-23 09:30,114.76,115.02,113.84,113.92,10330735
1540387800,2018-10-24 09:30,114.36,114.82,114.24,114.78,16008012
1540474200,2018-10-25 09:30,114.54,114.74,114.23,114.3,12613470
1540560600,2018-10-26 09:30,114.93,115.32,114.79,114.99,18582470
1540819800,2018-10-29 09:30,114.84,115.02,114.26,114.73,7679887
1540906200,2018-10-30 09:30,114.26,114.54,114.02,114.16,9939616
1540992600,2018-10-31 09:30,113.74,113.96,113.21,113.58,8706583
1541079000,2018-11-01 09:30,112.85,113.56,112.8399,113.41,6100276
1541165400,2018-11-02 09:30,113.17,113.26,111.9,112,11315059
1541428200,2018-11-05 09:30,112.48,112.71,112.35,112.44,4760223
1541514600,2018-11-06 09:30,112.6,112.73,112.3333,112.37,3159875
1541601000,2018-11-07 09:30,113.19,113.4,112.409,112.52,9313311
1541687400,2018-11-08 09:30,112.96,112.97,112.41,112.51,6905193
1541773800,2018-11-09 09:30,112.75,113.4967,112.72,113.35,6465323
1542033000,2018-11-12 09:30,113.95,114.31,113.91,114.09,6840265
1542119400,2018-11-13 09:30,113.71,114.02,113.4845,114.02,6525830
1542205800,2018-11-14 09:30,113.48,114.52,113.3,114.09,8690822
1542292200,2018-11-15 09:30,114.44,114.54,113.68,114.04,7879799
1542378600,2018-11-16 09:30,114.2,114.81,113.92,114.7,9236764
1542637800,2018-11-19 09:30,114.41,115.02,114.41,115.02,7027204
1542724200,2018-11-20 09:30,115.24,115.46,114.93,115.06,6332804
1542810600,2018-11-21 09:30,114.89,115.09,114.54,115.02,4951058
1542983400,2018-11-23 09:30,115.67,115.76,115.09,115.14,3027861
1543242600,2018-11-26 09:30,114.86,115.06,114.78,114.88,6599041
1543329000,2018-11-27 09:30,114.81,115.25,114.76,115.01,5967245
1543415400,2018-11-28 09:30,114.85,115.02,114.36,114.45,7814288
1543501800,2018-11-29 09:30,114.92,115.25,114.59,114.9,7295627
1543588200,2018-11-30 09:30,115.31,115.42,114.98,115.33,9126693
1543847400,2018-12-03 09:30,114.68,115.88,114.66,115.88,9763851
1543933800,2018-12-04 09:30,116.81,118.67,116.625,117.82,18100549
1544106600,2018-12-06 09:30,118.54,119.2,118.13,118.19,15319440
1544193000,2018-12-07 09:30,117.81,118.53,117.52,118.41,8608467
1544452200,2018-12-10 09:30,118.87,119.28,118.44,118.9,8777672
1544538600,2018-12-11 09:30,118.97,119.38,118.61,118.88,8071952
1544625000,2018-12-12 09:30,118.58,118.72,118.24,118.35,6182206
1544711400,2018-12-13 09:30,118.46,118.58,117.98,118.07,5564328
1544797800,2018-12-14 09:30,118.55,118.77,118.22,118.48,8169221
1545057000,2018-12-17 09:30,118.59,119.3,118.58,119.17,9726781
1545143400,2018-12-18 09:30,119.07,119.785,118.94,119.6,10019103
1545229800,2018-12-19 09:30,120.11,121.66,119.92,121.18,23046272
1545316200,2018-12-20 09:30,122.01,122.03,120.67,120.74,18543731
1545402600,2018-12-21 09:30,121.14,121.21,120.39,120.72,9945103
1545661800,2018-12-24 09:30,121.13,121.42,120.91,121.32,8377482
1545834600,2018-12-26 09:30,120.99,121.39,119.97,120.02,11700412
1545921000,2018-12-27 09:30,121.26,121.38,119.98,120.04,12146772
1546007400,2018-12-28 09:30,120.4,121.05,120.29,121.05,9879116
1546266600,2018-12-31 09:30,120.65,121.56,120.46,121.51,17408971
1546439400,2019-01-02 09:30,121.66,122.16,121.3401,122.15,19841527
1546525800,2019-01-03 09:30,122.29,123.86,122.2267,123.54,21187045
1546612200,2019-01-04 09:30,122.34,122.56,121.65,122.11,12970226
1546871400,2019-01-07 09:30,122.62,122.65,121.62,121.75,8498104
1546957800,2019-01-08 09:30,121.69,121.94,121.39,121.43,7737103
1547044200,2019-01-09 09:30,121.26,121.43,120.795,121.24,9349245
1547130600,2019-01-10 09:30,121.28,121.41,120.34,120.46,8222860
1547217000,2019-01-11 09:30,120.83,121.27,120.68,120.93,5786934
1547476200,2019-01-14 09:30,120.9,121.01,120.2416,120.48,6730681
1547562600,2019-01-15 09:30,120.56,120.57,119.95,120.04,8997352
1547649000,2019-01-16 09:30,119.59,120.39,119.51,120.16,6048446
1547735400,2019-01-17 09:30,120.22,120.53,119.89,120.19,8153350
1547821800,2019-01-18 09:30,119.84,120.12,119.385,119.56,14106447
1548167400,2019-01-22 09:30,120.31,120.72,120.07,120.37,8881133
1548253800,2019-01-23 09:30,119.88,120.62,119.83,120.32,5776907
1548340200,2019-01-24 09:30,120.91,121.26,120.71,121.11,7121480
1548426600,2019-01-25 09:30,120.59,120.75,120.32,120.53,6460820
1548685800,2019-01-28 09:30,120.54,120.94,120.41,120.41,6435820
1548772200,2019-01-29 09:30,120.53,121.04,120.39,121.02,5750177
1548858600,2019-01-30 09:30,120.84,120.98,120.33,120.93,10571325
1548945000,2019-01-31 09:30,121.55,122.18,121.5,121.97,11843413
1549031400,2019-02-01 09:30,121.48,121.57,120.8446,120.96,12024576
1549290600,2019-02-04 09:30,120.44,120.55,120.02,120.42,8966375
1549377000,2019-02-05 09:30,120.73,121.23,120.66,120.97,6983255
1549463400,2019-02-06 09:30,121.36,121.41,120.73,121.03,5184018
1549549800,2019-02-07 09:30,121.46,121.91,121.23,121.83,8781040
1549636200,2019-02-08 09:30,122.26,122.47,122.07,122.35,5885427
1549895400,2019-02-11 09:30,121.86,122.18,121.75,121.87,4353004
1549981800,2019-02-12 09:30,121.66,121.75,121.2,121.555,7939591
1550068200,2019-02-13 09:30,121.15,121.39,120.91,121.1,4757681
1550154600,2019-02-14 09:30,122.14,122.2,121.58,121.79,5868918
1550241000,2019-02-15 09:30,121.56,122.02,121.54,121.98,5527244
1550586600,2019-02-19 09:30,122.42,122.54,121.95,122.29,5872819
1550673000,2019-02-20 09:30,121.95,122.08,121.59,121.94,4455832
1550759400,2019-02-21 09:30,121.07,121.16,120.7,120.85,7382942
1550845800,2019-02-22 09:30,121.47,121.945,121.42,121.57,6374560
1551105000,2019-02-25 09:30,121.17,121.3,120.92,121.21,6293534
1551191400,2019-02-26 09:30,121.73,121.82,121.36,121.81,6028892
1551277800,2019-02-27 09:30,121.12,121.13,120.2799,120.43,7737411
1551364200,2019-02-28 09:30,120.56,120.62,119.71,120.02,9533457
1551450600,2019-03-01 09:30,119.33,119.53,118.64,118.66,13541090
1551709800,2019-03-04 09:30,119.29,119.77,119.06,119.59,9808468
1551796200,2019-03-05 09:30,119.28,119.87,119.27,119.84,5595345
1551882600,2019-03-06 09:30,119.92,120.52,119.89,120.28,7766707
1551969000,2019-03-07 09:30,120.64,121.26,120.61,121.06,8187227
1552055400,2019-03-08 09:30,121.12,121.69,120.845,121.57,7517600
1552311000,2019-03-11 09:30,121.4,121.42,120.98,121.21,5158011
1552397400,2019-03-12 09:30,121.3,122.23,121.255,122.06,6422386
1552483800,2019-03-13 09:30,121.66,121.96,121.62,121.83,4386732
1552570200,2019-03-14 09:30,121.69,121.76,120.92,120.95,8188564
1552656600,2019-03-15 09:30,121.74,121.95,121.4,121.75,4302045
1552915800,2019-03-18 09:30,121.57,121.87,121.5169,121.68,3893364
1553002200,2019-03-19 09:30,121.09,121.615,120.89,121.41,5220325
1553088600,2019-03-20 09:30,121.74,122.85,121.73,122.68,10123663
1553175000,2019-03-21 09:30,122.96,123.09,122.74,122.95,7182572
1553261400,2019-03-22 09:30,124.21,125.28,124.06,124.86,13077043
1553520600,2019-03-25 09:30,124.81,125.94,124.5099,125.06,9736593
1553607000,2019-03-26 09:30,124.7,125.29,124.62,124.97,7502260
1553693400,2019-03-27 09:30,125.42,126.34,125.31,126.12,14207179
1553779800,2019-03-28 09:30,126.25,126.69,126.01,126.56,9143238
1553866200,2019-03-29 09:30,125.68,126.47,125.64,126.44,10841631
1554125400,2019-04-01 09:30,125.29,125.3565,124.19,124.37,16501475
1554211800,2019-04-02 09:30,124.48,124.7369,124.245,124.6,9725032
1554298200,2019-04-03 09:30,123.61,123.87,123.37,123.52,10407417
1554384600,2019-04-04 09:30,123.6,123.89,123.44,123.87,7503361
1554471000,2019-04-05 09:30,123.62,124.17,123.58,124.03,6322026
1554730200,2019-04-08 09:30,123.83,123.95,123.52,123.59,4446429
1554816600,2019-04-09 09:30,124.22,124.335,123.77,123.98,7020320
1554903000,2019-04-10 09:30,124.27,124.52,124.1,124.28,7519916
1554989400,2019-04-11 09:30,123.93,124.02,123.41,123.55,8679319
1555075800,2019-04-12 09:30,122.89,123.06,122.63,122.67,7005541
1555335000,2019-04-15 09:30,122.775,122.99,122.72,122.98,3070036
1555421400,2019-04-16 09:30,122.51,122.63,122.14,122.21,8927558
1555507800,2019-04-17 09:30,122.13,122.5701,122.11,122.26,6118702
1555594200,2019-04-18 09:30,122.81,123.1,122.78,122.9,27589692
1555939800,2019-04-22 09:30,122.47,122.57,122.235,122.31,6241353
1556026200,2019-04-23 09:30,122.61,122.7,122.39,122.57,6239726
1556112600,2019-04-24 09:30,123.11,123.59,123.09,123.57,7302206
1556199000,2019-04-25 09:30,123.49,123.62,123.1,123.39,5380867
1556285400,2019-04-26 09:30,123.98,124.02,123.64,123.81,5950651
1556544600,2019-04-29 09:30,123.23,123.35,122.85,123.02,10246172
1556631000,2019-04-30 09:30,122.95,123.74,122.93,123.65,7957662
1556717400,2019-05-01 09:30,123.69,124.45,123.6,123.9,14372113
1556803800,2019-05-02 09:30,123.68,123.81,123.04,123.31,6613062
1556890200,2019-05-03 09:30,123.66,123.875,123.37,123.66,6191750
1557149400,2019-05-06 09:30,124.31,124.38,123.925,124,4482690
1557235800,2019-05-07 09:30,124.53,125.14,124.39,124.95,8984929
1557322200,2019-05-08 09:30,125.15,125.2999,124.3,124.41,6907690
1557408600,2019-05-09 09:30,125.11,125.3,124.31,124.92,9412288
1557495000,2019-05-10 09:30,124.89,125.45,124.59,124.75,6037925
1557754200,2019-05-13 09:30,125.4,125.93,125.25,125.73,10501611
1557840600,2019-05-14 09:30,125.51,125.65,125.2,125.36,5690447
1557927000,2019-05-15 09:30,126.21,126.27,125.77,126.13,9566544
1558013400,2019-05-16 09:30,125.81,125.83,125.53,125.71,7666369
1558099800,2019-05-17 09:30,126.28,126.3,125.69,125.99,4747076
1558359000,2019-05-20 09:30,126.12,126.38,125.65,125.73,6043112
1558445400,2019-05-21 09:30,125.6,125.72,125.3,125.53,4022162
1558531800,2019-05-22 09:30,125.77,126.33,125.72,126.25,5675312
1558618200,2019-05-23 09:30,126.89,128.09,126.88,127.67,9743687
1558704600,2019-05-24 09:30,127.56,127.78,127.39,127.78,4981893
1559050200,2019-05-28 09:30,128.27,128.9,128.085,128.79,8098871
1559136600,2019-05-29 09:30,129.67,129.9,129,129.09,13260571
1559223000,2019-05-30 09:30,129.33,130.23,128.8852,130.2,13024761
1559309400,2019-05-31 09:30,130.9,131.9,130.81,131.83,18933634
1559568600,2019-06-03 09:30,131.91,132.58,131.55,132.44,17822448
1559655000,2019-06-04 09:30,131.39,131.76,130.55,130.93,14250018
1559741400,2019-06-05 09:30,130.52,130.95,130.12,130.19,8815195
1559827800,2019-06-06 09:30,130.97,131.59,130.32,130.61,9621094
1559914200,2019-06-07 09:30,131.79,132.07,131.438,131.74,11378665
1560173400,2019-06-10 09:30,130.68,130.704,130.32,130.5,8289092
1560259800,2019-06-11 09:30,130.42,130.76,130.32,130.58,5115128
1560346200,2019-06-12 09:30,130.39,130.75,130.3,130.68,5278799
1560432600,2019-06-13 09:30,130.8,131.25,130.79,131.13,5560844
1560519000,2019-06-14 09:30,131.1,131.71,131.09,131.46,5838794
1560778200,2019-06-17 09:30,131.39,131.76,131.13,131.69,6046416
1560864600,2019-06-18 09:30,132.74,132.86,131.945,132.35,10320696
1560951000,2019-06-19 09:30,131.86,132.72,131.58,132.54,11962501
1561037400,2019-06-20 09:30,132.91,133.505,132.59,132.89,10721526
1561123800,2019-06-21 09:30,132.51,132.53,131.375,131.43,14495149
1561383000,2019-06-24 09:30,132.16,132.53,132.079,132.41,6378869
1561469400,2019-06-25 09:30,132.79,133.09,132.72,132.82,9604623
1561555800,2019-06-26 09:30,132.68,132.7,131.88,131.97,12766810
1561642200,2019-06-27 09:30,132.31,133.09,131.99,132.9,9724166
1561728600,2019-06-28 09:30,132.58,133.08,132.4458,132.81,8149205
1561987800,2019-07-01 09:30,132.57,132.75,131.591,132.24,14141551
1562074200,2019-07-02 09:30,132.57,133.39,132.46,133.26,10495462
1562160600,2019-07-03 09:30,133.52,134.29,133.51,134.21,5380269
1562333400,2019-07-05 09:30,132.54,132.55,131.67,132.43,12180126
1562592600,2019-07-08 09:30,133.05,133.22,132.61,132.61,6489997
1562679000,2019-07-09 09:30,132.68,132.71,132.16,132.56,6216115
1562765400,2019-07-10 09:30,132.35,132.435,131.51,131.83,9470193
1562851800,2019-07-11 09:30,131.31,131.41,129.76,130.07,14126804
1562938200,2019-07-12 09:30,129.92,130.45,129.68,130.22,6992095
1563197400,2019-07-15 09:30,130.45,131.05,130.45,130.97,6055917
1563283800,2019-07-16 09:30,130.17,130.6,129.955,130.58,6172721
1563370200,2019-07-17 09:30,131.06,132.0184,131.05,131.99,9662156
1563456600,2019-07-18 09:30,131.47,132.32,131.24,132,5725713
1563543000,2019-07-19 09:30,131.59,131.93,131.505,131.69,5804843
1563802200,2019-07-22 09:30,132.47,132.49,131.7439,131.94,5204504
1563888600,2019-07-23 09:30,131.6,131.74,130.965,131.22,8108940
1563975000,2019-07-24 09:30,131.6,131.897,131.465,131.79,6389664
1564061400,2019-07-25 09:30,131.25,131.41,130.51,131.16,8893057
1564147800,2019-07-26 09:30,131.7,131.78,131.25,131.47,6188692
1564407000,2019-07-29 09:30,131.82,131.9499,131.395,131.51,6231836
1564493400,2019-07-30 09:30,132,132.1,131.43,131.83,5678475
1564579800,2019-07-31 09:30,131.7,133.33,131.66,132.89,15798745
1564666200,2019-08-01 09:30,133.39,135.39,133.26,135.26,26665016
1564752600,2019-08-02 09:30,135.66,136.51,135.4,136.51,15143050
1565011800,2019-08-05 09:30,138.14,138.89,137.66,138.87,18542993
1565098200,2019-08-06 09:30,138.2,139.98,138.085,139.98,12747356
1565184600,2019-08-07 09:30,142.4,143.06,139.78,140.03,32582045
1565271000,2019-08-08 09:30,139.14,140.43,137.98,140.33,14745985
1565357400,2019-08-09 09:30,140.67,141.55,139.87,140.05,10625972
1565616600,2019-08-12 09:30,141.72,143.43,141.5115,142.97,14094307
1565703000,2019-08-13 09:30,143.81,143.9116,141.95,142.48,16099485
1565789400,2019-08-14 09:30,145.16,145.7261,144.71,145.69,15068949
1565875800,2019-08-15 09:30,145.95,148.6,145.58,147.31,23732522
1565962200,2019-08-16 09:30,146.06,146.51,144.84,146.13,17649776
1566221400,2019-08-19 09:30,143.57,144.66,143.515,144.04,13615286
1566307800,2019-08-20 09:30,145.28,145.6225,144.84,145.53,7451608
1566394200,2019-08-21 09:30,144.72,145.79,144.285,144.56,9372115
1566480600,2019-08-22 09:30,144,144.7,143.48,143.6,13880305
1566567000,2019-08-23 09:30,143.52,146.27,143.43,145.96,16194116
1566826200,2019-08-26 09:30,145.87,146.29,145.29,145.37,12174799
1566912600,2019-08-27 09:30,146.63,147.72,146.48,147.61,11332754
1566999000,2019-08-28 09:30,148.78,148.9,147.66,147.8,10097776
1567085400,2019-08-29 09:30,147.25,147.34,146.13,147.24,8884955
1567171800,2019-08-30 09:30,146.61,147.48,146.36,147.28,13550909
1567517400,2019-09-03 09:30,147.09,148.67,146.57,147.21,15662954
1567603800,2019-09-04 09:30,146.53,147.62,146.48,147.43,7962232
1567690200,2019-09-05 09:30,145.66,145.8,143.89,144.76,19386357
1567776600,2019-09-06 09:30,145.26,146.03,145.08,145.79,9466371
1568035800,2019-09-09 09:30,143.83,144,143.19,143.2,15862660
1568122200,2019-09-10 09:30,142.84,143.29,140.66,140.69,13851422
1568208600,2019-09-11 09:30,140.4,141.15,140.39,140.44,10941748
1568295000,2019-09-12 09:30,141.5,141.8,139.0647,139.52,19163308
1568381400,2019-09-13 09:30,138.28,138.71,136.54,136.54,18922161
1568640600,2019-09-16 09:30,137.88,138.57,137.2544,138.28,10971572
1568727000,2019-09-17 09:30,138.36,139.6,138.02,139.03,9287893
1568813400,2019-09-18 09:30,139.93,140.66,139.53,139.62,11106841
1568899800,2019-09-19 09:30,140.76,140.99,139.97,140.04,13434396
1568986200,2019-09-20 09:30,140.77,141.98,140.44,141.89,13377236
1569245400,2019-09-23 09:30,142.24,143.155,141.7,141.86,15402596
1569331800,2019-09-24 09:30,142.42,143.845,142.41,143.57,12947855
1569418200,2019-09-25 09:30,143.26,143.55,141.14,141.47,14520656
1569504600,2019-09-26 09:30,142.27,142.99,141.895,142.38,10775214
1569591000,2019-09-27 09:30,142.32,142.975,142.14,142.73,10387398
1569850200,2019-09-30 09:30,141.88,143.09,141.84,143.08,8410379
1569936600,2019-10-01 09:30,141.26,143.91,141.14,143.26,16869140
1570023000,2019-10-02 09:30,143.46,144.27,143.24,143.61,12896884
1570109400,2019-10-03 09:30,143.98,145.67,143.92,144.92,13526957
1570195800,2019-10-04 09:30,145.35,146.03,145.2,145.99,11936986
1570455000,2019-10-07 09:30,145.16,145.53,144.71,144.78,11751551
1570541400,2019-10-08 09:30,145.82,145.93,144.62,145.17,14540249
1570627800,2019-10-09 09:30,144.6,144.61,143.8,144.35,8933140
1570714200,2019-10-10 09:30,143.12,143.18,141.73,142.2,15057081
1570800600,2019-10-11 09:30,140.98,141.1,139.71,140.44,28513340
1571059800,2019-10-14 09:30,141.48,141.505,141.08,141.46,5937726
1571146200,2019-10-15 09:30,140.67,140.945,139.55,139.75,12663622
1571232600,2019-10-16 09:30,139.64,140.06,139.35,139.92,8645282
1571319000,2019-10-17 09:30,139.52,140.38,139.2967,139.58,6558397
1571405400,2019-10-18 09:30,139.81,140.23,139.45,139.58,6456407
1571664600,2019-10-21 09:30,138.57,138.99,138.225,138.53,8189288
1571751000,2019-10-22 09:30,139.38,139.529,138.635,139.34,6690041
1571837400,2019-10-23 09:30,140.03,140.3138,139.36,139.48,5999896
1571923800,2019-10-24 09:30,139.68,140.24,139.03,139.2,6830080
1572010200,2019-10-25 09:30,139.53,139.55,138.31,138.52,5669966
1572269400,2019-10-28 09:30,137.58,137.58,136.99,137.26,11402050
1572355800,2019-10-29 09:30,137.62,137.74,137.17,137.35,5296576
1572442200,2019-10-30 09:30,137.77,139.45,137.77,139.36,10914151
1572528600,2019-10-31 09:30,140.48,141.677,140.43,141.24,15835800
1572615000,2019-11-01 09:30,140.73,141.27,139.79,140.56,11425486
1572877800,2019-11-04 09:30,138.97,139.14,138.53,138.71,11134604
1572964200,2019-11-05 09:30,137.22,137.44,136.73,137.15,13496331
1573050600,2019-11-06 09:30,138.02,138.41,137.34,137.98,9353012
1573137000,2019-11-07 09:30,136.35,136.36,134.45,135.48,19214106
1573223400,2019-11-08 09:30,135.15,135.95,134.78,134.91,10227217
1573482600,2019-11-11 09:30,135.38,135.39,134.64,135,4578098
1573569000,2019-11-12 09:30,135.28,135.9499,134.788,135.62,5773630
1573655400,2019-11-13 09:30,136.81,136.96,136.165,136.5,6751842
1573741800,2019-11-14 09:30,137.8,138.44,137.67,137.91,10272804
1573828200,2019-11-15 09:30,137.48,138.16,137.43,137.76,4657758
1574087400,2019-11-18 09:30,138.21,138.61,137.93,138.01,5944030
1574173800,2019-11-19 09:30,138.37,139.24,138.37,139.16,7893300
1574260200,2019-11-20 09:30,139.91,140.6,139.77,140.6,7909901
1574346600,2019-11-21 09:30,139.64,140.08,139.12,139.72,5981899
1574433000,2019-11-22 09:30,140.1,140.28,139.68,139.9,4666026
1574692200,2019-11-25 09:30,140.3,140.53,140.18,140.31,4157476
1574778600,2019-11-26 09:30,141,141.31,140.94,141.13,4281650
1574865000,2019-11-27 09:30,140.6,140.91,140.42,140.72,4096955
1575037800,2019-11-29 09:30,140.62,140.68,139.78,140.42,6251071
1575297000,2019-12-02 09:30,138.14,138.67,137.95,138.31,17705004
1575383400,2019-12-03 09:30,140.04,141.77,139.93,141.21,13323804
1575469800,2019-12-04 09:30,140.34,140.5,139.21,139.8,8588810
1575556200,2019-12-05 09:30,138.66,139.44,138.6,139.12,7274024
1575642600,2019-12-06 09:30,138.03,139.12,137.86,138.35,7931904
1575901800,2019-12-09 09:30,138.99,139.11,138.57,138.65,4155592
1575988200,2019-12-10 09:30,139.18,139.35,138.41,138.66,4947745
1576074600,2019-12-11 09:30,139.3,140.14,139.23,139.75,6257375
1576161000,2019-12-12 09:30,139.19,139.2846,136.61,137.45,14868125
1576247400,2019-12-13 09:30,138.12,139.61,137.23,139.04,11335349
1576506600,2019-12-16 09:30,138.4,138.46,137.43,137.79,9160997
1576593000,2019-12-17 09:30,138.21,138.34,137.21,137.6,6179893
1576679400,2019-12-18 09:30,137.3,137.45,136.28,136.47,6244828
1576765800,2019-12-19 09:30,136,136.86,135.7601,136.47,6591083
1576852200,2019-12-20 09:30,136.13,136.69,135.93,136.65,5455919
1577111400,2019-12-23 09:30,136.81,136.9687,136,136.45,5175177
1577197800,2019-12-24 09:30,135.92,137.06,135.89,136.84,4667428
1577370600,2019-12-26 09:30,136.91,137.22,136.51,137.17,5290981
1577457000,2019-12-27 09:30,137.44,137.63,137.29,137.32,7300695
1577716200,2019-12-30 09:30,135.89,136.9,135.66,136.82,7979841
1577802600,2019-12-31 09:30,136.21,136.46,135.38,135.48,10707518
1577975400,2020-01-02 09:30,136.79,137.53,136.665,137.015,11034459
1578061800,2020-01-03 09:30,138.27,139.16,137.88,139.12,12366830
1578321000,2020-01-06 09:30,139.69,139.71,138.15,138.33,11370199
1578407400,2020-01-07 09:30,138.22,138.47,137.64,137.645,8456431
1578493800,2020-01-08 09:30,137.93,138.31,136.32,136.74,10626391
1578580200,2020-01-09 09:30,136,137.435,135.905,137.22,7412990
1578666600,2020-01-10 09:30,137.67,138.47,137.6299,138.44,8776937
1578925800,2020-01-13 09:30,137.88,138.09,137.39,138.02,5967295
1579012200,2020-01-14 09:30,138.18,138.82,138.135,138.73,13921031
1579098600,2020-01-15 09:30,139.52,139.76,139.02,139.65,6290520
1579185000,2020-01-16 09:30,139.26,139.53,138.74,139.21,6798593
1579271400,2020-01-17 09:30,137.58,138.14,137.36,138.02,9693280
1579617000,2020-01-21 09:30,138.81,139.65,138.77,139.47,6794885
1579703400,2020-01-22 09:30,139.72,140.14,139.59,139.96,6317029
1579789800,2020-01-23 09:30,140.845,141.38,140.78,140.94,9747418
1579876200,2020-01-24 09:30,141.42,142.55,141.3,142.08,8584952
1580135400,2020-01-27 09:30,143.95,144.29,143.5004,144.29,10935243
1580221800,2020-01-28 09:30,143.925,144.085,142.82,143.16,10612917
1580308200,2020-01-29 09:30,143.44,144.7,143.43,144.56,9567654
1580394600,2020-01-30 09:30,144.9,145.67,144.29,144.58,14711787
1580481000,2020-01-31 09:30,145.17,145.99,145.09,145.9,14538096
1580740200,2020-02-03 09:30,144.945,145.755,144.12,145.54,15310744
1580826600,2020-02-04 09:30,143.99,144.14,143.06,143.58,11388275
1580913000,2020-02-05 09:30,142.3,142.7,141.9,142.01,10782161
1580999400,2020-02-06 09:30,142.18,142.88,142,142.65,6683128
1581085800,2020-02-07 09:30,144.22,144.74,143.87,144.43,11374834
1581345000,2020-02-10 09:30,145.1,145.25,144.68,144.83,6699265
1581431400,2020-02-11 09:30,144.59,144.72,143.94,144.1,7784102
1581517800,2020-02-12 09:30,143.37,143.55,142.99,143.37,5595525
1581604200,2020-02-13 09:30,143.44,144.2,143.27,143.92,7883440
1581690600,2020-02-14 09:30,144.76,145.08,144.45,144.55,7137363
1582036200,2020-02-18 09:30,145.34,146.05,144.92,145.54,6912053
1582122600,2020-02-19 09:30,145.12,145.62,144.98,145.53,5707712
1582209000,2020-02-20 09:30,146.08,146.94,145.9985,146.67,9332916
1582295400,2020-02-21 09:30,147.8,148.88,147.65,148.04,13861573
1582554600,2020-02-24 09:30,150.83,150.96,150,150.25,15929281
1582641000,2020-02-25 09:30,150.21,151.7553,150.14,151.05,20802922
1582727400,2020-02-26 09:30,149.95,151.72,149.58,150.25,22599515
1582813800,2020-02-27 09:30,152.7,153.08,150.83,151.88,30687929
1582900200,2020-02-28 09:30,154.45,155.9799,154.16,155.31,45010774
1583159400,2020-03-02 09:30,155.3,156.5,153.76,153.94,28152383
1583245800,2020-03-03 09:30,153.81,159.7,152.36,156.33,38608024
1583332200,2020-03-04 09:30,156.41,157.35,154.19,154.67,23463690
1583418600,2020-03-05 09:30,157.13,158.82,156.81,158.52,17786220
1583505000,2020-03-06 09:30,167.3,169.33,164.11,166.77,76288337
1583760600,2020-03-09 09:30,179.1,179.7,170.34,171.29,41552819
1583847000,2020-03-10 09:30,169.635,172.93,162.03,162.51,37728253
1583933400,2020-03-11 09:30,165.43,167.03,155.63,156.53,29594066
1584019800,2020-03-12 09:30,163.51,166.36,155.66,157.5,24361836
1584106200,2020-03-13 09:30,155,158.2,152.19,153.94,19812859
1584365400,2020-03-16 09:30,160.38,166.15,157.81,163.91,30496696
1584451800,2020-03-17 09:30,163.5,165.63,152.71,152.98,18570872
1584538200,2020-03-18 09:30,152.84,154.14,139.0105,144.35,47060975
1584624600,2020-03-19 09:30,146.95,153.45,145.25,148.28,21175266
1584711000,2020-03-20 09:30,153.3,159.43,152.11,159.43,20863060
1584970200,2020-03-23 09:30,157.5,166.69,156.57,166,19971809
1585056600,2020-03-24 09:30,161.25,165.45,160.41,162.91,11948557
1585143000,2020-03-25 09:30,163.59,166.68,161.62,162.54,10750564
1585229400,2020-03-26 09:30,163.995,165.68,162.27,163.34,10576587
1585315800,2020-03-27 09:30,165.52,168.25,164.59,167.7,12550007
1585575000,2020-03-30 09:30,168.3,170.11,165.94,166.32,13473205
1585661400,2020-03-31 09:30,165.7,166.92,164.56,164.97,11464935
1585747800,2020-04-01 09:30,168.48,168.96,166.4,167.04,11334698
1585834200,2020-04-02 09:30,168.83,169.22,167.26,168.1,5771227
1585920600,2020-04-03 09:30,168.55,170.33,168.14,168.5,6570840
1586179800,2020-04-06 09:30,167,168.27,166.53,168.06,9434786
1586266200,2020-04-07 09:30,164.96,166.42,163.71,166.3,13811848
1586352600,2020-04-08 09:30,165.11,166.19,164.13,165.09,10147077
1586439000,2020-04-09 09:30,164.28,165.79,163.78,165.39,14260806
1586784600,2020-04-13 09:30,164.75,165.71,163.88,163.88,8750297
1586871000,2020-04-14 09:30,163.84,164.74,163.48,163.84,9019531
1586957400,2020-04-15 09:30,166.8,168.6,166.74,168.18,10027752
1587043800,2020-04-16 09:30,169.26,170.315,169.0156,170.09,8265414
1587130200,2020-04-17 09:30,169.82,170.84,167.27,167.81,8612119
1587389400,2020-04-20 09:30,168.44,169.29,167.96,169.16,6462639
1587475800,2020-04-21 09:30,171.93,172.15,170.78,171.29,7850725
1587562200,2020-04-22 09:30,169.97,170.39,168.705,169.54,6230495
1587648600,2020-04-23 09:30,169.87,170.93,169.605,170.44,5968584
1587735000,2020-04-24 09:30,169.61,170.84,169.57,170.84,6211804
1587994200,2020-04-27 09:30,169.66,169.75,167.44,167.66,9039484
1588080600,2020-04-28 09:30,168.55,169.85,168.45,169.59,9905415
1588167000,2020-04-29 09:30,169.53,170.26,167.96,168.71,8619566
1588253400,2020-04-30 09:30,168.74,169.23,166.71,166.74,11606074
1588339800,2020-05-01 09:30,167.5,168.11,166.44,167.95,10209421
1588599000,2020-05-04 09:30,167.56,167.68,166.48,167.16,8300923
1588685400,2020-05-05 09:30,165.57,166.27,165.27,166.09,7831916
1588771800,2020-05-06 09:30,163.23,163.64,162.05,163.41,14721518
1588858200,2020-05-07 09:30,163.56,166.37,163.34,166.14,9165455
1588944600,2020-05-08 09:30,164.49,165.4,163.68,163.98,8130474
1589203800,2020-05-11 09:30,163.66,164.22,162.095,162.7,8713747
1589290200,2020-05-12 09:30,163.16,164.93,163.13,164.37,10057348
1589376600,2020-05-13 09:30,165.09,166.29,164.8272,165.52,13305576
1589463000,2020-05-14 09:30,167.32,168.15,167.05,167.14,10080361
1589549400,2020-05-15 09:30,168.3,168.49,166.33,166.71,7225634
1589808600,2020-05-18 09:30,164.93,165.055,162.42,163.05,10073986
1589895000,2020-05-19 09:30,162.52,163.7,162.48,163.66,8639263
1589981400,2020-05-20 09:30,163.17,164.7,162.88,164.15,10927274
1590067800,2020-05-21 09:30,164.86,165.36,164.29,164.56,8920309
1590154200,2020-05-22 09:30,164.72,165.68,164.61,165.55,4956814
1590499800,2020-05-26 09:30,163.71,163.79,162.975,163.33,8098939
1590586200,2020-05-27 09:30,162.785,163.91,162.59,163.03,8047360
1590672600,2020-05-28 09:30,161.96,162.57,161.66,162.43,10276172
1590759000,2020-05-29 09:30,162.71,164.09,162.355,163.59,14662054
1591018200,2020-06-01 09:30,162.1,162.44,161.67,162.28,13353301
1591104600,2020-06-02 09:30,161.67,162.093,161.25,161.69,11517053
1591191000,2020-06-03 09:30,160.18,160.33,158.94,159.54,12255736
1591277400,2020-06-04 09:30,158.92,159.01,157.185,157.23,14038570
1591363800,2020-06-05 09:30,154.61,156.16,153.16,156.11,17778549
1591623000,2020-06-08 09:30,155.07,156.85,155.05,156.71,10346680
1591709400,2020-06-09 09:30,159.05,159.64,158.3,158.49,9095265
1591795800,2020-06-10 09:30,159.24,160.9,159.05,160.84,13135518
1591882200,2020-06-11 09:30,163.245,164.23,162.63,163.88,17086373
1591968600,2020-06-12 09:30,162.41,163.66,162.05,162.3,9716433
1592227800,2020-06-15 09:30,163.89,164.22,162.14,162.39,7760836
1592314200,2020-06-16 09:30,159.41,161.23,158.7,159.9,13701298
1592400600,2020-06-17 09:30,160.27,160.77,159.34,160.56,7113900
1592487000,2020-06-18 09:30,162.04,162.48,161.61,162.26,7691375
1592573400,2020-06-19 09:30,161,162.5,160.91,162.39,8565778
1592832600,2020-06-22 09:30,163.19,163.4184,162.07,162.41,9319961
1592919000,2020-06-23 09:30,161.48,162.06,161.12,161.3,9088580
1593005400,2020-06-24 09:30,161.53,163.09,161.52,163.03,11436501
1593091800,2020-06-25 09:30,164.21,164.35,163.4,163.5,10967984
1593178200,2020-06-26 09:30,164.25,165.32,164.18,165.25,12119310
1593437400,2020-06-29 09:30,164.85,165.27,164.38,164.73,7274571
1593523800,2020-06-30 09:30,165.23,165.29,163.48,163.93,14841678
1593610200,2020-07-01 09:30,162.81,163.56,162.15,163.42,13181262
1593696600,2020-07-02 09:30,162.7,163.74,162.24,163.59,7599940
1594042200,2020-07-06 09:30,162.33,163.02,161.75,162.92,7972668
1594128600,2020-07-07 09:30,163.42,165.34,163.2,165.21,12791945
1594215000,2020-07-08 09:30,164.32,164.92,163.83,164.55,7253883
1594301400,2020-07-09 09:30,164.66,167.45,164.6,167.17,13373095
1594387800,2020-07-10 09:30,167.95,168.21,166.16,166.33,8478375
1594647000,2020-07-13 09:30,165.5,166.96,165.23,166.88,8054011
1594733400,2020-07-14 09:30,167.93,168.14,166.98,167.12,11344635
1594819800,2020-07-15 09:30,165.92,166.945,165.8291,166.34,7840586
1594906200,2020-07-16 09:30,167.4,167.77,167.04,167.13,9107383
1594992600,2020-07-17 09:30,167.27,167.4,166.47,166.78,8550164
1595251800,2020-07-20 09:30,167.51,167.62,166.8,167.19,6907518
1595338200,2020-07-21 09:30,167.3,167.72,167.075,167.29,8455112
1595424600,2020-07-22 09:30,168.26,168.46,167.69,167.79,6592084
1595511000,2020-07-23 09:30,168.92,169.88,168.48,169.75,10471802
1595597400,2020-07-24 09:30,169.01,169.92,168.8695,169.74,7520837
1595856600,2020-07-27 09:30,170.25,170.3,168.99,169.11,6146734
1595943000,2020-07-28 09:30,169.54,170.34,169.43,170.28,8520714
1596029400,2020-07-29 09:30,170.05,170.39,168.98,169.99,6733733
1596115800,2020-07-30 09:30,171.05,171.26,170.75,171.11,9376128
1596202200,2020-07-31 09:30,170.15,171.4554,169.94,171,8886264
1596461400,2020-08-03 09:30,169.24,169.99,168.97,169.95,9067756
1596547800,2020-08-04 09:30,170.83,171.58,170.72,171.57,9878888
1596634200,2020-08-05 09:30,170.06,170.56,169.69,170.07,6954183
1596720600,2020-08-06 09:30,171.38,172.25,170.62,171.02,9481800
1596807000,2020-08-07 09:30,171.28,171.5,169.58,169.88,8176856
1597066200,2020-08-10 09:30,170.22,170.25,169.07,169.12,6408461
1597152600,2020-08-11 09:30,167.17,167.49,165.875,167.105,19234202
1597239000,2020-08-12 09:30,165.7,166.065,164.99,165.59,11745839
1597325400,2020-08-13 09:30,165.31,165.58,163.165,163.82,12744712
1597411800,2020-08-14 09:30,163.81,164.15,163.16,163.18,6398178
1597671000,2020-08-17 09:30,163.97,164.46,163.43,163.59,6901480
1597757400,2020-08-18 09:30,164.36,164.87,164.085,164.76,8140643
1597843800,2020-08-19 09:30,165.37,165.6101,163.3,163.73,12497748
1597930200,2020-08-20 09:30,165.39,165.65,164.93,165.21,10320126
1598016600,2020-08-21 09:30,165.77,166.33,165.01,166.2,6836242
1598275800,2020-08-24 09:30,166.32,166.97,165.86,165.93,6490666
1598362200,2020-08-25 09:30,164.35,165.09,163.83,164.66,10518301
1598448600,2020-08-26 09:30,164.05,164.325,163.28,164.03,8276618
1598535000,2020-08-27 09:30,164.76,164.82,161.16,161.24,19860113
1598621400,2020-08-28 09:30,161.77,162.05,160.64,161.12,8415402
1598880600,2020-08-31 09:30,161.6,163.25,161.56,162.19,11388108
1598967000,2020-09-01 09:30,161.76,164.07,161.18,163.86,10587634
1599053400,2020-09-02 09:30,163.51,165.56,163.49,165.42,15167718
1599139800,2020-09-03 09:30,165.75,167.24,165.44,165.89,16416624
1599226200,2020-09-04 09:30,164.41,164.6984,162.45,162.74,13780313
1599571800,2020-09-08 09:30,164.37,165.26,163.74,163.74,13790421
1599658200,2020-09-09 09:30,163.94,164.25,162.7582,163.3,9559005
1599744600,2020-09-10 09:30,162.46,164.35,161.95,164.13,8847742
1599831000,2020-09-11 09:30,164.31,164.57,164.08,164.48,5458222
1600090200,2020-09-14 09:30,164.79,165.08,164.23,164.47,4274947
1600176600,2020-09-15 09:30,164.17,164.47,163.79,164.07,6928498
1600263000,2020-09-16 09:30,164.78,164.89,162.9804,163.58,8816914
1600349400,2020-09-17 09:30,164.9,164.96,163.801,164.08,7813922
1600435800,2020-09-18 09:30,164.17,164.24,163.34,163.57,7246282
1600695000,2020-09-21 09:30,164.89,165.4,164.135,164.4,11086895
1600781400,2020-09-22 09:30,164.44,164.88,163.87,164.27,10524495
1600867800,2020-09-23 09:30,164.3,164.53,163.48,164.49,6224763
1600954200,2020-09-24 09:30,164.96,165.12,164.62,165.12,8278072
1601040600,2020-09-25 09:30,165.11,165.42,164.71,165.12,5140298
1601299800,2020-09-28 09:30,164.87,164.9,164.37,164.65,4470504
1601386200,2020-09-29 09:30,164.8,165.24,164.56,164.84,10297950
1601472600,2020-09-30 09:30,164,164,162.55,163.26,12970989
1601559000,2020-10-01 09:30,162.51,163.7401,162.1,163.36,11523874
1601645400,2020-10-02 09:30,163.61,163.67,162.18,162.75,8829140
1601904600,2020-10-05 09:30,160.95,160.95,159.52,159.57,14726045
1601991000,2020-10-06 09:30,159.33,161.405,158.68,160.43,22419358
1602077400,2020-10-07 09:30,159.56,160.417,158.86,159.26,9429580
1602163800,2020-10-08 09:30,159.97,160.25,159.655,160.12,8431544
1602250200,2020-10-09 09:30,159.52,160.27,158.81,160.09,8441506
1602509400,2020-10-12 09:30,160.43,160.68,160.11,160.6,3962045
1602595800,2020-10-13 09:30,161.21,161.83,161.18,161.75,7914641
1602682200,2020-10-14 09:30,162.33,162.75,161.9674,162.12,6956736
1602768600,2020-10-15 09:30,163.04,163.19,161.64,161.84,9458911
1602855000,2020-10-16 09:30,161.66,162.32,161.1,161.39,8418197
1603114200,2020-10-19 09:30,160.5,160.98,160.05,160.78,9286787
1603200600,2020-10-20 09:30,159.86,160.01,158.95,159.25,11189208
1603287000,2020-10-21 09:30,158.79,159.37,158.37,158.7,10453705
1603373400,2020-10-22 09:30,158.29,158.63,156.97,157.05,12665822
1603459800,2020-10-23 09:30,156.81,158.21,156.75,158.01,8784136
1603719000,2020-10-26 09:30,159.21,160.02,159.01,159.48,7227337
1603805400,2020-10-27 09:30,160.23,160.7,159.895,160.55,6062330
1603891800,2020-10-28 09:30,161.38,161.46,160.2,160.7,11765784
1603978200,2020-10-29 09:30,160.73,160.83,158.47,159.14,11932379
1604064600,2020-10-30 09:30,159.03,159.35,157.57,157.57,13095938
1604327400,2020-11-02 09:30,158.7,159.19,158.33,158.58,10810494
1604413800,2020-11-03 09:30,157.85,157.98,157.04,157.66,16228695
1604500200,2020-11-04 09:30,161.64,162.17,160.54,161.08,21570835
1604586600,2020-11-05 09:30,161.64,161.74,160.58,161.36,18537530
1604673000,2020-11-06 09:30,159.618,159.915,158.94,159.41,12408432
1604932200,2020-11-09 09:30,155.97,156.15,154.625,156.06,23245038
1605018600,2020-11-10 09:30,154.96,155.81,154.78,155.16,12560977
1605105000,2020-11-11 09:30,155.02,155.94,154.97,155.72,5888233
1605191400,2020-11-12 09:30,156.94,158.4,156.71,158.37,16001553
1605277800,2020-11-13 09:30,158.36,158.5,157.91,158.16,7345549
1605537000,2020-11-16 09:30,157.73,158.28,157.61,157.78,6310397
1605623400,2020-11-17 09:30,158.77,159.16,158.59,158.81,7444575
1605709800,2020-11-18 09:30,159.44,159.57,158.35,159.27,10333345
1605796200,2020-11-19 09:30,159.97,160.72,159.84,160.09,10623316
1605882600,2020-11-20 09:30,160.525,161.54,160.39,161.51,7247351
1606141800,2020-11-23 09:30,160.82,160.99,160.28,160.77,11304789
1606228200,2020-11-24 09:30,159.99,160.0218,159.01,159.17,10892973
1606314600,2020-11-25 09:30,159.25,159.91,158.62,158.68,9146000
1606487400,2020-11-27 09:30,159.61,160.27,159.58,160.22,4708153
1606746600,2020-11-30 09:30,160.03,160.53,159.76,160.02,13071557
1606833000,2020-12-01 09:30,158.55,158.74,156.68,157.5,13663889
1606919400,2020-12-02 09:30,156.88,156.93,155.48,156.25,12114580
1607005800,2020-12-03 09:30,156.94,157.82,156.58,157.51,9626457
1607092200,2020-12-04 09:30,155.69,155.785,154.77,155.2,12734642
1607351400,2020-12-07 09:30,156.35,156.88,156.18,156.6,9316138
1607437800,2020-12-08 09:30,157.57,158.07,157.2,157.34,7397240
1607524200,2020-12-09 09:30,156.55,157.32,156.015,156.82,7750059
1607610600,2020-12-10 09:30,157.24,158.29,156.83,158.21,10025124
1607697000,2020-12-11 09:30,158.65,159.39,158.32,158.77,8136090
1607956200,2020-12-14 09:30,157.49,158.69,157.11,158.33,7535875
1608042600,2020-12-15 09:30,157.78,158.39,157.31,157.8,6847676
1608129000,2020-12-16 09:30,156.58,157.89,156.39,157.38,9954190
1608215400,2020-12-17 09:30,158.13,158.46,156.43,156.8,9422697
1608301800,2020-12-18 09:30,157.12,157.38,156.18,156.33,6505271
1608561000,2020-12-21 09:30,157.2,157.34,156.45,156.95,8988176
1608647400,2020-12-22 09:30,157.5634,157.83,157.08,157.76,7378508
1608733800,2020-12-23 09:30,156.62,156.69,155.46,156.67,9266649
1608820200,2020-12-24 09:30,156.9,157.43,156.85,157.29,3117104
1609165800,2020-12-28 09:30,156.38,157.45,156.095,157.36,7791093
1609252200,2020-12-29 09:30,156.39,157.29,156.36,157.16,9030948
1609338600,2020-12-30 09:30,156.82,157.53,156.68,157.5,9097313
1609425000,2020-12-31 09:30,157.46,158.08,157.45,157.73,7742413
1609770600,2021-01-04 09:30,156.67,158.18,156.535,157.54,13152865
1609857000,2021-01-05 09:30,156.95,156.95,155.66,156.37,10458065
1609943400,2021-01-06 09:30,153.82,153.85,152.29,153.16,22827290
1610029800,2021-01-07 09:30,151.79,152.17,151.26,151.81,14651882
1610116200,2021-01-08 09:30,151.48,151.96,150.66,151.32,13622819
1610375400,2021-01-11 09:30,151,151.21,150.49,151.07,8380898
1610461800,2021-01-12 09:30,150.79,151.16,149.925,150.95,12186305
1610548200,2021-01-13 09:30,151.66,153.07,151.57,152.65,12533256
1610634600,2021-01-14 09:30,152.58,152.64,150.79,151.22,14835458
1610721000,2021-01-15 09:30,152.185,152.36,151.47,151.82,11624672
1611066600,2021-01-19 09:30,151.62,152.36,151.505,152.31,9575571
1611153000,2021-01-20 09:30,151.985,152.48,151.79,152.46,5368933
1611239400,2021-01-21 09:30,151.44,151.75,151.1,151.39,8164729
1611325800,2021-01-22 09:30,151.85,152.01,151.42,151.88,9507150
1611585000,2021-01-25 09:30,152.76,153.69,152.635,153.67,8712616
1611671400,2021-01-26 09:30,153.1,153.6,152.92,153.38,7690318
1611757800,2021-01-27 09:30,154.07,154.5,153.53,153.77,7895249
1611844200,2021-01-28 09:30,153.4,153.46,152.16,152.92,10667755
1611930600,2021-01-29 09:30,151.42,152.49,151.3,152,14966238
1612189800,2021-02-01 09:30,151.66,152.36,151.49,152,8165534
1612276200,2021-02-02 09:30,150.74,151.085,150.52,151.02,9177457
1612362600,2021-02-03 09:30,150.425,150.59,149.58,149.68,9633084
1612449000,2021-02-04 09:30,149.16,149.49,148.8,149.28,8262613
1612535400,2021-02-05 09:30,149.1,149.57,148.02,148.03,10258935
1612794600,2021-02-08 09:30,148.3,149.265,148.035,148.68,11574766
1612881000,2021-02-09 09:30,149.22,149.67,148.655,148.79,5218341
1612967400,2021-02-10 09:30,149.28,149.78,149.1409,149.78,8079802
1613053800,2021-02-11 09:30,149.6791,149.79,148.75,148.96,11962758
1613140200,2021-02-12 09:30,147.7,148.08,147.03,147.11,14088379
1613485800,2021-02-16 09:30,145.22,145.655,144.6625,144.87,17789087
1613572200,2021-02-17 09:30,145.95,146.38,144.98,145.79,11203329
1613658600,2021-02-18 09:30,144.61,145.6,144.32,145.2,10755817
1613745000,2021-02-19 09:30,144.06,144.32,142.8517,143.27,12741726
1614004200,2021-02-22 09:30,143.03,143.74,141.72,142.18,13203873
1614090600,2021-02-23 09:30,141.52,142.5,141.14,141.77,12658455
1614177000,2021-02-24 09:30,139.352,141.175,139.16,140.84,17363058
1614263400,2021-02-25 09:30,139.52,139.92,136.61,138.54,52621705
1614349800,2021-02-26 09:30,140.77,143.3,139.68,143.12,45423326
1614609000,2021-03-01 09:30,140.66,141.41,140.09,141.06,22050428
1614695400,2021-03-02 09:30,140.4,141.13,140.295,141.07,12482218
1614781800,2021-03-03 09:30,139.38,140.15,138.76,139.54,19763736
1614868200,2021-03-04 09:30,139.632,139.94,137.96,138.64,22366564
1614954600,2021-03-05 09:30,138.1687,139.34,137.99,138.91,20598039
1615213800,2021-03-08 09:30,138.83,138.9,137.83,137.83,15236619
1615300200,2021-03-09 09:30,139.27,139.815,138.97,139.74,14463394
1615386600,2021-03-10 09:30,139.8,140.15,139.28,140.02,12387639
1615473000,2021-03-11 09:30,139.17,139.38,138.46,139.01,14150742
1615559400,2021-03-12 09:30,136.4,136.4591,135.65,136.06,20402701
1615815000,2021-03-15 09:30,136.49,137.09,136.41,136.86,11366662
1615901400,2021-03-16 09:30,137.02,137.12,135.75,136.31,15567907
1615987800,2021-03-17 09:30,135.15,135.525,134.15,135.29,27107490
1616074200,2021-03-18 09:30,133.31,134.47,133.19,133.92,21622014
1616160600,2021-03-19 09:30,134.08,134.83,133.8,134.75,18684950
1616419800,2021-03-22 09:30,135.69,136.41,135.37,136.26,17047525
1616506200,2021-03-23 09:30,136.585,137.54,136.15,137.49,16768448
1616592600,2021-03-24 09:30,137.06,138.28,136.945,138.23,13862975
1616679000,2021-03-25 09:30,138.3862,138.655,137.09,137.14,20781964
1616765400,2021-03-26 09:30,136.42,137.2392,136.22,136.66,8433292
1617024600,2021-03-29 09:30,136.83,136.8465,134.97,135.5,13968084
1617111000,2021-03-30 09:30,135.3,136.515,135.005,136.21,15020777
1617197400,2021-03-31 09:30,136.34,136.59,134.98,135.45,19271281
1617283800,2021-04-01 09:30,136.55,137.62,136.3,137.51,14885947
1617629400,2021-04-05 09:30,136.55,136.97,135.94,136.91,8242978
1617715800,2021-04-06 09:30,137.16,137.98,137.01,137.84,9282395
1617802200,2021-04-07 09:30,137.45,138.1,136.88,136.88,11052827
1617888600,2021-04-08 09:30,137.39,138.07,137.36,138.01,7847918
1617975000,2021-04-09 09:30,137.5,138.19,137.09,137.51,8717951
1618234200,2021-04-12 09:30,137.46,137.53,137.1,137.45,7658990
1618320600,2021-04-13 09:30,137.3,138.51,137.2,138.48,13232786
1618407000,2021-04-14 09:30,138.03,138.2351,137.57,138.04,7293169
1618493400,2021-04-15 09:30,139.49,140.98,139.455,140.35,23896725
1618579800,2021-04-16 09:30,139.1,139.73,138.9308,139.26,15238401
1618839000,2021-04-19 09:30,138.74,139.31,138.55,138.86,13886874
1618925400,2021-04-20 09:30,138.45,139.76,138.43,139.5,11476489
1619011800,2021-04-21 09:30,139.54,139.91,139.07,139.78,11902155
1619098200,2021-04-22 09:30,140,140.39,139.2,140.39,14156678
1619184600,2021-04-23 09:30,140.38,140.47,139.49,140.06,12302248
1619443800,2021-04-26 09:30,140.15,140.51,139.85,139.86,9103549
1619530200,2021-04-27 09:30,139.59,139.82,138.525,138.64,14137281
1619616600,2021-04-28 09:30,138.65,138.89,137.96,138.73,15263720
1619703000,2021-04-29 09:30,137.45,138.36,137.125,138.32,17178229
1619789400,2021-04-30 09:30,138.507,138.73,137.98,138.64,15692322
1620048600,2021-05-03 09:30,138.7,139.645,138.28,138.52,16447651
1620135000,2021-05-04 09:30,139.49,140.16,139.155,139.46,18640004
1620221400,2021-05-05 09:30,139.03,139.85,138.92,139.69,11128146
1620307800,2021-05-06 09:30,139.25,140.19,139.2003,139.92,21907928
1620394200,2021-05-07 09:30,140.1,140.6,138.91,139.23,18346877
1620653400,2021-05-10 09:30,138.95,139.25,137.69,137.82,15146246
1620739800,2021-05-11 09:30,137.23,137.48,136.77,137.04,15158611
1620826200,2021-05-12 09:30,136.67,136.8,135.36,135.6,20859432
1620912600,2021-05-13 09:30,135.93,136.37,135.63,135.81,13074735
1620999000,2021-05-14 09:30,136.53,137.08,136.22,137.08,17566732
1621258200,2021-05-17 09:30,136.83,137.17,136.565,136.79,6113792
1621344600,2021-05-18 09:30,136.4,136.57,136.07,136.44,11423065
1621431000,2021-05-19 09:30,136.54,137.3,135.62,136.11,14296300
1621517400,2021-05-20 09:30,136.76,137.49,136.67,137.23,13310501
1621603800,2021-05-21 09:30,137.66,137.7,137.06,137.67,10171561
1621863000,2021-05-24 09:30,137.99,138.58,137.89,138.18,6736459
1621949400,2021-05-25 09:30,138.63,139.5,138.62,139.46,12346882
1622035800,2021-05-26 09:30,139.59,139.91,138.88,139.22,9793707
1622122200,2021-05-27 09:30,138.5,138.69,137.99,138.655,10695157
1622208600,2021-05-28 09:30,138.582,139.3,138.34,138.44,10258035
1622554200,2021-06-01 09:30,137.82,138.26,137.25,138.21,11778666
1622640600,2021-06-02 09:30,138.55,138.79,138.32,138.53,7347905
1622727000,2021-06-03 09:30,138.51,138.51,137.845,138.01,10994063
1622813400,2021-06-04 09:30,138.52,139.9,138.52,139.9,15773737
1623072600,2021-06-07 09:30,139.59,139.705,139.325,139.47,7799833
1623159000,2021-06-08 09:30,140.655,140.66,140.21,140.45,11231222
1623245400,2021-06-09 09:30,141.765,142.15,141.25,141.69,12768309
1623331800,2021-06-10 09:30,140.83,142.56,140.68,142.54,19698410
1623418200,2021-06-11 09:30,142.305,142.4,141.84,142.31,8646698
1623677400,2021-06-14 09:30,142.1,142.1,141.015,141.22,9401341
1623763800,2021-06-15 09:30,140.8,141.09,140.48,141.05,18207559
1623850200,2021-06-16 09:30,141.4,141.67,140.21,140.93,19676264
1623936600,2021-06-17 09:30,141.86,144.925,141.64,143.04,35225794
1624023000,2021-06-18 09:30,144.28,146.04,144.12,145.73,26616912
1624282200,2021-06-21 09:30,144.39,144.49,143.02,143.29,16485035
1624368600,2021-06-22 09:30,142.17,143.68,142.12,143.64,14530318
1624455000,2021-06-23 09:30,143.11,143.5,142.71,143.27,12041212
1624541400,2021-06-24 09:30,143.42,143.9,143.33,143.5,8788460
1624627800,2021-06-25 09:30,143.265,143.4,141.37,142.01,15562491
1624887000,2021-06-28 09:30,142.72,143.8,142.7,143.47,11460926
1624973400,2021-06-29 09:30,143.1,143.72,143.04,143.71,11218106
1625059800,2021-06-30 09:30,144.25,144.93,144.07,144.35,15708857
1625146200,2021-07-01 09:30,143.98,144.31,143.53,144.17,10809998
1625232600,2021-07-02 09:30,144.23,145.04,144.11,145.04,9650170
1625578200,2021-07-06 09:30,145.72,146.99,145.715,146.74,20037177
1625664600,2021-07-07 09:30,147.57,148.56,147.22,148.04,20964385
1625751000,2021-07-08 09:30,148.88,149.44,148.17,148.62,17487838
1625837400,2021-07-09 09:30,146.87,146.99,146.49,146.53,14483634
1626096600,2021-07-12 09:30,147.09,147.23,146.17,146.34,10610428
1626183000,2021-07-13 09:30,146.82,147.46,144.64,145.22,23340375
1626269400,2021-07-14 09:30,146.01,146.92,145.81,146.87,16038556
1626355800,2021-07-15 09:30,147.95,148.6,147.03,148.49,18462700
1626442200,2021-07-16 09:30,147.34,148.34,147.32,148.21,12787919
1626701400,2021-07-19 09:30,150.95,151.95,150.62,151.46,40203891
1626787800,2021-07-20 09:30,152.53,152.71,149.76,150,25674791
1626874200,2021-07-21 09:30,148.18,148.5,146.67,148.1,19988911
1626960600,2021-07-22 09:30,148.11,149.805,148.06,149.5,18136907
1627047000,2021-07-23 09:30,147.94,148.655,147.89,148.5,12639262
1627306200,2021-07-26 09:30,148.995,149.06,147.88,148.06,10737870
1627392600,2021-07-27 09:30,149.33,149.69,148.99,149.64,13036604
1627479000,2021-07-28 09:30,148.67,149.67,148.27,149.65,14346869
1627565400,2021-07-29 09:30,148.78,149.22,148.53,148.82,11532032
1627651800,2021-07-30 09:30,149.13,149.72,149.06,149.52,14342162
1627911000,2021-08-02 09:30,149.454,151.23,149.18,150.67,21232706
1627997400,2021-08-03 09:30,150.75,151.23,150.39,150.75,13361939
1628083800,2021-08-04 09:30,151.5,151.82,149.72,151.06,18267907
1628170200,2021-08-05 09:30,150.76,150.92,150,150.29,15345359
1628256600,2021-08-06 09:30,148.322,148.76,147.6909,147.78,21144286
1628515800,2021-08-09 09:30,148.152,148.56,147.23,147.25,12942623
1628602200,2021-08-10 09:30,147.49,147.57,146.56,146.57,13716901
1628688600,2021-08-11 09:30,146.412,147.23,145.71,146.48,17227605
1628775000,2021-08-12 09:30,146.09,146.44,145.43,146.24,14710931
1628861400,2021-08-13 09:30,146.83,148.56,146.81,148.55,18653828
1629120600,2021-08-16 09:30,149.19,150.02,148.81,148.91,19171543
1629207000,2021-08-17 09:30,148.88,149.47,148.67,148.85,14126883
1629293400,2021-08-18 09:30,148.71,149.47,148.45,149.35,13143979
1629379800,2021-08-19 09:30,150.31,150.46,149.81,150.45,15474585
1629466200,2021-08-20 09:30,150.59,150.81,150.11,150.55,12388424
1629725400,2021-08-23 09:30,150.2,150.495,149.92,150.45,10615040
1629811800,2021-08-24 09:30,149.76,150.07,149.28,149.28,13835931
1629898200,2021-08-25 09:30,149.21,149.37,147.58,148.04,16743814
1629984600,2021-08-26 09:30,147.965,148.57,147.51,148.45,16657435
1630071000,2021-08-27 09:30,148.57,149.485,148.33,149.46,15384740
1630330200,2021-08-30 09:30,148.99,149.9,148.93,149.85,10596306
1630416600,2021-08-31 09:30,149.67,150.09,148.5,148.83,15262401
1630503000,2021-09-01 09:30,149.27,149.39,148.49,148.89,10807084
1630589400,2021-09-02 09:30,149.24,149.55,148.75,149.54,9766003
1630675800,2021-09-03 09:30,148.27,148.51,147.94,148.18,12928250
1631021400,2021-09-07 09:30,147.262,147.52,146.655,146.93,15548172
1631107800,2021-09-08 09:30,147.66,148.19,147.39,147.93,14533699
1631194200,2021-09-09 09:30,148.17,149.89,147.85,149.72,20324739
1631280600,2021-09-10 09:30,148.9,149.17,148.16,148.4,14894629
1631539800,2021-09-13 09:30,149.042,149.49,148.95,149.3,15036064
1631626200,2021-09-14 09:30,149.73,151.57,149.58,151.11,19918375
1631712600,2021-09-15 09:30,151.21,151.25,149.93,150.58,11940558
1631799000,2021-09-16 09:30,149.67,150.45,149.5,149.89,13328978
1631885400,2021-09-17 09:30,149.182,149.36,148.7,149.17,13783034
1632144600,2021-09-20 09:30,150.57,151.37,150.23,151.02,14660406
1632231000,2021-09-21 09:30,150.71,150.96,150.2,150.89,10035770
1632317400,2021-09-22 09:30,150.79,151.79,150.44,151.79,22277765
1632403800,2021-09-23 09:30,150.42,150.45,148.3401,148.36,23853343
1632490200,2021-09-24 09:30,147.84,147.85,146.735,146.91,20203937
1632749400,2021-09-27 09:30,146.06,146.87,145.88,146.37,13464252
1632835800,2021-09-28 09:30,144.33,145.07,143.64,144.09,26613486
1632922200,2021-09-29 09:30,144.8,145.43,143.69,144.34,23569416
1633008600,2021-09-30 09:30,144.1,144.515,143.65,144.32,22567556
1633095000,2021-10-01 09:30,144.85,145.4,144.2,145.35,26151798
1633354200,2021-10-04 09:30,144.67,145.46,144.1,144.98,28027596
1633440600,2021-10-05 09:30,144.6,144.7,143.461,143.58,22659503
1633527000,2021-10-06 09:30,144.23,144.715,144.025,144.39,18696687
1633613400,2021-10-07 09:30,143.185,143.335,142.59,142.88,14856041
1633699800,2021-10-08 09:30,142.255,142.35,141.525,141.88,17257754
1633959000,2021-10-11 09:30,141.6,141.9,141.45,141.52,7213403
1634045400,2021-10-12 09:30,142.63,144.01,142.48,143.94,17968952
1634131800,2021-10-13 09:30,144.61,145.53,144.5754,145.34,23584827
1634218200,2021-10-14 09:30,145.37,145.96,144.945,145.88,12950609
1634304600,2021-10-15 09:30,145,145.14,144.47,145.03,11811540
1634563800,2021-10-18 09:30,145,146,144.52,145.71,12115879
1634650200,2021-10-19 09:30,144.66,144.73,143.65,143.7,12156566
1634736600,2021-10-20 09:30,143.25,143.68,142.51,142.73,12782477
1634823000,2021-10-21 09:30,143,143.15,142.23,142.56,13660022
1634909400,2021-10-22 09:30,143.45,144.4,143.21,144.13,13740010
1635168600,2021-10-25 09:30,143.67,144.3,143.63,143.91,8138047
1635255000,2021-10-26 09:30,144.62,145.1,143.74,145.1,13670997
1635341400,2021-10-27 09:30,146.4,148.18,145.93,147.74,22092262
1635427800,2021-10-28 09:30,147.79,148.33,146.835,147.24,17497586
1635514200,2021-10-29 09:30,146.47,148,146.32,147.69,19087338
1635773400,2021-11-01 09:30,145.8,146.76,145.7,146.44,18035452
1635859800,2021-11-02 09:30,146.5,147.57,146.5,147.09,9836737
1635946200,2021-11-03 09:30,147.82,147.98,145.53,145.57,20639350
1636032600,2021-11-04 09:30,145.87,147.36,145.85,147.1,15922377
1636119000,2021-11-05 09:30,148.52,149.58,148.13,149.3,21513029
1636381800,2021-11-08 09:30,148.96,149.28,148.51,149.02,12083905
1636468200,2021-11-09 09:30,150.8,151.767,150.64,150.96,23430239
1636554600,2021-11-10 09:30,150.83,150.93,147.03,148.2,28170644
1636641000,2021-11-11 09:30,148.508,148.655,147.89,147.98,5552818
1636727400,2021-11-12 09:30,148,148.51,146.76,147.33,12711972
1636986600,2021-11-15 09:30,146.89,146.96,145.22,145.48,15232710
1637073000,2021-11-16 09:30,145.69,146.38,144.85,145.11,12998708
1637159400,2021-11-17 09:30,144.57,146.29,144.46,146.26,14239864
1637245800,2021-11-18 09:30,145.9917,146.9,145.95,146.81,11055620
1637332200,2021-11-19 09:30,147.58,148.595,147.58,148.36,14022924
1637591400,2021-11-22 09:30,147.4,147.64,146.125,146.62,15267367
1637677800,2021-11-23 09:30,145.93,146.11,144.5,144.5,15321246
1637764200,2021-11-24 09:30,144.94,146.82,144.79,146.82,13769705
1637937000,2021-11-26 09:30,148.83,150.68,148.67,150.53,20064778
1638196200,2021-11-29 09:30,148.31,149.635,148.17,149.32,23234231
1638282600,2021-11-30 09:30,150.83,152.07,150.25,151.59,31481117
1638369000,2021-12-01 09:30,150.485,152.41,149.79,152.34,30838845
1638455400,2021-12-02 09:30,152.93,152.99,150.76,152.53,17754176
1638541800,2021-12-03 09:30,151.68,155.12,151.35,154.35,34427106
1638801000,2021-12-06 09:30,154.05,154.35,151.93,152.23,30924205
1638887400,2021-12-07 09:30,151.72,152.525,150.8601,151,22115851
1638973800,2021-12-08 09:30,150.472,150.48,148.36,148.39,33633891
1639060200,2021-12-09 09:30,149.34,149.84,148.48,149.22,17544892
1639146600,2021-12-10 09:30,149.92,150.24,148.81,148.86,14298740
1639405800,2021-12-13 09:30,150.39,151.305,150.31,151.06,17860465
1639492200,2021-12-14 09:30,150.37,150.93,149.31,150.7,14015451
1639578600,2021-12-15 09:30,149.6139,150.79,149.13,149.25,25383933
1639665000,2021-12-16 09:30,148.75,149.88,148.73,149.14,18677893
1639751400,2021-12-17 09:30,150.34,150.98,150.16,150.83,18094619
1640010600,2021-12-20 09:30,150.75,151.02,149.595,149.7,17147276
1640097000,2021-12-21 09:30,148.14,149.2,147.62,149.13,16598163
1640183400,2021-12-22 09:30,149.73,149.86,149.02,149.82,12253936
1640269800,2021-12-23 09:30,149.59,149.6,148.03,148.52,11642576
1640615400,2021-12-27 09:30,148.46,149.01,148.32,148.88,7822856
1640701800,2021-12-28 09:30,149.6,149.78,148.01,148.29,9176428
1640788200,2021-12-29 09:30,146.91,147.309,146.41,146.67,11771223
1640874600,2021-12-30 09:30,147.25,147.9699,146.45,147.9,10355046
1640961000,2021-12-31 09:30,147.81,149.03,147.43,148.19,13402321
1641220200,2022-01-03 09:30,146.41,146.94,144.28,144.3,33860382
1641306600,2022-01-04 09:30,143.61,144.13,142.74,143.7,21996350
1641393000,2022-01-05 09:30,144.14,144.16,142.71,142.92,20911677
1641479400,2022-01-06 09:30,142.59,143.44,142.29,143.29,18996353
1641565800,2022-01-07 09:30,143.13,143.236,141.56,142.26,18756845
1641825000,2022-01-10 09:30,141.65,142.805,141.36,142.61,13775770
1641911400,2022-01-11 09:30,142.88,143.63,142.695,143.56,24388906
1641997800,2022-01-12 09:30,143.9,144.01,142.995,143.01,14440646
1642084200,2022-01-13 09:30,143.39,144.42,143.03,144.28,15166030
1642170600,2022-01-14 09:30,143.42,143.46,141.795,142.1,22997531
1642516200,2022-01-18 09:30,140.96,141.31,140.02,140.1,21173750
1642602600,2022-01-19 09:30,140.53,141.71,140.31,141.07,17930463
1642689000,2022-01-20 09:30,141.37,141.99,141.09,141.94,13958952
1642775400,2022-01-21 09:30,143.4,144.1,142.67,143.63,28916580
1643034600,2022-01-24 09:30,144.3,144.365,142.43,142.45,25005719
1643121000,2022-01-25 09:30,143.11,143.71,141.8,142.22,15598988
1643207400,2022-01-26 09:30,142.26,142.57,140.49,140.5,23655546
1643293800,2022-01-27 09:30,142.41,143.365,142.33,143.08,21501789
1643380200,2022-01-28 09:30,142.09,143.46,141.85,143.13,12826512
1643639400,2022-01-31 09:30,142.18,142.95,141.96,142.39,13998392
1643725800,2022-02-01 09:30,142.28,142.36,141.055,141.72,20806097
1643812200,2022-02-02 09:30,141.95,143.57,141.93,142.2,18404569
1643898600,2022-02-03 09:30,140.44,141.48,140.18,141.09,17234053
1643985000,2022-02-04 09:30,139.85,140.14,138.78,139.01,23609757
1644244200,2022-02-07 09:30,138.91,139.31,138.55,139.1,12962436
1644330600,2022-02-08 09:30,138.21,138.58,137.82,138.17,16269187
1644417000,2022-02-09 09:30,138.72,139.37,138.19,138.43,14349139
1644503400,2022-02-10 09:30,137.66,137.83,135.84,136.23,30896240
1644589800,2022-02-11 09:30,136.87,138.51,135.36,138.25,43210273
1644849000,2022-02-14 09:30,137.13,137.74,135.97,136.53,23157421
1644935400,2022-02-15 09:30,135.6,135.84,134.94,134.98,18200703
1645021800,2022-02-16 09:30,135.95,136.07,134.51,135.78,16473677
1645108200,2022-02-17 09:30,136.45,137.565,135.9,136.79,24508242
1645194600,2022-02-18 09:30,137.52,138.37,137.16,138.23,17522577
1645540200,2022-02-22 09:30,137.69,138.67,137.47,138.59,19534043
1645626600,2022-02-23 09:30,137.68,137.8499,136.565,136.68,17757840
1645713000,2022-02-24 09:30,139.1,139.37,136.25,136.77,28150362
1645799400,2022-02-25 09:30,136.86,137.31,136.18,136.87,15025360
1646058600,2022-02-28 09:30,138.43,140.045,138.32,139.87,25817704
1646145000,2022-03-01 09:30,140.36,142.33,140,141.3,35664355
1646231400,2022-03-02 09:30,139.84,140.42,136.41,136.47,30397410
1646317800,2022-03-03 09:30,137.49,138.7,137.02,137.86,20649063
1646404200,2022-03-04 09:30,140.36,140.825,139.305,140.24,25854808
1646663400,2022-03-07 09:30,139.12,140.64,138.77,139.17,23710932
1646749800,2022-03-08 09:30,137.51,138.25,137.25,137.77,28331275
1646836200,2022-03-09 09:30,137.065,137.3403,136.13,136.42,18819154
1646922600,2022-03-10 09:30,134.83,135.17,133.72,134.46,26868881
1647009000,2022-03-11 09:30,134.33,135.45,134.21,134.91,15583795
1647264600,2022-03-14 09:30,132.7,132.89,131.72,131.76,24384956
1647351000,2022-03-15 09:30,132.86,133.15,131.19,131.53,17518754
1647437400,2022-03-16 09:30,131.83,133.13,130.32,132.82,25857702
1647523800,2022-03-17 09:30,132.82,133.34,131.07,131.83,19330578
1647610200,2022-03-18 09:30,132.57,133.535,132.57,133.44,55891681
1647869400,2022-03-21 09:30,131.28,131.67,129.75,130.35,26122048
1647955800,2022-03-22 09:30,128.96,129.335,128.34,128.68,21830886
1648042200,2022-03-23 09:30,129.37,131.6,128.86,131.5,21266117
1648128600,2022-03-24 09:30,129.65,131.18,129.6,130.47,17141591
1648215000,2022-03-25 09:30,129.5,129.52,127.65,128.66,25689789
1648474200,2022-03-28 09:30,129.39,130.56,129.04,129.76,17657777
1648560600,2022-03-29 09:30,130.56,131.55,129.74,130.74,19319654
1648647000,2022-03-30 09:30,130.07,132.01,129.985,131.76,16310219
1648733400,2022-03-31 09:30,131.98,132.67,131.66,132.08,19900953
1648819800,2022-04-01 09:30,130.01,132.96,129.71,132.38,23489724
1649079000,2022-04-04 09:30,131.93,131.98,130.71,131.46,13609923
1649165400,2022-04-05 09:30,130.76,130.775,128.29,128.49,25196929
1649251800,2022-04-06 09:30,126.43,128.3,126.4,127.45,22951954
1649338200,2022-04-07 09:30,126.11,126.67,125.41,126.49,23458768
1649424600,2022-04-08 09:30,125.45,125.83,124.26,125.12,26859158
1649683800,2022-04-11 09:30,123.92,124.19,122.56,123.14,30020696
1649770200,2022-04-12 09:30,124.05,124.16,122.67,122.97,23124178
1649856600,2022-04-13 09:30,123.05,124.3,122.89,123.22,17189500
1649943000,2022-04-14 09:30,122.86,122.93,120.38,120.75,34274530
1650288600,2022-04-18 09:30,120.87,121.08,119.69,120.15,18784253
1650375000,2022-04-19 09:30,119.15,119.72,118.67,119.25,26012315
1650461400,2022-04-20 09:30,120.22,121.965,119.92,121.65,31423175
1650547800,2022-04-21 09:30,120.83,120.91,119.17,120.75,23323244
1650634200,2022-04-22 09:30,120.07,121.44,119.81,119.99,19773405
1650893400,2022-04-25 09:30,121.38,122.185,121.125,121.19,25418916
1650979800,2022-04-26 09:30,122.44,123.03,121.76,122.41,26931347
1651066200,2022-04-27 09:30,122.19,122.32,120.77,120.84,14560521
1651152600,2022-04-28 09:30,120.39,121.07,120.01,121.02,16892495
1651239000,2022-04-29 09:30,119.31,120.97,119.105,119.45,26153421
1651498200,2022-05-02 09:30,117.86,118.27,116.93,117.18,29233885
1651584600,2022-05-03 09:30,119.04,119.31,117.89,117.97,21256662
1651671000,2022-05-04 09:30,117.97,118.965,117.35,118.62,25575688
1651757400,2022-05-05 09:30,116.35,116.47,114.015,115.37,48384528
1651843800,2022-05-06 09:30,114.14,115.04,113.31,113.67,32790491
1652103000,2022-05-09 09:30,112.86,114.71,112.62,114.67,26773036
1652189400,2022-05-10 09:30,115.89,116.96,115.48,115.71,33640756
1652275800,2022-05-11 09:30,114.74,117.94,114.44,117.94,34173628
1652362200,2022-05-12 09:30,118.02,118.89,117.655,117.72,26405693
1652448600,2022-05-13 09:30,116.98,117.15,115.9,115.98,20782747
1652707800,2022-05-16 09:30,116.21,116.935,115.85,115.86,11050571
1652794200,2022-05-17 09:30,114.71,115.35,114.36,114.46,15040753
1652880600,2022-05-18 09:30,114.72,117,114.61,116.9,21337265
1652967000,2022-05-19 09:30,118.64,118.72,116.8537,117.18,21937465
1653053400,2022-05-20 09:30,117.09,119.02,117.06,118.51,22780940
1653312600,2022-05-23 09:30,117.705,118.25,116.54,116.56,15925189
1653399000,2022-05-24 09:30,117.9,119.638,117.86,118.86,23388212
1653485400,2022-05-25 09:30,119.61,119.62,118.59,119.33,14410842
1653571800,2022-05-26 09:30,119.02,119.09,117.8,118.79,14912949
1653658200,2022-05-27 09:30,119.36,119.737,118.74,119.08,11190426
1654003800,2022-05-31 09:30,117.18,117.23,115.928,116.56,28393674
1654090200,2022-06-01 09:30,117.03,117.34,115.69,116.22,15544848
1654176600,2022-06-02 09:30,116.63,116.71,115.46,116.28,9832015
1654263000,2022-06-03 09:30,115.09,116.06,114.87,116.03,15330410
1654522200,2022-06-06 09:30,115.15,115.51,113.81,113.89,20815373
1654608600,2022-06-07 09:30,114.61,115.775,114.58,115.12,14278653
1654695000,2022-06-08 09:30,114.68,115.13,114.08,114.1,11476139
1654781400,2022-06-09 09:30,113.835,114.71,113.68,114.48,15527256
1654867800,2022-06-10 09:30,114.36,114.61,112.965,113.77,21917058
1655127000,2022-06-13 09:30,111.49,111.67,109.24,110.2,36968312
1655213400,2022-06-14 09:30,110.53,110.98,108.59,108.81,21865876
1655299800,2022-06-15 09:30,110.085,110.99,109.03,110.84,25202801
1655386200,2022-06-16 09:30,108.45,111.72,108.115,111.72,26067258
1655472600,2022-06-17 09:30,112.01,112.83,110.96,112.08,21614262
1655818200,2022-06-21 09:30,110.09,111.015,109.8128,110.18,17663799
1655904600,2022-06-22 09:30,112.69,113.31,112.38,113.21,23703814
1655991000,2022-06-23 09:30,113.9,115.165,113.49,114.14,20669222
1656077400,2022-06-24 09:30,113.46,114.17,112.5,112.56,18161250
1656336600,2022-06-27 09:30,111.22,112.22,111.16,111.6,12053040
1656423000,2022-06-28 09:30,111.29,112.18,110.87,112.12,13708196
1656509400,2022-06-29 09:30,112.38,113.9,112.17,113.87,12925357
1656595800,2022-06-30 09:30,114.859,115.77,114.75,114.87,25802128
1656682200,2022-07-01 09:30,115.9,117.59,115.22,115.82,21858829
1657027800,2022-07-05 09:30,116.89,117.75,116.17,116.73,16689670
1657114200,2022-07-06 09:30,117.39,117.54,114.77,114.77,20205365
1657200600,2022-07-07 09:30,115.1,115.17,113.51,113.76,13087988
1657287000,2022-07-08 09:30,113.5,113.5,112.05,112.5,15320004
1657546200,2022-07-11 09:30,113.79,114.79,113.7,114.44,13639942
1657632600,2022-07-12 09:30,115.51,116.23,114.97,115.12,18547318
1657719000,2022-07-13 09:30,113.77,116.65,113.45,116.44,20594832
1657805400,2022-07-14 09:30,115.08,116.16,114.47,115.49,15664987
1657891800,2022-07-15 09:30,115.84,116.82,115.6,116.14,16022586
1658151000,2022-07-18 09:30,115.25,115.32,114.18,114.93,15838268
1658237400,2022-07-19 09:30,114.91,115.15,113.66,114.31,9276754
1658323800,2022-07-20 09:30,115.48,115.55,114.05,114.61,9117311
1658410200,2022-07-21 09:30,115.19,116.7195,115.01,116.59,14754886
1658496600,2022-07-22 09:30,118.29,119.27,117.97,118.55,17715311
1658755800,2022-07-25 09:30,116.71,117.54,116.47,117.39,24868134
1658842200,2022-07-26 09:30,118.86,119.24,117.395,117.48,13535963
1658928600,2022-07-27 09:30,118.01,118.485,116.71,116.82,15725564
1659015000,2022-07-28 09:30,118.045,118.92,117.32,117.75,16637914
1659101400,2022-07-29 09:30,117.7,119.305,117.33,117.43,16655870
1659360600,2022-08-01 09:30,118.25,120.1,118.08,120.04,17974560
1659447000,2022-08-02 09:30,120.15,120.69,117.285,117.5,17896257
1659533400,2022-08-03 09:30,117.17,119.49,116.3336,119.35,16731172
1659619800,2022-08-04 09:30,118.98,119.55,118.54,119.31,11003006
1659706200,2022-08-05 09:30,117.07,117.11,115.89,116.47,19492287
1659965400,2022-08-08 09:30,117.64,118.53,117.56,118.35,17477736
1660051800,2022-08-09 09:30,117.73,118.359,117.46,117.89,8223201
1660138200,2022-08-10 09:30,117.73,118.91,116.73,117.12,14665302
1660224600,2022-08-11 09:30,116.87,117.06,114.09,114.39,20663783
1660311000,2022-08-12 09:30,115.1,115.57,114.43,115.55,12178401
1660570200,2022-08-15 09:30,116.33,116.745,115.45,115.45,9031814
1660656600,2022-08-16 09:30,115.25,116.02,114.24,115.93,11065955
1660743000,2022-08-17 09:30,115.06,115.1,114.31,114.72,14131281
1660829400,2022-08-18 09:30,114.97,115.64,114.585,114.89,10738208
1660915800,2022-08-19 09:30,113.23,113.335,112.74,113.04,16330898
1661175000,2022-08-22 09:30,112.86,112.96,112.13,112.66,10457236
1661261400,2022-08-23 09:30,112.19,113.48,111.735,112.04,17813184
1661347800,2022-08-24 09:30,111.485,111.87,110.86,111.22,13971626
1661434200,2022-08-25 09:30,111.32,113.09,110.99,112.77,21429692
1661520600,2022-08-26 09:30,112.3,113.99,112.01,113.62,18764391
1661779800,2022-08-29 09:30,112.94,113.01,112.1324,112.68,14278261
1661866200,2022-08-30 09:30,112.62,113.51,112.21,112.96,14346559
1661952600,2022-08-31 09:30,112.69,113.34,111.575,111.88,13623548
1662039000,2022-09-01 09:30,109.87,110.25,108.94,109.6,22490448
1662125400,2022-09-02 09:30,109.68,110.56,109.47,110.22,13024448
1662471000,2022-09-06 09:30,108.9,108.97,107.42,107.49,24648520
1662557400,2022-09-07 09:30,108.32,109.48,108.21,109.19,17050131
1662643800,2022-09-08 09:30,108.84,109.52,108.05,108.07,14671366
1662730200,2022-09-09 09:30,108.33,108.795,107.63,108.31,12529797
1662989400,2022-09-12 09:30,108.63,108.89,106.92,107.42,14806921
1663075800,2022-09-13 09:30,106.56,107.735,106.24,107.67,22158884
1663162200,2022-09-14 09:30,107.34,108.21,107.115,108.04,13077844
1663248600,2022-09-15 09:30,107.85,108.19,107.58,107.97,10260164
1663335000,2022-09-16 09:30,107.03,108.05,106.765,107.07,18903848
1663594200,2022-09-19 09:30,106.96,107.82,106.8,107.32,11084426
1663680600,2022-09-20 09:30,105.69,106.84,105.4,106.25,20133840
1663767000,2022-09-21 09:30,106.7,108.04,105.97,108.03,23132922
1663853400,2022-09-22 09:30,105.79,105.96,104.73,105.27,29030571
1663939800,2022-09-23 09:30,105.34,106.425,104.56,105.7,23042234
1664199000,2022-09-26 09:30,105.36,105.41,103.22,103.68,25104572
1664285400,2022-09-27 09:30,102.71,102.98,100.9,100.95,34609453
1664371800,2022-09-28 09:30,103.13,104.45,102.48,104.33,39283095
1664458200,2022-09-29 09:30,102.9,104.225,102.8,103.79,19127141
1664544600,2022-09-30 09:30,104.27,104.86,102.225,102.45,26485690
1664803800,2022-10-03 09:30,103.85,104.68,103.15,103.83,27192238
1664890200,2022-10-04 09:30,104.15,104.6499,103.3,103.54,13788739
1664976600,2022-10-05 09:30,102.73,102.84,101.5802,102.55,20522057
1665063000,2022-10-06 09:30,102.59,102.84,101.53,101.98,13965691
1665149400,2022-10-07 09:30,100.81,101.62,100.47,100.99,14814780
1665408600,2022-10-10 09:30,100.5,100.51,98.795,99.42,15652632
1665495000,2022-10-11 09:30,99.74,100.9,98.99,99.86,33246713
1665581400,2022-10-12 09:30,99.275,100.535,99.19,100.35,21447565
1665667800,2022-10-13 09:30,98.36,100.38,98.34,99.39,30292454
1665754200,2022-10-14 09:30,100.19,100.19,98.25,98.57,18732892
1666013400,2022-10-17 09:30,99.29,99.66,97.94,98.09,18969871
1666099800,2022-10-18 09:30,97.95,98.46,96.87,98.32,16931451
1666186200,2022-10-19 09:30,97.19,97.42,96.32,96.53,25431577
1666272600,2022-10-20 09:30,95.93,96.33,94.74,94.88,25434934
1666359000,2022-10-21 09:30,93.02,93.93,92.26,93.17,46280271
1666618200,2022-10-24 09:30,92.82,93.55,91.85,92.4,31332597
1666704600,2022-10-25 09:30,94.58,95.225,94.44,95.09,31213113
1666791000,2022-10-26 09:30,95.77,96.69,95.765,96.46,24854742
1666877400,2022-10-27 09:30,96.98,97.9,96.215,97.47,20270036
1666963800,2022-10-28 09:30,96.86,97.625,96.41,96.8,22244089
1667223000,2022-10-31 09:30,96.36,96.62,95.03,96.11,23956687
1667309400,2022-11-01 09:30,97.38,97.42,96.21,96.77,17585088
1667395800,2022-11-02 09:30,96.91,97.63,95.96,96.35,25010515
1667482200,2022-11-03 09:30,95.17,96.38,95.09,95.83,29097497
1667568600,2022-11-04 09:30,95.1,95.655,94.22,94.22,23561369
1667831400,2022-11-07 09:30,94.8,94.86,93.24,93.28,14522820
1667917800,2022-11-08 09:30,93.8,94.96,93.7698,94.3,20360550
1668004200,2022-11-09 09:30,93.82,95.02,93.69,94.61,15637456
1668090600,2022-11-10 09:30,96.725,98.43,96.64,98.25,45380877
1668177000,2022-11-11 09:30,97.57,98.37,97.54,97.89,15943114
1668436200,2022-11-14 09:30,97.91,97.985,97.09,97.65,13711928
1668522600,2022-11-15 09:30,98.25,99.3,98.11,99.23,26608180
1668609000,2022-11-16 09:30,100.02,101.45,99.74,101.4,28507673
1668695400,2022-11-17 09:30,100.2,100.57,99.78,100.33,24536378
1668781800,2022-11-18 09:30,100.6,100.885,99.545,99.64,14941277
1669041000,2022-11-21 09:30,100.69,100.815,99.8,100.06,15534009
1669127400,2022-11-22 09:30,100.65,101.62,100.5319,101.48,18103116
1669213800,2022-11-23 09:30,102.14,103.25,102.08,103.25,23234587
1669386600,2022-11-25 09:30,102.61,102.93,102.43,102.9,9486076
1669645800,2022-11-28 09:30,103.61,103.805,102.685,103.19,14569219
1669732200,2022-11-29 09:30,102.15,102.96,101.91,101.98,16576438
1669818600,2022-11-30 09:30,101.615,102.73,101.37,102.73,21581659
1669905000,2022-12-01 09:30,103.15,105.81,103.1,105.76,53156786
1669991400,2022-12-02 09:30,105.3,107.1,104.605,107.09,24479525
1670250600,2022-12-05 09:30,105.84,105.99,104.9,105.59,20159732
1670337000,2022-12-06 09:30,106.5,107.39,106.19,106.95,21754513
1670423400,2022-12-07 09:30,108.37,109.68,108.2,109.47,30546679
1670509800,2022-12-08 09:30,108.7,109.45,108.47,109.17,13377290
1670596200,2022-12-09 09:30,107.94,108.17,106.27,106.33,25872173
1670855400,2022-12-12 09:30,107.86,108.11,106.26,106.67,16897091
1670941800,2022-12-13 09:30,109.04,109.08,107.455,107.7,23854670
1671028200,2022-12-14 09:30,107.66,108.32,106.8927,108.16,19517531
1671114600,2022-12-15 09:30,108.39,109.12,108.16,108.32,20255470
1671201000,2022-12-16 09:30,106.6,107.83,106.31,107.11,20838343
1671460200,2022-12-19 09:30,105.83,105.84,104.98,105.31,26126829
1671546600,2022-12-20 09:30,103.38,103.81,103.1,103.44,28869030
1671633000,2022-12-21 09:30,104.29,104.4,102.96,103.7,15894092
1671719400,2022-12-22 09:30,103.67,104.12,103.38,103.68,11322512
1671805800,2022-12-23 09:30,102.58,102.81,102.0225,102.16,15408891
1672151400,2022-12-27 09:30,100.49,101.07,100.01,100.14,26475730
1672237800,2022-12-28 09:30,100.65,100.78,99.35,99.55,17302853
1672324200,2022-12-29 09:30,99.86,100.99,99.79,100.68,16592967
1672410600,2022-12-30 09:30,99.87,100.55,99.37,99.56,20810209
1672756200,2023-01-03 09:30,102.2,102.34,100.84,101.46,25313228
1672842600,2023-01-04 09:30,103.22,103.475,102.21,102.85,21678210
1672929000,2023-01-05 09:30,101.87,103.288,101.78,103.28,14771117
1673015400,2023-01-06 09:30,102.7,105.3,102.64,105.18,27473733
1673274600,2023-01-09 09:30,104.41,105.93,104.27,105.74,21472166
1673361000,2023-01-10 09:30,104.53,104.82,103.5,103.99,20545215
1673447400,2023-01-11 09:30,104.97,105.72,104.7,105.68,18794029
1673533800,2023-01-12 09:30,105.82,107.81,104.56,107.76,32029608
1673620200,2023-01-13 09:30,107.1,107.8,106.38,106.75,17750775
1673965800,2023-01-17 09:30,105.67,106.66,105.65,106.06,13911676
1674052200,2023-01-18 09:30,108.46,108.77,107.12,108.63,35497241
1674138600,2023-01-19 09:30,108.1,108.37,107.44,107.95,17194653
1674225000,2023-01-20 09:30,106.96,107.24,106.11,106.2,22754067
1674484200,2023-01-23 09:30,105.57,106.2,105.49,105.7,12961516
1674570600,2023-01-24 09:30,106.12,107.45,105.39,107.22,16417220
1674657000,2023-01-25 09:30,107.37,107.905,106.64,107.48,11906502
1674743400,2023-01-26 09:30,107.14,107.65,106.49,106.98,15549352
1674829800,2023-01-27 09:30,106.19,106.96,106.11,106.71,11845473
1675089000,2023-01-30 09:30,106.46,107.16,106.19,106.32,11459667
1675175400,2023-01-31 09:30,106.98,107.28,105.87,107.17,13705345
1675261800,2023-02-01 09:30,107.55,108.59,106.42,108.18,25305791
1675348200,2023-02-02 09:30,108.92,109.352,108.085,108.32,19548415
1675434600,2023-02-03 09:30,106.77,107.11,106.08,106.7,20619484
1675693800,2023-02-06 09:30,105.75,106.305,105.68,105.91,15182444
1675780200,2023-02-07 09:30,105.33,106.23,105,105.06,18290306
1675866600,2023-02-08 09:30,105.04,105.58,104.39,105.56,13530655
1675953000,2023-02-09 09:30,106.47,106.62,104.39,104.56,20469923
1676039400,2023-02-10 09:30,104.4,104.44,103.115,103.39,16598349
1676298600,2023-02-13 09:30,103.71,104.415,103.58,104.26,13134299
1676385000,2023-02-14 09:30,104.2,104.83,103.135,104.02,15440317
1676471400,2023-02-15 09:30,103.55,103.95,102.495,103.05,15567607
1676557800,2023-02-16 09:30,102.07,102.22,101.33,101.59,19267327
1676644200,2023-02-17 09:30,101.1,102.38,100.965,102.38,19560871
1676989800,2023-02-21 09:30,101.005,101.2,100.28,100.39,22727975
1677076200,2023-02-22 09:30,100.99,101.69,100.95,101.31,15165423
1677162600,2023-02-23 09:30,101.54,102.59,101.47,102.3,15829077
1677249000,2023-02-24 09:30,101.44,101.795,100.56,100.97,21403577
1677508200,2023-02-27 09:30,101.29,101.7,100.91,101.25,14209183
1677594600,2023-02-28 09:30,100.57,101.72,100.28,101.71,14955716
1677681000,2023-03-01 09:30,100.82,101.03,99.96,100.37,19000033
1677767400,2023-03-02 09:30,99.06,99.645,98.88,99.48,23769180
1677853800,2023-03-03 09:30,100.93,101.9,100.57,101.89,30877342
1678113000,2023-03-06 09:30,102.22,102.34,100.99,101.1,16631871
1678199400,2023-03-07 09:30,101.46,102.365,100.88,101.72,23096462
1678285800,2023-03-08 09:30,102.4,102.97,101.42,101.82,20252359
1678372200,2023-03-09 09:30,101.55,102.52,101.33,102.07,21550356
1678458600,2023-03-10 09:30,104.03,105.6939,104,105.59,43921484
1678714200,2023-03-13 09:30,108.2,109.1,105.04,105.83,51502460
1678800600,2023-03-14 09:30,105.14,105.61,103.75,104.09,38417777
1678887000,2023-03-15 09:30,106.78,107.71,105.345,106.1,45164118
1678973400,2023-03-16 09:30,107.38,108.03,105.04,105.27,43103531
1679059800,2023-03-17 09:30,106.65,107.73,106.46,106.85,38128985
1679319000,2023-03-20 09:30,106.88,106.96,105.72,105.91,24242781
1679405400,2023-03-21 09:30,105.08,105.42,104.54,105,18934923
1679491800,2023-03-22 09:30,104.66,106.45,104.44,106.4,26388481
1679578200,2023-03-23 09:30,105.36,106.55,104.82,106.4,25475128
1679664600,2023-03-24 09:30,107.09,107.43,106.26,106.85,23657586
1679923800,2023-03-27 09:30,105.05,105.76,104.325,104.34,22224508
1680010200,2023-03-28 09:30,104.24,104.68,104.02,104.53,17794343
1680096600,2023-03-29 09:30,103.7,104.45,103.6,104.32,16804393
1680183000,2023-03-30 09:30,104.46,105.05,104.27,104.8,14315802
1680269400,2023-03-31 09:30,105.35,106.56,105.075,106.37,25396684
1680528600,2023-04-03 09:30,105.88,107.095,105.7,106.6,18234843
1680615000,2023-04-04 09:30,105.78,107.8,105.75,107.13,18052419
1680701400,2023-04-05 09:30,107.77,108.37,107.41,108.25,23047703
1680787800,2023-04-06 09:30,108.42,108.87,108.39,108.53,16447295
1681133400,2023-04-10 09:30,107.64,107.7618,106.56,106.78,19134399
1681219800,2023-04-11 09:30,107.05,107.09,106.51,107,13971249
1681306200,2023-04-12 09:30,107.05,107.165,105.88,106.89,20563001
1681392600,2023-04-13 09:30,107.05,107.39,105.88,106.05,22079384
1681479000,2023-04-14 09:30,105.39,105.55,104.77,105.08,19801897
1681738200,2023-04-17 09:30,104.42,104.59,103.71,103.83,19528811
1681824600,2023-04-18 09:30,103.81,104.585,103.8,104.2,15922623
1681911000,2023-04-19 09:30,103.91,104.237,103.475,104.1,16093905
1681997400,2023-04-20 09:30,104.83,105.28,104.753,104.99,16450090
1682083800,2023-04-21 09:30,105.3,105.46,104.27,104.4,15244718
1682343000,2023-04-24 09:30,104.96,105.4875,104.84,105.41,17034309
1682429400,2023-04-25 09:30,106.33,107.13,106.28,106.96,21899884
1682515800,2023-04-26 09:30,106.79,107.24,105.67,105.82,19610403
1682602200,2023-04-27 09:30,105.2,105.27,104.61,104.77,20247619
1682688600,2023-04-28 09:30,106.21,106.76,105.86,106.46,26954077
1682947800,2023-05-01 09:30,105.27,105.42,102.84,103.13,32487293
1683034200,2023-05-02 09:30,104,105.7,103.89,105.7,30057756
1683120600,2023-05-03 09:30,106,106.6,105.275,106.29,23656168
1683207000,2023-05-04 09:30,105.22,106.45,105.15,105.24,25110469
1683293400,2023-05-05 09:30,104.35,104.9,104.105,104.89,15096463
1683552600,2023-05-08 09:30,103.515,103.87,103.32,103.42,20587042
1683639000,2023-05-09 09:30,103.5,103.64,103,103.05,19182506
1683725400,2023-05-10 09:30,103.67,104.24,103.64,104.05,22886805
1683811800,2023-05-11 09:30,105.295,105.52,104.72,105.15,19147223
1683898200,2023-05-12 09:30,105.05,105.25,104.25,104.27,14198538
1684157400,2023-05-15 09:30,103.39,103.47,103.12,103.19,20085302
1684243800,2023-05-16 09:30,102.4,102.9,102.11,102.88,29251698
1684330200,2023-05-17 09:30,103.08,103.16,102.345,102.58,21340887
1684416600,2023-05-18 09:30,102.2,102.26,101.75,101.82,25536613
1684503000,2023-05-19 09:30,101.26,101.86,100.93,101.1,29038022
1684762200,2023-05-22 09:30,101.25,101.71,100.67,100.74,20131107
1684848600,2023-05-23 09:30,100.43,101.25,100.275,101.03,21749470
1684935000,2023-05-24 09:30,101.28,101.36,100.53,100.53,18473351
1685021400,2023-05-25 09:30,100.7,100.8,100.03,100.28,22492819
1685107800,2023-05-26 09:30,100.12,101.1733,100,101.09,17030266
1685453400,2023-05-30 09:30,101.4,102.24,101.25,102.1,23125160
1685539800,2023-05-31 09:30,101.99,103.18,101.87,102.99,23787034
1685626200,2023-06-01 09:30,103.28,103.63,102.63,103.12,21040382
1685712600,2023-06-02 09:30,103,103.065,101.94,101.99,19136515
1685971800,2023-06-05 09:30,101.35,102.4399,101.21,101.8,14433172
1686058200,2023-06-06 09:30,101.84,102.47,101.39,102.4,14332121
1686144600,2023-06-07 09:30,102.17,102.43,100.78,100.88,25251099
1686231000,2023-06-08 09:30,100.87,102.14,100.8,102.06,23848659
1686317400,2023-06-09 09:30,101.6,102.265,101.34,101.92,22148561
1686576600,2023-06-12 09:30,102.24,102.3,101.12,102.22,19024132
1686663000,2023-06-13 09:30,102.11,102.33,100.965,101.21,25910828
1686749400,2023-06-14 09:30,101.63,102.29,101.46,102.02,29094244
1686835800,2023-06-15 09:30,103.03,103.63,102.6,103,25731994
1686922200,2023-06-16 09:30,102.44,102.8269,102.03,102.6,16759084
1687267800,2023-06-20 09:30,103.11,103.6581,103.11,103.31,17163972
1687354200,2023-06-21 09:30,102.81,103.65,102.34,103.56,19720142
1687440600,2023-06-22 09:30,102.8,103.25,102.2,102.31,23633350
1687527000,2023-06-23 09:30,103.83,103.95,102.98,103.33,22901918
1687786200,2023-06-26 09:30,103.62,103.8,103.16,103.44,12894937
1687872600,2023-06-27 09:30,103.59,103.95,102.76,103.17,18105686
1687959000,2023-06-28 09:30,103.41,103.84,102.827,103.61,23826807
1688045400,2023-06-29 09:30,102.17,102.34,101.45,101.74,41091617
1688131800,2023-06-30 09:30,102.06,103.06,101.87,102.94,32024910
1688391000,2023-07-03 09:30,102.84,103.255,102.06,102.08,16011810
1688563800,2023-07-05 09:30,101.89,102,100.74,101.11,28170286
1688650200,2023-07-06 09:30,100.2,100.38,99.47,99.68,41375735
1688736600,2023-07-07 09:30,99.18,99.6,98.985,99.08,28996478
1688995800,2023-07-10 09:30,98.86,99.53,98.85,99.21,24665198
1689082200,2023-07-11 09:30,99.57,99.97,99.29,99.72,20491147
1689168600,2023-07-12 09:30,100.1,101.12,99.765,100.83,31927964
1689255000,2023-07-13 09:30,101.31,101.97,101.03,101.89,32441493
1689341400,2023-07-14 09:30,101.72,101.935,101.235,101.29,18568974
1689600600,2023-07-17 09:30,101.23,101.485,100.92,101.34,18828245
1689687000,2023-07-18 09:30,101.8,102.065,101.57,101.8,15412764
1689773400,2023-07-19 09:30,102,102.98,101.725,102.95,27192463
1689859800,2023-07-20 09:30,102.22,102.31,101.28,101.7,56951188
1689946200,2023-07-21 09:30,102.16,102.345,101.63,101.73,20657453
1690205400,2023-07-24 09:30,101.985,102.15,101.3,101.36,17546711
1690291800,2023-07-25 09:30,100.83,101.5,100.8,101.17,17160556
1690378200,2023-07-26 09:30,101.68,101.69,100.9256,101.27,19310659
1690464600,2023-07-27 09:30,100.71,100.925,98.91,99.3,44794390
1690551000,2023-07-28 09:30,99.4,99.86,99.15,99.81,27433966
1690810200,2023-07-31 09:30,99.65,100.33,99.62,100.05,28665164
1690896600,2023-08-01 09:30,98.84,98.915,97.9,98.14,34985340
1690983000,2023-08-02 09:30,97.04,97.235,96.41,97.09,38121255
1691069400,2023-08-03 09:30,95.19,95.32,94.535,94.85,59449684
1691155800,2023-08-04 09:30,95.15,96.68,95.13,96.53,42071834
1691415000,2023-08-07 09:30,96.11,96.2,95.5,95.58,35862880
1691501400,2023-08-08 09:30,96.86,97.37,96.44,96.69,24010511
1691587800,2023-08-09 09:30,96.88,97.29,96.84,97.19,20151127
1691674200,2023-08-10 09:30,97.04,97.355,95.59,95.59,37253246
1691760600,2023-08-11 09:30,95.3,95.865,95.2,95.37,26753471
1692019800,2023-08-14 09:30,95.21,95.93,94.9,95.16,19071967
1692106200,2023-08-15 09:30,94.798,95.195,94.56,94.58,24125027
1692192600,2023-08-16 09:30,94.28,94.79,93.72,93.84,23076663
1692279000,2023-08-17 09:30,93.5,93.605,93.02,93.44,32244852
1692365400,2023-08-18 09:30,93.43,94.19,93.3015,93.77,24181708
1692624600,2023-08-21 09:30,92.66,92.76,92.23,92.52,29254118
1692711000,2023-08-22 09:30,92.64,93.275,92.46,93.23,21323072
1692797400,2023-08-23 09:30,94.3,95.55,94.23,95.54,38294655
1692883800,2023-08-24 09:30,95.13,95.55,94.885,94.91,22300818
1692970200,2023-08-25 09:30,94.66,95.51,94.51,95.22,23865213
1693229400,2023-08-28 09:30,95.65,95.66,94.8897,95.32,16037346
1693315800,2023-08-29 09:30,94.97,96.51,94.94,96.31,28478118
1693402200,2023-08-30 09:30,96.16,96.4,95.88,96.21,17550106
1693488600,2023-08-31 09:30,96.54,97.05,96.425,96.64,26959665
1693575000,2023-09-01 09:30,95.8,95.82,94.62,94.85,32469677
1693920600,2023-09-05 09:30,94.28,94.285,93.49,93.52,29435888
1694007000,2023-09-06 09:30,94.09,94.11,93.46,93.75,23609041
1694093400,2023-09-07 09:30,94,94.07,93.68,94.01,18091459
1694179800,2023-09-08 09:30,94.38,94.9,94.17,94.37,17054175
1694439000,2023-09-11 09:30,93.7,93.98,93.55,93.69,17061472
1694525400,2023-09-12 09:30,93.89,94.24,93.5808,94.23,20034330
1694611800,2023-09-13 09:30,93.92,94.5301,93.82,94.21,23332277
1694698200,2023-09-14 09:30,93.94,94.21,93.4,93.53,27800615
1694784600,2023-09-15 09:30,93.46,93.48,92.96,92.96,25642922
1695043800,2023-09-18 09:30,92.85,93.53,92.82,93.49,17963376
1695130200,2023-09-19 09:30,93.08,93.43,92.8,92.8,24947684
1695216600,2023-09-20 09:30,93.29,93.6,93.04,93.09,29451164
1695303000,2023-09-21 09:30,91.285,91.365,90.69,90.7,59958747
1695389400,2023-09-22 09:30,90.81,91.605,90.67,91.43,29530323
1695648600,2023-09-25 09:30,89.66,90.04,89.15,89.18,45587914
1695735000,2023-09-26 09:30,89.43,89.62,88.71,88.87,38104127
1695821400,2023-09-27 09:30,89.535,89.62,88.09,88.41,47111201
1695907800,2023-09-28 09:30,87.62,88.73,87.1,88.68,60238010
1695994200,2023-09-29 09:30,89.27,89.49,88.13,88.69,49010145
1696253400,2023-10-02 09:30,87.82,87.93,86.71,86.93,44704259
1696339800,2023-10-03 09:30,86.31,86.65,84.885,85.06,71362641
1696426200,2023-10-04 09:30,85.77,86.31,85.37,86.26,56281598
1696512600,2023-10-05 09:30,86.105,86.19,85.635,85.83,35758761
1696599000,2023-10-06 09:30,84.2,85.685,84.06,84.79,62787857
1696858200,2023-10-09 09:30,85.5,86.8,84.95,86.78,29424888
1696944600,2023-10-10 09:30,85.85,87.17,85.52,86.66,54743911
1697031000,2023-10-11 09:30,87.85,88.47,87.6,88.47,58517653
1697117400,2023-10-12 09:30,88.05,88.1894,85.925,86.07,66986734
1697203800,2023-10-13 09:30,87.6,87.83,87.17,87.61,44203089
1697463000,2023-10-16 09:30,86.19,86.37,85.9,86.2,38309794
1697549400,2023-10-17 09:30,84.89,85.6299,84.5045,85.25,52949096
1697635800,2023-10-18 09:30,84.38,84.72,83.85,84.5,63724616
1697722200,2023-10-19 09:30,83.88,84.57,82.74,82.77,87696929
1697808600,2023-10-20 09:30,82.99,83.54,82.77,83.24,52188750
1698067800,2023-10-23 09:30,82.81,84.86,82.42,84.24,70890435
1698154200,2023-10-24 09:30,84.44,85.35,84.09,85.35,46267684
1698240600,2023-10-25 09:30,84.02,84.13,83.13,83.45,60737170
1698327000,2023-10-26 09:30,83.48,84.815,83.4,84.73,49704075
1698413400,2023-10-27 09:30,84.19,84.97,83.74,84.37,32362270
1698672600,2023-10-30 09:30,83.81,84.5,83.24,83.99,45026920
1698759000,2023-10-31 09:30,84.365,84.77,83.55,83.58,37269235
1698845400,2023-11-01 09:30,84.04,85.12,84.02,85.1,72308463
1698931800,2023-11-02 09:30,86.675,87.31,86.22,87.04,69739356
1699018200,2023-11-03 09:30,88.81,89.05,87.575,87.63,77692250
1699281000,2023-11-06 09:30,87.07,87.2,86.6,86.78,41341870
1699367400,2023-11-07 09:30,87.61,88.5,87.59,88.06,37834193
1699453800,2023-11-08 09:30,88.48,89.62,88.45,89.56,53893384
1699540200,2023-11-09 09:30,88.94,89.03,86.74,87.5,88975095
1699626600,2023-11-10 09:30,88.225,88.425,87.7749,87.99,36594021
1699885800,2023-11-13 09:30,87.22,87.94,86.9,87.79,25661516
1699972200,2023-11-14 09:30,90,90.15,89.29,89.78,65666823
1700058600,2023-11-15 09:30,89.01,89.14,88.31,88.52,56205295
1700145000,2023-11-16 09:30,89.3,89.96,89.25,89.62,49473882
1700231400,2023-11-17 09:30,90.16,90.425,89.6358,90.04,44100610
1700490600,2023-11-20 09:30,89.62,90.655,89.61,90.59,40517570
1700577000,2023-11-21 09:30,90.5,90.8,89.885,90.55,27720966
1700663400,2023-11-22 09:30,91.12,91.32,90.38,90.87,31215577
1700836200,2023-11-24 09:30,90.1,90.26,89.79,89.8,20199626
1701095400,2023-11-27 09:30,90.3,91.34,90.205,91.3,39804428
1701181800,2023-11-28 09:30,90.91,91.53,90.785,91.48,44989267
1701268200,2023-11-29 09:30,92.11,92.695,91.775,92.63,61647846
1701354600,2023-11-30 09:30,91.97,92.29,91.155,91.56,60520870
1701441000,2023-12-01 09:30,91.31,93.0599,91.1316,92.99,64172227
1701700200,2023-12-04 09:30,92.49,92.83,92.09,92.615,33766250
1701786600,2023-12-05 09:30,93.63,94.62,93.565,94.61,73588581
1701873000,2023-12-06 09:30,95.08,96.05,94.87,95.87,61606082
1701959400,2023-12-07 09:30,95.18,96.08,95.06,95.32,47970168
1702045800,2023-12-08 09:30,94.42,94.715,93.91,94.54,44809246
1702305000,2023-12-11 09:30,94.01,94.44,93.53,94.34,33909733
1702391400,2023-12-12 09:30,94.15,94.7,93.9004,94.62,36996909
1702477800,2023-12-13 09:30,95.17,96.98,95.02,96.84,70828499
1702564200,2023-12-14 09:30,97.66,99.04,97.42,99.04,87798591
1702650600,2023-12-15 09:30,98.69,99.35,98.58,99.15,59941256
1702909800,2023-12-18 09:30,98.5,98.5,98.02,98.36,34746018
1702996200,2023-12-19 09:30,98.855,99.26,98.66,98.89,30018415
1703082600,2023-12-20 09:30,99.11,99.69,98.58,99.56,51229377
1703169000,2023-12-21 09:30,99.74,99.84,98.75,98.93,65231183
1703255400,2023-12-22 09:30,99.38,99.38,98.24,98.475,29244249
1703601000,2023-12-26 09:30,98.54,98.87,98.48,98.76,24019749
1703687400,2023-12-27 09:30,99.78,100.53,99.5,100.51,45082814
1703773800,2023-12-28 09:30,100.09,100.57,99.56,99.78,36212985
1703860200,2023-12-29 09:30,99.13,99.815,98.795,98.88,41616185
1704205800,2024-01-02 09:30,98.2293,98.65,98,98.31,47797425
1704292200,2024-01-03 09:30,97.38,98.85,97.15,98.72,58159496
1704378600,2024-01-04 09:30,97.42,97.64,97.065,97.22,52604511
1704465000,2024-01-05 09:30,96.5,97.68,96.21,96.29,45894801
1704724200,2024-01-08 09:30,96.23,97.38,96.09,97.24,39485848
1704810600,2024-01-09 09:30,96.64,97.165,96.585,96.62,34373950
1704897000,2024-01-10 09:30,96.92,97.045,96.121,96.17,48227798
1704983400,2024-01-11 09:30,96.17,96.83,95.71,96.71,78858911
1705069800,2024-01-12 09:30,96.78,97.27,96.27,96.52,38883928
1705415400,2024-01-16 09:30,95.62,95.79,94.51,94.82,61716698
1705501800,2024-01-17 09:30,94.6,95,94.16,94.67,55506807
1705588200,2024-01-18 09:30,94.46,94.58,93.51,93.79,77339062
1705674600,2024-01-19 09:30,93.71,94.165,93.26,94.09,47030912
1705933800,2024-01-22 09:30,94.82,95.08,94.39,94.65,35756416
1706020200,2024-01-23 09:30,93.89,93.99,93.4299,93.9,35786747
1706106600,2024-01-24 09:30,94.51,94.54,93.1,93.35,54574914
1706193000,2024-01-25 09:30,94,94.216,93.57,93.96,57019409
1706279400,2024-01-26 09:30,93.93,94.07,93.485,93.78,29276865
1706538600,2024-01-29 09:30,94.31,95.165,94.12,94.86,38243550
1706625000,2024-01-30 09:30,95.48,95.84,94.74,95.72,40151415
1706711400,2024-01-31 09:30,96.22,96.91,96,96.66,80646722
1706797800,2024-02-01 09:30,97.42,98.67,97.19,98.24,84291219
1706884200,2024-02-02 09:30,96.27,96.62,95.69,96.07,63823250
1707143400,2024-02-05 09:30,94.63,94.85,94.02,94.13,53827357
1707229800,2024-02-06 09:30,94.24,95.15,94.211,95.05,33411473
1707316200,2024-02-07 09:30,94.57,95.23,94.52,94.59,40120215
1707402600,2024-02-08 09:30,94.02,94.3,93.655,94.04,50087687
1707489000,2024-02-09 09:30,93.76,94.01,93.6618,93.85,27951308
1707748200,2024-02-12 09:30,93.9,94.14,93.5001,93.96,27890272
1707834600,2024-02-13 09:30,92.86,93.059,92.33,92.35,49768460
1707921000,2024-02-14 09:30,92.3,93.05,92.23,92.82,44191551
1708007400,2024-02-15 09:30,93.56,93.72,93,93.3,49598494
1708093800,2024-02-16 09:30,92.48,92.845,92.34,92.76,33116772
1708439400,2024-02-20 09:30,92.79,93.19,92.72,92.84,24469329
1708525800,2024-02-21 09:30,92.83,92.895,92.0063,92.18,36404244
1708612200,2024-02-22 09:30,92.33,92.76,92.265,92.63,45190659
1708698600,2024-02-23 09:30,92.75,93.999,92.75,93.87,38406710
1708957800,2024-02-26 09:30,94,94.03,93.19,93.59,27855044
1709044200,2024-02-27 09:30,93.24,93.47,92.845,92.93,30241953
1709130600,2024-02-28 09:30,93.08,93.595,92.9,93.52,34574178
1709217000,2024-02-29 09:30,93.82,94.3,93.78,94.18,51038614
1709303400,2024-03-01 09:30,93.44,94.51,93.01,94.47,45832788
1709562600,2024-03-04 09:30,93.7,94.155,93.68,94.09,23864210
1709649000,2024-03-05 09:30,95.23,95.68,94.965,95.43,37721853
1709735400,2024-03-06 09:30,95.49,96.17,95.41,95.99,40571580
1709821800,2024-03-07 09:30,96.36,96.4,95.48,95.9,39075047
1709908200,2024-03-08 09:30,95.8,96.045,95.48,95.73,25023234
1710163800,2024-03-11 09:30,95.96,96.01,95.37,95.68,17787915
1710250200,2024-03-12 09:30,95.04,95.21,94.69,94.88,29566000
1710336600,2024-03-13 09:30,94.5,94.74,94.21,94.42,38270057
1710423000,2024-03-14 09:30,93.73,93.75,92.86,92.97,58365563
1710509400,2024-03-15 09:30,93.06,93.19,92.785,92.94,34997707
1710768600,2024-03-18 09:30,92.73,92.99,92.5,92.66,29519539
1710855000,2024-03-19 09:30,92.85,93.27,92.69,92.92,26953132
1710941400,2024-03-20 09:30,93.1,93.79,92.29,92.89,43460080
1711027800,2024-03-21 09:30,93.27,93.43,92.725,93.09,34276643
1711114200,2024-03-22 09:30,94.19,94.21,93.78,93.98,30262284
1711373400,2024-03-25 09:30,93.707,93.75,93.3,93.51,24011759
1711459800,2024-03-26 09:30,93.51,93.87,93.2813,93.77,34422997
1711546200,2024-03-27 09:30,93.99,94.7,93.94,94.7,50157816
1711632600,2024-03-28 09:30,94.49,95.02,94.32,94.62,34540428
1711978200,2024-04-01 09:30,93.29,93.3,92.455,92.55,48945448
1712064600,2024-04-02 09:30,91.57,92.2,91.335,92.04,43086304
1712151000,2024-04-03 09:30,91.26,92.05,91.05,92.02,45494441
1712237400,2024-04-04 09:30,92.63,92.76,92.04,92.68,47957413
1712323800,2024-04-05 09:30,91.69,92.18,91.38,91.39,42495899
1712583000,2024-04-08 09:30,91.23,91.59,91.13,91.38,37879796
1712669400,2024-04-09 09:30,91.869,92.36,91.835,92.23,32537023
1712755800,2024-04-10 09:30,91.2001,91.3,90.05,90.22,74368942
1712842200,2024-04-11 09:30,90.38,90.44,89.51,89.81,65751184
1712928600,2024-04-12 09:30,90.64,90.95,90.28,90.29,47900106
1713187800,2024-04-15 09:30,89.22,89.26,88.523,88.89,55993060
1713274200,2024-04-16 09:30,88.05,88.58,87.785,88.3,45103244
1713360600,2024-04-17 09:30,88.87,89.375,88.46,89.28,57946990
1713447000,2024-04-18 09:30,89.24,89.27,88.59,88.83,43839454
1713533400,2024-04-19 09:30,89.39,89.39,88.905,89.15,44826771
1713792600,2024-04-22 09:30,88.68,89.12,88.645,89,24969046
1713879000,2024-04-23 09:30,88.73,89.54,88.55,89.03,27222722
1713965400,2024-04-24 09:30,88.56,88.63,87.5,88.4,48986757
1714051800,2024-04-25 09:30,87.46,87.9,87.34,87.78,49282640
1714138200,2024-04-26 09:30,88.245,88.605,88.05,88.24,31589821
1714397400,2024-04-29 09:30,88.66,89.015,88.48,88.98,39228621
1714483800,2024-04-30 09:30,88.42,88.73,88.095,88.22,41054666
1714570200,2024-05-01 09:30,88.6,89.21,88.24,88.56,59679513
1714656600,2024-05-02 09:30,88.21,89.01,88.025,88.94,58925388
1714743000,2024-05-03 09:30,89.93,90.12,89.27,89.84,50066075
1715002200,2024-05-06 09:30,89.87,90.25,89.67,90.19,23868185
1715088600,2024-05-07 09:30,90.9,91.24,90.6141,90.74,30525831
1715175000,2024-05-08 09:30,90.31,90.46,90.16,90.19,31171659
1715261400,2024-05-09 09:30,89.87,90.77,89.82,90.63,39606723
1715347800,2024-05-10 09:30,90.28,90.38,89.96,90.12,21913759
1715607000,2024-05-13 09:30,90.55,90.61,90.31,90.35,23157495
1715693400,2024-05-14 09:30,90.65,90.9199,90.42,90.86,25746391
1715779800,2024-05-15 09:30,91.87,92.255,91.63,92.1,65142886
1715866200,2024-05-16 09:30,92.39,92.4205,91.94,92.01,37902425
1715952600,2024-05-17 09:30,91.64,91.8,91.34,91.39,24755012
1716211800,2024-05-20 09:30,91.08,91.315,91.01,91.12,17922808
1716298200,2024-05-21 09:30,91.73,91.77,91.43,91.59,15334425
1716384600,2024-05-22 09:30,91.27,91.7799,91.26,91.7,38073722
1716471000,2024-05-23 09:30,91.8,91.8,90.82,91.11,51294662
1716557400,2024-05-24 09:30,90.97,91.47,90.9,91.38,19164425
1716903000,2024-05-28 09:30,91.33,91.36,90.03,90.07,45973742
1716989400,2024-05-29 09:30,89.34,89.395,88.68,88.98,45508378
1717075800,2024-05-30 09:30,89.6,89.97,89.44,89.84,29571653
1717162200,2024-05-31 09:30,90.48,90.66,90.25,90.45,41308832
1717421400,2024-06-03 09:30,90.64,91.67,90.61,91.6,42272093
1717507800,2024-06-04 09:30,92.2,92.8,91.99,92.67,42581462
1717594200,2024-06-05 09:30,93,93.35,92.3887,93.35,43153858
1717680600,2024-06-06 09:30,92.92,93.43,92.86,93.21,22891863
1717767000,2024-06-07 09:30,91.83,91.83,91.4,91.5,35240475
1718026200,2024-06-10 09:30,91,91.06,90.65,90.89,20593244
1718112600,2024-06-11 09:30,91.032,91.87,90.9223,91.83,30329207
1718199000,2024-06-12 09:30,93.02,93.57,92.485,92.52,42554583
1718285400,2024-06-13 09:30,93.22,93.99,92.95,93.88,33093758
1718371800,2024-06-14 09:30,94.42,94.84,94.24,94.67,28776710
1718631000,2024-06-17 09:30,93.52,93.81,93.28,93.73,31040202
1718717400,2024-06-18 09:30,93.89,94.6,93.73,94.59,26881038
1718890200,2024-06-20 09:30,93.41,94,93.34,93.96,30246274
1718976600,2024-06-21 09:30,94.24,94.479,93.59,93.96,22830882
1719235800,2024-06-24 09:30,94.05,94.34,93.735,94.34,56939096
1719322200,2024-06-25 09:30,94.07,94.55,94.04,94.5,23160000
1719408600,2024-06-26 09:30,93.28,93.465,93.11,93.15,38489135
1719495000,2024-06-27 09:30,93.52,93.71,93.42,93.52,23140767
1719581400,2024-06-28 09:30,93.73,93.765,91.78,91.78,55119554
1719840600,2024-07-01 09:30,90.42,91.08,89.82,89.91,49735376
1719927000,2024-07-02 09:30,90.68,90.805,90.08,90.61,34204719
1720013400,2024-07-03 09:30,91.17,91.89,91.085,91.8,35563313
1720186200,2024-07-05 09:30,92.27,92.725,91.9,92.56,34895512
1720445400,2024-07-08 09:30,92.54,92.845,92.2246,92.76,16095651
1720531800,2024-07-09 09:30,92.47,92.675,91.87,92.35,30304136
1720618200,2024-07-10 09:30,92.45,92.68,92.2603,92.64,23572469
1720704600,2024-07-11 09:30,93.68,94.135,93.47,93.54,49761785
1720791000,2024-07-12 09:30,93.53,93.94,93.34,93.94,27796476
1721050200,2024-07-15 09:30,93,93.3,92.78,92.86,37918854
1721136600,2024-07-16 09:30,93.53,94.21,93.39,94.17,36383720
1721223000,2024-07-17 09:30,93.92,94.4,93.69,94.19,29036838
1721309400,2024-07-18 09:30,93.68,94.14,93.38,93.47,34553075
1721395800,2024-07-19 09:30,93.04,93.16,92.82,92.92,32164669
1721655000,2024-07-22 09:30,93.4,93.52,92.3,92.65,36160366
1721741400,2024-07-23 09:30,92.81,93.03,92.49,92.52,23497988
1721827800,2024-07-24 09:30,92.59,92.85,91.47,91.52,50757116
1721914200,2024-07-25 09:30,92.025,92.86,91.96,92.27,44999074
1722000600,2024-07-26 09:30,92.95,93.15,92.71,92.99,34423772
1722259800,2024-07-29 09:30,93.67,93.69,93.22,93.49,25801347
1722346200,2024-07-30 09:30,93.75,94.05,93.3,93.85,28169820
1722432600,2024-07-31 09:30,94.53,94.84,94.24,94.81,47445288
1722519000,2024-08-01 09:30,95.14,95.905,95.12,95.31,77254240
1722605400,2024-08-02 09:30,97,98.37,96.8901,98.28,91912942
1722864600,2024-08-05 09:30,99.69,99.935,97.9,98.8,90686310
1722951000,2024-08-06 09:30,98.15,98.41,96.59,96.59,61316860
1723037400,2024-08-07 09:30,95.95,96.45,95.5,95.91,51337133
1723123800,2024-08-08 09:30,95.115,95.4,94.84,95.32,37815770
1723210200,2024-08-09 09:30,96.51,96.54,96.0906,96.26,32141763
1723469400,2024-08-12 09:30,96.03,96.82,95.88,96.61,24261382
1723555800,2024-08-13 09:30,97.3,97.36,96.98,97.28,30366938
1723642200,2024-08-14 09:30,97.55,98.16,97.5082,97.89,31334061
1723728600,2024-08-15 09:30,96.405,97.1,96.21,97.1,38723695
1723815000,2024-08-16 09:30,97.44,97.5399,97.01,97.44,28540965
1724074200,2024-08-19 09:30,97.42,98.155,97.405,97.89,25322138
1724160600,2024-08-20 09:30,98.32,98.855,98.12,98.67,25239303
1724247000,2024-08-21 09:30,98.67,99.2,98.21,98.73,29229982
1724333400,2024-08-22 09:30,98.23,98.3,97.43,97.75,33453848
1724419800,2024-08-23 09:30,98.19,98.67,97.96,98.39,32005083
1724679000,2024-08-26 09:30,98.69,98.6975,98.08,98.14,23198710
1724765400,2024-08-27 09:30,97.49,98.08,97.41,97.97,21507650
1724851800,2024-08-28 09:30,98.01,98.2,97.725,97.85,18501411
1724938200,2024-08-29 09:30,97.37,97.64,97.125,97.53,24988243
1725024600,2024-08-30 09:30,97.68,97.985,96.47,96.49,42896190
1725370200,2024-09-03 09:30,97.56,98.06,97.42,97.75,48947900
1725456600,2024-09-04 09:30,97.88,99.03,97.81,99.01,40885163
1725543000,2024-09-05 09:30,99.34,99.6787,98.775,99.57,47450878
1725629400,2024-09-06 09:30,99.55,100.78,99.1901,99.56,57406404
1725888600,2024-09-09 09:30,99.4,100.1,99.16,99.99,26961402
1725975000,2024-09-10 09:30,99.87,100.91,99.82,100.69,31703409
1726061400,2024-09-11 09:30,100.49,101.235,100.35,100.61,39497052
1726147800,2024-09-12 09:30,100.36,100.55,99.69,100.14,41812529
1726234200,2024-09-13 09:30,100.46,100.61,100.02,100.41,25722135
1726493400,2024-09-16 09:30,100.63,101.37,100.41,101.33,30866261
1726579800,2024-09-17 09:30,101.47,101.64,100.74,100.84,31699372
1726666200,2024-09-18 09:30,100.24,100.7266,99.54,99.59,48897047
1726752600,2024-09-19 09:30,98.92,99.31,98.77,99.26,39979816
1726839000,2024-09-20 09:30,98.99,99.245,98.72,98.88,37067571
1727098200,2024-09-23 09:30,98.5,99.09,98.02,98.67,35703932
1727184600,2024-09-24 09:30,98,98.89,97.85,98.65,31005351
1727271000,2024-09-25 09:30,98.26,98.32,97.79,97.83,36738236
1727357400,2024-09-26 09:30,98.07,98.245,97.42,98.06,33332315
1727443800,2024-09-27 09:30,98.54,98.755,98.21,98.57,28317628
1727703000,2024-09-30 09:30,98.64,98.71,97.8839,98.1,34208260
1727789400,2024-10-01 09:30,98.8,99.33,98.385,98.49,45254237
1727875800,2024-10-02 09:30,97.36,97.73,97.06,97.66,35810763
1727962200,2024-10-03 09:30,97.34,97.51,96.74,96.74,39677767
1728048600,2024-10-04 09:30,95.44,95.96,95.4,95.55,56970281
1728307800,2024-10-07 09:30,94.98,95.2672,94.76,94.83,42606634
1728394200,2024-10-08 09:30,94.39,95.03,94.335,94.99,33709587
1728480600,2024-10-09 09:30,94.67,94.905,94.23,94.45,35807681
1728567000,2024-10-10 09:30,93.88,94.09,93.41,94.08,53667357
1728653400,2024-10-11 09:30,93.48,94.0656,93.422,93.7,27406423
1728912600,2024-10-14 09:30,93.04,93.78,92.98,93.765,28795344
1728999000,2024-10-15 09:30,94.46,95,94.3736,94.91,46429050
1729085400,2024-10-16 09:30,95.39,95.62,95.14,95.31,32281486
1729171800,2024-10-17 09:30,94.29,94.44,93.6701,93.8,43427214
1729258200,2024-10-18 09:30,94.05,94.28,93.86,93.87,25258632
1729517400,2024-10-21 09:30,93.02,93.09,92.23,92.23,49504698
1729603800,2024-10-22 09:30,92.65,92.76,92.091,92.32,32096893
1729690200,2024-10-23 09:30,91.84,92.37,91.6601,92.07,33354245
1729776600,2024-10-24 09:30,92.23,93,91.96,92.66,32507395
1729863000,2024-10-25 09:30,92.99,93.0375,92.02,92.14,28667060
1730122200,2024-10-28 09:30,92.27,92.29,91.415,91.89,33156461
1730208600,2024-10-29 09:30,91.17,92.06,90.9837,92.03,46545204
1730295000,2024-10-30 09:30,92.84,93.285,92.16,92.3,41951068
1730381400,2024-10-31 09:30,92.2,92.94,91.87,92.45,52173754
1730467800,2024-11-01 09:30,92.26,92.515,90.8,90.84,80401983
1730730600,2024-11-04 09:30,92.28,92.57,91.63,92.25,49747594
1730817000,2024-11-05 09:30,92.03,92.9,91.6,92.74,46986037
1730903400,2024-11-06 09:30,89.64,90.72,89.5545,90.2,98895693
1730989800,2024-11-07 09:30,90.75,91.62,90.65,91.33,56221411
1731076200,2024-11-08 09:30,92,92.5955,91.84,92.49,56756175
1731335400,2024-11-11 09:30,92.25,92.295,91.62,92.04,22369200
1731421800,2024-11-12 09:30,91.37,91.85,90.51,90.66,57908367
1731508200,2024-11-13 09:30,91.515,91.54,89.72,89.8,49009127
1731594600,2024-11-14 09:30,90.56,91.025,90.27,90.32,53328347
1731681000,2024-11-15 09:30,89.915,90.65,89.51,90.08,73722402
1731940200,2024-11-18 09:30,89.66,90.59,89.424,90.24,36058665
1732026600,2024-11-19 09:30,90.82,91.07,90.62,90.7,29585102
1732113000,2024-11-20 09:30,90.15,90.83,90.11,90.41,27755434
1732199400,2024-11-21 09:30,90.45,90.85,90,90.34,28365740
1732285800,2024-11-22 09:30,90.51,90.7,90.15,90.39,21547548
1732545000,2024-11-25 09:30,92.2,92.78,91.985,92.73,56858036
1732631400,2024-11-26 09:30,92.16,92.44,91.81,92.37,31122249
1732717800,2024-11-27 09:30,93.04,93.38,92.67,93.01,39442167
1732890600,2024-11-29 09:30,93.78,93.985,93.44,93.97,31905735
1733149800,2024-12-02 09:30,93.27,94.1475,93,93.87,39406033
1733236200,2024-12-03 09:30,93.93,94.03,92.99,93.06,32768887
1733322600,2024-12-04 09:30,92.61,94.19,92.54,94.06,35851069
1733409000,2024-12-05 09:30,93.72,94.39,93.655,94.25,23695821
1733495400,2024-12-06 09:30,94.72,94.85,94.02,94.39,31761525
1733754600,2024-12-09 09:30,93.99,94.04,93.465,93.52,30509582
1733841000,2024-12-10 09:30,93.02,93.3,92.905,93.08,28706474
1733927400,2024-12-11 09:30,93.07,93.29,92.105,92.2,38748397
1734013800,2024-12-12 09:30,91.64,91.746,91,91.08,45368386
1734100200,2024-12-13 09:30,90.8,90.85,90.08,90.15,39485960
1734359400,2024-12-16 09:30,90.55,90.6152,90.05,90.42,23482268
1734445800,2024-12-17 09:30,90.52,90.985,90.455,90.64,23839892
1734532200,2024-12-18 09:30,89.97,90.37,89.14,89.16,61328421
1734618600,2024-12-19 09:30,88.07,88.385,87.505,87.81,99083313
1734705000,2024-12-20 09:30,88.53,88.91,88.29,88.31,45542412
1734964200,2024-12-23 09:30,88.16,88.23,87.44,87.5,32764561
1735050600,2024-12-24 09:30,87.04,87.89,86.98,87.87,22377628
1735223400,2024-12-26 09:30,87.21,87.96,87.2,87.82,19996215
1735309800,2024-12-27 09:30,87.48,87.775,87.06,87.1,27262321
1735569000,2024-12-30 09:30,87.83,88.035,87.67,87.8,48519626
1735655400,2024-12-31 09:30,88.13,88.28,87.26,87.33,31917307
1735828200,2025-01-02 09:30,87.8,88.115,87.21,87.57,27841296
1735914600,2025-01-03 09:30,87.72,87.88,87.18,87.29,21962204
1736173800,2025-01-06 09:30,87.05,87.23,86.67,86.9,30231493
1736260200,2025-01-07 09:30,86.6,86.77,85.79,85.92,41757185
1736346600,2025-01-08 09:30,85.47,86.2,85.34,86.03,44590774
1736519400,2025-01-10 09:30,85.28,85.845,85.16,85.46,47115832
1736778600,2025-01-13 09:30,85.53,85.66,85.04,85.43,33258924
1736865000,2025-01-14 09:30,85.23,85.36,84.89,85.29,33412888
1736951400,2025-01-15 09:30,86.695,86.975,86.395,86.76,54120729
1737037800,2025-01-16 09:30,86.64,87.395,86.28,87.04,34651051
1737124200,2025-01-17 09:30,87.43,87.48,87.04,87.19,29875611
1737469800,2025-01-21 09:30,87.89,88.17,87.63,87.97,30548614
1737556200,2025-01-22 09:30,87.87,87.98,87.32,87.51,25278409
1737642600,2025-01-23 09:30,86.64,86.99,86.525,86.83,31949017
1737729000,2025-01-24 09:30,86.72,87.28,86.6,87.22,21110355
1737988200,2025-01-27 09:30,88.155,88.43,87.85,88.25,42864203
1738074600,2025-01-28 09:30,87.84,88.2,87.6591,88.19,25519105
1738161000,2025-01-29 09:30,88.43,88.615,87.63,88.01,25342751
1738247400,2025-01-30 09:30,88.41,88.705,88.17,88.34,25094896
1738333800,2025-01-31 09:30,88.38,88.66,87.43,87.76,48812469
1738593000,2025-02-03 09:30,88.575,89.1,87.8,88.16,70657233
1738679400,2025-02-04 09:30,87.55,88.4499,87.48,88.43,33413956
1738765800,2025-02-05 09:30,89.45,90.175,89.39,89.89,48331179
1738852200,2025-02-06 09:30,89.86,90.15,89.545,89.85,22509940
1738938600,2025-02-07 09:30,89.24,89.45,88.935,89.27,31171245
1739197800,2025-02-10 09:30,89.264,89.53,88.85,89,22736056
1739284200,2025-02-11 09:30,88.53,88.68,88.375,88.43,21513015
1739370600,2025-02-12 09:30,87.29,87.6,86.8601,87.23,48536211
1739457000,2025-02-13 09:30,88.09,88.89,88.07,88.68,42718098
1739543400,2025-02-14 09:30,89.38,89.68,89.12,89.15,27460743
1739889000,2025-02-18 09:30,88.54,88.84,88.04,88.1,29429174
1739975400,2025-02-19 09:30,87.95,88.45,87.885,88.21,20584304
1740061800,2025-02-20 09:30,88.45,88.76,88.45,88.54,27913442
1740148200,2025-02-21 09:30,88.87,89.93,88.82,89.61,46912348
1740407400,2025-02-24 09:30,89.33,90.06,89.26,89.87,26217988
1740493800,2025-02-25 09:30,90.97,91.5,90.8,91.42,50125054
1740580200,2025-02-26 09:30,91.42,92.06,91.2,91.96,32220186
1740666600,2025-02-27 09:30,91.31,91.79,91.14,91.31,53373572
1740753000,2025-02-28 09:30,91.85,92.475,91.4701,92.43,49388600
1741012200,2025-03-03 09:30,91.41,92.71,91.37,92.57,42904172
1741098600,2025-03-04 09:30,92.44,92.79,91.265,91.43,56721962
1741185000,2025-03-05 09:30,91.56,91.8,90.61,90.7,50215938
1741271400,2025-03-06 09:30,90.48,90.8,89.7337,90.4,42827474
1741357800,2025-03-07 09:30,91.14,91.16,89.985,90.11,36903632
1741613400,2025-03-10 09:30,91.08,91.625,90.91,91.05,41440750
1741699800,2025-03-11 09:30,90.965,91.4905,90.14,90.4,40555666
1741786200,2025-03-12 09:30,90,90.38,89.78,89.86,32734569
1741872600,2025-03-13 09:30,89.58,90.71,89.375,90.65,38675413
1741959000,2025-03-14 09:30,90.01,90.41,89.86,90.17,24657989
1742218200,2025-03-17 09:30,90.8,91.18,90.38,90.62,26700275
1742304600,2025-03-18 09:30,90.14,91.02,90.12,90.71,23654748
1742391000,2025-03-19 09:30,90.68,91.22,90.38,91.18,31378713
1742477400,2025-03-20 09:30,92.2,92.24,91.155,91.24,35645824
1742563800,2025-03-21 09:30,91.33,91.435,90.62,90.7,29192076
1742823000,2025-03-24 09:30,90.2,90.255,89.7,89.77,27985580
1742909400,2025-03-25 09:30,89.57,90.08,89.51,89.76,22333833
1742995800,2025-03-26 09:30,89.39,89.595,89.09,89.17,25165323
1743082200,2025-03-27 09:30,88.85,89.025,88.63,88.91,23674536
1743168600,2025-03-28 09:30,89.88,90.34,89.81,90.14,39869372
1743427800,2025-03-31 09:30,91.23,91.335,90.36,91.03,38824321
1743514200,2025-04-01 09:30,91.25,91.905,91.21,91.49,39800072
1743600600,2025-04-02 09:30,92.37,92.37,90.66,91.43,43488407
1743687000,2025-04-03 09:30,92.52,92.73,91.84,91.85,57467355
1743773400,2025-04-04 09:30,93.65,94.09,92.82,92.85,92794210
1744032600,2025-04-07 09:30,91.88,92.19,89.795,90.05,124987637
1744119000,2025-04-08 09:30,89.28,90.2,88.22,88.35,73861858
1744205400,2025-04-09 09:30,87.27,88.91,85.89,88.87,131353453
1744291800,2025-04-10 09:30,87.74,88.175,86.3501,86.42,78591989
1744378200,2025-04-11 09:30,85.87,87.2993,85,86.89,94814139
1744637400,2025-04-14 09:30,87.4,87.71,86.815,87.51,37596366
1744723800,2025-04-15 09:30,87.15,88.185,87.035,87.82,22553898
1744810200,2025-04-16 09:30,87.8,88.5,87.47,88.31,35607337
1744896600,2025-04-17 09:30,88.04,88.2,87.23,87.53,31758430
1745242200,2025-04-21 09:30,86.6,87.07,85.98,86,39343217
1745328600,2025-04-22 09:30,86.82,87.0212,86.4,86.48,32552091
1745415000,2025-04-23 09:30,88.88,89.06,87.1701,87.32,44082157
1745501400,2025-04-24 09:30,88.03,88.35,87.76,88.24,24190774
1745587800,2025-04-25 09:30,88.9,89.105,88.595,88.89,22513925
1745847000,2025-04-28 09:30,88.655,89.53,88.612,89.45,20130510
1745933400,2025-04-29 09:30,89.32,90.21,89.295,90.2,22129478
1746019800,2025-04-30 09:30,89.78,90.05,89.33,89.47,42630588
1746106200,2025-05-01 09:30,89.26,89.28,88.3,88.69,29932841
1746192600,2025-05-02 09:30,87.71,88.0674,87.54,87.73,32090382
1746451800,2025-05-05 09:30,87.345,87.405,86.83,87.24,22862807
1746538200,2025-05-06 09:30,86.8,87.53,86.64,87.53,21095153
1746624600,2025-05-07 09:30,87.92,88.21,87.82,87.9,23178423
1746711000,2025-05-08 09:30,88.015,88.06,86.89,86.92,25483679
1746797400,2025-05-09 09:30,87,87.31,86.92,87.05,17007874
1747056600,2025-05-12 09:30,86.38,86.78,86.19,86.24,32115028
1747143000,2025-05-13 09:30,86.13,86.285,85.5,85.89,53912161
1747229400,2025-05-14 09:30,85.75,85.87,85.2,85.32,42119809
1747315800,2025-05-15 09:30,85.63,86.32,85.48,86.07,59447991
1747402200,2025-05-16 09:30,86.87,86.89,86.195,86.3,31778178
1747661400,2025-05-19 09:30,84.91,86.116,84.83,86.05,49361877
1747747800,2025-05-20 09:30,85.425,85.6,85.06,85.43,35493074
1747834200,2025-05-21 09:30,84.68,85.055,83.7601,83.97,77053056
1747920600,2025-05-22 09:30,83.521,84.43,83.295,84.41,61747852
1748007000,2025-05-23 09:30,84.77,84.82,84.305,84.55,47139246
1748352600,2025-05-27 09:30,85.35,86.025,85.15,85.73,56773411
1748439000,2025-05-28 09:30,85.41,85.5372,84.97,85.36,34806779
1748525400,2025-05-29 09:30,85.77,86.26,85.64,86.15,39003618
1748611800,2025-05-30 09:30,86.085,86.47,85.88,86.28,49042064
1748871000,2025-06-02 09:30,85.29,85.47,84.79,85.16,46213110
1748957400,2025-06-03 09:30,85.44,85.735,84.885,85.01,33731261
1749043800,2025-06-04 09:30,85.79,86.65,85.645,86.39,57441529
1749130200,2025-06-05 09:30,86.68,86.93,86.22,86.45,37715267
1749216600,2025-06-06 09:30,85.79,85.925,85.275,85.35,38130095
1749475800,2025-06-09 09:30,85.04,85.64,85.035,85.44,26560750
1749562200,2025-06-10 09:30,86.095,86.1774,85.515,85.88,24857001
1749648600,2025-06-11 09:30,85.81,86.4,85.71,86.14,36334820
1749735000,2025-06-12 09:30,86.89,87.2,86.6,87.17,43017814
1749821400,2025-06-13 09:30,86.73,86.875,85.775,86.33,49373982
1750080600,2025-06-16 09:30,86.08,86.43,85.46,85.46,36496625
1750167000,2025-06-17 09:30,86,86.66,85.75,86.5,34521571
1750253400,2025-06-18 09:30,86.88,87.09,86.35,86.65,38588982
1750426200,2025-06-20 09:30,86.14,86.79,85.95,86.49,26001907
1750685400,2025-06-23 09:30,86.93,87.4407,86.77,86.77,36851824
1750771800,2025-06-24 09:30,86.47,87.59,86.425,87.4,32959113
1750858200,2025-06-25 09:30,87.11,87.51,86.8,87.51,26345293
1750944600,2025-06-26 09:30,87.59,87.95,87.2,87.95,30467517
1751031000,2025-06-27 09:30,87.57,88.16,87.235,87.39,74993500
1751290200,2025-06-30 09:30,87.86,88.435,87.61,88.25,53695166
1751376600,2025-07-01 09:30,88.13,88.31,87.66,88.14,38960579
1751463000,2025-07-02 09:30,87.19,87.59,87.1,87.58,39382249
1751549400,2025-07-03 09:30,87.165,87.29,86.85,86.97,26729101
1751895000,2025-07-07 09:30,86.54,86.56,85.92,86.14,38314669
1751981400,2025-07-08 09:30,85.57,86.04,85.44,86.03,31406989
1752067800,2025-07-09 09:30,86.19,86.93,86.175,86.93,29821887
1752154200,2025-07-10 09:30,86.83,87.06,86.485,86.99,24525548
1752240600,2025-07-11 09:30,86.23,86.27,85.64,85.79,40764785
1752499800,2025-07-14 09:30,85.54,85.88,85.315,85.61,24609530
1752586200,2025-07-15 09:30,85.89,85.91,84.9,85.01,40454986
1752672600,2025-07-16 09:30,85.275,85.6566,84.19,85.13,65987689
1752759000,2025-07-17 09:30,85.22,85.485,84.99,85.11,31875451
1752845400,2025-07-18 09:30,85.43,85.46,85.1,85.24,27534948
1753104600,2025-07-21 09:30,86.215,86.505,85.96,86,40019530
1753191000,2025-07-22 09:30,86.17,86.77,86.11,86.52,35190321
1753277400,2025-07-23 09:30,86.05,86.2,85.785,86.04,31008454
1753363800,2025-07-24 09:30,85.55,86.24,85.51,85.89,25164761
1753450200,2025-07-25 09:30,85.8,86.44,85.72,86.43,27196153
1753709400,2025-07-28 09:30,85.99,86.2,85.83,85.87,26812463
1753795800,2025-07-29 09:30,86.23,87.34,86.2,87.32,47828275
1753882200,2025-07-30 09:30,86.77,86.96,86.56,86.87,40670866
1753968600,2025-07-31 09:30,87.13,87.41,86.84,86.92,49814080
1754055000,2025-08-01 09:30,87.56,87.93,87.515,87.82,63434525
1754314200,2025-08-04 09:30,87.955,88.15,87.65,88.06,36425167
1754400600,2025-08-05 09:30,87.85,88.45,87.78,88.33,28586109
1754487000,2025-08-06 09:30,87.84,88.045,86.92,87.82,42589347
1754573400,2025-08-07 09:30,87.915,88.25,87.59,87.67,29213145
1754659800,2025-08-08 09:30,87.36,87.385,87.1546,87.29,21596334
1754919000,2025-08-11 09:30,87.54,87.67,87.28,87.39,20100909
1755005400,2025-08-12 09:30,86.9,86.9681,86.55,86.95,41087211
1755091800,2025-08-13 09:30,87.44,87.81,87.425,87.67,30817493
1755178200,2025-08-14 09:30,87.51,87.51,86.89,87.02,33397435
1755264600,2025-08-15 09:30,86.66,86.78,86.25,86.4,36343551
1755523800,2025-08-18 09:30,86.5,86.54,85.985,86.15,26777514
1755610200,2025-08-19 09:30,86.45,86.75,86.445,86.65,28780625
1755696600,2025-08-20 09:30,86.59,86.965,86.56,86.84,25912477
1755783000,2025-08-21 09:30,86.56,86.675,86.105,86.41,28643888
1755869400,2025-08-22 09:30,86.83,87.302,86.72,87.05,49871851
1756128600,2025-08-25 09:30,86.725,87.05,86.65,86.8,27011924
1756215000,2025-08-26 09:30,86.51,86.79,86.223,86.75,30259346
1756301400,2025-08-27 09:30,86.105,86.66,86,86.65,38142761
1756387800,2025-08-28 09:30,86.78,87.26,86.66,87.22,32205937
1756474200,2025-08-29 09:30,86.76,86.86,86.44,86.6,41686429
1756819800,2025-09-02 09:30,85.63,85.84,85.48,85.63,48760602
1756906200,2025-09-03 09:30,85.93,86.81,85.89,86.57,52499540
1756992600,2025-09-04 09:30,87.02,87.24,86.58,87.23,40501553
1757079000,2025-09-05 09:30,88.22,88.61,88.14,88.56,69667951
1757338200,2025-09-08 09:30,89.17,89.755,89.12,89.74,54538678
1757424600,2025-09-09 09:30,89.4,89.55,88.99,89.23,37126428
1757511000,2025-09-10 09:30,89.4,90.065,89.19,89.74,40713570
1757597400,2025-09-11 09:30,89.91,90.48,89.9,90.34,46694392
1757683800,2025-09-12 09:30,89.83,89.98,89.4919,89.95,32968578
1757943000,2025-09-15 09:30,90.15,90.455,90.065,90.16,24820119
1758029400,2025-09-16 09:30,90.09,90.495,90.04,90.35,26794226
1758115800,2025-09-17 09:30,90.71,91.04,89.87,90.12,49121751
1758202200,2025-09-18 09:30,89.26,89.47,88.9,89.19,55717920
1758288600,2025-09-19 09:30,89.07,89.225,88.785,89.02,32509221
1758547800,2025-09-22 09:30,88.82,88.91,88.54,88.7,24758223
1758634200,2025-09-23 09:30,88.965,89.36,88.75,89.32,26689041
1758720600,2025-09-24 09:30,89.08,89.16,88.7,88.98,28097977
1758807000,2025-09-25 09:30,88.845,89.03,88.46,88.98,29882469
1758893400,2025-09-26 09:30,88.99,89.47,88.69,88.9,30955062
1759152600,2025-09-29 09:30,89.29,89.74,89.26,89.63,32286167
1759239000,2025-09-30 09:30,89.66,90.04,89.21,89.37,38583989
1759325400,2025-10-01 09:30,89.45,89.64,89.09,89.29,39408913
1759411800,2025-10-02 09:30,89.31,89.69,89.19,89.55,23208338
1759498200,2025-10-03 09:30,89.63,89.72,89.27,89.38,25884474
1759757400,2025-10-06 09:30,88.71,89.155,88.65,88.67,28370984
1759843800,2025-10-07 09:30,88.97,89.38,88.812,89.18,29103348
1759930200,2025-10-08 09:30,89.6,89.615,89.13,89.25,22506241
1760016600,2025-10-09 09:30,89.17,89.29,89.005,89.18,21578690
1760103000,2025-10-10 09:30,89.98,90.72,89.9,90.62,59389374
1760362200,2025-10-13 09:30,90.28,90.58,89.86,90.57,28035544
1760448600,2025-10-14 09:30,90.65,90.915,90.43,90.86,29800001
1760535000,2025-10-15 09:30,90.955,91.3,90.47,90.66,31333909
1760621400,2025-10-16 09:30,90.515,91.495,90.45,91.34,39631153
1760707800,2025-10-17 09:30,91.25,91.29,90.9,91.2,40240383
1760967000,2025-10-20 09:30,91.46,91.56,91.28,91.55,28429283
1761053400,2025-10-21 09:30,91.99,92.185,91.9101,92,24514336
1761139800,2025-10-22 09:30,91.991,92.175,91.82,92.06,30496152
1761226200,2025-10-23 09:30,91.61,91.7851,91.29,91.43,28275142
1761312600,2025-10-24 09:30,91.585,91.6,91.16,91.47,28265993
1761571800,2025-10-27 09:30,91.32,91.79,91.0944,91.78,30033574
1761658200,2025-10-28 09:30,91.85,92.175,91.81,92.02,23564517
1761744600,2025-10-29 09:30,91.88,91.89,91.015,91.09,39551593
1761831000,2025-10-30 09:30,90.39,90.97,90.3544,90.56,42649215
1761917400,2025-10-31 09:30,90.56,90.66,90.2,90.29,38247268
1762180200,2025-11-03 09:30,89.62,89.82,89.42,89.74,40752284
1762266600,2025-11-04 09:30,89.78,90.06,89.74,89.94,26383782
1762353000,2025-11-05 09:30,89.51,89.545,88.88,88.96,44643440
1762439400,2025-11-06 09:30,89.56,89.85,89.53,89.76,33027353
1762525800,2025-11-07 09:30,89.355,89.87,89.355,89.57,28530051
1762785000,2025-11-10 09:30,89.49,89.67,89.385,89.55,24093451
1762871400,2025-11-11 09:30,89.95,90.065,89.775,89.96,18942295
1762957800,2025-11-12 09:30,89.95,90.32,89.88,90.12,23594938
1763044200,2025-11-13 09:30,89.8,89.94,89.38,89.38,33825908
1763130600,2025-11-14 09:30,89.79,89.835,88.87,88.87,38550502
1763389800,2025-11-17 09:30,89.08,89.3,88.98,89.09,25605782
1763476200,2025-11-18 09:30,89.35,89.45,88.8,89.06,31967435
1763562600,2025-11-19 09:30,89.225,89.31,88.85,88.88,25782384
1763649000,2025-11-20 09:30,88.99,89.42,88.985,89.23,32945001
1763735400,2025-11-21 09:30,89.65,89.67,89.195,89.5,41938628
1763994600,2025-11-24 09:30,89.95,90.0665,89.7801,90.01,30865695
1764081000,2025-11-25 09:30,90.31,90.59,90.13,90.24,36503342
1764167400,2025-11-26 09:30,90.15,90.64,89.83,90.64,34098962
1764340200,2025-11-28 09:30,90.46,90.5299,89.95,90.21,40704287
1764599400,2025-12-01 09:30,88.845,88.99,88.71,88.77,47086647
1764685800,2025-12-02 09:30,88.575,88.955,88.46,88.81,27605681
1764772200,2025-12-03 09:30,88.92,89.155,88.74,89.06,23278580
1764858600,2025-12-04 09:30,88.91,88.93,88.48,88.58,25541459
1764945000,2025-12-05 09:30,88.55,88.55,88.045,88.17,32808068
1765204200,2025-12-08 09:30,88.185,88.2,87.56,87.88,32255204
1765290600,2025-12-09 09:30,88.34,88.345,87.84,87.97,25771792
1765377000,2025-12-10 09:30,88,88.52,87.855,88.31,46833512
1765463400,2025-12-11 09:30,88.69,88.83,88.16,88.19,26778686
1765549800,2025-12-12 09:30,87.375,87.495,87.19,87.34,47030122
1765809000,2025-12-15 09:30,87.715,87.88,87.39,87.4,28611787
1765895400,2025-12-16 09:30,87.185,87.92,87.17,87.88,41018681
1765981800,2025-12-17 09:30,87.625,87.9856,87.5801,87.8,24668305
1766068200,2025-12-18 09:30,88.13,88.38,88.07,88.22,39048891
1766154600,2025-12-19 09:30,87.605,87.76,87.41,87.55,37858082
1766413800,2025-12-22 09:30,87.415,87.4574,87.25,87.36,25547134
1766500200,2025-12-23 09:30,87.07,87.58,87.03,87.5,33624059
1766586600,2025-12-24 09:30,87.76,88.08,87.65,88.03,25942006
1766759400,2025-12-26 09:30,88.1,88.1699,87.6,87.74,26522734
1767018600,2025-12-29 09:30,87.95,88.0703,87.79,88.07,29399823
1767105000,2025-12-30 09:30,87.74,88.04,87.6744,87.86,25106784
1767191400,2025-12-31 09:30,87.68,87.91,87.13,87.16,36500036
1767364200,2026-01-02 09:30,87.4,87.41,87.0201,87.03,40731251
1767623400,2026-01-05 09:30,87.18,87.52,87.11,87.46,30178030
1767709800,2026-01-06 09:30,87.15,87.34,86.9,87.28,39015179
1767796200,2026-01-07 09:30,87.84,88.005,87.48,87.79,39930912
1767882600,2026-01-08 09:30,87.33,87.55,87.245,87.35,28204899
1767969000,2026-01-09 09:30,87.3,88,87.12,87.93,57348793
1768228200,2026-01-12 09:30,87.5,87.91,87.41,87.67,36103071
1768314600,2026-01-13 09:30,87.88,87.91,87.535,87.82,30451400
1768401000,2026-01-14 09:30,87.91,88.43,87.89,88.33,39233477
1768487400,2026-01-15 09:30,88.635,88.66,88.31,88.31,37988942
1768573800,2026-01-16 09:30,88.13,88.32,87.71,87.8,46382396
1768919400,2026-01-20 09:30,86.63,87.03,86.5407,86.65,66009536
1769005800,2026-01-21 09:30,86.8,87.48,86.62,87.31,51220133
1769092200,2026-01-22 09:30,87.27,87.755,87.14,87.69,42419291
1769178600,2026-01-23 09:30,87.83,88.0284,87.495,87.93,35968799
1769437800,2026-01-26 09:30,88.395,88.49,88.2,88.35,38882362
1769524200,2026-01-27 09:30,88.11,88.25,87.68,87.8,35180128
1769610600,2026-01-28 09:30,87.505,87.7,87.29,87.6,38750296
1769697000,2026-01-29 09:30,87.15,87.74,87.08,87.62,43854982
1769783400,2026-01-30 09:30,87.375,87.56,87.13,87.13,45832193
1770042600,2026-02-02 09:30,87.02,87.055,86.55,86.55,38171395
1770129000,2026-02-03 09:30,86.485,86.78,86.4284,86.76,27438196
1770215400,2026-02-04 09:30,86.63,86.7775,86.46,86.54,37872880
1770301800,2026-02-05 09:30,86.93,87.48,86.75,87.48,50268911
1770388200,2026-02-06 09:30,87.45,87.54,87.2,87.54,33461764
1770647400,2026-02-09 09:30,87.2,87.58,87.03,87.52,24708880
1770733800,2026-02-10 09:30,88.24,88.53,88.22,88.53,37253715
1770820200,2026-02-11 09:30,88.04,88.475,87.935,88.06,37014010
1770906600,2026-02-12 09:30,88.355,89.28,88.35,89.23,48454859
1770993000,2026-02-13 09:30,89.63,89.81,89.5224,89.72,56785154
1771338600,2026-02-17 09:30,89.93,90.12,89.76,89.87,32356748
1771425000,2026-02-18 09:30,89.685,89.86,89.47,89.53,35415364
1771511400,2026-02-19 09:30,89.4,89.72,89.365,89.62,28658625
1771597800,2026-02-20 09:30,89.7,89.74,88.93,89.41,49610815
1771857000,2026-02-23 09:30,89.55,90,89.53,89.74,33614602
1771943400,2026-02-24 09:30,89.945,90.05,89.76,89.9,24933943
1772029800,2026-02-25 09:30,89.71,90.08,89.71,89.91,23625776
1772116200,2026-02-26 09:30,90.06,90.32,90.05,90.27,29447077
1772202600,2026-02-27 09:30,90.685,90.86,90.55,90.82,51271972
1772461800,2026-03-02 09:30,89.975,89.99,89.355,89.61,55465543
1772548200,2026-03-03 09:30,88.975,89.67,88.935,89.43,51850414
1772634600,2026-03-04 09:30,89.27,89.44,89.095,89.15,47069511
1772721000,2026-03-05 09:30,88.63,88.935,88.51,88.79,45768934
1772807400,2026-03-06 09:30,88.32,88.9399,88.015,88.46,58136911
1773063000,2026-03-09 09:30,88.295,89.315,88.205,89.23,52478733
1773149400,2026-03-10 09:30,88.8,88.95,88.27,88.28,48651546
1773235800,2026-03-11 09:30,87.75,87.81,87.075,87.14,54679852
1773322200,2026-03-12 09:30,86.905,87.245,86.775,86.97,48976970
1773408600,2026-03-13 09:30,86.925,87.145,86.47,86.54,43459981
1773667800,2026-03-16 09:30,87.175,87.34,86.96,87.21,37341484
1773754200,2026-03-17 09:30,87.36,87.57,87.315,87.45,19578066
1773840600,2026-03-18 09:30,87.36,87.48,86.93,86.955,37596578
1773927000,2026-03-19 09:30,87.06,87.725,86.97,87.49,60307437
1774013400,2026-03-20 09:30,86.81,86.86,85.76,85.83,78948515
1774272600,2026-03-23 09:30,86.18,86.72,85.935,86.385,69686651
1774359000,2026-03-24 09:30,85.72,86.29,85.56,86.01,51799399
1774445400,2026-03-25 09:30,86.75,86.88,86.48,86.84,37861005
1774531800,2026-03-26 09:30,86.34,86.61,85.93,86.11,39536966
1774618200,2026-03-27 09:30,85.5,86.1,85.45,85.64,39928851
1774877400,2026-03-30 09:30,86.63,86.95,86.485,86.78,36473153
1774963800,2026-03-31 09:30,86.93,87.16,86.57,86.69,47112153
1775050200,2026-04-01 09:30,86.28,86.705,86.23,86.26,31157621
1775136600,2026-04-02 09:30,86.205,86.85,86.1507,86.79,33310584
1775482200,2026-04-06 09:30,86.5,86.85,86.385,86.65,14660325
1775568600,2026-04-07 09:30,86.52,86.675,85.91,86.64,22747227
1775655000,2026-04-08 09:30,87.36,87.37,86.73,86.92,22244916
1775741400,2026-04-09 09:30,86.69,87.1301,86.3924,86.7,18909082
1775827800,2026-04-10 09:30,86.6,86.68,86.33,86.49,13247732
1776087000,2026-04-13 09:30,86.44,86.8,86.25,86.75,12719726
1776173400,2026-04-14 09:30,86.7,87.24,86.63,87.21,16606917
1776259800,2026-04-15 09:30,87.02,87.07,86.725,86.83,15119636
1776346200,2026-04-16 09:30,86.915,86.97,86.2,86.28,20001034
1776432600,2026-04-17 09:30,87.05,87.21,86.89,87.07,29604128
1776691800,2026-04-20 09:30,87.11,87.125,86.71,87.05,14623480
1776778200,2026-04-21 09:30,86.97,87.092,86.53,86.57,19798692
1776864600,2026-04-22 09:30,87.05,87.155,86.705,86.74,13676816
1776951000,2026-04-23 09:30,86.825,87.04,86.24,86.55,21106665
1777037400,2026-04-24 09:30,86.46,86.82,86.25,86.71,22285741
1777296600,2026-04-27 09:30,86.489,86.62,86.1926,86.28,19250144
1777383000,2026-04-28 09:30,86.12,86.37,85.94,86.37,14553573
1777469400,2026-04-29 09:30,85.985,85.99,85.55,85.7,29020823
1777555800,2026-04-30 09:30,85.885,85.9,85.385,85.62,28516180
1777642200,2026-05-01 09:30,85.5,85.995,85.34,85.61,21280951
1777901400,2026-05-04 09:30,85.35,85.36,84.76,84.96,27226010
1777987800,2026-05-05 09:30,85.145,85.49,85.09,85.43,18226454
1778074200,2026-05-06 09:30,86.049,86.165,85.92,86.08,22530704
1778160600,2026-05-07 09:30,86.28,86.29,85.595,85.65,21178332
1778247000,2026-05-08 09:30,86.06,86.28,85.99,86.08,30797630
1778506200,2026-05-11 09:30,85.88,85.915,85.49,85.56,17713653
1778592600,2026-05-12 09:30,85.19,85.2,84.92,84.99,27680614
1778679000,2026-05-13 09:30,84.94,85.05,84.59,84.8,26295099
1778765400,2026-05-14 09:30,85.26,85.375,84.905,84.92,25247190
1778851800,2026-05-15 09:30,83.87,83.97,83.59,83.66,50795960
1779111000,2026-05-18 09:30,83.7,83.915,83.315,83.56,26166181
1779197400,2026-05-19 09:30,82.96,83.23,82.77,83.02,35346602
1779283800,2026-05-20 09:30,83.06,84,83.04,83.91,44497999
1779370200,2026-05-21 09:30,83.6207,84.2575,83.325,84.22,24887001
1779456600,2026-05-22 09:30,84.605,84.68,84.135,84.68,27987659
1779802200,2026-05-26 09:30,85.335,85.375,84.9,85.1,22531218
1779888600,2026-05-27 09:30,85.25,85.48,85.15,85.3,23589557
1779975000,2026-05-28 09:30,85.36,85.845,85.27,85.74,25417298
1780061400,2026-05-29 09:30,85.81,85.96,85.55,85.76,33118565
1780320600,2026-06-01 09:30,84.93,85.54,84.8,85.47,26322365
1780407000,2026-06-02 09:30,85.8,85.82,85.5,85.65,20319048
1780493400,2026-06-03 09:30,85.285,85.43,85.1,85.31,15371998
1780579800,2026-06-04 09:30,85.605,85.71,85.42,85.5,15866492
1780666200,2026-06-05 09:30,84.99,85.345,84.92,85.06,26461163
1780925400,2026-06-08 09:30,85.23,85.325,84.62,84.62,22922742
1781011800,2026-06-09 09:30,84.97,85.18,84.78,85.12,22617747
1781098200,2026-06-10 09:30,85.12,85.3,84.7,84.88,21258274
1781184600,2026-06-11 09:30,85.17,86.04,85.04,85.98,35190465
1781271000,2026-06-12 09:30,85.64,85.83,85.41,85.77,23100929
1781530200,2026-06-15 09:30,85.96,86.11,85.67,85.72,17632742
1781616600,2026-06-16 09:30,85.96,86.38,85.925,86.19,26472475
1781703000,2026-06-17 09:30,86.33,86.59,85.93,86.33,34507482
1781789400,2026-06-18 09:30,87.07,87.175,86.65,86.75,32350902
1782135000,2026-06-22 09:30,86.3,86.33,85.97,86.09,28595080
1782221400,2026-06-23 09:30,86.12,86.425,86.1,86.2,19145517
1782307800,2026-06-24 09:30,87.15,87.47,87.12,87.38,41836982
1782394200,2026-06-25 09:30,87.58,87.79,87.29,87.35,28392350
1782480600,2026-06-26 09:30,87.01,87.37,87.0001,87.36,21650818
1782739800,2026-06-29 09:30,87.355,87.54,87.3,87.45,19457155
1782826200,2026-06-30 09:30,87.15,87.175,86.375,86.42,31079477
1782912600,2026-07-01 09:30,85.48,85.79,85.425,85.52,28109797
1782999000,2026-07-02 09:30,85.38,85.78,85.37,85.51,20957228
1783344600,2026-07-06 09:30,85.43,85.48,85.18,85.45,17940936
1783431000,2026-07-07 09:30,85.115,85.1677,84.54,84.55,24816434
1783517400,2026-07-08 09:30,84.31,84.45,84.0601,84.36,25806645
1783603800,2026-07-09 09:30,84.28,84.68,84.255,84.49,18625289
1783690200,2026-07-10 09:30,84.505,84.625,84.28,84.47,14454110
1783949400,2026-07-13 09:30,84.185,84.28,83.934,83.97,18742492
1784035800,2026-07-14 09:30,84.18,84.5,84.035,84.08,23793453
1784122200,2026-07-15 09:30,84.08,84.405,84.08,84.24,17837800
1784208600,2026-07-16 09:30,83.84,84.22,83.79,84.21,20817836
1784295000,2026-07-17 09:30,84.62,84.82,84.49,84.52,22065623
1784554200,2026-07-20 09:30,84.31,84.34,83.815,83.89,24289038
1784640600,2026-07-21 09:30,83.735,83.77,83.43,83.66,14287531
1784727000,2026-07-22 09:30,83.605,83.7,83.3801,83.44,15988382
1784813400,2026-07-23 09:30,82.99,83.25,82.96,83.17,29152762
1784899800,2026-07-24 09:30,83.31,83.655,83.225,83.25,15105997
1785159000,2026-07-27 09:30,83.73,83.87,83.52,83.75,23818953
1785245400,2026-07-28 09:30,83.86,84.34,83.845,84.24,25366895
1785331800,2026-07-29 09:30,84.1,84.1513,82.7,82.85,41445198
1785418200,2026-07-30 09:30,82.805,82.9,82.515,82.8,40407332
1785504600,2026-07-31 09:30,82.45,82.45,81.89,82.25,50359783
1785763800,2026-08-03 09:30,82.24,82.35,82.01,82.19,32050804
1785850200,2026-08-04 09:30,82.65,82.84,82.57,82.82,38408581
1785936600,2026-08-05 09:30,82.945,83.15,82.8,83,29465796
1786023000,2026-08-06 09:30,82.77,82.92,82.4,82.52,27566560
1786109400,2026-08-07 09:30,82.795,82.85,82.4801,82.76,96129996
1786368600,2026-08-10 09:30,82.4,82.45,82.03,82.06,36743633
1786455000,2026-08-11 09:30,82.27,82.4568,82.12,82.19,23268515
1786541400,2026-08-12 09:30,82.45,82.475,82.05,82.11,21444552
1786627800,2026-08-13 09:30,82.59,83,82.49,82.59,26921527
1786714200,2026-08-14 09:30,82.23,82.36,81.82,82.04,31374783
1786973400,2026-08-17 09:30,81.77,81.8563,81.31,81.35,31557703
1787059800,2026-08-18 09:30,81.26,81.75,81.17,81.66,25037129
1787146200,2026-08-19 09:30,82.805,83.06,82.61,83.02,51309461
1787232600,2026-08-20 09:30,82.355,82.77,82.15,82.34,39569868
1787319000,2026-08-21 09:30,82.17,82.27,81.9,82.05,24269092
1787578200,2026-08-24 09:30,82.49,82.88,82.45,82.56,29038464
1787664600,2026-08-25 09:30,83.105,83.48,82.97,83.47,35015083
1787751000,2026-08-26 09:30,83.27,83.3,83.07,83.3,20658791
1787837400,2026-08-27 09:30,83.2,83.35,83,83.13,17361883
1787923800,2026-08-28 09:30,83.04,83.5987,82.7801,82.88,35809817
1788183000,2026-08-31 09:30,82.47,82.53,82.145,82.52,37317413
1788269400,2026-09-01 09:30,81.89,82.35,81.78,81.87,25623870
1788355800,2026-09-02 09:30,81.975,82.0476,81.745,81.95,21454291
1788442200,2026-09-03 09:30,82.36,82.43,82.06,82.07,18042011
1788528600,2026-09-04 09:30,82.29,82.5,82.18,82.21,16591945
1788874200,2026-09-08 09:30,82.44,82.4599,81.93,82.2,16100026
1788960600,2026-09-09 09:30,82.19,82.31,81.36,81.73,40675417
1789047000,2026-09-10 09:30,80.995,81.36,80.665,80.78,60481495
1789133400,2026-09-11 09:30,81.3,81.475,80.81,80.87,32431033
1789392600,2026-09-14 09:30,80.82,81.355,80.46,80.93,33740073
1789479000,2026-09-15 09:30,80.63,80.845,80.51,80.71,35032953
1789565400,2026-09-16 09:30,80.94,81.56,80.86,80.88,56481674
1789651800,2026-09-17 09:30,81.54,81.79,81.42,81.78,41622639
1789738200,2026-09-18 09:30,81.465,81.47,81.0901,81.25,41105044
1789997400,2026-09-21 09:30,81.715,81.82,81.54,81.8,26981665
1790083800,2026-09-22 09:30,81.89,81.935,81.54,81.75,22769330
1790170200,2026-09-23 09:30,81.48,81.505,80.225,80.46,53502358
1790256600,2026-09-24 09:30,80.35,80.55,79.42,79.42,59160591
1790343000,2026-09-25 09:30,79.37,79.46,78.83,79.32,62576655
1790602200,2026-09-28 09:30,78.65,78.87,78.2698,78.62,63463430
1790688600,2026-09-29 09:30,78.518,78.52,77.84,78.23,76018385
1790775000,2026-09-30 09:30,78.16,78.21,77.55,77.78,73132610
1790861400,2026-10-01 09:30,76.942,78.05,76.76,77.71,83642575
1790947800,2026-10-02 09:30,77.935,78.32,77.28,77.48,61407955
1791207000,2026-10-05 09:30,77.16,77.26,76.685,77.11,49106745
1791293400,2026-10-06 09:30,77.17,77.58,77.07,77.28,31085912
